# disorder phi evs ...
0	-0.31416	-0.48211	0.48218	0.62844	-0.62873	0.63427	-0.6343	-0.7035	0.70426	-0.74149	0.74193	-0.76705	0.76723	0.76768	-0.76776	0.7887	-0.78875	-0.80251	0.80255	-0.81675	0.81689	0.83057	-0.8307	0.83079	-0.83092	0.83151	-0.83154	0.83892	-0.83947	0.84376	-0.8441	0.84509	-0.84541	-0.84646	0.8466	-0.84693	0.84765	0.85551	-0.85556	-0.85674	0.85711	-0.85853	0.85878	-0.85981	0.85998	-0.86052	-0.86078	0.86092	0.8613	-0.8615	0.86196	-0.8652	0.86538	-0.86814	0.86847	0.86958	-0.86962	0.87251	-0.87275	0.87281	-0.87335	-0.8737	0.87457	0.87572	-0.87586	0.88346	-0.88385	-0.88425	0.88463	0.88876	-0.88901	0.88938	-0.88945	0.89052	-0.89076	-0.89425	0.89452	-0.89606	0.89625	0.89838	-0.89854	-0.90699	0.90708	0.91101	-0.91135	0.91702	-0.91714	0.92276	-0.92343	0.92425	-0.92434	0.92861	-0.92879	-0.93677	0.93706	0.94957	-0.94966	0.957	-0.95713	0.96441	-0.9646	-0.98782	0.98832	-0.9971	0.99729	-1.0061	1.0062	-1.0133	1.0154	1.0225	-1.0236	-1.0253	1.0253	-1.0302	1.0305	-1.0332	1.0339	-1.0453	1.0457	1.057	-1.0572	-1.0578	1.0584	1.0617	-1.062	1.0658	-1.066	1.0682	-1.069	1.0723	-1.0731	-1.0741	1.0749	-1.0754	1.0756	1.0762	-1.0763	-1.0821	1.0823	-1.0841	1.0847	1.0866	-1.0871	-1.0971	1.0976	1.0984	-1.0985	1.1044	-1.1047	1.1064	-1.1067	1.11	-1.1102	-1.1249	1.1252	1.1317	-1.1321	-1.1432	1.1433	1.1512	-1.1519	1.154	-1.1545	-1.1563	1.1567	-1.1613	1.1615	-1.1798	1.1802	1.1804	-1.1804	-1.1825	1.1826	-1.1902	1.191	1.1973	-1.1974	-1.1995	1.2	1.2107	-1.2111	1.2119	-1.2124	-1.2199	1.2203	1.2231	1.2238	-1.2239	-1.2241	1.2252	-1.2257	1.2282	-1.2284	-1.2419	1.2425	-1.2532	1.2533	-1.2563	1.2564	1.2601	-1.2602	1.2719	-1.2719	-1.2767	1.2773	1.2796	-1.2797	1.2868	-1.2876	-1.3003	1.3009	-1.3271	1.3285	-1.3428	1.3428	-1.3467	1.3468	-1.3475	1.3485	-1.3509	1.351	1.3517	-1.3518	1.3581	-1.3587	-1.3595	1.3596	-1.3746	1.3746	1.3799	-1.3802	1.3873	-1.3878	-1.3956	1.3967	1.4097	-1.4097	-1.4127	1.413	-1.4216	1.4219	-1.4227	1.4229	-1.4356	1.436	1.4519	-1.452	-1.4527	1.453	1.4847	-1.4855	1.4862	-1.4863	1.4887	-1.4901	-1.4909	1.4918	-1.4924	1.4936	1.4954	-1.4957	1.4967	-1.4971	-1.5138	1.5142	-1.5167	1.5168	1.5194	-1.5195	1.521	-1.5217	-1.523	1.5239	-1.5285	1.5285	-1.533	1.5343	1.5358	-1.5364	-1.5369	1.5377	-1.5382	1.5383	-1.5462	1.5473	-1.5585	1.5587	-1.5648	1.5649	-1.5706	1.5709	-1.5713	1.5714	1.5718	-1.5719	-1.5743	1.5751	-1.5881	1.5882	-1.589	1.5895	1.6101	-1.6103	-1.6121	1.6125	-1.6258	1.6263	-1.6287	1.6297	1.6339	-1.6339	1.6356	-1.6357	1.6554	-1.6557	1.6623	-1.6626	-1.6673	1.668	1.678	-1.6787	1.6878	-1.6887	-1.7008	1.7012	1.71	-1.7107	1.7118	-1.712	-1.7151	1.7156	-1.7177	1.7178	1.7192	-1.7194	1.7225	-1.7226	-1.7284	1.7291	1.7436	-1.7436	1.746	-1.7465	-1.7541	1.7541	-1.7579	1.7584	-1.768	1.7685	1.7833	-1.7841	1.7896	-1.7896	1.7914	-1.792	1.7924	-1.7929	-1.8111	1.8114	1.8145	-1.8147	-1.8151	1.8152	1.8256	-1.8256	1.8266	-1.8267	1.8308	-1.8314	1.8423	-1.8427	1.8452	-1.8452	1.846	-1.8475	1.8544	-1.8544	-1.8644	1.8652	1.8738	-1.874	-1.8749	1.875	1.8846	-1.8856	1.8935	-1.8948	1.9025	-1.9027	1.904	-1.905	1.9055	-1.9056	-1.9064	1.9079	-1.9186	1.9188	-1.9359	1.936	-1.941	1.9422	
0	-0.25133	0.48957	-0.49017	-0.62175	0.62192	-0.64627	0.64646	0.7175	-0.71752	0.75418	-0.75489	0.75661	-0.75663	0.78	-0.78076	0.80178	-0.80182	0.81439	-0.8145	0.81936	-0.81937	0.82927	-0.82951	0.84147	-0.8417	0.84334	-0.84417	0.84865	-0.84887	0.85228	-0.85267	-0.85285	0.853	0.85569	-0.85592	0.85811	-0.8582	-0.86219	0.86244	0.86411	-0.8642	0.86462	-0.86486	0.86508	-0.86521	-0.86624	0.86647	-0.86681	0.867	-0.86823	0.86855	-0.87163	0.87166	-0.87278	0.87331	-0.87476	0.87508	-0.87589	0.87616	0.87975	-0.88013	0.88033	-0.88042	-0.88062	0.88086	-0.89492	0.89505	0.89664	-0.89687	-0.897	0.89706	0.89784	-0.89787	-0.89937	0.90001	0.90069	-0.90074	0.90249	-0.90287	-0.90598	0.90635	-0.912	0.91208	0.91874	-0.91878	-0.92288	0.92298	0.93037	-0.93051	0.93455	-0.9346	0.93637	-0.93663	0.9404	-0.94085	0.94766	-0.9479	0.94981	-0.94995	0.95496	-0.95551	-0.97921	0.97928	0.98932	-0.98993	0.99771	-0.99773	-1.0041	1.0043	-1.0204	1.0206	-1.0232	1.0232	1.0253	-1.0253	-1.028	1.0281	1.0375	-1.0375	1.0478	-1.0482	-1.0501	1.0502	-1.062	1.062	1.0636	-1.0638	-1.064	1.0644	1.0659	-1.066	-1.0664	1.0664	-1.0686	1.0686	-1.0708	1.071	-1.0722	1.0726	1.0801	-1.0803	-1.0846	1.0847	-1.0904	1.0907	-1.0974	1.0979	1.1052	-1.1052	1.1066	-1.1069	1.1095	-1.1096	-1.1205	1.1207	-1.1323	1.1324	-1.1383	1.1385	-1.1473	1.1476	1.1502	-1.1508	-1.1564	1.1566	-1.1577	1.1578	1.1763	-1.1763	-1.1784	1.1785	-1.1802	1.1807	-1.1905	1.1907	-1.1937	1.1943	1.1962	-1.1965	-1.2109	1.2111	1.2116	-1.2118	1.2169	-1.217	-1.2207	1.2209	-1.2221	1.2223	1.2249	-1.225	1.2284	-1.2285	-1.2389	1.2391	-1.2505	1.251	-1.256	1.2561	-1.2573	1.2579	-1.2721	1.2735	-1.2777	1.2778	1.2788	-1.279	1.2873	-1.2879	-1.3006	1.3007	-1.3269	1.3271	1.3433	-1.3436	1.3472	-1.3473	-1.3479	1.348	-1.3509	1.3513	1.352	-1.3528	1.3586	-1.3588	-1.3594	1.3596	-1.3745	1.3751	-1.3783	1.3786	1.3867	-1.3868	1.396	-1.3963	1.4099	-1.4102	-1.413	1.4138	1.4207	-1.4212	-1.4229	1.423	-1.4359	1.4363	-1.4523	1.4525	1.4532	-1.4537	1.486	-1.4864	-1.4867	1.4868	-1.4896	1.4901	-1.4905	1.4905	-1.4931	1.4933	1.4961	-1.4961	1.4964	-1.4967	1.514	-1.5144	1.5171	-1.5171	1.5193	-1.5196	1.523	-1.5231	-1.5237	1.5242	-1.529	1.529	-1.5342	1.5343	1.536	-1.5364	-1.5377	1.5377	-1.5383	1.5388	1.5456	-1.5469	1.5584	-1.5584	1.5642	-1.5643	1.5704	-1.5709	-1.5711	1.5714	1.572	-1.5724	-1.5761	1.5761	-1.586	1.5874	1.5886	-1.5889	-1.6098	1.6102	-1.6125	1.6127	1.6241	-1.6247	1.6295	-1.6297	1.6342	-1.6342	-1.6363	1.6367	-1.6559	1.6562	1.6633	-1.6637	1.6653	-1.6655	1.6789	-1.679	-1.689	1.6895	-1.7013	1.7013	1.7094	-1.7096	1.7109	-1.7109	-1.7157	1.7161	-1.7174	1.7182	-1.7197	1.7197	1.7215	-1.7218	-1.7296	1.73	1.7423	-1.7431	-1.7455	1.7456	-1.7541	1.7545	1.7597	-1.7601	-1.7679	1.7682	-1.7824	1.7825	-1.7899	1.7902	-1.7915	-1.7919	1.7921	1.7924	1.8108	-1.8115	-1.8143	1.8144	-1.8151	1.8152	1.8253	-1.8253	-1.8264	1.8268	-1.8304	1.8305	-1.8411	1.8414	-1.8445	1.8456	-1.8463	1.8472	-1.8542	1.8561	-1.8639	1.8645	-1.8728	1.8729	-1.8742	1.8743	-1.8849	1.8857	1.8929	-1.894	1.9031	-1.9035	1.904	-1.9044	-1.9047	1.9048	-1.9058	1.906	-1.9183	1.9187	-1.9371	1.9373	-1.943	1.9431	
0	-0.1885	-0.49601	0.49603	-0.61578	0.61605	-0.65748	0.65763	-0.73082	0.73089	-0.74623	0.74648	-0.7672	0.76724	0.79215	-0.79217	0.80738	-0.80743	0.81347	-0.81359	0.82523	-0.82529	-0.84027	0.84032	0.85099	-0.85114	-0.85419	0.85431	-0.85587	0.85589	-0.857	0.85712	-0.85879	0.85885	-0.85982	0.85982	0.86256	-0.86263	-0.86823	0.86823	-0.8692	0.86933	-0.86996	0.87002	-0.8701	0.87025	0.87148	-0.87157	0.87172	-0.87181	-0.87345	0.87353	-0.87661	0.87668	-0.88004	0.88012	-0.88129	0.88136	-0.88356	0.8837	-0.88593	0.88599	0.88614	-0.88621	-0.88631	0.88632	-0.88716	0.88722	-0.90357	0.90359	-0.90466	0.90475	-0.90906	0.90906	0.9092	-0.90921	0.90929	-0.90935	0.90945	-0.90947	-0.91039	0.9105	-0.91441	0.91441	-0.92454	0.92455	0.93232	-0.93243	0.93295	-0.93301	-0.93911	0.93943	-0.94262	0.94263	0.94391	-0.944	-0.94597	0.94613	0.94791	-0.94796	0.96218	-0.96229	-0.97112	0.97128	-0.98313	0.98316	-0.98972	0.98984	-0.99405	0.9941	-1.0105	1.0106	1.0223	-1.0224	1.0232	-1.0232	1.0253	-1.0254	-1.0303	1.0304	1.0386	-1.0388	1.0436	-1.0436	-1.0552	1.0553	-1.0589	1.059	1.0595	-1.0595	1.0621	-1.0623	-1.0628	1.0628	-1.0631	1.0632	-1.066	1.066	1.0667	-1.0668	-1.0745	1.0746	1.0838	-1.084	1.0847	-1.0848	1.0974	-1.0974	1.1056	-1.1056	1.1067	-1.1069	1.109	-1.109	-1.117	1.1171	1.1323	-1.1324	1.1347	-1.1347	-1.1437	1.1438	-1.1468	1.1471	1.1542	-1.1543	1.1565	-1.1566	-1.1735	1.1739	-1.1752	1.1754	1.1804	-1.1805	-1.1907	1.1908	-1.191	1.1911	-1.1936	1.1939	-1.2109	1.211	1.2112	-1.2113	-1.2143	1.2144	-1.2183	1.2186	-1.2195	1.2196	1.2249	-1.225	-1.2285	1.2285	1.2366	-1.2366	1.2483	-1.2484	1.2549	-1.2551	1.2564	-1.2565	-1.2726	1.2726	-1.2779	1.278	1.2782	-1.2783	-1.2878	1.2878	1.3006	-1.3007	-1.3273	1.3275	-1.3435	1.3437	-1.3469	1.347	1.3477	-1.3478	-1.3518	1.3518	-1.3519	1.352	1.3586	-1.3587	1.3593	-1.3594	1.3748	-1.3749	-1.3777	1.3778	1.3858	-1.386	-1.3963	1.3963	-1.4104	1.4106	-1.4136	1.4137	1.4207	-1.4208	1.4231	-1.4233	-1.4362	1.4364	-1.4526	1.4527	1.4533	-1.4533	1.4862	-1.4862	-1.487	1.487	-1.4893	1.4893	-1.4903	1.4904	1.4932	-1.4934	-1.4963	1.4966	-1.4969	1.4971	1.5143	-1.5144	-1.5173	1.5173	1.5191	-1.5191	-1.5236	1.524	-1.5247	1.5249	-1.5288	1.5289	-1.5342	1.5342	1.536	-1.5361	-1.5376	1.5376	1.5387	-1.5388	1.5474	-1.5476	-1.5592	1.5593	-1.5632	1.5632	-1.5708	1.5709	1.571	-1.5712	-1.5716	1.5718	-1.5768	1.5769	-1.585	1.5853	-1.589	1.5892	1.6103	-1.6103	-1.6128	1.6131	-1.6239	1.624	-1.6297	1.6299	-1.6344	1.6346	1.6366	-1.6367	-1.6566	1.6568	1.663	-1.6632	1.664	-1.6642	1.6789	-1.679	1.6896	-1.6899	-1.701	1.7012	-1.7091	1.7093	-1.71	1.7102	1.7165	-1.7166	-1.718	1.718	-1.72	1.72	1.7209	-1.7212	-1.7304	1.7307	-1.7423	1.7424	-1.7449	1.745	-1.7539	1.7542	1.7611	-1.7612	1.7684	-1.7684	-1.7812	1.7817	-1.7901	1.7902	-1.7912	1.7916	1.792	-1.792	-1.8111	1.8118	1.8139	-1.8141	-1.8153	1.8153	1.8258	-1.8259	-1.8264	1.8265	-1.8295	1.8298	1.84	-1.8404	-1.844	1.8442	-1.8458	1.846	1.855	-1.8552	-1.8647	1.8648	1.8716	-1.8716	-1.8742	1.8742	-1.8853	1.8855	-1.8942	1.8944	-1.9034	1.9036	-1.9044	-1.9046	1.9046	1.9049	1.905	-1.9051	-1.9179	1.9179	1.9374	-1.9375	-1.9428	1.9432	
0	-0.12566	0.50096	-0.50097	-0.61111	0.61124	-0.66741	0.66764	-0.73693	0.73725	-0.74405	0.74406	0.77841	-0.7785	-0.79521	0.79526	0.80247	-0.80249	0.82362	-0.82364	-0.83401	0.83425	0.84417	-0.84419	0.84966	-0.84973	-0.85814	0.85827	-0.86296	0.86312	0.8632	-0.86326	-0.86507	0.86511	-0.86626	0.86643	-0.86757	0.8676	0.8721	-0.87225	0.87367	-0.87374	-0.87433	0.8744	0.8752	-0.87527	-0.87536	0.87539	0.87746	-0.87751	0.8783	-0.8783	-0.87834	0.87853	0.88036	-0.88036	0.88393	-0.884	0.88511	-0.88523	0.89005	-0.89018	-0.89033	0.89034	-0.8904	0.89066	-0.89247	0.89255	-0.90077	0.90084	-0.90817	0.90851	0.91231	-0.91231	0.91411	-0.91424	-0.91562	0.91576	-0.91645	0.91656	-0.92071	0.92071	-0.92209	0.9221	0.92509	-0.92524	-0.93139	0.93146	0.93581	-0.93586	-0.93743	0.93744	-0.94091	0.94092	0.95124	-0.95133	-0.95292	0.95294	-0.95728	0.95751	-0.96393	0.96409	-0.97239	0.9724	-0.97777	0.97781	-0.98282	0.9829	0.9843	-0.9844	1.0011	-1.0012	1.0181	-1.0182	-1.0232	1.0232	-1.0243	1.0246	-1.0253	1.0254	1.03	-1.0302	1.038	-1.0382	-1.0477	1.0477	-1.0529	1.0529	-1.0544	1.0544	-1.0559	1.056	-1.0584	1.0585	-1.0622	1.0624	-1.0633	1.0634	1.0659	-1.066	-1.0701	1.0702	-1.0784	1.0785	-1.0847	1.0848	1.0975	-1.0976	1.1061	-1.1061	-1.1068	1.1069	-1.1084	1.1085	-1.1144	1.1145	1.1315	-1.1316	-1.1324	1.1324	1.1408	-1.141	1.1445	-1.1445	-1.1518	1.1519	-1.1566	1.1567	-1.1713	1.1716	1.1731	-1.1731	-1.1805	1.1806	-1.1887	1.1889	1.1907	-1.1907	-1.1918	1.1918	1.2109	-1.2109	-1.211	1.211	-1.2124	1.2126	-1.2165	1.2165	-1.2177	1.2178	-1.2249	1.2251	1.2283	-1.2283	1.2345	-1.2349	-1.2464	1.2468	-1.2533	1.2533	1.2564	-1.2565	1.2726	-1.2727	-1.2777	1.2777	1.278	-1.2782	1.2878	-1.288	1.3008	-1.3009	-1.3274	1.3275	1.3435	-1.3436	-1.3463	1.3464	-1.3478	1.3478	1.3519	-1.3519	-1.3519	1.352	1.3586	-1.3587	1.359	-1.3591	-1.3749	1.375	1.3772	-1.3773	-1.3853	1.3855	1.3963	-1.3964	-1.4104	1.4104	-1.4139	1.414	-1.42	1.4201	-1.4231	1.4232	-1.4362	1.4364	1.4525	-1.4525	1.4533	-1.4535	1.4862	-1.4863	-1.4867	1.487	-1.4887	1.4887	-1.4903	1.4904	-1.4932	1.4933	1.4965	-1.4965	-1.4969	1.4969	-1.5144	1.5146	-1.517	1.5172	-1.5184	1.5186	-1.5238	1.5238	-1.5254	1.5255	1.5291	-1.5291	1.5342	-1.5342	1.5359	-1.5361	-1.5376	1.5376	1.5387	-1.5389	1.5473	-1.5474	-1.5594	1.5595	1.5627	-1.5628	-1.5706	1.5707	-1.571	1.5711	1.5718	-1.572	-1.5778	1.5779	-1.5837	1.584	1.5888	-1.5892	1.6102	-1.6104	1.6131	-1.6132	-1.6233	1.6235	1.6297	-1.6299	-1.6342	1.6345	-1.6368	1.6369	1.6575	-1.6575	1.6626	-1.6628	1.6631	-1.6634	1.6786	-1.6789	1.6902	-1.6904	-1.7009	1.701	-1.7087	1.7089	1.7095	-1.7097	1.7167	-1.7167	1.718	-1.7182	1.7199	-1.7201	1.7205	-1.7206	1.731	-1.7312	-1.7416	1.7418	1.7442	-1.7444	1.754	-1.7544	-1.7617	1.7619	-1.7681	1.7682	1.7807	-1.7809	-1.7901	1.7902	-1.7908	1.7909	1.7919	-1.7922	1.8116	-1.8118	1.8137	-1.8138	1.8151	-1.8153	1.8258	-1.8259	1.8265	-1.8265	-1.8288	1.829	1.8391	-1.8392	1.8433	-1.8437	-1.8455	1.8455	1.8551	-1.8553	-1.8644	1.8646	-1.8705	1.8707	1.8745	-1.8747	1.8852	-1.8853	1.8942	-1.8943	-1.9029	1.9031	1.9042	-1.9043	-1.9045	1.9046	-1.905	1.9053	-1.9177	1.9179	1.9373	-1.9376	-1.943	1.9433	
0	-0.062832	-0.50383	0.50389	0.60712	-0.60733	0.67494	-0.67534	-0.72836	0.72923	-0.7564	0.75649	-0.78239	0.78254	0.78642	-0.78813	-0.80983	0.81053	-0.83065	0.83082	0.83561	-0.83609	0.83965	-0.83994	-0.85573	0.85574	0.86221	-0.86243	0.86417	-0.86538	0.8666	-0.867	-0.8678	0.86811	-0.86956	0.86997	0.87086	-0.87119	0.87353	-0.8737	-0.87462	0.87481	0.87524	-0.87571	0.87602	-0.87656	0.87686	-0.87711	-0.87767	0.87811	-0.87911	0.8796	0.8816	-0.88264	-0.88412	0.885	-0.88528	0.88561	-0.88727	0.88748	0.8914	-0.89191	0.89245	-0.89273	0.89303	-0.89319	0.89403	-0.89422	0.89794	-0.8993	0.90893	-0.91059	0.91562	-0.91615	-0.91693	0.91789	0.91897	-0.9197	0.92003	-0.92012	0.92065	-0.92162	0.92385	-0.92438	0.92551	-0.92573	0.92959	-0.92962	0.93106	-0.93179	-0.94391	0.94439	-0.94554	0.94583	-0.95566	0.9558	-0.95826	0.95884	-0.96037	0.96042	-0.96296	0.96425	-0.97345	0.97428	0.9754	-0.97561	0.97742	-0.97796	-0.97922	0.98083	0.99227	-0.99361	1.0147	-1.0152	-1.02	1.0206	1.022	-1.0225	1.0231	-1.0233	1.0244	-1.0256	1.0331	-1.0345	1.0416	-1.0419	1.0468	-1.0471	-1.0482	1.0497	-1.053	1.0538	1.0555	-1.0557	1.0601	-1.0611	-1.062	1.0622	1.0654	-1.0656	1.0671	-1.0673	-1.0744	1.0751	-1.0834	1.0846	-1.0965	1.0976	1.1055	-1.1058	1.1061	-1.1068	1.1077	-1.1082	1.1123	-1.1126	1.1287	-1.1297	1.1319	-1.1321	1.1384	-1.1389	1.1427	-1.1431	-1.1503	1.1505	1.1555	-1.156	1.1693	-1.1697	1.1706	-1.1717	1.1799	-1.18	1.1866	-1.1879	1.1888	1.19	-1.1907	-1.1914	1.2078	1.2104	-1.2105	-1.2108	1.2115	-1.2118	-1.2151	1.2153	-1.2162	1.2175	-1.2238	1.224	-1.2273	1.2281	-1.2333	1.2335	-1.2446	1.2447	-1.2517	1.2521	-1.2557	1.2565	1.2705	-1.2716	1.2756	-1.2771	-1.2775	1.278	1.2864	-1.2881	1.3001	-1.3007	-1.3253	1.3264	1.3418	-1.3425	1.3448	-1.3449	-1.3472	1.3479	1.3499	-1.3509	-1.3518	1.3521	1.3558	-1.358	-1.3589	1.3589	1.3731	-1.3738	1.376	-1.3761	1.3827	-1.3845	-1.3955	1.3967	-1.4079	1.4105	-1.4134	1.4145	-1.4185	1.419	-1.4226	1.4226	-1.4339	1.437	1.4513	-1.4519	1.4532	-1.4535	1.4827	-1.4841	1.4851	-1.4862	1.4875	-1.4876	-1.4898	1.4906	1.4923	-1.4926	-1.4945	1.4955	-1.4963	1.4975	1.5117	-1.5144	-1.5159	1.5166	1.5179	-1.5182	-1.5222	1.5223	-1.5254	1.5257	-1.5277	1.5279	-1.533	1.5344	-1.5345	1.5358	-1.5367	1.5377	-1.5383	1.5384	-1.5468	1.5483	-1.5565	1.5584	1.5617	-1.5632	1.5691	-1.5691	-1.5705	1.5706	1.5709	-1.5709	-1.5765	1.5774	-1.5816	1.5835	-1.5886	1.5893	-1.6085	1.6087	1.6118	-1.6126	1.6212	-1.6228	-1.6286	1.6301	-1.6324	1.6326	1.6351	-1.6372	1.6561	-1.658	-1.6601	1.6602	-1.6624	1.6665	1.6766	-1.6782	1.6896	-1.6904	-1.6996	1.6997	-1.7061	1.7062	1.7082	-1.7089	-1.7139	1.7141	-1.7175	1.7189	-1.7196	1.7204	1.7214	-1.722	1.7308	-1.7311	1.7397	-1.74	1.7407	-1.7431	1.753	-1.7531	-1.7615	1.7627	1.7682	-1.7686	-1.7772	1.7781	-1.7887	1.7893	1.7898	-1.7905	1.791	-1.7912	-1.8079	1.8098	1.812	-1.8122	1.8143	-1.8145	-1.8231	1.8246	-1.8255	1.827	-1.8279	1.8301	-1.8358	1.8367	-1.8421	1.8422	1.8449	-1.8451	1.8535	-1.8544	1.8625	-1.8639	-1.8695	1.8695	1.8701	-1.8739	-1.8819	1.8841	-1.8908	1.8915	-1.9012	1.9014	-1.902	1.9023	-1.9032	1.9036	-1.904	1.9062	1.9136	-1.9154	1.9356	-1.9365	-1.9395	1.94	
0	2.7756e-17	0.50511	-0.50515	-0.60702	0.60723	-0.67804	0.67819	0.72681	-0.72692	-0.76812	0.76827	-0.77194	0.77204	-0.79101	0.79115	-0.81268	0.81276	-0.83226	0.83231	-0.83374	0.83392	-0.84235	0.84246	-0.85882	0.85886	0.86446	-0.8645	0.8668	-0.86682	-0.86809	0.86811	-0.869	0.86902	-0.86934	0.86937	-0.87175	0.87177	0.87537	-0.87544	-0.8766	0.87676	-0.87714	0.87726	0.87769	-0.87781	0.87813	-0.87817	0.87818	-0.87832	-0.88052	0.88053	0.88329	-0.88331	-0.88684	0.88691	-0.88696	0.88703	-0.88821	0.88827	-0.89173	0.89175	0.89337	-0.89343	0.89355	-0.89363	-0.89395	0.89409	-0.90064	0.9007	-0.91204	0.91207	-0.91807	0.91812	-0.91815	0.91835	-0.91919	0.91926	-0.92109	0.92123	-0.92268	0.92268	-0.92378	0.92385	-0.92594	0.92614	-0.92777	0.92783	-0.93512	0.93538	-0.94791	0.94791	-0.9484	0.94865	-0.95682	0.95695	0.95762	-0.95785	-0.96349	0.96353	-0.96617	0.96624	-0.97248	0.97261	-0.97271	0.97306	-0.97603	0.97611	0.98255	-0.98258	-0.99003	0.99031	-1.0144	1.0145	1.019	-1.019	-1.0211	1.0212	1.0232	-1.0233	-1.0254	1.0254	-1.0332	1.0332	-1.0404	1.0406	-1.0458	1.0458	1.0474	-1.0476	1.0529	-1.053	1.0546	-1.0546	-1.0606	1.0606	-1.0623	1.0623	1.0658	-1.0659	-1.0662	1.0662	1.0737	-1.0738	1.0848	-1.0848	-1.0974	1.0975	-1.1063	1.1065	-1.1068	1.1069	-1.1078	1.1079	-1.1124	1.1124	-1.129	1.1293	-1.1323	1.1324	1.1383	-1.1384	1.1425	-1.1426	1.1495	-1.1496	-1.1564	1.1567	-1.1694	1.1697	1.171	-1.171	1.1805	-1.1806	-1.1867	1.1871	-1.1899	1.19	-1.1908	1.1909	-1.2104	-1.2106	1.2106	1.2108	1.211	-1.2113	1.2147	-1.2149	-1.2161	1.2161	1.2249	-1.2249	1.2281	-1.2282	-1.2331	1.2333	1.2451	-1.2453	-1.2517	1.2518	-1.2565	1.2566	1.2725	-1.2726	-1.2773	1.2774	-1.278	1.2781	-1.2877	1.2878	-1.3007	1.3007	-1.3273	1.3275	-1.3436	1.3437	1.3456	-1.3459	-1.3476	1.3479	1.3518	-1.3519	-1.3521	1.3522	1.3586	-1.3587	1.3588	-1.359	1.375	-1.3751	1.3767	-1.3768	1.3852	-1.3853	-1.3964	1.3965	-1.4104	1.4106	1.4141	-1.4143	1.4197	-1.4199	-1.4232	1.4234	-1.436	1.4365	1.4526	-1.4526	-1.4534	1.4535	-1.4862	1.4863	-1.4869	1.4869	-1.488	1.4882	-1.4903	1.4907	-1.4933	1.4934	1.4965	-1.4966	-1.4968	1.4969	-1.5145	1.5146	-1.5172	1.5175	1.5181	-1.5181	-1.5237	1.5238	-1.5262	1.5262	1.5288	-1.5292	-1.5343	1.5347	-1.536	1.5361	-1.5377	1.5377	-1.539	1.5394	-1.5474	1.5475	1.5593	-1.5595	-1.562	1.5624	-1.5703	1.5705	-1.5712	1.5712	1.5719	-1.5719	-1.5782	1.5782	1.5827	-1.5828	-1.5889	1.5889	-1.6104	1.6105	1.6123	-1.6129	-1.6232	1.6232	-1.6295	1.6299	1.6341	-1.6346	-1.6368	1.6371	1.6575	-1.6576	1.662	-1.6621	-1.6635	1.6638	-1.6787	1.679	1.6904	-1.6906	-1.7007	1.7007	1.7082	-1.7083	-1.7089	1.7091	1.717	-1.7172	-1.7179	1.7181	-1.7199	1.7201	-1.7203	1.7204	-1.7316	1.7317	-1.7411	1.7411	-1.7438	1.7439	-1.7539	1.7539	-1.7622	1.7625	1.7683	-1.7684	-1.7798	1.78	1.7899	-1.7901	1.7905	-1.7907	-1.7919	1.7921	-1.8115	1.8117	-1.8136	1.8138	-1.8152	1.8152	-1.8257	1.826	1.8261	-1.8263	-1.8283	1.8284	-1.8388	1.8391	-1.8432	1.8432	1.8449	-1.8452	-1.8555	1.8555	1.8643	-1.8645	-1.8696	1.87	-1.8749	1.8749	-1.8852	1.8853	-1.8943	1.8945	1.9031	-1.9031	1.9035	-1.9035	1.9042	-1.9042	-1.9049	1.9054	-1.9177	1.9181	-1.9369	1.9373	-1.943	-1.943	
0	0.062832	0.50383	-0.50397	-0.60772	0.60793	0.67382	-0.67488	-0.72887	0.729	0.75545	-0.75647	-0.78169	0.78191	-0.78724	0.7873	-0.80955	0.80971	0.82999	-0.83079	-0.83555	0.83576	0.83963	-0.83991	0.85552	-0.85605	-0.86224	0.86286	0.8651	-0.86529	0.86592	-0.86655	-0.86736	0.86831	0.86938	-0.87002	0.87107	-0.87156	0.87301	-0.8733	0.87406	-0.87448	0.87478	-0.87579	0.87623	0.87663	-0.87684	-0.87746	-0.87824	0.87857	0.87908	-0.87963	0.88118	-0.88293	-0.88442	-0.88487	0.88551	0.88583	0.88681	-0.88794	0.89148	-0.8915	-0.89229	0.89294	-0.89297	0.89343	-0.89388	0.89476	0.89705	-0.89875	0.90942	-0.91074	0.91649	-0.91654	0.91678	-0.91686	0.91913	-0.91945	0.91996	-0.92015	0.92067	-0.9215	0.9242	-0.92505	0.92559	-0.92584	0.92916	-0.92989	0.93082	-0.93106	-0.94451	0.94484	-0.94603	0.94606	0.95489	-0.95497	0.95737	-0.95789	-0.96007	0.96073	0.96298	-0.96343	0.9723	-0.97334	-0.97502	0.97607	-0.97765	0.9779	-0.97954	0.97961	0.99189	-0.99278	1.0145	-1.0151	1.02	-1.0201	1.0223	-1.0226	-1.0232	1.024	1.0251	-1.0255	1.0333	-1.0339	1.0414	-1.0422	-1.0469	1.0472	1.0483	-1.0487	1.0534	-1.0537	-1.0555	1.0556	1.0605	-1.0607	-1.0616	1.0624	-1.0652	1.0654	1.0668	-1.0676	1.074	-1.0748	-1.0844	1.0849	1.0964	-1.0968	-1.1057	1.1058	1.1068	-1.1069	1.1075	-1.1076	-1.1127	1.1137	-1.1295	1.1298	-1.1318	1.1324	-1.1384	1.1389	1.1416	-1.1431	-1.1484	1.1497	1.1554	-1.1565	-1.1684	1.1699	-1.1712	1.1725	-1.179	1.1792	1.1866	-1.1873	1.1899	-1.1902	-1.1911	1.1911	1.2085	-1.2098	1.2098	-1.2103	1.2107	-1.211	-1.2144	1.2148	-1.2158	1.2165	-1.2238	1.225	-1.2272	1.2297	1.2317	-1.2331	1.2439	-1.2447	-1.2512	1.2518	-1.2551	1.2555	-1.272	1.273	1.2768	-1.2769	-1.2776	1.2787	1.2859	-1.2874	-1.2992	1.3	1.3264	-1.3266	1.3421	-1.3435	1.3437	-1.3448	-1.347	1.3472	-1.3496	1.3509	-1.3511	1.3529	-1.3575	1.3576	-1.3588	1.3588	-1.3743	1.3743	1.3763	-1.3769	1.384	-1.3852	1.3943	-1.3949	1.4088	-1.4101	1.4127	-1.4129	1.4172	-1.419	1.4222	-1.4223	-1.4327	1.4335	1.4501	-1.4508	-1.4526	1.4527	1.4811	-1.4849	1.4855	-1.486	-1.4871	1.4879	-1.4886	1.4919	1.4925	-1.4938	1.4944	-1.4952	-1.4971	1.4972	1.5128	-1.5142	1.5146	1.5159	-1.5173	-1.5189	-1.5223	1.5232	-1.5245	1.5254	1.5275	-1.5282	-1.5325	1.5347	1.5356	-1.5361	-1.5366	1.537	1.5392	-1.5392	-1.546	1.5465	1.5583	-1.5586	1.5609	-1.5632	-1.5693	1.5704	-1.5706	1.5715	1.5717	-1.5724	-1.5766	1.578	-1.581	1.5823	-1.589	1.5891	1.6092	-1.6096	1.6121	-1.6134	-1.6226	1.6228	-1.6289	1.6289	-1.6341	1.6343	1.6368	-1.6374	-1.6547	1.6553	1.6602	-1.6604	-1.6619	1.663	1.6781	-1.6787	1.6869	-1.6888	-1.6985	1.6998	1.7051	-1.7056	-1.7085	1.7094	-1.7145	1.7152	-1.7163	1.7178	1.7187	-1.7201	1.7205	-1.7217	1.731	-1.7312	1.7406	-1.7409	-1.7428	1.7441	1.7508	-1.7529	-1.7615	1.7619	-1.7674	1.7675	1.7759	-1.7804	1.7874	-1.7889	-1.7896	1.7899	1.7912	-1.7915	-1.8097	1.8106	1.8132	-1.8132	1.8146	-1.8152	1.8234	-1.824	1.8259	-1.826	1.8269	-1.8277	1.8374	-1.8385	-1.8421	1.843	1.8441	-1.8443	-1.8539	1.8549	1.8631	-1.8639	-1.8669	1.8689	1.8734	-1.8745	-1.8833	1.8839	1.8919	-1.8926	-1.8986	1.8998	-1.903	1.9032	1.9035	-1.904	-1.905	1.9055	1.917	-1.9188	-1.9346	1.9354	1.9398	-1.9405	
0	0.12566	-0.50086	0.50092	-0.61108	0.61129	-0.66744	0.66756	0.73695	-0.73698	-0.74399	0.74415	0.77844	-0.77845	0.79512	-0.79518	-0.8024	0.80247	0.8236	-0.82368	-0.83414	0.83419	0.84414	-0.84414	-0.84966	0.84973	-0.85815	0.8582	0.86304	-0.86307	0.86309	-0.86322	-0.86501	0.86517	-0.86623	0.86629	0.86757	-0.86765	0.8722	-0.8722	-0.87365	0.87378	-0.87431	0.87432	0.87523	-0.87523	0.87531	-0.87536	0.8775	-0.8775	0.87827	-0.87829	-0.87834	0.87844	0.88029	-0.88043	-0.88392	0.88393	0.88507	-0.88516	0.89011	-0.89012	0.89029	-0.89037	-0.89051	0.89053	-0.89249	0.89253	-0.90068	0.90082	-0.90824	0.90832	-0.91235	0.91239	0.91414	-0.9142	-0.91567	0.91579	-0.91644	0.91663	0.92061	-0.92074	-0.92206	0.92207	0.92519	-0.92529	0.93146	-0.93156	0.9359	-0.93597	-0.93733	0.93741	0.94087	-0.94095	-0.95126	0.95132	-0.95289	0.95301	-0.95723	0.95733	-0.96391	0.96411	0.97249	-0.97249	-0.97768	0.97773	0.98281	-0.98281	0.98417	-0.98424	-1.0011	1.0011	1.0181	-1.0182	-1.0232	1.0233	-1.0244	1.0246	1.0254	-1.0254	1.0301	-1.0301	1.0381	-1.0382	-1.0477	1.0477	-1.0529	1.0531	1.0543	-1.0544	-1.056	1.056	-1.0585	1.0586	1.0622	-1.0622	1.0633	-1.0634	-1.0659	1.0659	1.0702	-1.0702	-1.0783	1.0785	1.0849	-1.0849	1.0974	-1.0975	-1.106	1.1061	1.1068	-1.1069	-1.1083	1.1084	1.1144	-1.1145	-1.1314	1.1315	1.1324	-1.1325	1.1408	-1.1409	-1.1445	1.1447	-1.1518	1.1519	-1.1566	1.1567	-1.1714	1.1715	-1.1731	1.1732	-1.1804	1.1807	1.1888	-1.1889	-1.1908	1.1911	-1.1917	1.1918	1.2108	-1.2108	-1.2109	1.2111	1.2123	-1.2127	-1.2164	1.2164	1.2176	-1.2177	-1.2248	1.225	-1.2282	1.2286	-1.2347	1.2348	1.2465	-1.2466	-1.2533	1.2534	-1.2563	1.2564	-1.2726	1.2726	1.2774	-1.2777	1.2781	-1.2781	-1.2877	1.2878	1.3009	-1.3009	-1.3274	1.3275	1.3436	-1.3437	-1.3463	1.3463	-1.3478	1.3482	1.3517	-1.3518	-1.352	1.352	1.3586	-1.3587	-1.3591	1.3591	1.3749	-1.375	-1.3772	1.3774	-1.3852	1.3854	-1.3965	1.3965	-1.4105	1.4106	1.4138	-1.4143	1.4201	-1.4201	-1.423	1.4232	-1.4359	1.4362	1.4526	-1.4527	-1.4534	1.4537	-1.486	1.4861	-1.4868	1.4869	-1.4887	1.489	-1.4903	1.4905	-1.4933	1.4933	1.4964	-1.4966	1.4967	-1.4968	1.5144	-1.5147	-1.5173	1.5173	-1.5183	1.5186	-1.5237	1.5239	1.5253	-1.5255	1.5289	-1.5291	-1.5341	1.5343	1.536	-1.5362	1.5374	-1.5377	-1.5389	1.539	1.5471	-1.5471	-1.5594	1.5595	1.5628	-1.5628	-1.5705	1.5707	1.5711	-1.5712	-1.5716	1.5719	-1.5775	1.5776	-1.5838	1.5838	-1.5889	1.5891	1.6101	-1.6102	1.6131	-1.6132	-1.6235	1.6237	-1.6296	1.6298	-1.6344	1.6345	-1.637	1.637	1.6573	-1.6575	1.6628	-1.6631	1.6634	-1.6635	1.6788	-1.6789	1.6903	-1.6904	-1.7007	1.7008	-1.7087	1.7087	-1.7094	1.7097	1.7166	-1.7167	1.7181	-1.7182	-1.7199	1.7201	1.7205	-1.7208	-1.731	1.7311	-1.7417	1.7418	1.7441	-1.7445	1.7539	-1.7541	1.7618	-1.7619	1.7682	-1.7683	-1.7804	1.7809	-1.79	1.7901	-1.7906	1.791	1.792	-1.7922	-1.8114	1.8116	-1.8138	1.814	1.8151	-1.8153	1.8257	-1.8258	1.8264	-1.8264	-1.829	1.8291	-1.8393	1.8395	-1.8434	1.8436	1.8453	-1.8455	1.8553	-1.8554	-1.8647	1.8648	-1.8705	1.8706	1.8745	-1.8746	1.8853	-1.8854	1.8941	-1.8946	-1.903	1.9031	-1.9041	1.9041	-1.9043	1.9046	-1.905	1.905	-1.9177	1.9179	1.937	-1.9371	-1.9431	1.9433	
0	0.1885	-0.49609	0.49611	-0.61577	0.61581	-0.65755	0.65763	-0.73087	0.73089	-0.74623	0.74634	-0.76717	0.76729	-0.79224	0.79232	-0.80731	0.80741	0.81355	-0.81361	-0.82521	0.82533	-0.84031	0.84046	0.85091	-0.85113	0.85414	-0.85417	0.85587	-0.85589	0.85704	-0.85708	-0.85871	0.85882	-0.85982	0.85984	0.86255	-0.86256	-0.86814	0.86817	-0.86918	0.86932	-0.87002	0.87003	0.8701	-0.87017	-0.87142	0.87155	0.87174	-0.87182	0.87359	-0.87367	-0.87668	0.87673	-0.88009	0.88019	-0.8813	0.88136	-0.88366	0.88376	-0.88597	0.88602	-0.88611	0.88617	0.88625	-0.88638	-0.88724	0.88728	-0.90367	0.90377	-0.90455	0.90462	-0.90905	0.90913	-0.90919	0.90923	0.90933	-0.90934	0.90947	-0.9095	0.91037	-0.91055	-0.91436	0.91443	-0.92447	0.92452	0.93232	-0.93244	0.93296	-0.93297	-0.93915	0.9393	-0.94255	0.94263	0.9439	-0.94394	-0.94588	0.94594	-0.94794	0.94797	0.96212	-0.96227	-0.9712	0.97127	0.98315	-0.98319	-0.98967	0.98981	-0.99397	0.994	-1.0106	1.0107	1.0224	-1.0224	1.0232	-1.0234	1.0253	-1.0255	-1.0303	1.0303	1.0387	-1.0387	-1.0435	1.0437	-1.0551	1.0552	-1.059	1.059	-1.0593	1.0594	-1.0622	1.0622	-1.0627	1.0628	-1.0631	1.0633	-1.066	1.066	-1.0666	1.0667	1.0746	-1.0746	1.0839	-1.0839	-1.0847	1.0848	1.0975	-1.0975	1.1056	-1.1058	1.1068	-1.107	1.109	-1.109	-1.117	1.1172	1.1323	-1.1324	-1.1345	1.1346	1.1436	-1.1438	-1.147	1.1472	1.1542	-1.1543	1.1564	-1.1566	-1.1738	1.1739	-1.1753	1.1753	-1.1804	1.1805	-1.1907	1.1908	1.1912	-1.1912	-1.1937	1.1939	1.211	-1.211	1.2112	-1.2114	-1.2144	1.2145	-1.2184	1.2188	-1.2195	1.2197	-1.2248	1.2249	1.2284	-1.2284	1.2365	-1.2366	1.2484	-1.2484	1.2551	-1.2551	1.2564	-1.2565	-1.2726	1.2727	-1.2775	1.278	1.2782	-1.2783	-1.2876	1.2876	1.3008	-1.3008	-1.3273	1.3276	1.3434	-1.3435	1.3468	-1.3468	-1.3477	1.3478	-1.3518	1.3518	-1.3519	1.352	1.3587	-1.3587	-1.3593	1.3593	1.3749	-1.3749	-1.3778	1.3779	1.386	-1.386	1.3963	-1.3964	-1.4103	1.4106	-1.4136	1.4137	-1.4205	1.4207	-1.4231	1.4233	-1.436	1.4363	-1.4525	1.4526	1.4533	-1.4534	1.4863	-1.4863	-1.4868	1.4869	-1.4893	1.4894	-1.4904	1.4905	1.4931	-1.4932	-1.4964	1.4964	-1.4968	1.4969	-1.5143	1.5145	-1.5172	1.5174	1.519	-1.519	1.5237	-1.5238	1.5245	-1.5246	1.5291	-1.5291	1.5341	-1.5341	-1.536	1.536	1.5374	-1.5375	1.5388	-1.5388	1.5473	-1.5474	-1.559	1.5592	1.5635	-1.5635	-1.5706	1.5708	-1.571	1.5712	-1.5717	1.5719	-1.5769	1.5771	-1.585	1.5853	1.589	-1.5892	-1.6102	1.6102	-1.6129	1.6129	1.6239	-1.624	-1.6294	1.6298	1.6344	-1.6345	-1.6364	1.6367	-1.6567	1.657	1.6633	-1.6634	-1.664	1.6641	1.6786	-1.6788	-1.69	1.6902	-1.7008	1.7012	-1.7092	1.7092	-1.7103	1.7103	1.7164	-1.7164	-1.718	1.7181	1.7199	-1.72	-1.7208	1.7211	-1.7305	1.7305	1.7422	-1.7422	-1.7449	1.7449	-1.7541	1.7542	1.7611	-1.7611	-1.7685	1.7686	-1.7814	1.7816	1.7902	-1.7902	1.7913	-1.7915	-1.7919	1.7922	-1.8115	1.8115	-1.8141	1.8141	1.8152	-1.8153	1.8257	-1.8259	1.8264	-1.8264	1.8295	-1.8296	-1.8402	1.8402	-1.8438	1.8442	-1.8461	1.8462	-1.8552	1.8552	1.8646	-1.8646	-1.8716	1.8719	1.8741	-1.8742	-1.8852	1.8853	-1.8941	1.8942	1.9035	-1.9036	-1.9045	1.9046	1.9047	-1.9048	1.9049	-1.9052	-1.9179	1.9182	-1.9373	1.9375	-1.9431	1.9432	
0	0.25133	0.48949	-0.48971	-0.62085	0.62199	0.6461	-0.64622	0.71729	-0.71761	-0.75486	0.75505	0.75617	-0.75665	-0.78052	0.78092	0.80129	-0.8017	0.81475	-0.81478	0.81925	-0.81934	-0.82922	0.82925	0.8416	-0.84178	-0.84391	0.84461	-0.84878	0.84885	0.85254	-0.85272	0.85282	-0.85284	0.85566	-0.85566	0.85786	-0.85805	0.86244	-0.86258	0.86412	-0.8642	0.86446	0.86502	-0.86509	-0.86516	-0.86625	0.86634	-0.86676	0.86686	-0.86799	0.86838	-0.87151	0.87181	-0.87243	0.87284	0.87469	-0.87475	-0.87604	0.87612	0.87994	-0.88007	0.88019	-0.88046	-0.88061	0.88114	0.89467	-0.89495	0.89634	-0.89661	-0.89711	0.89737	-0.89782	0.89831	-0.89963	0.90003	-0.90041	0.90068	-0.90277	0.90295	0.90584	-0.9062	0.91174	-0.91183	0.91857	-0.91898	0.92277	-0.923	0.93057	-0.93074	-0.93436	0.93542	-0.93664	0.93679	-0.94074	0.94084	-0.94772	0.94812	-0.95009	0.95022	0.95458	-0.95493	0.97936	-0.9795	-0.98977	0.98997	-0.99771	0.99772	1.0034	-1.0042	-1.0205	1.0206	-1.0232	1.0232	1.0252	-1.0253	-1.0276	1.0277	1.0373	-1.0375	-1.0479	1.0484	-1.0501	1.0502	1.0618	-1.0621	1.063	-1.0637	-1.0639	1.0647	1.066	-1.0661	1.0663	-1.0664	-1.0691	1.0692	1.0707	-1.071	-1.0721	1.0727	-1.0799	1.08	-1.0848	1.0852	-1.0905	1.0907	-1.0972	1.0973	-1.1052	1.1053	1.1067	-1.1068	1.1096	-1.1096	1.1203	-1.1205	-1.1324	1.1327	-1.1387	1.1393	-1.147	1.1484	1.15	-1.1503	1.1566	-1.1566	-1.1571	1.1575	1.1766	-1.1769	-1.1785	1.1785	-1.1802	1.1809	-1.1905	1.1906	-1.1939	1.1939	-1.1966	1.1967	1.2109	-1.211	-1.2116	1.2119	-1.2169	1.217	-1.2208	1.2216	-1.2222	1.2225	1.2248	-1.2249	-1.2281	1.2287	-1.239	1.2398	-1.2508	1.2513	1.2563	-1.2564	-1.2578	1.2579	-1.2716	1.2723	-1.2774	1.2776	1.2788	-1.279	1.2877	-1.2882	-1.3006	1.3009	1.3273	-1.3277	-1.3434	1.3438	-1.3474	1.3476	1.3478	-1.3479	1.3515	-1.3517	-1.352	1.352	-1.3589	1.3589	1.3592	-1.3595	1.3748	-1.3748	1.3786	-1.3787	1.3866	-1.3869	1.3962	-1.3964	1.4095	-1.4104	-1.4131	1.4134	-1.4207	1.4211	-1.4229	1.423	-1.4359	1.4363	1.4519	-1.452	-1.4532	1.4537	-1.4861	1.4861	1.4866	-1.4869	1.4893	-1.4893	-1.4906	1.491	-1.4931	1.4934	-1.4961	1.4963	-1.4967	1.497	-1.5139	1.5146	-1.5172	1.5174	1.5196	-1.5198	1.523	-1.5233	1.5237	-1.524	1.529	-1.5292	-1.5338	1.5342	-1.5359	1.536	-1.5375	1.5377	-1.5382	1.5384	1.5472	-1.5475	-1.5588	1.5595	-1.564	1.5641	-1.5696	1.5708	1.5712	-1.5712	1.5717	-1.5719	-1.5758	1.5761	-1.5863	1.5868	-1.5884	1.5891	1.61	-1.6103	-1.6125	1.6129	1.6246	-1.6248	-1.6299	1.63	1.6342	-1.6345	-1.636	1.6368	-1.6561	1.6561	1.6631	-1.6635	1.6654	-1.6658	-1.6782	1.6788	1.689	-1.6893	-1.7009	1.7011	-1.7096	1.7098	-1.7105	1.7106	-1.7156	1.716	-1.7179	1.718	1.7194	-1.7196	1.7215	-1.722	-1.7297	1.7298	-1.7427	1.7432	-1.7452	1.7455	-1.7539	1.754	-1.7601	1.7601	1.768	-1.7688	1.7825	-1.7826	-1.7897	1.79	1.7916	-1.7919	-1.7922	1.7923	-1.8107	1.811	1.8145	-1.8145	-1.815	1.8153	1.8252	-1.8258	1.826	-1.8267	-1.8303	1.8303	1.8409	-1.8413	1.8448	-1.8449	-1.8466	1.8467	-1.8548	1.8555	-1.8645	1.8647	1.8731	-1.8732	1.874	-1.8745	1.8852	-1.8855	1.8941	-1.8944	1.903	-1.9032	1.9039	-1.9046	-1.9049	1.9052	1.9054	-1.9056	1.9179	-1.9186	-1.9369	1.9374	-1.9416	1.9418	
0	0.31416	0.48222	-0.48257	-0.62777	0.62886	-0.6348	0.63485	-0.70405	0.70452	0.74157	-0.74176	-0.76697	0.76725	0.76764	-0.76783	-0.78917	0.78918	0.80256	-0.80276	-0.81698	0.81701	0.83053	-0.83093	0.83114	-0.83124	-0.8315	0.83227	0.83921	-0.83931	0.84344	-0.84368	0.84479	-0.84512	-0.84586	0.84652	-0.84661	0.84764	0.85539	-0.8559	0.85667	-0.85677	-0.8587	0.85899	-0.85953	0.85995	-0.86031	0.8606	0.86074	-0.86113	-0.86172	0.86186	-0.86494	0.86527	-0.86823	0.86838	-0.86931	0.86969	0.87229	-0.87281	0.87315	-0.87346	-0.87375	0.8739	-0.876	0.87601	-0.88355	0.88359	-0.88396	0.88401	-0.88858	0.889	-0.88923	0.88942	-0.89064	0.89093	-0.89415	0.8944	0.89588	-0.89641	-0.89842	0.8985	-0.90706	0.90728	-0.91121	0.91125	0.91736	-0.9176	0.92375	-0.92379	0.92418	-0.92423	0.92866	-0.9288	-0.93699	0.9374	0.94971	-0.94977	-0.9567	0.95697	-0.96449	0.96469	0.98763	-0.9881	0.99636	-0.997	-1.0058	1.0069	1.0136	-1.0139	1.0227	-1.0232	1.0253	-1.0256	-1.0304	1.0304	-1.0337	1.0342	1.0445	-1.0455	1.0575	-1.0575	-1.058	1.0581	-1.062	1.0621	1.0656	-1.0661	1.0681	-1.0691	1.0727	-1.073	1.0742	-1.0743	-1.0751	1.0754	-1.0755	1.0761	1.082	-1.082	-1.084	1.0844	1.0863	-1.0866	-1.0972	1.0976	1.0983	-1.0984	-1.1048	1.1049	1.1065	-1.1068	-1.1101	1.1101	1.1248	-1.1251	1.1319	-1.1325	-1.1432	1.1436	1.1514	-1.1517	-1.154	1.155	1.1561	-1.1567	-1.1615	1.1619	-1.1796	1.1798	-1.1802	1.1805	1.1821	-1.1825	-1.1902	1.1905	-1.1974	1.1978	-1.1997	1.1999	1.2109	-1.2111	1.2116	-1.2124	-1.2201	1.2205	-1.2241	1.2242	1.2244	-1.2247	-1.2254	1.2257	-1.2282	1.2285	-1.242	1.2425	1.2536	-1.2538	1.2562	-1.2563	-1.2603	1.2607	1.2718	-1.272	-1.2768	1.2771	-1.2793	1.2795	-1.2875	1.2878	1.3008	-1.3008	1.3272	-1.3272	1.3428	-1.3431	-1.3471	1.3473	-1.3478	1.3482	1.3505	-1.351	1.3522	-1.3524	-1.3583	1.3587	-1.3595	1.3598	1.3744	-1.3745	-1.3795	1.3797	-1.3877	1.3878	1.3954	-1.396	1.41	-1.4104	1.413	-1.413	1.4211	-1.422	-1.4233	1.4237	1.4357	-1.4358	-1.4521	1.4521	-1.4525	1.4532	-1.4857	1.4858	1.4862	-1.4866	1.4892	-1.4903	1.4909	-1.4912	-1.493	1.4933	1.4956	-1.496	1.4968	-1.497	1.5138	-1.5141	1.5168	-1.5173	-1.5199	1.52	1.5211	-1.5218	-1.5236	1.5236	1.5288	-1.5292	-1.5333	1.5349	1.536	-1.5361	-1.537	1.5375	-1.5379	1.5384	-1.547	1.548	-1.5579	1.559	1.5644	-1.5645	-1.5697	1.5705	-1.571	1.5714	1.5721	-1.5723	1.5745	-1.5746	-1.5871	1.5887	-1.5896	1.59	-1.6096	1.6098	-1.612	1.6122	-1.6248	1.6256	1.6296	-1.6297	1.6342	-1.6343	-1.6354	1.6359	1.6546	-1.6551	-1.6625	1.6629	1.6665	-1.6666	1.6783	-1.6787	1.6887	-1.6889	-1.7006	1.7015	1.71	-1.7107	1.7115	-1.7117	1.7152	-1.7153	1.7176	-1.7176	-1.7194	1.7196	-1.722	1.7225	1.7287	-1.7287	-1.7429	1.7431	1.7465	-1.7468	1.7531	-1.7538	1.7591	-1.7591	-1.7679	1.7684	1.7837	-1.7838	1.7889	-1.7895	1.7909	-1.7918	-1.7925	1.7926	1.8097	-1.811	-1.8146	1.815	-1.8156	1.8159	1.8236	-1.8256	1.826	-1.8264	1.8313	-1.8314	1.842	-1.8421	1.8451	1.8469	-1.8469	-1.8473	-1.8545	1.855	-1.8645	1.8648	-1.8739	1.8741	-1.8746	1.8748	1.8852	-1.8852	1.8926	-1.8929	1.9028	-1.9037	1.9042	-1.9044	-1.9053	1.9059	-1.907	1.9083	1.9183	-1.9186	-1.9357	1.9368	-1.9421	1.9428	
0	0.37699	-0.47436	0.47448	-0.62202	0.62234	-0.63628	0.63633	-0.69019	0.69045	-0.72786	0.72814	0.75462	-0.75474	0.7758	-0.77606	-0.77816	0.7785	0.78995	-0.78998	-0.80381	0.80395	0.81755	-0.81782	-0.81931	0.8194	-0.82873	0.82889	0.83297	-0.83332	-0.83439	0.83443	0.83653	-0.83663	0.83757	-0.83779	-0.84275	0.84294	-0.84743	0.84748	0.84806	-0.84808	-0.84843	0.84845	0.85107	-0.85142	0.85228	-0.85237	0.85307	-0.85321	0.85364	-0.85375	0.85736	-0.85766	-0.8602	0.86062	-0.86158	0.86159	-0.86399	0.86421	-0.86492	0.86495	-0.8656	0.86565	0.87011	-0.87032	0.87161	-0.87162	0.87696	-0.87709	-0.879	0.87912	0.87976	-0.88024	-0.8843	0.88449	-0.88468	0.88498	-0.88501	0.88534	-0.8865	0.88699	-0.89896	0.89906	0.90343	-0.9037	0.91084	-0.91087	0.91146	-0.9117	-0.91725	0.91747	0.92269	-0.92321	-0.93871	0.93871	-0.95888	0.95913	0.9664	-0.9665	0.97458	-0.97471	0.99711	-0.99725	1.0052	-1.0053	1.0148	-1.0155	-1.0232	1.0232	1.024	-1.0244	1.0252	-1.0254	-1.0403	1.0406	1.041	-1.0411	1.0534	-1.0536	-1.0621	1.0623	-1.0652	1.0657	1.0661	-1.0663	1.0676	-1.0676	1.0749	-1.0753	1.0818	-1.0819	1.0824	-1.0826	-1.0827	1.0829	-1.0831	1.0836	1.0844	-1.0846	1.0919	-1.0919	1.094	-1.094	-1.0974	1.0975	1.1044	-1.1045	1.1059	-1.1064	1.1067	-1.1069	-1.1108	1.111	-1.1297	1.1298	1.1321	-1.1322	-1.1484	1.1491	1.1563	-1.1566	-1.1572	1.1572	1.1586	-1.1589	1.1665	-1.1667	1.1799	-1.1801	1.1846	-1.1846	-1.1864	1.1866	-1.1906	1.1909	-1.2017	1.2018	-1.2038	1.2041	-1.2109	1.211	1.2129	-1.2131	1.2239	-1.2243	1.2245	-1.2247	1.2282	-1.2283	-1.2286	1.2288	-1.2291	1.2294	1.2459	-1.246	1.256	-1.2562	-1.2574	1.2578	-1.2642	1.2643	-1.2727	1.2728	1.2771	-1.2773	1.2807	-1.2807	1.2873	-1.2873	1.3006	-1.3006	1.3273	-1.3273	1.3429	-1.3432	1.348	-1.3481	1.349	-1.3492	1.3512	-1.3512	-1.3517	1.3518	1.3586	-1.3586	1.3603	-1.3604	-1.3745	1.3745	1.3806	-1.3809	-1.3887	1.3889	1.3958	-1.3958	1.4101	-1.4101	1.4123	-1.4128	1.4227	-1.4229	1.4234	-1.4237	1.4358	-1.4359	-1.452	1.4522	-1.453	1.453	1.4857	-1.4861	1.4867	-1.4869	-1.4902	1.4904	-1.4926	1.4928	-1.493	1.4935	1.4957	-1.4958	-1.4966	1.4968	1.5143	-1.5144	1.5174	-1.5175	-1.5201	1.5204	-1.5216	1.5216	-1.5229	1.5236	1.5289	-1.5289	-1.5336	1.5339	-1.536	1.5361	1.5375	-1.5376	-1.538	1.5382	1.547	-1.5474	1.5585	-1.5587	1.5661	-1.5661	-1.5704	1.5704	1.5711	-1.5713	1.5716	-1.5721	1.5734	-1.5736	-1.5887	1.5893	-1.5917	1.5918	1.6095	-1.6101	-1.6127	1.6127	-1.6264	1.627	-1.6295	1.6298	1.6344	-1.6346	-1.6353	1.6354	-1.6542	1.6546	-1.6625	1.6638	1.6689	-1.67	1.6792	-1.6796	1.6875	-1.6875	1.7023	-1.7024	1.7117	-1.7118	1.7127	-1.7132	1.7146	-1.7147	1.7168	-1.7177	1.7192	-1.7194	-1.723	1.7237	1.7276	-1.7281	1.7445	-1.7448	-1.748	1.748	-1.7538	1.7545	-1.7577	1.7577	-1.768	1.7686	-1.785	1.7862	1.7901	-1.7902	-1.7919	1.7921	-1.7944	1.7945	-1.8116	1.8118	1.8151	-1.8154	1.8156	-1.8157	1.8256	-1.8258	-1.8262	1.8265	1.8319	-1.8329	-1.8442	1.8449	1.8466	-1.8467	1.8484	-1.8487	-1.8543	1.8551	1.8647	-1.8647	-1.8738	1.874	1.8766	-1.8771	-1.8852	1.8855	-1.8941	1.8942	1.9039	-1.9041	-1.9045	1.9052	-1.9054	1.9055	1.9087	-1.9091	1.9191	-1.9195	-1.9372	1.9374	1.9432	-1.9433	
0	0.43982	-0.46569	0.46575	-0.60975	0.60979	-0.64456	0.6447	0.6766	-0.67662	-0.71432	0.71451	0.741	-0.74102	-0.76206	0.76216	-0.77661	0.77663	0.78922	-0.78928	-0.79024	0.79046	-0.80347	0.80375	-0.80681	0.80688	0.81702	-0.81703	-0.8197	0.81976	0.82322	-0.82341	0.82611	-0.82663	0.82672	-0.82694	-0.83456	0.83458	-0.83814	0.83833	-0.83866	0.83874	0.84271	-0.84282	0.84335	-0.8434	0.8442	-0.84429	-0.84439	0.8446	-0.84865	0.84871	0.8514	-0.85141	-0.85248	0.85259	-0.85383	0.85392	-0.85411	0.85419	0.85506	-0.85532	0.85562	-0.85576	0.85615	-0.85625	-0.85829	0.85838	-0.86434	0.86436	0.86693	-0.86697	0.86952	-0.86957	0.87002	-0.87014	0.87273	-0.8728	0.87399	-0.87421	0.88539	-0.88552	0.88908	-0.8893	0.89665	-0.89672	-0.89714	0.89725	-0.8984	0.89846	0.90861	-0.90862	-0.92711	0.92715	-0.94866	0.94875	-0.9682	0.96825	0.97543	-0.97543	-0.98394	0.98428	1.0062	-1.0062	1.0132	-1.0134	-1.0232	1.0232	-1.0242	1.0244	1.0252	-1.0253	1.034	-1.0341	1.048	-1.0481	1.0502	-1.0503	-1.0616	1.0617	-1.062	1.0624	-1.0664	1.0665	-1.0736	1.0738	1.0773	-1.0773	-1.0818	1.0818	-1.0844	1.0846	-1.0881	1.0882	-1.0905	1.0906	-1.0915	1.0916	-1.0918	1.0918	-1.0976	1.0976	1.1013	-1.1015	-1.1016	1.1017	-1.1042	1.1043	-1.1067	1.1067	-1.1115	1.1117	1.1146	-1.1147	1.1321	-1.1322	-1.1353	1.1357	-1.1548	1.1552	-1.1562	1.1566	-1.1628	1.163	1.1642	-1.1644	1.1713	-1.1714	-1.1796	1.1796	-1.1896	1.1897	-1.1906	1.1906	-1.1918	1.1918	1.2064	-1.2067	-1.2083	1.2085	1.2111	-1.2112	-1.214	1.2142	1.2246	-1.2247	-1.2285	1.2286	-1.229	1.2291	-1.2326	1.2327	1.2333	-1.2336	-1.2503	1.2504	1.2561	-1.2562	1.2616	-1.2616	-1.2683	1.2684	-1.2723	1.2727	-1.2767	1.2769	1.2816	-1.2817	1.2872	-1.2872	1.3008	-1.3009	-1.3273	1.3276	-1.343	1.3433	-1.3476	1.348	-1.3506	1.3507	1.3508	-1.3509	1.3514	-1.3518	1.3585	-1.3586	-1.3605	1.3609	-1.3743	1.3745	-1.382	1.3822	1.3898	-1.39	1.3953	-1.3954	-1.4101	1.4104	1.4121	-1.4121	-1.423	1.423	-1.4246	1.4252	1.4358	-1.436	1.4526	-1.4527	1.4528	-1.453	1.4859	-1.4859	-1.4867	1.4871	1.4899	-1.4903	-1.4925	1.4928	1.4943	-1.4943	-1.4955	1.4957	-1.4968	1.4973	-1.5141	1.5143	-1.5169	1.5173	1.5187	-1.5187	1.5231	-1.5231	-1.5232	1.5233	1.5284	-1.5291	-1.5336	1.5336	-1.5359	1.5359	-1.5371	1.5374	1.5376	-1.5377	1.5473	-1.5474	-1.5582	1.5584	-1.5675	1.5684	1.5707	-1.5709	1.571	-1.5711	1.5721	-1.5721	-1.5725	1.5729	1.5886	-1.5891	1.5944	-1.5947	-1.6097	1.61	1.6125	-1.6126	-1.6276	1.6279	-1.6298	1.63	-1.634	1.634	-1.6344	1.6345	-1.6531	1.6532	1.6625	-1.6629	-1.6726	1.6727	1.679	-1.6791	-1.6859	1.6866	1.7028	-1.7032	1.7127	-1.713	1.7137	-1.7139	-1.7148	1.7148	-1.7178	1.7179	1.7192	-1.7193	-1.7243	1.7249	-1.7268	1.7268	-1.7454	1.746	1.7492	-1.7499	-1.7542	1.7543	-1.7564	1.7565	1.7681	-1.7685	-1.7884	1.7884	-1.79	1.7902	-1.792	1.7921	-1.7956	1.7959	1.8114	-1.8114	1.815	-1.8151	-1.8164	1.8166	-1.8258	1.8259	-1.8263	1.8267	1.8345	-1.8346	1.846	-1.8463	-1.8478	1.8479	-1.8498	1.8503	1.8541	-1.8542	1.8646	-1.8646	-1.8738	1.8739	-1.8792	1.8794	-1.8849	1.8856	1.8938	-1.8943	-1.9038	1.9045	-1.9052	1.9053	-1.9063	1.9066	1.9104	-1.9104	-1.9192	1.9196	-1.9373	1.9376	-1.9429	1.9431	
0	0.50265	-0.45642	0.45692	-0.59687	0.59716	-0.65287	0.65336	0.66236	-0.66249	0.70001	-0.70019	-0.72697	0.72704	0.74804	-0.74813	-0.76246	0.7626	0.77592	-0.77604	0.78908	-0.78919	0.79321	-0.79351	-0.80004	0.80025	0.804	-0.80405	0.80565	-0.80569	0.81121	-0.81125	-0.81479	0.81482	0.8155	-0.81554	0.82024	-0.82036	-0.82764	0.82778	-0.82784	0.82793	0.83268	-0.8328	0.83308	-0.83367	-0.83405	0.83445	0.83468	-0.83483	0.8386	-0.83881	-0.84052	0.8408	-0.8412	0.84159	0.84228	-0.84228	0.84289	-0.84326	-0.84434	0.84439	-0.84447	0.84481	0.84537	-0.84557	-0.85043	0.85065	-0.85327	0.85372	0.85508	-0.85516	0.85767	-0.85794	0.85961	-0.85961	0.8622	-0.86236	0.86507	-0.86512	0.87142	-0.87148	0.87407	-0.87421	-0.88166	0.88196	-0.88458	0.88482	-0.89324	0.89343	-0.90739	0.90775	-0.93705	0.93767	-0.95833	0.95851	-0.97722	0.97733	-0.98429	0.98458	-0.99318	0.99344	-1.0148	1.015	1.021	-1.0215	-1.023	1.0231	-1.0253	1.0253	1.0323	-1.033	1.0432	-1.0434	-1.0558	1.0561	-1.0595	1.0602	1.0619	-1.0621	1.0664	-1.0666	-1.0702	1.0703	-1.0817	1.082	1.0844	-1.0846	-1.0866	1.0867	-1.0884	1.0884	1.0937	-1.0946	1.0976	-1.0976	-1.0981	1.0983	1.1004	-1.1005	1.1011	-1.1012	1.1038	-1.1039	1.1064	-1.1068	-1.1093	1.1093	-1.1112	1.1113	-1.1124	1.1125	-1.1229	1.1238	1.1319	-1.1322	1.1408	-1.1412	1.1561	-1.1564	-1.1606	1.1613	-1.1688	1.1691	-1.1699	1.17	-1.177	1.1772	1.1794	-1.1794	-1.1907	1.191	1.1947	-1.195	1.1971	-1.1973	-1.2108	1.2111	-1.2113	1.2116	-1.2132	1.2133	1.2152	-1.2153	-1.2248	1.2248	-1.229	1.2296	1.2332	-1.2334	-1.2373	1.2374	1.238	-1.238	1.2545	-1.2548	1.2559	-1.2561	-1.266	1.2667	-1.2723	1.2723	1.2729	-1.273	-1.2764	1.2768	1.2829	-1.2831	-1.2867	1.2867	1.3007	-1.3008	1.327	-1.3271	1.3429	-1.343	1.3474	-1.3479	1.3505	-1.3505	-1.3515	1.3517	-1.3519	1.3523	1.3587	-1.3591	1.3607	-1.3614	-1.3739	1.3743	-1.3838	1.3838	-1.3913	1.3914	1.395	-1.3953	-1.4097	1.4102	1.4114	-1.412	-1.4227	1.4229	1.4263	-1.4265	1.4357	-1.436	-1.4524	1.4524	1.4527	-1.4528	1.4853	-1.4854	-1.4867	1.4871	1.4901	-1.4903	-1.4924	1.4925	-1.4948	1.4949	-1.496	1.4965	-1.4969	1.4971	1.514	-1.5142	-1.5166	1.5167	-1.5171	1.5177	1.5225	-1.5233	-1.5246	1.5248	1.5284	-1.5291	1.5332	-1.5336	1.5361	-1.5361	-1.5366	1.5369	-1.5377	1.5378	-1.5474	1.5476	1.5577	-1.5579	-1.5693	1.5695	-1.57	1.5701	-1.5704	1.5705	-1.5708	1.5715	1.573	-1.5731	1.5881	-1.5884	1.5973	-1.5983	1.6097	-1.6098	-1.6118	1.6131	-1.629	1.6291	-1.6299	1.63	1.6333	-1.6338	1.6344	-1.6346	1.6518	-1.6521	-1.6623	1.6632	-1.6752	1.6753	1.679	-1.6791	-1.6854	1.6854	-1.7036	1.7039	1.7129	-1.7131	-1.7141	1.7147	1.7161	-1.7161	-1.7181	1.7184	-1.7189	1.719	-1.725	1.7255	1.726	-1.7268	-1.7464	1.7467	-1.7508	1.7509	-1.7536	1.7538	1.7546	-1.7547	1.7678	-1.7682	1.7896	-1.7899	-1.7905	1.7907	-1.7918	1.792	-1.7971	1.7973	1.8111	-1.8113	-1.815	1.8154	-1.8169	1.8175	1.8254	-1.8257	-1.8261	1.8261	-1.8364	1.8366	-1.8483	1.8485	1.8493	-1.8494	1.8512	-1.8516	1.8536	-1.8543	1.8643	-1.8645	-1.8734	1.8735	-1.8815	1.8826	-1.8849	1.8855	-1.8937	1.8939	-1.9037	1.904	-1.9056	1.9059	1.9068	-1.9075	-1.9121	1.9122	-1.9195	1.9197	-1.9371	1.9373	-1.9425	1.9432	
0	0.56549	-0.4473	0.44733	-0.58395	0.58423	0.64834	-0.64844	-0.66169	0.66199	-0.68585	0.686	-0.71227	0.71258	0.73331	-0.73332	-0.74817	0.74827	-0.76151	0.76165	0.77423	-0.77436	0.77934	-0.7794	-0.79076	0.79083	-0.79094	0.79109	-0.79851	0.79851	-0.80213	0.80214	0.80354	-0.80354	-0.80572	0.80596	-0.81125	0.81126	-0.81586	0.81601	-0.81627	0.81631	-0.82209	0.82226	-0.82249	0.82257	0.82276	-0.82299	0.82396	-0.824	-0.82545	0.82545	-0.82781	0.82782	-0.82998	0.83001	0.83014	-0.83016	-0.8309	0.83116	-0.83117	0.83126	-0.83271	0.83286	-0.83408	0.83411	-0.83616	0.83625	0.83969	-0.83976	0.83988	-0.83989	-0.84546	0.84547	0.8456	-0.84566	0.84963	-0.84969	-0.85638	0.8567	-0.85868	0.85881	-0.86653	0.86655	0.86984	-0.87004	0.87586	-0.87595	0.87789	-0.87793	-0.91759	0.91764	-0.94673	0.94688	0.96795	-0.96802	-0.98624	0.98628	-0.99303	0.9932	-1.0024	1.0024	1.023	-1.0231	-1.0232	1.0238	1.0253	-1.0254	-1.0296	1.0298	1.0414	-1.0417	-1.0524	1.0525	1.062	-1.0621	-1.0633	1.0634	-1.0668	1.0669	1.0687	-1.0689	1.0784	-1.0786	-1.0841	1.0843	-1.09	1.0901	1.0954	-1.0954	-1.0961	1.0963	-1.0974	1.0974	-1.1011	1.1014	1.1037	-1.1037	1.1061	-1.1062	1.1064	-1.1066	-1.1088	1.109	1.1101	-1.1102	1.1133	-1.1134	-1.1169	1.1169	1.1206	-1.1209	-1.1315	1.1315	-1.1321	1.1322	-1.1472	1.1473	-1.1561	1.1562	1.1676	-1.168	-1.1754	1.1754	-1.1759	1.1759	1.1792	-1.1793	1.1826	-1.1827	-1.1906	1.1907	1.2001	-1.2001	1.2026	-1.2026	1.2111	-1.2111	-1.2165	1.2165	-1.2166	1.2169	-1.2184	1.2185	-1.2243	1.2246	-1.2293	1.2297	1.2379	-1.2386	-1.2425	1.2425	-1.2429	1.2431	1.2556	-1.2558	1.2596	-1.2599	-1.271	1.2711	1.2725	-1.2726	-1.2763	1.2764	-1.2777	1.2777	-1.2846	1.2847	-1.2871	1.2873	1.3006	-1.3009	1.3274	-1.3275	1.3426	-1.3427	-1.3481	1.3483	-1.3501	1.3503	-1.3514	1.3515	1.3537	-1.3537	-1.3585	1.3587	1.3618	-1.3619	-1.3739	1.3741	1.3853	-1.3857	-1.3926	1.3932	-1.3948	1.395	-1.41	1.4102	-1.4107	1.4108	1.4226	-1.4227	1.4284	-1.4285	1.4357	-1.4358	-1.4523	1.4524	-1.4525	1.4527	1.4854	-1.4856	-1.4867	1.4869	-1.4901	1.4901	-1.4924	1.4926	-1.4947	1.4947	-1.4968	1.4968	-1.4981	1.4984	1.5141	-1.5142	-1.5148	1.5148	-1.5171	1.5173	-1.5226	1.5226	-1.5263	1.5264	1.5293	-1.5294	-1.5332	1.5334	-1.5359	1.536	-1.5363	1.5366	1.5373	-1.5377	1.5473	-1.5475	-1.5576	1.5576	-1.5686	1.5688	-1.5702	1.5703	1.571	-1.571	-1.5716	1.5718	-1.5741	1.5742	-1.5884	1.5885	1.6011	-1.6012	1.6095	-1.6096	1.6122	-1.6123	-1.6299	1.63	1.6308	-1.6308	-1.6332	1.6335	1.6342	-1.6345	1.6505	-1.6508	1.6623	-1.6623	-1.6785	1.6785	1.6793	-1.6793	1.6846	-1.685	-1.7044	1.7048	1.712	-1.7121	1.7156	-1.716	-1.7177	-1.718	1.7181	1.7182	-1.7186	1.7187	-1.7248	1.725	1.7277	-1.7282	-1.7476	1.748	-1.7529	1.7529	-1.7531	1.7533	-1.7539	1.7543	-1.7684	1.7684	1.7899	-1.7901	1.7919	-1.7919	-1.7932	1.7933	-1.7991	1.7993	1.8114	-1.8114	1.8153	-1.8155	-1.818	1.818	-1.8257	1.8259	1.8262	-1.8263	-1.8384	1.8385	-1.8505	1.8509	1.8514	-1.8518	1.853	-1.8532	-1.8534	1.8536	1.8646	-1.8647	-1.873	1.8731	1.885	-1.8852	-1.8853	1.8854	-1.8937	1.8938	-1.9033	1.9036	-1.9064	1.9066	1.908	-1.9082	1.9144	-1.9145	1.9203	-1.9203	1.9372	-1.9372	-1.943	1.9434	
0	0.62832	0.43763	-0.43772	-0.57081	0.57112	0.63419	-0.63422	0.67073	-0.6708	-0.6714	0.67143	-0.6977	0.69784	0.71831	-0.71832	0.73336	-0.73347	0.7465	-0.74658	0.75904	-0.7592	-0.76471	0.76485	-0.77586	0.77595	0.77665	-0.77683	-0.78485	0.78489	-0.78859	0.78862	-0.79038	0.79061	-0.79074	0.79083	0.80316	-0.80325	-0.8039	0.80394	0.80969	-0.80984	-0.81042	0.81048	-0.81053	0.81059	-0.8108	0.81085	0.81221	-0.8125	-0.81492	0.81493	-0.8159	0.8159	0.81796	-0.81798	-0.81819	0.8184	0.81903	-0.8191	-0.82019	0.82033	-0.82125	0.82129	0.8217	-0.82184	-0.82207	0.82217	-0.824	0.82404	0.82497	-0.82503	-0.83087	0.83097	0.8321	-0.83227	-0.83604	0.83607	-0.84102	0.84123	-0.84283	0.84298	0.8507	-0.85074	0.85454	-0.85468	0.86171	-0.86187	-0.88621	0.88641	0.92756	-0.9276	0.95617	-0.9563	-0.97722	0.97725	-0.99503	0.99509	-1.0016	1.0016	-1.0109	1.0111	-1.023	1.0232	1.0253	-1.0255	1.0316	-1.0316	-1.0376	1.0378	1.0499	-1.0501	1.0612	-1.0612	1.0619	-1.062	1.0669	-1.0671	-1.0707	1.0708	1.0776	-1.0778	1.0842	-1.0843	-1.0868	1.0868	1.0976	-1.0977	1.0981	-1.0981	-1.1023	1.1026	1.1033	-1.1034	-1.1051	1.1051	1.1065	-1.1066	1.1079	-1.1079	1.1139	-1.1139	1.1143	-1.1144	1.1173	-1.1175	1.119	-1.1192	-1.1247	1.1247	1.1298	-1.1299	1.1319	-1.1321	-1.1398	1.14	-1.1536	1.1537	-1.1559	1.1561	1.1739	-1.1743	1.1788	-1.1788	-1.1819	1.1819	1.182	-1.1822	-1.1887	1.1889	1.1905	-1.1907	1.2058	-1.206	-1.2082	1.2082	-1.2109	1.211	-1.2177	1.2177	1.2223	-1.2225	1.2239	-1.2239	1.2244	-1.2245	-1.2296	1.2299	1.2434	-1.2435	1.2477	-1.2478	-1.248	1.2481	1.2554	-1.2557	1.2649	-1.2651	1.2726	-1.2727	1.2756	-1.2757	-1.2762	1.2765	1.2827	-1.2832	1.2864	-1.2864	1.2867	-1.2869	1.3007	-1.3007	-1.3271	1.3272	-1.3426	1.3427	1.3479	-1.3482	1.3497	-1.3498	-1.351	1.3512	-1.3554	1.3554	1.3584	-1.3585	1.3623	-1.3627	1.3738	-1.374	1.3873	-1.3876	-1.3942	1.3945	-1.3947	1.3952	1.4098	-1.4099	-1.4101	1.4102	1.4227	-1.4229	-1.4303	1.4304	-1.4358	1.4361	1.452	-1.4524	-1.4527	1.4527	1.4851	-1.4854	-1.4866	1.4872	1.4895	-1.4902	1.4919	-1.4923	-1.4946	1.4946	1.4967	-1.4967	-1.5003	1.5003	-1.513	1.513	-1.5142	1.5144	-1.5172	1.5172	-1.5224	1.5225	-1.5278	1.5285	-1.529	1.5292	1.5328	-1.533	1.5356	-1.5359	-1.536	1.5362	1.5376	-1.5377	-1.5473	1.5474	-1.5567	1.557	1.5668	-1.5669	-1.5698	1.5702	-1.5709	1.5713	1.5736	-1.5739	1.5748	-1.5752	-1.5882	1.5885	1.6047	-1.6052	-1.6092	1.6095	1.612	-1.612	-1.63	1.6301	-1.6323	1.6325	-1.6327	1.6328	-1.6343	1.6343	1.6491	-1.6493	-1.6621	1.6622	-1.679	1.6794	1.6819	-1.6821	-1.6831	1.6833	-1.7056	1.7058	-1.7106	1.7109	-1.7175	1.7178	-1.7179	1.7181	1.7183	-1.7186	-1.7197	1.72	1.7234	-1.7236	-1.7296	1.7296	-1.7487	1.749	1.7508	-1.7511	1.754	-1.7541	1.7551	-1.7552	1.7683	-1.7683	1.79	-1.7901	1.7918	-1.7919	1.7962	-1.7962	-1.8009	1.8012	1.8111	-1.8115	1.8151	-1.8151	-1.819	1.819	-1.8256	1.8257	1.826	-1.8265	1.8404	-1.8408	-1.8529	1.853	1.8532	-1.8534	-1.8537	1.8538	-1.8549	1.8554	1.8644	-1.8646	1.8729	-1.873	-1.8854	1.8855	-1.888	1.8884	-1.8937	1.8939	-1.9028	1.9033	-1.907	1.9078	1.9086	-1.909	1.9164	-1.9167	-1.9212	1.9213	1.9368	-1.937	1.943	-1.9436	
0	0.69115	0.42718	-0.42755	0.55768	-0.5577	0.6198	-0.61981	0.65621	-0.65625	-0.67906	0.67952	-0.68255	0.6829	-0.70236	0.70404	0.71774	-0.71812	-0.73085	0.73087	0.74302	-0.74419	-0.74964	0.74993	0.76021	-0.7603	0.76202	-0.76218	0.77072	-0.77077	0.77397	-0.77436	0.77514	-0.77518	0.77722	-0.77729	-0.78952	0.78956	-0.79038	0.79088	0.7936	-0.79391	-0.79722	0.79723	0.79761	-0.79763	0.79812	-0.7983	0.79911	-0.79924	0.79967	-0.79977	0.80272	-0.80373	-0.80437	0.80451	-0.80507	0.80511	-0.80535	0.80566	-0.80578	0.80618	-0.80653	0.80659	0.80773	-0.80815	0.80848	-0.8085	-0.80961	0.80973	0.81574	-0.81592	0.81769	-0.81773	0.82182	-0.82198	-0.8254	0.8255	0.82684	-0.82693	-0.83218	0.83284	0.83436	-0.83443	0.83877	-0.83957	-0.8453	0.84562	0.89559	-0.89601	0.937	-0.9371	0.96528	-0.96551	-0.98541	0.98592	-1.0031	1.0038	-1.0094	1.0095	1.0191	-1.0192	-1.0229	1.0229	1.0252	-1.0253	-1.0391	1.0395	1.0451	-1.0455	-1.0578	1.0579	-1.0617	1.0618	1.0672	-1.0674	-1.0694	1.0698	1.0782	-1.0783	1.0839	-1.0841	-1.0862	1.0862	1.094	-1.0944	1.0972	-1.0974	1.1027	-1.1031	1.1058	-1.106	1.1065	-1.1065	1.109	-1.1094	-1.1136	1.1136	-1.1145	1.1148	-1.1151	1.1152	1.1215	-1.1216	-1.1254	1.1256	-1.1275	1.1277	-1.1316	1.1319	-1.1322	1.1323	-1.1385	1.1388	1.1478	-1.148	-1.1554	1.1556	1.1601	-1.1601	-1.1784	1.1785	1.1804	-1.1807	-1.1873	1.1879	-1.1884	1.1884	-1.1902	1.1908	-1.1947	1.1948	-1.2107	1.2109	-1.2117	1.2122	1.2143	-1.2145	1.2192	-1.2196	-1.2239	1.2243	1.2273	-1.2281	-1.229	1.2293	-1.2299	1.2302	1.2483	-1.2487	-1.2526	1.2526	-1.2533	1.2537	-1.2555	1.2558	1.2702	-1.2713	-1.2723	1.2725	-1.275	1.2753	1.2814	-1.2814	1.2863	-1.2864	-1.2874	1.288	-1.289	1.2895	-1.3007	1.3011	1.327	-1.3272	-1.3423	1.3423	1.3479	-1.3481	1.3491	-1.3495	1.3508	-1.3511	1.357	-1.3572	-1.3586	1.3586	-1.3634	1.3635	-1.3734	1.3736	-1.3892	1.3895	-1.394	1.3943	1.3968	-1.3975	-1.4086	1.4091	1.4099	-1.4099	-1.4219	1.4225	1.432	-1.4334	-1.435	1.4358	-1.4513	1.4515	-1.4526	1.4528	1.4847	-1.4847	-1.4863	1.4866	-1.4899	1.4905	1.4908	-1.4921	-1.4938	1.4939	1.4968	-1.4969	-1.5027	1.5027	1.5107	-1.5113	1.5135	-1.5138	-1.5171	1.5176	-1.522	1.5221	-1.5288	1.529	1.53	-1.5302	-1.5327	1.5329	1.5349	-1.5353	1.5362	-1.5362	1.5368	-1.5376	-1.5469	1.5474	-1.5564	1.5566	1.5651	-1.5653	-1.5691	1.5695	-1.5699	1.5707	1.5754	-1.5755	1.5757	-1.5765	1.5876	-1.5884	1.608	-1.6085	1.6091	-1.6094	1.6116	-1.6119	1.6294	-1.6295	1.6309	-1.6314	1.6339	-1.6342	1.6348	-1.6348	1.6468	-1.6472	-1.6615	1.6626	1.6787	-1.6802	1.6819	-1.6824	1.6845	-1.6857	1.7063	-1.7067	-1.7098	1.7101	1.717	-1.7173	-1.718	1.7184	-1.7195	1.7199	-1.7218	1.722	-1.7222	1.7227	1.7307	-1.731	-1.7487	1.7488	1.7497	-1.7498	-1.7535	1.7537	-1.7572	1.7579	-1.7682	1.7683	-1.7899	1.7901	-1.7913	1.7918	-1.7984	1.7987	-1.8029	1.8034	1.8105	-1.8107	-1.815	1.8152	-1.8194	1.8202	1.8257	-1.8258	1.8261	-1.8264	1.8429	-1.8429	1.8523	-1.8527	1.8542	1.8552	-1.8554	-1.8558	1.8572	-1.8582	-1.8643	1.8645	1.8723	-1.8732	1.8852	-1.8853	-1.89	1.8918	1.8932	-1.8933	-1.9024	1.9026	1.9077	-1.9079	1.9095	-1.9097	1.9179	-1.919	1.9213	-1.9216	-1.9371	1.9375	1.9427	-1.943	
0	0.75398	-0.4177	0.41777	0.54414	-0.54453	0.60532	-0.60549	-0.64154	0.64172	0.66728	-0.66738	0.68786	-0.68789	-0.68892	0.68904	0.70274	-0.70277	0.71574	-0.71578	-0.72784	0.72793	-0.73451	0.73462	-0.74451	0.74472	-0.74678	0.74697	-0.7558	0.75587	-0.75905	0.75907	0.75967	-0.75969	-0.76286	0.76314	-0.77543	0.77548	0.77671	-0.77697	-0.77742	0.77756	0.78324	-0.78332	0.78395	-0.784	0.78419	-0.78424	0.78454	-0.7846	0.78633	-0.78646	-0.78963	0.78966	-0.78978	0.7899	0.79019	-0.79041	0.79131	-0.79136	0.79156	-0.79167	-0.79234	0.79236	-0.79262	0.79279	0.79396	-0.794	0.79434	-0.79436	-0.79983	0.80016	-0.80318	0.80335	-0.8068	0.80693	-0.80911	0.80925	-0.81002	0.81011	-0.818	0.81804	0.82269	-0.82296	0.82863	-0.82872	-0.84293	0.84317	0.9062	-0.9063	0.94616	-0.94635	-0.97412	0.97441	0.99466	-0.99477	-1.0114	1.0116	-1.0175	1.0177	1.0231	-1.0232	1.0254	-1.0254	1.0273	-1.0273	-1.0474	1.0476	-1.053	1.0531	1.0619	-1.0619	1.0658	-1.066	1.0676	-1.0676	1.0777	-1.0779	-1.0837	1.0842	1.0856	-1.0857	1.0943	-1.0945	-1.0974	1.0976	-1.1024	1.1025	1.1028	-1.1029	1.1063	-1.1064	-1.1137	1.1138	-1.1162	1.1163	1.1165	-1.1167	-1.1214	1.1215	-1.122	1.1221	1.1288	-1.1292	-1.1317	1.1319	-1.1336	1.1336	-1.136	1.1361	1.1397	-1.1398	1.1473	-1.1473	1.1555	-1.1556	1.1559	-1.1561	-1.1665	1.1666	1.1778	-1.1779	1.1875	-1.1877	1.1904	-1.1906	-1.1942	1.1944	1.1949	-1.1951	-1.2007	1.2011	-1.2111	1.2112	1.2176	-1.2182	-1.22	1.2202	-1.2212	1.2213	1.2243	-1.2243	-1.2303	1.2305	-1.2339	1.2339	1.2349	-1.235	-1.2542	1.2543	1.2552	-1.2554	-1.2586	1.2587	-1.2588	1.2591	-1.2724	1.2727	-1.2745	1.2747	-1.2754	1.2759	-1.2863	1.2864	-1.287	1.2871	-1.29	1.2902	-1.2934	1.2937	-1.3005	1.3006	-1.3271	1.3272	1.3421	-1.3423	1.3482	-1.3484	-1.3488	1.3489	1.3508	-1.3509	-1.3586	1.3587	-1.3595	1.3598	-1.364	1.3641	-1.373	1.3733	1.3917	-1.3922	-1.3935	1.3935	-1.3989	1.3991	1.4083	-1.4085	-1.4094	1.41	1.4222	-1.4223	1.4348	-1.4348	-1.4355	1.4357	1.4512	-1.4514	-1.4526	1.4528	-1.4848	1.4849	1.4869	-1.4869	-1.4896	1.4901	1.4917	-1.4918	1.4936	-1.4937	-1.4967	1.4967	-1.5053	1.5055	-1.5091	1.5092	1.5139	-1.5141	-1.5167	1.5172	-1.5215	1.5217	-1.5289	1.5291	-1.5321	1.5322	-1.5326	1.5328	-1.5345	1.5348	-1.5358	1.536	1.5376	-1.5377	-1.5474	1.5474	-1.5557	1.5561	-1.5633	1.5633	-1.569	1.5693	1.5706	-1.5709	-1.5768	1.577	1.5782	-1.5783	-1.5884	1.5885	-1.6089	1.6089	-1.6118	1.6121	1.6123	-1.6123	1.6298	-1.63	1.6305	-1.631	1.6341	-1.6342	-1.6367	1.637	1.6461	-1.6464	-1.6617	1.6619	-1.6791	1.6793	1.6806	-1.6808	1.6889	-1.6891	1.7076	-1.7079	-1.7087	1.7089	1.7174	-1.7175	-1.7179	1.7182	-1.7214	1.7215	-1.7218	1.7219	-1.7243	1.7244	-1.7333	1.7334	1.7471	-1.7471	-1.7504	1.7508	-1.7539	1.7541	1.7599	-1.76	1.7685	-1.7689	1.79	-1.79	1.7919	-1.792	1.802	-1.8022	1.8056	-1.8057	-1.8108	1.8112	-1.8153	1.8154	-1.8214	1.8216	1.8257	-1.8258	-1.8261	1.8265	1.8452	-1.8455	1.8522	-1.8524	1.8566	-1.8572	1.859	-1.859	-1.8594	1.8598	-1.8645	1.8646	-1.8721	1.8726	1.8856	-1.8856	1.8932	-1.8934	1.8951	-1.8951	-1.9019	1.902	1.9087	-1.909	1.9109	-1.9109	-1.9215	1.9215	1.9224	-1.9225	1.9372	-1.9373	-1.9429	1.9432	
0	0.81681	-0.4075	0.40756	-0.5311	0.53121	0.59053	-0.59068	-0.62642	0.6267	0.65213	-0.65214	0.67213	-0.67216	-0.68705	0.68713	-0.69808	0.6982	0.69984	-0.69984	0.71173	-0.71185	-0.71875	0.71886	-0.72848	0.72871	0.73109	-0.73127	-0.74052	0.74058	-0.74277	0.74279	0.74434	-0.74458	0.74804	-0.74809	0.76049	-0.76053	-0.76084	0.7611	-0.76229	0.76237	-0.76704	0.7672	0.76958	-0.7696	0.77013	-0.77018	-0.77062	0.77067	-0.77226	0.77231	-0.77336	0.77351	0.77461	-0.77469	0.77525	-0.77527	-0.77546	0.77553	-0.77697	0.77703	-0.77768	-0.77782	0.7779	-0.77795	0.77796	0.77807	-0.77969	0.77987	-0.78382	0.78391	-0.78765	0.78774	0.79112	-0.79115	-0.79239	0.79245	-0.79308	0.79324	-0.80099	0.80109	-0.80594	0.80605	-0.81133	0.81149	-0.85332	0.85344	-0.91589	0.91601	0.95532	-0.95541	0.98255	-0.98266	-1.003	1.0031	-1.0193	1.0195	-1.0229	1.023	-1.0252	1.0252	-1.0254	1.0254	-1.0349	1.035	-1.055	1.0552	-1.0603	1.0607	1.0619	-1.062	-1.0679	1.0681	-1.0734	1.0734	-1.0837	1.0837	-1.0856	1.0858	1.0927	-1.0928	1.0976	-1.0976	-1.1024	1.1024	1.1026	-1.1028	-1.1061	1.1062	-1.1099	1.1101	1.1175	-1.1175	1.1212	-1.1212	1.1231	-1.1232	1.1278	-1.1282	-1.1301	1.1303	1.1316	-1.1318	-1.1361	1.1363	-1.1415	1.1417	1.1439	-1.1441	-1.1469	1.1471	1.1554	-1.1555	1.1556	-1.1559	-1.1637	1.1638	-1.1729	1.1729	1.1775	-1.1776	-1.1906	1.1906	-1.1942	1.1943	1.2007	-1.2007	-1.2014	1.2015	-1.2071	1.2073	1.2111	-1.2113	1.223	-1.2231	1.2239	-1.224	-1.2242	1.2245	-1.226	1.2265	1.2307	-1.2308	1.2396	-1.2397	-1.2402	1.2407	-1.2551	1.2551	-1.2597	1.26	1.2643	-1.2643	1.2645	-1.2645	-1.2727	1.2727	1.274	-1.2742	1.2811	-1.2814	1.2862	-1.2863	1.2922	-1.2923	1.2925	-1.2925	1.299	-1.2991	1.3007	-1.3007	1.3271	-1.3272	1.342	-1.3421	-1.3482	1.3484	-1.3484	1.3486	-1.3507	1.3507	1.3585	-1.3588	1.362	-1.362	1.3649	-1.365	1.373	-1.373	-1.3934	1.3934	-1.3944	1.3945	-1.4012	1.4015	1.4071	-1.4075	-1.4097	1.4097	1.4221	-1.4222	1.4355	-1.4355	1.4372	-1.4373	-1.4511	1.4512	1.4525	-1.4527	1.4845	-1.4847	-1.4868	1.4869	1.49	-1.4901	1.4916	-1.4917	1.493	-1.4931	1.4968	-1.4968	1.507	-1.5072	1.5081	-1.5081	1.5139	-1.514	-1.5169	1.5171	-1.5214	1.5214	1.5291	-1.5293	-1.5319	1.5322	1.5339	-1.5342	-1.5345	1.5346	1.5358	-1.5361	-1.5377	1.5378	1.5471	-1.5471	1.5551	-1.5554	-1.5615	1.5617	-1.5687	1.5689	-1.5709	1.5712	1.5781	-1.5781	-1.5809	1.5811	1.5879	-1.588	-1.6088	1.6089	-1.6114	1.6115	1.6162	-1.6163	-1.6294	1.6297	-1.6302	1.6303	1.634	-1.634	1.6386	-1.6387	1.6445	-1.6446	-1.6615	1.6617	-1.6791	1.6792	-1.6795	1.6795	-1.6928	1.693	1.7075	-1.7082	-1.7089	1.7092	-1.7168	1.7169	-1.7181	1.7181	-1.7205	1.7205	-1.7235	1.7239	-1.7268	1.7269	1.7353	-1.7354	1.7453	-1.7453	-1.7516	1.7517	1.7537	-1.7538	-1.7621	1.7626	1.7682	-1.7686	1.7901	-1.7902	1.792	-1.7922	-1.8056	1.8057	1.8076	-1.808	-1.8109	1.8113	-1.8152	1.8153	-1.8227	1.823	1.8253	-1.8257	-1.8262	1.8263	1.848	-1.8482	1.8514	-1.8516	1.8596	-1.8597	-1.8613	1.8615	-1.8626	1.8626	1.8646	-1.8646	-1.8719	1.8722	-1.8852	1.8853	-1.893	1.8933	-1.8985	1.8987	1.9013	-1.9013	-1.9097	1.9097	-1.9119	1.912	-1.9231	1.9232	1.9251	-1.9252	1.9372	-1.9373	-1.943	1.9431	
0	0.87965	-0.39697	0.39726	-0.5176	0.51765	-0.57577	0.57586	-0.61095	0.61127	0.63649	-0.63658	-0.65629	0.65632	-0.67112	0.67127	0.68372	-0.68383	-0.69522	0.69536	0.70248	-0.70249	0.70746	-0.70749	-0.71207	0.71214	0.71522	-0.7153	-0.72456	0.7247	-0.72613	0.72619	0.72863	-0.72865	0.73264	-0.73265	0.74378	-0.74395	0.74522	-0.74528	-0.74709	0.74717	0.75027	-0.75036	0.75424	-0.75456	0.75516	-0.75527	-0.7559	0.75605	0.75677	-0.75678	0.75751	-0.75764	-0.7577	0.75774	0.75972	-0.75975	0.76044	-0.7605	0.76114	-0.76123	-0.76188	0.76203	-0.76229	0.76259	-0.76288	0.76294	-0.76415	0.76422	-0.7671	0.76738	0.77145	-0.77161	0.77502	-0.77507	0.77537	-0.77542	0.77572	-0.77583	-0.78363	0.78381	-0.78878	0.78893	0.79381	-0.79388	-0.86319	0.8637	0.9253	-0.92538	0.96402	-0.96403	-0.99061	0.99077	1.0111	-1.0112	-1.0228	1.0229	1.0253	-1.0254	-1.0269	1.0271	-1.0323	1.0325	1.0421	-1.0422	-1.0618	1.062	-1.0622	1.0622	1.0675	-1.0675	-1.0684	1.0684	-1.0805	1.0806	-1.0834	1.0835	1.0932	-1.0932	-1.0975	1.0975	1.0997	-1.0998	-1.1023	1.1025	-1.1062	1.1062	1.1098	-1.1099	1.1172	-1.1174	1.1188	-1.1189	1.1284	-1.1284	-1.1298	1.1299	-1.1316	1.1317	-1.1346	1.1346	-1.1379	1.1379	1.1434	-1.1434	-1.149	1.1491	1.1519	-1.1519	-1.1541	1.1541	1.1556	-1.1557	1.1637	-1.1637	-1.1712	1.1713	1.1768	-1.1771	-1.1794	1.1795	-1.1905	1.1907	1.2007	-1.2008	-1.2069	1.2069	-1.2078	1.2081	1.2111	-1.2111	-1.2132	1.2133	1.2242	-1.2242	1.2249	-1.225	-1.23	1.2301	1.2309	-1.2311	1.232	-1.2321	-1.2455	1.2459	-1.2461	1.2462	-1.2548	1.255	-1.2653	1.2655	-1.2698	1.2699	-1.2701	1.2704	-1.2725	1.2726	-1.2735	1.274	1.2858	-1.2859	1.2868	-1.2869	1.2947	-1.2948	-1.2981	1.2981	-1.3006	1.3008	1.3048	-1.3049	-1.327	1.3271	-1.3418	1.342	-1.3479	1.348	-1.3484	1.3485	1.3504	-1.3505	1.3586	-1.3587	1.3643	-1.3646	1.3659	-1.3659	-1.3726	1.3726	1.3928	-1.3928	-1.3971	1.3972	-1.4036	1.404	1.4063	-1.4065	-1.4095	1.4095	-1.4221	1.4222	1.4351	-1.4353	-1.4397	1.44	1.4507	-1.4507	-1.4526	1.4528	-1.4844	1.4845	-1.4867	1.4867	1.4894	-1.4897	1.4913	-1.4913	1.4924	-1.4927	-1.4968	1.4969	-1.5052	1.5053	1.5109	-1.511	1.5136	-1.5139	-1.5171	1.5172	1.5211	-1.5212	1.5289	-1.5289	1.5317	-1.5318	-1.5335	1.5336	1.5359	-1.536	-1.5369	1.5369	-1.5375	1.5378	-1.5473	1.5473	1.5547	-1.5548	1.5598	-1.56	-1.5681	1.5682	-1.5708	1.5711	-1.5792	1.5793	1.5835	-1.5836	-1.5879	1.5885	-1.6084	1.6087	-1.6111	1.6116	1.62	-1.6202	-1.6288	1.6289	1.6302	-1.6303	1.6339	-1.6347	-1.6408	1.6412	1.6429	-1.6431	-1.6608	1.6612	-1.6766	1.6778	1.6797	-1.6798	1.6963	-1.6967	1.7065	-1.7066	-1.7103	1.7104	-1.7163	1.7164	-1.7178	1.7188	1.7191	-1.7195	-1.7259	1.7259	-1.7294	1.7298	1.7375	-1.7376	-1.7431	1.7433	-1.7525	1.7527	1.7538	-1.754	1.765	-1.7652	1.7682	-1.7686	1.79	-1.7902	-1.7919	1.7919	-1.8089	1.8092	1.8099	-1.8105	-1.8108	1.8109	1.8153	-1.8153	1.8242	-1.8244	-1.8258	1.8258	1.8261	-1.8262	1.8509	-1.8509	-1.8511	1.8514	1.8617	-1.8622	-1.8635	1.8637	-1.8647	1.8649	1.8655	-1.8661	1.8714	-1.8718	1.8853	-1.8854	1.8929	-1.8934	-1.9006	1.9012	1.902	-1.9023	1.9108	-1.911	1.913	-1.9132	1.9238	-1.9239	-1.9279	1.9281	-1.9376	1.9379	-1.9428	1.9428	
0	0.94248	-0.38657	0.38679	0.50408	-0.50409	-0.561	0.56115	-0.59569	0.59575	-0.62075	0.62082	0.6402	-0.64032	0.65485	-0.65504	-0.66732	0.66742	-0.67853	0.67886	-0.68601	0.68617	-0.69532	0.69552	-0.69884	0.6989	-0.70824	0.70855	-0.70929	0.70935	-0.71234	0.71243	0.71647	-0.71659	-0.71681	0.71685	0.72661	-0.72661	-0.72923	0.7293	-0.73121	0.73144	-0.733	0.73323	0.73871	-0.73871	-0.73939	0.73958	-0.73967	0.7398	0.74007	-0.74008	0.74043	-0.7405	0.7422	-0.74221	-0.74361	0.7437	-0.74414	0.74426	0.74495	-0.74503	-0.74616	0.74619	-0.74623	0.74642	0.74705	-0.74717	0.74838	-0.74852	0.75003	-0.7502	-0.75523	0.75527	-0.7576	0.75787	-0.758	0.75802	0.75851	-0.75861	-0.76602	0.7661	-0.77141	0.77146	-0.77588	0.77596	-0.87342	0.87344	-0.93422	0.93431	-0.97221	0.97246	-0.99835	0.99843	1.0187	-1.0188	-1.0229	1.0229	-1.0254	1.0254	1.0342	-1.0343	-1.0392	1.0393	-1.0491	1.0493	-1.0617	1.0619	-1.0685	1.0688	-1.069	1.0691	1.0742	-1.0745	-1.0833	1.0833	1.087	-1.0876	-1.0976	1.0976	1.1002	-1.1005	-1.1019	1.1025	1.106	-1.106	1.1063	-1.1065	1.117	-1.1171	-1.1199	1.1203	-1.124	1.1244	-1.1315	1.1315	-1.1352	1.1353	-1.1362	1.1364	1.141	-1.1411	-1.1455	1.1456	-1.1501	1.1503	-1.1554	1.1555	-1.1563	1.1564	1.1592	-1.1593	1.161	-1.1611	-1.1714	1.1715	1.1764	-1.1765	1.1783	-1.1784	-1.1856	1.1856	1.1901	-1.1907	1.2073	-1.2074	-1.2108	1.2113	-1.213	1.2134	-1.2144	1.2145	-1.2193	1.2194	1.2237	-1.224	-1.2272	1.2273	-1.2314	1.2316	1.2361	-1.2361	-1.2377	1.2381	1.2513	-1.2516	1.2519	-1.252	-1.2547	1.2547	-1.2709	1.2709	1.2723	-1.2725	-1.2732	1.2732	-1.2755	1.2756	-1.2757	1.2758	-1.2857	1.2858	1.2924	-1.2927	1.2972	-1.2974	-1.3003	1.3004	1.3038	-1.3038	1.3104	-1.3105	1.3269	-1.327	-1.3415	1.3418	-1.3474	1.3477	-1.3482	1.3486	-1.3501	1.3507	-1.3585	1.3586	-1.3667	1.367	-1.367	1.3674	-1.372	1.3722	1.3922	-1.3923	-1.3994	1.3999	1.405	-1.4052	1.4063	-1.4066	-1.4094	1.4096	1.4217	-1.4218	-1.4351	1.4352	1.4424	-1.4425	1.45	-1.4503	1.4527	-1.453	1.4841	-1.4842	1.4866	-1.4868	-1.4894	1.4898	1.4906	-1.4909	-1.4922	1.4923	-1.4968	1.4972	1.503	-1.5031	1.5133	-1.5137	-1.5139	1.5148	-1.5171	1.5178	1.5205	-1.5208	-1.5289	1.5292	-1.5315	1.5321	1.5325	-1.5329	1.536	-1.536	1.5373	-1.5376	1.5393	-1.5396	-1.5474	1.5474	-1.5543	1.5549	1.5578	-1.558	1.5676	-1.5679	-1.5708	1.571	1.5801	-1.5804	1.5855	-1.5858	1.5881	-1.5884	-1.6083	1.6087	-1.6108	1.6111	-1.6237	1.6239	-1.6279	1.628	1.6302	-1.6303	-1.6338	1.6339	1.6413	-1.6416	-1.6431	1.6434	-1.6605	1.6608	-1.6758	1.6763	1.6797	-1.6797	1.7003	-1.7006	-1.7054	1.7055	-1.7115	1.7116	1.7155	-1.7157	1.718	-1.7182	1.7185	-1.7187	1.7282	-1.7285	-1.7321	1.7323	1.7396	-1.7399	1.7407	-1.7411	1.7533	-1.7536	-1.7542	1.7542	-1.7677	1.7678	1.7683	-1.7686	-1.7899	1.79	1.7917	-1.7919	-1.8103	1.8114	-1.8126	1.8128	-1.813	1.8137	1.8152	-1.8154	1.8252	-1.8256	1.8258	-1.8258	-1.8262	1.8266	1.8503	-1.8503	1.8533	-1.8538	-1.8644	1.8647	1.8649	-1.8649	-1.866	1.8661	-1.8692	1.8693	1.8714	-1.8714	1.8853	-1.8855	-1.8929	1.8936	1.9	-1.9006	1.9059	-1.9064	-1.9115	1.9116	1.9143	-1.9145	-1.9244	1.9251	-1.9306	1.931	1.9372	-1.9373	-1.9426	1.9428	
0	1.0053	-0.37628	0.37642	-0.49035	0.4904	-0.54602	0.54613	-0.5802	0.58024	-0.60469	0.60472	0.62385	-0.62386	-0.63846	0.63849	0.65054	-0.65063	-0.66178	0.66181	0.66921	-0.66932	-0.67831	0.67867	-0.68201	0.68213	0.69167	-0.69167	0.692	-0.69207	-0.6956	0.69581	-0.70041	0.70053	0.70899	-0.70904	-0.7127	0.71289	-0.71493	0.71497	0.71571	-0.71571	-0.72201	0.72215	-0.72228	0.72247	-0.72264	0.72266	-0.72359	0.72378	0.72445	-0.7245	0.72599	-0.72599	0.72613	-0.72618	-0.72669	0.72677	-0.72701	0.72714	0.72877	-0.72881	-0.72959	0.72963	-0.73004	0.73009	0.73083	-0.73087	0.73196	-0.73204	0.73265	-0.73266	-0.73796	0.73812	-0.73994	0.74005	-0.74009	0.7402	0.74143	-0.74149	-0.74806	0.74832	0.75357	-0.75368	0.75761	-0.75786	-0.88311	0.88313	-0.94279	0.94299	-0.97998	0.98002	-1.0061	1.0062	-1.0228	1.0229	-1.0254	1.0254	-1.0261	1.0262	-1.0412	1.0413	-1.0458	1.0459	1.0557	-1.0558	1.0617	-1.0619	-1.0691	1.0691	-1.0752	1.0754	1.0808	-1.0809	1.0829	-1.083	1.094	-1.094	1.0976	-1.0977	1.1018	-1.102	1.1059	-1.1059	-1.1071	1.1077	-1.1129	1.1131	-1.1216	1.1217	-1.1241	1.1241	1.1307	-1.1309	-1.1314	1.1314	-1.142	1.1421	-1.1428	1.1429	1.1472	-1.1472	-1.1525	1.1527	-1.1553	1.1553	1.1568	-1.157	-1.1632	1.1634	-1.1665	1.1666	1.1676	-1.1678	1.1758	-1.176	-1.1787	1.1788	1.1855	-1.1857	1.1903	-1.1905	-1.1914	1.1918	1.2111	-1.2113	-1.2134	1.2135	1.2192	-1.2194	-1.2204	1.2208	1.224	-1.2241	1.225	-1.225	-1.2293	1.2296	1.2319	-1.232	1.2419	-1.242	-1.2437	1.2438	-1.2547	1.2547	1.257	-1.2572	-1.2574	1.2577	-1.2722	1.2726	1.2727	-1.2729	-1.2762	1.2768	1.2809	-1.281	1.2811	-1.2815	1.2852	-1.2854	1.2979	-1.298	-1.2999	1.2999	-1.3005	1.3008	-1.3093	1.3094	-1.3161	1.3162	-1.3268	1.3272	1.3415	-1.3416	-1.347	1.3471	1.3486	-1.3487	1.35	-1.3502	-1.3588	1.3588	1.3679	-1.3679	-1.3694	1.3697	-1.3718	1.3718	1.3919	-1.392	-1.4025	1.4025	-1.4041	1.4043	-1.4089	1.4092	-1.4095	1.4097	1.4215	-1.4216	1.4347	-1.4351	-1.4452	1.4454	-1.4497	1.4501	-1.4526	1.4527	1.4837	-1.4839	-1.4866	1.4867	-1.4894	1.4897	1.4906	-1.4907	-1.4911	1.4917	1.4968	-1.4968	1.5014	-1.5018	1.5136	-1.5138	1.5169	-1.517	-1.5171	1.5173	-1.5202	1.5203	-1.5287	1.529	1.5312	-1.5313	1.5321	-1.5322	1.5357	-1.5358	1.5374	-1.5376	1.5421	-1.5423	-1.5474	1.5474	-1.5534	1.5535	-1.5561	1.5561	-1.5673	1.5675	-1.5709	1.571	1.5816	-1.5819	-1.5875	1.5876	1.589	-1.5893	1.6079	-1.6081	-1.6108	1.6108	1.6269	-1.627	-1.6283	1.6285	-1.6302	1.6303	-1.6338	1.6339	-1.6397	1.6401	1.6458	-1.6458	-1.6603	1.6605	-1.6746	1.6748	-1.6796	1.6799	-1.704	1.7041	1.7046	-1.7047	-1.7134	1.7135	-1.7151	1.7152	1.7174	-1.7176	1.718	-1.7183	-1.731	1.731	1.7348	-1.7349	-1.7392	1.7392	-1.7422	1.7428	1.7536	-1.7539	1.7546	-1.7548	1.7683	-1.7685	1.7706	-1.7708	1.7901	-1.7901	-1.792	1.7921	1.8105	-1.8107	-1.8151	1.8152	-1.8155	1.8156	-1.8164	1.8166	-1.8256	1.8259	1.8261	-1.8261	-1.8272	1.8276	-1.8497	1.8499	-1.8566	1.8568	1.8644	-1.8645	-1.8673	1.8681	-1.8687	1.8692	-1.8707	1.8714	1.8723	-1.8726	-1.8852	1.8856	-1.8925	1.8931	-1.899	1.8993	1.9095	-1.91	1.9125	-1.9127	-1.9157	1.916	-1.925	1.9254	1.9341	-1.9342	1.9371	-1.9372	-1.9429	1.9432	
0	1.0681	-0.36569	0.36581	-0.47648	0.4766	0.53089	-0.53104	-0.56447	0.56453	0.58854	-0.58858	-0.60734	0.60735	0.62173	-0.62181	-0.63361	0.63371	0.64472	-0.64477	0.65224	-0.65238	-0.66101	0.66109	-0.66492	0.66502	-0.67454	0.67461	-0.6747	0.67481	0.6787	-0.67882	0.6834	-0.68348	0.69102	-0.69117	-0.69572	0.69583	0.6979	-0.69803	-0.69828	0.69832	-0.70416	0.70418	-0.70444	0.70455	0.70579	-0.70579	-0.70697	0.70703	-0.70782	0.70785	0.70896	-0.709	0.7096	-0.70966	-0.70972	0.70984	0.71199	-0.71211	0.71257	-0.71264	-0.71325	0.71331	-0.71397	0.71412	0.71475	-0.71485	0.71493	-0.71501	0.72071	-0.72086	-0.72171	0.72194	-0.72204	0.72212	0.72395	-0.72418	0.72965	-0.7298	-0.73518	0.73523	-0.73558	0.73561	0.73922	-0.7393	-0.89246	0.89267	-0.9509	0.95096	-0.98766	0.98783	-1.013	1.0132	1.0227	-1.0227	1.0254	-1.0255	-1.0331	1.0332	-1.0478	1.0479	-1.0522	1.0522	1.0618	-1.0618	-1.0621	1.0621	1.0697	-1.0699	-1.0815	1.0816	-1.0826	1.0827	1.087	-1.0871	-1.0975	1.0977	-1.1003	1.1005	-1.1017	1.1018	1.1057	-1.1058	-1.1136	1.1138	-1.1192	1.1193	-1.1231	1.1232	-1.1307	1.1307	1.1311	-1.1313	-1.1374	1.1375	-1.1485	1.1486	-1.1487	1.1488	-1.1529	1.1529	-1.155	1.1551	1.1594	-1.1598	-1.1633	1.1633	-1.17	1.1701	-1.1734	1.1734	-1.1741	1.1741	-1.175	1.1751	1.1856	-1.1858	-1.1904	1.1905	1.1925	-1.1925	-1.1979	1.198	-1.211	1.2111	-1.2195	1.2196	1.2238	-1.2239	-1.2251	1.2251	1.2262	-1.2264	1.2307	-1.2309	-1.2319	1.232	1.2324	-1.2324	1.2475	-1.2476	1.249	-1.2492	-1.2544	1.2545	1.2625	-1.2626	1.2628	-1.263	-1.2714	1.2718	-1.2726	1.2726	1.2817	-1.2821	1.2852	-1.2853	-1.2862	1.2864	-1.2867	1.2868	1.3005	-1.3007	-1.3026	1.3026	-1.3036	1.3038	1.315	-1.3153	-1.3218	1.322	-1.327	1.3274	1.3412	-1.3416	-1.3463	1.3466	-1.3483	1.3495	1.3497	-1.3499	-1.3587	1.3587	1.3688	-1.3691	-1.3709	1.3713	1.3728	-1.3728	1.3914	-1.3916	-1.4031	1.4031	1.4053	-1.4054	-1.4089	1.4092	-1.4117	1.4124	1.4212	-1.4214	-1.4349	1.4352	-1.4478	1.4479	-1.4494	1.4494	-1.4527	1.4527	-1.4835	1.4836	-1.4865	1.4866	1.4893	-1.4898	1.4904	-1.4905	1.4909	-1.491	1.4966	-1.4966	-1.4997	1.5001	-1.5135	1.5137	1.5172	-1.5172	1.5196	-1.5198	-1.52	1.5202	-1.5289	1.5291	1.531	-1.5311	1.5315	-1.5316	-1.5359	1.536	1.5374	-1.5377	1.5449	-1.545	1.5472	-1.5474	-1.5528	1.5529	1.5544	-1.5545	-1.5667	1.5669	-1.5712	1.5713	1.5832	-1.5832	1.5874	-1.5876	1.5922	-1.5923	1.6077	-1.6081	1.61	-1.6102	-1.6259	1.626	1.6299	-1.6302	-1.6321	1.6323	-1.6337	1.6341	-1.6383	1.6384	-1.6486	1.6487	1.66	-1.6605	1.6732	-1.6733	1.6802	-1.6803	-1.7028	1.7029	1.7085	-1.7086	-1.714	1.7144	-1.7147	1.7149	-1.7164	1.7168	-1.7181	1.7183	-1.7334	1.7335	-1.737	1.7372	-1.7375	1.7377	-1.7446	1.7447	1.7538	-1.754	-1.7554	1.7556	-1.7686	1.7687	1.7733	-1.7738	1.79	-1.7902	1.7919	-1.7921	-1.8104	1.8106	1.8151	-1.8152	-1.8183	1.8186	1.8198	-1.8201	1.8257	-1.8258	-1.8259	1.8259	1.8289	-1.8291	1.849	-1.8491	-1.8597	1.8601	1.8648	-1.8648	1.8703	-1.8703	-1.8706	1.8708	-1.8712	1.8714	1.8756	-1.8762	-1.8852	1.8852	-1.8924	1.8926	1.8988	-1.8988	1.9134	-1.914	-1.9142	1.9143	1.9173	-1.9174	1.9258	-1.9263	-1.937	1.9371	-1.9375	1.9379	-1.943	1.9431	
0	1.131	-0.3549	0.35513	-0.46272	0.4629	-0.51584	0.51601	0.54843	-0.54863	0.57217	-0.57217	-0.59057	0.59071	-0.60487	0.60487	0.61676	-0.61676	0.62743	-0.62756	-0.63502	0.6353	0.64355	-0.64368	0.64756	-0.64762	-0.65675	0.65677	-0.65719	0.65737	0.66111	-0.66134	0.66626	-0.66643	0.67264	-0.6732	0.6782	-0.67829	-0.67995	0.67998	-0.68108	0.68111	-0.68603	0.68606	-0.68634	0.68643	-0.68845	0.68873	0.68975	-0.68996	0.69065	-0.69068	-0.69102	0.69114	-0.69213	0.69229	-0.69254	0.69264	0.69494	-0.69495	-0.69516	0.69528	0.69574	-0.69587	-0.69661	-0.69673	0.69674	0.69687	0.69738	-0.69761	-0.70279	0.70293	0.70325	-0.70329	0.70341	-0.70344	-0.70588	0.70611	-0.71112	0.71112	0.71683	-0.71697	-0.72027	0.72046	-0.74374	0.74415	-0.9016	0.90175	0.95866	-0.95883	0.99474	-0.99491	1.0198	-1.0201	-1.0225	1.0227	-1.0253	1.0255	1.0397	-1.04	-1.0539	1.054	-1.058	1.0583	-1.0617	1.0619	1.0676	-1.0683	1.0701	-1.0701	1.0822	-1.0824	1.0872	-1.0874	-1.0928	1.0933	1.0977	-1.0977	1.1016	-1.1019	-1.1055	1.1056	1.1061	-1.1063	1.1198	-1.1199	1.1249	-1.125	-1.1251	1.1253	1.1308	-1.1312	-1.1368	1.1372	-1.1436	1.1438	-1.1543	1.1544	-1.1546	1.1548	-1.1549	1.1553	1.1585	-1.1586	-1.166	1.1662	-1.1691	1.1694	-1.1742	1.1744	1.1764	-1.1765	-1.1799	1.18	-1.1802	1.1803	-1.1901	1.1905	-1.1925	1.1926	1.1985	-1.1989	-1.2035	1.2038	-1.2109	1.2111	-1.2237	1.2237	-1.2254	1.2254	-1.2307	1.231	-1.2323	1.2324	-1.2327	1.2328	-1.2344	1.2347	1.2364	-1.2364	-1.2533	1.2535	-1.2542	1.2543	-1.2548	1.2551	1.2677	-1.268	-1.2682	1.2682	-1.2706	1.2712	1.2727	-1.2727	1.2847	-1.285	-1.2871	1.2871	-1.2912	1.2916	-1.2919	1.2923	1.3007	-1.3007	1.3056	-1.3057	1.3087	-1.309	-1.3203	1.3204	1.3269	-1.327	1.3272	-1.3275	-1.3413	1.3414	1.3462	-1.3463	-1.3486	1.3488	-1.3494	1.3498	-1.3584	1.3585	1.3699	-1.3701	-1.3706	1.3711	-1.3755	1.3758	1.3906	-1.3909	-1.402	1.4024	1.4084	-1.4084	1.4089	-1.4093	1.415	-1.4152	-1.4208	1.4214	1.4347	-1.4348	-1.4485	1.449	-1.4506	1.4511	1.4524	-1.4526	-1.4832	1.4834	-1.4862	1.4873	1.4893	-1.4895	-1.4899	1.4901	1.4907	-1.4907	-1.4967	1.4969	-1.498	1.498	1.5131	-1.5135	-1.5167	1.5168	-1.5191	1.5194	-1.5229	1.5236	-1.529	1.5291	-1.5303	1.5306	-1.5309	1.5309	-1.5357	1.536	1.5375	-1.5376	1.5469	-1.5473	-1.5476	1.5479	-1.5521	1.5524	1.5527	-1.5528	-1.5661	1.5666	-1.5711	1.5718	-1.5845	1.5848	1.5872	-1.5873	-1.5945	1.5952	1.6075	-1.6077	1.6101	-1.6101	-1.6247	1.6249	-1.6301	1.6303	-1.6335	1.6338	1.6359	-1.6363	-1.6367	1.637	1.651	-1.6511	1.6594	-1.6595	-1.6715	1.672	-1.68	1.68	-1.7015	1.7016	1.7121	-1.7123	1.7136	-1.7137	-1.7154	1.7155	1.7163	-1.7165	-1.7181	1.7182	-1.7349	1.7353	1.7357	-1.7358	-1.7402	1.7408	-1.747	1.7475	1.7533	-1.7541	-1.7562	1.7563	-1.7684	1.7687	-1.7766	1.7766	1.79	-1.7901	-1.7915	1.7921	-1.8101	1.8105	1.8151	-1.8152	-1.8211	1.8214	-1.8235	1.8237	1.8252	-1.8257	-1.8262	1.8267	-1.8304	1.8308	1.8479	-1.848	-1.8628	1.8629	-1.8643	1.8647	1.87	-1.8703	1.873	-1.8732	-1.8741	1.8745	-1.8793	1.8798	1.8851	-1.8854	1.8921	-1.8921	-1.8971	1.898	1.9147	-1.9153	1.9175	-1.9178	1.9186	-1.9189	1.9266	-1.9267	-1.9376	1.9378	1.9401	-1.9407	-1.9423	1.9432	
0	1.1938	-0.34442	0.34446	-0.44883	0.44903	-0.50061	0.50069	-0.53267	0.53272	0.55574	-0.55576	-0.57369	0.57379	0.58779	-0.58787	0.59935	-0.5995	-0.60976	0.61006	-0.61718	0.61737	-0.62577	0.62582	0.62974	-0.62988	-0.6386	0.63877	-0.63965	0.63971	0.64358	-0.64362	-0.6486	0.64867	-0.65455	0.65474	0.66064	-0.66076	0.66139	-0.66155	0.66331	-0.66344	-0.66754	0.66772	-0.66773	0.6679	-0.67067	0.67101	0.67218	-0.67225	0.6725	-0.6726	0.67319	-0.67342	-0.67407	0.67449	0.67499	-0.67499	-0.67707	0.6771	-0.67728	0.67742	-0.67813	0.67822	0.67829	-0.67835	-0.67892	0.67901	0.67955	-0.67971	-0.68437	0.68442	-0.68451	0.68465	-0.68476	0.68481	0.6875	-0.68763	0.69221	-0.69233	0.69786	-0.69811	-0.70129	0.70138	0.75355	-0.75369	-0.91064	0.91072	-0.96645	0.96657	-1.0016	1.0018	1.022	-1.0225	1.0249	-1.0256	-1.0261	1.0264	-1.0459	1.046	-1.0599	1.0602	1.0617	-1.062	1.0636	-1.0639	-1.0708	1.0709	1.0735	-1.0739	1.082	-1.0821	1.093	-1.0933	1.0975	-1.0978	-1.0986	1.0988	1.1013	-1.1015	-1.1056	1.106	1.1119	-1.1123	-1.126	1.1261	-1.1266	1.1266	-1.1304	1.1309	-1.1311	1.1311	1.1428	-1.1432	1.1492	-1.1496	-1.1543	1.1548	-1.1602	1.1602	-1.1604	1.1609	-1.164	1.1645	1.1723	-1.1724	1.1736	-1.1736	1.1751	-1.1754	1.1826	-1.1827	1.1862	-1.1862	-1.1865	1.1868	-1.1904	1.1904	1.1991	-1.1991	1.2049	-1.2051	1.2094	-1.2096	1.211	-1.211	-1.2238	1.2241	1.2307	-1.231	-1.2332	1.2333	1.2364	-1.2366	-1.2373	1.2375	1.2377	-1.238	1.2418	-1.242	1.254	-1.2542	1.259	-1.2591	-1.26	1.2601	-1.2699	1.2703	-1.2722	1.2727	1.2732	-1.2732	-1.2735	1.2738	-1.2847	1.2851	1.2922	-1.2924	1.2966	-1.2969	-1.2971	1.2974	-1.3001	1.3009	-1.3086	1.3087	-1.3142	1.3144	-1.3257	1.3258	1.3267	-1.327	-1.3328	1.333	-1.3409	1.3409	-1.3457	1.3457	-1.3487	1.3489	1.3493	-1.3496	-1.3586	1.3588	1.3702	-1.3704	1.3715	-1.3715	-1.3785	1.379	1.3902	-1.3906	-1.4006	1.4007	1.4087	-1.4089	-1.4111	1.4117	1.418	-1.4183	1.421	-1.4213	-1.4345	1.4349	1.448	-1.4483	-1.4527	1.4528	-1.4536	1.4538	1.483	-1.4831	-1.4863	1.4872	1.4891	-1.4891	-1.4895	1.4896	1.49	-1.4901	1.4962	-1.4964	-1.4969	1.4977	1.5132	-1.5132	1.517	-1.517	-1.5187	1.5187	1.5262	-1.5263	1.5284	-1.529	-1.5298	1.5301	-1.5301	1.5304	-1.5356	1.5362	-1.5376	1.5376	1.5471	-1.5471	1.5502	-1.5503	-1.5509	1.5509	-1.5517	1.5519	-1.5659	1.5659	-1.5707	1.5709	1.5858	-1.5861	-1.5872	1.5876	1.5984	-1.5986	1.607	-1.6074	1.6098	-1.6099	1.6238	-1.624	1.6306	-1.6311	1.6331	-1.6336	1.6353	-1.6356	1.6408	-1.6408	1.6539	-1.654	1.6589	-1.6596	-1.6701	1.6709	1.6802	-1.6803	1.6998	-1.7002	-1.7127	1.7128	-1.7145	1.7147	-1.7164	1.7166	-1.7179	1.7182	-1.7185	1.7186	-1.733	1.7332	-1.7384	1.7391	1.7432	-1.7435	-1.749	1.7499	-1.7536	1.7541	1.7569	-1.7573	-1.7683	1.7686	1.7794	-1.7794	-1.7899	1.79	-1.7919	1.7921	1.81	-1.8101	1.8149	-1.8152	1.8235	-1.8241	1.8255	-1.8258	1.8259	-1.8259	-1.8272	1.8275	-1.8324	1.8327	-1.8475	1.8477	-1.8643	1.8646	1.8661	-1.8662	-1.8696	1.8697	1.8758	-1.8761	1.8765	-1.8767	-1.8828	1.8832	-1.8853	1.8854	-1.8917	1.8926	1.8971	-1.8975	1.9161	-1.9162	1.9192	-1.9202	-1.9213	1.9217	-1.9278	1.9278	1.9368	-1.9371	-1.942	1.9426	1.9438	-1.9439	
0	1.2566	-0.33351	0.33373	-0.43493	0.43507	0.48525	-0.48538	-0.51654	0.51664	0.53908	-0.53918	0.55671	-0.55698	0.57059	-0.57068	0.58172	-0.58207	-0.59212	0.59223	0.59957	-0.59964	-0.60766	0.60768	-0.61197	0.6122	0.6205	-0.62055	0.62153	-0.62155	0.62567	-0.62572	0.63063	-0.63068	-0.63603	0.63609	0.64241	-0.6426	0.64282	-0.6429	0.64522	-0.64539	0.64884	-0.64892	0.64905	-0.64906	-0.65279	0.65281	0.65367	-0.65377	-0.65432	0.65436	0.65529	-0.65548	-0.65588	0.65593	-0.6571	0.65711	0.65888	-0.65889	-0.65918	0.65924	-0.65937	0.65964	-0.66009	0.66012	-0.66072	0.66082	0.6612	-0.6614	-0.66525	0.66537	0.66559	-0.6656	-0.66599	0.66606	0.66907	-0.66907	0.673	-0.67311	0.67871	-0.67893	0.68185	-0.68197	-0.76276	0.76312	-0.91935	0.91962	0.97355	-0.97369	-1.008	1.0084	1.0222	-1.0222	-1.0254	1.0256	-1.0323	1.0327	-1.0521	1.0522	-1.0617	1.0618	1.0655	-1.0656	-1.0687	1.0688	1.0715	-1.0716	1.0791	-1.0792	-1.0818	1.0818	1.0977	-1.0977	1.0981	-1.0984	1.1012	-1.1014	-1.1039	1.104	1.1052	-1.1054	1.1173	-1.1175	1.1284	-1.1285	-1.1307	1.1309	-1.1315	1.1315	1.1362	-1.1363	1.1485	-1.1489	1.1544	-1.1545	-1.1551	1.1552	1.1656	-1.1658	-1.1661	1.1663	1.1692	-1.1697	1.1727	-1.1729	1.1783	-1.1784	-1.1808	1.1808	-1.1885	1.1889	-1.1903	1.1903	-1.1918	1.1919	1.1925	-1.1926	1.2054	-1.2055	1.2108	-1.2111	1.2112	-1.2114	1.2152	-1.2152	1.2235	-1.2237	-1.2338	1.2338	-1.2365	1.2369	-1.2402	1.2404	-1.242	1.2422	1.2434	-1.2435	1.2469	-1.2473	-1.2539	1.2539	1.2643	-1.2644	1.2656	-1.2657	1.2693	-1.2693	1.2722	-1.2725	1.2783	-1.2785	1.2785	-1.2786	-1.2845	1.2846	-1.2971	1.2974	1.3006	-1.3007	-1.3019	1.302	1.3026	-1.3026	-1.312	1.3121	-1.3193	1.3196	1.3264	-1.3269	-1.3312	1.3313	1.3381	-1.3383	-1.3409	1.3409	1.3453	-1.3454	-1.3488	1.3488	1.3493	-1.3493	1.3585	-1.3586	-1.3697	1.37	1.3725	-1.3727	-1.3819	1.382	-1.3902	1.3903	1.3993	-1.3994	1.4084	-1.4087	1.4144	-1.4146	1.4204	-1.4207	1.4211	-1.4212	1.4343	-1.4345	1.4478	-1.4481	1.4521	-1.4526	1.4565	-1.4569	-1.4826	1.4826	1.4862	-1.4864	1.4887	-1.489	-1.4892	1.4893	1.4895	-1.4896	1.4946	-1.4952	-1.4969	1.4971	1.513	-1.5131	1.5171	-1.5173	1.518	-1.5181	-1.5285	1.5288	-1.5292	1.5293	-1.5297	-1.5299	1.53	1.5304	1.5357	-1.5358	-1.5375	1.5377	1.5472	-1.5473	1.5492	-1.5495	1.5511	-1.5512	-1.553	1.5538	1.5655	-1.5655	-1.5709	1.571	-1.5869	1.5869	1.5879	-1.5883	-1.6009	1.6014	1.6069	-1.6071	-1.6094	1.6096	-1.623	1.6232	-1.6302	1.6305	1.6331	-1.6332	1.6335	-1.6337	-1.6445	1.6449	-1.6566	1.6569	1.6586	-1.6589	-1.6689	1.6695	-1.6803	1.6804	-1.6985	1.6989	1.7121	-1.7121	1.7134	-1.7137	1.7179	-1.7182	1.7198	-1.7202	1.7207	-1.7209	1.7315	-1.7317	-1.7413	1.7415	-1.7464	1.7464	1.7528	-1.7534	1.7536	-1.7537	-1.758	1.7581	-1.7684	1.7688	1.7825	-1.7827	-1.7899	1.7902	-1.7916	1.7922	1.8097	-1.8109	1.8147	-1.8154	1.8256	-1.8256	-1.8259	1.826	-1.8268	1.8272	-1.8308	1.8315	-1.8344	1.8345	1.8464	-1.8466	1.8645	-1.8645	1.8689	-1.8691	-1.8694	1.8696	1.8791	-1.8792	1.8794	-1.8797	-1.8851	1.8854	1.8864	-1.8866	1.8913	-1.8922	-1.8966	1.8969	-1.9177	1.9182	-1.9219	1.9223	-1.9253	1.9255	1.9284	-1.9286	-1.9372	1.9374	1.9426	-1.9432	-1.9452	1.9455	
0	1.3195	-0.32288	0.32294	-0.4209	0.42107	-0.46979	0.46992	0.5001	-0.5004	0.52246	-0.52249	0.5395	-0.53983	-0.55282	0.55294	-0.56414	0.56422	0.5743	-0.57436	-0.58141	0.58182	-0.58928	0.58976	-0.59367	0.59381	0.60183	-0.60207	0.60336	-0.60338	0.60704	-0.60754	-0.61211	0.6125	-0.61629	0.6168	0.62381	-0.62384	-0.6242	0.62458	0.62661	-0.62694	0.62941	-0.62953	-0.63003	0.63026	0.63421	-0.63425	-0.63458	0.63466	0.63601	-0.63627	0.63671	-0.63696	-0.63724	0.6374	0.63861	-0.63867	-0.64012	0.64015	-0.64027	0.64047	-0.64066	0.64102	-0.64141	0.64156	-0.64216	0.64233	-0.64271	0.64273	-0.64592	0.64608	-0.64619	0.6465	-0.64707	0.64745	-0.65006	0.65006	0.6536	-0.65378	-0.65935	0.65948	0.6625	-0.6627	-0.7717	0.77245	-0.92765	0.92799	-0.98056	0.98082	-1.0143	1.0148	1.0222	-1.0223	1.0252	-1.0253	-1.0381	1.0386	1.0575	-1.0581	1.0616	-1.0617	1.0707	-1.0708	1.0718	-1.072	1.0736	-1.074	1.0813	-1.0815	-1.0839	1.0848	-1.0975	1.0979	1.1011	-1.1011	-1.1032	1.1038	1.105	-1.1051	-1.109	1.1092	1.1226	-1.1227	-1.1302	1.1303	1.1304	-1.1309	-1.1368	1.1369	1.1412	-1.1418	1.1541	-1.1542	1.1546	-1.1548	-1.1603	1.1605	1.1709	-1.1711	1.1716	-1.1718	-1.1721	1.1723	-1.1744	1.1748	1.1838	-1.1839	-1.1862	1.1865	-1.1899	1.1905	1.1941	-1.1945	-1.1973	1.1974	-1.198	1.1984	-1.2109	1.211	1.2111	-1.2114	-1.2165	1.2166	-1.2206	1.2209	-1.2233	1.2241	1.2342	-1.2344	1.2412	-1.2418	-1.243	1.2432	1.2473	-1.2478	1.2487	-1.2489	-1.2517	1.252	-1.2529	1.2538	-1.2683	1.2685	1.2695	-1.2699	1.2704	-1.2706	1.2725	-1.2725	1.2827	-1.2829	1.2835	-1.2837	1.2844	-1.2847	1.2999	-1.3005	-1.3019	1.3024	1.3067	-1.3069	1.3073	-1.3074	1.3151	-1.3152	-1.3241	1.3245	-1.3266	1.3267	-1.3363	1.3365	1.3407	-1.3409	-1.3432	1.3437	-1.3446	1.3448	-1.3485	1.3486	-1.3493	1.3494	1.3584	-1.3586	1.3694	-1.3697	-1.3741	1.3742	-1.3851	1.3858	-1.3895	1.3896	1.3981	-1.3981	-1.4081	1.4085	-1.4174	1.4179	-1.4203	1.4204	-1.4242	1.4246	-1.4343	1.4345	-1.4472	1.4473	-1.4526	1.4528	-1.4599	1.4609	1.4819	-1.4821	1.4863	-1.4864	1.4883	-1.4886	-1.4889	1.4889	-1.4891	1.4893	1.493	-1.4935	1.4971	-1.4973	1.5129	-1.5129	-1.5166	1.5167	1.5175	-1.5179	-1.5283	-1.5286	1.5288	1.5293	-1.53	1.5301	-1.533	1.5335	1.5355	-1.5357	-1.5374	1.5376	-1.5471	1.5475	-1.5479	1.548	-1.5503	1.5504	-1.5563	1.5563	1.5648	-1.5657	-1.5711	1.5711	1.5869	-1.5871	-1.5898	1.5901	-1.6045	1.6046	-1.6065	1.6068	1.6089	-1.6092	1.6212	-1.6215	-1.6301	1.6302	-1.6323	1.6324	-1.633	1.6335	-1.6487	1.6489	-1.6581	1.6583	-1.6594	1.66	1.6676	-1.6678	1.6802	-1.6804	1.6974	-1.6979	-1.711	1.7115	-1.7127	1.713	-1.7179	1.7182	-1.7215	1.7223	1.7246	-1.725	-1.7297	1.7299	1.7437	-1.7446	-1.7491	1.7496	1.7531	-1.7545	-1.7557	1.756	-1.7588	1.7589	1.768	-1.7686	-1.7856	1.7873	1.7897	-1.7899	1.7916	-1.7919	-1.8097	1.8102	1.8152	-1.8152	-1.825	1.8256	-1.826	1.8261	1.8297	-1.8298	1.8343	-1.8349	1.8358	-1.8366	1.8463	-1.8466	1.8643	-1.8648	1.8691	-1.8693	-1.8723	1.8725	1.8791	-1.8821	-1.8829	1.8829	1.8854	-1.8855	-1.89	1.8909	-1.8912	1.892	-1.8957	1.8966	1.917	-1.9189	-1.9239	1.9241	1.9287	-1.9287	-1.9295	1.9303	1.937	-1.9376	1.9429	-1.943	1.9444	-1.9451	
0	1.3823	0.31203	-0.31211	-0.40694	0.40709	-0.4545	0.45451	-0.48393	0.48411	0.50547	-0.50547	-0.52234	0.52237	0.53533	-0.53562	0.5462	-0.54622	-0.55582	0.55607	-0.56338	0.56346	-0.57082	0.57112	0.57506	-0.57525	-0.5832	0.58339	-0.58471	0.58479	-0.58856	0.58857	0.59372	-0.59372	0.59785	-0.59812	0.60485	-0.60489	0.60504	-0.60534	-0.60814	0.60818	-0.61065	0.61068	0.61076	-0.61106	0.61509	-0.61531	0.61551	-0.61561	0.61701	-0.61711	0.61784	-0.61805	0.61818	-0.61837	0.61951	-0.62002	-0.62086	-0.62105	0.62107	0.62124	0.62184	-0.6219	0.62243	-0.62244	0.62313	-0.6234	-0.62362	0.62369	-0.62639	0.62642	0.62675	-0.62688	-0.62776	0.62779	-0.63073	0.63077	-0.63387	0.63388	0.63971	-0.63987	0.64225	-0.64242	0.78088	-0.78103	-0.93579	0.93599	0.98639	-0.98661	-1.0197	1.0199	1.0218	-1.022	1.0248	-1.0256	-1.0434	1.0435	1.0613	-1.0617	1.0634	-1.0635	-1.0728	1.0729	-1.0756	1.0757	-1.0785	1.0788	1.0805	-1.0814	-1.0889	1.089	1.0974	-1.0974	1.1008	-1.1011	-1.1051	1.1051	-1.1084	1.1084	1.1137	-1.114	1.1275	-1.1281	-1.1301	1.1302	1.1319	-1.1323	-1.1417	1.1418	-1.1468	1.1469	1.1534	-1.154	-1.1591	1.1593	-1.1658	1.1658	-1.1708	1.1708	-1.1761	1.1762	-1.1766	1.1768	1.1786	-1.1793	1.1892	-1.1892	-1.1901	1.1903	-1.1914	1.1915	1.1997	-1.1998	-1.2023	1.2028	1.2035	-1.2038	1.2109	-1.211	-1.2171	1.2172	1.222	-1.2224	1.223	-1.2235	-1.2255	1.2256	-1.2346	1.2348	-1.2459	1.2461	-1.2471	1.2471	1.2521	-1.2522	1.253	-1.2533	-1.2538	1.254	-1.2567	1.2567	-1.2671	1.2676	1.2723	-1.2726	1.2744	-1.2747	-1.2755	1.2758	-1.2839	1.2841	1.2874	-1.2881	-1.2883	1.289	1.2994	-1.3004	-1.3068	1.3068	-1.3115	1.3119	-1.3123	1.3129	1.318	-1.3182	-1.3266	1.3268	1.3289	-1.3292	-1.3407	1.3407	1.3414	-1.3418	1.3438	-1.3447	1.348	-1.3481	1.3487	-1.3489	-1.3494	1.35	1.3579	-1.3584	1.3682	-1.3683	1.3748	-1.3752	-1.3885	1.3885	1.3889	-1.3896	-1.3963	1.3964	1.4077	-1.4083	-1.4199	1.42	1.4206	-1.4214	-1.4269	1.4274	-1.434	1.4341	-1.4464	1.4464	1.4522	-1.4524	1.4629	-1.4632	1.4811	-1.4812	1.4854	-1.4866	-1.4869	1.4877	1.488	-1.4885	1.4888	-1.4893	-1.492	1.4927	1.4965	-1.497	1.5128	-1.5128	1.5164	-1.5167	1.5167	-1.5175	1.5271	-1.5276	1.5289	-1.5291	-1.5294	1.5298	1.5341	-1.5357	-1.5362	1.5366	-1.5373	1.5377	1.5457	-1.5462	1.5466	-1.5471	1.5493	-1.5499	-1.5595	1.561	-1.5642	1.5645	1.5705	-1.5707	-1.5868	1.5879	-1.591	1.5915	-1.6054	1.6062	1.6076	-1.608	1.6088	-1.6102	1.6208	-1.6212	1.6294	-1.6303	1.6305	-1.6311	1.6326	-1.6332	-1.6528	1.6529	1.6575	-1.6583	-1.6623	1.6632	-1.6657	1.666	1.6809	-1.6811	-1.6962	1.6966	1.7096	-1.7104	1.7117	-1.712	1.7175	-1.7186	1.7238	-1.7239	1.7272	-1.7275	1.7286	-1.7287	1.7456	-1.7477	-1.7522	1.7522	1.7539	-1.7541	-1.7582	1.7587	-1.7594	1.7596	1.768	-1.7684	-1.7887	1.7888	1.7896	-1.7901	-1.7919	1.7923	1.8093	-1.8097	1.8151	-1.8152	1.8258	-1.8258	1.8261	-1.8262	-1.8326	1.8329	1.8378	-1.8383	1.8389	-1.839	-1.8446	1.845	1.8641	-1.8644	1.8687	-1.8687	-1.8749	1.8755	1.8844	-1.8845	-1.8851	1.8852	-1.886	1.887	1.8887	-1.891	1.8939	-1.8942	-1.8958	1.8964	-1.9205	1.921	-1.9251	1.9266	1.9289	-1.9296	-1.9324	1.9328	1.9366	-1.9373	-1.9425	1.9428	-1.9445	1.9445	
0	1.4451	-0.3009	0.30116	-0.39274	0.39289	-0.43886	0.43889	0.46746	-0.46754	-0.48841	0.48855	-0.50471	0.50487	0.51767	-0.51773	-0.52798	0.52822	0.53744	-0.5376	-0.54492	0.54555	-0.55227	0.55234	0.55639	-0.55656	0.56431	-0.56433	-0.56589	0.56592	0.56957	-0.56967	-0.57483	0.57503	-0.57892	0.579	0.58538	-0.58543	-0.58597	0.58634	0.58903	-0.58913	0.59101	-0.59104	-0.59141	0.59143	0.59576	-0.59578	-0.59632	0.59643	0.59776	-0.59788	0.59861	-0.59882	0.59884	-0.59903	0.60046	-0.60063	-0.60112	0.60138	-0.60169	0.6019	-0.60256	0.60262	0.60331	-0.60344	0.60372	-0.60393	-0.60418	0.60467	-0.6065	0.60666	0.60692	-0.60705	-0.60812	0.60838	-0.61107	0.61125	0.61379	-0.61391	0.61984	-0.61986	0.62237	-0.62249	-0.78968	0.78984	0.94357	-0.94394	0.99278	-0.99279	1.0221	-1.0221	1.0251	-1.0254	1.0256	-1.0258	-1.049	1.0491	1.0615	-1.0617	1.0685	-1.0686	1.0736	-1.0738	-1.0803	1.0806	-1.0807	1.0807	1.0831	-1.0833	-1.0936	1.0936	-1.0978	1.0979	-1.1007	1.101	1.1047	-1.1049	-1.1127	1.1127	1.1184	-1.1187	1.13	-1.1302	-1.1322	1.1325	-1.1344	1.1347	1.1468	-1.1468	-1.1513	1.1515	1.1536	-1.1536	-1.1645	1.1645	1.1698	-1.1699	-1.1705	1.1706	-1.1809	1.1812	-1.1816	1.1819	1.1835	-1.1837	1.1901	-1.1902	1.1947	-1.1948	-1.196	1.1965	1.2047	-1.2049	1.2072	-1.2074	1.2089	-1.2091	-1.2111	1.2112	1.2224	-1.2226	1.2234	-1.2238	-1.2274	1.2274	1.2304	-1.2306	1.2353	-1.2357	1.2492	-1.2495	-1.252	1.2521	-1.253	1.2533	-1.2575	1.2575	1.2586	-1.2587	1.2616	-1.2618	-1.2666	1.2667	1.2726	-1.2727	-1.2796	1.2797	1.28	-1.28	-1.2837	1.2837	1.2925	-1.2926	-1.2933	1.2935	1.3004	-1.3006	1.3115	-1.3117	-1.3161	1.3162	-1.3168	1.3169	1.3217	-1.3217	1.3267	-1.3267	-1.334	1.334	1.3399	-1.3405	1.3437	-1.3439	-1.3466	1.3467	1.3479	-1.3484	1.3493	-1.3498	-1.3536	1.3538	1.3585	-1.359	-1.368	1.3683	1.3769	-1.3771	1.3883	-1.3886	1.392	-1.3921	-1.3954	1.3956	-1.4081	1.4084	-1.4199	1.4199	1.4239	-1.424	1.4306	-1.4309	-1.4337	1.4338	1.4459	-1.446	-1.4527	1.4528	-1.4655	1.4658	-1.4812	1.4814	-1.4862	1.4866	1.4875	-1.4876	1.4877	-1.4878	-1.4889	1.4889	1.4903	-1.491	1.497	-1.497	1.5126	-1.5127	1.5154	-1.516	-1.5168	1.5171	-1.5269	1.5274	-1.5286	1.5289	-1.5291	1.5294	1.5356	-1.536	-1.5375	1.5375	1.539	-1.5397	-1.5447	1.5451	-1.5474	1.5477	1.5493	-1.5497	1.5624	-1.5626	1.5639	-1.5641	-1.5709	1.5712	-1.5864	1.587	1.5933	-1.5937	1.6058	-1.6059	1.6084	-1.6085	1.6107	-1.6109	1.6198	-1.6203	-1.6292	1.6295	1.6308	-1.6309	-1.6329	1.6331	1.6559	-1.6561	-1.6574	1.6577	-1.6647	1.665	1.6658	-1.6659	1.6808	-1.6809	-1.6953	1.6955	-1.7093	1.7094	1.7109	-1.7111	-1.7182	1.7182	1.7256	-1.7262	-1.7265	1.7266	-1.7321	1.7325	-1.7497	1.7503	1.7534	-1.7537	-1.7554	1.7555	1.7603	-1.7604	-1.7608	1.7615	1.7677	-1.7691	1.7899	-1.7899	1.7918	-1.7919	1.792	-1.7921	-1.8094	1.8099	1.8151	-1.8153	-1.8248	1.8252	-1.8259	1.8259	1.8359	-1.8359	-1.841	1.841	-1.8419	1.8424	1.8434	-1.8437	1.8645	-1.8647	-1.8683	1.8684	1.8787	-1.8791	-1.885	1.8854	1.8878	-1.8879	-1.8888	1.889	1.8911	-1.8912	-1.8942	1.8943	-1.8973	1.8975	1.9218	-1.9218	1.927	-1.9271	1.9304	-1.9305	1.9366	-1.9368	1.9372	-1.9375	1.9426	-1.9429	1.9441	-1.9444	
0	1.508	-0.29024	0.29039	-0.37866	0.37887	-0.42309	0.42334	-0.45115	0.45116	-0.47129	0.47151	-0.48713	0.48733	-0.49966	0.49982	-0.50981	0.50994	-0.51908	0.51918	-0.52638	0.52643	-0.53342	0.53361	0.53764	-0.53777	0.54512	-0.54522	-0.54681	0.54687	-0.55059	0.5506	-0.55566	0.55566	0.55928	-0.55929	-0.56577	0.56583	-0.56668	0.56676	-0.56952	0.56961	0.57135	-0.57138	-0.57154	0.57169	0.57602	-0.57617	0.57683	-0.5769	-0.57838	0.57853	-0.57919	0.57922	-0.57945	0.57955	-0.58101	0.58101	-0.58146	0.58176	0.58194	-0.58222	-0.58284	0.58289	0.58357	-0.58365	0.58414	-0.58419	-0.58432	0.58438	-0.58628	0.58665	-0.58685	0.58695	-0.58803	0.58818	-0.59111	0.59133	-0.59374	0.59395	-0.59962	0.59982	-0.60194	0.60199	0.79873	-0.79882	-0.95108	0.95153	-0.99805	0.99837	-1.0218	1.0218	-1.0253	1.0254	-1.0307	1.0309	-1.0538	1.0539	-1.0616	1.0617	1.0733	-1.0736	1.0746	-1.0747	-1.0799	1.0801	-1.0852	1.0854	-1.0873	1.0873	1.0974	-1.0978	1.0978	-1.098	1.1007	-1.1008	-1.1045	1.1046	-1.1169	1.117	1.1229	-1.123	1.1298	-1.1299	1.1366	-1.1366	1.1368	-1.1369	1.1513	-1.1514	1.1534	-1.1534	1.1559	-1.156	1.1689	-1.1689	-1.1691	1.1694	-1.1749	1.175	-1.1852	1.1855	-1.1862	1.1863	-1.1882	1.1884	-1.1899	1.19	-1.1997	1.1997	1.2009	-1.201	1.2097	-1.2098	1.2112	-1.2113	-1.2122	1.2125	-1.214	1.2143	-1.2233	1.2234	1.2277	-1.2277	1.2325	-1.2326	1.2355	-1.2356	-1.236	1.2363	-1.2526	1.2528	1.253	-1.2532	1.2563	-1.2563	1.2621	-1.2622	-1.2631	1.2636	-1.2654	1.2657	-1.266	1.2664	-1.2726	1.2726	-1.2834	1.2835	-1.2843	1.2844	-1.2847	1.285	-1.2967	1.2972	-1.2973	1.2977	-1.3004	1.3004	-1.3157	1.3159	1.3203	-1.3207	-1.3213	1.3214	1.3253	-1.3254	-1.3265	1.3267	1.3387	-1.3387	1.3403	-1.3403	-1.3433	1.3433	-1.3477	1.3477	-1.3501	1.3502	1.351	-1.3515	-1.3585	1.3586	-1.3587	1.3589	-1.3674	1.3675	-1.378	1.378	1.3881	-1.3884	-1.394	1.394	1.3956	-1.3956	-1.4079	1.4081	-1.4195	1.4198	1.4273	-1.4273	-1.4336	1.4338	-1.4343	1.4343	1.4451	-1.4451	-1.4528	1.4528	1.4692	-1.4694	-1.4807	1.4809	-1.4862	1.4863	-1.4871	1.4872	-1.4876	1.4876	-1.4885	1.4888	-1.4892	1.4895	-1.4968	1.4971	1.5125	-1.5125	1.5151	-1.5153	-1.517	1.5171	-1.5266	1.5267	1.5281	-1.5283	-1.5287	1.5289	-1.5358	1.5358	-1.5376	1.5377	-1.543	1.5432	-1.5435	1.5438	-1.5473	1.5474	1.5488	-1.5491	-1.5638	1.5638	1.5654	-1.5656	1.5707	-1.5708	1.5863	-1.5866	1.5953	-1.5957	1.6055	-1.6056	-1.608	1.6082	1.6138	-1.614	-1.6192	1.6192	-1.6279	1.6281	-1.6309	1.6313	-1.6327	1.6332	-1.6565	1.6572	1.6601	-1.6606	-1.6635	1.6636	1.6682	-1.6684	-1.681	1.6812	1.6941	-1.6946	1.7084	-1.7085	1.7102	-1.7104	1.7179	-1.7181	-1.7245	1.7245	1.7284	-1.7285	1.7364	-1.7365	1.7529	-1.753	-1.7538	1.7539	1.7583	-1.7585	1.7609	-1.7609	1.7637	-1.7642	1.7684	-1.7686	-1.79	1.7901	-1.7919	1.7919	1.795	-1.7951	1.8091	-1.8092	1.8149	-1.8151	-1.8254	1.8256	-1.8258	1.8259	1.8387	-1.8388	1.8425	-1.8426	-1.8431	1.8433	1.8459	-1.8463	1.8645	-1.8646	1.8682	-1.8682	-1.882	1.8821	-1.8852	1.8854	1.8907	-1.8908	-1.8911	1.8912	1.8921	-1.8922	-1.8933	1.8934	1.9008	-1.9013	-1.9232	1.9233	1.9289	-1.9289	-1.9314	1.9316	-1.9373	1.9374	-1.9407	1.9408	-1.9429	1.9429	-1.944	1.9442	
0	1.5708	-0.27935	0.27938	-0.36448	0.36461	-0.40761	0.40762	-0.43449	0.43449	-0.45403	0.45409	0.46957	-0.46958	-0.48167	0.48167	-0.49162	0.49166	0.50045	-0.50057	0.50757	-0.50759	-0.51435	0.51456	0.51853	-0.51858	0.52583	-0.52587	-0.52759	0.52762	0.53132	-0.53132	-0.53621	0.5364	0.53949	-0.5395	-0.54597	0.54607	0.54693	-0.54697	0.5498	-0.54989	0.55144	-0.55146	-0.55166	0.55171	0.55585	-0.5559	0.55698	-0.55708	-0.55856	0.55871	-0.55908	0.55921	-0.5595	0.55956	-0.56108	0.56126	-0.56139	0.56147	-0.56206	0.56218	-0.56301	0.56306	-0.56366	0.56377	-0.56413	0.56419	-0.56434	0.5645	0.56615	-0.56628	-0.56661	0.56676	0.568	-0.5681	-0.57098	0.57115	-0.57343	0.57362	-0.57928	0.5793	0.58148	-0.58149	-0.80756	0.80809	-0.95824	0.95853	1.0032	-1.0034	-1.0216	1.0217	-1.0253	1.0253	1.0354	-1.0355	-1.0584	1.0586	1.0616	-1.0617	1.0755	-1.0756	1.078	-1.0781	1.0793	-1.0794	-1.0894	1.0896	-1.0911	1.0913	1.0977	-1.0979	1.1006	-1.1007	-1.1018	1.1021	-1.1041	1.1043	-1.121	1.121	1.1269	-1.127	-1.1296	1.1297	-1.139	1.1392	1.1409	-1.1409	-1.1532	1.1532	1.1557	-1.1558	-1.1602	1.1602	-1.1677	1.1679	-1.1736	1.1738	1.1796	-1.1796	-1.1897	1.1897	-1.1901	1.1902	-1.1906	1.1907	1.1923	-1.1926	-1.2045	1.2045	-1.2054	1.2055	1.2111	-1.2116	-1.2145	1.2145	1.2169	-1.2169	1.2189	-1.2191	-1.2233	1.2236	1.2325	-1.2326	-1.2368	1.2369	-1.2372	1.2374	-1.2401	1.2404	-1.2529	1.253	1.2561	-1.2561	-1.2606	1.2609	-1.2643	1.2649	1.2667	-1.2668	-1.2678	1.2678	-1.2706	1.2708	-1.2726	1.2727	-1.2834	1.2835	-1.2887	1.2888	-1.2893	1.2894	-1.3004	1.3005	-1.3013	1.3013	1.3018	-1.3019	1.3202	-1.3204	-1.3251	1.3251	-1.3256	1.3258	-1.3265	1.3267	-1.3288	1.3289	1.3399	-1.3402	1.3428	-1.3428	-1.343	1.343	-1.3473	1.3474	-1.3499	1.35	-1.3561	1.3561	1.3587	-1.3587	-1.3633	1.3633	-1.3667	1.3669	-1.3795	1.3795	-1.3878	1.3878	1.3925	-1.3926	-1.3991	1.3992	-1.4075	1.408	-1.4192	1.4195	-1.4302	1.4303	1.4333	-1.4334	-1.4369	1.4374	1.4444	-1.4445	1.4525	-1.4528	-1.4724	1.4727	-1.4802	1.4804	-1.4861	1.4863	-1.4866	1.4867	-1.4869	1.4871	-1.4878	1.488	-1.4883	1.4887	1.4968	-1.4969	1.5122	-1.5125	-1.5144	1.5144	-1.5169	1.5171	-1.5258	1.526	1.5281	-1.5284	-1.5289	1.529	1.5356	-1.5358	1.5375	-1.5377	1.5421	-1.5422	-1.5462	1.5464	-1.5472	1.5475	1.5481	-1.5483	-1.5628	1.5633	-1.5686	1.5687	1.5709	-1.5711	-1.586	1.5865	1.5974	-1.5977	-1.6052	1.6054	-1.608	1.6085	1.6165	-1.6168	1.6179	-1.6182	-1.6263	1.6267	1.6304	-1.6305	-1.633	1.6331	1.6566	-1.6567	-1.6621	1.6624	-1.664	1.664	-1.6712	1.6713	-1.6811	1.6813	1.6932	-1.6933	1.7077	-1.7078	1.7096	-1.7099	1.7179	-1.7186	1.7226	-1.7231	1.7304	-1.7307	-1.7399	1.7401	1.7536	-1.754	-1.7558	1.756	1.7613	-1.7615	1.7616	-1.7619	-1.7667	1.767	-1.7682	1.7683	-1.7899	1.7901	-1.792	1.792	-1.798	1.7983	-1.809	1.8093	1.8151	-1.8153	1.8255	-1.8255	1.8258	-1.8259	1.8412	-1.8415	1.8418	-1.842	-1.8453	1.8455	1.8494	-1.8498	-1.8646	1.8648	-1.8675	1.8677	1.8851	-1.8852	1.8853	-1.8854	1.8903	-1.8904	1.8921	-1.8925	-1.8935	1.8937	-1.8959	1.8961	1.904	-1.9042	1.9244	-1.9244	-1.9306	1.9307	-1.932	1.9322	-1.9369	1.9373	-1.9427	1.9427	1.9437	-1.9437	-1.9445	1.9448	
0	1.6336	-0.26829	0.26849	-0.35025	0.35029	-0.39177	0.39198	-0.41774	0.41815	0.43672	-0.43676	0.45168	-0.45174	-0.4634	0.4635	0.47305	-0.47315	-0.48152	0.48163	0.48853	-0.48868	-0.49516	0.49544	-0.49917	0.4994	0.50626	-0.50636	-0.50816	0.50826	0.51163	-0.51177	-0.51644	0.51651	0.51961	-0.51971	-0.52581	0.52604	-0.52667	0.52707	0.52965	-0.52977	-0.53124	0.53126	0.53153	-0.53156	-0.53565	0.53582	-0.53676	0.53703	0.53808	-0.53832	-0.53884	0.53897	-0.53941	0.53959	0.54065	-0.54078	0.54103	-0.54112	0.54155	-0.54194	0.54279	-0.54282	-0.54326	0.54331	0.54382	-0.54385	0.54416	-0.54419	-0.5455	0.54572	-0.546	0.54613	-0.54744	0.54773	-0.55048	0.55055	0.55276	-0.55296	-0.55864	0.55903	-0.56057	0.56065	0.81641	-0.81643	-0.96511	0.96604	-1.0075	1.0079	1.0212	-1.0214	1.025	-1.0252	-1.0399	1.0403	-1.0614	1.0617	1.0625	-1.0628	-1.0763	1.0767	-1.0785	1.0788	1.0826	-1.0826	-1.0932	1.0933	-1.0948	1.0949	-1.0978	1.0978	1.1005	-1.1005	-1.104	1.1041	-1.1055	1.1056	-1.1245	1.1249	1.1293	-1.1293	-1.1307	1.1309	-1.1414	1.1417	1.1447	-1.1447	1.1528	-1.153	1.1599	-1.1599	-1.1642	1.1642	1.1665	-1.1665	-1.1779	1.1781	-1.1834	1.1837	-1.1898	1.19	-1.1936	1.1937	-1.1949	1.195	1.1961	-1.1964	-1.209	1.2091	1.2098	-1.2099	-1.2108	1.2112	1.2189	-1.2194	-1.2207	1.2211	-1.2227	1.2232	1.2235	-1.2237	-1.237	1.237	-1.2374	1.2382	1.2406	-1.2417	1.2446	-1.2447	1.2524	-1.2527	-1.2593	1.2597	-1.2638	1.2638	1.265	-1.2652	-1.271	1.271	1.2716	-1.2719	1.2725	-1.2725	1.2745	-1.2745	-1.2832	1.2832	-1.293	1.2931	-1.2934	1.2934	-1.3003	1.3006	1.3049	-1.3051	-1.3057	1.3059	1.3241	-1.3242	1.3263	-1.3264	1.3288	-1.3291	-1.33	1.3301	-1.3323	1.3326	1.34	-1.34	-1.3422	1.3423	1.3465	-1.3466	-1.3471	1.3474	1.3501	-1.3502	1.3585	-1.3588	1.3605	-1.3606	-1.3658	1.3663	1.3678	-1.368	1.3804	-1.3808	-1.3873	1.3877	1.3911	-1.3911	-1.4023	1.4024	-1.4073	1.408	1.419	-1.4191	-1.433	1.4332	-1.4333	1.4339	1.4406	-1.4406	-1.4434	1.4437	-1.4526	1.453	-1.4751	1.4753	1.4798	-1.4798	1.4859	-1.486	-1.4862	-1.4863	1.4863	1.4865	1.4866	-1.4867	1.4883	-1.4884	-1.4969	1.4971	1.5122	-1.5122	1.5135	-1.5138	-1.5168	1.5171	-1.5253	1.5254	1.5274	-1.5276	-1.5284	1.5297	1.5353	-1.5355	-1.5372	1.5378	-1.5408	1.5411	1.547	-1.5474	1.5477	-1.5479	-1.5495	1.5498	1.5623	-1.5626	1.5708	-1.5709	1.5714	-1.5714	-1.5858	1.5867	-1.5993	1.6001	1.6043	-1.6046	1.6074	-1.6078	-1.6168	1.6172	-1.6198	1.6199	1.6251	-1.6257	-1.6304	1.6306	-1.6325	1.6327	1.6526	-1.6566	-1.6607	1.6608	-1.6677	1.6678	-1.674	1.674	1.6813	-1.6815	1.6918	-1.692	-1.7063	1.7068	-1.7083	1.7088	-1.718	1.7185	1.7215	-1.7217	-1.7326	1.7332	1.7438	-1.744	-1.7538	1.754	1.7585	-1.7587	1.7623	-1.7624	-1.764	1.7641	1.7682	-1.7685	-1.7692	1.7693	1.79	-1.79	1.7918	-1.792	1.8007	-1.801	-1.8089	1.8091	1.8151	-1.8154	-1.8254	1.8254	-1.8257	1.8257	1.8401	-1.8406	1.8446	-1.8447	-1.8477	1.8478	-1.8524	1.8527	-1.8645	1.8645	-1.8676	1.8679	-1.8851	1.8853	1.8879	-1.8882	1.8897	-1.8903	-1.8917	1.8922	1.896	-1.8965	-1.8991	1.8992	1.9071	-1.9072	-1.9258	1.9264	-1.9321	1.9324	1.9338	-1.9353	-1.9375	1.9375	-1.9425	1.9426	-1.9433	1.9434	1.9474	-1.9475	
0	1.6965	-0.2574	0.25746	-0.33594	0.33609	-0.37604	0.37609	0.40097	-0.40097	-0.4193	0.41935	0.43369	-0.43369	-0.44505	0.4451	-0.45423	0.45443	0.46263	-0.4627	0.46939	-0.46959	0.47592	-0.47598	0.47971	-0.4798	-0.48661	0.48676	0.48839	-0.48843	-0.4919	0.49191	-0.49661	0.49662	0.49951	-0.4996	-0.50574	0.50581	0.5068	-0.50684	0.5096	-0.50968	-0.51097	0.51111	-0.5112	0.51133	-0.51529	0.51532	-0.51655	0.51669	-0.51818	0.51819	-0.51837	0.51857	-0.51878	0.51902	0.52044	-0.52051	-0.52058	0.5206	-0.52132	0.5214	-0.52225	0.52233	-0.52289	0.52297	0.52333	-0.52341	0.52354	-0.52364	-0.525	0.52508	-0.52536	0.52548	-0.52692	0.52713	-0.52977	0.52992	0.5321	-0.53212	-0.53771	0.53778	-0.53968	0.5398	0.82514	-0.82524	-0.97182	0.97193	1.0125	-1.0126	-1.0212	1.0213	-1.0254	1.0254	1.0442	-1.0443	-1.0615	1.0616	-1.0668	1.0669	-1.078	1.078	1.0783	-1.0784	1.0866	-1.0867	-1.0971	1.0972	-1.0978	1.0979	-1.0983	1.0984	1.1005	-1.1006	1.1037	-1.1038	-1.1093	1.1094	1.1283	-1.1283	1.1291	-1.1292	1.1343	-1.1345	-1.1438	1.144	1.1485	-1.1488	-1.1525	1.1526	1.1638	-1.1638	1.1653	-1.1654	1.168	-1.1682	1.1819	-1.1819	1.1877	-1.1877	1.1897	-1.19	1.1976	-1.1976	1.1987	-1.1991	1.2003	-1.2003	1.2112	-1.2113	1.2131	-1.2132	1.2135	-1.2137	-1.2231	1.2231	1.2234	-1.2234	1.225	-1.2252	1.2276	-1.2277	-1.2382	1.2385	-1.2417	1.2417	-1.2461	1.2461	-1.249	1.2493	1.2525	-1.2525	-1.2626	1.2627	1.263	-1.2631	1.2693	-1.2693	1.2725	-1.2725	1.2752	-1.2752	1.2759	-1.2762	-1.2785	1.2786	1.2829	-1.2831	-1.2967	1.2973	-1.2976	1.2979	1.3005	-1.3006	-1.3091	1.3092	1.3097	-1.3099	1.3262	-1.3263	1.3279	-1.328	-1.333	1.3331	-1.3336	1.3336	-1.3361	1.3362	-1.3398	1.34	1.3416	-1.3419	-1.3465	1.3465	1.3503	-1.3504	1.3511	-1.3512	1.3585	-1.3589	1.3649	-1.3649	1.3653	-1.3654	1.3724	-1.3725	1.3824	-1.3825	-1.3868	1.3871	1.3901	-1.3903	-1.4062	1.4063	-1.4074	1.4076	-1.4188	1.4189	-1.4329	1.4331	-1.4363	1.4364	1.4428	-1.443	1.4439	-1.444	1.4526	-1.4528	1.4782	-1.4782	1.4793	-1.4794	1.4853	-1.4853	1.4855	-1.4856	-1.4859	1.4859	-1.4862	1.4863	-1.4884	1.4885	-1.4969	1.4971	1.5122	-1.5123	1.5126	-1.5127	-1.5171	1.5171	1.5244	-1.5249	1.5276	-1.5276	1.5289	-1.529	-1.5356	1.5357	-1.5374	1.5376	1.5397	-1.5398	1.5468	-1.5469	1.5473	-1.5475	-1.5524	1.5528	-1.5618	1.562	-1.5709	1.571	-1.5745	1.5747	1.5861	-1.5861	-1.6017	1.602	-1.6044	1.6046	-1.6076	1.6078	1.6163	-1.6165	1.6228	-1.623	1.6241	-1.6241	-1.6309	1.631	1.6328	-1.633	-1.6555	1.6558	-1.6593	1.6599	-1.6715	1.6717	1.6768	-1.6771	-1.6814	1.6817	1.691	-1.691	1.7052	-1.7055	-1.7081	1.7084	1.7183	-1.7184	1.7199	-1.7199	1.735	-1.7353	1.7476	-1.7476	-1.7536	1.7538	1.7614	-1.7617	-1.7627	1.7632	1.767	-1.7673	-1.7685	1.7688	1.7722	-1.7724	-1.79	1.7903	1.7921	-1.7921	-1.804	1.8042	-1.8089	1.809	-1.8153	1.8154	1.8252	-1.8255	1.8257	-1.8258	1.8392	-1.8393	1.8473	-1.8476	-1.8502	1.8503	-1.8562	1.8569	-1.8644	1.8647	-1.8672	1.8673	-1.8852	1.8853	1.89	-1.8901	-1.8908	1.8909	-1.8912	1.8916	1.8989	-1.8991	1.9021	-1.9032	-1.9112	1.9112	-1.9274	1.9276	-1.9337	1.9337	1.9344	-1.9344	1.9373	-1.9374	1.9426	-1.9426	1.9432	-1.9434	-1.9514	1.9516	
0	1.7593	-0.24642	0.24646	-0.32152	0.32172	-0.36004	0.36015	0.38396	-0.38397	-0.40154	0.40209	0.41565	-0.41571	0.42661	-0.4267	-0.43532	0.43542	0.4432	-0.44356	0.45027	-0.4503	0.45653	-0.45654	0.45965	-0.46018	-0.46681	0.46689	-0.46787	0.4684	0.47185	-0.47187	-0.47635	0.47661	0.47903	-0.4792	-0.48497	0.48537	0.48622	-0.48645	0.48889	-0.48918	0.4904	-0.49058	0.49093	-0.49109	-0.49452	0.49456	0.49576	-0.49584	-0.49722	0.49765	-0.49768	0.49788	-0.49816	0.49832	-0.49964	0.49968	-0.50006	0.50009	-0.5004	0.5006	0.50127	-0.50142	-0.50202	0.50214	-0.50251	0.50257	-0.5029	0.50316	-0.5042	0.50425	-0.50454	0.50468	-0.50599	0.50633	-0.50914	0.50928	-0.51124	0.51156	-0.51662	0.51755	-0.51845	0.51886	0.83319	-0.83341	-0.97726	0.97747	-1.0161	1.0167	-1.0203	1.0207	1.0253	-1.0255	1.048	-1.048	1.061	-1.0613	1.0695	-1.0713	-1.0766	1.0773	-1.0784	1.0786	1.0901	-1.0909	-1.0976	1.0981	1.1001	-1.1002	1.1004	-1.1006	-1.1015	1.1016	1.1033	-1.1036	-1.1122	1.1125	-1.1279	1.1285	1.1319	-1.132	-1.1378	1.138	-1.1461	1.1461	1.1508	-1.1515	-1.1524	1.1531	1.1626	-1.1636	-1.1674	1.1674	1.1707	-1.1718	1.1851	-1.1858	-1.1897	1.1898	-1.1906	1.1913	1.2002	-1.2011	1.2026	-1.2028	-1.2034	1.2048	1.2111	-1.2114	1.2166	-1.2167	-1.2174	1.2174	-1.2231	1.2234	-1.2267	1.227	-1.2285	1.2289	-1.2315	1.2317	-1.2386	1.2387	1.2454	-1.2457	1.2491	-1.2502	-1.252	1.2523	-1.2527	1.2531	-1.2615	1.2616	-1.2664	1.2667	1.2718	-1.2723	-1.2728	1.2733	-1.2787	1.2796	-1.28	1.2801	-1.2823	1.2824	-1.2827	1.2833	1.298	-1.3005	1.3005	-1.3007	-1.3021	1.3037	-1.3128	1.3128	1.3133	-1.3135	-1.3261	1.3263	1.331	-1.3316	-1.3364	1.3371	-1.3373	1.3375	-1.3384	1.3388	-1.3396	1.3401	-1.3409	1.3417	-1.346	1.3461	1.3505	-1.3505	-1.3551	1.3557	-1.3585	1.3588	1.364	-1.3642	-1.369	1.3698	1.3763	-1.3767	1.3839	-1.3839	-1.3865	1.3866	-1.389	1.3892	1.4068	-1.4069	-1.4099	1.4103	1.418	-1.4185	-1.4316	1.4327	1.4391	-1.4392	-1.4415	1.442	-1.4467	1.4469	1.4524	-1.4525	-1.4784	1.4784	-1.4804	1.4809	1.4832	-1.4839	1.4851	-1.4851	1.4854	-1.4856	1.486	-1.4861	1.4883	-1.4883	-1.4968	1.497	1.5111	-1.5119	-1.5123	1.5127	-1.5165	1.5172	1.5234	-1.524	-1.5268	1.5276	-1.5287	1.5293	1.5354	-1.5356	1.537	-1.5372	1.5384	-1.5385	-1.5466	1.5466	1.5473	-1.5475	1.5553	-1.5555	1.562	-1.5621	1.5702	-1.571	1.5773	-1.5776	-1.5854	1.5864	-1.6026	1.6031	1.6039	-1.6043	-1.6073	1.6073	-1.6154	1.6159	-1.6227	1.6229	1.6258	-1.6261	-1.6307	1.6308	-1.6326	1.6328	1.6526	-1.6548	1.6584	-1.6585	1.6744	-1.675	-1.6798	1.6798	-1.6815	1.6823	1.6891	-1.6893	-1.7027	1.7045	1.707	-1.707	-1.7168	1.7182	-1.7183	1.7185	-1.7373	1.7374	1.7507	-1.7511	1.7532	-1.7539	1.7629	-1.7631	-1.7637	1.7637	-1.7677	1.7677	1.7684	-1.7705	1.7745	-1.7746	-1.789	1.7899	-1.7916	1.7917	1.8059	-1.8063	1.8089	-1.8091	-1.8147	1.815	1.8245	-1.8254	-1.8255	1.8258	1.8362	-1.8383	-1.8492	1.8499	1.8522	-1.8532	-1.8594	1.8597	-1.8644	1.865	-1.8666	1.8671	1.8848	-1.8851	1.8891	-1.8891	-1.89	1.8903	-1.8941	1.8942	1.9007	-1.9011	-1.9054	1.9063	-1.9136	1.9139	1.9278	-1.9289	-1.9337	1.9338	1.9362	-1.9364	1.9371	-1.9374	-1.942	1.9421	-1.9427	1.9433	-1.9544	1.9551	
0	1.8221	-0.23532	0.23542	-0.3071	0.30751	-0.34407	0.34414	0.36712	-0.36719	-0.38411	0.38414	-0.39738	0.39751	-0.40803	0.40803	-0.41652	0.41656	0.42427	-0.42434	-0.43063	0.43077	-0.43654	0.43694	0.44028	-0.44033	-0.44671	0.44677	0.44835	-0.44842	-0.45173	0.45176	0.45609	-0.45615	0.4587	-0.45889	0.46471	-0.46471	-0.46565	0.4658	-0.46847	0.46848	-0.46982	0.46982	0.46996	-0.46998	0.47374	-0.47382	-0.47508	0.47534	0.47637	-0.47652	-0.47668	0.47698	0.47726	-0.47731	0.47865	-0.47867	-0.47875	0.47902	0.47955	-0.47967	0.4804	-0.48051	-0.4812	0.4813	-0.48139	0.48144	-0.48176	0.48183	0.48321	-0.48329	-0.4834	0.48353	-0.48492	0.48506	-0.48795	0.4881	0.49012	-0.49025	0.4958	-0.49586	0.49711	-0.49722	-0.84175	0.84234	0.98286	-0.98307	1.0203	-1.0205	-1.0207	1.0207	-1.0253	1.0254	1.0517	-1.0521	-1.0614	1.0615	1.0741	-1.0743	1.0768	-1.0771	-1.0806	1.0807	1.0941	-1.0942	1.0977	-1.0981	1.1002	-1.1002	1.1031	-1.1033	-1.1038	1.104	-1.1046	1.1046	-1.1154	1.1155	-1.1285	1.1287	1.1349	-1.1349	1.1409	-1.141	-1.1486	1.1489	1.1519	-1.152	1.155	-1.1554	1.1625	-1.1626	1.1706	-1.1707	-1.1751	1.1752	1.1889	-1.1892	-1.1897	1.19	1.1944	-1.1947	-1.2047	1.2049	1.2061	-1.2061	-1.2068	1.2069	1.2112	-1.2113	1.2206	-1.2207	-1.2209	1.221	1.2232	-1.2234	1.2309	-1.2311	1.2328	-1.2328	1.2353	-1.2354	-1.2398	1.2401	-1.2498	1.2498	-1.2522	1.2523	-1.254	1.2542	-1.2568	1.2572	-1.2608	1.2609	-1.2697	1.2699	1.2725	-1.2727	1.2766	-1.2768	-1.2824	1.2825	1.2827	-1.2828	-1.2833	1.2834	-1.2856	1.286	-1.3004	1.3005	1.3043	-1.3044	-1.3055	1.3057	-1.3163	1.3167	1.3169	-1.3169	-1.3262	1.3263	-1.3351	1.3352	1.3394	-1.3396	1.34	-1.3406	1.341	-1.3412	-1.3414	1.3415	-1.3434	1.3434	1.3455	-1.3456	1.3506	-1.3507	-1.3585	1.3586	1.3588	-1.359	-1.3636	1.3636	1.3731	-1.3733	-1.3808	1.381	1.3851	-1.3853	1.3861	-1.3862	-1.3872	1.3876	-1.4066	1.4072	1.4133	-1.4133	-1.4182	1.4185	-1.4322	1.4323	1.441	-1.4411	1.4424	-1.4424	1.45	-1.45	1.4527	-1.4527	1.4784	-1.4784	-1.4832	1.4833	1.4838	-1.4839	-1.4845	-1.4847	1.4847	1.485	-1.4861	1.4863	-1.4878	1.4882	1.4968	-1.497	-1.5106	1.5111	-1.5117	1.5118	-1.5167	1.517	1.5233	-1.5234	1.5263	-1.5274	-1.5288	1.5293	1.5356	-1.5359	-1.5373	1.5374	-1.5375	1.5375	1.5461	-1.5462	-1.5474	1.5475	1.5587	-1.5587	1.5612	-1.5613	1.5707	-1.5709	-1.5802	1.5803	-1.5857	1.5857	-1.6032	1.6036	1.6057	-1.6063	1.607	-1.6072	1.6146	-1.6148	-1.6214	1.6218	1.6284	-1.6285	-1.6306	1.631	1.6323	-1.6325	-1.6543	1.6547	-1.6575	1.6578	-1.678	1.6784	1.6819	-1.682	-1.6824	1.6825	1.6888	-1.6889	-1.703	1.7032	-1.7066	1.7067	1.7169	-1.7172	-1.7183	1.7183	1.7402	-1.7402	1.7535	-1.7535	-1.7543	1.7545	1.7641	-1.7643	1.7667	-1.767	1.7684	-1.7686	1.7728	-1.7728	-1.7771	1.7772	-1.7901	1.7902	-1.792	1.7923	1.8088	-1.809	-1.8097	1.81	1.8151	-1.8152	-1.8251	1.8253	1.8258	-1.826	-1.8363	1.8364	1.8528	-1.8531	-1.8548	1.8553	-1.8623	1.8626	1.8647	-1.8647	1.8666	-1.8672	-1.8854	1.8854	-1.8891	-1.8893	1.8894	1.8897	1.8971	-1.8971	-1.9041	1.9042	1.9092	-1.9094	-1.9169	1.9172	-1.9304	1.9306	1.9349	-1.935	1.9369	-1.9371	-1.938	1.9381	-1.9423	1.9423	1.9426	-1.9427	1.9576	-1.9581	
0	1.885	-0.22421	0.22437	-0.29288	0.293	-0.32817	0.32825	0.35015	-0.3502	-0.36633	0.36644	-0.37916	0.37924	0.3893	-0.38941	-0.39746	0.39766	0.40497	-0.4051	-0.41113	0.41115	-0.41682	0.417	0.42028	-0.42029	-0.4265	0.42657	-0.42811	0.42825	0.43143	-0.43146	-0.43552	0.43566	0.4383	-0.43838	-0.44398	0.44412	0.44485	-0.44487	-0.44751	0.44753	-0.44895	0.44904	-0.44918	0.44918	-0.45284	0.45287	-0.45405	0.45409	-0.45544	0.45557	-0.45558	0.4557	-0.45605	0.45611	0.45741	-0.45742	0.45782	-0.45787	-0.45837	0.45843	-0.45921	0.45926	-0.45983	0.45984	-0.46024	0.46026	0.46054	-0.46063	0.462	-0.46204	0.46217	-0.46236	-0.46355	0.46391	-0.46682	0.46688	-0.46879	0.46888	-0.47426	0.47427	0.47579	-0.47583	-0.85051	0.85092	0.98869	-0.98882	1.0202	-1.0203	1.0237	-1.0239	1.0253	-1.0255	1.0555	-1.0555	-1.0615	1.0617	-1.0759	1.0763	1.0777	-1.0778	-1.0823	1.0823	-1.0977	1.0978	-1.098	1.0982	-1.1001	1.1002	1.1031	-1.1032	-1.1068	1.107	-1.1072	1.1074	-1.1184	1.1185	1.1282	-1.1282	-1.1379	1.138	1.1438	-1.1441	-1.1513	1.1514	1.1515	-1.1515	1.1582	-1.1585	-1.1613	1.1614	1.174	-1.1741	1.1782	-1.1783	1.1897	-1.1899	-1.1924	1.1926	-1.198	1.1981	-1.208	1.2082	-1.2094	1.2096	-1.2099	1.21	-1.2113	1.2114	-1.2231	1.2231	-1.2243	-1.2245	1.2246	1.2246	1.2345	-1.2345	-1.2359	1.2359	1.2391	-1.2392	-1.2405	1.2408	-1.252	1.252	1.2535	-1.2537	-1.2576	1.2578	-1.2598	1.2599	-1.2605	1.2606	1.2725	-1.2726	-1.2734	1.2734	-1.2801	1.2802	-1.2822	1.2824	-1.2865	1.2865	1.2868	-1.2869	-1.2889	1.2891	-1.3002	1.3005	-1.3075	1.3077	-1.3092	1.3093	-1.3196	1.3198	-1.3203	1.3203	1.326	-1.3261	1.3386	-1.3388	1.3395	-1.3396	1.3409	-1.341	1.3436	-1.3437	-1.3445	1.3446	-1.3451	1.3454	-1.3469	1.347	-1.3507	1.351	1.3585	-1.3586	1.3625	-1.3625	-1.3627	1.3628	1.377	-1.377	-1.3846	1.3848	1.3856	-1.3857	-1.386	1.3861	-1.3868	1.387	-1.4067	1.4069	1.4162	-1.4169	-1.4179	1.418	1.432	-1.4322	-1.4402	1.4403	-1.4448	1.4455	1.4526	-1.4526	-1.4534	1.4535	-1.4775	1.4778	-1.4823	1.4826	1.4839	-1.484	-1.4843	1.4846	-1.4861	1.4862	-1.4869	1.4871	1.4882	-1.4887	-1.4968	1.4973	-1.5101	1.5102	-1.5116	1.5118	1.517	-1.517	1.5229	-1.523	-1.5267	1.5268	1.529	-1.529	1.5355	-1.5358	-1.5362	1.5363	1.5374	-1.5375	-1.5455	1.5458	-1.5474	1.5474	-1.5607	1.5609	-1.5616	1.5616	-1.571	1.5712	-1.5831	1.5832	-1.5855	1.5856	-1.6031	1.6031	-1.6065	1.6068	-1.6085	1.6087	1.6137	-1.6139	1.6205	-1.6208	-1.6308	1.631	1.6317	-1.6318	-1.6326	1.6329	-1.6538	1.6541	-1.6563	1.6565	1.6812	-1.6813	-1.6822	1.6823	-1.6853	1.6854	1.688	-1.6881	-1.7019	1.7021	1.7062	-1.7065	1.7157	-1.7161	-1.718	1.7181	1.7425	-1.7427	1.7537	-1.7537	-1.7575	1.7577	1.7648	-1.7649	-1.7684	1.7685	-1.7695	1.7698	1.7752	-1.7755	-1.7796	1.7802	-1.79	1.7902	1.7918	-1.792	1.8086	-1.8088	1.8126	-1.8128	-1.815	1.8151	1.8253	-1.8253	-1.8259	1.826	-1.8352	1.8355	1.8551	-1.8553	1.8577	-1.8579	-1.8644	1.8648	-1.8661	-1.8662	1.8663	1.8672	-1.8853	1.8853	-1.8882	1.8882	1.8894	-1.8896	1.8993	-1.9002	-1.9066	1.9069	-1.9129	1.913	1.9203	-1.921	-1.9314	1.9314	-1.9359	1.9364	-1.937	1.9373	-1.9401	1.9401	-1.9421	1.9423	-1.9425	1.9431	-1.9614	1.9616	
0	1.9478	0.21078	-0.21081	-0.27607	0.27681	-0.30838	0.30914	0.3244	-0.33104	-0.34657	0.34846	-0.35731	0.35811	0.36956	-0.37133	-0.37673	0.37792	-0.3842	0.38438	0.39024	-0.39046	0.39209	-0.39459	0.39826	-0.39942	0.40167	-0.40512	-0.40653	0.40675	-0.41049	0.41147	-0.41243	0.41428	0.4159	-0.41694	0.42052	-0.42077	-0.42169	0.422	-0.42318	0.42478	-0.42494	0.42601	0.42685	-0.42698	-0.42798	0.42873	0.42911	-0.43072	-0.43128	0.43216	0.43362	-0.43363	0.43382	-0.43417	0.435	-0.43533	0.43563	-0.43576	-0.43643	0.43726	0.43761	-0.43791	-0.43853	0.43869	0.43934	-0.43952	-0.44059	0.44118	-0.44153	0.44158	-0.44239	0.44257	0.44447	-0.44449	-0.44637	0.4467	-0.4478	0.44824	-0.45114	0.45488	0.45606	-0.45657	0.84679	-0.84821	-0.965	0.97539	-1.0009	-1.0152	1.0162	1.0216	-1.0226	1.0231	-1.0335	1.0464	-1.0582	-1.0607	1.0622	1.0717	-1.0755	1.0777	-1.082	1.0831	-1.0897	1.0931	-1.0973	1.0975	-1.0989	1.0991	-1.1005	1.1013	-1.103	1.1056	-1.1091	1.1098	-1.1117	1.1191	-1.1254	1.1261	-1.1337	1.1378	-1.1412	1.1437	-1.1457	1.1476	-1.1501	1.1522	1.154	-1.1562	1.1604	-1.161	-1.1661	1.175	-1.1781	1.1782	-1.1813	1.184	-1.1891	1.1935	-1.1955	-1.1997	1.2005	1.2027	-1.2097	1.2102	1.2109	-1.2115	-1.2122	1.2127	-1.2132	1.2223	-1.2235	1.2253	-1.2269	-1.2276	1.2277	1.2344	-1.2363	1.2368	1.2393	-1.2395	-1.2409	1.2444	-1.2482	1.2505	1.2514	-1.2518	1.2569	-1.258	1.259	-1.2594	-1.263	1.2646	-1.2666	1.2711	1.273	-1.2732	-1.278	1.2786	-1.2815	1.2833	1.286	-1.2878	-1.2893	1.2897	-1.2922	1.295	1.2983	-1.2998	-1.3033	1.3077	-1.309	1.3141	-1.3182	-1.3208	1.3212	1.3248	-1.3257	1.3259	-1.3312	1.3349	-1.3386	1.3387	1.3406	-1.3406	-1.3425	1.3431	-1.3451	1.347	-1.3475	1.3479	-1.3482	1.3505	-1.3515	1.3536	-1.3567	1.3592	-1.3603	1.3615	1.3651	-1.3665	1.3695	-1.3709	-1.382	1.3833	-1.3848	1.3853	-1.3868	1.3869	-1.3887	1.3888	1.4014	-1.4033	-1.4135	1.4152	1.4177	-1.4184	-1.4255	1.4291	1.4371	-1.4375	-1.4427	1.447	-1.4474	1.4485	-1.4525	1.4561	-1.4591	1.4736	-1.4759	1.4794	1.4823	-1.4826	1.483	-1.4832	-1.4837	1.4842	1.4861	-1.4862	-1.4891	1.4893	-1.4953	1.4979	-1.506	1.5077	1.5098	-1.5103	-1.5121	1.5131	1.5182	-1.5202	1.5225	-1.5248	1.5262	-1.529	-1.5338	1.5352	-1.5357	1.5367	-1.5368	1.5379	1.5414	-1.543	-1.5458	1.546	1.5597	-1.5599	-1.5618	1.5636	-1.5652	1.5692	-1.5789	1.5829	-1.585	1.5866	-1.593	1.6007	-1.6035	1.605	1.6091	-1.6105	1.6123	-1.6129	-1.6151	1.6188	-1.6223	1.6294	-1.6322	1.6325	1.6329	-1.6362	-1.6497	1.6514	1.659	-1.6638	1.6748	-1.678	1.6819	-1.6839	1.6859	-1.6865	1.6877	-1.6895	1.6938	-1.6979	1.7044	-1.705	-1.7113	1.712	-1.7179	1.7193	-1.736	1.7431	-1.7444	1.7504	-1.7534	1.7578	1.7622	-1.763	1.765	-1.7669	-1.77	1.7702	-1.7754	1.7767	-1.7816	1.7818	-1.7882	1.7885	-1.7911	1.7918	-1.804	1.8043	-1.808	-1.8123	1.8135	-1.8137	1.8148	-1.821	1.8235	-1.8258	1.8261	-1.8332	1.8334	-1.8384	1.8506	1.8573	-1.8584	1.8604	-1.8613	-1.8641	1.8651	-1.8658	1.8681	1.8749	-1.884	1.8848	-1.8863	-1.8884	1.8896	1.8942	-1.9007	-1.9051	1.9058	1.9124	1.9128	-1.914	-1.9179	1.9191	-1.9244	1.9317	-1.9333	1.9346	1.9378	-1.9384	1.9402	1.9412	-1.9418	-1.9421	1.9424	-1.946	
0	2.0106	0.20213	-0.20213	-0.26397	0.26411	-0.29599	0.29608	0.3159	-0.31592	-0.33066	0.33067	-0.34229	0.34245	-0.35175	0.3518	0.35895	-0.35911	-0.36568	0.36577	0.37149	-0.3718	-0.37672	0.37706	-0.37979	0.37998	-0.38562	0.38574	-0.38726	0.38733	-0.38995	0.39007	0.394	-0.39406	-0.39669	0.39674	0.40178	-0.4018	0.40232	-0.40259	-0.40485	0.40491	0.40674	-0.40677	-0.40699	0.40708	0.41007	-0.41026	-0.41103	0.41131	-0.4124	0.41259	-0.41268	0.41285	-0.41296	0.41323	0.41414	-0.41422	-0.41487	0.41489	-0.41531	0.41555	-0.41609	0.41614	0.41666	-0.4169	-0.417	0.41713	0.41745	-0.41757	-0.41911	0.41914	-0.4194	0.41942	-0.42059	0.42076	0.42409	-0.4241	-0.42559	0.42567	-0.43136	0.43143	-0.43263	0.4328	0.86709	-0.86752	-0.99776	0.99777	-1.0192	1.0193	-1.0252	1.0253	1.0293	-1.0294	-1.0609	1.0611	-1.0614	1.0618	-1.0737	1.0739	1.0829	-1.0836	-1.0852	1.0853	-1.0975	1.0976	-1.0997	1.1002	-1.1015	1.1032	-1.1042	1.1042	-1.1118	1.112	-1.1122	1.1131	-1.1226	1.1232	1.1269	-1.1281	-1.1427	1.1434	1.1484	-1.1494	1.1503	-1.1506	1.1555	-1.1563	1.1577	-1.1585	-1.1633	1.1636	1.1794	-1.1797	-1.1834	1.1845	1.1893	-1.1894	1.1978	-1.198	1.2029	-1.2038	1.211	-1.2111	1.2135	-1.214	-1.215	1.215	-1.2159	1.2168	1.2224	-1.2231	1.2302	-1.2304	-1.2312	1.2318	1.2395	-1.2405	-1.2415	1.2419	-1.2422	1.2423	-1.2456	1.2458	-1.2509	1.2518	1.2571	-1.2574	1.2598	-1.2604	-1.2638	1.2642	1.2677	-1.2677	-1.2708	1.2738	-1.2802	1.2808	-1.2813	1.2824	1.2856	-1.2857	1.2917	-1.2925	-1.2931	1.2936	-1.2948	1.2954	1.3006	-1.3011	-1.3134	1.3139	1.3157	-1.3159	1.3231	-1.3254	1.3259	-1.326	-1.3267	1.3269	1.3373	-1.3387	1.3395	-1.3403	1.3434	-1.3435	-1.3447	1.3451	-1.3495	1.3499	1.3504	-1.3506	1.3512	-1.3514	-1.3537	1.3543	1.3573	-1.3585	-1.3602	1.3615	-1.3684	1.3693	-1.383	1.3834	-1.3841	1.3846	1.3848	-1.3863	1.3897	-1.3903	1.3918	-1.392	1.406	-1.4066	1.4165	-1.4169	-1.4235	1.4237	-1.4308	1.4309	1.4375	-1.4381	-1.45	1.4504	-1.452	1.4529	-1.4585	1.4588	1.4752	-1.4757	1.478	-1.48	-1.4819	1.4824	1.4834	-1.4838	-1.4864	1.4867	1.4878	-1.488	1.4917	-1.4923	-1.4966	1.4972	1.5073	-1.5074	1.5108	-1.5115	-1.5165	1.517	1.5215	-1.5222	-1.5259	1.5262	-1.5285	1.5297	1.5336	-1.5337	-1.5353	1.5354	-1.5367	1.5371	1.5429	-1.5443	-1.547	1.5476	1.5593	-1.5605	-1.567	1.5673	-1.5709	1.5709	1.5841	-1.585	1.5876	-1.5879	1.6005	-1.6021	1.6046	-1.6064	-1.6119	1.6121	-1.6133	1.6133	1.6177	-1.6181	-1.6304	1.6306	-1.6313	1.632	-1.6362	1.6374	1.6512	-1.6525	-1.6534	1.6553	1.6809	-1.6816	1.6854	-1.6855	-1.6879	1.6881	-1.6895	1.6911	-1.6985	1.7001	1.7041	-1.7042	-1.7125	1.7135	-1.7179	1.718	1.7466	-1.7474	-1.7525	1.7541	-1.7634	1.7639	-1.7651	1.7652	1.768	-1.7684	-1.7745	1.7752	1.7795	-1.7803	1.7847	-1.7853	-1.7891	1.79	-1.7918	1.7918	1.8055	-1.8066	1.8156	-1.8157	1.818	-1.818	1.8233	-1.8247	1.8257	-1.8258	1.8312	-1.8326	1.8594	-1.8602	1.8624	-1.8628	1.864	-1.8641	-1.866	1.8661	1.8704	-1.8718	1.8838	-1.8844	-1.8861	1.8871	-1.8883	1.8886	-1.9047	1.9055	-1.9116	1.9121	-1.9183	1.9196	1.9258	-1.9266	1.9336	-1.9353	1.9363	-1.9364	-1.9372	1.9376	-1.9399	1.9404	1.9423	-1.9428	1.9432	-1.9446	1.9584	-1.9588	
0	2.0735	-0.19098	0.19108	-0.24941	0.24967	-0.27995	0.27997	-0.29876	0.29879	-0.31263	0.31275	-0.32373	0.32379	-0.33268	0.33269	0.33962	-0.33965	-0.34601	0.34615	-0.35164	0.35168	-0.35659	0.35689	-0.35952	0.35954	-0.36527	0.36528	-0.36657	0.36667	-0.36941	0.36946	-0.37298	0.373	-0.37565	0.3757	-0.38086	0.38097	-0.38114	0.38122	-0.38359	0.38364	-0.38548	0.38556	0.38599	-0.38605	-0.38889	0.38895	0.38964	-0.38969	-0.39074	0.39085	0.39106	-0.39107	0.39134	-0.39134	0.39238	-0.39239	-0.39359	-0.39371	0.39372	0.39376	-0.39418	0.39422	-0.3949	0.39497	-0.39505	0.39513	0.39553	-0.3956	0.39768	-0.39771	-0.39778	0.39788	-0.39874	0.39886	0.40225	-0.40229	-0.40417	0.40423	-0.40957	0.40959	0.41077	-0.41083	-0.8754	0.87551	-1.0021	1.0021	1.0192	-1.0194	1.0252	-1.0253	-1.0322	1.0323	-1.0612	1.0615	1.0646	-1.0646	-1.0732	1.0733	-1.0866	1.0867	1.0874	-1.0875	-1.0979	1.0981	-1.0999	1.1	1.1021	-1.1021	-1.1071	1.1072	-1.1145	1.1147	-1.1148	1.1151	1.1259	-1.1261	-1.1272	1.1272	-1.1456	1.1456	-1.1504	1.1504	-1.152	1.152	1.1569	-1.157	1.1589	-1.159	1.1664	-1.1665	1.1825	-1.1826	-1.1863	1.1867	1.1897	-1.1899	-1.2011	1.2017	-1.2067	1.207	-1.2112	1.2114	1.2166	-1.2167	-1.2181	1.2182	-1.2184	1.2185	1.2231	-1.2232	1.2332	-1.2333	1.2337	-1.2338	1.243	-1.2432	-1.2438	1.244	-1.2451	1.2451	-1.2487	1.2488	-1.2517	1.2519	-1.2569	1.2572	1.2634	-1.2636	-1.2674	1.2674	-1.2708	1.2709	-1.2723	1.2727	-1.2816	1.2818	-1.284	1.2842	-1.2892	1.2892	-1.2959	1.296	-1.2961	1.2962	-1.298	1.298	-1.3002	1.3002	1.3164	-1.3165	1.3192	-1.3192	-1.326	1.3266	-1.3285	1.3289	-1.3291	1.3291	-1.3393	1.3393	1.3398	-1.34	1.3435	-1.3435	-1.3474	1.3475	1.3513	-1.3515	1.353	-1.353	1.3533	-1.3535	-1.3576	1.358	-1.3587	1.359	1.3598	-1.3598	-1.372	1.372	-1.3819	1.3824	-1.3849	1.3849	1.3881	-1.3882	1.3915	-1.3917	-1.3958	1.396	-1.4061	1.4064	-1.4167	1.4168	1.4271	-1.4274	1.4315	-1.4315	1.4368	-1.4372	1.4527	-1.4529	-1.4532	1.4533	-1.462	1.462	-1.4755	1.476	-1.4797	1.4801	1.4816	-1.4818	-1.4831	1.4832	1.4862	-1.4862	-1.4875	1.4877	-1.4944	1.4945	-1.4969	1.4969	-1.5069	1.507	-1.5111	1.5115	-1.5169	1.517	-1.5214	1.5215	1.5259	-1.5262	-1.5288	1.5291	-1.5332	1.5338	1.5356	-1.5361	-1.5373	1.5379	1.5439	-1.5442	-1.5472	1.5472	-1.5594	1.5597	1.5696	-1.5697	1.571	-1.571	1.585	-1.5851	-1.5911	1.5919	-1.6018	1.6019	1.6057	-1.6058	-1.612	1.6121	1.6159	-1.6159	-1.6178	1.6182	-1.6312	1.6313	1.6321	-1.6322	1.6388	-1.6393	-1.6524	1.6526	-1.6534	1.6539	1.6825	-1.6829	1.6852	-1.6853	-1.6902	1.6907	-1.6928	1.6937	-1.6979	1.6979	-1.7046	1.7047	-1.7125	1.7128	-1.7184	1.7186	1.7501	-1.7504	1.7537	-1.7538	-1.766	1.7663	1.7668	-1.767	-1.7683	1.7684	-1.7773	1.7776	1.7827	-1.7831	1.7872	-1.7879	-1.79	1.7903	-1.7918	1.792	1.808	-1.808	-1.8154	1.8156	-1.8201	1.8203	-1.825	1.8253	-1.8259	1.826	-1.8308	1.831	-1.8624	1.8631	-1.8645	1.8646	-1.8653	1.8656	-1.8658	1.8661	1.8741	-1.8744	-1.8851	1.8855	-1.8859	1.886	-1.8885	1.8887	1.9077	-1.9079	1.9142	-1.9142	1.9227	-1.9227	-1.9289	1.929	-1.9353	1.9359	-1.9374	1.9374	1.9378	-1.9383	-1.9409	1.9411	-1.9423	1.9426	-1.9455	1.9455	1.958	-1.9581	
0	2.1363	-0.17972	0.17981	-0.23499	0.23509	-0.26371	0.2639	-0.2815	0.28163	0.29474	-0.29476	0.30482	-0.30567	0.31341	-0.31351	-0.32007	0.32008	-0.32608	0.32615	-0.33133	0.33199	-0.33641	0.33647	0.33884	-0.33914	0.34455	-0.34462	0.34582	-0.34592	-0.34845	0.34878	-0.35193	0.35206	-0.35406	0.3547	-0.35939	0.35954	0.35968	-0.35975	-0.36165	0.36171	-0.364	0.36427	-0.36474	0.36479	-0.36722	0.36726	0.36769	-0.36794	0.36876	-0.36892	0.36914	-0.36921	0.36949	-0.36955	0.37024	-0.37032	-0.3715	-0.37193	0.37195	0.3721	-0.37221	0.37259	-0.37269	0.37288	0.37311	-0.37323	-0.37393	0.37394	0.37579	-0.37602	0.37618	-0.37631	-0.37658	0.37684	0.38041	-0.38043	-0.38243	0.38255	0.38756	-0.38812	0.38896	-0.38922	-0.88117	0.88126	-1.0055	1.0061	-1.0176	1.0188	-1.0253	1.0254	-1.0332	1.0346	1.061	-1.061	-1.0665	1.0665	-1.0718	1.0722	-1.0881	1.089	1.0894	-1.0898	-1.0974	1.0977	1.0995	-1.0998	1.1017	-1.1018	-1.1094	1.1097	1.1163	-1.1167	1.1169	-1.1171	1.1264	-1.1266	1.1277	-1.1282	-1.1475	1.148	1.1487	-1.1497	-1.1539	1.1544	1.1556	-1.1557	-1.1612	1.1614	1.1684	-1.1687	-1.1837	1.1847	-1.1884	1.1888	1.1896	-1.1911	-1.2036	1.204	1.2086	-1.2093	1.2109	-1.2111	-1.2178	1.2183	-1.2202	1.2203	-1.2212	1.2212	-1.2231	1.2237	-1.2358	-1.2362	1.2363	1.2367	-1.2438	1.2443	-1.2457	1.2465	-1.2473	1.2479	-1.2512	-1.2513	1.2515	1.2518	-1.2561	1.2567	-1.2663	1.2665	-1.2695	1.2702	1.2721	-1.2729	1.2738	-1.2751	-1.2815	1.2817	1.2865	-1.287	-1.2917	1.292	-1.298	1.2984	1.2991	-1.2993	1.3002	-1.3002	1.3008	-1.3008	-1.3183	1.319	1.3204	-1.3219	-1.3243	1.3264	-1.3296	1.3311	1.3321	-1.3324	-1.3387	1.3389	-1.3402	1.3403	1.3431	-1.3433	1.3494	-1.3502	1.3518	-1.3521	-1.3552	-1.3558	1.3559	1.3563	-1.3583	1.3585	-1.3588	1.3588	-1.3608	1.3616	1.3744	-1.3747	-1.3806	1.3807	-1.3843	1.3851	-1.3909	1.3911	-1.3932	1.3933	1.3993	-1.3993	-1.4061	1.4066	1.4164	-1.4167	1.4288	-1.4309	-1.4314	1.4314	-1.4356	1.4361	-1.4525	1.4527	-1.4552	1.4558	1.4646	-1.4649	-1.4735	1.4752	-1.4784	1.4784	-1.4811	1.4813	-1.4826	1.4831	-1.4856	1.4861	-1.4868	1.4874	1.4962	-1.4966	-1.497	1.4976	-1.5061	1.5062	1.5109	-1.5111	1.5167	-1.5169	1.5202	-1.521	-1.5256	1.5262	1.5292	-1.5292	-1.5325	1.5326	-1.5355	1.5356	-1.5373	1.5378	-1.5435	1.544	-1.5476	1.5483	-1.5586	1.5592	1.5698	-1.5707	1.5719	-1.5723	1.5851	-1.5852	1.5918	-1.5934	-1.6006	1.6015	-1.6052	1.6056	1.6106	-1.6106	-1.6168	1.617	-1.6182	1.6183	1.6309	-1.6309	-1.6315	1.6317	1.6406	-1.6419	1.6513	-1.6518	1.6525	-1.6534	1.6819	-1.6835	1.6839	-1.6843	-1.6903	1.6934	1.695	-1.6951	-1.6964	1.6968	1.7042	-1.7042	1.7111	-1.7111	-1.7178	1.7179	-1.7512	1.7531	1.7536	-1.7541	-1.7665	1.7667	-1.7684	1.7697	-1.77	1.7706	1.7797	-1.78	-1.7845	1.7852	-1.7887	1.7888	-1.7901	1.7905	-1.7919	1.7922	-1.806	1.8076	1.8145	-1.8152	1.8182	-1.8192	1.8237	-1.8242	-1.8261	1.8262	1.8287	-1.8294	-1.8633	1.8644	1.8648	-1.8649	-1.8655	1.8655	1.8675	-1.8681	1.8769	-1.8773	-1.8846	-1.8851	1.8854	1.8855	-1.8882	1.8884	1.9083	-1.9096	-1.9157	1.9158	1.9249	-1.9259	1.9312	-1.9313	-1.9353	1.9361	-1.9374	1.9376	-1.9383	1.9384	1.9396	-1.94	1.9419	-1.9434	1.9473	-1.9478	1.9561	-1.9563	
0	2.1991	0.16879	-0.1688	-0.2204	0.22059	-0.24754	0.24757	-0.26416	0.26428	-0.27663	0.27673	-0.28647	0.28658	0.29447	-0.29448	-0.30059	0.30066	0.30628	-0.30633	0.31149	-0.31157	-0.31596	0.31604	0.31831	-0.31836	-0.32375	0.32382	-0.32481	0.32492	0.32741	-0.32747	-0.33046	0.33051	0.33335	-0.33342	-0.3379	0.33803	0.3383	-0.3383	-0.34021	0.34024	-0.34249	0.34274	0.34332	-0.34338	-0.34562	0.34578	-0.34587	0.34595	-0.34676	0.3468	-0.34692	0.34697	-0.34744	0.34757	-0.34795	0.34799	-0.34962	0.34979	-0.3498	0.34991	-0.35045	0.35046	0.35066	-0.35073	0.35089	-0.35092	-0.35149	0.35153	-0.35428	0.35429	-0.3543	0.35436	-0.35485	0.35495	0.35855	-0.35861	-0.3607	0.36086	0.36597	-0.36605	-0.36697	0.367	-0.89112	0.89117	1.0092	-1.0094	1.0179	-1.018	1.0253	-1.0254	1.0368	-1.0369	1.0614	-1.0614	-1.0696	1.0697	1.0708	-1.071	-1.0909	1.0912	1.0918	-1.092	1.0979	-1.098	-1.0996	1.0997	1.1012	-1.1014	1.1123	-1.1126	-1.1185	1.1186	1.1191	-1.1192	1.1263	-1.1264	-1.1301	1.1305	1.1488	-1.1493	-1.1499	1.1499	-1.1538	1.1541	-1.1562	1.1563	-1.1636	1.1637	-1.1709	1.1709	-1.1874	1.1875	-1.1896	1.1897	1.1913	-1.1913	1.2061	-1.2062	1.2112	-1.2113	1.2114	-1.2119	-1.2215	1.2218	1.2227	-1.2227	-1.223	1.2231	-1.2232	1.2233	-1.2383	1.2385	1.239	-1.2391	-1.2448	1.245	-1.2489	1.2491	-1.25	1.2502	-1.2513	1.2515	1.254	-1.2541	-1.2553	1.2555	-1.2691	1.2694	-1.2725	1.2726	1.2727	-1.273	1.2766	-1.2767	-1.2814	1.2815	1.2909	-1.2909	-1.2941	1.2944	1.3001	-1.3003	1.3009	-1.3009	-1.3016	1.3019	-1.3028	1.3029	1.3215	-1.3217	1.3249	-1.3251	-1.3257	1.3258	-1.3337	1.3337	-1.3341	1.3343	1.339	-1.3391	1.3394	-1.3395	-1.3425	1.3426	1.3518	-1.3519	1.3525	-1.3525	1.3576	-1.3576	1.358	-1.3583	1.3585	-1.3587	1.3588	-1.3588	-1.3644	1.3647	-1.3774	1.3775	1.3798	-1.38	1.3843	-1.3844	-1.3941	1.3943	-1.3945	1.3945	-1.4022	1.4025	-1.4059	1.4061	1.4162	-1.4163	1.4307	-1.4309	1.4339	-1.434	-1.4346	1.4349	-1.4526	1.4531	-1.4579	1.4582	1.4673	-1.4674	-1.4747	1.4747	1.4779	-1.4783	-1.4806	1.4807	1.4821	-1.4823	1.486	-1.486	-1.4873	1.4874	-1.4966	1.497	1.4991	-1.4992	1.5047	-1.5047	-1.5108	1.5108	-1.5168	1.5171	-1.5208	1.5208	1.5254	-1.5255	-1.5288	1.529	-1.5317	1.5319	-1.5355	1.5355	1.5372	-1.5374	1.5434	-1.5435	-1.5472	1.5473	-1.559	1.5592	-1.5709	1.5709	1.5745	-1.5746	-1.5849	1.5851	-1.5957	1.5961	-1.6008	1.6015	1.605	-1.6055	-1.6106	1.6108	1.6162	-1.6163	-1.6207	1.6208	1.6309	-1.631	1.6317	-1.6319	-1.644	1.6443	1.6513	-1.6515	-1.6521	1.6522	1.6829	-1.6831	1.6837	-1.6838	1.6948	-1.695	1.6959	-1.6959	-1.6973	1.6978	1.7037	-1.7039	-1.7102	1.7104	1.7185	-1.7186	1.7531	-1.7536	-1.7554	1.7556	-1.7669	1.767	-1.7684	1.7685	-1.7722	1.7723	-1.7819	1.782	1.7876	-1.7877	1.7901	-1.7902	1.7913	-1.7919	1.7922	-1.7922	-1.8078	1.8079	1.8151	-1.8155	-1.8247	1.8249	-1.8251	1.8255	-1.8259	1.8265	-1.8277	1.8278	-1.8643	1.8644	-1.8649	1.865	1.8674	-1.8677	-1.8704	1.8704	1.8796	-1.8801	-1.8843	1.8851	1.8853	-1.8854	1.888	-1.8881	1.9124	-1.9126	1.9181	-1.9184	1.9288	-1.9291	-1.9339	1.934	-1.9371	1.9373	1.9378	-1.9383	1.9391	-1.9392	1.9404	-1.9407	-1.9423	1.9426	-1.9488	1.949	-1.9549	1.9549	
0	2.2619	-0.15755	0.15763	-0.20582	0.20606	-0.23133	0.23144	-0.24685	0.24688	-0.25835	0.25865	-0.2677	0.26779	-0.27523	0.27526	0.28088	-0.28091	-0.2863	0.28634	-0.29129	0.29137	-0.29553	0.29564	-0.29764	0.29767	-0.30287	0.30291	-0.30378	0.3038	0.30621	-0.30631	-0.30902	0.30907	-0.31208	0.31209	-0.31605	0.31614	-0.31674	0.31681	0.31816	-0.31828	-0.32091	0.32097	-0.32194	0.3221	-0.32378	0.32382	-0.32392	0.32402	0.32436	-0.32444	0.32465	-0.32478	-0.3254	0.32543	0.32552	-0.32555	-0.32749	0.32753	-0.32755	0.32762	0.32838	-0.32843	-0.32859	0.32862	-0.32876	0.32881	0.32917	-0.32923	-0.33242	0.3325	-0.33253	0.33263	-0.3328	0.33283	0.33657	-0.33663	0.33893	-0.339	0.34414	-0.34416	0.34503	-0.34512	0.89845	-0.89914	-1.012	1.0122	1.0173	-1.0174	1.0253	-1.0255	-1.0388	1.0388	1.0613	-1.0614	-1.0698	1.0698	1.0719	-1.072	1.093	-1.0931	-1.0938	1.094	1.098	-1.0981	1.0997	-1.0998	1.1011	-1.1011	-1.1148	1.115	1.1202	-1.1203	-1.1209	1.1211	1.126	-1.126	1.132	-1.1321	-1.1486	1.1486	-1.1517	1.1519	-1.1525	1.1526	1.1581	-1.1581	-1.1656	1.1658	-1.1728	1.1729	-1.1893	1.1894	1.1896	-1.1897	1.1933	-1.1933	-1.2086	1.2087	1.2113	-1.2114	-1.2136	1.2138	1.223	-1.2232	-1.2237	1.224	1.2248	-1.225	1.2256	-1.2256	-1.2405	1.2407	1.2413	-1.2415	-1.2457	1.246	-1.2513	-1.2514	1.2514	1.2517	-1.2524	1.2525	-1.2546	1.2547	-1.2567	1.2568	-1.2715	1.2716	1.2725	-1.2726	-1.2752	1.2753	1.2792	-1.2793	-1.2812	1.2814	1.2942	-1.2942	1.2963	-1.2966	-1.2998	1.3001	-1.3033	1.3035	-1.3041	1.3043	-1.305	1.3051	-1.3239	1.3241	-1.3258	1.3261	-1.3275	1.3275	1.3358	-1.3358	1.3364	-1.3364	1.3389	-1.339	-1.3392	1.3393	1.3421	-1.3422	-1.3521	1.3525	1.3547	-1.3549	-1.3564	1.3565	-1.3586	1.3587	-1.3603	1.3608	1.361	-1.3611	-1.368	1.368	1.3788	-1.3789	-1.3799	1.3799	1.384	-1.3843	-1.3959	1.396	1.3972	-1.3973	1.4053	-1.4053	-1.4056	1.4057	-1.4159	1.416	-1.4303	1.4309	-1.4335	1.4336	1.4373	-1.4374	1.4526	-1.4527	-1.4599	1.4602	-1.4699	1.4701	-1.4739	1.4741	-1.4777	1.4777	1.48	-1.48	1.482	-1.4822	-1.4859	1.4861	1.4872	-1.4872	1.497	-1.497	-1.5009	1.5012	-1.5032	1.5041	1.5107	-1.5108	-1.5167	1.517	-1.5203	1.5203	-1.525	1.5253	-1.5289	1.529	-1.531	1.5312	-1.5354	1.5355	-1.5374	1.5377	1.543	-1.5433	1.5469	-1.5473	-1.5588	1.5591	-1.5708	1.5714	-1.5768	1.577	1.5848	-1.5849	1.5978	-1.5978	-1.6005	1.601	-1.6055	1.6059	-1.6101	1.6103	-1.6153	1.6155	1.6228	-1.6229	-1.6314	1.6315	1.6315	-1.6317	-1.6456	1.6459	1.6506	-1.6511	-1.6513	1.6516	-1.6828	1.683	-1.6833	1.6834	1.6936	-1.6937	-1.6979	1.698	1.6994	-1.6995	-1.7034	1.7035	1.7094	-1.7096	-1.7184	1.7185	-1.7534	1.7538	-1.7579	1.7584	1.7672	-1.7674	1.7685	-1.7685	1.7746	-1.7747	-1.7838	1.7842	-1.7893	1.7897	-1.7901	1.7901	-1.7921	1.7921	-1.7934	1.7939	1.8076	-1.8078	1.8151	-1.8153	1.8248	-1.8252	-1.8256	1.8258	-1.8259	1.8262	-1.8274	1.8276	1.8642	-1.8647	-1.8651	1.8652	1.8696	-1.8697	-1.8734	1.8734	-1.8821	1.8822	-1.8834	1.8836	1.8853	-1.8856	-1.888	1.8883	-1.9146	1.9148	-1.9206	1.9207	-1.9318	1.932	-1.9357	1.936	-1.937	1.9372	-1.9391	1.9393	-1.9395	1.9399	-1.9403	1.9404	1.9422	-1.9424	-1.9507	1.9508	-1.9533	1.9535	
0	2.3248	-0.14633	0.14646	-0.19122	0.19142	0.21502	-0.21508	0.22944	-0.22954	-0.24017	0.24023	-0.24887	0.2489	0.25591	-0.25594	0.26114	-0.26122	0.26618	-0.26637	0.27102	-0.27114	-0.27491	0.27506	-0.27677	0.27682	0.28191	-0.28196	-0.28268	0.28289	-0.28495	0.28496	0.28742	-0.28754	0.29071	-0.2909	0.29412	-0.29414	-0.29522	0.29536	0.29622	-0.29627	0.29922	-0.29938	-0.3005	0.30059	-0.30138	0.30156	0.30162	-0.30178	0.30196	-0.30205	0.3024	-0.3024	0.30299	-0.30301	0.30326	-0.3033	0.30506	-0.30506	-0.30535	0.30538	-0.30591	0.30594	0.30617	-0.30621	-0.30677	-0.30692	0.30692	0.30699	0.31043	-0.31049	0.31053	-0.31062	0.31076	-0.31088	-0.3146	0.31467	0.31713	-0.31719	0.32227	-0.32237	0.3231	-0.32321	-0.9062	0.90651	-1.0148	1.0149	-1.0161	1.0164	1.0251	-1.0254	1.0403	-1.0404	1.0612	-1.0614	-1.068	1.0685	1.0742	-1.0743	-1.0944	1.0948	1.096	-1.0961	1.0978	-1.0981	1.0995	-1.0996	1.1005	-1.1007	1.117	-1.1173	-1.1213	1.1218	1.1228	-1.1228	1.1255	-1.1256	1.1334	-1.1341	1.148	-1.1481	-1.1512	1.1513	-1.1533	1.1542	1.1592	-1.16	-1.168	1.168	1.1743	-1.175	1.189	-1.1895	1.1913	-1.1915	-1.1955	1.1956	1.2102	-1.2103	1.2113	-1.2113	-1.2154	1.2156	-1.2231	1.2235	-1.2252	1.2255	-1.2265	1.2268	1.227	-1.2277	1.2421	-1.2425	1.2435	-1.2437	-1.2465	1.2467	-1.2505	1.2508	-1.2536	1.2536	-1.2538	1.254	-1.2547	1.2549	1.2586	-1.259	-1.2724	1.2726	1.2739	-1.2742	-1.2774	1.2775	-1.281	1.2811	-1.2819	1.2823	1.2965	-1.2973	1.2983	-1.2988	-1.2999	1.3006	1.3054	-1.3056	-1.3061	1.3062	-1.3073	1.3078	1.3252	-1.3255	-1.3263	1.3263	-1.33	1.3301	-1.3371	1.3373	-1.3386	1.3386	1.3388	-1.3389	-1.3392	1.3393	-1.3415	1.342	1.3524	-1.3525	1.3547	-1.3551	1.3565	-1.3572	-1.3588	1.3589	1.3625	-1.3631	1.3632	-1.3633	-1.3713	1.3713	1.3778	-1.3779	-1.382	1.3822	1.3833	-1.3836	1.3965	-1.3977	1.3999	-1.4001	1.4054	-1.4055	1.4079	-1.4083	1.4153	-1.4154	-1.4302	1.4303	-1.4323	1.4323	-1.4407	1.4409	-1.4529	1.4533	-1.4623	1.4623	1.4719	-1.472	1.4734	-1.4737	1.4761	-1.4776	-1.4793	1.4794	-1.4816	1.4818	1.4855	-1.486	-1.4871	1.4875	1.4965	-1.4968	1.5018	-1.5022	-1.503	1.5034	-1.5105	1.5106	-1.5169	1.5173	1.5195	-1.5201	-1.5249	1.5251	-1.5289	1.529	1.5304	-1.5304	-1.5355	1.5355	-1.5374	1.5376	-1.5429	1.5431	-1.5472	1.5474	1.5582	-1.5586	1.5709	-1.571	-1.579	1.5795	-1.5845	1.5851	1.5996	-1.5998	-1.6001	1.6009	-1.6049	1.6053	1.6091	-1.6096	1.6146	-1.6149	-1.6253	1.6254	-1.6311	1.6311	-1.6319	1.6326	-1.6472	1.6483	1.65	-1.6504	1.6512	-1.6513	1.682	-1.6825	-1.6833	1.6834	-1.6919	1.692	1.7002	-1.7003	-1.7013	1.7013	-1.7028	1.7034	1.7083	-1.7084	1.7181	-1.7188	-1.7528	1.7534	1.7606	-1.7612	1.7671	-1.7675	-1.7682	1.7691	1.7772	-1.7772	-1.7858	1.7866	1.7894	-1.79	1.7912	-1.7912	1.7921	-1.7922	-1.7953	1.7955	1.8072	-1.8078	-1.8148	1.8154	1.824	-1.8242	1.8251	-1.8251	-1.8258	1.8261	-1.8293	1.8294	1.8642	-1.8646	-1.8651	1.8654	-1.8705	1.8708	1.8752	-1.8754	1.8828	-1.8829	1.8842	-1.8846	-1.885	1.8854	-1.8871	1.888	1.9161	-1.9165	1.9215	-1.922	1.9343	-1.9347	1.9369	-1.9372	-1.9379	1.9384	-1.9394	1.9396	1.94	-1.9402	-1.9405	1.9408	1.9417	-1.9426	1.9511	-1.9518	1.9519	-1.9524	
0	2.3876	-0.13525	0.13535	-0.17668	0.17673	0.19882	-0.19891	-0.21199	0.21205	-0.22195	0.222	0.22994	-0.23002	-0.23658	0.2366	0.24138	-0.24148	-0.24611	0.24611	0.25063	-0.25065	-0.25425	0.25454	0.25589	-0.2559	-0.26085	0.26096	-0.26136	0.26158	0.26357	-0.26363	0.26573	-0.26578	0.26929	-0.26932	-0.27212	0.27213	0.27368	-0.27368	-0.27401	0.27403	-0.27751	0.2776	0.27897	-0.279	-0.27914	0.27915	-0.27923	0.27933	0.27994	-0.27995	-0.28019	0.28023	-0.28025	0.28032	-0.28095	0.28105	-0.28233	0.28244	-0.28296	0.28299	-0.28334	0.28342	-0.28365	0.2837	-0.28446	0.28452	-0.28503	0.28513	-0.28837	0.28847	0.28857	-0.28865	-0.28895	0.28899	-0.29267	0.29271	0.29531	-0.2954	0.30059	-0.30066	-0.30125	0.3013	-0.91354	0.91404	1.0153	-1.0153	1.0168	-1.017	1.0253	-1.0255	1.0418	-1.0421	1.0611	-1.0613	-1.0671	1.0674	1.0761	-1.0761	1.0964	-1.0966	1.0981	-1.0981	-1.0984	1.0984	1.0996	-1.0997	-1.1001	1.1002	-1.1193	1.1196	-1.1233	1.1235	-1.1242	1.1244	-1.1252	1.1253	1.1353	-1.1353	-1.1475	1.1476	1.1499	-1.1499	-1.1549	1.1551	1.1614	-1.1617	1.1698	-1.1698	-1.1762	1.1764	-1.1895	1.1896	1.1932	-1.1934	1.1969	-1.1973	-1.2106	1.2114	1.2122	-1.2123	1.2176	-1.2176	-1.223	1.2231	1.2276	-1.2277	-1.2284	1.2286	1.2295	-1.2296	-1.2444	1.2447	1.2455	-1.2456	-1.2473	1.2475	-1.251	1.2511	1.2531	-1.2532	1.2556	-1.2556	1.2564	-1.2567	1.261	-1.2611	-1.2726	1.2727	1.2761	-1.2762	-1.2795	1.2796	-1.2809	1.2811	-1.2843	1.2843	-1.2996	1.3001	-1.3006	1.3007	-1.3009	1.301	1.3074	-1.3075	1.3084	-1.3084	1.3091	-1.3093	1.3255	-1.3256	1.3277	-1.3278	-1.332	1.3322	1.3384	-1.3388	1.3389	-1.3391	-1.3396	1.3399	-1.3406	1.3406	-1.3411	1.3413	1.3527	-1.3527	1.3538	-1.354	-1.3584	1.3588	-1.3588	1.3591	1.3647	-1.3648	1.3653	-1.3655	-1.3741	1.3746	1.3769	-1.3771	1.3837	-1.3839	1.3844	-1.3846	-1.3983	1.3984	1.4027	-1.4028	1.4052	-1.4053	-1.4108	1.4111	-1.4152	1.4154	-1.4301	1.4302	1.4309	-1.4309	1.4434	-1.4436	1.4528	-1.4528	-1.4639	1.4642	-1.4724	1.4731	1.4741	-1.4745	1.4762	-1.4765	-1.4783	1.4788	-1.4816	1.4817	-1.4858	1.4861	-1.4872	1.4872	-1.4968	1.497	-1.5005	1.5005	-1.5047	1.505	-1.5105	1.5108	1.5167	-1.5169	1.5195	-1.5197	-1.5249	1.525	1.529	-1.529	-1.5297	1.5299	-1.5353	1.5355	-1.5375	1.5376	-1.5425	1.5426	-1.5471	1.5476	-1.5582	1.5583	-1.5709	1.571	-1.5802	1.5812	-1.5847	1.5848	-1.5998	1.6	1.6018	-1.6019	1.605	-1.6052	1.609	-1.6092	-1.6139	1.6143	-1.6276	1.6277	-1.6312	1.6315	-1.6316	1.6319	-1.6495	1.6498	-1.6502	1.6503	1.6506	-1.6507	1.6814	-1.6818	1.6835	-1.6836	1.6904	-1.6905	-1.7024	1.7026	-1.7027	1.7027	-1.7037	1.704	1.7078	-1.7078	-1.7179	1.7183	-1.7534	1.7538	-1.7635	1.7636	-1.7677	1.7681	-1.7683	1.7691	-1.7789	1.779	-1.7881	1.7881	-1.7898	1.7902	1.792	-1.792	-1.7932	1.7933	1.797	-1.7975	-1.8075	1.8077	-1.8152	1.8156	-1.8223	1.8225	-1.8248	1.8251	-1.8258	1.826	-1.8307	1.8311	1.8642	-1.8645	-1.8648	1.865	1.8728	-1.873	-1.8781	1.8785	-1.8821	1.8826	-1.8851	1.8852	1.886	-1.8862	1.8871	-1.8879	1.9187	-1.9188	1.9241	-1.9242	-1.9369	1.9374	1.9377	-1.9379	1.9395	-1.9397	-1.9403	1.9404	1.9406	-1.9407	1.9416	-1.9417	-1.9426	1.9427	1.9499	-1.9501	-1.9537	1.9541	
0	2.4504	-0.12405	0.12414	-0.16202	0.1622	0.18257	-0.18259	0.19453	-0.19455	-0.20371	0.20375	-0.21109	0.21109	0.21714	-0.21715	-0.2215	0.22158	0.22587	-0.22588	0.23019	-0.23026	-0.23353	0.23377	-0.23488	0.23489	0.23984	-0.23988	-0.24015	0.24022	0.24218	-0.24227	-0.24399	0.244	-0.24785	0.24787	0.24997	-0.24997	0.2517	-0.25175	0.25208	-0.25209	-0.25579	0.25586	-0.25626	0.25633	-0.25688	0.25694	0.25738	-0.25739	0.25742	-0.25746	0.25753	-0.2576	0.25836	-0.2584	0.25869	-0.25875	-0.25968	0.25969	-0.26057	0.26057	-0.26069	0.26081	0.26106	-0.26117	0.26195	-0.26199	-0.26323	0.26328	-0.26605	0.26632	-0.26671	0.26685	-0.26722	0.26725	0.27069	-0.27073	0.27365	-0.27365	-0.27888	0.27892	0.27948	-0.27953	0.92081	-0.92106	1.0143	-1.0144	-1.0192	1.0193	1.0253	-1.0254	-1.0432	1.0434	1.0612	-1.0614	-1.0657	1.0659	1.0779	-1.0781	-1.0981	1.0981	1.0986	-1.0988	1.0995	-1.0996	1.0997	-1.0997	-1.1002	1.1004	-1.1214	1.1214	-1.1245	1.1245	1.1247	-1.1248	-1.1259	1.1259	1.1364	-1.1366	-1.147	1.1471	-1.1484	1.1486	-1.1563	1.1565	1.163	-1.1631	-1.1716	1.1717	1.1778	-1.1779	-1.1893	1.1894	1.1945	-1.1947	1.1985	-1.1987	1.2114	-1.2114	1.2139	-1.2141	-1.2193	1.2194	1.2228	-1.223	1.2292	-1.2294	-1.2301	1.2302	1.2309	-1.231	1.2463	-1.2463	1.2474	-1.2475	-1.2482	1.2483	1.2509	-1.2511	1.2525	-1.2526	-1.2573	1.2574	1.2582	-1.2582	-1.2628	1.2629	1.2724	-1.2725	1.278	-1.2781	-1.2809	1.2809	1.2814	-1.2814	1.2864	-1.2865	1.3	-1.3002	1.3024	-1.3025	1.3038	-1.3039	1.3094	-1.3095	-1.3105	1.3105	-1.3108	1.3108	1.3255	-1.3257	-1.3296	1.3297	1.3337	-1.3343	1.3382	-1.3383	1.3389	-1.3389	-1.3405	1.3406	1.3416	-1.3419	-1.3422	1.3425	1.3525	-1.3525	-1.353	1.3531	1.3585	-1.3588	1.3606	-1.3607	1.3666	-1.3668	1.3669	-1.367	-1.3758	1.376	1.3773	-1.3776	1.3833	-1.3835	1.3861	-1.3861	1.3998	-1.4	-1.4045	1.405	-1.4051	1.4053	1.4129	-1.4135	-1.4145	1.4148	-1.4294	1.4296	1.4299	-1.4301	-1.4468	1.4471	-1.4528	1.4529	1.4658	-1.4658	1.4723	-1.4723	1.4759	-1.476	1.4764	-1.4768	1.4779	-1.478	1.4811	-1.4812	-1.486	1.4861	-1.487	1.4872	1.4971	-1.4971	1.4989	-1.4993	1.5068	-1.507	1.5104	-1.5106	1.5168	-1.5169	1.5192	-1.5192	-1.5246	1.5246	1.5288	-1.529	-1.5293	1.5293	1.5354	-1.5354	-1.5374	1.5376	1.5421	-1.5424	-1.5471	1.5471	1.5578	-1.5579	1.5709	-1.571	1.5827	-1.5829	1.5845	-1.5848	-1.5994	1.5994	-1.6037	1.6037	-1.6047	1.6048	-1.6088	1.6088	1.6136	-1.6137	-1.6303	1.6303	-1.6311	1.6313	1.6316	-1.6316	-1.6492	1.6495	-1.6497	1.6498	-1.6516	1.6517	-1.6812	1.6815	-1.6835	1.6838	1.689	-1.6891	1.7021	-1.7022	-1.7043	1.7048	1.7053	-1.7054	-1.7072	1.7072	-1.7185	1.7185	-1.7534	1.7535	-1.7663	1.7663	1.7683	-1.7683	1.7684	-1.7686	1.781	-1.781	-1.7897	1.7898	1.79	-1.7901	1.7919	-1.7922	-1.7949	1.7952	-1.7986	1.7993	-1.807	1.8073	1.815	-1.8152	1.8205	-1.8207	-1.8249	1.8251	1.8256	-1.826	1.8327	-1.8328	1.8645	-1.8646	-1.8648	1.8649	1.8747	-1.8752	1.8809	-1.881	1.8816	-1.8818	-1.8852	1.8853	-1.8872	1.8872	-1.888	1.8882	-1.9202	1.9205	1.9253	-1.9257	1.9372	-1.9373	1.9395	-1.9396	-1.9404	1.9404	-1.941	1.9411	1.942	-1.9421	-1.9425	1.9425	-1.9428	1.9432	1.9479	-1.9485	1.9553	-1.9554	
0	2.5133	0.11292	-0.11297	-0.14741	0.14756	0.1662	-0.16629	-0.17705	0.17707	-0.18528	0.18533	0.1921	-0.19217	-0.19771	0.19775	-0.20158	0.2016	-0.20561	0.20563	-0.20974	0.20989	-0.21275	0.21295	-0.21366	0.21372	-0.21859	0.21863	0.21876	-0.2188	0.2206	-0.22074	0.22201	-0.22201	-0.2262	0.22627	-0.2275	0.2277	-0.22925	0.22942	0.23043	-0.23044	0.23336	-0.23351	-0.23388	0.23389	0.23431	-0.23437	0.23461	-0.23473	0.23473	-0.23495	0.23614	-0.23619	0.23637	-0.23644	-0.2365	0.23656	0.23685	-0.23709	0.23791	-0.23804	0.23805	-0.2383	0.23858	-0.23861	-0.23939	0.23947	-0.24144	0.2417	-0.24366	0.24394	-0.24491	0.24514	-0.2455	0.24567	-0.24865	0.2488	0.25229	-0.25234	-0.25732	0.25746	0.25774	-0.25796	0.92593	-0.92684	1.0116	-1.0119	1.0203	-1.0203	1.0251	-1.0253	1.0431	-1.0439	-1.0603	1.0613	-1.0641	1.0646	-1.0787	1.0795	-1.0978	1.0978	1.0983	-1.0989	1.0991	-1.0995	1.1003	-1.1005	-1.1014	1.102	1.1227	-1.1232	1.1242	-1.1242	-1.1261	1.1262	-1.127	1.1274	1.1364	-1.138	-1.1459	1.1462	-1.1471	1.1473	-1.1576	1.1581	1.1641	-1.1644	1.1722	-1.1735	1.1791	-1.1796	-1.189	1.1894	1.1954	-1.1965	-1.1998	1.201	-1.211	1.2115	1.2151	-1.2151	-1.2208	1.2209	-1.2225	1.2225	1.2302	-1.2304	1.2309	-1.2312	-1.2324	1.2326	1.2473	-1.2476	1.2485	-1.2485	-1.2492	1.2495	-1.2504	1.2508	1.2517	-1.2518	1.2576	-1.2586	-1.259	1.2595	1.2637	-1.2645	1.2718	-1.2721	1.2793	-1.2795	1.2799	-1.2808	1.283	-1.283	1.288	-1.2881	1.2993	-1.3007	-1.3039	1.3041	1.3065	-1.3065	-1.3107	1.3107	1.3116	-1.3121	-1.3122	1.313	-1.3245	1.3262	1.3308	-1.331	1.3351	-1.3359	1.3374	-1.3383	-1.3388	1.3392	-1.3399	1.3407	1.3428	-1.3432	-1.344	1.3444	-1.3509	1.351	-1.3531	1.3534	1.3585	-1.3589	-1.3623	1.3625	1.3678	-1.3685	-1.3687	1.369	-1.3743	1.3747	-1.3797	1.3804	-1.3828	1.3842	1.3876	-1.3881	1.4004	-1.4012	-1.4044	1.4046	1.4069	-1.4072	-1.4146	1.4152	1.4155	-1.4166	1.4273	-1.4274	-1.4294	1.4296	1.4492	-1.4497	-1.4525	1.4526	1.4661	-1.4678	-1.4711	1.4718	1.4746	-1.4758	1.4768	-1.4768	1.4784	-1.4789	1.4812	-1.4815	-1.4849	1.4857	1.4866	-1.4876	1.4962	-1.4971	-1.4978	1.4981	-1.5067	1.5084	-1.5104	1.5106	-1.5167	1.5167	-1.5184	1.5191	-1.5245	1.5247	1.5274	-1.5282	-1.5285	1.5286	-1.5339	1.5348	1.537	-1.5371	1.5417	-1.5422	1.5467	-1.5471	-1.5573	1.5575	-1.5711	1.572	1.5838	-1.5839	-1.5845	1.5851	1.5986	-1.5992	1.6027	-1.6045	1.6049	-1.6054	-1.6077	1.6082	-1.6131	1.614	1.6298	-1.6301	-1.6314	1.6317	1.6324	-1.6331	-1.648	1.6482	1.6486	-1.6496	1.6533	-1.6549	-1.6799	1.68	-1.6828	1.6834	1.687	-1.6874	-1.7004	1.7013	1.7039	-1.7054	-1.7064	1.7065	-1.7073	1.7087	-1.7172	1.719	1.7513	-1.7527	1.7669	-1.7674	1.7682	-1.7688	1.7689	-1.769	1.783	-1.7835	1.7872	-1.7879	1.7905	-1.7916	1.7922	-1.7926	1.7954	-1.7962	1.7997	-1.8008	-1.8058	1.806	1.8145	-1.815	-1.8182	1.8188	1.824	-1.8241	-1.8263	1.8263	-1.8339	1.8343	-1.8637	1.8638	1.8646	-1.8648	1.8762	-1.8763	-1.8802	1.8806	-1.8818	1.883	1.8843	-1.8854	-1.8872	1.8875	1.8896	-1.8903	1.9211	-1.9213	1.9261	-1.927	1.935	-1.936	1.9383	-1.9389	1.9403	-1.9407	1.9415	-1.9418	-1.9425	1.943	-1.9435	1.9438	-1.9439	1.9445	-1.9462	1.9472	1.9558	-1.9561	
0	2.5761	-0.10165	0.10177	-0.13282	0.13293	-0.14991	0.14996	-0.15945	0.15957	-0.16685	0.16691	-0.17312	0.17314	-0.17813	0.17814	-0.18152	0.18159	0.18519	-0.18526	-0.18914	0.18917	0.19209	-0.19217	-0.19254	0.19261	-0.19717	0.19729	-0.19748	0.19753	-0.19925	0.19932	0.20014	-0.20023	0.2049	-0.20502	-0.20531	0.20532	-0.20678	0.20685	0.20884	-0.20913	-0.21031	0.21037	0.21127	-0.21139	-0.21176	0.212	-0.21209	0.21225	0.21237	-0.21259	0.21391	-0.21396	0.21414	-0.21417	0.21462	-0.21471	0.21494	-0.21499	-0.21525	0.21526	-0.21574	0.21586	0.21618	-0.2162	-0.21707	0.21709	-0.21981	0.21999	0.22185	-0.22188	-0.22328	0.22335	-0.22398	0.22407	0.22716	-0.22732	0.2309	-0.23107	0.23612	-0.23632	0.23657	-0.23662	0.93451	-0.93474	1.0086	-1.0091	1.0205	-1.0213	1.025	-1.0252	1.0431	-1.0447	-1.0579	1.06	1.0624	-1.0629	-1.0794	1.0815	1.0964	-1.0968	1.0981	-1.0986	1.0991	-1.0995	-1.1014	1.1017	1.1033	-1.1036	1.1221	-1.123	1.1239	-1.1246	1.126	-1.1268	1.128	-1.1286	-1.1359	1.1381	1.1433	-1.1452	1.1459	-1.1459	1.1571	-1.1574	-1.166	1.1665	-1.1742	1.1747	1.1786	-1.1822	-1.1879	1.189	-1.1977	1.1982	1.2004	-1.2015	1.2108	-1.2111	1.2165	-1.2167	1.2201	-1.2214	1.222	-1.223	-1.2313	1.2314	1.2321	-1.233	1.2337	-1.2339	1.2478	-1.2482	1.2492	-1.2493	-1.2502	1.2502	1.2507	-1.2507	-1.2514	1.2518	-1.2591	1.2594	-1.2612	1.2614	1.2651	-1.2653	-1.2706	1.2742	1.2785	-1.2806	-1.281	1.2819	-1.2842	1.2846	1.2891	-1.2905	-1.298	1.2996	1.3047	-1.305	-1.3093	1.3096	1.3117	-1.3122	-1.3135	1.3136	-1.3142	1.3144	-1.3248	1.3248	-1.3315	1.3328	1.3355	-1.337	1.3376	-1.338	1.3385	-1.3387	1.3389	-1.3401	-1.3443	1.3448	1.3454	-1.3459	1.349	-1.3491	-1.3533	1.3535	1.3579	-1.3583	1.363	-1.3633	1.3689	-1.3699	-1.3701	1.3703	-1.3724	1.3741	1.3824	-1.3828	-1.3834	1.384	-1.3893	1.3895	-1.4009	1.4021	1.4042	-1.4049	-1.4087	1.4095	-1.4132	1.4145	-1.4181	1.4182	1.4255	-1.4263	1.4288	-1.4289	1.4517	-1.452	-1.4524	1.453	1.4666	-1.4684	1.4706	-1.4709	1.475	-1.4752	-1.4762	1.4764	1.4794	-1.4794	1.4816	-1.4818	-1.4851	1.4851	1.4869	-1.4871	1.496	-1.4963	1.4969	-1.4971	1.5089	-1.5095	-1.5102	1.5105	-1.5158	1.517	1.5181	-1.5188	-1.5236	1.5246	-1.5256	1.5274	-1.5291	1.5291	1.5353	-1.5357	1.5373	-1.5376	-1.5406	1.5416	-1.5461	1.5471	1.5573	-1.5578	1.57	-1.5707	1.5834	-1.5842	-1.5855	1.5874	1.5959	-1.5974	1.6019	-1.6039	1.6053	-1.6068	-1.6075	1.6087	-1.6123	1.6127	-1.6289	1.6304	1.6311	-1.6314	-1.6351	1.6352	-1.6467	1.6481	-1.649	1.6494	1.6552	-1.6606	-1.6803	1.6808	1.6831	-1.6836	-1.6854	1.6855	1.7009	-1.701	1.7036	-1.7049	-1.7065	1.7076	-1.7084	1.7092	1.7177	-1.7184	1.7515	-1.7531	1.7667	-1.7671	1.7686	-1.7687	1.7708	-1.7713	-1.7835	1.7851	1.7889	-1.7894	-1.7902	1.7914	-1.792	1.7932	-1.7977	1.7981	1.7999	-1.8	1.8077	-1.8097	1.8144	-1.8147	1.8158	-1.8166	-1.8242	1.8244	1.8254	-1.8254	1.8356	-1.8362	1.8631	-1.8633	-1.8641	1.8643	-1.8764	1.8772	1.8787	-1.8788	1.8836	-1.8844	-1.8851	1.8855	-1.8867	1.8869	-1.8903	1.891	1.9231	-1.9235	-1.9278	1.9287	1.9357	-1.9359	1.9379	-1.938	-1.9401	1.9408	-1.9418	1.9422	1.9434	-1.9434	1.9442	-1.9449	-1.9455	1.9457	1.9463	-1.9467	-1.9574	1.9585	
0	2.6389	-0.090528	0.090658	-0.11815	0.11828	-0.13366	0.13367	-0.1419	0.1421	-0.14852	0.14867	-0.15399	0.15415	0.15876	-0.15877	0.16155	-0.16156	-0.16487	0.1649	0.1686	-0.16876	-0.17129	0.17143	-0.17155	0.17156	-0.17592	0.176	-0.17643	0.17649	0.17739	-0.1775	0.17827	-0.17829	0.18302	-0.18311	-0.1836	0.18374	0.18438	-0.18447	-0.1872	0.1873	-0.18737	0.18738	0.18819	-0.18839	-0.1893	0.18933	-0.18938	0.1895	-0.19084	0.19086	0.19111	-0.19129	-0.19173	0.19183	-0.19241	0.19242	-0.19302	0.19308	0.19323	-0.19325	0.19344	-0.19345	0.19379	-0.19383	0.19455	-0.1946	-0.19836	0.19838	-0.19977	0.20004	0.20179	-0.20191	-0.20277	0.20289	-0.20546	0.2056	0.20968	-0.20975	0.21517	-0.21518	-0.2156	0.21563	0.94071	-0.94087	1.009	-1.0098	-1.023	1.0236	1.0249	-1.0255	1.046	-1.0465	-1.0604	1.0607	1.062	-1.0622	1.0827	-1.0829	1.0976	-1.0978	1.0982	-1.0983	-1.0992	1.0993	-1.1029	1.1036	1.1045	-1.105	1.1226	-1.1228	1.1256	-1.1268	-1.1278	1.1281	1.1291	-1.1293	-1.14	1.1407	1.1447	-1.145	-1.1451	1.1453	-1.1602	1.1608	1.1665	-1.1669	-1.176	1.1763	-1.181	1.1812	-1.1889	1.1892	-1.1985	1.1992	1.2016	-1.2022	1.211	-1.2112	-1.2179	1.218	1.2227	-1.2229	1.2232	-1.2234	-1.2333	1.2333	1.2337	-1.2343	1.2349	-1.2358	1.2486	-1.2501	1.2503	-1.2505	1.2507	-1.2507	-1.2511	1.2516	1.2521	-1.2522	1.2618	-1.262	1.2624	-1.2626	1.2672	-1.2675	1.2724	-1.2739	1.2804	-1.2805	1.2825	-1.2828	-1.2856	1.2857	-1.2913	1.2926	1.2997	-1.3002	1.3071	-1.3073	-1.312	1.3124	-1.313	1.3137	-1.3148	1.3149	1.3154	-1.3162	1.3254	-1.3256	-1.3336	1.3339	1.3365	-1.3374	1.3387	-1.3387	1.3391	-1.3391	1.3396	-1.3399	1.3455	-1.3462	1.3467	-1.3469	-1.3481	1.3481	1.3535	-1.3535	1.3579	-1.3586	1.3647	-1.365	1.371	-1.3714	1.3715	-1.3716	1.3734	-1.3737	-1.3829	1.3834	1.386	-1.3871	-1.3907	1.3907	1.4028	-1.4033	-1.4047	1.4048	1.4113	-1.4114	1.4143	-1.4144	1.4198	-1.42	-1.4247	1.4251	1.4294	-1.4296	1.4529	-1.4529	1.4552	-1.4553	-1.4698	1.4699	1.4707	-1.4708	1.4742	-1.4747	-1.4757	1.4758	-1.4806	1.4806	1.482	-1.4821	1.4847	-1.485	-1.4867	1.4867	-1.4951	1.4952	-1.4967	1.4973	-1.5096	1.51	-1.5109	1.5111	1.5166	-1.5168	-1.518	1.5181	1.5241	-1.5245	-1.5274	1.5277	1.5285	-1.5286	1.5354	-1.5354	-1.537	1.5376	-1.541	1.5415	-1.5477	1.5478	-1.5568	1.5568	-1.5707	1.5713	-1.5843	1.5843	1.5864	-1.5873	1.5982	-1.5987	1.6029	-1.6042	1.6073	-1.6075	-1.6081	1.6087	1.6113	-1.6122	1.631	-1.631	1.6313	-1.6316	1.6371	-1.6373	-1.6479	1.648	1.6485	-1.6486	-1.6556	1.6564	1.6798	-1.6799	1.6837	1.6841	-1.6841	-1.6846	1.7011	-1.7013	-1.7051	1.7052	1.7083	-1.7094	-1.7097	1.71	-1.718	1.719	-1.7532	1.7534	-1.7679	-1.7686	1.7688	1.7692	1.774	-1.7745	1.7857	-1.7857	-1.7899	1.7902	1.7919	-1.7921	1.7943	-1.7943	1.7988	-1.7991	-1.8029	1.8029	1.8068	-1.807	1.8147	1.815	-1.8151	-1.8165	-1.8239	1.825	1.8258	-1.8261	1.8367	-1.8381	-1.8638	1.864	1.8646	-1.8646	-1.8785	1.879	1.8799	-1.8802	-1.8844	1.8853	-1.887	1.8871	1.8874	-1.8876	1.8927	-1.8929	1.9242	-1.9245	1.929	-1.9295	-1.9369	1.9373	-1.9385	1.939	-1.9407	1.9418	-1.9423	1.9427	-1.9436	1.944	-1.945	1.9454	1.9469	-1.9474	-1.9479	1.9485	1.9586	-1.9588	
0	2.7018	-0.079399	0.07944	-0.10343	0.10365	-0.1174	0.11754	0.12435	-0.12444	-0.13016	0.13016	0.135	-0.13502	-0.13916	0.13921	-0.1416	0.14163	-0.14445	0.14446	0.14807	-0.14812	-0.15021	0.15025	-0.15056	0.15066	-0.1543	0.15447	0.15535	-0.15541	0.15587	-0.15591	-0.15597	0.15611	-0.16058	0.16062	-0.16192	0.16201	0.16228	-0.16229	-0.16412	0.16413	0.16516	-0.16518	-0.16596	0.166	0.16669	-0.16671	-0.16694	0.16698	-0.16835	0.16845	-0.16953	0.16956	-0.1696	0.16964	-0.16976	0.16985	0.1706	-0.17067	0.17113	-0.17119	-0.17155	0.17172	-0.17214	0.17218	-0.17306	0.17306	0.17725	-0.17725	-0.17816	0.17826	-0.18075	0.18085	-0.18189	0.182	0.1844	-0.18448	-0.18909	0.18922	0.19486	-0.19487	0.19506	-0.1951	-0.94676	0.94773	-1.007	1.0071	1.0244	-1.0251	-1.0252	1.0254	1.047	-1.047	1.0605	-1.0609	1.0614	-1.0618	-1.0844	1.0847	1.0975	-1.0975	-1.0978	1.0979	1.0993	-1.0994	1.1046	-1.1052	1.1062	-1.1065	1.1223	-1.1225	1.1287	-1.1287	1.1288	-1.1289	-1.1303	1.1305	-1.1405	1.1411	1.1439	-1.1439	-1.1444	1.1445	-1.1606	1.1611	-1.1675	1.1678	1.1775	-1.1786	-1.1822	1.1827	-1.1892	1.1896	1.1993	-1.1999	-1.2033	1.2035	-1.2112	1.2114	-1.2193	1.2195	1.2226	-1.2234	1.2243	-1.2245	1.2338	-1.2342	-1.2348	1.2351	-1.2361	1.2362	1.2488	-1.2502	1.2506	-1.2507	1.251	-1.2513	-1.2517	1.2521	-1.2532	1.2534	-1.2629	1.2631	1.2636	-1.2639	1.268	-1.2689	1.2722	-1.2725	-1.2806	1.2806	-1.2836	1.2841	-1.287	1.2874	1.2931	-1.2936	-1.3	1.3001	1.3076	-1.308	1.3143	-1.3145	-1.3156	1.3156	1.3161	-1.3162	-1.3166	1.3166	-1.3253	1.3254	-1.3349	1.335	1.3377	-1.3378	1.3382	-1.3385	1.339	-1.3391	1.3398	-1.3407	1.346	-1.3461	-1.3473	1.3476	-1.3479	1.3482	-1.354	1.3548	1.3584	-1.3588	1.3659	-1.3661	-1.372	1.3721	1.3726	-1.3727	-1.3731	1.3738	-1.3828	1.383	1.389	-1.3893	1.3921	-1.3921	1.4037	-1.4042	-1.4051	1.4052	-1.4126	1.413	1.414	-1.4142	1.4215	-1.4216	-1.4235	1.424	1.4286	-1.4293	1.4523	-1.4529	1.4577	-1.4578	-1.4694	1.4701	1.4709	-1.4716	1.4744	-1.4748	1.475	-1.4756	-1.4801	1.4803	-1.4825	1.4835	-1.4857	1.4858	-1.4865	1.4867	-1.4933	1.4936	-1.4971	1.4972	-1.5099	1.5101	-1.512	1.5125	1.5168	-1.5175	1.5178	-1.5182	-1.5235	1.5242	1.5271	-1.5274	1.5285	-1.5293	1.5353	-1.5354	1.5375	-1.5376	1.5409	-1.5413	1.5472	-1.5476	-1.5572	1.5572	-1.5711	1.5712	-1.5841	1.5843	-1.5885	1.5888	1.5982	-1.5986	-1.6037	1.6046	1.6067	-1.6073	-1.6092	1.6096	1.611	-1.6118	-1.6304	1.6313	1.6319	-1.6319	-1.6389	1.6393	-1.6458	1.6471	-1.6483	1.6487	-1.6559	1.6572	1.6792	-1.6801	1.6826	-1.6826	1.6841	-1.6846	1.7011	-1.7014	1.7049	-1.705	-1.7102	1.7107	-1.711	1.7112	1.7184	-1.7185	-1.7528	1.7534	-1.7682	1.7685	-1.7689	1.7695	1.7766	-1.7769	1.7875	-1.7877	1.7898	-1.79	1.7919	-1.792	1.7956	-1.7956	1.8002	-1.8006	1.8044	-1.8045	-1.8063	1.8072	1.8126	-1.8128	-1.815	1.8153	-1.8241	1.8249	-1.8258	1.8258	1.8381	-1.8383	1.8627	-1.864	-1.8642	1.8647	1.8786	-1.8791	-1.8801	1.8806	1.885	-1.8853	1.8867	-1.8868	1.89	-1.8901	1.894	-1.8949	1.9257	-1.9269	-1.9277	1.9307	-1.9366	1.937	-1.9383	1.9388	1.9399	-1.9412	1.9423	-1.9425	1.9429	-1.9429	1.9458	-1.9459	-1.9485	1.9487	-1.9501	1.9503	1.9599	-1.9599	
0	2.7646	-0.068225	0.068294	-0.088858	0.088954	-0.10118	0.1013	-0.10692	0.10694	-0.11169	0.11182	-0.11595	0.11599	0.1197	-0.11971	0.1214	-0.12147	0.12407	-0.12417	0.12761	-0.12765	-0.12902	0.12905	-0.12982	0.12998	0.13289	-0.13297	-0.13375	0.13381	0.13428	-0.13433	0.13441	-0.13447	-0.13823	0.13823	-0.13945	0.13949	-0.14086	0.14089	0.14103	-0.14125	-0.14184	0.14214	-0.14398	0.14407	-0.14451	0.14452	-0.14487	0.14492	-0.1456	0.14575	-0.14714	0.1474	-0.14744	0.14755	0.14823	-0.14832	0.1484	-0.14848	-0.14902	0.14907	0.15011	-0.1502	-0.1505	0.15052	0.1525	-0.15255	-0.15649	0.1565	-0.15685	0.15685	-0.16017	0.16024	-0.16154	0.1616	-0.16375	0.16382	0.16907	-0.16921	0.1752	-0.17525	0.17543	-0.17548	0.95277	-0.95321	-1.0046	1.0046	-1.0246	1.025	-1.0261	1.0262	-1.0471	1.0485	1.0589	-1.0597	-1.0608	1.0613	-1.085	1.0857	-1.0961	1.0961	-1.098	1.0981	-1.0993	1.0995	-1.1052	1.1058	-1.1075	1.1077	-1.1216	1.1222	1.1286	-1.1292	1.1297	-1.13	-1.131	1.1314	1.1413	-1.1419	-1.143	1.1432	1.1434	-1.1439	-1.1615	1.1616	-1.1677	1.1684	1.1785	-1.1787	-1.1832	1.1838	1.1889	-1.1895	-1.2006	1.2007	-1.2042	1.2046	1.2113	-1.2113	1.2192	-1.2196	1.2225	-1.2227	-1.2241	1.2254	1.2351	-1.2354	1.2354	-1.2356	1.2368	-1.237	1.2497	-1.2497	1.2506	-1.2508	-1.2517	1.2518	-1.2524	1.2525	-1.2539	1.2539	1.2638	-1.264	-1.2642	1.2646	-1.2691	1.2694	1.2726	-1.2726	-1.2807	1.2809	1.2848	-1.2851	1.2877	-1.2885	-1.2947	1.2949	-1.2996	1.3001	1.3083	-1.309	-1.3157	1.3161	1.317	-1.3171	-1.3176	1.3177	-1.3182	1.3186	1.3237	-1.3254	-1.3354	1.336	-1.3366	1.3379	1.3382	-1.3383	-1.3388	1.3388	-1.3417	1.342	-1.3444	1.3445	1.3476	-1.3479	-1.3487	1.3489	-1.3541	1.3545	1.3585	-1.3585	-1.367	1.3672	1.3715	-1.3718	-1.3732	1.3734	1.3738	-1.3739	1.3821	-1.3827	-1.3917	1.3919	-1.3935	1.394	-1.4041	1.4046	1.4047	-1.4047	-1.4137	1.4139	1.4142	-1.4145	1.4216	-1.4221	-1.4231	1.4237	-1.4282	1.4288	-1.4528	1.453	-1.4597	1.4599	1.4692	-1.4696	1.4725	-1.4725	1.4737	-1.4742	-1.4747	1.4752	-1.4802	1.4812	1.4843	-1.4846	1.4852	-1.4856	-1.4861	1.4872	1.4919	-1.4922	-1.4967	1.497	-1.5095	1.5097	-1.5129	1.5132	1.5164	-1.5167	-1.5176	1.518	-1.5241	1.525	-1.5259	1.5267	-1.5289	1.5289	-1.535	1.5355	1.5371	-1.5373	1.5408	-1.541	1.5469	-1.5472	1.556	-1.5571	-1.571	1.5712	-1.5845	1.5849	1.5888	-1.5889	1.5974	-1.5985	-1.6039	1.6049	-1.6068	1.6068	1.6097	-1.6104	-1.6109	1.6123	-1.6301	1.6302	-1.6312	1.632	-1.6398	1.641	1.6469	-1.6475	-1.6481	1.6485	-1.6579	1.6596	1.6789	-1.6793	1.6808	-1.681	-1.6839	1.6847	1.7002	-1.7006	1.7043	-1.7044	1.711	-1.7111	-1.7117	1.7123	1.7187	-1.7194	1.7521	-1.7538	-1.7674	1.7674	-1.7692	1.7696	-1.7786	1.7796	1.7882	-1.7884	-1.7897	1.7899	-1.792	1.7922	1.7966	-1.797	1.8011	-1.8013	-1.8045	1.8049	-1.8061	1.8069	-1.8111	1.8117	-1.8149	1.8153	-1.8244	1.8248	-1.8259	1.8262	-1.8384	1.8389	1.8634	-1.8635	1.8648	-1.8648	1.8785	-1.8787	-1.8802	1.8813	1.8845	-1.8853	-1.8858	1.8861	1.8907	-1.891	1.8951	-1.8953	1.9268	-1.9269	1.9306	-1.9316	-1.9371	1.9373	-1.9383	1.9383	1.94	-1.9404	1.9414	-1.942	1.9425	-1.943	1.9465	-1.9471	1.9494	-1.9498	-1.9518	1.9523	-1.961	1.9614	
0	2.8274	-0.057124	0.057213	-0.07416	0.074309	-0.085121	0.085172	-0.089379	0.089473	-0.093286	0.093375	-0.096895	0.096898	-0.10015	0.10028	-0.10146	0.10147	0.1036	-0.10363	0.10717	-0.10724	-0.10766	0.10773	-0.10914	0.1094	0.11159	-0.1116	-0.11165	0.11174	-0.11287	0.11289	0.11354	-0.11367	-0.11576	0.11587	-0.11698	0.11702	0.11757	-0.11767	0.11864	-0.1188	0.12037	-0.12039	0.12162	-0.12166	-0.12233	0.12246	0.12297	-0.12304	-0.1242	0.12426	0.12483	-0.12498	-0.12585	0.12596	0.12619	-0.12622	0.12741	-0.12743	-0.12781	0.12797	0.12828	-0.12836	-0.12982	0.12987	-0.13276	0.13283	-0.13618	0.13632	-0.13645	0.13656	-0.14033	0.14044	-0.14197	0.1421	-0.14408	0.14413	0.15017	-0.15034	0.15656	0.15667	-0.15671	-0.1568	-0.95883	0.95956	-1.003	1.0037	1.0253	-1.0255	1.0268	-1.0274	1.0484	-1.0485	1.0585	-1.0588	-1.0608	1.0613	-1.0868	1.0872	-1.0961	1.0964	-1.0976	1.0979	-1.0995	1.0996	1.1066	-1.1067	-1.1087	1.109	1.1206	-1.1213	-1.1297	1.13	-1.1317	1.1318	-1.132	1.132	1.1412	-1.1419	1.1423	-1.1425	-1.143	1.1432	-1.1621	1.1623	1.1689	-1.1689	1.1798	-1.1798	-1.1843	1.185	1.1891	-1.1892	1.2011	-1.2012	1.2049	-1.2051	1.2115	-1.2118	-1.2207	1.2209	-1.2232	1.2232	-1.2256	1.2258	1.2356	-1.2358	1.2363	-1.2365	-1.2378	1.238	1.2491	-1.2493	-1.2499	1.2508	-1.2524	1.2526	-1.2534	1.2538	-1.2547	1.255	-1.2649	1.265	-1.2654	1.2655	1.2702	-1.2704	-1.2725	1.2731	-1.2805	1.2806	1.2861	-1.2861	-1.2892	1.2893	1.2959	-1.2962	1.3001	-1.3003	-1.3099	1.31	1.3169	-1.3169	-1.3181	1.3182	-1.3186	1.3187	-1.3209	1.3209	-1.3253	1.3256	1.3365	-1.3367	-1.337	1.3373	1.3381	-1.3382	-1.3385	1.3385	1.3422	-1.343	-1.3431	1.3432	1.3489	-1.3491	1.3498	-1.3499	-1.3543	1.3544	-1.3587	1.3597	1.3676	-1.3678	1.3715	-1.3717	1.3739	-1.3741	1.3744	-1.3746	1.382	-1.3826	-1.3936	1.3942	-1.3943	1.3944	1.4041	-1.4046	1.4055	-1.4057	1.413	-1.414	1.4155	-1.4156	-1.4202	1.4208	1.4246	-1.4246	-1.4289	1.429	1.4527	-1.4531	-1.4625	1.4626	-1.4692	1.4693	1.4728	-1.4736	1.4738	-1.474	-1.4745	1.4748	1.48	-1.4801	1.4852	-1.4855	-1.4859	1.4861	-1.4865	1.4868	-1.4903	1.4911	-1.4972	1.4972	1.5096	-1.5098	-1.5133	1.5135	-1.516	1.5165	-1.5179	1.5184	-1.5237	1.5238	-1.5267	1.527	1.5285	-1.5288	1.5351	-1.5358	-1.5369	1.5376	-1.5407	1.5412	-1.547	1.5477	-1.5566	1.5569	-1.5709	1.5712	1.584	-1.5843	1.5906	-1.5907	1.5974	-1.598	-1.604	1.6044	-1.607	1.6072	-1.611	1.611	1.6116	-1.6118	1.6304	-1.6308	1.6314	-1.6319	1.6421	-1.6425	1.647	-1.6475	-1.6479	1.648	-1.6595	1.6596	-1.6789	1.6789	1.6797	-1.6799	-1.6846	1.6847	1.7005	-1.701	-1.7033	1.7039	1.7116	-1.7123	-1.713	1.7138	-1.7183	1.7185	1.753	-1.7535	-1.7679	1.7681	1.7696	-1.7697	-1.7813	1.7815	1.7892	-1.7901	1.7902	-1.7909	1.792	-1.7921	1.797	-1.7978	1.8014	-1.8022	-1.8054	1.8059	-1.807	1.8074	-1.8091	1.8093	1.8145	-1.8154	-1.8245	1.8248	1.8253	-1.8258	1.84	-1.8405	1.8634	-1.864	-1.8641	1.8647	1.8786	-1.879	1.8818	-1.882	1.8849	-1.8851	-1.8858	1.8872	-1.8934	1.8942	-1.8965	1.8967	1.9277	-1.9278	1.9323	-1.9325	1.9364	-1.9377	1.9379	-1.9385	1.9394	-1.9395	-1.9421	1.9424	1.9429	-1.9431	1.9459	-1.9464	1.9496	-1.9502	-1.9532	1.9535	-1.9617	1.9617	
0	2.8903	0.045826	-0.045842	-0.058213	0.058729	0.068082	-0.068457	-0.07076	0.07101	-0.07488	0.075306	-0.076797	0.077163	-0.079823	0.08048	-0.081224	0.081532	-0.082963	0.083523	0.08524	-0.085258	0.086871	-0.087287	0.088781	-0.088863	-0.089207	-0.090004	0.090052	0.090867	-0.091179	0.09156	0.092021	-0.092292	0.093008	-0.093609	-0.094336	0.09457	-0.095006	0.09545	-0.09559	0.095694	-0.098532	0.099009	-0.099683	0.1	0.10051	-0.10055	0.10106	-0.1012	-0.10282	0.10286	-0.10342	0.10384	-0.10403	0.10453	-0.10515	0.10517	-0.10627	0.1065	0.10739	-0.10756	0.10836	-0.10886	-0.11073	0.11133	0.11442	-0.11508	0.11622	-0.11673	0.11747	-0.11813	-0.12188	0.12201	0.12491	-0.12493	0.12606	-0.12609	0.13291	-0.13349	-0.13887	0.13952	-0.14131	0.14259	0.64318	-0.71966	-0.9507	0.95174	-0.99315	0.99518	1.0123	-1.0217	1.0263	-1.0288	1.0433	-1.0491	1.0535	-1.0553	1.0608	-1.061	1.0847	-1.0889	1.093	1.0964	-1.0975	-1.0982	1.0988	-1.0989	-1.106	1.1081	1.11	-1.1169	1.1232	-1.1269	1.129	-1.1308	1.1326	-1.1329	-1.1361	1.1371	-1.1414	1.1416	-1.1428	1.143	-1.1517	1.156	-1.1637	1.1648	1.1739	-1.1744	-1.1815	1.1822	-1.1853	1.1859	1.1889	1.2005	-1.2006	-1.2025	1.2069	-1.2081	1.2125	-1.2155	1.2199	1.2225	-1.2227	-1.2242	1.2256	-1.2296	1.2355	-1.237	1.2377	-1.2378	1.2445	-1.2453	1.2495	-1.2499	1.2511	-1.252	1.2538	-1.2539	-1.2551	1.2553	1.2619	-1.2625	1.2655	-1.2665	1.2696	-1.27	1.2709	-1.2721	1.2734	1.2801	-1.2803	-1.2846	-1.2871	1.2882	1.2908	-1.2948	1.2982	-1.2993	1.2999	-1.302	1.3108	-1.3131	-1.3172	1.3174	1.3185	-1.3188	1.3195	-1.3228	-1.3253	1.3257	1.3283	-1.3312	1.336	-1.3372	1.3377	-1.3381	1.3383	-1.3389	1.3393	-1.3409	1.3427	-1.343	1.3456	1.3496	-1.3499	-1.3503	1.3516	1.3538	-1.3541	-1.357	1.3589	-1.367	-1.3685	1.3687	1.3721	-1.373	1.375	-1.3751	1.3758	-1.3819	1.3832	-1.3936	1.3937	-1.3959	1.4	-1.4011	1.4056	-1.4062	1.4111	-1.4128	1.4139	-1.4147	1.4171	-1.4195	1.4225	-1.4249	1.4258	-1.4292	1.4335	-1.4413	1.453	-1.4546	1.4634	-1.4664	1.4687	-1.4695	1.4727	-1.4738	1.474	-1.4745	1.4759	-1.4784	1.4807	-1.4823	1.4828	1.4858	-1.4863	1.487	-1.4877	-1.4912	1.4963	-1.4974	1.5033	-1.5064	1.5112	-1.5136	1.5146	-1.5147	1.5165	-1.5178	1.5236	-1.5236	-1.5255	1.5258	1.5273	-1.5312	1.534	-1.5357	1.5367	-1.5388	1.54	-1.5437	1.5464	-1.5487	1.5545	-1.5567	1.5581	-1.5702	1.5752	-1.5841	1.5861	-1.5907	1.5919	-1.5926	1.5986	-1.6047	1.6055	-1.607	1.61	-1.6101	1.6122	-1.6164	1.6232	-1.6307	1.6307	-1.6343	1.6369	-1.6427	1.6447	1.6474	-1.6475	-1.6495	1.6591	-1.6609	1.6711	-1.6719	1.6786	-1.6798	1.6824	-1.6852	1.6906	1.6996	-1.7003	-1.7041	1.7069	-1.7088	1.7125	-1.7149	1.7172	1.7199	-1.7202	1.7454	-1.7534	1.7557	-1.7618	1.7685	-1.769	-1.7717	1.774	1.7856	-1.787	-1.7904	-1.7912	1.7914	1.7942	-1.7949	-1.8002	1.8004	-1.8043	1.8046	1.8062	-1.8063	1.8073	-1.8089	1.8141	-1.8152	1.8244	-1.8245	1.826	-1.8264	1.8388	-1.839	-1.8488	1.8526	1.8636	-1.8639	-1.8687	1.8715	1.8785	-1.88	-1.8839	1.8844	-1.8853	1.8856	-1.8879	1.8936	-1.895	1.8957	-1.9042	1.918	1.9275	-1.9298	1.9324	-1.9338	1.9361	-1.9373	-1.9381	1.9381	1.9396	-1.9397	1.9405	-1.942	-1.9429	1.9435	1.9445	-1.9477	1.9482	1.9506	-1.9527	-1.9536	
0	2.9531	-0.035167	0.035273	-0.045044	0.045244	-0.05363	0.053665	-0.054598	0.054699	-0.056552	0.056662	-0.058968	0.058981	0.061241	-0.061397	-0.061529	0.061633	0.062863	-0.062891	0.065101	-0.06517	0.067008	-0.067079	0.067226	-0.067307	-0.06874	0.068979	-0.069312	0.069431	0.070603	-0.070642	-0.071018	0.071052	-0.071503	0.071554	0.072553	-0.072583	-0.072686	0.072711	-0.073278	0.073339	0.078012	-0.078021	-0.079218	0.079245	-0.079724	0.079727	0.081065	-0.081087	-0.081936	0.082022	0.084103	-0.084151	-0.084918	0.085037	0.08544	-0.085478	-0.086502	0.086593	0.087342	-0.087373	-0.089794	0.089876	-0.091717	0.091797	-0.096951	0.096995	-0.098538	0.098595	-0.10021	0.1003	0.10496	-0.10498	0.10722	-0.10731	-0.10904	0.1091	0.11713	-0.11722	0.12441	-0.12447	0.12459	-0.12465	-0.96797	0.97073	-0.99541	0.99743	-1.0249	1.0253	-1.0278	1.0279	1.0484	-1.0487	1.0564	-1.057	-1.0592	1.0613	1.0884	-1.0892	-1.0943	1.0946	1.0981	-1.0982	1.099	-1.099	1.1079	-1.1082	-1.1107	1.111	1.1197	-1.1204	-1.1303	1.1304	1.1322	-1.1325	1.1337	-1.1344	-1.1405	1.141	1.1413	-1.1414	-1.1431	1.1431	1.1628	-1.163	1.1693	-1.1694	-1.181	1.1812	-1.1841	1.1852	-1.1888	1.1889	1.2019	-1.2026	-1.2054	1.2061	-1.2109	1.2112	1.2213	-1.2217	1.2222	-1.2236	-1.2274	1.2274	1.2359	-1.2369	1.2376	-1.2378	-1.2391	1.2397	-1.2487	1.2489	1.2502	-1.2505	-1.2523	1.2527	-1.2541	1.2548	-1.2561	1.2562	-1.2659	1.2661	-1.2665	1.2667	-1.2711	1.2712	-1.2723	1.2729	1.2797	-1.2805	-1.2872	1.2874	-1.2901	1.2903	1.2967	-1.2969	-1.3001	1.3001	1.3106	-1.3111	-1.3175	1.3179	-1.3187	1.3188	1.3198	-1.3199	-1.3253	1.3253	-1.3263	1.3266	-1.3369	1.337	1.3373	-1.3374	-1.3382	1.3382	-1.3388	1.3388	-1.3393	1.3395	-1.3432	1.3444	-1.3489	1.3502	1.3509	-1.3513	-1.3545	1.3546	1.3588	-1.3595	1.3691	-1.3694	1.3701	-1.3705	-1.375	1.3756	-1.3759	1.3759	-1.3817	1.3824	-1.3948	1.3951	1.3981	-1.3987	-1.4042	1.4047	1.4065	-1.4067	1.4124	-1.4126	1.4159	-1.4172	1.4175	-1.4178	-1.426	1.4266	-1.4283	1.4284	-1.4523	1.4527	-1.4649	1.4655	-1.4684	1.4686	-1.4724	1.4732	-1.4738	1.4738	1.4747	-1.4758	-1.4797	1.4797	-1.4843	1.4855	-1.4863	1.4867	1.4871	-1.4872	1.4876	-1.4879	-1.4967	1.4971	1.5096	-1.5098	-1.5158	1.5158	-1.5166	1.5169	1.5178	-1.5178	-1.5238	1.524	1.5264	-1.5264	-1.5289	1.5289	-1.5346	1.5352	-1.5366	1.5372	-1.5406	1.5408	1.547	-1.5473	-1.556	1.5569	-1.5709	1.5711	-1.5841	1.5842	-1.5919	1.5921	-1.5975	1.5982	-1.6032	1.604	-1.6062	1.6066	-1.6101	1.6107	-1.6123	1.6134	-1.6299	1.6302	-1.6316	1.6316	1.6455	-1.6457	1.6463	-1.6467	-1.6475	1.6477	-1.6598	1.6602	1.6772	-1.6774	-1.6784	1.6788	1.6843	-1.6844	-1.6985	1.7009	-1.7032	1.7036	-1.7116	1.7138	-1.7141	1.7145	-1.7179	1.7183	-1.7529	1.7536	1.7675	-1.7681	1.7696	-1.7697	1.7846	-1.786	-1.7892	1.7901	1.7908	-1.7915	1.7918	-1.7922	1.7984	-1.7988	1.8033	-1.8039	-1.8045	1.8054	1.8065	-1.8069	-1.8076	1.8081	1.8152	-1.8153	1.8243	-1.8249	1.8258	-1.8258	1.841	-1.8411	-1.864	1.864	-1.8645	1.8648	-1.8784	1.8785	1.8833	-1.8837	1.8854	-1.8854	-1.886	1.8863	1.8957	-1.8964	1.8974	-1.8978	-1.9281	1.9296	1.9321	-1.9339	-1.9363	1.9363	1.9373	-1.9374	-1.9382	1.9384	-1.9411	1.9424	1.943	-1.9435	-1.9467	1.9473	-1.9518	1.952	1.9556	-1.9558	-1.9628	1.9637	
0	3.0159	-0.02456	0.024718	-0.03078	0.030894	-0.037642	0.037755	-0.03845	0.0385	-0.038871	0.038925	0.04037	-0.040414	0.041395	-0.041459	-0.042702	0.042718	-0.042865	0.042894	0.044035	-0.044095	0.045036	-0.045036	-0.047696	0.047831	-0.048073	0.048077	0.049224	-0.049266	-0.049796	0.049856	-0.049937	0.049958	-0.05011	0.050246	0.050536	-0.050554	-0.051398	0.051425	-0.054877	0.05496	-0.05785	0.057988	0.059218	-0.059232	-0.060274	0.060437	-0.062845	0.062864	0.063848	-0.06388	-0.065561	0.065614	-0.067082	0.067138	-0.068891	0.068929	-0.068969	0.069002	-0.06973	0.069773	-0.073917	0.073958	-0.07602	0.076044	-0.082585	0.08269	-0.083189	0.083389	-0.085755	0.085849	-0.090879	0.091072	-0.093737	0.093775	-0.095266	0.095404	-0.10472	0.10476	-0.1125	0.11256	0.11279	-0.11282	-0.97301	0.97591	0.99218	-0.99367	1.0238	-1.0247	1.0271	-1.0271	1.0492	-1.0493	-1.0555	1.0561	1.0611	-1.0612	1.089	-1.0904	1.0926	-1.0942	-1.0981	1.0983	1.0988	-1.0993	1.108	-1.1085	1.1117	-1.1117	1.1197	-1.1199	1.13	-1.1314	-1.1323	1.1334	1.1353	-1.1355	-1.1388	1.1401	-1.1409	1.141	-1.1433	1.1437	-1.1625	1.1634	-1.1681	1.1696	1.1811	-1.1817	1.1852	-1.1856	-1.189	1.1895	-1.2028	1.203	1.206	-1.2062	-1.2106	1.2114	-1.2209	1.2221	-1.2229	1.223	1.2274	-1.2276	-1.2368	1.2377	1.2383	-1.2384	1.2391	-1.2395	-1.2486	1.2486	1.2506	-1.2507	-1.2527	1.2535	-1.2543	1.2556	-1.2565	1.2569	-1.2662	1.2665	-1.2667	1.2671	1.2718	-1.272	1.2727	-1.2729	1.2796	-1.2805	1.2877	-1.288	-1.2906	1.2908	1.2977	-1.2981	1.3003	-1.3004	1.3114	-1.3116	1.3164	-1.3182	1.3189	-1.3194	-1.3203	1.3206	-1.3251	1.3252	-1.3278	1.3283	-1.3339	1.3366	1.3372	-1.3372	1.3373	-1.3375	1.3381	-1.3382	1.3388	-1.3396	1.3447	-1.3448	1.3477	-1.3511	1.3513	-1.3516	-1.3547	1.3552	1.358	-1.3581	1.3694	-1.3696	-1.3702	1.3709	1.3747	-1.3755	-1.3761	1.3763	1.3822	-1.3826	1.3958	-1.3959	1.3996	-1.4	1.4041	-1.4041	1.4064	-1.4071	-1.4131	1.4134	-1.4156	1.4162	1.4176	-1.4182	1.4272	-1.4273	1.4282	-1.4282	1.4526	-1.4529	-1.4678	1.4683	-1.4688	1.4689	1.4721	-1.4732	-1.4736	1.4736	1.4748	-1.475	-1.4795	1.4802	1.4844	-1.4848	1.486	-1.4864	1.4865	-1.4866	1.4878	-1.4881	1.4969	-1.497	-1.5097	1.5099	-1.5139	1.5154	-1.5162	1.5166	1.5174	-1.5175	1.5234	-1.5238	1.5262	-1.5263	1.5291	-1.5294	1.5351	-1.5354	-1.5373	1.5375	-1.5405	1.5406	-1.5471	1.5473	-1.5565	1.5569	1.5707	-1.5713	-1.5839	1.5842	1.5913	-1.5924	-1.597	1.5977	1.6036	-1.6041	-1.6063	1.6067	1.6107	-1.6108	-1.613	1.6132	-1.6303	1.6308	1.631	-1.632	1.6448	-1.6456	1.6467	-1.647	1.6472	-1.6479	1.6601	-1.6609	-1.6765	1.6769	1.678	-1.6791	1.684	-1.6847	1.7001	-1.7004	-1.7034	1.7035	1.7128	-1.7145	1.7147	-1.7148	1.7183	-1.7188	-1.7537	1.754	-1.7675	1.7676	-1.7698	1.7701	1.7858	-1.7871	1.7902	-1.7903	-1.7912	1.7914	1.7918	-1.7926	1.7988	-1.7992	-1.8021	1.803	-1.8035	1.8038	1.8063	-1.8069	1.8074	-1.8082	1.8151	-1.8153	1.8247	-1.8249	-1.8259	1.8261	-1.8411	1.8417	1.8632	-1.8636	-1.8643	1.8653	1.8777	-1.8779	-1.8836	1.8836	-1.8852	1.8856	-1.886	1.8867	1.8951	-1.8966	-1.898	1.898	1.9292	-1.9293	-1.9336	1.9337	1.9362	-1.9363	1.9369	-1.9375	1.9384	-1.9386	-1.9411	1.9424	-1.9426	1.9431	1.9476	-1.9477	-1.9526	1.954	-1.9565	1.9571	-1.9633	1.9637	
0	3.0788	-0.015006	0.015077	-0.017115	0.017374	-0.021029	0.02121	0.021833	-0.021912	-0.022088	0.022092	-0.022712	0.02272	-0.022931	0.022988	-0.023457	0.023547	-0.023667	0.023804	0.024876	-0.025191	-0.025791	0.025806	-0.026306	0.026376	0.028727	-0.028773	-0.030624	0.031014	-0.031298	0.031386	0.031585	-0.031623	-0.032533	0.032652	-0.033049	0.033245	-0.033651	0.033733	-0.039821	0.040063	-0.041314	0.041325	-0.0429	0.04293	-0.044818	0.044873	0.047626	-0.047673	0.050764	-0.050865	0.051264	-0.051637	0.053637	-0.053709	-0.05561	0.055794	-0.056585	0.056597	-0.056711	0.056927	-0.062243	0.062518	-0.064715	0.064749	-0.072357	0.072554	-0.072567	0.072675	-0.075642	0.075923	0.081548	-0.081632	-0.084337	0.084549	-0.086156	0.086215	0.096512	-0.096603	0.10463	-0.10473	0.10503	-0.10515	-0.96414	0.96884	0.98436	-0.98978	-1.0102	1.019	-1.0253	1.0289	-1.0433	1.0458	1.0521	-1.0534	-1.0594	1.0605	-1.0794	1.0868	-1.0934	1.0934	-1.0952	1.0954	-1.0991	1.0992	-1.1048	1.1078	-1.1102	1.1115	1.1164	-1.1195	-1.1226	1.1255	-1.1316	1.1326	-1.1336	1.1344	1.1386	-1.1386	-1.1394	1.1403	1.1427	-1.1437	1.159	-1.1601	-1.1658	1.168	-1.1757	1.1815	-1.1826	1.1852	1.1887	-1.1891	-1.1954	1.1957	-1.2053	1.2065	-1.2095	1.2108	-1.2132	1.2194	-1.2225	1.2229	-1.2255	1.2273	-1.2311	1.234	-1.2379	1.2384	-1.2398	1.2399	-1.2422	1.2479	1.2495	-1.2497	-1.2509	1.2511	-1.2536	1.2538	-1.2557	1.2569	-1.2623	1.2663	-1.2672	1.2673	-1.2697	1.2718	1.2723	-1.2741	1.2797	-1.2803	1.2838	-1.2869	1.2904	-1.2907	1.2919	-1.297	1.2991	-1.2996	-1.3032	1.3112	1.3136	-1.3147	-1.3188	1.3189	-1.3205	1.3206	-1.3235	1.3254	-1.3287	1.3306	1.3309	-1.3311	-1.3356	1.3362	1.3372	-1.3372	1.3383	-1.3386	1.3387	-1.3393	-1.343	1.3446	-1.3463	1.3492	1.3514	-1.3525	1.355	-1.3551	-1.3567	1.3589	1.3687	-1.369	-1.3704	1.3706	1.3746	-1.3747	-1.3764	1.3765	-1.3793	1.3827	1.3921	-1.3937	1.3981	-1.3994	1.4029	-1.403	-1.4047	1.4048	-1.4112	1.4126	-1.4155	1.4158	-1.4167	1.4178	-1.4266	1.4276	1.4282	-1.4285	-1.4478	1.4523	1.4609	-1.4612	-1.4686	1.4699	1.4719	-1.4727	1.4733	-1.4742	1.4751	-1.4765	-1.4788	1.4796	1.4832	-1.4834	-1.4857	1.4858	1.4866	-1.4869	1.4874	-1.4885	-1.4959	1.4973	-1.5064	1.5076	-1.5108	1.5134	1.5166	-1.5169	1.5173	-1.5179	-1.5233	1.5242	-1.5246	1.5264	-1.5286	1.5291	1.5349	-1.5353	-1.5363	1.5373	-1.5401	1.5406	-1.5458	1.5467	1.5553	-1.5567	-1.5676	1.5717	-1.5798	1.5838	-1.5881	1.5933	-1.5959	1.5973	1.6019	-1.6019	1.6053	-1.6059	-1.6086	1.6094	-1.611	1.6132	1.6287	-1.63	1.6313	-1.6324	1.6438	-1.6457	1.6467	-1.6469	-1.6474	1.6475	1.6587	-1.6604	-1.6729	1.6748	1.6772	-1.6786	-1.682	1.6841	-1.6993	1.6997	1.7016	-1.703	1.7067	-1.7101	-1.7147	1.7152	-1.7181	1.7189	-1.7491	1.7525	1.7622	-1.7682	-1.7691	1.7699	-1.7724	1.7848	-1.7893	1.7898	1.7901	-1.7911	1.7921	-1.7925	-1.7963	1.7978	-1.7992	1.8014	-1.8026	1.8043	-1.8069	1.8071	-1.8076	1.8096	1.8146	-1.8147	-1.8207	1.8217	-1.8256	1.826	1.8411	-1.8422	-1.8592	1.8621	-1.8635	1.864	-1.866	1.8708	-1.8787	1.8829	-1.8839	1.8844	-1.8859	1.8872	1.8956	-1.8962	1.8986	-1.8987	-1.9072	1.9171	1.9316	-1.9317	-1.9348	1.9348	-1.9362	1.9363	1.9372	-1.9375	-1.9389	1.9402	1.943	-1.9442	1.9478	-1.9478	-1.9511	1.9517	1.9549	-1.9571	-1.9631	1.9632	
0	3.1416	-0.0055011	0.0055261	-0.0087429	0.0088229	0.0088966	-0.0089042	-0.0089596	0.0090619	0.0098739	-0.0098782	-0.0099218	0.0099769	-0.01012	0.010136	-0.011166	0.011225	-0.012156	0.012252	0.012894	-0.012944	-0.016478	0.016498	-0.016535	0.016539	-0.020403	0.020458	-0.020784	0.020821	-0.022482	0.022558	0.023117	-0.023123	0.023691	-0.023704	0.02475	-0.024758	-0.02606	0.026217	-0.033536	0.033611	-0.034036	0.034149	-0.035763	0.035884	-0.038343	0.038456	-0.041433	0.041452	-0.045547	0.045603	-0.045771	0.045825	-0.048314	0.048346	-0.050509	0.050606	0.051405	-0.051423	-0.052141	0.052241	-0.058101	0.058196	0.060512	-0.060531	-0.068539	0.068748	-0.068984	0.069091	0.072231	-0.072233	-0.07805	0.078124	-0.081369	0.0814	-0.082891	0.083101	-0.093547	0.093587	0.10181	-0.10182	0.10217	-0.10227	-0.97641	0.97969	0.98634	-0.98659	-1.0216	1.023	1.0263	-1.0275	-1.048	1.0485	1.0538	-1.0565	-1.0585	1.0611	-1.0864	1.0897	-1.0915	1.092	-1.0941	1.0975	-1.0986	1.0995	-1.1066	1.1097	1.1121	-1.1122	-1.1177	1.1194	-1.1271	1.1312	1.1329	-1.1333	-1.1368	1.1375	-1.1383	1.1383	-1.1403	1.141	-1.1431	1.144	-1.1617	1.1634	1.169	-1.1692	-1.1787	1.1818	-1.1842	1.1857	-1.1884	1.1895	-1.2028	1.2031	-1.2066	1.2068	-1.2096	1.2104	-1.2209	1.2211	-1.2228	1.2231	-1.2266	1.228	-1.2352	1.2368	-1.2383	1.2385	1.2393	-1.2397	-1.2455	1.2458	-1.2497	1.2503	-1.2534	1.2538	-1.2548	1.256	1.2566	-1.2567	1.2653	-1.2658	1.2674	-1.2674	-1.272	1.2723	1.2727	-1.2742	-1.2798	1.2802	1.2877	-1.2881	1.2908	-1.2911	1.2975	-1.2984	1.2994	-1.2996	1.3111	-1.3118	1.3154	-1.3174	-1.3194	-1.3204	1.3205	1.3217	1.3244	-1.3247	-1.3269	1.3319	1.3339	-1.334	-1.3352	1.3363	-1.3372	1.3374	-1.3379	1.3387	1.3388	-1.3402	1.3445	-1.3451	-1.3506	1.3514	1.3522	-1.3524	1.3548	-1.3553	1.3585	-1.3587	1.3682	-1.3691	-1.3703	1.3703	-1.3753	1.3764	-1.3768	1.3786	-1.3824	1.3827	-1.3957	1.3962	-1.4002	1.4009	1.4033	-1.4043	-1.4057	1.4061	1.411	-1.4129	-1.4143	1.4151	-1.4185	1.419	-1.4235	1.4255	1.4285	-1.4288	1.4529	-1.4529	-1.4648	1.4661	-1.4689	1.4695	-1.4721	1.4728	1.4734	-1.4735	-1.475	1.4757	1.4785	-1.4799	1.4844	-1.4851	1.4858	-1.4858	1.4861	-1.487	-1.488	1.4888	-1.4967	1.497	1.5087	-1.5089	-1.5151	1.516	1.517	-1.517	1.5178	-1.5181	1.5225	-1.5232	-1.5253	1.5261	1.5272	-1.5281	1.5346	-1.535	-1.5374	1.5378	-1.5404	1.5404	-1.5474	1.5482	-1.5555	1.5577	-1.571	1.571	-1.5834	1.5838	-1.5905	1.5927	-1.5962	1.5963	-1.6029	1.6046	1.6057	-1.6067	-1.6089	1.6104	1.6127	-1.6133	1.6304	-1.6309	1.632	-1.6337	1.6443	-1.6451	1.6471	-1.6477	-1.6481	1.6484	1.6603	-1.661	1.675	-1.676	1.6779	-1.6789	1.6839	-1.6847	1.6999	-1.7003	1.7033	-1.7034	1.7141	-1.7148	-1.7155	1.7157	-1.7177	1.7177	1.7525	-1.7538	1.7682	-1.7684	1.7706	-1.7711	-1.7844	1.789	-1.7898	1.7903	-1.7911	1.7915	1.7922	-1.7923	-1.7987	1.7992	-1.7998	1.8008	1.8031	-1.8037	-1.806	1.807	1.8075	-1.808	1.8146	-1.815	1.8244	-1.8249	-1.8256	1.8258	-1.8411	1.8419	1.8594	-1.863	-1.8644	1.8654	1.8742	-1.8763	-1.8807	1.882	-1.8846	-1.8857	1.8859	1.8863	-1.8939	1.8962	-1.8988	1.8989	-1.9277	1.9287	-1.9309	1.933	1.9347	-1.9351	-1.9365	1.9369	1.9383	-1.9387	1.9398	-1.9421	1.9425	-1.943	1.9476	-1.9483	1.9485	-1.9522	1.9573	-1.9574	-1.9636	1.9637	
0	3.2044	-0.014994	0.014999	-0.017182	0.017352	-0.021121	0.021177	-0.021868	0.021872	0.022087	-0.022107	-0.02276	0.022857	0.023016	-0.023032	-0.023444	0.023472	-0.02364	0.023669	-0.025102	0.025119	0.025735	-0.025785	-0.026326	0.026347	-0.028719	0.028737	-0.030893	0.030946	-0.031325	0.031407	-0.031534	0.03163	-0.032588	0.032666	0.033155	-0.033186	-0.033634	0.033748	-0.039987	0.040097	-0.04134	0.041405	-0.042849	0.042877	-0.044868	0.045009	-0.047678	0.047781	0.050897	-0.050928	0.051322	-0.051385	0.053689	-0.053699	-0.055679	0.055797	-0.056474	0.056528	0.056821	-0.056842	-0.062447	0.062478	-0.064712	0.064742	-0.072496	0.072593	-0.072636	0.072665	-0.075778	0.075867	0.081493	-0.081521	0.084631	-0.084664	0.086125	-0.086185	0.096489	-0.096534	-0.10462	0.10471	0.10483	-0.1049	0.98013	-0.98151	-0.9885	0.98855	1.0248	-1.0254	1.0284	-1.0287	-1.0493	1.0498	1.055	-1.0565	-1.0597	1.0611	1.0901	-1.0905	1.0923	-1.0936	1.0978	-1.0981	1.0991	-1.0994	-1.1078	1.1091	1.111	-1.1115	1.1187	-1.1197	1.1309	-1.1309	1.1316	-1.1331	1.1361	-1.1374	-1.1385	1.1387	1.1407	-1.1408	1.1431	-1.1438	1.1629	-1.1633	1.1699	-1.1702	1.1815	-1.1817	-1.1859	1.1861	-1.189	1.189	1.203	-1.2039	-1.2066	1.2068	1.2111	-1.2113	-1.2218	1.2225	1.2227	-1.2231	1.2274	-1.2274	1.2357	-1.2372	1.2381	-1.2381	1.2395	-1.2398	1.2489	-1.249	-1.25	1.2501	1.2528	-1.2534	-1.2551	1.2552	1.2566	-1.2569	1.2659	-1.2668	1.2673	-1.2673	-1.272	1.2722	1.2727	-1.2731	1.2804	-1.2813	1.287	-1.2875	-1.2913	1.2916	1.297	-1.2983	1.3001	-1.3001	1.3108	-1.3117	1.318	-1.3184	1.3194	-1.3196	-1.3205	1.3205	1.324	-1.3249	1.33	-1.3307	1.3351	-1.3356	1.3359	-1.337	-1.3374	1.3376	-1.3383	1.3383	-1.3388	1.3391	-1.3438	1.3451	1.35	-1.3502	1.3514	-1.353	1.3541	-1.3552	1.358	-1.3585	-1.3694	1.3694	1.3703	-1.3716	1.3759	-1.3761	1.3765	-1.3768	1.3824	-1.3825	-1.396	1.3962	1.4009	-1.4013	-1.404	1.404	1.4065	-1.4075	1.4122	-1.4131	1.4149	-1.4151	-1.4181	1.4182	1.4258	-1.4274	1.429	-1.4291	-1.4526	1.4528	1.4664	-1.467	1.4687	-1.4693	-1.4725	1.4727	-1.4731	1.4734	1.475	-1.4753	1.4799	-1.4803	-1.4846	1.4857	-1.4858	-1.4859	1.486	1.4864	-1.488	1.488	-1.4968	1.4975	-1.5092	1.5097	-1.5148	1.5157	-1.5165	1.5165	-1.5175	1.5176	1.5227	-1.5239	1.5258	-1.5264	-1.5285	1.5285	1.5351	-1.5355	1.5363	-1.5374	-1.54	1.5409	-1.5476	1.5482	-1.556	1.5566	1.5704	-1.571	-1.5834	1.5842	1.5918	-1.5926	1.5975	-1.5977	1.6039	-1.6043	-1.6058	1.6064	1.6104	-1.6104	1.6129	-1.6138	-1.6298	1.6305	-1.632	1.6324	1.6451	-1.6462	1.6469	-1.6473	1.6475	-1.6479	1.6608	-1.6609	-1.6757	1.6758	1.6787	-1.679	-1.6842	1.6844	1.7002	-1.7005	1.7034	-1.7035	1.7135	-1.7136	-1.7148	1.7149	-1.7185	1.7188	1.7531	-1.7534	1.768	-1.768	-1.7698	1.7699	1.7876	-1.7883	1.79	-1.7901	1.7908	-1.7914	-1.7918	1.7921	-1.7983	1.7999	1.8009	-1.802	1.8035	-1.804	-1.8061	1.8065	-1.8085	1.8086	-1.8151	1.8154	1.824	-1.8248	-1.8257	1.8258	1.8415	-1.843	1.8634	-1.8638	1.8645	-1.8646	1.8776	-1.8779	1.8837	-1.8838	1.885	-1.885	-1.8861	1.8862	1.8968	-1.8973	1.8982	-1.8986	-1.9296	1.9298	1.9313	-1.9343	-1.9355	1.9356	1.9369	-1.9371	1.9378	-1.9382	1.9414	-1.9427	-1.9439	1.944	1.9479	-1.9486	-1.9515	1.9528	1.9574	-1.9577	1.9634	-1.9635	
0	3.2673	-0.024553	0.024683	-0.03076	0.030913	-0.037667	0.037681	-0.038422	0.038526	0.038892	-0.0389	-0.040405	0.040426	-0.041397	0.041429	-0.042699	0.042729	-0.042858	0.042867	-0.044064	0.044076	0.044918	-0.045031	-0.047762	0.047784	-0.0481	0.048115	-0.049218	0.049231	-0.049811	0.049852	0.049904	-0.049991	-0.050156	0.050187	-0.050579	0.050587	-0.051455	0.051494	-0.054863	0.054957	-0.057887	0.057888	-0.059164	0.05923	-0.060311	0.060426	0.062809	-0.062858	0.063936	-0.063956	0.065594	-0.0656	-0.067156	0.067164	-0.068907	0.068945	-0.068946	0.069015	0.069748	-0.069762	-0.073915	0.07395	-0.075978	0.07606	-0.082656	0.082672	-0.083212	0.083303	-0.085763	0.085858	0.09099	-0.091076	-0.093693	0.093792	-0.095401	0.095406	-0.10469	0.10469	0.11251	-0.11251	-0.11273	0.11274	-0.97543	0.97642	0.99268	-0.99343	-1.0224	1.0249	-1.0285	1.0286	1.0489	-1.0498	-1.0569	1.0571	1.0603	-1.0613	-1.0901	1.0904	1.0937	-1.0945	1.0977	-1.0984	1.0994	-1.1	-1.1091	1.1092	1.1109	-1.1113	1.1199	-1.12	1.1308	-1.1313	1.1331	-1.1335	1.1348	-1.1352	1.139	-1.1396	1.1406	-1.1409	1.1432	-1.1435	-1.1631	1.1637	1.169	-1.1703	-1.1809	1.1813	-1.1851	1.1851	1.1891	-1.1893	-1.2028	1.2031	-1.2062	1.2062	1.2114	-1.2127	-1.221	1.2217	-1.2228	1.2232	-1.2265	1.2273	-1.2369	1.2376	-1.238	1.238	-1.2394	1.2394	-1.2489	1.2491	1.2508	-1.2509	-1.2532	1.2533	1.2541	-1.2547	-1.2563	1.2564	1.2659	-1.2665	-1.2669	1.2672	-1.2719	1.2722	-1.2726	1.2728	1.2803	-1.2804	1.2878	-1.2879	1.2905	-1.2908	1.2979	-1.2983	1.2992	-1.2997	1.3115	-1.312	-1.3179	1.318	1.3195	-1.3195	-1.3202	1.3202	-1.3254	1.3259	1.3282	-1.3285	1.3353	-1.3364	1.3373	-1.3373	-1.3374	1.3377	-1.3381	1.3385	-1.3386	1.3391	1.3447	-1.3449	-1.3499	1.3505	1.3516	-1.3517	-1.3544	1.3548	-1.3585	1.3588	1.3692	-1.3696	1.3701	-1.3711	1.3755	-1.3761	1.3763	-1.3764	1.382	-1.3822	-1.3953	1.3959	-1.3999	1.4004	-1.4033	1.404	-1.4067	1.4071	-1.413	1.4139	-1.4161	1.4163	-1.4181	1.4184	-1.427	1.4271	1.4284	-1.4285	-1.4524	1.4528	-1.4663	1.4675	-1.4684	1.4687	-1.4727	1.4733	-1.4734	1.4738	1.4752	-1.4752	-1.4792	1.4798	-1.4851	1.4855	1.4859	-1.4861	1.4869	-1.4872	-1.4877	1.4887	-1.4971	1.4975	1.5098	-1.51	-1.515	1.5156	1.5169	-1.517	1.518	-1.5182	1.5239	-1.5239	1.5263	-1.5264	1.5285	-1.5292	-1.5354	1.5355	-1.5375	1.5385	-1.5403	1.5408	-1.5474	1.5475	-1.5566	1.5567	-1.5704	1.5709	1.5832	-1.5839	1.592	-1.5923	1.5965	-1.5974	1.6033	-1.6043	1.6063	-1.6067	-1.6104	1.6106	1.6129	-1.6137	1.6306	-1.6307	-1.6314	1.6318	-1.6464	1.6464	-1.6469	1.6472	-1.6473	1.6478	-1.6608	1.661	1.6766	-1.6768	1.678	-1.6789	1.6845	-1.6846	1.7005	-1.7011	-1.7034	1.7037	1.7122	-1.7145	1.7148	-1.715	1.7187	-1.7192	-1.7527	1.7533	1.7684	-1.7685	-1.7694	1.7696	-1.7874	1.7879	-1.7899	1.7899	-1.7912	1.7917	1.7921	-1.7922	1.7984	-1.7993	1.8031	-1.8031	-1.8037	1.8048	-1.8065	1.8069	1.8079	-1.8092	-1.8151	1.8152	1.8244	-1.8251	1.8253	-1.8258	1.8419	-1.8419	1.8622	-1.8639	-1.8647	1.8647	1.8782	-1.8786	1.8825	-1.8827	-1.8851	1.8852	1.8859	-1.886	-1.8967	1.8969	-1.8973	1.8979	1.9293	-1.9295	-1.9333	1.9334	-1.9354	1.9356	-1.9368	1.9371	1.938	-1.9381	-1.9418	1.9419	1.9431	-1.9437	1.9476	-1.948	-1.9521	1.9521	-1.9567	1.9572	-1.9633	1.964	
0	3.3301	-0.035178	0.035283	-0.04514	0.045142	0.05357	-0.053656	-0.054651	0.054655	0.05658	-0.056602	0.058932	-0.059063	0.06132	-0.061344	-0.061572	0.061632	0.062842	-0.062874	0.065107	-0.065185	0.06709	-0.067146	0.067149	-0.067261	-0.068714	0.068841	0.069339	-0.069368	0.070583	-0.070659	-0.070959	0.071052	0.071541	-0.071579	-0.072504	0.072512	-0.072658	0.072731	-0.073338	0.07337	-0.07796	0.078011	-0.079221	0.079231	-0.079634	0.079764	0.081047	-0.081072	-0.082027	0.082115	-0.084064	0.084256	0.08491	-0.085022	0.085418	-0.08554	-0.086492	0.086649	-0.087409	0.087442	0.089708	-0.089754	-0.091731	0.091822	0.096907	-0.097059	-0.098434	0.098554	-0.1002	0.10028	-0.10488	0.10489	-0.10727	0.10727	-0.10899	0.10905	-0.11714	0.11719	-0.12442	0.12455	0.12459	-0.12463	0.9684	-0.96847	0.99486	-0.99666	-1.0247	1.025	1.0277	-1.0278	1.0491	-1.0492	1.0566	-1.057	-1.0613	1.0614	1.0889	-1.0892	1.094	-1.0941	1.0974	-1.0981	-1.099	1.0995	-1.1084	1.1084	1.1104	-1.1108	-1.1204	1.1209	-1.1309	1.131	1.1329	-1.1329	-1.1344	1.1346	-1.1393	1.1409	-1.1412	1.142	-1.1428	1.1431	-1.1627	1.163	-1.17	1.1703	1.1807	-1.1813	-1.1844	1.1854	1.188	-1.1885	1.2008	-1.202	1.2059	-1.2061	1.2112	-1.2116	1.221	-1.2219	-1.2227	1.2231	1.2268	-1.2277	-1.2364	1.2368	1.2374	-1.2378	-1.2392	1.2393	-1.2493	1.2493	-1.2504	1.2506	1.2521	-1.2522	1.2542	-1.2544	-1.2561	1.2564	-1.2656	1.2659	-1.2663	1.2664	-1.2717	1.2719	1.2723	-1.2727	-1.2803	1.2805	-1.2871	1.2874	1.2904	-1.2905	-1.2973	1.2973	1.3001	-1.3002	1.3104	-1.3112	-1.3179	1.3179	1.3187	-1.3193	1.3197	-1.3197	1.3252	-1.3252	1.3254	-1.3262	1.3363	-1.3368	1.3375	-1.3377	1.3379	-1.338	1.3384	-1.3386	-1.3394	1.3396	-1.344	1.3446	1.35	-1.3502	-1.3508	1.3509	1.3543	-1.3546	1.3587	-1.3588	-1.3684	1.369	-1.3706	1.371	1.3751	-1.3753	1.376	-1.376	-1.3824	1.3826	-1.3954	1.3956	1.3983	-1.3985	-1.4032	1.4044	-1.4061	1.4061	1.413	-1.4132	-1.4163	1.4174	-1.4174	1.4178	-1.4261	1.4265	1.4286	-1.4287	1.4526	-1.4528	1.4667	-1.4669	-1.4682	1.4685	1.4724	-1.4733	1.4735	-1.4737	1.4745	-1.4748	1.4788	-1.4799	-1.4846	1.4855	1.4863	-1.4863	1.4867	-1.487	-1.4879	1.4889	-1.4963	1.4967	1.5096	-1.5098	-1.5142	1.5146	-1.5159	1.5166	-1.5183	1.5188	-1.5235	1.5239	-1.5257	1.5261	-1.5284	1.5293	-1.5352	1.5355	1.537	-1.5374	-1.5404	1.5407	1.5471	-1.5471	-1.5566	1.5567	1.571	-1.571	1.5837	-1.5839	1.5909	-1.5919	1.5975	-1.5991	-1.6026	1.6036	-1.6061	1.6066	-1.6102	1.6105	-1.6117	1.612	1.6307	-1.631	-1.6316	1.632	1.6455	-1.6456	1.6465	-1.6467	1.6473	-1.6477	-1.6592	1.6601	1.6766	-1.6775	-1.6779	1.6784	1.6839	-1.6841	1.7001	-1.7006	-1.7036	1.7039	1.7129	-1.7142	1.7142	-1.7145	1.7186	-1.7189	-1.7533	1.7533	-1.7679	1.7684	-1.7698	1.7698	1.7843	-1.7859	1.7885	-1.7898	-1.7904	1.7904	-1.792	1.7923	1.7979	-1.7985	1.8016	-1.8033	-1.8048	1.8048	1.8066	-1.8069	1.8074	-1.8076	1.815	-1.8153	1.8245	-1.8253	1.8254	-1.8257	-1.8404	1.841	-1.862	1.8634	-1.8644	1.8647	1.8779	-1.8789	-1.8834	1.8835	-1.8853	1.8855	1.8864	-1.8866	1.8952	-1.8957	-1.8976	1.8986	1.9287	-1.9293	-1.9335	1.9336	1.9365	-1.9367	1.9372	-1.9377	1.9382	-1.9383	-1.9423	1.9425	1.9428	-1.9443	1.9468	-1.9476	-1.952	1.9521	1.9555	-1.9562	-1.9632	1.9645	
0	3.3929	-0.046078	0.046106	-0.059633	0.059667	-0.069221	0.069226	0.07199	-0.072016	0.074906	-0.074949	0.07787	-0.078016	0.080708	-0.080805	0.081307	-0.081416	-0.083134	0.083182	0.086363	-0.086384	0.087014	-0.087021	-0.088734	0.088909	0.089403	-0.089438	-0.090212	0.090353	0.091391	-0.09166	0.093018	-0.093108	0.093439	-0.093555	0.094258	-0.094283	-0.094686	0.094691	0.095564	-0.095601	0.099416	-0.099523	-0.10015	0.1002	-0.10066	0.10073	0.10082	-0.10089	-0.10303	0.10312	0.10417	-0.10428	0.10459	-0.10464	-0.10488	0.10494	-0.10642	0.10646	-0.1072	0.10721	-0.10812	0.10827	0.10998	-0.11012	-0.11401	0.11414	-0.11645	0.11651	-0.11749	0.11757	-0.12169	0.12178	0.12364	-0.12371	-0.12557	0.12563	-0.13259	0.13272	0.13943	-0.13952	0.13955	-0.13969	-0.96388	0.96468	-0.99965	1.0003	1.0236	-1.0241	-1.0272	1.0275	-1.0484	1.0491	1.0569	-1.0579	1.0596	-1.0608	1.0873	-1.088	-1.0956	1.0957	1.0979	-1.0979	1.0993	-1.0994	-1.1069	1.1078	-1.1099	1.1102	-1.1202	1.1212	-1.1297	1.1306	1.1318	-1.1319	-1.1325	1.1337	-1.1403	1.1407	1.1418	-1.1419	-1.1431	1.1434	-1.1615	1.1627	1.1693	-1.1696	-1.1794	1.1802	1.1843	-1.1843	1.1892	-1.1896	-1.2018	1.2024	1.2053	-1.206	1.2109	-1.2116	-1.2202	1.2211	1.2225	-1.2229	1.2257	-1.2268	1.236	-1.2366	-1.237	1.2371	1.2381	-1.2386	1.2484	-1.2496	-1.2503	1.2507	1.2527	-1.2528	1.2534	-1.2544	1.2554	-1.2559	-1.2645	1.2656	-1.2657	1.2665	-1.2705	1.2714	-1.2719	1.272	1.2807	-1.2814	-1.2861	1.2868	1.2893	-1.2899	1.2967	-1.2973	1.2999	-1.3003	1.3102	-1.3104	1.3157	-1.3169	1.3185	-1.3186	1.3194	-1.3195	1.3229	-1.3233	-1.3251	1.326	1.3359	-1.3366	-1.3375	1.3376	-1.3378	1.338	-1.3382	1.3386	1.3413	-1.342	1.3437	-1.3441	1.3496	-1.3498	1.3505	-1.3506	1.3538	-1.3546	1.3582	-1.359	1.3681	-1.3685	1.3711	-1.372	-1.3748	1.3753	-1.3753	1.3755	-1.3822	1.3823	-1.3945	1.3949	1.3961	-1.3968	-1.4026	1.4046	-1.4055	1.4058	1.4125	-1.4134	1.416	-1.4164	1.4181	-1.4189	1.4256	-1.4259	-1.4287	1.4289	-1.4523	1.4529	-1.4617	1.4633	-1.4684	1.4685	1.4735	-1.4736	-1.4738	1.474	1.4748	-1.4749	1.4799	-1.4801	-1.4853	1.4854	-1.4861	1.4861	1.4868	-1.4873	1.4882	-1.4903	-1.4965	1.4968	1.5098	-1.5098	-1.5131	1.5145	1.5165	-1.5168	-1.5173	1.5178	1.5237	-1.5241	1.5263	-1.5269	-1.5289	1.5295	1.5349	-1.5354	-1.5371	1.538	1.5407	-1.5412	1.5466	-1.547	-1.5565	1.5569	-1.5708	1.5711	-1.5839	1.5842	-1.5906	1.5916	1.5967	-1.5975	1.6037	-1.6041	-1.6064	1.607	-1.6107	1.6111	1.6114	-1.6117	1.6298	-1.6307	-1.6317	1.632	-1.6445	1.6446	1.6465	-1.6466	-1.6474	1.6475	1.6598	-1.6602	-1.6782	1.6787	1.679	-1.6792	-1.6842	1.6847	1.7005	-1.7007	1.7038	-1.7047	1.713	-1.7133	-1.7136	1.7143	-1.7172	1.7193	1.7528	-1.7535	1.7671	-1.7684	1.7695	-1.7697	-1.7837	1.7842	1.7881	-1.7897	-1.7907	-1.7916	1.7921	1.7927	1.7979	-1.7984	1.8028	-1.8031	-1.8041	1.8066	1.8069	-1.8069	1.8077	-1.8084	-1.8152	1.8152	-1.825	1.825	-1.8257	1.8261	-1.8408	1.8412	-1.8634	1.8636	-1.8641	1.8648	1.8786	-1.879	1.8815	-1.8821	1.8845	-1.8848	-1.8865	1.8867	-1.8943	1.8951	1.8968	-1.8969	-1.927	1.9282	1.9329	-1.9336	-1.9366	1.9367	-1.9375	1.9382	1.9382	-1.9386	1.9417	-1.942	-1.9427	1.9429	1.9462	-1.9468	1.9507	-1.9514	1.9552	-1.9553	-1.9621	1.9636	
0	3.4558	-0.057069	0.057242	-0.074177	0.074322	-0.085181	0.085199	0.089397	-0.089476	0.093302	-0.093312	-0.096795	0.096944	-0.10016	0.10018	-0.1014	0.10146	-0.10356	0.10363	0.10721	-0.10724	-0.10764	0.10774	-0.10919	0.10931	-0.11154	0.1116	-0.11165	0.11172	0.11287	-0.11289	-0.11356	0.11362	-0.11574	0.11584	-0.11694	0.11706	-0.11763	0.11763	-0.11878	0.11886	0.12031	-0.12036	-0.12161	0.12163	-0.12239	0.12249	-0.12311	0.12316	-0.12409	0.12421	0.12489	-0.12492	-0.12586	0.12596	-0.12618	0.12621	-0.12735	0.12741	-0.12792	0.12802	-0.12829	0.12834	-0.12979	0.12993	-0.13277	0.13292	-0.13618	0.13631	0.13641	-0.13648	-0.1404	0.14042	0.14204	-0.14207	-0.14407	0.14417	-0.15022	0.15033	0.15662	-0.15663	0.15678	-0.1568	-0.95896	0.9601	-1.001	1.003	1.0248	-1.0254	1.0264	-1.0267	-1.0483	1.0484	-1.0581	1.0588	-1.0611	1.0613	1.0864	-1.0866	-1.0959	1.0962	1.098	-1.0982	-1.0993	1.0995	1.1069	-1.1073	1.1086	-1.1086	1.1206	-1.1213	1.1293	-1.13	-1.1314	1.1316	1.1319	-1.1319	1.1408	-1.1419	1.1423	-1.1425	-1.1426	1.143	-1.162	1.1624	1.1683	-1.1687	-1.1796	1.1798	-1.1841	1.1841	-1.1889	1.1891	-1.201	1.2012	1.2048	-1.2053	1.2112	-1.2118	-1.22	1.2208	-1.2228	1.2229	-1.226	1.2261	1.2355	-1.2361	-1.2368	1.237	-1.238	1.2383	-1.2496	1.2498	-1.2506	1.2507	1.2521	-1.2522	-1.2534	1.2536	1.2548	-1.255	1.2649	-1.2651	-1.2654	1.2654	1.2707	-1.2708	1.2724	-1.2726	-1.2805	1.2806	-1.2858	1.2861	1.2887	-1.2892	-1.296	1.2961	1.2998	-1.3001	1.3097	-1.3099	1.3167	-1.3167	1.318	-1.318	-1.3186	1.3187	-1.3209	1.3211	-1.3252	1.3253	1.3359	-1.3369	1.3374	-1.3375	1.338	-1.3382	-1.3385	1.3387	-1.3425	1.3427	1.3432	-1.3434	-1.3486	1.3487	-1.3492	1.3498	-1.3544	1.3544	-1.3587	1.3588	-1.3678	1.3681	-1.3714	1.3716	-1.3744	1.3745	1.3747	-1.3747	1.3825	-1.3826	-1.3935	1.3942	-1.3943	1.3946	1.4039	-1.404	1.4055	-1.4055	-1.4132	1.4135	-1.4156	1.4157	-1.42	1.4207	-1.4246	1.4248	1.4288	-1.4289	1.4528	-1.453	1.4626	-1.4626	-1.4683	1.469	-1.4734	1.4734	-1.4735	1.4739	-1.4744	1.4745	1.48	-1.4804	1.4855	-1.4857	1.4859	-1.4861	1.4865	-1.4868	1.4898	-1.4905	1.4969	-1.4971	1.5098	-1.5099	-1.5144	1.5145	1.5165	-1.5172	1.5177	-1.5182	1.5234	-1.5242	-1.5266	1.5268	-1.529	1.5291	-1.5352	1.5355	-1.5371	1.5374	1.5407	-1.5407	1.5473	-1.5474	1.5567	-1.5572	-1.5703	1.5711	1.5832	-1.5842	1.5902	-1.5904	1.5963	-1.5979	1.6037	-1.6043	-1.6064	1.6069	-1.6107	1.6112	1.6116	-1.6116	-1.6304	1.6305	-1.632	1.6321	-1.6425	1.643	1.6469	-1.6469	-1.6477	1.6479	-1.659	1.6591	1.679	-1.6791	1.68	-1.6804	1.6841	-1.6842	-1.6999	1.7004	1.7038	-1.704	-1.7123	1.7126	-1.7129	1.713	1.7183	-1.7185	-1.753	1.7538	1.766	-1.7685	-1.769	1.7692	1.7778	-1.7811	1.7878	-1.7883	-1.7901	1.7904	-1.7919	1.7927	1.7972	-1.7975	-1.8023	1.8023	1.8052	-1.8062	1.8068	-1.807	1.8072	-1.8085	-1.8152	1.8153	1.8245	-1.8255	1.8258	-1.8258	1.84	-1.8405	-1.8635	1.8636	-1.8645	1.8648	-1.8786	1.8787	-1.8816	1.883	-1.8851	1.8852	-1.8864	1.8867	1.8937	-1.8938	-1.8964	1.8968	1.9276	-1.9276	1.9323	-1.9324	1.9366	-1.937	1.9376	-1.9382	-1.9399	1.94	-1.9411	1.9425	-1.943	1.9432	1.9467	-1.9469	-1.9503	1.9504	-1.9536	1.9536	-1.9612	1.9621	

3.2044e-22	-0.31416	0.49138	-0.49153	0.62042	-0.62062	-0.63737	0.63749	0.70112	-0.70117	-0.73141	0.73147	0.7474	-0.74758	-0.7665	0.76662	-0.78877	0.78921	0.79641	-0.79656	-0.80932	0.80934	0.81434	-0.81463	0.82595	-0.82604	-0.83527	0.8356	-0.83822	0.83859	0.84048	-0.84069	0.84147	-0.84176	0.84399	-0.84412	0.84954	-0.84981	-0.85073	0.85115	0.85413	-0.8543	0.85661	-0.85688	0.85914	-0.85933	-0.86041	0.86041	0.86341	-0.86373	0.86485	-0.86517	0.86628	-0.86659	-0.86891	0.86909	-0.87031	0.87037	0.87349	-0.87354	0.87471	-0.87472	-0.87707	0.87712	0.88091	-0.88119	-0.8845	0.88453	0.88827	-0.88878	0.89147	-0.89164	0.89359	-0.89371	0.89705	-0.89712	0.89938	-0.89965	0.90194	-0.90232	0.91072	-0.9108	0.91477	-0.91479	-0.91811	0.91831	0.91972	-0.91982	-0.92475	0.92484	0.92872	-0.92903	0.9388	-0.93919	-0.94921	0.94926	-0.95748	0.95759	0.97045	-0.97059	-0.97536	0.9754	0.99136	-0.99139	-0.99521	0.9956	1.0059	-1.006	1.0149	-1.0149	1.0183	-1.0187	1.0223	-1.0227	1.0276	-1.028	1.035	-1.0353	-1.037	1.0371	1.0426	-1.0429	-1.0471	1.0473	1.0549	-1.0559	1.0591	-1.0593	1.064	-1.0646	1.0674	-1.0679	1.0683	-1.0687	1.0758	-1.0759	1.0815	-1.0818	-1.0857	1.0858	-1.0896	1.0898	-1.0943	1.0943	1.1002	-1.1005	1.1022	-1.1023	1.1064	-1.1066	1.1125	-1.1126	1.1205	-1.1209	-1.1297	1.1297	-1.1326	1.1331	1.1351	-1.1359	-1.1445	1.1446	1.1476	-1.1477	-1.1524	1.1524	-1.1578	1.1586	-1.1684	1.1686	1.1731	-1.1735	1.1779	-1.1789	1.1911	-1.1917	-1.1951	1.1952	1.2001	-1.2004	-1.2021	1.2022	1.2027	-1.2035	1.2083	-1.2089	1.2169	-1.2172	-1.2233	1.2235	-1.2291	1.2295	-1.2394	1.2398	1.2412	-1.2424	1.2468	-1.2471	-1.2497	1.2502	-1.2595	1.2597	-1.2709	1.2709	-1.2768	1.2771	1.2786	-1.2799	1.2804	-1.2812	-1.2887	1.2888	-1.3111	1.3112	-1.3222	1.3222	1.3253	-1.3263	1.3406	-1.341	-1.3474	1.3477	1.3586	-1.3586	1.361	-1.3614	1.3681	-1.3689	-1.3725	1.3727	1.3813	-1.3821	-1.3861	1.3872	1.3977	-1.3982	1.4056	-1.4063	1.4237	-1.4242	1.4261	-1.4265	1.4301	-1.4306	1.4426	-1.443	1.4438	-1.4447	-1.4539	1.454	1.458	-1.4591	-1.4676	1.4682	1.4698	-1.4706	-1.4847	1.4848	1.4854	-1.4862	-1.4903	1.4908	-1.494	1.4943	-1.4992	1.4994	1.5024	-1.5027	-1.5079	1.5081	1.5115	-1.5117	1.5172	-1.5176	1.5207	-1.5208	1.5256	-1.5258	1.5354	-1.5355	1.5401	-1.5402	1.5444	-1.5451	1.5479	-1.5487	1.5527	-1.5531	1.555	-1.5555	1.5595	-1.5606	-1.5725	1.5726	-1.5819	1.5823	1.5907	-1.5909	1.5977	-1.5984	-1.6017	1.6019	1.6125	-1.6131	1.6292	-1.6301	1.6325	-1.6327	1.6366	-1.6367	1.6398	-1.6403	-1.6481	1.6486	1.6521	-1.6526	-1.6555	1.6564	-1.6636	1.6637	1.6696	-1.6699	1.6734	-1.6738	1.679	-1.6796	1.6869	-1.6875	1.6956	-1.696	1.6987	-1.699	1.7034	-1.7037	1.7074	-1.708	-1.7128	1.7134	1.7228	-1.723	1.7249	-1.7255	1.7363	-1.7367	-1.7395	1.7397	1.7447	-1.7452	-1.7549	1.7555	1.7559	-1.756	-1.7702	1.7704	-1.7778	1.7778	1.786	-1.7867	-1.7896	1.7907	1.7979	-1.7989	1.806	-1.8063	1.8094	-1.8099	1.8126	-1.8132	-1.8174	1.8178	-1.8257	1.8257	-1.8351	1.836	-1.8396	1.8402	-1.8488	1.8492	1.8583	-1.859	1.8668	-1.8677	1.8747	-1.8748	-1.881	1.8811	1.8858	-1.8867	-1.8949	1.8958	-1.8988	1.899	-1.9139	1.9144	1.9187	-1.9188	1.9258	-1.9268	1.9308	-1.9309	-1.9359	1.9364	
3.2044e-22	-0.25133	0.49826	-0.49837	0.61642	-0.61655	0.64721	-0.64739	-0.71138	0.71144	-0.73157	0.73168	0.75444	-0.75445	0.77676	-0.7768	-0.79803	0.79821	0.80413	-0.8043	0.81363	-0.81368	0.82159	-0.8217	-0.83491	0.83498	-0.84246	0.84254	-0.84546	0.84563	0.84766	-0.84773	0.84879	-0.84901	0.851	-0.85132	0.85716	-0.85756	0.85829	-0.85852	-0.86128	0.86159	0.86393	-0.86424	-0.86555	0.86572	0.86735	-0.86747	0.87018	-0.8704	0.87175	-0.87199	-0.87356	0.87367	-0.87546	0.87575	-0.87778	0.87783	-0.88104	0.88104	0.88219	-0.88236	0.88438	-0.8846	0.88847	-0.88855	0.89167	-0.89195	0.89487	-0.89491	0.89688	-0.89725	0.89939	-0.89947	0.90432	-0.90432	0.90821	-0.90822	0.91008	-0.91067	0.91829	-0.91831	-0.92306	0.92314	-0.92487	0.92499	-0.92974	0.92987	-0.93216	0.93217	0.93594	-0.93636	-0.94169	0.9417	0.95022	-0.95043	0.95487	-0.95538	0.96305	-0.96351	-0.96929	0.96968	0.9847	-0.98485	-0.98823	0.98904	-0.99843	0.99857	1.0074	-1.0076	1.0105	-1.0106	1.0155	-1.0156	1.0226	-1.0229	1.03	-1.03	1.0305	-1.0307	1.035	-1.0357	-1.0421	1.0423	1.0502	-1.0507	1.0546	-1.055	1.0584	-1.0588	1.0603	-1.0613	1.0636	-1.0638	1.072	-1.0723	1.0777	-1.0778	1.0811	-1.0812	-1.0859	1.0861	1.0897	-1.0898	-1.0965	1.0967	1.0989	-1.099	-1.1034	1.1037	-1.1098	1.1099	1.1183	-1.1188	-1.1267	1.1271	-1.1293	1.1295	1.1338	-1.1341	1.1421	-1.1426	1.1443	-1.1445	1.1491	-1.1491	-1.1551	1.1558	-1.1659	1.1659	-1.1712	1.1712	1.1762	-1.177	1.1889	-1.1895	1.1943	-1.1943	-1.1992	1.1994	-1.2007	1.2009	1.2016	-1.2016	1.2061	-1.2065	1.2154	-1.2157	-1.2213	1.2213	-1.2275	1.228	1.2373	-1.2373	1.2405	-1.2414	1.2457	-1.2464	-1.2473	1.2478	1.2577	-1.2579	-1.2707	1.2708	-1.2763	1.2765	1.2782	-1.2799	1.2799	-1.2806	1.2884	-1.2886	1.3107	-1.3109	1.3221	-1.3222	1.325	-1.3261	1.3404	-1.3411	1.347	-1.3472	1.3588	-1.3589	1.3606	-1.3609	1.3685	-1.3686	-1.3722	1.3725	1.3808	-1.382	-1.3862	1.3871	1.3978	-1.3982	-1.4054	1.4056	1.4237	-1.4241	-1.4259	1.426	1.4302	-1.4304	1.4427	-1.4428	1.4442	-1.4444	-1.4537	1.4545	1.4577	-1.4586	1.468	-1.4682	1.4697	-1.4706	1.4842	-1.4843	1.4852	-1.4862	1.49	-1.4906	-1.4939	1.4942	-1.4992	1.4995	1.5025	-1.5026	1.5079	-1.508	1.5108	-1.5114	1.5168	-1.5173	1.5205	-1.5208	1.5255	-1.5256	1.5357	-1.5358	1.5395	-1.5398	1.544	-1.5449	1.5479	-1.5486	1.552	-1.5525	1.5549	-1.5554	1.5598	-1.56	1.5729	-1.5732	-1.5826	1.5828	1.5901	-1.5907	1.5973	-1.598	-1.6016	1.6018	1.6119	-1.6129	-1.6295	1.6297	1.6327	-1.6332	1.6366	-1.6368	1.6392	-1.6401	1.6478	-1.6481	1.6514	-1.6519	-1.656	1.6567	1.6629	-1.6629	-1.6693	1.6694	1.6728	-1.6734	1.6785	-1.6794	1.6882	-1.6883	1.6947	-1.6951	1.6987	-1.6991	-1.7027	1.7031	1.7077	-1.708	-1.7126	1.7132	-1.7224	1.7233	1.7247	-1.7252	1.7359	-1.7362	-1.7393	1.7398	-1.7438	1.744	1.755	-1.7551	1.7553	-1.7555	-1.77	1.7705	1.7774	-1.7781	1.7856	-1.7861	-1.7894	1.7898	1.7973	-1.7978	1.8056	-1.8058	1.8092	-1.8095	1.812	-1.8122	1.8173	-1.8174	1.8245	-1.8246	-1.8345	1.8346	-1.8389	1.8401	-1.8484	1.8492	1.8581	-1.8587	-1.8675	1.8675	-1.8741	1.8744	1.8809	-1.8812	1.8854	-1.8864	-1.8952	1.896	1.8983	-1.8988	1.9139	-1.9142	1.9182	-1.9187	1.9256	-1.9261	-1.9306	1.9309	-1.9358	1.9359	
3.2044e-22	-0.1885	-0.50352	0.50493	0.61177	-0.61232	0.65771	-0.65818	-0.71624	0.71639	-0.73154	0.73163	-0.76376	0.76398	0.78563	-0.78584	-0.79894	0.79894	-0.81214	0.81237	-0.82065	0.82072	0.82723	-0.82757	0.84113	-0.84137	-0.84571	0.84594	0.85035	-0.85051	0.85353	-0.85367	0.85591	-0.85643	-0.85764	0.85792	0.86216	-0.86279	0.86464	-0.86484	-0.86785	0.868	-0.8689	0.86931	-0.87077	0.87114	-0.87214	0.87318	0.87477	-0.87527	0.87746	-0.87806	0.87975	-0.87992	-0.88058	0.88087	-0.88324	0.88353	-0.88723	0.88755	0.88871	-0.88873	0.8898	-0.89018	-0.89404	0.89451	-0.89588	0.89609	0.89871	-0.89896	-0.90212	0.90218	0.9051	-0.90564	0.90888	-0.90897	0.91526	-0.91571	0.91719	-0.91822	0.92454	-0.9255	-0.92888	0.9293	-0.93037	0.93045	0.93586	-0.93595	0.9389	-0.93927	-0.94223	0.94256	-0.9469	0.94712	0.95179	-0.95222	-0.956	0.95606	-0.96097	0.961	-0.96627	0.96649	0.97883	-0.97906	-0.9822	0.98317	-0.99202	0.99205	1.0003	-1.0004	1.0027	-1.0029	1.0082	-1.0083	1.0168	-1.0172	-1.0224	1.0225	1.024	-1.0241	1.0297	-1.0306	-1.0366	1.0368	1.0448	-1.0448	1.05	-1.0506	-1.0537	1.0542	1.0553	-1.0563	-1.0596	1.0601	1.068	-1.0683	1.0748	-1.0749	1.0772	-1.0776	1.0815	-1.0816	1.0868	-1.0871	-1.0922	1.0936	1.0963	-1.0971	1.1009	-1.1016	-1.1072	1.1074	1.1165	-1.1168	-1.1244	1.1247	1.1268	-1.1271	1.1324	-1.1333	1.1398	-1.1408	1.1417	-1.142	-1.1461	1.1462	-1.1528	1.1529	-1.1633	1.1635	-1.1689	1.169	1.1747	-1.175	1.186	-1.1882	-1.1936	1.1941	1.1978	-1.1981	1.1992	-1.1994	1.2001	-1.2003	-1.2044	1.2045	1.214	-1.2151	1.2193	-1.2199	1.2263	-1.2265	-1.2339	1.2353	1.2391	-1.2412	1.2447	-1.2451	1.2462	-1.2465	1.2561	-1.2566	1.2699	-1.27	-1.2759	1.276	1.278	-1.2793	1.28	-1.2808	-1.2881	1.2884	1.3103	-1.3109	1.3215	-1.3216	1.3247	-1.3254	1.34	-1.3402	1.3465	-1.3469	-1.3586	1.3589	-1.3602	1.3606	1.3676	-1.3682	-1.3721	1.3727	1.3802	-1.3813	-1.3864	1.3873	1.3965	-1.3979	-1.4048	1.4049	-1.424	1.4242	1.4246	-1.4261	1.4303	-1.4304	1.4418	-1.4423	1.4438	-1.4444	-1.4536	1.4539	1.4578	-1.4585	-1.4675	1.4677	1.4705	-1.4709	1.4841	-1.4846	1.4849	-1.4857	1.4905	-1.4906	-1.4937	1.4938	1.4995	-1.4998	1.502	-1.5026	-1.5075	1.5078	1.5106	-1.5113	1.517	-1.5171	-1.5208	1.5209	-1.5253	1.5253	-1.5358	1.5365	1.5393	-1.5393	1.5441	-1.5446	1.5477	-1.5483	-1.5513	1.5515	1.555	-1.5557	1.5593	-1.5597	1.5733	-1.5733	-1.5825	1.5828	-1.5902	1.5906	1.5972	-1.5972	1.6013	-1.6014	1.6109	-1.612	1.6292	-1.6297	1.6323	-1.6325	1.6362	-1.6366	1.6393	-1.6395	-1.6469	1.6476	-1.6519	1.6521	-1.6566	1.6572	1.6625	-1.6629	1.669	-1.6695	-1.6719	1.6728	1.6781	-1.6794	1.688	-1.6888	1.6938	-1.6943	-1.6982	1.6985	1.7029	-1.7032	1.7073	-1.7079	-1.7121	1.7122	1.7223	-1.7227	1.7245	-1.7249	-1.7357	1.7361	-1.7385	1.74	1.7434	-1.7436	1.7538	-1.7541	-1.7554	1.7557	1.7701	-1.7701	1.7763	-1.7779	-1.7847	1.7858	-1.7885	1.7901	1.7968	-1.7969	-1.8044	1.8047	1.8083	-1.809	1.811	-1.8115	1.817	-1.817	1.8237	-1.8242	1.8347	-1.8348	-1.8386	1.839	-1.8473	1.8489	1.8573	-1.8588	1.8666	-1.8673	1.873	-1.874	1.8805	-1.881	1.8847	-1.8853	-1.8946	1.8954	-1.8986	1.8991	1.9115	-1.9133	1.918	-1.918	1.9246	-1.9256	1.9298	-1.9303	-1.9349	1.936	
3.2044e-22	-0.12566	-0.50888	0.50902	-0.60826	0.60826	-0.66857	0.66863	-0.71218	0.71224	0.73818	-0.73819	-0.77158	0.77177	0.78793	-0.78808	0.80023	-0.80033	-0.82056	0.82102	0.82718	-0.82745	-0.83001	0.83005	0.84317	-0.84321	0.84872	-0.84905	0.85423	-0.85424	-0.85828	0.85856	-0.86248	0.86274	-0.86301	0.86323	0.8664	-0.86701	-0.86911	0.86932	-0.8718	0.87209	0.87359	-0.87382	0.87508	-0.87512	0.87603	-0.87629	0.87908	-0.87936	0.8819	-0.88236	-0.88403	0.88411	0.88439	-0.88461	-0.88677	0.88691	-0.89095	0.89099	0.89342	-0.89367	0.89477	-0.8948	0.89789	-0.89795	0.89914	-0.89944	0.90309	-0.90334	0.90567	-0.90568	-0.90947	0.90959	0.91262	-0.91274	-0.92048	0.92068	0.9235	-0.92398	0.92907	-0.92931	0.93176	-0.93191	0.93471	-0.93479	0.94153	-0.94188	-0.94437	0.94448	-0.94754	0.94784	0.94893	-0.9492	0.95296	-0.95351	0.9592	-0.95944	-0.96375	0.96384	0.9682	-0.96823	-0.97707	0.97721	-0.97778	0.97782	-0.9871	0.98722	0.9947	-0.99496	0.99655	-0.99673	1.0023	-1.0024	1.0111	-1.0115	1.0151	-1.0151	-1.0178	1.018	1.0265	-1.0268	1.0313	-1.0316	1.0401	-1.0403	1.0458	-1.046	1.051	-1.0513	1.0522	-1.0538	1.0569	-1.0572	1.0648	-1.0649	-1.0726	1.0726	1.0754	-1.0755	1.0777	-1.0781	1.085	-1.0856	-1.0907	1.0908	1.0938	-1.0944	-1.0989	1.0994	-1.1062	1.1063	1.1155	-1.1158	-1.123	1.1232	-1.1253	1.1254	1.1317	-1.1322	1.1384	-1.139	1.1399	-1.1399	1.1443	-1.1444	-1.1515	1.152	-1.1619	1.162	-1.1679	1.1681	1.1741	-1.1745	1.1856	-1.1857	1.1928	-1.1931	-1.1973	1.1975	1.1988	-1.199	1.1995	-1.1997	1.2033	-1.2033	1.2133	-1.2137	1.2183	-1.2184	-1.2258	1.2259	-1.2344	1.2345	1.2395	-1.2407	1.2436	-1.2439	-1.2455	1.2462	-1.2554	1.2555	1.2697	-1.2701	1.2754	-1.2756	1.2782	-1.279	1.2794	-1.2805	-1.2882	1.2885	1.311	-1.3111	1.3221	-1.3223	1.325	-1.3261	1.3403	-1.3412	1.346	-1.3464	1.3593	-1.3595	-1.3603	1.3605	1.3677	-1.3683	1.372	-1.3721	1.3803	-1.3804	-1.3862	1.3874	1.3974	-1.3977	1.405	-1.4051	1.4237	-1.4239	1.4255	-1.4255	1.4302	-1.4305	1.4425	-1.4426	1.4441	-1.4444	-1.4533	1.4534	1.4581	-1.459	-1.4676	1.4677	1.47	-1.4702	-1.4842	1.4843	1.4848	-1.4861	1.4902	-1.4907	-1.4939	1.4941	1.4994	-1.4995	1.5023	-1.5026	1.5079	-1.5082	1.5106	-1.5108	1.517	-1.5173	-1.5209	1.521	1.5251	-1.5252	-1.5361	1.5361	1.5391	-1.5392	1.544	-1.5449	1.5481	-1.5486	1.551	-1.5518	1.5553	-1.5554	-1.5602	1.5604	1.5735	-1.5741	1.5831	-1.5833	1.5905	-1.5906	1.597	-1.5972	1.6012	-1.6014	1.6112	-1.6119	1.6299	-1.6302	1.6328	-1.6331	1.6369	-1.6369	1.639	-1.6394	-1.6471	1.6474	1.6517	-1.6521	-1.6569	1.657	-1.6621	1.6623	1.6686	-1.6691	-1.672	1.6723	1.6782	-1.6788	-1.6887	1.689	1.6936	-1.6943	1.6979	-1.6986	-1.7025	1.7031	1.7076	-1.708	-1.7123	1.7128	-1.7218	1.7222	1.7244	-1.7251	1.7355	-1.7361	-1.7396	1.74	1.7431	-1.7436	-1.755	1.7551	1.7553	-1.7553	1.7704	-1.7707	1.7773	-1.7784	1.7852	-1.7854	-1.7887	1.7895	1.7964	-1.7971	1.8051	-1.8054	1.8088	-1.8089	1.811	-1.8113	1.8173	-1.8175	1.8231	-1.8233	-1.8339	1.8341	-1.8387	1.8389	-1.8485	1.8487	1.8578	-1.8582	-1.8665	1.867	1.874	-1.8746	1.8802	-1.8806	1.8847	-1.8848	-1.8944	1.8957	-1.8981	1.8985	-1.9138	1.9139	1.9173	-1.9176	1.9254	-1.9261	-1.9303	1.9306	-1.9353	1.9358	
3.2044e-22	-0.062832	0.51171	-0.51202	0.60561	-0.60576	0.67787	-0.67791	0.7052	-0.70524	-0.74514	0.74542	0.77643	-0.77646	0.78539	-0.78542	0.80502	-0.80504	-0.82626	0.82634	-0.82769	0.82797	0.83378	-0.83426	-0.84336	0.84339	-0.85186	0.85201	0.85596	-0.85618	-0.86128	0.86152	-0.86618	0.86628	-0.86669	0.86708	0.86842	-0.86922	0.87188	-0.87192	-0.87349	0.87376	0.87578	-0.87652	0.87704	-0.87707	-0.87912	0.87913	-0.88206	0.88206	0.88434	-0.88464	0.88629	-0.88635	0.88686	-0.88702	0.88844	-0.88847	-0.89234	0.89243	0.89662	-0.89683	0.89813	-0.89842	0.89998	-0.9	0.90175	-0.90187	0.90499	-0.90548	-0.9077	0.90801	-0.91193	0.91197	-0.91724	0.91734	0.92315	-0.92331	0.92702	-0.9274	0.92749	-0.92759	0.93441	-0.93485	-0.93802	0.93802	-0.94484	0.945	-0.94673	0.94687	0.94869	-0.94886	-0.95205	0.95208	0.95692	-0.95707	0.96325	-0.96328	0.96601	-0.96626	0.97033	-0.97043	-0.97556	0.97584	-0.97738	0.97739	0.98182	-0.98233	-0.99201	0.99215	0.99446	-0.99463	-0.9975	0.99769	1.0054	-1.0058	1.0083	-1.0086	1.0135	-1.0135	1.023	-1.0233	1.0276	-1.0277	-1.0368	1.037	-1.0426	1.0426	1.0494	-1.0499	1.0506	-1.0522	1.0548	-1.0551	-1.0624	1.0629	1.0703	-1.0708	-1.0736	1.0736	-1.0758	1.0758	1.0841	-1.0845	-1.089	1.0891	-1.0928	1.093	-1.0981	1.0983	-1.1053	1.1053	1.1147	-1.1153	-1.1219	1.122	-1.1239	1.1247	1.1314	-1.1319	1.1372	-1.1377	1.139	-1.1392	1.143	-1.1431	-1.1503	1.1505	-1.1606	1.1606	1.1674	-1.1675	1.173	-1.1743	1.1844	-1.1846	1.1927	-1.1929	1.1969	-1.1969	1.1982	-1.1986	1.1989	-1.199	1.2021	-1.2025	-1.213	1.2132	1.2174	-1.2179	-1.2252	1.2258	-1.2339	1.234	1.2392	-1.2404	1.2429	-1.2431	-1.2453	1.2458	-1.2547	1.2547	1.2699	-1.2699	1.2753	-1.2753	1.2781	-1.279	1.2795	-1.2802	-1.2881	1.2881	1.3106	-1.311	-1.3219	1.3221	1.3247	-1.3253	1.3405	-1.3411	1.3457	-1.3461	1.3594	-1.3594	1.3599	-1.3602	1.3675	-1.368	-1.3721	1.3724	1.3801	-1.3811	-1.3862	1.3875	-1.3976	1.3977	-1.4051	1.4052	1.4236	-1.4239	1.4252	-1.4255	1.4297	-1.4303	1.4421	-1.4426	1.4438	-1.4443	1.4532	-1.4532	1.4578	-1.4584	-1.4677	1.4683	1.4695	-1.4705	1.4844	-1.4844	1.485	-1.4859	-1.4907	1.4907	1.4937	-1.4941	-1.4995	1.4997	1.5024	-1.5026	1.5082	-1.5084	1.5104	-1.5107	1.5167	-1.5174	1.5209	-1.5209	-1.5249	1.5251	1.5363	-1.5364	1.5388	-1.539	1.544	-1.5449	1.548	-1.5487	1.5509	-1.5516	1.5551	-1.5554	1.56	-1.5602	-1.5738	1.5739	1.5829	-1.5837	1.5894	-1.5904	1.5967	-1.5967	1.6012	-1.6014	1.6105	-1.6112	1.6297	-1.6302	1.6326	-1.6329	-1.6368	1.6368	1.639	-1.6397	-1.6466	1.6472	1.6511	-1.6516	1.6581	-1.6582	-1.6615	1.6615	1.6686	-1.669	1.6713	-1.6719	1.6781	-1.6786	1.6892	-1.6898	1.6931	-1.6935	-1.6982	1.6983	-1.7026	1.7031	1.7074	-1.7079	-1.7121	1.7126	1.722	-1.7223	1.7246	-1.7254	1.7356	-1.7363	-1.7387	1.7396	1.743	-1.7432	1.7545	-1.7549	1.755	-1.7555	-1.7702	1.7705	1.7772	-1.7778	1.7848	-1.7851	-1.7887	1.7896	1.7962	-1.7968	1.805	-1.8052	1.8087	-1.8089	1.8106	-1.8114	-1.8175	1.8175	1.823	-1.8231	-1.8333	1.8343	-1.838	1.8387	1.848	-1.8482	1.8581	-1.8584	1.8667	-1.8672	-1.8738	1.8744	1.8799	-1.8805	1.8843	-1.8849	1.8953	-1.8954	-1.8983	1.8985	-1.9139	1.9139	1.9172	-1.9178	1.925	-1.9257	-1.93	1.9302	-1.9353	1.9357	
3.2044e-22	2.7756e-17	0.51281	-0.51292	0.60469	-0.60487	0.68267	-0.68269	0.70082	-0.70113	-0.74837	0.74863	-0.77661	0.77685	0.78514	-0.78537	0.80721	-0.80726	-0.8258	0.82592	-0.82927	0.82951	0.83552	-0.83609	-0.8432	0.84347	-0.85316	0.85328	0.8563	-0.85655	0.86227	-0.86235	-0.86698	0.86716	-0.86791	0.86822	0.86905	-0.8698	0.87274	-0.8729	-0.8742	0.87437	0.87662	-0.87731	0.8777	-0.87776	0.87979	-0.87999	0.88301	-0.88307	0.88493	-0.88511	-0.88709	0.88712	0.88778	-0.8881	-0.88888	0.88917	-0.89304	0.89312	0.89793	-0.89798	0.89915	-0.89922	0.90149	-0.90171	0.90278	-0.90294	0.90536	-0.90581	-0.90904	0.90917	0.91267	-0.91274	0.91952	-0.91958	-0.92357	0.92386	0.92604	-0.92629	0.92792	-0.92828	0.93569	-0.93588	0.93887	-0.93916	-0.94526	0.94529	-0.94771	0.9481	0.94887	-0.94906	-0.95391	0.95409	0.95888	-0.95925	-0.96426	0.96428	-0.96786	0.9683	-0.96996	0.97049	-0.97617	0.97633	0.97761	-0.97761	0.97924	-0.97966	0.99172	-0.99176	-0.99458	0.99458	0.99754	-0.9979	1.0017	-1.0019	1.005	-1.0051	-1.0122	1.0123	1.0213	-1.0215	1.0265	-1.0266	-1.0359	1.036	1.0409	-1.041	1.0491	-1.0492	1.05	-1.0515	1.0542	-1.0544	1.0617	-1.0619	1.0699	-1.0702	1.073	-1.0732	-1.075	1.0751	1.0835	-1.084	-1.0884	1.0887	1.0921	-1.0924	-1.0977	1.0978	-1.1048	1.1051	1.1145	-1.115	-1.1214	1.1216	-1.1237	1.1241	1.1315	-1.1321	1.1366	-1.1369	-1.139	1.139	1.1429	-1.1429	-1.1501	1.1505	-1.1602	1.1606	-1.1666	1.1669	1.1729	-1.1739	1.184	-1.1845	1.1923	-1.1928	-1.1967	1.1967	1.1982	-1.1984	1.1986	-1.1989	1.2022	-1.2023	1.2127	-1.2129	1.2175	-1.2176	-1.2252	1.2254	-1.2335	1.2336	1.2389	-1.2403	-1.2428	1.2429	-1.2454	1.2456	1.2545	-1.2547	1.27	-1.2701	-1.2751	1.2752	1.278	-1.2786	1.2793	-1.2805	-1.2877	1.288	1.3104	-1.3109	-1.322	1.322	1.3246	-1.3257	1.3407	-1.3408	1.3457	-1.346	-1.3594	1.3595	1.3596	-1.3601	1.3674	-1.3677	-1.3721	1.3725	1.3797	-1.3808	-1.3866	1.3879	1.3975	-1.3978	-1.4048	1.4052	1.4236	-1.4242	1.4254	-1.4255	1.43	-1.4304	-1.4427	1.4428	1.4438	-1.4442	-1.4532	1.4535	1.4575	-1.4584	-1.4678	1.4679	1.4698	-1.4699	-1.4844	1.4846	1.485	-1.486	1.4904	-1.4908	1.4938	-1.4941	-1.4995	1.4996	1.502	-1.5026	-1.5075	1.5081	1.5104	-1.5109	1.517	-1.5175	1.521	-1.5212	-1.525	1.5251	-1.5361	1.5363	1.539	-1.539	1.5439	-1.5451	1.5476	-1.5487	1.5509	-1.5514	1.5551	-1.5555	1.5603	-1.5604	-1.5737	1.5739	1.583	-1.5835	-1.5902	1.5905	1.5967	-1.597	1.6015	-1.6016	1.6106	-1.6116	1.6295	-1.6302	1.6328	-1.6332	1.6365	-1.6369	1.6385	-1.6393	1.6469	-1.6469	-1.6517	1.6518	-1.658	1.6583	-1.6614	1.6615	1.6687	-1.6688	1.6716	-1.6718	1.6781	-1.6784	1.6889	-1.6895	1.6934	-1.6938	-1.698	1.6983	-1.7025	1.703	1.7075	-1.7084	-1.7124	1.7124	-1.7215	1.7217	1.7245	-1.7248	-1.7356	1.7356	-1.7395	1.7399	1.7429	-1.743	1.7542	-1.7549	1.7553	-1.7555	1.7702	-1.7707	1.7771	-1.7779	1.7846	-1.7849	-1.7887	1.7893	1.796	-1.7967	-1.805	1.8051	1.8086	-1.809	1.8106	-1.8109	1.817	-1.8172	1.8225	-1.823	1.8342	-1.8345	-1.8388	1.8392	-1.848	1.8483	-1.8579	1.8582	1.8669	-1.8672	1.8742	-1.8748	-1.8797	1.8801	-1.8843	1.8848	1.8955	-1.8957	1.8982	-1.8986	-1.9132	1.9137	1.9174	-1.9178	1.9252	-1.9256	1.9305	-1.9305	-1.9351	1.9355	
3.2044e-22	0.062832	0.51174	-0.512	0.60569	-0.60583	0.67782	-0.67794	0.70507	-0.70535	0.74523	-0.74529	-0.7763	0.77634	0.78548	-0.78552	-0.80495	0.80504	-0.8264	0.82653	-0.82772	0.82804	0.83374	-0.8341	-0.84329	0.84341	-0.85189	0.85221	0.85593	-0.85618	-0.86129	0.8615	-0.86619	0.86634	-0.86674	0.86695	0.86882	-0.86912	-0.87192	0.87195	-0.87342	0.87368	0.87582	-0.87663	0.87686	-0.87717	0.879	-0.87913	-0.88206	0.88214	-0.88435	0.88438	0.88626	-0.88643	-0.88712	0.8872	-0.88832	0.88864	0.89231	-0.89238	0.89669	-0.89673	0.89822	-0.8984	0.89987	-0.90013	0.90186	-0.90196	0.90511	-0.90548	-0.90795	0.90804	-0.91199	0.91208	0.91723	-0.91726	0.92323	-0.92342	0.92704	-0.92725	-0.9275	0.92766	0.93446	-0.93454	-0.93795	0.93803	0.94456	-0.94498	-0.94667	0.94703	0.94871	-0.94898	0.95208	-0.95214	0.95682	-0.95693	-0.96317	0.96344	-0.96621	0.96635	-0.97029	0.97031	-0.9756	0.97579	0.97705	-0.97737	0.98205	-0.98233	0.99212	-0.99218	0.99455	-0.99468	-0.99748	0.99752	-1.0055	1.0056	1.0084	-1.0086	-1.0135	1.0135	1.0229	-1.0232	1.0276	-1.0279	-1.037	1.037	1.0422	-1.0425	1.0494	-1.0501	1.0504	-1.0522	-1.055	1.0551	1.0626	-1.0627	1.0705	-1.0709	1.0737	-1.0738	1.0757	-1.0758	1.084	-1.0844	-1.0889	1.0892	-1.0927	1.0928	-1.098	1.0982	-1.1052	1.1054	1.1147	-1.1153	-1.1218	1.122	-1.1243	1.1247	1.1316	-1.1321	1.137	-1.1376	-1.139	1.1392	1.1432	-1.1436	-1.1504	1.1505	-1.1606	1.1608	-1.1672	1.1673	1.1733	-1.1739	1.1844	-1.1847	-1.1928	1.1929	-1.1968	1.1968	1.198	-1.1983	-1.1989	1.1991	1.2024	-1.2026	-1.2127	1.213	1.2176	-1.2177	-1.2252	1.2255	-1.2338	1.2339	1.2399	-1.2403	-1.2429	1.243	-1.2452	1.2456	-1.2549	1.255	-1.2699	1.27	-1.2749	1.2752	1.278	-1.2789	1.2794	-1.2804	1.2879	-1.288	1.3106	-1.311	-1.3219	1.322	1.3246	-1.3259	1.3403	-1.3412	1.3462	-1.3466	1.3594	-1.3595	-1.3602	1.3602	1.3674	-1.3681	-1.3719	1.3727	1.38	-1.3812	-1.3865	1.3874	1.3978	-1.3981	-1.4049	1.4051	1.4236	-1.4241	-1.4251	1.4254	1.4297	-1.4304	1.4426	-1.4426	1.4439	-1.4443	-1.4531	1.4532	1.4583	-1.4586	-1.4672	1.4679	1.47	-1.4703	1.4842	-1.4843	1.4849	-1.4863	-1.4904	1.4908	1.4939	-1.494	-1.4995	1.4996	1.5022	-1.5027	-1.5079	1.5082	1.5104	-1.511	1.517	-1.5172	1.5208	-1.5212	1.5249	-1.5251	-1.5363	1.5363	-1.5391	1.5391	1.5441	-1.5449	1.5481	-1.5485	1.551	-1.5515	1.5549	-1.5552	1.5597	-1.5599	1.5736	-1.5743	-1.5836	1.5836	1.5901	-1.5904	1.5968	-1.597	-1.6013	1.6014	1.6111	-1.6115	1.6298	-1.6304	1.6328	-1.633	-1.637	1.6371	1.6388	-1.6395	-1.6467	1.6469	1.6511	-1.6517	-1.6578	1.658	-1.6613	1.6619	1.6686	-1.6687	1.6718	-1.6719	1.6779	-1.6783	-1.6891	1.6896	1.6933	-1.6941	1.6982	-1.6987	-1.7024	1.7032	1.7075	-1.7082	-1.7122	1.7128	-1.7219	1.7224	1.7244	-1.725	1.7351	-1.7352	-1.7398	1.7398	1.7428	-1.7433	-1.7545	1.755	-1.7552	1.7554	1.7699	-1.7703	1.7769	-1.7774	1.7846	-1.785	-1.7884	1.7897	1.7962	-1.7966	1.8046	-1.8052	1.8086	-1.8093	1.8107	-1.8114	-1.8168	1.8173	1.8226	-1.8229	-1.8334	1.8339	1.8388	-1.8391	1.8484	-1.8486	1.8574	-1.8584	1.8672	-1.8672	1.874	-1.8743	-1.8801	1.8804	-1.8845	1.8845	-1.8947	1.8954	1.8983	-1.8983	-1.9135	1.9145	1.9173	-1.9178	1.9253	-1.9254	-1.9303	1.9304	-1.9351	1.9355	
3.2044e-22	0.12566	0.50879	-0.50901	0.60819	-0.60829	0.66847	-0.66861	-0.71217	0.71218	-0.73821	0.73831	-0.77167	0.77176	0.78797	-0.78799	0.80033	-0.80042	-0.82082	0.8209	0.82717	-0.82741	0.83023	-0.83033	-0.84312	0.84318	0.84891	-0.84895	0.85419	-0.85427	-0.85823	0.85861	0.8625	-0.86261	-0.86304	0.8632	0.86659	-0.86704	-0.86912	0.86936	0.87188	-0.87203	0.87332	-0.87372	0.87509	-0.87512	-0.87612	0.87612	0.87902	-0.87925	0.88184	-0.88211	-0.88393	0.88414	0.88454	-0.88462	0.88683	-0.88688	-0.89091	0.89105	-0.89354	0.89359	0.89477	-0.89511	0.89778	-0.8979	0.89925	-0.89941	0.90307	-0.90351	-0.90552	0.90554	-0.90952	0.90987	0.9127	-0.91277	0.92036	-0.92045	0.92357	-0.92389	-0.92927	0.92948	0.93176	-0.93208	-0.93481	0.93501	0.94173	-0.94187	-0.94435	0.94471	-0.94753	0.9479	0.94906	-0.94918	0.95295	-0.9534	0.95943	-0.95951	-0.96383	0.96398	-0.96808	0.9682	0.9769	-0.97728	-0.97788	0.97839	0.98704	-0.98728	0.99458	-0.99492	0.99639	-0.99655	-1.0022	1.0023	1.0112	-1.0114	1.0151	-1.0154	1.0179	-1.0179	1.0266	-1.0269	1.0312	-1.0316	1.0401	-1.0403	1.0458	-1.046	1.0511	-1.0513	1.0521	-1.0537	1.0568	-1.0569	1.0647	-1.065	1.0722	-1.0728	1.0749	-1.0753	1.0777	-1.0782	1.0852	-1.0855	-1.0905	1.091	1.094	-1.0943	-1.0993	1.0995	-1.1063	1.1064	1.1154	-1.1159	-1.1231	1.1231	-1.1251	1.1254	1.132	-1.1325	1.1383	-1.139	-1.1397	1.14	-1.1443	1.1445	-1.1513	1.1515	-1.1617	1.1619	1.1679	-1.1681	1.1739	-1.1749	1.1854	-1.1855	1.1928	-1.1933	-1.1974	1.1974	-1.1989	1.1989	1.1993	-1.1996	1.203	-1.2032	-1.2135	1.2135	1.2184	-1.2186	-1.2256	1.2261	1.2346	-1.2347	1.2392	-1.2408	-1.2438	1.2438	-1.2454	1.2462	-1.2556	1.2556	-1.2702	1.2703	1.2755	-1.2758	1.2785	-1.2791	1.2796	-1.2805	-1.2882	1.2883	1.3106	-1.3109	1.3219	-1.3222	1.3246	-1.3256	1.3403	-1.3407	1.3464	-1.3464	1.3592	-1.3593	1.3604	-1.3605	1.3676	-1.368	-1.3721	1.3727	1.3804	-1.3812	-1.386	1.3871	1.3974	-1.3979	-1.405	1.4051	1.4235	-1.4242	1.4254	-1.4258	1.43	-1.4303	1.4426	-1.4426	1.4441	-1.4441	-1.4532	1.4534	-1.4585	1.4586	-1.4676	1.4681	1.4699	-1.4705	1.4843	-1.4844	1.4853	-1.486	-1.4904	1.4904	1.4938	-1.494	-1.4994	1.4997	1.5024	-1.5026	-1.5079	1.5081	1.5105	-1.5108	1.5167	-1.5173	1.521	-1.5211	1.5251	-1.5252	-1.5361	1.5362	1.5388	-1.5393	1.544	-1.545	1.5481	-1.5486	1.5511	-1.5515	1.5549	-1.555	1.56	-1.5603	1.5736	-1.5741	-1.5833	1.5833	1.59	-1.5906	1.5967	-1.5972	-1.6011	1.6016	1.611	-1.6118	1.6297	-1.6303	1.6327	-1.6331	1.6369	-1.6373	1.639	-1.6397	-1.647	1.6471	-1.6518	1.6522	-1.6573	1.6576	1.6621	-1.6624	1.6689	-1.6694	-1.672	1.6721	1.6782	-1.6788	-1.6887	1.6888	1.6934	-1.6944	-1.6983	1.6985	-1.7025	1.7033	1.7078	-1.7081	-1.7121	1.7129	1.7217	-1.7221	1.7247	-1.7254	1.7356	-1.7363	-1.7393	1.7398	-1.7427	1.7433	1.7546	-1.7547	1.7552	-1.7556	-1.7703	1.7703	1.7771	-1.7778	1.7843	-1.7853	-1.7889	1.7894	1.7966	-1.7969	-1.8053	1.8055	1.8086	-1.8087	1.811	-1.8113	1.8172	-1.8175	1.8233	-1.8238	1.8336	-1.8351	1.8388	-1.8394	-1.8473	1.8483	1.8583	-1.8586	1.8662	-1.867	1.874	-1.8741	1.8804	-1.8806	1.8846	-1.8848	-1.8947	1.8956	-1.8983	1.8986	-1.9136	1.914	1.9175	-1.9181	1.9247	-1.926	1.9303	-1.9303	-1.9353	1.9358	
3.2044e-22	0.1885	0.50363	-0.50489	0.6108	-0.61221	-0.65749	0.65751	0.71642	-0.71661	-0.73047	0.73124	-0.76345	0.76359	0.78481	-0.78514	-0.79871	0.79907	0.81183	-0.8123	-0.82061	0.82074	-0.82704	0.82752	-0.84077	0.84142	0.84582	-0.84611	-0.85044	0.85062	-0.85326	0.8533	-0.85566	0.85603	0.85757	-0.85771	0.86246	-0.86288	-0.86447	0.86471	-0.86691	0.86777	-0.86908	0.8694	-0.87077	0.87114	0.87216	-0.87217	0.87509	-0.87557	0.87751	-0.87796	-0.87921	0.87975	-0.88077	0.88096	-0.88325	0.88339	-0.88664	0.8869	-0.88849	0.88851	0.89025	-0.89103	-0.89408	0.89455	-0.89584	0.89617	0.89907	-0.89941	-0.90203	0.90222	-0.90546	0.90611	0.90837	-0.90894	0.91527	-0.91543	-0.91757	0.91775	0.92484	-0.92539	0.92866	-0.92927	-0.9305	0.9305	0.93588	-0.93656	0.93889	-0.93919	0.9425	-0.94259	0.94658	-0.94675	0.95145	-0.95215	-0.95618	0.95622	0.96129	-0.96133	-0.96667	0.967	0.97927	-0.97956	-0.98197	0.98263	0.99195	-0.99203	1	-1.0006	1.0026	-1.0027	1.0083	-1.0085	1.0172	-1.0175	-1.0224	1.023	-1.0242	1.0242	1.0299	-1.0306	1.0367	-1.0367	1.0448	-1.0449	1.0506	-1.0508	-1.0538	1.054	1.055	-1.0558	1.0598	-1.0599	1.068	-1.0681	1.0748	-1.0749	1.0773	-1.0777	1.0815	-1.0816	1.0868	-1.087	-1.0934	1.0935	1.0959	-1.0976	1.1008	-1.1017	1.1075	-1.1076	1.1166	-1.117	1.1245	-1.1247	-1.1268	1.1274	1.1327	-1.133	-1.1398	1.1399	1.141	-1.1416	-1.1462	1.1464	-1.1524	1.1532	-1.1633	1.1638	-1.1683	1.1691	1.1745	-1.1756	1.1864	-1.1888	1.1934	-1.1941	1.1982	-1.1989	-1.1998	1.1998	1.2001	-1.2004	-1.2041	1.2049	-1.2133	1.2146	-1.2194	1.2195	-1.2264	1.2271	1.2355	-1.2363	1.2403	-1.2412	1.2441	-1.2444	-1.2461	1.2468	-1.2561	1.2561	-1.2701	1.2701	1.2758	-1.2759	1.278	-1.2792	1.2794	-1.2805	1.2879	-1.2884	1.3103	-1.3109	1.322	-1.3224	1.3247	-1.3258	1.3402	-1.3407	1.3461	-1.3463	-1.3585	1.3588	1.3601	-1.3609	1.3675	-1.3687	-1.3716	1.3723	1.3798	-1.3815	-1.3865	1.3872	1.3966	-1.3972	1.4051	-1.4054	1.4232	-1.4239	1.4251	-1.4268	1.43	-1.4303	1.4422	-1.4425	1.444	-1.4441	-1.4532	1.4545	1.4579	-1.4585	-1.4673	1.4688	1.4696	-1.4705	-1.4845	1.4847	1.4851	-1.4862	1.4897	-1.4902	1.4942	-1.4942	-1.4996	1.4998	1.5018	-1.5024	-1.5081	1.5084	1.5106	-1.511	-1.5172	1.5173	1.5198	-1.5212	1.5252	-1.5254	-1.536	1.5362	-1.5394	1.5395	1.5437	-1.5445	1.5479	-1.5486	1.5511	-1.552	1.5545	-1.5562	-1.5594	1.5597	-1.5737	1.5745	1.5825	-1.5826	1.5893	-1.5904	-1.5973	1.5974	-1.6011	1.6013	1.6116	-1.6117	-1.6294	1.6297	1.6319	-1.633	-1.6366	1.6367	-1.6396	1.6406	-1.6464	1.6477	1.6511	-1.6512	1.6566	-1.6568	-1.6622	1.6623	1.669	-1.6695	-1.6723	1.6724	1.6783	-1.6794	-1.6877	1.6882	1.6942	-1.6945	-1.6979	1.6981	-1.7026	1.703	-1.707	1.7077	-1.7121	1.7126	1.7223	-1.7227	1.7244	-1.7252	-1.7359	1.7359	1.7399	-1.7401	1.7433	-1.7437	-1.755	1.7552	1.7554	-1.7558	-1.77	1.7704	-1.7775	1.7777	1.7848	-1.7855	-1.7887	1.7901	1.7964	-1.7971	1.8052	-1.8055	1.8088	-1.8092	1.8109	-1.8113	-1.8158	1.8171	-1.8237	1.8238	-1.8344	1.8347	-1.8384	1.8392	-1.8478	1.8486	1.8576	-1.8587	-1.8667	1.867	1.8737	-1.8752	1.8805	-1.8805	1.8838	-1.8854	-1.8945	1.8955	1.8984	-1.8988	-1.9133	1.9134	-1.9172	1.9177	1.9243	-1.9256	1.9298	-1.9305	-1.9354	1.936	
3.2044e-22	0.25133	0.49817	-0.49836	-0.61638	0.61646	0.64741	-0.64746	-0.71136	0.71142	-0.73164	0.73168	0.75445	-0.75471	-0.77677	0.77689	-0.79792	0.79801	-0.80411	0.8042	-0.81348	0.81358	0.82167	-0.82173	-0.83494	0.83503	-0.84258	0.84262	-0.84546	0.84572	-0.84775	0.84784	0.8486	-0.84912	0.85099	-0.85129	0.8573	-0.85742	0.85811	-0.85844	0.86149	-0.86164	0.86373	-0.86423	-0.86569	0.86569	-0.86757	0.8676	0.87011	-0.87054	0.87167	-0.87206	0.87358	-0.8737	-0.87545	0.87566	0.87785	-0.8779	0.88097	-0.88115	-0.88239	0.88241	0.88454	-0.88454	0.88835	-0.88847	0.89149	-0.89204	0.89458	-0.89511	0.89694	-0.89706	-0.89945	0.89947	-0.90417	0.90425	0.90789	-0.9081	0.91007	-0.91065	0.9181	-0.91832	-0.92312	0.92326	-0.92492	0.92501	0.9298	-0.92982	-0.93214	0.93227	0.93634	-0.93648	0.94156	-0.9417	-0.95048	0.95049	0.95513	-0.95518	0.96299	-0.96327	-0.9693	0.96969	0.98435	-0.98488	-0.98818	0.98923	0.99847	-0.99852	-1.0072	1.0075	1.0105	-1.0107	-1.0154	1.0155	1.0224	-1.0229	1.0297	-1.03	1.0305	-1.0307	1.0353	-1.0358	1.0422	-1.0425	1.0499	-1.0505	1.0546	-1.055	1.0586	-1.0589	1.0599	-1.0614	1.0637	-1.0637	1.072	-1.0721	1.0778	-1.0779	-1.0812	1.0813	-1.0859	1.0861	-1.0896	1.0897	-1.0966	1.0967	1.0988	-1.099	-1.1033	1.1036	1.1099	-1.1101	1.1183	-1.1188	-1.127	1.1271	-1.1293	1.1295	1.1338	-1.1344	1.1421	-1.1423	1.1442	-1.1445	-1.1491	1.1491	-1.1549	1.1553	-1.1654	1.1658	-1.1709	1.1713	1.176	-1.1768	1.1891	-1.1893	1.1944	-1.1944	-1.1992	1.1996	-1.2006	1.2009	1.2015	-1.2015	1.2062	-1.2065	1.2152	-1.2161	-1.2213	1.2213	-1.2276	1.228	-1.2373	1.2374	1.24	-1.2415	1.2455	-1.2463	-1.2474	1.2479	1.2573	-1.2579	-1.2706	1.2708	-1.2765	1.2766	1.2785	-1.2796	1.2799	-1.2806	-1.2885	1.2885	1.3108	-1.3111	1.3222	-1.3223	1.3252	-1.3261	1.3401	-1.3413	1.3469	-1.3471	-1.3586	1.3587	1.3608	-1.361	1.3678	-1.3685	-1.3723	1.3725	1.3803	-1.3815	-1.3863	1.3874	1.3976	-1.398	-1.4055	1.4057	1.4236	-1.4244	1.4259	-1.4259	1.4302	-1.4307	1.4424	-1.4428	1.444	-1.4445	-1.4535	1.4537	-1.4584	1.4587	1.468	-1.4684	1.4699	-1.4702	1.4844	-1.4845	1.4852	-1.4866	1.4901	-1.4906	-1.4941	1.4944	1.4996	-1.4996	1.5024	-1.5027	-1.5078	1.5081	1.511	-1.5115	1.5171	-1.5177	1.5205	-1.5209	-1.5255	1.5255	-1.5355	1.5357	1.5391	-1.5398	1.5442	-1.5449	1.5475	-1.5485	1.552	-1.5525	1.555	-1.5552	1.5591	-1.5602	-1.5727	1.5728	1.5821	-1.5825	1.5906	-1.5907	1.5976	-1.5977	1.6015	-1.6015	1.612	-1.6126	1.6297	-1.6303	1.6325	-1.6327	-1.6366	1.6367	1.6395	-1.6396	-1.648	1.6482	1.6518	-1.6523	-1.6561	1.6568	-1.663	1.6633	1.6696	-1.6697	1.6729	-1.6732	1.6788	-1.6793	1.6876	-1.6882	1.6951	-1.6956	1.6985	-1.6992	-1.7029	1.7031	1.7076	-1.708	-1.7123	1.7127	-1.7224	1.7226	1.7247	-1.7256	1.7361	-1.7366	1.7395	-1.7395	-1.7436	1.7443	-1.7543	1.7547	1.7555	-1.7556	-1.77	1.7706	1.7772	-1.7782	1.7853	-1.7865	-1.7892	1.7905	1.7973	-1.7978	-1.8055	1.8057	1.809	-1.8093	1.8116	-1.8124	-1.8173	1.8176	1.8243	-1.8246	1.835	-1.8351	-1.8394	1.8397	1.8489	-1.849	-1.858	1.8583	1.8669	-1.8671	-1.8739	1.8744	1.881	-1.8812	1.8855	-1.8857	-1.8949	1.8955	-1.8984	1.8987	1.9137	-1.9143	1.9179	-1.9181	1.926	-1.9262	-1.9306	1.9309	-1.9356	1.9359	
3.2044e-22	0.31416	0.49119	-0.49158	0.62037	-0.62048	0.63738	-0.63742	-0.70099	0.70113	0.73151	-0.73159	0.74753	-0.74761	-0.76642	0.76649	-0.78883	0.78886	0.79655	-0.79664	-0.80918	0.80927	-0.81458	0.81468	0.82588	-0.82605	-0.83522	0.83531	-0.83812	0.83853	0.84033	-0.84068	0.84165	-0.84175	0.84399	-0.84411	0.8495	-0.84983	-0.85108	0.85118	0.85412	-0.85432	0.85659	-0.85686	0.85915	-0.85941	0.86033	-0.86048	0.86331	-0.86365	0.865	-0.86516	0.86633	-0.86652	-0.86875	0.86914	-0.87046	0.87062	0.8733	-0.87346	0.87454	-0.87474	-0.87699	0.87713	0.88098	-0.881	-0.88457	0.88469	0.88832	-0.88873	0.89138	-0.8916	0.89351	-0.89364	-0.8972	0.89721	0.89948	-0.89958	0.90166	-0.90218	0.91072	-0.91088	0.91477	-0.9149	0.91797	-0.91816	-0.91969	0.91978	0.92459	-0.92467	-0.92903	0.92906	0.93862	-0.93897	0.94917	-0.94953	-0.95752	0.95765	0.97046	-0.97075	0.97533	-0.97547	0.99133	-0.99168	-0.99518	0.99583	-1.0058	1.0058	1.0145	-1.0147	1.0183	-1.0184	1.0224	-1.0225	1.0277	-1.028	1.0345	-1.035	-1.0372	1.0372	1.0425	-1.0427	-1.0472	1.0474	1.0548	-1.0558	1.0593	-1.0594	1.0637	-1.0644	1.0672	-1.0681	1.0683	-1.0685	1.0756	-1.0758	1.0812	-1.0818	1.0858	-1.0858	-1.0896	1.0896	1.0943	-1.0945	-1.1004	1.1007	-1.1022	1.1023	-1.1067	1.1067	-1.1125	1.1126	1.1207	-1.1207	1.1297	-1.1297	-1.1327	1.1328	1.1353	-1.1356	1.1446	-1.1448	1.1474	-1.1476	-1.1522	1.1524	-1.1578	1.1585	-1.1686	1.1689	-1.1734	1.1737	1.1777	-1.1786	1.1913	-1.1915	1.1952	-1.1955	1.2002	-1.2004	1.202	-1.202	-1.2031	1.2032	1.2087	-1.2088	1.2168	-1.2171	1.2234	-1.2234	1.229	-1.2292	1.2391	-1.2397	1.241	-1.2422	1.2465	-1.2472	-1.2495	1.2501	1.2593	-1.2596	1.2708	-1.2711	1.2769	-1.2769	1.2784	-1.2799	1.2806	-1.2812	1.2887	-1.2887	-1.3111	1.3111	-1.3219	1.3221	1.3251	-1.3261	1.3406	-1.3411	-1.3478	1.3479	-1.3585	1.3586	1.361	-1.3618	1.3683	-1.369	-1.3726	1.3727	1.3811	-1.3822	-1.3859	1.3875	1.3976	-1.3979	-1.4057	1.4062	1.4237	-1.4242	-1.4264	1.4265	1.4305	-1.4305	1.4425	-1.4427	1.4442	-1.4446	1.4536	-1.4539	1.4586	-1.4587	1.4679	-1.4682	1.4696	-1.4702	1.4844	-1.4846	1.4855	-1.4862	-1.4904	1.4906	-1.4941	1.4942	1.4993	-1.4994	-1.5025	1.5028	1.5079	-1.5082	1.5111	-1.5118	1.5173	-1.5175	-1.5205	1.5206	-1.5256	1.5259	-1.5354	1.5357	1.5398	-1.5405	1.5439	-1.5451	1.5476	-1.5489	1.5527	-1.553	1.5553	-1.5554	1.5593	-1.5602	-1.5724	1.5727	-1.5817	1.5819	1.5903	-1.5909	-1.5978	1.5978	1.6017	-1.6019	1.6127	-1.6132	1.6291	-1.6298	1.6326	-1.6328	1.6365	-1.6369	1.6394	-1.6402	1.6482	-1.6487	1.6515	-1.652	-1.6556	1.6561	-1.6637	1.6638	1.6699	-1.6701	1.6732	-1.674	1.6791	-1.6799	1.6871	-1.6876	1.6956	-1.6958	1.6985	-1.6985	-1.7032	1.7034	1.7074	-1.7079	-1.7129	1.713	-1.7227	1.7229	1.725	-1.7257	1.7364	-1.7368	-1.7399	1.7401	-1.7448	1.7451	-1.7543	1.7551	1.7558	-1.756	1.77	-1.7705	1.7773	-1.778	1.7861	-1.7864	-1.7896	1.7904	1.7984	-1.7987	-1.806	1.8064	1.8096	-1.8096	1.8127	-1.8132	-1.8173	1.8176	1.8252	-1.8259	-1.8352	1.8359	-1.8389	1.8396	-1.8492	1.8496	1.8586	-1.8588	1.8673	-1.8676	1.8744	-1.8745	1.8814	-1.8818	1.886	-1.8867	-1.8949	1.8958	-1.8985	1.8993	1.9139	-1.9143	-1.9185	1.9188	1.9264	-1.9267	-1.9307	1.9308	-1.936	1.9361	
3.2044e-22	0.37699	0.48369	-0.48391	0.6184	-0.61843	0.63325	-0.63329	-0.68948	0.68972	0.724	-0.72408	-0.74416	0.74422	-0.75666	0.75671	-0.77773	0.77795	0.78588	-0.78592	-0.80202	0.80211	-0.80802	0.80812	0.81599	-0.81604	-0.82613	0.82653	-0.82849	0.82863	0.83137	-0.8314	-0.83438	0.83459	-0.83648	0.83648	0.84026	-0.84053	-0.84275	0.84321	0.84569	-0.84586	0.84809	-0.84857	0.85086	-0.85126	-0.85175	0.85188	0.85549	-0.85555	0.85686	-0.85704	0.85866	-0.85874	-0.86092	0.86097	0.86212	-0.86213	-0.86449	0.86473	0.86567	-0.86587	-0.86823	0.86843	-0.87245	0.87246	0.87488	-0.875	0.87846	-0.87912	0.88267	-0.88279	0.88616	-0.88638	-0.88902	0.88924	0.89142	-0.8918	0.89287	-0.89341	0.9016	-0.90176	0.90515	-0.90525	0.90893	-0.90901	0.91038	-0.91038	0.91582	-0.916	0.92292	-0.92306	0.9391	-0.9393	-0.95252	0.95283	0.96355	-0.9637	0.97874	-0.97883	-0.98247	0.98253	-0.99849	0.99868	-1.0023	1.0029	1.0132	-1.0133	-1.0218	1.0219	1.0249	-1.0249	1.0282	-1.029	1.0336	-1.034	1.0387	-1.0395	-1.0439	1.044	1.0497	-1.0504	1.0524	-1.0525	1.0596	-1.0605	1.0647	-1.0651	1.0701	-1.0708	1.073	-1.0731	1.0751	-1.0759	1.0789	-1.0789	-1.0864	1.0866	1.0908	-1.0909	-1.0928	1.0928	-1.1	1.1002	-1.1045	1.1046	-1.1061	1.1061	-1.1103	1.1106	-1.1157	1.1158	-1.1235	1.1235	-1.1325	1.1326	1.1358	-1.1359	1.138	-1.1382	1.1471	-1.1474	1.1512	-1.1515	-1.156	1.1562	-1.161	1.1614	-1.172	1.172	1.1758	-1.1758	1.1805	-1.1814	1.1933	-1.1937	1.1967	-1.1967	1.2016	-1.202	-1.2034	1.2039	1.2051	-1.2052	-1.2116	1.2116	1.2183	-1.2185	-1.226	1.2262	-1.2308	1.231	1.2412	-1.2416	1.2423	-1.2429	1.2477	-1.2481	-1.2522	1.2525	1.2613	-1.2614	-1.2717	1.272	-1.2777	1.2778	1.2786	-1.2801	1.2811	-1.2816	1.2888	-1.2892	1.3108	-1.3115	1.3223	-1.3225	1.3252	-1.3259	1.3407	-1.3416	1.3485	-1.349	1.3583	-1.3586	1.3613	-1.3614	1.3689	-1.369	-1.3728	1.373	1.3817	-1.3826	-1.3865	1.3872	1.3979	-1.3984	-1.4061	1.4064	1.424	-1.4242	1.4266	-1.4269	1.4306	-1.4307	1.4426	-1.4426	1.4447	-1.4447	-1.4543	1.4544	1.4587	-1.4592	-1.4679	1.4681	1.4703	-1.471	-1.4845	1.4846	1.4855	-1.4863	1.4903	-1.4905	-1.4942	1.4942	1.4994	-1.4996	1.5026	-1.503	1.5078	-1.5081	1.5116	-1.512	1.5174	-1.5179	1.5202	-1.5203	-1.5259	1.5263	-1.5353	1.5353	-1.5406	1.5408	1.5443	-1.5449	1.5478	-1.5488	1.5526	-1.5534	1.5553	-1.556	1.5599	-1.56	1.5716	-1.5719	-1.5816	1.5816	1.5907	-1.5912	1.598	-1.5986	-1.6018	1.6018	1.6135	-1.6138	1.6289	-1.6296	1.6323	-1.633	1.6363	-1.6368	1.6402	-1.6403	-1.6486	1.649	-1.652	1.652	1.6562	-1.6562	-1.6641	1.6642	-1.6702	1.6703	-1.6742	1.6742	1.6794	-1.6802	1.6865	-1.687	1.6961	-1.6966	1.6986	-1.6988	1.7039	-1.704	1.7074	-1.7075	-1.7128	1.7133	-1.7232	1.7234	1.7248	-1.7254	-1.7366	1.737	-1.7397	1.74	-1.7459	1.7462	1.7552	-1.7553	1.7564	-1.7566	-1.7702	1.7706	1.7782	-1.7783	1.7868	-1.7868	-1.7905	1.7909	1.7987	-1.7992	1.8068	-1.8069	1.8098	-1.8104	1.8136	-1.8138	1.8175	-1.818	1.8261	-1.8267	1.8362	-1.8364	-1.8401	1.8405	1.85	-1.8502	1.8588	-1.8589	-1.8675	1.8679	-1.8742	1.8749	-1.8818	1.8818	1.8869	-1.8876	-1.895	1.8957	1.8993	-1.8995	-1.9142	1.9148	1.9189	-1.9195	1.9269	-1.9269	-1.9309	1.9311	-1.9366	1.9373	
3.2044e-22	0.43982	0.47548	-0.4758	0.60856	-0.60874	0.63655	-0.63668	-0.67761	0.67779	-0.71298	0.71306	0.73661	-0.73674	-0.75001	0.75002	-0.76713	0.76743	0.77363	-0.77369	0.79288	-0.79293	0.79876	-0.79886	0.80573	-0.80575	-0.81545	0.81567	-0.81791	0.81794	-0.82002	0.82006	0.82621	-0.82621	0.82843	-0.82843	0.8305	-0.83071	-0.83386	0.83406	-0.83559	0.83561	0.83854	-0.83867	0.84079	-0.8412	0.84236	-0.84237	-0.84668	0.84671	0.84727	-0.84763	-0.84995	0.85	-0.85111	0.85121	-0.85282	0.8531	0.85468	-0.85504	0.85589	-0.85633	-0.85845	0.85851	-0.86239	0.86247	0.86434	-0.86448	0.86762	-0.86775	0.87145	-0.87154	0.87503	-0.87509	0.87919	-0.87947	0.8832	-0.88334	0.88385	-0.88396	0.89121	-0.89124	0.89334	-0.89355	0.89802	-0.89806	0.90413	-0.90437	0.90569	-0.90586	0.92149	-0.92162	0.94301	-0.9433	0.95894	-0.95895	-0.97046	0.97064	-0.98706	0.98712	-0.99014	0.99035	-1.0058	1.0059	-1.0096	1.0104	1.0204	-1.0204	1.028	-1.0282	-1.0293	1.0293	1.035	-1.0355	1.039	-1.0395	1.0447	-1.0449	1.0495	-1.0499	1.0568	-1.057	-1.058	1.0582	1.0646	-1.0659	1.0709	-1.0714	1.0757	-1.0761	1.0783	-1.0785	1.082	-1.082	1.0831	-1.0834	-1.0913	1.0914	-1.0948	1.0951	1.098	-1.0981	1.1055	-1.1056	-1.109	1.1091	-1.1104	1.1104	1.1147	-1.1148	-1.1193	1.1195	1.1267	-1.1268	1.1356	-1.1357	1.1387	-1.139	1.1422	-1.1425	-1.1502	1.1505	1.1548	-1.1555	1.1606	-1.1608	-1.1649	1.1652	-1.1754	1.1756	1.1784	-1.179	1.1837	-1.1843	1.1949	-1.1953	1.199	-1.199	-1.2032	1.2034	1.2055	-1.2056	1.2075	-1.2076	1.2144	-1.2148	1.2196	-1.2202	1.2288	-1.2288	-1.2331	1.2334	1.2421	-1.2434	1.2448	-1.2448	-1.2493	1.2494	-1.2554	1.2561	1.2635	-1.2635	1.2725	-1.2728	1.2782	-1.2782	1.2793	-1.281	1.2819	-1.2825	-1.2902	1.2902	1.3112	-1.3117	1.3224	-1.3227	1.3256	-1.3264	1.341	-1.3417	-1.3492	1.3493	1.3582	-1.3588	1.3614	-1.3618	1.3691	-1.3694	1.3733	-1.3736	1.3826	-1.3827	-1.3867	1.3877	1.3979	-1.3984	-1.4067	1.4067	1.424	-1.4243	-1.4269	1.427	1.4306	-1.4309	1.443	-1.4431	1.4444	-1.4446	-1.4542	1.4547	1.4587	-1.4593	-1.4678	1.4681	1.4702	-1.4706	1.4845	-1.4848	1.4857	-1.4867	1.4898	-1.4904	-1.4941	1.4946	1.4996	-1.4997	1.5028	-1.5031	-1.5081	1.5082	1.512	-1.5123	1.5175	-1.5179	-1.52	1.5203	-1.5264	1.5265	1.5351	-1.5356	1.5408	-1.5412	1.544	-1.5452	1.5477	-1.5488	1.5531	-1.554	1.5561	-1.5565	1.5601	-1.5602	-1.5709	1.5712	1.581	-1.5815	1.5905	-1.5915	1.5986	-1.5987	1.6022	-1.6023	1.6138	-1.6146	1.6285	-1.6292	1.6326	-1.6328	-1.6365	1.6365	1.6404	-1.6407	1.6491	-1.6491	1.6522	-1.6526	1.6562	-1.6564	1.6643	-1.6645	1.6707	-1.6707	1.6754	-1.676	1.68	-1.6807	-1.6861	1.6861	1.6967	-1.6972	-1.6987	1.6991	1.7042	-1.7043	1.7076	-1.7077	-1.7133	1.7135	-1.7242	1.7244	1.7253	-1.726	1.7374	-1.7375	1.7401	-1.7402	1.7464	-1.7467	1.7555	-1.7556	1.7568	-1.7572	-1.771	1.771	1.7786	-1.7794	1.787	-1.7874	-1.7906	1.7913	1.7994	-1.7999	1.807	-1.8074	1.8104	-1.8107	1.8144	-1.8148	1.8181	-1.8183	-1.8276	1.8276	1.8372	-1.8375	-1.8404	1.8409	-1.8504	1.8508	1.8588	-1.8596	-1.8681	1.8682	1.8747	-1.8755	-1.8826	1.8826	1.8877	-1.8888	-1.8957	1.8958	-1.8996	1.9	1.9138	-1.9149	1.9199	-1.9201	1.9271	-1.9276	-1.931	1.9311	-1.9371	1.9371	
3.2044e-22	0.50265	0.4669	-0.46715	0.59701	-0.59702	0.64029	-0.64038	0.66655	-0.66664	0.70079	-0.70092	0.72481	-0.7249	-0.74184	0.74184	-0.75805	0.75814	-0.76109	0.76116	-0.78313	0.78323	0.78745	-0.78751	-0.79434	0.79437	0.80321	-0.80326	-0.80672	0.80675	-0.80806	0.80809	0.81551	-0.81556	-0.81886	0.81901	0.82109	-0.82129	0.82379	-0.82385	0.82468	-0.82489	0.82826	-0.82827	0.82971	-0.82984	0.83187	-0.83192	0.83611	-0.83621	0.83726	-0.83759	-0.83985	0.83995	0.84047	-0.84062	-0.84237	0.84238	0.84423	-0.8445	0.84536	-0.84563	-0.8475	0.84753	0.85108	-0.85108	0.85325	-0.85344	0.85575	-0.85602	0.85877	-0.85885	0.86311	-0.86314	-0.86786	0.86788	0.87184	-0.87222	0.87313	-0.87353	0.8793	-0.87946	0.88139	-0.88172	0.88665	-0.88674	0.89382	-0.89392	-0.90301	0.90301	-0.92513	0.92519	0.94934	-0.94951	0.96631	-0.96643	0.97826	-0.97837	-0.99519	0.99526	-0.99772	0.99816	-1.0124	1.0129	-1.017	1.0176	1.0267	-1.0269	1.0309	-1.0313	1.0352	-1.0353	1.0422	-1.0428	1.0448	-1.0455	1.0511	-1.0516	-1.0538	1.0539	1.0618	-1.0626	-1.0647	1.0648	1.0705	-1.0715	1.0768	-1.0769	1.0806	-1.081	1.0828	-1.0831	1.0869	-1.0871	1.0898	-1.0906	-1.0955	1.0959	1.0998	-1.1	1.1036	-1.1039	-1.11	1.1103	-1.1137	1.1139	1.1151	-1.1152	-1.1195	1.1201	-1.1236	1.1238	1.1299	-1.1306	1.1385	-1.1388	1.1422	-1.1423	1.1466	-1.1469	-1.1534	1.1539	-1.1588	1.1589	-1.1657	1.1657	-1.169	1.1691	-1.1791	1.1791	1.1815	-1.1822	1.1869	-1.1878	1.1963	-1.1964	1.2016	-1.2017	-1.2045	1.2045	1.2075	-1.2076	1.2106	-1.2107	1.2182	-1.2182	1.2217	-1.2219	-1.2323	1.2324	1.2358	-1.236	1.2432	-1.2449	1.2475	-1.248	1.2504	-1.2506	-1.2592	1.2592	1.2654	-1.2657	1.2739	-1.2739	1.2784	-1.2784	1.2802	-1.2818	1.2831	-1.2838	1.2903	-1.2912	1.3115	-1.3119	1.3231	-1.3234	1.326	-1.3272	1.341	-1.3417	-1.3505	1.3505	1.3583	-1.3585	1.3616	-1.3619	1.3696	-1.37	1.3731	-1.3738	1.3831	-1.3836	-1.3871	1.3878	1.3978	-1.3983	-1.4074	1.4075	1.4241	-1.4243	1.4277	-1.428	1.4308	-1.4309	1.4428	-1.443	-1.4448	1.4449	1.4547	-1.4551	-1.4593	1.4599	1.468	-1.4682	1.4706	-1.4706	1.4848	-1.4848	1.486	-1.4866	1.4903	-1.4904	-1.4943	1.4944	1.4991	-1.4996	1.5027	-1.5032	1.5082	-1.5083	1.5123	-1.5128	1.5176	-1.5181	1.52	-1.5201	1.5267	-1.5268	-1.5354	1.5357	1.5411	-1.5413	1.5442	-1.5455	1.5478	-1.5488	1.5538	-1.5543	-1.5573	1.5574	1.5601	-1.5603	1.5697	-1.5699	1.5808	-1.5812	1.5911	-1.5915	1.5986	-1.5992	1.6025	-1.6031	1.6146	-1.6155	1.6282	-1.6286	1.6323	-1.6327	1.636	-1.6362	-1.6408	1.641	-1.6486	1.6495	1.6526	-1.6532	1.6572	-1.6573	-1.6645	1.6645	1.6712	-1.6716	-1.6764	1.6764	1.6808	-1.6813	-1.686	1.686	1.6974	-1.6978	1.6989	-1.6992	-1.7049	1.705	1.7073	-1.7075	-1.7135	1.7139	1.7243	-1.7245	1.7261	-1.7267	1.7379	-1.7385	1.7404	-1.7407	1.7476	-1.748	-1.7555	1.7557	1.757	-1.7578	1.7713	-1.7714	1.7785	-1.7789	1.7875	-1.7877	-1.7919	1.7921	1.8003	-1.801	1.8077	-1.8078	1.811	-1.8113	1.8155	-1.8161	1.8185	-1.8188	-1.8285	1.8287	1.8376	-1.8386	1.8422	-1.8432	-1.8505	1.8515	1.8588	-1.8598	1.8678	-1.8687	-1.8746	1.8751	-1.8828	1.8832	1.8892	-1.8898	1.8961	-1.8961	-1.8999	1.9002	1.9151	-1.9151	1.9204	-1.9206	1.9279	-1.9284	1.9314	-1.9317	-1.9376	1.9378	
3.2044e-22	0.56549	0.45806	-0.45816	0.58472	-0.58481	-0.64031	0.64032	0.65819	-0.65823	0.68848	-0.68863	-0.71186	0.71189	-0.73036	0.73046	0.74744	-0.74747	-0.74906	0.74938	-0.77152	0.77168	0.77659	-0.77675	-0.78228	0.7826	-0.78979	0.79002	-0.79414	0.7944	-0.79551	0.7958	-0.80308	0.8035	0.80702	-0.80711	-0.81041	0.81069	0.81235	-0.81267	0.81432	-0.81436	0.81659	-0.81683	0.81781	-0.81799	0.82053	-0.82053	0.82454	-0.82461	0.82595	-0.8262	-0.82834	0.8285	0.8297	-0.82988	-0.8307	0.83073	0.83259	-0.83282	0.83364	-0.83413	0.83565	-0.83569	-0.83873	0.83877	0.84101	-0.84121	-0.84364	0.84367	0.84554	-0.84574	0.85025	-0.85051	-0.85522	0.85531	0.85887	-0.85903	0.86079	-0.86088	-0.86582	0.86594	0.86937	-0.86959	0.87399	-0.87405	0.88464	-0.88502	0.90452	-0.90469	-0.93138	0.93142	0.95678	-0.95717	-0.97427	0.97436	0.98583	-0.98596	1.0033	-1.0034	1.0057	-1.0058	-1.0181	1.0182	-1.0246	1.0251	-1.0308	1.0311	1.0346	-1.0349	-1.0415	1.0415	1.0489	-1.0492	1.0501	-1.0508	1.056	-1.0564	-1.0605	1.0607	1.0655	-1.0662	-1.0719	1.072	1.0773	-1.0783	-1.0811	1.0812	1.0847	-1.0852	1.0871	-1.0876	-1.0923	1.0923	1.0965	-1.0968	-1.1	1.1003	1.1056	-1.1057	1.1096	-1.1099	1.115	-1.1151	-1.1186	1.1186	-1.1204	1.1209	-1.1243	1.1244	-1.1279	1.1285	1.134	-1.1344	1.1416	-1.1421	1.1464	-1.1466	1.1519	-1.152	-1.1567	1.1573	1.1627	-1.1634	1.1707	-1.1708	-1.1733	1.1734	1.1822	-1.1825	1.185	-1.1858	1.1904	-1.1913	1.1976	-1.1979	1.2043	-1.2049	-1.2062	1.2064	-1.2097	1.2097	1.2136	-1.2139	1.2215	-1.2215	1.2241	-1.2247	-1.2356	1.2358	-1.2389	1.2389	1.2448	-1.2458	1.2503	-1.2506	-1.2523	1.2524	-1.2625	1.2629	-1.2676	1.2677	-1.2754	1.2756	1.2785	-1.2787	1.2812	-1.2823	1.2849	-1.285	1.2912	-1.2913	1.3118	-1.3125	-1.3232	1.3233	1.3266	-1.3273	1.341	-1.3421	1.3513	-1.3514	-1.3582	1.3587	1.3616	-1.3622	1.37	-1.3701	-1.374	1.3742	1.3836	-1.3842	-1.3876	1.3881	1.398	-1.3985	1.4079	-1.4081	1.4243	-1.4245	-1.4278	1.428	1.4307	-1.4313	1.4428	-1.4428	-1.445	1.4451	-1.4549	1.4552	1.4592	-1.4595	1.4682	-1.4686	1.4704	-1.471	1.4842	-1.485	1.4861	-1.4869	1.4898	-1.4902	-1.4942	1.4948	1.4991	-1.4994	1.5029	-1.5034	1.5083	-1.5086	1.5126	-1.513	1.5179	-1.5182	-1.52	1.52	1.5272	-1.5273	1.5352	-1.5354	1.5414	-1.5418	1.5443	-1.5453	1.5478	-1.5486	1.5539	-1.5541	1.5579	-1.5586	-1.5602	1.5606	1.5686	-1.569	1.5806	-1.5813	1.5915	-1.5921	1.5988	-1.5993	1.6036	-1.6036	1.6155	-1.6161	1.6276	-1.6276	1.6322	-1.6329	1.6357	-1.6362	-1.6412	1.6413	-1.6488	1.6495	1.6534	-1.6534	1.6577	-1.6579	1.6645	-1.6649	1.6718	-1.6721	-1.6769	1.677	1.6816	-1.6822	1.6856	-1.6858	1.6979	-1.6983	-1.6992	1.6993	1.7052	-1.7055	-1.7071	1.7073	-1.7137	1.7141	1.7244	-1.7248	1.7265	-1.7273	1.7385	-1.7388	1.7409	-1.7411	1.7487	-1.7487	-1.7558	1.7559	1.758	-1.7582	-1.7708	1.7711	1.7794	-1.78	-1.7883	1.7889	-1.7924	1.793	1.8012	-1.8019	1.8082	-1.8087	1.8114	-1.8121	1.8166	-1.8168	1.8193	-1.8194	-1.8295	1.8298	-1.8388	1.8392	-1.8423	1.843	-1.8522	1.8526	1.8605	-1.8608	1.8684	-1.8686	1.8751	-1.8754	-1.8834	1.8838	-1.8902	1.8903	-1.8962	1.8964	1.9002	-1.9005	-1.9152	1.9152	1.9211	-1.9215	1.9284	-1.9286	1.9319	-1.9322	-1.9383	1.9385	
3.2044e-22	0.62832	0.44881	-0.44893	0.57236	-0.57245	0.63251	-0.63278	-0.65541	0.65547	-0.67731	0.67737	0.69812	-0.69836	0.71708	-0.71709	-0.73401	0.73405	-0.73798	0.73813	-0.75813	0.75822	-0.76523	0.76525	0.77066	-0.7707	0.77608	-0.77619	-0.78082	0.78091	0.78291	-0.78309	-0.78961	0.78979	0.79439	-0.79451	0.79834	-0.79838	0.80026	-0.80081	-0.80266	0.80282	0.80431	-0.80457	0.80562	-0.80572	0.80833	-0.80848	0.81184	-0.8122	0.81309	-0.81321	0.81619	-0.81625	0.81776	-0.81784	0.81821	-0.81821	0.81975	-0.82008	0.82143	-0.82181	0.82319	-0.82324	0.82563	-0.82594	0.828	-0.82817	-0.8305	0.83067	0.83201	-0.83231	0.83687	-0.83702	-0.84185	0.84191	0.84495	-0.84516	0.84704	-0.84712	-0.85167	0.85187	0.85595	-0.85634	-0.86097	0.86115	0.87857	-0.87879	0.90925	-0.90934	0.9388	-0.93911	0.96421	-0.9644	0.98209	-0.9821	-0.99355	0.99369	1.0108	-1.0113	1.0135	-1.0136	-1.0225	1.0234	-1.0306	1.0306	1.0337	-1.0337	1.0391	-1.0396	-1.0479	1.048	1.0533	-1.0541	1.0558	-1.0563	1.0613	-1.0616	1.0669	-1.0671	1.0697	-1.0704	1.0786	-1.0788	1.0839	-1.0842	1.0845	-1.0847	1.0878	-1.0882	1.0925	-1.0928	-1.0974	1.0976	1.102	-1.1023	-1.1057	1.1059	1.1115	-1.112	1.1149	-1.1154	1.1195	-1.1199	-1.1235	1.1237	1.1262	-1.1262	1.1297	-1.1299	-1.1332	1.1335	1.138	-1.1383	1.1454	-1.1458	1.1511	-1.1513	1.1569	-1.1574	-1.1605	1.1612	1.167	-1.1674	1.1761	-1.1764	1.1778	-1.1778	-1.1854	1.1856	1.189	-1.1894	1.1943	-1.195	1.1995	-1.1995	1.2072	-1.2077	1.2085	-1.2086	1.2115	-1.2119	-1.217	1.2172	1.2244	-1.2248	1.2273	-1.2273	-1.2388	1.2392	1.2419	-1.2425	1.2463	-1.2475	1.2533	-1.2539	-1.2543	1.2544	-1.2659	1.2662	-1.2698	1.2701	1.2775	-1.2775	1.2789	-1.2794	1.2826	-1.2835	1.2866	-1.2866	-1.2924	1.2926	1.3122	-1.3124	1.3234	-1.3235	1.3271	-1.3272	1.3414	-1.3422	1.3524	-1.3525	1.3586	-1.3588	1.3621	-1.3622	-1.3703	1.3705	-1.3747	1.3748	1.3841	-1.3846	-1.3882	1.3883	1.3982	-1.3983	-1.4087	1.4088	1.4244	-1.4248	-1.4284	1.4285	1.4311	-1.4315	1.4428	-1.4431	-1.4452	1.4452	-1.4551	1.4555	-1.4598	1.4605	-1.4682	1.4684	1.4707	-1.4713	1.4847	-1.4848	1.4865	-1.4876	1.4898	-1.4899	-1.4947	1.4948	-1.4997	1.4998	1.5029	-1.5034	1.5086	-1.5088	1.5128	-1.5136	1.5183	-1.5186	-1.52	1.5201	-1.5276	1.5276	1.5354	-1.5355	1.5417	-1.5421	1.5448	-1.5455	1.548	-1.5489	1.554	-1.5542	1.559	-1.5595	1.5605	-1.5612	1.5678	-1.5682	1.5804	-1.5808	1.5917	-1.592	1.5993	-1.5994	1.6045	-1.6047	1.6167	-1.617	1.6267	-1.6273	1.6319	-1.6325	-1.6356	1.6356	1.6414	-1.6419	-1.6487	1.6493	1.6542	-1.6542	1.6582	-1.6586	1.6645	-1.6649	1.6725	-1.6725	-1.6782	1.6783	1.6825	-1.6827	-1.6849	1.6852	1.6981	-1.6988	-1.6997	1.7	-1.7055	1.706	-1.7067	1.7072	-1.7142	1.7148	1.725	-1.7252	1.7272	-1.7276	1.7391	-1.7398	1.7418	-1.742	1.7497	-1.7497	-1.7558	1.7565	-1.7583	1.7588	-1.7721	1.7722	1.7799	-1.7807	-1.7883	1.789	-1.7934	1.7936	1.8018	-1.8028	1.8086	-1.8091	-1.8126	1.8127	1.8173	-1.8175	-1.8199	1.8201	1.8313	-1.8314	-1.8397	1.84	-1.8439	1.8441	-1.8537	1.8537	1.8603	-1.8609	1.8685	-1.8691	1.8755	-1.8757	-1.8839	1.8844	1.8913	-1.8922	-1.8969	1.8971	-1.9008	1.901	1.9154	-1.9155	1.922	-1.9221	1.929	-1.9292	1.9323	-1.9326	-1.9385	1.939	
3.2044e-22	0.69115	0.43954	-0.43982	0.55977	-0.55977	0.62066	-0.62069	-0.65076	0.6509	0.67032	-0.67045	-0.68435	0.68442	0.70299	-0.70304	0.72052	-0.72059	-0.72543	0.7255	-0.74385	0.74408	0.75184	-0.75193	-0.75841	0.75844	0.76208	-0.76216	0.7668	-0.76684	0.7695	-0.76966	0.77549	-0.77558	0.78091	-0.78092	0.78501	-0.78509	0.7876	-0.78794	0.78944	-0.78965	0.79205	-0.79223	-0.79307	0.79309	0.7954	-0.79562	0.79848	-0.79868	0.79946	-0.79972	-0.80303	0.8032	0.80414	-0.80438	0.80507	-0.80523	0.80642	-0.80661	0.80831	-0.80861	0.81002	-0.81015	-0.81219	0.81233	0.81395	-0.81409	-0.816	0.81635	0.81858	-0.81886	0.82291	-0.82323	0.82744	-0.82748	-0.83049	0.83066	0.83288	-0.8331	0.83701	-0.83706	0.84194	-0.8422	0.84747	-0.84754	0.87659	-0.87671	-0.91529	0.91557	0.94642	-0.94665	0.97224	-0.9723	-0.98988	0.99008	1.0009	-1.0011	-1.0184	1.0186	-1.0207	1.021	-1.0262	1.0263	1.033	-1.0331	-1.0397	1.04	1.0438	-1.045	-1.0538	1.0543	1.0564	-1.0573	-1.0618	1.062	1.0669	-1.0674	1.0712	-1.0718	1.0758	-1.0764	1.0839	-1.084	-1.0874	1.0875	1.0893	-1.0899	1.0917	-1.0919	1.0974	-1.0976	1.1029	-1.1031	1.1066	-1.107	-1.1112	1.1117	1.1176	-1.118	1.1205	-1.1209	1.1239	-1.1248	1.1295	-1.1295	-1.1313	1.1316	1.1351	-1.1351	-1.1381	1.1382	1.1421	-1.1423	1.1502	-1.1504	1.1558	-1.1561	-1.1621	1.1621	-1.1646	1.1653	1.1716	-1.172	1.1813	-1.1813	1.182	-1.1822	1.1886	-1.1887	1.1923	-1.1929	1.1974	-1.1985	-1.2022	1.2023	1.2096	-1.2098	1.2117	-1.212	-1.2139	1.214	1.2203	-1.2204	1.2277	-1.228	-1.2306	1.2306	-1.2421	1.2426	1.2455	-1.2458	1.2478	-1.2497	1.2557	-1.2565	-1.2574	1.2583	1.2684	-1.2688	-1.2726	1.2726	1.2788	-1.2792	-1.2803	1.2803	1.2835	-1.2846	1.2886	-1.2888	1.2939	-1.2942	1.3124	-1.3126	1.3236	-1.3239	1.3275	-1.3276	1.3423	-1.3429	-1.3531	1.3533	1.3592	-1.3593	1.3625	-1.3628	1.3701	-1.3703	1.3755	-1.3758	-1.3843	1.3846	1.3891	-1.3892	1.3981	-1.3985	-1.4096	1.4097	1.4242	-1.4248	1.4287	-1.4291	1.431	-1.4323	1.4429	-1.4435	1.4457	-1.4459	1.4556	-1.4557	1.4603	-1.4606	1.4686	-1.4686	1.4708	-1.4712	1.4844	-1.4847	1.4869	-1.4873	1.4896	-1.49	-1.4946	1.4948	1.4993	-1.4999	1.5035	-1.5038	-1.5089	1.509	1.5132	-1.5135	1.5183	-1.5187	-1.52	1.5202	-1.5281	1.5282	-1.5354	1.5354	1.5423	-1.5424	1.5449	-1.5456	1.5482	-1.5487	1.5542	-1.5546	1.5592	-1.5602	1.5616	-1.5617	1.5667	-1.5667	-1.5809	1.5811	1.5921	-1.5924	1.5991	-1.5996	-1.6054	1.6055	1.6177	-1.6179	1.6264	-1.6268	1.6319	-1.6325	1.6354	-1.6357	-1.6416	1.6419	1.6494	-1.6496	1.6543	-1.655	-1.6598	1.66	1.6649	-1.6651	1.6729	-1.6732	-1.6787	1.6794	1.6832	-1.6836	1.6846	-1.6853	1.6982	-1.6989	1.7004	-1.7007	1.7058	-1.7059	-1.7071	1.7073	-1.7148	1.7151	1.7253	-1.7253	1.728	-1.7282	1.7394	-1.7401	1.7429	-1.7433	1.7508	-1.7514	1.7566	-1.7567	-1.759	1.7595	-1.772	1.7723	1.7805	-1.7811	-1.7893	1.7894	-1.7935	1.7945	-1.8034	1.8035	1.8093	-1.8095	1.8132	-1.8135	-1.8178	1.8182	1.8215	-1.8218	1.8326	-1.8332	1.8408	-1.8414	-1.8447	1.8456	-1.8544	1.8547	1.8609	-1.8615	1.8685	-1.8689	1.8758	-1.876	1.885	-1.885	1.8923	-1.8923	1.8976	-1.8977	-1.9013	1.9016	-1.9156	1.9159	1.9229	-1.923	-1.9297	1.9297	1.933	-1.9335	-1.9397	1.94	
3.2044e-22	0.75398	0.43003	-0.43022	0.54693	-0.54702	-0.60754	0.6077	-0.64017	0.64031	0.66616	-0.66637	-0.67191	0.67192	-0.68834	0.6884	-0.7075	0.70752	0.71212	-0.71227	-0.72921	0.72925	0.73764	-0.73774	-0.74451	0.74464	-0.74789	0.74796	-0.75253	0.75256	0.75551	-0.75582	-0.76073	0.76081	-0.76678	0.76708	-0.77065	0.77069	0.7741	-0.77412	0.77587	-0.77591	0.77866	-0.77871	0.77975	-0.77978	0.78176	-0.78189	0.78406	-0.78457	0.78556	-0.78568	-0.78931	0.78952	0.78971	-0.78999	-0.79119	0.79123	0.7927	-0.79284	0.79442	-0.79473	0.79595	-0.79602	0.7985	-0.79864	0.79945	-0.79955	-0.8012	0.80125	0.80423	-0.80458	0.80872	-0.80897	0.81226	-0.81235	-0.81551	0.81556	0.81788	-0.81804	-0.82162	0.82164	0.82691	-0.82714	-0.83446	0.83447	0.87791	-0.87807	0.92247	-0.92274	0.95447	-0.95457	0.97989	-0.9803	0.99769	-0.9977	1.0082	-1.0086	1.0252	-1.0252	-1.0274	1.0279	1.0289	-1.029	1.0346	-1.0348	-1.0459	1.0465	1.0487	-1.0495	-1.0578	1.0579	1.0616	-1.0623	1.0665	-1.067	1.0725	-1.0729	-1.0762	1.0764	1.0829	-1.0829	1.0867	-1.0867	1.0902	-1.0902	1.0935	-1.0939	-1.097	1.0971	1.1021	-1.1028	-1.1077	1.1079	1.1119	-1.1121	-1.1166	1.1171	1.1236	-1.124	1.1259	-1.1259	1.1282	-1.129	-1.1352	1.1357	-1.1366	1.1368	-1.1407	1.1408	-1.1427	1.143	1.1463	-1.1463	1.1551	-1.1557	1.1609	-1.161	-1.1669	1.167	-1.169	1.1696	1.1757	-1.1764	1.1851	-1.1853	1.1872	-1.1874	1.1921	-1.1923	1.1956	-1.1966	1.2008	-1.2015	-1.2056	1.2057	-1.2122	1.2122	-1.2149	1.2152	-1.2161	1.2162	-1.2234	1.2235	1.2309	-1.2315	1.2336	-1.234	-1.2456	1.2457	1.2492	-1.2497	1.2508	-1.2519	1.2581	-1.2592	-1.2607	1.2615	-1.2709	1.2711	-1.2756	1.2757	1.2791	-1.2799	1.2828	-1.2829	1.2854	-1.2862	1.2908	-1.2912	1.2961	-1.2965	-1.313	1.313	1.3238	-1.324	1.3279	-1.3282	1.3428	-1.3435	1.3542	-1.3543	-1.3599	1.3601	1.3626	-1.363	1.3707	-1.371	1.3762	-1.3766	-1.3844	1.3846	-1.3901	1.3903	1.3982	-1.399	-1.4104	1.4104	1.4246	-1.4248	1.4292	-1.4296	1.4316	-1.4322	1.4431	-1.4434	1.4458	-1.446	-1.4562	1.4562	1.461	-1.4612	-1.4686	1.4689	1.4708	-1.4714	1.4846	-1.4848	1.487	-1.4875	1.4897	-1.4901	-1.4946	1.4947	-1.4997	1.4997	1.5037	-1.5039	1.5092	-1.5098	-1.5136	1.5137	1.5186	-1.5189	-1.52	1.52	1.5287	-1.5289	-1.5352	1.5356	1.5423	-1.5431	1.5452	-1.5465	1.5481	-1.5488	1.5535	-1.5545	-1.56	1.5601	1.563	-1.563	1.5659	-1.566	-1.5804	1.5806	1.592	-1.5929	1.5991	-1.5994	1.6066	-1.6076	1.6185	-1.6187	1.6256	-1.6261	1.6319	-1.6321	1.6351	-1.6353	-1.6419	1.6419	-1.6495	1.6496	1.6557	-1.656	1.6607	-1.6609	1.6653	-1.6655	-1.6729	1.6733	1.6803	-1.6804	-1.6839	1.6839	1.6847	-1.6855	1.6984	-1.6986	1.7012	-1.7013	1.7059	-1.706	1.7075	-1.7077	-1.7152	1.7156	-1.7255	1.7256	1.7286	-1.7295	1.7407	-1.7412	1.7433	-1.7436	-1.7515	1.7521	1.7572	-1.7572	-1.7605	1.7605	-1.7723	1.7728	1.7812	-1.7815	-1.7901	1.7902	1.7948	-1.7952	1.8042	-1.8051	1.8098	-1.8102	1.8143	-1.8147	-1.8182	1.8186	-1.823	1.8232	-1.8332	1.8336	1.8419	-1.8424	1.8464	-1.848	-1.8548	1.8556	1.8618	-1.8628	-1.8691	1.8692	1.8762	-1.8767	-1.8851	1.8856	-1.8933	1.8933	1.8981	-1.8984	1.9021	-1.9024	-1.9161	1.9162	1.9235	-1.9236	-1.9301	1.9307	1.9339	-1.9342	-1.9401	1.9407	
3.2044e-22	0.81681	0.42047	-0.42066	0.53398	-0.53411	-0.59404	0.59416	-0.62711	0.62715	-0.654	0.65408	-0.66651	0.66662	-0.67334	0.67341	0.69455	-0.69455	0.69966	-0.69973	-0.71409	0.71428	-0.7229	0.72304	-0.72981	0.72998	-0.73326	0.73354	0.73807	-0.73815	0.74089	-0.7412	0.74525	-0.74554	-0.75199	0.75229	0.75555	-0.75575	-0.75969	0.75969	0.76157	-0.76161	0.76427	-0.76439	0.76572	-0.76577	-0.76749	0.7676	0.76929	-0.76949	0.77082	-0.77103	0.77456	-0.77465	0.77498	-0.77515	-0.77654	0.77656	0.77809	-0.77822	0.77983	-0.77994	0.78088	-0.78113	0.78384	-0.78391	0.78412	-0.78433	-0.78618	0.78629	0.78927	-0.78959	0.79369	-0.79396	0.79672	-0.79692	-0.80018	0.80037	0.80251	-0.80277	-0.80582	0.806	0.81103	-0.81153	0.82144	-0.8218	0.88173	-0.88198	0.93013	-0.93013	0.96231	-0.96241	0.98725	-0.9875	-1.005	1.0052	1.0153	-1.0157	1.0291	-1.0294	1.0318	-1.032	-1.0345	1.0346	-1.0376	1.0376	1.0513	-1.0517	1.0539	-1.0542	1.0606	-1.0612	1.0664	-1.0671	1.0709	-1.071	1.0777	-1.0781	-1.0815	1.0815	1.0881	-1.0885	1.0892	-1.0895	1.0924	-1.0928	1.097	-1.0974	1.1026	-1.103	-1.1076	1.1076	1.1119	-1.1125	-1.1176	1.1176	-1.1212	1.1219	1.1285	-1.1292	-1.1311	1.1314	1.1331	-1.1337	1.1412	-1.1414	-1.1419	1.1424	-1.1463	1.1464	1.1473	-1.1474	1.1502	-1.1507	1.1608	-1.161	1.1657	-1.1658	-1.1716	1.1718	-1.1737	1.174	1.1804	-1.1806	-1.1884	1.1885	1.1925	-1.1927	1.1955	-1.1956	1.1996	-1.2003	1.204	-1.2045	-1.2087	1.2089	-1.2152	1.2153	1.2178	-1.2181	1.2198	-1.22	1.2263	-1.2266	1.2347	-1.2348	1.2369	-1.2373	-1.2489	1.2493	1.253	-1.2534	1.2538	-1.2549	1.2611	-1.2617	-1.264	1.2646	-1.2729	1.2731	1.278	-1.2785	1.2803	-1.2805	-1.2857	1.2857	1.2874	-1.2881	1.2928	-1.293	-1.2988	1.2988	1.3132	-1.3136	-1.3247	1.3248	1.3286	-1.3291	1.3428	-1.3435	1.3548	-1.3553	-1.3603	1.3609	-1.3631	1.3634	1.3709	-1.3713	1.3774	-1.3777	-1.3842	1.3844	-1.3917	1.3918	1.3983	-1.3993	-1.4113	1.4114	1.4248	-1.4251	1.4297	-1.4297	1.4319	-1.4326	-1.4434	1.4435	1.4463	-1.4465	-1.4565	1.4567	1.4616	-1.4617	-1.4687	1.4691	1.4706	-1.4716	1.4842	-1.4843	1.4873	-1.4875	1.4897	-1.49	1.4945	-1.4945	1.4997	-1.5	1.5035	-1.5042	1.5097	-1.51	1.5139	-1.5143	-1.5189	1.519	-1.52	1.5202	1.5295	-1.5296	1.5355	-1.5358	1.5428	-1.543	1.5456	-1.5466	1.5483	-1.5492	1.5543	-1.5544	1.5599	-1.56	1.5635	-1.5639	1.5656	-1.5659	1.5805	-1.5807	1.5927	-1.5931	1.5986	-1.5995	-1.6081	1.6082	1.6189	-1.6194	1.6254	-1.6257	1.6319	-1.6323	1.6347	-1.6347	-1.642	1.6422	1.6489	-1.6498	-1.6562	1.6565	1.6619	-1.662	1.6651	-1.6653	1.6735	-1.6738	1.6803	-1.6805	1.685	-1.6851	1.6855	-1.6857	1.6981	-1.6991	-1.7016	1.7025	1.7061	-1.7062	1.7082	-1.7086	1.7162	-1.7163	1.7262	-1.7267	1.73	-1.7302	1.7414	-1.7419	-1.7441	1.7441	1.753	-1.7533	-1.7575	1.7581	1.7613	-1.7616	-1.7728	1.7739	1.7808	-1.7825	-1.7902	1.791	-1.7957	1.7963	1.8051	-1.8063	1.8105	-1.8113	1.8155	-1.8161	1.8186	-1.8189	1.8249	-1.8252	1.8347	-1.8349	-1.8434	1.8437	-1.8479	1.848	1.857	-1.8572	1.8629	-1.8631	1.8693	-1.8695	1.877	-1.8775	1.8864	-1.8866	-1.8938	1.8938	1.8988	-1.8994	-1.9031	1.9035	1.916	-1.9166	-1.9246	1.9248	1.9307	-1.9308	1.9347	-1.9349	1.9412	-1.9413	
3.2044e-22	0.87965	0.41075	-0.41091	-0.52114	0.52115	0.58024	-0.58041	-0.61311	0.61326	0.63926	-0.6393	-0.65809	0.65815	-0.65908	0.65949	-0.68068	0.68075	-0.68906	0.6891	-0.69882	0.69911	-0.70782	0.70802	0.7146	-0.71462	0.71854	-0.71878	0.72269	-0.72304	0.726	-0.72603	-0.72962	0.72996	0.73692	-0.73704	-0.74025	0.74031	-0.74437	0.74472	0.74646	-0.74654	0.7492	-0.74926	0.75092	-0.75098	0.75254	-0.75275	0.75426	-0.75457	0.75593	-0.75595	0.75873	-0.75892	0.75981	-0.75985	0.76124	-0.76129	0.76324	-0.76328	0.76447	-0.76466	-0.76561	0.76581	-0.76848	0.76857	-0.76901	0.76901	0.77083	-0.77104	0.77365	-0.7739	0.77813	-0.77821	0.78093	-0.78094	-0.78435	0.78461	0.78657	-0.78678	0.78961	-0.78963	0.79526	-0.79538	0.81029	-0.81034	0.88731	-0.8874	-0.93754	0.93777	0.96998	-0.97	0.9945	-0.99512	-1.0118	1.0121	-1.0221	1.0221	1.0308	-1.031	1.0342	-1.0346	1.04	-1.0405	-1.0433	1.0434	1.054	-1.0546	-1.0594	1.0596	-1.0653	1.0654	1.07	-1.0708	-1.0757	1.0759	1.0827	-1.083	1.0858	-1.086	1.0906	-1.0909	1.0933	-1.0934	1.0961	-1.0963	1.1005	-1.1007	1.1082	-1.1086	1.112	-1.1122	1.1168	-1.1173	1.1227	-1.123	1.1261	-1.1261	1.1321	-1.1325	-1.1364	1.1367	1.1386	-1.1393	1.1462	-1.1463	-1.1473	1.1475	-1.1514	1.1515	1.152	-1.1523	-1.1552	1.1553	1.1656	-1.166	1.1708	-1.1712	-1.1756	1.1759	1.1783	-1.1784	1.1846	-1.1851	-1.1912	1.1912	1.1974	-1.1974	1.1991	-1.1992	1.2037	-1.2041	1.2077	-1.208	1.2118	-1.212	-1.218	1.2184	-1.2209	1.221	1.2238	-1.2241	1.2291	-1.2293	-1.2382	1.2382	-1.2401	1.2401	-1.2521	1.2526	1.2561	1.2567	-1.257	-1.2585	1.2635	-1.2641	-1.2674	1.2677	-1.2749	1.2755	1.2799	-1.2808	-1.2815	1.2818	1.2883	-1.289	1.2905	-1.2905	1.2951	-1.2952	-1.3017	1.3019	1.3135	-1.3141	1.3253	-1.3253	1.3288	-1.3298	1.3429	-1.3442	-1.3552	1.3553	-1.3613	1.3617	-1.3637	1.3639	1.3708	-1.3717	1.3784	-1.3791	-1.3843	1.3852	1.3925	-1.3927	1.398	-1.3995	-1.4119	1.4123	1.4249	-1.4253	-1.4294	1.4299	1.4321	-1.4326	1.4433	-1.4435	1.447	-1.4471	1.4566	-1.4569	1.4619	-1.4622	-1.4689	1.4691	1.471	-1.4715	1.4843	-1.4845	1.4875	-1.4876	1.4897	-1.4901	-1.4943	1.4948	-1.5001	1.5001	1.5036	-1.5042	1.5101	-1.5103	1.5139	-1.5148	1.5188	-1.5189	1.5202	-1.5203	-1.5297	1.5304	1.5354	-1.5357	1.5427	-1.5432	1.546	-1.5473	1.5484	-1.5492	-1.554	1.5543	1.5594	-1.56	1.563	-1.5634	1.5665	-1.5673	1.5808	-1.5812	1.593	-1.5931	1.5993	-1.5995	1.6091	-1.6092	1.6198	-1.62	1.625	-1.6258	-1.6316	1.6316	1.634	-1.6342	-1.6422	1.6426	-1.649	1.6491	1.6572	-1.6574	1.6633	-1.6634	-1.6656	1.6659	1.6737	-1.6743	1.6804	-1.6812	1.6859	-1.6861	1.6862	-1.6871	1.6983	-1.6988	-1.7026	1.7027	-1.7055	1.7058	1.709	-1.7094	-1.7165	1.7169	1.7265	-1.7266	1.7303	-1.7315	1.7419	-1.7424	1.7454	-1.7454	-1.754	1.7544	1.7581	-1.7583	-1.762	1.7628	-1.7742	1.7749	1.782	-1.7829	1.7919	-1.7919	-1.7972	1.7972	1.8068	-1.8076	1.8113	-1.8116	1.8171	-1.8173	1.819	-1.8191	1.8263	-1.8268	-1.8361	1.8366	-1.845	1.8453	-1.8481	1.8494	1.858	-1.8592	-1.8638	1.8641	1.8696	-1.8703	-1.8776	1.8776	-1.8866	1.8876	1.8943	-1.8943	1.9002	-1.9005	1.9044	-1.9045	1.9168	-1.9168	1.9254	-1.9259	1.9312	-1.9315	1.9352	-1.9359	1.9413	-1.9418	
3.2044e-22	0.94248	0.40089	-0.40111	0.50809	-0.5082	0.56643	-0.56647	0.59871	-0.59873	0.62427	-0.62434	-0.64259	0.64273	-0.64776	0.64795	-0.6657	0.66577	0.6785	-0.67851	-0.6846	0.68473	-0.69279	0.69279	-0.69927	0.69945	-0.70319	0.70332	0.70738	-0.70752	0.71046	-0.71051	0.71383	-0.71388	-0.72117	0.72119	-0.72462	0.72474	0.72901	-0.72901	0.73099	-0.73118	0.73332	-0.73339	-0.73531	0.73541	0.73722	-0.73745	0.73885	-0.7389	0.74019	-0.74033	0.74275	-0.74293	-0.74408	0.74409	-0.7454	0.74551	0.74751	-0.7477	0.74851	-0.74855	0.74959	-0.74974	-0.75193	0.75213	0.75321	-0.75339	0.75532	-0.75539	0.7576	-0.75789	0.76195	-0.76209	0.76484	-0.765	-0.76846	0.76851	0.77035	-0.77055	0.77296	-0.77309	0.77854	-0.77884	0.8008	-0.80087	0.89363	-0.89411	0.94535	-0.94537	0.97738	-0.97779	1.0013	-1.0019	-1.0186	1.0187	-1.0277	1.0277	1.0321	-1.0324	1.0358	-1.0358	1.0463	-1.0465	1.0489	-1.0491	1.0563	-1.0567	-1.0654	1.0656	-1.0689	1.069	1.0727	-1.0731	1.0811	-1.0812	1.086	-1.0864	-1.0898	1.0899	1.0939	-1.0941	-1.0964	1.0967	1.1002	-1.1005	-1.1044	1.1045	-1.1134	1.1135	1.1169	-1.1171	1.1221	-1.1227	1.1271	-1.1274	1.1309	-1.1309	1.135	-1.1351	1.1424	-1.1427	1.1445	-1.1448	-1.1498	1.1499	-1.1529	1.1531	-1.1565	1.1569	1.1575	-1.158	1.1602	-1.1607	1.1709	-1.1714	1.1755	-1.1759	-1.1794	1.1799	1.1826	-1.1828	1.1882	-1.1889	-1.1941	1.1942	1.2015	-1.2017	1.203	-1.2032	1.2076	-1.2077	1.2111	-1.2115	-1.215	1.2151	-1.2209	1.2214	1.2245	-1.2246	1.2278	-1.2283	1.2325	-1.2325	1.2405	-1.2406	-1.2439	1.2441	-1.2552	1.2557	1.2597	-1.2599	1.2606	-1.2619	1.2661	-1.2666	-1.271	1.2716	-1.2766	1.2768	1.2812	-1.282	1.2833	-1.2836	1.2908	-1.2912	-1.2943	1.2944	1.2973	-1.2976	1.305	-1.3053	1.3145	-1.3148	-1.3256	1.3257	1.33	-1.3306	1.3437	-1.3443	1.3559	-1.3561	-1.3623	1.3627	1.3645	-1.3648	1.3718	-1.3719	1.379	-1.3802	-1.3843	1.3844	-1.3931	1.3938	1.3989	-1.4001	-1.4132	1.4134	1.4251	-1.4255	1.4302	-1.4305	1.4324	-1.4331	-1.4437	1.4438	1.4471	-1.4473	-1.4571	1.4572	-1.4627	1.4628	1.4688	-1.4692	1.4711	-1.4715	1.4843	-1.4846	1.4874	-1.4877	1.4895	-1.4902	-1.4945	1.4949	1.5	-1.5001	1.5039	-1.5044	-1.5104	1.5105	1.5145	-1.515	-1.5188	1.5188	1.5203	-1.5206	-1.5305	1.5308	1.5354	-1.5356	1.543	-1.5434	1.5465	-1.5473	1.5486	-1.5496	1.5539	-1.5548	1.5592	-1.5596	1.5626	-1.5631	1.5686	-1.569	1.581	-1.5813	1.593	-1.5933	1.5992	-1.5993	-1.6102	1.6105	1.6201	-1.621	1.6248	-1.6253	1.6318	-1.6318	1.6341	-1.6344	-1.6425	1.6427	-1.6489	1.6493	-1.6577	1.6578	1.664	-1.664	-1.6659	1.666	-1.6744	1.6744	1.6808	-1.6809	1.6873	1.6876	-1.6879	-1.6879	-1.6982	1.6983	-1.7034	1.7035	1.7061	-1.7062	1.7097	-1.71	-1.7175	1.7179	-1.7267	1.7272	1.732	-1.7325	-1.7431	1.7436	1.7463	-1.7471	1.7554	-1.7555	-1.7589	1.7593	-1.7638	1.764	-1.7747	1.7753	1.7825	-1.7841	-1.7918	1.7922	1.7977	-1.7981	1.8081	-1.8089	1.8121	-1.8127	1.8179	-1.8183	-1.8197	1.8204	1.8286	-1.8287	-1.8368	1.8373	-1.8465	1.8466	1.8508	-1.8508	-1.8593	1.8596	1.8652	-1.8655	-1.8702	1.8705	1.8782	-1.8786	1.888	-1.8885	-1.8948	1.895	1.9011	-1.9013	-1.9055	1.9058	1.9172	-1.9176	-1.9261	1.9265	-1.9316	1.9317	1.9365	-1.937	-1.9427	1.9429	
3.2044e-22	1.0053	0.39101	-0.39122	0.49497	-0.49498	-0.5522	0.55225	-0.58393	0.584	-0.6087	0.60891	0.62683	-0.62689	0.63372	-0.634	-0.65024	0.65024	0.66434	-0.66437	0.6711	-0.67117	0.6777	-0.67778	-0.68385	0.68397	-0.68802	0.68844	0.69137	-0.6915	0.6944	-0.69464	0.69724	-0.69774	0.70473	-0.70482	0.70868	-0.7088	-0.71265	0.71273	0.71485	-0.71514	0.71703	-0.71722	-0.71904	0.71907	0.72116	-0.72133	0.72257	-0.72265	-0.72427	0.72438	0.72634	-0.72645	-0.7278	0.72785	-0.72882	0.72883	-0.73144	0.7315	0.73166	-0.73209	-0.73317	0.73319	0.73521	-0.73564	0.7366	-0.73673	-0.7396	0.73994	-0.74128	0.74143	0.74512	-0.74537	0.74875	-0.749	-0.75208	0.75243	-0.7534	0.75379	-0.75588	0.75622	-0.76199	0.76199	0.79411	-0.79425	0.90065	-0.90092	0.95262	-0.95282	0.98454	-0.98479	1.0075	-1.0083	1.0239	-1.0243	-1.0315	1.0316	-1.0353	1.0354	1.0377	-1.0385	1.0509	-1.0515	1.0542	-1.0543	1.0583	-1.0589	-1.0699	1.07	1.0725	-1.0726	1.0767	-1.0767	-1.0853	1.0856	1.088	-1.0883	-1.0935	1.0937	1.0967	-1.0972	-1.0997	1.0998	1.1035	-1.1041	1.109	-1.1091	1.1174	-1.1176	1.1213	-1.1214	1.1276	-1.1282	1.1306	-1.1306	-1.1351	1.1352	-1.1381	1.1385	-1.1477	1.1478	-1.1504	1.1504	1.1527	-1.1531	-1.1585	1.1586	-1.1615	1.1616	-1.163	1.1631	-1.1652	1.1654	1.1759	-1.1762	1.1804	-1.1808	-1.1832	1.1833	-1.1869	1.1872	1.1918	-1.1924	-1.1975	1.1982	1.205	-1.2057	1.2066	-1.2072	-1.2114	1.2115	1.2151	-1.2151	1.2179	-1.218	-1.2241	1.2244	-1.2285	1.2286	-1.2318	1.232	1.236	-1.2364	1.2424	-1.243	1.248	-1.2482	1.2579	-1.2581	1.2628	-1.2631	1.2636	-1.2651	1.2686	-1.2691	-1.2742	1.2747	-1.2783	1.2787	1.2828	-1.2835	1.2853	-1.2855	1.293	-1.2935	1.2981	-1.2982	-1.3004	1.3007	1.3082	-1.3089	1.3153	-1.3158	1.3266	-1.3267	1.3307	-1.3307	1.3447	-1.345	1.3559	-1.3561	-1.3625	1.3633	1.3653	-1.3655	-1.3722	1.3722	1.3811	-1.3818	-1.3843	1.385	-1.3947	1.3947	1.3999	-1.4008	-1.4143	1.4143	1.4256	-1.4257	1.4301	-1.4312	1.4328	-1.4331	1.4438	-1.4441	1.4474	-1.4475	-1.4574	1.4576	1.4629	-1.4636	1.469	-1.4696	1.4717	-1.4721	1.4837	-1.4843	1.4875	-1.4876	1.4895	-1.4904	-1.4943	1.4947	1.5002	-1.5004	-1.5045	1.5046	-1.5109	1.5109	1.5149	-1.5154	1.5185	-1.519	1.5202	-1.5207	-1.5313	1.5316	-1.5355	1.5357	1.5426	-1.5435	1.546	-1.5472	1.549	-1.5498	-1.5549	1.5551	1.5586	-1.5595	1.5624	-1.5627	1.5691	-1.5703	-1.5824	1.5831	1.5924	-1.593	-1.5994	1.5998	1.6111	-1.6115	1.6207	-1.6211	1.625	-1.6259	-1.6312	1.6315	-1.634	1.6343	1.6426	-1.6427	1.6491	-1.6492	1.6576	-1.6583	1.6642	-1.6647	-1.6672	1.6673	-1.675	1.6751	-1.6803	1.6807	1.6878	-1.6885	1.6894	-1.6897	1.698	-1.6981	-1.7046	1.7046	1.7061	-1.7063	1.7103	-1.7103	-1.7184	1.719	1.7267	-1.7272	1.7322	-1.7338	-1.7439	1.745	-1.7476	1.7478	-1.7567	1.7579	1.7601	-1.7608	-1.7645	1.7647	-1.776	1.7764	1.7835	-1.7851	-1.7922	1.7931	1.7987	-1.7992	1.8095	-1.8098	1.8128	-1.8134	-1.819	1.8195	-1.8203	1.8204	1.8306	-1.8308	-1.8374	1.838	1.8475	-1.8477	-1.8512	1.8525	-1.8607	1.8607	-1.866	1.8663	1.8715	-1.8716	1.8795	-1.88	1.8884	-1.889	1.8951	-1.8953	-1.9021	1.9022	1.9067	-1.9073	-1.9173	1.9178	1.927	-1.9274	-1.9321	1.9325	1.9383	-1.9383	1.9436	-1.9439	
3.2044e-22	1.0681	0.38109	-0.38129	0.48178	-0.48178	-0.53768	0.5379	0.56898	-0.56898	-0.59335	0.59342	0.61089	-0.611	0.61911	-0.61923	-0.6342	0.6343	-0.64842	0.64857	0.65614	-0.65621	-0.66194	0.66196	-0.6679	0.66798	-0.67311	0.67336	0.67545	-0.67546	0.67852	-0.67857	-0.68099	0.681	-0.68799	0.68834	0.69294	-0.6931	0.69647	-0.69686	0.69839	-0.69848	-0.70019	0.70024	-0.70217	0.70229	0.70491	-0.7051	-0.70601	0.70605	0.70785	-0.70793	0.70949	-0.70967	0.71127	-0.71135	-0.71234	0.71248	-0.71455	0.71458	0.71492	-0.71516	0.71629	-0.71665	0.71856	-0.71859	0.71991	-0.72004	0.72301	-0.72303	0.72445	-0.72452	0.72801	-0.7282	0.73149	-0.73162	0.7355	-0.73559	0.73688	-0.737	-0.73865	0.73865	0.74482	-0.74504	0.79077	-0.79106	0.90806	-0.90836	0.96015	-0.96021	0.99103	-0.99192	1.0142	-1.0149	1.0284	-1.0285	1.0326	-1.0329	-1.0384	1.0385	1.042	-1.0423	1.0552	-1.0557	1.059	-1.0591	1.0618	-1.0622	1.0726	-1.0729	-1.0764	1.0766	1.0807	-1.081	-1.0882	1.0885	1.0895	-1.0898	-1.0969	1.0972	1.0995	-1.0998	-1.1028	1.1035	1.1078	-1.108	1.1143	-1.1145	1.1213	-1.1215	1.1257	-1.1258	1.1319	-1.133	1.1339	-1.1341	-1.1393	1.1394	1.1425	-1.1428	-1.1529	1.153	1.155	-1.1555	1.1562	-1.1564	1.164	-1.164	-1.1658	1.1662	1.1683	-1.1687	1.1707	-1.171	1.1808	-1.1809	1.1839	-1.1848	-1.1875	1.1876	-1.191	1.1911	1.1947	-1.1949	-1.2014	1.2015	1.2081	-1.2089	1.2101	-1.2106	1.2151	-1.2152	1.2189	-1.2192	1.2214	-1.2215	-1.2274	1.2277	1.2316	-1.2319	1.2358	-1.2362	1.2397	-1.24	1.2445	-1.2446	-1.2522	1.2523	-1.2604	1.2605	1.2659	-1.2661	1.2674	-1.2687	1.2717	-1.2725	-1.2768	1.2774	-1.2808	1.2815	1.2841	-1.2851	-1.2878	1.288	1.2952	-1.2958	-1.302	1.3021	1.3035	-1.3037	1.311	-1.3117	1.3165	-1.3169	1.3271	-1.3276	1.3321	-1.3325	1.3451	-1.3457	1.3566	-1.357	-1.3638	1.3641	-1.367	1.3672	1.3728	-1.3734	1.3826	-1.3834	-1.3845	1.3846	-1.3953	1.3953	1.4014	-1.4022	-1.415	1.4156	-1.426	1.426	1.4306	-1.4307	1.433	-1.4335	1.4442	-1.4445	1.4479	-1.4482	1.4576	-1.4578	1.4636	-1.464	1.4694	-1.4695	-1.472	1.4721	1.4845	-1.4847	-1.4875	1.4876	1.49	-1.4901	-1.4943	1.4944	1.5002	-1.5006	1.505	-1.505	1.5109	-1.5113	1.5154	-1.5156	-1.5192	1.5192	-1.521	1.5212	-1.532	1.5321	1.5356	-1.5362	1.5431	-1.5439	1.547	-1.5477	1.5497	-1.5501	1.555	-1.5554	1.5588	-1.5593	1.562	-1.5626	-1.5725	1.5726	-1.5826	1.5828	1.593	-1.5938	1.5989	-1.6	1.6122	-1.6128	1.6207	-1.6212	1.6258	-1.6262	-1.6311	1.6312	1.6337	-1.6341	1.6429	-1.6433	1.6497	-1.6499	1.658	-1.6582	1.6647	-1.6653	1.6678	-1.6681	1.6749	-1.675	1.6808	-1.681	1.6892	-1.6898	1.691	-1.6911	1.6976	-1.6978	-1.7051	1.7053	1.707	-1.7074	1.7109	-1.7109	-1.7196	1.7196	1.7271	-1.7273	1.7344	-1.7349	1.7453	-1.7455	1.7489	-1.7492	-1.7576	1.758	1.7611	-1.7613	1.7663	-1.7672	-1.7762	1.7771	1.7846	-1.7854	-1.7928	1.793	1.8002	-1.8005	1.8105	-1.8114	1.8136	-1.8139	1.8201	-1.8205	1.8212	-1.8217	-1.8323	1.8327	-1.8383	1.8387	-1.8498	1.8499	-1.8544	1.8545	1.8622	-1.8626	-1.8659	1.8668	1.8721	-1.8726	1.8798	-1.8804	1.8897	-1.89	-1.8955	1.8956	-1.9029	1.9029	1.909	-1.9091	1.9181	-1.9182	-1.9278	1.9282	-1.9324	1.9331	1.939	-1.9393	-1.9445	1.9446	
3.2044e-22	1.131	0.37101	-0.37126	0.46836	-0.46851	0.5235	-0.52365	-0.55377	0.55394	0.5776	-0.5776	0.59468	-0.59478	0.60332	-0.60333	0.61789	-0.61812	-0.63191	0.63214	0.64004	-0.64017	0.64532	-0.6454	-0.65121	0.65123	-0.65703	0.65709	-0.65893	0.65898	-0.66212	0.66214	-0.66425	0.6644	-0.67091	0.67095	-0.67673	0.67677	0.67974	-0.68007	0.68139	-0.68144	0.68298	-0.68325	0.68517	-0.68537	0.68817	-0.68825	-0.68882	0.68883	0.69107	-0.69117	0.69207	-0.69259	0.69391	-0.69405	0.69499	-0.69513	-0.6972	0.69725	0.6977	-0.69772	0.69915	-0.69934	-0.70113	0.70124	0.7028	-0.70302	-0.70608	0.70612	0.70718	-0.70728	0.71041	-0.71051	0.71433	-0.71448	0.71822	-0.7184	0.71955	-0.7198	0.7209	-0.721	0.72752	-0.72764	0.7907	-0.79094	-0.91582	0.91584	0.96722	-0.96753	0.99805	-0.99852	1.0203	-1.0206	-1.031	1.031	1.0342	-1.0344	-1.0423	1.0423	1.0466	-1.0474	1.0571	-1.0581	1.0627	-1.0633	1.0667	-1.0669	1.0752	-1.0757	-1.0802	1.0808	-1.0848	1.0849	-1.0894	1.0896	1.0918	-1.0919	1.1005	-1.1006	1.1021	-1.1023	-1.1063	1.1067	1.112	-1.1124	-1.1192	1.1194	1.1253	-1.1254	1.1294	-1.1296	1.1349	-1.1358	1.139	-1.1393	1.1431	-1.1431	-1.1471	1.1474	1.1563	-1.1563	-1.1603	1.1603	1.1612	-1.1615	-1.1685	1.1688	-1.1703	1.1705	1.1734	-1.1739	1.1756	-1.1759	1.185	-1.1852	1.1868	-1.1883	-1.1917	1.192	-1.1953	1.1954	1.1972	-1.1978	-1.2058	1.2058	1.2118	-1.2119	1.2134	-1.2141	1.2181	-1.2185	1.2231	-1.2233	1.225	-1.225	1.2313	-1.2314	-1.2353	1.2353	-1.2397	1.2399	1.2433	-1.2438	1.2469	-1.2475	-1.2561	1.2563	1.2625	-1.2628	1.2681	-1.2689	1.2709	-1.2719	1.2751	-1.2753	-1.2787	1.2791	1.2836	-1.2837	1.2865	-1.2873	1.2902	-1.2904	1.2977	-1.2982	1.3053	-1.3056	-1.307	1.3074	1.3136	-1.3138	1.3185	-1.3187	1.3282	-1.3284	1.3332	-1.3334	1.3458	-1.3468	1.3569	-1.357	-1.3644	1.3647	1.3682	-1.3682	1.3738	-1.3742	1.3838	-1.3842	-1.3853	1.3855	1.396	-1.3961	1.4027	-1.4032	-1.4158	1.4163	1.4262	-1.4263	-1.4307	1.4311	1.4336	-1.4339	-1.4445	1.4446	-1.4481	1.4484	-1.4573	1.4583	-1.4646	1.4647	1.4694	-1.4698	1.4725	-1.4726	1.4843	-1.4844	1.4871	-1.4876	1.4901	-1.4905	1.4944	-1.4945	1.5004	-1.5007	1.5046	-1.5054	1.5112	-1.5114	1.5155	-1.5161	1.5192	-1.5193	-1.5211	1.5211	-1.5324	1.5325	1.5359	-1.5363	-1.5435	1.5436	1.5469	-1.5479	1.5495	-1.5501	1.555	-1.5554	1.5593	-1.5594	1.5621	-1.5626	1.5743	-1.5748	-1.5825	1.5829	1.5933	-1.5941	1.5994	-1.5994	1.6132	-1.6141	1.6203	-1.6207	1.6267	-1.6269	-1.6309	1.6312	1.6339	-1.634	1.6434	-1.6437	-1.6492	1.6497	1.6584	-1.6585	1.665	-1.6653	1.6684	-1.6688	-1.6751	1.6752	1.6802	-1.6804	1.6901	-1.6903	1.6925	-1.693	-1.6976	1.6977	-1.7059	1.706	1.7079	-1.7081	-1.7115	1.7116	-1.7206	1.7209	1.7275	-1.7277	1.7354	-1.7362	1.7463	-1.7464	1.7502	-1.7504	1.7586	-1.7591	1.7627	-1.7629	1.7679	-1.7684	-1.7775	1.7779	1.7859	-1.7864	1.7936	-1.7938	-1.8013	1.8014	1.812	-1.8126	1.8149	-1.8154	-1.8204	1.8209	1.8227	-1.823	1.8341	-1.8345	-1.8393	1.8402	-1.851	1.8512	-1.8561	1.8561	-1.8641	1.8643	1.8677	-1.8679	1.8738	-1.8742	1.8806	-1.8807	1.8906	-1.8911	1.8959	-1.8962	-1.9035	1.9037	1.9108	-1.9109	1.9185	-1.9189	-1.9287	1.9287	-1.9335	1.9337	1.9402	-1.9406	1.9451	-1.9453	
3.2044e-22	1.1938	0.36104	-0.36126	0.45508	-0.45513	-0.50888	0.50915	-0.53856	0.53864	0.56176	-0.56182	-0.57843	0.57846	0.58718	-0.58727	-0.60143	0.60157	-0.61521	0.6153	0.62352	-0.6236	0.62814	-0.62825	-0.63409	0.63423	0.64018	-0.64022	0.64209	-0.6421	0.6452	-0.64538	-0.64746	0.6476	-0.65319	0.65329	0.65982	-0.65985	0.66264	-0.66273	0.66388	-0.66397	0.6655	-0.66562	0.66783	-0.66795	-0.67088	0.67092	-0.67121	0.67143	-0.67374	0.67378	0.67484	-0.67515	0.67629	-0.67659	0.67752	-0.67758	0.67937	-0.67957	0.68001	-0.68003	0.68153	-0.68194	0.6835	-0.68365	0.68539	-0.68556	0.68856	-0.6886	0.68962	-0.68984	-0.69249	0.69278	0.69672	-0.6968	0.70069	-0.70075	0.70208	-0.70231	0.7032	-0.70326	-0.70989	0.70994	0.7928	-0.79306	0.92347	-0.92351	0.97396	-0.97446	1.0042	-1.0046	1.0249	-1.0254	1.0321	-1.0323	1.0355	-1.0355	-1.0467	1.0469	1.0519	-1.0523	1.0589	-1.0592	1.0666	-1.0675	-1.0712	1.0712	1.0779	-1.078	-1.084	1.084	-1.088	1.088	1.0906	-1.0907	-1.0946	1.0947	1.1017	-1.1023	1.1064	-1.1065	-1.1093	1.1096	1.1166	-1.1166	-1.1239	1.1241	1.1287	-1.1293	1.1327	-1.1331	1.1379	-1.1382	1.1437	-1.1441	-1.1468	1.1469	-1.1514	1.1515	-1.1593	1.1593	1.165	-1.1651	1.1659	-1.166	1.1722	-1.1723	-1.1745	1.175	1.178	-1.1784	1.181	-1.181	1.1889	-1.1892	1.1902	-1.1908	-1.1958	1.1962	-1.1991	1.1995	1.1998	-1.2005	-1.2099	1.2099	1.2143	-1.2144	1.2165	-1.217	-1.2217	1.222	1.2269	-1.2272	1.2286	-1.2289	-1.2349	1.235	1.2382	-1.2384	-1.2434	1.2434	1.2469	-1.2473	1.2495	-1.2501	1.2599	-1.2601	1.2643	-1.2646	1.2704	-1.2709	1.2746	-1.2754	1.278	-1.2788	-1.2801	1.2808	1.2863	-1.2868	1.2898	-1.2905	-1.2924	1.2926	1.3001	-1.3008	1.3079	-1.3086	-1.3111	1.3113	-1.315	1.3154	1.3209	-1.3211	1.3289	-1.3295	1.3346	-1.3351	1.3466	-1.3472	1.3572	-1.3572	-1.3656	1.3657	-1.3687	1.3692	1.3747	-1.3756	-1.3839	1.3845	1.3868	-1.3869	1.3963	-1.3965	1.4042	-1.4049	-1.417	1.4172	1.4262	-1.4264	-1.4311	1.4312	1.4334	-1.434	1.4444	-1.4449	-1.4485	1.4486	1.4585	-1.4587	-1.465	1.4652	-1.4697	1.4697	1.4725	-1.4729	1.4844	-1.4845	-1.4877	1.4878	1.4903	-1.4905	-1.4945	1.4947	1.5005	-1.501	1.5049	-1.5056	1.5116	-1.512	1.5156	-1.5163	1.5192	-1.5194	1.5212	-1.5214	-1.5328	1.5329	1.5359	-1.5367	1.5432	-1.5437	1.5474	-1.5483	-1.5503	1.5503	1.5548	-1.5552	1.5592	-1.5594	-1.5629	1.563	1.5758	-1.5762	1.5832	-1.5837	1.5933	-1.5945	1.5991	-1.5996	1.6143	-1.6148	1.6206	-1.621	1.627	-1.6279	-1.6311	1.6311	1.6333	-1.6339	-1.6434	1.6437	1.6492	-1.6503	1.6584	-1.6585	1.6652	-1.6654	1.6693	-1.6696	-1.675	1.6756	1.6791	-1.6811	1.6907	-1.6911	-1.6946	1.6947	1.6971	-1.6974	-1.7062	1.7068	1.7089	-1.709	-1.712	1.7121	1.7219	-1.722	1.7279	-1.7279	1.7363	-1.7369	1.7471	-1.7476	-1.7511	1.7512	1.7604	-1.7605	1.764	-1.7643	1.7694	-1.7694	-1.778	1.7793	1.7868	-1.788	1.7939	-1.794	-1.8023	1.8025	1.8132	-1.8139	1.8157	-1.8164	1.8205	-1.8211	-1.8241	1.8248	1.836	-1.8364	-1.8406	1.8411	1.8524	-1.8525	-1.8574	1.8581	1.865	-1.8652	-1.8682	1.8684	1.8753	-1.8757	1.8821	-1.8825	1.8914	-1.8922	-1.8957	1.8962	1.9039	-1.9044	1.9118	-1.9125	-1.9187	1.9191	-1.9292	1.9298	-1.934	1.9344	1.9413	-1.9416	1.9459	-1.9461	
3.2044e-22	1.2566	0.35096	-0.35116	-0.44167	0.44169	-0.49436	0.49442	0.52321	-0.52321	0.54559	-0.5457	-0.56186	0.56189	-0.57083	0.57095	-0.58464	0.58479	-0.59814	0.59826	0.60657	-0.60675	-0.61092	0.61096	-0.61664	0.61684	0.62274	-0.62281	-0.62468	0.62477	0.62772	-0.62786	0.63041	-0.63055	-0.63534	0.6355	0.64244	-0.64244	0.64503	-0.64513	0.64605	-0.64625	0.6477	-0.64785	-0.64999	0.65015	-0.65292	0.653	0.65348	-0.65359	0.65577	-0.65577	0.657	-0.65738	-0.65852	0.65853	-0.65942	0.65953	0.66136	-0.66145	-0.66191	0.66201	0.66359	-0.66393	0.66534	-0.66552	0.66743	-0.66769	-0.67065	0.67073	0.67159	-0.6718	0.67431	-0.67443	-0.67882	0.67891	0.68256	-0.68281	0.68418	-0.68436	0.68537	-0.68556	0.69209	-0.69213	0.7969	-0.79701	0.93069	-0.93085	0.98029	-0.98095	1.0102	-1.0107	1.0286	-1.0291	1.0327	-1.0333	1.0375	-1.0378	-1.0512	1.0514	1.0556	-1.0561	1.061	-1.0614	1.0691	-1.0704	-1.0757	1.0759	-1.0809	1.0812	1.0868	-1.0869	-1.0898	1.0901	1.0917	-1.0921	-1.0978	1.0982	1.1024	-1.1031	-1.1104	1.1105	-1.1126	1.1127	1.1205	-1.1205	-1.1283	1.1283	1.1319	-1.1325	1.1358	-1.1359	1.1407	-1.1413	-1.1475	1.1478	-1.1509	1.1511	-1.1546	1.1551	-1.1623	1.1631	1.1695	-1.1698	1.1702	-1.1707	1.1753	-1.1755	1.1792	-1.1796	1.1827	-1.1834	-1.1853	1.1855	-1.1926	1.1926	1.1934	-1.1941	-1.1998	1.2	1.2026	-1.2028	1.2034	-1.2035	-1.2133	1.2137	1.2171	-1.2172	1.2196	-1.22	-1.2253	1.2254	-1.2305	1.2308	1.2327	-1.2331	-1.2387	1.2389	1.2416	-1.2418	-1.2462	1.2463	1.2505	-1.2507	1.2531	-1.2532	1.263	-1.2631	1.2661	-1.2667	1.2722	-1.2728	1.2783	-1.2784	1.2809	-1.2815	-1.2823	1.2825	1.2887	-1.2888	1.2922	-1.2927	-1.2949	1.2951	1.3025	-1.3033	1.3109	-1.3113	-1.3141	1.3147	1.3178	-1.3181	1.3235	-1.3238	-1.3298	1.33	1.3362	-1.3364	1.3473	-1.3484	-1.3579	1.3583	-1.3664	1.3665	-1.369	1.3694	1.3764	-1.3772	-1.3841	1.3848	1.3886	-1.3886	1.3961	-1.3972	1.4054	-1.4066	-1.418	1.4183	1.4267	-1.4272	1.4312	-1.4315	1.4337	-1.4342	1.4447	-1.4448	-1.4489	1.4491	1.4589	-1.4591	1.4659	-1.4659	1.4693	-1.4702	1.4737	-1.4738	1.4841	-1.4846	-1.4877	1.4879	1.4902	-1.4908	-1.4944	1.4944	1.5008	-1.5011	1.5053	-1.5058	1.5115	-1.5118	1.5159	-1.5162	-1.5191	1.5191	1.5216	-1.5217	-1.5332	1.5334	1.5368	-1.5374	1.5432	-1.5442	1.5476	-1.5485	1.5501	-1.5505	1.5548	-1.5551	1.5594	-1.5596	1.5629	-1.5633	-1.5771	1.5774	1.5835	-1.5844	1.5936	-1.5946	1.5991	-1.5994	1.6153	-1.6156	1.6203	-1.6207	-1.6283	1.6285	-1.6303	1.6312	-1.6338	1.6339	-1.6437	1.6437	1.6501	-1.6506	1.6587	-1.6588	-1.6655	1.6658	1.6701	-1.6705	1.6756	-1.6758	1.6798	-1.6805	1.6911	-1.6913	-1.6958	1.696	1.6973	-1.6976	-1.7071	1.7074	1.7106	-1.7106	-1.7125	1.7129	1.723	-1.7232	1.7279	-1.7286	1.7378	-1.7382	1.7476	-1.7484	-1.7526	1.7528	1.7614	-1.7615	-1.7652	1.7655	1.771	-1.7716	-1.7793	1.7799	1.7877	-1.7885	1.7947	-1.7947	1.8029	-1.8033	1.8141	-1.8147	1.8168	-1.8175	-1.8214	1.8219	1.826	-1.8261	1.837	-1.8378	-1.8416	1.8417	1.8536	-1.8538	-1.8598	1.86	1.8669	-1.867	1.869	-1.8692	1.8767	-1.8771	-1.8835	1.8835	1.8922	-1.893	-1.896	1.8966	1.9047	-1.9048	1.9137	-1.914	-1.9197	1.9202	1.9296	-1.9296	-1.9347	1.9351	1.9421	-1.9424	1.9469	-1.9471	
3.2044e-22	1.3195	0.34092	-0.34119	0.42818	-0.42845	-0.47974	0.47976	-0.50762	0.50777	-0.52942	0.52954	-0.54505	0.54516	-0.55416	0.55428	-0.56774	0.56785	-0.58072	0.58086	0.58932	-0.5894	-0.59316	0.59331	-0.59886	0.59911	-0.60506	0.6051	0.60704	-0.60718	-0.60994	0.61013	-0.61272	0.6128	-0.61695	0.61747	0.62433	-0.62449	0.62677	-0.62716	0.62803	-0.62829	-0.62936	0.62944	0.63189	-0.63201	-0.63453	0.63461	0.63532	-0.63555	-0.63751	0.63755	0.63897	-0.6392	0.64029	-0.64035	0.64111	-0.64118	-0.64281	0.64295	0.6437	-0.64382	0.64513	-0.64582	0.64732	-0.64743	0.64928	-0.64959	-0.65251	0.6526	0.65347	-0.65362	0.6559	-0.65604	-0.66045	0.66051	0.66421	-0.66426	-0.66599	0.66614	-0.66721	0.66723	-0.67402	0.67405	0.80228	-0.80233	0.9381	-0.93855	-0.98702	0.98706	1.0158	-1.016	1.0307	-1.0308	1.0337	-1.0344	1.0411	-1.0413	-1.0548	1.0548	1.0582	-1.0587	1.0641	-1.0644	1.0714	-1.0727	1.0796	-1.0797	-1.0837	1.0838	1.0893	-1.0893	-1.0912	1.0915	1.0935	-1.0936	-1.101	1.1016	1.104	-1.1046	-1.114	1.1142	-1.1156	1.1159	1.1245	-1.1246	-1.1323	1.1325	1.1342	-1.1353	1.1387	-1.1389	1.1438	-1.1443	-1.151	1.1511	1.1554	-1.1555	1.1586	-1.1586	-1.1657	1.1662	1.1732	-1.1736	1.1744	-1.175	1.1783	-1.1785	-1.1835	1.1835	1.1869	-1.1873	-1.1894	1.1894	1.1958	-1.1963	1.1973	-1.1976	-1.2034	1.2039	-1.2058	1.2058	1.2072	-1.2074	-1.2169	1.2169	1.2193	-1.2202	1.2229	-1.2231	1.2284	-1.2286	-1.2346	1.2347	1.2364	-1.2369	-1.2423	1.2424	1.2449	-1.2451	1.2488	-1.249	1.2536	-1.2539	1.2568	-1.2572	1.2655	-1.2658	1.2686	-1.2695	1.2738	-1.275	1.2811	-1.2812	1.2834	-1.2836	-1.2851	1.2853	1.2911	-1.2916	1.2959	-1.2964	-1.2975	1.2977	1.3052	-1.3059	1.3135	-1.3141	-1.3161	1.3167	-1.3209	1.3211	1.3257	-1.326	1.331	-1.3315	1.3377	-1.3382	1.3488	-1.349	1.3586	-1.3586	-1.367	1.3675	-1.3695	1.3697	-1.3785	1.3789	-1.3838	1.3853	1.3904	-1.3908	1.3965	-1.3971	1.4074	-1.4085	-1.4186	1.4189	1.4275	-1.4277	1.4314	-1.4317	1.4338	-1.4343	1.4449	-1.4452	-1.4489	1.4494	-1.4589	1.4594	-1.4669	1.467	1.4694	-1.4699	1.474	-1.4741	1.4837	-1.4844	1.4876	-1.4876	1.4909	-1.4909	-1.4945	1.4946	1.501	-1.5011	1.506	-1.5065	1.512	-1.5123	1.5162	-1.5164	1.5194	-1.5195	1.5214	-1.5219	-1.5329	1.533	1.5373	-1.5383	1.5436	-1.544	1.5481	-1.5488	1.5503	-1.5506	1.5545	-1.5551	1.5593	-1.5596	1.564	-1.5644	1.5783	-1.5788	-1.5848	1.5851	1.5941	-1.5949	1.5996	-1.5997	1.6153	-1.616	1.62	-1.621	1.6292	-1.6293	1.6305	-1.6307	1.634	-1.6342	-1.6439	1.6442	1.6502	-1.6511	-1.6586	1.6586	-1.666	1.6662	-1.6705	1.6706	1.676	-1.6761	1.6797	-1.68	-1.6916	1.692	1.6963	-1.6964	-1.6989	1.699	-1.7076	1.708	1.7118	-1.712	-1.7134	1.7134	-1.7239	1.7239	-1.7286	1.7287	1.7386	-1.739	1.7492	-1.7493	1.7538	-1.7547	1.7624	-1.7624	1.7671	-1.7672	1.7722	-1.7727	-1.7804	1.7813	1.789	-1.7895	-1.7949	1.7953	1.8036	-1.8044	1.8153	-1.8158	1.8179	-1.819	-1.822	1.8231	1.8275	-1.8279	1.8391	-1.8392	-1.8428	1.8432	-1.8551	1.8552	1.8621	-1.8622	-1.8683	1.8684	1.8697	-1.8698	1.8775	-1.8782	1.8848	-1.8852	-1.8933	1.8934	1.8968	-1.8971	-1.9054	1.9054	-1.9152	1.9155	1.9201	-1.9205	-1.9296	1.9304	1.9356	-1.9361	1.9429	-1.9435	1.9473	-1.9477	
3.2044e-22	1.3823	0.33078	-0.33098	0.41455	-0.41472	-0.46499	0.46506	-0.49196	0.49216	-0.51314	0.51329	0.52829	-0.52833	-0.53721	0.53726	-0.55047	0.5505	-0.56317	0.56338	0.57194	-0.57196	0.57509	-0.57518	-0.58101	0.58105	0.58682	-0.58683	-0.58897	0.58906	0.59176	-0.59202	-0.59486	0.59499	-0.59865	0.59877	0.60584	-0.60608	0.60841	-0.60865	0.60966	-0.60972	-0.61097	0.61098	0.61338	-0.61361	-0.61573	0.61585	0.61685	-0.61711	0.61874	-0.61884	0.62049	-0.62064	0.62153	-0.62162	-0.6223	0.62234	-0.62404	0.62406	-0.62508	0.62512	0.62679	-0.62712	0.62861	-0.62884	0.63096	-0.63101	-0.63389	0.63393	0.63497	-0.63501	0.63734	-0.63742	-0.64194	0.64206	0.64586	-0.64603	-0.64773	0.64777	-0.64889	0.64898	0.65553	-0.65592	-0.80809	0.80817	0.94531	-0.94585	0.99269	-0.99278	1.0207	-1.0211	1.0314	-1.0317	1.034	-1.0345	1.0451	-1.0453	1.0566	-1.0572	1.0617	-1.0622	1.0679	-1.0679	1.0735	-1.0748	1.0832	-1.0833	-1.0862	1.0864	1.0907	-1.0908	-1.0938	1.0942	1.0952	-1.0954	1.1034	-1.1038	1.1065	-1.1066	1.1172	-1.1172	1.1192	-1.1192	-1.1278	1.1279	1.1354	-1.1359	1.137	-1.1379	1.1418	-1.1424	1.1474	-1.1478	-1.1533	1.1541	1.1596	-1.16	-1.1619	1.1622	1.1697	-1.1699	1.1756	-1.1762	1.1786	-1.179	-1.1816	1.1816	-1.187	1.1872	1.1906	-1.1911	-1.1933	1.1934	1.1988	-1.1993	1.2005	-1.2013	-1.2071	1.2072	1.2089	-1.2092	-1.2107	1.2107	-1.2202	1.2204	1.2217	-1.2226	1.2263	-1.2265	-1.2318	1.2319	-1.2381	1.2381	1.2406	-1.2407	1.2453	-1.2462	1.2484	-1.2488	1.2507	-1.2513	1.2562	-1.2564	1.2606	-1.2608	1.2673	-1.2674	1.2722	-1.2724	1.2754	-1.276	1.2829	-1.2831	1.2859	-1.2865	1.2879	-1.2881	1.2934	-1.2936	1.2994	-1.2996	1.3	-1.3011	1.308	-1.3082	1.3158	-1.316	-1.3183	1.3183	1.3241	-1.3246	1.3282	-1.3283	1.3323	-1.3331	1.34	-1.3402	1.35	-1.3506	1.359	-1.3592	1.3683	-1.3686	-1.3699	1.3704	1.3796	-1.3799	-1.3846	1.3849	1.3926	-1.3926	-1.3967	1.3967	1.4093	-1.41	-1.4197	1.4197	1.4279	-1.428	1.4314	-1.4317	1.4339	-1.4349	-1.445	1.4451	1.4493	-1.4495	-1.4591	1.4595	-1.467	1.4672	1.4699	-1.4702	1.474	-1.4748	1.4841	-1.4843	1.4876	-1.4877	1.4906	-1.4911	-1.4939	1.4946	1.501	-1.5012	1.5062	-1.5066	1.5121	-1.5122	1.5159	-1.5164	1.5193	-1.5195	1.5219	-1.5222	1.5332	-1.5333	1.5376	-1.5383	1.5436	-1.5443	1.5489	-1.549	1.5501	-1.5507	1.5545	-1.555	1.5593	-1.5598	1.5654	-1.5657	1.5795	-1.5801	1.5853	-1.5857	1.5949	-1.5954	1.5993	-1.5998	1.616	-1.6166	1.6204	-1.6209	-1.6296	1.6297	-1.6305	1.6308	-1.6344	1.6346	-1.644	1.6443	1.6505	-1.6511	1.6586	-1.6587	1.6659	-1.666	-1.6708	1.6711	-1.6763	1.6763	1.6802	-1.6809	1.6916	-1.6921	1.696	-1.6963	1.6997	-1.7002	-1.7086	1.709	-1.7129	1.7133	1.714	-1.7142	1.7248	-1.7251	1.7295	-1.7299	1.7399	-1.7402	1.75	-1.75	-1.7549	1.7555	-1.7638	1.764	1.7687	-1.7689	1.7736	-1.774	-1.7817	1.7819	1.79	-1.7906	-1.796	1.7961	1.8051	-1.8052	1.8162	-1.8166	1.8195	-1.8204	-1.8226	1.8231	-1.8292	1.8299	1.8402	-1.8406	-1.8438	1.8444	-1.8563	1.8564	-1.8641	1.8646	-1.8688	1.8692	1.8708	-1.8709	1.8792	-1.8801	1.8862	-1.8866	1.894	-1.8944	-1.8975	1.8977	1.9062	-1.9068	1.9166	-1.9166	1.921	-1.9218	-1.9303	1.931	1.9367	-1.9367	1.9443	-1.9445	1.9469	-1.9483	
3.2044e-22	1.4451	0.3207	-0.32095	0.40114	-0.40121	-0.45004	0.4501	-0.4763	0.47644	0.49667	-0.4967	-0.51142	0.51144	-0.5201	0.52011	-0.53313	0.53315	-0.54554	0.54569	0.55423	-0.55426	0.55692	-0.55704	-0.5627	0.56279	-0.56844	0.56846	0.57071	-0.57073	0.57345	-0.5736	0.57653	-0.57664	-0.57997	0.58004	-0.58715	0.58718	0.58955	-0.58987	0.59074	-0.59099	0.59219	-0.59221	-0.59468	0.5949	-0.59666	0.59686	-0.59811	0.59813	0.59983	-0.5999	0.60163	-0.60186	0.60265	-0.60277	-0.60353	0.60353	0.60478	-0.6048	0.60609	-0.60618	0.60798	-0.60825	0.60966	-0.60982	0.61215	-0.61221	-0.6152	0.61529	-0.61629	0.61632	0.61853	-0.61853	0.62305	-0.62309	0.62684	-0.62706	-0.62882	0.62901	0.63034	-0.6307	0.63722	-0.63728	0.81462	-0.81473	-0.9525	0.95273	0.99856	-0.99861	-1.0251	1.0253	1.0321	-1.0322	1.0357	-1.0364	1.0486	-1.0493	1.0577	-1.0584	1.0655	-1.0656	1.0711	-1.0716	1.0755	-1.0769	1.0859	-1.0862	-1.0877	1.0882	-1.092	1.0921	-1.0965	1.0968	1.0974	-1.0976	1.1044	-1.1049	-1.1097	1.1101	1.1198	-1.1199	-1.1228	1.1229	-1.1309	1.131	1.1375	-1.1379	-1.1406	1.1406	-1.1452	1.1452	1.1507	-1.1508	-1.1558	1.1564	1.1639	-1.1639	-1.1653	1.1653	1.1732	-1.1732	1.1777	-1.178	1.182	-1.1825	1.1849	-1.1854	1.1907	-1.1907	-1.1943	1.1944	1.1971	-1.1976	1.2015	-1.2022	1.2048	-1.2052	1.2105	-1.2108	1.2121	-1.2126	-1.2141	1.2144	-1.2228	1.2229	1.224	-1.2244	1.2301	-1.2302	1.2348	-1.235	-1.2417	1.2419	1.2442	-1.2444	1.2486	-1.2492	1.2519	-1.2521	1.2537	-1.254	1.2585	-1.2588	1.2643	-1.2647	1.2692	-1.2693	1.2749	-1.276	1.2775	-1.2778	-1.2848	1.2848	1.2886	-1.2889	1.2909	-1.291	1.2954	-1.2956	1.3023	-1.3025	1.3029	-1.3033	1.3104	-1.3109	-1.3173	1.3173	1.3208	-1.321	1.3279	-1.3284	1.3304	-1.331	-1.3335	1.3337	1.3418	-1.3426	1.3517	-1.3519	1.3592	-1.3593	1.3691	-1.3693	-1.3706	1.3711	1.381	-1.3812	-1.3856	1.386	1.3943	-1.3947	1.397	-1.3972	1.4115	-1.4118	1.4205	-1.4205	1.4278	-1.4281	1.4315	-1.432	1.4343	-1.4346	1.4452	-1.4454	-1.4496	1.4497	1.4593	-1.4597	-1.4676	1.4677	1.4697	-1.4704	-1.4756	1.4757	1.4843	-1.4849	-1.4875	1.4876	1.4908	-1.4911	1.4939	-1.4939	1.5013	-1.5014	1.5065	-1.5073	1.5123	-1.5125	1.5163	-1.5169	-1.5195	1.5197	1.5218	-1.5223	-1.533	1.5334	1.5382	-1.5387	1.5443	-1.5448	1.549	-1.549	1.5508	-1.5509	1.5548	-1.5552	1.5594	-1.5598	1.5666	-1.5673	-1.581	1.581	1.5865	-1.5867	1.5953	-1.5961	1.5994	-1.6001	1.6161	-1.6163	1.621	-1.6214	-1.6293	1.6294	-1.6311	1.6315	1.6349	-1.635	-1.6438	1.6444	1.6512	-1.6515	1.6584	-1.6588	1.6657	-1.6665	1.6711	-1.6718	1.6768	-1.6776	1.6802	-1.6805	-1.6917	1.6917	-1.6961	1.6962	-1.7015	1.7018	-1.7093	1.7098	-1.7141	1.7145	1.715	-1.7152	1.7257	-1.7257	1.7301	-1.7305	1.7408	-1.7412	-1.7513	1.7514	1.7562	-1.7571	-1.7648	1.7649	-1.7702	1.7704	1.7755	-1.7759	-1.7825	1.7831	-1.7916	1.7917	-1.7965	1.7969	1.8059	-1.8059	-1.8171	1.8174	1.8207	-1.8209	1.8231	-1.8236	1.8313	-1.8316	1.8412	-1.8417	1.8449	-1.8453	1.8569	-1.8572	1.8663	-1.8677	-1.8692	1.8698	1.8723	-1.8744	-1.8806	1.8811	1.8879	-1.8882	1.8952	-1.8954	1.8983	-1.8987	1.9068	-1.9074	1.9175	-1.9181	1.9219	-1.9228	-1.9306	1.9313	1.9373	-1.9375	1.9448	-1.9456	-1.9487	1.9492	
3.2044e-22	1.508	0.31065	-0.31087	-0.38754	0.38754	0.43521	-0.43522	-0.46053	0.46057	-0.48017	0.48019	-0.49442	0.49445	-0.50265	0.50273	-0.51569	0.51576	-0.52763	0.52772	0.53629	-0.53634	0.53856	-0.53863	-0.54432	0.54444	0.54996	-0.55003	0.55207	-0.55218	0.55475	-0.55503	0.55789	-0.55791	-0.56094	0.56112	0.56811	-0.56823	0.57057	-0.571	0.57171	-0.57203	-0.57309	0.5731	-0.57563	0.57591	0.57751	-0.57753	0.57904	-0.57908	0.5806	-0.58062	0.58243	-0.58255	0.58355	-0.58362	0.58411	-0.58414	0.58542	-0.58554	0.5869	-0.58706	0.58873	-0.589	0.5907	-0.59089	0.59307	-0.59319	0.5962	-0.59637	0.59723	-0.59728	0.59945	-0.59946	0.60397	-0.6041	-0.6079	0.60792	-0.61006	0.61012	0.6117	-0.61183	0.61867	-0.6187	0.8217	-0.8218	0.95912	-0.95914	1.0034	-1.0039	1.0287	-1.029	1.0326	-1.0326	1.0374	-1.0375	1.0529	-1.0536	1.0586	-1.0593	1.068	-1.0685	1.0742	-1.075	1.078	-1.079	-1.0884	1.0886	-1.089	1.0895	1.0931	-1.0934	-1.0983	1.0987	-1.1006	1.1007	1.1049	-1.1054	-1.113	1.1134	-1.1224	1.1225	-1.1262	1.1262	-1.1337	1.1338	1.139	-1.1398	-1.1439	1.144	-1.1479	1.148	1.1534	-1.1536	-1.1578	1.1587	1.1677	-1.1683	1.1687	-1.1687	-1.1768	1.1769	1.1794	-1.1797	1.185	-1.1854	-1.188	1.1882	1.1934	-1.1938	1.1977	-1.1977	1.201	-1.2013	1.2044	-1.2047	1.2083	-1.2087	1.2136	-1.2137	1.2152	-1.2155	-1.2178	1.218	1.2248	-1.2253	1.2264	-1.2271	-1.2333	1.2335	1.2381	-1.2383	-1.2449	1.245	1.2473	-1.2481	1.2512	-1.252	1.2552	-1.2553	-1.2564	1.2566	1.2609	-1.2613	1.2676	-1.2684	1.2706	-1.2707	1.2781	-1.2789	-1.2794	1.2795	1.286	-1.2863	1.2912	-1.2919	1.2941	-1.2942	1.2972	-1.2978	-1.3054	1.3055	1.3058	-1.3063	1.3129	-1.3137	-1.3188	1.3189	1.3229	-1.3235	1.331	-1.3314	1.3331	-1.3334	1.3349	-1.3349	1.3444	-1.3444	1.3532	-1.3534	1.3602	-1.3607	1.3697	-1.3698	-1.3716	1.372	1.3821	-1.3822	-1.3859	1.3861	1.3963	-1.3968	1.3977	-1.3978	1.4124	-1.4125	-1.4212	1.4216	1.4286	-1.4297	1.4323	-1.4326	1.4346	-1.4354	1.4455	-1.4456	1.45	-1.4503	-1.4595	1.4599	-1.4675	1.468	1.47	-1.4708	1.4762	-1.4763	-1.4849	1.4849	1.4874	-1.4877	1.491	-1.4912	-1.4941	1.4941	1.5015	-1.5017	1.5068	-1.5073	1.5125	-1.5127	1.5166	-1.5169	1.5195	-1.5196	-1.5225	1.5226	1.5327	-1.5333	1.5383	-1.5389	1.5438	-1.5451	1.5493	-1.5497	1.5511	-1.5514	1.5549	-1.5557	1.5594	-1.5599	1.5687	-1.5689	-1.5815	1.5816	1.5872	-1.5876	1.5953	-1.5968	1.6001	-1.6002	1.6162	-1.6169	1.6215	-1.6219	1.6296	-1.63	-1.6314	1.6315	1.6356	-1.6359	-1.6438	1.6445	-1.6518	1.6519	1.6585	-1.6588	-1.6662	1.6664	1.6714	-1.6717	1.6767	-1.6777	1.6804	-1.6807	-1.6918	1.692	1.696	-1.6964	1.7023	-1.7027	-1.7108	1.7108	-1.7146	1.7151	1.7165	-1.7171	-1.7265	1.7267	-1.7321	1.7322	1.7419	-1.7422	-1.7523	1.7524	1.7577	-1.7579	-1.766	1.7665	1.772	-1.7722	1.7768	-1.7773	-1.7835	1.7846	1.7925	-1.7933	-1.7976	1.7976	1.8068	-1.8069	1.8175	-1.8185	1.8219	-1.8227	1.8238	-1.8245	1.8329	-1.833	-1.8432	1.8433	-1.8463	1.8467	1.8583	-1.8587	-1.8683	1.8685	-1.8698	1.8706	1.874	-1.8748	1.8821	-1.8829	1.8892	-1.89	1.896	-1.8962	1.8987	-1.8988	-1.9076	1.908	1.9182	-1.9189	1.9235	-1.9237	-1.9315	1.9323	-1.9386	1.9386	-1.9462	1.9463	-1.9497	1.9498	
3.2044e-22	1.5708	0.2997	-0.30063	-0.37323	0.37381	0.41601	-0.41883	-0.43765	0.4431	0.46194	-0.46465	0.47428	-0.47457	0.48264	-0.48377	0.49274	-0.49724	-0.50781	0.5084	0.51554	-0.51581	-0.51801	0.51949	-0.52353	0.52354	0.53031	-0.53095	-0.53145	0.53215	-0.53504	0.53551	0.53759	-0.53838	0.53972	-0.54179	0.5456	-0.54835	-0.5496	0.55	0.55162	-0.55307	-0.55376	0.55416	-0.55577	-0.55645	0.55654	0.55759	-0.55866	0.55902	0.56078	-0.56096	0.56182	0.56345	-0.56345	-0.56405	0.5644	-0.56492	0.56492	-0.56576	0.56759	-0.568	0.56882	-0.56892	0.57175	0.57225	-0.57286	-0.57489	0.57542	-0.57643	0.57776	-0.57877	0.57897	-0.58165	-0.58411	0.58608	0.58693	-0.58813	0.59062	-0.59312	-0.5943	0.59593	0.59996	-0.60072	-0.82074	0.8329	-0.96105	0.96287	0.99877	-1.0054	1.0174	-1.0206	1.0291	-1.0337	1.0362	-1.0377	-1.0507	1.051	-1.0567	1.0587	-1.0681	1.0696	1.0718	-1.0754	1.0779	-1.0816	1.0827	-1.0867	-1.0904	1.0907	-1.0933	1.0936	1.0977	-1.1006	1.1018	-1.104	1.1046	-1.1056	-1.1142	1.1159	1.123	-1.1247	1.1256	-1.1279	1.1331	-1.1342	1.1392	-1.1412	-1.1447	1.1468	-1.1474	1.1483	1.1535	-1.1545	-1.1587	1.1592	1.1668	-1.17	-1.1715	1.1722	-1.1775	1.1789	1.1805	-1.1808	1.1843	-1.1865	-1.1898	1.1927	1.1944	-1.1956	-1.1998	1.2003	-1.2027	1.2042	-1.2057	1.2067	1.2108	-1.2122	1.2136	-1.2143	1.2172	-1.2181	-1.2196	1.2224	1.224	-1.2262	1.2278	-1.2284	1.2362	-1.2365	-1.2396	1.2401	1.2452	-1.2486	1.2494	-1.2505	1.2516	-1.2545	-1.2561	1.2565	1.2594	-1.2595	1.2627	-1.2628	-1.2659	1.2682	1.2707	-1.2716	-1.2791	1.2801	1.2817	-1.2825	1.2856	-1.2867	-1.2917	1.2935	1.2953	-1.2955	-1.2985	1.2991	1.3066	-1.3076	1.3078	-1.3089	1.3139	-1.3154	-1.3195	1.3196	-1.3235	1.3236	1.3304	-1.3314	1.3342	-1.3361	1.3369	-1.3384	1.3455	-1.3462	1.3505	-1.3539	1.3588	-1.3618	1.3679	-1.37	1.3705	-1.3719	1.3817	-1.3824	-1.3876	1.388	-1.3954	1.3964	1.3981	-1.3994	-1.412	1.4134	-1.4202	1.421	-1.4265	1.4268	1.4309	-1.4317	1.4338	-1.436	1.4421	-1.4462	-1.4488	1.4492	1.4582	-1.4598	-1.467	1.4671	-1.4704	1.4706	-1.4733	1.4744	-1.4838	1.485	1.486	-1.4865	1.4884	1.4921	-1.4922	-1.4937	-1.5011	1.5013	-1.5067	1.5076	1.5107	-1.5109	-1.5158	1.5172	1.5174	-1.5192	1.5215	-1.5219	1.5299	-1.5313	1.5361	-1.5374	1.5422	-1.5444	-1.5483	1.5484	1.5499	-1.5519	1.5528	-1.5558	1.5595	-1.561	-1.5686	1.5694	-1.58	1.5823	1.5872	-1.589	-1.5936	1.594	1.5983	-1.6016	1.614	-1.6157	1.6184	-1.6211	1.6276	-1.6276	-1.6311	1.6318	-1.6349	1.6356	1.6429	-1.644	1.6465	-1.6527	1.6581	-1.6583	1.6659	-1.6668	1.6696	-1.6716	1.6758	-1.6772	1.6799	-1.6804	1.6913	-1.6923	1.6932	-1.6961	-1.7028	1.7029	1.707	-1.71	1.7149	-1.715	1.7167	-1.7175	1.7248	-1.7261	1.7325	-1.7338	-1.74	1.7407	-1.7495	1.7518	-1.7582	1.7591	1.766	-1.7669	1.7704	-1.7726	1.7767	-1.7783	1.7829	-1.7845	1.7912	-1.7918	1.7961	-1.7991	1.8032	-1.8077	1.8129	-1.817	1.8203	-1.8235	-1.8241	1.8264	-1.8337	1.8351	-1.8416	1.8435	1.8464	-1.848	1.8548	-1.8579	-1.8664	1.8679	-1.8702	1.8712	-1.8749	1.8761	1.8788	-1.8831	-1.8915	1.8917	1.8962	-1.8963	-1.898	1.9058	-1.9072	1.9089	1.9137	-1.9151	1.9244	-1.9249	1.9271	-1.93	1.9357	-1.9378	1.9407	1.9442	-1.9448	-1.9468	
3.2044e-22	1.6336	0.29044	-0.29063	0.36015	-0.36036	-0.4052	0.40531	-0.42866	0.42867	0.44664	-0.44681	0.45984	-0.45993	-0.46734	0.4676	-0.48012	0.48014	0.49142	-0.49144	-0.49991	0.50005	0.50107	-0.50126	0.50679	-0.50683	0.51195	-0.51226	0.51421	-0.51449	-0.51699	0.517	-0.51978	0.51985	-0.52208	0.52229	0.52911	-0.5292	0.53162	-0.53199	0.5328	-0.53296	-0.53409	0.53421	-0.53702	0.53709	0.53818	-0.5382	0.53973	-0.5398	0.54136	-0.54143	0.54298	-0.54312	0.54429	-0.54453	-0.54498	0.54501	0.54594	-0.54607	0.54788	-0.54809	0.55004	-0.55013	0.55168	-0.55187	0.55444	-0.55455	0.55748	-0.55758	-0.55883	0.55889	-0.56095	0.56095	0.56516	-0.56534	0.56917	-0.56937	0.57187	-0.57198	0.57401	-0.57418	0.58092	-0.58104	0.83616	-0.83636	-0.97204	0.97209	1.0128	-1.0131	-1.0319	1.0322	1.0333	-1.034	1.0423	-1.0425	1.0574	-1.0592	-1.0621	1.0622	1.0725	-1.0729	1.08	-1.0802	1.0834	-1.0842	-1.0906	1.0908	-1.0913	1.0921	1.0974	-1.0974	-1.1013	1.1016	1.1062	-1.1066	-1.1081	1.1082	-1.1193	1.1193	-1.1276	1.1276	-1.1322	1.1322	1.1383	-1.1384	1.1428	-1.1436	-1.1493	1.1499	1.1525	-1.1532	1.1582	-1.1583	-1.1636	1.1641	1.1744	-1.1748	-1.1757	1.176	1.1818	-1.182	1.1826	-1.1835	-1.1907	1.1908	1.1943	-1.1944	-1.1987	1.1989	1.2036	-1.2038	-1.2073	1.2074	1.21	-1.2103	1.2154	-1.2157	1.2197	-1.2197	1.2206	-1.2207	-1.2243	1.2247	1.2291	-1.2296	1.2315	-1.2319	1.2405	-1.2406	1.2446	-1.2448	1.2511	-1.2514	1.2536	-1.2537	1.2563	-1.257	1.2599	-1.2601	-1.2624	1.2626	1.2655	-1.266	1.2732	-1.2735	1.2747	-1.275	1.283	-1.2831	1.2845	-1.2847	1.2889	-1.2895	1.2953	-1.2963	-1.2993	1.3005	1.3013	-1.3015	1.3103	-1.3107	1.3114	-1.3121	1.3172	-1.3183	1.3213	-1.3217	-1.3279	1.3281	1.3357	-1.3363	1.3371	-1.3376	-1.339	1.3391	1.3479	-1.3482	1.3558	-1.3564	1.3626	-1.363	-1.3702	1.3704	-1.3743	1.3743	1.3837	-1.384	1.3888	-1.3889	1.398	-1.3987	1.402	-1.4023	1.416	-1.416	1.4224	-1.4229	1.4294	-1.4298	1.433	-1.4333	1.4351	-1.4358	1.4456	-1.4459	1.4504	-1.4506	1.46	-1.4604	1.4681	-1.4683	1.4715	-1.472	1.4772	-1.4774	1.4849	-1.4856	-1.4877	1.4878	-1.4912	1.4916	1.4938	-1.4939	1.5018	-1.5019	1.5077	-1.5082	1.5131	-1.5131	1.5161	-1.5168	1.5194	-1.5194	-1.5229	1.5232	1.5324	-1.5326	1.5385	-1.5394	1.5449	-1.5451	1.5494	-1.5495	1.552	-1.5521	1.5565	-1.5571	1.5596	-1.5598	1.5715	-1.5719	1.5825	-1.5831	1.589	-1.5897	1.5972	-1.5979	1.6008	-1.6011	1.6161	-1.6172	1.6222	-1.6223	1.6299	-1.6303	-1.6322	1.6326	1.6371	-1.6374	-1.6448	1.645	1.6524	-1.6525	-1.6581	1.6585	1.6666	-1.6669	-1.6724	1.6724	1.677	-1.6776	1.6806	-1.681	1.6919	-1.6927	1.6962	-1.697	-1.7044	1.7046	-1.7128	1.7132	-1.7164	1.7168	-1.7197	1.7199	-1.7285	1.7291	1.7336	-1.7337	-1.7435	1.7439	1.7544	-1.7548	-1.7595	1.7595	1.7691	-1.7692	-1.7754	1.7759	-1.7795	1.7796	-1.7862	1.7875	1.7951	-1.7953	-1.7995	1.7997	-1.8086	1.8086	1.8187	-1.8189	1.8237	-1.8238	1.8264	-1.8266	-1.8364	1.8365	1.8448	-1.8451	1.8483	-1.8488	1.8603	-1.8605	1.8705	-1.871	-1.8735	1.874	1.8774	-1.8779	1.885	-1.8853	1.8931	-1.8932	1.8978	-1.8978	1.9004	-1.9005	-1.9094	1.9097	1.9194	-1.9201	1.9252	-1.9263	-1.9328	1.933	1.9396	-1.9398	1.9474	-1.9477	1.9509	-1.9512	
3.2044e-22	1.6965	0.28047	-0.28064	0.34656	-0.34672	-0.3899	0.39002	-0.41265	0.41271	0.42983	-0.42996	-0.44242	0.44261	-0.4497	0.4499	0.4621	-0.46212	-0.47289	0.47302	0.4814	-0.48153	0.48231	-0.48246	-0.48787	0.48787	-0.49284	0.49284	-0.495	0.49523	0.49768	-0.49781	-0.50044	0.50046	-0.50254	0.50269	0.50922	-0.50947	0.51176	-0.51221	0.51292	-0.51316	-0.51425	0.51445	-0.51718	0.51746	-0.51811	0.51818	-0.51961	0.51964	-0.52134	0.52141	0.52302	-0.52323	-0.52445	0.52446	-0.52482	0.525	-0.52596	0.52597	0.52803	-0.52803	0.53006	-0.53019	0.5319	-0.53216	0.53478	-0.53494	0.53787	-0.53797	0.53939	-0.53947	-0.54146	0.54147	0.54545	-0.54559	0.54971	-0.54983	0.55253	-0.55262	0.55493	-0.55497	0.56199	-0.56207	0.84337	-0.84375	0.97803	-0.97832	1.0165	-1.0167	-1.0323	1.0326	1.0339	-1.0348	1.0459	-1.0463	1.0583	-1.0598	1.0652	-1.0653	1.0738	-1.0746	1.0822	-1.0825	1.0856	-1.0864	-1.0915	1.0916	-1.0929	1.0936	-1.0989	1.0989	1.1029	-1.103	1.1071	-1.1079	1.1109	-1.1109	-1.1218	1.1219	-1.1298	1.13	1.1348	-1.1348	1.1401	-1.1402	1.1448	-1.1453	-1.1518	1.1524	1.1546	-1.1549	1.1603	-1.1609	-1.1664	1.1667	-1.1773	1.1775	-1.1789	1.1791	1.1837	-1.184	1.1854	-1.1857	-1.193	1.1931	1.1972	-1.1977	1.201	-1.2014	1.2062	-1.2067	-1.2102	1.2102	1.2124	-1.2128	1.2186	-1.2189	-1.2226	1.2227	1.2235	-1.2238	-1.2273	1.2276	1.2311	-1.2318	1.2341	-1.2345	1.2432	-1.2434	1.247	-1.2478	1.2534	-1.2535	1.256	-1.2561	1.2586	-1.2593	1.2623	-1.2627	-1.2656	1.2659	1.2681	-1.2682	1.2747	-1.2749	1.2771	-1.2778	1.285	-1.2851	1.2869	-1.2873	1.2906	-1.2911	1.2975	-1.298	-1.302	1.3025	1.3033	-1.3038	1.3125	-1.3129	1.314	-1.3145	1.3199	-1.3205	1.323	-1.3232	1.3299	-1.33	1.3376	-1.3383	1.3389	-1.3396	-1.3416	1.3418	1.3495	-1.35	1.3576	-1.3579	1.3642	-1.3643	-1.3703	1.3708	-1.3754	1.3759	1.3842	-1.3849	-1.3901	1.3906	-1.3989	1.3989	1.4044	-1.4044	1.4173	-1.4173	1.4232	-1.4239	1.4296	-1.4302	-1.4336	1.4337	1.4353	-1.436	-1.4457	1.4461	1.4507	-1.4507	-1.4599	1.46	1.4679	-1.4686	-1.4719	1.4724	1.4778	-1.4778	-1.4857	1.4859	-1.4875	1.4877	1.4915	-1.4918	1.4937	-1.4938	1.5021	-1.5021	1.508	-1.5087	1.5132	-1.5134	1.5161	-1.517	1.5193	-1.5195	1.5229	-1.5232	1.5315	-1.5319	1.5387	-1.5392	1.545	-1.5455	1.5494	-1.5498	1.5522	-1.5523	1.5574	-1.5577	1.5596	-1.5598	1.5737	-1.5738	1.5829	-1.5831	1.5895	-1.5899	1.5981	-1.5991	-1.6017	1.6019	1.6162	-1.617	-1.6224	1.6226	1.6301	-1.6303	1.6321	-1.6325	1.6378	-1.6382	-1.6444	1.6451	-1.6527	1.6532	-1.6581	1.6582	1.6669	-1.6669	-1.6725	1.6725	-1.6772	1.6773	1.6806	-1.6814	-1.6919	1.6919	1.6961	-1.6965	-1.7048	1.7057	-1.7141	1.7143	-1.7166	1.7178	1.7214	-1.7219	1.7291	-1.7297	-1.7347	1.7348	1.7448	-1.7448	-1.7556	1.7559	-1.7597	1.7601	1.7701	-1.7707	-1.7767	1.7777	1.7807	-1.7808	-1.788	1.7885	1.7958	-1.7962	1.7998	-1.8002	1.8098	-1.8106	1.8193	-1.8197	1.8251	-1.8258	-1.8274	1.8281	1.8378	-1.838	1.8456	-1.8459	-1.8497	1.8498	1.8614	-1.8618	1.8714	-1.8715	1.875	-1.8756	1.8791	-1.8799	-1.8859	1.8864	1.8947	-1.8949	-1.898	1.8985	1.9012	-1.9016	1.9104	-1.9105	1.9203	-1.9207	1.9265	-1.9271	-1.9334	1.9349	1.9404	-1.9405	-1.9483	1.9483	-1.9514	1.9517	
3.2044e-22	1.7593	0.27038	-0.27057	0.33281	-0.33297	-0.37478	0.37495	-0.39658	0.39659	0.41286	-0.41287	-0.42496	0.42507	-0.43186	0.43192	-0.44399	0.44412	-0.45434	0.45452	-0.4626	0.46266	0.46354	-0.46357	-0.46865	0.46875	-0.47344	0.47347	0.47562	-0.47563	-0.4783	0.47837	0.48074	-0.48079	-0.48267	0.48276	0.4892	-0.48929	0.49176	-0.49205	0.4929	-0.49307	-0.49421	0.49429	-0.49698	0.49731	-0.49793	0.49805	0.49927	-0.49928	-0.50123	0.50128	0.50291	-0.50304	-0.50423	0.50435	-0.50468	0.50481	-0.50568	0.5057	-0.50801	0.50801	0.51012	-0.51024	0.51205	-0.51226	0.51503	-0.51513	0.51811	-0.51825	0.51986	-0.51995	0.52187	-0.52206	0.52546	-0.52568	0.53006	-0.53025	0.53327	-0.5334	0.53579	-0.53597	-0.54309	0.54314	-0.85117	0.85123	-0.98381	0.98387	-1.0196	1.0199	-1.0327	1.0329	1.0345	-1.0354	1.0494	-1.0495	1.0589	-1.0595	1.0678	-1.0684	1.0748	-1.076	1.0835	-1.084	1.0879	-1.0882	1.0922	-1.0925	-1.0949	1.0956	1.1	-1.1003	-1.104	1.1042	1.1085	-1.1094	-1.1142	1.1146	1.1243	-1.1244	-1.1319	1.1323	1.1368	-1.1371	-1.1414	1.1419	1.1468	-1.147	-1.1536	1.154	1.1566	-1.1571	1.1633	-1.1634	1.1693	-1.1693	-1.1799	1.18	-1.1818	1.1819	1.1853	-1.1858	1.1875	-1.1879	1.1952	-1.1953	1.1993	-1.2	1.203	-1.2034	1.2086	-1.2089	-1.2122	1.2129	1.2158	-1.2158	1.2214	-1.222	1.2248	-1.225	1.2264	-1.2268	-1.2301	1.2307	1.2334	-1.2338	1.2367	-1.2374	1.2457	-1.2464	1.2501	-1.2506	1.2556	-1.2559	-1.2586	1.2587	-1.2613	1.2613	1.2642	-1.2652	-1.2681	1.2684	1.2703	-1.2705	1.2762	-1.2765	1.2795	-1.2807	1.2872	-1.2872	1.2891	-1.2897	1.2923	-1.293	1.2995	-1.3	-1.3035	1.3044	-1.3058	1.306	1.314	-1.3151	1.3165	-1.3169	1.3217	-1.3224	1.3248	-1.325	1.332	-1.332	1.3391	-1.3399	1.3407	-1.3414	1.3444	-1.3444	1.3514	-1.3518	1.359	-1.3593	-1.3657	1.366	1.3706	-1.3707	-1.3764	1.3772	1.3856	-1.3857	1.3913	-1.392	-1.3992	1.3996	1.4063	-1.407	-1.4185	1.4186	1.4242	-1.4246	1.4299	-1.43	-1.4336	1.4342	1.4359	-1.4362	1.4464	-1.4464	1.4508	-1.4508	1.4601	-1.4605	1.4681	-1.4685	1.4722	-1.4728	1.4784	-1.4787	1.4856	-1.4864	1.4876	-1.4877	1.4919	-1.4923	-1.4937	1.4939	1.5023	-1.5026	1.5084	-1.5089	1.5134	-1.5134	1.5161	-1.5169	1.5192	-1.5195	-1.5233	1.5233	1.5313	-1.5323	1.5384	-1.5389	1.5452	-1.5461	1.5496	-1.5496	1.5525	-1.5529	1.5587	-1.5589	1.5595	-1.56	1.5751	-1.5757	1.5831	-1.5839	1.59	-1.5906	1.5989	-1.5995	-1.6022	1.6023	1.6167	-1.6177	1.6224	-1.6228	1.6304	-1.631	-1.6326	1.6326	1.6387	-1.6392	-1.6443	1.6455	-1.6528	1.6528	1.6579	-1.6586	1.6666	-1.6673	1.6726	-1.6731	-1.6775	1.6775	1.6808	-1.6813	1.6919	-1.692	1.6962	-1.6964	-1.7057	1.7064	1.7151	-1.7156	-1.7186	1.7189	1.7224	-1.723	-1.7302	1.7306	1.7357	-1.7361	-1.7454	1.7458	1.7567	-1.7567	-1.7609	1.7612	1.7714	-1.7719	1.7793	-1.7794	-1.7815	1.7818	-1.7894	1.7902	-1.7968	1.7971	1.8011	-1.8016	-1.8106	1.8107	1.8196	-1.8205	-1.8255	1.8257	1.8288	-1.8292	-1.8392	1.8392	-1.8468	1.8471	1.8503	-1.8509	1.8627	-1.8628	-1.8718	1.872	1.8769	-1.8771	-1.8805	1.8811	1.8875	-1.8877	-1.896	1.896	-1.8994	1.8998	-1.9022	1.9025	1.9109	-1.911	1.9212	-1.9212	1.9276	-1.9281	-1.9339	1.9344	-1.9412	1.9415	-1.9488	1.9489	1.9522	-1.9524	
3.2044e-22	1.8221	0.26037	-0.26055	0.31914	-0.31928	-0.3596	0.35985	-0.38045	0.38053	0.39585	-0.39587	-0.40731	0.40739	-0.41369	0.41378	-0.4258	0.4259	-0.43586	0.43594	-0.44335	0.44351	0.44465	-0.44478	-0.44944	0.44945	-0.45389	0.45393	0.45595	-0.45614	0.45866	-0.45876	-0.46103	0.46105	-0.46255	0.46262	0.46896	-0.46898	0.47145	-0.47187	0.47254	-0.47277	0.474	-0.47405	-0.47663	0.47702	-0.47755	0.47763	-0.4788	0.47881	0.48083	-0.48092	0.48242	-0.48261	0.48399	-0.48402	-0.48432	0.48445	0.48536	-0.48543	0.48771	-0.48786	0.48997	-0.49012	0.4921	-0.49229	0.49508	-0.49522	0.49824	-0.49834	0.50036	-0.50046	-0.50237	0.50242	0.50575	-0.50576	0.51043	-0.51058	-0.51384	0.51384	0.5166	-0.51692	0.5239	-0.52418	0.85876	-0.85896	0.98909	-0.98936	1.0231	-1.0233	-1.0333	1.0337	1.0349	-1.0356	1.0523	-1.0529	1.0594	-1.0605	1.0708	-1.0708	1.0759	-1.0767	1.0847	-1.0851	1.0893	-1.0898	1.0935	-1.0938	-1.0964	1.0974	1.1012	-1.1016	-1.1052	1.1059	1.1097	-1.1103	1.1169	-1.1169	-1.1264	1.1264	-1.134	1.1343	-1.1393	1.1394	-1.1434	1.1435	1.1483	-1.1491	-1.1551	1.156	1.1582	-1.1588	1.1655	-1.1659	1.1725	-1.1725	-1.182	1.1822	-1.1845	1.1846	-1.1873	1.1874	1.1891	-1.1901	1.1972	-1.1974	1.2021	-1.2025	1.205	-1.2053	1.2105	-1.2109	-1.2148	1.2151	1.2182	-1.219	1.2243	-1.2245	-1.2276	1.2277	-1.2292	1.2293	-1.2326	1.2328	1.236	-1.2364	1.2389	-1.2395	-1.2482	1.2485	-1.2524	1.2526	1.2577	-1.2581	1.2605	-1.2606	1.2635	-1.2636	1.2668	-1.2672	-1.2706	1.2707	1.2726	-1.2728	-1.2779	1.2779	1.2822	-1.2827	1.2894	-1.2896	1.2913	-1.2917	1.2949	-1.2957	1.3011	-1.3014	-1.305	1.3053	-1.3076	1.3084	1.3163	-1.3167	1.3187	-1.3191	1.3238	-1.3245	1.3263	-1.3267	1.334	-1.3342	1.3406	-1.341	-1.3427	1.3428	-1.3465	1.3467	-1.3532	1.3533	-1.3605	1.3605	1.3675	-1.368	-1.3711	1.3711	-1.3777	1.3778	1.387	-1.3872	-1.3923	1.3928	-1.4006	1.4007	1.4082	-1.4086	-1.4195	1.4197	1.4247	-1.4251	1.4299	-1.4303	-1.435	1.435	1.4365	-1.4369	1.4465	-1.4467	1.4511	-1.4514	-1.4601	1.4602	1.4681	-1.4686	1.4729	-1.4731	1.4784	-1.4791	1.4861	-1.4863	1.4876	-1.4878	1.4922	-1.4925	-1.4935	1.4938	1.5026	-1.5027	1.509	-1.5092	-1.5137	1.5139	1.5161	-1.5172	1.5192	-1.5196	1.5231	-1.5231	1.5311	-1.5313	1.5385	-1.5391	1.5456	-1.5461	1.5493	-1.5499	-1.5531	1.5532	1.5586	-1.5591	1.5605	-1.5608	1.5769	-1.577	1.5834	-1.5836	1.5907	-1.5908	1.5993	-1.5996	1.6032	-1.6036	1.6163	-1.6171	1.6224	-1.6228	1.6309	-1.6313	1.6327	-1.6329	1.639	-1.6394	-1.6453	1.6456	1.6534	-1.6535	1.6578	-1.6582	-1.6669	1.667	1.6726	-1.6734	1.6778	-1.6779	1.6808	-1.6817	-1.6916	1.6918	1.6966	-1.6973	-1.7063	1.7072	1.7159	-1.7161	-1.7194	1.72	1.7239	-1.7245	-1.7313	1.7317	1.7368	-1.7372	-1.7466	1.7466	1.7575	-1.7579	1.7619	-1.7623	-1.7724	1.7731	-1.7808	1.7811	1.7827	-1.7831	-1.7907	1.7916	-1.7975	1.798	1.8026	-1.803	-1.8117	1.8119	1.8191	-1.8196	-1.8267	1.8267	1.8302	-1.8303	-1.8409	1.8409	-1.8483	1.8492	1.8516	-1.8521	-1.8633	1.8638	1.8726	-1.8729	-1.8783	1.8784	1.8818	-1.8832	1.8882	-1.8891	1.8971	-1.8975	1.9006	-1.9013	1.9037	-1.904	1.9119	-1.9121	1.9213	-1.9216	1.9281	-1.9292	-1.9346	1.9351	-1.942	1.9424	-1.9494	1.9495	1.9527	-1.9529	
3.2044e-22	1.885	0.25034	-0.25056	0.30531	-0.30549	-0.34438	0.34441	-0.3642	0.36431	-0.3787	0.37877	0.38967	-0.38974	0.39564	-0.39574	0.40732	-0.40761	-0.41701	0.41729	-0.42385	0.42406	0.42585	-0.42596	-0.42985	0.43001	-0.43406	0.43433	0.43606	-0.43636	-0.43908	0.43909	0.44086	-0.44099	-0.44234	0.44245	-0.44815	0.44855	0.45084	-0.45116	-0.45225	0.45228	-0.45363	0.45378	-0.4562	0.45644	-0.45711	0.45715	-0.45815	0.45815	-0.46039	0.46043	-0.46193	0.46195	0.4633	-0.46349	0.46396	-0.46414	0.46491	-0.46499	0.46729	-0.46749	-0.46986	0.46992	0.47211	-0.47215	0.47506	-0.47521	0.47837	-0.47848	0.48065	-0.48072	-0.48286	0.48287	-0.48583	0.4859	0.49085	-0.49103	0.49442	-0.49457	-0.49747	0.49769	-0.50503	0.5052	-0.86614	0.86637	0.99422	-0.99446	1.0247	-1.0251	1.0343	-1.0344	1.0353	-1.0356	1.0554	-1.0563	1.0597	-1.0603	1.073	-1.0734	1.077	-1.0782	1.0858	-1.0861	1.0907	-1.091	1.0948	-1.0952	-1.0985	1.0993	1.1021	-1.1024	-1.1066	1.107	1.1113	-1.1118	1.1195	-1.1197	1.1281	-1.1285	-1.1354	1.1362	1.1411	-1.1411	1.145	-1.1451	1.1501	-1.1503	-1.1564	1.1566	1.16	-1.16	1.1679	-1.1682	-1.1749	1.175	1.1833	-1.1834	1.1863	-1.1865	-1.1892	1.1893	1.1917	-1.1925	1.1998	-1.2	1.2042	-1.2045	1.2063	-1.207	1.2127	-1.2129	-1.2172	1.2183	1.2211	-1.2213	1.2264	-1.2267	1.23	-1.2301	1.2316	-1.2322	-1.2345	1.2349	1.2384	-1.239	-1.2412	1.2414	1.2508	-1.2508	1.2547	-1.2551	-1.2599	1.2601	1.2625	-1.2628	1.2657	-1.2659	1.2692	-1.2704	1.2726	-1.2729	1.2748	-1.2749	1.2799	-1.2803	1.2842	-1.285	1.2915	-1.2917	1.293	-1.2936	1.297	-1.2973	1.3027	-1.3031	-1.306	1.3066	-1.3102	1.3106	1.3179	-1.3182	1.3211	-1.3212	1.3256	-1.3262	1.3281	-1.3281	-1.3357	1.3362	1.3419	-1.3425	1.3444	-1.3445	-1.3483	1.3484	1.3549	-1.3551	1.3617	-1.3622	-1.3694	1.3695	-1.3712	1.3713	-1.3779	1.379	1.3884	-1.3886	1.3931	-1.3936	1.4016	-1.4018	1.4103	-1.4111	-1.4206	1.4208	1.4256	-1.4258	1.4302	-1.4305	1.4354	-1.4355	1.4368	-1.4372	1.4465	-1.4467	1.4514	-1.4518	-1.4602	1.4604	1.4681	-1.4682	1.4733	-1.4736	1.4793	-1.4796	-1.4863	1.4869	-1.4875	1.4875	1.4916	-1.4925	1.4935	-1.4938	-1.5029	1.5029	1.5089	-1.5095	1.5136	-1.5137	1.5166	-1.5168	1.5194	-1.5196	1.5228	-1.5238	1.5305	-1.5314	1.538	-1.5386	1.5452	-1.5462	1.5499	-1.55	1.5532	-1.5536	1.5591	-1.5591	1.5615	-1.5616	1.5781	-1.5791	-1.5839	1.5841	1.5916	-1.592	1.5997	-1.6003	-1.6045	1.6046	1.6166	-1.6173	-1.6227	1.6233	1.6314	-1.6316	1.6331	-1.6336	1.6398	-1.6399	-1.6453	1.6454	1.6535	-1.6536	1.6578	-1.6585	1.6672	-1.6674	1.673	-1.6741	1.6773	-1.6779	1.6814	-1.6818	1.6914	-1.6919	1.6968	-1.6977	-1.7067	1.7068	-1.7161	1.7165	-1.721	1.7216	1.7246	-1.7257	-1.7332	1.734	1.7373	-1.7383	-1.7475	1.7477	1.7579	-1.7582	1.7628	-1.7631	-1.7745	1.7746	1.7815	-1.7821	-1.7841	1.7846	-1.7918	1.7928	-1.798	1.7988	1.8035	-1.8038	-1.8131	1.8134	1.8199	-1.8202	-1.8272	1.8274	-1.8309	1.8312	1.8418	-1.842	1.8491	-1.8494	-1.8527	1.8529	1.8647	-1.8649	-1.8736	1.8737	-1.88	1.8803	1.8851	-1.8855	1.8895	-1.8899	-1.8988	1.8991	1.9016	-1.9019	1.9051	-1.9052	1.9129	-1.9129	1.9214	-1.9216	1.9295	-1.9299	-1.9358	1.9358	-1.9431	1.9433	1.9498	-1.9501	1.9533	-1.9535	
3.2044e-22	1.9478	0.24038	-0.24064	0.29157	-0.29167	-0.32896	0.32906	-0.34801	0.34807	0.36141	-0.36146	-0.37194	0.37202	-0.37745	0.37756	-0.38915	0.38915	0.39809	-0.3981	-0.40454	0.40458	0.4069	-0.40695	-0.41031	0.41035	-0.41411	0.41423	0.41631	-0.41639	0.41913	-0.41922	0.42088	-0.42088	-0.42185	0.42191	0.42781	-0.42796	0.43018	-0.43068	0.4315	-0.43161	-0.4329	0.43311	-0.43532	0.43569	-0.43634	0.4365	-0.43747	0.43752	0.4397	-0.43978	0.44122	-0.44135	0.44274	-0.44291	-0.44337	0.44342	-0.44426	0.4444	0.44693	-0.44693	0.44951	-0.44966	-0.45198	0.45201	0.45487	-0.45508	0.45825	-0.4585	0.46098	-0.46107	0.46332	-0.46335	0.4658	-0.46584	-0.47132	0.47134	0.47474	-0.47513	0.47844	-0.47855	0.48602	-0.48611	0.87364	-0.87405	-0.99879	0.99906	1.0263	-1.0267	1.0343	-1.035	1.0365	-1.0366	1.0582	-1.0583	1.0596	-1.0611	1.0749	-1.0751	1.0782	-1.079	1.0864	-1.0869	-1.0916	1.0916	1.0962	-1.0968	-1.1002	1.1014	1.1034	-1.1038	-1.1077	1.1085	1.1127	-1.1136	-1.1221	1.1229	1.1298	-1.1302	-1.1379	1.1381	1.1425	-1.1429	-1.1464	1.1466	1.152	-1.1521	-1.1569	1.157	1.1616	-1.162	1.17	-1.1706	1.1772	-1.1774	1.1845	-1.1847	1.189	-1.189	1.1904	-1.1907	1.1938	-1.195	-1.2019	1.2021	1.2061	-1.2065	1.2082	-1.2086	1.2142	-1.2145	-1.2197	1.22	1.2234	-1.2241	1.2287	-1.2292	-1.2319	1.2322	1.2337	-1.2341	-1.237	1.2374	1.2414	-1.2414	1.2432	-1.2434	1.2522	-1.2526	-1.2571	1.2572	1.2619	-1.2622	1.2645	-1.2646	1.2678	-1.2678	1.2713	-1.2722	1.2741	-1.2746	1.2769	-1.2774	1.2817	-1.2819	1.2864	-1.2868	1.2932	-1.2933	1.2955	-1.2956	1.2991	-1.2997	1.3039	-1.3046	-1.3077	1.3078	-1.3122	1.3131	1.3197	-1.3201	1.323	-1.3233	1.3273	-1.328	-1.3297	1.3302	1.3378	-1.3381	1.343	-1.3439	1.346	-1.3462	-1.3508	1.3508	1.3569	-1.357	1.3635	-1.3637	1.3711	-1.3715	-1.3717	1.3722	-1.3789	1.3798	1.3895	-1.39	-1.3944	1.3946	-1.4032	1.4035	1.4123	-1.4125	1.4212	-1.4212	1.4263	-1.4266	1.4304	-1.4307	-1.4363	1.4363	1.4375	-1.438	-1.4465	1.4467	1.4516	-1.4521	-1.4602	1.4603	1.4678	-1.468	1.4738	-1.4739	1.4802	-1.4804	1.4866	-1.4871	-1.4875	1.4877	1.4923	-1.4927	1.4939	-1.4945	-1.5031	1.5032	1.5089	-1.5099	1.514	-1.5142	1.5166	-1.5171	1.5192	-1.5196	1.5234	-1.5239	1.53	-1.531	1.5378	-1.5384	1.5461	-1.5467	1.5497	-1.5502	1.5531	-1.5536	-1.5593	1.5593	1.5627	-1.563	1.5802	-1.5803	1.584	-1.5845	-1.5921	1.5922	1.6005	-1.601	1.6049	-1.6052	1.6169	-1.6172	1.6227	-1.6231	-1.632	1.6321	1.6326	-1.6327	1.64	-1.6402	1.6459	-1.6459	-1.6534	1.6538	1.658	-1.6583	1.6665	-1.6677	1.6738	-1.674	1.6775	-1.678	1.6811	-1.6817	-1.6911	1.6917	-1.6973	1.6974	-1.7073	1.7078	-1.717	1.7171	-1.7219	1.7228	1.726	-1.7272	-1.7341	1.7343	1.7384	-1.7386	1.7484	-1.7489	-1.7593	1.7599	1.7636	-1.7643	-1.7753	1.7759	-1.7825	1.783	1.7863	-1.7868	-1.7931	1.7938	-1.7995	1.7996	1.8042	-1.8052	1.8135	-1.8138	-1.8202	1.8202	1.8273	-1.8282	1.8321	-1.8322	1.8431	-1.8438	-1.8493	1.8501	1.8545	-1.8546	-1.8654	1.8656	-1.8746	1.8748	1.8806	-1.8806	1.8867	-1.887	-1.8905	1.8907	1.9001	-1.9001	-1.9024	1.9029	1.9059	-1.9059	-1.9136	1.9142	1.9222	-1.9224	1.9301	-1.9311	-1.9362	1.9365	-1.944	1.9442	1.9502	-1.9503	1.954	-1.9544	
3.2044e-22	2.0106	0.23047	-0.23068	0.27779	-0.27795	-0.31365	0.31376	-0.33167	0.33176	0.34413	-0.34416	-0.35401	0.35421	-0.35908	0.35915	0.37068	-0.37078	-0.37892	0.37902	-0.38477	0.38482	0.38771	-0.38781	0.39051	-0.39062	0.39401	-0.39405	0.39622	-0.39628	-0.39903	0.39911	0.40071	-0.40072	0.40115	-0.4012	-0.40687	0.40687	0.4092	-0.40957	0.41076	-0.41107	-0.41224	0.41233	-0.4145	0.41458	0.4154	-0.41545	-0.41671	0.41684	0.41909	-0.4191	0.42032	-0.4205	-0.42213	0.42213	-0.42277	0.42299	0.42369	-0.42373	0.42622	-0.42634	0.42912	-0.42921	0.43188	-0.43189	0.43488	-0.43488	0.4384	-0.43851	0.44121	-0.44128	0.44384	-0.4439	0.44584	-0.44605	-0.45145	0.45147	0.45557	-0.45563	0.45942	-0.45944	0.46714	-0.46718	-0.88131	0.88135	1.0029	-1.003	-1.0272	1.0273	1.0347	-1.035	1.0382	-1.0384	1.0599	-1.0606	1.0611	-1.0621	1.0759	-1.0764	1.0797	-1.08	1.0872	-1.0878	1.0925	-1.0927	-1.0977	1.0979	1.1017	-1.1018	1.1048	-1.1049	-1.1095	1.11	1.1141	-1.1147	1.1245	-1.1245	1.1312	-1.1316	-1.1393	1.1396	1.1443	-1.1445	-1.148	1.1483	1.1535	-1.1538	-1.1577	1.1577	-1.1637	1.1642	1.1722	-1.1734	-1.1797	1.1799	-1.1859	1.1859	-1.1903	1.1906	1.1922	-1.1926	1.1961	-1.1966	-1.2037	1.2042	-1.208	1.208	1.2096	-1.2099	1.216	-1.2161	-1.2214	1.2216	1.2258	-1.2259	-1.2305	1.2307	-1.2343	1.2344	1.236	-1.2361	-1.239	1.2394	1.2441	-1.2443	1.2453	-1.2454	1.254	-1.2543	1.2591	-1.2595	-1.264	1.2641	1.2663	-1.2664	1.2694	-1.2695	1.2734	-1.2741	1.2758	-1.2765	1.2794	-1.2796	1.2833	-1.2837	1.2882	-1.289	1.2949	-1.295	1.297	-1.2973	1.3011	-1.3019	-1.3056	1.3057	-1.3089	1.3092	-1.3139	1.3142	1.3212	-1.3216	1.3249	-1.3251	1.3292	-1.3299	1.3314	-1.3318	1.3395	-1.34	1.3451	-1.3451	-1.3475	1.3476	1.3524	-1.3526	-1.3587	1.3588	1.3649	-1.3652	-1.3716	1.3717	1.3737	-1.374	-1.3795	1.3801	1.3914	-1.392	-1.3956	1.3957	-1.4047	1.4049	1.4142	-1.4146	-1.4217	1.4217	1.4272	-1.4273	-1.4306	1.4306	1.4367	-1.437	1.4386	-1.4388	1.4466	-1.4468	1.452	-1.4525	1.4599	-1.4604	1.4678	-1.4685	1.4737	-1.4738	-1.4808	1.4809	1.4867	-1.4867	-1.4875	1.4881	1.4922	-1.4927	-1.4948	1.495	-1.5034	1.5035	1.5096	-1.5101	1.5141	-1.5144	1.5167	-1.5171	1.5192	-1.5197	1.524	-1.5242	1.5304	-1.5307	-1.5382	1.5382	1.5459	-1.5467	1.5496	-1.5499	1.5533	-1.5544	1.5589	-1.5592	1.5638	-1.564	-1.5815	1.5816	1.5837	-1.5845	1.5923	-1.5927	1.6008	-1.6011	1.6061	-1.6065	1.6169	-1.6178	-1.6228	1.6232	-1.6324	1.6325	1.6338	-1.6341	1.6407	-1.6412	-1.6455	1.6461	1.6533	-1.6539	-1.6577	1.6581	-1.6673	1.6676	1.6744	-1.6744	-1.6776	1.6779	1.6811	-1.6821	-1.6909	1.6915	1.6977	-1.6978	-1.7079	1.7084	1.7176	-1.7177	-1.7231	1.7238	1.727	-1.7279	-1.7357	1.736	1.7396	-1.7397	1.7489	-1.75	-1.7606	1.7608	1.7646	-1.7651	1.7764	-1.7764	-1.7835	1.7841	1.7881	-1.7882	-1.7943	1.7951	-1.7998	1.8008	1.8057	-1.8062	-1.8147	1.8149	1.8205	-1.8208	1.8287	-1.8293	1.8333	-1.8335	1.8441	-1.8447	1.8505	-1.851	-1.8555	1.8555	1.8667	-1.867	1.8753	-1.8761	-1.8813	1.8813	1.888	-1.8888	-1.8913	1.8914	1.9013	-1.9017	1.9033	-1.9039	1.9066	-1.9069	-1.9144	1.9148	-1.9224	1.9226	1.9315	-1.9317	-1.9365	1.9372	1.9445	-1.9449	1.9504	-1.9507	1.9547	-1.955	
3.2044e-22	2.0735	0.22059	-0.2208	0.26396	-0.26409	-0.29819	0.29835	0.31537	-0.31541	0.32672	-0.32674	-0.33616	0.33619	-0.34071	0.34082	-0.35204	0.35215	-0.35982	0.35993	-0.36497	0.36499	0.36842	-0.36842	0.37062	-0.37068	-0.37384	0.37386	0.37597	-0.37618	0.37891	-0.37898	0.38016	-0.38024	0.38057	-0.38061	0.38582	-0.38595	0.38824	-0.38837	0.38976	-0.38997	0.39131	-0.39136	-0.39326	0.39339	0.39437	-0.39444	-0.39588	0.39602	-0.39839	0.39855	0.39949	-0.39953	-0.40133	0.40134	0.40216	-0.40226	-0.40291	0.40303	0.40569	-0.40571	0.40884	-0.40898	0.41171	-0.4118	0.41468	-0.41469	0.41847	-0.41872	-0.42161	0.4217	-0.42439	0.42441	0.42611	-0.42621	0.4319	-0.43193	0.43627	-0.43649	0.44062	-0.44063	0.44841	-0.44851	-0.88862	0.88867	-1.0065	1.0069	1.0272	-1.0274	1.0346	-1.0352	1.04	-1.0402	1.0604	-1.0612	1.0632	-1.0638	1.0765	-1.077	1.0811	-1.0816	1.0877	-1.0884	-1.093	1.0937	1.0989	-1.0994	-1.1023	1.1031	-1.1066	1.1068	-1.1109	1.1117	1.1152	-1.1156	1.1265	-1.1266	1.1327	-1.1332	-1.1402	1.141	1.1453	-1.1458	-1.1492	1.1496	1.155	-1.1553	-1.1583	1.1587	-1.1654	1.1657	1.1744	-1.1747	1.182	-1.182	-1.1868	1.187	-1.1914	1.1918	1.1939	-1.1941	1.1988	-1.199	1.2059	-1.206	1.2089	-1.2091	-1.2115	1.2115	1.217	-1.2174	-1.2236	1.2237	1.2281	-1.2282	1.2327	-1.233	1.2365	-1.2366	1.2378	-1.2382	-1.2411	1.2415	1.2462	-1.2467	-1.2469	1.2471	1.255	-1.2553	-1.2611	1.2613	1.2659	-1.2663	1.2681	-1.2685	-1.2713	1.2716	-1.2755	1.2756	1.2776	-1.278	-1.2817	1.2817	1.2854	-1.2855	1.2903	-1.2912	1.2965	-1.2971	-1.299	1.2992	1.3032	-1.3036	1.3068	-1.3071	-1.31	1.3104	-1.316	1.3161	1.3225	-1.323	1.3266	-1.3266	1.3309	-1.3321	-1.3323	1.3326	1.3416	-1.3417	1.3457	-1.3466	1.3485	-1.3486	1.3538	-1.3539	1.3603	-1.361	1.3658	-1.3664	1.3721	-1.3724	1.3753	-1.3755	-1.3799	1.3805	1.393	-1.3934	1.3966	-1.3967	1.4064	-1.4064	1.4155	-1.4161	-1.422	1.4222	1.4281	-1.4285	1.4308	-1.4314	-1.4375	1.4376	1.4392	-1.4392	1.4466	-1.4468	1.4525	-1.453	-1.4599	1.46	1.4678	-1.468	1.4737	-1.4739	1.481	-1.4815	1.4869	1.4873	-1.4874	-1.4876	1.4924	-1.4924	-1.4949	1.4949	-1.5037	1.5037	1.5101	-1.5102	1.5144	-1.5145	1.5166	-1.5173	1.5197	-1.52	1.524	-1.5244	1.5293	-1.5304	1.5375	-1.5383	1.5461	-1.5467	1.55	-1.5501	-1.5544	1.5551	1.5592	-1.5592	1.5641	-1.5651	1.5828	-1.5829	1.5836	-1.584	1.5929	-1.5931	1.6013	-1.602	1.6069	-1.6072	1.617	-1.6178	1.6231	-1.6235	1.6329	-1.633	1.6338	-1.6343	1.641	-1.6411	-1.6461	1.6467	1.6536	-1.6543	1.6581	-1.6584	-1.6668	1.6673	1.6745	-1.6746	-1.6779	1.6779	1.6811	-1.6816	-1.6913	1.6913	1.6976	-1.6984	-1.708	1.7086	1.7178	-1.7178	-1.7245	1.7254	1.7283	-1.7283	-1.7367	1.737	1.7401	-1.7411	-1.7502	1.7506	-1.7608	1.7613	1.7657	-1.7661	1.777	-1.7771	1.7848	-1.7851	1.7896	-1.7896	-1.7957	1.7962	-1.8012	1.8016	1.8064	-1.8075	1.8157	-1.8158	1.8207	-1.8211	1.8293	-1.83	1.834	-1.8345	1.8452	-1.8457	1.8511	-1.8513	1.8568	-1.8571	-1.867	1.8675	-1.876	1.8763	-1.8824	1.8828	1.8898	-1.8901	1.8919	-1.8924	-1.9028	1.9034	-1.9044	1.9045	1.9076	-1.9078	-1.9154	1.9161	1.923	-1.9235	1.9318	-1.9325	-1.9376	1.9377	-1.9462	1.9462	-1.9512	1.9513	-1.9548	1.9551	
3.2044e-22	2.1363	0.21072	-0.21088	0.25018	-0.25032	-0.28268	0.28286	-0.29901	0.29905	0.3092	-0.30925	-0.318	0.31814	-0.32225	0.32235	0.3335	-0.33359	-0.34044	0.34047	-0.34491	0.34497	-0.34875	0.34878	-0.35069	0.3507	-0.35333	0.35349	0.35567	-0.35585	0.35851	-0.35859	0.35941	-0.35953	0.36014	-0.36016	0.36468	-0.36481	0.36678	-0.36707	0.36896	-0.36909	-0.37037	0.37038	0.37196	-0.37204	0.37326	-0.37331	-0.37501	0.3751	-0.37767	0.37787	0.37856	-0.37859	-0.38065	0.3807	-0.38168	0.3818	-0.38223	0.38241	0.3849	-0.38512	0.38845	-0.38855	0.39157	-0.39182	0.39462	-0.39463	0.3987	-0.39871	0.40199	-0.40203	0.40471	-0.40483	0.40669	-0.40673	0.41247	-0.4125	0.41716	-0.41728	-0.422	0.42205	-0.42989	0.42995	0.89623	-0.89625	1.0099	-1.0105	1.0273	-1.0276	1.0354	-1.0358	-1.0417	1.0417	1.0606	-1.0615	1.0652	-1.066	1.0766	-1.0769	1.0827	-1.0828	1.0884	-1.089	1.094	-1.0942	1.0999	-1.1002	-1.1034	1.1034	-1.1085	1.1088	-1.1125	1.1129	1.1152	-1.1165	-1.1285	1.1286	1.1337	-1.1343	-1.1416	1.142	1.1464	-1.147	-1.1508	1.1511	1.156	-1.1564	1.1593	-1.1596	-1.1672	1.1676	1.1761	-1.1768	1.1836	-1.1839	1.1876	-1.1878	-1.1925	1.1927	1.1959	-1.1961	1.2004	-1.2011	-1.2073	1.2074	1.2101	-1.2103	1.2132	-1.2135	1.2186	-1.2191	-1.2251	1.2256	1.2295	-1.2302	1.2348	-1.2349	1.2381	-1.2384	1.2398	-1.24	-1.243	1.2434	1.2482	-1.2483	1.249	-1.2492	1.2561	-1.2569	1.2629	-1.263	1.268	-1.2682	-1.2698	1.2702	1.2729	-1.2729	1.2773	-1.2776	1.2792	-1.2797	1.2836	-1.2837	1.2868	-1.2872	1.2921	-1.2927	1.2977	-1.2982	1.3009	-1.301	1.3043	-1.3048	1.3081	-1.3084	-1.3113	1.3115	-1.3167	1.3175	1.3237	-1.3242	1.3282	-1.3284	1.3327	-1.3336	1.334	-1.3344	-1.3434	1.3435	1.3473	-1.348	-1.3494	1.3499	1.3553	-1.3554	1.3622	-1.3627	1.3662	-1.3678	1.3725	-1.3729	-1.377	1.3771	-1.3805	1.3818	1.3938	-1.3945	1.3974	-1.398	1.4077	-1.4082	1.4174	-1.4178	-1.4225	1.4225	1.4283	-1.4285	-1.4312	1.4312	-1.438	1.4383	-1.4402	1.4404	1.4469	-1.4472	1.4529	-1.4534	1.4599	-1.4602	1.4674	-1.4676	1.4742	-1.4745	-1.4817	1.4822	1.4866	-1.4871	-1.4876	1.4878	1.4924	-1.4925	1.4958	-1.4959	1.5037	-1.5039	1.5099	-1.5107	1.5146	-1.5147	1.5167	-1.5173	1.5192	-1.5201	1.524	-1.5247	1.5289	-1.5298	1.5372	-1.5376	1.5464	-1.5468	1.5498	-1.5502	-1.5546	1.5548	1.559	-1.5593	1.5662	-1.5664	1.5837	-1.584	1.5847	-1.5848	-1.5937	1.5937	1.6021	-1.6027	1.6078	-1.6078	1.6174	-1.618	-1.6227	1.6229	1.6335	-1.6335	1.6342	-1.6348	-1.6411	1.6413	-1.6462	1.6473	-1.6537	1.654	-1.6579	1.658	1.6672	-1.668	-1.6748	1.675	1.678	-1.6788	1.6813	-1.6821	-1.6908	1.6915	1.6981	-1.6985	-1.7085	1.7091	-1.7176	1.7182	-1.7264	1.7264	1.7293	-1.7298	1.7378	-1.7384	1.741	-1.7412	1.7511	-1.752	-1.7618	1.7622	1.7668	-1.7675	-1.778	1.7783	1.7857	-1.7858	1.7914	-1.7915	-1.7964	1.7971	1.802	-1.802	-1.808	1.8082	1.8165	-1.8165	-1.821	1.8213	1.8301	-1.8303	1.8348	-1.835	1.846	-1.8463	1.851	-1.8515	-1.858	1.8581	-1.8682	1.8688	1.8774	-1.8775	-1.8836	1.8836	1.8913	-1.8914	1.8926	-1.8934	1.9042	-1.9044	-1.9053	1.9055	1.9088	-1.9091	1.9164	-1.9166	1.9229	-1.9235	1.9329	-1.9331	-1.9375	1.9389	1.9464	-1.9467	-1.9513	1.9516	1.9557	-1.956	
3.2044e-22	2.1991	0.2008	-0.20115	-0.23636	0.2364	-0.26711	0.26725	-0.28259	0.28263	0.29163	-0.29166	-0.29981	0.29997	-0.30371	0.30381	-0.31469	0.31478	-0.32085	0.32116	-0.32494	0.32503	0.32887	-0.32888	0.33042	-0.33059	-0.33296	0.33301	-0.33525	0.33531	-0.33778	0.33784	-0.33859	0.33861	-0.33973	0.33974	0.34325	-0.34343	-0.34542	0.34545	0.34785	-0.34802	-0.3492	0.34929	-0.35069	0.3507	0.35212	-0.3522	-0.35408	0.35418	-0.35684	0.35702	0.3576	-0.35767	-0.35984	0.35999	0.36111	-0.36127	0.36171	-0.36176	0.36437	-0.36457	0.3684	-0.36844	0.37173	-0.37192	0.37462	-0.37469	0.37894	-0.37917	0.38248	-0.38251	0.38541	-0.38551	-0.38764	0.3877	0.39317	-0.39329	0.39827	-0.39835	-0.40344	0.40346	0.41172	-0.4118	-0.90338	0.9036	-1.0131	1.0132	1.0268	-1.0275	1.0349	-1.0357	1.0432	-1.0436	1.0608	-1.0612	1.0671	-1.0674	1.0763	-1.0769	1.0839	-1.0847	1.0891	-1.09	1.095	-1.0953	1.1008	-1.101	-1.1034	1.1036	1.1102	-1.1105	1.114	-1.114	-1.1173	1.1174	1.1301	-1.1302	1.135	-1.1353	-1.1427	1.143	1.1474	-1.1479	1.1521	-1.1525	1.1571	-1.1572	-1.1602	1.1604	-1.169	1.1692	1.1779	-1.1785	-1.1859	1.186	-1.1884	1.189	-1.1932	1.1933	1.1973	-1.1983	1.2026	-1.203	1.2084	-1.2086	-1.211	1.2115	-1.2143	1.2147	1.2197	-1.2199	1.227	-1.227	-1.2313	1.2318	1.2367	-1.2371	1.2398	-1.2399	-1.2416	1.2416	1.2448	-1.2454	1.2495	-1.2498	-1.2511	1.2512	1.2572	-1.2578	1.2646	-1.2649	1.2696	-1.2701	1.2715	-1.2717	1.2743	-1.2744	1.2786	-1.2789	1.2808	-1.2811	-1.2853	1.2853	1.2882	-1.2888	1.2942	-1.2945	1.2994	-1.2996	1.3022	-1.3028	1.3058	-1.3066	1.3094	-1.3097	-1.3126	1.3126	-1.3183	1.3186	1.3249	-1.3254	1.3294	-1.3298	1.3338	-1.3349	1.335	-1.3354	-1.3449	1.3453	1.3488	-1.3492	1.3505	-1.3506	1.3567	-1.3569	1.3642	-1.3643	1.368	-1.3682	1.3733	-1.3734	-1.3785	1.3787	-1.3814	1.3814	1.3946	-1.3955	-1.3997	1.4	1.4087	-1.409	1.4182	-1.4186	-1.4228	1.423	1.4286	-1.4291	1.4321	-1.4323	1.4393	-1.4394	-1.4408	1.4412	1.4469	-1.447	1.4535	-1.454	-1.4597	1.4598	1.4673	-1.4678	-1.4741	1.4744	1.4814	-1.4825	-1.4869	1.4875	1.4876	-1.4878	1.4919	-1.4923	1.4953	-1.4964	1.5042	-1.5044	1.5104	-1.5108	1.515	-1.515	1.517	-1.5171	1.5197	-1.5206	-1.5243	1.5244	1.529	-1.5291	1.5369	-1.5373	1.5462	-1.5475	1.5496	-1.5501	1.5546	-1.5551	1.5595	-1.5597	1.5671	-1.5672	1.5841	-1.5844	1.5852	-1.5859	1.5944	-1.5949	1.6027	-1.6034	1.6085	-1.6086	1.6171	-1.6182	-1.6234	1.624	1.6323	-1.6333	1.6347	-1.6356	1.6414	-1.6418	-1.6472	1.6475	1.6542	-1.6542	-1.6574	1.6577	-1.6679	1.668	-1.675	1.6751	1.6781	-1.6783	1.6811	-1.6822	-1.6909	1.6912	1.6984	-1.6987	-1.7092	1.7099	1.7181	-1.7181	1.727	-1.7276	1.7302	-1.7306	1.7388	-1.7394	1.7423	-1.7428	1.7521	-1.7523	-1.7622	1.7624	1.7674	-1.7684	-1.779	1.779	1.7867	-1.7868	-1.7922	1.7928	-1.7975	1.7979	-1.8025	1.803	1.8087	-1.8092	-1.817	1.8176	1.822	-1.8225	1.8306	-1.8314	-1.8355	1.8364	1.8467	-1.8473	-1.8512	1.8521	1.8599	-1.8603	1.8694	-1.8694	1.8777	-1.8784	-1.8846	1.8847	1.8921	-1.8929	-1.894	1.8941	1.9057	-1.9058	1.9064	-1.9066	1.9096	-1.9101	1.9166	-1.9171	-1.9233	1.9234	1.9332	-1.9344	-1.9384	1.9393	1.9472	-1.9482	-1.9518	1.9523	1.9562	-1.9569	
3.2044e-22	2.2619	0.1911	-0.19124	0.22252	-0.2226	-0.25146	0.2516	-0.26614	0.26614	0.27395	-0.27407	-0.28152	0.28167	-0.28522	0.28524	-0.29603	0.29609	-0.30123	0.30138	-0.3048	0.30498	-0.30866	0.30875	0.31011	-0.31018	-0.31243	0.3125	0.31482	-0.31485	0.31662	-0.31682	-0.31785	0.31797	-0.31926	0.31926	0.32197	-0.32214	0.32377	-0.32387	0.32667	-0.32686	-0.32799	0.328	0.32933	-0.32947	0.3311	-0.33123	-0.33317	0.33333	-0.33605	0.33623	0.33676	-0.33679	0.33915	-0.33938	-0.34053	0.34056	0.34142	-0.34148	0.34394	-0.34417	0.34834	-0.3484	0.35204	-0.35211	-0.35495	0.35495	0.3596	-0.35975	-0.36304	0.36314	0.36613	-0.36626	0.36883	-0.36892	0.37439	-0.37442	0.37959	-0.37986	0.38537	-0.38539	0.39361	-0.39377	-0.91034	0.91054	1.0153	-1.0155	-1.0269	1.0272	1.0355	-1.036	-1.0452	1.0454	1.0613	-1.0619	1.0691	-1.0695	1.0756	-1.0765	1.0852	-1.0854	1.0897	-1.0908	-1.0957	1.0959	1.102	-1.1024	-1.104	1.1042	-1.112	1.112	-1.1153	1.1158	1.1177	-1.1182	-1.1319	1.1324	1.1358	-1.1364	1.1436	-1.1436	1.148	-1.1488	1.1536	-1.1537	-1.1578	1.1578	1.1614	-1.1618	-1.1701	1.1708	1.1794	-1.1795	1.1869	-1.1872	1.19	-1.1905	-1.1939	1.1943	1.1996	-1.1996	1.2041	-1.2052	-1.2096	1.2097	1.2124	-1.2128	-1.2158	1.2162	1.2209	-1.2215	1.2284	-1.2285	1.2333	-1.2334	1.2383	-1.2386	1.241	-1.2415	1.2431	-1.2436	1.2466	-1.2467	1.2509	-1.2513	1.2529	-1.253	1.2586	-1.2591	1.2658	-1.2659	-1.2717	1.2718	1.2729	-1.2734	-1.2756	1.2759	1.2794	-1.2804	1.2827	-1.2836	1.287	-1.2871	1.29	-1.2904	1.2955	-1.2962	1.3005	-1.301	1.304	-1.3042	1.3068	-1.3074	1.3105	-1.3108	-1.3135	1.314	-1.3193	1.3195	1.3264	-1.327	1.3311	-1.3314	1.3348	-1.3362	1.3367	-1.337	-1.3461	1.3463	-1.3507	1.351	1.3515	-1.3516	1.358	-1.3582	-1.3658	1.3658	1.3686	-1.3694	1.3738	-1.374	1.3801	-1.3801	-1.382	1.3826	1.3955	-1.3959	-1.4016	1.4016	-1.4101	1.4106	1.4193	-1.4203	-1.4233	1.4234	1.4288	-1.4295	1.4324	-1.433	1.4401	-1.4403	1.4418	-1.442	-1.4469	1.4471	1.4537	-1.4545	1.4598	-1.4601	1.4674	-1.4677	1.4738	-1.4744	1.4823	-1.4826	-1.4871	1.4874	-1.4876	1.4877	1.4917	-1.4923	1.4965	-1.4968	1.5044	-1.5046	1.5102	-1.5107	-1.5148	1.5151	1.5166	-1.5174	1.5199	-1.5204	1.5245	-1.5247	1.5286	-1.5292	1.5364	-1.5374	1.5463	-1.5474	1.5496	-1.5504	-1.555	1.5557	1.5595	-1.5596	1.5675	-1.5681	1.5837	-1.5845	1.5866	-1.5869	1.5945	-1.5949	1.6034	-1.6037	1.6086	-1.6094	1.6178	-1.6184	1.6237	-1.6242	-1.6333	1.6336	1.6353	-1.6359	1.6415	-1.6418	1.6476	-1.648	1.654	-1.6542	1.6572	-1.6581	1.6683	-1.6684	1.6753	-1.6755	1.6781	-1.6784	1.681	-1.682	-1.6909	1.6911	1.6988	-1.6989	-1.7091	1.7098	-1.7179	1.7183	1.7284	-1.7289	1.7309	-1.7314	1.7393	-1.7403	-1.7433	1.7436	-1.7528	1.7531	-1.7627	1.7634	1.7686	-1.7693	-1.7792	1.7799	1.7871	-1.7875	1.7944	-1.7944	1.7986	-1.7986	1.8034	-1.8038	-1.8099	1.8099	1.8173	-1.8175	1.823	-1.8231	1.8319	-1.8323	1.8365	-1.8368	1.8477	-1.8481	-1.8522	1.8524	1.8611	-1.8616	-1.8705	1.8706	-1.8788	1.8791	-1.8852	1.8853	-1.8928	1.8931	1.8941	-1.8959	-1.9065	1.9067	1.9072	-1.9074	1.9107	-1.911	-1.9177	1.9181	1.9234	-1.9243	1.934	-1.9344	-1.9386	1.9397	-1.948	1.9482	1.9526	-1.9526	1.9565	-1.9571	
3.2044e-22	2.3248	-0.18122	0.1814	0.20837	-0.20865	-0.23563	0.23602	0.2496	-0.24962	-0.25615	0.25621	-0.26319	0.26324	-0.26657	0.26677	0.27702	-0.27729	-0.28126	0.28148	0.2847	-0.28472	0.28835	-0.28851	0.28961	-0.28975	-0.29175	0.29203	0.29424	-0.29437	0.29528	-0.29547	0.29705	-0.29711	0.29855	-0.29887	0.30055	-0.30061	-0.30214	0.3023	-0.30544	0.30544	0.30667	-0.30676	0.3081	-0.30829	0.31006	-0.31038	-0.31238	0.3126	-0.31495	0.31521	0.31617	-0.31625	0.31868	-0.3187	-0.32015	0.32032	0.32114	-0.32133	0.32381	-0.32408	0.32849	-0.32878	-0.33249	0.33262	-0.33544	0.33553	0.34033	-0.34047	0.34399	-0.34411	-0.34688	0.34724	0.35043	-0.3505	-0.35591	0.35591	-0.36151	0.36155	-0.3676	0.36773	-0.37615	0.3763	0.91765	-0.91774	1.0169	-1.017	1.026	-1.0266	1.0356	-1.0361	-1.0461	1.0463	1.0615	-1.0619	1.0701	-1.0712	1.0753	-1.0763	1.0862	-1.0863	1.0906	-1.0917	1.0967	-1.0967	1.1032	-1.1035	-1.1045	1.1045	1.1132	-1.1136	-1.1165	1.1168	1.1184	-1.1192	1.1333	-1.1335	1.1368	-1.1373	-1.1441	1.1444	1.1486	-1.1491	1.1549	-1.155	-1.1581	1.1584	-1.1627	1.1632	1.1717	-1.1717	1.1811	-1.1816	1.1879	-1.1884	1.191	-1.191	1.1943	-1.1945	1.201	-1.2013	1.2056	-1.2063	-1.2105	1.2108	1.2139	-1.2141	-1.2167	1.2177	1.2216	-1.223	1.2295	-1.2301	-1.235	1.2351	1.2399	-1.2403	1.2423	-1.2426	-1.2445	1.2453	-1.2476	1.2483	1.2522	-1.2524	1.2549	-1.255	1.2593	-1.2601	-1.2669	1.2674	1.2731	-1.2736	1.2745	-1.2755	1.277	-1.2773	1.281	-1.2816	1.2844	-1.2849	1.2886	-1.2886	1.2912	-1.2917	1.2971	-1.2975	1.3018	-1.3022	1.305	-1.3058	1.3077	-1.3084	1.3114	-1.3118	-1.3147	1.3151	1.3199	-1.3203	1.3274	-1.3277	1.3324	-1.3326	1.3358	-1.3365	1.3385	-1.3387	1.3483	-1.3484	-1.3513	1.3513	1.3527	-1.3529	1.3592	-1.3594	1.3671	-1.3671	1.3696	-1.3701	1.3745	-1.3749	1.3806	-1.3806	-1.3827	1.3835	1.3963	-1.3972	1.4032	-1.4033	-1.4112	1.4117	1.42	-1.4211	-1.4229	1.4237	1.4289	-1.4294	1.4331	-1.4337	-1.4401	1.4411	-1.4426	1.443	1.4474	-1.4475	1.4543	-1.4551	1.4592	-1.46	-1.4669	1.4671	1.4736	-1.4746	1.4822	-1.4826	-1.4869	1.4869	1.4875	-1.4879	1.4918	-1.4921	1.4965	-1.4975	1.5047	-1.5049	-1.5109	1.511	1.515	-1.5157	-1.5169	1.5173	1.5202	-1.5206	-1.5248	1.5251	1.528	-1.5291	1.536	-1.5369	1.5466	-1.5474	1.5503	-1.5506	1.5553	-1.5554	1.5599	-1.5601	1.5686	-1.5689	-1.5836	1.5842	1.5875	-1.5877	-1.5952	1.5958	-1.6039	1.604	1.609	-1.6094	1.6184	-1.6184	-1.624	1.6248	1.6323	-1.634	1.6362	-1.6365	1.642	-1.642	-1.6483	1.6483	1.6541	-1.6545	-1.6575	1.6582	1.6683	-1.6685	1.6754	-1.6756	1.6782	-1.6785	1.6815	-1.6817	1.6907	-1.691	1.6991	-1.6995	1.7101	-1.7103	-1.7183	1.7184	1.7297	-1.7298	1.7318	-1.7324	1.7404	-1.7408	-1.7444	1.7444	1.7541	-1.7547	-1.7638	1.764	-1.7701	1.7703	-1.7794	1.7801	1.7878	-1.788	-1.7958	1.7959	1.799	-1.7995	1.8043	-1.8046	1.8102	-1.811	1.8173	-1.8177	1.824	-1.824	-1.8324	1.8326	-1.8367	1.8369	1.8484	-1.8484	1.8513	-1.8518	-1.8624	1.8624	1.8707	-1.8711	1.88	-1.8803	1.8862	-1.8864	1.8934	-1.8941	-1.8954	1.8965	-1.9065	1.9074	-1.9085	1.9085	1.9115	-1.9117	1.9179	-1.9184	1.9237	-1.9245	1.9349	-1.9351	-1.9394	1.9394	1.9491	-1.9498	-1.9531	1.9533	1.957	-1.9575	
3.2044e-22	2.3876	0.17131	-0.17164	0.19462	-0.19478	-0.21983	0.22	0.23284	-0.23299	0.23825	-0.23837	-0.24434	0.24456	-0.24801	0.2481	0.25797	-0.25798	-0.26142	0.26169	0.26448	-0.26456	0.2678	-0.26786	-0.26889	0.26889	0.27097	-0.27112	0.27326	-0.27328	0.27429	-0.27444	-0.27614	0.27614	-0.27766	0.2778	-0.27958	0.27958	-0.28045	0.2805	0.28412	-0.28425	-0.28523	0.28534	0.28686	-0.28708	0.28936	-0.28964	-0.29193	0.29199	-0.29441	0.29457	0.2957	-0.29581	0.29819	-0.29827	-0.30004	0.30013	0.30142	-0.30158	0.30397	-0.30439	0.30923	-0.30951	0.3134	-0.31342	0.31644	-0.31656	0.32154	-0.32169	0.32515	-0.32518	-0.32844	0.32844	0.33236	-0.33241	-0.33782	0.33791	0.34363	-0.34382	-0.35026	0.35049	0.35881	-0.35894	0.92533	-0.92561	1.0187	-1.0188	-1.027	1.0271	1.0354	-1.0361	1.0479	-1.0488	1.0611	-1.062	-1.0712	1.0714	1.0758	-1.0764	1.0868	-1.0868	1.0914	-1.0924	-1.0975	1.0977	1.1037	-1.1043	-1.1052	1.1053	-1.1152	1.1155	-1.1174	1.1175	1.1197	-1.12	1.1345	-1.1345	1.1378	-1.1382	-1.1448	1.1451	1.1491	-1.1496	-1.1563	1.1563	-1.1585	1.1592	1.164	-1.164	-1.1726	1.1737	1.1818	-1.1827	-1.1889	1.1894	1.1923	-1.1925	-1.1953	1.1956	1.2023	-1.2028	1.2073	-1.2083	1.2112	-1.2114	-1.215	1.2153	-1.2176	1.2187	1.2228	-1.2237	1.2308	-1.231	-1.2361	1.2366	1.2411	-1.242	-1.2438	1.2444	-1.246	1.2461	1.2494	-1.2495	1.2533	-1.2536	1.2564	-1.2565	1.2607	-1.2611	1.2686	-1.269	1.2744	-1.2744	1.2761	-1.2762	-1.278	1.2782	1.2819	-1.2822	1.2858	-1.2862	1.2897	-1.2901	1.2929	-1.2931	1.299	-1.2992	1.3031	-1.3035	1.3066	-1.3074	1.3088	-1.3091	-1.3123	1.3125	1.3165	-1.3166	-1.3208	1.3214	1.3282	-1.329	1.3334	-1.3337	1.337	-1.3379	1.3393	-1.3403	-1.3486	1.3496	-1.3525	1.3526	-1.3537	1.3538	-1.3601	1.3606	1.3683	-1.3684	1.3703	-1.3707	1.3751	-1.3751	-1.3818	1.3821	-1.3841	1.3851	1.3963	-1.3973	-1.4048	1.4051	-1.4123	1.4129	1.4211	-1.4218	1.4236	-1.424	-1.429	1.4293	1.4334	-1.4336	1.4416	-1.4416	1.4439	-1.444	1.4469	-1.447	1.4547	-1.4557	-1.4597	1.4597	-1.4673	1.4674	1.4742	-1.4744	1.4826	-1.483	-1.487	1.487	1.4879	-1.4879	1.4918	-1.4923	1.4963	-1.4977	1.5047	-1.5054	1.5107	-1.5114	1.5147	-1.515	1.5169	-1.5169	1.5202	-1.521	-1.525	1.5252	1.5284	-1.5287	1.5365	-1.5367	1.5467	-1.5473	1.55	-1.5504	1.5558	-1.556	-1.5597	1.5598	-1.5695	1.5699	1.584	-1.5847	1.5886	-1.5889	-1.5959	1.5963	1.6041	-1.6044	1.6098	-1.6099	-1.6184	1.6189	1.6245	-1.6248	-1.6336	1.6338	1.6366	-1.6369	1.6416	-1.6417	-1.6485	1.6488	1.6538	-1.6541	1.6577	-1.6577	-1.6674	1.6687	-1.6751	1.6756	1.6783	-1.6784	1.6813	-1.6818	-1.6905	1.6911	1.6993	-1.6998	1.7107	-1.7107	-1.7181	1.7187	1.7301	-1.7311	1.7327	-1.7332	1.7412	-1.7418	-1.746	1.7462	1.7542	-1.7548	-1.7649	1.765	-1.7705	1.7712	-1.7805	1.7807	1.7887	-1.789	-1.7972	1.7974	-1.7999	1.8001	-1.8051	1.8056	1.8107	-1.812	-1.8177	1.8181	1.8245	-1.8247	1.8329	-1.8338	-1.8371	1.8373	1.8492	-1.85	1.852	-1.8528	-1.8637	1.8637	1.8718	-1.872	1.8807	-1.8811	1.8869	-1.8869	-1.8939	1.894	1.897	-1.8976	1.9079	-1.9087	-1.9094	1.9095	1.9122	-1.9127	-1.9182	1.9187	1.9241	-1.925	1.9357	-1.936	-1.9392	1.9399	1.9502	-1.9506	-1.9532	1.9539	1.9579	-1.9586	
3.2044e-22	2.4504	0.16135	-0.16153	0.18057	-0.18074	-0.2038	0.20392	0.2162	-0.21622	0.22036	-0.2204	-0.22558	0.22565	-0.22926	0.22941	-0.23847	0.23852	-0.24138	0.24155	0.24417	-0.24427	0.247	-0.24703	-0.24792	0.24797	0.24998	-0.25011	-0.252	0.25204	0.25357	-0.25371	0.25498	-0.25506	-0.25629	0.2563	-0.25873	0.25874	0.25904	-0.25916	-0.26301	0.26306	0.26399	-0.264	0.26578	-0.26596	0.26894	-0.269	0.27166	-0.27166	-0.27397	0.27415	0.27551	-0.27555	0.27775	-0.27786	-0.2802	0.28027	0.2819	-0.28198	0.28474	-0.28512	0.29057	-0.2906	0.29451	-0.29453	-0.29791	0.29802	0.30321	-0.30328	0.30671	-0.30678	0.31026	-0.3104	0.31462	-0.31476	-0.32049	0.32063	0.32633	-0.32666	-0.33361	0.33363	-0.34255	0.34256	-0.93081	0.931	1.0194	-1.0196	-1.0272	1.0276	1.0358	-1.0363	-1.0488	1.0489	1.0617	-1.0622	1.0714	-1.0715	1.0762	-1.0772	1.0869	-1.0878	1.0922	-1.093	-1.0983	1.0983	1.1045	-1.1049	1.1057	-1.106	-1.1166	1.1168	1.118	-1.1185	-1.1203	1.1207	1.1352	-1.1357	1.1387	-1.1389	-1.1452	1.1456	1.1497	-1.1501	1.1573	-1.1574	-1.1598	1.1599	-1.1651	1.1651	-1.1741	1.175	1.1829	-1.1838	-1.1898	1.1899	1.1936	-1.1937	-1.1956	1.1958	1.2037	-1.2041	1.2085	-1.2095	1.2118	-1.2119	1.2158	-1.2165	1.2189	-1.2189	1.2239	-1.2249	1.2314	-1.2317	1.2372	-1.2374	1.2427	-1.2429	1.2447	-1.2449	-1.2472	1.2475	1.2506	-1.2507	-1.2546	1.2547	-1.2579	1.258	1.2616	-1.2621	1.2697	-1.2697	1.2756	-1.2759	1.2773	-1.2776	1.2791	-1.2794	1.2831	-1.2835	1.2869	-1.2872	1.291	-1.2914	1.2938	-1.294	1.3	-1.3005	1.3043	-1.3045	1.3076	-1.308	1.3094	-1.3098	-1.3125	1.3132	-1.3177	1.3181	-1.3218	1.3218	1.3297	-1.3302	1.3342	-1.3343	1.3378	-1.3383	1.3412	-1.3417	1.3502	-1.3503	-1.3528	1.3534	1.3545	-1.3556	1.3614	-1.3616	1.3692	-1.3694	1.3713	-1.3718	1.3755	-1.3759	-1.3828	1.3828	-1.385	1.386	1.3971	-1.3979	1.4066	-1.4066	-1.4135	1.4137	1.4218	-1.4222	-1.4239	1.424	-1.4289	1.429	1.4339	-1.4339	1.4423	-1.4425	-1.4446	1.4448	-1.4467	1.4468	1.4553	-1.4557	1.4599	-1.4601	1.4668	-1.467	1.4739	-1.4743	-1.4831	1.4832	1.4868	-1.487	-1.4879	1.4885	-1.4916	1.4919	1.4971	-1.4982	1.5047	-1.5056	1.5109	-1.5112	1.515	-1.5151	1.5172	-1.5174	1.5216	-1.5216	1.5242	-1.5248	1.5286	-1.5287	1.5364	-1.5365	1.547	-1.5476	1.5499	-1.5505	-1.5559	1.5563	1.5601	-1.5601	-1.5701	1.5702	1.5839	-1.584	1.5886	-1.5893	-1.5963	1.5964	1.6047	-1.6051	1.6102	-1.6105	1.6185	-1.6186	1.6219	-1.6242	1.6339	-1.6344	1.6372	-1.6376	1.642	-1.6422	-1.6489	1.6491	1.6541	-1.6546	-1.6575	1.6579	1.6686	-1.6691	-1.6753	1.6753	-1.6783	1.6783	1.6813	-1.682	1.6907	-1.6912	-1.6998	1.6999	-1.7104	1.7111	-1.7177	1.7185	1.7311	-1.7313	1.7332	-1.7336	1.7421	-1.7422	-1.7468	1.7475	1.7553	-1.7553	-1.7653	1.7656	1.7716	-1.7716	-1.7806	1.7811	1.7893	-1.7897	-1.7983	1.799	-1.8005	1.801	-1.8061	1.8069	1.8118	-1.8121	1.8174	-1.8177	1.8258	-1.8259	1.8342	-1.8344	1.8375	-1.8376	1.8494	-1.85	1.8525	-1.8529	1.8647	-1.8653	1.8719	-1.8725	1.8811	-1.8813	1.8875	-1.8875	-1.8939	1.8939	-1.8988	1.8991	-1.9084	1.9085	1.9104	-1.9107	1.9133	-1.9134	-1.9195	1.9197	1.9236	-1.9249	1.9359	-1.9363	-1.9396	1.9408	1.9504	-1.9511	-1.954	1.9546	1.9583	-1.9584	
3.2044e-22	2.5133	0.15117	-0.15134	0.16647	-0.16659	-0.18756	0.18772	0.1993	-0.19941	0.20224	-0.20236	-0.20658	0.20679	-0.21044	0.2106	-0.2184	0.21849	-0.22138	0.22149	0.22377	-0.22378	-0.22593	0.22596	0.22703	-0.22705	0.22882	-0.22904	0.2306	-0.23063	0.23277	-0.23282	0.23396	-0.23396	-0.2347	0.23489	-0.23724	0.23729	0.23879	-0.23895	0.24198	-0.24199	0.24293	-0.24295	0.24492	-0.24506	0.24859	-0.24886	-0.25163	0.25179	-0.25396	0.2541	-0.25563	0.25572	0.25754	-0.25764	0.26058	-0.26063	0.26295	-0.26306	0.26604	-0.26635	0.27253	-0.27267	-0.27617	0.27625	-0.27998	0.28003	0.28532	-0.2855	0.28892	-0.28906	0.29266	-0.29271	0.29763	-0.2978	0.30381	-0.30395	0.31007	-0.31015	-0.31744	0.31758	0.32659	-0.3267	0.93867	-0.93892	1.0187	-1.0197	1.0274	-1.028	1.0357	-1.0362	1.0499	-1.0503	1.0614	-1.0622	1.0707	-1.071	1.0771	-1.0786	1.0876	-1.0882	1.0928	-1.0936	-1.0988	1.099	1.1051	-1.1054	1.1068	-1.1069	1.1176	-1.1178	1.1186	-1.119	-1.1216	1.1223	1.136	-1.1366	1.1393	-1.1396	1.1455	-1.1459	1.1496	-1.1501	1.1583	-1.1585	1.1604	-1.1606	1.1662	-1.1664	-1.1751	1.1755	1.1844	-1.185	-1.1903	1.1904	1.1943	-1.195	-1.1964	1.1968	1.2046	-1.205	1.2097	-1.2105	1.2126	-1.2128	1.2171	-1.2176	-1.2199	1.22	1.2248	-1.2257	1.2325	-1.2328	-1.2387	1.2387	1.244	-1.2444	-1.2457	1.2459	-1.2483	1.2485	1.2517	-1.2521	1.2553	-1.2559	-1.2591	1.2592	1.2625	-1.2626	1.2707	-1.2709	1.2766	-1.2766	1.2784	-1.2787	-1.2803	1.2805	1.2836	-1.2852	1.2883	-1.2887	1.2922	-1.2925	1.2948	-1.2952	-1.3018	1.3018	1.3051	-1.3055	1.3085	-1.3092	1.31	-1.3102	-1.3136	1.3137	-1.319	1.3191	1.322	-1.322	1.3303	-1.3311	1.335	-1.3354	1.3388	-1.34	1.3422	-1.3426	-1.3511	1.3513	-1.3539	1.3539	-1.3562	1.3564	-1.3624	1.3627	1.37	-1.3701	1.3723	-1.3727	1.3764	-1.3766	-1.3831	1.3835	-1.3862	1.3866	1.3978	-1.3985	1.4081	-1.4083	-1.4146	1.4149	1.4217	-1.423	1.4244	-1.4246	1.4283	-1.4292	-1.4345	1.4346	-1.4426	1.4428	1.4459	-1.446	-1.4473	1.4476	1.4557	-1.4567	-1.46	1.4601	1.4665	-1.4672	1.4741	-1.4743	-1.4829	1.4832	-1.4869	1.4871	-1.4881	1.4881	1.4914	-1.492	1.4973	-1.4985	1.5054	-1.5059	-1.5113	1.5114	1.5149	-1.5152	1.5173	-1.5173	1.5212	-1.5224	1.5245	-1.5247	1.528	-1.529	1.5356	-1.5364	1.547	-1.5479	1.5497	-1.5508	1.5556	-1.5563	-1.5603	1.5605	-1.5709	1.5712	1.5838	-1.5845	1.59	-1.5904	1.5968	-1.597	-1.6052	1.6056	1.6101	-1.6107	1.6188	-1.6191	-1.6256	1.6261	-1.6344	1.6344	1.6382	-1.6384	1.6419	-1.642	-1.6492	1.6495	1.654	-1.6542	-1.6577	1.6581	-1.6693	1.6694	1.6749	-1.6749	1.6789	-1.6791	1.6812	-1.6819	1.6904	-1.6909	1.7003	-1.7007	-1.7112	1.7115	1.7182	-1.7184	-1.7312	1.7312	1.7341	-1.7342	1.7423	-1.7431	1.7479	-1.748	-1.7557	1.7558	-1.7657	1.7661	1.7727	-1.7729	-1.7812	1.7813	1.79	-1.7904	-1.7994	1.7995	-1.8009	1.801	1.8064	-1.8065	1.8126	-1.8127	1.8173	-1.8174	1.8272	-1.8272	-1.8349	1.8352	-1.8377	1.8384	-1.8499	1.8501	1.8524	-1.8526	1.8662	-1.8672	-1.8736	1.8736	-1.8807	1.882	1.8883	-1.8891	1.8942	-1.8942	1.8987	-1.8991	-1.9088	1.9088	-1.9112	1.9115	1.9142	-1.9147	-1.9201	1.9203	1.9249	-1.9254	1.9362	-1.9365	-1.9406	1.9407	1.9512	-1.9514	-1.9542	1.9548	1.9579	-1.959	
3.2044e-22	2.5761	0.14064	-0.14078	0.15236	-0.15244	-0.17109	0.1712	0.1823	-0.18237	0.18397	-0.18415	-0.18772	0.18788	-0.19156	0.19163	0.19786	-0.19797	-0.20136	0.20137	-0.20303	0.20312	0.20475	-0.20477	0.20595	-0.20611	0.20778	-0.20793	0.20933	-0.20934	0.21134	-0.21138	0.213	-0.21314	-0.21373	0.21382	-0.21584	0.2159	0.21882	-0.21898	0.22131	-0.22132	-0.22207	0.22217	0.22431	-0.22443	0.22865	-0.22888	-0.23228	0.23238	-0.23441	0.23465	-0.23623	0.23632	-0.23786	0.23787	-0.24131	0.24138	0.24461	-0.24469	0.24776	-0.248	-0.25551	0.25561	-0.25866	0.25885	0.26284	-0.26296	0.26826	-0.26832	0.2718	-0.27197	0.2757	-0.27584	0.28128	-0.28141	-0.28822	0.28824	0.29429	-0.29446	0.30221	-0.30238	-0.31163	0.3118	0.94369	-0.94459	1.0179	-1.0183	1.0281	-1.0287	1.0358	-1.0372	1.0503	-1.0505	1.0621	-1.0628	1.0698	-1.0706	1.0777	-1.0786	1.0878	-1.0882	1.0935	-1.0941	-1.099	1.0998	1.1054	-1.1056	1.1075	-1.1081	1.1183	-1.1187	1.1195	-1.12	1.1225	-1.1226	1.1364	-1.137	-1.1399	1.1401	-1.1462	1.1466	1.1498	-1.1502	1.1593	-1.1594	1.1613	-1.1613	1.1673	-1.1674	-1.1757	1.1767	1.1855	-1.1856	-1.1908	1.1908	1.1939	-1.1961	-1.1969	1.1972	1.2059	-1.2063	1.2104	-1.2114	1.2131	-1.2132	1.218	-1.2186	-1.2202	1.2207	1.2257	-1.2271	1.2333	-1.2337	-1.2391	1.2398	1.245	-1.2452	-1.2469	1.247	-1.2489	1.2492	1.2525	-1.2528	1.2564	-1.2564	-1.2602	1.2603	1.2634	-1.2639	1.2715	-1.2721	1.2772	-1.2776	1.2793	-1.2795	1.2815	-1.282	1.2851	-1.2865	1.289	-1.2895	1.293	-1.2937	1.2959	-1.2965	1.3025	-1.3036	1.3058	-1.3061	1.3091	-1.3102	1.3109	-1.3112	-1.3144	1.3148	-1.3198	1.3201	1.3227	-1.3228	1.3308	-1.3314	1.3353	-1.3356	1.3394	-1.3405	1.3435	-1.3438	1.3517	-1.3519	-1.3541	1.3548	1.3571	-1.3576	-1.3628	1.3633	1.37	-1.3707	-1.3736	1.3736	1.3764	-1.3766	-1.3841	1.3842	-1.3872	1.3875	1.3985	-1.3994	1.4094	-1.4098	-1.4152	1.4159	1.4226	-1.4228	1.4245	-1.4252	1.4291	-1.4292	-1.4344	1.435	-1.4431	1.4432	1.4461	-1.4464	1.4478	-1.4484	1.4561	-1.4566	1.4592	-1.4605	1.467	-1.4672	-1.4742	1.4742	1.4824	-1.483	1.4867	-1.4872	-1.4888	1.489	1.4914	-1.4919	1.4971	-1.4984	1.5059	-1.5061	1.5114	-1.5114	1.515	-1.5152	1.517	-1.5174	1.5217	-1.5224	-1.5245	1.5252	1.5279	-1.5287	1.5355	-1.5362	1.5471	-1.5474	1.5503	-1.5506	-1.5562	1.5562	1.5602	-1.5605	1.5707	-1.5714	1.5837	-1.5847	1.5907	-1.591	1.5973	-1.5975	1.6055	-1.6058	1.6103	-1.6106	1.6191	-1.6192	-1.6253	1.6258	1.634	-1.6347	1.6384	-1.6386	1.6417	-1.6424	-1.6495	1.6496	1.6539	-1.6547	-1.657	1.6576	1.669	-1.6702	-1.6748	1.6748	-1.6794	1.6795	1.681	-1.682	-1.6903	1.6903	-1.7004	1.7005	-1.7116	1.7121	1.7181	-1.7185	1.7323	-1.7323	1.7345	-1.7347	-1.7434	1.7435	-1.7494	1.7499	1.7559	-1.7574	1.7663	-1.7667	1.773	-1.7732	-1.7814	1.7821	1.7907	-1.7907	1.8002	-1.8003	-1.8013	1.8022	1.8076	-1.8076	1.8127	-1.8134	-1.8176	1.8177	-1.8271	1.8287	1.835	-1.8357	1.8388	-1.8396	-1.8501	1.8512	1.853	-1.8532	1.8677	-1.8679	1.8739	-1.8743	-1.882	1.8824	1.8889	-1.889	-1.8944	1.8945	1.8998	-1.9002	1.9088	-1.91	1.9116	-1.9118	-1.9147	1.9151	1.92	-1.92	1.925	-1.926	1.9369	-1.9369	1.9399	-1.9409	1.952	-1.9523	-1.9554	1.9555	-1.9581	1.9592	
3.2044e-22	2.6389	0.12945	-0.1296	0.13819	-0.13825	-0.15433	0.15445	0.16433	-0.16453	0.16578	-0.16582	-0.16891	0.16911	-0.17244	0.17263	-0.17699	0.17707	-0.18081	0.18086	-0.18204	0.1821	0.1833	-0.18349	0.18493	-0.18518	0.18679	-0.18702	0.18829	-0.1884	0.18972	-0.1898	0.19219	-0.19224	-0.19344	0.19351	-0.1948	0.19482	0.19904	-0.19923	-0.20094	0.2011	0.20173	-0.20181	0.20416	-0.20438	0.20927	-0.20929	-0.21364	0.21385	-0.21565	0.21574	-0.21732	0.2174	0.21872	-0.21874	0.22258	-0.22259	0.22686	-0.22688	0.23018	-0.23047	0.2395	-0.23951	-0.24226	0.24229	0.24661	-0.24666	0.252	-0.25201	0.25562	-0.25574	-0.25977	0.2598	0.2658	-0.26589	0.27343	-0.27353	0.27957	-0.27978	-0.28786	0.28788	0.29758	-0.29761	-0.9491	0.95094	1.0157	-1.0171	-1.0291	1.0297	1.0355	-1.0371	-1.0514	1.0517	1.0621	-1.0623	1.0693	-1.0699	1.079	-1.0803	1.0878	-1.0885	-1.0939	1.0941	-1.1001	1.1002	1.1059	-1.1063	-1.1085	1.1085	-1.119	1.1192	1.1198	-1.121	-1.1235	1.1245	1.136	-1.1376	-1.1406	1.1407	1.1466	-1.1467	1.15	-1.1506	-1.1602	1.1606	1.1616	-1.1617	-1.1679	1.1682	-1.1767	1.1776	1.1854	-1.1861	-1.1911	1.1916	1.1962	-1.1966	-1.1977	1.1982	1.2066	-1.2069	1.211	-1.2121	1.214	-1.2142	1.2192	-1.2193	-1.2214	1.2216	1.2266	-1.2279	-1.2341	1.2341	-1.2402	1.2405	1.2464	-1.2465	1.2475	-1.2476	1.2494	-1.2497	-1.2535	1.2536	1.2574	-1.2576	-1.261	1.2613	1.2642	-1.2651	1.2719	-1.2725	1.2778	-1.2779	1.2804	-1.2807	-1.2825	1.2827	1.2859	-1.2872	1.2901	-1.2905	1.2941	-1.2946	1.297	-1.2974	1.3035	-1.3041	1.3064	-1.3072	1.3101	-1.3108	-1.3118	1.3119	-1.3149	1.3153	-1.3208	1.3211	-1.3231	1.3233	1.3316	-1.3323	1.3353	-1.3359	1.3402	-1.3414	-1.3448	1.3449	-1.3524	1.3527	-1.3547	1.3555	-1.3581	1.3583	1.3641	-1.3645	1.3706	-1.3709	1.3744	-1.3747	-1.3773	1.3774	1.3849	-1.3851	-1.3884	1.3884	1.3988	-1.3994	-1.4108	1.4108	-1.4159	1.4166	1.4231	-1.4235	1.4247	-1.4253	1.4291	-1.4292	1.4353	-1.4355	-1.4437	1.444	-1.4461	1.4467	1.4485	-1.4489	1.4564	-1.4566	1.4601	-1.461	1.4666	-1.4671	1.474	-1.4742	1.482	-1.4827	-1.4865	1.4866	1.4881	-1.4883	1.4908	-1.4919	1.4985	-1.4987	1.5061	-1.5064	1.5108	-1.5112	-1.5145	1.5146	-1.5173	1.5175	1.522	-1.5228	1.5251	-1.5252	1.5282	-1.5286	1.5352	-1.5363	1.5473	-1.5474	1.5506	-1.5507	-1.5563	1.5568	1.5598	-1.5608	1.5715	-1.5718	1.5836	-1.5845	1.5912	-1.5918	-1.5982	1.5982	1.6058	-1.6068	1.6105	-1.611	-1.619	1.6195	1.6257	-1.6258	1.6343	-1.6352	1.6387	-1.639	-1.6414	1.642	-1.6493	1.6498	-1.6536	1.655	-1.6573	1.6573	1.6693	-1.6704	1.6746	-1.6749	1.6789	-1.6798	1.6813	-1.6818	1.6903	-1.6905	-1.7006	1.7006	-1.7113	1.7123	-1.7181	1.7185	1.7324	-1.733	1.7353	-1.7353	1.7432	-1.7441	-1.75	1.751	1.7567	-1.7571	-1.7663	1.7673	1.7736	-1.774	-1.7813	1.7821	-1.7908	1.7909	-1.8012	1.8012	-1.8019	1.8025	-1.8078	1.8079	-1.8133	1.8133	1.8174	-1.8175	-1.8285	1.829	-1.8366	1.8368	1.839	-1.8391	1.8513	-1.852	1.8525	-1.8528	1.868	-1.8692	1.8749	-1.8755	1.8827	-1.8829	-1.8886	1.8897	-1.8941	1.8944	-1.9006	1.9012	1.9093	-1.9101	1.9125	-1.9127	1.9159	-1.9164	1.9201	-1.9203	1.9258	-1.9263	1.9368	-1.937	-1.9405	1.9413	1.9515	-1.952	-1.9553	1.956	-1.9595	1.9597	
3.2044e-22	2.7018	0.11744	-0.11752	0.12398	-0.12404	-0.13715	0.13729	0.14567	-0.1458	0.1473	-0.14745	-0.15032	0.15046	-0.15346	0.15354	-0.15599	0.15612	-0.15981	0.16005	0.1609	-0.16093	0.16221	-0.16224	0.16405	-0.16422	0.16588	-0.16597	0.16774	-0.16778	0.16843	-0.16847	-0.17175	0.17182	-0.17326	0.17331	0.17439	-0.17445	0.17948	-0.1795	-0.18143	0.18149	0.18221	-0.1823	0.18484	-0.18504	0.19037	-0.19041	-0.19569	0.19585	-0.19779	0.19795	-0.19902	0.19904	-0.20053	0.20084	0.20466	-0.20478	0.20992	-0.21004	0.21348	-0.21373	0.22421	-0.22434	-0.22715	0.22716	0.23114	-0.23136	0.2366	-0.2367	0.2405	-0.24078	0.2447	-0.24472	0.25124	-0.25144	-0.25991	0.26004	0.26591	-0.26614	-0.27459	0.27464	0.28465	-0.28476	0.95584	-0.9563	1.0146	-1.015	1.0298	-1.0299	1.0365	-1.0374	1.0523	-1.0531	1.0614	-1.0621	1.0686	-1.0687	1.0801	-1.0804	-1.0882	1.0882	1.0941	-1.0946	-1.1004	1.1004	1.1066	-1.1069	1.1092	-1.1092	1.1184	-1.1188	1.1206	-1.1217	-1.1243	1.125	1.1366	-1.1378	-1.1411	1.1412	-1.1467	1.1468	1.1498	-1.1506	-1.1607	1.1612	1.1622	-1.1624	1.1687	-1.1691	-1.1772	1.178	1.1863	-1.1875	-1.1912	1.1917	1.1965	-1.1973	1.1986	-1.1988	1.2075	-1.2079	1.2118	-1.2123	1.2147	-1.215	-1.2194	1.2194	-1.2216	1.2219	1.2277	-1.2289	-1.2345	1.2345	-1.2407	1.241	1.247	-1.2474	1.2482	-1.2484	-1.2507	1.2512	1.2543	-1.2548	1.258	-1.2583	1.2621	-1.2623	1.265	-1.2655	1.2732	-1.274	1.2783	-1.2786	-1.2806	1.2809	1.2833	-1.2835	1.2868	-1.2883	1.291	-1.2911	1.295	-1.2952	1.2977	-1.2987	1.3044	-1.3052	1.3072	-1.308	1.3111	-1.3114	-1.3124	1.3127	-1.3153	1.316	-1.3219	1.3221	1.3234	-1.3236	1.3319	-1.3331	1.335	-1.3365	1.3411	-1.3416	-1.3452	1.3454	-1.3524	1.3536	-1.3552	1.3553	-1.3588	1.3588	1.3646	-1.3651	1.3707	-1.3712	-1.3747	1.3748	1.3775	-1.3777	1.3852	-1.3854	-1.3893	1.3895	1.399	-1.3998	1.4121	-1.4122	-1.4165	1.4177	1.4235	-1.4236	1.425	-1.4256	1.4286	-1.4288	1.4355	-1.4358	-1.4436	1.4438	-1.4462	1.4465	1.449	-1.4495	-1.4569	1.457	1.4609	-1.461	1.4663	-1.4671	1.4742	-1.4743	-1.4827	1.4832	1.4865	-1.4866	-1.4883	1.4884	1.4917	-1.4917	1.4987	-1.499	1.5065	-1.5066	1.5116	-1.5117	1.5147	-1.5149	1.5169	-1.5173	1.5222	-1.5227	1.5249	-1.5251	1.5281	-1.5286	1.5356	-1.5357	1.5474	-1.5475	1.5498	-1.5507	1.5562	-1.5566	1.561	-1.5612	1.5719	-1.5723	-1.584	1.5841	1.592	-1.5924	-1.598	1.5982	1.6064	-1.6068	1.6109	-1.6113	1.6194	-1.6194	1.6267	-1.6269	1.6337	-1.6342	1.6393	-1.6395	-1.6415	1.6418	-1.6493	1.6501	1.6541	-1.6547	1.6563	-1.6571	-1.6697	1.6699	1.6748	-1.6753	1.679	-1.6795	1.6813	-1.6822	1.69	-1.6906	1.7014	-1.7016	-1.7123	1.7128	-1.7182	1.7185	1.7326	-1.7333	1.7357	-1.7358	1.7438	-1.7441	-1.7505	1.7512	1.7572	-1.7572	1.7678	-1.768	1.7739	-1.7743	-1.7823	1.7826	1.7917	-1.7918	1.8019	-1.802	-1.8024	1.803	1.8084	-1.8089	1.8135	-1.8137	1.8172	-1.8179	-1.8292	1.8299	1.8366	-1.8372	1.8393	-1.8393	1.8517	-1.8518	1.8525	-1.8536	1.8693	-1.8697	1.8745	-1.8759	-1.8833	1.8835	1.8895	-1.8902	-1.8946	1.895	1.901	-1.9023	1.9088	-1.9097	1.9133	-1.914	1.9165	-1.9171	1.9207	-1.9207	1.9264	-1.9267	1.9372	-1.9376	1.9412	-1.9413	1.9524	-1.9528	-1.9565	1.9568	1.96	-1.9601	
3.2044e-22	2.7646	0.10409	-0.10421	0.10974	-0.10976	-0.11965	0.11984	0.12636	-0.12655	0.12831	-0.12834	0.13137	-0.13144	-0.13403	0.13406	-0.13514	0.13529	-0.13852	0.13854	-0.13951	0.13957	0.14127	-0.14136	0.14354	-0.14366	0.14494	-0.14509	0.1476	-0.14761	-0.1479	0.14806	-0.15184	0.15197	0.15351	-0.15358	0.15511	-0.15516	0.16033	-0.16035	0.16233	-0.16239	0.16403	-0.16406	0.16663	-0.16686	-0.17231	0.17234	-0.17859	0.17881	-0.18095	0.18096	-0.18203	0.18205	-0.18349	0.1838	0.18765	-0.1879	0.1941	-0.19413	0.19796	-0.19819	-0.21022	0.21022	-0.21357	0.21359	0.21725	-0.21732	0.22245	-0.22259	0.22686	-0.22699	-0.23089	0.23094	0.23801	-0.23807	0.24773	-0.24774	0.25381	-0.25391	-0.26268	0.26274	0.27302	-0.27308	0.96095	-0.96191	1.0129	-1.0129	1.0303	-1.031	1.0361	-1.0366	1.0529	-1.0535	1.0618	-1.0626	1.0679	-1.0685	1.0803	-1.0826	1.0877	-1.0884	1.0948	-1.0948	1.1005	-1.1012	1.106	-1.1069	1.1086	-1.1103	-1.1183	1.1187	-1.1223	1.1226	-1.125	1.1256	1.1367	-1.1378	-1.1416	1.1416	-1.1473	1.1475	1.1505	-1.1507	-1.1612	1.162	-1.1626	1.1628	1.1692	-1.1698	-1.1782	1.1789	1.1871	-1.1876	-1.1917	1.1921	1.1978	-1.1981	-1.1991	1.1998	1.208	-1.2086	1.2124	-1.2127	1.2154	-1.216	-1.2199	1.2202	-1.2215	1.2223	1.2277	-1.2293	1.2351	-1.2351	1.2417	-1.2418	1.2477	-1.2479	-1.249	1.2496	1.2508	-1.2511	1.2549	-1.255	1.2586	-1.2591	1.2629	-1.263	1.2657	-1.266	1.2739	-1.274	-1.2786	1.2793	1.2814	-1.2822	1.2841	-1.2844	1.2862	-1.2881	1.2914	-1.2921	1.2956	-1.2961	1.298	-1.2994	1.305	-1.3062	1.3078	-1.308	1.3106	-1.3119	-1.3129	1.3131	-1.3159	1.3166	-1.3225	1.3228	1.3238	-1.3246	1.3324	-1.3329	-1.3354	1.3356	1.3409	-1.3425	-1.3462	1.3463	1.3531	-1.3535	-1.3558	1.3574	1.3593	-1.3599	1.3656	-1.3661	1.3708	-1.3709	-1.3759	1.376	1.377	-1.3786	-1.3856	1.3859	-1.3899	1.3902	1.3996	-1.4005	-1.4127	1.4132	-1.4176	1.4179	1.4233	-1.4234	1.4251	-1.4262	-1.4285	1.4288	1.4356	-1.4363	-1.444	1.4448	-1.4462	1.4474	1.4498	-1.4504	-1.4562	1.4563	1.4615	-1.4622	1.4665	-1.4672	-1.4737	1.474	1.4823	-1.4824	-1.4862	1.4864	1.4884	-1.4891	1.4914	-1.4918	1.4984	-1.499	1.5065	-1.5069	1.5111	-1.512	-1.5148	1.515	1.5168	-1.5175	1.5224	-1.5235	1.5252	-1.5257	-1.5281	1.5284	1.5351	-1.5352	1.5472	-1.5482	1.5503	-1.5508	-1.5564	1.5568	-1.561	1.5614	1.572	-1.5724	1.5837	-1.5843	1.5921	-1.5931	-1.5985	1.5986	1.6069	-1.6076	1.6108	-1.612	1.6196	-1.6197	1.626	-1.6268	1.634	-1.6361	1.6396	-1.64	1.6418	-1.6421	-1.6501	1.6501	-1.655	1.6554	-1.6568	1.6569	-1.6694	1.6702	1.6747	-1.6748	1.6792	-1.6794	1.6813	-1.6815	1.69	-1.6903	1.7011	-1.7012	-1.7124	1.7138	-1.7175	1.7182	1.7328	-1.7328	-1.7361	1.7361	-1.7444	1.7444	1.7505	-1.7511	1.7575	-1.7576	-1.768	1.7681	1.7741	-1.775	-1.7821	1.7827	1.7906	-1.7926	1.8016	-1.8025	1.8032	-1.8036	-1.8086	1.8091	-1.8137	1.8139	1.817	-1.8174	-1.829	1.8305	1.8373	-1.8379	1.839	-1.84	1.8518	-1.8521	-1.8531	1.8536	-1.8697	1.87	1.8761	-1.8761	-1.8837	1.8838	-1.8903	1.8903	1.8954	-1.8957	1.8994	-1.9021	1.9092	-1.9093	1.9139	-1.9144	1.9174	-1.918	1.9207	-1.9208	1.9267	-1.9271	1.9372	-1.9377	-1.9408	1.9424	1.9524	-1.9532	1.9574	-1.9574	-1.9605	1.9607	
3.2044e-22	2.8274	0.089627	-0.089667	-0.095127	0.095165	-0.1018	0.10184	0.10677	-0.10696	-0.10868	0.10871	0.11138	-0.11139	0.11339	-0.11346	-0.11496	0.11504	-0.11693	0.11697	-0.11846	0.11857	0.12063	-0.12078	0.12348	-0.12359	0.12465	-0.12476	0.12799	-0.1282	-0.12911	0.12915	-0.13265	0.1327	-0.13464	0.13472	0.13714	-0.13721	-0.14216	0.14217	-0.14424	0.1444	0.14705	-0.14706	0.14986	-0.15014	0.15553	-0.15554	-0.16257	0.16289	0.16482	-0.16485	-0.16696	0.16707	-0.16816	0.16827	0.17224	-0.17242	0.17948	-0.17954	0.18386	-0.18404	0.19744	-0.19748	0.20169	-0.20172	0.20468	-0.20475	-0.20982	0.20988	0.2145	-0.21467	0.21846	-0.21868	0.22614	-0.22633	0.23701	-0.23708	0.24285	-0.24312	-0.25206	0.25218	0.26272	-0.26274	0.96758	-0.96823	1.0105	-1.0111	1.0313	-1.0315	1.0365	-1.0377	1.053	-1.0533	-1.0621	1.0622	-1.0671	1.0676	1.0814	-1.082	1.0884	-1.0886	1.0943	-1.0952	-1.1007	1.101	1.1077	-1.1081	1.1106	-1.1109	-1.1196	1.1197	1.1223	-1.123	-1.1255	1.1265	1.1367	-1.1379	1.1417	-1.142	1.1478	-1.1479	1.1507	-1.1508	-1.1622	1.1625	1.1633	-1.1635	1.1697	-1.1706	-1.1785	1.1794	1.1876	-1.1876	-1.1922	1.1922	1.1976	-1.1983	1.1994	-1.1997	-1.209	1.2091	-1.2126	1.2127	-1.2159	1.216	1.22	-1.2211	-1.2219	1.2223	1.2284	-1.2303	1.2352	-1.2356	-1.2416	1.2423	1.2484	-1.2488	-1.2497	1.2497	1.2511	-1.2516	-1.2557	1.2558	1.2592	-1.2594	-1.2631	1.2636	1.2662	-1.2665	1.2746	-1.2748	-1.2788	1.2792	1.2823	-1.2824	1.285	-1.2851	1.2879	-1.2893	-1.292	1.2921	1.2961	-1.2966	1.2991	-1.2996	1.3062	-1.3068	1.3077	-1.3088	1.3122	-1.3123	1.3132	-1.3135	-1.3164	1.3166	-1.3224	1.3226	1.3242	-1.3245	1.3332	-1.3339	1.3361	-1.3366	1.3425	-1.3428	1.3473	-1.3476	1.3532	-1.3535	-1.3562	1.3575	1.3596	-1.3602	-1.3659	1.3661	1.3709	-1.3711	-1.3768	1.3768	1.3778	-1.3786	1.3857	-1.3866	-1.3907	1.3911	1.4	-1.4008	-1.414	1.4141	-1.4183	1.4189	1.4236	-1.4238	1.4253	-1.4258	1.4282	-1.4284	1.4362	-1.4366	-1.4447	1.4447	1.4468	-1.447	1.4501	-1.4508	1.4565	-1.4567	1.4621	-1.4624	1.4666	-1.4667	1.474	-1.4744	1.4815	-1.482	-1.4857	1.4861	-1.4888	1.4893	1.4915	-1.4919	1.4976	-1.4991	1.5064	-1.507	1.5118	-1.512	1.5146	-1.5147	1.5171	-1.5173	1.5229	-1.5239	1.5248	-1.5252	1.5281	-1.5286	1.5346	-1.5356	1.5471	-1.5481	1.5497	-1.5507	1.5564	-1.5567	-1.5609	1.561	1.5723	-1.5728	1.5837	-1.5842	1.5921	-1.5929	1.5985	-1.5986	1.6073	-1.6074	1.6109	-1.6119	-1.6195	1.6197	1.627	-1.6271	-1.6346	1.6348	1.6399	-1.6399	1.6418	-1.6425	-1.6504	1.6508	-1.6541	1.6541	1.6563	-1.6571	-1.67	1.6702	1.6743	-1.6748	-1.6798	1.6799	1.6812	-1.6816	-1.6899	1.6902	-1.7009	1.7016	-1.713	1.7139	-1.7178	1.718	1.7333	-1.7343	-1.7364	1.7367	1.7437	-1.7451	-1.7517	1.7524	-1.7575	1.7577	1.7686	-1.7686	1.7753	-1.7756	-1.7824	1.7826	1.7922	-1.7924	-1.8031	1.8032	1.8039	-1.8044	1.809	-1.8091	-1.8139	1.8144	1.817	-1.8173	-1.8307	1.8317	-1.8382	1.8384	-1.84	1.8405	1.852	-1.8521	1.8534	-1.8539	-1.871	1.8715	-1.876	1.8764	-1.8841	1.8843	-1.8908	1.8909	1.8941	-1.8952	1.9026	-1.9028	1.9095	-1.9099	1.9137	-1.9145	1.9182	-1.9183	1.9207	-1.921	1.9275	-1.9277	1.9377	-1.938	-1.9407	1.9413	1.9527	-1.9532	-1.9576	1.9579	1.9604	-1.9608	
3.2044e-22	2.8903	0.074226	-0.074275	0.079464	-0.079478	-0.083379	0.083424	0.086895	-0.087013	-0.088609	0.088778	0.090508	-0.090578	0.092725	-0.092741	-0.094595	0.094653	0.09567	-0.095692	-0.098576	0.098704	0.10026	-0.1004	0.10354	-0.10366	0.10598	-0.10604	0.10972	-0.10987	-0.11169	0.1117	-0.1147	0.11482	0.11714	-0.11722	0.12065	-0.12067	-0.12549	0.12557	-0.12749	0.12758	0.13153	-0.13163	0.13517	-0.13539	0.14037	-0.14043	-0.14835	0.14855	-0.15021	0.15034	-0.1539	0.15399	-0.1547	0.15474	0.15847	-0.15868	0.16655	-0.16663	0.17152	-0.17175	0.18664	-0.18665	-0.19139	0.19147	0.19385	-0.19392	0.19898	-0.19902	0.20416	-0.20432	-0.20791	0.20807	0.21607	-0.2163	0.22791	-0.22801	0.23385	-0.23396	0.24324	-0.24328	-0.25405	0.25406	-0.97326	0.97361	1.0078	-1.0087	1.0316	-1.0322	1.0369	-1.0369	-1.0539	1.054	1.0618	-1.0623	1.0669	-1.0672	1.0818	-1.0829	1.0881	-1.0885	1.0951	-1.0955	-1.0986	1.1009	1.1072	-1.1089	1.111	-1.1116	1.1192	-1.1199	1.1229	-1.123	-1.1263	1.1266	1.1371	-1.138	-1.142	1.1422	1.1474	-1.148	1.1505	-1.1509	-1.1628	1.1628	1.1636	-1.1638	-1.1707	1.1708	-1.1787	1.1797	1.1882	-1.1883	-1.1919	1.1925	1.1986	-1.1988	1.1999	-1.2002	1.209	-1.2094	1.2127	-1.2137	1.2164	-1.2168	1.2211	-1.2213	-1.2222	1.223	1.2292	-1.2305	-1.2357	1.2358	1.2423	-1.2424	1.249	-1.2494	-1.2499	1.25	1.252	-1.2521	1.256	-1.2564	1.2597	-1.2602	-1.2638	1.2641	1.2668	-1.2675	1.2749	-1.2753	-1.2796	1.2796	-1.2829	1.283	1.2854	-1.2856	1.2881	-1.29	-1.2922	1.2925	1.2963	-1.2971	1.2997	-1.3003	-1.3071	1.3072	1.3083	-1.3091	1.3121	-1.3126	1.3133	-1.314	-1.3166	1.3174	-1.3227	1.3229	-1.3246	1.3247	1.3334	-1.3343	1.3364	-1.3365	1.3424	-1.3435	1.3472	-1.3486	-1.354	1.3541	-1.3567	1.3572	-1.3604	1.3609	1.3665	-1.3666	1.3712	-1.3713	1.3769	-1.3771	1.3775	-1.3783	-1.3864	1.3869	1.391	-1.3911	1.4002	-1.401	1.4145	-1.415	-1.4187	1.4196	1.4236	-1.4242	1.4253	-1.4256	1.4282	-1.4283	1.4364	-1.437	-1.4447	1.4449	-1.4468	1.447	1.4502	-1.4514	1.4563	-1.4567	1.4626	-1.4631	1.4658	-1.4665	1.4737	-1.4744	-1.4815	1.4817	-1.4855	1.4862	-1.4893	1.4893	1.4911	-1.492	1.4983	-1.4988	1.507	-1.5071	1.5119	-1.5123	-1.5146	1.5147	1.5168	-1.5174	-1.5232	1.5233	1.5247	-1.5248	1.5282	-1.5285	1.5348	-1.5353	1.5475	-1.5485	1.5498	-1.5505	1.5565	-1.5569	1.5609	-1.5616	1.5722	-1.5727	1.5833	-1.5841	1.5926	-1.5939	1.5986	-1.5992	1.6071	-1.6076	1.6109	-1.6112	-1.6198	1.6198	1.627	-1.6279	1.6345	-1.635	1.6401	-1.6404	1.642	-1.6422	-1.6504	1.6509	1.6543	-1.6547	1.656	-1.6566	-1.6698	1.67	1.6742	-1.6745	1.6798	-1.6799	1.6813	-1.6822	1.6898	-1.69	1.7016	-1.702	-1.7131	1.7137	-1.7177	1.7181	-1.7332	1.7332	-1.7367	1.7368	-1.7447	1.7448	-1.7524	1.7534	1.7579	-1.7583	-1.769	1.7692	1.7755	-1.7757	-1.7825	1.7827	1.7925	-1.7928	-1.8033	1.8036	1.8044	-1.8046	1.8084	-1.8087	-1.8137	1.814	1.8165	-1.817	-1.8313	1.8322	1.837	-1.8393	1.8398	-1.8403	-1.8515	1.8522	1.8536	-1.8543	1.8722	-1.8723	-1.8763	1.8768	1.8841	-1.8845	1.8907	-1.8909	-1.8946	1.8954	-1.9029	1.9029	1.9098	-1.91	1.9143	-1.9148	1.9185	-1.919	1.9203	-1.9209	1.9276	-1.9286	1.9374	-1.9378	-1.942	1.9421	1.9524	-1.953	-1.9576	1.958	1.9608	-1.9612	
3.2044e-22	2.9531	0.058192	-0.058223	-0.062292	0.062394	0.064257	-0.064352	0.066609	-0.066703	0.067962	-0.067965	0.070116	-0.070132	0.072199	-0.072339	0.074854	-0.074886	0.075438	-0.075546	-0.079735	0.079797	-0.081175	0.081211	0.084637	-0.084673	-0.089027	0.08906	0.09312	-0.093184	0.095372	-0.095514	-0.099111	0.099244	-0.10167	0.10171	-0.1061	0.10616	-0.11104	0.11106	0.11307	-0.11312	0.11814	-0.1182	0.1228	-0.12297	0.1275	-0.12762	-0.13626	0.13659	-0.13791	0.13797	-0.14274	0.14291	0.14367	-0.14384	0.14695	-0.14715	0.1558	-0.15586	0.1613	-0.16165	0.17758	-0.17774	-0.18312	0.18316	-0.18494	0.185	-0.19014	0.19017	0.19575	-0.19596	-0.19934	0.19948	0.20789	-0.20812	-0.22065	0.22071	-0.22656	0.22666	-0.2358	0.23583	0.24708	-0.24709	0.97629	-0.97709	1.0039	-1.0041	-1.0319	1.0323	1.0374	-1.0377	-1.0538	1.054	1.0612	-1.0622	1.0667	-1.067	1.0815	-1.0838	1.0882	-1.0882	-1.095	1.0952	-1.1009	1.1013	1.108	-1.1088	1.1114	-1.1117	1.1184	-1.1192	1.1236	-1.124	-1.1266	1.1274	1.1367	-1.1374	-1.1421	1.1424	1.1459	-1.1481	1.1505	-1.1505	-1.1619	1.1631	1.1638	-1.1642	1.171	-1.1712	-1.1785	1.1798	-1.1871	1.1879	1.1909	-1.1925	1.1981	-1.1987	1.2003	-1.2008	1.2094	-1.2095	1.2131	-1.2139	-1.2168	1.2172	1.2203	-1.2215	-1.2225	1.2228	1.2299	-1.2309	-1.236	1.2362	-1.2423	1.2428	1.2494	-1.2496	-1.2501	1.2503	1.2513	-1.2524	1.2562	-1.2566	1.26	-1.2603	1.264	-1.2641	1.2672	-1.2674	1.2753	-1.2757	-1.279	1.2795	-1.2825	1.283	1.2853	-1.2862	1.288	-1.2892	1.2921	-1.2933	1.2963	-1.2964	1.2988	-1.3003	1.3062	-1.3078	1.3086	-1.3092	1.3123	-1.3127	1.3136	-1.3137	-1.3168	1.3177	-1.323	1.3233	1.3249	-1.3252	1.3338	-1.3343	-1.3358	1.3361	1.343	-1.3438	1.3481	-1.3487	-1.354	1.3553	-1.3567	1.3578	-1.3612	1.3614	1.3665	-1.3671	1.3709	-1.3719	-1.3773	1.378	1.3784	-1.3788	1.3874	-1.3877	1.3915	-1.3918	1.4003	-1.4013	1.4152	-1.4153	1.4187	-1.4193	1.4224	-1.4247	1.4254	-1.4258	-1.4278	1.4279	1.4369	-1.4377	1.4438	-1.4453	-1.4477	1.4478	1.4502	-1.4512	-1.4562	1.4566	1.4621	-1.4632	1.4658	-1.4662	1.4736	-1.4747	1.4817	-1.4818	-1.4859	1.4862	-1.489	1.4893	1.4917	-1.4922	1.4986	-1.4991	1.5064	-1.5068	1.5118	-1.5119	-1.5145	1.5147	1.5169	-1.5176	1.5225	-1.5241	1.5247	-1.5254	1.5276	-1.5284	1.5345	-1.5353	1.5472	-1.5481	-1.5507	1.5508	1.5557	-1.5563	-1.5606	1.5613	1.5719	-1.573	1.5836	-1.5843	-1.5923	1.5926	-1.5983	1.5984	-1.6075	1.6075	1.611	-1.6115	-1.6195	1.62	-1.6274	1.6282	1.6339	-1.6352	1.6404	-1.6407	1.6416	-1.6422	-1.6507	1.651	1.6543	-1.6546	-1.6564	1.6568	1.6704	-1.6706	1.6729	-1.6743	1.6794	-1.68	1.6813	-1.6823	1.6896	-1.6898	1.701	-1.7018	-1.7137	1.7146	-1.7175	1.7175	1.7338	-1.7338	1.7366	-1.7373	1.7445	-1.7452	1.7527	-1.7535	1.7577	-1.7582	-1.7693	1.7695	-1.7758	1.7759	-1.7827	1.7836	-1.7928	1.7929	-1.8034	1.8038	1.8044	-1.8046	-1.8091	1.8098	-1.8133	1.8146	-1.8163	1.8168	1.831	-1.8314	1.8371	-1.8373	1.8399	-1.8404	1.8515	-1.8517	-1.8543	1.8543	1.8725	-1.8734	1.8749	-1.8768	-1.8838	1.8843	-1.8884	1.8909	1.8954	-1.8967	1.9011	-1.903	1.9096	-1.9099	-1.913	1.9143	1.919	-1.9193	1.9205	-1.9209	1.9279	-1.928	-1.9376	1.9377	-1.9412	1.9419	1.9522	-1.9533	1.9574	-1.9585	1.9609	-1.9621	
3.2044e-22	3.0159	-0.041301	0.041489	-0.043657	0.04373	0.04441	-0.044571	0.045811	-0.045814	0.04751	-0.047521	-0.050559	0.050649	0.053034	-0.053048	0.056557	-0.056593	0.058079	-0.058314	0.062243	-0.062353	0.065247	-0.065309	0.067979	-0.068076	0.074649	-0.074675	0.079164	-0.079231	0.081607	-0.081686	0.086524	-0.08656	-0.08896	0.088994	0.094164	-0.094286	0.099582	-0.0997	0.10171	-0.10179	0.10778	-0.10779	0.11312	-0.11333	-0.11757	0.11761	-0.12685	0.12705	-0.12848	0.12861	0.13426	-0.13426	0.13566	-0.13581	0.13815	-0.13839	0.14767	-0.14775	0.15369	-0.15395	-0.17109	0.17111	0.17671	-0.17687	-0.17852	0.17861	0.18344	-0.18355	0.18958	-0.18995	0.19304	-0.19306	0.20205	-0.20218	0.21526	-0.21546	-0.22131	0.22143	0.23059	-0.23066	-0.24196	0.24209	0.98315	-0.98377	-1.0016	1.0018	-1.0319	1.0322	1.0373	-1.0381	1.0532	-1.0543	1.0609	-1.0623	1.0661	-1.0671	-1.0817	1.0823	1.0875	-1.0889	1.0937	-1.0947	-1.0992	1.1009	1.108	-1.1081	1.1114	-1.1121	1.1167	-1.1184	-1.1239	1.1243	-1.1272	1.1274	1.1368	-1.1378	-1.1417	1.1425	1.1482	-1.1486	1.1509	-1.1513	-1.1607	1.1634	1.1639	-1.1647	-1.1713	1.1713	1.1788	-1.1796	-1.1871	1.1874	-1.1924	1.1926	1.1986	-1.1993	1.1997	-1.2005	-1.2079	1.21	1.2125	-1.2139	1.2167	-1.2173	-1.2201	1.2203	-1.2228	1.2232	1.2298	-1.2318	-1.2333	1.2358	-1.2429	1.2431	-1.2494	1.2497	-1.2503	1.2506	1.2526	-1.2528	1.2566	-1.257	1.2604	-1.2606	1.264	-1.2643	1.2676	-1.2683	-1.2723	1.2752	1.2797	-1.2797	-1.2829	1.2832	1.2861	-1.2866	-1.2869	1.2889	1.2928	-1.2938	-1.2971	1.2974	1.3007	-1.3009	1.3068	-1.3073	1.3078	-1.3092	-1.3125	1.3129	1.3138	-1.3142	1.3172	-1.3174	-1.323	1.3233	-1.3246	1.3254	1.334	-1.335	1.3364	-1.3365	1.343	-1.3438	1.3481	-1.3488	-1.3542	1.3551	-1.3576	1.3577	-1.3608	1.3617	1.3667	-1.3673	-1.3709	1.3709	1.3776	-1.3778	1.3788	-1.3791	1.3872	-1.3879	1.3916	-1.3922	1.3996	-1.4016	-1.415	1.4151	-1.4196	1.4205	1.4229	-1.4245	1.4254	-1.4264	-1.4275	1.4278	-1.4372	1.4376	1.4438	-1.4449	1.4474	-1.4483	1.4508	-1.4514	-1.4565	1.4569	1.4638	-1.4645	1.4661	-1.4666	-1.4729	1.4733	-1.4811	1.4816	-1.4855	1.486	-1.4893	1.4899	1.4911	-1.4922	1.4975	-1.4989	1.5069	-1.5071	-1.5116	1.5118	1.5141	-1.5148	-1.5169	1.5172	1.5231	-1.5241	1.5248	-1.5252	-1.5279	1.5282	-1.5342	1.5345	1.5473	-1.5479	-1.5504	1.5508	1.5567	-1.5568	1.5594	-1.56	-1.5729	1.573	1.5835	-1.5843	1.5932	-1.5935	1.5992	-1.5996	1.6074	-1.6075	1.611	-1.6119	1.6202	-1.6203	-1.628	1.6287	1.6349	-1.6354	1.6408	-1.6412	1.6418	-1.6423	-1.6508	1.6514	1.6544	-1.6546	1.6564	-1.6578	-1.6707	1.6707	1.6732	-1.6749	-1.6797	1.6801	1.6813	-1.6828	1.6896	-1.6898	-1.7012	1.7019	-1.714	1.7145	-1.717	1.7179	-1.7314	1.7338	-1.7375	1.7375	1.7453	-1.7461	-1.754	1.7543	-1.7581	1.7583	-1.7694	1.7695	-1.7761	1.7761	-1.7825	1.7833	-1.7925	1.7929	1.8033	-1.8037	1.8045	-1.8055	-1.809	1.8103	1.8132	-1.8144	1.8168	-1.8172	-1.8314	1.8325	1.8386	-1.8393	1.841	-1.842	-1.8514	1.8519	1.8536	-1.8562	1.8731	-1.8746	1.8776	-1.8778	1.8848	-1.8853	-1.8891	1.8912	1.8957	-1.8964	-1.9017	1.9038	1.9088	-1.9102	1.9142	-1.9148	1.9193	-1.9196	1.9208	-1.9216	1.9285	-1.9288	1.9378	-1.9386	1.9421	-1.9429	1.9525	-1.9533	-1.9576	1.9581	1.9606	-1.9609	
