# phi/π evs ...
-1.04	0.06514764516	-0.06514764516	0.07315521136	-0.07315521136	0.121893426	-0.121893426	0.1391632341	-0.1391632341	0.1490068347	-0.1490068347	-0.1719307478	0.1719307478	-0.2010640941	0.2010640941	0.2113358713	-0.2113358713	0.2177167439	-0.2177167439	-0.2247700786	0.2247700786	-0.2261832444	0.2261832444	0.2542648898	-0.2542648898	-0.2593188648	0.2593188648	0.302085452	-0.302085452	-0.3196562704	0.3196562704	0.3805588576	-0.3805588576	-0.4467130621	0.4467130621	-0.4780659496	0.4780659496	0.7817495407	-0.7817495407	0.7875307386	-0.7875307386	0.8449844706	-0.8449844706	-0.8450532858	0.8450532858	0.8673813836	-0.8673813836	-0.9241704054	0.9241704054	-0.9334375423	0.9334375423	0.9336501717	-0.9336501717	-0.9621877147	0.9621877147	-0.966341657	0.966341657	-0.9792596982	0.9792596982	0.9851844622	-0.9851844622	0.989048132	-0.989048132	0.9963902062	-0.9963902062	-1.028402693	1.028402693	1.052799405	-1.052799405	-1.11868664	1.11868664	-1.123306275	1.123306275	1.135147937	-1.135147937	-1.144265993	1.144265993	1.182780305	-1.182780305	1.196353103	-1.196353103	-1.210811501	1.210811501	-1.214650265	1.214650265	-1.231840797	1.231840797	-1.245442367	1.245442367	-1.248664381	1.248664381	1.264379341	-1.264379341	-1.271438473	1.271438473	1.273088591	-1.273088591	-1.288579428	1.288579428	-1.305003527	1.305003527	1.307467088	-1.307467088	1.314799944	-1.314799944	-1.323342241	1.323342241	-1.331631484	1.331631484	-1.353134722	1.353134722	-1.358142031	1.358142031	1.358199688	-1.358199688	-1.390809155	1.390809155	-1.408392143	1.408392143	1.417877575	-1.417877575	1.430834668	-1.430834668	-1.44198216	1.44198216	-1.454412041	1.454412041	1.472751276	-1.472751276	1.476027228	-1.476027228	1.482758314	-1.482758314	-1.485067736	1.485067736	1.495126789	-1.495126789	1.495184507	-1.495184507	-1.500834199	1.500834199	1.51516785	-1.51516785	-1.52898411	1.52898411	1.591993229	-1.591993229	1.610203594	-1.610203594	1.612636479	-1.612636479	-1.614317407	1.614317407	1.628712937	-1.628712937	-1.655751903	1.655751903	1.665279696	-1.665279696	-1.678072085	1.678072085	-1.690444846	1.690444846	-1.694802453	1.694802453	1.701499379	-1.701499379	1.715193135	-1.715193135	-1.733538435	1.733538435	-1.738308911	1.738308911	1.754866132	-1.754866132	1.790778575	-1.790778575	1.809033312	-1.809033312	1.838701143	-1.838701143	-1.846680024	1.846680024	-1.84875482	1.84875482	1.859629117	-1.859629117	-1.862946501	1.862946501	1.887019253	-1.887019253	1.903817806	-1.903817806	1.904251462	-1.904251462	1.918418386	-1.918418386	1.949382538	-1.949382538	-1.968544537	1.968544537	1.968806657	-1.968806657	-1.971050359	1.971050359	1.981135896	-1.981135896	1.9844127	-1.9844127	2.031534129	-2.031534129	
-1.03	0.07257390686	-0.07257390686	0.07646610867	-0.07646610867	0.1182931447	-0.1182931447	-0.1381187394	0.1381187394	-0.1501770044	0.1501770044	-0.1790052588	0.1790052588	-0.2040909061	0.2040909061	-0.2100260843	0.2100260843	-0.2120147494	0.2120147494	0.2255189882	-0.2255189882	-0.2297149667	0.2297149667	0.2472167679	-0.2472167679	-0.2557842562	0.2557842562	0.3038236729	-0.3038236729	0.3170338414	-0.3170338414	-0.3775414455	0.3775414455	-0.4499790151	0.4499790151	-0.4748286096	0.4748286097	0.7817627171	-0.7817627171	0.7875324456	-0.7875324456	0.8450740009	-0.8450740009	-0.8456603897	0.8456603897	0.867378511	-0.867378511	-0.9243452225	0.9243452225	-0.9335144501	0.9335144501	-0.9369192481	0.9369192481	-0.9589819245	0.9589819245	0.9662186157	-0.9662186157	0.9801461088	-0.9801461088	0.9852408034	-0.9852408034	0.9890849303	-0.9890849303	-0.9959709836	0.9959709836	1.028473911	-1.028473911	-1.052847081	1.052847081	1.118595652	-1.118595652	-1.123307459	1.123307459	1.136403793	-1.136403793	1.144299168	-1.144299168	1.182829216	-1.182829216	-1.19618662	1.19618662	1.211927356	-1.211927356	1.212788514	-1.212788514	1.231810117	-1.231810117	-1.245564583	1.245564583	1.249470321	-1.249470321	1.264443523	-1.264443523	1.271414454	-1.271414454	1.273498744	-1.273498744	1.288514048	-1.288514048	-1.304932923	1.304932923	1.307497421	-1.307497421	1.314392679	-1.314392679	-1.323264634	1.323264634	-1.331645366	1.331645366	-1.353130186	1.353130186	1.357164349	-1.357164349	1.358143315	-1.358143315	1.390696859	-1.390696859	1.408543067	-1.408543067	-1.417948028	1.417948028	1.430940662	-1.430940662	1.441919391	-1.441919391	1.454628738	-1.454628738	1.472747761	-1.472747761	-1.476086422	1.476086422	-1.48268076	1.48268076	1.484989445	-1.484989445	1.495234325	-1.495234325	-1.495381137	1.495381137	1.501000646	-1.501000646	1.515239449	-1.515239449	1.529003409	-1.529003409	1.591994375	-1.591994375	-1.610209741	1.610209741	-1.612707137	1.612707137	-1.614318147	1.614318147	1.628733385	-1.628733385	1.655681359	-1.655681359	-1.665872414	1.665872414	1.678055608	-1.678055608	1.690559142	-1.690559142	1.694778918	-1.694778918	-1.701491508	1.701491508	-1.715085807	1.715085807	1.733456054	-1.733456054	-1.738359359	1.738359359	-1.754915161	1.754915161	-1.790764648	1.790764648	1.808226573	-1.808226573	-1.839279027	1.839279027	1.846645844	-1.846645844	-1.848796824	1.848796824	-1.8595796	1.8595796	1.863238524	-1.863238524	1.887227328	-1.887227328	1.903842157	-1.903842157	-1.904185013	1.904185013	-1.91865872	1.91865872	1.949412403	-1.949412403	-1.968535692	1.968535692	1.9688513	-1.9688513	-1.971085751	1.971085751	1.9811803	-1.9811803	-1.984326152	1.984326152	-2.031352604	2.031352604	
-1.02	-0.07663062552	0.07663062552	0.07975363971	-0.07975363971	0.1177431743	-0.1177431743	-0.1304037479	0.1304037479	0.1582011977	-0.1582011977	-0.1860361002	0.1860361002	0.2023785283	-0.2023785283	-0.2062399753	0.2062399753	0.2105420007	-0.2105420007	0.2251499464	-0.2251499464	-0.2332143636	0.2332143636	-0.2402204752	0.2402204752	-0.2522898197	0.2522898197	0.3071746029	-0.3071746029	0.3162203619	-0.3162203619	-0.3754795826	0.3754795826	-0.453240592	0.453240592	-0.4715863671	0.4715863671	0.7817744073	-0.7817744073	-0.7875343139	0.7875343139	0.8450896729	-0.8450896729	0.8462454835	-0.8462454835	-0.8673764125	0.8673764125	-0.9244566743	0.9244566743	-0.9335746097	0.9335746097	-0.9401834966	0.9401834966	-0.9557548184	0.9557548184	0.9661166222	-0.9661166222	0.9809619959	-0.9809619959	0.9852231004	-0.9852231004	0.9891259387	-0.9891259387	0.9954927081	-0.9954927081	1.028527862	-1.028527862	1.052870414	-1.052870414	1.118420152	-1.118420152	-1.123308181	1.123308181	1.137608427	-1.137608427	1.144332039	-1.144332039	1.18288137	-1.18288137	1.195999147	-1.195999147	1.210895764	-1.210895764	-1.213025185	1.213025185	-1.231787603	1.231787603	-1.245657553	1.245657553	1.250220619	-1.250220619	1.264510026	-1.264510026	1.27138882	-1.27138882	1.273833415	-1.273833415	1.288450131	-1.288450131	1.304844858	-1.304844858	1.307548408	-1.307548408	1.313963469	-1.313963469	1.323191472	-1.323191472	-1.331655132	1.331655132	1.353123552	-1.353123552	1.356158012	-1.356158012	-1.358098275	1.358098275	-1.39058636	1.39058636	1.408686039	-1.408686039	1.418005651	-1.418005651	1.431028189	-1.431028189	1.441856698	-1.441856698	-1.454803383	1.454803383	1.472745821	-1.472745821	1.476119793	-1.476119793	1.482564102	-1.482564102	-1.484912307	1.484912307	-1.495336782	1.495336782	1.495571435	-1.495571435	1.501108535	-1.501108535	1.515294793	-1.515294793	-1.528958059	1.528958059	1.591957693	-1.591957693	1.610214376	-1.610214376	1.612738368	-1.612738368	1.614318013	-1.614318013	-1.628749286	1.628749286	1.655577043	-1.655577043	1.666446501	-1.666446501	1.678042353	-1.678042353	1.690625681	-1.690625681	-1.694747193	1.694747193	1.701474032	-1.701474032	1.714991107	-1.714991107	-1.733392968	1.733392968	-1.738417845	1.738417845	1.754965553	-1.754965553	-1.790749455	1.790749455	-1.807411713	1.807411713	-1.839858712	1.839858712	1.846624053	-1.846624053	-1.848841588	1.848841588	-1.859526661	1.859526661	-1.863512448	1.863512448	1.887440184	-1.887440184	-1.903863035	1.903863035	1.904117444	-1.904117444	-1.918880129	1.918880129	-1.949452826	1.949452826	-1.968530718	1.968530718	1.968899535	-1.968899535	1.971122313	-1.971122313	-1.981226714	1.981226714	-1.984227959	1.984227959	2.031185199	-2.031185199	
-1.01	-0.07354944017	0.07354944017	0.08643605711	-0.08643605711	0.1202847545	-0.1202847545	-0.12259108	0.12259108	0.1666921453	-0.1666921453	-0.1929647613	0.1929647613	0.1949862587	-0.1949862587	0.2072922155	-0.2072922155	0.2073312595	-0.2073312595	0.2235311606	-0.2235311606	-0.233330873	0.233330873	-0.2366060413	0.2366060413	-0.2489046807	0.2489046807	0.3116102148	-0.3116102148	-0.3175169748	0.3175169748	0.37444467	-0.37444467	-0.4564977078	0.4564977078	-0.4683393131	0.4683393131	0.7817846227	-0.7817846227	0.7875363434	-0.7875363434	-0.8451003201	0.8451003201	0.8467392492	-0.8467392492	0.8673750885	-0.8673750885	-0.9245047992	0.9245047992	0.9336180293	-0.9336180293	0.9434423639	-0.9434423639	-0.9525183649	0.9525183649	0.9660245983	-0.9660245983	-0.9817071596	0.9817071596	-0.9851313231	0.9851313231	0.9891712189	-0.9891712189	0.9949558697	-0.9949558697	-1.02856444	1.02856444	-1.052869273	1.052869273	1.118160846	-1.118160846	-1.123308582	1.123308582	-1.138758798	1.138758798	-1.144367412	1.144367412	-1.182936926	1.182936926	1.195784172	-1.195784172	-1.208979414	1.208979414	-1.214104386	1.214104386	-1.231773659	1.231773659	1.245720424	-1.245720424	-1.250914541	1.250914541	1.264578789	-1.264578789	1.271361666	-1.271361666	-1.274092104	1.274092104	-1.288388599	1.288388599	1.304736358	-1.304736358	1.307619641	-1.307619641	1.313514489	-1.313514489	-1.323123483	1.323123483	-1.33166078	1.33166078	-1.353110461	1.353110461	1.355127749	-1.355127749	-1.358064609	1.358064609	-1.39047796	1.39047796	-1.408820383	1.408820383	1.418050595	-1.418050595	1.431096705	-1.431096705	-1.441794137	1.441794137	-1.45493605	1.45493605	-1.472745416	1.472745416	-1.47612661	1.47612661	1.482409078	-1.482409078	-1.48483697	1.48483697	-1.495433618	1.495433618	1.495755041	-1.495755041	1.501158138	-1.501158138	1.515333855	-1.515333855	1.528848425	-1.528848425	1.591882925	-1.591882925	1.610217955	-1.610217955	1.612729596	-1.612729596	-1.614317016	1.614317016	1.628760595	-1.628760595	-1.655439023	1.655439023	1.667001929	-1.667001929	-1.67803232	1.67803232	1.690644182	-1.690644182	1.694707596	-1.694707596	-1.701446804	1.701446804	-1.71490931	1.71490931	1.733349247	-1.733349247	-1.738483986	1.738483986	-1.755017297	1.755017297	1.790733002	-1.790733002	-1.806590669	1.806590669	-1.840437936	1.840437936	-1.846614672	1.846614672	-1.848889873	1.848889873	1.859471024	-1.859471024	1.863768428	-1.863768428	-1.887656842	1.887656842	-1.903880447	1.903880447	-1.904048818	1.904048818	-1.919081912	1.919081912	1.949503817	-1.949503817	-1.968529621	1.968529621	-1.968950909	1.968950909	-1.971160067	1.971160067	-1.981274875	1.981274875	1.98411826	-1.98411826	2.031032619	-2.031032619	
-1	0.06821505393	-0.06821505393	0.09191350673	-0.09191350673	-0.1156768943	0.1156768943	0.1248318237	-0.1248318237	0.1752603403	-0.1752603403	-0.1878378538	0.1878378538	-0.199624273	0.199624273	0.2029736551	-0.2029736551	-0.2073194228	0.2073194228	-0.220589056	0.220589056	0.2267130517	-0.2267130517	-0.239524718	0.239524718	-0.2459931359	0.2459931359	0.3164012778	-0.3164012778	0.3212280413	-0.3212280413	0.3744753332	-0.3744753332	-0.4597502212	0.4597502212	0.4650875927	-0.4650875927	0.781793372	-0.781793372	0.787538534	-0.787538534	0.845105955	-0.845105955	-0.8471411988	0.8471411988	-0.8673745401	0.8673745401	-0.9244896217	0.9244896217	-0.9336447136	0.9336447136	-0.9466915153	0.9466915153	-0.9492796038	0.9492796038	0.9659401561	-0.9659401561	0.9823815997	-0.9823815997	0.984965435	-0.984965435	-0.9892206117	0.9892206117	0.9943609546	-0.9943609546	-1.02858357	1.02858357	-1.052843609	1.052843609	-1.117818457	1.117818457	1.123308753	-1.123308753	-1.139849511	1.139849511	1.144410447	-1.144410447	1.182995998	-1.182995998	1.195531341	-1.195531341	1.20705039	-1.20705039	-1.215164342	1.215164342	-1.231768624	1.231768624	1.245752601	-1.245752601	1.251551348	-1.251551348	1.264649658	-1.264649658	1.271333105	-1.271333105	-1.274274464	1.274274464	1.288330416	-1.288330416	-1.304603834	1.304603834	1.307710662	-1.307710662	-1.313048626	1.313048626	-1.323061282	1.323061282	-1.33166231	1.33166231	-1.353068195	1.353068195	-1.354096654	1.354096654	1.358042346	-1.358042346	1.390371956	-1.390371956	1.408945475	-1.408945475	-1.418082995	1.418082995	1.431145717	-1.431145717	1.441731749	-1.441731749	-1.455026838	1.455026838	-1.472746505	1.472746505	1.476106109	-1.476106109	1.482216466	-1.482216466	-1.484764111	1.484764111	1.495524367	-1.495524367	1.495931473	-1.495931473	-1.501149834	1.501149834	1.515356646	-1.515356646	1.528674894	-1.528674894	1.591769891	-1.591769891	-1.610220772	1.610220772	-1.612680468	1.612680468	-1.614315164	1.614315164	-1.628767283	1.628767283	1.655267409	-1.655267409	1.667538618	-1.667538618	1.67802551	-1.67802551	1.690614467	-1.690614467	-1.694660392	1.694660392	1.701409698	-1.701409698	1.714840657	-1.714840657	1.73332493	-1.73332493	-1.738557322	1.738557322	-1.755070437	1.755070437	1.790715296	-1.790715296	-1.805765319	1.805765319	1.84101437	-1.84101437	-1.846617709	1.846617709	1.848942585	-1.848942585	1.859413263	-1.859413263	1.864006708	-1.864006708	-1.887876299	1.887876299	-1.903894405	1.903894405	-1.903979226	1.903979226	-1.919263498	1.919263498	1.949565339	-1.949565339	-1.968532403	1.968532403	1.969005011	-1.969005011	-1.971199036	1.971199036	1.981324519	-1.981324519	1.983997205	-1.983997205	2.030895447	-2.030895447	
-0.99	0.06162365028	-0.06162365028	0.09393495084	-0.09393495084	-0.1118245933	0.1118245933	0.1302287609	-0.1302287609	0.1810822685	-0.1810822685	0.1838330741	-0.1838330741	0.1980273324	-0.1980273324	0.205296768	-0.205296768	0.2063348052	-0.2063348052	-0.2164416644	0.2164416644	-0.2210860759	0.2210860759	-0.2397772358	0.2397772358	-0.2457480448	0.2457480448	0.3213457866	-0.3213457866	-0.3270385233	0.3270385233	-0.3755707142	0.3755707142	-0.4618298657	0.4618298657	-0.4629994744	0.4629994744	-0.781800662	0.781800662	0.7875408855	-0.7875408855	-0.8451065841	0.8451065841	-0.8474508614	0.8474508614	-0.8673747681	0.8673747681	-0.9244111521	0.9244111521	-0.9336546631	0.9336546631	0.9460167344	-0.9460167344	-0.9499534719	0.9499534719	0.965862871	-0.965862871	0.9829856212	-0.9829856212	0.9847253904	-0.9847253904	-0.9892736314	0.9892736314	0.9937084484	-0.9937084484	-1.028585211	1.028585211	1.052793451	-1.052793451	1.117393714	-1.117393714	-1.12330876	1.12330876	-1.140870104	1.140870104	-1.144471343	1.144471343	1.183058662	-1.183058662	1.195223392	-1.195223392	-1.205126309	1.205126309	1.216204416	-1.216204416	-1.231772765	1.231772765	1.245753668	-1.245753668	1.252130313	-1.252130313	1.264722362	-1.264722362	-1.271303266	1.271303266	1.274380292	-1.274380292	-1.288276577	1.288276577	1.304442957	-1.304442957	-1.307820971	1.307820971	1.312569601	-1.312569601	1.323005373	-1.323005373	-1.331659716	1.331659716	1.352725116	-1.352725116	-1.353336756	1.353336756	1.358031498	-1.358031498	1.390268649	-1.390268649	-1.409060744	1.409060744	-1.41810297	1.41810297	-1.431174783	1.431174783	1.441669558	-1.441669558	-1.455075873	1.455075873	1.472749046	-1.472749046	1.47605749	-1.47605749	-1.481987125	1.481987125	1.4846944	-1.4846944	1.495608645	-1.495608645	1.49610008	-1.49610008	1.501084159	-1.501084159	-1.515363213	1.515363213	1.528437879	-1.528437879	1.591618487	-1.591618487	1.610222996	-1.610222996	1.612590813	-1.612590813	-1.614312464	1.614312464	1.628769331	-1.628769331	-1.65506235	1.65506235	1.668056435	-1.668056435	-1.678021925	1.678021925	-1.690536466	1.690536466	1.694605797	-1.694605797	1.701362606	-1.701362606	-1.714785357	1.714785357	-1.733320036	1.733320036	-1.738637322	1.738637322	-1.755125073	1.755125073	-1.790696348	1.790696348	1.804937504	-1.804937504	-1.841585566	1.841585566	-1.846633158	1.846633158	1.849000822	-1.849000822	-1.859353809	1.859353809	-1.864227606	1.864227606	-1.888097532	1.888097532	1.903904934	-1.903904934	-1.903908789	1.903908789	-1.919424449	1.919424449	1.9496373	-1.9496373	1.968539056	-1.968539056	1.969061476	-1.969061476	-1.971239243	1.971239243	-1.98137538	1.98137538	-1.983864951	1.983864951	2.030774132	-2.030774132	
-0.98	0.05436270111	-0.05436270111	0.09017276238	-0.09017276238	-0.1131281937	0.1131281937	0.1356035838	-0.1356035838	0.1750168308	-0.1750168308	-0.1922116106	0.1922116106	-0.1930282341	0.1930282341	0.2045182882	-0.2045182882	-0.2065794701	0.2065794701	-0.2113506979	0.2113506979	0.2198498773	-0.2198498773	-0.2370067605	0.2370067605	-0.2485261209	0.2485261209	0.3268808002	-0.3268808002	0.3340058948	-0.3340058948	-0.3776906274	0.3776906274	-0.4585695979	0.4585695979	-0.4662420014	0.4662420014	0.7818064969	-0.7818064969	0.7875433979	-0.7875433979	0.8451022081	-0.8451022081	-0.847667786	0.847667786	-0.867375774	0.867375774	-0.9242693867	0.9242693867	0.9336478744	-0.9336478744	-0.942764596	0.942764596	-0.9531931768	0.9531931768	-0.9657932333	0.9657932333	-0.9835199493	0.9835199493	0.9844111326	-0.9844111326	-0.9893293496	0.9893293496	-0.9929988382	0.9929988382	-1.028569353	1.028569353	1.052718913	-1.052718913	1.116887349	-1.116887349	1.12330865	-1.12330865	-1.141798599	1.141798599	-1.144571763	1.144571763	1.183124961	-1.183124961	-1.194830328	1.194830328	1.203237377	-1.203237377	1.217223945	-1.217223945	1.231786289	-1.231786289	1.245723332	-1.245723332	1.252650742	-1.252650742	1.264796499	-1.264796499	1.271272289	-1.271272289	1.274409531	-1.274409531	-1.288228095	1.288228095	-1.304248551	1.304248551	-1.307950038	1.307950038	1.312082072	-1.312082072	1.322956156	-1.322956156	1.331652993	-1.331652993	-1.351719518	1.351719518	-1.353210173	1.353210173	1.358032065	-1.358032065	-1.390168333	1.390168333	1.409165671	-1.409165671	-1.418110623	1.418110623	-1.431183514	1.431183514	-1.441607574	1.441607574	-1.455083307	1.455083307	1.472752994	-1.472752994	1.475979909	-1.475979909	-1.481722042	1.481722042	-1.484628452	1.484628452	1.495686149	-1.495686149	1.496259952	-1.496259952	1.500961889	-1.500961889	-1.515353642	1.515353642	1.528137814	-1.528137814	1.591428687	-1.591428687	1.610224692	-1.610224692	1.612460634	-1.612460634	1.614308927	-1.614308927	1.628766735	-1.628766735	-1.654824037	1.654824037	1.668555186	-1.668555186	1.67802157	-1.67802157	1.690410219	-1.690410219	1.694543979	-1.694543979	-1.701305435	1.701305435	1.714743583	-1.714743583	1.733334551	-1.733334551	-1.738723381	1.738723381	-1.755181358	1.755181358	-1.790676169	1.790676169	1.804109034	-1.804109034	-1.842148891	1.842148891	1.846661001	-1.846661001	-1.849065925	1.849065925	1.859292942	-1.859292942	-1.864431497	1.864431497	1.888319522	-1.888319522	-1.90383765	1.90383765	-1.903912065	1.903912065	-1.919564455	1.919564455	1.949719558	-1.949719558	-1.968549568	1.968549568	1.969119992	-1.969119992	1.971280713	-1.971280713	-1.9814272	1.9814272	-1.983721666	1.983721666	2.030668984	-2.030668984	
-0.97	0.0467408238	-0.0467408238	0.08333351274	-0.08333351274	-0.1164538287	0.1164538287	0.1401405682	-0.1401405682	0.1700552799	-0.1700552799	0.1885631088	-0.1885631088	0.1984911631	-0.1984911631	0.2018991168	-0.2018991168	0.2038704348	-0.2038704348	0.2056770878	-0.2056770878	-0.2245759118	0.2245759118	-0.2336464825	0.2336464825	-0.2518941167	0.2518941167	0.3331201333	-0.3331201333	-0.3415874129	0.3415874129	0.3807625167	-0.3807625167	-0.4553040336	0.4553040336	-0.4694805554	0.4694805554	0.7818108791	-0.7818108791	0.7875460712	-0.7875460712	0.8450928216	-0.8450928216	-0.8477915444	0.8477915444	0.8673775591	-0.8673775591	0.9240643078	-0.9240643078	-0.9336243399	0.9336243399	-0.9395051317	0.9395051317	-0.9564272542	0.9564272542	-0.965732922	0.965732922	0.9839858315	-0.9839858315	-0.9840225912	0.9840225912	-0.9893862927	0.9893862927	0.9922326162	-0.9922326162	1.02853602	-1.02853602	-1.052620189	1.052620189	1.116300094	-1.116300094	1.123308455	-1.123308455	1.142588265	-1.142588265	1.144758048	-1.144758048	1.183194906	-1.183194906	1.194299374	-1.194299374	-1.201436495	1.201436495	-1.218222241	1.218222241	-1.231809342	1.231809342	1.245661375	-1.245661375	-1.253111996	1.253111996	-1.264871527	1.264871527	-1.271240322	1.271240322	1.274362276	-1.274362276	1.288185991	-1.288185991	1.304014527	-1.304014527	1.308097305	-1.308097305	-1.311591688	1.311591688	1.322913939	-1.322913939	-1.331642131	1.331642131	1.350579885	-1.350579885	-1.353188854	1.353188854	1.358044034	-1.358044034	1.390071299	-1.390071299	1.409259791	-1.409259791	-1.418106037	1.418106037	1.43117157	-1.43117157	-1.441545787	1.441545787	-1.455049315	1.455049315	-1.472758305	1.472758305	1.475872469	-1.475872469	1.481422381	-1.481422381	1.484566797	-1.484566797	-1.495756663	1.495756663	1.49640977	-1.49640977	1.500784195	-1.500784195	-1.51532806	1.51532806	1.527775161	-1.527775161	1.591200546	-1.591200546	1.6102258	-1.6102258	1.612290113	-1.612290113	-1.614304561	1.614304561	-1.628759504	1.628759504	-1.654552699	1.654552699	1.66903461	-1.66903461	1.67802445	-1.67802445	-1.690235881	1.690235881	1.694475062	-1.694475062	-1.701238111	1.701238111	-1.714715472	1.714715472	-1.733368436	1.733368436	1.738814832	-1.738814832	1.755239495	-1.755239495	-1.790654774	1.790654774	1.803281697	-1.803281697	-1.842701467	1.842701467	-1.846701207	1.846701207	1.849139536	-1.849139536	-1.859230799	1.859230799	-1.864618798	1.864618798	1.888541256	-1.888541256	-1.903765981	1.903765981	1.903915839	-1.903915839	-1.91968333	1.91968333	-1.949811917	1.949811917	-1.968563919	1.968563919	1.9691803	-1.9691803	1.971323472	-1.971323472	1.981479735	-1.981479735	1.983567526	-1.983567526	2.030580163	-2.030580163	
-0.96	0.03892957199	-0.03892957199	0.07561250137	-0.07561250137	0.1189399342	-0.1189399342	0.1428762979	-0.1428762979	-0.1668935285	0.1668935285	0.1851897112	-0.1851897112	-0.1954863365	0.1954863365	0.1964264804	-0.1964264804	0.2000042841	-0.2000042841	-0.2107175537	0.2107175537	-0.2301598575	0.2301598575	0.2310350669	-0.2310350669	-0.2553885475	0.2553885475	0.3399603808	-0.3399603808	0.3495527639	-0.3495527639	0.3846926115	-0.3846926115	-0.4520339775	0.4520339775	-0.4727143274	0.4727143274	0.7818138084	-0.7818138084	0.7875489052	-0.7875489052	0.8450784133	-0.8450784133	0.8478217335	-0.8478217335	-0.8673801252	0.8673801252	-0.9237958837	0.9237958837	0.9335840481	-0.9335840481	-0.9362405748	0.9362405748	-0.9596483036	0.9596483036	0.9656873222	-0.9656873222	0.9835596815	-0.9835596815	-0.9843850921	0.9843850921	-0.9894423874	0.9894423874	-0.9914102816	0.9914102816	-1.028485267	1.028485267	-1.052497554	1.052497554	-1.115632676	1.115632676	-1.123308202	1.123308202	1.143163622	-1.143163622	-1.145105175	1.145105175	1.183268482	-1.183268482	1.193544349	-1.193544349	1.199809944	-1.199809944	-1.219198586	1.219198586	1.23184201	-1.23184201	-1.245567618	1.245567618	1.253513503	-1.253513503	1.26494676	-1.26494676	-1.271207513	1.271207513	1.274238774	-1.274238774	1.288151277	-1.288151277	1.303733936	-1.303733936	1.308262195	-1.308262195	1.311105032	-1.311105032	-1.322878945	1.322878945	1.331627119	-1.331627119	-1.349396706	1.349396706	-1.353182777	1.353182777	-1.358067376	1.358067376	1.389977833	-1.389977833	-1.409342693	1.409342693	-1.418089282	1.418089282	1.431138657	-1.431138657	1.441484171	-1.441484171	-1.454974093	1.454974093	-1.472764932	1.472764932	1.475734203	-1.475734203	-1.48108952	1.48108952	1.484509852	-1.484509852	-1.495820052	1.495820052	1.496547534	-1.496547534	1.500552916	-1.500552916	-1.515286629	1.515286629	-1.527350405	1.527350405	1.590934196	-1.590934196	1.610226092	-1.610226092	-1.612079668	1.612079668	-1.614299375	1.614299375	-1.628747663	1.628747663	-1.654248602	1.654248602	1.66949437	-1.66949437	1.67803057	-1.67803057	1.690013721	-1.690013721	-1.69439914	1.69439914	-1.701160568	1.701160568	1.714701123	-1.714701123	1.733421625	-1.733421625	1.738910944	-1.738910944	1.755299737	-1.755299737	1.790632179	-1.790632179	-1.802457268	1.802457268	1.843240094	-1.843240094	1.846753732	-1.846753732	-1.84922367	1.84922367	-1.859167374	1.859167374	-1.864789956	1.864789956	-1.888761747	1.888761747	1.903693977	-1.903693977	1.903916305	-1.903916305	-1.91978101	1.91978101	1.949914131	-1.949914131	-1.968582085	1.968582085	-1.969242199	1.969242199	1.971367547	-1.971367547	1.981532759	-1.981532759	1.983402715	-1.983402715	2.030507668	-2.030507668	
-0.95	0.03104061678	-0.03104061678	-0.06765664007	0.06765664007	0.1192449392	-0.1192449392	-0.1429215401	0.1429215401	-0.166256794	0.166256794	0.1825050717	-0.1825050717	-0.1886651232	0.1886651232	-0.1920184557	0.1920184557	-0.1957896409	0.1957896409	0.2191602225	-0.2191602225	-0.2266287041	0.2266287041	-0.2379035549	0.2379035549	-0.2589275823	0.2589275823	0.3472715651	-0.3472715651	0.3577839723	-0.3577839723	-0.3893777369	0.3893777369	-0.4487595343	0.4487595343	-0.4759432061	0.4759432061	-0.7818152824	0.7818152824	0.7875519001	-0.7875519001	0.845058966	-0.845058966	0.8477579792	-0.8477579792	0.8673834744	-0.8673834744	0.923464069	-0.923464069	-0.9329713505	0.9329713505	-0.9335269834	0.9335269834	0.9628265113	-0.9628265113	-0.9656860091	0.9656860091	0.9830223026	-0.9830223026	-0.9847200983	0.9847200983	-0.9894949941	0.9894949941	0.9905323434	-0.9905323434	-1.028417184	1.028417184	-1.052351364	1.052351364	1.114885815	-1.114885815	-1.12330791	1.12330791	-1.143492778	1.143492778	-1.145644396	1.145644396	-1.183345646	1.183345646	1.192460016	-1.192460016	-1.198463084	1.198463084	-1.22015223	1.22015223	1.231884323	-1.231884323	1.245441898	-1.245441898	1.253854764	-1.253854764	-1.265021379	1.265021379	-1.271174007	1.271174007	-1.274039439	1.274039439	-1.288124941	1.288124941	1.303399198	-1.303399198	1.308444115	-1.308444115	-1.310629373	1.310629373	1.322851331	-1.322851331	-1.33160794	1.33160794	-1.348180641	1.348180641	-1.353181789	1.353181789	1.358102049	-1.358102049	1.38988821	-1.38988821	-1.409414013	1.409414013	-1.418060406	1.418060406	-1.431084525	1.431084525	1.441422684	-1.441422684	-1.454857857	1.454857857	1.472772827	-1.472772827	1.475564046	-1.475564046	-1.480725093	1.480725093	-1.484457915	1.484457915	-1.495876263	1.495876263	-1.496670037	1.496670037	-1.500271082	1.500271082	1.515229555	-1.515229555	-1.52686406	1.52686406	1.590629851	-1.590629851	1.610225025	-1.610225025	1.611830091	-1.611830091	-1.614293377	1.614293377	1.628731245	-1.628731245	1.653912054	-1.653912054	1.669934055	-1.669934055	-1.678039937	1.678039937	-1.689744121	1.689744121	1.694316281	-1.694316281	-1.701072754	1.701072754	-1.714700596	1.714700596	-1.733494021	1.733494021	1.739010934	-1.739010934	-1.755362379	1.755362379	-1.790608403	1.790608403	-1.801637507	1.801637507	-1.843761185	1.843761185	1.846818518	-1.846818518	-1.849320781	1.849320781	1.859102521	-1.859102521	1.864945435	-1.864945435	-1.88898004	1.88898004	1.903621857	-1.903621857	-1.903913519	1.903913519	-1.919857549	1.919857549	-1.950025902	1.950025902	1.968604033	-1.968604033	-1.969305546	1.969305546	-1.971412972	1.971412972	-1.981586073	1.981586073	1.983227426	-1.983227426	2.030451329	-2.030451329	
-0.94	0.02316922341	-0.02316922341	-0.05970765903	0.05970765903	0.1169966505	-0.1169966505	0.1401618331	-0.1401618331	0.1683211523	-0.1683211523	0.1781880487	-0.1781880487	0.1817001954	-0.1817001954	-0.1868092124	0.1868092124	0.1956055688	-0.1956055688	-0.2230770564	0.2230770564	0.2277640981	-0.2277640981	-0.2449161559	0.2449161559	-0.2624871564	0.2624871564	0.3549441971	-0.3549441971	0.3662097153	-0.3662097153	0.3947150541	-0.3947150541	-0.4454807835	0.4454807835	-0.479167103	0.479167103	0.7818152966	-0.7818152966	0.7875550559	-0.7875550559	-0.8450344566	0.8450344566	-0.8475999385	0.8475999385	-0.8673876089	0.8673876089	-0.9230688048	0.9230688048	-0.9296976627	0.9296976627	0.9334531263	-0.9334531263	0.9652334921	-0.9652334921	-0.9664573171	0.9664573171	-0.9824103387	0.9824103387	0.9849936096	-0.9849936096	0.9895410575	-0.9895410575	0.9895993214	-0.9895993214	1.028331891	-1.028331891	-1.052182054	1.052182054	1.114060218	-1.114060218	1.123307592	-1.123307592	-1.143648084	1.143648084	-1.146302524	1.146302524	1.183426331	-1.183426331	1.190993833	-1.190993833	1.197448676	-1.197448676	1.221082383	-1.221082383	-1.231936259	1.231936259	1.245284032	-1.245284032	-1.254135352	1.254135352	-1.265094458	1.265094458	1.271139932	-1.271139932	-1.273764861	1.273764861	-1.288107931	1.288107931	1.303002588	-1.303002588	-1.308642458	1.308642458	1.310172175	-1.310172175	1.322831191	-1.322831191	-1.331584576	1.331584576	-1.346934797	1.346934797	1.353183336	-1.353183336	-1.358147998	1.358147998	1.389802698	-1.389802698	-1.40947344	1.40947344	-1.418019444	1.418019444	1.431008966	-1.431008966	1.441361262	-1.441361262	-1.454700838	1.454700838	-1.47278194	1.47278194	1.475360809	-1.475360809	-1.48033102	1.48033102	-1.484411159	1.484411159	1.495925319	-1.495925319	1.496771811	-1.496771811	-1.499943967	1.499943967	-1.515157079	1.515157079	-1.526316664	1.526316664	1.590287804	-1.590287804	1.610221347	-1.610221347	1.611542945	-1.611542945	1.614286576	-1.614286576	-1.628710302	1.628710302	-1.653543398	1.653543398	-1.670353164	1.670353164	1.678052559	-1.678052559	1.689427576	-1.689427576	1.694226545	-1.694226545	1.700974616	-1.700974616	-1.714713911	1.714713911	-1.733585502	1.733585502	-1.739113963	1.739113963	-1.755427763	1.755427763	-1.790583467	1.790583467	1.800824172	-1.800824172	-1.844260725	1.844260725	-1.846895495	1.846895495	-1.849433796	1.849433796	-1.85903596	1.85903596	1.865085702	-1.865085702	1.889195225	-1.889195225	-1.903549861	1.903549861	-1.903907547	1.903907547	1.919913118	-1.919913118	1.950146885	-1.950146885	-1.968629724	1.968629724	-1.969370248	1.969370248	-1.971459783	1.971459783	1.981639507	-1.981639507	1.983041859	-1.983041859	-2.030410794	2.030410794	
-0.93	0.01543206951	-0.01543206951	-0.05193454538	0.05193454538	0.112678018	-0.112678018	-0.1353118784	0.1353118784	-0.1717260998	0.1717260998	0.1724809868	-0.1724809868	0.174669855	-0.174669855	0.1810624436	-0.1810624436	0.1993597606	-0.1993597606	-0.2195144638	0.2195144638	0.2364095252	-0.2364095252	0.2519942897	-0.2519942897	-0.2660577731	0.2660577731	0.362894083	-0.362894083	0.3747826043	-0.3747826043	0.4006085827	-0.4006085827	0.4421977993	-0.4421977993	-0.4823859333	0.4823859333	0.7818138441	-0.7818138441	-0.7875583724	0.7875583724	0.8450048559	-0.8450048559	0.8473473029	-0.8473473029	-0.8673925312	0.8673925312	0.9226100191	-0.9226100191	-0.9264196504	0.9264196504	0.9333624541	-0.9333624541	-0.9654222553	0.9654222553	0.9694482131	-0.9694482131	0.9817236609	-0.9817236609	-0.9852085079	0.9852085079	0.9886117478	-0.9886117478	0.9895773763	-0.9895773763	1.028229542	-1.028229542	1.051990132	-1.051990132	1.113156579	-1.113156579	1.12330726	-1.12330726	1.143712282	-1.143712282	1.146995721	-1.146995721	1.183510448	-1.183510448	-1.189197626	1.189197626	-1.196715283	1.196715283	-1.221988213	1.221988213	1.231997735	-1.231997735	-1.245093803	1.245093803	1.254354894	-1.254354894	1.265164999	-1.265164999	-1.271105402	1.271105402	-1.27341582	1.27341582	1.288101134	-1.288101134	1.302536962	-1.302536962	1.30885661	-1.30885661	1.309740365	-1.309740365	1.322818577	-1.322818577	1.331557002	-1.331557002	-1.345660721	1.345660721	-1.353186484	1.353186484	1.358205153	-1.358205153	1.389721552	-1.389721552	1.409520705	-1.409520705	-1.417966418	1.417966418	1.43091181	-1.43091181	1.441299825	-1.441299825	-1.45450328	1.45450328	1.472792221	-1.472792221	-1.475123139	1.475123139	1.479909546	-1.479909546	-1.484369644	1.484369644	-1.495967318	1.495967318	1.496842939	-1.496842939	1.499581282	-1.499581282	1.515069483	-1.515069483	1.525708789	-1.525708789	1.589908427	-1.589908427	1.610211812	-1.610211812	1.611221852	-1.611221852	1.614278979	-1.614278979	-1.628684894	1.628684894	-1.653143016	1.653143016	1.670751107	-1.670751107	1.678068444	-1.678068444	1.689064692	-1.689064692	-1.694129993	1.694129993	-1.700866105	1.700866105	-1.714741052	1.714741052	1.733695919	-1.733695919	-1.739219148	1.739219148	1.755496266	-1.755496266	-1.790557394	1.790557394	1.800019009	-1.800019009	-1.844734291	1.844734291	-1.84698458	1.84698458	1.849566093	-1.849566093	1.858967281	-1.858967281	-1.865211221	1.865211221	1.88940644	-1.88940644	1.903478246	-1.903478246	-1.903898459	1.903898459	1.919947997	-1.919947997	-1.950276689	1.950276689	1.968659115	-1.968659115	-1.96943626	1.96943626	1.971508025	-1.971508025	1.981692929	-1.981692929	1.982846221	-1.982846221	2.030385521	-2.030385521	
-0.92	0.008030488955	-0.008030488956	-0.04456614252	0.04456614252	0.1070108246	-0.1070108246	-0.1291872107	0.1291872107	-0.164248221	0.164248221	-0.1676053087	0.1676053087	0.1742667546	-0.1742667546	-0.1786056569	0.1786056569	0.2051973569	-0.2051973569	-0.2159454053	0.2159454053	-0.2450682336	0.2450682336	-0.2591070861	0.2591070861	-0.2696349408	0.2696349408	-0.3710580747	0.3710580747	0.3834693194	-0.3834693194	0.4069726483	-0.4069726483	-0.4389106537	0.4389106537	-0.4855996117	0.4855996117	-0.7818109158	0.7818109158	0.7875618499	-0.7875618499	-0.8449701284	0.8449701284	-0.846999801	0.846999801	-0.8673982441	0.8673982441	0.9220876266	-0.9220876266	0.9231374244	-0.9231374244	-0.9332549405	0.9332549405	-0.9654174099	0.9654174099	-0.9726340505	0.9726340505	-0.9809621322	0.9809621322	0.98536744	-0.98536744	0.9875701664	-0.9875701664	-0.9896009611	0.9896009611	1.028110322	-1.028110322	1.051776178	-1.051776178	1.112175575	-1.112175575	-1.123306923	1.123306923	-1.143729323	1.143729323	-1.147678581	1.147678581	1.183597887	-1.183597887	1.187169233	-1.187169233	-1.196165731	1.196165731	-1.222868839	1.222868839	-1.232068616	1.232068616	-1.244870929	1.244870929	-1.254513045	1.254513045	-1.265231987	1.265231987	1.271070498	-1.271070498	1.272993309	-1.272993309	-1.288105358	1.288105358	-1.301996578	1.301996578	-1.309085947	1.309085947	-1.309339502	1.309339502	-1.322813498	1.322813498	-1.331525187	1.331525187	-1.344359519	1.344359519	-1.353190813	1.353190813	-1.35827343	1.35827343	-1.389645013	1.389645013	-1.409555585	1.409555585	-1.417901337	1.417901337	1.430792918	-1.430792918	-1.441238274	1.441238274	-1.454265434	1.454265434	1.472803617	-1.472803617	1.474849486	-1.474849486	-1.479463263	1.479463263	-1.484333326	1.484333326	-1.496002424	1.496002424	-1.496864556	1.496864556	-1.499201674	1.499201674	1.514967091	-1.514967091	1.525041033	-1.525041033	1.589492168	-1.589492168	1.610185714	-1.610185714	1.610877952	-1.610877952	-1.614270595	1.614270595	-1.628655097	1.628655097	1.652711324	-1.652711324	1.671127193	-1.671127193	-1.6780876	1.6780876	1.68865618	-1.68865618	1.694026709	-1.694026709	-1.700747163	1.700747163	-1.714781964	1.714781964	1.733825098	-1.733825098	-1.739325564	1.739325564	1.755568301	-1.755568301	-1.790530208	1.790530208	-1.79922376	1.79922376	1.845177211	-1.845177211	-1.847085679	1.847085679	-1.849721348	1.849721348	-1.858895949	1.858895949	-1.86532244	1.86532244	-1.889612884	1.889612884	1.90340729	-1.90340729	1.903886336	-1.903886336	-1.919962577	1.919962577	-1.950414882	1.950414882	-1.968692155	1.968692155	-1.969503581	1.969503581	1.971557751	-1.971557751	-1.981746245	1.981746245	1.982640724	-1.982640724	2.030374764	-2.030374764	
-0.91	0.001409210673	-0.001409210673	0.03807057539	-0.03807057539	0.1005336508	-0.1005336508	0.1223424177	-0.1223424177	-0.1563013347	0.1563013347	0.1605212674	-0.1605212674	0.1677895875	-0.1677895875	0.1848574217	-0.1848574217	0.2120951363	-0.2120951363	-0.2123723507	0.2123723507	0.2537293066	-0.2537293066	0.2662399972	-0.2662399972	-0.2732162557	0.2732162557	0.3793889168	-0.3793889168	0.3922455134	-0.3922455134	0.4137330292	-0.4137330292	-0.4356194175	0.4356194175	0.4888080524	-0.4888080524	0.7818065	-0.7818065	0.7875654883	-0.7875654883	0.844930233	-0.844930233	-0.8465572013	0.8465572013	0.8674047507	-0.8674047507	-0.9198510811	0.9198510811	0.9215015299	-0.9215015299	0.9331305564	-0.9331305564	0.9653995552	-0.9653995552	-0.9758341487	0.9758341487	0.9801256249	-0.9801256249	0.9854724297	-0.9854724297	0.9864751316	-0.9864751316	0.9896094228	-0.9896094228	-1.027974445	1.027974445	-1.051540842	1.051540842	1.111117869	-1.111117869	-1.123306587	1.123306587	-1.143719114	1.143719114	1.14832925	-1.14832925	1.183688517	-1.183688517	1.184987242	-1.184987242	1.195722513	-1.195722513	-1.223723324	1.223723324	1.232148706	-1.232148706	1.244615049	-1.244615049	1.254609456	-1.254609456	1.265294447	-1.265294447	1.271035275	-1.271035275	1.27249855	-1.27249855	1.288121308	-1.288121308	1.30137778	-1.30137778	-1.308973094	1.308973094	1.309329837	-1.309329837	-1.322815936	1.322815936	-1.331489089	1.331489089	1.343032178	-1.343032178	-1.353196105	1.353196105	1.358352732	-1.358352732	-1.389573309	1.389573309	-1.409577892	1.409577892	1.417824202	-1.417824202	1.430652178	-1.430652178	1.44117649	-1.44117649	1.453987552	-1.453987552	-1.472816074	1.472816074	-1.474538089	1.474538089	-1.47899512	1.47899512	-1.484302078	1.484302078	-1.496030859	1.496030859	1.496801426	-1.496801426	-1.498840146	1.498840146	-1.514850261	1.514850261	1.524314028	-1.524314028	-1.589039556	1.589039556	-1.610095927	1.610095927	-1.610558867	1.610558867	-1.614261432	1.614261432	1.628620995	-1.628620995	1.652248775	-1.652248775	1.671480628	-1.671480628	1.678110038	-1.678110038	1.688202853	-1.688202853	-1.693916816	1.693916816	1.700617723	-1.700617723	1.714836557	-1.714836557	-1.73397284	1.73397284	-1.739432254	1.739432254	-1.755644308	1.755644308	-1.790501935	1.790501935	1.798440159	-1.798440159	1.845584903	-1.845584903	-1.847198684	1.847198684	-1.849903189	1.849903189	-1.858821312	1.858821312	1.865419783	-1.865419783	1.889813819	-1.889813819	-1.903337285	1.903337285	1.903871261	-1.903871261	1.919957354	-1.919957354	-1.950560994	1.950560994	-1.968728788	1.968728788	1.969572243	-1.969572243	1.971609025	-1.971609025	1.981799404	-1.981799404	1.982425589	-1.982425589	-2.030377566	2.030377566	
-0.9	0.003345958121	-0.003345958121	-0.03356163714	0.03356163714	0.09357261354	-0.09357261354	0.115113069	-0.115113069	-0.1480927272	0.1480927272	0.1534254759	-0.1534254759	0.1607628904	-0.1607628904	-0.1918397633	0.1918397633	-0.2087969338	0.2087969338	-0.2195855171	0.2195855171	0.262387107	-0.262387107	-0.2733852435	0.2733852435	-0.27680031	0.27680031	-0.3878509945	0.3878509945	-0.4010928667	0.4010928667	-0.4208266626	0.4208266626	-0.4323241608	0.4323241608	-0.492011168	0.492011168	0.7818005829	-0.7818005829	0.7875692878	-0.7875692878	-0.844885122	0.844885122	0.8460193148	-0.8460193148	-0.8674120542	0.8674120542	-0.9165607078	0.9165607078	0.9208516194	-0.9208516194	-0.9329892705	0.9329892705	0.9653825331	-0.9653825331	-0.9790330365	0.9790330365	0.979215521	-0.979215521	-0.9853272081	0.9853272081	-0.9855245217	0.9855245217	-0.9896013287	0.9896013287	1.02782216	-1.02782216	-1.051284836	1.051284836	1.109984101	-1.109984101	1.123306256	-1.123306256	-1.143691092	1.143691092	1.148935633	-1.148935633	-1.182700734	1.182700734	1.183782189	-1.183782189	1.19533827	-1.19533827	1.22455067	-1.22455067	1.232237741	-1.232237741	-1.244325692	1.244325692	1.254643736	-1.254643736	1.265351498	-1.265351498	1.270999749	-1.270999749	-1.271933019	1.271933019	1.288149568	-1.288149568	1.300679276	-1.300679276	-1.30864232	1.30864232	-1.309587641	1.309587641	-1.322825852	1.322825852	-1.33144865	1.33144865	1.341679698	-1.341679698	-1.353202237	1.353202237	-1.358442949	1.358442949	-1.389506649	1.389506649	1.409587474	-1.409587474	-1.41773501	1.41773501	-1.430489503	1.430489503	1.441114334	-1.441114334	1.453669882	-1.453669882	-1.472829535	1.472829535	1.474186981	-1.474186981	-1.478508406	1.478508406	1.484275696	-1.484275696	-1.496052901	1.496052901	1.496600271	-1.496600271	-1.498549731	1.498549731	-1.514719393	1.514719393	-1.523528441	1.523528441	1.588551192	-1.588551192	1.60981925	-1.60981925	-1.610388355	1.610388355	1.614251496	-1.614251496	-1.628582687	1.628582687	1.651755859	-1.651755859	1.671810507	-1.671810507	-1.678135766	1.678135766	1.687705621	-1.687705621	1.693800491	-1.693800491	1.700477697	-1.700477697	-1.714904703	1.714904703	-1.734138923	1.734138923	-1.739538231	1.739538231	-1.755724754	1.755724754	1.790472605	-1.790472605	-1.797669925	1.797669925	1.845953447	-1.845953447	-1.847323475	1.847323475	-1.85011463	1.85011463	1.858742609	-1.858742609	-1.865503647	1.865503647	1.890008576	-1.890008576	-1.903268536	1.903268536	1.903853329	-1.903853329	-1.919932926	1.919932926	1.950714526	-1.950714526	1.968768953	-1.968768953	1.969642301	-1.969642301	-1.971661924	1.971661924	-1.981852398	1.981852398	1.98220104	-1.98220104	-2.030392748	2.030392748	
-0.89	0.004342771437	-0.004342771437	-0.03296985274	0.03296985274	0.0863214377	-0.0863214377	0.1077181101	-0.1077181101	-0.1397186281	0.1397186281	-0.1463224887	0.1463224887	-0.1534330043	0.1534330043	-0.1991692346	0.1991692346	-0.2052219302	0.2052219302	-0.2274351327	0.2274351327	-0.2710380717	0.2710380717	-0.2803862191	0.2803862191	-0.2805382541	0.2805382541	-0.3964171635	0.3964171635	-0.4099972596	0.4099972596	-0.428200601	0.428200601	-0.4290249528	0.4290249528	-0.4952088698	0.4952088698	-0.7817931481	0.7817931481	-0.7875732484	0.7875732484	-0.8448347416	0.8448347416	-0.845385997	0.845385997	-0.8674201585	0.8674201585	-0.9132663862	0.9132663862	-0.9201377736	0.9201377736	-0.9328310492	0.9328310492	-0.9653695646	0.9653695646	0.9782268649	-0.9782268649	-0.9822321159	0.9822321159	-0.9841270146	0.9841270146	-0.9855235181	0.9855235181	-0.989576467	0.989576467	1.027653743	-1.027653743	1.051008932	-1.051008932	-1.108774894	1.108774894	-1.123305934	1.123305934	-1.143650155	1.143650155	1.149489147	-1.149489147	1.180339623	-1.180339623	1.183878735	-1.183878735	1.194985765	-1.194985765	-1.225349806	1.225349806	-1.232335384	1.232335384	-1.24400226	1.24400226	-1.254615423	1.254615423	1.265402413	-1.265402413	1.270963906	-1.270963906	1.271298472	-1.271298472	-1.288190579	1.288190579	-1.299901943	1.299901943	1.308346228	-1.308346228	-1.309858711	1.309858711	-1.322843187	1.322843187	1.331403782	-1.331403782	-1.340303165	1.340303165	-1.353209133	1.353209133	-1.358543956	1.358543956	-1.389445227	1.389445227	1.409584204	-1.409584204	-1.417633755	1.417633755	1.430304819	-1.430304819	1.441051648	-1.441051648	-1.453312658	1.453312658	-1.47284394	1.47284394	1.473794056	-1.473794056	-1.478006678	1.478006678	-1.484253928	1.484253928	1.496068871	-1.496068871	-1.496219874	1.496219874	-1.498371397	1.498371397	-1.514574925	1.514574925	1.522684974	-1.522684974	1.588027754	-1.588027754	-1.609383555	1.609383555	-1.610339157	1.610339157	1.614240796	-1.614240796	-1.628540281	1.628540281	-1.651233097	1.651233097	-1.67211581	1.67211581	-1.678164796	1.678164796	1.687165486	-1.687165486	1.693677991	-1.693677991	-1.700326978	1.700326978	-1.714986243	1.714986243	1.734323104	-1.734323104	-1.739642492	1.739642492	-1.755810122	1.755810122	-1.790442246	1.790442246	-1.796914766	1.796914766	-1.846280276	1.846280276	-1.84745992	1.84745992	1.850357375	-1.850357375	-1.858658978	1.858658978	-1.865574393	1.865574393	-1.890196553	1.890196553	1.903201361	-1.903201361	-1.903832635	1.903832635	-1.919889987	1.919889987	1.950874948	-1.950874948	-1.968812583	1.968812583	1.969713826	-1.969713826	-1.971716542	1.971716542	-1.981905264	1.981905264	1.981967308	-1.981967308	2.030418897	-2.030418897	
-0.88	0.001236377146	-0.001236377146	0.0366921403	-0.0366921403	0.07891037846	-0.07891037846	0.1003314006	-0.1003314007	-0.1312345106	0.1312345106	0.1392152348	-0.1392152348	0.1458605133	-0.1458605133	-0.2016331894	0.2016331894	0.2067340535	-0.2067340535	0.2355165582	-0.2355165582	0.2796796031	-0.2796796031	-0.2839733954	0.2839733954	0.2876961364	-0.2876961364	0.405066465	-0.405066465	0.4189475813	-0.4189475813	-0.4257218625	0.4257218625	0.4358106776	-0.4358106776	-0.4984010674	0.4984010674	0.7817841767	-0.7817841767	0.7875773702	-0.7875773702	-0.8446571506	0.8446571506	0.8447790316	-0.8447790316	-0.8674290673	0.8674290673	-0.909968194	0.909968194	-0.9193598603	0.9193598603	-0.9326558579	0.9326558579	0.9653616965	-0.9653616965	0.9771646313	-0.9771646313	-0.982874758	0.982874758	0.9854254155	-0.9854254155	-0.9854678516	0.9854678516	-0.989535974	0.989535974	1.0274695	-1.0274695	1.050713956	-1.050713956	1.10749085	-1.10749085	1.123305623	-1.123305623	1.143599073	-1.143599073	-1.149981788	1.149981788	-1.177924057	1.177924057	-1.18397797	1.18397797	1.194649006	-1.194649006	-1.226119578	1.226119578	-1.232441209	1.232441209	1.243644003	-1.243644003	-1.254523954	1.254523954	-1.265446656	1.265446656	1.270596981	-1.270596981	-1.270927698	1.270927698	1.288244616	-1.288244616	1.299048269	-1.299048269	-1.308082296	1.308082296	-1.31014239	1.31014239	-1.322867873	1.322867873	1.33135434	-1.33135434	-1.338903814	1.338903814	1.353216746	-1.353216746	-1.358655615	1.358655615	-1.389389214	1.389389214	-1.409567979	1.409567979	1.417520435	-1.417520435	1.430098063	-1.430098063	1.440988252	-1.440988252	-1.452916097	1.452916097	-1.472859226	1.472859226	1.473357195	-1.473357195	-1.477493624	1.477493624	1.484236481	-1.484236481	-1.495669854	1.495669854	1.49607913	-1.49607913	1.498295263	-1.498295263	1.514417332	-1.514417332	1.52178437	-1.52178437	1.58746999	-1.58746999	1.608876927	-1.608876927	-1.610323865	1.610323865	1.614229337	-1.614229337	-1.628493894	1.628493894	-1.650681047	1.650681047	-1.672395395	1.672395395	1.67819714	-1.67819714	-1.686583532	1.686583532	1.693549663	-1.693549663	-1.700165429	1.700165429	1.715080984	-1.715080984	-1.73452512	1.73452512	-1.739744021	1.739744021	1.755900904	-1.755900904	1.79041089	-1.79041089	1.796176367	-1.796176367	-1.846564778	1.846564778	1.847607875	-1.847607875	1.850631224	-1.850631224	-1.858569461	1.858569461	1.865632345	-1.865632345	-1.890377226	1.890377226	-1.903136085	1.903136085	1.903809284	-1.903809284	-1.919829327	1.919829327	1.951041712	-1.951041712	-1.968859606	1.968859606	1.96978689	-1.96978689	1.971772989	-1.971772989	-1.981724626	1.981724626	-1.981958083	1.981958083	2.030454359	-2.030454359	
-0.87	0.00395934324	-0.00395934324	-0.04276642482	0.04276642482	0.07147489581	-0.07147489581	0.09313235118	-0.09313235118	-0.1226797352	0.1226797352	-0.1321057471	0.1321057471	0.1380871479	-0.1380871479	-0.1980568978	0.1980568978	-0.2144366554	0.2144366554	-0.2437548783	0.2437548783	-0.2875614064	0.2875614064	0.2883096336	-0.2883096336	-0.2948569448	0.2948569448	0.413782494	-0.413782494	-0.4224149582	0.4224149582	0.427934926	-0.427934926	0.4436201471	-0.4436201471	-0.5015876687	0.5015876687	-0.7817736471	0.7817736471	-0.7875816532	0.7875816532	0.8438327268	-0.8438327268	-0.8447179256	0.8447179256	0.8674387849	-0.8674387849	-0.9066662061	0.9066662061	0.9185177368	-0.9185177368	-0.9324636613	0.9324636613	-0.9653592374	0.9653592374	-0.9760270266	0.9760270266	-0.9815715255	0.9815715255	-0.9853546381	0.9853546381	-0.9886135599	0.9886135599	0.989482283	-0.989482283	-1.027269765	1.027269765	1.050400781	-1.050400781	-1.106132552	1.106132552	-1.123305324	1.123305324	-1.143539543	1.143539543	1.150404246	-1.150404246	1.175470374	-1.175470374	1.184079691	-1.184079691	-1.194318126	1.194318126	1.22685874	-1.22685874	-1.232554676	1.232554676	-1.243250001	1.243250001	1.254368656	-1.254368656	1.265483904	-1.265483904	1.269830962	-1.269830962	1.270891056	-1.270891056	1.288311777	-1.288311777	1.298121691	-1.298121691	-1.307847111	1.307847111	-1.310438009	1.310438009	-1.322899832	1.322899832	-1.331300061	1.331300061	-1.337483126	1.337483126	-1.353225046	1.353225046	-1.358777776	1.358777776	1.389338764	-1.389338764	-1.40953871	1.40953871	-1.417395057	1.417395057	-1.429869176	1.429869176	-1.440923947	1.440923947	1.452480384	-1.452480384	1.472874473	-1.472874473	1.472875323	-1.472875323	-1.476972852	1.476972852	1.484223036	-1.484223036	1.494988131	-1.494988131	1.496084066	-1.496084066	-1.49828315	1.49828315	-1.514247126	1.514247126	-1.520827413	1.520827413	1.586878722	-1.586878722	1.608323537	-1.608323537	1.610319032	-1.610319032	1.614217126	-1.614217126	1.628443655	-1.628443655	-1.650100298	1.650100298	-1.672647999	1.672647999	-1.678232812	1.678232812	1.685960924	-1.685960924	1.693415965	-1.693415965	1.699992882	-1.699992882	1.715188705	-1.715188705	1.734744691	-1.734744691	-1.7398418	1.7398418	-1.755997597	1.755997597	-1.790378569	1.790378569	-1.795456386	1.795456386	-1.846808492	1.846808492	-1.847767186	1.847767186	1.850933869	-1.850933869	-1.858473021	1.858473021	1.865677784	-1.865677784	1.890550141	-1.890550141	-1.903073044	1.903073044	-1.903783384	1.903783384	-1.919751826	1.919751826	1.951214254	-1.951214254	1.968909945	-1.968909945	1.969861555	-1.969861555	-1.971831398	1.971831398	1.981473234	-1.981473234	-1.982010976	1.982010976	-2.030497225	2.030497225	
-0.86	0.009636348151	-0.009636348152	-0.0494337554	0.0494337554	0.06441265776	-0.06441265776	0.0863551639	-0.0863551639	0.1140902365	-0.1140902365	0.1249955479	-0.1249955479	0.1301461509	-0.1301461509	-0.19447714	0.19447714	0.2222485599	-0.2222485599	0.2521032882	-0.2521032882	-0.2911500078	0.2911500078	0.2969263096	-0.2969263096	0.3020193004	-0.3020193004	0.4191042962	-0.4191042962	0.4225522485	-0.4225522485	0.4369520299	-0.4369520299	0.4515984358	-0.4515984358	-0.5047685798	0.5047685798	-0.7817615353	0.7817615353	0.7875860977	-0.7875860977	-0.8429127274	0.8429127274	0.8446513505	-0.8446513505	-0.8674493157	0.8674493157	0.903360495	-0.903360495	0.9176112505	-0.9176112506	0.9322544242	-0.9322544242	0.9653621141	-0.9653621141	0.9748141716	-0.9748141716	0.9802175567	-0.9802175567	0.9851799313	-0.9851799313	0.9894188704	-0.9894188704	0.9917964626	-0.9917964626	-1.027054901	1.027054901	1.050070322	-1.050070322	1.104700561	-1.104700561	-1.123305037	1.123305037	1.14347267	-1.14347267	-1.15074401	1.15074401	-1.172995216	1.172995216	-1.184183681	1.184183681	1.193986671	-1.193986671	-1.227565943	1.227565943	1.232675101	-1.232675101	-1.242819154	1.242819154	-1.254148742	1.254148742	1.265514053	-1.265514053	1.26900322	-1.26900322	1.2708539	-1.2708539	-1.28839196	1.28839196	1.29712601	-1.29712601	1.307636959	-1.307636959	-1.310744887	1.310744887	-1.322938983	1.322938983	-1.331240378	1.331240378	1.336043031	-1.336043031	1.353234013	-1.353234013	1.358910274	-1.358910274	-1.389294008	1.389294008	1.40949632	-1.40949632	-1.417257641	1.417257641	1.429618092	-1.429618092	1.44085851	-1.44085851	1.452005666	-1.452005666	1.472344421	-1.472344421	1.472892157	-1.472892157	1.476447629	-1.476447629	1.484213267	-1.484213267	-1.494205204	1.494205204	1.496084091	-1.496084091	1.498304295	-1.498304295	1.514064857	-1.514064857	1.519814933	-1.519814933	1.586254838	-1.586254838	1.607730245	-1.607730245	1.610318581	-1.610318581	-1.614204171	1.614204171	1.6283897	-1.6283897	1.649491471	-1.649491471	1.672872235	-1.672872235	-1.678271829	1.678271829	1.685298896	-1.685298896	1.693277476	-1.693277476	-1.69980914	1.69980914	1.715309152	-1.715309152	1.734981519	-1.734981519	-1.739934821	1.739934821	1.756100691	-1.756100691	-1.790345317	1.790345317	-1.794756448	1.794756448	1.847014802	-1.847014802	1.847937685	-1.847937685	1.85126121	-1.85126121	-1.858368546	1.858368546	1.865710947	-1.865710947	1.890714917	-1.890714917	1.903012576	-1.903012576	1.903755051	-1.903755051	1.919658446	-1.919658446	1.951392003	-1.951392003	1.96896352	-1.96896352	1.969937864	-1.969937864	1.971891922	-1.971891922	1.981213374	-1.981213374	1.982064105	-1.982064105	-2.030545323	2.030545323	
-0.85	0.01486678478	-0.01486678478	-0.05234373066	0.05234373066	0.0615227837	-0.0615227837	0.08034873919	-0.08034873919	-0.1055122036	0.1055122036	0.1178858792	-0.1178858792	-0.1220651836	0.1220651836	-0.1908966977	0.1908966977	-0.2301378889	0.2301378889	0.2605310266	-0.2605310266	-0.2947389271	0.2947389271	-0.3055280549	0.3055280549	-0.3091821799	0.3091821799	-0.4157899722	0.4157899722	0.4313652324	-0.4313652324	0.4459928794	-0.4459928794	0.459720053	-0.459720053	0.5079437048	-0.5079437048	0.7817478143	-0.7817478143	0.7875907037	-0.7875907037	-0.8418972055	0.8418972055	0.8445792267	-0.8445792267	-0.8674606646	0.8674606646	-0.9000511319	0.9000511319	0.91664024	-0.91664024	-0.9320281123	0.9320281123	-0.9653699294	0.9653699294	0.9735263537	-0.9735263537	-0.9788134284	0.9788134284	-0.984939168	0.984939168	-0.9893498114	0.9893498114	-0.9949738323	0.9949738324	-1.026825297	1.026825297	-1.049723532	1.049723532	1.10319542	-1.10319542	-1.123304761	1.123304761	-1.143399212	1.143399212	1.150982718	-1.150982718	-1.17051939	1.17051939	1.184289704	-1.184289704	1.19365016	-1.19365016	-1.228239713	1.228239713	1.232801593	-1.232801593	1.242350179	-1.242350179	-1.253863325	1.253863325	1.265537206	-1.265537206	1.268116992	-1.268116992	1.270816145	-1.270816145	1.288484854	-1.288484854	1.296064993	-1.296064993	1.30744824	-1.30744824	1.311062329	-1.311062329	-1.322985241	1.322985241	-1.331173802	1.331173802	1.33458657	-1.33458657	-1.353243631	1.353243631	1.359052934	-1.359052934	1.389255057	-1.389255057	-1.409440728	1.409440728	-1.417108224	1.417108224	-1.429344735	1.429344735	1.440791694	-1.440791694	-1.451492038	1.451492038	1.471766288	-1.471766288	-1.472909644	1.472909644	-1.475920617	1.475920617	1.484206842	-1.484206842	1.49333858	-1.49333858	1.496079631	-1.496079631	1.498340936	-1.498340936	-1.513871108	1.513871108	1.51874781	-1.51874781	1.585599297	-1.585599297	1.607100008	-1.607100008	1.610320389	-1.610320389	-1.614190477	1.614190477	1.628332172	-1.628332172	1.648855219	-1.648855219	-1.673066596	1.673066596	-1.678314213	1.678314213	-1.684598749	1.684598749	-1.693134903	1.693134903	1.699613973	-1.699613973	1.715442049	-1.715442049	-1.735235294	1.735235294	-1.740022094	1.740022094	-1.756210663	1.756210663	-1.790311169	1.790311169	1.794078136	-1.794078136	1.847188243	-1.847188243	1.848119194	-1.848119194	-1.851608045	1.851608045	-1.858254863	1.858254863	1.865732026	-1.865732026	1.890871244	-1.890871244	1.902955026	-1.902955026	1.903724402	-1.903724402	1.919550228	-1.919550228	-1.951574384	1.951574384	-1.969020244	1.969020244	-1.970015827	1.970015827	1.971954738	-1.971954738	-1.980945291	1.980945291	1.982117663	-1.982117663	-2.03059621	2.03059621	
-0.84	0.01885159837	-0.01885159837	0.04648010656	-0.04648010656	0.06760493104	-0.06760493104	0.07562169418	-0.07562169418	0.09703497675	-0.09703497675	0.1107778701	-0.1107778701	0.1138679826	-0.1138679826	-0.1873160108	0.1873160108	-0.238084347	0.238084347	0.2690169938	-0.2690169938	-0.2983280005	0.2983280005	0.314113345	-0.314113345	-0.3163447927	0.3163447927	-0.4124720323	0.4124720323	0.4402129392	-0.4402129392	0.4550524183	-0.4550524183	0.467963674	-0.467963674	-0.5111129459	0.5111129459	0.7817324544	-0.7817324544	0.7875954714	-0.7875954714	-0.8407862672	0.8407862672	0.8445014678	-0.8445014678	-0.8674728367	0.8674728367	0.8967381865	-0.8967381865	-0.9156045356	0.9156045356	-0.9317846932	0.9317846932	0.9653818426	-0.9653818426	-0.9721641877	0.9721641877	0.9773597222	-0.9773597222	0.9846277289	-0.9846277289	0.9892792213	-0.9892792213	-0.998145469	0.998145469	-1.026581366	1.026581366	-1.04936139	1.04936139	-1.101617653	1.101617653	-1.123304495	1.123304495	1.143319696	-1.143319696	1.151091902	-1.151091902	1.168072784	-1.168072784	1.18439751	-1.18439751	1.193305287	-1.193305287	1.228878444	-1.228878444	-1.232932964	1.232932964	1.241841652	-1.241841652	-1.253511447	1.253511447	1.265553636	-1.265553636	-1.267175998	1.267175998	-1.270777717	1.270777717	1.288589932	-1.288589932	1.294942162	-1.294942162	-1.30727769	1.30727769	1.311389623	-1.311389623	-1.323038519	1.323038519	1.331094686	-1.331094686	-1.333121145	1.333121145	1.353253894	-1.353253894	-1.359205564	1.359205564	-1.389221998	1.389221998	1.409371853	-1.409371853	1.416946868	-1.416946868	-1.429049006	1.429049006	1.440723231	-1.440723231	1.450939535	-1.450939535	1.471140236	-1.471140236	1.472927689	-1.472927689	-1.475393677	1.475393677	-1.484203438	1.484203438	1.492397703	-1.492397703	-1.496071121	1.496071121	1.498383387	-1.498383387	1.513666497	-1.513666497	1.517626977	-1.517626977	1.584913118	-1.584913118	1.606434635	-1.606434635	-1.61032353	1.61032353	-1.614176051	1.614176051	-1.628271223	1.628271223	1.648192226	-1.648192226	-1.673229466	1.673229466	1.678359987	-1.678359987	1.68386184	-1.68386184	1.692989079	-1.692989079	1.699407124	-1.699407124	1.715587091	-1.715587091	1.735505691	-1.735505691	-1.740102656	1.740102656	1.756327969	-1.756327969	-1.790276161	1.790276161	1.793422985	-1.793422985	-1.84733374	1.84733374	1.848311523	-1.848311523	-1.851968834	1.851968834	1.858130749	-1.858130749	-1.865741169	1.865741169	1.891018883	-1.891018883	1.902900737	-1.902900737	1.903691561	-1.903691561	1.919428285	-1.919428285	-1.95176083	1.95176083	1.969080027	-1.969080027	-1.97009541	1.97009541	1.972020047	-1.972020047	1.980669234	-1.980669234	-1.982171876	1.982171876	2.030647163	-2.030647163	
-0.83	0.02074252131	-0.02074252131	0.03896549978	-0.03896549978	0.0726767848	-0.0726767848	0.075442218	-0.075442218	-0.08892371761	0.08892371761	0.1036727185	-0.1036727185	-0.1055759019	0.1055759019	-0.1837352936	0.1837352936	-0.246073703	0.246073703	0.2775461773	-0.2775461773	-0.3019170867	0.3019170867	-0.3226807381	0.3226807381	-0.3235065048	0.3235065048	-0.4091505496	0.4091505496	0.4490883256	-0.4490883256	-0.4641263366	0.4641263366	0.4763113821	-0.4763113821	0.5142762033	-0.5142762033	0.7817154228	-0.7817154228	0.7876004007	-0.7876004007	-0.8395800721	0.8395800721	-0.8444179806	0.8444179806	0.8674858372	-0.8674858372	-0.8934217275	0.8934217275	0.9145039603	-0.9145039603	-0.931524137	0.931524137	0.9653961341	-0.9653961341	0.9707289986	-0.9707289986	-0.9758571369	0.9758571369	0.9842414778	-0.9842414778	0.9892107171	-0.9892107171	-1.001311207	1.001311207	1.026323548	-1.026323548	-1.048984902	1.048984902	1.099967766	-1.099967766	1.123304236	-1.123304236	-1.143234477	1.143234477	-1.151026166	1.151026166	1.165701598	-1.165701598	1.184506831	-1.184506831	-1.192949472	1.192949472	1.229480375	-1.229480375	1.233067568	-1.233067568	-1.241292102	1.241292102	1.253092102	-1.253092102	1.265563753	-1.265563753	1.266184495	-1.266184495	1.270738564	-1.270738564	1.288706434	-1.288706434	-1.293760717	1.293760717	1.307122483	-1.307122483	1.311726039	-1.311726039	1.323098734	-1.323098734	-1.330952582	1.330952582	-1.331699209	1.331699209	1.353264797	-1.353264797	-1.359367965	1.359367965	1.389194896	-1.389194896	-1.409289597	1.409289597	-1.416773663	1.416773663	-1.428730779	1.428730779	-1.440652821	1.440652821	-1.450348119	1.450348119	-1.470467413	1.470467413	1.472946179	-1.472946179	-1.474867808	1.474867808	-1.484202745	1.484202745	1.491387834	-1.491387834	1.496058995	-1.496058995	1.498426167	-1.498426167	1.513451672	-1.513451672	-1.516453423	1.516453423	1.584197388	-1.584197388	1.605735524	-1.605735524	1.610327536	-1.610327536	-1.614160898	1.614160898	1.62820701	-1.62820701	1.647503204	-1.647503204	1.673359128	-1.673359128	-1.678409182	1.678409182	1.683089581	-1.683089581	1.692840961	-1.692840961	1.69918832	-1.69918832	1.71574395	-1.71574395	-1.735792374	1.735792374	1.740175584	-1.740175584	-1.756453034	1.756453034	1.790240331	-1.790240331	1.792792466	-1.792792466	1.84745602	-1.84745602	-1.848514474	1.848514474	-1.852338283	1.852338283	-1.857994942	1.857994942	-1.865738479	1.865738479	1.891157661	-1.891157661	-1.902850055	1.902850055	-1.903656656	1.903656656	1.919293796	-1.919293796	-1.951950782	1.951950782	1.969142777	-1.969142777	-1.970176527	1.970176527	1.972088076	-1.972088076	1.980385454	-1.980385454	1.982226992	-1.982226992	-2.030695173	2.030695173	
-0.82	0.01994232068	-0.01994232068	0.03118589871	-0.03118589871	0.07088710847	-0.07088710847	-0.08237023499	0.08237023499	0.08360065939	-0.08360065939	0.09657209457	-0.09657209457	0.09721166963	-0.09721166963	-0.1801546934	0.1801546934	-0.2540956188	0.2540956188	0.2861075497	-0.2861075497	0.3055060679	-0.3055060679	0.3306667907	-0.3306667907	0.3312288366	-0.3312288366	-0.4058255933	0.4058255933	0.4579855095	-0.4579855095	0.47321091	-0.47321091	0.4847480491	-0.4847480491	-0.5174333748	0.5174333748	0.7816966838	-0.7816966838	0.7876054918	-0.7876054918	-0.8382788338	0.8382788338	-0.8443286653	0.8443286653	0.8674996718	-0.8674996718	-0.890101823	0.890101823	-0.9133383311	0.9133383311	-0.931246418	0.931246418	-0.9654086996	0.9654086996	0.9692241457	-0.9692241457	-0.9743066917	0.9743066917	-0.9837771398	0.9837771398	-0.9891470419	0.9891470419	-1.004470898	1.004470898	1.026052305	-1.026052305	-1.048595087	1.048595087	-1.098246251	1.098246251	1.123303981	-1.123303981	-1.143143725	1.143143725	1.150714028	-1.150714028	1.163477758	-1.163477758	-1.184617384	1.184617384	1.192580596	-1.192580596	-1.230043573	1.230043573	-1.233203008	1.233203008	-1.240700234	1.240700234	1.25260428	-1.25260428	1.265147331	-1.265147331	-1.265568057	1.265568057	1.27069866	-1.27069866	-1.28883337	1.28883337	1.29252354	-1.29252354	1.30698023	-1.30698023	1.312070826	-1.312070826	-1.323165801	1.323165801	1.330013047	-1.330013047	-1.331057488	1.331057488	-1.353276337	1.353276337	-1.359539921	1.359539921	-1.389173795	1.389173795	-1.409193844	1.409193844	-1.416588734	1.416588734	1.428389887	-1.428389887	1.440580139	-1.440580139	-1.449717667	1.449717667	-1.469749876	1.469749876	1.472964977	-1.472964977	1.474343224	-1.474343224	-1.484204467	1.484204467	1.490312102	-1.490312102	-1.496043683	1.496043683	1.498465967	-1.498465967	1.513227315	-1.513227315	1.515228203	-1.515228203	1.583453251	-1.583453251	1.605003915	-1.605003915	-1.61033214	1.61033214	1.614145027	-1.614145027	-1.628139695	1.628139695	1.646788897	-1.646788897	-1.673453788	1.673453788	-1.678461831	1.678461831	1.682283425	-1.682283425	-1.692691603	1.692691603	1.698957279	-1.698957279	1.715912276	-1.715912276	-1.736094996	1.736094996	-1.740240002	1.740240002	1.756586243	-1.756586243	-1.790203715	1.790203715	1.792187986	-1.792187986	-1.84755928	1.84755928	-1.848727834	1.848727834	1.852711686	-1.852711686	-1.857846156	1.857846156	1.865724016	-1.865724016	1.891287467	-1.891287467	-1.902803325	1.902803325	1.90361982	-1.90361982	-1.919147995	1.919147995	1.952143698	-1.952143698	1.969208397	-1.969208397	1.970259034	-1.970259034	-1.972159071	1.972159071	1.980094205	-1.980094205	-1.982283275	1.982283275	2.030736948	-2.030736948	
-0.81	0.01656939089	-0.01656939089	0.02331481859	-0.02331481859	0.06644467028	-0.06644467028	-0.08105186026	0.08105186026	-0.08872275017	0.08872275017	-0.08948071871	0.08948071871	0.09195633587	-0.09195633587	-0.1765743268	0.1765743268	0.2621423753	-0.2621423753	-0.2946927802	0.2946927802	-0.3090948438	0.3090948438	-0.3378252008	0.3378252008	-0.3397562685	0.3397562685	-0.4024972339	0.4024972339	-0.4668995157	0.4668995157	-0.4823028792	0.4823028792	0.493260832	-0.493260832	-0.5205843561	0.5205843561	-0.7816761982	0.7816761982	0.7876107448	-0.7876107448	-0.8368828199	0.8368828199	-0.8442334145	0.8442334145	0.8675143465	-0.8675143465	-0.8867785401	0.8867785401	0.9121074597	-0.9121074597	-0.9309515152	0.9309515152	-0.965405457	0.965405457	0.9676621219	-0.9676621219	0.9727102332	-0.9727102332	0.983232437	-0.983232437	-0.9890899301	0.9890899301	-1.007624403	1.007624403	1.025768121	-1.025768121	1.048192974	-1.048192974	-1.096453584	1.096453584	-1.123303726	1.123303726	-1.143047343	1.143047343	1.150053444	-1.150053444	-1.161503658	1.161503658	1.184728867	-1.184728867	1.192196831	-1.192196831	-1.230565906	1.230565906	-1.233335598	1.233335598	-1.240065411	1.240065411	1.252047	-1.252047	1.264070004	-1.264070004	-1.265567092	1.265567092	-1.270658013	1.270658013	-1.288969507	1.288969507	1.291233254	-1.291233254	-1.306848948	1.306848948	1.312423209	-1.312423209	-1.323239639	1.323239639	1.328536166	-1.328536166	-1.330938512	1.330938512	-1.353288514	1.353288514	1.359721208	-1.359721208	1.389158716	-1.389158716	-1.409084451	1.409084451	-1.416392245	1.416392245	1.428026116	-1.428026116	1.440504825	-1.440504825	-1.449047959	1.449047959	1.468990415	-1.468990415	1.472983913	-1.472983913	-1.473819537	1.473819537	-1.48420833	1.48420833	-1.489172523	1.489172523	-1.496025605	1.496025605	1.49850064	-1.49850064	1.512994131	-1.512994131	-1.513952438	1.513952438	1.582681909	-1.582681909	-1.604240987	1.604240987	1.610337179	-1.610337179	1.614128442	-1.614128442	1.628069444	-1.628069444	1.646050074	-1.646050074	1.673511603	-1.673511603	1.678517971	-1.678517971	1.68144487	-1.68144487	-1.692542134	1.692542134	-1.69871373	1.69871373	-1.716091698	1.716091698	-1.736413202	1.736413202	1.740295093	-1.740295093	-1.756727937	1.756727937	-1.790166353	1.790166353	-1.79161087	1.79161087	-1.847647059	1.847647059	1.848951383	-1.848951383	-1.853085043	1.853085043	-1.857683091	1.857683091	-1.8656978	1.8656978	-1.89140825	1.89140825	1.902760887	-1.902760887	-1.903581188	1.903581188	-1.918992165	1.918992165	1.952339062	-1.952339062	-1.969276786	1.969276786	-1.970342723	1.970342723	-1.972233298	1.972233298	-1.979795742	1.979795742	1.982341003	-1.982341003	-2.030768915	2.030768915	
-0.8	0.01130356073	-0.01130356073	0.01540328619	-0.01540328619	0.05892801766	-0.05892801766	0.0803001319	-0.0803001319	0.08233639792	-0.08233639792	0.08478061249	-0.08478061249	0.100279355	-0.100279355	-0.1729942924	0.1729942924	0.2702080693	-0.2702080693	0.3032954139	-0.3032954139	0.312683327	-0.312683327	0.3449813393	-0.3449813393	0.3482616726	-0.3482616726	0.3991655449	-0.3991655449	0.475826085	-0.475826085	0.4913993555	-0.4913993555	0.5018387658	-0.5018387658	0.5237290404	-0.5237290404	0.7816539237	-0.7816539237	0.7876161598	-0.7876161598	0.8353923526	-0.8353923526	-0.8441321142	0.8441321142	0.8675298674	-0.8675298674	0.8834519457	-0.8834519457	-0.9108111539	0.9108111539	0.9306394136	-0.9306394136	0.9652688329	-0.9652688329	-0.9661566041	0.9661566041	0.9710719086	-0.9710719086	0.9826060068	-0.9826060068	0.9890401918	-0.9890401918	-1.010771589	1.010771589	1.025471501	-1.025471501	1.047779595	-1.047779595	-1.094590231	1.094590231	-1.123303464	1.123303464	1.142944632	-1.142944632	1.148934476	-1.148934476	-1.159889913	1.159889913	-1.184840962	1.184840962	1.191796542	-1.191796542	-1.231045024	1.231045024	-1.23345927	1.23345927	1.23938869	-1.23938869	1.251419345	-1.251419345	-1.262958698	1.262958698	1.265561406	-1.265561406	1.270616666	-1.270616666	1.289113359	-1.289113359	1.289892286	-1.289892286	1.306727002	-1.306727002	1.312782386	-1.312782386	-1.323320169	1.323320169	-1.327021043	1.327021043	-1.33084616	1.33084616	-1.353301332	1.353301332	1.359911587	-1.359911587	-1.389149657	1.389149657	-1.408961239	1.408961239	-1.4161844	1.4161844	-1.42763919	1.42763919	-1.440426483	1.440426483	-1.448338671	1.448338671	1.468192332	-1.468192332	1.473002761	-1.473002761	1.473295989	-1.473295989	-1.48421408	1.48421408	1.487970542	-1.487970542	1.496005164	-1.496005164	1.498528697	-1.498528697	1.512627325	-1.512627325	-1.512752853	1.512752853	1.581884619	-1.581884619	1.603447903	-1.603447903	-1.610342542	1.610342542	-1.61411115	1.61411115	-1.627996428	1.627996428	1.645287532	-1.645287532	-1.673530717	1.673530717	-1.67857764	1.67857764	1.680575442	-1.680575442	-1.692393708	1.692393708	-1.698457433	1.698457433	1.716281827	-1.716281827	1.736746629	-1.736746629	-1.740340104	1.740340104	1.756878406	-1.756878406	-1.790128283	1.790128283	-1.791062355	1.791062355	-1.847722257	1.847722257	1.84918489	-1.84918489	1.853455047	-1.853455047	-1.857504451	1.857504451	-1.865659817	1.865659817	-1.891520014	1.891520014	1.902723078	-1.902723078	-1.903540902	1.903540902	-1.918827625	1.918827625	-1.95253638	1.95253638	1.96934784	-1.96934784	-1.970427321	1.970427321	-1.972311034	1.972311034	1.979490323	-1.979490323	-1.982400456	1.982400456	2.030787242	-2.030787242	
-0.79	0.00486242413	-0.004862424131	0.007487407009	-0.007487407009	-0.05053263122	0.05053263122	-0.07183253693	0.07183253693	-0.07529130341	0.07529130341	-0.09052550363	0.09052550363	-0.1086824682	0.1086824682	-0.1694146775	0.1694146775	-0.2782880888	0.2782880888	0.3119103338	-0.3119103338	-0.3162714393	0.3162714393	-0.352134845	0.352134845	-0.3567436876	0.3567436876	-0.3958306069	0.3958306069	0.4847615279	-0.4847615279	-0.5004977475	0.5004977475	0.5104724331	-0.5104724331	-0.5268673187	0.5268673187	0.7816298143	-0.7816298143	-0.7876217367	0.7876217367	-0.8338078077	0.8338078077	0.8440246427	-0.8440246427	-0.8675462409	0.8675462409	-0.8801221064	0.8801221064	-0.9094492191	0.9094492191	-0.9303101057	0.9303101057	-0.9640838412	0.9640838412	-0.9656109247	0.9656109247	-0.9694036248	0.9694036248	0.9818971904	-0.9818971904	0.9889979262	-0.9889979262	-1.013912322	1.013912322	1.025162968	-1.025162968	-1.047355977	1.047355977	1.09265665	-1.09265665	-1.123303189	1.123303189	-1.142832957	1.142832957	-1.14730512	1.14730512	1.158690942	-1.158690942	1.184953331	-1.184953331	-1.191378216	1.191378216	-1.231478324	1.231478324	-1.233563273	1.233563273	1.238675099	-1.238675099	-1.250720492	1.250720492	-1.261820308	1.261820308	-1.265551521	1.265551521	-1.270574698	1.270574698	1.288502945	-1.288502945	-1.289263177	1.289263177	-1.306613053	1.306613053	1.313147524	-1.313147524	-1.323407314	1.323407314	-1.325495795	1.325495795	-1.330755736	1.330755736	-1.353314792	1.353314792	-1.360110811	1.360110811	-1.389146598	1.389146598	-1.40882399	1.40882399	-1.415965454	1.415965454	1.427228764	-1.427228764	1.440344674	-1.440344674	-1.447589365	1.447589365	1.467359232	-1.467359232	-1.472771662	1.472771662	-1.473021213	1.473021213	1.484221484	-1.484221484	1.486707343	-1.486707343	-1.495982742	1.495982742	1.498549035	-1.498549035	-1.511254144	1.511254144	1.512504236	-1.512504236	1.581062691	-1.581062691	1.602625828	-1.602625828	1.610348153	-1.610348153	-1.614093159	1.614093159	-1.627920819	1.627920819	-1.644502095	1.644502095	1.673509303	-1.673509303	-1.678640877	1.678640877	-1.679676698	1.679676698	-1.692247456	1.692247456	1.698188212	-1.698188212	1.716482253	-1.716482253	-1.737094907	1.737094907	1.740374355	-1.740374355	-1.757037882	1.757037882	-1.790089545	1.790089545	-1.790543579	1.790543579	-1.847787207	1.847787207	1.849428112	-1.849428112	1.853819006	-1.853819006	-1.857308951	1.857308951	-1.865610018	1.865610018	-1.891622813	1.891622813	1.902690231	-1.902690231	-1.903499104	1.903499104	-1.918655723	1.918655723	1.952735194	-1.952735194	1.969421455	-1.969421455	-1.970512497	1.970512497	-1.972392561	1.972392561	1.979178208	-1.979178208	-1.982461908	1.982461908	2.030787862	-2.030787862	
-0.78	0.000695398966	-0.0006953989661	0.002522565112	-0.002522565113	-0.04187485536	0.04187485536	-0.06340362578	0.06340362578	-0.06822859489	0.06822859489	-0.09732317213	0.09732317213	-0.1171149959	0.1171149959	-0.1658355624	0.1658355624	-0.2863787593	0.2863787593	-0.3198591096	0.3198591096	-0.3205333973	0.3205333973	-0.3592853704	0.3592853704	-0.3652009429	0.3652009429	-0.3924925184	0.3924925184	-0.4937026117	0.4937026117	-0.5095957031	0.5095957031	-0.5191536966	0.5191536966	-0.5299990791	0.5299990791	-0.7816038202	0.7816038202	-0.7876274756	0.7876274756	-0.8321296145	0.8321296145	-0.8439108714	0.8439108714	0.8675634738	-0.8675634738	-0.8767890884	0.8767890884	-0.9080214594	0.9080214594	-0.9299635924	0.9299635924	0.9623305515	-0.9623305515	0.9654956938	-0.9654956938	-0.9677549658	0.9677549658	-0.98110579	0.98110579	0.9889627669	-0.9889627669	-1.017046468	1.017046468	-1.024843063	1.024843063	1.046923138	-1.046923138	-1.090653292	1.090653292	1.123302893	-1.123302893	-1.14269895	1.14269895	1.14522609	-1.14522609	-1.157859015	1.157859015	-1.185065615	1.185065615	1.190940417	-1.190940417	-1.231862926	1.231862926	-1.233627011	1.233627011	1.237938799	-1.237938799	-1.249949741	1.249949741	-1.260662431	1.260662431	-1.265537906	1.265537906	-1.270532215	1.270532215	-1.28706748	1.28706748	1.28941693	-1.28941693	1.306506	-1.306506	-1.313517752	1.313517752	-1.323501001	1.323501001	1.323968075	-1.323968075	-1.330663507	1.330663507	-1.353328899	1.353328899	-1.36031862	1.36031862	-1.389149496	1.389149496	-1.408672441	1.408672441	-1.415735709	1.415735709	-1.426794406	1.426794406	1.440258905	-1.440258905	-1.446799487	1.446799487	1.466494871	-1.466494871	-1.472245637	1.472245637	-1.47303882	1.47303882	-1.484230332	1.484230332	-1.485384064	1.485384064	1.495958695	-1.495958695	1.498560789	-1.498560789	-1.509834264	1.509834264	-1.512249052	1.512249052	1.580217484	-1.580217484	-1.601775941	1.601775941	-1.610353956	1.610353956	-1.614074475	1.614074475	-1.627842792	1.627842792	1.643694611	-1.643694611	-1.673445613	1.673445613	-1.678707716	1.678707716	1.678750216	-1.678750216	-1.692104407	1.692104407	-1.697905987	1.697905987	1.716692555	-1.716692555	1.73745766	-1.73745766	-1.740397244	1.740397244	-1.75720654	1.75720654	-1.790050179	1.790050179	1.790055573	-1.790055573	1.84784377	-1.84784377	1.849680798	-1.849680798	-1.85417475	1.85417475	1.857095339	-1.857095339	1.86554833	-1.86554833	-1.891716745	1.891716745	-1.902662671	1.902662671	-1.903455942	1.903455942	-1.918477825	1.918477825	1.952935077	-1.952935077	1.969497522	-1.969497522	-1.970597863	1.970597863	1.97247815	-1.97247815	-1.978859659	1.978859659	1.982525625	-1.982525625	2.030766526	-2.030766526	
-0.77	0.00847634756	-0.00847634756	0.009822311543	-0.009822311543	0.03311520856	-0.03311520856	0.05511880384	-0.05511880384	0.06118922017	-0.06118922018	0.1047038653	-0.1047038653	0.1255659185	-0.1255659185	0.1622570227	-0.1622570227	-0.2944771	0.2944771	-0.3234462721	0.3234462721	0.3291611841	-0.3291611841	0.3664325335	-0.3664325335	0.3736320502	-0.3736320502	0.3891514366	-0.3891514366	0.5026464703	-0.5026464703	0.5186910628	-0.5186910628	0.5278754818	-0.5278754818	0.5331242073	-0.5331242073	0.781575888	-0.781575888	0.7876333764	-0.7876333764	0.8303582551	-0.8303582551	0.8437906637	-0.8437906637	-0.8675815729	0.8675815729	-0.8734529578	0.8734529578	0.9065276797	-0.9065276797	-0.9295998848	0.9295998848	0.9604643512	-0.9604643512	0.965032902	-0.965032902	0.9664488366	-0.9664488366	0.9802318599	-0.9802318599	0.9889340929	-0.9889340929	-1.020173885	1.020173885	1.024512344	-1.024512344	-1.046482076	1.046482076	-1.088580608	1.088580608	-1.123302565	1.123302565	1.142283343	-1.142283343	1.14306512	-1.14306512	-1.157285153	1.157285153	-1.185177431	1.185177431	1.19048176	-1.19048176	1.232195624	-1.232195624	-1.233608692	1.233608692	-1.237214494	1.237214494	1.24910654	-1.24910654	1.2594933	-1.2594933	-1.265520964	1.265520964	-1.270489351	1.270489351	1.28558814	-1.28558814	1.289572275	-1.289572275	1.306404935	-1.306404935	-1.313892147	1.313892147	1.322443404	-1.322443404	1.323601157	-1.323601157	-1.330568452	1.330568452	-1.353343661	1.353343661	1.360534744	-1.360534744	1.38915829	-1.38915829	1.40850628	-1.40850628	-1.415495514	1.415495514	-1.426335585	1.426335585	1.440168628	-1.440168628	1.445968367	-1.445968367	1.465603051	-1.465603051	1.4717171	-1.4717171	-1.473054895	1.473054895	1.484002003	-1.484002003	1.484240433	-1.484240433	-1.495933344	1.495933344	1.49856325	-1.49856325	1.508369159	-1.508369159	1.511988083	-1.511988083	1.579350402	-1.579350402	-1.600899434	1.600899434	-1.610359907	1.610359907	1.614055105	-1.614055105	-1.627762521	1.627762521	1.642865952	-1.642865952	1.673338032	-1.673338032	1.677797595	-1.677797595	1.678778185	-1.678778185	-1.691965409	1.691965409	1.697610823	-1.697610823	-1.716912292	1.716912292	1.737834504	-1.737834504	1.740408247	-1.740408247	-1.757384491	1.757384491	-1.789599248	1.789599248	1.790010225	-1.790010225	1.847893427	-1.847893427	1.849942688	-1.849942688	1.854520535	-1.854520535	-1.856862404	1.856862404	1.865474659	-1.865474659	-1.89180195	1.89180195	1.902640714	-1.902640714	1.903411567	-1.903411567	-1.918295297	1.918295297	-1.953135643	1.953135643	1.969575931	-1.969575931	-1.970682995	1.970682995	-1.97256805	1.97256805	1.978534939	-1.978534939	1.982591852	-1.982591852	2.030718871	-2.030718871	
-0.76	0.0163556903	-0.0163556903	0.01711126088	-0.01711126088	-0.02431952091	0.02431952091	-0.04728389665	0.04728389665	0.05420140858	-0.05420140858	-0.1124448539	0.1124448539	-0.1340285266	0.1340285266	-0.1586791315	0.1586791315	-0.3025806518	0.3025806518	-0.3270328646	0.3270328646	0.3377908179	-0.3377908179	0.3735756609	-0.3735756609	-0.3820355962	0.3820355962	0.3858078291	-0.3858078291	-0.5115905343	0.5115905343	-0.5277818217	0.5277818217	-0.5362425864	0.5362425864	0.5366315995	-0.5366315995	0.7815459599	-0.7815459599	0.7876394391	-0.7876394391	-0.8284942632	0.8284942632	0.8436638757	-0.8436638757	0.8676005455	-0.8676005455	0.8701137807	-0.8701137807	0.9049676873	-0.9049676873	-0.9292190053	0.9292190053	0.9585176152	-0.9585176152	0.9636080603	-0.9636080603	0.9660676612	-0.9660676612	-0.9792755551	0.9792755551	0.9889111826	-0.9889111826	-1.023294424	1.023294424	1.024171383	-1.024171383	-1.04603377	1.04603377	1.086439055	-1.086439055	1.12330219	-1.12330219	-1.139916518	1.139916518	1.142595257	-1.142595257	-1.156865304	1.156865304	1.185288371	-1.185288371	-1.190000886	1.190000886	1.232472853	-1.232472853	1.233426757	-1.233426757	1.236576136	-1.236576136	1.248190515	-1.248190515	1.258321651	-1.258321651	1.265501021	-1.265501021	1.270446259	-1.270446259	-1.284067218	1.284067218	1.289726523	-1.289726523	-1.30630911	1.30630911	1.314269708	-1.314269708	-1.320927278	1.320927278	-1.323707714	1.323707714	-1.330470257	1.330470257	-1.353359082	1.353359082	-1.360758903	1.360758903	-1.389172901	1.389172901	-1.408325139	1.408325139	-1.415245269	1.415245269	1.425851653	-1.425851653	-1.440073215	1.440073215	1.445095226	-1.445095226	1.464687563	-1.464687563	-1.471185393	1.471185393	-1.473068301	1.473068301	1.482562896	-1.482562896	-1.484251616	1.484251616	1.495906964	-1.495906964	1.498555812	-1.498555812	-1.506860421	1.506860421	-1.511722125	1.511722125	1.578462891	-1.578462891	1.59999752	-1.59999752	1.610365974	-1.610365974	1.614035059	-1.614035059	-1.627680183	1.627680183	1.642017014	-1.642017014	1.673185131	-1.673185131	1.676820441	-1.676820441	-1.678852304	1.678852304	1.691831024	-1.691831024	-1.697302992	1.697302992	1.717141014	-1.717141014	1.738225053	-1.738225053	1.740406926	-1.740406926	-1.757571786	1.757571786	-1.789175391	1.789175391	-1.789969722	1.789969722	-1.847937361	1.847937361	-1.850213511	1.850213511	-1.854854956	1.854854956	-1.85660899	1.85660899	-1.865388899	1.865388899	1.891878602	-1.891878602	-1.90262467	1.90262467	1.90336613	-1.90336613	-1.918109503	1.918109503	1.953336544	-1.953336544	1.96965657	-1.96965657	1.970767442	-1.970767442	-1.972662469	1.972662469	-1.978204315	1.978204315	1.982660803	-1.982660803	2.030640516	-2.030640516	
-0.75	0.01550210097	-0.01550210097	0.02287221638	-0.02287221638	0.0241286793	-0.0241286793	0.04120191852	-0.04120191852	-0.04735986078	0.04735986078	-0.1204213761	0.1204213761	-0.142498155	0.142498155	-0.1551019611	0.1551019611	-0.3106873544	0.3106873544	-0.3306188281	0.3306188281	0.3464198374	-0.3464198374	-0.3807045591	0.3807045591	-0.3824716996	0.3824716996	0.3904101352	-0.3904101352	0.5205324733	-0.5205324733	-0.5368660954	0.5368660954	-0.5393540992	0.5393540992	-0.5454166	0.5454166	0.7815139738	-0.7815139738	0.7876456637	-0.7876456637	-0.8265382232	0.8265382232	0.8435303559	-0.8435303559	-0.8667716233	0.8667716233	-0.8676203987	0.8676203987	0.903341294	-0.903341294	-0.9288209889	0.9288209889	-0.9564968263	0.9564968263	-0.9617950474	0.9617950474	0.9660314245	-0.9660314245	-0.9782370379	0.9782370379	0.9888933101	-0.9888933101	1.023820764	-1.023820764	-1.026407918	1.026407918	1.045579175	-1.045579175	-1.084229101	1.084229101	1.123301746	-1.123301746	1.137039428	-1.137039428	-1.14244867	1.14244867	-1.156525626	1.156525626	-1.185397998	1.185397998	-1.189496454	1.189496454	-1.232690624	1.232690624	-1.232966476	1.232966476	-1.236130527	1.236130527	-1.247201507	1.247201507	-1.257156515	1.257156515	1.265478326	-1.265478326	1.270403105	-1.270403105	1.282507089	-1.282507089	1.289876593	-1.289876593	-1.306217903	1.306217903	-1.314649275	1.314649275	-1.319425766	1.319425766	-1.323820602	1.323820602	-1.330368884	1.330368884	1.353375172	-1.353375172	-1.360990807	1.360990807	1.389193233	-1.389193233	1.408128602	-1.408128602	-1.41498542	1.41498542	-1.425341822	1.425341822	1.439971951	-1.439971951	1.444179196	-1.444179196	-1.463752165	1.463752165	-1.470650032	1.470650032	1.473076984	-1.473076984	-1.481069442	1.481069442	-1.484263727	1.484263727	-1.495879763	1.495879763	1.49853795	-1.49853795	-1.505309788	1.505309788	-1.51145197	1.51145197	-1.577556436	1.577556436	-1.599071425	1.599071425	1.610372128	-1.610372128	1.614014343	-1.614014343	1.627595952	-1.627595952	1.641148715	-1.641148715	-1.672985715	1.672985715	1.675820372	-1.675820372	1.678930086	-1.678930086	1.691701416	-1.691701416	1.69698305	-1.69698305	-1.717378258	1.717378258	-1.738628914	1.738628914	1.740392922	-1.740392922	1.757768417	-1.757768417	-1.788784658	1.788784658	-1.789928713	1.789928713	1.847976517	-1.847976517	-1.850492988	1.850492988	-1.855176884	1.855176884	1.856334014	-1.856334014	-1.865290942	1.865290942	-1.891946903	1.891946903	-1.902614839	1.902614839	1.903319786	-1.903319786	1.917921783	-1.917921783	1.953537472	-1.953537472	-1.969739324	1.969739324	1.970850746	-1.970850746	1.972761555	-1.972761555	-1.977868054	1.977868054	1.982732661	-1.982732661	2.03052718	-2.03052718	
-0.74	0.006768962816	-0.006768962816	0.02263788729	-0.02263788729	0.03109015445	-0.03109015445	0.04131840922	-0.04131840922	-0.04132444105	0.04132444106	0.1285582002	-0.1285582002	0.150971319	-0.150971319	-0.1515256147	0.1515256147	-0.3187954553	0.3187954553	-0.334204105	0.334204105	-0.3550460983	0.3550460983	-0.3791053337	0.3791053337	-0.3878567682	0.3878567682	-0.3987541827	0.3987541827	0.5294701499	-0.5294701499	-0.5424586063	0.5424586063	-0.5459421164	0.5459421164	-0.5542256537	0.5542256537	0.7814798631	-0.7814798631	-0.7876520498	0.7876520498	-0.8244907689	0.8244907689	0.8433899449	-0.8433899449	-0.863426552	0.8634265521	-0.8676411401	0.8676411401	0.9016483186	-0.9016483186	0.9284058854	-0.9284058854	-0.9544045394	0.9544045394	0.9598683224	-0.9598683224	0.9660635042	-0.9660635042	-0.9771164271	0.9771164271	0.9888797984	-0.9888797984	1.023461084	-1.023461084	-1.029514159	1.029514159	1.04511923	-1.04511923	1.081951234	-1.081951234	-1.123301195	1.123301195	1.134005152	-1.134005152	1.142318686	-1.142318686	1.156218916	-1.156218916	-1.185505843	1.185505843	1.188967133	-1.188967133	1.232172823	-1.232172823	-1.232844453	1.232844453	-1.235924747	1.235924747	1.246139627	-1.246139627	-1.256006925	1.256006925	-1.265453054	1.265453054	-1.270360062	1.270360062	1.280910237	-1.280910237	-1.290018954	1.290018954	-1.306130792	1.306130792	-1.315029154	1.315029154	1.317946106	-1.317946106	1.323939754	-1.323939754	1.330264438	-1.330264438	-1.353391937	1.353391937	-1.361230157	1.361230157	-1.389219171	1.389219171	-1.407916198	1.407916198	-1.414716447	1.414716447	-1.424805144	1.424805144	1.439864005	-1.439864005	-1.443219346	1.443219346	1.462800566	-1.462800566	1.470110698	-1.470110698	-1.473076793	1.473076793	1.479526536	-1.479526536	-1.484276632	1.484276632	1.495851842	-1.495851842	1.498509194	-1.498509194	1.503719194	-1.503719194	-1.511178409	1.511178409	1.576632557	-1.576632557	1.598122394	-1.598122394	-1.610378347	1.610378347	1.613992967	-1.613992967	-1.62751	1.62751	-1.640261995	1.640261995	1.672738866	-1.672738866	1.674799009	-1.674799009	-1.679011533	1.679011533	1.691576215	-1.691576215	1.69665194	-1.69665194	-1.717623552	1.717623552	-1.739045691	1.739045691	-1.74036596	1.74036596	1.757974319	-1.757974319	1.788427563	-1.788427563	-1.789887237	1.789887237	-1.848011656	1.848011656	-1.850780828	1.850780828	1.855485401	-1.855485401	1.856036474	-1.856036474	1.865180688	-1.865180688	-1.892007083	1.892007083	1.902611509	-1.902611509	-1.903272694	1.903272694	1.917733447	-1.917733447	1.953738158	-1.953738158	1.96982408	-1.96982408	1.970932468	-1.970932468	1.972865382	-1.972865382	1.977526429	-1.977526429	-1.982807559	1.982807559	2.03037483	-2.03037483	
-0.73	0.001627643815	-0.001627643815	-0.01679786356	0.01679786356	-0.03106439207	0.03106439208	-0.04227485777	0.04227485777	-0.04749207433	0.04749207433	-0.1368073959	0.1368073959	-0.1479500708	0.1479500708	-0.1594454426	0.1594454426	-0.3269034431	0.3269034431	-0.3377886396	0.3377886396	-0.3636676821	0.3636676821	-0.3757535117	0.3757535117	-0.3949873679	0.3949873679	0.4070662079	-0.4070662079	-0.5384015804	0.5384015804	-0.5455560082	0.5455560082	0.5550081499	-0.5550081499	-0.5630544517	0.5630544517	0.7814435562	-0.7814435562	-0.7876585973	0.7876585973	-0.8223525819	0.8223525819	0.8432424756	-0.8432424756	-0.8600786337	0.8600786337	0.8676627772	-0.8676627772	-0.8998885894	0.8998885894	0.9279737602	-0.9279737602	-0.9522422397	0.9522422397	-0.9578711468	0.9578711468	0.9661196002	-0.9661196002	-0.9759137769	0.9759137769	0.9888700434	-0.9888700434	-1.023092946	1.023092946	-1.03261285	1.03261285	1.044654897	-1.044654897	1.079605974	-1.079605974	1.123300448	-1.123300448	-1.130857351	1.130857351	-1.142190512	1.142190512	-1.155915466	1.155915466	1.185611395	-1.185611395	-1.188411593	1.188411593	-1.231097848	1.231097848	-1.232929263	1.232929263	-1.23589913	1.23589913	1.245005345	-1.245005345	1.254881557	-1.254881557	1.265425312	-1.265425312	1.270317304	-1.270317304	1.279279277	-1.279279277	-1.290149561	1.290149561	-1.306047339	1.306047339	-1.315403149	1.315403149	-1.316500797	1.316500797	1.324065102	-1.324065102	-1.330157125	1.330157125	-1.353409388	1.353409388	-1.361476645	1.361476645	-1.389250587	1.389250587	-1.407687408	1.407687408	-1.41443886	1.41443886	-1.424240475	1.424240475	-1.439748402	1.439748402	-1.442214726	1.442214726	1.461836421	-1.461836421	-1.469567224	1.469567224	-1.473057908	1.473057908	-1.477944892	1.477944892	1.48429021	-1.48429021	-1.495823072	1.495823072	-1.49846913	1.49846913	1.502090893	-1.502090893	-1.510902219	1.510902219	1.575692806	-1.575692806	-1.597151686	1.597151686	-1.610384613	1.610384613	-1.613970941	1.613970941	-1.627422498	1.627422498	-1.639357811	1.639357811	1.672443972	-1.672443972	-1.673757973	1.673757973	-1.67909664	1.67909664	-1.691454348	1.691454348	1.696311133	-1.696311133	-1.717876415	1.717876415	-1.739474981	1.739474981	1.740325841	-1.740325841	-1.758189373	1.758189373	-1.78810448	1.78810448	-1.789845334	1.789845334	1.848043393	-1.848043393	1.851076732	-1.851076733	-1.855715465	1.855715465	-1.85577976	1.85577976	-1.865058055	1.865058055	1.892059389	-1.892059389	-1.90261496	1.90261496	-1.903225009	1.903225009	1.917545762	-1.917545762	-1.953938374	1.953938374	-1.969910721	1.969910721	-1.971012199	1.971012199	-1.972973931	1.972973931	1.977179713	-1.977179713	-1.98288558	1.98288558	-2.030179833	2.030179833	
-0.72	0.005537139228	-0.005537139229	-0.013787004	0.013787004	0.02486148769	-0.02486148769	0.04941393099	-0.04941393099	0.05538647449	-0.05538647449	-0.1443755094	0.1443755094	0.1451370219	-0.1451370219	0.167918284	-0.167918284	-0.3350099969	0.3350099969	-0.3413723768	0.3413723768	0.3722711435	-0.3722711435	0.3724096528	-0.3724096528	0.4021145304	-0.4021145304	0.4153446269	-0.415344627	0.5473248734	-0.5473248734	-0.5486461939	0.5486461939	0.5640625559	-0.5640625559	0.5718991236	-0.5718991236	0.7814049766	-0.7814049766	0.787665306	-0.787665306	0.8201243901	-0.8201243901	0.8430877727	-0.8430877727	-0.8567279355	0.8567279355	-0.8676853176	0.8676853176	-0.8980619471	0.8980619471	0.9275246962	-0.9275246962	0.9500110096	-0.9500110096	0.9558145099	-0.9558145099	0.9661881529	-0.9661881529	0.9746290734	-0.9746290734	0.9888635203	-0.9888635203	-1.022716965	1.022716965	1.035703415	-1.035703415	-1.044187333	1.044187333	1.077193891	-1.077193891	1.123299181	-1.123299181	1.127617537	-1.127617537	1.142061112	-1.142061112	-1.155596111	1.155596111	-1.185714101	1.185714101	1.187828511	-1.187828511	1.229811222	-1.229811222	1.232939225	-1.232939225	1.235977116	-1.235977116	1.243799633	-1.243799633	1.253788347	-1.253788347	1.265395145	-1.265395145	-1.270275005	1.270275005	1.277616967	-1.277616967	1.29026379	-1.29026379	1.305967173	-1.305967173	1.315052628	-1.315052628	-1.315815638	1.315815638	-1.32419658	1.32419658	-1.330047243	1.330047243	-1.353427534	1.353427534	1.361729954	-1.361729954	1.389287339	-1.389287339	-1.407441674	1.407441674	1.414153184	-1.414153184	-1.423646438	1.423646438	1.439623982	-1.439623982	1.441164429	-1.441164429	1.460863324	-1.460863324	1.469019565	-1.469019565	1.472991125	-1.472991125	1.476354819	-1.476354819	1.484304353	-1.484304353	1.495792733	-1.495792733	1.498417391	-1.498417391	1.500427838	-1.500427838	1.510624155	-1.510624155	1.574738759	-1.574738759	1.59616057	-1.59616057	-1.610390908	1.610390908	1.613948274	-1.613948274	1.627333615	-1.627333615	1.638437143	-1.638437143	1.672100748	-1.672100748	-1.67269888	1.67269888	1.679185395	-1.679185395	1.691333856	-1.691333856	-1.695962808	1.695962808	1.718136359	-1.718136359	-1.739916379	1.739916379	1.740272441	-1.740272441	1.758413415	-1.758413415	1.787815634	-1.787815634	-1.789803045	1.789803045	1.848072232	-1.848072232	1.85138039	-1.85138039	1.85537019	-1.85537019	1.856059334	-1.856059334	1.864922998	-1.864922998	1.892104084	-1.892104084	-1.902625457	1.902625457	-1.903176891	1.903176891	-1.917359939	1.917359939	1.95413793	-1.95413793	1.969999129	-1.969999129	1.971089582	-1.971089582	1.973087078	-1.973087078	1.976828182	-1.976828182	1.982966742	-1.982966742	2.029939121	-2.029939121	
-0.71	0.001266968871	-0.001266968871	0.01801446061	-0.01801446061	0.02102688505	-0.02102688505	0.05720104443	-0.05720104443	0.06379137426	-0.06379137426	-0.1408019797	0.1408019797	0.1535249647	-0.1535249647	0.1763881132	-0.1763881132	0.3431139448	-0.3431139448	-0.3449552645	0.3449552645	-0.3690388597	0.3690388597	0.3808907153	-0.3808907153	0.4092372283	-0.4092372283	0.4235877952	-0.4235877952	0.5517288966	-0.5517288966	0.5562384008	-0.5562384008	0.5731037166	-0.5731037166	0.5807561673	-0.5807561673	0.7813640421	-0.7813640421	0.7876721754	-0.7876721754	0.8178069659	-0.8178069659	0.8429256536	-0.8429256536	-0.8533745253	0.8533745253	-0.8677087687	0.8677087687	-0.896168249	0.896168249	0.9270587955	-0.9270587955	-0.9477117414	0.9477117414	0.9537025129	-0.9537025129	0.9662647578	-0.9662647578	0.9732622401	-0.9732622401	-0.9888597808	0.9888597808	-1.022333758	1.022333758	-1.038784014	1.038784014	1.043718848	-1.043718848	1.074715627	-1.074715627	1.123292926	-1.123292926	1.124303028	-1.124303028	1.141929424	-1.141929424	-1.155247964	1.155247964	1.185813353	-1.185813353	1.187216568	-1.187216568	1.228353592	-1.228353592	1.232867517	-1.232867517	-1.23611225	1.23611225	1.242524217	-1.242524217	1.252734131	-1.252734131	1.265362547	-1.265362547	1.27023333	-1.27023333	1.275926222	-1.275926222	1.290356391	-1.290356391	1.305889977	-1.305889977	1.313694637	-1.313694637	-1.316181653	1.316181653	1.324334116	-1.324334116	-1.329935183	1.329935183	1.353446384	-1.353446384	-1.361989758	1.361989758	1.38932927	-1.38932927	1.407178409	-1.407178409	1.413859932	-1.413859932	1.423021377	-1.423021377	-1.439489347	1.439489347	-1.440067671	1.440067671	-1.459884782	1.459884782	1.468467775	-1.468467775	1.472758359	-1.472758359	1.474875791	-1.474875791	1.484318969	-1.484318969	1.495757889	-1.495757889	1.498353662	-1.498353662	-1.498735309	1.498735309	1.510344945	-1.510344945	1.573772019	-1.573772019	1.595150327	-1.595150327	1.61039722	-1.61039722	-1.613924977	1.613924977	1.627243512	-1.627243512	-1.637500987	1.637500987	1.671623337	-1.671623337	1.671709238	-1.671709238	1.679277781	-1.679277781	-1.691211649	1.691211649	-1.695610083	1.695610083	-1.718402892	1.718402892	-1.740205704	1.740205704	1.740369473	-1.740369473	1.758646237	-1.758646237	1.787561105	-1.787561105	1.789760411	-1.789760411	1.848098583	-1.848098583	-1.851691475	1.851691475	-1.854999976	1.854999976	1.856323588	-1.856323588	-1.86477552	1.86477552	1.89214144	-1.89214144	1.902643256	-1.902643256	-1.903128497	1.903128497	-1.917177123	1.917177123	1.954336671	-1.954336671	1.970089188	-1.970089188	-1.971164322	1.971164322	1.973204595	-1.973204595	-1.976472119	1.976472119	1.98305099	-1.98305099	2.029650335	-2.029650335	
-0.7	0.009636602297	-0.009636602297	-0.01104979411	0.01104979411	0.02965057151	-0.02965057151	0.06511296944	-0.06511296944	0.07241512074	-0.07241512074	-0.1372295757	0.1372295757	0.1619554017	-0.1619554017	0.1848534357	-0.1848534357	-0.3485372307	0.3485372307	0.3512142576	-0.3512142576	-0.3656774891	0.3656774891	0.3894888379	-0.3894888379	-0.4163551007	0.4163551007	-0.4317939994	0.4317939994	-0.5548041493	0.5548041493	-0.565140302	0.565140302	0.5821300387	-0.5821300387	0.5896223907	-0.5896223907	0.7813206647	-0.7813206647	-0.7876792051	0.7876792051	0.8154011245	-0.8154011245	-0.8427559272	0.8427559272	0.8500184717	-0.8500184717	-0.8677331379	0.8677331379	0.8942073725	-0.8942073725	-0.9265761809	0.9265761809	0.9453452217	-0.9453452217	0.9515371921	-0.9515371921	0.9663472697	-0.9663472697	-0.9718131486	0.9718131486	0.9888584455	-0.9888584455	1.021943947	-1.021943947	-1.0418358	1.0418358	1.043268613	-1.043268613	-1.072171928	1.072171928	1.120901388	-1.120901388	-1.12330258	1.12330258	-1.141794898	1.141794898	1.154861931	-1.154861931	1.185908481	-1.185908481	1.186574455	-1.186574455	-1.226744437	1.226744437	-1.232705908	1.232705908	1.236280616	-1.236280616	-1.24118201	1.24118201	1.251724366	-1.251724366	1.26532747	-1.26532747	1.270192438	-1.270192438	-1.274210111	1.274210111	1.290421469	-1.290421469	1.305815482	-1.305815482	1.312381983	-1.312381983	1.316555016	-1.316555016	-1.324477639	1.324477639	-1.329821435	1.329821435	-1.353465949	1.353465949	1.362255726	-1.362255726	-1.389376213	1.389376213	1.40689701	-1.40689701	1.413559588	-1.413559588	1.422363296	-1.422363296	-1.438923892	1.438923892	1.439342785	-1.439342785	1.458904194	-1.458904194	1.467911982	-1.467911982	-1.471937565	1.471937565	1.473931616	-1.473931616	-1.484333975	1.484333975	1.495699261	-1.495699261	1.497035049	-1.497035049	-1.498277678	1.498277678	1.510065274	-1.510065274	1.572794204	-1.572794204	-1.594122247	1.594122247	-1.610403534	1.610403534	1.613901061	-1.613901061	1.627152348	-1.627152348	1.636550358	-1.636550358	1.670532944	-1.670532944	1.671269805	-1.671269805	1.679373776	-1.679373776	1.691083238	-1.691083238	-1.695257305	1.695257305	1.718675519	-1.718675519	-1.740125636	1.740125636	-1.740833849	1.740833849	1.758887596	-1.758887596	-1.787340824	1.787340824	-1.78971747	1.78971747	1.848122788	-1.848122788	-1.852009635	1.852009635	-1.85460429	1.85460429	1.856572037	-1.856572037	1.864615695	-1.864615695	1.892171737	-1.892171737	1.902668599	-1.902668599	1.903079982	-1.903079982	1.916998383	-1.916998383	1.954534472	-1.954534472	1.970180779	-1.970180779	-1.971236191	1.971236191	1.973326143	-1.973326143	-1.976111807	1.976111807	1.983138191	-1.983138191	-2.029311949	2.029311949	
-0.69	-0.004035073385	0.004035073385	0.01827954074	-0.01827954074	0.03844100841	-0.03844100841	0.07306656787	-0.07306656787	0.08115704813	-0.08115704813	-0.1336584036	0.1336584036	-0.1704166776	0.1704166776	0.1933129588	-0.1933129588	-0.3521182455	0.3521182455	0.359309962	-0.359309962	-0.3623134367	0.3623134367	0.3980764163	-0.3980764163	0.4234678853	-0.4234678853	-0.4399614492	0.4399614492	-0.5578717365	0.5578717365	0.5740290117	-0.5740290117	0.5911399367	-0.5911399367	-0.5984948612	0.5984948612	-0.7812747504	0.7812747504	0.7876863947	-0.7876863947	0.8129077218	-0.8129077218	0.8425783952	-0.8425783952	0.8466598444	-0.8466598444	-0.8677584318	0.8677584318	-0.8921792202	0.8921792202	-0.9260769973	0.9260769973	0.9429121731	-0.9429121731	0.9493198544	-0.9493198544	0.9664344393	-0.9664344393	0.9702816303	-0.9702816303	0.9888591949	-0.9888591949	1.021548158	-1.021548158	-1.042732379	1.042732379	-1.044963154	1.044963154	-1.069563701	1.069563701	1.117446748	-1.117446748	-1.1232999	1.1232999	-1.141657119	1.141657119	-1.154431269	1.154431269	-1.185900877	1.185900877	1.185998739	-1.185998739	-1.224993414	1.224993414	1.232444011	-1.232444011	1.236469638	-1.236469638	1.239777895	-1.239777895	-1.250762984	1.250762984	-1.265289829	1.265289829	-1.270152474	1.270152474	-1.272471866	1.272471866	1.290452551	-1.290452551	-1.305743453	1.305743453	1.311135299	-1.311135299	1.316924876	-1.316924876	-1.324627072	1.324627072	-1.329706609	1.329706609	-1.353486241	1.353486241	1.362527517	-1.362527517	1.389427984	-1.389427984	-1.406596873	1.406596873	1.413252569	-1.413252569	-1.421669775	1.421669775	1.437732886	-1.437732886	1.439182172	-1.439182172	1.457924807	-1.457924807	-1.467352358	1.467352358	1.470416744	-1.470416744	-1.473636551	1.473636551	-1.484349297	1.484349297	1.495093687	-1.495093687	-1.495852822	1.495852822	1.498189231	-1.498189231	1.50978578	-1.50978578	-1.571806947	1.571806947	1.593077623	-1.593077623	-1.610409841	1.610409841	1.613876539	-1.613876539	-1.627060274	1.627060274	1.635586286	-1.635586286	-1.669429281	1.669429281	1.670783109	-1.670783109	-1.679473356	1.679473356	1.690942474	-1.690942474	1.694910332	-1.694910332	1.718953742	-1.718953742	-1.740032301	1.740032301	-1.741309086	1.741309086	1.759137218	-1.759137218	1.78715458	-1.78715458	-1.789674263	1.789674263	1.848145129	-1.848145129	-1.852334448	1.852334448	-1.854182792	1.854182792	-1.856804215	1.856804215	-1.864443692	1.864443692	1.892195257	-1.892195257	-1.902701715	1.902701715	1.903031501	-1.903031501	1.916824706	-1.916824706	-1.95473124	1.95473124	-1.970273784	1.970273784	-1.971305032	1.971305032	-1.973451289	1.973451289	1.975747537	-1.975747537	1.983228118	-1.983228118	2.028923342	-2.028923342	
-0.68	-0.002989277503	0.002989277503	-0.0270204237	0.0270204237	0.04727632793	-0.04727632793	-0.0810368982	0.0810368982	0.08997175355	-0.08997175355	-0.1300885871	0.1300885871	0.1788999818	-0.1788999818	0.2017655414	-0.2017655414	-0.3556982387	0.3556982387	-0.3589468258	0.3589468258	0.3674002048	-0.3674002048	0.4066521803	-0.4066521803	-0.4305753486	0.4305753486	0.4480882677	-0.4480882677	0.5609315183	-0.5609315183	-0.5829029168	0.5829029168	0.6001318193	-0.6001318193	0.6073708618	-0.6073708618	0.7812261984	-0.7812261984	0.7876937434	-0.7876937434	-0.8103276526	0.8103276526	0.842392851	-0.842392851	-0.843298714	0.843298714	-0.8677846565	0.8677846565	0.8900837263	-0.8900837263	0.9255614138	-0.9255614138	-0.9404132794	0.9404132794	0.9470515479	-0.9470515479	-0.9665254317	0.9665254317	0.9686674883	-0.9686674883	0.988861761	-0.988861761	-1.021147016	1.021147016	1.042265219	-1.042265219	-1.048010851	1.048010851	-1.066892092	1.066892092	-1.113929908	1.113929908	1.123298401	-1.123298401	-1.141515655	1.141515655	-1.153950745	1.153950745	1.185194558	-1.185194558	1.186083288	-1.186083288	-1.223106255	1.223106255	1.232067919	-1.232067919	-1.236672191	1.236672191	-1.238320147	1.238320147	-1.249852391	1.249852391	-1.265249512	1.265249512	1.270113575	-1.270113575	1.270714873	-1.270714873	1.290442774	-1.290442774	-1.305673688	1.305673688	-1.309967376	1.309967376	1.317288775	-1.317288775	-1.324782334	1.324782334	1.329591446	-1.329591446	-1.35350727	1.35350727	1.362804785	-1.362804785	1.38948439	-1.38948439	-1.406277418	1.406277418	1.412939192	-1.412939192	-1.420937883	1.420937883	-1.436494959	1.436494959	-1.43900483	1.43900483	1.456949673	-1.456949673	-1.466789102	1.466789102	1.468634724	-1.468634724	-1.47355469	1.47355469	1.484364872	-1.484364872	-1.493388508	1.493388508	1.495744034	-1.495744034	1.498088179	-1.498088179	-1.509507042	1.509507042	-1.570811892	1.570811892	-1.592017756	1.592017756	1.61041613	-1.61041613	-1.613851424	1.613851424	1.626967434	-1.626967434	1.634609822	-1.634609822	-1.668313916	1.668313916	1.670250077	-1.670250077	-1.679576496	1.679576496	1.690781394	-1.690781394	-1.694576709	1.694576709	-1.719237065	1.719237065	1.739925815	-1.739925815	1.741794758	-1.741794758	-1.759394805	1.759394805	-1.787002019	1.787002019	1.789630829	-1.789630829	-1.848165843	1.848165843	-1.852665199	1.852665199	1.853735568	-1.853735568	-1.857019637	1.857019637	1.8642598	-1.8642598	-1.892212281	1.892212281	-1.902742819	1.902742819	-1.902983204	1.902983204	1.916656987	-1.916656987	1.954926907	-1.954926907	-1.970368084	1.970368084	1.97137075	-1.97137075	1.97357951	-1.97357951	-1.975379603	1.975379603	1.983320446	-1.983320446	2.028484818	-2.028484818	
-0.67	-0.01001948978	0.01001948978	0.03581571126	-0.03581571126	0.05612529401	-0.05612529401	0.08901362847	-0.08901362847	0.09883472147	-0.09883472147	-0.1265202757	0.1265202757	-0.187398496	0.187398496	0.2102101587	-0.2102101587	-0.3555777459	0.3555777459	-0.3592771546	0.3592771546	0.3754841833	-0.3754841833	0.415214945	-0.415214945	-0.4376772689	0.4376772689	-0.4561724818	0.4561724818	-0.5639833467	0.5639833467	0.5917604204	-0.5917604204	0.6091040754	-0.6091040754	0.6162478526	-0.6162478526	0.7811749012	-0.7811749012	0.7877012506	-0.7877012506	0.8076618482	-0.8076618482	-0.8399351527	0.8399351527	-0.8421990807	0.8421990807	-0.8678118164	0.8678118164	-0.8879208631	0.8879208631	0.9250296249	-0.9250296249	-0.9378492053	0.9378492053	0.9447332596	-0.9447332596	-0.966619626	0.966619626	-0.9669705082	0.9669705082	-0.9888659182	0.9888659182	-1.020741144	1.020741144	1.041784483	-1.041784483	-1.051060968	1.051060968	1.064158632	-1.064158632	-1.110355303	1.110355303	-1.123296971	1.123296971	1.141369972	-1.141369972	1.153416138	-1.153416138	-1.184454247	1.184454247	1.186161182	-1.186161182	-1.22108737	1.22108737	1.231557722	-1.231557722	1.236823008	-1.236823008	-1.236883873	1.236883873	1.248993602	-1.248993602	1.265206386	-1.265206386	1.26894267	-1.26894267	-1.270075861	1.270075861	1.290385273	-1.290385273	1.305606011	-1.305606011	1.30889056	-1.30889056	1.317644775	-1.317644775	-1.324943337	1.324943337	1.329476848	-1.329476848	-1.353529047	1.353529047	1.363087177	-1.363087177	1.389545225	-1.389545225	-1.405938109	1.405938109	-1.412619621	1.412619621	1.420164045	-1.420164045	1.435211107	-1.435211107	1.438807338	-1.438807338	-1.455981597	1.455981597	1.466222406	-1.466222406	-1.466749515	1.466749515	1.473531823	-1.473531823	-1.484380644	1.484380644	1.491587495	-1.491587495	1.495707828	-1.495707828	-1.497974447	1.497974447	1.509229569	-1.509229569	1.569810685	-1.569810685	-1.590943946	1.590943946	-1.610422391	1.610422391	1.61382573	-1.61382573	-1.626873958	1.626873958	1.633622034	-1.633622034	-1.667188394	1.667188394	-1.669671863	1.669671863	1.679683168	-1.679683168	-1.690590452	1.690590452	-1.694265482	1.694265482	1.719524992	-1.719524992	-1.739806337	1.739806337	-1.742290435	1.742290435	-1.75966004	1.75966004	-1.786882656	1.786882656	-1.789587207	1.789587207	-1.848185131	1.848185131	-1.85299635	1.85299635	-1.853267654	1.853267654	1.857217759	-1.857217759	-1.864064466	1.864064466	-1.892223087	1.892223087	1.902792114	-1.902792114	-1.902935236	1.902935236	-1.916496023	1.916496023	1.955121426	-1.955121426	-1.970463561	1.970463561	-1.971433306	1.971433306	-1.973710217	1.973710217	1.975008304	-1.975008304	1.983414737	-1.983414737	2.02799758	-2.02799758	
-0.66	-0.01705057524	0.01705057524	0.04464285243	-0.04464285243	-0.06497565482	0.06497565482	0.09699150942	-0.09699150942	0.1077309475	-0.1077309475	-0.1229536576	0.1229536576	-0.1959068291	0.1959068291	0.2186458752	-0.2186458752	0.3522062796	-0.3522062796	-0.3628549348	0.3628549348	0.3835611499	-0.3835611499	0.4237635749	-0.4237635749	0.4447734313	-0.4447734313	0.4642120108	-0.4642120108	-0.567027069	0.567027069	0.6005999208	-0.6005999208	-0.6180550606	0.6180550606	0.6251234355	-0.6251234355	0.7811207436	-0.7811207436	-0.7877089154	0.7877089154	0.8049112746	-0.8049112746	-0.8365692342	0.8365692342	-0.841996863	0.841996863	0.8678399134	-0.8678399134	-0.8856906512	0.8856906512	-0.924481852	0.924481852	0.9352206134	-0.9352206134	-0.94236601	0.94236601	0.9651904688	-0.9651904688	0.9667165225	-0.9667165225	0.9888714769	-0.9888714769	1.020331163	-1.020331163	1.04129782	-1.04129782	-1.054104591	1.054104591	1.061365516	-1.061365516	-1.106725826	1.106725826	1.123295414	-1.123295414	-1.14121936	1.14121936	-1.152823955	1.152823955	1.183678724	-1.183678724	-1.186231337	1.186231337	-1.218940919	1.218940919	-1.230883514	1.230883514	1.235310784	-1.235310784	-1.237101704	1.237101704	1.248186475	-1.248186475	-1.265160302	1.265160302	-1.267158942	1.267158942	-1.270039443	1.270039443	-1.290273793	1.290273793	1.305540271	-1.305540271	1.307916572	-1.307916572	-1.317990911	1.317990911	1.325109985	-1.325109985	-1.329363896	1.329363896	-1.353551584	1.353551584	-1.363374334	1.363374334	-1.389610269	1.389610269	-1.405578473	1.405578473	-1.412293821	1.412293821	1.419343901	-1.419343901	-1.433883228	1.433883228	1.438585253	-1.438585253	-1.455023088	1.455023088	1.464802797	-1.464802797	1.465652437	-1.465652437	1.473531259	-1.473531259	-1.484396559	1.484396559	-1.489756639	1.489756639	-1.495681305	1.495681305	1.497848033	-1.497848033	1.508953796	-1.508953796	1.568804975	-1.568804975	-1.589857494	1.589857494	1.610428615	-1.610428615	1.61379947	-1.61379947	-1.626779959	1.626779959	-1.632624015	1.632624015	-1.666054238	1.666054238	-1.66904981	1.66904981	-1.679793342	1.679793342	-1.690359428	1.690359428	1.693986324	-1.693986324	1.71981703	-1.71981703	-1.739674067	1.739674067	-1.742795679	1.742795679	1.759932586	-1.759932586	-1.786795878	1.786795878	1.789543435	-1.789543435	1.84820316	-1.84820316	-1.852753866	1.852753866	-1.85335272	1.85335272	-1.857397925	1.857397925	1.863858335	-1.863858335	1.892227947	-1.892227947	-1.902849789	1.902849789	1.902887736	-1.902887736	1.916342513	-1.916342513	-1.955314767	1.955314767	1.970560094	-1.970560094	1.971492709	-1.971492709	1.973842767	-1.973842767	1.974633947	-1.974633947	-1.98351044	1.98351044	2.027463652	-2.027463652	
-0.65	-0.02407970202	0.02407970202	0.05348944308	-0.05348944308	0.07382118684	-0.07382118684	0.1049674535	-0.1049674535	0.116650366	-0.116650366	-0.1193889946	0.1193889946	0.2044206328	-0.2044206328	-0.2270718256	0.2270718256	-0.3488325079	0.3488325079	-0.3664315192	0.3664315192	-0.3916304013	0.3916304013	-0.4322969689	0.4322969689	-0.4518636259	0.4518636259	-0.4722046543	0.4722046543	-0.5700625279	0.5700625279	0.6094197919	-0.6094197919	-0.6269830826	0.6269830826	-0.6339953223	0.6339953223	-0.7810636026	0.7810636026	0.7877167368	-0.7877167368	0.8020769303	-0.8020769303	-0.8332010341	0.8332010341	-0.8417859694	0.8417859694	-0.8678689444	0.8678689444	0.8833931712	-0.8833931712	0.9239183452	-0.9239183452	0.9325281813	-0.9325281813	0.9399509044	-0.9399509044	-0.9633271503	0.9633271503	0.9668156943	-0.9668156943	-0.9888782768	0.9888782768	-1.019917689	1.019917689	1.04080428	-1.04080428	-1.057139249	1.057139249	1.058517055	-1.058517055	1.103043867	-1.103043867	1.123293643	-1.123293643	1.141062839	-1.141062839	-1.152171299	1.152171299	1.182866802	-1.182866802	1.186292505	-1.186292505	-1.216671192	1.216671192	1.230001755	-1.230001755	-1.233821632	1.233821632	-1.237323471	1.237323471	-1.247429992	1.247429992	1.265111099	-1.265111099	1.265367515	-1.265367515	-1.270004416	1.270004416	-1.290103555	1.290103555	-1.305476332	1.305476332	-1.307055633	1.307055633	-1.318325066	1.318325066	1.325282169	-1.325282169	-1.32925388	1.32925388	-1.353574893	1.353574893	1.363665892	-1.363665892	-1.389679285	1.389679285	1.405198125	-1.405198125	1.411961492	-1.411961492	-1.418472133	1.418472133	-1.432514354	1.432514354	-1.438332735	1.438332735	1.454076306	-1.454076306	1.462812909	-1.462812909	1.465079305	-1.465079305	-1.473541264	1.473541264	-1.484412562	1.484412562	-1.487905032	1.487905032	-1.495658683	1.495658683	1.497709017	-1.497709017	1.508680072	-1.508680072	1.567796406	-1.567796406	-1.5887597	1.5887597	1.610434792	-1.610434792	-1.613772662	1.613772662	1.626685519	-1.626685519	1.631616893	-1.631616893	1.664912945	-1.664912945	-1.668385408	1.668385408	-1.679906991	1.679906991	1.690079164	-1.690079164	-1.69374783	1.69374783	1.720112691	-1.720112691	-1.739529238	1.739529238	-1.743310048	1.743310048	-1.760212099	1.760212099	-1.786740952	1.786740952	1.789499553	-1.789499553	-1.848220075	1.848220075	-1.852228798	1.852228798	-1.853699488	1.853699488	1.857559316	-1.857559316	1.863642303	-1.863642303	1.892227125	-1.892227125	1.902840839	-1.902840839	1.902916017	-1.902916017	1.916197053	-1.916197053	-1.955506914	1.955506914	-1.970657563	1.970657563	-1.971548999	1.971548999	1.973976487	-1.973976487	-1.974256845	1.974256845	-1.983606873	1.983606873	2.026885766	-2.026885766	
-0.64	-0.03110496943	0.03110496943	0.0623476857	-0.0623476857	0.08265809792	-0.08265809792	-0.1129394289	0.1129394289	-0.1158265641	0.1158265641	0.1255858396	-0.1255858396	0.2129363341	-0.2129363341	0.2354871991	-0.2354871991	-0.3454565122	0.3454565122	-0.3700068457	0.3700068457	0.3996912704	-0.3996912704	0.440814048	-0.440814048	-0.4589476474	0.4589476474	0.4801480785	-0.4801480785	-0.5730895613	0.5730895613	-0.6182183628	0.6182183628	0.6358863858	-0.6358863858	0.6428613035	-0.6428613035	0.7810033465	-0.7810033465	0.7877247136	-0.7877247136	0.7991598444	-0.7991598444	-0.8298306299	0.8298306299	-0.8415661645	0.8415661645	0.8678988966	-0.8678988966	0.881028581	-0.881028581	-0.9233393846	0.9233393846	-0.9297726204	0.9297726204	0.9374891655	-0.9374891655	-0.9613803429	0.9613803429	-0.9669167616	0.9669167616	0.9888861821	-0.9888861821	1.019501332	-1.019501332	1.040300112	-1.040300112	-1.055613624	1.055613624	-1.060169184	1.060169184	1.099311561	-1.099311561	-1.123291593	1.123291593	-1.14089903	1.14089903	1.15145585	-1.15145585	-1.182017324	1.182017324	-1.186343231	1.186343231	1.21428269	-1.21428269	-1.228862291	1.228862291	-1.232400714	1.232400714	1.237547364	-1.237547364	1.246722551	-1.246722551	1.263572352	-1.263572352	1.26505861	-1.26505861	-1.269970864	1.269970864	1.289872229	-1.289872229	-1.305414077	1.305414077	-1.306315383	1.306315383	-1.318644921	1.318644921	-1.325459769	1.325459769	1.329148321	-1.329148321	-1.353598985	1.353598985	1.363961482	-1.363961482	-1.38975202	1.38975202	1.404796785	-1.404796785	1.411621999	-1.411621999	-1.417542279	1.417542279	1.431108887	-1.431108887	-1.438042009	1.438042009	-1.453143022	1.453143022	1.46079345	-1.46079345	1.46450303	-1.46450303	1.473557049	-1.473557049	1.484428536	-1.484428536	-1.486037686	1.486037686	-1.495638553	1.495638553	1.497557562	-1.497557562	1.508408653	-1.508408653	1.566786612	-1.566786612	1.587651857	-1.587651857	1.610440915	-1.610440915	-1.613745321	1.613745321	1.626590661	-1.626590661	-1.630601857	1.630601857	1.663765985	-1.663765985	-1.667680254	1.667680254	-1.680024082	1.680024082	1.68974362	-1.68974362	1.693555495	-1.693555495	-1.720411492	1.720411492	1.739372114	-1.739372114	1.743833093	-1.743833093	1.76049822	-1.76049822	-1.786717041	1.786717041	1.789455597	-1.789455597	-1.848235997	1.848235997	-1.851675928	1.851675928	-1.854053078	1.854053078	-1.857700876	1.857700876	1.863417587	-1.863417587	-1.892220877	1.892220877	-1.902794667	1.902794667	1.902990962	-1.902990962	-1.916060135	1.916060135	1.95569786	-1.95569786	-1.970755847	1.970755847	-1.971602244	1.971602244	1.973877321	-1.973877321	-1.974110688	1.974110688	1.983703224	-1.983703224	2.026267244	-2.026267244	
-0.63	-0.03812485393	0.03812485393	0.07121219384	-0.07121219384	0.09148374501	-0.09148374501	-0.112266948	0.112266948	-0.1209059757	0.1209059757	0.134531856	-0.134531856	0.2214509452	-0.2214509452	0.2438912277	-0.2438912277	-0.3420783751	0.3420783751	-0.3735808504	0.3735808504	0.4077431194	-0.4077431194	0.4493137456	-0.4493137456	-0.4660252958	0.4660252958	0.4880398015	-0.4880398015	-0.5761080021	0.5761080021	0.6269938953	-0.6269938953	0.6447631345	-0.6447631345	0.6517192174	-0.6517192174	0.7809398348	-0.7809398348	0.7877328447	-0.7877328447	0.7961610743	-0.7961610743	-0.8264581016	0.8264581016	-0.8413372067	0.8413372067	-0.8679297354	0.8679297354	-0.8785971436	0.8785971436	-0.9227452813	0.9227452813	0.926954696	-0.926954696	0.9349821563	-0.9349821563	-0.9593498533	0.9593498533	-0.9670193762	0.9670193762	-0.9888950769	0.9888950769	1.019082692	-1.019082692	1.039777478	-1.039777478	1.052670206	-1.052670206	-1.063188087	1.063188087	1.09553092	-1.09553092	-1.123289198	1.123289198	-1.140725956	1.140725956	1.150675959	-1.150675959	1.18112916	-1.18112916	1.186381806	-1.186381806	1.211780098	-1.211780098	1.227439454	-1.227439454	1.231069285	-1.231069285	-1.237771756	1.237771756	1.246062216	-1.246062216	1.261777556	-1.261777556	1.26500266	-1.26500266	-1.269938858	1.269938858	1.289580805	-1.289580805	-1.305353404	1.305353404	-1.305699875	1.305699875	-1.31894792	1.31894792	1.325642652	-1.325642652	1.329048994	-1.329048994	-1.353623871	1.353623871	1.36426073	-1.36426073	-1.389828194	1.389828194	-1.404374292	1.404374292	1.411274283	-1.411274283	-1.416546563	1.416546563	1.429672821	-1.429672821	1.437702624	-1.437702624	-1.452224581	1.452224581	-1.458758566	1.458758566	-1.463923506	1.463923506	1.473576303	-1.473576303	-1.484156825	1.484156825	-1.484446506	1.484446506	1.495620426	-1.495620426	1.497393919	-1.497393919	1.508139706	-1.508139706	1.565777215	-1.565777215	-1.586535258	1.586535258	-1.610446972	1.610446972	-1.613717464	1.613717464	1.626495261	-1.626495261	1.629580245	-1.629580245	1.662614801	-1.662614801	1.66693602	-1.66693602	-1.680144583	1.680144583	1.689351148	-1.689351148	1.693410478	-1.693410478	1.720712959	-1.720712959	-1.739202983	1.739202983	1.744364359	-1.744364359	-1.760790587	1.760790587	-1.786723211	1.786723211	1.789411605	-1.789411605	1.848251034	-1.848251034	1.851097042	-1.851097042	-1.85441174	1.85441174	1.857821229	-1.857821229	-1.863185798	1.863185798	1.892209449	-1.892209449	1.902749337	-1.902749337	-1.90307477	1.90307477	-1.915932149	1.915932149	1.955887604	-1.955887604	1.970854817	-1.970854817	-1.971652523	1.971652523	1.973495708	-1.973495708	-1.974244678	1.974244678	1.983798538	-1.983798538	-2.025611862	2.025611862	
-0.62	0.0451378446	-0.0451378446	-0.08007897276	0.08007897276	-0.1002960924	0.1002960924	-0.1087109082	0.1087109082	-0.1288659682	0.1288659682	0.1434841795	-0.1434841795	-0.2299619262	0.2299619262	-0.252283177	0.252283177	-0.3386981809	0.3386981809	-0.3771534667	0.3771534667	-0.4157853343	0.4157853343	0.4577949969	-0.4577949969	-0.4730963779	0.4730963779	-0.495877176	0.495877176	-0.5791176781	0.5791176781	0.6357445576	-0.6357445576	-0.6536113943	0.6536113943	0.6605669177	-0.6605669177	-0.7808729173	0.7808729173	-0.7877411285	0.7877411285	0.7930817041	-0.7930817041	-0.8230835318	0.8230835318	-0.8410988484	0.8410988484	-0.8679613686	0.8679613686	-0.8760992824	0.8760992824	-0.9221363791	0.9221363791	0.9240752506	-0.9240752506	-0.9324314002	0.9324314002	-0.9572355108	0.9572355108	0.9671232112	-0.9671232112	-0.9889048621	0.9889048621	1.018662363	-1.018662363	1.039219967	-1.039219967	1.0497016	-1.0497016	1.066198389	-1.066198389	-1.091703926	1.091703926	1.123286389	-1.123286389	1.140540723	-1.140540723	-1.149830912	1.149830912	1.180201183	-1.180201183	-1.186406196	1.186406196	1.209168228	-1.209168228	-1.225758744	1.225758744	1.229798243	-1.229798243	-1.23799504	1.23799504	1.245446941	-1.245446941	-1.259987383	1.259987383	1.264943072	-1.264943072	1.269908459	-1.269908459	-1.289234061	1.289234061	1.30520896	-1.30520896	-1.30529422	1.30529422	-1.319231262	1.319231262	-1.325830661	1.325830661	1.328957938	-1.328957938	-1.353649564	1.353649564	-1.364563258	1.364563258	-1.389907498	1.389907498	-1.403930614	1.403930614	1.410916756	-1.410916756	-1.415475785	1.415475785	1.428213883	-1.428213883	-1.437300472	1.437300472	-1.451321876	1.451321876	1.456725451	-1.456725451	-1.463340446	1.463340446	-1.473597767	1.473597767	1.482271852	-1.482271852	-1.48446136	1.48446136	1.495604097	-1.495604097	-1.497218421	1.497218421	1.507873299	-1.507873299	1.564769818	-1.564769818	-1.585411184	1.585411184	1.610452955	-1.610452955	-1.61368911	1.61368911	-1.62639875	1.62639875	-1.628553839	1.628553839	1.661460802	-1.661460802	1.666154421	-1.666154421	-1.680268461	1.680268461	1.688904183	-1.688904183	1.693309917	-1.693309917	-1.721016623	1.721016623	1.739022155	-1.739022155	-1.744903383	1.744903383	1.761088827	-1.761088827	-1.786758441	1.786758441	-1.789367615	1.789367615	-1.848265274	1.848265274	1.850492871	-1.850492871	-1.8547749	1.8547749	1.857918585	-1.857918585	1.862949039	-1.862949039	-1.892193076	1.892193076	1.902704952	-1.902704952	-1.903167578	1.903167578	1.915813385	-1.915813385	-1.956076146	1.956076146	-1.970954336	1.970954336	-1.971699924	1.971699924	1.973112358	-1.973112358	1.974377778	-1.974377778	1.983891719	-1.983891719	2.024923732	-2.024923732	
-0.61	-0.05214203292	0.05214203292	-0.08894489273	0.08894489273	-0.1051598131	0.1051598131	0.1090934671	-0.1090934671	0.13681849	-0.13681849	-0.1524393381	0.1524393381	-0.2384670834	0.2384670834	0.2606623386	-0.2606623386	-0.335316016	0.335316016	-0.3807246258	0.3807246258	-0.42381732	0.42381732	0.4662567291	-0.4662567291	-0.4801607108	0.4801607108	0.5036573705	-0.5036573705	-0.5821184117	0.5821184117	-0.6444683931	0.6444683931	0.6624291104	-0.6624291104	0.6694022388	-0.6694022388	-0.7808024334	0.7808024334	0.7877495635	-0.7877495635	-0.789922843	0.789922843	-0.8197070058	0.8197070058	-0.8408508368	0.8408508368	-0.8679935071	0.8679935071	0.8735357465	-0.8735357465	0.921135232	-0.921135232	-0.921513055	0.921513055	0.9298385997	-0.9298385997	-0.9550371734	0.9550371734	0.9672279551	-0.9672279551	-0.9889154518	0.9889154518	-1.018240924	1.018240924	-1.038590085	1.038590085	1.046746481	-1.046746481	-1.069199708	1.069199708	1.087832602	-1.087832602	1.123283082	-1.123283082	-1.140338984	1.140338984	-1.148921415	1.148921415	-1.17923224	1.17923224	1.186413962	-1.186413962	-1.206451999	1.206451999	-1.22387393	1.22387393	1.228531264	-1.228531264	1.238215491	-1.238215491	-1.244874724	1.244874724	-1.258206277	1.258206277	1.264879664	-1.264879664	-1.269879715	1.269879715	1.288840387	-1.288840387	1.304838313	-1.304838313	-1.305236446	1.305236446	-1.319491904	1.319491904	1.326023619	-1.326023619	1.328877448	-1.328877448	-1.353676073	1.353676073	-1.364868685	1.364868685	-1.389989581	1.389989581	-1.403465851	1.403465851	-1.410547168	1.410547168	-1.414319368	1.414319368	-1.426741529	1.426741529	1.436816612	-1.436816612	-1.450435325	1.450435325	-1.454716214	1.454716214	-1.462753322	1.462753322	1.473620693	-1.473620693	-1.480382992	1.480382992	-1.484477444	1.484477444	-1.495589466	1.495589466	1.497031489	-1.497031489	-1.507609406	1.507609406	1.563766	-1.563766	1.584280909	-1.584280909	1.610458852	-1.610458852	-1.613660277	1.613660277	1.62629843	-1.62629843	1.627526551	-1.627526551	1.660305365	-1.660305365	1.66533719	-1.66533719	-1.680395679	1.680395679	1.688407759	-1.688407759	-1.693248446	1.693248446	-1.721322028	1.721322028	-1.73882996	1.73882996	1.745449695	-1.745449695	-1.761392563	1.761392563	-1.786821641	1.786821641	-1.789323664	1.789323664	-1.848278798	1.848278798	1.849864127	-1.849864127	-1.855142129	1.855142129	-1.857990636	1.857990636	-1.862709999	1.862709999	1.892171982	-1.892171982	-1.902661607	1.902661607	-1.903269506	1.903269506	1.915704038	-1.915704038	1.956263486	-1.956263486	-1.971054238	1.971054238	1.971744533	-1.971744533	1.97272766	-1.97272766	-1.974509324	1.974509324	-1.983981521	1.983981521	2.024207206	-2.024207206	
-0.6	-0.05913432791	0.05913432791	-0.09780739403	0.09780739403	-0.1016163658	0.1016163658	0.1178743738	-0.1178743738	0.1447627617	-0.1447627617	0.1613944327	-0.1613944327	0.2469644938	-0.2469644938	0.269028024	-0.269028024	-0.3319319692	0.3319319692	-0.3842942557	0.3842942557	-0.4318384955	0.4318384955	0.4746978487	-0.4746978487	0.4872181267	-0.4872181267	0.5113773485	-0.5113773485	-0.5851100195	0.5851100195	0.6531632819	-0.6531632819	-0.6712140832	0.6712140832	0.6782229554	-0.6782229554	0.7807282115	-0.7807282115	0.7866856236	-0.7866856236	0.7877581478	-0.7877581479	-0.8163286124	0.8163286124	-0.8405929147	0.8405929147	0.8680247347	-0.8680247347	-0.8709085745	0.8709085745	0.9181357267	-0.9181357267	-0.9208757206	0.9208757206	0.9272056548	-0.9272056548	0.9527547321	-0.9527547321	-0.9673333059	0.9673333059	0.9889267715	-0.9889267715	1.017818944	-1.017818944	-1.037791886	1.037791886	1.043901821	-1.043901821	-1.072191807	1.072191807	-1.08391907	1.08391907	1.123279179	-1.123279179	-1.140114017	1.140114017	-1.147950501	1.147950501	1.178221091	-1.178221091	1.186402144	-1.186402144	-1.203636454	1.203636454	1.221831684	-1.221831684	-1.227220411	1.227220411	-1.238431108	1.238431108	-1.244343723	1.244343723	1.256438938	-1.256438938	1.26481225	-1.26481225	1.269852663	-1.269852663	1.288410969	-1.288410969	-1.304580112	1.304580112	1.305180012	-1.305180012	1.319726597	-1.319726597	1.326221322	-1.326221322	1.328810039	-1.328810039	-1.353703409	1.353703409	-1.365176624	1.365176624	-1.390074026	1.390074026	1.402980229	-1.402980229	1.410162424	-1.410162424	1.413065661	-1.413065661	1.425266671	-1.425266671	1.436226132	-1.436226132	-1.449564859	1.449564859	1.452759427	-1.452759427	1.462161273	-1.462161273	1.473644596	-1.473644596	1.478496456	-1.478496456	1.484493561	-1.484493561	-1.495576476	1.495576476	1.496833623	-1.496833623	1.507347909	-1.507347909	1.562767313	-1.562767313	1.5831457	-1.5831457	-1.61046465	1.61046465	-1.613630987	1.613630987	1.62616098	-1.62616098	-1.626532912	1.626532912	-1.659149832	1.659149832	1.664486057	-1.664486057	-1.6805262	1.6805262	1.687867853	-1.687867853	-1.693219854	1.693219854	1.721628727	-1.721628727	-1.738626743	1.738626743	-1.74600282	1.74600282	-1.761701413	1.761701413	-1.786911659	1.786911659	-1.789279787	1.789279787	1.848291673	-1.848291673	-1.849211596	1.849211596	-1.855513028	1.855513028	1.85803447	-1.85803447	-1.862472041	1.862472041	1.892146384	-1.892146384	-1.902619383	1.902619383	1.903380665	-1.903380665	-1.915604212	1.915604212	-1.956449617	1.956449617	1.971154266	-1.971154266	-1.971786433	1.971786433	-1.972342097	1.972342097	1.974638673	-1.974638673	1.984066549	-1.984066549	2.023466784	-2.023466784	
-0.59	-0.06610829065	0.06610829065	-0.09808665292	0.09808665292	0.1066643109	-0.1066643109	-0.1266374954	0.1266374954	0.1526980978	-0.1526980978	0.1703469841	-0.1703469841	0.2554524478	-0.2554524478	0.2773795595	-0.2773795595	-0.3285461323	0.3285461323	-0.3878622812	0.3878622812	-0.4398482908	0.4398482908	0.4831172261	-0.4831172261	0.4942684827	-0.4942684827	0.519033844	-0.519033844	-0.5880923122	0.5880923122	0.6618268921	-0.6618268921	0.6799639385	-0.6799639385	-0.6870267342	0.6870267342	0.7806500683	-0.7806500683	0.7833712019	-0.7833712019	0.7877668796	-0.7877668796	-0.8129484436	0.8129484436	-0.8403248212	0.8403248212	-0.8679864214	0.8679864214	0.8682872262	-0.8682872262	0.9150780025	-0.9150780025	-0.920224822	0.920224822	0.9245346848	-0.9245346848	-0.9503881158	0.9503881158	-0.9674389671	0.9674389671	0.9889387558	-0.9889387558	1.017396977	-1.017396977	-1.036576875	1.036576875	1.041417119	-1.041417119	1.07517447	-1.07517447	-1.079965608	1.079965608	1.123274556	-1.123274556	-1.139855087	1.139855087	-1.146925152	1.146925152	-1.177166313	1.177166313	1.186367115	-1.186367115	1.200726847	-1.200726847	1.219662015	-1.219662015	-1.225835976	1.225835976	-1.238639417	1.238639417	1.243852316	-1.243852316	-1.254690469	1.254690469	1.264740638	-1.264740638	1.269827334	-1.269827334	1.28795855	-1.28795855	1.304424166	-1.304424166	1.305124855	-1.305124855	-1.319931958	1.319931958	-1.326423533	1.326423533	1.328758378	-1.328758378	1.353731584	-1.353731584	-1.365486686	1.365486686	-1.39016033	1.39016033	-1.402474095	1.402474095	-1.409758341	1.409758341	1.41170261	-1.41170261	1.423801042	-1.423801042	-1.435497844	1.435497844	1.448709911	-1.448709911	1.450890814	-1.450890814	1.461562983	-1.461562983	-1.473669148	1.473669148	-1.476617919	1.476617919	-1.484509654	1.484509654	1.495565091	-1.495565091	1.4966254	-1.4966254	1.507088604	-1.507088604	1.56177528	-1.56177528	1.582006808	-1.582006808	1.610470334	-1.610470334	1.613601259	-1.613601259	-1.62540716	1.62540716	-1.626153368	1.626153368	-1.657995511	1.657995511	-1.663602738	1.663602738	1.680659981	-1.680659981	1.687290266	-1.687290266	-1.693218213	1.693218213	1.721936284	-1.721936284	-1.738412863	1.738412863	-1.746562273	1.746562273	1.762014989	-1.762014989	-1.787027297	1.787027297	-1.789236021	1.789236021	-1.848303958	1.848303958	1.848536163	-1.848536163	-1.85588721	1.85588721	-1.858046543	1.858046543	1.862239222	-1.862239222	1.892116486	-1.892116486	-1.902578349	1.902578349	-1.903501153	1.903501153	1.915513925	-1.915513925	-1.956634528	1.956634528	-1.971253764	1.971253764	-1.971825695	1.971825695	-1.971956564	1.971956564	-1.974765206	1.974765206	-1.984145263	1.984145263	2.022707062	-2.022707062	
-0.58	-0.07304582068	0.07304582068	-0.09458849788	0.09458849788	0.1155137609	-0.1155137609	0.1353815826	-0.1353815826	0.1606238792	-0.1606238792	-0.1792948286	0.1792948286	-0.2639294048	0.2639294048	0.2857162819	-0.2857162819	-0.3251586003	0.3251586003	-0.3914286237	0.3914286237	-0.4478461427	0.4478461427	0.4915136721	-0.4915136721	-0.5013116776	0.5013116776	-0.5266233352	0.5266233352	-0.5910650944	0.5910650944	0.6704566167	-0.6704566167	-0.6886760922	0.6886760922	0.6958110741	-0.6958110741	-0.7799807568	0.7799807568	0.7805678082	-0.7805678082	0.7877757565	-0.7877757565	-0.8095665951	0.8095665951	-0.8400462931	0.8400462931	-0.8654424805	0.8654424805	-0.8681088853	0.8681088853	0.9119635631	-0.9119635631	-0.9195608407	0.9195608407	0.9218280506	-0.9218280506	0.9479372956	-0.9479372956	0.9675446432	-0.9675446432	0.988951347	-0.988951347	1.016975565	-1.016975565	1.034570115	-1.034570115	1.039668316	-1.039668316	1.075974699	-1.075974699	-1.078147483	1.078147483	1.12326906	-1.12326906	-1.139544542	1.139544542	1.145859197	-1.145859197	-1.176066143	1.176066143	1.186304382	-1.186304382	1.197728815	-1.197728815	1.217382598	-1.217382598	-1.224362417	1.224362417	-1.238837189	1.238837189	1.243399079	-1.243399079	1.252966651	-1.252966651	1.264664632	-1.264664632	1.269803746	-1.269803746	1.287496118	-1.287496118	1.304359157	-1.304359157	-1.30507092	1.30507092	1.320104593	-1.320104593	-1.326629974	1.326629974	-1.328725156	1.328725156	-1.353760606	1.353760606	1.365798479	-1.365798479	1.390247842	-1.390247842	1.401947897	-1.401947897	-1.409329315	1.409329315	-1.410218837	1.410218837	1.422356176	-1.422356176	-1.434596297	1.434596297	-1.447869398	1.447869398	1.449151646	-1.449151646	-1.460956514	1.460956514	1.473694111	-1.473694111	1.474753823	-1.474753823	-1.484525697	1.484525697	-1.495555277	1.495555277	1.496407461	-1.496407461	1.50683121	-1.50683121	1.560791382	-1.560791382	-1.580865473	1.580865473	1.610475888	-1.610475888	-1.613571116	1.613571116	-1.624379596	1.624379596	1.626046498	-1.626046498	-1.656843671	1.656843671	1.662688915	-1.662688915	-1.68079698	1.68079698	-1.686680118	1.686680118	1.693238389	-1.693238389	-1.722244277	1.722244277	-1.738188691	1.738188691	-1.747127564	1.747127564	-1.762332896	1.762332896	-1.787167319	1.787167319	-1.789192403	1.789192403	-1.847838801	1.847838801	-1.848315704	1.848315704	1.85626429	-1.85626429	1.858022771	-1.858022771	-1.862016199	1.862016199	1.892082486	-1.892082486	1.90253856	-1.90253856	1.903631057	-1.903631057	-1.915433119	1.915433119	1.956818196	-1.956818196	1.971347334	-1.971347334	1.971576704	-1.971576704	1.97186238	-1.97186238	-1.974888322	1.974888322	1.984215985	-1.984215985	2.02193268	-2.02193268	
-0.57	-0.07986362923	0.07986362923	-0.09120494726	0.09120494726	-0.1243540722	0.1243540722	-0.1441054481	0.1441054481	0.1685395354	-0.1685395354	0.1882360443	-0.1882360443	-0.272393959	0.272393959	0.294037535	-0.294037535	-0.3217694716	0.3217694716	-0.3949932007	0.3949932007	0.4558314917	-0.4558314917	0.4998858996	-0.4998858996	-0.5083476844	0.5083476844	0.5341420141	-0.5341420141	-0.594028164	0.594028164	0.6790494899	-0.6790494899	0.6973477068	-0.6973477068	0.7045732273	-0.7045732273	-0.776515493	0.776515493	-0.7804812221	0.7804812221	-0.7877847763	0.7877847763	-0.8061831668	0.8061831668	0.8397570657	-0.8397570657	-0.8626252011	0.8626252011	-0.8681427115	0.8681427115	0.9087942192	-0.9087942192	-0.9188842926	0.9188842926	-0.9190883813	0.9190883813	-0.9454022893	0.9454022893	0.9676500348	-0.9676500348	-0.9889644932	0.9889644932	1.016555231	-1.016555231	1.031814774	-1.031814774	1.038613267	-1.038613267	1.071949088	-1.071949088	-1.081110632	1.081110632	1.123262493	-1.123262493	1.139152995	-1.139152995	1.144778138	-1.144778138	1.174918219	-1.174918219	-1.186208321	1.186208321	1.194648665	-1.194648665	1.21500393	-1.21500393	-1.222793509	1.222793509	1.239020026	-1.239020026	-1.242982608	1.242982608	1.251274508	-1.251274508	-1.264584023	1.264584023	-1.269781911	1.269781911	1.287035803	-1.287035803	-1.304373703	1.304373703	1.305018158	-1.305018158	-1.320241261	1.320241261	-1.326840319	1.326840319	-1.328712933	1.328712933	-1.353790484	1.353790484	-1.366111603	1.366111603	-1.390335682	1.390335682	-1.401402165	1.401402165	1.408604993	-1.408604993	1.408867844	-1.408867844	-1.420942141	1.420942141	1.433488027	-1.433488027	1.447041706	-1.447041706	-1.447583027	1.447583027	-1.46033907	1.46033907	-1.472911673	1.472911673	-1.473719304	1.473719304	-1.484541676	1.484541676	-1.495547006	1.495547006	1.496180506	-1.496180506	-1.506575374	1.506575374	1.559817064	-1.559817064	1.579722924	-1.579722924	-1.610481287	1.610481287	1.61354058	-1.61354058	-1.623341024	1.623341024	1.625950762	-1.625950762	-1.655695545	1.655695545	1.661746236	-1.661746236	-1.680937147	1.680937147	1.686041739	-1.686041739	1.693276148	-1.693276148	-1.722552296	1.722552296	-1.737954608	1.737954608	1.747698193	-1.747698193	-1.762654735	1.762654735	-1.787330467	1.787330467	-1.789148967	1.789148967	-1.847120571	1.847120571	1.848326957	-1.848326957	1.856643883	-1.856643883	-1.857958839	1.857958839	-1.861807914	1.861807914	1.892044573	-1.892044573	1.902500056	-1.902500056	-1.903770451	1.903770451	-1.915361663	1.915361663	-1.957000586	1.957000586	1.971170116	-1.971170116	1.971467627	-1.971467627	-1.971896532	1.971896532	-1.975007432	1.975007432	-1.984276902	1.984276902	2.021148298	-2.021148298	
-0.56	-0.08526849948	0.08526849948	-0.08922900388	0.08922900388	0.1331837337	-0.1331837337	-0.1528079418	0.1528079418	0.1764445315	-0.1764445315	0.1971688971	-0.1971688971	-0.2808448121	0.2808448121	0.3023426661	-0.3023426661	0.3183788485	-0.3183788485	-0.3985559254	0.3985559254	0.4638037785	-0.4638037785	0.5082324503	-0.5082324503	0.515376617	-0.515376617	0.5415857522	-0.5415857522	-0.596981312	0.596981312	-0.6876020732	0.6876020732	0.7059756362	-0.7059756362	0.7133100917	-0.7133100917	0.7729766479	-0.7729766479	0.7803900873	-0.7803900873	0.7877939364	-0.7877939364	-0.8027982629	0.8027982629	-0.8394568743	0.8394568743	0.8597453065	-0.8597453065	-0.8681798991	0.8681798991	-0.9055721854	0.9055721854	0.9163186033	-0.9163186033	-0.9181957276	0.9181957276	0.9427831655	-0.9427831655	0.9677548327	-0.9677548327	-0.9889781479	0.9889781479	1.016136483	-1.016136483	1.028663301	-1.028663301	1.037900577	-1.037900577	1.067891838	-1.067891838	-1.084063694	1.084063694	-1.123254595	1.123254595	-1.13863318	1.13863318	1.143725291	-1.143725291	1.173719141	-1.173719141	-1.186071829	1.186071829	-1.191493865	1.191493865	1.212532598	-1.212532598	1.22112942	-1.22112942	1.239181723	-1.239181723	1.242600926	-1.242600926	1.249623485	-1.249623485	-1.264498594	1.264498594	-1.269761833	1.269761833	1.286588141	-1.286588141	1.304457105	-1.304457105	-1.304966528	1.304966528	-1.320339073	1.320339073	-1.327054183	1.327054183	1.328723931	-1.328723931	-1.353821228	1.353821228	1.366425657	-1.366425657	-1.390422572	1.390422572	1.400837475	-1.400837475	-1.406855119	1.406855119	-1.408363875	1.408363875	1.419566353	-1.419566353	-1.432152167	1.432152167	1.446215989	-1.446215989	1.44622466	-1.44622466	1.45970667	-1.45970667	-1.471100411	1.471100411	-1.473744584	1.473744584	-1.48455758	1.48455758	1.495540244	-1.495540244	-1.495945284	1.495945284	1.506320689	-1.506320689	1.558853724	-1.558853724	1.578580371	-1.578580371	1.610486504	-1.610486504	-1.613509675	1.613509675	1.622300858	-1.622300858	1.625857943	-1.625857943	-1.654552325	1.654552325	1.660776303	-1.660776303	1.68108043	-1.68108043	1.685378753	-1.685378753	-1.693328074	1.693328074	1.722859943	-1.722859943	-1.737711004	1.737711004	-1.748273655	1.748273655	-1.7629801	1.7629801	1.787515468	-1.787515468	1.789105749	-1.789105749	-1.846382609	1.846382609	1.848337755	-1.848337755	-1.857025603	1.857025603	1.857850765	-1.857850765	1.86161903	-1.86161903	1.892002928	-1.892002928	-1.902462867	1.902462867	-1.903919401	1.903919401	1.915299367	-1.915299367	1.957181649	-1.957181649	-1.970788116	1.970788116	1.971563585	-1.971563585	-1.971928179	1.971928179	1.975121952	-1.975121952	1.984326091	-1.984326091	2.020358574	-2.020358574	
-0.55	-0.0833772251	0.0833772251	0.09454368169	-0.09454368169	-0.1420013602	0.1420013602	-0.1614879362	0.1614879362	0.1843383601	-0.1843383601	0.2060918005	-0.2060918005	-0.2892807518	0.2892807518	0.3106310232	-0.3106310232	-0.3149868378	0.3149868378	-0.4021167065	0.4021167065	-0.4717624409	0.4717624409	0.5165515365	-0.5165515365	-0.5223988822	0.5223988822	-0.5489500623	0.5489500623	-0.5999243222	0.5999243222	0.6961102975	-0.6961102975	0.7145563555	-0.7145563555	0.7220180543	-0.7220180543	-0.7693655116	0.7693655116	0.7802941666	-0.7802941666	0.787803234	-0.787803234	-0.7994119923	0.7994119923	-0.8391454562	0.8391454562	-0.8568071105	0.8568071105	-0.8682186886	0.8682186886	0.9023002133	-0.9023002133	0.9135219739	-0.9135219739	-0.9174957268	0.9174957268	-0.9400800495	0.9400800495	-0.96785871	0.96785871	0.9889922682	-0.9889922682	-1.015719808	1.015719808	1.025312174	-1.025312174	1.037334871	-1.037334871	1.063806398	-1.063806398	-1.087006442	1.087006442	1.123245015	-1.123245015	1.137919253	-1.137919253	1.142762477	-1.142762477	-1.172463722	1.172463722	1.185885845	-1.185885845	1.188273871	-1.188273871	-1.209973102	1.209973102	-1.219375318	1.219375318	-1.239313319	1.239313319	-1.242249749	1.242249749	1.24802809	-1.24802809	1.264408112	-1.264408112	1.269743509	-1.269743509	-1.286161705	1.286161705	1.304599768	-1.304599768	-1.30491599	1.30491599	-1.320395708	1.320395708	1.32727111	-1.32727111	-1.328759831	1.328759831	1.353852844	-1.353852844	-1.366740229	1.366740229	1.390506505	-1.390506505	-1.400254414	1.400254414	1.404967693	-1.404967693	-1.407803895	1.407803895	1.418232864	-1.418232864	-1.430591106	1.430591106	1.445061796	-1.445061796	-1.445415484	1.445415484	1.459053721	-1.459053721	1.469330895	-1.469330895	1.473769836	-1.473769836	-1.484573399	1.484573399	-1.495534957	1.495534957	1.495702579	-1.495702579	1.506066697	-1.506066697	-1.557902712	1.557902712	1.57743901	-1.57743901	-1.610491501	1.610491501	-1.613478426	1.613478426	1.621261579	-1.621261579	-1.625766754	1.625766754	-1.653415165	1.653415165	1.659780673	-1.659780673	1.681226769	-1.681226769	1.684694213	-1.684694213	1.693391427	-1.693391427	1.723166839	-1.723166839	-1.737458278	1.737458278	1.748853437	-1.748853437	1.76330858	-1.76330858	-1.787721045	1.787721045	1.789062786	-1.789062786	1.845626116	-1.845626116	1.848348132	-1.848348132	-1.857409064	1.857409064	1.857695654	-1.857695654	-1.86145317	1.86145317	-1.891957728	1.891957728	1.902427006	-1.902427006	-1.904077961	1.904077961	-1.915245981	1.915245981	-1.957361322	1.957361322	-1.970402808	1.970402808	-1.971663372	1.971663372	1.97195733	-1.97195733	-1.97523129	1.97523129	1.984361535	-1.984361535	-2.019568148	2.019568148	
-0.54	-0.08000359115	0.08000359115	-0.1013350204	0.1013350204	0.1508056668	-0.1508056668	-0.1701443144	0.1701443144	0.1922205343	-0.1922205343	0.2150032849	-0.2150032849	0.2977006341	-0.2977006341	-0.3115935508	0.3115935508	0.3189019526	-0.3189019526	-0.4056754472	0.4056754472	0.4797069099	-0.4797069099	0.5248406393	-0.5248406393	-0.5294155744	0.5294155744	0.5562300551	-0.5562300551	-0.6028569709	0.6028569709	0.7045692373	-0.7045692373	-0.7230858668	0.7230858668	0.730692737	-0.730692737	-0.7656834908	0.7656834908	0.7801932082	-0.7801932082	0.7878126664	-0.7878126664	-0.7960244691	0.7960244691	0.8388225515	-0.8388225515	-0.8538143908	0.8538143908	-0.8682587413	0.8682587413	0.8989817794	-0.8989817794	0.9107021193	-0.9107021193	-0.9167848987	0.9167848987	-0.9372931304	0.9372931304	0.9679613114	-0.9679613114	0.9890068148	-0.9890068148	1.01530568	-1.01530568	1.021837468	-1.021837468	-1.036841247	1.036841247	1.059696677	-1.059696677	-1.089938644	1.089938644	-1.123233258	1.123233258	1.136947412	-1.136947412	-1.141949395	1.141949395	1.171143629	-1.171143629	1.185001592	-1.185001592	1.185638729	-1.185638729	1.207328901	-1.207328901	1.217540866	-1.217540866	-1.239401533	1.239401533	1.241917715	-1.241917715	1.246514173	-1.246514173	-1.264312329	1.264312329	1.269726929	-1.269726929	1.285763029	-1.285763029	1.304793361	-1.304793361	-1.304866512	1.304866512	-1.32040958	1.32040958	-1.327490553	1.327490553	-1.328821596	1.328821596	-1.353885339	1.353885339	-1.367054898	1.367054898	-1.390584017	1.390584017	-1.399653513	1.399653513	-1.402946395	1.402946395	1.407169753	-1.407169753	1.416942335	-1.416942335	1.428834341	-1.428834341	-1.444109345	1.444109345	1.444610746	-1.444610746	1.458372517	-1.458372517	-1.467616477	1.467616477	-1.47379496	1.47379496	-1.484589128	1.484589128	-1.495453201	1.495453201	-1.495531106	1.495531106	1.50581291	-1.50581291	1.556965323	-1.556965323	1.57630002	-1.57630002	-1.610496223	1.610496223	-1.613446858	1.613446858	-1.620224721	1.620224721	-1.625676855	1.625676855	1.652285178	-1.652285178	-1.658760855	1.658760855	1.68137609	-1.68137609	-1.683990744	1.683990744	-1.693464002	1.693464002	1.723472615	-1.723472615	1.737196833	-1.737196833	1.749437018	-1.749437018	-1.763639757	1.763639757	-1.787945926	1.787945926	-1.789020112	1.789020112	-1.844852353	1.844852353	-1.848358115	1.848358115	1.857492386	-1.857492386	1.857793879	-1.857793879	-1.861312222	1.861312222	1.891909146	-1.891909146	1.902392473	-1.902392473	1.904246178	-1.904246178	1.915201215	-1.915201215	-1.957539522	1.957539522	-1.970017859	1.970017859	1.971763593	-1.971763593	-1.971983971	1.971983971	1.975334829	-1.975334829	-1.984381159	1.984381159	2.018781632	-2.018781632	
-0.53	-0.07651594207	0.07651594207	-0.1082345143	0.1082345143	-0.15959545	0.15959545	0.1787759609	-0.1787759609	0.2000905834	-0.2000905834	0.2239019738	-0.2239019738	0.306103369	-0.306103369	-0.3081991047	0.3081991047	0.3271547964	-0.3271547964	-0.4092320457	0.4092320457	-0.487636606	0.487636606	0.5330952587	-0.5330952587	-0.5364297183	0.5364297183	0.5634203904	-0.5634203904	-0.6057790264	0.6057790264	-0.7129727808	0.7129727808	0.7315595707	-0.7315595707	0.7393284458	-0.7393284458	-0.7619323842	0.7619323842	0.7800869459	-0.7800869459	0.7878222306	-0.7878222306	-0.7926358129	0.7926358129	0.8384879053	-0.8384879053	0.8507719567	-0.8507719567	-0.8682999437	0.8682999437	0.8956213575	-0.8956213576	0.9078630772	-0.9078630772	-0.9160638712	0.9160638712	-0.9344226715	0.9344226715	0.9680622377	-0.9680622377	0.9890217507	-0.9890217507	1.014894549	-1.014894549	1.018270893	-1.018270893	1.036389259	-1.036389259	1.05556713	-1.05556713	-1.092860056	1.092860056	-1.123218596	1.123218596	1.135694247	-1.135694247	-1.141305231	1.141305231	-1.169744861	1.169744861	-1.181696087	1.181696087	1.185315444	-1.185315444	1.204603069	-1.204603069	1.215640274	-1.215640274	1.239425407	-1.239425407	1.241574544	-1.241574544	-1.245134077	1.245134077	1.264210979	-1.264210979	-1.269712078	1.269712078	-1.285396729	1.285396729	1.304818065	-1.304818065	1.305030805	-1.305030805	1.320379954	-1.320379954	1.327711856	-1.327711856	1.328909364	-1.328909364	-1.353918718	1.353918718	-1.367369228	1.367369228	-1.390648397	1.390648397	-1.399035151	1.399035151	-1.400801296	1.400801296	-1.406437256	1.406437256	-1.415692662	1.415692662	1.426933548	-1.426933548	1.443331601	-1.443331601	-1.443806293	1.443806293	1.457652793	-1.457652793	1.465973519	-1.465973519	1.47381987	-1.47381987	-1.48460476	1.48460476	1.495197976	-1.495197976	1.495528648	-1.495528648	1.505558815	-1.505558815	1.556042798	-1.556042798	1.575164562	-1.575164562	1.610500597	-1.610500597	1.613414998	-1.613414998	1.619191586	-1.619191586	-1.625588148	1.625588148	1.651163437	-1.651163437	1.657718308	-1.657718308	-1.681528285	1.681528285	1.683270674	-1.683270674	1.693544017	-1.693544017	-1.723776919	1.723776919	-1.73692708	1.73692708	-1.750023871	1.750023871	-1.76397321	1.76397321	-1.788188852	1.788188852	-1.788977764	1.788977764	-1.844062624	1.844062624	-1.84836773	1.84836773	1.857241922	-1.857241922	-1.85817966	1.85817966	-1.861196033	1.861196033	1.89185735	-1.89185735	-1.902359257	1.902359257	1.904424086	-1.904424086	-1.915164735	1.915164735	1.957716148	-1.957716148	-1.969634078	1.969634078	-1.971863716	1.971863716	-1.972008064	1.972008064	-1.975431907	1.975431907	1.984382871	-1.984382871	2.018003596	-2.018003596	
-0.52	-0.07300010317	0.07300010317	0.1151561891	-0.1151561891	-0.1683695731	0.1683695731	0.1873817538	-0.1873817538	0.2079480489	-0.2079480489	-0.2327865648	0.2327865648	-0.3048036218	0.3048036218	-0.314487909	0.314487909	0.3353888901	-0.3353888901	-0.4127863934	0.4127863934	-0.4955509342	0.4955509342	-0.5413036486	0.5413036486	0.5434515259	-0.5434515259	0.5705152223	-0.5705152223	-0.6086902484	0.6086902484	0.721313131	-0.721313131	0.7399720803	-0.7399720803	0.7479154814	-0.7479154814	-0.7581166662	0.7581166662	0.7799751023	-0.7799751023	0.7878319239	-0.7878319239	-0.7892461491	0.7892461491	-0.8381412684	0.8381412684	0.8476863921	-0.8476863921	-0.868342243	0.868342243	0.8922248223	-0.8922248223	0.9050093463	-0.9050093463	-0.9153332761	0.9153332761	-0.9314690284	0.9314690284	0.9681610226	-0.9681610226	-0.9890370408	0.9890370408	1.014486848	-1.014486848	1.014627848	-1.014627848	1.035964906	-1.035964906	-1.051422865	1.051422865	-1.095770428	1.095770428	1.123199885	-1.123199885	-1.134184998	1.134184998	-1.140800354	1.140800354	-1.168242935	1.168242935	1.178387642	-1.178387642	1.184896532	-1.184896532	1.201798804	-1.201798804	-1.213692687	1.213692687	-1.239344897	1.239344897	-1.241155035	1.241155035	1.243994009	-1.243994009	-1.264103773	1.264103773	1.269698937	-1.269698937	-1.285065735	1.285065735	-1.304770623	1.304770623	1.305306171	-1.305306171	1.320306952	-1.320306952	1.327934223	-1.327934223	-1.329022444	1.329022444	-1.353952985	1.353952985	-1.367682755	1.367682755	-1.390684508	1.390684508	-1.398399372	1.398399372	-1.398553116	1.398553116	-1.405574893	1.405574893	1.414479917	-1.414479917	1.424953956	-1.424953956	1.442695681	-1.442695681	1.442997179	-1.442997179	1.456881759	-1.456881759	-1.464421451	1.464421451	1.473844489	-1.473844489	-1.484620292	1.484620292	1.494937732	-1.494937732	1.495527539	-1.495527539	1.505303888	-1.505303888	1.555136316	-1.555136316	1.574033779	-1.574033779	-1.610504508	1.610504508	-1.613382873	1.613382873	-1.618163414	1.618163414	1.625500619	-1.625500619	1.650050973	-1.650050973	1.656654444	-1.656654444	-1.681683035	1.681683035	1.682536293	-1.682536293	1.693630011	-1.693630011	-1.724079414	1.724079414	-1.736649436	1.736649436	-1.750613461	1.750613461	-1.764308511	1.764308511	-1.788448584	1.788448584	-1.788935777	1.788935777	-1.843258272	1.843258272	-1.848376995	1.848376995	1.856947073	-1.856947073	-1.858566019	1.858566019	-1.861102636	1.861102636	-1.891802504	1.891802504	1.902327331	-1.902327331	1.904611712	-1.904611712	-1.91513618	1.91513618	1.95789108	-1.95789108	-1.969251967	1.969251967	1.971963521	-1.971963521	1.97202954	-1.97202954	1.9755218	-1.9755218	1.984364617	-1.984364617	2.017238543	-2.017238543	
-0.51	-0.06947430704	0.06947430704	0.1220816734	-0.1220816734	-0.1771269547	0.1771269547	-0.1959605584	0.1959605584	0.2157924815	-0.2157924815	0.2416558143	-0.2416558143	-0.301407232	0.301407232	-0.3228532378	0.3228532378	0.3436035603	-0.3436035603	-0.4163383756	0.4163383756	0.5034492794	-0.5034492794	0.5494107672	-0.5494107672	0.5505344365	-0.5505344365	0.5775081379	-0.5775081379	0.6115903879	-0.6115903879	0.7295800289	-0.7295800289	0.7483169407	-0.7483169407	0.7541708178	-0.7541708178	0.7565121884	-0.7565121884	-0.7798573954	0.7798573954	-0.7858556099	0.7858556099	0.7878417438	-0.7878417438	-0.8377823937	0.8377823937	0.8445670276	-0.8445670276	-0.8683856052	0.8683856052	0.8888000663	-0.8888000663	0.9021459406	-0.9021459406	-0.9145937171	0.9145937171	-0.928432684	0.928432684	-0.9682570964	0.9682570964	0.9890526513	-0.9890526513	1.010917082	-1.010917082	1.01408299	-1.01408299	1.035561013	-1.035561013	-1.047269767	1.047269767	-1.0986695	1.0986695	-1.12317516	1.12317516	-1.132462842	1.132462842	-1.140387026	1.140387026	1.1665941	-1.1665941	1.175127002	-1.175127002	-1.184356907	1.184356907	1.198919955	-1.198919955	-1.21172275	1.21172275	1.239059619	-1.239059619	1.240619217	-1.240619217	1.243235108	-1.243235108	-1.263990403	1.263990403	1.269687481	-1.269687481	1.284771563	-1.284771563	1.304724163	-1.304724163	1.305614534	-1.305614534	1.320191467	-1.320191467	1.328156684	-1.328156684	-1.329159402	1.329159402	-1.353988141	1.353988141	1.367994979	-1.367994979	1.390650216	-1.390650216	-1.39625088	1.39625088	-1.397745534	1.397745534	-1.4045436	1.4045436	-1.413299315	1.413299315	-1.422967284	1.422967284	1.442170515	-1.442170515	1.442177592	-1.442177592	-1.456045453	1.456045453	1.462981497	-1.462981497	-1.473868748	1.473868748	1.48463572	-1.48463572	1.494673297	-1.494673297	-1.495527728	1.495527728	1.505047608	-1.505047608	1.554246993	-1.554246993	1.572908793	-1.572908793	1.610507776	-1.610507776	-1.61335051	1.61335051	1.617141463	-1.617141463	1.625414287	-1.625414287	1.648948777	-1.648948777	1.655570629	-1.655570629	1.68177553	-1.68177553	-1.681854202	1.681854202	1.693720781	-1.693720781	1.724379779	-1.724379779	-1.736364321	1.736364321	1.751205249	-1.751205249	1.76464523	-1.76464523	1.788723908	-1.788723908	1.788894187	-1.788894187	-1.842440666	1.842440666	1.848385925	-1.848385925	1.856611868	-1.856611868	-1.858952568	1.858952568	-1.861028875	1.861028875	1.891744772	-1.891744772	1.902296659	-1.902296659	-1.904809074	1.904809074	1.915115164	-1.915115164	1.958064173	-1.958064173	1.968871955	-1.968871955	-1.9720483	1.9720483	1.972062869	-1.972062869	1.975603689	-1.975603689	1.984324454	-1.984324454	2.016490885	-2.016490885	
-0.5	-0.06594480008	0.06594480008	0.129004592	-0.129004592	0.1858665602	-0.1858665602	0.2045112205	-0.2045112205	0.2236234384	-0.2236234384	0.2505085252	-0.2505085252	-0.2980100724	0.2980100724	0.3311983635	-0.3311983635	0.3517981227	-0.3517981227	-0.4198878697	0.4198878697	-0.5113309992	0.5113309992	0.5570706083	-0.5570706083	0.558022776	-0.558022776	-0.5843920892	0.5843920892	-0.6144791868	0.6144791868	0.7377594946	-0.7377594946	0.7502551157	-0.7502551157	0.7565861704	-0.7565861704	0.7649481916	-0.7649481916	-0.7797335635	0.7797335635	-0.782464335	0.782464335	0.7878516891	-0.7878516891	-0.8374110101	0.8374110101	-0.8414275222	0.8414275222	-0.868430001	0.868430001	-0.8853579706	0.8853579706	0.8992784527	-0.8992784527	-0.9138456953	0.9138456953	-0.9253143265	0.9253143265	0.9683497282	-0.9683497282	-0.9890685495	0.9890685495	1.007144435	-1.007144435	1.013683366	-1.013683366	1.035173574	-1.035173574	1.043114651	-1.043114651	-1.101557004	1.101557004	-1.123140563	1.123140563	-1.130565417	1.130565417	1.140023214	-1.140023214	-1.164722854	1.164722854	1.171998619	-1.171998619	1.183664584	-1.183664584	1.195971707	-1.195971707	-1.209761049	1.209761049	1.238387072	-1.238387072	-1.240142067	1.240142067	1.242865478	-1.242865478	-1.263870533	1.263870533	1.269677682	-1.269677682	1.284514592	-1.284514592	-1.304678666	1.304678666	1.305951825	-1.305951825	1.320035006	-1.320035006	-1.328378043	1.328378043	-1.329318219	1.329318219	-1.354024187	1.354024187	1.368305326	-1.368305326	1.390391446	-1.390391446	1.394056186	-1.394056186	-1.39707151	1.39707151	-1.403299458	1.403299458	1.41214596	-1.41214596	-1.421046384	1.421046384	1.441340818	-1.441340818	1.441730307	-1.441730307	1.455132389	-1.455132389	1.461673081	-1.461673081	1.473892582	-1.473892582	-1.484651042	1.484651042	-1.494405483	1.494405483	1.495529164	-1.495529164	1.504789463	-1.504789463	1.553375877	-1.553375877	-1.571790708	1.571790708	-1.610510097	1.610510097	-1.613317938	1.613317938	1.616127081	-1.616127081	-1.625329182	1.625329182	1.6478578	-1.6478578	-1.654468187	1.654468187	-1.681028166	1.681028166	-1.682003655	1.682003655	1.693815325	-1.693815325	-1.724677708	1.724677708	1.73607216	-1.73607216	-1.751798687	1.751798687	1.764982932	-1.764982932	-1.788853031	1.788853031	-1.78901364	1.78901364	-1.841611198	1.841611198	-1.848394533	1.848394533	1.856240836	-1.856240836	-1.859338921	1.859338921	1.860971119	-1.860971119	1.891684316	-1.891684316	1.902267194	-1.902267194	-1.90501618	1.90501618	-1.915101287	1.915101287	-1.958235263	1.958235263	1.968494447	-1.968494447	-1.9720642	1.9720642	1.972161644	-1.972161644	-1.975676633	1.975676633	1.984260635	-1.984260635	2.015764902	-2.015764902	
-0.49	-0.0624143513	0.0624143513	-0.1359220565	0.1359220565	-0.194587394	0.194587394	0.2130325608	-0.2130325608	0.2314404815	-0.2314404815	0.2593435361	-0.2593435361	-0.2946122891	0.2946122891	0.3395223099	-0.3395223099	0.3599718798	-0.3599718798	-0.4234347453	0.4234347453	-0.5191954161	0.5191954161	0.5641801226	-0.5641801226	0.5660178237	-0.5660178237	-0.5911593171	0.5911593171	-0.6173563769	0.6173563769	0.7458317012	-0.7458317012	-0.7462387704	0.7462387704	0.7647694265	-0.7647694265	0.7733396687	-0.7733396687	0.7790724756	-0.7790724756	0.7796034663	-0.7796034663	0.787861761	-0.787861761	-0.8370264095	0.8370264095	-0.8382889575	0.8382889575	-0.8684753976	0.8684753976	-0.8819139848	0.8819139848	0.8964131246	-0.8964131246	-0.9130894062	0.9130894062	-0.9221150563	0.9221150563	-0.9684379257	0.9684379257	-0.9890847028	0.9890847028	1.00331451	-1.00331451	-1.013288348	1.013288348	-1.034800191	1.034800191	-1.038965448	1.038965448	-1.10443266	1.10443266	-1.123086783	1.123086783	-1.128523715	1.128523715	-1.139675896	1.139675896	1.16252186	-1.16252186	-1.169122119	1.169122119	-1.182779638	1.182779638	-1.192961671	1.192961671	1.207843964	-1.207843964	1.237342276	-1.237342276	-1.239850024	1.239850024	-1.242744011	1.242744011	-1.263743805	1.263743805	-1.269669509	1.269669509	1.284294325	-1.284294325	1.304634114	-1.304634114	1.306314686	-1.306314686	-1.319839498	1.319839498	-1.328596816	1.328596816	1.329496492	-1.329496492	-1.35406112	1.35406112	1.368613102	-1.368613102	1.389360372	-1.389360372	-1.392524639	1.392524639	-1.396371601	1.396371601	-1.401802013	1.401802013	-1.41101533	1.41101533	1.419258483	-1.419258483	-1.440479268	1.440479268	1.441355045	-1.441355045	-1.454139338	1.454139338	-1.460508032	1.460508032	1.473915931	-1.473915931	-1.484666256	1.484666256	-1.494135083	1.494135083	1.49553179	-1.49553179	-1.504528962	1.504528962	1.55252395	-1.55252395	-1.570680606	1.570680606	1.61051091	-1.61051091	-1.613285188	1.613285188	-1.615121851	1.615121851	-1.625245343	1.625245343	-1.64677895	1.64677895	1.653348397	-1.653348397	1.680260449	-1.680260449	-1.682166695	1.682166695	1.693912801	-1.693912801	1.72497291	-1.72497291	-1.735773383	1.735773383	1.752393223	-1.752393223	-1.765321181	1.765321181	1.788812346	-1.788812346	1.789316633	-1.789316633	-1.840771267	1.840771267	-1.848402823	1.848402823	1.855838454	-1.855838454	1.859724689	-1.859724689	-1.860925815	1.860925815	1.891621298	-1.891621298	1.902238878	-1.902238878	1.905233028	-1.905233028	-1.915094139	1.915094139	1.958404156	-1.958404156	-1.96811984	1.96811984	-1.97207705	1.97207705	-1.972259748	1.972259748	-1.975739531	1.975739531	1.98417172	-1.98417172	-2.015064692	2.015064692	
-0.48	-0.0588844221	0.0588844221	-0.1428324949	0.1428324949	0.2032884938	-0.2032884938	0.221523369	-0.221523369	0.2392431733	-0.2392431733	0.2681597125	-0.2681597125	-0.2912140396	0.2912140397	0.3478241101	-0.3478241101	0.3681241185	-0.3681241185	-0.4269788628	0.4269788628	-0.5270418067	0.5270418067	-0.5711710159	0.5711710159	0.5740860012	-0.5740860012	-0.5978012683	0.5978012683	-0.6202216803	0.6202216803	-0.7421569875	0.7421569875	0.753767205	-0.753767205	0.7728518648	-0.7728518648	-0.7756801563	0.7756801563	0.7794678878	-0.7794678878	-0.7816296507	0.7816296507	0.7878719679	-0.7878719679	-0.8351804845	0.8351804845	-0.8366316794	0.8366316794	-0.8685217541	0.8685217541	0.8784907933	-0.8784907933	0.8935569311	-0.8935569311	-0.9123240467	0.9123240467	-0.9188370856	0.9188370856	0.9685202572	-0.9685202572	-0.9891010787	0.9891010787	0.9994316156	-0.9994316156	1.012898288	-1.012898288	-1.034439341	1.034439341	-1.034831426	1.034831426	-1.107296176	1.107296176	-1.122981926	1.122981926	-1.126382158	1.126382158	-1.139315543	1.139315543	-1.159910003	1.159910003	1.166596826	-1.166596826	1.181653819	-1.181653819	1.189901665	-1.189901665	-1.206012165	1.206012165	-1.236129648	1.236129648	-1.239655257	1.239655257	-1.242754235	1.242754235	-1.263609832	1.263609832	-1.269662928	1.269662928	-1.284109613	1.284109613	1.304590492	-1.304590492	-1.306700345	1.306700345	-1.319607105	1.319607105	-1.328811139	1.328811139	-1.329691623	1.329691623	-1.354098934	1.354098934	1.36891737	-1.36891737	1.387217203	-1.387217203	-1.39200401	1.39200401	1.395630073	-1.395630073	1.40003133	-1.40003133	-1.409903529	1.409903529	-1.417655402	1.417655402	1.439584625	-1.439584625	1.441029714	-1.441029714	1.453076178	-1.453076178	-1.459485603	1.459485603	-1.473938738	1.473938738	1.484681363	-1.484681363	1.493862865	-1.493862865	-1.495535551	1.495535551	1.504265641	-1.504265641	1.551692117	-1.551692117	1.569579547	-1.569579547	1.610509058	-1.610509058	1.613252289	-1.613252289	-1.614127929	1.614127929	-1.625162806	1.625162806	1.645713095	-1.645713095	-1.652212505	1.652212505	-1.679484598	1.679484598	1.682332571	-1.682332571	1.694012494	-1.694012494	1.725265109	-1.725265109	-1.735468421	1.735468421	-1.752988299	1.752988299	-1.765659542	1.765659542	1.788772169	-1.788772169	-1.789631775	1.789631775	-1.839922281	1.839922281	-1.848410796	1.848410796	-1.855408822	1.855408822	-1.86010949	1.86010949	1.860889805	-1.860889805	-1.891555879	1.891555879	1.902211643	-1.902211643	1.905459606	-1.905459606	1.915093308	-1.915093308	1.958570634	-1.958570634	1.967748524	-1.967748524	-1.972086596	1.972086596	-1.972357085	1.972357085	-1.975791083	1.975791083	1.984056697	-1.984056697	-2.014394113	2.014394113	
-0.47	-0.05535589627	0.05535589627	-0.1497349225	0.1497349225	0.2119689258	-0.2119689258	0.2299823981	-0.2299823981	0.2470310731	-0.2470310731	0.2769559389	-0.2769559389	-0.2878154975	0.2878154975	-0.3561028007	0.3561028007	0.3762541077	-0.3762541077	0.4305200729	-0.4305200729	-0.5348693878	0.5348693878	0.5781292973	-0.5781292973	0.5821393082	-0.5821393082	-0.6043085052	0.6043085052	-0.6230748083	0.6230748083	-0.7380127059	0.7380127059	0.7615198846	-0.7615198846	-0.7722875928	0.7722875928	-0.7793044962	0.7793044962	-0.7808355382	0.7808355382	-0.7878823503	0.7878823503	0.7897814652	-0.7897814652	0.832160994	-0.832160994	-0.8362214352	0.8362214352	-0.868569015	0.868569015	0.8751229953	-0.8751229953	0.8907176791	-0.8907176791	-0.9115443118	0.9115443118	-0.9154872496	0.9154872496	0.9685945097	-0.9685945097	-0.9891176446	0.9891176446	0.9955005035	-0.9955005035	-1.012513515	1.012513515	1.030723478	-1.030723478	-1.034090005	1.034090005	-1.110147249	1.110147249	1.122622793	-1.122622793	-1.124350454	1.124350454	1.138907899	-1.138907899	-1.156928795	1.156928795	-1.164410458	1.164410458	1.180231359	-1.180231359	-1.186810428	1.186810428	1.204307007	-1.204307007	1.234866789	-1.234866789	-1.239499931	1.239499931	1.242836255	-1.242836255	1.263468198	-1.263468198	-1.269657902	1.269657902	-1.283958843	1.283958843	-1.304547786	1.304547786	1.307106513	-1.307106513	-1.319340059	1.319340059	-1.329018646	1.329018646	1.329900981	-1.329900981	-1.354137618	1.354137618	-1.369216692	1.369216692	1.384565163	-1.384565163	-1.39189955	1.39189955	-1.394795621	1.394795621	-1.398023982	1.398023982	1.408807376	-1.408807376	1.416264185	-1.416264185	1.438648172	-1.438648172	-1.440743202	1.440743202	-1.451965601	1.451965601	-1.458592446	1.458592446	1.47396095	-1.47396095	-1.484696362	1.484696362	1.493589565	-1.493589565	-1.495540384	1.495540384	1.503999072	-1.503999072	1.550881214	-1.550881214	1.568488573	-1.568488573	-1.610501716	1.610501716	1.613149118	-1.613149118	1.613219273	-1.613219273	-1.625081608	1.625081608	1.644661064	-1.644661064	1.651061717	-1.651061717	1.678702305	-1.678702305	1.682500992	-1.682500992	-1.694113797	1.694113797	-1.725554047	1.725554047	-1.735157713	1.735157713	1.753583353	-1.753583353	1.765997577	-1.765997577	-1.788732539	1.788732539	-1.789957995	1.789957995	1.839065642	-1.839065642	-1.848418444	1.848418444	-1.854955541	1.854955541	1.860492939	-1.860492939	-1.860860445	1.860860445	1.891488218	-1.891488218	-1.902185418	1.902185418	-1.905695892	1.905695892	1.915098383	-1.915098383	1.958734447	-1.958734447	-1.967380886	1.967380886	1.972092505	-1.972092505	1.972453568	-1.972453568	-1.975829742	1.975829742	1.983915128	-1.983915128	-2.013756712	2.013756712	
-0.46	-0.05182937398	0.05182937398	-0.1566286476	0.1566286476	-0.2206277803	0.2206277803	-0.2384083581	0.2384083581	0.2548037222	-0.2548037222	0.2844168658	-0.2844168658	0.2857311123	-0.2857311123	-0.3643574165	0.3643574165	0.3843610961	-0.3843610961	-0.4340582153	0.4340582153	0.5426772974	-0.5426772974	0.5850692206	-0.5850692206	-0.590161364	0.590161364	0.6106706092	-0.6106706092	-0.6259154613	0.6259154613	-0.7338077714	0.7338077714	-0.7688949302	0.7688949302	0.7690127912	-0.7690127912	-0.7791661451	0.7791661451	0.7878917623	-0.7878917623	0.7886368675	-0.7886368675	-0.7977391348	0.7977391348	-0.8293216253	0.8293216253	0.8357985675	-0.8357985675	-0.8686171031	0.8686171031	0.8718656504	-0.8718656504	0.8879041351	-0.8879041351	-0.9106964716	0.9106964716	-0.9121209436	0.9121209436	-0.9686569771	0.9686569771	-0.9891343665	0.9891343665	0.9915273217	-0.9915273217	1.01213434	-1.01213434	-1.026654455	1.026654455	-1.033751463	1.033751463	-1.112985565	1.112985565	1.121038213	-1.121038213	-1.123401982	1.123401982	1.13840189	-1.13840189	-1.15373372	1.15373372	1.16245816	-1.16245816	1.178452106	-1.178452106	1.183716176	-1.183716176	1.202764777	-1.202764777	-1.233601119	1.233601119	-1.239366283	1.239366283	-1.242960044	1.242960044	-1.26331846	1.26331846	1.269654394	-1.269654394	1.283840098	-1.283840098	-1.304505986	1.304505986	1.307531288	-1.307531288	1.319040555	-1.319040555	1.329216293	-1.329216293	1.330122022	-1.330122022	-1.35417716	1.35417716	-1.369508427	1.369508427	1.381710687	-1.381710687	1.391914654	-1.391914654	-1.393663314	1.393663314	-1.395994564	1.395994564	1.407724404	-1.407724404	1.415084637	-1.415084637	1.437661346	-1.437661346	-1.440487302	1.440487302	1.450837326	-1.450837326	-1.457807872	1.457807872	1.473982514	-1.473982514	-1.484711253	1.484711253	1.493315886	-1.493315886	-1.495546229	1.495546229	1.503728869	-1.503728869	1.550091996	-1.550091996	-1.567408699	1.567408699	-1.610479901	1.610479901	1.612195362	-1.612195362	-1.61318617	1.61318617	-1.625001782	1.625001782	1.643623646	-1.643623646	1.64989721	-1.64989721	1.677915062	-1.677915062	-1.682671818	1.682671818	-1.694216188	1.694216188	1.725839476	-1.725839476	1.734841697	-1.734841697	-1.754177818	1.754177818	1.766334853	-1.766334853	-1.788693494	1.788693494	1.790294265	-1.790294265	-1.838202746	1.838202746	1.848425751	-1.848425751	1.854481717	-1.854481717	1.860835608	-1.860835608	-1.860874656	1.860874656	1.891418478	-1.891418478	-1.90216012	1.90216012	1.905941851	-1.905941851	-1.915108967	1.915108967	1.958895314	-1.958895314	1.967017311	-1.967017311	-1.972094342	1.972094342	1.972549112	-1.972549112	1.975853672	-1.975853672	1.983747304	-1.983747304	-2.01315565	2.01315565	
-0.45	-0.04830530649	0.04830530649	-0.1635131374	0.1635131374	0.2292641679	-0.2292641679	0.24679991	-0.24679991	0.2625605855	-0.2625605855	-0.2810184365	0.2810184365	0.2944841352	-0.2944841352	0.3725869845	-0.3725869845	0.3924443089	-0.3924443089	0.4375931179	-0.4375931179	-0.5504645683	0.5504645683	0.5919946504	-0.5919946504	0.5981460188	-0.5981460188	0.6168760794	-0.6168760794	-0.6287433289	0.6287433289	-0.729543899	0.729543899	-0.7655023596	0.7655023596	0.7761027446	-0.7761027446	0.7790179844	-0.7790179844	0.7879034469	-0.7879034469	0.7962371243	-0.7962371243	0.8054100662	-0.8054100662	0.8268392258	-0.8268392258	0.8353625958	-0.8353625958	-0.8686659077	0.8686659077	-0.8688104123	0.8688104123	0.8851262109	-0.8851262109	0.9083812326	-0.9083812326	-0.9101392828	0.9101392828	0.9687008213	-0.9687008213	0.9875214158	-0.9875214158	0.9891512097	-0.9891512097	-1.01176105	1.01176105	-1.022639589	1.022639589	-1.033423184	1.033423184	-1.115810793	1.115810793	-1.118588899	1.118588899	-1.123174115	1.123174115	-1.137708675	1.137708675	1.150521505	-1.150521505	-1.160635989	1.160635989	-1.176262102	1.176262102	-1.180652396	1.180652396	-1.201410276	1.201410276	1.232353232	-1.232353232	-1.23924938	1.23924938	-1.243109341	1.243109341	1.263160139	-1.263160139	-1.269652363	1.269652363	-1.283751273	1.283751273	-1.30446508	1.30446508	-1.307973092	1.307973092	1.318710666	-1.318710666	1.329400111	-1.329400111	1.330352366	-1.330352366	-1.354217534	1.354217534	-1.369786444	1.369786444	1.378743197	-1.378743197	-1.391722398	1.391722398	-1.391973661	1.391973661	-1.39448205	1.39448205	1.406652811	-1.406652811	-1.41409596	1.41409596	1.436616514	-1.436616514	-1.440255933	1.440255933	-1.449720985	1.449720985	-1.457110196	1.457110196	-1.474003382	1.474003382	-1.484726037	1.484726037	1.493042493	-1.493042493	1.49555302	-1.49555302	1.503454691	-1.503454691	1.549325144	-1.549325144	-1.566340921	1.566340921	1.610398446	-1.610398446	1.611312763	-1.611312763	1.613153015	-1.613153015	1.62492336	-1.62492336	1.642601591	-1.642601591	1.648720135	-1.648720135	1.677124295	-1.677124295	1.682844927	-1.682844927	1.694319216	-1.694319216	-1.726121167	1.726121167	-1.734520816	1.734520816	1.754771123	-1.754771123	1.766670936	-1.766670936	-1.788655074	1.788655074	1.790639601	-1.790639601	-1.837334975	1.837334975	-1.848432686	1.848432686	1.853990017	-1.853990017	-1.860813616	1.860813616	-1.861254262	1.861254262	-1.891346818	1.891346818	1.902135665	-1.902135665	-1.906197436	1.906197436	1.915124673	-1.915124673	1.959052915	-1.959052915	-1.96665818	1.96665818	1.972091536	-1.972091536	1.972643636	-1.972643636	-1.975860704	1.975860704	-1.983554405	1.983554405	-2.01259363	2.01259363	
-0.44	-0.04478406427	0.04478406427	0.1703879511	-0.1703879511	-0.2378772171	0.2378772171	-0.2551556585	0.2551556585	0.2703004631	-0.2703004631	-0.2776211792	0.2776211792	0.3032139106	-0.3032139106	0.3807905197	-0.3807905197	0.4005029452	-0.4005029452	-0.4411245949	0.4411245949	-0.5582300906	0.5582300906	-0.5989068891	0.5989068891	0.6060895022	-0.6060895022	-0.6229122304	0.6229122304	-0.6315580904	0.6315580904	-0.7252228621	0.7252228621	-0.7621100809	0.7621100809	0.778817001	-0.778817001	0.7825946949	-0.7825946949	0.7879151817	-0.7879151817	0.8035047081	-0.8035047081	0.8126339263	-0.8126339263	-0.8250657503	0.8250657503	0.8349134292	-0.8349134292	0.8661162624	-0.8661162624	0.8687152662	-0.8687152662	0.8823952883	-0.8823952883	-0.9048358655	0.9048358655	0.9093070102	-0.9093070102	-0.9687117411	0.9687117411	0.983499788	-0.983499788	0.9891681373	-0.9891681373	1.011393908	-1.011393908	-1.018697009	1.018697009	-1.033104748	1.033104748	1.1159048	-1.1159048	-1.118622589	1.118622589	-1.123029095	1.123029095	1.136670222	-1.136670222	1.147527598	-1.147527598	-1.158876646	1.158876646	1.173641853	-1.173641853	1.17763378	-1.17763378	-1.200252573	1.200252573	1.231133099	-1.231133099	-1.239147939	1.239147939	1.243274637	-1.243274637	1.262992726	-1.262992726	-1.26965177	1.26965177	-1.283690173	1.283690173	1.304425059	-1.304425059	1.308430603	-1.308430603	-1.318352317	1.318352317	-1.329564848	1.329564848	-1.330589842	1.330589842	-1.354258711	1.354258711	-1.370030746	1.370030746	-1.375715414	1.375715414	-1.389001385	1.389001385	-1.392052334	1.392052334	-1.393494438	1.393494438	1.405591406	-1.405591406	1.413267585	-1.413267585	1.435507853	-1.435507853	1.440044559	-1.440044559	-1.448641314	1.448641314	-1.45648069	1.45648069	-1.474023506	1.474023506	-1.484740716	1.484740716	1.492770013	-1.492770013	1.495560693	-1.495560693	1.503176249	-1.503176249	1.54858126	-1.54858126	1.565286211	-1.565286211	1.609986339	-1.609986339	1.610773248	-1.610773248	-1.613119838	1.613119838	1.624846369	-1.624846369	1.641595611	-1.641595611	1.647531616	-1.647531616	-1.676331386	1.676331386	1.683020201	-1.683020201	1.694422492	-1.694422492	-1.726398903	1.726398903	-1.734195517	1.734195517	-1.755362694	1.755362694	-1.767005401	1.767005401	-1.788617322	1.788617322	1.790993059	-1.790993059	1.836463694	-1.836463694	-1.8484392	1.848439201	1.853482751	-1.853482751	1.860793172	-1.860793172	1.861631382	-1.861631382	-1.891273398	1.891273398	1.902111963	-1.902111963	-1.906462583	1.906462583	-1.915145136	1.915145136	1.959206886	-1.959206886	1.96630387	-1.96630387	-1.972083336	1.972083336	1.972737061	-1.972737061	-1.975848315	1.975848315	-1.983338645	1.983338645	-2.01207283	2.01207283	
-0.43	-0.04126597447	0.04126597447	-0.1772527029	0.1772527029	-0.2464660707	0.2464660707	-0.2634741451	0.2634741451	-0.2742170326	0.2742170326	0.2780311996	-0.2780311996	0.3119193356	-0.3119193356	-0.3889670197	0.3889670197	0.4085361746	-0.4085361746	-0.444652446	0.444652446	-0.5659725573	0.5659725573	-0.6058063594	0.6058063594	0.6139887077	-0.6139887077	0.6287650924	-0.6287650924	-0.6343594161	0.6343594161	-0.7208465858	0.7208465858	-0.7587183084	0.7587183084	0.7786452477	-0.7786452477	-0.7878325548	0.7878325548	0.7880480155	-0.7880480155	0.8101636886	-0.8101636886	0.8191273845	-0.8191273845	-0.8247065896	0.8247065896	-0.8344510634	0.8344510634	0.8640640238	-0.8640640238	0.8687649319	-0.8687649319	0.8797249477	-0.8797249477	-0.9011684523	0.9011684523	-0.9085183097	0.9085183097	-0.9686542309	0.9686542309	0.9795009622	-0.9795009622	0.9891851104	-0.9891851104	-1.011033118	1.011033118	-1.014848387	1.014848387	-1.032795811	1.032795811	1.113073271	-1.113073271	-1.121420594	1.121420594	-1.122859977	1.122859977	1.135060496	-1.135060496	-1.145038679	1.145038679	1.157141636	-1.157141636	-1.170637032	1.170637032	1.174625384	-1.174625384	1.199285129	-1.199285129	1.229945901	-1.229945901	-1.239061672	1.239061672	-1.243450018	1.243450018	-1.262815677	1.262815677	-1.269652572	1.269652572	1.283654583	-1.283654583	-1.304385915	1.304385915	1.308902706	-1.308902706	-1.317967266	1.317967266	1.329703432	-1.329703432	-1.330832496	1.330832496	-1.35430064	1.35430064	-1.370118486	1.370118486	-1.372770201	1.372770201	-1.385887604	1.385887604	-1.392140557	1.392140557	-1.392680685	1.392680685	1.40453956	-1.40453956	-1.412568116	1.412568116	1.434332145	-1.434332145	1.439849777	-1.439849777	-1.447616185	1.447616185	-1.455904774	1.455904774	-1.474042841	1.474042841	-1.48475529	1.48475529	1.492499031	-1.492499031	-1.495569178	1.495569178	1.502893307	-1.502893307	1.547860865	-1.547860865	1.564245516	-1.564245516	-1.609166093	1.609166093	-1.610655198	1.610655198	1.613086675	-1.613086675	-1.624770832	1.624770832	1.640606381	-1.640606381	1.646332756	-1.646332756	1.675537689	-1.675537689	1.683197515	-1.683197515	-1.694525678	1.694525678	1.726672481	-1.726672481	-1.73386625	1.73386625	-1.755951954	1.755951954	1.767337824	-1.767337824	-1.788580278	1.788580278	1.791353742	-1.791353742	-1.835590246	1.835590246	1.848445212	-1.848445212	-1.852961958	1.852961958	1.860773277	-1.860773277	-1.862005644	1.862005644	1.891198379	-1.891198379	1.902088921	-1.902088921	-1.906737212	1.906737212	-1.915170016	1.915170016	-1.959356817	1.959356817	-1.965954755	1.965954755	-1.972068746	1.972068746	1.97282931	-1.97282931	-1.975813642	1.975813642	1.983103395	-1.983103395	-2.011594846	2.011594846	
-0.42	-0.03775134316	0.03775134316	-0.1841070412	0.1841070412	0.2550298833	-0.2550298833	-0.2708225954	0.2708225954	-0.2717538401	0.2717538401	0.2857359948	-0.2857359948	0.3205992966	-0.3205992966	0.3971154596	-0.3971154596	-0.4165431336	0.4165431336	-0.4481764543	0.4481764543	-0.5736903814	0.5736903814	-0.612693105	0.612693105	-0.6218406512	0.6218406512	-0.634419322	0.634419322	-0.6371469722	0.6371469722	-0.7164172409	0.7164172409	-0.7553272718	0.7553272718	0.7784570777	-0.7784570777	0.7879313691	-0.7879313691	0.791549921	-0.791549921	0.8158109093	-0.8158109093	0.8244156999	-0.8244156999	0.8268196458	-0.8268196458	-0.8339755806	0.8339755806	-0.8631225818	0.8631225818	-0.8688145142	0.8688145142	-0.8771331388	0.8771331388	-0.8974176882	0.8974176882	-0.9077371142	0.9077371142	-0.968415986	0.968415986	0.9756407132	-0.9756407132	-0.9892020866	0.9892020866	1.01067745	-1.01067745	-1.011121051	1.011121051	-1.03249607	1.03249607	-1.11011401	1.11011401	-1.122598286	1.122598286	-1.124204429	1.124204429	-1.13275117	1.13275117	1.143256631	-1.143256631	1.155409001	-1.155409001	-1.16733849	1.16733849	1.171558467	-1.171558467	-1.198489937	1.198489937	1.228794381	-1.228794381	-1.238990495	1.238990495	-1.243631617	1.243631617	-1.262628409	1.262628409	1.26965473	-1.26965473	1.283642319	-1.283642319	1.30434764	-1.30434764	-1.309388457	1.309388457	1.317557117	-1.317557117	1.329806177	-1.329806177	-1.331078589	1.331078589	-1.35434325	1.35434325	1.368793336	-1.368793336	-1.371181316	1.371181316	1.382531314	-1.382531314	-1.391922182	1.391922182	1.392233032	-1.392233032	-1.403497197	1.403497197	1.411970055	-1.411970055	-1.433089231	1.433089231	-1.439669014	1.439669014	-1.446656507	1.446656507	1.455371679	-1.455371679	1.474061345	-1.474061345	-1.484769763	1.484769763	1.492230092	-1.492230092	-1.495578408	1.495578408	1.502605684	-1.502605684	1.547164404	-1.547164404	-1.563219763	1.563219763	-1.608270694	1.608270694	1.610626499	-1.610626499	1.613053559	-1.613053559	-1.624696768	1.624696768	1.63963454	-1.63963454	1.645124644	-1.645124644	-1.674744526	1.674744526	-1.683376737	1.683376737	1.694628478	-1.694628478	1.726941713	-1.726941713	-1.733533468	1.733533468	1.756538325	-1.756538325	1.767667791	-1.767667791	-1.788543988	1.788543988	-1.791720797	1.791720797	-1.834715948	1.834715948	1.848450585	-1.848450585	1.852429485	-1.852429485	-1.86075317	1.86075317	1.86237668	-1.86237668	-1.89112192	1.89112192	1.902066444	-1.902066444	1.90702122	-1.90702122	-1.915199003	1.915199003	1.959502236	-1.959502236	1.965611203	-1.965611203	1.972046429	-1.972046429	1.972920311	-1.972920311	-1.975753578	1.975753578	-1.982853232	1.982853232	-2.011160659	2.011160659	
-0.41	-0.03424046952	0.03424046952	-0.1909506356	0.1909506356	0.2635678045	-0.2635678045	-0.2674265433	0.2674265433	0.279993133	-0.279993133	-0.2934260023	0.2934260023	0.3292526632	-0.3292526632	0.4052347869	-0.4052347869	0.4245229216	-0.4245229216	-0.4516963846	0.4516963846	0.5813815683	-0.5813815683	-0.6195669666	0.6195669666	-0.6296422375	0.6296422375	-0.6398581325	0.6398581325	-0.6399204341	0.6399204341	-0.7119373754	0.7119373754	-0.751937219	0.751937219	0.778257194	-0.778257194	0.7879432014	-0.7879432014	0.7928477025	-0.7928477025	-0.8207554278	0.8207554278	0.8278748941	-0.8278748941	-0.831578822	0.831578822	-0.8334874542	0.8334874542	-0.863897327	0.863897327	0.8688633611	-0.8688633611	0.8746514904	-0.8746514904	0.8935908015	-0.8935908015	0.9069593974	-0.9069593974	0.9675472041	-0.9675472041	0.9723729329	-0.9723729329	-0.9892190194	0.9892190194	-1.007540653	1.007540653	1.010332422	-1.010332422	-1.032205245	1.032205245	1.107035226	-1.107035226	1.122102235	-1.122102235	-1.126973697	1.126973697	-1.129963186	1.129963186	-1.142110196	1.142110196	1.153665699	-1.153665699	1.163829845	-1.163829845	1.168377213	-1.168377213	-1.197843205	1.197843205	1.227679919	-1.227679919	1.238934301	-1.238934301	-1.243816794	1.243816794	1.262430303	-1.262430303	-1.269658201	1.269658201	-1.283651263	1.283651263	-1.304310227	1.304310227	1.30988704	-1.30988704	-1.317123342	1.317123342	-1.329859574	1.329859574	-1.331326581	1.331326581	-1.354386422	1.354386422	1.365811758	-1.365811758	-1.371211305	1.371211305	-1.378990657	1.378990657	-1.39118663	1.39118663	-1.392326276	1.392326276	-1.402464818	1.402464818	-1.411451203	1.411451203	1.431781962	-1.431781962	1.439500314	-1.439500314	1.445767107	-1.445767107	1.45487363	-1.45487363	1.474078975	-1.474078975	-1.484784135	1.484784135	-1.491963699	1.491963699	1.495588313	-1.495588313	1.50231326	-1.50231326	1.546492242	-1.546492242	-1.562209853	1.562209853	1.607371539	-1.607371539	1.610616597	-1.610616597	-1.613020525	1.613020525	-1.624624192	1.624624192	-1.638680691	1.638680691	1.643908354	-1.643908354	1.673953189	-1.673953189	-1.683557729	1.683557729	1.694730636	-1.694730636	1.727206421	-1.727206421	-1.733197627	1.733197627	1.757121224	-1.757121224	-1.767994892	1.767994892	1.788508496	-1.788508496	1.792093414	-1.792093414	-1.833842091	1.833842091	1.848455091	-1.848455091	-1.851887083	1.851887083	1.860732274	-1.860732274	-1.862744126	1.862744126	-1.89104418	1.89104418	-1.902044438	1.902044438	-1.907314482	1.907314482	1.915231821	-1.915231821	1.959642603	-1.959642603	1.965273576	-1.965273576	-1.972014578	1.972014578	1.973009993	-1.973009993	1.975664981	-1.975664981	1.982593884	-1.982593884	2.010770622	-2.010770622	
-0.4	-0.03073365564	0.03073365564	0.197783169	-0.197783169	-0.2640313362	0.2640313362	0.272079089	-0.272079089	-0.2881903234	0.2881903234	0.3010985119	-0.3010985119	-0.3378782831	0.3378782831	0.4133239162	-0.4133239162	-0.432474596	0.432474596	-0.4552119814	0.4552119814	-0.5890435089	0.5890435089	-0.6264276375	0.6264276375	0.6373900912	-0.6373900912	-0.6426795454	0.6426795454	-0.6450632573	0.6450632573	0.7074101201	-0.7074101201	-0.7485484176	0.7485484176	0.7780456267	-0.7780456267	0.7879542389	-0.7879542389	-0.7920827649	0.7920827649	0.8259661294	-0.8259661294	0.8291161665	-0.8291161665	-0.8329855818	0.8329855818	0.8377494347	-0.8377494347	0.8666693035	-0.8666693035	0.8689103009	-0.8689103009	-0.8724015766	0.8724015766	-0.8896924101	0.8896924101	-0.906184761	0.906184761	0.9650583664	-0.9650583664	0.9706920822	-0.9706920822	0.9892358565	-0.9892358565	-1.004150231	1.004150231	1.009992172	-1.009992172	1.031923069	-1.031923069	-1.103842032	1.103842032	-1.120993223	1.120993223	1.127304059	-1.127304059	1.129727974	-1.129727974	-1.141376804	1.141376804	1.151903576	-1.151903576	1.16016598	-1.16016598	-1.165055432	1.165055432	-1.197320174	1.197320174	-1.22660306	1.22660306	1.238892901	-1.238892901	1.244003682	-1.244003682	1.262220695	-1.262220695	-1.269662945	1.269662945	1.283679386	-1.283679386	1.304273668	-1.304273668	1.310397739	-1.310397739	-1.316667301	1.316667301	-1.329844456	1.329844456	1.331575104	-1.331575104	1.354429956	-1.354429956	1.36262445	-1.36262445	1.371433055	-1.371433055	-1.375296853	1.375296853	-1.390463347	1.390463347	-1.392417352	1.392417352	-1.401443621	1.401443621	-1.410994365	1.410994365	1.430415685	-1.430415685	1.439342184	-1.439342184	-1.444948071	1.444948071	1.454405039	-1.454405039	1.474095694	-1.474095694	-1.48479841	1.48479841	1.491700315	-1.491700315	1.495598821	-1.495598821	1.502015968	-1.502015968	1.545844667	-1.545844667	-1.561216664	1.561216664	1.60648177	-1.60648177	-1.610613175	1.610613175	1.612987607	-1.612987607	1.624553115	-1.624553115	1.637745407	-1.637745407	-1.642684949	1.642684949	1.673164947	-1.673164947	-1.683740344	1.683740344	1.694831925	-1.694831925	-1.727466443	1.727466443	1.732859188	-1.732859188	1.757700072	-1.757700072	1.768318728	-1.768318728	-1.788473849	1.788473849	-1.792470823	1.792470823	-1.832969935	1.832969935	1.848458308	-1.848458308	1.851336544	-1.851336544	1.86071015	-1.86071015	1.863107623	-1.863107623	1.890965314	-1.890965314	1.902022807	-1.902022807	1.907616842	-1.907616842	1.915268238	-1.915268238	-1.959777292	1.959777292	-1.96494223	1.96494223	-1.971970724	1.971970724	-1.973098285	1.973098285	1.975545085	-1.975545085	-1.982332018	1.982332018	-2.010424478	2.010424478	
-0.39	-0.02723121393	0.02723121393	-0.2046043317	0.2046043317	-0.2606375496	0.2606375496	-0.2805628068	0.2805628068	0.2963436095	-0.2963436095	0.3087529083	-0.3087529083	0.3464749756	-0.3464749756	0.4213817227	-0.4213817227	0.4403971673	-0.4403971673	-0.4587229662	0.4587229662	0.5966726318	-0.5966726318	-0.6332746294	0.6332746294	0.6450772108	-0.6450772108	-0.6454274307	0.6454274307	-0.6500149627	0.6500149627	-0.7028395341	0.7028395341	-0.7451611577	0.7451611577	0.7778218699	-0.7778218699	0.7879649572	-0.7879649572	0.7899359242	-0.7899359242	0.8283875431	-0.8283875431	0.8316238845	-0.8316238845	-0.8324794991	0.8324794991	0.8444134085	-0.8444134085	0.8689530035	-0.8689530035	0.8690137987	-0.8690137987	0.8725743433	-0.8725743433	0.8857283093	-0.8857283093	-0.9054136933	0.9054136933	0.9613562912	-0.9613562912	0.9701974807	-0.9701974807	0.9892525363	-0.9892525363	1.000991341	-1.000991341	1.009659281	-1.009659281	-1.03164927	1.03164927	-1.100538502	1.100538502	1.118671963	-1.118671963	-1.125554774	1.125554774	-1.132466804	1.132466804	1.140879587	-1.140879587	1.150117275	-1.150117275	1.156378828	-1.156378828	1.161587837	-1.161587837	-1.196898067	1.196898067	1.225563814	-1.225563814	1.238866019	-1.238866019	1.244190917	-1.244190917	-1.261998882	1.261998882	-1.26966892	1.26966892	1.283724765	-1.283724765	-1.304237957	1.304237957	-1.310919907	1.310919907	-1.316190281	1.316190281	1.329733245	-1.329733245	1.331822931	-1.331822931	-1.354473465	1.354473465	1.359424029	-1.359424029	-1.371470184	1.371470184	-1.371685377	1.371685377	-1.3897484	1.3897484	-1.392503102	1.392503102	1.400435741	-1.400435741	1.410586463	-1.410586463	-1.428997429	1.428997429	1.439193485	-1.439193485	1.444196206	-1.444196206	1.453961871	-1.453961871	1.474111466	-1.474111466	-1.48481259	1.48481259	-1.49144036	1.49144036	-1.495609861	1.495609861	1.501713805	-1.501713805	-1.545221892	1.545221892	-1.56024105	1.56024105	1.605605748	-1.605605748	1.610612666	-1.610612666	1.61295484	-1.61295484	1.62448354	-1.62448354	1.636829226	-1.636829226	-1.641455486	1.641455486	-1.672381037	1.672381037	1.683924427	-1.683924427	1.694932149	-1.694932149	1.727721626	-1.727721626	1.732518617	-1.732518617	-1.758274285	1.758274285	1.768638908	-1.768638908	-1.788440097	1.788440097	-1.792852298	1.792852298	1.832100709	-1.832100709	-1.848459391	1.848459391	-1.850779956	1.850779956	-1.860686471	1.860686471	1.863466816	-1.863466816	-1.890885478	1.890885478	1.902001456	-1.902001456	1.907928107	-1.907928107	-1.915308069	1.915308069	1.959905572	-1.959905572	-1.964617515	1.964617515	-1.971911475	1.971911475	1.973185123	-1.973185123	1.975392144	-1.975392144	1.982074843	-1.982074843	-2.010121397	2.010121397	
-0.38	-0.02373347308	0.02373347308	-0.2114138181	0.2114138181	-0.2572454826	0.2572454826	0.2890181991	-0.2890181991	-0.3044510757	0.3044510757	0.3163887072	-0.3163887072	0.3550415258	-0.3550415258	0.4294070365	-0.4294070365	0.448289593	-0.448289593	-0.4622290348	0.4622290348	0.6042637859	-0.6042637859	0.6401070111	-0.6401070111	-0.6481531691	0.6481531691	0.6527105719	-0.6527105719	0.6546921325	-0.6546921325	0.6982312181	-0.6982312181	-0.7417757547	0.7417757547	-0.7775852469	0.7775852469	0.7869613237	-0.7869613237	0.7879768712	-0.7879768712	0.826300463	-0.826300463	0.8319422852	-0.8319422852	0.8374841933	-0.8374841933	0.8512308866	-0.8512308866	0.8673209362	-0.8673209362	0.8689861058	-0.8689861058	0.8781823096	-0.8781823096	-0.8817089777	0.8817089777	-0.9046469872	0.9046469872	-0.957286977	0.957286977	0.9700510255	-0.9700510255	-0.9892689825	0.9892689825	-0.9981158139	0.9981158139	-1.009333834	1.009333834	-1.031383567	1.031383567	1.097128333	-1.097128333	-1.115221188	1.115221188	-1.124736844	1.124736844	1.135189669	-1.135189669	-1.140518048	1.140518048	-1.14830313	1.14830313	1.152486913	-1.152486913	1.157979281	-1.157979281	1.196557359	-1.196557359	1.224561824	-1.224561824	-1.238853298	1.238853298	-1.244377476	1.244377476	-1.261764113	1.261764113	1.269676087	-1.269676087	1.283785588	-1.283785588	1.304203084	-1.304203084	-1.311452922	1.311452922	-1.315693534	1.315693534	-1.329486025	1.329486025	1.332068934	-1.332068934	-1.354516087	1.354516087	-1.356277535	1.356277535	1.367525497	-1.367525497	-1.3719447	1.3719447	-1.389040432	1.389040432	-1.392579378	1.392579378	-1.39944476	1.39944476	-1.4102176	1.4102176	-1.427535046	1.427535046	1.439053344	-1.439053344	-1.44350638	1.44350638	-1.453541186	1.453541186	-1.474126256	1.474126256	-1.484826678	1.484826678	1.491184217	-1.491184217	-1.495621359	1.495621359	-1.501406823	1.501406823	1.544624057	-1.544624057	-1.559283839	1.559283839	-1.604745638	1.604745638	1.61061368	-1.61061368	-1.612922261	1.612922261	1.624415467	-1.624415467	1.635932658	-1.635932658	1.64022102	-1.64022102	-1.671602668	1.671602668	1.684109812	-1.684109812	1.695031134	-1.695031134	-1.72797183	1.72797183	-1.732176382	1.732176382	1.75884328	-1.75884328	1.768955052	-1.768955052	-1.78840729	1.78840729	1.793237152	-1.793237152	-1.831235608	1.831235608	-1.8484564	1.8484564	1.85022041	-1.85022041	-1.860660991	1.860660991	1.863821356	-1.863821356	1.890804826	-1.890804826	1.901980294	-1.901980294	-1.908248041	1.908248041	1.915351188	-1.915351188	1.960026584	-1.960026584	-1.96429977	1.96429977	1.971832174	-1.971832174	1.973270442	-1.973270442	-1.975206331	1.975206331	-1.981829522	1.981829522	2.00986004	-2.00986004	
-0.37	-0.02024078347	0.02024078347	-0.2182113237	0.2182113237	-0.2538554939	0.2538554939	0.2974444506	-0.2974444506	0.3125106788	-0.3125106788	0.3240054486	-0.3240054486	0.363576677	-0.363576677	-0.4373986352	0.4373986352	0.4561507707	-0.4561507707	-0.4657298545	0.4657298545	-0.6118090768	0.6118090768	-0.6469214059	0.6469214059	-0.6508711411	0.6508711411	-0.6590724463	0.6590724463	0.6602736734	-0.6602736734	0.6935934708	-0.6935934708	-0.7383925523	0.7383925523	0.7773349625	-0.7773349625	-0.7834835622	0.7834835622	0.7879871595	-0.7879871595	0.8233749783	-0.8233749783	-0.8314044345	0.8314044345	0.8432395074	-0.8432395074	-0.8580883656	0.8580883656	0.8653462492	-0.8653462492	0.8689940988	-0.8689940988	-0.8776604032	0.8776604032	0.8849626359	-0.8849626359	-0.9038855618	0.9038855618	0.9531015671	-0.9531015671	0.9700122344	-0.9700122344	0.9892850922	-0.9892850922	0.9955836168	-0.9955836168	1.009015967	-1.009015967	-1.031125662	1.031125662	-1.093615108	1.093615108	-1.11119253	1.11119253	-1.124355177	1.124355177	1.137895868	-1.137895868	-1.140238656	1.140238656	1.146458585	-1.146458585	-1.148501641	1.148501641	-1.154238403	1.154238403	1.196281977	-1.196281977	1.22359648	-1.22359648	1.238854315	-1.238854315	1.244562571	-1.244562571	1.261515593	-1.261515593	1.269684405	-1.269684405	-1.283860157	1.283860157	-1.304169039	1.304169039	-1.311996115	1.311996115	-1.315178345	1.315178345	1.329045668	-1.329045668	-1.332312029	1.332312029	1.353252351	-1.353252351	-1.354555354	1.354555354	-1.363475676	1.363475676	1.372204188	-1.372204188	-1.388339226	1.388339226	-1.392639871	1.392639871	1.398476727	-1.398476727	1.409880268	-1.409880268	1.426036488	-1.426036488	1.438921098	-1.438921098	1.442872576	-1.442872576	1.45314081	-1.45314081	1.474140033	-1.474140033	1.484840675	-1.484840675	1.490932229	-1.490932229	-1.495633244	1.495633244	-1.501095132	1.501095132	-1.544051231	1.544051231	1.558345839	-1.558345839	-1.603902836	1.603902836	-1.610615564	1.610615564	-1.612889904	1.612889904	-1.624348888	1.624348888	1.635056186	-1.635056186	-1.638982604	1.638982604	1.670831019	-1.670831019	-1.684296325	1.684296325	-1.695128727	1.695128727	-1.728216926	1.728216926	-1.731832957	1.731832957	1.759406478	-1.759406478	1.76926679	-1.76926679	-1.78837548	1.78837548	1.793624737	-1.793624737	-1.830375793	1.830375793	1.848443806	-1.848443806	1.849664498	-1.849664498	1.860633529	-1.860633529	-1.8641709	1.8641709	1.890723507	-1.890723507	1.901959231	-1.901959231	-1.908576354	1.908576354	-1.915397536	1.915397536	1.960139299	-1.960139299	1.963989331	-1.963989331	-1.971726506	1.971726506	1.973354179	-1.973354179	-1.974990782	1.974990782	1.981602474	-1.981602474	2.009638635	-2.009638635	
-0.36	-0.01675352231	0.01675352231	-0.2249965428	0.2249965428	-0.2504679598	0.2504679598	0.3058407521	-0.3058407521	0.3205202318	-0.3205202318	-0.3316026769	0.3316026769	0.3720791233	-0.3720791233	0.4453552358	-0.4453552358	0.4639795299	-0.4639795299	-0.46922506	0.46922506	-0.6192955017	0.6192955017	-0.6534163747	0.6534163747	-0.6538775082	0.6538775082	-0.6631326786	0.6631326786	0.6677655355	-0.6677655355	-0.6889396459	0.6889396459	-0.7350119262	0.7350119262	0.7770698845	-0.7770698845	-0.7796741824	0.7796741824	0.787997902	-0.787997902	0.8199327856	-0.8199327856	-0.8308545895	0.8308545895	0.8486761975	-0.8486761975	0.8634764173	-0.8634764173	0.8649325576	-0.8649325576	-0.8689116187	0.8689116187	-0.873687326	0.873687326	0.8922160382	-0.8922160382	-0.9031303937	0.9031303937	-0.9488807425	0.9488807425	0.9700159038	-0.9700159038	-0.9893007075	0.9893007075	-0.9934624996	0.9934624996	1.008705814	-1.008705814	1.030875229	-1.030875229	-1.090002408	1.090002408	-1.10687811	1.10687811	1.124149512	-1.124149512	-1.140011999	1.140011999	-1.140583128	1.140583128	-1.144431992	1.144431992	1.144581908	-1.144581908	-1.150374662	1.150374662	1.196058979	-1.196058979	1.222666993	-1.222666993	1.238868582	-1.238868582	1.244745583	-1.244745583	-1.261252476	1.261252476	1.269693837	-1.269693837	-1.283946883	1.283946883	1.304135808	-1.304135808	1.312548564	-1.312548564	-1.314646227	1.314646227	1.328334009	-1.328334009	1.33255108	-1.33255108	1.350432851	-1.350432851	-1.354579999	1.354579999	-1.359340177	1.359340177	-1.372461005	1.372461005	-1.387645123	1.387645123	-1.392673924	1.392673924	-1.397542254	1.397542254	-1.40956874	1.40956874	1.424509309	-1.424509309	-1.438796244	1.438796244	1.442288634	-1.442288634	1.452759113	-1.452759113	-1.474152771	1.474152771	-1.484854586	1.484854586	1.490684699	-1.490684699	1.49564544	-1.49564544	1.500778899	-1.500778899	1.543503415	-1.543503415	-1.55742783	1.55742783	1.603078408	-1.603078408	1.610617973	-1.610617973	-1.612857805	1.612857805	1.624283785	-1.624283785	-1.634200265	1.634200265	1.637741293	-1.637741293	-1.670067237	1.670067237	1.68448378	-1.68448378	-1.695224797	1.695224797	-1.728456794	1.728456794	-1.731488821	1.731488821	-1.759963296	1.759963296	1.769573762	-1.769573762	1.788344725	-1.788344725	-1.794014444	1.794014444	-1.82952239	1.82952239	1.848399641	-1.848399641	1.849135189	-1.849135189	-1.860603954	1.860603954	1.86451511	-1.86451511	-1.890641669	1.890641669	1.90193818	-1.90193818	1.908912685	-1.908912685	-1.915447134	1.915447134	1.960242484	-1.960242484	-1.963686519	1.963686519	-1.971586215	1.971586215	-1.973436276	1.973436276	-1.974752503	1.974752503	1.981398723	-1.981398723	2.009455066	-2.009455066	
-0.35	-0.01327209883	0.01327209883	-0.2317691673	0.2317691673	-0.2470832881	0.2470832881	0.3142062955	-0.3142062955	0.3284773858	-0.3284773858	0.3391799349	-0.3391799349	0.3805475004	-0.3805475004	0.4532754862	-0.4532754862	0.4717746225	-0.4717746225	-0.4727142494	0.4727142494	-0.6266996614	0.6266996614	-0.6562237689	0.6562237689	0.6605394691	-0.6605394691	-0.6668491404	0.6668491404	0.6751798997	-0.6751798997	-0.6842934255	0.6842934255	-0.7316342887	0.7316342887	0.7756253664	-0.7756253664	0.7767930925	-0.7767930925	0.7880086739	-0.7880086739	0.8161570608	-0.8161570608	-0.8302937557	0.8302937557	0.8535836402	-0.8535836402	0.8617621294	-0.8617621294	-0.8679587414	0.8679587414	-0.8702133649	0.8702133649	0.8721628442	-0.8721628442	-0.8997087871	0.8997087871	-0.9023824867	0.9023824867	0.9446729348	-0.9446729348	-0.9700387967	0.9700387967	-0.9893155592	0.9893155592	-0.9918262066	0.9918262066	1.008403497	-1.008403497	-1.030631907	1.030631907	1.086293876	-1.086293876	-1.102392736	1.102392736	1.124024182	-1.124024182	-1.139820701	1.139820701	-1.140269078	1.140269078	1.142672279	-1.142672279	1.143264339	-1.143264339	-1.146397582	1.146397582	-1.195878049	1.195878049	1.221772446	-1.221772446	-1.238895552	1.238895552	1.244926013	-1.244926013	1.260973869	-1.260973869	1.269704345	-1.269704345	-1.284044283	1.284044283	1.304103373	-1.304103373	1.313107672	-1.313107672	1.314100314	-1.314100314	1.32725506	-1.32725506	1.332784706	-1.332784706	-1.347919924	1.347919924	-1.3543379	1.3543379	1.35537806	-1.35537806	-1.372713661	1.372713661	-1.386958753	1.386958753	-1.392662189	1.392662189	1.396660812	-1.396660812	1.409278612	-1.409278612	1.422960389	-1.422960389	-1.438678406	1.438678406	1.441748696	-1.441748696	-1.452394853	1.452394853	1.474164445	-1.474164445	-1.484868413	1.484868413	1.490441895	-1.490441895	1.495657875	-1.495657875	1.500458344	-1.500458344	1.542980548	-1.542980548	1.556530567	-1.556530567	-1.602273246	1.602273246	-1.610620707	1.610620707	1.612826001	-1.612826001	1.624220133	-1.624220133	1.633365332	-1.633365332	1.636498148	-1.636498148	-1.669312435	1.669312435	-1.684671981	1.684671981	1.695319227	-1.695319227	1.728691326	-1.728691326	-1.731144456	1.731144456	1.760513157	-1.760513157	-1.769875622	1.769875622	-1.78831508	1.78831508	1.794405698	-1.794405698	-1.828676491	1.828676491	1.848213608	-1.848213608	-1.848743716	1.848743716	-1.860572171	1.860572171	1.864853656	-1.864853656	1.890559457	-1.890559457	1.901917058	-1.901917058	1.909256588	-1.909256588	-1.915500102	1.915500102	1.960334631	-1.960334631	-1.963391652	1.963391652	1.971401279	-1.971401279	1.973516673	-1.973516673	1.974502603	-1.974502603	1.981221455	-1.981221455	2.00930696	-2.00930696	
-0.34	-0.009796959853	0.009796959853	-0.2385288846	0.2385288846	-0.2437019249	0.2437019249	-0.3225402718	0.3225402718	-0.3363796096	0.3363796096	0.3467367617	-0.3467367617	0.3889803758	-0.3889803758	0.4611579546	-0.4611579546	-0.4761969782	0.4761969782	0.4795347133	-0.4795347133	-0.6339744134	0.6339744134	-0.6588901323	0.6588901323	-0.6673093677	0.6673093677	0.6701982651	-0.6701982651	-0.6797021626	0.6797021626	0.6825094576	-0.6825094576	-0.7282600932	0.7282600932	-0.7714010422	0.7714010422	0.7764955386	-0.7764955386	-0.788019442	0.788019442	0.8121533433	-0.8121533433	0.8297227066	-0.8297227066	0.8576078285	-0.8576078285	0.8602244308	-0.8602244308	-0.8648496079	0.8648496079	-0.8696392596	0.8696392596	-0.8788897987	0.8788897987	0.9016428615	-0.9016428615	-0.9072904018	0.9072904018	0.940537825	-0.940537825	0.9700706676	-0.9700706676	0.9893292836	-0.9893292836	0.9907505985	-0.9907505985	1.008109129	-1.008109129	-1.03039529	1.03039529	-1.082493254	1.082493254	1.09778708	-1.09778708	-1.123940826	1.123940826	1.136041733	-1.136041733	1.139650614	-1.139650614	1.140732714	-1.140732714	1.142311569	-1.142311569	-1.145917674	1.145917674	1.195730986	-1.195730986	1.220911837	-1.220911837	1.238934617	-1.238934617	1.245103454	-1.245103454	-1.260678828	1.260678828	-1.269715891	1.269715891	1.28415097	-1.28415097	1.304071702	-1.304071702	-1.313493624	1.313493624	1.313720824	-1.313720824	-1.325714759	1.325714759	1.333010812	-1.333010812	-1.345812087	1.345812087	-1.350636939	1.350636939	1.354788171	-1.354788171	-1.372961211	1.372961211	1.3862809	-1.3862809	-1.392568905	1.392568905	1.395868407	-1.395868407	-1.409006467	1.409006467	-1.421395819	1.421395819	1.43856731	-1.43856731	-1.441247434	1.441247434	-1.452047067	1.452047067	-1.474175035	1.474175035	-1.48488216	1.48488216	-1.490204047	1.490204047	1.495670472	-1.495670472	-1.50013374	1.50013374	1.542482511	-1.542482511	1.555654784	-1.555654784	1.601488143	-1.601488143	-1.61062364	1.61062364	-1.612794526	1.612794526	1.624157893	-1.624157893	-1.632551804	1.632551804	1.635254233	-1.635254233	-1.668567693	1.668567693	-1.684860722	1.684860722	1.695411914	-1.695411914	-1.728920423	1.728920423	1.730800353	-1.730800353	-1.761055484	1.761055484	-1.770172033	1.770172033	-1.788286606	1.788286606	-1.794797958	1.794797958	-1.82783915	1.82783915	-1.847763408	1.847763408	-1.848613267	1.848613267	1.860538114	-1.860538114	1.865186214	-1.865186214	-1.89047701	1.89047701	1.901895787	-1.901895787	-1.909607509	1.909607509	1.915556679	-1.915556679	1.960413889	-1.960413889	1.963105034	-1.963105034	1.971161143	-1.971161143	1.973595316	-1.973595316	1.974255154	-1.974255154	-1.981071923	1.981071923	2.009191774	-2.009191774	
-0.33	-0.006328595837	0.006328595837	-0.2403243609	0.2403243609	-0.2452753767	0.2452753767	0.3308418692	-0.3308418692	-0.344224166	0.344224166	0.3542726907	-0.3542726907	0.3973762369	-0.3973762369	-0.4690011181	0.4690011181	-0.4796727572	0.4796727572	0.4872583623	-0.4872583623	0.6410094213	-0.6410094213	-0.6615351506	0.6615351506	0.6731568215	-0.6731568215	-0.6740662763	0.6740662763	-0.6752768502	0.6752768502	0.6897454352	-0.6897454352	-0.7248898404	0.7248898404	-0.7670297954	0.7670297954	-0.7761822709	0.7761822709	0.7880301965	-0.7880301965	-0.8079852553	0.8079852553	0.8291422768	-0.8291422768	-0.8585110139	0.8585110139	0.8588747832	-0.8588747832	0.8633968384	-0.8633968384	-0.8695721644	0.8695721644	-0.8858292472	0.8858292472	-0.9009125758	0.9009125758	0.9147786815	-0.9147786815	0.9366128639	-0.9366128639	-0.9701062323	0.9701062323	-0.9893426328	0.9893426328	-0.9903062495	0.9903062495	1.007822808	-1.007822808	1.030164914	-1.030164914	-1.078604415	1.078604415	-1.093087264	1.093087264	-1.123881769	1.123881769	-1.131737113	1.131737113	1.13812977	-1.13812977	-1.138729221	1.138729221	-1.139528716	1.139528716	-1.148552616	1.148552616	1.195611257	-1.195611257	1.220084102	-1.220084102	-1.238985097	1.238985097	-1.245277569	1.245277569	1.26036636	-1.26036636	-1.269728441	1.269728441	-1.28426564	1.28426564	-1.304040748	1.304040748	1.31294517	-1.31294517	1.314269138	-1.314269138	-1.323657759	1.323657759	-1.333225107	1.333225107	1.344169052	-1.344169052	1.346247749	-1.346247749	-1.354808358	1.354808358	1.37320296	-1.37320296	-1.385612431	1.385612431	-1.39233587	1.39233587	1.395223591	-1.395223591	1.408749633	-1.408749633	1.419820912	-1.419820912	-1.438462756	1.438462756	1.440780137	-1.440780137	-1.451714995	1.451714995	-1.474184524	1.474184524	1.484895829	-1.484895829	-1.48997135	1.48997135	1.495683159	-1.495683159	1.499805409	-1.499805409	1.542009129	-1.542009129	-1.554801187	1.554801187	1.60072382	-1.60072382	1.610626691	-1.610626691	-1.612763415	1.612763415	1.624097007	-1.624097007	1.631760087	-1.631760087	1.634010625	-1.634010625	-1.667834053	1.667834053	-1.685049784	1.685049784	1.69550277	-1.69550277	-1.729143992	1.729143992	-1.730457005	1.730457005	1.761589705	-1.761589705	1.770462671	-1.770462671	-1.788259366	1.788259366	1.79519072	-1.79519072	1.827011387	-1.827011387	1.847212581	-1.847212581	-1.848581145	1.848581145	-1.860501741	1.860501741	-1.865512465	1.865512465	1.890394465	-1.890394465	1.901874291	-1.901874291	-1.909964749	1.909964749	-1.915617255	1.915617255	-1.960477952	1.960477952	-1.96282696	1.96282696	-1.970857373	1.970857373	1.973672151	-1.973672151	-1.974024344	1.974024344	1.980949675	-1.980949675	2.009106876	-2.009106876	
-0.32	-0.002867547716	0.002867547716	-0.2369511383	0.2369511383	-0.2520083186	0.2520083186	-0.3391102722	0.3391102722	-0.3520080846	0.3520080846	0.3617872491	-0.3617872491	-0.4057334773	0.4057334773	-0.4768033491	0.4768033491	-0.4831410415	0.4831410415	0.4949440135	-0.4949440135	-0.6474899211	0.6474899211	-0.6641606944	0.6641606944	-0.6713286527	0.6713286527	-0.6757074771	0.6757074771	-0.6808069304	0.6808069304	-0.6968770116	0.6968770116	-0.7215240847	0.7215240847	-0.7625359723	0.7625359723	0.7758510497	-0.7758510497	0.7880409339	-0.7880409339	-0.8036933526	0.8036933526	-0.8285534033	0.8285534033	-0.8549500582	0.8549500582	-0.8577172188	0.8577172188	-0.8654669882	0.8654669882	-0.8695900883	0.8695900883	0.892802669	-0.892802669	-0.9001929443	0.9001929443	0.9215656056	-0.9215656056	-0.9334883145	0.9334883145	-0.9701424002	0.9701424002	0.9893581545	-0.9893581545	0.9905496526	-0.9905496526	-1.007544623	1.007544623	1.029940242	-1.029940242	-1.074631406	1.074631406	-1.088308615	1.088308615	1.123837825	-1.123837825	1.127360635	-1.127360635	1.133855135	-1.133855135	1.136722741	-1.136722741	-1.139389648	1.139389648	-1.151169356	1.151169356	-1.19551363	1.19551363	1.219288141	-1.219288141	-1.239046234	1.239046234	1.24544807	-1.24544807	1.260035423	-1.260035423	-1.269741958	1.269741958	1.284387057	-1.284387057	-1.304010423	1.304010423	-1.312356528	1.312356528	-1.314850533	1.314850533	-1.321095873	1.321095873	1.333414632	-1.333414632	1.341776478	-1.341776478	-1.342983484	1.342983484	-1.354849784	1.354849784	-1.373438329	1.373438329	-1.384954253	1.384954253	-1.391905957	1.391905957	-1.39478393	1.39478393	1.408506007	-1.408506007	-1.418240266	1.418240266	1.438364611	-1.438364611	1.440342705	-1.440342705	-1.451398023	1.451398023	-1.474192902	1.474192902	-1.484909423	1.484909423	-1.489743962	1.489743962	-1.49569586	1.49569586	1.499473719	-1.499473719	1.541560179	-1.541560179	1.553970458	-1.553970458	1.599980945	-1.599980945	1.610629804	-1.610629804	1.612732704	-1.612732704	1.624037396	-1.624037396	1.630990583	-1.630990583	-1.632768408	1.632768408	-1.667112522	1.667112522	-1.685238937	1.685238937	1.695591717	-1.695591717	-1.729361952	1.729361952	1.730114914	-1.730114914	1.762115249	-1.762115249	-1.770747226	1.770747226	-1.788233424	1.788233424	-1.795583506	1.795583506	-1.826194187	1.826194187	-1.846638006	1.846638006	-1.848571276	1.848571276	1.860463024	-1.860463024	-1.8658321	1.8658321	-1.890311955	1.890311955	-1.901852501	1.901852501	1.910327428	-1.910327428	-1.915682407	1.915682407	-1.960523933	1.960523933	-1.962557715	1.962557715	-1.970486963	1.970486963	-1.973747126	1.973747126	-1.973820783	1.973820783	-1.980852995	1.980852995	2.009049607	-2.009049607	
-0.31	-0.0005855853525	0.0005855853528	-0.2335828582	0.2335828582	-0.2587273774	0.2587273774	-0.3473446591	0.3473446591	-0.3597281307	0.3597281307	0.3692799569	-0.3692799569	-0.4140503801	0.4140503801	-0.4845628994	0.4845628994	-0.4866012252	0.4866012252	0.5025899719	-0.5025899719	0.6523483236	-0.6523483236	-0.6667666415	0.6667666415	0.6689283025	-0.6689283025	-0.6778287378	0.6778287378	0.6875298658	-0.6875298658	-0.7038902922	0.7038902922	-0.7181634426	0.7181634426	-0.75793687	0.75793687	-0.7755007838	0.7755007838	-0.7880516554	0.7880516554	-0.7993050643	0.7993050643	-0.8279571389	0.8279571389	-0.8506160894	0.8506160894	0.8567472601	-0.8567472601	0.8674016347	-0.8674016347	0.8696343628	-0.8696343628	-0.899454234	0.899454234	-0.8998191184	0.8998191184	0.9243577658	-0.9243577658	0.9344581885	-0.9344581885	-0.9701771522	0.9701771522	0.9893733577	-0.9893733577	-0.9915215129	0.9915215129	1.007274655	-1.007274655	1.029720645	-1.029720645	-1.070578511	1.070578511	-1.083461132	1.083461132	1.122915172	-1.122915172	-1.123803691	1.123803691	-1.129493832	1.129493832	-1.13467386	1.13467386	-1.139270196	1.139270196	-1.153766515	1.153766515	-1.19543388	1.19543388	1.218522837	-1.218522837	-1.239117168	1.239117168	-1.245614711	1.245614711	1.25968493	-1.25968493	-1.269756409	1.269756409	1.284514033	-1.284514033	-1.30398055	1.30398055	-1.311755206	1.311755206	1.315435496	-1.315435496	1.318098995	-1.318098995	-1.333502873	1.333502873	-1.337320964	1.337320964	-1.342190259	1.342190259	1.354896687	-1.354896687	-1.373666782	1.373666782	-1.384307284	1.384307284	-1.391283087	1.391283087	1.394546026	-1.394546026	1.408273919	-1.408273919	1.416657857	-1.416657857	1.438272787	-1.438272787	1.439931611	-1.439931611	1.451095647	-1.451095647	-1.47420016	1.47420016	-1.484922947	1.484922947	-1.489522009	1.489522009	1.4957085	-1.4957085	1.499139084	-1.499139084	1.541135393	-1.541135393	-1.553163253	1.553163253	1.599260146	-1.599260146	1.61063294	-1.61063294	1.612702426	-1.612702426	-1.623978948	1.623978948	-1.630243699	1.630243699	1.631528677	-1.631528677	-1.666404067	1.666404067	-1.685427937	1.685427937	-1.695678689	1.695678689	-1.729574229	1.729574229	-1.729774585	1.729774585	-1.762631552	1.762631552	-1.771025398	1.771025398	-1.788208848	1.788208848	-1.795975871	1.795975871	-1.825388498	1.825388498	1.846055399	-1.846055399	1.848568707	-1.848568707	-1.860421951	1.860421951	1.866144816	-1.866144816	-1.890229607	1.890229607	-1.901830353	1.901830353	-1.910694432	1.910694432	1.915752958	-1.915752958	-1.960548193	1.960548193	1.962297573	-1.962297573	-1.970054323	1.970054323	-1.973649141	1.973649141	1.973820192	-1.973820192	1.980779407	-1.980779407	2.009017341	-2.009017341	
-0.3	-0.004030137037	0.004030137037	-0.2302201896	0.2302201896	-0.2654322105	0.2654322105	-0.3555442005	0.3555442005	-0.3673807696	0.3673807696	0.3767503263	-0.3767503263	0.4223250989	-0.4223250989	-0.4900526324	0.4900526324	0.4922778814	-0.4922778814	0.5101943786	-0.5101943786	0.6532382664	-0.6532382664	0.6693524888	-0.6693524888	0.6704157551	-0.6704157551	0.6795121805	-0.6795121805	-0.6942337443	0.6942337443	0.7107661197	-0.7107661197	-0.7148086027	0.7148086027	0.7532482787	-0.7532482787	0.7751304396	-0.7751304396	0.7880623679	-0.788062368	0.7948401072	-0.7948401072	-0.8273546558	0.8273546558	0.8461014995	-0.8461014995	0.8559497586	-0.8559497586	0.8686255869	-0.8686255869	0.8696918889	-0.8696918889	-0.8987843264	0.8987843264	-0.9067732948	0.9067732948	-0.9219699736	0.9219699736	-0.9407230162	0.9407230162	0.9702090253	-0.9702090253	-0.9893866049	0.9893866049	0.993234262	-0.993234262	1.007012972	-1.007012972	-1.029505376	1.029505376	-1.06645035	1.06645035	1.078551968	-1.078551968	1.118403367	-1.118403367	1.123775902	-1.123775902	1.125051092	-1.125051092	1.132590207	-1.132590207	1.13916153	-1.13916153	-1.156343263	1.156343263	1.195368566	-1.195368566	1.217787062	-1.217787062	1.239196914	-1.239196914	1.245777279	-1.245777279	-1.259313751	1.259313751	-1.269771761	1.269771761	1.284645391	-1.284645391	-1.303950705	1.303950705	-1.311143789	1.311143789	1.314759731	-1.314759731	1.316015302	-1.316015302	1.331999981	-1.331999981	1.334383692	-1.334383692	-1.34170209	1.34170209	-1.354945995	1.354945995	-1.373887789	1.373887789	-1.383672436	1.383672436	-1.390529863	1.390529863	1.394447875	-1.394447875	1.408052039	-1.408052039	-1.415077148	1.415077148	-1.438187238	1.438187238	-1.439543829	1.439543829	1.45080744	-1.45080744	-1.474206299	1.474206299	-1.484936403	1.484936403	1.48930558	-1.48930558	-1.495721005	1.495721005	-1.498801957	1.498801957	1.540734466	-1.540734466	-1.552380202	1.552380202	-1.598562013	1.598562013	-1.610636069	1.610636069	1.612672614	-1.612672614	1.623921504	-1.623921504	1.629519865	-1.629519865	-1.63029254	1.63029254	1.665709615	-1.665709615	-1.685616532	1.685616532	-1.695763627	1.695763627	1.729436533	-1.729436533	-1.729780754	1.729780754	-1.763138053	1.763138053	-1.7712969	1.7712969	-1.788185707	1.788185707	1.7963674	-1.7963674	1.824595237	-1.824595237	-1.845469637	1.845469637	1.848569293	-1.848569293	-1.860378516	1.860378516	-1.866450318	1.866450318	1.890147544	-1.890147544	1.901807786	-1.901807786	1.911064334	-1.911064334	-1.915830036	1.915830036	1.96054615	-1.96054615	-1.962046798	1.962046798	1.96957062	-1.96957062	1.973508527	-1.973508527	1.973891301	-1.973891301	1.9807261	-1.9807261	2.009007526	-2.009007526	
-0.29	-0.007465363415	0.007465363415	-0.2268638796	0.2268638796	-0.2721224644	0.2721224644	0.363708057	-0.363708057	-0.3749621247	0.3749621247	0.3841978605	-0.3841978605	0.4305556334	-0.4305556334	-0.4934945059	0.4934945059	0.4999462466	-0.4999462466	0.5177551778	-0.5177551778	0.6504300244	-0.6504300244	-0.6719175891	0.6719175891	0.6754978413	-0.6754978413	-0.6807702357	0.6807702357	0.7009170217	-0.7009170217	-0.7114603395	0.7114603395	0.7174740379	-0.7174740379	0.7484914986	-0.7484914986	0.7747390085	-0.7747390085	0.7880730864	-0.7880730864	-0.7903135634	0.7903135634	-0.8267472416	0.8267472416	0.8414907747	-0.8414907747	0.8552962166	-0.8552962166	0.869101778	-0.869101778	0.8697537624	-0.8697537624	-0.8981009135	0.8981009135	-0.91373025	0.91373025	-0.9185125483	0.9185125483	0.9482016413	-0.9482016413	0.970236851	-0.970236851	-0.9893981793	0.9893981793	0.9956685873	-0.9956685873	-1.00675964	1.00675964	-1.029293534	1.029293534	1.062252048	-1.062252048	1.073586694	-1.073586694	1.113827893	-1.113827893	-1.120531701	1.120531701	-1.123751637	1.123751637	1.130474245	-1.130474245	-1.13906144	1.13906144	-1.158898802	1.158898802	-1.19531485	1.19531485	1.217079697	-1.217079697	-1.239284324	1.239284324	1.245935583	-1.245935583	-1.258920716	1.258920716	-1.26978798	1.26978798	1.284779916	-1.284779916	-1.303919575	1.303919575	-1.310524085	1.310524085	-1.31116497	1.31116497	1.316567621	-1.316567621	1.327604791	-1.327604791	1.33429082	-1.33429082	-1.341438708	1.341438708	1.354996656	-1.354996656	1.374100784	-1.374100784	-1.383050606	1.383050606	-1.389706811	1.389706811	-1.394429641	1.394429641	1.407839305	-1.407839305	-1.413501184	1.413501184	1.438107944	-1.438107944	1.439176774	-1.439176774	1.450533034	-1.450533034	1.474211323	-1.474211323	-1.484949795	1.484949795	1.489094732	-1.489094732	1.495733302	-1.495733302	1.498462833	-1.498462833	1.540357062	-1.540357062	1.55162191	-1.55162191	-1.597887102	1.597887102	1.610639171	-1.610639171	-1.6126433	1.6126433	-1.623864831	1.623864831	-1.628819559	1.628819559	1.629061117	-1.629061117	-1.665030054	1.665030054	1.685804452	-1.685804452	1.695846484	-1.695846484	1.729101276	-1.729101276	-1.729981467	1.729981467	1.763634198	-1.763634198	-1.771561457	1.771561457	-1.788164076	1.788164076	-1.796757701	1.796757701	-1.823815284	1.823815284	-1.844882973	1.844882973	1.848571478	-1.848571478	1.860332722	-1.860332722	-1.866748321	1.866748321	1.890065884	-1.890065884	1.901784746	-1.901784746	1.911435313	-1.911435313	1.915915171	-1.915915171	-1.960512071	1.960512071	1.961805641	-1.961805641	1.969051392	-1.969051392	-1.973394742	1.973394742	1.973960407	-1.973960407	-1.980690243	1.980690243	2.009017714	-2.009017714	
-0.28	-0.01089043077	0.01089043077	-0.2235147656	0.2235147656	-0.278797773	0.278797773	0.3718353769	-0.3718353769	-0.3824679303	0.3824679303	0.3916220535	-0.3916220535	0.4387398011	-0.4387398011	-0.4969259954	0.4969259954	0.507565759	-0.507565759	0.5252700726	-0.5252700726	-0.6462037784	0.6462037784	-0.6744612076	0.6744612076	-0.6809863529	0.6809863529	-0.6825054737	0.6825054737	-0.7075777402	0.7075777402	-0.7081195358	0.7081195358	0.7239479249	-0.7239479249	0.7437177825	-0.7437177825	-0.7743255311	0.7743255311	0.7857377141	-0.7857377141	0.788083837	-0.788083837	-0.8261362738	0.8261362738	0.8368112027	-0.8368112027	-0.8547419593	0.8547419593	0.8688828915	-0.8688828915	-0.8698095289	0.8698095289	0.897431027	-0.897431027	-0.9149921982	0.9149921982	0.9206462781	-0.9206462781	-0.9559309088	0.9559309088	0.9702596129	-0.9702596129	0.9894081621	-0.9894081621	-0.9987781112	0.9987781112	1.006514727	-1.006514727	-1.02908402	1.02908402	-1.057989555	1.057989555	-1.068570057	1.068570057	1.109191582	-1.109191582	1.115940148	-1.115940148	1.123727128	-1.123727128	-1.128330008	1.128330008	-1.13896859	1.13896859	-1.161432305	1.161432305	1.195270362	-1.195270362	1.216399629	-1.216399629	1.239378032	-1.239378032	-1.246089451	1.246089451	-1.25850463	1.25850463	1.269805035	-1.269805035	1.284916267	-1.284916267	-1.303880024	1.303880024	1.307390034	-1.307390034	-1.309897812	1.309897812	1.316991903	-1.316991903	1.323022829	-1.323022829	-1.334439716	1.334439716	1.341337761	-1.341337761	-1.355048175	1.355048175	-1.374305133	1.374305133	-1.382442667	1.382442667	-1.38885081	1.38885081	-1.394455228	1.394455228	1.407634863	-1.407634863	1.411932693	-1.411932693	1.43803491	-1.43803491	1.438828231	-1.438828231	-1.450272106	1.450272106	-1.474215242	1.474215242	-1.484963125	1.484963125	1.488889487	-1.488889487	1.495745317	-1.495745317	-1.498122239	1.498122239	1.540002818	-1.540002818	1.550888953	-1.550888953	-1.59723594	1.59723594	1.610642228	-1.610642228	-1.612614512	1.612614512	-1.623808585	1.623808585	1.627835539	-1.627835539	1.628143352	-1.628143352	1.664366232	-1.664366232	-1.685991418	1.685991418	-1.695927215	1.695927215	1.728769341	-1.728769341	1.730176314	-1.730176314	-1.764119438	1.764119438	-1.771818806	1.771818806	-1.788144027	1.788144027	-1.797146411	1.797146411	-1.823049488	1.823049488	-1.844296783	1.844296783	-1.848574556	1.848574556	-1.860284577	1.860284577	-1.867038545	1.867038545	1.889984741	-1.889984741	1.901761183	-1.901761183	1.911805032	-1.911805032	1.9160104	-1.9160104	1.960438917	-1.960438917	1.961574344	-1.961574344	1.968514211	-1.968514211	-1.973302557	1.973302557	1.974027467	-1.974027467	1.980669177	-1.980669177	2.009045586	-2.009045586	
-0.27	-0.0143044012	0.0143044012	-0.2201737892	0.2201737892	0.2854577555	-0.2854577555	-0.379925293	0.379925293	-0.3898934754	0.3898934754	0.3990223885	-0.3990223885	0.4468752012	-0.4468752012	0.5003461421	-0.5003461421	-0.5151339639	0.5151339639	0.5327364619	-0.5327364619	0.6414721454	-0.6414721454	-0.6769825367	0.6769825367	0.6816598235	-0.6816598235	-0.6890266158	0.6890266158	-0.704787248	0.704787248	0.7142132623	-0.7142132623	0.7298964117	-0.7298964117	-0.7391973205	0.7391973205	0.773889148	-0.773889148	-0.7811231906	0.7811231906	0.7880946632	-0.7880946632	-0.8255230784	0.8255230784	0.8320780882	-0.8320780882	0.8542237444	-0.8542237444	0.8680365486	-0.8680365486	-0.8698703605	0.8698703605	-0.8967758165	0.8967758165	0.9116449277	-0.9116449277	-0.9275043699	0.9275043699	-0.9637337829	0.9637337829	0.9702763984	-0.9702763984	-0.9894163899	0.9894163899	1.002495563	-1.002495563	1.00627837	-1.00627837	-1.028875472	1.028875472	1.053670305	-1.053670305	1.063506522	-1.063506522	1.10449754	-1.10449754	-1.111280739	1.111280739	1.123690384	-1.123690384	1.126170556	-1.126170556	-1.138882028	1.138882028	-1.163942893	1.163942893	-1.195233091	1.195233091	-1.215745766	1.215745766	-1.23947638	1.23947638	1.246238723	-1.246238723	1.258064274	-1.258064274	1.269822894	-1.269822894	-1.285052807	1.285052807	-1.303286178	1.303286178	-1.304032238	1.304032238	1.309266655	-1.309266655	1.31630667	-1.31630667	1.319453614	-1.319453614	1.334614888	-1.334614888	1.341354316	-1.341354316	-1.35510026	1.35510026	1.374500095	-1.374500095	1.381849459	-1.381849459	-1.387982099	1.387982099	1.394505297	-1.394505297	-1.407438031	1.407438031	1.410374163	-1.410374163	-1.437968157	1.437968157	-1.438496304	1.438496304	1.45002436	-1.45002436	1.474218075	-1.474218075	-1.484976398	1.484976398	1.488689831	-1.488689831	1.495756976	-1.495756976	1.497780738	-1.497780738	1.53967135	-1.53967135	1.55018188	-1.55018188	1.596609026	-1.596609026	1.610645228	-1.610645228	-1.612586279	1.612586279	-1.62375223	1.62375223	1.626616953	-1.626616953	1.627491982	-1.627491982	1.663718954	-1.663718954	1.686177137	-1.686177137	-1.696005788	1.696005788	-1.72844126	1.72844126	1.730365248	-1.730365248	1.764593231	-1.764593231	-1.772068697	1.772068697	-1.788125637	1.788125637	-1.79753319	1.79753319	-1.822298663	1.822298663	1.84371207	-1.84371207	-1.848578161	1.848578161	-1.860234092	1.860234092	-1.867320721	1.867320721	1.889904222	-1.889904222	1.901737054	-1.901737054	1.912170522	-1.912170522	1.916118387	-1.916118387	-1.960318354	1.960318354	-1.961353137	1.961353137	-1.967977219	1.967977219	-1.973227073	1.973227073	-1.974092439	1.974092439	1.98066051	-1.98066051	-2.009088965	2.009088965	
-0.26	-0.01770621557	0.01770621557	-0.2168420137	0.2168420137	-0.2921020144	0.2921020144	-0.3879769197	0.3879769197	-0.3972335399	0.3972335399	0.4063983374	-0.4063983374	0.4549591703	-0.4549591703	-0.5037538615	0.5037538615	-0.52264815	0.52264815	0.5401513452	-0.5401513452	-0.6365070734	0.6365070734	-0.6794806972	0.6794806972	-0.6815296312	0.6815296312	-0.6960549522	0.6960549522	-0.7014653555	0.7014653555	0.7208198163	-0.7208198163	0.7318758403	-0.7318758403	-0.7383450668	0.7383450668	0.7734291933	-0.7734291933	0.7764797403	-0.7764797403	0.7881056342	-0.7881056342	0.8249072828	-0.8249072828	0.8273061367	-0.8273061367	-0.8536589346	0.8536589346	-0.8666613252	0.8666613252	-0.8699361921	0.8699361921	0.8961361757	-0.8961361757	0.9086000964	-0.9086000964	0.9342884634	-0.9342884634	-0.9702847701	0.9702847701	-0.9715570772	0.9715570772	0.9894225444	-0.9894225444	1.006048051	-1.006048051	1.006742229	-1.006742229	-1.028666181	1.028666181	-1.049304743	1.049304743	1.058400849	-1.058400849	1.099749275	-1.099749275	1.106557696	-1.106557696	1.123457397	-1.123457397	-1.124181772	1.124181772	-1.138801031	1.138801031	-1.166429627	1.166429627	-1.195201293	1.195201293	-1.215117035	1.215117035	1.239577318	-1.239577318	1.24638325	-1.24638325	1.257598421	-1.257598421	1.269841524	-1.269841524	1.285187241	-1.285187241	1.299392153	-1.299392153	1.303876396	-1.303876396	-1.308631801	1.308631801	1.312330154	-1.312330154	1.319105155	-1.319105155	1.334793824	-1.334793824	1.341456796	-1.341456796	-1.355152702	1.355152702	-1.374684772	1.374684772	1.381271791	-1.381271791	-1.387112261	1.387112261	-1.394569308	1.394569308	1.407248263	-1.407248263	-1.408827933	1.408827933	1.437907717	-1.437907717	1.438179361	-1.438179361	-1.449789525	1.449789525	-1.474219846	1.474219846	-1.484989617	1.484989617	-1.488495717	1.488495717	-1.495768207	1.495768207	-1.497438923	1.497438923	1.539362263	-1.539362263	-1.549501212	1.549501212	-1.596006833	1.596006833	1.61064816	-1.61064816	-1.612558622	1.612558622	1.623694902	-1.623694902	1.625406518	-1.625406518	1.626866497	-1.626866497	1.663088985	-1.663088985	-1.686361301	1.686361301	1.696082173	-1.696082173	-1.728117573	1.728117573	1.730548224	-1.730548224	-1.765055044	1.765055044	1.77231089	-1.77231089	-1.788108985	1.788108985	1.79791772	-1.79791772	-1.821563596	1.821563596	-1.843129653	1.843129653	-1.848582084	1.848582084	1.860181279	-1.860181279	1.867594587	-1.867594587	-1.889824429	1.889824429	1.901712319	-1.901712319	-1.912528063	1.912528063	-1.916242537	1.916242537	1.960141104	-1.960141104	1.961142237	-1.961142237	1.967458218	-1.967458218	-1.973164228	1.973164228	-1.974155282	1.974155282	1.980662147	-1.980662147	-2.009145822	2.009145822	
-0.25	-0.02109467316	0.02109467316	0.2135206441	-0.2135206441	-0.2987301327	0.2987301327	-0.3959893481	0.3959893481	-0.4044823201	0.4044823201	-0.4137493593	0.4137493593	0.4629887265	-0.4629887265	-0.5071479222	0.5071479222	-0.5301053031	0.5301053031	-0.5475111667	0.5475111667	0.6314071801	-0.6314071801	-0.6809338708	0.6809338708	-0.6819547344	0.6819547344	-0.6981493277	0.6981493277	0.7031701193	-0.7031701193	-0.7273867488	0.7273867488	0.7276621355	-0.7276621355	-0.7433519119	0.7433519119	-0.7718167825	0.7718167825	0.7729453725	-0.7729453725	0.7881168596	-0.7881168596	-0.822491801	0.822491801	-0.8243082672	0.8243082672	0.8529481377	-0.8529481377	-0.8648689219	0.8648689219	-0.8700044631	0.8700044631	-0.895512927	0.895512927	0.905969037	-0.905969037	0.9409829322	-0.9409829322	-0.9702872237	0.9702872237	-0.9793736633	0.9793736633	-0.9894261642	0.9894261642	1.005830125	-1.005830125	1.011419431	-1.011419431	-1.028453961	1.028453961	1.04491048	-1.04491048	-1.053259076	1.053259076	1.094950854	-1.094950854	-1.101775266	1.101775266	1.121614224	-1.121614224	1.123780295	-1.123780295	1.13872504	-1.13872504	1.16889149	-1.16889149	-1.195173425	1.195173425	-1.214512386	1.214512386	-1.239678245	1.239678245	1.246522883	-1.246522883	1.257105854	-1.257105854	1.269860895	-1.269860895	1.28531575	-1.28531575	1.295307888	-1.295307888	1.303843234	-1.303843234	1.307440128	-1.307440128	1.308016613	-1.308016613	1.319588732	-1.319588732	-1.334970662	1.334970662	-1.341622984	1.341622984	-1.355205329	1.355205329	1.374858031	-1.374858031	-1.380710433	1.380710433	-1.386248647	1.386248647	-1.394641136	1.394641136	1.407065127	-1.407065127	1.407296268	-1.407296268	-1.437853632	1.437853632	1.437875998	-1.437875998	1.449567346	-1.449567346	-1.474220588	1.474220588	-1.485002785	1.485002785	1.488307062	-1.488307062	1.495778939	-1.495778939	1.497097416	-1.497097416	1.539075152	-1.539075152	-1.548847439	1.548847439	1.595429805	-1.595429805	-1.610651017	1.610651017	1.61253156	-1.61253156	1.623635124	-1.623635124	1.624205407	-1.624205407	1.626268541	-1.626268541	1.66247705	-1.66247705	-1.686543592	1.686543592	-1.696156346	1.696156346	1.727798824	-1.727798824	-1.730725207	1.730725207	1.765504354	-1.765504354	1.772545157	-1.772545157	1.78809415	-1.78809415	-1.798299705	1.798299705	-1.820845038	1.820845038	-1.842550244	1.842550244	1.848586198	-1.848586198	-1.860126154	1.860126154	-1.867859892	1.867859892	-1.88974546	1.88974546	-1.901686944	1.901686944	-1.912873137	1.912873137	-1.916387036	1.916387036	-1.959897877	1.959897877	-1.960941853	1.960941853	-1.966973718	1.966973718	1.973110845	-1.973110845	1.974215958	-1.974215958	1.980672285	-1.980672285	2.009214274	-2.009214274	
-0.24	-0.02446840735	0.02446840735	-0.2102110512	0.2102110512	-0.3053416705	0.3053416705	-0.4039616419	0.4039616419	0.4116333417	-0.4116333417	0.4210748994	-0.4210748994	-0.4709604975	0.4709604975	-0.5105269205	0.5105269205	-0.5375020502	0.5375020502	0.554811532	-0.554811532	0.6262165558	-0.6262165558	-0.6799035958	0.6799035958	-0.6844036101	0.6844036101	-0.694850387	0.694850387	-0.7103024184	0.7103024184	0.7226162919	-0.7226162919	-0.733920363	0.733920363	0.748791153	-0.748791153	0.7671438704	-0.7671438704	0.7724381358	-0.7724381358	-0.7881285133	0.7881285133	-0.8176847221	0.8176847221	-0.8236965853	0.8236965853	0.8519836701	-0.8519836701	0.8627754051	-0.8627754051	0.8700741374	-0.8700741374	0.8949068467	-0.8949068467	0.9038571929	-0.9038571929	-0.9475721427	0.9475721427	0.9702795907	-0.9702795907	-0.9871738474	0.9871738474	0.989426608	-0.989426608	1.005619138	-1.005619138	-1.016418521	1.016418521	-1.02823598	1.02823598	1.040526494	-1.040526494	1.048091084	-1.048091084	1.090107121	-1.090107121	-1.096937816	1.096937816	-1.119387477	1.119387477	-1.123743108	1.123743108	1.138653608	-1.138653608	-1.171327385	1.171327385	1.195148072	-1.195148072	1.213930796	-1.213930796	-1.239775795	1.239775795	1.246657472	-1.246657472	-1.256585379	1.256585379	1.269880974	-1.269880974	-1.2854305	1.2854305	1.291174744	-1.291174744	1.302415184	-1.302415184	-1.303817114	1.303817114	-1.30736874	1.30736874	-1.320191061	1.320191061	1.33514317	-1.33514317	-1.341837006	1.341837006	-1.355257985	1.355257985	1.375018409	-1.375018409	-1.380166117	1.380166117	-1.385396596	1.385396596	-1.3947169	1.3947169	-1.405781457	1.405781457	-1.40688828	1.40688828	1.437584999	-1.437584999	-1.437805945	1.437805945	-1.449357578	1.449357578	1.47422034	-1.47422034	-1.485015906	1.485015906	1.488123747	-1.488123747	-1.4957891	1.4957891	1.496756865	-1.496756865	1.538809612	-1.538809612	1.548221018	-1.548221018	1.594878366	-1.594878366	1.610653791	-1.610653791	1.612505101	-1.612505101	1.623014806	-1.623014806	-1.623570191	1.623570191	-1.625700968	1.625700968	-1.661883831	1.661883831	1.686723678	-1.686723678	-1.69622829	1.69622829	-1.727485566	1.727485566	-1.730896163	1.730896163	1.765940644	-1.765940644	-1.772771283	1.772771283	-1.788081212	1.788081212	-1.798678872	1.798678872	1.820143714	-1.820143714	1.841974482	-1.841974482	-1.848590421	1.848590421	1.86006873	-1.86006873	1.868116393	-1.868116393	-1.889667405	1.889667405	1.9016609	-1.9016609	-1.913200545	1.913200545	-1.91655673	1.91655673	1.959580917	-1.959580917	1.960752179	-1.960752179	-1.96653755	1.96653755	-1.973064496	1.973064496	-1.974274431	1.974274431	-1.980689385	1.980689385	2.00929259	-2.00929259	
-0.23	-0.02782585637	0.02782585637	-0.2069148011	0.2069148011	0.3119361615	-0.3119361615	0.4118928301	-0.4118928301	0.4186793603	-0.4186793603	0.4283743875	-0.4283743875	0.478870629	-0.478870629	-0.5138892503	0.5138892503	0.5448345899	-0.5448345899	-0.5620466172	0.5620466172	0.6209592259	-0.6209592259	-0.6784617221	0.6784617221	-0.6868261924	0.6868261924	-0.6915641375	0.6915641375	0.7173875155	-0.7173875155	-0.7174302963	0.7174302963	-0.7403885133	0.7403885133	0.7539641365	-0.7539641365	0.7624711873	-0.7624711873	0.7719095862	-0.7719095862	0.7881408774	-0.7881408774	-0.8128905702	0.8128905702	0.8230947536	-0.8230947536	0.8506649647	-0.8506649647	0.8605008977	-0.8605008977	0.8701447127	-0.8701447127	-0.8943186727	0.8943186727	0.9023556931	-0.9023556931	-0.9540399933	0.9540399933	0.9702613517	-0.9702613517	0.9894229755	-0.9894229755	0.994948771	-0.994948771	1.005416555	-1.005416555	-1.021526084	1.021526084	1.028008516	-1.028008516	-1.036282278	1.036282278	-1.042921303	1.042921303	1.085224002	-1.085224002	1.092049956	-1.092049956	-1.117124554	1.117124554	-1.123727393	1.123727393	-1.138586375	1.138586375	-1.173736116	1.173736116	1.195123897	-1.195123897	1.213371263	-1.213371263	-1.2398655	1.2398655	1.246786859	-1.246786859	-1.256035851	1.256035851	1.269901725	-1.269901725	1.285510464	-1.285510464	1.287020528	-1.287020528	-1.29730948	1.29730948	-1.303793539	1.303793539	-1.306738151	1.306738151	1.320833187	-1.320833187	-1.335310297	1.335310297	1.342087254	-1.342087254	-1.355310519	1.355310519	-1.37516396	1.37516396	-1.379639537	1.379639537	-1.384560632	1.384560632	-1.394793832	1.394793832	1.404285936	-1.404285936	-1.406717457	1.406717457	-1.43730531	1.43730531	1.437764702	-1.437764702	-1.449159983	1.449159983	-1.474219153	1.474219153	-1.485028983	1.485028983	-1.487945616	1.487945616	-1.495798622	1.495798622	-1.496417946	1.496417946	1.538565244	-1.538565244	1.547622375	-1.547622375	1.594352914	-1.594352914	-1.610656479	1.610656479	-1.612479241	1.612479241	1.621835924	-1.621835924	1.623494751	-1.623494751	-1.625169261	1.625169261	1.661309973	-1.661309973	1.686901215	-1.686901215	1.69629799	-1.69629799	-1.727178355	1.727178355	-1.731061064	1.731061064	-1.766363412	1.766363412	-1.77298906	1.77298906	-1.788070252	1.788070252	-1.799054963	1.799054963	-1.819460319	1.819460319	-1.841402956	1.841402956	-1.848594696	1.848594696	-1.860009023	1.860009023	-1.868363854	1.868363854	1.889590351	-1.889590351	-1.901634163	1.901634163	-1.913504806	1.913504806	1.916756719	-1.916756719	-1.959185856	1.959185856	-1.960573399	1.960573399	1.966159217	-1.966159217	-1.973023343	1.973023343	1.974330666	-1.974330666	1.980712143	-1.980712143	2.009379178	-2.009379178	
-0.22	-0.03116522791	0.03116522791	-0.2036336903	0.2036336903	0.3185131078	-0.3185131078	-0.4197818999	0.4197818999	0.4256122458	-0.4256122458	0.4356472362	-0.4356472362	0.4867146636	-0.4867146636	-0.517233066	0.517233066	0.5520986065	-0.5520986065	-0.5692077184	0.5692077184	0.6156522624	-0.6156522624	-0.6766320192	0.6766320192	-0.6882933259	0.6882933259	-0.6892212415	0.6892212415	-0.7120489583	0.7120489583	0.7245352695	-0.7245352695	-0.7467641808	0.7467641808	0.757810388	-0.757810388	0.7587097729	-0.7587097729	-0.7713661633	0.7713661633	0.7881544234	-0.7881544234	-0.8081523555	0.8081523555	0.822501771	-0.822501771	0.8489179905	-0.8489179905	0.8581711052	-0.8581711052	-0.8702158577	0.8702158577	-0.893749108	0.893749108	0.9015253317	-0.9015253317	-0.960369428	0.960369428	0.9702310078	-0.9702310078	-0.9894139663	0.9894139663	-1.002692489	1.002692489	-1.005222379	1.005222379	1.025761874	-1.025761874	1.027766636	-1.027766636	-1.032977456	1.032977456	1.037881425	-1.037881425	1.080308953	-1.080308953	1.087116686	-1.087116686	-1.114846672	1.114846672	-1.123717666	1.123717666	-1.138523046	1.138523046	-1.176116373	1.176116373	1.19509957	-1.19509957	1.212832812	-1.212832812	-1.239941291	1.239941291	1.246910867	-1.246910867	-1.255456204	1.255456204	-1.269923109	1.269923109	1.282869145	-1.282869145	1.285469986	-1.285469986	-1.292242527	1.292242527	-1.303771523	1.303771523	-1.30611375	1.30611375	-1.321496259	1.321496259	-1.335471481	1.335471481	1.342364994	-1.342364994	-1.35536278	1.35536278	-1.375292032	1.375292032	1.379131348	-1.379131348	-1.383745215	1.383745215	1.394869572	-1.394869572	1.402812498	-1.402812498	-1.406552457	1.406552457	1.437036016	-1.437036016	1.437729948	-1.437729948	-1.448974331	1.448974331	1.474217082	-1.474217082	-1.485042019	1.485042019	1.487772473	-1.487772473	-1.495807436	1.495807436	1.496081357	-1.496081357	1.538341657	-1.538341657	-1.547051901	1.547051901	1.593853828	-1.593853828	-1.610659076	1.610659076	-1.612453956	1.612453956	-1.62066999	1.62066999	-1.623397456	1.623397456	1.624684886	-1.624684886	1.660756078	-1.660756078	1.687075847	-1.687075847	-1.696365439	1.696365439	-1.726877753	1.726877753	-1.731219886	1.731219886	-1.766772165	1.766772165	1.773198295	-1.773198295	-1.788061349	1.788061349	1.79942774	-1.79942774	-1.81879552	1.81879552	-1.840836215	1.840836215	-1.848598984	1.848598984	-1.859947047	1.859947047	1.868602053	-1.868602053	1.889514378	-1.889514378	-1.901606714	1.901606714	1.913780911	-1.913780911	1.916991604	-1.916991604	-1.958713085	1.958713085	1.960405688	-1.960405688	1.965842721	-1.965842721	1.972985987	-1.972985987	-1.974384629	1.974384629	-1.980739451	1.980739451	-2.009472585	2.009472585	
-0.21	-0.03448445627	0.03448445627	-0.2003697889	0.2003697889	-0.3250719743	0.3250719743	0.4276277858	-0.4276277858	-0.4324228487	0.4324228487	0.4428928388	-0.4428928388	0.4944873811	-0.4944873811	-0.5205562378	0.5205562378	0.5592891624	-0.5592891624	-0.5762787961	0.5762787961	0.6103148794	-0.6103148794	-0.6744398411	0.6744398411	-0.6850401834	0.6850401834	-0.6915873925	0.6915873925	-0.7066225776	0.7066225776	-0.7316006099	0.7316006099	-0.7529717977	0.7529717977	0.7531772579	-0.7531772579	0.7629100767	-0.7629100767	0.7708293943	-0.7708293943	0.7881699712	-0.7881699712	0.8035336815	-0.8035336815	-0.8219199043	0.8219199043	0.8467108586	-0.8467108586	0.8559196309	-0.8559196309	-0.8702873029	0.8702873029	-0.8931988243	0.8931988243	-0.9013832154	0.9013832154	-0.9665418887	0.9665418887	0.9701867554	-0.9701867554	-0.9893976309	0.9893976309	1.005036511	-1.005036511	1.010399704	-1.010399704	1.024953649	-1.024953649	-1.027503967	1.027503967	-1.031598776	1.031598776	1.03611794	-1.03611794	1.075371637	-1.075371637	-1.082143581	1.082143581	-1.11256408	1.11256408	-1.123710751	1.123710751	-1.138463376	1.138463376	-1.178466717	1.178466717	1.195073709	-1.195073709	1.212314491	-1.212314491	-1.239994722	1.239994722	-1.247029291	1.247029291	-1.254845477	1.254845477	1.269945073	-1.269945073	1.278745312	-1.278745312	1.284599133	-1.284599133	1.287933223	-1.287933223	1.303750726	-1.303750726	-1.305497378	1.305497378	-1.322173437	1.322173437	1.3356264	-1.3356264	1.342663453	-1.342663453	-1.355414611	1.355414611	-1.375398934	1.375398934	-1.378642165	1.378642165	-1.382955351	1.382955351	-1.394941492	1.394941492	1.401364717	-1.401364717	1.406393133	-1.406393133	-1.436776316	1.436776316	1.437701721	-1.437701721	-1.448800393	1.448800393	1.474214195	-1.474214195	-1.485055019	1.485055019	1.487604087	-1.487604087	1.495747823	-1.495747823	-1.495815475	1.495815475	1.53813848	-1.53813848	-1.546509946	1.546509946	1.593381463	-1.593381463	1.610661579	-1.610661579	-1.612429185	1.612429185	1.619518274	-1.619518274	-1.623254609	1.623254609	-1.624271646	1.624271646	-1.66022271	1.66022271	-1.687247205	1.687247205	1.69643063	-1.69643063	-1.726584326	1.726584326	-1.731372607	1.731372607	1.767166426	-1.767166426	-1.773398801	1.773398801	-1.788054581	1.788054581	1.799796984	-1.799796984	-1.818149957	1.818149957	1.840274774	-1.840274774	-1.848603257	1.848603257	-1.859882814	1.859882814	-1.868830774	1.868830774	-1.889439561	1.889439561	1.901578537	-1.901578537	1.91402527	-1.91402527	1.917264521	-1.917264521	1.958167892	-1.958167892	1.960249208	-1.960249208	1.965586582	-1.965586582	-1.972951355	1.972951355	-1.97443629	1.97443629	-1.980770372	1.980770372	2.009571484	-2.009571484	
-0.2	-0.03778115005	0.03778115005	-0.1971254924	0.1971254924	-0.3316121805	0.3316121805	0.435429357	-0.435429357	0.439100848	-0.439100848	0.4501105669	-0.4501105669	0.5021825818	-0.5021825818	-0.5238562972	0.5238562972	-0.566400562	0.566400562	0.5832173053	-0.5832173053	-0.6049896377	0.6049896377	-0.6719118227	0.6719118227	-0.6818072091	0.6818072091	-0.6939231222	0.6939231222	0.7011175774	-0.7011175774	-0.7385885354	0.7385885354	0.7486109736	-0.7486109736	0.7587973114	-0.7587973114	-0.7664499632	0.7664499632	-0.7704099162	0.7704099162	0.7881890013	-0.7881890013	-0.7991383557	0.7991383557	-0.8213519657	0.8213519657	0.8440577594	-0.8440577594	0.853889102	-0.853889102	-0.8703588004	0.8703588004	-0.8926684655	0.8926684655	0.9019007053	-0.9019007053	-0.9701264215	0.9701264215	0.9725366038	-0.9725366038	0.989370913	-0.989370913	1.004858688	-1.004858688	1.018062434	-1.018062434	1.020960669	-1.020960669	-1.026760627	1.026760627	-1.027214342	1.027214342	-1.041128467	1.041128467	1.070424978	-1.070424978	-1.077137078	1.077137078	-1.110286603	1.110286603	1.123705526	-1.123705526	-1.138407162	1.138407163	-1.180785558	1.180785558	1.195044796	-1.195044796	1.21181537	-1.21181537	-1.240013743	1.240013743	1.247141882	-1.247141882	-1.254202858	1.254202858	-1.269967517	1.269967517	1.274677036	-1.274677036	-1.280588982	1.280588982	1.286695724	-1.286695724	1.303730998	-1.303730998	-1.304891243	1.304891243	1.322861518	-1.322861518	1.33577487	-1.33577487	1.342977193	-1.342977193	-1.355465849	1.355465849	1.375479449	-1.375479449	-1.378172567	1.378172567	-1.38219723	1.38219723	1.395005501	-1.395005501	1.399948022	-1.399948022	1.406239379	-1.406239379	-1.436525513	1.436525513	1.437680056	-1.437680056	1.448637943	-1.448637943	-1.474210569	1.474210569	-1.485067986	1.485067986	1.487440181	-1.487440181	1.495418088	-1.495418088	1.495822673	-1.495822673	1.537955363	-1.537955363	1.545996824	-1.545996824	1.592936157	-1.592936157	-1.610663987	1.610663987	-1.612404797	1.612404797	1.618382112	-1.618382112	-1.623031326	1.623031326	1.623964515	-1.623964515	-1.659710398	1.659710398	-1.687414913	1.687414913	1.696493563	-1.696493563	-1.726298644	1.726298644	-1.73151921	1.73151921	-1.76754573	1.76754573	-1.773590405	1.773590405	-1.788050024	1.788050024	-1.800162488	1.800162488	-1.817524244	1.817524244	1.839719119	-1.839719119	-1.848607491	1.848607491	-1.859816338	1.859816338	-1.869049812	1.869049812	-1.889365969	1.889365969	-1.901549622	1.901549622	1.914236481	-1.914236481	-1.917576369	1.917576369	1.957559286	-1.957559286	-1.960104108	1.960104108	-1.965385146	1.965385146	1.972918619	-1.972918619	-1.974485618	1.974485618	1.980804105	-1.980804105	2.009674668	-2.009674668	
-0.19	-0.04105252832	0.04105252832	-0.1939035857	0.1939035857	0.3381330918	-0.3381330918	-0.4431853999	0.4431853999	0.445634577	-0.445634577	0.4572997676	-0.4572997676	0.5097927895	-0.5097927895	-0.52713037	0.52713037	0.5734261802	-0.5734261802	-0.589798258	0.589798258	-0.5998993178	0.5998993178	-0.669075501	0.669075501	-0.6785972915	0.6785972915	-0.6955381855	0.6955381855	0.6962275704	-0.6962275704	-0.7435170385	0.7435170385	-0.7460954094	0.7460954094	-0.7635554111	0.7635554111	-0.768576223	0.768576223	-0.7712518923	0.7712518923	-0.7882140812	0.7882140812	0.7951349001	-0.7951349001	-0.8208012768	0.8208012768	0.8410104764	-0.8410104764	0.8522279656	-0.8522279656	0.8704301076	-0.8704301076	-0.8921586513	0.8921586513	0.9030137788	-0.9030137788	0.970047358	-0.970047358	-0.9783293702	0.9783293702	-0.9893288044	0.9893288044	1.004688216	-1.004688216	-1.016474167	1.016474167	1.021565301	-1.021565301	1.025568345	-1.025568345	-1.026991292	1.026991292	-1.047102083	1.047102083	1.065486848	-1.065486848	-1.072104938	1.072104938	-1.108025498	1.108025498	-1.123701462	1.123701462	-1.138354231	1.138354231	-1.183071124	1.183071124	1.195011068	-1.195011068	1.211334537	-1.211334537	-1.239980765	1.239980765	1.24724832	-1.24724832	1.253527723	-1.253527723	1.269990059	-1.269990059	-1.270698294	1.270698294	-1.275363208	1.275363208	1.286610766	-1.286610766	1.303712263	-1.303712263	-1.304297628	1.304297628	1.323558689	-1.323558689	-1.335916799	1.335916799	1.343301697	-1.343301697	1.355516327	-1.355516327	-1.375526165	1.375526165	-1.377723097	1.377723097	-1.381478973	1.381478973	-1.395052541	1.395052541	-1.398573145	1.398573145	1.406091131	-1.406091131	-1.436282993	1.436282993	1.437664979	-1.437664979	-1.448486758	1.448486758	-1.474206287	1.474206287	-1.485080922	1.485080922	-1.487280442	1.487280442	-1.495092922	1.495092922	-1.495828966	1.495828966	1.537791987	-1.537791987	-1.545512803	1.545512803	-1.592518227	1.592518227	-1.610666298	1.610666298	1.612380526	-1.612380526	-1.617262975	1.617262975	-1.622719825	1.622719825	-1.623771356	1.623771356	-1.65921963	1.65921963	-1.687578582	1.687578582	1.696554238	-1.696554238	-1.726021277	1.726021277	1.731659682	-1.731659682	1.76790963	-1.76790963	1.773772941	-1.773772941	-1.788047751	1.788047751	1.800524064	-1.800524064	-1.816918971	1.816918971	-1.839169709	1.839169709	-1.84861167	1.84861167	1.859747627	-1.859747627	1.869258971	-1.869258971	1.889293665	-1.889293665	1.901519964	-1.901519964	1.914415488	-1.914415488	-1.917925645	1.917925645	1.956898181	-1.956898181	-1.959970529	1.959970529	-1.965230503	1.965230503	-1.972887129	1.972887129	-1.974532585	1.974532585	1.980839971	-1.980839971	2.009781044	-2.009781044	
-0.18	-0.04429534209	0.04429534209	-0.1907073218	0.1907073218	0.3446340062	-0.3446340062	-0.450894595	0.450894595	0.4520108291	-0.4520108291	0.4644597601	-0.4644597601	0.5173088341	-0.5173088341	-0.530375094	0.530375094	-0.5803582407	0.5803582407	-0.5923821667	0.5923821667	-0.5986793881	0.5986793881	-0.6659591095	0.6659591095	-0.6754138011	0.6754138011	0.6898899837	-0.6898899837	-0.6984966852	0.6984966852	-0.7393658329	0.7393658329	0.7526513225	-0.7526513225	-0.7659507429	0.7659507429	0.768409588	-0.768409588	-0.7751431028	0.7751431028	-0.788245635	0.788245635	0.7917858898	-0.7917858898	-0.8202719352	0.8202719352	0.8376444492	-0.8376444492	0.8510792285	-0.8510792285	0.8705009786	-0.8705009786	0.8916699813	-0.8916699813	0.904639219	-0.904639219	0.9699462974	-0.9699462974	0.9838890074	-0.9838890074	0.9892633068	-0.9892633068	1.004522668	-1.004522668	-1.011852134	1.011852134	1.016354369	-1.016354369	1.026400687	-1.026400687	1.033324611	-1.033324611	-1.053337479	1.053337479	1.060582805	-1.060582805	1.067057139	-1.067057139	1.105794448	-1.105794448	-1.123698261	1.123698261	-1.138304436	1.138304436	-1.18532143	1.18532143	1.19497038	-1.19497038	1.210871102	-1.210871102	-1.239869635	1.239869635	1.247348189	-1.247348189	-1.25281969	1.25281969	1.266852635	-1.266852635	1.269870729	-1.269870729	-1.270067125	1.270067125	1.286678944	-1.286678944	1.303694481	-1.303694481	-1.303718833	1.303718833	1.324263738	-1.324263738	1.336052162	-1.336052162	1.343633079	-1.343633079	-1.355565867	1.355565867	1.375528683	-1.375528683	-1.377294262	1.377294262	-1.380811453	1.380811453	1.395053447	-1.395053447	1.397271242	-1.397271242	1.405948355	-1.405948355	1.43604822	-1.43604822	1.437656508	-1.437656508	-1.448346614	1.448346614	1.474201447	-1.474201447	1.485093833	-1.485093833	1.487124512	-1.487124512	1.494773116	-1.494773116	1.495834292	-1.495834292	-1.537648065	1.537648065	-1.545058108	1.545058108	1.592127973	-1.592127973	-1.610668512	1.610668512	-1.612355775	1.612355775	1.61616266	-1.61616266	-1.622358001	1.622358001	1.623654344	-1.623654344	1.65875086	-1.65875086	-1.687737818	1.687737818	1.69661266	-1.69661266	-1.725752799	1.725752799	-1.73179401	1.73179401	-1.768257695	1.768257695	1.773946253	-1.773946253	1.788047829	-1.788047829	1.800881534	-1.800881534	1.816334701	-1.816334701	-1.838626982	1.838626982	-1.848615779	1.848615779	-1.859676692	1.859676692	-1.869458066	1.869458066	-1.889222708	1.889222708	1.901489559	-1.901489559	1.914565066	-1.914565066	-1.91830894	1.91830894	1.956195754	-1.956195754	1.9598486	-1.9598486	1.965114216	-1.965114216	-1.97285637	1.97285637	-1.974577164	1.974577164	1.980877382	-1.980877382	2.009889622	-2.009889622	
-0.17	-0.04750577769	0.04750577769	-0.1875405182	0.1875405182	0.351114139	-0.351114139	0.4582146404	-0.4582146404	-0.4585554858	0.4585554858	0.4715898313	-0.4715898313	0.5247192522	-0.5247192522	-0.533586518	0.533586518	0.5871875306	-0.5871875306	-0.5877338317	0.5877338317	0.6045593469	-0.6045593469	0.662591656	-0.662591656	-0.6722606944	0.6722606944	0.6841736812	-0.6841736812	-0.7007303529	0.7007303529	0.7349638326	-0.7349638326	-0.7594460656	0.7594460656	0.7658146053	-0.7658146053	0.7677039086	-0.7677039086	-0.7799327869	0.7799327869	0.788176981	-0.788176981	0.7896595825	-0.7896595825	-0.8197694416	0.8197694416	0.8340477299	-0.8340477299	-0.8505594385	0.8505594385	-0.8705711596	0.8705711596	-0.8912030396	0.8912030396	0.906688936	-0.906688936	0.9698191575	-0.9698191575	-0.9889632096	0.9889632096	0.9893638694	-0.9893638694	1.004344599	-1.004344599	1.007191637	-1.007191637	1.011203012	-1.011203012	-1.025887833	1.025887833	-1.04084424	1.04084424	1.05575063	-1.05575063	-1.05970135	1.05970135	-1.062008265	1.062008265	1.103610848	-1.103610848	-1.123695734	1.123695734	-1.13825765	1.13825765	-1.187534234	1.187534234	-1.194919983	1.194919983	1.210424191	-1.210424191	-1.239641165	1.239641165	-1.247440921	1.247440921	1.252078676	-1.252078676	1.263198139	-1.263198139	-1.264386575	1.264386575	-1.270040824	1.270040824	-1.286787553	1.286787553	-1.303157136	1.303157136	1.303677624	-1.303677624	-1.324975737	1.324975737	-1.336180999	1.336180999	-1.343967883	1.343967883	-1.355614284	1.355614284	-1.375473123	1.375473123	-1.376886538	1.376886538	-1.380208804	1.380208804	1.394868085	-1.394868085	-1.396184769	1.396184769	1.405811042	-1.405811042	1.435820721	-1.435820721	1.437654648	-1.437654648	-1.448217291	1.448217291	1.474196153	-1.474196153	-1.48510672	1.48510672	1.486971992	-1.486971992	1.49445948	-1.49445948	1.495838591	-1.495838591	1.537523351	-1.537523351	-1.544632912	1.544632912	-1.591765681	1.591765681	-1.610670629	1.610670629	1.61232902	-1.61232902	1.615083882	-1.615083882	-1.621982906	1.621982906	1.623576487	-1.623576487	-1.658304508	1.658304508	1.687892218	-1.687892218	1.696668838	-1.696668838	1.725493779	-1.725493779	1.731922184	-1.731922184	1.768589516	-1.768589516	-1.774110193	1.774110193	-1.78805032	1.78805032	1.801234736	-1.801234736	1.815771976	-1.815771976	-1.83809135	1.83809135	-1.848619808	1.848619808	-1.85960354	1.85960354	-1.869646921	1.869646921	-1.88915315	1.88915315	-1.901458411	1.901458411	-1.914688957	1.914688957	1.918721796	-1.918721796	1.9554624	-1.9554624	-1.95973844	1.95973844	1.96502843	-1.96502843	-1.972825929	1.972825929	-1.97461933	1.97461933	1.980915837	-1.980915837	-2.009999507	2.009999507	
-0.16	-0.05067933759	0.05067933759	-0.1844076761	0.1844076761	-0.3575726011	0.3575726011	-0.4642290567	0.4642290567	0.4661664361	-0.4661664361	0.4786892307	-0.4786892307	-0.5320094012	0.5320094012	-0.5367599756	0.5367599756	0.5823099536	-0.5823099536	0.5939030271	-0.5939030271	0.6110750704	-0.6110750704	0.659003385	-0.659003385	-0.6691426403	0.6691426403	-0.6783923192	0.6783923192	-0.702925585	0.702925585	0.7306375194	-0.7306375194	-0.7637278644	0.7637278644	-0.7661399907	0.7661399907	-0.7669112663	0.7669112663	0.7828663893	-0.7828663893	0.7878483134	-0.7878483134	0.7905781169	-0.7905781169	-0.8193021535	0.8193021535	0.8303178243	-0.8303178243	-0.8507326593	0.8507326593	-0.8706403873	0.8706403873	-0.8907583992	0.8907583992	0.9090787975	-0.9090787975	0.9696607737	-0.9696607737	-0.9889227278	0.9889227278	-0.9941040003	0.9941040003	-1.002423893	1.002423893	1.004301389	-1.004301389	1.006207619	-1.006207619	-1.025199	1.025199	-1.048299722	1.048299722	1.051051693	-1.051051693	1.056991451	-1.056991451	1.066131911	-1.066131911	-1.101498411	1.101498411	-1.12369375	1.12369375	-1.138213765	1.138213765	1.189706985	-1.189706985	1.194856209	-1.194856209	1.209992951	-1.209992951	-1.239237689	1.239237689	1.247525741	-1.247525741	-1.25130494	1.25130494	-1.258787517	1.258787517	1.259813324	-1.259813324	1.270064905	-1.270064905	1.286911556	-1.286911556	-1.302614773	1.302614773	1.303661678	-1.303661678	-1.325693878	1.325693878	-1.336303409	1.336303409	1.344302942	-1.344302942	-1.355661389	1.355661389	1.375342998	-1.375342998	-1.37650037	1.37650037	-1.37968753	1.37968753	1.394108968	-1.394108968	-1.39570389	1.39570389	1.405679206	-1.405679206	-1.435600082	1.435600082	1.437659396	-1.437659396	1.448098568	-1.448098568	1.474190521	-1.474190521	-1.485119588	1.485119588	1.48682244	-1.48682244	1.494152846	-1.494152846	-1.495841803	1.495841803	1.537417642	-1.537417642	1.544237338	-1.544237338	-1.591431617	1.591431617	-1.61067265	1.61067265	-1.612295148	1.612295148	1.614032934	-1.614032934	-1.621613583	1.621613583	1.623518794	-1.623518794	1.657880959	-1.657880959	-1.688041375	1.688041375	1.696722782	-1.696722782	1.725244788	-1.725244788	1.7320442	-1.7320442	-1.768904701	1.768904701	1.774264624	-1.774264624	-1.78805528	1.78805528	-1.801583519	1.801583519	-1.815231315	1.815231315	-1.837563211	1.837563211	-1.848623745	1.848623745	-1.859528176	1.859528176	-1.86982537	1.86982537	1.889085037	-1.889085037	1.901426524	-1.901426524	-1.914791085	1.914791085	1.919159468	-1.919159468	-1.954707291	1.954707291	1.959640157	-1.959640157	-1.964966382	1.964966382	-1.972795476	1.972795476	-1.97465906	1.97465906	-1.980954897	1.980954897	-2.010109893	2.010109893	
-0.15	-0.0538106929	0.0538106929	-0.1813141277	0.1813141277	0.3640083708	-0.3640083708	0.4700348876	-0.4700348876	0.4737255696	-0.4737255696	0.4857571642	-0.4857571642	0.5391601037	-0.5391601037	-0.5398899295	0.5398899295	-0.5767529297	0.5767529297	0.6004914033	-0.6004914033	0.6175748653	-0.6175748653	0.655226776	-0.655226776	-0.6660651749	0.6660651749	-0.6725483702	0.6725483702	-0.7050796213	0.7050796213	0.7264231541	-0.7264231541	-0.7602693734	0.7602693734	-0.7661203779	0.7661203779	-0.7726633876	0.7726633876	0.7821157164	-0.7821157164	-0.7879566444	0.7879566444	-0.7950059438	0.7950059438	-0.8188850624	0.8188850624	0.8265692797	-0.8265692797	0.8515918053	-0.8515918053	-0.8707083886	0.8707083886	-0.8903366283	0.8903366283	0.9117322604	-0.9117322604	0.9694645255	-0.9694645255	-0.9884792547	0.9884792547	0.9968572587	-0.9968572587	-0.999253286	0.999253286	1.001820567	-1.001820567	1.004151779	-1.004151779	-1.024250319	1.024250319	1.046544654	-1.046544654	1.051855799	-1.051855799	1.055883753	-1.055883753	-1.072577274	1.072577274	-1.099494248	1.099494248	-1.123692213	1.123692213	-1.138172686	1.138172686	-1.191836742	1.191836742	1.194773963	-1.194773963	1.209576557	-1.209576557	1.238580324	-1.238580324	1.247601599	-1.247601599	-1.250498865	1.250498865	1.253139153	-1.253139153	1.256800302	-1.256800302	-1.27008986	1.27008986	1.287042348	-1.287042348	-1.302093913	1.302093913	1.303646633	-1.303646633	-1.326417388	1.326417388	1.336419565	-1.336419565	-1.344635275	1.344635275	-1.355706982	1.355706982	1.375123067	-1.375123067	-1.376136171	1.376136171	1.379262629	-1.379262629	-1.392978866	1.392978866	1.395628897	-1.395628897	-1.405552881	1.405552881	1.435385938	-1.435385938	1.437670731	-1.437670731	-1.447990229	1.447990229	-1.474184676	1.474184676	-1.485132441	1.485132441	1.486675377	-1.486675377	1.493854065	-1.493854065	-1.495843874	1.495843874	1.537330786	-1.537330786	-1.543871454	1.543871454	1.591126035	-1.591126035	1.610674577	-1.610674577	-1.612223977	1.612223977	1.613041169	-1.613041169	-1.621258699	1.621258699	-1.623472641	1.623472641	1.657480567	-1.657480567	1.688184878	-1.688184878	1.696774506	-1.696774506	1.725006388	-1.725006388	-1.732160051	1.732160051	1.769202884	-1.769202884	1.774409414	-1.774409414	-1.788062753	1.788062753	1.801927744	-1.801927744	-1.814713215	1.814713215	-1.837042939	1.837042939	-1.848627583	1.848627583	1.859450604	-1.859450604	-1.869993256	1.869993256	-1.889018412	1.889018412	-1.90139391	1.90139391	1.914875057	-1.914875057	-1.919617409	1.919617409	-1.953938316	1.953938316	1.959553847	-1.959553847	1.964922509	-1.964922509	-1.972764739	1.972764739	1.974696332	-1.974696332	-1.980994186	1.980994186	2.010220058	-2.010220058	
-0.14	-0.05689350124	0.05689350124	-0.1782662188	0.1782662188	-0.3704202552	0.3704202552	-0.4756104637	0.4756104637	-0.4812306837	0.4812306837	0.492792786	-0.492792786	-0.5429697756	0.5429697756	0.5461454372	-0.5461454372	0.5711339903	-0.5711339903	0.6069363651	-0.6069363651	-0.6239761555	0.6239761555	-0.6512983645	0.6512983645	-0.6630348924	0.6630348924	-0.6666445286	0.6666445286	-0.7071892821	0.7071892821	0.7223485456	-0.7223485456	-0.7559668257	0.7559668257	0.7653007515	-0.7653007515	-0.7789104503	0.7789104503	0.7799999435	-0.7799999435	0.7880297109	-0.7880297109	-0.8006482043	0.8006482043	-0.8185514975	0.8185514975	0.822957993	-0.822957993	0.8530591088	-0.8530591088	-0.8707748826	0.8707748826	-0.8899382964	0.8899382964	0.9145805858	-0.9145805858	0.9692218117	-0.9692218117	-0.9872858789	0.9872858789	-0.9932656127	0.9932656127	0.9963839663	-0.9963839663	1.003831183	-1.003831183	1.004102379	-1.004102379	-1.022905806	1.022905806	1.042358114	-1.042358114	-1.047032449	1.047032449	1.063193527	-1.063193527	-1.078957253	1.078957253	-1.097674075	1.097674075	1.12369105	-1.12369105	1.13813433	-1.13813433	-1.193919924	1.193919924	-1.194666058	1.194666058	1.209174222	-1.209174222	-1.237580012	1.237580012	1.24745233	-1.24745233	-1.247667168	1.247667168	-1.249664799	1.249664799	-1.254274046	1.254274046	-1.270115328	1.270115328	-1.28717616	1.28717616	-1.301596631	1.301596631	-1.30363248	1.30363248	-1.327145471	1.327145471	1.336529724	-1.336529724	1.344962021	-1.344962021	-1.355750862	1.355750862	-1.374806018	1.374806018	-1.37579433	1.37579433	-1.378940876	1.378940876	1.391796196	-1.391796196	1.39564486	-1.39564486	1.405432114	-1.405432114	-1.435177968	1.435177968	1.437688622	-1.437688622	-1.447892059	1.447892059	-1.474178752	1.474178752	-1.485145282	1.485145282	-1.486530284	1.486530284	1.493564	-1.493564	1.495844749	-1.495844749	1.537262684	-1.537262684	1.543535268	-1.543535268	1.590849175	-1.590849175	-1.610676412	1.610676412	1.611792612	-1.611792612	-1.612432638	1.612432638	-1.620922413	1.620922413	1.623433906	-1.623433906	-1.657103654	1.657103654	-1.688322316	1.688322316	-1.696824024	1.696824024	-1.724779136	1.724779136	-1.732269734	1.732269734	1.769483722	-1.769483722	1.774544442	-1.774544442	-1.788072775	1.788072775	1.802267283	-1.802267283	1.814218152	-1.814218152	-1.836530894	1.836530894	1.848631312	-1.848631312	-1.859370825	1.859370825	1.870150436	-1.870150436	-1.888953309	1.888953309	1.901360581	-1.901360581	1.91494394	-1.91494394	-1.920091468	1.920091468	1.953162236	-1.953162236	-1.959479598	1.959479598	-1.964892346	1.964892346	-1.972733498	1.972733498	-1.974731124	1.974731124	1.98103337	-1.98103337	2.010329353	-2.010329353	
-0.13	-0.05992018212	0.05992018212	-0.1752715331	0.1752715331	-0.3768068368	0.3768068368	-0.4809314145	0.4809314145	-0.4886791244	0.4886791244	0.499795188	-0.499795188	-0.5459915904	0.5459915904	0.5529282692	-0.5529282692	0.5654748246	-0.5654748246	0.6132177312	-0.6132177312	0.6302443434	-0.6302443434	0.647262083	-0.647262083	-0.6600596808	0.6600596808	-0.6606839952	0.6606839952	-0.7092508551	0.7092508551	0.7184426056	-0.7184426056	-0.7511467771	0.7511467771	0.7644482779	-0.7644482779	0.7772997046	-0.7772997046	-0.7846730693	0.7846730693	0.7880661857	-0.7880661857	-0.8064351038	0.8064351038	-0.8184000259	0.8184000259	0.819739565	-0.819739565	-0.855005446	0.855005446	-0.8708395839	0.8708395839	-0.8895639825	0.8895639825	0.917561236	-0.917561236	-0.9689213025	0.9689213025	-0.9842310932	0.9842310932	-0.9901981455	0.9901981455	0.9927694889	-0.9927694889	1.003885217	-1.003885217	-1.007791055	1.007791055	1.02099431	-1.02099431	-1.038518662	1.038518662	-1.042415171	1.042415171	1.070506609	-1.070506609	1.08503071	-1.08503071	-1.096279815	1.096279815	1.123690206	-1.123690206	-1.138098626	1.138098626	1.194520425	-1.194520425	-1.195953558	1.195953558	1.208785229	-1.208785229	1.236176479	-1.236176479	-1.241748274	1.241748274	-1.247721101	1.247721101	1.248799509	-1.248799509	1.252323407	-1.252323407	1.270141208	-1.270141208	-1.287311071	1.287311071	-1.301124895	1.301124895	1.303619215	-1.303619215	1.327877252	-1.327877252	-1.336634254	1.336634254	-1.345280395	1.345280395	-1.355792822	1.355792822	-1.374397236	1.374397236	-1.375475207	1.375475207	-1.378716024	1.378716024	1.390632438	-1.390632438	1.395684246	-1.395684246	1.405316964	-1.405316964	1.434975888	-1.434975888	1.437713022	-1.437713022	-1.447803845	1.447803845	1.474172894	-1.474172894	-1.485158114	1.485158114	1.486386612	-1.486386612	1.493283525	-1.493283525	-1.495844376	1.495844376	1.53721329	-1.53721329	1.54322873	-1.54322873	-1.590601263	1.590601263	1.610678159	-1.610678159	1.610877479	-1.610877479	1.612332051	-1.612332051	1.620606892	-1.620606892	-1.623400454	1.623400454	-1.656750514	1.656750514	-1.688453281	1.688453281	1.696871355	-1.696871355	-1.72456358	1.72456358	1.732373247	-1.732373247	-1.769746897	1.769746897	1.774669593	-1.774669593	1.788085373	-1.788085373	1.802602016	-1.802602016	-1.81374658	1.81374658	1.836027419	-1.836027419	1.848634927	-1.848634927	-1.85928884	1.85928884	1.870296772	-1.870296772	-1.88888976	1.88888976	-1.901326553	1.901326553	-1.915000234	1.915000234	-1.920577889	1.920577889	-1.952384907	1.952384907	1.959417486	-1.959417486	1.964872353	-1.964872353	-1.972701573	1.972701573	1.974763418	-1.974763418	1.981072161	-1.981072161	2.010437201	-2.010437201	
-0.12	-0.06288164153	0.06288164153	-0.1723391674	0.1723391674	-0.383166399	0.383166399	-0.4859705004	0.4859705004	-0.4960675961	0.4960675961	0.5067633876	-0.5067633876	-0.54894574	0.54894574	0.5592796429	-0.5592796429	-0.5599631059	0.5599631059	0.619310064	-0.619310064	0.6363484472	-0.6363484472	-0.64317805	0.64317805	-0.6546709817	0.6546709817	-0.65714901	0.65714901	-0.7112599542	0.7112599542	0.7147371588	-0.7147371588	-0.7459956539	0.7459956539	-0.7635659916	0.7635659916	0.7741657652	-0.7741657652	0.7880872442	-0.7880872442	-0.7895164726	0.7895164726	-0.8117334872	0.8117334872	0.8173941746	-0.8173941746	-0.8188553543	0.8188553543	-0.85727652	0.85727652	-0.8709022106	0.8709022106	-0.8892142855	0.8892142855	0.9206154036	-0.9206154036	0.9685478681	-0.9685478681	0.9795923085	-0.9795923085	-0.9866800061	0.9866800061	-0.9911823798	0.9911823798	1.003778827	-1.003778827	1.011344549	-1.011344549	1.018383792	-1.018383792	1.034746164	-1.034746164	-1.038511252	1.038511252	-1.077762525	1.077762525	1.08954566	-1.08954566	1.096566256	-1.096566256	-1.123689638	1.123689638	1.13806551	-1.13806551	-1.194321145	1.194321145	1.197931574	-1.197931574	1.208408974	-1.208408974	1.234390718	-1.234390718	-1.23604567	1.23604567	-1.247763036	1.247763036	1.247909185	-1.247909185	1.250957739	-1.250957739	-1.27016744	1.27016744	-1.287445999	1.287445999	-1.300680544	1.300680544	-1.303606834	1.303606834	1.328611722	-1.328611722	-1.336733678	1.336733678	-1.345587662	1.345587662	-1.355832654	1.355832654	1.373912432	-1.373912432	-1.375179139	1.375179139	-1.378571128	1.378571128	1.389508208	-1.389508208	1.395730876	-1.395730876	-1.4052075	1.4052075	-1.434779453	1.434779453	1.437743869	-1.437743869	1.447725381	-1.447725381	-1.474167257	1.474167257	-1.485170941	1.485170941	1.486243784	-1.486243784	1.493013517	-1.493013517	1.495842706	-1.495842706	1.537182618	-1.537182618	-1.542951728	1.542951728	1.590382514	-1.590382514	1.609920965	-1.609920965	-1.610679822	1.610679822	1.612298143	-1.612298143	1.620313359	-1.620313359	1.623371086	-1.623371086	-1.656421409	1.656421409	1.688577366	-1.688577366	1.696916519	-1.696916519	1.724360252	-1.724360252	1.732470592	-1.732470592	1.76999212	-1.76999212	1.774784759	-1.774784759	1.788100556	-1.788100556	1.802931834	-1.802931834	-1.813298938	1.813298938	-1.835532843	1.835532843	1.848638419	-1.848638419	1.859204647	-1.859204647	-1.870432139	1.870432139	-1.888827789	1.888827789	-1.901291848	1.901291848	1.915045922	-1.915045922	-1.921073228	1.921073228	1.951611509	-1.951611509	-1.959367578	1.959367578	1.964859733	-1.964859733	1.972668818	-1.972668818	1.974793196	-1.974793196	1.981110302	-1.981110302	-2.010543088	2.010543088	
-0.11	-0.06576693781	0.06576693781	-0.1694800662	0.1694800662	-0.3894968181	0.3894968181	-0.4906975425	0.4906975425	-0.5033918705	0.5033918705	-0.5136963099	0.5136963099	-0.5518180489	0.5518180489	0.5540407989	-0.5540407989	0.5656916886	-0.5656916886	0.6251801268	-0.6251801268	0.639064505	-0.639064505	-0.6423195388	0.6423195388	-0.6486121382	0.6486121382	-0.6543142846	0.6543142846	0.7112675615	-0.7112675615	-0.7132113215	0.7132113215	-0.7406195928	0.7406195928	0.7626583032	-0.7626583032	0.7707000267	-0.7707000267	0.7881006098	-0.7881006098	0.7926511738	-0.7926511738	-0.8148265648	0.8148265648	0.8167564208	-0.8167564208	-0.8215695422	0.8215695422	0.8597138211	-0.8597138211	-0.8709624956	0.8709624956	0.8888898386	-0.8888898386	0.9236850748	-0.9236850748	0.9680810447	-0.9680810447	-0.9743803784	0.9743803784	0.9827789656	-0.9827789656	0.9906722034	-0.9906722034	-1.0036808	1.0036808	1.014470774	-1.014470774	-1.015089199	1.015089199	1.030554871	-1.030554871	1.035846298	-1.035846298	1.084951847	-1.084951847	-1.090207901	1.090207901	1.100829346	-1.100829346	-1.123689317	1.123689317	1.138034929	-1.138034929	1.194039343	-1.194039343	-1.199849098	1.199849098	1.208045041	-1.208045041	-1.230378427	1.230378427	-1.232334834	1.232334834	-1.246997231	1.246997231	-1.247795895	1.247795895	1.250094684	-1.250094684	-1.270193977	1.270193977	-1.287580303	1.287580303	-1.300265273	1.300265273	1.303595335	-1.303595335	1.329347667	-1.329347667	1.336828735	-1.336828735	-1.345881133	1.345881133	-1.355870149	1.355870149	-1.373370446	1.373370446	-1.374906438	1.374906438	1.378485733	-1.378485733	1.388433982	-1.388433982	1.395779201	-1.395779201	-1.405103797	1.405103797	1.434588445	-1.434588445	1.437781084	-1.437781084	-1.447656461	1.447656461	1.474162004	-1.474162004	-1.485183767	1.485183767	1.486101207	-1.486101207	1.492754851	-1.492754851	1.495839694	-1.495839694	1.537170742	-1.537170742	1.542704086	-1.542704086	-1.590193131	1.590193131	1.608978681	-1.608978681	-1.610681404	1.610681404	-1.6122764	1.6122764	1.620042551	-1.620042551	1.623345088	-1.623345088	1.656116577	-1.656116577	-1.688694175	1.688694175	1.696959539	-1.696959539	-1.724169672	1.724169672	1.732561768	-1.732561768	-1.77021913	1.77021913	1.77488984	-1.77488984	1.788118324	-1.788118324	1.803256636	-1.803256636	1.812875642	-1.812875642	-1.835047482	1.835047482	-1.848641783	1.848641783	-1.859118243	1.859118243	-1.870556421	1.870556421	-1.888767415	1.888767415	-1.901256489	1.901256489	-1.91508256	1.91508256	-1.921574227	1.921574227	1.950846755	-1.950846755	-1.959329931	1.959329931	1.96485228	-1.96485228	-1.972635114	1.972635114	-1.974820442	1.974820442	-1.98114757	1.98114757	2.010646562	-2.010646562	
-0.1	-0.06856288328	0.06856288328	-0.1667074196	0.1667074196	-0.3957954058	0.3957954058	-0.4950795095	0.4950795095	-0.5106463184	0.5106463184	0.520592765	-0.520592765	-0.5482902822	0.5482902822	-0.5546070239	0.5546070239	0.5714611079	-0.5714611079	0.6307774157	-0.6307774157	-0.6351476596	0.6351476596	-0.6425246513	0.6425246513	-0.6480126118	0.6480126118	0.6515693173	-0.6515693173	0.7080728843	-0.7080728843	-0.7150985057	0.7150985057	-0.7350812261	0.7350812261	-0.7617302879	0.7617302879	0.7670080536	-0.7670080536	0.7881094678	-0.7881094678	-0.7933731989	0.7933731989	-0.815485553	0.815485553	0.8185771213	-0.8185771213	-0.8267430958	0.8267430958	-0.8621660903	0.8621660903	-0.8710202083	0.8710202083	-0.8885913313	0.8885913313	0.9267096979	-0.9267096979	0.9674928734	-0.9674928734	0.9689493212	-0.9689493212	0.9790007236	-0.9790007236	0.9904435917	-0.9904435917	1.003591753	-1.003591753	1.011280607	-1.011280607	1.017120588	-1.017120588	-1.026068839	1.026068839	-1.034193725	1.034193725	1.089236872	-1.089236872	1.092067059	-1.092067059	1.10684696	-1.10684696	1.123689233	-1.123689233	-1.138006836	1.138006836	1.193627273	-1.193627273	1.201699352	-1.201699352	1.207693323	-1.207693323	1.224800749	-1.224800749	1.230163568	-1.230163568	-1.246068805	1.246068805	-1.247828225	1.247828225	1.249605988	-1.249605988	-1.270220778	1.270220778	-1.287713597	1.287713597	-1.299880626	1.299880626	-1.303584716	1.303584716	1.330083554	-1.330083554	1.336920483	-1.336920483	1.346158171	-1.346158171	-1.355905104	1.355905104	-1.372787511	1.372787511	1.374657392	-1.374657392	-1.378441608	1.378441608	-1.387417568	1.387417568	1.395826811	-1.395826811	1.405005935	-1.405005935	1.434402675	-1.434402675	1.437824571	-1.437824571	-1.447596889	1.447596889	-1.474157305	1.474157305	-1.485196596	1.485196596	1.485958284	-1.485958284	-1.49250838	1.49250838	-1.495835295	1.495835295	1.53717779	-1.53717779	1.542485568	-1.542485568	-1.590033305	1.590033305	1.608059078	-1.608059078	1.61068291	-1.61068291	1.612259449	-1.612259449	-1.619794935	1.619794935	1.623322009	-1.623322009	-1.655836227	1.655836227	-1.68880332	1.68880332	1.69700044	-1.69700044	-1.723992339	1.723992339	1.732646778	-1.732646778	-1.770427694	1.770427694	-1.774984743	1.774984743	1.788138659	-1.788138659	1.803576329	-1.803576329	-1.812477091	1.812477091	1.834571637	-1.834571637	1.848645011	-1.848645011	-1.859029622	1.859029622	-1.870669515	1.870669515	-1.888708654	1.888708654	-1.901220503	1.901220503	-1.915111366	1.915111366	-1.922077683	1.922077683	1.950095083	-1.950095083	-1.95930459	1.95930459	-1.96484824	1.96484824	-1.972600368	1.972600368	1.974845141	-1.974845141	1.981183767	-1.981183767	2.010747226	-2.010747226	
-0.09	-0.07125358337	0.07125358337	-0.1640371247	0.1640371247	0.4020586709	-0.4020586709	0.4990808334	-0.4990808334	-0.5178231341	0.5178231341	0.5274514176	-0.5274514176	-0.5425249934	0.5425249934	-0.5572802245	0.5572802245	0.5766184491	-0.5766184491	0.6315130937	-0.6315130937	0.6354888541	-0.6354888541	-0.6369800116	0.6369800116	-0.6489302154	0.6489302154	0.653478075	-0.653478075	0.7051956927	-0.7051956927	-0.716913077	0.716913077	-0.7294200599	0.7294200599	-0.7607862958	0.7607862958	0.7632010461	-0.7632010461	0.7881153285	-0.7881153285	-0.7920555698	0.7920555698	0.8154824121	-0.8154824121	0.8225338225	-0.8225338225	-0.8325874259	0.8325874259	0.864493394	-0.864493394	-0.8710751904	0.8710751904	-0.8883195463	0.8883195463	0.9296223889	-0.9296223889	-0.9634099857	0.9634099857	0.9667449926	-0.9667449926	-0.9754726175	0.9754726175	-0.9903169641	0.9903169641	-1.003511707	1.003511707	-1.007183127	1.007183127	1.019266158	-1.019266158	-1.021570361	1.021570361	1.033134754	-1.033134754	-1.088033552	1.088033552	-1.099099352	1.099099352	1.113207414	-1.113207414	-1.123689442	1.123689442	-1.137981197	1.137981197	1.193000938	-1.193000938	-1.203474173	1.203474173	1.207354173	-1.207354173	-1.219404893	1.219404893	1.228023067	-1.228023067	-1.2451307	1.2451307	1.247871861	-1.247871861	1.249370369	-1.249370369	1.2702478	-1.2702478	1.287845659	-1.287845659	-1.29952798	1.29952798	1.303574975	-1.303574975	-1.330817368	1.330817368	-1.337010464	1.337010464	-1.346416223	1.346416223	-1.355937317	1.355937317	-1.372175277	1.372175277	-1.374432266	1.374432266	-1.378424756	1.378424756	1.386465984	-1.386465984	1.395872479	-1.395872479	-1.404913994	1.404913994	-1.434221981	1.434221981	1.43787422	-1.43787422	1.447546471	-1.447546471	1.474153341	-1.474153341	1.485209431	-1.485209431	-1.485814424	1.485814424	1.492274934	-1.492274934	-1.495829469	1.495829469	1.53720395	-1.53720395	1.542295877	-1.542295877	1.58990322	-1.58990322	1.607165204	-1.607165204	-1.610684346	1.610684346	1.612245291	-1.612245291	-1.61957082	1.61957082	-1.623301555	1.623301555	-1.655580545	1.655580545	-1.688904426	1.688904426	1.697039248	-1.697039248	1.723828731	-1.723828731	-1.732725625	1.732725625	-1.770617614	1.770617614	1.77506938	-1.77506938	1.788161529	-1.788161529	-1.803890826	1.803890826	-1.812103667	1.812103667	-1.834105601	1.834105601	-1.848648096	1.848648096	-1.858938777	1.858938777	1.870771323	-1.870771323	1.888651513	-1.888651513	1.90118392	-1.90118392	-1.915133288	1.915133288	1.922580317	-1.922580317	-1.949360815	1.949360815	-1.959291593	1.959291593	1.964846216	-1.964846216	1.972564506	-1.972564506	-1.974867279	1.974867279	1.981218717	-1.981218717	2.010844735	-2.010844735	
-0.08	-0.07381992938	0.07381992938	-0.1614882922	0.1614882922	-0.4082819504	0.4082819504	-0.5026640307	0.5026640307	0.5249109863	-0.5249109863	0.5342707443	-0.5342707443	0.5367453037	-0.5367453037	-0.5598250698	0.5598250698	0.580889476	-0.580889476	0.6284363879	-0.6284363879	0.6301086677	-0.6301086677	-0.6411327377	0.6411327377	-0.6464175566	0.6464175566	0.6586603104	-0.6586603104	0.7026812398	-0.7026812398	-0.7186391384	0.7186391384	-0.7236681082	0.7236681082	0.7593397046	-0.7593397046	0.7598861824	-0.7598861824	0.7881189885	-0.7881189885	-0.7896753846	0.7896753846	-0.8153315555	0.8153315555	0.8277055255	-0.8277055255	-0.8385747869	0.8385747869	-0.8665678718	0.8665678718	-0.8711274211	0.8711274211	-0.8880754255	0.8880754255	0.9323456596	-0.9323456596	-0.9578102218	0.9578102218	-0.9657851606	0.9657851606	-0.9722613959	0.9722613959	0.9902377085	-0.9902377085	1.00300359	-1.00300359	1.003440647	-1.003440647	-1.017211113	1.017211113	1.020896359	-1.020896359	1.032428131	-1.032428131	-1.086836609	1.086836609	1.106037043	-1.106037043	1.119649758	-1.119649758	-1.123690522	1.123690522	1.137957998	-1.137957998	-1.19201173	1.19201173	-1.205163576	1.205163576	1.207028577	-1.207028577	-1.214350764	1.214350764	-1.22603104	1.22603104	-1.24419169	1.24419169	-1.247933806	1.247933806	1.249300405	-1.249300405	-1.270275002	1.270275002	1.287976384	-1.287976384	1.299208549	-1.299208549	-1.303566113	1.303566113	1.331546331	-1.331546331	-1.337100981	1.337100981	1.346652853	-1.346652853	-1.355966598	1.355966598	-1.37154119	1.37154119	-1.374231301	1.374231301	-1.378425139	1.378425139	-1.385585973	1.385585973	-1.395915509	1.395915509	-1.404828057	1.404828057	-1.434046223	1.434046223	1.4379299	-1.4379299	-1.447505022	1.447505022	-1.474150298	1.474150298	-1.485222275	1.485222275	1.485669063	-1.485669063	-1.492055292	1.492055292	-1.495822178	1.495822178	1.537249459	-1.537249459	1.542134659	-1.542134659	1.589803046	-1.589803046	1.606298835	-1.606298835	1.610685717	-1.610685717	-1.612233176	1.612233176	-1.619370417	1.619370417	1.623283526	-1.623283526	1.655349691	-1.655349691	-1.688997138	1.688997138	1.697075992	-1.697075993	-1.723679299	1.723679299	1.732798312	-1.732798312	-1.770788722	1.770788722	1.775143671	-1.775143671	-1.788186886	1.788186886	-1.804200048	1.804200048	1.811755733	-1.811755733	-1.833649656	1.833649656	-1.848651033	1.848651033	-1.858845698	1.858845698	1.870861761	-1.870861761	-1.888595997	1.888595997	1.901146773	-1.901146773	1.915149072	-1.915149072	-1.923078666	1.923078666	1.948648303	-1.948648303	1.959290966	-1.959290966	-1.964845085	1.964845085	-1.972527477	1.972527477	1.974886844	-1.974886844	1.981252266	-1.981252266	2.010938795	-2.010938795	
-0.07	-0.07623908888	0.07623908888	-0.1590837565	0.1590837565	0.4144588182	-0.4144588182	-0.505790681	0.505790681	0.5309593346	-0.5309593346	0.5318925459	-0.5318925459	0.5410489736	-0.5410489736	0.5622173439	-0.5622173439	0.58389154	-0.58389154	-0.623953097	0.623953097	0.626280504	-0.626280504	-0.6440546664	0.6440546664	-0.6456052566	0.6456052566	0.6635167586	-0.6635167586	0.700575704	-0.700575704	-0.7177679869	0.7177679869	-0.7203404622	0.7203404622	-0.7556658129	0.7556658129	0.7589165912	-0.7589165912	0.7869243266	-0.7869243266	0.7881209018	-0.7881209018	-0.8151468191	0.8151468191	-0.8334635481	0.8334635481	-0.8445769133	0.8445769133	-0.8682746477	0.8682746477	0.8711771202	-0.8711771202	-0.8878601975	0.8878601975	-0.9347870075	0.9347870075	0.9521785192	-0.9521785192	0.9645443145	-0.9645443145	0.969421273	-0.969421273	-0.9901839316	0.9901839316	-0.9989210103	0.9989210103	1.003378565	-1.003378565	1.013096247	-1.013096247	1.022018031	-1.022018031	1.031942636	-1.031942636	-1.085682621	1.085682621	1.112863473	-1.112863473	-1.123686643	1.123686643	-1.126108778	1.126108778	1.137937286	-1.137937286	1.190416405	-1.190416405	1.206718264	-1.206718264	1.206755218	-1.206755218	1.209898035	-1.209898035	-1.224277618	1.224277618	-1.24326298	1.24326298	-1.248011026	1.248011026	1.249345394	-1.249345394	1.270302343	-1.270302343	1.288105756	-1.288105756	-1.298923377	1.298923377	-1.303558127	1.303558127	1.33226643	-1.33226643	-1.337195562	1.337195562	-1.346865799	1.346865799	-1.355992767	1.355992767	-1.370889619	1.370889619	-1.374054714	1.374054714	1.378435699	-1.378435699	-1.384784056	1.384784056	-1.395955477	1.395955477	1.404748203	-1.404748203	-1.433875281	1.433875281	1.437991465	-1.437991465	1.447472362	-1.447472362	-1.47414837	1.47414837	1.485235133	-1.485235133	1.485521679	-1.485521679	1.491850175	-1.491850175	-1.495813388	1.495813388	1.537314601	-1.537314601	1.542001508	-1.542001508	1.589732946	-1.589732946	1.605461308	-1.605461308	-1.610687029	1.610687029	-1.612222764	1.612222764	1.619193876	-1.619193876	-1.623267786	1.623267786	1.655143802	-1.655143802	-1.68908112	1.68908112	1.697110704	-1.697110704	-1.723544464	1.723544464	-1.732864844	1.732864844	1.770940881	-1.770940881	-1.775207541	1.775207541	-1.788214663	1.788214663	-1.804503922	1.804503922	-1.811433639	1.811433639	-1.833204074	1.833204074	-1.848653813	1.848653813	1.858750377	-1.858750377	-1.870940754	1.870940754	1.888542103	-1.888542103	1.901109098	-1.901109098	-1.915159303	1.915159303	1.923568963	-1.923568963	-1.947962059	1.947962059	-1.959302726	1.959302726	1.96484394	-1.96484394	-1.972489243	1.972489243	-1.974903826	1.974903826	1.98128428	-1.98128428	-2.011029158	2.011029158	
-0.06	-0.0784840841	0.0784840841	-0.156850497	0.156850497	-0.420580099	0.420580099	-0.5084227243	0.5084227243	0.5251773231	-0.5251773231	0.538739662	-0.538739662	0.5477839976	-0.5477839976	-0.564429042	0.564429042	0.5852155252	-0.5852155252	-0.6178012111	0.6178012111	0.6254254764	-0.6254254764	-0.6418695203	0.6418695203	0.6495497305	-0.6495497305	0.6680048693	-0.6680048693	0.6989228928	-0.6989228928	-0.7118819074	0.7118819074	-0.721854176	0.721854176	-0.7522028484	0.7522028484	-0.7579939675	0.7579939675	-0.7841810456	0.7841810456	0.7881213431	-0.7881213431	-0.8149643873	0.8149643873	-0.8394996205	0.8394996205	-0.8505376288	0.8505376288	0.8695155458	-0.8695155458	-0.871224834	0.871224834	0.8876756271	-0.8876756271	0.9368355972	-0.9368355972	-0.9465380777	0.9465380777	-0.962937342	0.962937342	0.9669975506	-0.9669975506	0.9901451963	-0.9901451963	0.9950984841	-0.9950984841	1.003325466	-1.003325466	1.009328388	-1.009328388	-1.022656845	1.022656845	-1.031603587	1.031603587	-1.084554369	1.084554369	-1.119553204	1.119553204	-1.12368889	1.12368889	-1.132543782	1.132543782	-1.137919512	1.137919512	1.18791826	-1.18791826	1.206367566	-1.206367566	1.206425614	-1.206425614	-1.208235046	1.208235046	-1.222831263	1.222831263	-1.242358709	1.242358709	-1.24809353	1.24809353	1.249480648	-1.249480648	1.27032978	-1.27032978	-1.288233831	1.288233831	1.298673343	-1.298673343	1.303551019	-1.303551019	-1.332971615	1.332971615	1.337299774	-1.337299774	-1.347053033	1.347053033	-1.35601566	1.35601566	-1.370222981	1.370222981	-1.373902698	1.373902698	-1.378451457	1.378451457	1.384066375	-1.384066375	-1.395992111	1.395992111	-1.404674511	1.404674511	-1.433709057	1.433709057	1.43805875	-1.43805875	-1.44744832	1.44744832	1.474147755	-1.474147755	-1.485248009	1.485248009	1.48537181	-1.48537181	-1.491660224	1.491660224	-1.495803066	1.495803066	-1.537399699	1.537399699	1.541895972	-1.541895972	-1.589693072	1.589693072	1.604653761	-1.604653761	-1.610688287	1.610688287	-1.612213885	1.612213885	1.619041301	-1.619041301	1.623254238	-1.623254238	-1.654962994	1.654962994	1.689156059	-1.689156059	-1.697143416	1.697143416	-1.723424615	1.723424615	1.732925227	-1.732925227	1.771073987	-1.771073987	-1.775260922	1.775260922	1.788244781	-1.788244781	-1.804802381	1.804802381	-1.811137714	1.811137714	1.832769121	-1.832769121	-1.848656431	1.848656431	1.8586528	-1.8586528	-1.871008237	1.871008237	1.888489824	-1.888489824	-1.901070936	1.901070936	-1.915164443	1.915164443	-1.924047043	1.924047043	1.94730687	-1.94730687	1.95932688	-1.95932688	1.964842043	-1.964842043	-1.972449788	1.972449788	1.974918214	-1.974918214	-1.981314638	1.981314638	-2.011115619	2.011115619	
-0.05	-0.08052361765	0.08052361765	-0.1548198126	0.1548198126	-0.4266321537	0.4266321537	0.5105234377	-0.5105234377	-0.5194148154	0.5194148154	-0.5454032283	0.5454032283	0.5544732408	-0.5544732408	-0.5664279071	0.5664279071	-0.584662696	0.584662696	-0.611714297	0.611714297	0.6260300855	-0.6260300855	-0.63989436	0.63989436	0.6528390492	-0.6528390492	-0.6720885522	0.6720885522	0.697758769	-0.697758769	-0.7059138935	0.7059138935	-0.7232698927	0.7232698927	-0.7491145105	0.7491145105	-0.7571076673	0.7571076673	0.7816719887	-0.7816719887	-0.7881204854	0.7881204854	-0.814799248	0.814799248	-0.8456638755	0.8456638755	-0.8564073824	0.8564073824	0.8702188896	-0.8702188896	-0.8712715583	0.8712715583	-0.8875245195	0.8875245195	0.9383628584	-0.9383628584	-0.9409140444	0.9409140444	-0.960873416	0.960873416	0.9650210857	-0.9650210857	-0.9901159071	0.9901159071	0.9916847913	-0.9916847913	-1.003281365	1.003281365	-1.006021379	1.006021379	1.02285618	-1.02285618	1.031366666	-1.031366666	-1.083413004	1.083413004	-1.123689658	1.123689658	1.126064198	-1.126064198	1.137893377	-1.137893377	1.138957763	-1.138957763	-1.184382081	1.184382081	-1.203938105	1.203938105	1.206153184	-1.206153184	1.209582955	-1.209582955	1.221743594	-1.221743594	-1.241496455	1.241496455	1.248171135	-1.248171135	1.249694217	-1.249694217	1.270357272	-1.270357272	1.288360726	-1.288360726	-1.298459166	1.298459166	1.303544787	-1.303544787	1.333652439	-1.333652439	-1.337422572	1.337422572	-1.347212832	1.347212832	-1.356035129	1.356035129	-1.369542679	1.369542679	-1.373775419	1.373775419	-1.378468851	1.378468851	-1.383438413	1.383438413	1.396025237	-1.396025237	-1.404607051	1.404607051	-1.433547473	1.433547473	1.438131574	-1.438131574	-1.447432734	1.447432734	1.474148657	-1.474148657	1.485219073	-1.485219073	-1.485260905	1.485260905	-1.491485983	1.491485983	1.495791186	-1.495791186	1.537505107	-1.537505107	1.541817563	-1.541817563	1.589683568	-1.589683568	1.603877227	-1.603877227	-1.610689496	1.610689496	1.612206442	-1.612206442	-1.61891277	1.61891277	-1.623242814	1.623242814	-1.654807359	1.654807359	1.689221671	-1.689221671	1.697174164	-1.697174164	1.723320106	-1.723320106	1.732979464	-1.732979464	-1.771187969	1.771187969	-1.775303749	1.775303749	-1.78827714	1.78827714	-1.80509536	1.80509536	1.810868274	-1.810868274	1.832345053	-1.832345053	-1.848658878	1.848658878	1.858552955	-1.858552955	-1.871064155	1.871064155	-1.888439147	1.888439147	-1.901032329	1.901032329	1.915164859	-1.915164859	1.924508252	-1.924508252	1.946687899	-1.946687899	-1.959363424	1.959363424	1.964838789	-1.964838789	-1.972409105	1.972409105	1.974930002	-1.974930002	-1.981343237	1.981343237	2.011198016	-2.011198016	
-0.04	-0.08232239136	0.08232239136	-0.1530270028	0.1530270028	0.4325937393	-0.4325937393	0.5120371818	-0.5120371818	-0.5137183007	0.5137183007	-0.5517900163	0.5517900163	0.5611134531	-0.5611134531	-0.5681778547	0.5681778547	0.5824159661	-0.5824159661	-0.6057877943	0.6057877943	0.6278583302	-0.6278583302	-0.638165264	0.638165264	0.6553435463	-0.6553435463	0.6757492196	-0.6757492196	0.6971038851	-0.6971038851	-0.6998935909	0.6998935909	-0.724546617	0.724546617	-0.7465449253	0.7465449253	-0.75627605	0.75627605	0.7795564281	-0.7795564281	0.788118441	-0.788118441	0.8146587915	-0.8146587915	-0.8518759453	0.8518759453	-0.8620956563	0.8620956563	-0.8703650609	0.8703650609	0.871326875	-0.871326875	0.8874117822	-0.8874117822	0.9353404333	-0.9353404333	0.9392315585	-0.9392315585	-0.9582806383	0.9582806383	-0.9635002679	0.9635002679	0.9887941101	-0.9887941101	0.9900927994	-0.9900927994	1.003246288	-1.003246288	1.003300657	-1.003300657	1.022673937	-1.022673937	1.031204543	-1.031204543	-1.082211948	1.082211948	1.123690344	-1.123690344	1.132319794	-1.132319794	-1.137886285	1.137886285	-1.145311335	1.145311335	1.180018983	-1.180018983	1.202473705	-1.202473705	1.205902818	-1.205902818	-1.210778213	1.210778213	1.221052372	-1.221052372	-1.240697556	1.240697556	-1.248237864	1.248237864	1.249978121	-1.249978121	1.270384778	-1.270384778	1.288486614	-1.288486614	-1.298281413	1.298281413	-1.303539433	1.303539433	1.334294008	-1.334294008	-1.337578356	1.337578356	-1.34734384	1.34734384	-1.356051047	1.356051047	-1.36884982	1.36884982	-1.373673016	1.373673016	-1.37848532	1.37848532	-1.382904665	1.382904665	-1.396054741	1.396054741	-1.404545889	1.404545889	1.433390466	-1.433390466	1.438209738	-1.438209738	-1.447425447	1.447425447	1.474151284	-1.474151284	-1.48506318	1.48506318	-1.485273827	1.485273827	1.491327886	-1.491327886	1.495777723	-1.495777723	-1.537631198	1.537631198	-1.541765761	1.541765761	1.589704566	-1.589704566	1.603132664	-1.603132664	1.610690662	-1.610690662	-1.612200383	1.612200383	1.618808339	-1.618808339	-1.623233471	1.623233471	1.654676968	-1.654676968	-1.689277701	1.689277701	-1.697202984	1.697202984	-1.723231248	1.723231248	-1.733027563	1.733027563	1.771282786	-1.771282786	-1.775335966	1.775335966	-1.788311628	1.788311628	-1.805382803	1.805382803	1.810625619	-1.810625619	1.831932123	-1.831932123	1.848661147	-1.848661147	1.858450826	-1.858450826	1.871108464	-1.871108464	-1.888390056	1.888390056	1.900993322	-1.900993322	-1.915160844	1.915160844	-1.924947386	1.924947386	1.946110756	-1.946110756	-1.959412348	1.959412348	1.964833684	-1.964833684	1.972367206	-1.972367206	1.974939182	-1.974939182	1.981369989	-1.981369989	-2.011276227	2.011276227	
-0.03	-0.0838422366	0.0838422366	-0.1515102372	0.1515102372	-0.4384299148	0.4384299148	0.5080170615	-0.5080170615	-0.5130458632	0.5130458632	-0.5577050251	0.5577050251	0.5677003703	-0.5677003703	-0.569640315	0.569640315	0.5788894386	-0.5788894386	-0.6002172125	0.6002172125	0.6304275776	-0.6304275776	-0.636720801	0.636720801	0.6569365249	-0.6569365249	-0.6789992518	0.6789992518	-0.6938303829	0.6938303829	0.6969566921	-0.6969566921	0.7256592339	-0.7256592339	0.7446307028	-0.7446307028	-0.7555219804	0.7555219804	0.7779579254	-0.7779579254	0.7881152828	-0.7881152828	-0.8145471138	0.8145471138	-0.858085871	0.858085871	0.8671206824	-0.8671206824	-0.8702401993	0.8702401993	-0.8714938876	0.8714938876	-0.8873468748	0.8873468748	0.929871032	-0.929871032	0.9393172009	-0.9393172009	0.9551379964	-0.9551379964	0.9624139396	-0.9624139396	0.9864721151	-0.9864721151	0.9900738432	-0.9900738432	1.001291865	-1.001291865	1.003220268	-1.003220268	1.022177934	-1.022177934	1.031099767	-1.031099767	-1.080906884	1.080906884	-1.123691064	1.123691064	-1.13787496	1.13787496	1.138161532	-1.138161532	-1.151619593	1.151619593	-1.175269299	1.175269299	-1.201692401	1.201692401	1.20567464	-1.20567464	1.21179518	-1.21179518	-1.220783116	1.220783116	-1.239986983	1.239986983	-1.24829208	1.24829208	-1.250325524	1.250325524	-1.270412255	1.270412255	1.288611714	-1.288611714	1.298140506	-1.298140506	-1.303534956	1.303534956	-1.334873949	1.334873949	1.337789003	-1.337789003	-1.34744514	1.34744514	1.356063314	-1.356063314	1.368145743	-1.368145743	-1.373595602	1.373595602	1.378499079	-1.378499079	1.38246831	-1.38246831	-1.396080556	1.396080556	1.404491083	-1.404491083	-1.433237993	1.433237993	-1.438293026	1.438293026	-1.447426315	1.447426315	1.474155844	-1.474155844	1.484903947	-1.484903947	-1.485286777	1.485286777	1.491186246	-1.491186246	1.495762654	-1.495762654	1.537778351	-1.537778351	1.54174003	-1.54174003	1.589756188	-1.589756188	1.602420978	-1.602420978	1.610691789	-1.610691789	1.612195672	-1.612195672	1.618728047	-1.618728047	-1.623226179	1.623226179	1.654571874	-1.654571874	-1.68932393	1.68932393	1.697229916	-1.697229916	1.723158312	-1.723158312	-1.733069529	1.733069529	1.771358428	-1.771358428	-1.77535752	1.77535752	1.788348118	-1.788348118	-1.805664656	1.805664656	-1.810410034	1.810410034	-1.831530577	1.831530577	-1.84866323	1.84866323	-1.858346397	1.858346397	-1.871141127	1.871141127	1.888342526	-1.888342526	1.900953964	-1.900953964	1.91515263	-1.91515263	-1.925358663	1.925358663	-1.945581534	1.945581534	-1.959473627	1.959473627	-1.96482632	1.96482632	-1.972324115	1.972324115	1.974945748	-1.974945748	1.981394816	-1.981394816	2.01135017	-2.01135017	
-0.02	-0.08504436364	0.08504436364	-0.1503083063	0.1503083063	-0.4440794157	0.4440794157	0.502507213	-0.502507213	-0.5133994555	0.5133994555	-0.5627033116	0.5627033116	0.5707767504	-0.5707767504	0.5742281191	-0.5742281191	0.5744791242	-0.5744791242	-0.5954474996	0.5954474996	0.6332562784	-0.6332562784	-0.6355995091	0.6355995091	0.6575157573	-0.6575157573	0.6818894312	-0.6818894312	-0.6877319834	0.6877319834	0.6972957112	-0.6972957112	0.7265809206	-0.7265809206	0.743480173	-0.743480173	-0.7548715473	0.7548715473	0.7769709501	-0.7769709501	-0.7881110572	0.7881110572	0.8144666626	-0.8144666626	0.8642556584	-0.8642556584	0.8679804525	-0.8679804525	-0.8710963	0.8710963	-0.8739104833	0.8739104833	-0.8873501847	0.8873501847	-0.9246014285	0.9246014285	-0.9385388838	0.9385388838	0.9514924151	-0.9514924151	0.9617081243	-0.9617081243	0.9846783279	-0.984678328	-0.9900577139	0.9900577139	-1.000096342	1.000096342	1.003203351	-1.003203351	-1.021440756	1.021440756	1.031040878	-1.031040878	1.079463901	-1.079463901	-1.123691846	1.123691846	1.137865513	-1.137865513	-1.143210876	1.143210876	1.157869684	-1.157869684	-1.170732063	1.170732063	1.201373406	-1.201373406	1.205466516	-1.205466516	-1.212605931	1.212605931	-1.220949686	1.220949686	-1.23939231	1.23939231	-1.248334513	1.248334513	-1.250731139	1.250731139	1.270439663	-1.270439663	1.288736295	-1.288736295	-1.298036739	1.298036739	1.303531358	-1.303531358	-1.335364031	1.335364031	-1.338082246	1.338082246	1.347516299	-1.347516299	-1.356071851	1.356071851	1.36743236	-1.36743236	-1.373543259	1.373543259	-1.37850902	1.37850902	1.382130943	-1.382130943	-1.396102651	1.396102651	-1.40444268	1.40444268	1.433090028	-1.433090028	1.438381205	-1.438381205	-1.447435202	1.447435202	-1.474162549	1.474162549	1.484741305	-1.484741305	-1.48529976	1.48529976	1.49106125	-1.49106125	1.495745962	-1.495745962	1.537946944	-1.537946944	-1.541739825	1.541739825	1.589838547	-1.589838547	1.601743028	-1.601743028	-1.610692879	1.610692879	1.61219229	-1.61219229	1.618671922	-1.618671922	1.623220924	-1.623220924	1.654492109	-1.654492109	-1.689360172	1.689360172	1.697255	-1.697255	1.723101522	-1.723101522	1.733105368	-1.733105368	1.771414913	-1.771414913	1.775368365	-1.775368365	-1.78838647	1.78838647	-1.805940869	1.805940869	1.810221787	-1.810221787	-1.831140659	1.831140659	-1.848665118	1.848665118	-1.858239651	1.858239651	-1.871162121	1.871162121	1.888296529	-1.888296529	-1.900914308	1.900914308	1.915140402	-1.915140402	-1.925735762	1.925735762	1.945106778	-1.945106778	1.95954723	-1.95954723	1.964816362	-1.964816362	-1.972279869	1.972279869	1.974949697	-1.974949697	-1.981417654	1.981417654	2.011419798	-2.011419798	
-0.01	-0.08589284033	0.08589284033	-0.149457143	0.149457143	-0.4494267155	0.4494267155	-0.497244188	0.497244188	-0.5131527899	0.5131527899	-0.5658026799	0.5658026799	-0.5694660241	0.5694660241	0.5715523828	-0.5715523828	0.5806880809	-0.5806880809	0.592460782	-0.592460782	-0.6348361664	0.6348361664	0.6359614599	-0.6359614599	0.6570291273	-0.6570291273	-0.6816057557	0.6816057557	0.6844991881	-0.6844991881	0.6980990367	-0.6980990367	-0.727283798	0.727283798	-0.7431488433	0.7431488433	-0.7543523065	0.7543523065	0.7766568324	-0.7766568324	0.7881057903	-0.7881057903	0.8144189605	-0.8144189605	-0.8663508028	0.8663508028	0.8703480789	-0.8703480789	-0.8712235481	0.8712235481	0.8784088561	-0.8784088561	-0.8874705573	0.8874705573	0.9197185404	-0.9197185404	-0.9368867196	0.9368867196	0.9474455213	-0.9474455213	-0.9612982115	0.9612982115	0.9833097337	-0.9833097337	0.9900435139	-0.9900435139	-0.9997591305	0.9997591305	1.003195598	-1.003195598	1.020534498	-1.020534498	1.031020189	-1.031020189	1.077865709	-1.077865709	-1.123692697	1.123692697	-1.137858169	1.137858169	-1.146499163	1.146499163	-1.16405544	1.16405544	1.167491696	-1.167491696	1.201400632	-1.201400632	1.205274491	-1.205274491	-1.213182463	1.213182463	1.221554025	-1.221554025	-1.238941327	1.238941327	1.248366575	-1.248366575	-1.251192063	1.251192063	-1.270466963	1.270466963	-1.288860669	1.288860669	1.297970284	-1.297970284	-1.303528639	1.303528639	1.335741544	-1.335741544	1.338480299	-1.338480299	-1.347557404	1.347557404	-1.356076609	1.356076609	1.36671234	-1.36671234	-1.373516042	1.373516042	-1.378514657	1.378514657	1.381892448	-1.381892448	-1.396121021	1.396121021	-1.404400718	1.404400718	1.432946564	-1.432946564	-1.438474028	1.438474028	-1.447451981	1.447451981	-1.474171609	1.474171609	1.484575299	-1.484575299	-1.48531278	1.48531278	-1.490952958	1.490952958	1.495727632	-1.495727632	1.538137334	-1.538137334	1.541764606	-1.541764606	-1.589951743	1.589951743	-1.60109963	1.60109963	-1.610693937	1.610693937	-1.612190222	1.612190222	-1.618639984	1.618639984	-1.623217703	1.623217703	-1.654437683	1.654437683	-1.689386282	1.689386282	1.697278281	-1.697278281	1.723061054	-1.723061054	-1.733135087	1.733135087	-1.771452288	1.771452288	1.775368457	-1.775368457	-1.788426534	1.788426534	-1.806211396	1.806211396	-1.810061132	1.810061132	1.830762608	-1.830762608	-1.848666802	1.848666802	1.85813057	-1.85813057	-1.87117143	1.87117143	-1.888252033	1.888252033	1.900874409	-1.900874409	-1.915124308	1.915124308	-1.92607195	1.92607195	-1.944693355	1.944693355	1.959633114	-1.959633114	1.964803535	-1.964803535	-1.972234516	1.972234516	-1.974951027	1.974951027	1.981438453	-1.981438453	2.011485106	-2.011485106	
1.289891889e-15	-0.08635895938	0.08635895938	-0.1489854548	0.1489854548	-0.4542375773	0.4542375773	0.492466152	-0.492466152	-0.5123070745	0.5123070745	0.564029214	-0.564029214	-0.5656885736	0.5656885736	0.5719406452	-0.5719406452	0.5870664576	-0.5870664576	-0.5925721465	0.5925721465	-0.6344573454	0.6344573454	0.6382504794	-0.6382504794	0.6554921973	-0.6554921973	-0.6754593208	0.6754593208	0.6869110781	-0.6869110781	0.6993743661	-0.6993743661	-0.7277417757	0.7277417757	0.743623411	-0.743623411	-0.7539902201	0.7539902201	0.7770375626	-0.7770375626	0.7880994917	-0.7880994917	-0.8144049572	0.8144049572	-0.8640329166	0.8640329166	0.8712554774	-0.8712554774	-0.8763158157	0.8763158157	-0.8821181348	0.8821181348	-0.8878131549	0.8878131549	-0.915610892	0.915610892	-0.9344334697	0.9344334697	0.9431210051	-0.9431210051	0.9610763583	-0.9610763583	-0.9822508967	0.9822508967	0.9900306182	-0.9900306182	-1.000248382	1.000248382	-1.003197083	1.003197083	1.019525286	-1.019525286	-1.031032485	1.031032485	-1.076115845	1.076115845	-1.123693621	1.123693621	1.137852966	-1.137852966	-1.146400331	1.146400331	-1.167209247	1.167209247	1.170171365	-1.170171365	-1.201738736	1.201738736	1.205093982	-1.205093982	1.213500546	-1.213500546	-1.222585611	1.222585611	-1.238658165	1.238658165	-1.248389592	1.248389592	1.251708205	-1.251708205	1.270494116	-1.270494116	-1.288985194	1.288985194	1.297941202	-1.297941202	1.303526801	-1.303526801	-1.336005327	1.336005327	-1.338983826	1.338983826	-1.347569077	1.347569077	-1.35607757	1.35607757	-1.365989141	1.365989141	-1.373513975	1.373513975	-1.378516031	1.378516031	1.381751076	-1.381751076	-1.396135687	1.396135687	1.404365224	-1.404365224	-1.432807611	1.432807611	1.438571231	-1.438571231	1.447476536	-1.447476536	-1.47418323	1.47418323	1.484406082	-1.484406082	-1.485325841	1.485325841	1.490861308	-1.490861308	-1.495707654	1.495707654	1.538349848	-1.538349848	-1.541813849	1.541813849	1.590095862	-1.590095862	-1.600491563	1.600491563	1.610694964	-1.610694964	1.612189457	-1.612189457	1.618632243	-1.618632243	-1.623216524	1.623216524	1.65440859	-1.65440859	1.689402155	-1.689402155	-1.697299802	1.697299802	-1.723037035	1.723037035	1.733158693	-1.733158693	1.771470625	-1.771470625	-1.775357761	1.775357761	-1.78846815	1.78846815	1.806476194	-1.806476194	-1.809928309	1.809928309	1.830396661	-1.830396661	-1.848668273	1.848668273	-1.858019134	1.858019134	1.871169049	-1.871169049	-1.888208997	1.888208997	1.900834323	-1.900834323	-1.915104462	1.915104462	-1.926360334	1.926360334	1.944348213	-1.944348213	1.959731227	-1.959731227	-1.96478762	1.96478762	1.972188119	-1.972188119	1.974949734	-1.974949734	1.981457169	-1.981457169	2.011546119	-2.011546119	
0.01	-0.08642555571	0.08642555571	-0.1489104069	0.1489104069	-0.4580222338	0.4580222338	-0.4886635972	0.4886635972	-0.5108766597	0.5108766597	-0.5582806312	0.5582806312	0.5624262378	-0.5624262378	-0.5719273389	0.5719273389	0.5933383452	-0.5933383452	-0.5957197226	0.5957197226	-0.6344772456	0.6344772456	0.6398976926	-0.6398976926	0.6529883546	-0.6529883546	-0.6693016804	0.6693016804	0.6891934635	-0.6891934635	0.7011693287	-0.7011693287	-0.7279346785	0.7279346785	0.7448240615	-0.7448240615	0.7538054816	-0.7538054816	0.7780935048	-0.7780935048	0.788092155	-0.788092155	0.8144252164	-0.8144252164	0.8612121773	-0.8612121773	-0.871263292	0.871263292	-0.8820842181	0.8820842181	-0.8841630186	0.8841630186	-0.8883144758	0.8883144758	-0.9130336654	0.9130336654	-0.9313363087	0.9313363087	-0.9386325714	0.9386325714	-0.9609223877	0.9609223877	0.9814110203	-0.9814110203	-0.9900185838	0.9900185838	1.001464904	-1.001464904	1.003207901	-1.003207901	1.018467028	-1.018467028	1.031074242	-1.031074242	-1.074241129	1.074241129	1.123694619	-1.123694619	-1.137849906	1.137849906	1.142903637	-1.142903637	1.169869698	-1.169869698	-1.176212292	1.176212292	-1.202413081	1.202413081	1.204921023	-1.204921023	-1.213544359	1.213544359	1.224021382	-1.224021382	-1.238558665	1.238558665	1.2484046	-1.2484046	-1.252282554	1.252282554	1.270521086	-1.270521086	1.28911028	-1.28911028	-1.297949454	1.297949454	1.303525847	-1.303525847	1.336175658	-1.336175658	1.339572064	-1.339572064	-1.347552454	1.347552454	-1.356074745	1.356074745	-1.365266961	1.365266961	-1.373537053	1.373537053	1.378513485	-1.378513485	-1.381703773	1.381703773	1.396146688	-1.396146688	-1.404336209	1.404336209	1.432673198	-1.432673198	1.438672537	-1.438672537	1.44750876	-1.44750876	1.474197618	-1.474197618	1.484233911	-1.484233911	-1.485338946	1.485338946	1.490786126	-1.490786126	1.49568602	-1.49568602	1.538584763	-1.538584763	1.541887063	-1.541887063	-1.590270977	1.590270977	1.599919563	-1.599919563	-1.610695961	1.610695961	-1.612189988	1.612189988	-1.618648699	1.618648699	-1.623217407	1.623217407	1.654404805	-1.654404805	-1.689407727	1.689407727	-1.697319612	1.697319612	-1.72302954	1.72302954	-1.733176191	1.733176191	-1.771470019	1.771470019	1.775336245	-1.775336245	-1.788511151	1.788511151	-1.806735224	1.806735224	1.809823542	-1.809823542	-1.830043052	1.830043052	1.848669519	-1.848669519	1.857905322	-1.857905322	1.871154982	-1.871154982	-1.888167378	1.888167378	1.900794114	-1.900794114	1.915080957	-1.915080957	1.926594247	-1.926594247	-1.944077994	1.944077994	1.959841507	-1.959841507	1.96476844	-1.96476844	-1.97214075	1.97214075	1.97494582	-1.97494582	1.981473774	-1.981473774	2.011602904	-2.011602904	
0.02	-0.08608994963	0.08608994963	-0.1492346791	0.1492346791	0.4599007282	-0.4599007282	0.4867167466	-0.4867167466	-0.508884987	0.508884987	0.5522915778	-0.5522915778	0.5573509531	-0.5573509531	-0.5715131029	0.5715131029	-0.5994551496	0.5994551496	0.6005788929	-0.6005788929	-0.6348952323	0.6348952323	0.6407366504	-0.6407366504	0.6496541242	-0.6496541242	-0.6631465148	0.6631465148	-0.6914134855	0.6914134855	0.7035372997	-0.7035372997	-0.7278524049	0.7278524049	-0.7466234277	0.7466234277	0.7538083858	-0.7538083858	0.7797678861	-0.7797678861	0.7880837568	-0.7880837568	0.8144800197	-0.8144800197	0.8579895412	-0.8579895412	0.8712551266	-0.8712551266	0.8844492683	-0.8844492683	-0.8875145666	0.8875145666	0.8881196995	-0.8881196995	0.9129078976	-0.9129078976	0.9278535021	-0.9278535021	-0.9340631046	0.9340631047	0.9607160958	-0.9607160958	0.9807309565	-0.9807309565	-0.9900070944	0.9900070944	1.003228169	-1.003228169	1.003275851	-1.003275851	-1.017393952	1.017393953	-1.031143142	1.031143142	-1.072292843	1.072292843	-1.123695692	1.123695692	-1.13765497	1.13765497	-1.137848984	1.137848984	1.173748402	-1.173748402	1.182173238	-1.182173238	-1.203501962	1.203501962	1.204752932	-1.204752932	-1.213310189	1.213310189	-1.225826494	1.225826494	-1.23864667	1.23864667	1.248412353	-1.248412353	-1.252921612	1.252921612	-1.27054784	1.27054784	-1.289236399	1.289236399	1.297994906	-1.297994906	-1.303525778	1.303525778	1.336278436	-1.336278436	-1.340218631	1.340218631	-1.347509157	1.347509157	-1.356068173	1.356068173	1.364550633	-1.364550633	-1.373585241	1.373585241	-1.378507347	1.378507347	1.381746678	-1.381746678	-1.396154084	1.396154084	-1.404313674	1.404313674	1.432543373	-1.432543373	-1.438777655	1.438777655	1.447548556	-1.447548556	1.474214969	-1.474214969	1.484059131	-1.484059131	-1.4853521	1.4853521	1.490727144	-1.490727144	-1.495662726	1.495662726	1.538842295	-1.538842295	-1.5419838	1.5419838	1.590477147	-1.590477147	1.599384333	-1.599384333	-1.610696928	1.610696928	-1.612191805	1.612191805	-1.618689347	1.618689347	1.623220383	-1.623220383	-1.654426282	1.654426282	1.689402977	-1.689402977	-1.69733776	1.69733776	-1.723038591	1.723038591	-1.733187588	1.733187588	-1.771450585	1.771450585	1.775303881	-1.775303881	-1.788555366	1.788555366	1.806988451	-1.806988451	-1.809747038	1.809747038	-1.829702015	1.829702015	1.848670529	-1.848670529	1.857789113	-1.857789113	1.871129245	-1.871129245	-1.888127127	1.888127127	1.900753846	-1.900753846	-1.915053861	1.915053861	-1.92676776	1.92676776	-1.943888523	1.943888523	1.95996388	-1.95996388	-1.964745865	1.964745865	-1.97209249	1.97209249	1.974939285	-1.974939285	-1.981488246	1.981488246	2.011655561	-2.011655561	
0.03	-0.08536443113	0.08536443113	-0.1499459808	0.1499459808	-0.4590886542	0.4590886542	0.4874101161	-0.4874101161	-0.506362385	0.506362385	0.5461089951	-0.5461089951	-0.5514024801	0.5514024801	-0.5707133045	0.5707133045	0.6053541216	-0.6053541216	0.6061982487	-0.6061982487	-0.6356959411	0.6356959411	0.6406657451	-0.6406657451	0.6456638856	-0.6456638856	0.6570221897	-0.6570221897	0.6936599349	-0.6936599349	0.7064844532	-0.7064844532	-0.7274973331	0.7274973331	0.7488708262	-0.7488708262	-0.7539970648	0.7539970648	0.7819768885	-0.7819768885	0.7880742539	-0.7880742539	-0.8145694283	0.8145694283	0.8544557524	-0.8544557524	-0.8712286675	0.8712286675	-0.8827611248	0.8827611248	-0.887399253	0.887399253	-0.8923163011	0.8923163011	-0.9152746081	0.9152746081	-0.9244113415	0.9244113415	-0.9294617096	0.9294617096	0.96034923	-0.96034923	0.9801737352	-0.9801737352	-0.9899959264	0.9899959264	1.003258034	-1.003258034	1.005548262	-1.005548262	1.016312339	-1.016312339	-1.031237767	1.031237767	1.070346882	-1.070346882	-1.12369684	1.12369684	1.131642283	-1.131642283	1.137850194	-1.137850194	1.177733284	-1.177733284	-1.188049287	1.188049287	1.204588342	-1.204588342	-1.205128949	1.205128949	1.212807423	-1.212807423	1.227955602	-1.227955602	-1.238913045	1.238913045	-1.248413396	1.248413396	1.253636212	-1.253636212	1.270574349	-1.270574349	-1.289364105	1.289364105	-1.298077333	1.298077333	1.303526597	-1.303526597	1.336334217	-1.336334217	1.340902503	-1.340902503	-1.347441222	1.347441222	-1.356057926	1.356057926	-1.363845521	1.363845521	-1.373658476	1.373658476	-1.378497672	1.378497672	1.381875599	-1.381875599	-1.396157952	1.396157952	1.404297604	-1.404297604	1.432418207	-1.432418207	1.438886283	-1.438886283	-1.44759584	1.44759584	1.474235475	-1.474235475	1.483882161	-1.483882161	-1.485365306	1.485365306	1.490684011	-1.490684011	-1.495637773	1.495637773	1.539122576	-1.539122576	1.542103677	-1.542103677	1.590714411	-1.590714411	1.598886533	-1.598886533	1.610697865	-1.610697865	1.612194903	-1.612194903	-1.618754167	1.618754167	1.6232255	-1.6232255	1.654472958	-1.654472958	-1.689387929	1.689387929	1.697354296	-1.697354296	-1.72306416	1.72306416	-1.733192891	1.733192891	-1.77141246	1.77141246	1.775260648	-1.775260648	-1.788600621	1.788600621	-1.807235841	1.807235841	-1.809698993	1.809698993	-1.829373783	1.829373783	-1.848671292	1.848671292	-1.857670487	1.857670487	-1.871091861	1.871091861	-1.888088189	1.888088189	-1.900713586	1.900713586	1.915023225	-1.915023225	-1.926876253	1.926876253	-1.943784233	1.943784233	1.960098263	-1.960098263	-1.964719804	1.964719804	1.972043433	-1.972043433	-1.974930133	1.974930133	1.981500575	-1.981500575	-2.011704225	2.011704225	
0.04	-0.08427409417	0.08427409417	-0.1510192177	0.1510192177	-0.4559321219	0.4559321219	-0.4903975638	0.4903975638	0.503343889	-0.503343889	-0.5397649493	0.5397649493	-0.5450016657	0.5450016657	0.5695553739	-0.5695553739	0.6109502814	-0.6109502814	0.6120739649	-0.6120739649	-0.636851929	0.636851929	0.6396543385	-0.6396543385	0.641235119	-0.641235119	-0.6510032583	0.6510032583	0.6960339695	-0.6960339695	0.7099532646	-0.7099532646	-0.7268837427	0.7268837427	0.7514103705	-0.7514103705	-0.7543588524	0.7543588524	0.7846215522	-0.7846215522	-0.7880635775	0.7880635775	0.8146933193	-0.8146933193	-0.8506990499	0.8506990499	-0.8711664794	0.8711664794	0.879028572	-0.879028572	-0.8871347161	0.8871347161	-0.8958602933	0.8958602933	-0.9192362185	0.9192362185	0.9217640234	-0.9217640234	-0.924862551	0.924862551	0.9597356868	-0.9597356868	0.9797146094	-0.9797146094	-0.989984927	0.989984927	1.003297673	-1.003297673	1.008167646	-1.008167646	-1.015193329	1.015193329	1.031357419	-1.031357419	-1.068502418	1.068502418	-1.123698064	1.123698064	-1.125245248	1.125245248	1.137853527	-1.137853527	1.181305012	-1.181305012	1.193835447	-1.193835447	1.204426901	-1.204426901	-1.207432986	1.207432986	-1.212056308	1.212056308	1.230353936	-1.230353936	1.239337975	-1.239337975	1.248408132	-1.248408132	1.254442889	-1.254442889	1.270600587	-1.270600587	1.289494061	-1.289494061	1.298196417	-1.298196417	1.30352831	-1.30352831	1.336356608	-1.336356608	-1.341609617	1.341609617	-1.347351025	1.347351025	-1.356044106	1.356044106	1.363157446	-1.363157446	1.373756666	-1.373756666	1.378484139	-1.378484139	1.382086321	-1.382086321	-1.396158383	1.396158383	1.404287969	-1.404287969	-1.432297791	1.432297791	1.438998107	-1.438998107	1.447650536	-1.447650536	1.474259316	-1.474259316	-1.483703473	1.483703473	-1.48537857	1.48537857	-1.490656317	1.490656317	-1.495611163	1.495611163	1.539425634	-1.539425634	1.542246392	-1.542246392	1.59098279	-1.59098279	1.598426788	-1.598426788	-1.61069877	1.61069877	1.612199272	-1.612199272	1.61884313	-1.61884313	-1.623232821	1.623232821	1.654544752	-1.654544752	-1.689362645	1.689362645	1.697369274	-1.697369274	1.723106165	-1.723106165	-1.733192107	1.733192107	1.771355797	-1.771355797	1.775206529	-1.775206529	1.788646741	-1.788646741	1.807477365	-1.807477365	-1.809679583	1.809679583	-1.829058588	1.829058588	-1.848671795	1.848671795	1.857549422	-1.857549422	1.871042866	-1.871042866	-1.888050504	1.888050504	1.900673406	-1.900673406	-1.914989086	1.914989086	1.926916946	-1.926916946	-1.94376764	1.94376764	1.960244563	-1.960244563	1.964690207	-1.964690207	-1.971993679	1.971993679	1.974918366	-1.974918366	1.981510761	-1.981510761	2.011749071	-2.011749071	
0.05	-0.08285284828	0.08285284828	-0.1524204794	0.1524204794	0.4513973321	-0.4513973321	-0.494712114	0.494712114	-0.4998677239	0.4998677239	0.53328216	-0.53328216	0.5383335365	-0.5383335365	-0.5680745869	0.5680745869	-0.6158386698	0.6158386698	-0.6179722733	0.6179722733	0.6366958844	-0.6366958844	0.6377367784	-0.6377367784	-0.6383284959	0.6383284959	0.6453238068	-0.6453238068	0.6986142951	-0.6986142951	0.7138484262	-0.7138484262	0.7260345586	-0.7260345586	-0.7540770108	0.7540770108	0.754886871	-0.754886871	0.787597798	-0.787597798	-0.7880516256	0.7880516256	-0.8148514076	0.8148514076	0.8468076982	-0.8468076982	-0.8709336636	0.8709336636	-0.8743570531	0.8743570531	-0.8871320939	0.8871320939	-0.8970911471	0.8970911471	-0.920164301	0.920164301	0.9212035698	-0.9212035698	0.9240132391	-0.9240132391	-0.9588185724	0.9588185724	0.9793354199	-0.9793354199	-0.9899740003	0.9899740003	-1.003347309	1.003347309	1.011042902	-1.011042902	1.013970391	-1.013970391	-1.03150201	1.03150201	-1.066877623	1.066877623	1.118618357	-1.118618357	-1.123699366	1.123699366	1.137858976	-1.137858976	1.184220407	-1.184220407	-1.199526189	1.199526189	1.204269206	-1.204269206	-1.21049938	1.21049938	-1.211086055	1.211086055	-1.232957533	1.232957533	-1.239895306	1.239895306	1.248396877	-1.248396877	-1.255365926	1.255365926	1.270626536	-1.270626536	-1.289627082	1.289627082	-1.298351745	1.298351745	-1.30353092	1.30353092	1.33635413	-1.33635413	-1.342331012	1.342331012	1.347241179	-1.347241179	-1.35602684	1.35602684	-1.362492652	1.362492652	-1.373879692	1.373879692	-1.378466136	1.378466136	-1.382374713	1.382374713	1.396155489	-1.396155489	1.404284722	-1.404284722	1.432182241	-1.432182241	-1.439112807	1.439112807	-1.447712579	1.447712579	-1.474286658	1.474286658	1.483523584	-1.483523584	-1.485391894	1.485391894	1.490643608	-1.490643608	1.495582903	-1.495582903	1.539751369	-1.539751369	1.542411751	-1.542411751	1.591282284	-1.591282284	1.598005683	-1.598005683	1.610699641	-1.610699641	1.612204904	-1.612204904	1.618956187	-1.618956187	-1.623242429	1.623242429	-1.654641562	1.654641562	-1.689327235	1.689327235	1.697382748	-1.697382748	-1.723164473	1.723164473	-1.733185242	1.733185242	-1.771280761	1.771280761	1.775141511	-1.775141511	-1.788693553	1.788693553	1.807712998	-1.807712998	-1.80968897	1.80968897	-1.828756662	1.828756662	-1.848672022	1.848672022	1.857425894	-1.857425894	1.870982302	-1.870982302	1.888014008	-1.888014008	1.90063338	-1.90063338	-1.914951467	1.914951467	-1.926889245	1.926889245	1.943838988	-1.943838988	1.960402676	-1.960402676	1.964657062	-1.964657062	-1.971943338	1.971943338	-1.974903991	1.974903991	1.981518813	-1.981518813	2.011790307	-2.011790307	
0.06	-0.0811389328	0.08113893281	-0.1541115256	0.1541115256	-0.4461481209	0.4461481209	-0.4959649059	0.4959649059	0.4996969639	-0.4996969639	-0.5266772889	0.5266772889	0.5314870198	-0.5314870198	-0.5663096334	0.5663096334	0.6188546514	-0.6188546514	-0.6235007465	0.6235007465	0.63275213	-0.63275213	0.6349961756	-0.6349961756	-0.6400855843	0.6400855843	-0.6408349741	0.6408349741	0.701436102	-0.701436102	0.7180676763	-0.7180676763	-0.7249769868	0.7249769868	-0.7554705317	0.7554705317	-0.7568117375	0.7568117375	-0.7880382505	0.7880382505	0.7908027238	-0.7908027238	0.815043258	-0.815043258	-0.8428727719	0.8428727719	0.8682323402	-0.8682323402	-0.8716178881	0.8716178881	-0.8872243358	0.8872243358	-0.8954518543	0.8954518543	-0.9157090699	0.9157090699	0.9230621619	-0.9230621619	-0.9291951607	0.9291951607	-0.9575733529	0.9575733529	-0.9790220702	0.9790220702	0.9899631004	-0.9899631004	-1.00340723	1.00340723	-1.012545578	1.012545578	1.014104202	-1.014104202	1.031672021	-1.031672021	-1.065600205	1.065600205	-1.111833979	1.111833979	-1.123700749	1.123700749	-1.137866537	1.137866537	1.186433724	-1.186433724	1.204105414	-1.204105414	-1.205126357	1.205126357	1.209915959	-1.209915959	-1.214309822	1.214309822	1.235692433	-1.235692433	-1.24055704	1.24055704	-1.24837992	1.24837992	-1.256439976	1.256439976	1.270652187	-1.270652187	-1.289764203	1.289764203	-1.298542803	1.298542803	1.303534436	-1.303534436	-1.336332121	1.336332121	1.343060932	-1.343060932	1.347114427	-1.347114427	-1.356006286	1.356006286	1.361857836	-1.361857836	-1.374027412	1.374027412	1.378442923	-1.378442923	1.382736713	-1.382736713	-1.396149393	1.396149393	1.404287803	-1.404287803	1.4320717	-1.4320717	1.439230052	-1.439230052	1.447781913	-1.447781913	1.474317654	-1.474317654	1.483343035	-1.483343035	1.485405284	-1.485405284	1.490645404	-1.490645404	1.495553004	-1.495553004	1.540099517	-1.540099517	1.5425997	-1.5425997	1.591612867	-1.591612867	-1.597623765	1.597623765	1.610700477	-1.610700477	1.61221179	-1.61221179	-1.619093265	1.619093265	-1.623254438	1.623254438	1.65476327	-1.65476327	-1.689281843	1.689281843	1.697394776	-1.697394776	-1.723238902	1.723238902	1.733172303	-1.733172303	1.771187534	-1.771187534	1.775065587	-1.775065587	1.78874089	-1.78874089	-1.807942719	1.807942719	-1.809727302	1.809727302	1.828468235	-1.828468235	1.848671958	-1.848671958	-1.857299884	1.857299884	-1.870910223	1.870910223	1.887978631	-1.887978631	-1.900593587	1.900593587	-1.914910379	1.914910379	-1.926794823	1.926794823	1.94399617	-1.94399617	1.960572487	-1.960572487	1.964620402	-1.964620402	-1.971892525	1.971892525	-1.974887013	1.974887013	1.98152475	-1.98152475	2.011828181	-2.011828181	
0.07	-0.07917105624	0.07917105624	-0.1560536464	0.1560536464	-0.4405120463	0.4405120463	-0.4916856628	0.4916856628	-0.505011507	0.505011507	-0.5199629652	0.5199629652	0.5245091659	-0.5245091659	-0.5642989882	0.5642989882	-0.6180713216	0.6180713216	0.62528022	-0.62528022	0.6315358792	-0.6315358792	0.6325067158	-0.6325067158	0.6397628497	-0.6397628497	-0.6420859444	0.6420859444	0.704494448	-0.704494448	0.7225176246	-0.7225176246	-0.7237386697	0.7237386697	-0.756203772	0.756203772	-0.7593538854	0.7593538854	0.7880232415	-0.7880232415	0.7941371818	-0.7941371818	0.815268291	-0.815268291	-0.8389915038	0.8389915038	0.8627570521	-0.8627570521	0.8713576862	-0.8713576862	-0.8873659292	0.8873659292	-0.8917275631	0.8917275631	-0.9112942911	0.9112942911	0.9268635082	-0.9268635082	0.9345777563	-0.9345777563	-0.9560084464	0.9560084464	0.9787634017	-0.9787634017	0.9899522275	-0.9899522275	1.003477816	-1.003477816	1.010806688	-1.010806688	1.017298702	-1.017298702	1.031868527	-1.031868527	-1.064791376	1.064791376	1.104930571	-1.104930571	-1.12370222	1.12370222	-1.137876203	1.137876203	1.188039712	-1.188039712	-1.20396044	1.20396044	-1.208583851	1.208583851	-1.210605511	1.210605511	1.218719298	-1.218719298	-1.238473548	1.238473548	-1.241296626	1.241296626	1.248357595	-1.248357595	1.257712539	-1.257712539	1.270677541	-1.270677541	-1.289906764	1.289906764	1.298768965	-1.298768965	1.303538866	-1.303538866	-1.336294001	1.336294001	1.34379556	-1.34379556	-1.346973524	1.346973524	-1.355982624	1.355982624	1.36126022	-1.36126022	-1.374199659	1.374199659	1.378413782	-1.378413782	1.383168303	-1.383168303	-1.396140237	1.396140237	1.404297134	-1.404297134	-1.431966341	1.431966341	1.439349508	-1.439349508	1.447858496	-1.447858496	1.474352437	-1.474352437	-1.483162379	1.483162379	1.485418744	-1.485418744	1.490661213	-1.490661213	-1.495521479	1.495521479	1.540469606	-1.540469606	1.542810367	-1.542810367	-1.591974488	1.591974488	1.597281541	-1.597281541	-1.610701275	1.610701275	1.612219917	-1.612219917	1.619254257	-1.619254257	-1.623268997	1.623268997	1.654909737	-1.654909737	-1.689226658	1.689226658	1.697405417	-1.697405417	-1.723329222	1.723329222	1.733153296	-1.733153296	-1.771076307	1.771076307	1.774978756	-1.774978756	1.788788588	-1.788788588	-1.80816651	1.80816651	-1.809794706	1.809794706	1.828193538	-1.828193538	-1.848671586	1.848671586	1.857171368	-1.857171368	-1.870826692	1.870826692	-1.887944298	1.887944298	1.900554107	-1.900554107	-1.914865824	1.914865824	-1.926637389	1.926637389	-1.944234948	1.944234948	-1.96075387	1.96075387	1.964580305	-1.964580305	1.971841362	-1.971841362	1.974867441	-1.974867441	1.981528599	-1.981528599	2.011862979	-2.011862979	
0.08	-0.07698570869	0.07698570869	-0.1582103503	0.1582103503	-0.4346468329	0.4346468329	-0.4870568391	0.4870568391	-0.5105059281	0.5105059281	0.5131495699	-0.5131495699	0.5174270368	-0.5174270368	-0.5620785035	0.5620785035	0.6139649252	-0.6139649252	0.6207446326	-0.6207446326	0.6274636466	-0.6274636466	-0.6375652805	0.6375652805	0.6426177011	-0.6426177011	-0.6442934585	0.6442934585	0.7077580414	-0.7077580414	0.7223451728	-0.7223451728	0.7271177875	-0.7271177875	-0.7569991696	0.7569991696	-0.7616249156	0.7616249156	0.7880062996	-0.7880062996	0.7975056233	-0.7975056233	-0.8155257851	0.8155257851	0.8352703043	-0.8352703043	-0.856926922	0.856926922	-0.8712703299	0.8712703299	-0.8868978392	0.8868978392	-0.8875429006	0.8875429006	0.9070456066	-0.9070456066	-0.9316044474	0.9316044474	0.9400359724	-0.9400359724	0.9541723087	-0.9541723087	0.9785505889	-0.9785505889	0.9899414294	-0.9899414294	1.003559585	-1.003559585	1.008652103	-1.008652103	1.020586248	-1.020586248	1.032093317	-1.032093317	-1.064545576	1.064545576	1.097930813	-1.097930813	1.123703786	-1.123703786	-1.137887972	1.137887972	1.189185189	-1.189185189	-1.203814187	1.203814187	1.207109777	-1.207109777	-1.215977174	1.215977174	1.223560823	-1.223560823	1.241205633	-1.241205633	-1.242090749	1.242090749	-1.248330464	1.248330464	1.25924389	-1.25924389	-1.270702618	1.270702618	-1.290056547	1.290056547	-1.299029482	1.299029482	-1.303544222	1.303544222	-1.336242031	1.336242031	1.344532264	-1.344532264	1.346821115	-1.346821115	-1.355956062	1.355956062	1.360707669	-1.360707669	-1.374396243	1.374396243	-1.378378099	1.378378099	-1.38366551	1.38366551	1.396128181	-1.396128181	-1.404312619	1.404312619	1.431866368	-1.431866368	1.439470837	-1.439470837	-1.447942291	1.447942291	1.474391119	-1.474391119	1.482982175	-1.482982175	1.485432278	-1.485432278	-1.490690543	1.490690543	1.495488346	-1.495488346	-1.540860894	1.540860894	-1.543044128	1.543044128	1.592367066	-1.592367066	-1.596979478	1.596979478	1.610702035	-1.610702035	-1.612229273	1.612229273	1.619439008	-1.619439008	1.62328631	-1.62328631	-1.655080806	1.655080806	1.6891619	-1.6891619	1.697414732	-1.697414732	1.723435156	-1.723435156	-1.733128228	1.733128228	1.770947279	-1.770947279	-1.774881021	1.774881021	-1.788836493	1.788836493	1.80838436	-1.80838436	1.809891294	-1.809891294	-1.827932802	1.827932802	-1.848670887	1.848670887	1.857040326	-1.857040326	-1.870731783	1.870731783	1.887910929	-1.887910929	1.900515025	-1.900515025	1.914817795	-1.914817795	-1.92642223	1.92642223	-1.944549408	1.944549408	1.960946688	-1.960946688	1.964536902	-1.964536902	-1.971789976	1.971789976	-1.974845284	1.974845284	1.981530399	-1.981530399	-2.011895027	2.011895027	
0.09	-0.07461566747	0.07461566747	-0.1605488583	0.1605488583	-0.4286333336	0.4286333336	-0.4821128609	0.4821128609	0.5062426037	-0.5062426037	-0.5102573309	0.5102573309	0.5161000625	-0.5161000625	-0.5596801657	0.5596801657	0.6084603207	-0.6084603207	0.6146441905	-0.6146441905	0.6228778952	-0.6228778952	-0.643444517	0.643444517	-0.6466762275	0.6466762275	0.6472299452	-0.6472299452	0.7111813803	-0.7111813803	-0.720818796	0.720818796	0.7317995988	-0.7317995988	-0.7578410474	0.7578410474	0.7634738622	-0.7634738622	0.7879870003	-0.7879870003	0.8008144261	-0.8008144261	-0.8158148764	0.8158148764	0.8318254916	-0.8318254916	0.8509493456	-0.8509493456	-0.8712078968	0.8712078968	-0.8815034932	0.8815034932	-0.8877500203	0.8877500203	-0.9030393549	0.9030393549	-0.9367716221	0.9367716221	0.9453721835	-0.9453721835	0.9522462494	-0.9522462494	0.9783767384	-0.9783767384	-0.9899308026	0.9899308026	1.003653245	-1.003653245	1.006014154	-1.006014154	-1.023935591	1.023935591	-1.032349307	1.032349307	-1.064913282	1.064913282	1.090849364	-1.090849364	1.123705458	-1.123705458	-1.137901842	1.137901842	1.190003978	-1.190003978	1.203672275	-1.203672275	-1.20551439	1.20551439	1.22122734	-1.22122734	-1.228683609	1.228683609	-1.242919957	1.242919957	-1.243790793	1.243790793	1.248299991	-1.248299991	1.261099905	-1.261099905	-1.270727463	1.270727463	1.29021597	-1.29021597	-1.299323474	1.299323474	-1.303550518	1.303550518	-1.336177752	1.336177752	1.345269161	-1.345269161	1.346659622	-1.346659622	-1.355926831	1.355926831	-1.360208842	1.360208842	-1.374616954	1.374616954	1.37833539	-1.37833539	1.384224434	-1.384224434	-1.396113402	1.396113402	-1.40433415	1.40433415	1.431772021	-1.431772021	1.4395937	-1.4395937	1.448033275	-1.448033275	-1.474433789	1.474433789	1.482802975	-1.482802975	-1.48544589	1.48544589	1.490732912	-1.490732912	-1.495453625	1.495453625	-1.541272288	1.541272288	1.543301683	-1.543301683	-1.592790488	1.592790488	-1.596718003	1.596718003	-1.610702755	1.610702755	-1.612239845	1.612239845	1.619647294	-1.619647294	-1.623306652	1.623306652	-1.655276299	1.655276299	1.689087825	-1.689087825	-1.697422782	1.697422782	-1.723556387	1.723556387	1.733097107	-1.733097107	-1.77080066	1.77080066	-1.774772391	1.774772391	-1.788884456	1.788884456	1.808596263	-1.808596263	-1.81001716	1.81001716	1.827686255	-1.827686255	-1.848669842	1.848669842	-1.856906739	1.856906739	1.870625579	-1.870625579	1.887878439	-1.887878439	1.90047643	-1.90047643	1.914766279	-1.914766279	1.926155639	-1.926155639	-1.944932527	1.944932527	1.961150793	-1.961150793	1.96449038	-1.96449038	-1.971738497	1.971738497	1.974820553	-1.974820553	1.981530195	-1.981530195	2.011924692	-2.011924692	
0.1	-0.072089431	0.072089431	-0.16304067	0.16304067	0.4225162187	-0.4225162187	-0.4768839941	0.4768839941	0.4992513583	-0.4992513583	-0.5030109854	0.5030109854	-0.5217459384	0.5217459384	-0.5571317409	0.5571317409	-0.6023849603	0.6023849603	-0.6080534575	0.6080534575	0.6178630766	-0.6178630766	-0.6492066781	0.6492066781	0.6494238305	-0.6494238305	0.6524338529	-0.6524338529	-0.7147116348	0.7147116348	0.7191783136	-0.7191783136	0.7365040488	-0.7365040488	-0.7587119572	0.7587119572	0.7647543811	-0.7647543811	0.7879647323	-0.7879647323	-0.8039698293	0.8039698293	-0.8161345562	0.8161345562	-0.8287784075	0.8287784075	0.84487824	-0.84487824	0.8711511011	-0.8711511011	-0.8758060137	0.8758060137	0.8879849361	-0.8879849361	-0.899360886	0.899360886	0.942128704	-0.942128704	0.9483648627	-0.9483648627	-0.9524663897	0.9524663897	-0.9782366135	0.9782366135	-0.9899204758	0.9899204758	1.0028705	-1.0028705	1.0037602	-1.0037602	1.027320098	-1.027320098	1.032642221	-1.032642221	-1.065895236	1.065895236	-1.083696627	1.083696627	1.12370725	-1.12370725	-1.137917812	1.137917812	1.190595776	-1.190595776	1.203535169	-1.203535169	-1.203814677	1.203814677	1.226344013	-1.226344013	-1.233974543	1.233974543	1.243768664	-1.243768664	-1.246143282	1.246143282	1.248273191	-1.248273191	1.263333926	-1.263333926	1.270752166	-1.270752166	-1.290388387	1.290388387	-1.299649921	1.299649921	-1.303557775	1.303557775	-1.336102254	1.336102254	-1.346004849	1.346004849	-1.346491131	1.346491131	-1.355895188	1.355895188	-1.359773363	1.359773363	-1.374861561	1.374861561	1.378285291	-1.378285291	1.38484129	-1.38484129	-1.396096102	1.396096102	1.404361601	-1.404361601	-1.431683579	1.431683579	1.439717755	-1.439717755	1.448131434	-1.448131434	1.474480506	-1.474480506	1.482625328	-1.482625328	-1.485459584	1.485459584	-1.490787856	1.490787856	-1.49541734	1.49541734	1.541702227	-1.541702227	-1.543584172	1.543584172	1.593244602	-1.593244602	1.596497502	-1.596497502	-1.610703436	1.610703436	1.612251617	-1.612251617	-1.619878784	1.619878784	-1.623330408	1.623330408	-1.655496019	1.655496019	-1.68900472	1.68900472	-1.697429634	1.697429634	1.723692554	-1.723692554	-1.733059939	1.733059939	-1.770636664	1.770636664	-1.774652879	1.774652879	-1.788932341	1.788932341	-1.808802222	1.808802222	1.81017238	-1.81017238	-1.827454123	1.827454123	-1.848668426	1.848668426	-1.856770588	1.856770588	-1.870508171	1.870508171	-1.88784674	1.88784674	1.900438412	-1.900438412	-1.914711251	1.914711251	-1.925844352	1.925844352	1.94537672	-1.94537672	1.961366026	-1.961366026	1.964440994	-1.964440994	1.971687059	-1.971687059	1.974793259	-1.974793259	-1.981528045	1.981528045	2.011952382	-2.011952382	
0.11	-0.06943125191	0.06943125191	-0.1656615306	0.1656615306	-0.4163219117	0.4163219117	0.4713974939	-0.4713974939	0.4921799192	-0.4921799192	-0.4956955436	0.4956955436	-0.5274178072	0.5274178072	-0.5544570537	0.5544570537	0.596010072	-0.596010072	0.6012151735	-0.6012151735	0.6124890849	-0.612489085	-0.6518614305	0.6518614305	-0.6553891032	0.6553891032	0.6578376658	-0.6578376658	-0.717439222	0.717439222	0.7182909488	-0.7182909488	0.7411794252	-0.7411794252	-0.7595967646	0.7595967646	0.7653337776	-0.7653337776	0.7879385845	-0.7879385845	-0.8068764662	0.8068764662	0.8164836524	-0.8164836524	0.8262409391	-0.8262409391	0.8387411248	-0.8387411248	-0.8699466433	0.8699466433	0.8710948351	-0.8710948351	-0.8882463787	0.8882463787	-0.8961053838	0.8961053838	0.9464771991	-0.9464771991	-0.9475601003	0.9475601003	0.9573992415	-0.9573992415	-0.9781264999	0.9781264999	-0.9899104636	0.9899104636	0.9992427437	-0.9992427437	-1.003881231	1.003881231	-1.030701141	1.030701141	-1.032995126	1.032995126	-1.06745033	1.06745033	-1.076480966	1.076480966	-1.123709178	1.123709178	-1.137935883	1.137935883	1.191029013	-1.191029013	-1.202024495	1.202024495	1.203403087	-1.203403087	-1.231309705	1.231309705	1.239352111	-1.239352111	-1.244625487	1.244625487	1.248003039	-1.248003039	-1.248474866	1.248474866	1.26596342	-1.26596342	1.27077689	-1.27077689	1.290578556	-1.290578556	-1.300007654	1.300007654	-1.30356602	1.30356602	-1.336016327	1.336016327	1.346317318	-1.346317318	1.346738256	-1.346738256	-1.355861419	1.355861419	-1.359411975	1.359411975	-1.375129816	1.375129816	-1.378227534	1.378227534	1.385512447	-1.385512447	-1.396076511	1.396076511	-1.404394831	1.404394831	-1.431601367	1.431601367	-1.439842668	1.439842668	1.448236761	-1.448236761	-1.474531297	1.474531297	1.482449769	-1.482449769	-1.485473366	1.485473366	1.490854934	-1.490854934	-1.495379518	1.495379518	1.54214855	-1.54214855	1.54389331	-1.54389331	1.59372922	-1.59372922	1.596318318	-1.596318318	-1.610704079	1.610704079	-1.612264573	1.612264573	-1.620132988	1.620132988	-1.623358127	1.623358127	1.655739749	-1.655739749	-1.688912899	1.688912899	1.697435353	-1.697435353	1.723843265	-1.723843265	1.733016731	-1.733016731	-1.770455512	1.770455512	1.774522507	-1.774522507	1.788980023	-1.788980023	1.809002246	-1.809002246	-1.810357008	1.810357008	1.827236629	-1.827236629	1.848666615	-1.848666615	-1.856631857	1.856631857	1.870379662	-1.870379662	-1.887815738	1.887815738	-1.900401066	1.900401066	-1.914652686	1.914652686	-1.925495085	1.925495085	1.945874295	-1.945874295	1.961592215	-1.961592215	-1.964389078	1.964389078	1.971635795	-1.971635795	-1.974763417	1.974763417	-1.981524013	1.981524013	2.011978551	-2.011978551	
0.12	-0.06666149404	0.06666149404	-0.1683910738	0.1683910738	0.4100669879	-0.4100669879	-0.4656777466	0.4656777466	0.4850328967	-0.4850328967	-0.4883164505	0.4883164505	0.5330976145	-0.5330976145	-0.5516769662	0.5516769662	-0.5894416131	0.5894416131	-0.5942177184	0.5942177184	0.6068127024	-0.6068127024	-0.6546208966	0.6546208966	-0.6612907756	0.6612907756	0.6632960831	-0.6632960831	-0.7156141966	0.7156141966	0.7218556256	-0.7218556256	0.7457797957	-0.7457797957	-0.7604815807	0.7604815807	0.7651181764	-0.7651181764	0.7879071124	-0.7879071124	0.8094371961	-0.8094371961	-0.8168607014	0.8168607014	-0.8242900357	0.8242900357	0.8325569871	-0.8325569871	0.8640203449	-0.8640203449	0.871037353	-0.871037353	-0.8885335268	0.8885335268	0.8933746442	-0.8933746442	0.9438947117	-0.9438947117	-0.9530019899	0.9530019899	0.9628948258	-0.9628948258	0.9780443167	-0.9780443167	0.989899371	-0.989899371	0.9951830131	-0.9951830131	1.004019304	-1.004019304	1.033167141	-1.033167141	1.034307213	-1.034307213	-1.069210749	1.069210749	-1.069511548	1.069511548	-1.123711264	1.123711264	1.137956057	-1.137956057	-1.191349511	1.191349511	-1.200155105	1.200155105	1.203276154	-1.203276154	-1.236095694	1.236095694	-1.244727452	1.244727452	-1.245511139	1.245511139	1.248122985	-1.248122985	1.250176483	-1.250176483	1.268959128	-1.268959128	1.270801949	-1.270801949	1.290793395	-1.290793395	-1.300395354	1.300395354	-1.303575291	1.303575291	1.335920565	-1.335920565	1.346139403	-1.346139403	1.347468534	-1.347468534	-1.355825847	1.355825847	1.359136671	-1.359136671	-1.375421451	1.375421451	-1.378161928	1.378161928	-1.386234442	1.386234442	-1.396054897	1.396054897	1.404433686	-1.404433686	-1.431525761	1.431525761	1.439968106	-1.439968106	-1.44834926	1.44834926	-1.47458615	1.47458615	1.482276825	-1.482276825	-1.485487239	1.485487239	1.49093373	-1.49093373	1.495340189	-1.495340189	1.542608353	-1.542608353	1.54423153	-1.54423153	-1.594244109	1.594244109	1.596180754	-1.596180754	-1.610704688	1.610704688	1.612278694	-1.612278694	-1.62040916	1.62040916	-1.623390614	1.623390614	-1.65600725	1.65600725	-1.688812698	1.688812698	1.697440008	-1.697440008	-1.724008091	1.724008091	-1.73296749	1.73296749	-1.77025743	1.77025743	1.774381299	-1.774381299	-1.789027386	1.789027386	-1.809196355	1.809196355	1.810571081	-1.810571081	1.827033992	-1.827033992	-1.848664382	1.848664382	-1.85649053	1.85649053	1.870240162	-1.870240162	-1.887785335	1.887785335	1.90036449	-1.90036449	-1.914590548	1.914590548	-1.925114206	1.925114206	1.946417763	-1.946417763	1.961829179	-1.961829179	1.964335056	-1.964335056	-1.97158484	1.97158484	1.974731041	-1.974731041	-1.981518176	1.981518176	2.012003699	-2.012003699	
0.13	-0.06379712439	0.06379712439	-0.1712123299	0.1712123299	-0.4037623788	0.4037623788	0.4597464449	-0.4597464449	0.4778142239	-0.4778142239	-0.4808777999	0.4808777999	-0.5387686097	0.5387686097	-0.5488134396	0.5488134396	0.5827284126	-0.5827284126	0.5871048223	-0.5871048223	0.6008797063	-0.6008797063	-0.6574687742	0.6574687742	0.6670746654	-0.6670746654	0.6687599327	-0.6687599327	-0.7137135864	0.7137135864	0.7253332844	-0.7253332844	0.7502646867	-0.7502646867	-0.7613461374	0.7613461374	0.7640881509	-0.7640881509	0.7878678526	-0.7878678526	0.8115538705	-0.8115538705	0.8172629931	-0.8172629931	0.8229318137	-0.8229318137	-0.8263514361	0.8263514361	-0.8581127027	0.8581127027	-0.8709780373	0.8709780373	-0.8888457566	0.8888457566	0.8912694579	-0.8912694579	-0.941164629	0.941164629	-0.9584130077	0.9584130077	-0.9684406065	0.9684406065	0.9779903154	-0.9779903154	0.9898377401	-0.9898377401	-0.9908100802	0.9908100802	-1.004178086	1.004178086	-1.033666732	1.033666732	1.037616207	-1.037616207	1.061898642	-1.061898642	-1.072001958	1.072001958	1.123713536	-1.123713536	-1.137978338	1.137978338	1.191588032	-1.191588032	1.198215679	-1.198215679	1.203154437	-1.203154437	-1.2406488	1.2406488	-1.246302321	1.246302321	1.248078474	-1.248078474	-1.250170365	1.250170365	-1.251887737	1.251887737	-1.270827979	1.270827979	1.272256925	-1.272256925	1.29104326	-1.29104326	-1.300811554	1.300811554	1.30358564	-1.30358564	1.33581543	-1.33581543	-1.345958185	1.345958185	1.348194991	-1.348194991	-1.355788842	1.355788842	-1.358960744	1.358960744	-1.37573618	1.37573618	-1.378088335	1.378088335	-1.387003978	1.387003978	-1.396031584	1.396031584	1.404478	-1.404478	-1.431457193	1.431457193	1.440093744	-1.440093744	1.448468945	-1.448468945	-1.474645015	1.474645015	1.482107018	-1.482107018	1.485501209	-1.485501209	1.491023858	-1.491023858	-1.495299387	1.495299387	-1.54307793	1.54307793	-1.544602039	1.544602039	1.594788989	-1.594788989	1.596085068	-1.596085068	-1.610705269	1.610705269	-1.612293961	1.612293961	-1.620706145	1.620706145	1.623429091	-1.623429091	-1.656298262	1.656298262	-1.688704477	1.688704477	-1.69744367	1.69744367	1.724186575	-1.724186575	-1.732912225	1.732912225	1.770042651	-1.770042651	-1.774229288	1.774229288	-1.789074328	1.789074328	-1.80938458	1.80938458	1.810814612	-1.810814612	-1.826846426	1.826846426	-1.848661695	1.848661695	-1.856346598	1.856346598	1.870089794	-1.870089794	-1.887755428	1.887755428	-1.900328785	1.900328785	1.914524798	-1.914524798	-1.924707544	1.924707544	-1.947000012	1.947000012	1.962076722	-1.962076722	1.964279461	-1.964279461	1.971534327	-1.971534327	1.974696148	-1.974696148	1.981510619	-1.981510619	-2.012028372	2.012028372	
0.14	-0.06085222817	0.06085222817	-0.1741112109	0.1741112109	0.3974156107	-0.3974156107	-0.453622809	0.453622809	0.4705273413	-0.4705273413	0.4733827847	-0.4733827847	0.5442946517	-0.5442946517	-0.546008442	0.546008442	0.575894544	-0.575894544	0.5799044416	-0.5799044416	0.5947269683	-0.5947269683	-0.6603915353	0.6603915353	-0.6726472913	0.6726472913	0.6742466607	-0.6742466607	0.7117458687	-0.7117458687	0.7286387315	-0.7286387315	0.7546004418	-0.7546004418	-0.7618733316	0.7618733316	0.7626060697	-0.7626060697	0.78781629	-0.78781629	0.8131256368	-0.8131256368	-0.8176686173	0.8176686173	-0.8200492551	0.8200492551	0.8222157199	-0.8222157199	-0.8523275753	0.8523275753	0.8709167312	-0.8709167312	-0.8891825333	0.8891825333	0.889877105	-0.889877105	0.9383860808	-0.9383860808	0.9637588435	-0.9637588435	-0.9739622191	0.9739622191	0.9779697315	-0.9779697315	0.9859956638	-0.9859956638	0.9899358625	-0.9899358625	-1.004364038	1.004364038	1.034136884	-1.034136884	1.040948786	-1.040948786	-1.054583055	1.054583055	-1.074846022	1.074846022	-1.123716028	1.123716028	-1.138002733	1.138002733	1.191765542	-1.191765542	-1.196213723	1.196213723	1.203037967	-1.203037967	1.244859286	-1.244859286	-1.247129284	1.247129284	-1.248021261	1.248021261	-1.253611587	1.253611587	1.255502922	-1.255502922	1.270856473	-1.270856473	1.275780595	-1.275780595	1.291344175	-1.291344175	-1.301254643	1.301254643	-1.303597146	1.303597146	-1.335701289	1.335701289	1.345774159	-1.345774159	1.348917035	-1.348917035	-1.355750848	1.355750848	-1.358898723	1.358898723	1.3760737	-1.3760737	-1.37800666	1.37800666	-1.387817903	1.387817903	-1.396006979	1.396006979	-1.404527595	1.404527595	-1.431396159	1.431396159	1.440219267	-1.440219267	1.448595837	-1.448595837	1.474707792	-1.474707792	1.481940864	-1.481940864	-1.485515279	1.485515279	1.491124959	-1.491124959	-1.495257147	1.495257147	1.543552935	-1.543552935	1.545008659	-1.545008659	1.595363529	-1.595363529	1.596031472	-1.596031472	1.610705828	-1.610705828	1.612310352	-1.612310352	1.621022087	-1.621022087	1.623475479	-1.623475479	1.656612502	-1.656612502	1.688588611	-1.688588611	-1.697446412	1.697446412	-1.724378233	1.724378233	1.732850944	-1.732850944	-1.769811409	1.769811409	1.774066513	-1.774066513	-1.789120758	1.789120758	-1.809566964	1.809566964	-1.811087593	1.811087593	1.826674136	-1.826674136	-1.848658519	1.848658519	-1.856200052	1.856200052	-1.869928689	1.869928689	-1.887725911	1.887725911	1.900294055	-1.900294055	1.914455391	-1.914455391	-1.924280297	1.924280297	1.947614376	-1.947614376	1.962334639	-1.962334639	-1.964222959	1.964222959	-1.971484388	1.971484388	-1.974658756	1.974658756	-1.981501438	1.981501438	2.012053167	-2.012053167	
0.15	-0.0578384889	0.0578384889	-0.17707603	0.17707603	-0.3910320634	0.3910320634	0.4473238271	-0.4473238271	0.4631753026	-0.4631753026	-0.4658339789	0.4658339789	-0.5427757239	0.5427757239	0.5501676271	-0.5501676271	0.5689508197	-0.5689508197	-0.5726386946	0.5726386946	0.5883842892	-0.5883842892	-0.6633779575	0.6633779575	0.6778856805	-0.6778856805	0.6798040731	-0.6798040731	-0.7097180372	0.7097180372	-0.7316694737	0.7316694737	-0.7587636497	0.7587636497	0.7597014456	-0.7597014456	-0.763159443	0.763159443	0.7877434285	-0.7877434285	0.8137638742	-0.8137638742	0.8140357699	-0.8140357699	-0.8181843174	0.8181843174	-0.8218101655	0.8218101655	0.8468209413	-0.8468209413	-0.8708534898	0.8708534898	0.8892559622	-0.8892559622	0.8895433625	-0.8895433625	0.9356126217	-0.9356126217	0.9689938965	-0.9689938965	0.9780048321	-0.9780048321	-0.9793176393	0.9793176393	-0.9811615102	0.9811615102	0.9899601753	-0.9899601753	-1.004589043	1.004589043	1.034658551	-1.034658551	1.043773273	-1.043773273	-1.047719944	1.047719944	-1.077975588	1.077975588	-1.123718785	1.123718785	1.138029249	-1.138029249	-1.191896605	1.191896605	-1.194155436	1.194155436	1.202926747	-1.202926747	1.247931977	-1.247931977	1.247943697	-1.247943697	1.248518073	-1.248518073	1.255605548	-1.255605548	1.260733211	-1.260733211	-1.27089183	1.27089183	1.27945885	-1.27945885	1.29172188	-1.29172188	1.301722883	-1.301722883	-1.30360993	1.30360993	-1.335578446	1.335578446	1.34558775	-1.34558775	1.349634116	-1.349634116	-1.35571242	1.35571242	-1.358966159	1.358966159	-1.376433685	1.376433685	-1.377916842	1.377916842	-1.388673138	1.388673138	1.395981631	-1.395981631	1.404582285	-1.404582285	-1.431343229	1.431343229	1.44034437	-1.44034437	-1.448729966	1.448729966	-1.474774329	1.474774329	1.481778886	-1.481778886	-1.485529454	1.485529454	1.491236702	-1.491236702	1.495213509	-1.495213509	1.544028981	-1.544028981	1.545455229	-1.545455229	-1.595967344	1.595967344	1.596020136	-1.596020136	-1.610706378	1.610706378	-1.612327845	1.612327845	1.621353909	-1.621353909	1.623532927	-1.623532927	-1.656949664	1.656949664	1.688465488	-1.688465488	1.697448309	-1.697448309	-1.724582561	1.724582561	1.732783654	-1.732783654	1.769563945	-1.769563945	-1.773893019	1.773893019	-1.789166595	1.789166595	-1.809743566	1.809743566	1.811389991	-1.811389991	-1.82651732	1.82651732	-1.848654818	1.848654818	-1.856050888	1.856050888	-1.869756985	1.869756985	-1.887696674	1.887696674	1.900260406	-1.900260406	1.914382279	-1.914382279	1.923837018	-1.923837018	-1.948254618	1.948254618	-1.96260271	1.96260271	1.964166372	-1.964166372	-1.971435151	1.971435151	1.974618885	-1.974618885	1.981490737	-1.981490737	-2.012078734	2.012078734	
0.16	-0.05476560957	0.05476560957	-0.180097081	0.180097081	0.3846157117	-0.3846157117	-0.4408644982	0.4408644982	0.4557608501	-0.4557608501	-0.4582335208	0.4582335208	-0.5397181217	0.5397181217	0.5557897703	-0.5557897703	0.5618996651	-0.5618996651	0.5653278549	-0.5653278549	0.5818759313	-0.5818759313	-0.666418716	0.666418716	-0.6827087722	0.6827087722	0.685421865	-0.685421865	-0.7076359288	0.7076359288	-0.7343027121	0.7343027121	0.7567995854	-0.7567995854	0.7627463762	-0.7627463762	-0.7639664268	0.7639664268	-0.7876289594	0.7876289594	-0.8075339223	0.8075339223	0.8141155265	-0.8141155265	-0.8186542258	0.8186542258	0.8216925435	-0.8216925435	0.8418493624	-0.8418493624	-0.870788472	0.870788472	0.8894225029	-0.8894225029	-0.8899277648	0.8899277648	0.9328790326	-0.9328790326	0.9739620022	-0.9739620022	0.9759161293	-0.9759161293	0.9782306671	-0.9782306671	-0.984763885	0.984763885	0.990092668	-0.990092668	1.004877274	-1.004877274	-1.035243493	1.035243493	1.039195319	-1.039195319	1.04820062	-1.04820062	-1.081332016	1.081332016	-1.123721863	1.123721863	-1.138057897	1.138057897	1.191990329	-1.191990329	-1.192047206	1.192047206	1.202820763	-1.202820763	1.247880136	-1.247880136	-1.248709478	1.248709478	-1.251297505	1.251297505	1.258192521	-1.258192521	1.265782324	-1.265782324	-1.270954796	1.270954796	1.28323209	-1.28323209	-1.292219341	1.292219341	-1.302214428	1.302214428	1.303624192	-1.303624192	-1.335447163	1.335447163	1.345399648	-1.345399648	-1.350345641	1.350345641	1.355674309	-1.355674309	-1.359179248	1.359179248	-1.376815794	1.376815794	1.37781885	-1.37781885	-1.389566562	1.389566562	1.395956335	-1.395956335	-1.404641878	1.404641878	-1.431299057	1.431299057	-1.440468763	1.440468763	-1.448871369	1.448871369	1.474844413	-1.474844413	1.481621614	-1.481621614	-1.485543738	1.485543738	-1.491358784	1.491358784	-1.495168514	1.495168514	1.544502648	-1.544502648	1.545944596	-1.545944596	1.596051181	-1.596051181	-1.59659999	1.59659999	1.610706934	-1.610706934	-1.612346416	1.612346416	-1.62169633	1.62169633	1.623606787	-1.623606787	1.657309422	-1.657309422	1.688335508	-1.688335508	1.697449437	-1.697449437	-1.724799032	1.724799032	1.732710366	-1.732710366	-1.769300505	1.769300505	-1.773708858	1.773708858	1.789211774	-1.789211774	1.809914462	-1.809914462	1.811721751	-1.811721751	1.826376162	-1.826376162	1.848650546	-1.848650546	-1.85589911	1.85589911	1.869574834	-1.869574834	1.887667605	-1.887667605	1.900227947	-1.900227947	1.914305406	-1.914305406	-1.923381647	1.923381647	1.948914863	-1.948914863	1.962880706	-1.962880706	1.964110717	-1.964110717	1.971386741	-1.971386741	1.974576554	-1.974576554	1.981478635	-1.981478635	2.012105776	-2.012105776	
0.17	-0.05164166897	0.05164166897	-0.1831662815	0.1831662815	0.3781695799	-0.3781695799	-0.4342580643	0.4342580643	0.4482864727	-0.4482864727	0.4505832339	-0.4505832339	-0.536597075	0.536597075	0.554738156	-0.554738156	0.5579914988	-0.5579914988	0.5614037798	-0.5614037798	0.575222057	-0.575222057	-0.6695060413	0.6695060413	-0.6870449807	0.6870449807	-0.6910472921	0.6910472921	-0.7055045295	0.7055045295	0.7363972067	-0.7363972067	0.7536709744	-0.7536709744	-0.7647559264	0.7647559264	0.7665611713	-0.7665611713	0.7874170457	-0.7874170457	-0.8013685982	0.8013685982	-0.8131037874	0.8131037874	0.8191543866	-0.8191543866	0.8216644853	-0.8216644853	0.8378081947	-0.8378081947	-0.8707218873	0.8707218873	-0.890335263	0.890335263	-0.8903469666	0.8903469666	0.9302005432	-0.9302005432	0.9707854969	-0.9707854969	0.9771041276	-0.9771041276	0.9801850975	-0.9801850975	0.9888140687	-0.9888140687	0.9913222454	-0.9913222454	1.005285009	-1.005285009	1.031788958	-1.031788958	1.03594417	-1.03594417	1.051411321	-1.051411321	-1.084866122	1.084866122	-1.123725337	1.123725337	1.138088692	-1.138088692	-1.189889515	1.189889515	1.192058065	-1.192058065	1.202719995	-1.202719995	-1.247803019	1.247803019	1.249459891	-1.249459891	1.253223642	-1.253223642	-1.261391989	1.261391989	1.27013899	-1.27013899	1.271472411	-1.271472411	1.287052671	-1.287052671	1.292910522	-1.292910522	-1.302727362	1.302727362	1.303640297	-1.303640297	-1.33530767	1.33530767	-1.345211221	1.345211221	1.351050825	-1.351050825	1.355637609	-1.355637609	1.359554277	-1.359554277	-1.377219662	1.377219662	-1.377712687	1.377712687	1.390494751	-1.390494751	-1.395932378	1.395932378	-1.404706177	1.404706177	1.431264395	-1.431264395	1.440592168	-1.440592168	-1.449020092	1.449020092	1.474917766	-1.474917766	1.481469599	-1.481469599	-1.485558137	1.485558137	-1.491490928	1.491490928	-1.495122206	1.495122206	1.544972463	-1.544972463	1.546477636	-1.546477636	-1.596124683	1.596124683	-1.597260958	1.597260958	-1.610707517	1.610707517	1.61236604	-1.61236604	1.622040132	-1.622040132	1.62370635	-1.62370635	1.65769142	-1.65769142	-1.688199077	1.688199077	1.697449875	-1.697449875	-1.725027107	1.725027107	-1.73263109	1.73263109	-1.769021338	1.769021338	-1.773514092	1.773514092	-1.789256237	1.789256237	1.810079743	-1.810079743	1.81208279	-1.81208279	1.826250836	-1.826250836	1.848645657	-1.848645657	-1.855744724	1.855744724	-1.869382394	1.869382394	-1.887638588	1.887638588	1.900196791	-1.900196791	1.914224716	-1.914224716	-1.922917567	1.922917567	1.9495895	-1.9495895	-1.963168383	1.963168383	1.964057239	-1.964057239	1.971339278	-1.971339278	-1.974531788	1.974531788	1.981465257	-1.981465257	2.012135053	-2.012135053	
0.18	-0.04847341699	0.04847341699	-0.1862768777	0.1862768777	-0.3716960315	0.3716960315	0.4275162254	-0.4275162254	0.4407544505	-0.4407544505	0.4428847107	-0.4428847107	-0.5334299646	0.5334299646	0.5474614373	-0.5474614373	-0.5506472785	0.5506472785	0.5669822386	-0.5669822386	0.5684528907	-0.5684528907	-0.6726334355	0.6726334355	-0.690755724	0.690755724	0.6966424435	-0.6966424435	-0.703328534	0.703328534	0.7378043396	-0.7378043396	0.7506070603	-0.7506070603	-0.7655097445	0.7655097445	0.770241081	-0.770241081	0.7868987513	-0.7868987513	-0.7954948469	0.7954948469	0.8107245072	-0.8107245072	-0.8196746255	0.8196746255	0.8215633986	-0.8215633986	-0.8351360196	0.8351360196	-0.870653968	0.870653968	-0.8907653744	0.8907653744	-0.8919602939	0.8919602939	-0.9275646077	0.9275646077	0.9657009677	-0.9657009677	-0.9775718321	0.9775718321	-0.9846936274	0.9846936274	-0.9895096167	0.9895096167	-0.9956244674	0.9956244674	1.005967336	-1.005967336	1.024263412	-1.024263412	1.036717946	-1.036717946	-1.054702899	1.054702899	-1.08853714	1.08853714	-1.123729311	1.123729311	-1.138121653	1.138121653	-1.187689976	1.187689976	-1.192101418	1.192101418	1.202624416	-1.202624416	1.247719929	-1.247719929	-1.250181795	1.250181795	-1.254614083	1.254614083	1.264887169	-1.264887169	1.270808464	-1.270808464	1.275304255	-1.275304255	-1.290882667	1.290882667	1.293922568	-1.293922568	-1.303259765	1.303259765	-1.303659004	1.303659004	1.335160177	-1.335160177	-1.345024976	1.345024976	1.351748383	-1.351748383	-1.355604093	1.355604093	1.360106945	-1.360106945	-1.377598395	1.377598395	1.3776449	-1.3776449	1.391453388	-1.391453388	1.395912103	-1.395912103	1.404774987	-1.404774987	-1.431240101	1.431240101	-1.440714326	1.440714326	1.449176186	-1.449176186	1.474994033	-1.474994033	1.481323418	-1.481323418	-1.485572655	1.485572655	-1.491632882	1.491632882	-1.495074633	1.495074633	1.545439152	-1.545439152	-1.547053005	1.547053005	-1.596240667	1.596240667	-1.597949675	1.597949675	-1.610708155	1.610708155	1.612386691	-1.612386691	1.622369761	-1.622369761	-1.623847245	1.623847245	1.658095283	-1.658095283	1.688056606	-1.688056606	1.697449706	-1.697449706	-1.725266232	1.725266232	-1.732545834	1.732545834	1.7687267	-1.7687267	-1.773308787	1.773308787	1.78929994	-1.78929994	-1.810239525	1.810239525	1.812472997	-1.812472997	-1.826141499	1.826141499	-1.848640096	1.848640096	1.855587745	-1.855587745	-1.869179834	1.869179834	-1.887609503	1.887609503	1.900167051	-1.900167051	-1.914140146	1.914140146	1.92244767	-1.92244767	-1.95027306	1.95027306	-1.963465486	1.963465486	-1.964007473	1.964007473	-1.971292878	1.971292878	1.974484609	-1.974484609	-1.981450744	1.981450744	2.012167382	-2.012167382	
0.19	-0.04526651608	0.04526651608	-0.1894232032	0.1894232032	0.3651969585	-0.3651969585	0.4206493341	-0.4206493341	-0.4331668897	0.4331668897	-0.4351393706	0.4351393706	-0.5302241541	0.5302241541	0.5400670187	-0.5400670187	-0.5433078754	0.5433078754	0.5615327292	-0.5615327292	-0.5725703227	0.5725703227	-0.6757954421	0.6757954421	0.6936169581	-0.6936169581	-0.7010997947	0.7010997947	-0.7022000313	0.7022000313	0.7383902051	-0.7383902051	0.747940754	-0.747940754	-0.766210869	0.766210869	0.7738276907	-0.7738276907	-0.7850636852	0.7850636852	0.7909404378	-0.7909404378	-0.8069628225	0.8069628225	-0.8202088979	0.8202088979	0.8212534681	-0.8212534681	0.8340133113	-0.8340133113	-0.8705849535	0.8705849535	-0.8912176055	0.8912176055	0.8941688766	-0.8941688766	-0.9249184774	0.9249184774	0.9608057314	-0.9608057314	0.9777003824	-0.9777003824	0.9893948645	-0.9893948645	-0.9896024664	0.9896024664	-0.9997659318	0.9997659318	-1.00739537	1.00739537	-1.016670846	1.016670846	1.037623773	-1.037623773	1.057987247	-1.057987247	-1.092311398	1.092311398	-1.12373393	1.12373393	-1.138156804	1.138156804	1.185450372	-1.185450372	-1.192125935	1.192125935	1.202534003	-1.202534003	1.247631281	-1.247631281	-1.250874299	1.250874299	1.255730307	-1.255730307	1.26841748	-1.26841748	1.270874104	-1.270874104	-1.279161218	1.279161218	1.294690717	-1.294690717	1.295454437	-1.295454437	-1.303682262	1.303682262	-1.30380988	1.30380988	1.335004886	-1.335004886	-1.344845016	1.344845016	1.352435796	-1.352435796	1.35557697	-1.35557697	1.360851573	-1.360851573	-1.37747607	1.37747607	-1.378091096	1.378091096	1.39243563	-1.39243563	-1.395900528	1.395900528	1.404848119	-1.404848119	-1.431227166	1.431227166	1.440834996	-1.440834996	1.449339712	-1.449339712	1.475072778	-1.475072778	1.481183689	-1.481183689	-1.485587295	1.485587295	1.491784416	-1.491784416	-1.495025843	1.495025843	1.545905006	-1.545905006	1.547667773	-1.547667773	-1.596399109	1.596399109	1.598665493	-1.598665493	-1.610708883	1.610708883	1.612408341	-1.612408341	1.622662939	-1.622662939	-1.624051826	1.624051826	1.658520606	-1.658520606	1.687908507	-1.687908507	1.697449013	-1.697449013	1.725515842	-1.725515842	1.732454613	-1.732454613	-1.768416854	1.768416854	-1.773093022	1.773093022	-1.789342847	1.789342847	1.810393942	-1.810393942	-1.812892235	1.812892235	-1.82604829	1.82604829	-1.848633801	1.848633801	-1.855428198	1.855428198	-1.868967332	1.868967332	-1.887580231	1.887580231	1.900138842	-1.900138842	-1.914051629	1.914051629	-1.921974425	1.921974425	1.95096009	-1.95096009	1.963771748	-1.963771748	1.963963297	-1.963963297	-1.97124765	1.97124765	-1.974435045	1.974435045	1.981435244	-1.981435244	2.012203643	-2.012203643	
0.2	-0.0420257375	0.0420257375	-0.1926004823	0.1926004823	-0.3586739088	0.3586739088	-0.4136665687	0.4136665687	0.4255257506	-0.4255257506	-0.4273485017	0.4273485017	-0.5269848459	0.5269848459	0.5325581683	-0.5325581683	-0.5359783686	0.5359783686	0.5545282128	-0.5545282128	0.5781102925	-0.5781102925	-0.6789874578	0.6789874578	0.6953377572	-0.6953377572	-0.6988534527	0.6988534527	0.7076792774	-0.7076792774	0.7380629438	-0.7380629439	0.7460412305	-0.7460412305	-0.7668180625	0.7668180625	0.7773374154	-0.7773374154	0.7804732539	-0.7804732539	0.7891865716	-0.7891865716	0.8021733182	-0.8021733182	0.8205479723	-0.8205479723	0.8208304799	-0.8208304799	-0.8342441834	0.8342441834	-0.8705150812	0.8705150812	-0.8916914472	0.8916914472	0.8968704583	-0.8968704583	-0.922156866	0.922156866	-0.9562752851	0.9562752851	0.9777887912	-0.9777887912	0.98962529	-0.98962529	-0.9939592096	0.9939592096	1.002369818	-1.002369818	1.009035094	-1.009035094	-1.010409641	1.010409641	-1.038684291	1.038684291	1.061247492	-1.061247492	-1.09616101	1.09616101	1.123739409	-1.123739409	-1.138194177	1.138194177	-1.183173427	1.183173427	-1.19213482	1.19213482	1.202448738	-1.202448738	-1.247537222	1.247537222	-1.251536975	1.251536975	-1.256700855	1.256700855	-1.270907546	1.270907546	1.271850775	-1.271850775	-1.282240192	1.282240192	-1.297730966	1.297730966	1.298445825	-1.298445825	1.303717293	-1.303717293	-1.304376663	1.304376663	-1.334841991	1.334841991	-1.344677498	1.344677498	1.353107369	-1.35310737	-1.35556287	1.35556287	-1.361800272	1.361800272	-1.377345888	1.377345888	1.378557812	-1.378557812	-1.393426534	1.393426534	-1.395910897	1.395910897	1.404925391	-1.404925391	-1.431226725	1.431226725	-1.440953957	1.440953957	-1.449510734	1.449510734	-1.475153473	1.475153473	1.481051077	-1.481051077	-1.485602064	1.485602064	1.49194532	-1.49194532	1.494975887	-1.494975887	1.546372904	-1.546372904	-1.548318401	1.548318401	1.596599936	-1.596599936	1.599407689	-1.599407689	1.61070975	-1.61070975	1.612430961	-1.612430961	-1.622899293	1.622899293	-1.624340537	1.624340537	1.658966959	-1.658966959	1.687755192	-1.687755192	-1.697447882	1.697447882	-1.725775365	1.725775365	-1.732357436	1.732357436	-1.768092068	1.768092068	-1.772866881	1.772866881	1.789384933	-1.789384933	-1.810543155	1.810543155	1.813340333	-1.813340333	-1.825971329	1.825971329	1.848626704	-1.848626704	1.855266118	-1.855266118	-1.868745077	1.868745077	1.88755065	-1.88755065	1.900112281	-1.900112281	1.913959093	-1.913959093	-1.921499936	1.921499936	1.951645011	-1.951645011	1.963927008	-1.963927008	-1.964086889	1.964086889	-1.9712037	1.9712037	-1.974383122	1.974383122	1.981418921	-1.981418921	2.012244778	-2.012244778	
0.21	-0.03875512013	0.03875512013	-0.1958046718	0.1958046718	-0.3521281744	0.3521281744	0.406576086	-0.406576086	0.4178328699	-0.4178328699	0.4195132904	-0.4195132904	-0.5237161872	0.5237161872	0.5249440465	-0.5249440465	0.5286565924	-0.5286565924	0.547427451	-0.547427451	0.5836217591	-0.5836217591	-0.6822055809	0.6822055809	0.6956290258	-0.6956290258	-0.696579104	0.696579104	-0.7131000914	0.7131000914	0.7367921162	-0.7367921162	0.7452426075	-0.7452426075	0.7671523615	-0.7671523615	0.7748515585	-0.7748515585	0.7806613223	-0.7806613223	0.7886908099	-0.7886908099	0.7968999395	-0.7968999395	0.8195496052	-0.8195496052	0.8213520667	-0.8213520667	-0.8355047952	0.8355047952	-0.8704445806	0.8704445806	-0.8921863717	0.8921863717	0.8999660511	-0.8999660511	0.9191210969	-0.9191210969	-0.9523209951	0.9523209951	0.977875734	-0.977875734	-0.9896277361	0.9896277361	-0.9983089534	0.9983089534	-1.001369985	1.001369985	-1.003571875	1.003571875	1.014822401	-1.014822401	1.039932054	-1.039932054	1.064477409	-1.064477409	-1.100062702	1.100062702	1.123746091	-1.123746091	-1.138233819	1.138233819	-1.18086151	1.18086151	-1.192130581	1.192130581	1.202368613	-1.202368613	-1.247437834	1.247437834	-1.252169771	1.252169771	-1.25758621	1.25758621	-1.270932496	1.270932496	1.275120316	-1.275120316	1.284427129	-1.284427129	1.300832599	-1.300832599	1.302060757	-1.302060757	-1.303831308	1.303831308	-1.304962836	1.304962836	-1.33467169	1.33467169	-1.344531145	1.344531145	1.353748439	-1.353748439	-1.355577717	1.355577717	-1.362962063	1.362962063	1.377208158	-1.377208158	-1.379044582	1.379044582	-1.394378124	1.394378124	1.395989594	-1.395989594	-1.405006641	1.405006641	-1.431240084	1.431240084	1.441071007	-1.441071007	1.449689324	-1.449689324	1.475235488	-1.475235488	1.480926306	-1.480926306	1.485616965	-1.485616965	1.492115403	-1.492115403	-1.494924821	1.494924821	1.546845583	-1.546845583	-1.549001476	1.549001476	-1.59684302	1.59684302	-1.600175453	1.600175453	1.610710823	-1.610710823	1.612454521	-1.612454521	1.623075482	-1.623075482	1.624716795	-1.624716795	1.659433887	-1.659433887	1.687597069	-1.687597069	1.697446402	-1.697446402	-1.726044224	1.726044224	1.73225432	-1.73225432	-1.767752618	1.767752618	1.772630459	-1.772630459	-1.78942618	1.78942618	-1.810687349	1.810687349	1.813817092	-1.813817092	-1.825910714	1.825910714	1.848618726	-1.848618726	1.855101549	-1.855101549	-1.868513264	1.868513264	-1.887520636	1.887520636	1.900087486	-1.900087486	1.913862465	-1.913862465	1.921026004	-1.921026004	1.952321986	-1.952321986	1.963901402	-1.963901402	-1.964410616	1.964410616	-1.971161128	1.971161128	-1.97432887	1.97432887	1.98140195	-1.98140195	2.012291791	-2.012291791	
0.22	-0.03545809894	0.03545809894	-0.1990323318	0.1990323318	-0.3455608535	0.3455608535	-0.3993851548	0.3993851548	0.4100899795	-0.4100899795	0.4116348441	-0.4116348441	0.5172369315	-0.5172369315	-0.5204216179	0.5204216179	-0.5213362423	0.5213362423	0.5402391954	-0.5402391954	0.5891025644	-0.5891025644	-0.6854464891	0.6854464891	-0.6941457058	0.6941457058	-0.6945040574	0.6945040574	0.7184505358	-0.7184505358	0.7346094717	-0.7346094717	0.7457126358	-0.7457126358	0.7658299317	-0.7658299317	-0.7705517895	0.7705517895	0.782994533	-0.782994533	0.7884895294	-0.7884895294	0.7922514408	-0.7922514408	0.8180465001	-0.8180465001	-0.8219290579	0.8219290579	-0.8375306669	0.8375306669	-0.8703736696	0.8703736696	-0.8927018291	0.8927018291	0.9033662693	-0.9033662693	0.9156281884	-0.9156281884	-0.949159859	0.949159859	0.9779701867	-0.9779701867	-0.9896214732	0.9896214732	0.9936700037	-0.9936700037	-1.002409733	1.002409733	-1.004201008	1.004201008	-1.019791213	1.019791213	-1.041404544	1.041404544	1.067673915	-1.067673915	-1.103996766	1.103996766	-1.123754559	1.123754559	1.138275791	-1.138275791	-1.178516703	1.178516703	1.192115212	-1.192115212	1.202293635	-1.202293635	-1.24733318	1.24733318	-1.252772949	1.252772949	-1.258417178	1.258417178	1.27095376	-1.27095376	1.278188237	-1.278188237	1.285867738	-1.285867738	-1.303609244	1.303609244	-1.304532195	1.304532195	-1.305638043	1.305638043	-1.305932389	1.305932389	1.334494185	-1.334494185	1.344417906	-1.344417906	-1.354317538	1.354317538	1.355664654	-1.355664654	-1.364342011	1.364342011	1.377063427	-1.377063427	-1.379550908	1.379550908	1.395103299	-1.395103299	-1.39632222	1.39632222	1.405091728	-1.405091728	-1.431268751	1.431268751	1.441185967	-1.441185967	-1.449875558	1.449875558	-1.475318088	1.475318088	1.480810171	-1.480810171	1.485632002	-1.485632002	1.492294493	-1.492294493	-1.494872698	1.494872698	1.547325301	-1.547325301	1.549714047	-1.549714047	1.59712818	-1.59712818	-1.600967884	1.600967884	-1.610712192	1.610712192	1.612478992	-1.612478992	1.62320511	-1.62320511	-1.625167063	1.625167063	1.659920905	-1.659920905	1.687434541	-1.687434541	-1.697444664	1.697444664	1.726321839	-1.726321839	-1.732145278	1.732145278	-1.767398787	1.767398787	1.772383863	-1.772383863	-1.78946658	1.78946658	-1.810826736	1.810826736	1.814322275	-1.814322275	1.825866519	-1.825866519	-1.848609778	1.848609778	1.854934552	-1.854934552	1.868272099	-1.868272099	-1.887490066	1.887490066	1.900064576	-1.900064576	1.913761662	-1.913761662	1.920554172	-1.920554172	1.952984782	-1.952984782	1.963889854	-1.963889854	1.964742625	-1.964742625	-1.97112003	1.97112003	1.974272319	-1.974272319	-1.981384517	1.981384517	2.012345753	-2.012345753	
0.23	-0.03213760905	0.03213760905	-0.2022805224	0.2022805224	-0.3389728949	0.3389728949	0.3921002722	-0.3921002722	0.402298721	-0.402298721	-0.4037142078	0.4037142078	0.5094491528	-0.5094491528	-0.5140101743	0.5140101743	-0.517104042	0.517104042	0.5329705065	-0.5329705065	0.5945512633	-0.5945512633	-0.6887073391	0.6887073391	-0.691680977	0.691680977	0.6919384071	-0.6919384071	-0.7237262796	0.7237262796	0.7315926748	-0.7315926748	0.7473681692	-0.7473681692	-0.760739081	0.760739081	-0.7699008654	0.7699008654	0.7810390417	-0.7810390417	0.7883850293	-0.7883850293	0.7916955318	-0.7916955318	0.8160514753	-0.8160514753	0.8225183174	-0.8225183174	-0.8401333508	0.8401333508	-0.8703025517	0.8703025517	-0.8932372444	0.8932372444	0.9069929297	-0.9069929297	0.9115344023	-0.9115344023	0.9469508343	-0.9469508343	0.9780627459	-0.9780627459	-0.9859792206	0.9859792206	-0.9896106418	0.9896106418	1.004624719	-1.004624719	-1.006195898	1.006195898	1.024942821	-1.024942821	1.043141004	-1.043141004	1.070835277	-1.070835277	-1.107946013	1.107946013	1.123765934	-1.123765934	-1.138320187	1.138320187	-1.176140852	1.176140852	1.192090322	-1.192090322	-1.202223827	1.202223827	-1.24722331	1.24722331	-1.253347009	1.253347009	-1.259210838	1.259210838	-1.270972948	1.270972948	1.281031282	-1.281031282	1.286807676	-1.286807676	-1.303692527	1.303692527	-1.306070015	1.306070015	1.308907666	-1.308907666	-1.309400797	1.309400797	1.334309691	-1.334309691	1.344353937	-1.344353937	-1.354720116	1.354720116	-1.355920481	1.355920481	1.365940335	-1.365940335	-1.376912722	1.376912722	-1.380076264	1.380076264	1.395383841	-1.395383841	-1.397125574	1.397125574	1.405180547	-1.405180547	-1.431314463	1.431314463	1.441298679	-1.441298679	-1.45006952	1.45006952	1.475400422	-1.475400422	-1.480703544	1.480703544	-1.485647179	1.485647179	1.492482429	-1.492482429	-1.494819578	1.494819578	1.547813785	-1.547813785	1.550453676	-1.550453676	1.597455181	-1.597455181	-1.601783977	1.601783977	1.610713987	-1.610713987	1.612504341	-1.612504341	-1.623304779	1.623304779	1.625674803	-1.625674803	1.6604275	-1.6604275	-1.687268004	1.687268004	1.697442762	-1.697442762	-1.726607626	1.726607626	-1.732030327	1.732030327	1.767030868	-1.767030868	1.772127207	-1.772127207	-1.78950613	1.78950613	-1.810961555	1.810961555	-1.814855615	1.814855615	1.825838792	-1.825838792	1.848599759	-1.848599759	-1.854765203	1.854765203	-1.868021799	1.868021799	1.887458818	-1.887458818	1.900043668	-1.900043668	1.913656599	-1.913656599	1.92008577	-1.92008577	1.953626671	-1.953626671	1.96389638	-1.96389638	-1.965082598	1.965082598	1.971080497	-1.971080497	-1.974213503	1.974213503	1.981366822	-1.981366822	-2.012407798	2.012407798	
0.24	-0.02879617005	0.02879617005	-0.2055467187	0.2055467187	-0.3323651311	0.3323651311	0.3847272638	-0.3847272638	-0.394460659	0.394460659	0.3957523768	-0.3957523768	0.5015913976	-0.5015913976	0.5066722661	-0.5066722661	-0.5137659367	0.5137659367	0.5256274121	-0.5256274121	0.5999666155	-0.5999666155	0.6879092111	-0.6879092111	0.689470648	-0.689470648	-0.6919856867	0.6919856867	0.7278427569	-0.7278427569	0.7289230434	-0.7289230434	0.7498353434	-0.7498353434	-0.7547217682	0.7547217682	-0.7702502231	0.7702502231	0.7754660357	-0.7754660357	0.7883243481	-0.7883243481	0.7946451646	-0.7946451646	-0.8135606314	0.8135606314	-0.8231162001	0.8231162001	0.8431743989	-0.8431743989	0.870231413	-0.870231413	0.8937920134	-0.8937920134	0.9067935677	-0.9067935677	0.9107773092	-0.9107773092	-0.9457381935	0.9457381935	-0.9775199984	0.9775199984	-0.9789372927	0.9789372927	0.989597087	-0.989597087	-1.004963693	1.004963693	-1.009637628	1.009637628	-1.030153221	1.030153221	-1.045176949	1.045176949	1.073960512	-1.073960512	-1.111894297	1.111894297	-1.12378274	1.12378274	-1.138367147	1.138367147	1.173735603	-1.173735603	-1.192057231	1.192057231	1.202159236	-1.202159236	-1.247108272	1.247108272	1.253892648	-1.253892648	1.259977266	-1.259977266	1.270990763	-1.270990763	-1.283635549	1.283635549	1.287441254	-1.287441254	1.303730185	-1.303730185	1.30669208	-1.30669208	1.312795516	-1.312795516	1.313323148	-1.313323148	1.334118437	-1.334118437	-1.34436105	1.34436105	-1.354903155	1.354903155	1.356401269	-1.356401269	-1.367751342	1.367751342	-1.376758182	1.376758182	-1.38062009	1.38062009	1.395446677	-1.395446677	1.398171386	-1.398171386	-1.405273037	1.405273037	-1.431379231	1.431379231	1.441409008	-1.441409008	1.450271297	-1.450271297	1.475481525	-1.475481525	1.480607379	-1.480607379	-1.485662502	1.485662502	-1.492679067	1.492679067	1.494765519	-1.494765519	1.548312298	-1.548312298	1.551218375	-1.551218375	1.597823732	-1.597823732	1.602622597	-1.602622597	1.610716395	-1.610716395	1.612530536	-1.612530536	1.623386487	-1.623386487	1.626228071	-1.626228071	-1.660953129	1.660953129	1.687097846	-1.687097846	1.697440791	-1.697440791	-1.726901002	1.726901002	-1.731909484	1.731909484	-1.766649162	1.766649162	1.771860618	-1.771860618	-1.789544835	1.789544835	-1.811092073	1.811092073	-1.815416805	1.815416805	-1.825827555	1.825827555	1.848588553	-1.848588553	-1.854593598	1.854593598	-1.867762588	1.867762588	1.887426769	-1.887426769	1.90002488	-1.90002488	1.913547186	-1.913547186	-1.919621954	1.919621954	1.954240374	-1.954240374	1.963925651	-1.963925651	-1.965430207	1.965430207	-1.971042619	1.971042619	-1.974152455	1.974152455	1.981349079	-1.981349079	-2.012479127	2.012479127	
0.25	-0.02543595472	0.02543595472	-0.2088287426	0.2088287426	0.3257383016	-0.3257383016	0.3772713713	-0.3772713713	0.3865772913	-0.3865772913	0.3877503064	-0.3877503064	0.4936723075	-0.4936723075	-0.4993179454	0.4993179454	-0.5104094294	0.5104094294	0.5182151336	-0.5182151336	-0.6053474897	0.6053474897	0.6831773821	-0.6831773821	-0.6870449903	0.6870449903	-0.6952794203	0.6952794203	0.7234651154	-0.7234651154	-0.7340348175	0.7340348175	0.7477547541	-0.7477547541	0.7537433303	-0.7537433303	0.7690228709	-0.7690228709	0.7707460185	-0.7707460185	0.7882888344	-0.7882888344	0.7983898293	-0.7983898293	0.8105869547	-0.8105869547	0.8237204751	-0.8237204751	0.846547325	-0.846547325	-0.8701604172	0.8701604172	0.8943654856	-0.8943654856	0.901458242	-0.901458242	0.9146555836	-0.9146555836	-0.9454537056	0.9454537056	0.9703926517	-0.9703926517	-0.9785158107	0.9785158107	0.9895817634	-0.9895817634	1.005263518	-1.005263518	-1.012707227	1.012707227	1.035374485	-1.035374485	-1.047536723	1.047536723	1.077049142	-1.077049142	-1.115822639	1.115822639	-1.123812263	1.123812263	1.138416906	-1.138416906	-1.171302433	1.171302433	-1.192017041	1.192017041	1.202099933	-1.202099933	-1.246988114	1.246988114	-1.254410705	1.254410705	1.260722612	-1.260722612	1.271007565	-1.271007565	1.285994536	-1.285994536	1.287887839	-1.287887839	1.303761341	-1.303761341	-1.307299637	1.307299637	-1.316049906	1.316049906	-1.317855107	1.317855107	-1.333920681	1.333920681	-1.344468756	1.344468756	-1.354956214	1.354956214	-1.357021672	1.357021672	1.369761265	-1.369761265	-1.37660508	1.37660508	1.381181792	-1.381181792	1.39544964	-1.39544964	1.399300558	-1.399300558	-1.405369198	1.405369198	1.431465382	-1.431465382	1.44151684	-1.44151684	-1.450480979	1.450480979	-1.475560322	1.475560322	1.480522711	-1.480522711	-1.485677973	1.485677973	1.49288427	-1.49288427	-1.494710583	1.494710583	1.54882174	-1.54882174	-1.552006507	1.552006507	1.598233481	-1.598233481	-1.603482448	1.603482448	1.610719702	-1.610719702	1.612557545	-1.612557545	1.62345757	-1.62345757	1.626819577	-1.626819577	-1.661497222	1.661497222	-1.686924446	1.686924446	1.697438852	-1.697438852	1.727201385	-1.727201385	1.731782771	-1.731782771	-1.76625398	1.76625398	-1.771584237	1.771584237	1.789582704	-1.789582704	1.811218586	-1.811218586	-1.816005498	1.816005498	1.8258328	-1.8258328	-1.848576029	1.848576029	-1.854419855	1.854419855	-1.867494697	1.867494697	-1.887393798	1.887393798	-1.900008329	1.900008329	-1.913433324	1.913433324	1.91916373	-1.91916373	1.954818121	-1.954818121	1.963982906	-1.963982906	-1.965785109	1.965785109	-1.971006485	1.971006485	1.974089212	-1.974089212	1.981331512	-1.981331512	-2.012561003	2.012561003	
0.26	-0.02205884501	0.02205884501	-0.2121247066	0.2121247066	0.319093072	-0.319093072	-0.3697373279	0.3697373279	0.3786500583	-0.3786500583	0.3797089201	-0.3797089201	0.485698707	-0.485698707	0.4919440562	-0.4919440562	-0.5070363521	0.5070363521	0.5107382395	-0.5107382395	-0.6106928245	0.6106928245	0.6777925329	-0.6777925329	-0.684595395	0.684595395	-0.6985867071	0.6985867071	0.7185578041	-0.7185578041	-0.7390171184	0.7390171184	0.7414447825	-0.7414447825	-0.7574229818	0.7574229818	-0.7622852832	0.7622852832	0.7712743123	-0.7712743123	0.7882713058	-0.7882713058	0.8023657931	-0.8023657931	0.8071565607	-0.8071565607	0.8243292184	-0.8243292184	-0.8501683772	0.8501683772	-0.870089695	0.870089695	-0.8949560722	0.8949560722	-0.895633518	0.895633518	0.9185595504	-0.9185595504	-0.9459680391	0.9459680391	0.9627315801	-0.9627315801	0.9786998742	-0.9786998742	-0.9895652216	0.9895652216	1.005544459	-1.005544459	1.015396223	-1.015396223	1.040584454	-1.040584454	1.050226447	-1.050226447	1.080101068	-1.080101068	-1.119687141	1.119687141	1.123888185	-1.123888185	-1.138469875	1.138469875	1.168842679	-1.168842679	-1.191970685	1.191970685	-1.202046025	1.202046025	-1.246862884	1.246862884	1.254902128	-1.254902128	1.26145063	-1.26145063	1.271023565	-1.271023565	1.288108249	-1.288108249	1.288216158	-1.288216158	-1.303791609	1.303791609	1.307904534	-1.307904534	1.319121298	-1.319121298	1.322412819	-1.322412819	-1.333716726	1.333716726	-1.344716735	1.344716735	1.354956774	-1.354956774	1.357710152	-1.357710152	-1.371939594	1.371939594	-1.376470697	1.376470697	1.381760747	-1.381760747	-1.395431804	1.395431804	-1.400472858	1.400472858	1.405469107	-1.405469107	-1.431575617	1.431575617	-1.441622086	1.441622086	1.450698663	-1.450698663	1.475635637	-1.475635637	1.480450646	-1.480450646	-1.485693597	1.485693597	1.493097915	-1.493097915	-1.494654833	1.494654833	1.549342736	-1.549342736	1.552816694	-1.552816694	1.598684022	-1.598684022	-1.604362001	1.604362001	1.610724362	-1.610724362	1.612585334	-1.612585334	-1.623522368	1.623522368	-1.627445013	1.627445013	1.662059175	-1.662059175	1.686748172	-1.686748172	1.697437046	-1.697437046	-1.727508194	1.727508194	-1.731650208	1.731650208	-1.765845645	1.765845645	1.771298216	-1.771298216	-1.789619753	1.789619753	-1.811341417	1.811341417	1.81662131	-1.81662131	1.825854489	-1.825854489	-1.848562035	1.848562035	-1.854244118	1.854244118	-1.867218371	1.867218371	-1.887359789	1.887359789	1.89999413	-1.89999413	1.91331491	-1.91331491	-1.918711989	1.918711989	1.955351885	-1.955351885	-1.964073693	1.964073693	-1.966146953	1.966146953	-1.970972187	1.970972187	1.974023813	-1.974023813	-1.981314359	1.981314359	2.012654749	-2.012654749	
0.27	-0.01866647805	0.01866647805	-0.2154329677	0.2154329677	-0.3124300476	0.3124300476	0.3621294233	-0.3621294233	0.3706803503	-0.3706803503	-0.3716291151	0.3716291151	0.4776759986	-0.4776759986	-0.4845485364	0.4845485364	0.5032004316	-0.5032004316	-0.5036486154	0.5036486154	-0.6160016047	0.6160016047	0.6719317354	-0.6719317354	-0.6821203217	0.6821203217	-0.7019059455	0.7019059455	-0.713206282	0.713206282	0.7348490212	-0.7348490212	0.7440252883	-0.7440252883	0.7553910537	-0.7553910537	-0.7615154536	0.7615154536	0.7718152575	-0.7718152575	0.788269866	-0.788269866	0.8033045796	-0.8033045796	-0.8064342877	0.8064342877	0.8249406485	-0.8249406485	0.8539712347	-0.8539712347	0.8700193102	-0.8700193102	0.8894260847	-0.8894260847	-0.8955663046	0.8955663046	0.9223928344	-0.9223928344	-0.9471411769	0.9471411769	-0.9551508484	0.9551508484	0.9789481606	-0.9789481606	-0.9895478073	0.9895478073	-1.005816737	1.005816737	1.017717839	-1.017717839	-1.045771235	1.045771235	1.05323085	-1.05323085	1.083116512	-1.083116512	-1.122980683	1.122980683	-1.124508365	1.124508365	-1.138526878	1.138526878	-1.166357556	1.166357556	-1.191918971	1.191918971	1.201997653	-1.201997653	-1.246732631	1.246732631	1.255367943	-1.255367943	1.262163493	-1.262163493	-1.271038899	1.271038899	-1.288466198	1.288466198	1.289982489	-1.289982489	-1.303822782	1.303822782	1.30850692	-1.30850692	1.321958586	-1.321958586	1.326943475	-1.326943475	-1.333507015	1.333507015	1.345156783	-1.345156783	-1.354935124	1.354935124	-1.358445002	1.358445002	-1.374170286	1.374170286	1.376453612	-1.376453612	-1.382356295	1.382356295	-1.395404753	1.395404753	-1.401675681	1.401675681	-1.405572944	1.405572944	1.431713069	-1.431713069	1.441724677	-1.441724677	1.450924449	-1.450924449	1.475706224	-1.475706224	1.480392335	-1.480392335	-1.485709377	1.485709377	1.493319883	-1.493319883	-1.494598334	1.494598334	1.549875708	-1.549875708	1.553647752	-1.553647752	-1.599174886	1.599174886	1.605259354	-1.605259354	-1.61073114	1.61073114	1.612613869	-1.612613869	-1.623583495	1.623583495	-1.62810178	1.62810178	-1.662638357	1.662638357	1.68656938	-1.68656938	1.697435477	-1.697435477	-1.727820851	1.727820851	-1.73151182	1.73151182	-1.765424487	1.765424487	1.77100272	-1.77100272	1.789656	-1.789656	-1.811460916	1.811460916	-1.817263811	1.817263811	-1.825892557	1.825892557	-1.848546398	1.848546398	1.85406656	-1.85406656	1.86693386	-1.86693386	1.887324628	-1.887324628	1.899982394	-1.899982394	-1.913191828	1.913191828	-1.918267523	1.918267523	-1.955833847	1.955833847	-1.964203386	1.964203386	1.966515373	-1.966515373	-1.970939819	1.970939819	1.973956296	-1.973956296	-1.981297866	1.981297866	2.012761747	-2.012761747	
0.28	-0.01526028389	0.01526028389	-0.2187520899	0.2187520899	-0.3057497841	0.3057497841	0.35445156	-0.35445156	0.3626695149	-0.3626695149	0.3635117675	-0.3635117675	0.4696085287	-0.4696085287	-0.4771301102	0.4771301102	0.4956060773	-0.4956060773	0.5002468026	-0.5002468026	0.6212728432	-0.6212728432	0.6657162557	-0.6657162557	0.6796204623	-0.6796204623	-0.7052356734	0.7052356734	0.7074823496	-0.7074823496	0.7282791367	-0.7282791367	0.748392146	-0.748392146	0.7488536269	-0.7488536269	0.765770701	-0.765770701	0.7723896491	-0.7723896491	0.7882861135	-0.7882861135	0.7990729679	-0.7990729679	0.8105351174	-0.8105351174	-0.8255530942	0.8255530942	0.8579031979	-0.8579031979	-0.8699491182	0.8699491182	0.8829338736	-0.8829338736	0.8961918996	-0.8961918996	0.9259438342	-0.9259438342	-0.9478514727	0.9478514727	0.9488479464	-0.9488479464	0.9792554731	-0.9792554731	0.9895297535	-0.9895297535	1.006086015	-1.006086015	1.019704181	-1.019704181	1.050927595	-1.050927595	1.056515898	-1.056515898	1.086095978	-1.086095978	-1.12361285	1.12361285	1.127753998	-1.127753998	1.138589834	-1.138589834	1.163848172	-1.163848172	1.191862606	-1.191862606	1.201955009	-1.201955009	1.246597408	-1.246597408	1.255809224	-1.255809224	1.262862259	-1.262862259	1.271053661	-1.271053661	1.288662079	-1.288662079	1.291627983	-1.291627983	1.303855735	-1.303855735	1.30910543	-1.30910543	1.324500024	-1.324500024	-1.331406131	1.331406131	1.333293512	-1.333293512	1.345851595	-1.345851595	-1.354902778	1.354902778	1.359227455	-1.359227455	1.375525494	-1.375525494	1.377460688	-1.377460688	-1.38296775	1.38296775	1.395372999	-1.395372999	1.402903727	-1.402903727	1.40568102	-1.40568102	1.431881382	-1.431881382	1.441824564	-1.441824564	1.451158441	-1.451158441	1.475770797	-1.475770797	1.480348946	-1.480348946	-1.485725317	1.485725317	1.493550065	-1.493550065	1.494541151	-1.494541151	1.550420928	-1.550420928	1.554498631	-1.554498631	1.599705544	-1.599705544	-1.606171912	1.606171912	1.610741439	-1.610741439	1.612643116	-1.612643116	-1.623642578	1.623642578	1.628788244	-1.628788244	1.663234103	-1.663234103	-1.686388415	1.686388415	1.697434253	-1.697434253	1.728138781	-1.728138781	-1.731367633	1.731367633	-1.764990852	1.764990852	1.77069793	-1.77069793	-1.789691467	1.789691467	-1.811577456	1.811577456	1.81793253	-1.81793253	1.825946903	-1.825946903	1.848528921	-1.848528921	1.85388739	-1.85388739	1.866641424	-1.866641424	-1.887288203	1.887288203	-1.899973232	1.899973232	1.913063959	-1.913063959	1.917831048	-1.917831048	1.956257123	-1.956257123	1.964376439	-1.964376439	1.966889994	-1.966889994	1.970909485	-1.970909485	1.973886704	-1.973886704	-1.981282292	1.981282292	2.012883428	-2.012883428	
0.29	-0.01184151674	0.01184151674	-0.2220808129	0.2220808129	0.2990527959	-0.2990527959	0.3467073029	-0.3467073029	-0.3546188628	0.3546188628	0.3553577365	-0.3553577365	-0.4614998718	0.4614998718	-0.4696880497	0.4696880497	0.4879576158	-0.4879576158	-0.4968328677	0.4968328677	-0.626505566	0.626505566	-0.6592293391	0.6592293391	-0.6770967598	0.6770967598	-0.701444749	0.701444749	-0.7085749115	0.7085749115	-0.7216695565	0.7216695565	0.7413142937	-0.7413142937	0.7535769887	-0.7535769887	-0.7699025994	0.7699025994	0.7731719592	-0.7731719592	0.7883227507	-0.7883227507	-0.7945158061	0.7945158061	0.8146293671	-0.8146293671	-0.8261649919	0.8261649919	-0.8619220436	0.8619220436	-0.8698777118	0.8698777118	-0.876232299	0.876232299	-0.8968334593	0.8968334593	0.9284268618	-0.9284268618	-0.9416014401	0.9416014401	-0.9509846059	0.9509846059	-0.9796314475	0.9796314475	0.9895112269	-0.9895112269	-1.006355662	1.006355662	-1.021399096	1.021399096	-1.056048618	1.056048618	-1.060035848	1.060035848	-1.08904024	1.08904024	1.123692578	-1.123692578	-1.131503985	1.131503985	1.138664561	-1.138664561	1.161315547	-1.161315547	-1.191802227	1.191802227	-1.201918339	1.201918339	1.246457273	-1.246457273	-1.256227073	1.256227073	-1.26354715	1.26354715	-1.271067925	1.271067925	-1.288818967	1.288818967	1.293059342	-1.293059342	1.303891033	-1.303891033	-1.309698359	1.309698359	-1.326681229	1.326681229	-1.333067112	1.333067112	-1.335773569	1.335773569	-1.346865899	1.346865899	-1.354864794	1.354864794	-1.360071941	1.360071941	-1.375576137	1.375576137	-1.379897261	1.379897261	-1.383594397	1.383594397	-1.395338703	1.395338703	-1.404154407	1.404154407	-1.40579382	1.40579382	-1.43208479	1.43208479	1.441921721	-1.441921721	1.451400746	-1.451400746	-1.475828093	1.475828093	1.480321605	-1.480321605	-1.485741419	1.485741419	-1.493788355	1.493788355	-1.494483354	1.494483354	-1.550978555	1.550978555	-1.555368386	1.555368386	-1.600275404	1.600275404	-1.607095585	1.607095585	-1.610758106	1.610758106	1.612673043	-1.612673043	-1.623700672	1.623700672	1.629503322	-1.629503322	1.663845718	-1.663845718	-1.686205609	1.686205609	-1.697433484	1.697433484	1.728461412	-1.728461412	-1.731217675	1.731217675	1.764545095	-1.764545095	-1.770384042	1.770384042	-1.789726178	1.789726178	-1.811691437	1.811691437	1.818626947	-1.818626947	-1.8260174	1.8260174	-1.848509376	1.848509376	-1.853706858	1.853706858	-1.86634133	1.86634133	1.887250411	-1.887250411	-1.899966747	1.899966747	-1.912931169	1.912931169	-1.917403222	1.917403222	1.956616634	-1.956616634	1.964595514	-1.964595514	-1.967270427	1.967270427	-1.970881302	1.970881302	1.973815082	-1.973815082	-1.981267901	1.981267901	2.013021264	-2.013021264	
0.3	-0.008411280877	0.008411280878	-0.2254180261	0.2254180261	-0.2923395633	0.2923395633	0.3388999211	-0.3388999211	-0.346529673	0.346529673	-0.3471678673	0.3471678673	0.4533530396	-0.4533530396	-0.4622220037	0.4622220037	0.4802580989	-0.4802580989	-0.4934076787	0.4934076787	0.6316987944	-0.6316987944	0.6525289092	-0.6525289092	-0.6745501541	0.6745501541	-0.6951418632	0.6951418632	-0.7119222062	0.7119222062	0.7150325081	-0.7150325081	0.7341725466	-0.7341725466	0.7581745555	-0.7581745555	-0.7724647985	0.7724647985	-0.7754964958	0.7754964958	0.7882839908	-0.7882839908	0.7898227927	-0.7898227927	0.8186840164	-0.8186840164	0.8267748917	-0.8267748917	0.865993219	-0.865993219	-0.869299806	0.869299806	0.8698876591	-0.8698876591	-0.8974901624	0.8974901624	-0.9269653793	0.9269653793	0.9392624095	-0.9392624095	-0.95346735	0.95346735	0.9800914676	-0.9800914676	-0.989492354	0.989492354	1.006627793	-1.006627793	-1.02285014	1.02285014	1.061130616	-1.061130616	-1.063741207	1.063741207	1.091950343	-1.091950343	-1.123727814	1.123727814	-1.13521536	1.13521536	-1.138780556	1.138780556	-1.158760617	1.158760617	-1.191738413	1.191738413	-1.201887958	1.201887958	-1.246312286	1.246312286	-1.256622603	1.256622603	1.264217716	-1.264217716	1.271081746	-1.271081746	1.288946787	-1.288946787	1.294293919	-1.294293919	-1.30392911	1.30392911	-1.310283926	1.310283926	1.328454129	-1.328454129	-1.332842525	1.332842525	1.339989015	-1.339989015	1.348247279	-1.348247279	-1.354823779	1.354823779	1.361006398	-1.361006398	1.37542122	-1.37542122	1.38263847	-1.38263847	-1.384235498	1.384235498	-1.395303117	1.395303117	1.405426641	-1.405426641	-1.405912055	1.405912055	-1.432328212	1.432328212	-1.44201614	1.44201614	-1.451651479	1.451651479	-1.475876929	1.475876929	1.480311337	-1.480311337	-1.485757687	1.485757687	-1.49403465	1.49403465	-1.494425011	1.494425011	-1.551548662	1.551548662	1.556256143	-1.556256143	1.600883811	-1.600883811	-1.608022385	1.608022385	-1.610787837	1.610787837	1.612703615	-1.612703615	-1.623758479	1.623758479	1.630246248	-1.630246248	-1.664472475	1.664472475	-1.686021281	1.686021281	-1.697433282	1.697433282	1.728788177	-1.728788177	-1.731061979	1.731061979	1.764087582	-1.764087582	1.770061269	-1.770061269	-1.789760161	1.789760161	-1.811803277	1.811803277	1.819346495	-1.819346495	-1.826103886	1.826103886	-1.848487503	1.848487503	1.853525258	-1.853525258	-1.866033855	1.866033855	1.887211154	-1.887211154	-1.899963041	1.899963041	-1.912793317	1.912793317	1.916984655	-1.916984655	1.956909886	-1.956909886	1.964860688	-1.964860688	1.967656275	-1.967656275	-1.970855405	1.970855405	-1.973741475	1.973741475	1.98125496	-1.98125496	-2.013176763	2.013176763	
0.31	-0.00497055223	0.00497055223	-0.2287627471	0.2287627471	0.2856105373	-0.2856105373	-0.3310324253	0.3310324253	0.3384031979	-0.3384031979	-0.3389429946	0.3389429946	0.4451706292	-0.4451706292	-0.45473188	0.45473188	0.4725100958	-0.4725100958	-0.4899721825	0.4899721825	-0.6368515216	0.6368515216	0.6456561093	-0.6456561093	-0.6719815339	0.6719815339	0.6886125508	-0.6886125508	0.708372717	-0.708372717	-0.7152765647	0.7152765647	0.7269768596	-0.7269768596	0.7626166269	-0.7626166269	0.7732561764	-0.7732561764	0.7792341514	-0.7792341514	0.7846952044	-0.7846952044	0.7888045637	-0.7888045637	0.8226648606	-0.8226648606	-0.8273814664	0.8273814664	0.8624137735	-0.8624137735	0.8697546972	-0.8697546972	0.870086964	-0.870086964	-0.8981611833	0.8981611833	-0.9211294414	0.9211294414	0.9412552655	-0.9412552655	0.9562287648	-0.9562287648	-0.9806562206	0.9806562206	0.9894732359	-0.9894732359	-1.006903792	1.006903792	-1.024102501	1.024102501	-1.066170547	1.066170547	1.067584759	-1.067584759	1.09482761	-1.09482761	-1.123752908	1.123752908	1.138249005	-1.138249005	-1.139537782	1.139537782	-1.156184251	1.156184251	1.191671704	-1.191671704	1.201864266	-1.201864266	1.246162512	-1.246162512	-1.256996922	1.256996922	1.264872949	-1.264872949	1.271095173	-1.271095173	-1.289052281	1.289052281	1.29535072	-1.29535072	1.303970317	-1.303970317	-1.310860361	1.310860361	1.329808784	-1.329808784	-1.332612432	1.332612432	-1.344002829	1.344002829	-1.350004409	1.350004409	-1.354781398	1.354781398	-1.362077695	1.362077695	-1.375222745	1.375222745	-1.384890303	1.384890303	-1.385494678	1.385494678	1.395267181	-1.395267181	1.40603674	-1.40603674	-1.406720674	1.406720674	1.432617351	-1.432617351	1.442107833	-1.442107833	-1.451910755	1.451910755	1.475916281	-1.475916281	1.480318996	-1.480318996	1.485774122	-1.485774122	-1.494288851	1.494288851	-1.494366193	1.494366193	1.552131257	-1.552131257	-1.557161082	1.557161082	-1.601530047	1.601530047	1.60893161	-1.60893161	1.61085001	-1.61085001	-1.6127348	1.6127348	1.623816485	-1.623816485	1.631016439	-1.631016439	-1.665113612	1.665113612	-1.685835737	1.685835737	-1.697433765	1.697433765	1.729118511	-1.729118511	-1.730900578	1.730900578	-1.763618695	1.763618695	1.76972984	-1.76972984	-1.789793442	1.789793442	-1.811913415	1.811913415	1.820090556	-1.820090556	1.826206168	-1.826206168	-1.848463002	1.848463002	1.85334294	-1.85334294	1.865719285	-1.865719285	-1.887170338	1.887170338	1.899962208	-1.899962208	-1.912650248	1.912650248	1.916575923	-1.916575923	1.957137356	-1.957137356	-1.96516907	1.96516907	-1.96804713	1.96804713	1.970831958	-1.970831958	1.973665931	-1.973665931	1.981243737	-1.981243737	2.01335145	-2.01335145	
0.32	-0.00152019645	0.00152019645	-0.2321141036	0.2321141036	-0.2788661439	0.2788661439	-0.3231076002	0.3231076002	0.3302406684	-0.3302406684	-0.3306839443	0.3306839443	0.4369549306	-0.4369549306	-0.4472177645	0.4472177645	0.464715933	-0.464715933	-0.4865272224	0.4865272224	-0.6386408462	0.6386408462	-0.6419626745	0.6419626745	-0.6693917273	0.6693917273	0.6818885243	-0.6818885243	0.7016928452	-0.7016928452	-0.718629811	0.718629811	0.7197414528	-0.7197414528	0.7668276537	-0.7668276537	0.7737542839	-0.7737542839	0.7784230844	-0.7784230844	0.7840559096	-0.7840559096	0.7894978529	-0.7894978529	0.8265304106	-0.8265304106	0.8279835226	-0.8279835226	0.8554184411	-0.8554184411	0.8696870639	-0.8696870639	0.8741742349	-0.8741742349	-0.8988456684	0.8988456684	-0.914079546	0.914079546	-0.9444216599	0.9444216599	-0.9592144069	0.9592144069	0.9813523625	-0.9813523625	-0.989453958	0.989453958	1.007184594	-1.007184594	-1.025195724	1.025195724	-1.071165674	1.071165674	-1.071524783	1.071524783	1.097673667	-1.097673667	-1.123775663	1.123775663	-1.138695409	1.138695409	-1.142833791	1.142833791	-1.153587256	1.153587256	1.191602617	-1.191602617	-1.201847768	1.201847768	-1.246008024	1.246008024	1.257351121	-1.257351121	-1.265511348	1.265511348	-1.271108248	1.271108248	-1.289140178	1.289140178	1.296249458	-1.296249458	-1.304014941	1.304014941	-1.311425932	1.311425932	1.330780379	-1.330780379	-1.332378219	1.332378219	-1.347731276	1.347731276	1.35210021	-1.35210021	-1.354739288	1.354739288	-1.363359875	1.363359875	-1.375004596	1.375004596	-1.385558061	1.385558061	-1.388412344	1.388412344	-1.395232058	1.395232058	1.406169294	-1.406169294	-1.408038348	1.408038348	-1.432958799	1.432958799	-1.442196827	1.442196827	1.452178698	-1.452178698	1.475945353	-1.475945353	1.480345192	-1.480345192	-1.485790727	1.485790727	1.494306973	-1.494306973	-1.494550858	1.494550858	1.55272629	-1.55272629	1.558082425	-1.558082425	-1.602213328	1.602213328	1.609750519	-1.609750519	1.611016005	-1.611016005	-1.612766569	1.612766569	-1.623875034	1.623875034	-1.631813412	1.631813412	1.66576834	-1.66576834	-1.685649272	1.685649272	-1.697435049	1.697435049	1.729451852	-1.729451852	-1.730733511	1.730733511	-1.763138826	1.763138826	1.769390004	-1.769390004	1.789826051	-1.789826051	-1.812022302	1.812022302	-1.820858462	1.820858462	-1.826324019	1.826324019	-1.848435534	1.848435534	-1.853160311	1.853160311	-1.865397911	1.865397911	-1.887127882	1.887127882	1.899964339	-1.899964339	-1.912501801	1.912501801	-1.916177578	1.916177578	-1.957302304	1.957302304	1.965514981	-1.965514981	1.968442575	-1.968442575	-1.970811165	1.970811165	-1.9735885	1.9735885	-1.981234494	1.981234494	2.013546856	-2.013546856	
0.33	-0.001939015912	0.001939015913	-0.2354713185	0.2354713185	-0.272106788	0.272106788	-0.3151280325	0.3151280325	-0.3220432977	0.3220432977	-0.3223915362	0.3223915362	-0.428708003	0.428708003	-0.4396798659	0.4396798659	-0.4568777314	0.4568777314	-0.48307355	0.48307355	-0.6315053673	0.6315053673	-0.6470310352	0.6470310352	0.6667815015	-0.6667815015	-0.6749956488	0.6749956488	-0.6949946459	0.6949946459	-0.7124462606	0.7124462606	-0.7220065186	0.7220065186	0.7701187107	-0.7701187107	-0.7737316187	0.7737316187	-0.7742889116	0.7742889116	-0.7862485561	0.7862485561	0.7916769522	-0.7916769522	-0.8285800101	0.8285800101	0.8302235089	-0.8302235089	0.8484369798	-0.8484369798	0.8696223749	-0.8696223749	-0.8782170938	0.8782170938	-0.899542734	0.899542734	-0.9068466955	0.9068466955	0.9477587092	-0.9477587092	-0.9623800208	0.9623800208	0.9822130903	-0.9822130903	0.9894345978	-0.9894345978	1.007470838	-1.007470838	-1.02616271	1.02616271	1.075525988	-1.075525988	-1.07611332	1.07611332	-1.100490481	1.100490481	-1.123799321	1.123799321	-1.138805212	1.138805212	-1.146411178	1.146411178	-1.150970384	1.150970384	-1.191531652	1.191531652	-1.201839099	1.201839099	1.245848899	-1.245848899	1.257686268	-1.257686268	-1.266130968	1.266130968	-1.271121006	1.271121006	1.289213896	-1.289213896	-1.297009806	1.297009806	-1.304063202	1.304063202	1.311978954	-1.311978954	-1.331434211	1.331434211	-1.332140569	1.332140569	-1.351059592	1.351059592	1.35446707	-1.35446707	1.354701298	-1.354701298	-1.36495737	1.36495737	-1.374773595	1.374773595	-1.38623804	1.38623804	-1.391350822	1.391350822	-1.395201011	1.395201011	1.406311692	-1.406311692	-1.409383734	1.409383734	-1.433360142	1.433360142	1.442283169	-1.442283169	1.45245544	-1.45245544	1.475963632	-1.475963632	1.480390245	-1.480390245	-1.485807502	1.485807502	-1.494247424	1.494247424	1.494820571	-1.494820571	1.553333671	-1.553333671	1.559019421	-1.559019421	1.602932803	-1.602932803	-1.610271141	1.610271141	1.611492413	-1.611492413	-1.612798892	1.612798892	-1.623934376	1.623934376	-1.63263673	1.63263673	1.666435835	-1.666435835	1.685462166	-1.685462166	1.697437257	-1.697437257	-1.729787645	1.729787645	-1.730560819	1.730560819	-1.76264838	1.76264838	1.769042029	-1.769042029	-1.789858018	1.789858018	-1.812130405	1.812130405	-1.821649487	1.821649487	-1.826457181	1.826457181	-1.848404709	1.848404709	1.852977848	-1.852977848	1.865070034	-1.865070034	1.887083709	-1.887083709	1.899969514	-1.899969514	-1.912347806	1.912347806	-1.915790153	1.915790153	1.957410087	-1.957410087	-1.965890654	1.965890654	-1.96884218	1.96884218	-1.970793284	1.970793284	1.973509234	-1.973509234	1.981227479	-1.981227479	2.013764496	-2.013764496	
0.34	-0.005406396595	0.005406396595	-0.2388336969	0.2388336969	0.2653328558	-0.2653328558	-0.307096136	0.307096136	-0.313812286	0.313812286	0.3140665858	-0.3140665858	0.4204317322	-0.4204317322	0.4321184786	-0.4321184786	0.448997435	-0.448997435	-0.4796118364	0.4796118364	0.624266592	-0.624266592	-0.6520550586	0.6520550586	-0.6641515634	0.6641515634	0.6679551455	-0.6679551455	0.6882793942	-0.6882793942	0.7051238258	-0.7051238258	-0.7253779025	0.7253779025	0.7665627476	-0.7665627476	0.7745952011	-0.7745952011	0.7753744872	-0.7753744872	0.7870722757	-0.7870722757	0.7954613049	-0.7954613049	-0.8291700077	0.8291700077	0.8336570253	-0.8336570253	0.841553062	-0.841553062	-0.8695595877	0.8695595877	-0.8821292101	0.8821292101	-0.8998001711	0.8998001711	-0.9002514675	0.9002514675	0.9510035879	-0.9510035879	-0.9656893787	0.9656893787	-0.9832777185	0.9832777185	0.9894152319	-0.9894152319	1.00776297	-1.00776297	-1.027030045	1.027030045	-1.079559125	1.079559125	1.081010637	-1.081010637	1.103280411	-1.103280411	-1.123826059	1.123826059	-1.13888903	1.13888903	-1.148334337	1.148334337	-1.149954274	1.149954274	-1.191459303	1.191459303	-1.201839059	1.201839059	-1.24568522	1.24568522	1.258003397	-1.258003397	1.266729456	-1.266729456	1.271133481	-1.271133481	-1.289275972	1.289275972	1.297650863	-1.297650863	1.304115261	-1.304115261	-1.312517783	1.312517783	1.331842468	-1.331842468	-1.331900159	1.331900159	1.353828106	-1.353828106	-1.354710053	1.354710053	1.357030228	-1.357030228	1.366980938	-1.366980938	-1.374532575	1.374532575	-1.38692956	1.38692956	1.394233903	-1.394233903	1.39521403	-1.39521403	-1.406466677	1.406466677	-1.410764105	1.410764105	-1.433830045	1.433830045	-1.442366919	1.442366919	-1.452741121	1.452741121	1.475970918	-1.475970918	1.480454147	-1.480454147	1.485824448	-1.485824448	-1.494187623	1.494187623	-1.495097889	1.495097889	1.553953269	-1.553953269	1.559971344	-1.559971344	-1.603687556	1.603687556	1.610460937	-1.610460937	-1.61231038	1.61231038	1.612831745	-1.612831745	-1.623994695	1.623994695	1.633485968	-1.633485968	-1.66711524	1.66711524	1.685274686	-1.685274686	-1.697440513	1.697440513	1.730125332	-1.730125332	-1.730382547	1.730382547	-1.762147776	1.762147776	1.768686205	-1.768686205	1.789889371	-1.789889371	-1.812238198	1.812238198	-1.822462851	1.822462851	-1.826605359	1.826605359	1.848370088	-1.848370088	1.852796103	-1.852796103	1.864735963	-1.864735963	-1.887037756	1.887037756	-1.89997781	1.89997781	-1.912188091	1.912188091	1.915414167	-1.915414167	1.957467233	-1.957467233	1.966287148	-1.966287148	1.969245512	-1.969245512	1.970778651	-1.970778651	1.973428189	-1.973428189	-1.981222918	1.981222918	-2.014005852	2.014005852	
0.35	-0.008881328764	0.008881328764	-0.2422006151	0.2422006151	-0.2585447177	0.2585447177	0.2990141734	-0.2990141734	0.305548825	-0.305548825	0.3057099059	-0.3057099059	0.4121278734	-0.4121278734	0.4245339559	-0.4245339559	0.4410768343	-0.4410768343	-0.476142683	0.476142683	0.6169376541	-0.6169376541	-0.6570322469	0.6570322469	0.6607846733	-0.6607846733	-0.6615025545	0.6615025545	-0.6815480938	0.6815480938	0.6977679063	-0.6977679063	0.7287540611	-0.7287540611	0.760663293	-0.760663293	-0.7749623166	0.7749623166	0.778661747	-0.778661747	0.7873707357	-0.7873707357	0.7997974623	-0.7997974623	0.8297523712	-0.8297523712	-0.8348954837	0.8348954837	0.8366875503	-0.8366875503	-0.8694986043	0.8694986043	0.8854506911	-0.8854506911	-0.8935949179	0.8935949179	-0.9009709296	0.9009709296	0.9540388682	-0.9540388682	-0.969112616	0.969112616	0.9845890726	-0.9845890726	0.9893959463	-0.9893959463	1.008061298	-1.008061298	1.027818898	-1.027818898	1.083600009	-1.083600009	1.085854338	-1.085854338	-1.106046269	1.106046269	-1.123858065	1.123858065	-1.138967548	1.138967548	-1.145679777	1.145679777	-1.1534381	1.1534381	1.191386073	-1.191386073	1.201848661	-1.201848661	1.245517079	-1.245517079	1.258303509	-1.258303509	-1.267304086	1.267304086	-1.271145705	1.271145705	-1.289328336	1.289328336	1.298190789	-1.298190789	1.304171232	-1.304171232	-1.313040811	1.313040811	1.33165773	-1.33165773	-1.332068543	1.332068543	1.354557902	-1.354557902	-1.356187657	1.356187657	1.359723583	-1.359723583	1.369480573	-1.369480573	1.374283136	-1.374283136	-1.387632056	1.387632056	1.395080242	-1.395080242	-1.397213496	1.397213496	1.406638085	-1.406638085	1.412191186	-1.412191186	-1.434378322	1.434378322	1.442448154	-1.442448154	1.453035896	-1.453035896	1.475967326	-1.475967326	1.480536575	-1.480536575	1.485841565	-1.485841565	-1.494127646	1.494127646	1.495382707	-1.495382707	1.554584921	-1.554584921	1.56093748	-1.56093748	1.604476601	-1.604476601	1.61052968	-1.61052968	1.612865111	-1.612865111	1.613258734	-1.613258734	-1.62405613	1.62405613	1.634360687	-1.634360687	-1.667805669	1.667805669	1.685087089	-1.685087089	1.697444943	-1.697444943	-1.730198744	1.730198744	1.730464363	-1.730464363	1.761637444	-1.761637444	1.768322843	-1.768322843	-1.789920139	1.789920139	-1.812346163	1.812346163	1.823297718	-1.823297718	-1.826768222	1.826768222	-1.848331179	1.848331179	-1.852615707	1.852615707	1.864396012	-1.864396012	1.886989968	-1.886989968	1.899989291	-1.899989291	-1.912022492	1.912022492	-1.915050116	1.915050116	1.957480587	-1.957480587	1.966695205	-1.966695205	1.969652125	-1.969652125	-1.970767707	1.970767707	-1.973345421	1.973345421	-1.981221008	1.981221008	2.014272348	-2.014272348	
0.36	-0.01236325776	0.01236325776	-0.245571512	0.245571512	0.2517427297	-0.2517427297	0.2908842755	-0.2908842755	0.2972541027	-0.2972541027	0.2973223087	-0.2973223087	0.4037980839	-0.4037980839	0.4169266927	-0.4169266927	0.4331175863	-0.4331175863	-0.4726666304	0.4726666304	0.6095289441	-0.6095289441	-0.6534980504	0.6534980504	0.6588350325	-0.6588350325	0.6619584153	-0.6619584153	0.6748016045	-0.6748016045	0.6903852723	-0.6903852723	-0.7321341597	0.7321341597	0.7544570785	-0.7544570785	-0.7753064517	0.7753064517	0.7814836616	-0.7814836616	0.7875192335	-0.7875192335	0.8042665762	-0.8042665762	0.8286746562	-0.8286746562	-0.8303350802	0.8303350802	0.8390683787	-0.8390683787	-0.8694395105	0.8694395105	0.8845146878	-0.8845146878	-0.8921586283	0.8921586283	-0.9017001564	0.9017001564	-0.9567907287	0.9567907287	0.9726249352	-0.9726249352	0.986187592	-0.986187592	0.989376856	-0.989376856	1.008366031	-1.008366031	1.028546046	-1.028546046	-1.0876284	1.0876284	1.090640271	-1.090640271	1.108791413	-1.108791413	-1.123898187	1.123898187	1.139045519	-1.139045519	1.143007327	-1.143007327	1.156853988	-1.156853988	1.191312479	-1.191312479	1.201869191	-1.201869191	1.245344575	-1.245344575	1.25858756	-1.25858756	1.267851786	-1.267851786	-1.271157705	1.271157705	1.289372487	-1.289372487	-1.298646584	1.298646584	1.304231219	-1.304231219	1.313546455	-1.313546455	1.331414111	-1.331414111	-1.332161861	1.332161861	1.354530857	-1.354530857	1.357906585	-1.357906585	1.362494859	-1.362494859	1.37239377	-1.37239377	1.374026575	-1.374026575	-1.388345191	1.388345191	1.395059358	-1.395059358	-1.399986186	1.399986186	1.406831324	-1.406831324	-1.413682338	1.413682338	1.435015953	-1.435015953	1.442526966	-1.442526966	1.453339942	-1.453339942	1.475953253	-1.475953253	-1.480636915	1.480636915	1.485858852	-1.485858852	1.494067572	-1.494067572	1.495674917	-1.495674917	1.555228433	-1.555228433	-1.561917127	1.561917127	1.605298879	-1.605298879	1.610561325	-1.610561325	-1.612898982	1.612898982	1.614252129	-1.614252129	-1.624118787	1.624118787	1.635260413	-1.635260413	1.668506205	-1.668506205	-1.684899617	1.684899617	1.697450677	-1.697450677	-1.730009463	1.730009463	-1.730804187	1.730804187	1.761117828	-1.761117828	-1.767952279	1.767952279	-1.789950351	1.789950351	1.812454784	-1.812454784	-1.824153188	1.824153188	-1.826945401	1.826945401	1.848287432	-1.848287432	1.852437382	-1.852437382	-1.864050505	1.864050505	-1.886940303	1.886940303	-1.900004017	1.900004017	1.911850867	-1.911850867	1.914698477	-1.914698477	1.957456693	-1.957456693	-1.967105857	1.967105857	1.970061566	-1.970061566	-1.970761045	1.970761045	1.973260988	-1.973260988	-1.981221901	1.981221901	-2.014565325	2.014565325	
0.37	-0.01585168321	0.01585168321	-0.2449272357	0.2449272357	-0.2489458805	0.2489458805	0.2827084583	-0.2827084583	0.2889046071	-0.2889046071	0.2889293082	-0.2889293082	0.3954439502	-0.3954439502	0.4092971118	-0.4092971118	0.4251212321	-0.4251212321	-0.4691841656	0.4691841656	-0.6020488253	0.6020488253	-0.64610845	0.64610845	0.6561494041	-0.6561494041	-0.6668153432	0.6668153432	-0.6680407733	0.6680407733	0.6829943689	-0.6829943689	-0.7355176485	0.7355176485	0.7480603615	-0.7480603615	0.7756317031	-0.7756317031	0.7833878871	-0.7833878871	0.7876170922	-0.7876170922	0.8087264425	-0.8087264425	0.8232989844	-0.8232989844	-0.8309004002	0.8309004002	0.8403846382	-0.8403846382	-0.8693824703	0.8693824703	0.8798869839	-0.8798869839	0.8953424739	-0.8953424739	-0.902438163	0.902438163	0.959211672	-0.959211672	0.9762055637	-0.9762055637	0.9881023859	-0.9881023859	-0.9893581553	0.9893581553	-1.008677303	1.008677303	-1.029224825	1.029224825	1.091626954	-1.091626954	-1.095362683	1.095362683	1.111519836	-1.111519836	-1.123950741	1.123950741	-1.139124754	1.139124754	-1.140317579	1.140317579	1.16019638	-1.16019638	-1.191239062	1.191239062	1.201902288	-1.201902288	-1.245167818	1.245167818	1.258856467	-1.258856467	1.268369181	-1.268369181	1.271169509	-1.271169509	1.289409614	-1.289409614	1.299033951	-1.299033951	-1.304295359	1.304295359	-1.314033142	1.314033142	-1.331170236	1.331170236	1.33215879	-1.33215879	1.35449017	-1.35449017	-1.359249784	1.359249784	-1.365304349	1.365304349	1.373764621	-1.373764621	1.375583798	-1.375583798	-1.389069088	1.389069088	1.395026625	-1.395026625	1.40262783	-1.40262783	-1.407054124	1.407054124	-1.415260687	1.415260687	1.435755032	-1.435755032	1.44260346	-1.44260346	1.453653462	-1.453653462	-1.475929326	1.475929326	1.480754321	-1.480754321	-1.485876307	1.485876307	-1.494007483	1.494007483	-1.495974403	1.495974403	1.555883583	-1.555883583	-1.562909591	1.562909591	-1.606153252	1.606153252	-1.610578332	1.610578332	-1.612933368	1.612933368	-1.615266725	1.615266725	1.624182748	-1.624182748	-1.636184627	1.636184627	1.669215898	-1.669215898	-1.684712502	1.684712502	1.697457847	-1.697457847	1.729814761	-1.729814761	-1.731144254	1.731144254	1.760589385	-1.760589385	1.767574872	-1.767574872	1.789980035	-1.789980035	1.812564543	-1.812564543	-1.825028301	1.825028301	1.827136482	-1.827136482	-1.848238248	1.848238248	1.852261933	-1.852261933	1.863699771	-1.863699771	-1.886888729	1.886888729	-1.900022034	1.900022034	1.911673114	-1.911673114	-1.914359684	1.914359684	1.957401449	-1.957401449	1.967510745	-1.967510745	1.970473378	-1.970473378	-1.970759463	1.970759463	-1.973174954	1.973174954	1.981225694	-1.981225694	-2.014886011	2.014886011	
0.38	-0.01934615217	0.01934615217	-0.2380985686	0.2380985686	-0.2523232614	0.2523232614	0.2744886383	-0.2744886383	-0.2804576164	0.2804576164	0.2805756372	-0.2805756372	0.3870670094	-0.3870670094	-0.4016456561	0.4016456561	0.4170892106	-0.4170892106	-0.4656957293	0.4656957293	-0.5945041371	0.5945041371	-0.6386256542	0.6386256542	-0.6534456371	0.6534456371	-0.6612667626	0.6612667626	-0.6713970998	0.6713970998	0.6758024945	-0.6758024945	-0.7389040593	0.7389040593	0.7415067474	-0.7415067474	0.7759394906	-0.7759394906	-0.783825929	0.783825929	0.787672726	-0.787672726	0.8129880671	-0.8129880671	0.8194610122	-0.8194610122	0.8314636933	-0.8314636933	0.840054058	-0.840054058	-0.8693277106	0.8693277106	-0.8762122369	0.8762122369	0.8990818945	-0.8990818945	-0.9031839465	0.9031839465	0.961281125	-0.961281125	-0.9798368115	0.9798368115	-0.9893402797	0.9893402797	0.9903422253	-0.9903422253	-1.008995192	1.008995192	-1.029865938	1.029865938	-1.095580314	1.095580314	-1.100012719	1.100012719	-1.114236281	1.114236281	-1.124023004	1.124023004	1.137611105	-1.137611105	-1.139206266	1.139206266	-1.163460527	1.163460527	-1.191166401	1.191166401	-1.201950067	1.201950067	-1.244986924	1.244986924	1.259111103	-1.259111103	-1.268852642	1.268852642	1.27118114	-1.27118114	-1.28944068	1.28944068	-1.299367223	1.299367223	1.304363886	-1.304363886	1.314499289	-1.314499289	-1.330927155	1.330927155	-1.332085491	1.332085491	-1.354447148	1.354447148	1.360330044	-1.360330044	1.368120203	-1.368120203	-1.373501487	1.373501487	1.378911718	-1.378911718	-1.389804881	1.389804881	-1.39499192	1.39499192	1.405077275	-1.405077275	1.407317712	-1.407317712	1.416952212	-1.416952212	-1.436608615	1.436608615	1.442677761	-1.442677761	1.453976703	-1.453976703	1.475896338	-1.475896338	1.480887779	-1.480887779	-1.485893926	1.485893926	-1.49394746	1.49394746	1.496281046	-1.496281046	1.556550122	-1.556550122	1.563914179	-1.563914179	1.607038492	-1.607038492	1.610588236	-1.610588236	1.612968311	-1.612968311	1.616293632	-1.616293632	-1.624248078	1.624248078	1.637132748	-1.637132748	1.669933771	-1.669933771	-1.684525963	1.684525963	-1.697466588	1.697466588	-1.729614701	1.729614701	-1.731484015	1.731484015	1.760052584	-1.760052584	-1.76719101	1.76719101	-1.790009215	1.790009215	-1.812675922	1.812675922	1.825922035	-1.825922035	-1.827341004	1.827341004	-1.848182985	1.848182985	-1.852090254	1.852090254	-1.863344147	1.863344147	1.88683523	-1.88683523	1.900043382	-1.900043382	-1.911489196	1.911489196	-1.914034113	1.914034113	1.95731997	-1.95731997	1.967902218	-1.967902218	1.970764043	-1.970764043	1.970887094	-1.970887094	1.973087382	-1.973087382	1.981232417	-1.981232417	-2.015235499	2.015235499	
0.39	-0.0228462533	0.0228462533	-0.2312570517	0.2312570517	-0.2557032375	0.2557032375	-0.2662266457	0.2662266457	0.2719821565	-0.2719821565	0.2721942987	-0.2721942987	0.3786687685	-0.3786687685	-0.3939727814	0.3939727814	0.4090228715	-0.4090228715	-0.4622017206	0.4622017206	0.586900554	-0.586900554	0.6310584204	-0.6310584204	-0.6507210818	0.6507210818	0.6544832561	-0.6544832561	-0.6677903324	0.6677903324	-0.6767236043	0.6767236043	0.7348147055	-0.7348147055	-0.742292974	0.742292974	-0.7762306255	0.7762306255	0.782250845	-0.782250845	0.7876718974	-0.7876718974	0.8156268595	-0.8156268595	0.8191388686	-0.8191388686	-0.8320254822	0.8320254822	-0.8376114657	0.8376114657	0.8692755333	-0.8692755333	-0.874447054	0.874447054	0.902881832	-0.902881832	-0.9039364896	0.9039364896	-0.9630063359	0.9630063359	-0.9835026736	0.9835026736	0.9893246901	-0.9893246901	-0.9928913508	0.9928913508	1.009319731	-1.009319731	-1.030478106	1.030478106	-1.099474369	1.099474369	1.104575078	-1.104575078	1.116946337	-1.116946337	1.124128505	-1.124128505	-1.134888469	1.134888469	1.139290885	-1.139290885	-1.166641734	1.166641734	-1.191095121	1.191095121	-1.202015271	1.202015271	-1.244802023	1.244802023	-1.259352294	1.259352294	-1.269298351	1.269298351	1.271192622	-1.271192622	-1.289466476	1.289466476	1.299659322	-1.299659322	-1.304437186	1.304437186	-1.314943295	1.314943295	-1.330686053	1.330686053	-1.331960714	1.331960714	-1.354403619	1.354403619	-1.361235308	1.361235308	1.370898732	-1.370898732	-1.373260867	1.373260867	1.382265303	-1.382265303	-1.39055617	1.39055617	1.3949568	-1.3949568	-1.40728735	1.40728735	1.407638658	-1.407638658	-1.418777792	1.418777792	-1.437590413	1.437590413	1.442750011	-1.442750011	-1.454309979	1.454309979	-1.47585518	1.47585518	1.481036178	-1.481036178	1.485911707	-1.485911707	1.49388759	-1.49388759	1.496594716	-1.496594716	1.557227775	-1.557227775	-1.564930197	1.564930197	-1.60795325	1.60795325	-1.610594175	1.610594175	-1.613003917	1.613003917	-1.617328385	1.617328385	1.62431483	-1.62431483	1.63810413	-1.63810413	1.670658816	-1.670658816	-1.684340211	1.684340211	-1.697477035	1.697477035	-1.729409351	1.729409351	1.731822921	-1.731822921	1.759507906	-1.759507906	-1.766801106	1.766801106	-1.790037917	1.790037917	-1.812789395	1.812789395	1.826833301	-1.826833301	-1.827558455	1.827558455	1.848120977	-1.848120977	-1.851923315	1.851923315	1.862983974	-1.862983974	1.886779802	-1.886779802	-1.900068089	1.900068089	-1.911299174	1.911299174	-1.913722057	1.913722057	1.957216596	-1.957216596	1.968273267	-1.968273267	1.970776242	-1.970776242	1.97130224	-1.97130224	-1.972998343	1.972998343	-1.981242022	1.981242022	2.015614711	-2.015614711	
0.4	-0.02635161167	0.02635161167	0.2244030001	-0.2244030001	-0.2579242364	0.2579242364	-0.2590854283	0.2590854283	-0.2634790529	0.2634790529	0.2637865215	-0.2637865215	0.3702507208	-0.3702507208	-0.3862789523	0.3862789523	0.4009234861	-0.4009234861	-0.4587025023	0.4587025023	-0.5792428476	0.5792428476	-0.6234142082	0.6234142082	-0.6475669295	0.6475669295	-0.6481000181	0.6481000181	0.6603706498	-0.6603706498	0.6813825414	-0.6813825414	0.7279973473	-0.7279973473	-0.7456840142	0.7456840142	-0.7765013043	0.7765013043	0.778544188	-0.778544188	0.7876584101	-0.7876584101	-0.8162024069	0.8162024069	0.8228386835	-0.8228386835	-0.8325960558	0.8325960558	0.8331514927	-0.8331514927	0.8692263444	-0.8692263444	-0.8745742247	0.8745742247	-0.9046947644	0.9046947644	0.9066609052	-0.9066609052	0.9644174282	-0.9644174282	0.9871794045	-0.9871794045	0.9893228061	-0.9893228061	0.9957128949	-0.9957128949	1.009650922	-1.009650922	-1.031068616	1.031068616	-1.103295663	1.103295663	-1.109019483	1.109019483	1.11965647	-1.11965647	-1.124295429	1.124295429	-1.132150283	1.132150283	-1.139379571	1.139379571	1.169734911	-1.169734911	-1.191025911	1.191025911	-1.202101496	1.202101496	-1.244613256	1.244613256	-1.259580825	1.259580825	-1.269702376	1.269702376	-1.271203977	1.271203977	1.289487665	-1.289487665	1.29992172	-1.29992172	-1.304515867	1.304515867	1.315363517	-1.315363517	1.330448252	-1.330448252	1.331797995	-1.331797995	-1.354360175	1.354360175	-1.362022596	1.362022596	-1.372745032	1.372745032	-1.373923166	1.373923166	-1.385549166	1.385549166	-1.391333795	1.391333795	-1.39492175	1.39492175	-1.408041755	1.408041755	-1.409229565	1.409229565	-1.420741608	1.420741608	-1.438714228	1.438714228	1.442820376	-1.442820376	1.454653704	-1.454653704	-1.475806785	1.475806785	1.481198365	-1.481198365	-1.485929642	1.485929642	1.493827959	-1.493827959	1.496915276	-1.496915276	1.557916241	-1.557916241	-1.565956949	1.565956949	-1.608895985	1.608895985	1.61059767	-1.61059767	-1.613040426	1.613040426	1.618368172	-1.618368172	1.624383053	-1.624383053	1.639098049	-1.639098049	1.671389999	-1.671389999	-1.684155445	1.684155445	-1.697489328	1.697489328	-1.729198783	1.729198783	-1.73216042	1.73216042	-1.758955844	1.758955844	1.766405605	-1.766405605	1.790066163	-1.790066163	1.812905428	-1.812905428	-1.827760942	1.827760942	1.827788259	-1.827788259	1.848051552	-1.848051552	1.851762141	-1.851762141	-1.862619602	1.862619602	1.886722456	-1.886722456	-1.900096171	1.900096171	-1.911103235	1.911103235	-1.913423697	1.913423697	-1.95709496	1.95709496	1.968617407	-1.968617407	1.970797976	-1.970797976	-1.971718334	1.971718334	1.972907912	-1.972907912	-1.981254368	1.981254368	-2.016024378	2.016024378	
0.41	-0.02986188431	0.02986188431	-0.2175367213	0.2175367213	0.2495831028	-0.2495831028	0.2549491384	-0.2549491384	0.2553535628	-0.2553535628	-0.2624694869	0.2624694869	0.361814362	-0.361814362	-0.3785646393	0.3785646393	0.3927922564	-0.3927922564	-0.4551984052	0.4551984052	0.5715350793	-0.5715350793	0.6156994375	-0.6156994375	-0.6408431729	0.6408431729	-0.6452579477	0.6452579477	-0.6528542886	0.6528542886	0.6860633798	-0.6860633798	0.7210650542	-0.7210650542	-0.7490768342	0.7490768342	-0.7731633195	0.7731633195	-0.7767794896	0.7767794896	0.7876515059	-0.7876515059	-0.8176856067	0.8176856067	0.8270468429	-0.8270468429	0.8272254128	-0.8272254128	-0.8332125174	0.8332125174	-0.8691807053	0.8691807053	-0.8760646728	0.8760646728	-0.9054577364	0.9054577364	0.9103930798	-0.9103930798	0.965557715	-0.965557715	0.9892415132	-0.9892415132	0.9909496173	-0.9909496173	0.9987577395	-0.9987577395	1.009988741	-1.009988741	1.031643772	-1.031643772	1.107031007	-1.107031007	-1.113275727	1.113275727	1.122373794	-1.122373794	-1.124591328	1.124591328	-1.129397447	1.129397447	-1.139473741	1.139473741	-1.172734163	1.172734163	-1.190959537	1.190959537	-1.202213509	1.202213509	-1.244420777	1.244420777	-1.259797437	1.259797437	1.270060772	-1.270060772	-1.271215224	1.271215224	-1.28950481	1.28950481	1.300164411	-1.300164411	1.304600807	-1.304600807	1.315758258	-1.315758258	1.330215231	-1.330215231	-1.331607217	1.331607217	-1.354317085	1.354317085	1.362727497	-1.362727497	-1.372569295	1.372569295	1.376567645	-1.376567645	-1.388649237	1.388649237	1.392176734	-1.392176734	1.394886978	-1.394886978	1.408564206	-1.408564206	-1.41090181	1.41090181	1.422823362	-1.422823362	1.439993031	-1.439993031	1.442889049	-1.442889049	-1.455008454	1.455008454	1.47575208	-1.47575208	1.481373196	-1.481373196	-1.485947726	1.485947726	-1.493768659	1.493768659	-1.497242579	1.497242579	1.558615191	-1.558615191	-1.566993733	1.566993733	-1.609864759	1.609864759	1.610599543	-1.610599543	-1.613078422	1.613078422	1.619410909	-1.619410909	-1.624452798	1.624452798	1.640113707	-1.640113707	-1.672126259	1.672126259	1.683971853	-1.683971853	1.697503606	-1.697503606	-1.728983076	1.728983076	-1.73249596	1.73249596	1.758396904	-1.758396904	1.766004982	-1.766004982	-1.790093974	1.790093974	1.813024473	-1.813024473	1.828029776	-1.828029776	-1.828703736	1.828703736	-1.847974082	1.847974082	1.85160779	-1.85160779	-1.862251386	1.862251386	-1.886663217	1.886663217	1.900127635	-1.900127635	1.910901724	-1.910901724	-1.913139079	1.913139079	-1.95695809	1.95695809	-1.968928608	1.968928608	-1.970831617	1.970831617	1.972134857	-1.972134857	1.972816202	-1.972816202	1.981269218	-1.981269218	-2.016465008	2.016465008	
0.42	-0.03337675609	0.03337675609	-0.2106585169	0.2106585169	0.2412048827	-0.2412048827	-0.2463932577	0.2463932577	0.2468967176	-0.2468967176	-0.2658550936	0.2658550936	0.3533612051	-0.3533612051	-0.370830316	0.370830316	0.3846303235	-0.3846303235	-0.4516897313	0.4516897313	-0.5637807452	0.5637807452	0.6079196722	-0.6079196722	-0.6340199399	0.6340199399	-0.642487754	0.642487754	0.6452991823	-0.6452991823	-0.690708379	0.690708379	-0.7140264829	0.7140264829	-0.7524711173	0.7524711173	-0.7667511961	0.7667511961	0.7770259629	-0.7770259629	-0.7876483137	0.7876483137	-0.8199971354	0.8199971354	0.8203789177	-0.8203789177	0.8310197573	-0.8310197573	0.8340963453	-0.8340963453	0.8691394198	-0.8691394198	0.8783811793	-0.8783811793	-0.9062243682	0.9062243682	-0.9140663571	0.9140663571	0.9664738295	-0.9664738295	-0.9892464306	0.9892464306	-0.9946386889	0.9946386889	1.001973834	-1.001973834	1.01033316	-1.01033316	-1.032209325	1.032209325	-1.110667287	1.110667287	1.117152421	-1.117152421	-1.125100877	1.125100877	-1.125203793	1.125203793	-1.126636233	1.126636233	-1.139575867	1.139575867	-1.175632298	1.175632298	-1.190896863	1.190896863	-1.202357684	1.202357684	1.244224753	-1.244224753	-1.26000283	1.26000283	1.270369686	-1.270369686	1.271226384	-1.271226384	-1.289518397	1.289518397	-1.300395856	1.300395856	1.304693223	-1.304693223	-1.316125759	1.316125759	1.329988621	-1.329988621	1.331395703	-1.331395703	-1.354274499	1.354274499	-1.363372359	1.363372359	1.372288084	-1.372288084	1.379270046	-1.379270046	-1.391295998	1.391295998	-1.39327546	1.39327546	1.394852608	-1.394852608	1.409260602	-1.409260602	-1.412325847	1.412325847	1.424981821	-1.424981821	1.441437494	-1.441437494	1.442956262	-1.442956262	1.455375073	-1.455375073	-1.475691953	1.475691953	1.481559569	-1.481559569	-1.485965948	1.485965948	-1.493709781	1.493709781	-1.497576467	1.497576467	1.559324272	-1.559324272	1.568039838	-1.568039838	1.610600277	-1.610600277	1.610856489	-1.610856489	-1.613119586	1.613119586	-1.620454879	1.620454879	-1.624524136	1.624524136	1.641150221	-1.641150221	-1.672866508	1.672866508	1.683789619	-1.683789619	-1.697520013	1.697520013	-1.728762314	1.728762314	1.732828984	-1.732828984	-1.757831602	1.757831602	-1.765599744	1.765599744	1.790121369	-1.790121369	-1.813146973	1.813146973	-1.828282281	1.828282281	-1.829660388	1.829660388	-1.847888019	1.847888019	-1.851461309	1.851461309	1.861879685	-1.861879685	-1.886602125	1.886602125	-1.900162476	1.900162476	1.910695158	-1.910695158	1.9128681	-1.9128681	-1.95680851	1.95680851	-1.969201478	1.969201478	-1.970879729	1.970879729	1.972550821	-1.972550821	1.97272379	-1.97272379	1.981286238	-1.981286238	2.01693687	-2.01693687	
0.43	-0.03689593611	0.03689593611	-0.2037686832	0.2037686832	0.2327911681	-0.2327911681	0.2378122658	-0.2378122658	0.2384173302	-0.2384173302	-0.2692419559	0.2692419559	0.344892796	-0.344892796	-0.3630764582	0.3630764582	0.3764387746	-0.3764387746	-0.4481767573	0.4481767573	-0.5559828865	0.5559828865	-0.6000797663	0.6000797663	-0.6271815572	0.6271815572	-0.6377150555	0.6377150555	-0.6397059009	0.6397059009	-0.6953079111	0.6953079111	0.7068890561	-0.7068890561	0.755866572	-0.755866572	-0.7597006814	0.7597006814	0.7772628001	-0.7772628001	0.787646113	-0.787646113	0.8129702701	-0.8129702701	-0.8227914776	0.8227914776	-0.8333396619	0.8333396619	0.8365980186	-0.8365980186	-0.8691036865	0.8691036865	0.881169259	-0.881169259	-0.9069936237	0.9069936237	-0.9176738115	0.9176738115	-0.9672089952	0.9672089952	0.9892320642	-0.9892320642	0.9983443227	-0.9983443227	1.005312451	-1.005312451	-1.01068418	1.01068418	-1.032770918	1.032770918	-1.114191322	1.114191322	1.120147536	-1.120147536	-1.123842172	1.123842172	1.126628478	-1.126628478	1.127871747	-1.127871747	1.139690929	-1.139690929	-1.178420181	1.178420181	1.190838877	-1.190838877	1.202542626	-1.202542626	1.244025371	-1.244025371	1.260197661	-1.260197661	1.270625484	-1.270625484	1.271237472	-1.271237472	1.289528851	-1.289528851	1.300622921	-1.300622921	-1.30479473	1.30479473	-1.316464197	1.316464197	-1.329770206	1.329770206	-1.331168957	1.331168957	-1.35423251	1.35423251	1.363971519	-1.363971519	-1.371990957	1.371990957	-1.3819352	1.3819352	1.392909114	-1.392909114	-1.394818763	1.394818763	1.395119757	-1.395119757	1.41020515	-1.41020515	1.413536311	-1.413536311	1.427167504	-1.427167504	1.443022301	-1.443022301	-1.443053931	1.443053931	-1.455754872	1.455754872	1.475627237	-1.475627237	1.481756444	-1.481756444	-1.485984298	1.485984298	-1.493651422	1.493651422	1.497916768	-1.497916768	1.560043104	-1.560043104	1.569094542	-1.569094542	1.610600175	-1.610600175	1.611862786	-1.611862786	1.613170856	-1.613170856	1.621498524	-1.621498524	1.624597205	-1.624597205	-1.642206628	1.642206628	-1.673609633	1.673609633	-1.683608917	1.683608917	1.697538691	-1.697538691	-1.728536589	1.728536589	-1.733158932	1.733158932	1.757260465	-1.757260465	-1.765190434	1.765190434	-1.790148366	1.790148366	1.813273352	-1.813273352	-1.828544963	1.828544963	-1.830629534	1.830629534	-1.847792963	1.847792963	-1.851323691	1.851323691	-1.861504865	1.861504865	1.886539238	-1.886539238	1.900200676	-1.900200676	-1.910484234	1.910484234	1.91261051	-1.91261051	1.956648329	-1.956648329	1.969431935	-1.969431935	1.970944314	-1.970944314	1.972628196	-1.972628196	-1.972968303	1.972968303	-1.981304994	1.981304994	2.017439969	-2.017439969	
0.44	-0.04041915425	0.04041915425	-0.1968675125	0.1968675125	0.2243435125	-0.2243435125	0.2292070334	-0.2292070334	0.2299168076	-0.2299168076	-0.2726298037	0.2726298037	0.3364107297	-0.3364107297	0.3553035426	-0.3553035426	0.3682186494	-0.3682186494	-0.4446597371	0.4446597371	-0.5481441743	0.5481441743	-0.592183982	0.592183982	-0.62033064	0.62033064	0.630105433	-0.630105433	-0.636910523	0.636910523	0.6996592504	-0.6996592505	-0.6998584667	0.6998584667	-0.7522523571	0.7522523571	-0.7592629288	0.7592629288	-0.7774884327	0.7774884327	-0.7876438336	0.7876438336	0.8052069077	-0.8052069077	0.8258504758	-0.8258504758	-0.8341498228	0.8341498228	0.8405534482	-0.8405534482	-0.8690753817	0.8690753817	0.8842233238	-0.8842233238	-0.9077644716	0.9077644716	-0.9212108346	0.9212108346	0.9677999361	-0.9677999361	0.9892153609	-0.9892153609	-1.002042684	1.002042684	-1.00873072	1.00873072	1.011041936	-1.011041936	-1.033334649	1.033334649	-1.117586303	1.117586303	-1.121054762	1.121054762	-1.121761601	1.121761601	-1.129351467	1.129351467	1.130660563	-1.130660563	1.139830848	-1.139830848	-1.181085882	1.181085882	-1.19078672	1.19078672	1.202779998	-1.202779998	-1.243822834	1.243822834	1.26038255	-1.26038255	-1.270824867	1.270824867	-1.271248505	1.271248505	-1.289536547	1.289536547	1.300850785	-1.300850785	-1.304907412	1.304907412	1.316771692	-1.316771692	1.329561909	-1.329561909	1.330931177	-1.330931177	-1.354191182	1.354191182	1.364534401	-1.364534401	-1.371685682	1.371685682	-1.384551212	1.384551212	-1.393867635	1.393867635	-1.394785657	1.394785657	-1.397235542	1.397235542	1.411481497	-1.411481497	-1.41456975	1.41456975	-1.429335619	1.429335619	-1.443087525	1.443087525	-1.444841801	1.444841801	1.45615001	-1.45615001	1.47555869	-1.47555869	1.481962854	-1.481962854	-1.486002764	1.486002764	-1.493593682	1.493593682	-1.498263301	1.498263301	1.560771279	-1.560771279	1.570157113	-1.570157113	1.610599437	-1.610599437	1.612811454	-1.612811454	-1.613302934	1.613302934	-1.62254021	1.62254021	-1.624672373	1.624672373	1.643281881	-1.643281881	-1.674354498	1.674354498	-1.683429917	1.683429917	1.697559785	-1.697559785	1.728305997	-1.728305997	1.733485238	-1.733485238	-1.756684031	1.756684031	1.76477763	-1.76477763	-1.790174979	1.790174979	-1.813404014	1.813404014	-1.828816901	1.828816901	1.831609739	-1.831609739	-1.84768872	1.84768872	1.851195826	-1.851195826	-1.861127296	1.861127296	1.886474627	-1.886474627	-1.900242208	1.900242208	-1.910269807	1.910269807	-1.912365929	1.912365929	-1.956479323	1.956479323	1.969618435	-1.969618435	1.97102551	-1.97102551	-1.97253309	1.97253309	-1.973383226	1.973383226	1.981324966	-1.981324966	2.017974035	-2.017974035	
0.45	-0.04394615784	0.04394615784	-0.1899552948	0.1899552948	0.215863437	-0.215863437	-0.2205784488	0.2205784488	0.2213966354	-0.2213966354	-0.2760183872	0.2760183872	0.3279166677	-0.3279166677	-0.3475120462	0.3475120462	0.3599709459	-0.3599709459	-0.4411389044	0.4411389044	-0.5402669757	0.5402669757	0.5842360841	-0.5842360841	-0.6134679984	0.6134679984	0.6224722105	-0.6224722105	-0.6341015243	0.6341015243	0.6923427869	-0.6923427869	0.7043580968	-0.7043580968	0.7445406711	-0.7445406711	-0.7626599378	0.7626599378	0.7777032224	-0.7777032224	0.7876411485	-0.7876411485	0.7972078619	-0.7972078619	-0.829048894	0.829048894	0.8347076325	-0.8347076325	0.8446938592	-0.8446938592	-0.8690576196	0.8690576196	0.8874253127	-0.8874253127	0.9085358895	-0.9085358895	0.9246740758	-0.9246740758	0.9682763231	-0.9682763231	0.9891980705	-0.9891980705	1.005725407	-1.005725407	-1.011407166	1.011407166	1.012191383	-1.012191383	-1.033907898	1.033907898	-1.118214643	1.118214643	-1.120886856	1.120886856	-1.122450021	1.122450021	1.132878953	-1.132878953	-1.133489203	1.133489203	-1.140032484	1.140032484	-1.183613618	1.183613618	1.190741724	-1.190741724	1.203085576	-1.203085576	1.243617368	-1.243617368	1.260558081	-1.260558081	-1.270964993	1.270964993	1.271259498	-1.271259498	1.289541821	-1.289541821	1.301082846	-1.301082846	-1.3050339	1.3050339	1.31704633	-1.31704633	-1.32936576	1.32936576	-1.330685611	1.330685611	-1.354150563	1.354150563	1.365067335	-1.365067335	-1.371374453	1.371374453	-1.387112676	1.387112676	-1.394679421	1.394679421	-1.394753802	1.394753802	-1.39904635	1.39904635	1.413149935	-1.413149935	1.415458647	-1.415458647	-1.431453627	1.431453627	-1.443152405	1.443152405	-1.446791197	1.446791197	1.456564329	-1.456564329	-1.475487003	1.475487003	1.482177914	-1.482177914	-1.48602133	1.48602133	-1.493536666	1.493536666	1.498615866	-1.498615866	1.56150836	-1.56150836	-1.571226803	1.571226803	1.610598199	-1.610598199	-1.613147263	1.613147263	1.614069514	-1.614069514	-1.623577221	1.623577221	-1.624751203	1.624751203	-1.644374858	1.644374858	-1.675099942	1.675099942	1.683252787	-1.683252787	1.69758344	-1.69758344	-1.728070642	1.728070642	-1.73380733	1.73380733	1.756102847	-1.756102847	1.764361948	-1.764361948	-1.79020122	1.79020122	-1.813539347	1.813539347	-1.829097054	1.829097054	1.832599493	-1.832599493	1.847575366	-1.847575366	1.851078451	-1.851078451	-1.860747355	1.860747355	1.886408382	-1.886408382	1.900287033	-1.900287033	1.91005286	-1.91005286	-1.912133886	1.912133886	1.956302995	-1.956302995	1.969763091	-1.969763091	1.971120397	-1.971120397	-1.972436748	1.972436748	1.97379691	-1.97379691	-1.981345561	1.981345561	-2.018538515	2.018538515	
0.46	-0.04747670816	0.04747670816	-0.183032319	0.183032319	0.2073524362	-0.2073524362	0.2119274218	-0.2119274218	0.2128583972	-0.2128583972	-0.2794074748	0.2794074748	0.3194123576	-0.3194123576	-0.3397024463	0.3397024463	0.3516966252	-0.3516966252	-0.4376144747	0.4376144747	-0.5323534061	0.5323534061	0.5762394187	-0.5762394187	-0.6065941091	0.6065941091	0.6148166796	-0.6148166796	-0.6312791102	0.6312791102	0.6849447672	-0.6849447672	-0.7088053954	0.7088053954	-0.7366437578	0.7366437578	0.766057366	-0.766057366	0.7779077028	-0.7779077028	0.7876380088	-0.7876380088	0.7890437148	-0.7890437148	-0.8323137791	0.8323137791	-0.8352000465	0.8352000465	0.84882214	-0.84882214	-0.8690559637	0.8690559637	0.8907051942	-0.8907051942	0.9093068675	-0.9093068675	0.9280609613	-0.9280609613	-0.968661485	0.968661485	0.9891806709	-0.9891806709	-1.009381269	1.009381269	1.011785472	-1.011785472	-1.015660704	1.015660704	1.034500724	-1.034500724	1.115401755	-1.115401755	-1.122773786	1.122773786	-1.124008634	1.124008634	-1.136359371	1.136359371	1.136473862	-1.136473862	-1.140470291	1.140470291	-1.185982646	1.185982646	-1.190705465	1.190705465	1.203480347	-1.203480347	1.243409222	-1.243409222	-1.2607248	1.2607248	-1.271043575	1.271043575	1.271270462	-1.271270462	1.289544977	-1.289544977	1.301320645	-1.301320645	-1.305177439	1.305177439	1.317286209	-1.317286209	1.329183852	-1.329183852	-1.330434803	1.330434803	-1.354110689	1.354110689	-1.365574643	1.365574643	1.371058301	-1.371058301	1.389615205	-1.389615205	1.394724789	-1.394724789	-1.395448101	1.395448101	-1.400445159	1.400445159	-1.415207473	1.415207473	1.41622979	-1.41622979	1.433503183	-1.433503183	1.443217574	-1.443217574	-1.448880494	1.448880494	1.457005317	-1.457005317	-1.475412791	1.475412791	1.482400815	-1.482400815	1.486039979	-1.486039979	-1.493480481	1.493480481	-1.498974253	1.498974253	1.562253884	-1.562253884	1.572302846	-1.572302846	-1.610596559	1.610596559	-1.613212254	1.613212254	1.615126987	-1.615126987	1.624583314	-1.624583314	-1.624858879	1.624858879	-1.645484359	1.645484359	1.675844777	-1.675844777	-1.683077697	1.683077697	-1.6976098	1.6976098	-1.727830637	1.727830637	-1.73412463	1.73412463	-1.755517471	1.755517471	1.76394404	-1.76394404	1.790227101	-1.790227101	1.813679712	-1.813679712	-1.829384241	1.829384241	1.833597215	-1.833597215	1.847453304	-1.847453304	1.850972117	-1.850972117	-1.86036542	1.86036542	-1.886340607	1.886340607	1.900335099	-1.900335099	1.909834457	-1.909834457	1.911913866	-1.911913866	1.956120628	-1.956120628	1.969871517	-1.969871517	-1.971223073	1.971223073	-1.972339417	1.972339417	1.974208709	-1.974208709	1.981366135	-1.981366135	2.019132564	-2.019132564	
0.47	-0.05101057664	0.05101057664	-0.1760988759	0.1760988759	0.198811983	-0.198811983	-0.2032548875	0.2032548875	0.2043037977	-0.2043037977	-0.2827968508	0.2827968508	0.3108996552	-0.3108996552	-0.3318752204	0.3318752204	0.3433966165	-0.3433966165	-0.4340866472	0.4340866472	-0.5244053707	0.5244053707	-0.5681969761	0.5681969761	-0.5997093431	0.5997093431	0.6071398518	-0.6071398518	-0.6284435631	0.6284435631	0.6774697783	-0.6774697783	-0.7131991809	0.7131991809	-0.7286093014	0.7286093014	-0.7694549894	0.7694549894	-0.7781024193	0.7781024193	0.78075823	-0.78075823	-0.7876344612	0.7876344612	-0.8355973169	0.8355973169	-0.8356641652	0.8356641652	0.852890924	-0.852890924	-0.8690813593	0.8690813593	0.8940195653	-0.8940195653	-0.9100764113	0.9100764113	-0.931369447	0.931369447	0.968973537	-0.968973537	0.9891633536	-0.9891633536	-1.012099508	1.012099508	1.013082906	-1.013082906	-1.019104739	1.019104739	1.035128498	-1.035128498	-1.112566364	1.112566364	-1.122952281	1.122952281	-1.127000373	1.127000373	1.138898605	-1.138898605	1.139269379	-1.139269379	-1.142160748	1.142160748	-1.188166667	1.188166667	1.190679825	-1.190679825	-1.203991106	1.203991106	-1.243198674	1.243198674	1.26088322	-1.26088322	-1.27105896	1.27105896	1.271281411	-1.271281411	-1.289546291	1.289546291	-1.301563833	1.301563833	1.305341918	-1.305341918	1.317489499	-1.317489499	-1.32901827	1.32901827	1.330180774	-1.330180774	-1.354071586	1.354071586	-1.366059298	1.366059298	-1.3707379	1.3707379	-1.392049454	1.392049454	1.394706267	-1.394706267	-1.396196767	1.396196767	-1.401473412	1.401473412	1.416904732	-1.416904732	1.417584359	-1.417584359	-1.435478276	1.435478276	1.443283918	-1.443283918	1.451072366	-1.451072366	-1.45748943	1.45748943	1.475336607	-1.475336607	1.48263082	-1.48263082	-1.48605869	1.48605869	-1.493425241	1.493425241	-1.499338234	1.499338234	1.563007356	-1.563007356	-1.573384461	1.573384461	-1.610594588	1.610594588	1.613256303	-1.613256303	1.616223875	-1.616223875	1.62488617	-1.62488617	-1.625666728	1.625666728	1.646609117	-1.646609117	-1.676587783	1.676587783	-1.682904831	1.682904831	1.697639011	-1.697639011	-1.727586101	1.727586101	-1.73443655	1.73443655	-1.754928467	1.754928467	-1.763524602	1.763524602	-1.790252629	1.790252629	1.813825445	-1.813825445	-1.82967712	1.82967712	1.834601251	-1.834601251	-1.847323297	1.847323297	-1.850877173	1.850877173	-1.859981877	1.859981877	1.886271423	-1.886271423	1.900386344	-1.900386344	1.909615696	-1.909615696	-1.911705365	1.911705365	1.955933329	-1.955933329	-1.969951171	1.969951171	1.971326245	-1.971326245	-1.972241206	1.972241206	1.974618121	-1.974618121	-1.98138602	1.98138602	2.01975505	-2.01975505	
0.48	-0.05454754016	0.05454754016	-0.1691552608	0.1691552608	0.1902435331	-0.1902435331	0.1945618111	-0.1945618111	0.1957346902	-0.1957346902	-0.286186313	0.286186313	0.302380551	-0.302380551	-0.3240308468	0.3240308468	0.3350718207	-0.3350718207	-0.4305556063	0.4305556063	-0.5164245983	0.5164245983	-0.560111444	0.560111444	0.592814025	-0.592814025	0.5994425862	-0.5994425862	-0.6255951858	0.6255951858	0.6699219742	-0.6699219742	-0.7175383664	0.7175383664	0.720467879	-0.720467879	0.7723789941	-0.7723789941	-0.7728534105	0.7728534105	-0.7782878977	0.7782878977	0.7876305797	-0.7876305797	-0.8360987566	0.8360987566	-0.8388829898	0.8388829898	0.8568634411	-0.8568634411	-0.8691583418	0.8691583418	0.897340315	-0.897340315	-0.910843546	0.910843546	0.9345978765	-0.9345978765	-0.9692265026	0.9692265026	0.9891462155	-0.9891462155	-1.012512405	1.012512405	1.016663105	-1.016663105	1.022482931	-1.022482931	-1.035817206	1.035817206	-1.109717058	1.109717058	-1.123062911	1.123062911	-1.12985709	1.12985709	-1.139578218	1.139578218	1.142212799	-1.142212799	-1.145599563	1.145599563	-1.190135012	1.190135012	-1.190667077	1.190667077	1.204649275	-1.204649275	1.242986035	-1.242986035	1.261033826	-1.261033826	1.271010168	-1.271010168	-1.271292354	1.271292354	1.289546015	-1.289546015	-1.301810266	1.301810266	1.305531809	-1.305531809	1.317654533	-1.317654533	-1.328870997	1.328870997	-1.32992515	1.32992515	-1.354033275	1.354033275	1.366523343	-1.366523343	-1.370413783	1.370413783	1.394248045	-1.394248045	-1.394864633	1.394864633	-1.396932178	1.396932178	-1.402217769	1.402217769	1.417500832	-1.417500832	-1.420182544	1.420182544	-1.437381494	1.437381494	-1.44335273	1.44335273	-1.453299675	1.453299675	1.458058848	-1.458058848	1.47525894	-1.47525894	-1.482867261	1.482867261	-1.486077442	1.486077442	-1.493371065	1.493371065	1.499707564	-1.499707564	1.563768252	-1.563768252	1.574470848	-1.574470848	1.610592339	-1.610592339	-1.613295478	1.613295478	1.617342482	-1.617342482	-1.624972275	1.624972275	1.626687342	-1.626687342	-1.647747801	1.647747801	-1.677327694	1.677327694	-1.6827344	1.6827344	1.697671215	-1.697671215	1.72733716	-1.72733716	1.734742495	-1.734742495	-1.754336411	1.754336411	1.76310437	-1.76310437	-1.79027781	1.79027781	-1.813976857	1.813976857	1.829974165	-1.829974165	-1.835609875	1.835609875	-1.847186487	1.847186487	1.850793766	-1.850793766	1.859597112	-1.859597112	1.886200969	-1.886200969	1.900440695	-1.900440695	-1.909397658	1.909397658	1.911507934	-1.911507934	-1.955742056	1.955742056	-1.970009367	1.970009367	-1.971423138	1.971423138	-1.972142208	1.972142208	1.975024661	-1.975024661	-1.98140455	1.98140455	2.020404552	-2.020404552	
0.49	-0.0580873747	0.0580873747	0.1622017796	-0.1622017796	-0.1816485284	0.1816485284	-0.185849194	0.185849194	-0.1871531113	0.1871531113	-0.2895756602	0.2895756602	0.293857209	-0.293857209	-0.3161698062	0.3161698062	0.3267231149	-0.3267231149	-0.4270215233	0.4270215233	0.5084126676	-0.5084126676	-0.5519852513	0.5519852513	-0.5859084547	0.5859084547	0.5917256474	-0.5917256474	-0.6227342827	0.6227342827	0.6623051418	-0.6623051418	0.7122400231	-0.7122400231	-0.7218218822	0.7218218822	0.7639275526	-0.7639275526	-0.7762501518	0.7762501518	-0.7784646369	0.7784646369	0.7876264398	-0.7876264398	-0.8365195236	0.8365195236	-0.8421409328	0.8421409328	0.8606681662	-0.8606681662	0.8693527251	-0.8693527251	-0.9006484818	0.9006484818	-0.9116073185	0.9116073185	-0.9377448908	0.9377448908	0.9694312695	-0.9694312695	0.9891293146	-0.9891293146	-1.012901424	1.012901424	-1.020241015	1.020241015	1.025736064	-1.025736064	-1.036614558	1.036614558	-1.106854991	1.106854991	-1.123137204	1.123137204	1.132585367	-1.132585367	-1.139831421	1.139831421	-1.14517879	1.14517879	1.149434496	-1.149434496	1.190669997	-1.190669997	1.191857487	-1.191857487	1.205486065	-1.205486065	-1.242771656	1.242771656	-1.26117707	1.26117707	1.270896899	-1.270896899	-1.271303299	1.271303299	-1.289544382	1.289544382	1.302056283	-1.302056283	1.305751947	-1.305751947	1.317779907	-1.317779907	1.328743811	-1.328743811	1.329669251	-1.329669251	-1.353995775	1.353995775	1.366968153	-1.366968153	1.370086419	-1.370086419	1.394562703	-1.394562703	-1.396847686	1.396847686	-1.397656238	1.397656238	-1.402761158	1.402761158	1.418032227	-1.418032227	1.422912626	-1.422912626	1.439220056	-1.439220056	1.443425977	-1.443425977	1.455410982	-1.455410982	1.458838943	-1.458838943	1.475180228	-1.475180228	1.483109533	-1.483109533	-1.486096208	1.486096208	-1.493318078	1.493318078	1.500081981	-1.500081981	1.564536018	-1.564536018	1.575561184	-1.575561184	-1.610589855	1.610589855	1.613332706	-1.613332706	1.61847823	-1.61847823	1.625055066	-1.625055066	-1.627706408	1.627706408	-1.648899026	1.648899026	1.678063167	-1.678063167	1.682566677	-1.682566677	1.697706556	-1.697706556	1.727083949	-1.727083949	-1.735041861	1.735041861	-1.753741884	1.753741884	1.762684122	-1.762684122	-1.790302648	1.790302648	1.814134224	-1.814134224	1.830273642	-1.830273642	1.836621286	-1.836621286	-1.8470444	1.8470444	1.850721868	-1.850721868	-1.859211521	1.859211521	-1.886129399	1.886129399	-1.900498069	1.900498069	-1.909181374	1.909181374	1.911321219	-1.911321219	1.955547648	-1.955547648	-1.970052131	1.970052131	-1.971508574	1.971508574	-1.972042515	1.972042515	1.975427856	-1.975427856	1.981421089	-1.981421089	-2.021079376	2.021079376	
0.5	-0.0616298459	0.0616298459	-0.1552387564	0.1552387564	0.1730284003	-0.1730284003	-0.1771180809	0.1771180809	-0.1785613216	0.1785613216	0.285331925	-0.285331925	-0.2929647628	0.2929647628	-0.3082925893	0.3082925893	0.3183513558	-0.3183513558	-0.4234845575	0.4234845575	0.5003710306	-0.5003710306	-0.5438206037	0.5438206037	-0.5789929157	0.5789929157	0.5839897364	-0.5839897364	-0.6198611523	0.6198611523	0.6546227551	-0.6546227551	0.7039401103	-0.7039401103	0.7260485607	-0.7260485607	-0.7554154062	0.7554154062	-0.7786331073	0.7786331073	-0.7796472346	0.7796472346	0.7876221099	-0.7876221099	-0.8369245182	0.8369245182	-0.8453627284	0.8453627284	-0.8640838882	0.8640838882	-0.8698824383	0.8698824383	0.9039308019	-0.9039308019	-0.9123668009	0.9123668009	0.9408093656	-0.9408093656	0.9695963511	-0.9695963511	0.9891126902	-0.9891126902	-1.013292753	1.013292753	-1.023787265	1.023787265	1.0287639	-1.0287639	-1.037611607	1.037611607	-1.103980694	1.103980694	-1.123189974	1.123189974	1.135195267	-1.135195267	-1.139995451	1.139995451	-1.148153182	1.148153182	1.153311315	-1.153311315	-1.19069201	1.19069201	-1.193313658	1.193313658	-1.206523209	1.206523209	-1.242555936	1.242555936	1.261313377	-1.261313377	-1.270719505	1.270719505	1.271314254	-1.271314254	1.289541608	-1.289541608	-1.302297228	1.302297228	-1.30600709	1.30600709	-1.317864596	1.317864596	-1.328638164	1.328638164	1.329414165	-1.329414165	-1.353959098	1.353959098	1.36739461	-1.36739461	-1.369756249	1.369756249	-1.394546777	1.394546777	-1.398368868	1.398368868	1.399101961	-1.399101961	-1.403166509	1.403166509	1.418510596	-1.418510596	-1.425706541	1.425706541	1.44100265	-1.44100265	-1.443506811	1.443506811	-1.457070314	1.457070314	-1.460140882	1.460140882	1.475100864	-1.475100864	1.483357083	-1.483357083	-1.486114964	1.486114964	-1.493266411	1.493266411	-1.500461207	1.500461207	1.565310069	-1.565310069	1.576654627	-1.576654627	1.610587168	-1.610587168	1.613368888	-1.613368888	1.619628552	-1.619628552	1.62513819	-1.62513819	1.628719452	-1.628719452	1.650061357	-1.650061357	-1.678792699	1.678792699	-1.682402087	1.682402087	1.697745171	-1.697745171	1.726826614	-1.726826614	-1.735334033	1.735334033	1.753145472	-1.753145472	-1.762264679	1.762264679	-1.790327144	1.790327144	-1.81429779	1.81429779	-1.830573586	1.830573586	1.837633617	-1.837633617	-1.846898922	1.846898922	1.85066132	-1.85066132	-1.858825498	1.858825498	-1.886056883	1.886056883	-1.900558372	1.900558372	1.908967796	-1.908967796	-1.911144991	1.911144991	1.955350845	-1.955350845	-1.970083956	1.970083956	1.971579149	-1.971579149	-1.97194222	1.97194222	1.975827237	-1.975827237	-1.981435059	1.981435059	-2.021777555	2.021777555	
0.51	-0.06517469356	0.06517469356	-0.1482665488	0.1482665488	0.1643845729	-0.1643845729	-0.168369569	0.168369569	0.1699618566	-0.1699618566	0.2768073786	-0.2768073786	-0.2963532246	0.2963532246	-0.3003998252	0.3003998252	0.3099573832	-0.3099573832	-0.4199448573	0.4199448573	-0.4923010299	0.4923010299	-0.5356195151	0.5356195151	0.5720676802	-0.5720676802	0.5762355076	-0.5762355076	-0.6169760849	0.6169760849	-0.646878021	0.646878021	0.6955785941	-0.6955785941	-0.730216622	0.730216622	0.7468539302	-0.7468539302	0.7787937511	-0.7787937511	-0.7830437978	0.7830437978	-0.7876176489	0.7876176489	-0.8373149327	0.8373149327	-0.8485396894	0.8485396894	-0.8664579344	0.8664579344	0.8713979917	-0.8713979917	0.9071776941	-0.9071776941	-0.9131210923	0.9131210923	-0.9437903608	0.9437903608	-0.9697284742	0.9697284742	0.9890963715	-0.9890963715	1.013687917	-1.013687917	1.027297498	-1.027297498	1.031400357	-1.031400357	1.038967005	-1.038967005	-1.101094546	1.101094546	-1.123229002	1.123229002	1.137698332	-1.137698332	-1.140129854	1.140129854	1.151119783	-1.151119783	1.157160278	-1.157160278	-1.190737389	1.190737389	1.194502998	-1.194502998	-1.207762852	1.207762852	1.242339332	-1.242339332	-1.261443146	1.261443146	-1.270478929	1.270478929	1.271325223	-1.271325223	1.289537891	-1.289537891	1.302528214	-1.302528214	1.306301268	-1.306301268	1.317908059	-1.317908059	1.328555075	-1.328555075	1.329160799	-1.329160799	-1.353923254	1.353923254	-1.367803225	1.367803225	-1.369423701	1.369423701	-1.394516843	1.394516843	-1.39906885	1.39906885	1.401311003	-1.401311003	1.403477765	-1.403477765	-1.41894573	1.41894573	1.428514569	-1.428514569	-1.442737457	1.442737457	-1.443600596	1.443600596	-1.458094518	1.458094518	1.462125678	-1.462125678	-1.475021202	1.475021202	1.483609406	-1.483609406	1.486133681	-1.486133681	-1.493216205	1.493216205	1.500844944	-1.500844944	1.566089785	-1.566089785	-1.577750314	1.577750314	-1.610584305	1.610584305	-1.613404379	1.613404379	1.620791414	-1.620791414	-1.625222235	1.625222235	-1.629725089	1.629725089	1.651233321	-1.651233321	-1.679514383	1.679514383	1.682241452	-1.682241452	-1.697787197	1.697787197	1.726565305	-1.726565305	-1.735618388	1.735618388	-1.752547772	1.752547772	-1.761846906	1.761846906	-1.790351298	1.790351298	1.814467759	-1.814467759	-1.830871775	1.830871775	-1.838644929	1.838644929	-1.846752279	1.846752279	-1.850611876	1.850611876	1.858439447	-1.858439447	1.885983608	-1.885983608	-1.900621499	1.900621499	1.908757786	-1.908757786	1.910979157	-1.910979157	1.955152302	-1.955152302	1.970108029	-1.970108029	1.971632945	-1.971632945	1.971841417	-1.971841417	-1.976222343	1.976222343	-1.981445959	1.981445959	-2.022496866	2.022496866	
0.52	-0.06872160376	0.06872160376	-0.1412855742	0.1412855742	0.1557184661	-0.1557184661	0.1596048191	-0.1596048191	0.1613575896	-0.1613575896	0.2682864206	-0.2682864206	0.2924912172	-0.2924912172	-0.2997417125	0.2997417125	0.3015420235	-0.3015420235	-0.4164025614	0.4164025614	-0.4842039147	0.4842039147	-0.527383833	0.527383833	-0.5651330114	0.5651330114	-0.56846358	0.56846358	-0.6140793616	0.6140793616	0.6390739162	-0.6390739162	-0.6871633396	0.6871633396	0.7343134683	-0.7343134683	-0.7382622271	0.7382622271	0.7789469834	-0.7789469834	0.7864396767	-0.7864396767	0.7876131067	-0.7876131067	-0.8376915385	0.8376915385	0.8516655929	-0.8516655929	0.8674398679	-0.8674398679	0.8742482681	-0.8742482681	-0.9103820379	0.9103820379	-0.9138693215	0.9138693215	0.9466870764	-0.9466870764	-0.9698330297	0.9698330297	-0.9890803818	0.9890803818	-1.014087041	1.014087041	1.030769051	-1.030769051	-1.03346268	1.03346268	1.040857405	-1.040857405	-1.098196868	1.098196868	-1.123258743	1.123258743	1.14010617	-1.14010617	1.140251601	-1.140251601	-1.154061414	1.154061414	-1.160957228	1.160957228	1.190811513	-1.190811513	-1.195448391	1.195448391	1.209184089	-1.209184089	1.242122371	-1.242122371	1.261566754	-1.261566754	1.27017662	-1.27017662	-1.271336209	1.271336209	1.289533416	-1.289533416	1.302744966	-1.302744966	-1.306637074	1.306637074	1.317910326	-1.317910326	-1.328495038	1.328495038	1.328909919	-1.328909919	-1.353888251	1.353888251	1.368194216	-1.368194216	1.369089192	-1.369089192	1.394482917	-1.394482917	-1.399753954	1.399753954	1.403465043	-1.403465043	-1.403725444	1.403725444	1.419345975	-1.419345975	1.431297295	-1.431297295	1.443717168	-1.443717168	1.444431204	-1.444431204	1.458780775	-1.458780775	-1.464477206	1.464477206	-1.474941566	1.474941566	1.483866043	-1.483866043	-1.486152333	1.486152333	1.493167605	-1.493167605	-1.501232876	1.501232876	1.566874517	-1.566874517	1.578847357	-1.578847357	-1.610581288	1.610581288	1.613439333	-1.613439333	-1.621964979	1.621964979	-1.625307352	1.625307352	-1.630722401	1.630722401	-1.652413413	1.652413413	1.680224994	-1.680224994	1.682086909	-1.682086909	1.697832765	-1.697832765	-1.726300186	1.726300186	1.735894296	-1.735894296	-1.751949383	1.751949383	-1.761431708	1.761431708	-1.790375105	1.790375105	1.814644293	-1.814644293	-1.831165714	1.831165714	1.839653218	-1.839653218	-1.846607002	1.846607002	1.850573264	-1.850573264	-1.858053773	1.858053773	-1.885909777	1.885909777	-1.900687338	1.900687338	-1.908552103	1.908552103	-1.910823768	1.910823768	-1.954952602	1.954952602	-1.970126565	1.970126565	-1.971669144	1.971669144	-1.971740203	1.971740203	1.97661272	-1.97661272	-1.981453383	1.981453383	-2.023234834	2.023234834	
0.53	-0.07227015357	0.07227015357	-0.1342963654	0.1342963654	0.1470314994	-0.1470314994	0.1508250706	-0.1508250706	0.1527518087	-0.1527518087	0.2597723111	-0.2597723111	-0.2845683703	0.2845683703	0.293106093	-0.293106093	-0.3031289574	0.3031289574	-0.4128577995	0.4128577995	0.4760808536	-0.4760808536	0.5191152598	-0.5191152598	-0.5581891652	0.5581891652	0.5606745441	-0.5606745441	0.6111712534	-0.6111712534	0.6312132208	-0.6312132208	0.6787004501	-0.6787004501	0.7295901653	-0.7295901653	-0.7383940983	0.7383940983	0.7790931941	-0.7790931941	0.7876085249	-0.7876085249	-0.789834721	0.789834721	0.8380548986	-0.8380548986	0.8547358554	-0.8547358554	-0.8677801614	0.8677801614	0.8776816295	-0.8776816295	0.9135384075	-0.9135384075	-0.9146106489	0.9146106489	-0.9494988015	0.9494988015	-0.9699144257	0.9699144257	-0.989064741	0.989064741	-1.014489943	1.014489943	-1.034199821	1.034199821	1.034935972	-1.034935972	1.043292606	-1.043292606	-1.095287954	1.095287954	-1.12328192	1.12328192	-1.140367203	1.140367203	-1.142429552	1.142429552	1.156960426	-1.156960426	1.164689764	-1.164689764	-1.190921213	1.190921213	-1.196189481	1.196189481	1.210749708	-1.210749708	1.241905674	-1.241905674	-1.261684553	1.261684553	-1.269814442	1.269814442	1.271347216	-1.271347216	1.289528353	-1.289528353	1.302944513	-1.302944513	1.307015105	-1.307015105	-1.317872036	1.317872036	1.32845798	-1.32845798	1.32866218	-1.32866218	-1.353854094	1.353854094	-1.368567565	1.368567565	1.368753139	-1.368753139	1.394446832	-1.394446832	-1.400420669	1.400420669	1.403931851	-1.403931851	-1.405562499	1.405562499	-1.419718581	1.419718581	1.434015132	-1.434015132	1.44387631	-1.44387631	-1.446088898	1.446088898	-1.459347059	1.459347059	1.466961693	-1.466961693	-1.474862254	1.474862254	-1.484126567	1.484126567	1.486170899	-1.486170899	-1.493120769	1.493120769	-1.501624669	1.501624669	1.567663582	-1.567663582	-1.579944846	1.579944846	-1.610578135	1.610578135	-1.613473819	1.613473819	-1.623147491	1.623147491	-1.625393575	1.625393575	-1.631710607	1.631710607	1.653600105	-1.653600105	-1.680914659	1.680914659	1.681947249	-1.681947249	1.697882001	-1.697882001	-1.726031427	1.726031427	1.736161116	-1.736161116	-1.751350907	1.751350907	-1.761020034	1.761020034	1.790398562	-1.790398562	1.814827505	-1.814827505	-1.831452616	1.831452616	1.840656416	-1.840656416	-1.846465898	1.846465898	-1.850545228	1.850545228	1.857668889	-1.857668889	1.885835608	-1.885835608	1.900755766	-1.900755766	1.90835141	-1.90835141	-1.910679016	1.910679016	1.95475227	-1.95475227	-1.970141089	1.970141089	-1.971638675	1.971638675	-1.9716877	1.9716877	1.976997921	-1.976997921	1.981457032	-1.981457032	-2.023988742	2.023988742	
0.54	-0.07581968903	0.07581968903	0.1272996908	-0.1272996908	0.1383250969	-0.1383250969	-0.1420316612	0.1420316612	0.1441483142	-0.1441483142	0.2512687501	-0.2512687501	-0.2766311991	0.2766311991	0.2846504012	-0.2846504012	-0.306515396	0.306515396	-0.4093106935	0.4093106935	0.4679329451	-0.4679329451	-0.510815372	0.510815372	0.5512363915	-0.5512363915	0.5528689674	-0.5528689674	-0.6082520219	0.6082520219	0.623298545	-0.623298545	0.6701947982	-0.6701947982	0.7209187309	-0.7209187309	-0.7423812591	0.7423812591	-0.7792327486	0.7792327486	-0.7876039381	0.7876039381	-0.7932287889	0.7932287889	0.8384054642	-0.8384054642	0.8577469747	-0.8577469747	-0.8679170133	0.8679170133	0.8812590284	-0.8812590284	-0.9153442679	0.9153442679	0.9166425752	-0.9166425752	-0.9522248486	0.9522248486	0.9699763796	-0.9699763796	0.9890494663	-0.9890494663	1.014896335	-1.014896335	-1.035997982	1.035997982	-1.037588037	1.037588037	1.046090529	-1.046090529	-1.092368079	1.092368079	-1.123300291	1.123300291	1.140479653	-1.140479653	1.144677946	-1.144677946	-1.159798692	1.159798692	-1.168349358	1.168349358	1.191075216	-1.191075216	-1.196771281	1.196771281	1.212417724	-1.212417724	-1.241689978	1.241689978	-1.261796875	1.261796875	1.26939457	-1.26939457	-1.271358242	1.271358242	1.289522859	-1.289522859	1.303125499	-1.303125499	1.307433798	-1.307433798	-1.31779444	1.31779444	1.328418151	-1.328418151	-1.328443259	1.328443259	1.353820789	-1.353820789	-1.368415955	1.368415955	1.368923062	-1.368923062	1.394409084	-1.394409084	-1.401063477	1.401063477	1.404115209	-1.404115209	1.407602976	-1.407602976	-1.420070035	1.420070035	-1.436610194	1.436610194	1.444122431	-1.444122431	1.447713926	-1.447713926	1.459868534	-1.459868534	-1.469490978	1.469490978	-1.474783551	1.474783551	1.484390588	-1.484390588	-1.486189372	1.486189372	-1.493075863	1.493075863	1.502019966	-1.502019966	1.568456264	-1.568456264	1.581041848	-1.581041848	1.610574861	-1.610574861	-1.613507864	1.613507864	1.624337243	-1.624337243	1.625480889	-1.625480889	1.632688986	-1.632688986	1.65479185	-1.65479185	-1.681492302	1.681492302	-1.681912466	1.681912466	1.697935025	-1.697935025	1.72575921	-1.72575921	-1.736418204	1.736418204	1.750752955	-1.750752955	1.760612873	-1.760612873	-1.79042166	1.79042166	1.815017453	-1.815017453	1.831729404	-1.831729404	-1.841652396	1.841652396	-1.846332002	1.846332002	1.850527578	-1.850527578	1.857285215	-1.857285215	-1.885761335	1.885761335	-1.900826653	1.900826653	1.908156268	-1.908156268	-1.910545231	1.910545231	-1.954551776	1.954551776	-1.970152654	1.970152654	1.971536935	-1.971536935	-1.971689089	1.971689089	1.97737751	-1.97737751	1.981456715	-1.981456715	-2.024755633	2.024755633	
0.55	-0.07936901525	0.07936901525	-0.1202968644	0.1202968644	0.1296006953	-0.1296006953	0.1332260524	-0.1332260524	0.1355515396	-0.1355515396	0.2427799843	-0.2427799843	0.2686802561	-0.2686802561	0.2761757548	-0.2761757548	-0.3099008407	0.3099008407	-0.4057613575	0.4057613575	0.4597612272	-0.4597612272	-0.5024856357	0.5024856357	0.5442749347	-0.5442749347	-0.545047398	0.545047398	-0.6053219193	0.6053219193	0.6153323544	-0.6153323544	0.6616503759	-0.6616503759	0.7122146479	-0.7122146479	0.7463111611	-0.7463111611	0.7793659901	-0.7793659901	-0.7875993751	0.7875993751	-0.7966217462	0.7966217462	0.838743623	-0.838743623	-0.8606960307	0.8606960307	-0.8679772025	0.8679772025	0.8848532506	-0.8848532506	-0.9160694065	0.9160694065	-0.9196911819	0.9196911819	0.954864445	-0.954864445	0.9700221945	-0.9700221945	0.9890345737	-0.9890345737	1.015305872	-1.015305872	-1.036827929	1.036827929	1.040932178	-1.040932178	1.049068213	-1.049068213	-1.089437504	1.089437504	-1.123315038	1.123315038	-1.140590485	1.140590485	-1.146859396	1.146859396	-1.162557161	1.162557161	-1.171928586	1.171928586	-1.191284699	1.191284699	1.197235615	-1.197235615	-1.214150191	1.214150191	-1.241476174	1.241476174	1.261904034	-1.261904034	1.268919395	-1.268919395	-1.271369285	1.271369285	1.289517075	-1.289517075	1.303288059	-1.303288059	1.307889679	-1.307889679	-1.317679341	1.317679341	-1.328178335	1.328178335	-1.32844972	1.32844972	-1.353788337	1.353788337	1.368078053	-1.368078053	1.369260333	-1.369260333	1.394369791	-1.394369791	-1.401673476	1.401673476	-1.404293215	1.404293215	1.409586074	-1.409586074	-1.420406417	1.420406417	1.438963407	-1.438963407	-1.44456523	1.44456523	1.449308306	-1.449308306	1.460371998	-1.460371998	1.472027608	-1.472027608	1.474705729	-1.474705729	1.484657743	-1.484657743	-1.486207773	1.486207773	-1.493033064	1.493033064	-1.502418395	1.502418395	1.569251814	-1.569251814	-1.582137406	1.582137406	-1.610571482	1.610571482	1.613541473	-1.613541473	1.62553256	-1.62553256	-1.625569258	1.625569258	1.633656848	-1.633656848	1.655987094	-1.655987094	-1.681542166	1.681542166	1.682397253	-1.682397253	1.697991945	-1.697991945	1.725483727	-1.725483727	1.736664913	-1.736664913	1.750156135	-1.750156135	-1.760211248	1.760211248	1.790444391	-1.790444391	1.815214134	-1.815214134	1.831992731	-1.831992731	1.842638973	-1.842638973	-1.846208536	1.846208536	-1.850520227	1.850520227	-1.856903182	1.856903182	1.885687208	-1.885687208	-1.900899861	1.900899861	-1.90796715	1.90796715	-1.910422871	1.910422871	1.954351546	-1.954351546	-1.970161975	1.970161975	-1.971435084	1.971435084	1.971674138	-1.971674138	1.977751058	-1.977751058	1.981452349	-1.981452349	2.025532305	-2.025532305	
0.56	-0.08291544162	0.08291544162	-0.113290699	0.113290699	0.1208597573	-0.1208597573	0.1244098659	-0.1244098659	0.1269667064	-0.1269667064	0.2343109367	-0.2343109367	0.2607160525	-0.2607160525	0.267682961	-0.267682961	-0.313285159	0.313285159	-0.4022098992	0.4022098992	0.4515666854	-0.4515666854	-0.4941274198	0.4941274198	0.5372103681	-0.5372103681	-0.5373050346	0.5373050346	-0.6023811877	0.6023811877	0.6073169909	-0.607316991	0.653070533	-0.653070533	-0.7034842741	0.7034842741	-0.7501798095	0.7501798095	0.77949324	-0.77949324	0.7875948598	-0.7875948598	-0.8000134652	0.8000134652	-0.8390697252	0.8390697252	-0.8635796651	0.8635796651	-0.8680038269	0.8680038269	0.8884219303	-0.8884219303	-0.9167853282	0.9167853282	-0.922681511	0.922681511	0.9574165272	-0.9574165272	0.9700550911	-0.9700550911	-0.9890200777	0.9890200777	1.01571817	-1.01571817	-1.03753148	1.03753148	-1.044230926	1.044230926	1.052116696	-1.052116696	-1.086496482	1.086496482	-1.123326988	1.123326988	-1.140700548	1.140700548	1.148980581	-1.148980581	1.165215152	-1.165215152	-1.175419614	1.175419614	-1.19156393	1.19156393	-1.197617967	1.197617967	-1.21591682	1.21591682	-1.241265359	1.241265359	1.262006323	-1.262006323	1.26839144	-1.26839144	1.271380342	-1.271380342	1.289511132	-1.289511132	1.303433413	-1.303433413	1.308377899	-1.308377899	1.317529	-1.317529	1.327943181	-1.327943181	-1.328475785	1.328475785	-1.35375674	1.35375674	1.367739845	-1.367739845	1.369578866	-1.369578866	1.394328931	-1.394328931	-1.402236262	1.402236262	-1.404486532	1.404486532	-1.411510769	1.411510769	-1.420733899	1.420733899	1.440821351	-1.440821351	1.445451461	-1.445451461	1.450872956	-1.450872956	1.460868656	-1.460868656	-1.474551611	1.474551611	-1.474629063	1.474629063	1.484927692	-1.484927692	-1.486226195	1.486226195	-1.492992562	1.492992562	1.502819562	-1.502819562	1.570049451	-1.570049451	-1.583230541	1.583230541	-1.610568009	1.610568009	-1.613574638	1.613574638	1.625658632	-1.625658632	-1.626731795	1.626731795	-1.634613515	1.634613515	-1.65718428	1.65718428	1.681417434	-1.681417434	-1.683047375	1.683047375	-1.698052861	1.698052861	1.725205179	-1.725205179	-1.736900597	1.736900597	-1.749561062	1.749561062	-1.759816217	1.759816217	1.790466744	-1.790466744	1.815417471	-1.815417471	1.832239019	-1.832239019	-1.843613912	1.843613912	1.846098832	-1.846098832	1.850523221	-1.850523221	-1.856523236	1.856523236	-1.885613491	1.885613491	1.900975244	-1.900975244	-1.90778444	1.90778444	1.910312508	-1.910312508	1.954151966	-1.954151966	1.970169528	-1.970169528	1.971333228	-1.971333228	1.971643912	-1.971643912	-1.97811815	1.97811815	-1.981443954	1.981443954	-2.026315309	2.026315309	
0.57	-0.08645078301	0.08645078301	0.1062895025	-0.1062895025	-0.1121037932	0.1121037932	0.1155849341	-0.1155849341	0.1184000209	-0.1184000209	0.2258673743	-0.2258673743	0.2527391028	-0.2527391028	0.2591728318	-0.2591728318	-0.3166682303	0.3166682303	-0.3986564203	0.3986564203	0.4433502598	-0.4433502598	0.4857420083	-0.4857420083	0.5293583958	-0.5293583958	0.5303269267	-0.5303269267	0.5992545804	-0.5992545804	-0.5994301722	0.5994301722	0.6444581431	-0.6444581431	0.6947309135	-0.6947309135	0.7539858543	-0.7539858543	0.7796148002	-0.7796148002	0.7875904123	-0.7875904123	-0.8034038244	0.8034038244	-0.8393840976	0.8393840976	-0.8663850638	0.8663850638	0.8680251468	-0.8680251468	0.8919475428	-0.8919475428	0.9174913331	-0.9174913331	0.9256113308	-0.9256113308	0.9598792834	-0.9598792834	-0.9700787596	0.9700787596	-0.9890059921	0.9890059921	-1.01613282	1.01613282	-1.038163106	1.038163106	-1.047483144	1.047483144	1.055178556	-1.055178556	-1.083545264	1.083545264	1.123336734	-1.123336734	-1.14081033	1.14081033	-1.151046971	1.151046971	1.167749584	-1.167749584	-1.17881277	1.17881277	-1.191930862	1.191930862	-1.197948358	1.197948358	-1.217694985	1.217694985	-1.241058909	1.241058909	1.262104022	-1.262104022	-1.267813286	1.267813286	1.271391405	-1.271391405	1.289505144	-1.289505144	1.303563386	-1.303563386	-1.30889281	1.30889281	-1.317346019	1.317346019	-1.327713102	1.327713102	1.328519572	-1.328519572	1.353725998	-1.353725998	1.367401743	-1.367401743	-1.369878029	1.369878029	1.39428642	-1.39428642	1.402730377	-1.402730377	1.404721202	-1.404721202	-1.413374578	1.413374578	1.421059573	-1.421059573	1.441938586	-1.441938586	-1.447021712	1.447021712	1.45240794	-1.45240794	1.46136388	-1.46136388	1.474553838	-1.474553838	-1.477050274	1.477050274	1.485200118	-1.485200118	-1.486244898	1.486244898	-1.492954563	1.492954563	1.503223055	-1.503223055	1.57084836	-1.57084836	-1.58432025	1.58432025	1.610564453	-1.610564453	-1.613607346	1.613607346	-1.625748948	1.625748948	-1.62793333	1.62793333	-1.63555832	1.63555832	-1.658381851	1.658381851	-1.681278211	1.681278211	-1.683701699	1.683701699	1.698117862	-1.698117862	-1.724923778	1.724923778	-1.737124615	1.737124615	1.748968348	-1.748968348	-1.759428862	1.759428862	-1.790488704	1.790488704	-1.815627309	1.815627309	-1.83246454	1.83246454	1.844574925	-1.844574925	-1.846006237	1.846006237	-1.850536766	1.850536766	-1.856145843	1.856145843	1.885540463	-1.885540463	-1.901052651	1.901052651	-1.907608438	1.907608438	-1.910214823	1.910214823	1.953953385	-1.953953385	-1.970175604	1.970175604	-1.971231473	1.971231473	1.971599639	-1.971599639	1.978478379	-1.978478379	1.981431644	-1.981431644	-2.027100928	2.027100928	
0.58	-0.08993052562	0.08993052562	-0.09933790464	0.09933790464	0.1033344017	-0.1033344017	0.1067533735	-0.1067533735	0.1098589307	-0.1098589307	0.2174561228	-0.2174561228	-0.2447499318	0.2447499318	0.2506461885	-0.2506461885	-0.3200499404	0.3200499404	-0.3951010166	0.3951010166	0.435112851	-0.435112851	-0.4773306101	0.4773306101	0.5214919875	-0.5214919875	-0.5233408429	0.5233408429	-0.5911475865	0.5911475865	-0.5964687831	0.5964687831	0.6358157223	-0.6358157223	0.6859572491	-0.6859572491	0.7577282731	-0.7577282731	0.7797309536	-0.7797309536	0.7875860491	-0.7875860491	-0.8067927078	0.8067927078	-0.8396870519	0.8396870519	0.8679535834	-0.8679535834	-0.8692067149	0.8692067149	0.8954215203	-0.8954215203	-0.9181867583	0.9181867583	0.9284787814	-0.9284787814	0.9622489621	-0.9622489621	0.970098623	-0.970098623	-0.9889923304	0.9889923304	1.016549386	-1.016549386	1.038751224	-1.038751224	1.050687848	-1.050687848	1.058222679	-1.058222679	1.080584105	-1.080584105	-1.123344716	1.123344716	1.140920111	-1.140920111	-1.153062998	1.153062998	-1.170134509	1.170134509	-1.182094403	1.182094403	-1.192407434	1.192407434	-1.198254611	1.198254611	-1.219468234	1.219468234	-1.240858597	1.240858597	-1.262197395	1.262197395	1.267187518	-1.267187518	-1.271402467	1.271402467	-1.289499211	1.289499211	1.303680012	-1.303680012	1.309428461	-1.309428461	-1.317133217	1.317133217	-1.327488482	1.327488482	1.328579018	-1.328579018	-1.353696109	1.353696109	-1.367064157	1.367064157	-1.370157084	1.370157084	1.394242145	-1.394242145	-1.403131886	1.403131886	-1.405024622	1.405024622	1.415171884	-1.415171884	1.421393162	-1.421393162	1.442486987	-1.442486987	1.449100486	-1.449100486	1.453912643	-1.453912643	1.461860564	-1.461860564	-1.474480367	1.474480367	1.479514185	-1.479514185	1.485474726	-1.485474726	-1.486264619	1.486264619	-1.492919289	1.492919289	1.503628442	-1.503628442	1.571647694	-1.571647694	1.585405508	-1.585405508	1.610560827	-1.610560827	1.613639576	-1.613639576	-1.62584014	1.62584014	1.629135577	-1.629135577	1.636490593	-1.636490593	1.659578259	-1.659578259	-1.681137544	1.681137544	1.684346176	-1.684346176	1.698187019	-1.698187019	1.724639749	-1.724639749	-1.73733634	1.73733634	-1.748378607	1.748378607	1.759050286	-1.759050286	1.790510257	-1.790510257	1.815843395	-1.815843395	-1.832665537	1.832665537	-1.845519671	1.845519671	1.845933983	-1.845933983	-1.850561258	1.850561258	-1.855771507	1.855771507	1.885468418	-1.885468418	1.901131922	-1.901131922	-1.907439368	1.907439368	-1.910130584	1.910130584	-1.953756123	1.953756123	1.970180343	-1.970180343	-1.971129927	1.971129927	-1.971542672	1.971542672	1.978831351	-1.978831351	1.981415613	-1.981415613	2.027885155	-2.027885155	
0.59	-0.09147611834	0.09147611834	-0.09431441517	0.09431441517	0.09455346487	-0.09455346487	0.09791769484	-0.09791769484	0.10135247	-0.10135247	0.2090853485	-0.2090853485	-0.2367490778	0.2367490778	0.2421038672	-0.2421038672	-0.3234301805	0.3234301805	-0.3915437791	0.3915437791	0.4268553256	-0.4268553256	0.4688943678	-0.4688943678	0.51361164	-0.51361164	-0.5163470117	0.5163470117	0.582997779	-0.582997779	0.5934975442	-0.5934975442	-0.6271455156	0.6271455156	0.6771656692	-0.6771656692	0.7614061315	-0.7614061315	0.7798419656	-0.7798419656	0.7875817843	-0.7875817843	-0.8101800047	0.8101800047	0.8399788889	-0.8399788889	-0.8679650389	0.8679650389	-0.8718721328	0.8718721328	0.8988391158	-0.8988391158	-0.9188709783	0.9188709783	0.9312822918	-0.9312822918	0.9645160431	-0.9645160431	0.9701257202	-0.9701257202	-0.9889791055	0.9889791055	1.016967412	-1.016967412	-1.039311435	1.039311435	-1.053844193	1.053844193	1.061230937	-1.061230937	-1.077613293	1.077613293	-1.123351264	1.123351264	-1.141030046	1.141030046	1.155032226	-1.155032226	-1.172341508	1.172341508	-1.185242769	1.185242769	-1.193018996	1.193018996	1.198567907	-1.198567907	-1.221224529	1.221224529	-1.24066676	1.24066676	-1.262286689	1.262286689	-1.266516687	1.266516687	-1.271413516	1.271413516	-1.289493418	1.289493418	1.303785269	-1.303785269	1.309978927	-1.309978927	1.31689351	-1.31689351	-1.327269687	1.327269687	1.328651993	-1.328651993	1.353667074	-1.353667074	1.366727497	-1.366727497	-1.370415207	1.370415207	1.394195978	-1.394195978	1.40343021	-1.40343021	-1.405410067	1.405410067	1.416889932	-1.416889932	-1.421751068	1.421751068	1.442767307	-1.442767307	1.451384248	-1.451384248	1.455385886	-1.455385886	1.462360506	-1.462360506	1.474409009	-1.474409009	-1.481934351	1.481934351	1.485751235	-1.485751235	1.486287885	-1.486287885	1.492886993	-1.492886993	1.504035274	-1.504035274	1.572446573	-1.572446573	1.586485269	-1.586485269	1.610557141	-1.610557141	1.613671307	-1.613671307	-1.625932129	1.625932129	1.630336985	-1.630336985	-1.637409662	1.637409662	1.660771964	-1.660771964	-1.680998154	1.680998154	1.684977115	-1.684977115	1.698260387	-1.698260387	-1.724353325	1.724353325	1.737535166	-1.737535166	1.747792454	-1.747792454	-1.758681601	1.758681601	-1.790531386	1.790531386	1.816065367	-1.816065367	-1.832838384	1.832838384	1.845885005	-1.845885005	1.846445746	-1.846445746	-1.850597299	1.850597299	-1.855400789	1.855400789	1.885397663	-1.885397663	-1.901212894	1.901212894	-1.907277375	1.907277375	-1.91006064	1.91006064	-1.953560471	1.953560471	1.970183746	-1.970183746	1.9710287	-1.9710287	1.97147447	-1.97147447	1.979176685	-1.979176685	1.981396123	-1.981396123	-2.028663668	2.028663668	
0.6	-0.08497130608	0.08497130608	0.08576315132	-0.08576315132	0.08908097355	-0.08908097355	0.09289153329	-0.09289153329	-0.09733535457	0.09733535457	0.2007649286	-0.2007649286	-0.2287370959	0.2287370959	0.2335467246	-0.2335467246	-0.3268088464	0.3268088464	-0.3879847941	0.3879847941	0.4185785214	-0.4185785214	0.4604343654	-0.4604343654	0.5057178415	-0.5057178415	0.5093456585	-0.5093456585	0.5748072721	-0.5748072721	-0.5905165694	0.5905165694	0.6184495624	-0.6184495624	-0.6683583856	0.6683583856	0.7650185307	-0.7650185307	0.7799480853	-0.7799480853	0.7875776295	-0.7875776295	-0.8135656091	0.8135656091	0.8402599011	-0.8402599011	0.8679516889	-0.8679516889	-0.8744909676	0.8744909676	0.902197435	-0.902197435	-0.9195434051	0.9195434051	-0.9340205185	0.9340205185	0.9666486705	-0.9666486705	-0.9701933157	0.9701933157	0.9889663302	-0.9889663302	-1.01738642	1.01738642	-1.039852763	1.039852763	1.056951454	-1.056951454	1.064191787	-1.064191787	-1.074633263	1.074633263	1.123356633	-1.123356633	-1.141140207	1.141140207	-1.156957483	1.156957483	1.174341764	-1.174341764	-1.188219194	1.188219194	1.193792097	-1.193792097	1.19893287	-1.19893287	-1.222954635	1.222954635	1.240486573	-1.240486573	1.262372141	-1.262372141	-1.265803281	1.265803281	1.271424539	-1.271424539	-1.289487833	1.289487833	-1.303880944	1.303880944	-1.310538507	1.310538507	-1.316629823	1.316629823	1.327057069	-1.327057069	1.328736392	-1.328736392	-1.353638888	1.353638888	-1.366392171	1.366392171	-1.370651493	1.370651493	-1.394147786	1.394147786	1.403639255	-1.403639255	1.405865799	-1.405865799	-1.418498287	1.418498287	1.42216694	-1.42216694	-1.442929177	1.442929177	1.453721137	-1.453721137	1.456825943	-1.456825943	-1.462865088	1.462865088	-1.474340208	1.474340208	1.48429122	-1.48429122	1.486029382	-1.486029382	1.486329189	-1.486329189	1.492857975	-1.492857975	1.504443083	-1.504443083	1.573244089	-1.573244089	1.587558466	-1.587558466	-1.610553405	1.610553405	1.613702515	-1.613702515	1.626024834	-1.626024834	1.631536039	-1.631536039	-1.638314847	1.638314847	-1.661961441	1.661961441	1.680860972	-1.680860972	-1.685592654	1.685592654	1.698338002	-1.698338002	1.724064753	-1.724064753	-1.737720519	1.737720519	-1.7472105	1.7472105	-1.758323918	1.758323918	1.790552072	-1.790552072	1.816292735	-1.816292735	1.832979788	-1.832979788	1.845861742	-1.845861742	-1.847350656	1.847350656	1.850645728	-1.850645728	-1.855034354	1.855034354	-1.88532852	1.88532852	1.901295398	-1.901295398	-1.907122534	1.907122534	-1.910005902	1.910005902	-1.953366695	1.953366695	-1.970185668	1.970185668	-1.970927903	1.970927903	1.971396599	-1.971396599	-1.979514013	1.979514013	1.981373492	-1.981373492	-2.02943179	2.02943179	
0.61	0.07696278448	-0.07696278448	-0.07797095066	0.07797095066	0.08024712614	-0.08024712614	0.08449005556	-0.08449005556	0.1008487519	-0.1008487519	-0.192506944	0.192506944	0.2207145626	-0.2207145626	0.2249756452	-0.2249756452	0.3301858379	-0.3301858379	-0.3844241436	0.3844241436	0.4102832516	-0.4102832516	-0.4519516355	0.4519516355	0.4978110736	-0.4978110736	-0.5023370059	0.5023370059	-0.5665780395	0.5665780395	0.5875260613	-0.5875260613	0.6097297462	-0.6097297462	-0.6595375015	0.6595375015	0.7685645917	-0.7685645917	0.7800495464	-0.7800495464	0.7875735944	-0.7875735944	-0.8169494197	0.8169494197	-0.8405303741	0.8405303741	-0.8679329728	0.8679329728	0.8770448246	-0.8770448246	-0.9054945758	0.9054945759	-0.9202034884	0.9202034884	0.9366922978	-0.9366922978	0.9684868756	-0.9684868756	-0.9704627085	0.9704627085	-0.9889540175	0.9889540175	1.017805914	-1.017805914	-1.040380658	1.040380658	-1.060009018	1.060009018	-1.067096243	1.067096243	-1.071645584	1.071645584	-1.123361024	1.123361024	1.141250612	-1.141250612	-1.158840971	1.158840971	1.176110411	-1.176110411	1.190948862	-1.190948862	-1.194750027	1.194750027	1.199427717	-1.199427717	1.224650663	-1.224650663	1.240322478	-1.240322478	1.262453977	-1.262453977	1.265049724	-1.265049724	1.271435519	-1.271435519	1.289482507	-1.289482507	-1.303968578	1.303968578	1.311101819	-1.311101819	1.316345011	-1.316345011	-1.326850975	1.326850975	-1.32883021	1.32883021	-1.35361155	1.35361155	-1.366058584	1.366058584	-1.370864974	1.370864974	-1.394097436	1.394097436	-1.403785599	1.403785599	-1.406367034	1.406367034	-1.419923109	1.419923109	1.422717444	-1.422717444	1.443032144	-1.443032144	1.456049706	-1.456049706	-1.458230436	1.458230436	1.463375777	-1.463375777	1.474274548	-1.474274548	-1.486115149	1.486115149	-1.486308917	1.486308917	-1.486854005	1.486854005	-1.492832653	1.492832653	1.504851383	-1.504851383	-1.5740393	1.5740393	-1.588624013	1.588624013	-1.61054963	1.61054963	-1.613733177	1.613733177	1.626118164	-1.626118164	1.632731268	-1.632731268	-1.639205461	1.639205461	-1.663145182	1.663145182	-1.68072642	1.68072642	1.686191488	-1.686191488	-1.698419875	1.698419875	-1.723774291	1.723774291	1.737891864	-1.737891864	-1.746633354	1.746633354	1.757978335	-1.757978335	-1.790572296	1.790572296	-1.816524859	1.816524859	-1.833087016	1.833087016	1.845865906	-1.845865906	-1.848231733	1.848231733	1.850707634	-1.850707634	1.854673062	-1.854673062	1.885261324	-1.885261324	-1.901379262	1.901379262	-1.906974849	1.906974849	-1.909967323	1.909967323	1.953175041	-1.953175041	-1.97018579	1.97018579	-1.970827651	1.970827651	-1.971310761	1.971310761	1.979842979	-1.979842979	-1.981348079	1.981348079	2.030184455	-2.030184455	
0.62	-0.06816052105	0.06816052105	0.07092655486	-0.07092655486	0.07142137888	-0.07142137888	0.07616497079	-0.07616497079	-0.1043983131	0.1043983131	0.1843263409	-0.1843263409	-0.21268208	0.21268208	0.2163915506	-0.2163915506	-0.3335610586	0.3335610586	-0.3808619057	0.3808619057	-0.4019703096	0.4019703096	-0.4434471649	0.4434471649	0.4898918124	-0.4898918124	0.4953212744	-0.4953212744	0.5583120231	-0.5583120231	-0.5845262155	0.5845262155	0.6009878343	-0.6009878343	0.6507050591	-0.6507050591	-0.7720434501	0.7720434501	0.7801465681	-0.7801465681	-0.7875696872	0.7875696872	-0.820331339	0.820331339	-0.8407905868	0.8407905868	-0.8679116904	0.8679116904	-0.879531546	0.879531546	0.9087292118	-0.9087292118	-0.9208507149	0.9208507149	0.9392966079	-0.9392966079	0.9694212506	-0.9694212506	0.9715445859	-0.9715445859	-0.9889421802	0.9889421802	-1.018225382	1.018225382	1.040898505	-1.040898505	1.06301637	-1.06301637	-1.068627674	1.068627674	-1.069961624	1.069961624	1.123364596	-1.123364596	-1.141361239	1.141361239	-1.160684332	1.160684332	1.177632587	-1.177632587	-1.193288923	1.193288923	-1.195906691	1.195906691	1.200196843	-1.200196843	-1.226304616	1.226304616	-1.240180905	1.240180905	1.26253241	-1.26253241	1.264258381	-1.264258381	1.271446438	-1.271446438	1.289477474	-1.289477474	-1.304049467	1.304049467	1.311663837	-1.311663837	1.316041819	-1.316041819	1.326651752	-1.326651752	-1.328931585	1.328931585	1.353585055	-1.353585055	-1.36572714	1.36572714	1.371054632	-1.371054632	-1.394044798	1.394044798	1.403892598	-1.403892598	-1.406891944	1.406891944	1.42102972	-1.42102972	-1.423539717	1.423539717	1.443101698	-1.443101698	1.458342673	-1.458342673	1.459596001	-1.459596001	-1.463894671	1.463894671	-1.474212853	1.474212853	-1.486267538	1.486267538	1.486589604	-1.486589604	1.48899708	-1.48899708	-1.492811867	1.492811867	1.505259672	-1.505259672	1.574831238	-1.574831238	1.589680802	-1.589680802	1.610545828	-1.610545828	1.613763268	-1.613763268	-1.626212025	1.626212025	1.633921249	-1.633921249	1.640080805	-1.640080805	-1.664321694	1.664321694	1.680594724	-1.680594724	1.686772556	-1.686772556	-1.69850599	1.69850599	-1.723482207	1.723482207	1.738048727	-1.738048727	1.746061622	-1.746061622	1.757645919	-1.757645919	1.790592036	-1.790592036	1.816760923	-1.816760923	1.833158119	-1.833158119	-1.845898264	1.845898264	-1.849085953	1.849085953	1.85078438	-1.85078438	-1.854318178	1.854318178	-1.885196423	1.885196423	-1.901464309	1.901464309	-1.906834256	1.906834256	1.909945884	-1.909945884	1.952985734	-1.952985734	1.970183569	-1.970183569	-1.970728057	1.970728057	-1.971218848	1.971218848	1.980163244	-1.980163244	1.981320272	-1.981320272	2.030916174	-2.030916174	
0.63	0.05935769278	-0.05935769278	0.06261111065	-0.06261111065	-0.06386611794	0.06386611794	-0.06793809564	0.06793809564	-0.1079590771	0.1079590771	0.1762418281	-0.1762418281	-0.2046402822	0.2046402822	0.20779541	-0.20779541	-0.336934415	0.336934415	-0.3772981553	0.3772981553	0.3936404722	-0.3936404722	-0.4349218999	0.4349218999	-0.4819605298	0.4819605298	0.4882986821	-0.4882986821	0.5500111476	-0.5500111476	-0.581517218	0.581517218	0.5922255127	-0.5922255127	-0.6418630777	0.6418630777	-0.7754542538	0.7754542538	-0.7802393563	0.7802393563	-0.7875659148	0.7875659148	-0.8237112738	0.8237112738	0.8410408121	-0.8410408121	-0.8678889832	0.8678889832	-0.8819504186	0.8819504186	0.9119003737	-0.9119003737	0.921484609	-0.921484609	0.941832538	-0.941832538	0.9696137895	-0.9696137895	-0.9732782036	0.9732782036	-0.9889308317	0.9889308317	-1.018644295	1.018644295	1.04140843	-1.04140843	-1.065631313	1.065631313	-1.065973084	1.065973084	1.072732216	-1.072732216	-1.123367479	1.123367479	1.141472036	-1.141472036	1.162488683	-1.162488683	1.178908694	-1.178908694	-1.195040932	1.195040932	-1.197261316	1.197261316	1.201438866	-1.201438866	1.227906641	-1.227906641	1.240071461	-1.240071461	1.262607644	-1.262607644	1.263431579	-1.263431579	1.271457275	-1.271457275	-1.289472746	1.289472746	-1.30412468	1.30412468	1.312219894	-1.312219894	-1.315722848	1.315722848	1.326459749	-1.326459749	-1.329038826	1.329038826	-1.353559399	1.353559399	1.365398239	-1.365398239	1.371219407	-1.371219407	1.393989749	-1.393989749	1.403976043	-1.403976043	-1.407426067	1.407426067	1.421763939	-1.421763939	-1.424690058	1.424690058	1.443150069	-1.443150069	1.460585849	-1.460585849	1.460917496	-1.460917496	1.46442543	-1.46442543	1.474156378	-1.474156378	-1.48629503	1.48629503	1.486871222	-1.486871222	-1.491205223	1.491205223	1.492799711	-1.492799711	-1.505667434	1.505667434	1.575618904	-1.575618904	1.59072771	-1.59072771	1.610542011	-1.610542011	1.613792762	-1.613792762	1.626306313	-1.626306313	1.635104608	-1.635104608	1.640940171	-1.640940171	1.665489502	-1.665489502	-1.680466022	1.680466022	-1.687334942	1.687334942	-1.698596301	1.698596301	-1.723188783	1.723188783	1.7381907	-1.7381907	1.745495905	-1.745495905	-1.757327689	1.757327689	1.790611268	-1.790611268	-1.816999902	1.816999902	1.833192126	-1.833192126	1.845958469	-1.845958469	-1.849909408	1.849909408	-1.850877607	1.850877607	-1.853971917	1.853971917	1.885134177	-1.885134177	-1.901550358	1.901550358	1.906700629	-1.906700629	1.909942563	-1.909942563	-1.952798983	1.952798983	-1.970178149	1.970178149	1.970629237	-1.970629237	1.971123028	-1.971123028	1.98047448	-1.98047448	1.981290478	-1.981290478	-2.031621023	2.031621023	
0.64	0.05056121749	-0.05056121749	0.05382747772	-0.05382747772	-0.05679511241	0.05679511241	0.05983765495	-0.05983765495	-0.1115253472	0.1115253472	0.1682771004	-0.1682771004	-0.1965898425	0.1965898425	0.1991882548	-0.1991882548	0.3403058167	-0.3403058167	-0.3737329638	0.3737329638	0.3852945042	-0.3852945042	0.4263767516	-0.4263767516	0.4740176952	-0.4740176952	0.4812694454	-0.4812694454	0.5416773339	-0.5416773339	0.5784992245	-0.5784992245	0.5834444324	-0.5834444324	0.6330135859	-0.6330135859	0.7787961621	-0.7787961621	-0.7803281042	0.7803281042	0.787562283	-0.787562283	-0.8270891343	0.8270891343	-0.8412813164	0.8412813164	0.8678654926	-0.8678654926	-0.884301115	0.884301115	0.9150073252	-0.9150073252	-0.9221047329	0.9221047329	0.9442992606	-0.9442992606	0.9696378154	-0.9696378154	0.9750914788	-0.9750914788	0.9889199854	-0.9889199854	1.019062109	-1.019062109	-1.041911745	1.041911745	-1.062615618	1.062615618	-1.068878813	1.068878813	1.075445831	-1.075445831	1.123369779	-1.123369779	1.141582927	-1.141582927	1.164254605	-1.164254605	1.17995563	-1.17995563	-1.196140813	1.196140813	-1.198797221	1.198797221	-1.203217018	1.203217018	-1.229442607	1.229442607	1.240008939	-1.240008939	1.262571652	-1.262571652	1.262679875	-1.262679875	-1.271468004	1.271468004	-1.289468317	1.289468317	1.304195094	-1.304195094	-1.312765668	1.312765668	-1.315390549	1.315390549	-1.326275318	1.326275318	-1.329150425	1.329150425	-1.353534578	1.353534578	-1.365072276	1.365072276	-1.371358218	1.371358218	1.393932173	-1.393932173	-1.404045914	1.404045914	1.407960599	-1.407960599	1.422261798	-1.422261798	-1.426034237	1.426034237	1.443183738	-1.443183738	-1.462186166	1.462186166	-1.462770173	1.462770173	1.464975198	-1.464975198	-1.474107205	1.474107205	-1.486310686	1.486310686	1.48715356	-1.48715356	-1.492746649	1.492746649	1.493412888	-1.493412888	1.506074135	-1.506074135	1.576401274	-1.576401274	1.591763597	-1.591763597	1.610538193	-1.610538193	-1.613821637	1.613821637	-1.626400921	1.626400921	-1.636280027	1.636280027	-1.64178284	1.64178284	1.666647153	-1.666647153	1.680340409	-1.680340409	-1.687877843	1.687877843	1.698690725	-1.698690725	-1.722894312	1.722894312	1.738317466	-1.738317466	-1.744936798	1.744936798	-1.757024602	1.757024602	-1.79062997	1.79062997	1.817240529	-1.817240529	-1.833189185	1.833189185	-1.846044967	1.846044967	-1.850695636	1.850695636	1.850989224	-1.850989224	1.853639137	-1.853639137	-1.885074961	1.885074961	-1.901637228	1.901637228	1.906573787	-1.906573787	1.909958317	-1.909958317	1.952614983	-1.952614983	1.970168236	-1.970168236	1.970531309	-1.970531309	1.971025868	-1.971025868	-1.980776376	1.980776376	-1.981259112	1.981259112	-2.032292662	2.032292662	
0.65	-0.04178231253	0.04178231253	0.04508883287	-0.04508883287	-0.04971566099	0.04971566099	0.05190109494	-0.05190109494	-0.1150950823	0.1150950823	0.1604625185	-0.1604625185	0.1885314831	-0.1885314831	0.1905711966	-0.1905711966	0.3436751754	-0.3436751754	-0.3701663998	0.3701663998	0.3769331622	-0.3769331622	-0.4178126002	0.4178126002	0.4660637763	-0.4660637763	0.4742337793	-0.4742337793	0.5333125133	-0.5333125133	0.5746453988	-0.5746453988	-0.5754731956	0.5754731956	0.6241586504	-0.6241586504	0.7804129931	-0.7804129931	0.7820683463	-0.7820683463	0.7875587966	-0.7875587966	-0.830464834	0.830464834	-0.8415123595	0.8415123595	0.8678416308	-0.8678416308	-0.8865834763	0.8865834763	0.9180494854	-0.9180494854	-0.9227106914	0.9227106914	0.9466960048	-0.9466960048	0.9696143894	-0.9696143894	0.9768646006	-0.9768646006	0.9889096556	-0.9889096556	-1.019478266	1.019478266	-1.042409199	1.042409199	-1.05959067	1.05959067	1.071733285	-1.071733285	-1.078089921	1.078089921	-1.123371585	1.123371585	1.14169382	-1.14169382	1.165982083	-1.165982083	1.180802982	-1.180802982	-1.196770155	1.196770155	-1.200485685	1.200485685	1.205348119	-1.205348119	1.230890538	-1.230890538	1.240016533	-1.240016533	1.261681004	-1.261681004	-1.26274929	1.26274929	1.271478596	-1.271478596	1.289464157	-1.289464157	-1.304261421	1.304261421	1.31329717	-1.31329717	-1.315047221	1.315047221	1.326098817	-1.326098817	-1.329265053	1.329265053	-1.353510588	1.353510588	1.364749644	-1.364749644	-1.371469969	1.371469969	-1.393871965	1.393871965	-1.404108628	1.404108628	-1.408490179	1.408490179	-1.422652959	1.422652959	1.427444102	-1.427444102	1.443206426	-1.443206426	1.463385479	-1.463385479	-1.464887789	1.464887789	1.465558827	-1.465558827	-1.474069128	1.474069128	-1.48632176	1.48632176	1.487436425	-1.487436425	-1.492757646	1.492757646	-1.495506174	1.495506174	-1.506479231	1.506479231	1.577177301	-1.577177301	-1.592787309	1.592787309	-1.610534389	1.610534389	1.613849868	-1.613849868	-1.626495735	1.626495735	1.637446248	-1.637446248	1.642608081	-1.642608081	-1.667793209	1.667793209	1.680217954	-1.680217954	-1.688400552	1.688400552	1.698789144	-1.698789144	1.722599099	-1.722599099	-1.738428809	1.738428809	1.744384892	-1.744384892	-1.756737527	1.756737527	1.790648114	-1.790648114	1.817481247	-1.817481247	1.833150624	-1.833150624	-1.846155013	1.846155013	1.851121371	-1.851121371	1.851428701	-1.851428701	1.853334278	-1.853334278	-1.885019159	1.885019159	-1.901724734	1.901724734	1.906453496	-1.906453496	1.909994049	-1.909994049	1.952433918	-1.952433918	-1.970151954	1.970151954	-1.97043439	1.97043439	-1.97093049	1.97093049	-1.981068636	1.981068636	1.98122659	-1.98122659	-2.032924409	2.032924409	
0.66	0.03304242894	-0.03304242894	0.0364287884	-0.0364287884	0.04262882183	-0.04262882183	0.04417977839	-0.04417977839	-0.1186673459	0.1186673459	-0.1528374187	0.1528374187	-0.1804659874	0.1804659874	0.1819454521	-0.1819454521	-0.3470424052	0.3470424052	-0.3665985294	0.3665985294	-0.3685571986	0.3685571986	-0.4092302985	0.4092302985	-0.4580992409	0.4580992409	0.4671918975	-0.4671918975	-0.5249186436	0.5249186436	-0.565831937	0.565831937	-0.5724373522	0.5724373522	-0.6153004038	0.6153004038	-0.7804941933	0.7804941933	-0.7852699896	0.7852699896	0.7875554595	-0.7875554595	-0.8338382898	0.8338382898	-0.8417341948	0.8417341948	-0.8678176818	0.8678176818	0.8887974421	-0.8887974421	0.9210263442	-0.9210263442	0.9233021702	-0.9233021702	0.9490220266	-0.9490220266	-0.9695699325	0.9695699325	-0.9785724327	0.9785724327	0.9888998571	-0.9888998571	1.019892197	-1.019892197	-1.042901115	1.042901115	-1.056557277	1.056557277	-1.074536291	1.074536291	1.080661662	-1.080661662	-1.123372971	1.123372971	-1.141804604	1.141804604	1.167670379	-1.167670379	-1.181486535	1.181486535	1.197139375	-1.197139375	-1.202292565	1.202292565	-1.207619625	1.207619625	-1.232215965	1.232215965	1.240130165	-1.240130165	1.260762216	-1.260762216	-1.26281607	1.26281607	1.271489022	-1.271489022	-1.289460217	1.289460217	-1.304324239	1.304324239	1.313810722	-1.313810722	1.314695021	-1.314695021	1.325930605	-1.325930605	-1.329381551	1.329381551	-1.353487421	1.353487421	-1.36443073	1.36443073	-1.371553569	1.371553569	1.39380903	-1.39380903	-1.404168513	1.404168513	1.409011427	-1.409011427	1.422996854	-1.422996854	1.428861447	-1.428861447	1.443220414	-1.443220414	1.464483412	-1.464483412	-1.466206624	1.466206624	1.466928401	-1.466928401	-1.474049943	1.474049943	-1.486329788	1.486329788	-1.487719635	1.487719635	1.492755014	-1.492755014	1.497559826	-1.497559826	-1.506882164	1.506882164	1.577945912	-1.577945912	1.593797676	-1.593797676	-1.610530618	1.610530618	-1.613877431	1.613877431	1.626590634	-1.626590634	1.638602073	-1.638602073	1.643415156	-1.643415156	1.668926252	-1.668926252	-1.680098707	1.680098707	1.688902456	-1.688902456	-1.698891393	1.698891393	1.722303461	-1.722303461	-1.738524633	1.738524633	-1.743840769	1.743840769	1.756467232	-1.756467232	-1.790665675	1.790665675	1.817720161	-1.817720161	-1.833078936	1.833078936	-1.846284812	1.846284812	-1.851276345	1.851276345	1.852042239	-1.852042239	1.853122345	-1.853122345	1.884967167	-1.884967167	-1.90181269	1.90181269	1.906339482	-1.906339482	1.910050583	-1.910050583	-1.952255961	1.952255961	-1.970126756	1.970126756	1.970338599	-1.970338599	1.970840647	-1.970840647	-1.981193323	1.981193323	-1.981350978	1.981350978	2.033509406	-2.033509406	
0.67	-0.02438956495	0.02438956495	0.0279184288	-0.0279184288	0.03553539583	-0.03553539583	0.03674789664	-0.03674789664	0.1222416307	-0.1222416307	0.1454532683	-0.1454532683	0.1723942165	-0.1723942165	0.1733123771	-0.1733123771	-0.3504074199	0.3504074199	0.3601673671	-0.3601673671	-0.3630294162	0.3630294162	-0.4006306764	0.4006306764	0.450124558	-0.450124558	0.4601440133	-0.4601440133	-0.5164977251	0.5164977251	0.5570039327	-0.5570039327	-0.5693935542	0.5693935542	0.6064410721	-0.6064410721	0.7805718647	-0.7805718647	0.7875522752	-0.7875522752	0.7884002873	-0.7884002873	-0.8372094211	0.8372094211	0.8419470684	-0.8419470684	0.8677938494	-0.8677938494	-0.8909430187	0.8909430187	-0.9238708222	0.9238708222	-0.923945545	0.923945545	0.9512765722	-0.9512765722	0.9695133552	-0.9695133552	0.9802074136	-0.9802074136	0.9888906056	-0.9888906056	-1.020303323	1.020303323	1.043387392	-1.043387392	-1.053515989	1.053515989	1.077287681	-1.077287681	1.083158937	-1.083158937	-1.123374001	1.123374001	1.141915157	-1.141915157	1.169317788	-1.169317788	1.182042536	-1.182042536	1.197370522	-1.197370522	1.20418426	-1.20418426	1.209907011	-1.209907011	-1.233368992	1.233368992	-1.240401075	1.240401075	1.259818204	-1.259818204	-1.262880388	1.262880388	-1.271499246	1.271499246	1.28945642	-1.28945642	-1.304384015	1.304384015	1.314302947	-1.314302947	-1.314335975	1.314335975	1.325771033	-1.325771033	1.329498922	-1.329498922	-1.353465074	1.353465074	-1.364115915	1.364115915	-1.371607943	1.371607943	-1.39374329	1.39374329	1.404228636	-1.404228636	-1.409522129	1.409522129	1.423318335	-1.423318335	-1.430262395	1.430262395	1.443227178	-1.443227178	1.465431628	-1.465431628	-1.466965202	1.466965202	-1.468871695	1.468871695	1.474068365	-1.474068365	-1.486335187	1.486335187	1.488003026	-1.488003026	-1.4927557	1.4927557	-1.49955529	1.49955529	1.507282367	-1.507282367	1.578706014	-1.578706014	1.594793517	-1.594793517	-1.6105269	1.6105269	-1.613904304	1.613904304	-1.626685492	1.626685492	1.63974637	-1.63974637	-1.64420332	1.64420332	1.670044882	-1.670044882	1.679982709	-1.679982709	1.68938304	-1.68938304	1.698997262	-1.698997262	1.722007727	-1.722007727	1.73860498	-1.73860498	-1.743305002	1.743305002	-1.756214358	1.756214358	-1.790682624	1.790682624	1.817954982	-1.817954982	-1.832977716	1.832977716	1.84642977	-1.84642977	-1.851456472	1.851456472	-1.852263638	1.852263638	1.853274747	-1.853274747	1.884919392	-1.884919392	-1.901900909	1.901900909	1.906231436	-1.906231436	1.910128629	-1.910128629	1.952081281	-1.952081281	-1.970089641	1.970089641	1.970244055	-1.970244055	1.970760514	-1.970760514	1.981159709	-1.981159709	1.981623136	-1.981623136	2.034040888	-2.034040888	
0.68	0.01595782705	-0.01595782705	0.01974294845	-0.01974294845	-0.0284363967	0.0284363967	0.02972352751	-0.02972352751	-0.1258176248	0.1258176248	0.1383779033	-0.1383779033	0.1643171311	-0.1643171311	0.164673515	-0.164673515	-0.3517643879	0.3517643879	-0.3537701728	0.3537701728	0.3594591218	-0.3594591218	-0.3920145438	0.3920145438	0.4421401999	-0.4421401999	-0.4530903399	0.4530903399	-0.5080518206	0.5080518206	-0.5481634494	0.5481634494	-0.5663415037	0.5663415037	0.5975830031	-0.5975830031	0.7806461575	-0.7806461575	-0.7875492463	0.7875492463	-0.7914584477	0.7914584477	-0.8405781504	0.8405781504	-0.8421512191	0.8421512191	0.8677702842	-0.8677702842	-0.8930202624	0.8930202624	-0.9244394602	0.9244394602	-0.9267836715	0.9267836715	-0.953458823	0.953458823	0.9694488066	-0.9694488066	-0.9817668586	0.9817668586	-0.9888819177	0.9888819177	1.020711053	-1.020711053	-1.043867169	1.043867169	1.050467827	-1.050467827	-1.07998736	1.07998736	-1.085579932	1.085579932	1.123374733	-1.123374733	1.142025344	-1.142025344	-1.170921252	1.170921252	-1.182504557	1.182504557	-1.197523507	1.197523507	1.206131246	-1.206131246	1.212147684	-1.212147684	1.234292677	-1.234292677	1.240887018	-1.240887018	-1.258852483	1.258852483	1.262942413	-1.262942413	1.271509228	-1.271509228	1.289452669	-1.289452669	-1.304441125	1.304441125	-1.313971992	1.313971992	1.314770763	-1.314770763	-1.325620439	1.325620439	1.329616307	-1.329616307	1.35344354	-1.35344354	-1.363805576	1.363805576	-1.371632047	1.371632047	1.393674676	-1.393674676	1.404291275	-1.404291275	-1.41002077	1.41002077	1.423628712	-1.423628712	1.431636361	-1.431636361	-1.443227719	1.443227719	1.466208024	-1.466208024	1.467854954	-1.467854954	1.470661613	-1.470661613	-1.474179399	1.474179399	-1.486338027	1.486338027	-1.488286457	1.488286457	1.49276116	-1.49276116	1.501490033	-1.501490033	1.50767926	-1.50767926	1.579456495	-1.579456495	1.595773639	-1.595773639	-1.610523261	1.610523261	1.613930466	-1.613930466	-1.626780176	1.626780176	-1.640878075	1.640878075	-1.644971822	1.644971822	-1.671147714	1.671147714	-1.679869993	1.679869993	-1.689841888	1.689841888	1.699106492	-1.699106492	-1.721712237	1.721712237	-1.73867004	1.73867004	-1.742778157	1.742778157	-1.755979408	1.755979408	-1.790698934	1.790698934	-1.818182964	1.818182964	1.832851546	-1.832851546	1.846584846	-1.846584846	-1.851663929	1.851663929	1.852083771	-1.852083771	1.85379959	-1.85379959	1.884876249	-1.884876249	1.901989205	-1.901989205	-1.906129022	1.906129022	-1.910228757	1.910228757	1.95191004	-1.95191004	1.970037969	-1.970037969	1.970150877	-1.970150877	-1.970693873	1.970693873	-1.981126134	1.981126134	-1.981884858	1.981884858	2.034512583	-2.034512583	
0.69	0.008275293571	-0.008275293571	0.01257126352	-0.01257126352	-0.02133242685	0.02133242685	0.02333653018	-0.02333653018	-0.1293951168	0.1293951168	-0.1317009864	0.1317009864	0.1560306689	-0.1560306689	-0.1562358234	0.1562358234	-0.3433491144	0.3433491144	-0.355887706	0.3558877061	-0.3571304934	0.3571304934	-0.3833826946	0.3833826946	0.4341466433	-0.4341466433	-0.4460310911	0.4460310911	0.4995830764	-0.4995830764	-0.53931215	0.53931215	-0.5632813432	0.5632813432	-0.5887286966	0.5887286966	-0.7807172128	0.7807172128	0.7875463752	-0.7875463752	-0.7944436919	0.7944436919	-0.8423468785	0.8423468785	-0.8439444022	0.8439444022	0.8677470993	-0.8677470993	-0.8950292683	0.8950292683	-0.924985348	0.924985348	0.9295629408	-0.9295629408	0.9555678062	-0.9555678062	-0.9693788612	0.9693788612	0.9832498568	-0.9832498568	-0.9888738114	0.9888738114	-1.021114792	1.021114792	-1.04433569	1.04433569	-1.047417524	1.047417524	1.082635278	-1.082635278	-1.087923034	1.087923034	-1.123375215	1.123375215	1.142135019	-1.142135019	1.172475702	-1.172475702	-1.182902904	1.182902904	1.197628379	-1.197628379	-1.208109308	1.208109308	-1.214308857	1.214308857	-1.234952519	1.234952519	1.241622186	-1.241622186	1.257869629	-1.257869629	-1.263002308	1.263002308	-1.271518928	1.271518928	-1.28944884	1.28944884	1.304495868	-1.304495868	1.31360488	-1.31360488	1.315211381	-1.315211381	1.325479127	-1.325479127	-1.329732979	1.329732979	-1.353422813	1.353422813	-1.363500083	1.363500083	-1.371624883	1.371624883	1.393603136	-1.393603136	-1.404358166	1.404358166	-1.41050628	1.41050628	-1.423933649	1.423933649	-1.432978186	1.432978186	-1.44322275	1.44322275	1.46685591	-1.46685591	-1.468830878	1.468830878	-1.472111354	1.472111354	-1.474569134	1.474569134	1.486338241	-1.486338241	1.488569808	-1.488569808	-1.492771959	1.492771959	-1.503362691	1.503362691	-1.50807226	1.50807226	-1.580196227	1.580196227	-1.59673684	1.59673684	1.610519729	-1.610519729	-1.613955894	1.613955894	1.62687455	-1.62687455	-1.641996194	1.641996194	-1.645719905	1.645719905	-1.672233381	1.672233381	1.679760584	-1.679760584	-1.690278685	1.690278685	1.69921877	-1.69921877	1.721417344	-1.721417344	1.738720162	-1.738720162	-1.742260789	1.742260789	-1.755762729	1.755762729	-1.790714574	1.790714574	-1.818400839	1.818400839	-1.832705884	1.832705884	-1.846744947	1.846744947	1.85180758	-1.85180758	1.851900531	-1.851900531	1.854391111	-1.854391111	-1.884838164	1.884838164	-1.90207739	1.90207739	-1.906031889	1.906031889	1.910351367	-1.910351367	1.951742399	-1.951742399	1.969970753	-1.969970753	-1.970059186	1.970059186	1.97064281	-1.97064281	1.981092963	-1.981092963	-1.98213591	1.98213591	-2.034919201	2.034919201	
0.7	0.004027690953	-0.004027690953	-0.009622329031	0.009622329031	0.01422360225	-0.01422360225	0.01823767943	-0.01823767943	0.1255404348	-0.1255404348	-0.1329739507	0.1329739507	0.1473860136	-0.1473860136	-0.1481515631	0.1481515631	0.3349222537	-0.3349222537	-0.3523152271	0.3523152271	-0.3604883718	0.3604883718	0.3747359092	-0.3747359092	0.4261443714	-0.4261443714	0.438966483	-0.438966483	-0.4910937485	0.4910937485	-0.5304517512	0.5304517512	-0.5602132229	0.5602132229	-0.5798808379	0.5798808379	0.7807851631	-0.7807851631	0.7875436637	-0.7875436637	-0.7973552548	0.7973552548	-0.8425342705	0.8425342705	-0.8473081033	0.8473081033	-0.8677243814	0.8677243814	-0.8969701621	0.8969701621	0.9255154356	-0.9255154356	0.9322759571	-0.9322759571	-0.9576022271	0.9576022271	0.9693056818	-0.9693056818	0.9846562717	-0.9846562717	-0.9888663058	0.9888663058	1.021513935	-1.021513935	-1.04425064	1.04425064	1.044907229	-1.044907229	1.085231429	-1.085231429	1.090186785	-1.090186785	1.123375493	-1.123375493	-1.142244029	1.142244029	1.173973006	-1.173973006	1.183265846	-1.183265846	1.197701275	-1.197701275	-1.210099362	1.210099362	-1.216371687	1.216371687	1.235365549	-1.235365549	1.242587146	-1.242587146	-1.256876146	1.256876146	1.263060233	-1.263060233	-1.2715283	1.2715283	1.289444785	-1.289444785	-1.304548483	1.304548483	-1.313236361	1.313236361	1.31562231	-1.31562231	1.325347349	-1.325347349	1.32984832	-1.32984832	-1.353402887	1.353402887	1.3631998	-1.3631998	1.371585512	-1.371585512	1.393528635	-1.393528635	1.404430661	-1.404430661	-1.41097788	1.41097788	-1.42423617	1.42423617	1.434285138	-1.434285138	1.443212796	-1.443212796	-1.46743182	1.46743182	1.469834781	-1.469834781	1.472884368	-1.472884368	-1.475573627	1.475573627	-1.486335699	1.486335699	1.488852995	-1.488852995	1.492788473	-1.492788473	1.505172278	-1.505172278	1.508460776	-1.508460776	-1.580924068	1.580924068	-1.597681907	1.597681907	-1.610516342	1.610516342	1.613980568	-1.613980568	1.62696847	-1.62696847	1.643099803	-1.643099803	1.646446813	-1.646446813	-1.673300528	1.673300528	1.679654504	-1.679654504	1.69069322	-1.69069322	-1.699333732	1.699333732	1.72112341	-1.72112341	1.738755862	-1.738755862	1.741753442	-1.741753442	1.755564502	-1.755564502	1.790729516	-1.790729516	-1.818604762	1.818604762	-1.832546953	1.832546953	1.846905318	-1.846905318	1.851512882	-1.851512882	1.852167504	-1.852167504	-1.854970894	1.854970894	1.88480557	-1.88480557	1.902165277	-1.902165277	1.905939677	-1.905939677	-1.910496665	1.910496665	-1.95157852	1.95157852	-1.969889434	1.969889434	-1.969969101	1.969969101	1.97060695	-1.97060695	-1.981060545	1.981060545	1.982376072	-1.982376072	2.035256958	-2.035256958	
0.71	0.004579613587	-0.004579613587	-0.007112906465	0.007112906465	0.01462216924	-0.01462216924	0.01693714061	-0.01693714061	0.1200485098	-0.1200485098	0.1365540034	-0.1365540034	0.1387422819	-0.1387422819	0.1400658738	-0.1400658738	0.3264846273	-0.3264846273	0.3487417419	-0.3487417419	0.3638437023	-0.3638437023	-0.3660749585	0.3660749585	0.4181338764	-0.4181338764	0.4318967362	-0.4318967362	0.4825862318	-0.4825862318	0.521584057	-0.521584057	0.5571372911	-0.5571372911	0.5710423357	-0.5710423357	0.7808501329	-0.7808501329	0.7875411133	-0.7875411133	-0.8001923847	0.8001923847	0.8427136112	-0.8427136112	0.8506691826	-0.8506691826	0.8677021975	-0.8677021975	0.8988430945	-0.8988430945	-0.9260295542	0.9260295542	0.9349225068	-0.9349225068	0.9595601245	-0.9595601245	0.9692317502	-0.9692317502	0.9859863508	-0.9859863508	0.9888594219	-0.9888594219	1.021907877	-1.021907877	-1.041248887	1.041248887	-1.045299802	1.045299802	-1.087775845	1.087775845	1.092369853	-1.092369853	1.12337561	-1.12337561	1.142352211	-1.142352211	1.175400345	-1.175400345	-1.183622001	1.183622001	1.197751502	-1.197751502	-1.212086689	1.212086689	-1.218324265	1.218324265	-1.235588919	1.235588919	-1.243718415	1.243718415	1.25588225	-1.25588225	1.263116342	-1.263116342	1.271537292	-1.271537292	-1.289440329	1.289440329	-1.304599156	1.304599156	-1.31286808	1.31286808	1.316001376	-1.316001376	-1.325225275	1.325225275	1.329961808	-1.329961808	1.353383754	-1.353383754	-1.362905081	1.362905081	1.371513062	-1.371513062	-1.393451152	1.393451152	-1.404509807	1.404509807	-1.411434994	1.411434994	-1.424537923	1.424537923	-1.435555664	1.435555664	1.443198265	-1.443198265	1.467968548	-1.467968548	1.470832247	-1.470832247	1.473137473	-1.473137473	1.477035692	-1.477035692	1.486330242	-1.486330242	1.48913598	-1.48913598	-1.492811004	1.492811004	1.506918004	-1.506918004	1.50884421	-1.508844211	1.581638861	-1.581638861	1.598607619	-1.598607619	-1.610513145	1.610513145	-1.614004471	1.614004471	1.627061787	-1.627061787	1.644188054	-1.644188054	1.647151791	-1.647151791	1.674347817	-1.674347817	-1.67955177	1.67955177	-1.691085388	1.691085388	1.699450958	-1.699450958	1.72083081	-1.72083081	-1.738777821	1.738777821	1.741256649	-1.741256649	1.755384736	-1.755384736	1.790743729	-1.790743729	-1.818790266	1.818790266	1.832381646	-1.832381646	1.847061881	-1.847061881	-1.851216123	1.851216123	1.852465296	-1.852465296	1.855522131	-1.855522131	1.884778903	-1.884778903	-1.902252682	1.902252682	-1.905852023	1.905852023	-1.910664642	1.910664642	-1.951418567	1.951418567	-1.969797289	1.969797289	-1.969880741	1.969880741	1.970584033	-1.970584033	1.981029205	-1.981029205	-1.982605137	1.982605137	2.035524015	-2.035524015	
0.72	-1.552085828e-05	1.552085836e-05	0.002702525915	-0.002702525915	-0.02181197463	0.02181197463	-0.02251559031	0.02251559031	-0.1154140503	0.1154140503	0.1301030897	-0.1301030897	-0.1319806783	0.1319806783	-0.1401351756	0.1401351756	0.3180370676	-0.3180370676	-0.3451673061	0.3451673061	-0.3574006068	0.3574006068	-0.3671963903	0.3671963903	-0.4101156612	0.4101156612	-0.4248220797	0.4248220797	-0.4740630974	0.4740630974	-0.5127109872	0.5127109872	-0.5540536923	0.5540536923	-0.5622163649	0.5622163649	-0.780912239	0.780912239	-0.7875387253	0.7875387253	-0.8029543438	0.8029543438	-0.8428851088	0.8428851088	-0.8540275705	0.8540275705	-0.8676805997	0.8676805997	0.9006482359	-0.9006482359	-0.9265275199	0.9265275199	-0.9375024478	0.9375024478	-0.9614380669	0.9614380669	-0.9691608414	0.9691608414	-0.9872405511	0.9872405511	-0.9888531827	0.9888531827	1.022296006	-1.022296006	-1.038172617	1.038172617	-1.04575269	1.04575269	-1.09026859	1.09026859	-1.094471014	1.094471014	-1.123375605	1.123375605	-1.142459395	1.142459395	1.176737993	-1.176737993	-1.184003431	1.184003431	-1.197784764	1.197784764	-1.214060051	1.214060051	-1.220158377	1.220158377	-1.235684383	1.235684383	-1.24493991	1.24493991	-1.254905952	1.254905952	-1.26317079	1.26317079	1.271545852	-1.271545852	1.289435278	-1.289435278	1.304648026	-1.304648026	-1.312501619	1.312501619	-1.31634674	1.31634674	-1.325112958	1.325112958	-1.330073006	1.330073006	1.353365408	-1.353365408	-1.362616276	1.362616276	-1.371406744	1.371406744	1.393370685	-1.393370685	-1.404596406	1.404596406	-1.411877193	1.411877193	1.424839765	-1.424839765	-1.436788822	1.436788822	1.443179483	-1.443179483	-1.468481287	1.468481287	1.471806503	-1.471806503	-1.473210991	1.473210991	1.478614699	-1.478614699	-1.486321696	1.486321696	1.489418787	-1.489418787	-1.492839811	1.492839811	1.508599219	-1.508599219	1.509221967	-1.509221967	-1.582339445	1.582339445	-1.599512746	1.599512746	-1.610510194	1.610510194	1.614027582	-1.614027582	-1.627154349	1.627154349	-1.64526017	1.64526017	1.647834086	-1.647834086	1.67537392	-1.67537392	1.679452394	-1.679452394	-1.691455187	1.691455187	-1.69956998	1.69956998	-1.72053993	1.72053993	-1.738786885	1.738786885	-1.740770931	1.740770931	1.755223269	-1.755223269	1.790757181	-1.790757181	-1.818952252	1.818952252	-1.832217426	1.832217426	-1.847211456	1.847211456	-1.850922595	1.850922595	-1.852793466	1.852793466	1.856039414	-1.856039414	-1.884758607	1.884758607	1.902339421	-1.902339421	1.905768567	-1.905768567	-1.910855059	1.910855059	-1.95126271	1.95126271	1.969698143	-1.969698143	1.969794226	-1.969794226	1.970571209	-1.970571209	1.980999249	-1.980999249	-1.982822916	1.982822916	-2.03572072	2.03572072	
0.73	0.0001262493508	-0.000126249351	-0.007136091457	0.007136091457	-0.02929384049	0.0292938405	-0.03102190091	0.03102190091	-0.1118539481	0.1118539481	-0.1214735883	0.1214735883	-0.1238986951	0.1238986951	-0.1437173761	0.1437173761	-0.3095804445	0.3095804445	-0.3415919745	0.3415919745	-0.3487136158	0.3487136158	-0.3705463254	0.3705463254	-0.4020902428	0.4020902428	-0.4177427614	0.4177427614	-0.465527136	0.465527136	-0.5038346091	0.5038346091	-0.5509625675	0.5509625675	-0.5534064165	0.5534064165	-0.7809715912	0.7809715912	-0.7875365006	0.7875365006	-0.8056404084	0.8056404084	-0.8430489636	0.8430489636	-0.8573831989	0.8573831989	-0.8676596292	0.8676596292	-0.9023857728	0.9023857728	-0.927009166	0.927009166	0.9400156704	-0.9400156704	0.9632289882	-0.9632289882	-0.9691002715	0.9691002715	-0.9884194522	0.9884194522	-0.988847613	0.988847613	-1.022677713	1.022677713	-1.035085381	1.035085381	-1.046201904	1.046201904	-1.092709757	1.092709757	-1.09648914	1.09648914	-1.123375519	1.123375519	1.142565403	-1.142565403	-1.177957339	1.177957339	-1.184448413	1.184448413	-1.197804742	1.197804742	-1.21601089	1.21601089	-1.221867847	1.221867847	1.235698826	-1.235698826	1.24617204	-1.24617204	1.253983515	-1.253983515	-1.263223727	1.263223727	1.271553921	-1.271553921	-1.289429409	1.289429409	-1.304695195	1.304695195	-1.312138506	1.312138506	1.316656925	-1.316656925	1.325010297	-1.325010297	1.33018155	-1.33018155	-1.353347842	1.353347842	-1.362333725	1.362333725	1.371265857	-1.371265857	-1.393287246	1.393287246	-1.404691041	1.404691041	-1.412304153	1.412304153	-1.425142059	1.425142059	-1.437984001	1.437984001	-1.443156726	1.443156726	1.468976895	-1.468976895	1.472749158	-1.472749158	-1.473224358	1.473224358	1.480190901	-1.480190901	-1.486309884	1.486309884	-1.48970154	1.48970154	-1.492875116	1.492875116	-1.509593447	1.509593447	1.510215375	-1.510215375	-1.583024648	1.583024648	1.600396049	-1.600396049	-1.610507559	1.610507559	-1.614049885	1.614049885	1.627245996	-1.627245996	-1.646315451	1.646315451	-1.648492952	1.648492952	-1.676377523	1.676377523	1.679356387	-1.679356387	1.691802721	-1.691802721	-1.69969028	1.69969028	-1.720251164	1.720251164	1.738784051	-1.738784051	-1.740296797	1.740296797	-1.755079771	1.755079771	-1.790769843	1.790769843	-1.819085046	1.819085046	-1.832062203	1.832062203	-1.84735184	1.84735184	-1.85063461	1.85063461	-1.853150674	1.853150674	1.856520575	-1.856520575	1.884745127	-1.884745127	-1.902425312	1.902425312	-1.905688954	1.905688954	-1.91106744	1.91106744	-1.951111125	1.951111125	-1.969595457	1.969595457	-1.969709673	1.969709673	-1.970565938	1.970565938	-1.980970961	1.980970961	-1.983029235	1.983029235	-2.035849562	2.035849562	
0.74	0.00217830894	-0.00217830894	0.01426186107	-0.01426186107	0.03746384828	-0.03746384828	0.03972339878	-0.03972339878	0.109583708	-0.109583708	0.1128618744	-0.1128618744	-0.1158257532	0.1158257532	-0.1473005269	0.1473005269	0.3011156773	-0.3011156773	-0.3380157973	0.3380157973	0.3400147516	-0.3400147516	0.3738933554	-0.3738933554	0.3940581554	-0.3940581554	-0.4106590732	0.4106590732	0.456981413	-0.456981413	0.4949571753	-0.4949571753	0.5446163565	-0.5446163565	-0.5478640539	0.5478640539	0.7810282927	-0.7810282927	0.7875344398	-0.7875344398	-0.8082498686	0.8082498686	0.843205368	-0.843205368	-0.860736001	0.860736001	-0.8676393181	0.8676393181	0.9040559042	-0.9040559042	0.9274743469	-0.9274743469	0.9424620876	-0.9424620876	0.9649151326	-0.9649151326	-0.9690679965	0.9690679965	0.9888427406	-0.9888427407	0.989523708	-0.989523708	1.023052387	-1.023052387	-1.031989888	1.031989888	-1.046644228	1.046644228	1.095099464	-1.095099464	1.098423196	-1.098423196	-1.123375393	1.123375393	1.142670052	-1.142670052	1.179022314	-1.179022314	1.185000648	-1.185000648	1.197813905	-1.197813905	1.217932687	-1.217932687	1.223447535	-1.223447535	1.235663125	-1.235663125	1.247303827	-1.247303827	1.253198666	-1.253198666	1.2632753	-1.263275301	1.271561438	-1.271561438	1.289422482	-1.289422482	-1.304740727	1.304740727	-1.31178022	1.31178022	1.316930841	-1.316930841	1.324917003	-1.324917003	-1.330287135	1.330287135	-1.353331049	1.353331049	-1.362057761	1.362057761	1.371089793	-1.371089793	1.393200865	-1.393200865	-1.404794102	1.404794102	-1.412715637	1.412715637	1.425444831	-1.425444831	-1.43914077	1.43914077	1.443130235	-1.443130235	1.46945845	-1.46945845	-1.473213289	1.473213289	1.473655649	-1.473655649	1.481728182	-1.481728182	-1.486294634	1.486294634	-1.489984514	1.489984514	1.492917096	-1.492917096	-1.509958053	1.509958053	-1.511766009	1.511766009	1.583693298	-1.583693298	1.601256276	-1.601256276	1.610505333	-1.610505333	-1.614071363	1.614071363	-1.627336568	1.627336568	-1.647353269	1.647353269	-1.649127653	1.649127653	1.677357323	-1.677357323	1.679263755	-1.679263755	-1.692128189	1.692128189	-1.699811299	1.699811299	-1.719964917	1.719964917	1.738770454	-1.738770454	-1.73983474	1.73983474	1.754953757	-1.754953757	1.790781682	-1.790781682	-1.819182523	1.819182523	-1.831924161	1.831924161	1.847481766	-1.847481766	-1.850353422	1.850353422	-1.853534782	1.853534782	1.856964755	-1.856964755	1.884738905	-1.884738905	1.902510176	-1.902510176	-1.905612839	1.905612839	-1.911301066	1.911301066	1.950963998	-1.950963998	-1.969492032	1.969492032	-1.9696272	1.9696272	-1.970566289	1.970566289	1.980944604	-1.980944604	1.983223932	-1.983223932	-2.035914865	2.035914865	
0.75	0.00293904711	-0.002939047111	0.02139025629	-0.02139025629	0.04585188602	-0.04585188602	0.04850602946	-0.04850602946	0.1042827026	-0.1042827026	0.1076819325	-0.1076819325	0.1088580255	-0.1088580255	-0.1508845547	0.1508845547	0.2926437489	-0.2926437489	-0.331304756	0.331304756	-0.3344388536	0.3344388536	-0.3772372011	0.3772372011	0.386019954	-0.386019954	-0.4035714371	0.4035714371	0.4484293367	-0.4484293367	0.4860811679	-0.4860811679	0.535850495	-0.535850495	-0.5447582852	0.5447582852	0.7810824402	-0.7810824402	-0.7875325437	0.7875325437	0.8107820281	-0.8107820281	0.8433545064	-0.8433545064	0.864085911	-0.864085911	0.8676196921	-0.8676196921	0.9056588386	-0.9056588386	-0.9279229377	0.9279229377	0.9448416304	-0.9448416304	0.9664390489	-0.9664390489	0.9691216437	-0.9691216437	-0.9888385961	0.9888385961	-0.9905540193	0.9905540193	-1.02341942	1.02341942	-1.028886847	1.028886847	1.047078393	-1.047078393	1.097437844	-1.097437844	1.100272231	-1.100272231	1.123375272	-1.123375272	-1.142773156	1.142773156	-1.179899799	1.179899799	-1.185699348	1.185699348	1.197813963	-1.197813963	-1.219820457	1.219820457	1.224892638	-1.224892638	1.235596559	-1.235596559	-1.248119458	1.248119458	1.2527519	-1.2527519	-1.263325659	1.263325659	-1.271568338	1.271568338	1.289414236	-1.289414236	-1.304784658	1.304784658	-1.311428196	1.311428196	1.317167813	-1.317167813	1.32483256	-1.32483256	-1.330389511	1.330389511	1.353315021	-1.353315021	1.361788707	-1.361788707	1.370878045	-1.370878045	-1.393111589	1.393111589	1.404905803	-1.404905803	-1.413111475	1.413111475	1.425747869	-1.425747869	1.440258803	-1.440258803	1.443100227	-1.443100227	-1.469927225	1.469927225	1.473190898	-1.473190898	-1.474523275	1.474523275	1.483212827	-1.483212827	-1.486275787	1.486275787	1.490268241	-1.490268241	1.492965888	-1.492965888	1.51031519	-1.51031519	-1.513250731	1.513250731	1.58434422	-1.58434422	1.602092156	-1.602092156	1.610503634	-1.610503634	1.614092002	-1.614092002	1.627425897	-1.627425897	1.648373071	-1.648373071	-1.649737463	1.649737463	1.678312027	-1.678312027	1.679174503	-1.679174503	1.692431881	-1.692431881	1.699932445	-1.699932445	1.719681604	-1.719681604	-1.738747349	1.738747349	-1.739385243	1.739385243	-1.754844599	1.754844599	-1.790792669	1.790792669	1.819238352	-1.819238352	-1.831811489	1.831811489	1.847600763	-1.847600763	-1.850079837	1.850079837	-1.853943016	1.853943016	-1.857371803	1.857371803	-1.884740383	1.884740383	-1.902593838	1.902593838	-1.905539885	1.905539885	1.91155498	-1.91155498	-1.950821527	1.950821527	1.969390048	-1.969390048	-1.969546922	1.969546922	1.970570888	-1.970570888	1.980920421	-1.980920421	1.983406862	-1.983406862	-2.035922281	2.035922281	
0.76	0.002237633592	-0.002237633592	0.02851951524	-0.02851951524	0.05428340282	-0.05428340282	-0.05732478901	0.05732478901	0.09576979776	-0.09576979776	-0.09968395719	0.09968395719	0.1095356003	-0.1095356003	-0.1544693901	0.1544693901	0.2841657228	-0.2841657228	-0.3225844407	0.3225844407	-0.3308611616	0.3308611616	0.3779762191	-0.3779762191	-0.3805770363	0.3805770363	0.3964808255	-0.3964808255	-0.4398747443	0.4398747443	0.4772093547	-0.4772093547	0.5271136695	-0.5271136695	-0.5416453913	0.5416453913	0.7811341247	-0.7811341247	0.7875308125	-0.7875308125	-0.8132362043	0.8132362043	0.8434965551	-0.8434965551	-0.8674328639	0.8674328639	-0.8676007714	0.8676007714	0.9071947916	-0.9071947916	-0.928354833	0.928354833	-0.947154244	0.947154244	0.9675857063	-0.9675857063	0.9694764095	-0.9694764095	0.9888352134	-0.9888352134	0.9915111154	-0.9915111154	-1.023778211	1.023778211	-1.025776589	1.025776589	1.047503463	-1.047503463	-1.099725047	1.099725047	1.102035382	-1.102035382	1.123375207	-1.123375207	1.14287452	-1.14287452	1.180578261	-1.180578261	1.186560964	-1.186560964	1.197806126	-1.197806126	-1.22167038	1.22167038	1.226198127	-1.226198127	1.235510554	-1.235510554	1.24830717	-1.24830717	1.252948139	-1.252948139	1.263374949	-1.263374949	1.271574551	-1.271574551	-1.289404397	1.289404397	1.30482699	-1.30482699	-1.311083829	1.311083829	1.317367582	-1.317367582	1.324756207	-1.324756207	1.330488471	-1.330488471	1.35329975	-1.35329975	-1.361526878	1.361526878	1.370630203	-1.370630203	-1.393019483	1.393019483	1.405026191	-1.405026191	-1.413491552	1.413491552	1.42605078	-1.42605078	1.441337828	-1.441337828	-1.443066904	1.443066904	1.47038357	-1.47038357	1.47316297	-1.47316297	-1.475350312	1.475350312	-1.48463804	1.48463804	-1.486253197	1.486253197	-1.490553698	1.490553698	-1.493021576	1.493021576	1.510664269	-1.510664269	-1.514669214	1.514669214	1.584976241	-1.584976241	1.602902396	-1.602902396	1.610502618	-1.610502618	1.614111787	-1.614111787	1.627513814	-1.627513814	1.649374376	-1.649374376	1.650321669	-1.650321669	1.679088634	-1.679088634	-1.679240354	1.679240354	1.692714174	-1.692714174	-1.700053099	1.700053099	-1.719401646	1.719401646	-1.73871608	1.73871608	-1.73894877	1.73894877	1.754751547	-1.754751547	-1.79080277	1.79080277	-1.81924635	1.81924635	-1.831732027	1.831732027	-1.847708966	1.847708966	1.849814441	-1.849814441	1.854372173	-1.854372173	1.857742034	-1.857742034	-1.884749994	1.884749994	-1.902676126	1.902676126	-1.905469769	1.905469769	1.911827995	-1.911827995	-1.950683922	1.950683922	-1.9692912	1.9692912	-1.969468954	1.969468954	1.970578783	-1.970578783	-1.980898636	1.980898636	1.983577892	-1.983577892	2.035878229	-2.035878229	
0.77	9.304732401e-05	-9.304732414e-05	-0.03564662098	0.03564662098	-0.06258990564	0.06258990564	-0.06615343118	0.06615343118	-0.08743644607	0.08743644607	-0.09166063665	0.09166063666	-0.111741016	0.111741016	-0.1580549662	0.1580549662	0.2756827662	-0.2756827662	-0.3138545759	0.3138545759	-0.3272827963	0.3272827963	0.3699275622	-0.3699275622	-0.3839062768	0.3839062768	-0.3893939727	0.3893939727	0.4313220127	-0.4313220127	-0.4683448576	0.4683448576	-0.5184113442	0.5184113442	-0.5385254992	0.5385254992	-0.7811834315	0.7811834315	-0.7875292464	0.7875292464	-0.8156117274	0.8156117274	0.8436316828	-0.8436316828	0.8675825719	-0.8675825719	-0.8707767955	0.8707767955	-0.9086639836	0.9086639836	-0.9287699454	0.9287699454	0.9493998844	-0.9493998844	0.9680546115	-0.9680546115	-0.9704329524	0.9704329524	0.9888326306	-0.9888326306	-0.9923957424	0.9923957424	-1.022659333	1.022659333	1.02412816	-1.02412816	1.047918574	-1.047918574	1.101961226	-1.101961226	-1.103711867	1.103711867	-1.12337526	1.12337526	-1.142973951	1.142973951	-1.181077368	1.181077368	-1.187569841	1.187569841	1.197791265	-1.197791265	1.223479513	-1.223479513	-1.227358383	1.227358383	1.235410589	-1.235410589	-1.247873875	1.247873875	-1.253780428	1.253780428	-1.263423319	1.263423319	1.271580005	-1.271580005	1.289392676	-1.289392676	-1.304867697	1.304867697	-1.310748477	1.310748477	-1.317530307	1.317530307	-1.324686937	1.324686937	-1.330583846	1.330583846	1.353285229	-1.353285229	1.361272579	-1.361272579	1.370345958	-1.370345958	1.392924625	-1.392924625	1.405155164	-1.405155164	-1.4138558	1.4138558	-1.426353029	1.426353029	1.442377607	-1.442377607	1.443030459	-1.443030459	-1.470827337	1.470827337	-1.47313242	1.47313242	1.476135598	-1.476135598	-1.485999077	1.485999077	1.486226739	-1.486226739	1.490842707	-1.490842707	1.493084186	-1.493084186	-1.511004707	1.511004707	-1.516021182	1.516021182	1.585588197	-1.585588197	1.603685663	-1.603685663	-1.610502497	1.610502497	-1.614130706	1.614130706	-1.627600147	1.627600147	-1.650356772	1.650356772	1.650879577	-1.650879577	-1.679006146	1.679006146	1.680141034	-1.680141034	1.692975517	-1.692975517	-1.700172624	1.700172624	-1.719125474	1.719125474	1.738525775	-1.738525775	-1.738678064	1.738678064	-1.754673748	1.754673748	-1.790811957	1.790811957	-1.819200927	1.819200927	-1.831692821	1.831692822	-1.847806926	1.847806926	-1.849557694	1.849557694	1.854818809	-1.854818809	-1.858076119	1.858076119	1.884768159	-1.884768159	-1.902756872	1.902756872	-1.905402175	1.905402175	1.912118714	-1.912118714	1.950551406	-1.950551406	1.969196823	-1.969196823	-1.969393407	1.969393407	-1.970589314	1.970589314	1.980879451	-1.980879451	1.983736907	-1.983736907	2.035789385	-2.035789385	
0.78	0.00334727596	-0.00334727596	0.04276460477	-0.04276460477	0.06990112155	-0.06990112155	0.07493894056	-0.07493894056	0.08012968994	-0.08012968994	-0.08371482285	0.08371482285	0.1152585888	-0.1152585888	-0.1616412167	0.1616412167	0.2671961795	-0.2671961795	0.305115973	-0.305115973	-0.3237038121	0.3237038121	0.3618746325	-0.3618746325	0.3822628845	-0.3822628845	-0.3872730722	0.3872730722	0.4227762017	-0.4227762017	-0.4594912395	0.4594912395	-0.5097497307	0.5097497307	-0.5353987323	0.5353987323	0.7812304406	-0.7812304406	0.7875278457	-0.7875278457	0.8179079404	-0.8179079404	0.8437600499	-0.8437600499	0.8675651064	-0.8675651064	0.8741176417	-0.8741176417	0.9100666377	-0.9100666377	0.9291682044	-0.9291682044	0.9515785154	-0.9515785154	-0.9681339469	0.9681339469	-0.9717032597	0.9717032597	0.9888308901	-0.9888308901	0.9932086546	-0.9932086546	1.019535248	-1.019535248	-1.024468679	1.024468679	-1.048322876	1.048322876	1.104146534	-1.104146534	1.10530099	-1.10530099	-1.123375506	1.123375506	-1.14307125	1.14307125	-1.181436092	1.181436092	1.188690319	-1.188690319	-1.197770006	1.197770006	-1.225245586	1.225245586	-1.228367169	1.228367169	1.235296358	-1.235296358	-1.247135418	1.247135418	-1.25493944	1.25493944	1.263470914	-1.263470914	-1.271584623	1.271584623	-1.289378781	1.289378781	1.304906722	-1.304906722	-1.310423454	1.310423454	1.31765653	-1.31765653	1.324623516	-1.324623516	-1.3306755	1.3306755	1.353271449	-1.353271449	-1.361026105	1.361026105	-1.370025099	1.370025099	1.392827111	-1.392827111	-1.405292477	1.405292477	1.414204192	-1.414204192	1.426653972	-1.426653972	1.442991081	-1.442991081	1.443377917	-1.443377917	-1.471258097	1.471258097	1.473100866	-1.473100866	-1.476878314	1.476878314	-1.486196315	1.486196315	1.487290769	-1.487290769	-1.491138834	1.491138834	-1.493153682	1.493153682	1.511335931	-1.511335931	-1.517306412	1.517306412	1.586178927	-1.586178927	-1.604440566	1.604440566	1.61050356	-1.61050356	-1.614148747	1.614148747	1.627684722	-1.627684722	1.651319916	-1.651319916	-1.651410511	1.651410511	1.678927038	-1.678927038	1.681012809	-1.681012809	1.693216424	-1.693216424	-1.700290378	1.700290378	1.718853524	-1.718853524	1.738116694	-1.738116694	1.738634755	-1.738634755	1.754610273	-1.754610273	-1.790820199	1.790820199	1.819097557	-1.819097557	1.831699664	-1.831699664	-1.847895445	1.847895445	1.849309988	-1.849309988	1.855279409	-1.855279409	-1.858375019	1.858375019	-1.884795287	1.884795287	-1.902835912	1.902835912	1.905336797	-1.905336797	-1.912425543	1.912425543	1.950424219	-1.950424219	-1.969107977	1.969107977	1.969320393	-1.969320393	1.970602019	-1.970602019	-1.98086305	1.98086305	1.9838838	-1.9838838	2.035662284	-2.035662284	
0.79	0.007870442687	-0.007870442687	0.04985096067	-0.04985096067	0.0683423862	-0.0683423862	-0.07559112291	0.07559112291	-0.08171812637	0.08171812637	0.08395978761	-0.08395978761	-0.1198659942	0.1198659942	-0.1652280751	0.1652280751	-0.2587074353	0.2587074353	-0.2963694692	0.2963694692	-0.3201242673	0.3201242673	0.3538181245	-0.3538181245	-0.375170171	0.375170171	-0.390594974	0.390594974	0.4142432413	-0.4142432413	0.4506526144	-0.4506526145	-0.5011359345	0.5011359345	-0.5322652111	0.5322652111	0.7812752269	-0.7812752269	-0.7875266104	0.7875266104	0.8201241981	-0.8201241981	0.8438818095	-0.8438818095	-0.8675483848	0.8675483848	0.8774553388	-0.8774553388	-0.9114029781	0.9114029781	-0.9295495545	0.9295495545	-0.9536901057	0.9536901057	0.968098564	-0.968098564	0.9730126579	-0.9730126579	-0.9888300396	0.9888300396	0.9939506084	-0.9939506084	-1.016404487	1.016404487	1.024799188	-1.024799188	-1.048715516	1.048715516	1.106281106	-1.106281106	1.106802139	-1.106802139	-1.123376051	1.123376051	1.143166218	-1.143166218	-1.181694106	1.181694106	-1.189885483	1.189885483	-1.197742797	1.197742797	-1.226966839	1.226966839	-1.229218185	1.229218185	-1.235160512	1.235160512	1.246305574	-1.246305574	-1.256225129	1.256225129	-1.263517886	1.263517886	1.271588328	-1.271588328	1.289362418	-1.289362418	-1.304943981	1.304943981	1.310110035	-1.310110035	1.317747123	-1.317747123	1.324564529	-1.324564529	-1.330763321	1.330763321	-1.353258402	1.353258402	-1.360787741	1.360787741	-1.369667504	1.369667504	1.392727053	-1.392727053	1.405437754	-1.405437754	1.414536733	-1.414536733	1.426952872	-1.426952872	-1.442948952	1.442948952	1.444338541	-1.444338541	-1.471675262	1.471675262	1.473069275	-1.473069275	1.47757787	-1.47757787	1.486161854	-1.486161854	-1.488504659	1.488504659	1.491449599	-1.491449599	1.493229961	-1.493229961	-1.511657378	1.511657378	1.518524723	-1.518524723	1.586747285	-1.586747285	1.605165616	-1.605165616	1.610506217	-1.610506217	1.6141659	-1.6141659	1.627767361	-1.627767361	1.651913816	-1.651913816	1.652263533	-1.652263533	1.678851307	-1.678851307	1.681854433	-1.681854433	1.693437463	-1.693437463	1.700405724	-1.700405724	1.71858624	-1.71858624	-1.737721949	1.737721949	1.738587621	-1.738587621	-1.754560137	1.754560137	-1.790827466	1.790827466	-1.818933188	1.818933188	-1.831756703	1.831756703	1.847975447	-1.847975447	-1.849071664	1.849071664	1.855750503	-1.855750503	-1.858639937	1.858639937	1.884831761	-1.884831761	1.902913086	-1.902913086	-1.905273339	1.905273339	-1.912746719	1.912746719	-1.950302613	1.950302613	-1.969025512	1.969025512	-1.969250018	1.969250018	-1.970616573	1.970616573	1.980849599	-1.980849599	1.984018483	-1.984018483	-2.035503066	2.035503066	
0.8	0.01324887547	-0.01324887547	0.0567636252	-0.0567636252	0.06065141372	-0.06065141372	-0.06793164397	0.06793164397	0.08947440507	-0.08947440507	-0.09272066622	0.09272066622	0.1253375982	-0.1253375982	-0.1688154733	0.1688154733	0.2502182323	-0.2502182323	-0.2876159373	0.2876159373	-0.3165442228	0.3165442228	0.3457587883	-0.3457587883	-0.3680654407	0.3680654407	-0.3939225408	0.3939225408	-0.4057301827	0.4057301827	-0.4418337907	0.4418337907	-0.4925781337	0.4925781337	-0.5291250531	0.5291250531	0.7813178609	-0.7813178609	-0.7875255404	0.7875255404	-0.8222598665	0.8222598665	-0.8439971066	0.8439971066	-0.8675324147	0.8675324147	-0.8807898233	0.8807898233	0.9126732284	-0.9126732284	0.9299139539	-0.9299139539	-0.9557346258	0.9557346258	0.9680231993	-0.9680231993	-0.9742865994	0.9742865994	0.9888301331	-0.9888301331	0.9946223571	-0.9946223571	-1.013267187	1.013267187	-1.025119119	1.025119119	-1.049095631	1.049095631	1.108214791	-1.108214791	1.108365043	-1.108365043	-1.123377041	1.123377041	1.143258657	-1.143258657	1.181882463	-1.181882463	1.191126597	-1.191126597	-1.197709953	1.197709953	1.228641907	-1.228641907	1.229906249	-1.229906249	-1.234986764	1.234986764	1.245490767	-1.245490767	-1.257552681	1.257552681	-1.263564383	1.263564383	1.271591039	-1.271591039	1.289343299	-1.289343299	-1.304979355	1.304979355	-1.309809447	1.309809447	1.317803209	-1.317803209	1.32450845	-1.32450845	-1.330847223	1.330847223	-1.35324608	1.35324608	-1.360557763	1.360557763	-1.369273138	1.369273138	-1.392624576	1.392624576	-1.405590506	1.405590506	-1.414853464	1.414853464	1.427248922	-1.427248922	1.442904255	-1.442904255	1.445259267	-1.445259267	-1.472078157	1.472078157	1.473038258	-1.473038258	1.478233836	-1.478233836	1.486123319	-1.486123319	-1.489622765	1.489622765	1.491792412	-1.491792412	1.493312845	-1.493312845	1.511968496	-1.511968496	-1.519675973	1.519675973	1.587292139	-1.587292139	1.605859164	-1.605859164	-1.61051106	1.61051106	1.614182156	-1.614182156	-1.627847888	1.627847888	-1.652388861	1.652388861	-1.653187408	1.653187408	1.678778946	-1.678778946	1.682664673	-1.682664673	1.693639246	-1.693639246	1.700518034	-1.700518034	1.718324069	-1.718324069	-1.737341946	1.737341946	-1.738538119	1.738538119	-1.754522321	1.754522321	-1.790833729	1.790833729	1.818706477	-1.818706477	1.831866218	-1.831866218	1.848047887	-1.848047887	-1.848843028	1.848843028	1.856228756	-1.856228756	-1.858872282	1.858872282	1.884877942	-1.884877942	1.902988243	-1.902988243	-1.905211513	1.905211513	-1.913080336	1.913080336	1.950186859	-1.950186859	-1.968950101	1.968950101	1.969182389	-1.969182389	-1.970632742	1.970632742	1.980839246	-1.980839246	-1.984140877	1.984140877	2.035317336	-2.035317336	
0.81	0.01925648684	-0.01925648684	0.05253851661	-0.05253851661	0.05881704635	-0.05881704635	-0.06514680263	0.06514680263	-0.09773074872	0.09773074872	-0.1015085401	0.1015085401	0.131473091	-0.131473091	-0.1724033403	0.1724033403	0.2417305706	-0.2417305706	0.2788562971	-0.2788562971	-0.3129637434	0.3129637434	0.3376974419	-0.3376974419	-0.3609565379	0.3609565379	-0.3972360396	0.3972360396	-0.397257597	0.397257597	-0.4330404565	0.4330404565	-0.4840857984	0.4840857984	-0.5259783731	0.5259783731	-0.7813584082	0.7813584082	0.7875246356	-0.7875246356	-0.8243143222	0.8243143222	0.8441060788	-0.8441060788	-0.8675172023	0.8675172023	-0.8841210313	0.8841210313	-0.91387761	0.91387761	-0.930261373	0.930261373	0.9577120454	-0.9577120454	0.9679297255	-0.9679297255	0.9755034118	-0.9755034118	0.9888312313	-0.9888312313	0.9952246469	-0.9952246469	-1.010123482	1.010123482	1.025427916	-1.025427916	1.049462351	-1.049462351	-1.109538509	1.109538509	1.110398374	-1.110398374	-1.123378699	1.123378699	-1.143348369	1.143348369	-1.1820229	1.1820229	-1.192393875	1.192393875	-1.197671678	1.197671678	-1.230269724	1.230269724	1.23042842	-1.23042842	-1.234749709	1.234749709	-1.244757911	1.244757911	1.258883713	-1.258883713	1.263610559	-1.263610559	1.271592674	-1.271592674	-1.28932115	1.28932115	-1.305012693	1.305012693	-1.309522865	1.309522865	-1.317826072	1.317826072	1.324453726	-1.324453726	-1.330927138	1.330927138	-1.353234472	1.353234472	-1.360336436	1.360336436	1.368842041	-1.368842041	1.392519823	-1.392519823	-1.405750137	1.405750137	-1.415154447	1.415154447	1.427541255	-1.427541255	1.442857172	-1.442857172	-1.446139887	1.446139887	-1.472466063	1.472466063	-1.473008212	1.473008212	-1.478845899	1.478845899	1.486080707	-1.486080707	1.490602642	-1.490602642	1.492209366	-1.492209366	-1.493402082	1.493402082	-1.512268751	1.512268751	1.520760061	-1.520760061	1.587812374	-1.587812374	1.606519297	-1.606519297	1.610518979	-1.610518979	1.614197506	-1.614197506	-1.627926125	1.627926125	1.652835042	-1.652835042	1.654091383	-1.654091383	1.67870995	-1.67870995	1.683442313	-1.683442313	1.693822418	-1.693822418	-1.700626702	1.700626702	1.718067464	-1.718067464	-1.736977077	1.736977077	-1.738487667	1.738487667	1.754495796	-1.754495796	-1.79083896	1.79083896	-1.818417815	1.818417815	1.832028618	-1.832028618	-1.848113699	1.848113699	-1.848624363	1.848624363	-1.856711015	1.856711015	1.859073632	-1.859073632	1.884934154	-1.884934154	-1.903061233	1.903061233	1.905151042	-1.905151042	-1.913424374	1.913424374	-1.950077241	1.950077241	-1.968882273	1.968882273	1.969117606	-1.969117606	-1.970650356	1.970650356	1.980832119	-1.980832119	-1.984250919	1.984250919	2.035110117	-2.035110117	
0.82	-0.02559083436	0.02559083436	0.04462525213	-0.04462525213	0.05160393387	-0.05160393387	-0.07171996806	0.07171996806	0.1060334795	-0.1060334795	0.110271541	-0.110271541	-0.1381070088	0.1381070088	-0.1759916005	0.1759916005	0.2332468619	-0.2332468619	0.2700915294	-0.2700915294	-0.3093828984	0.3093828984	0.3296349866	-0.3296349866	0.353844536	-0.353844536	0.3887996541	-0.3887996541	0.4005708306	-0.4005708306	0.4242794264	-0.4242794264	0.4756699608	-0.4756699608	-0.522825283	0.522825283	-0.7813969306	0.7813969306	0.787523896	-0.787523896	-0.8262869513	0.8262869513	0.8442088564	-0.8442088564	-0.867502752	0.867502752	-0.8874488989	0.8874488989	-0.9150163408	0.9150163408	-0.9305917931	0.9305917931	0.95962233	-0.95962233	0.9678264783	-0.9678264783	-0.9766549719	0.9766549719	-0.9888334033	0.9888334033	-0.9957582134	0.9957582134	-1.006973505	1.006973505	-1.025725037	1.025725037	-1.049814803	1.049814803	1.110772943	-1.110772943	1.112380995	-1.112380995	-1.123381387	1.123381387	-1.14343516	1.14343516	1.182130102	-1.182130102	-1.193674284	1.193674284	1.197628093	-1.197628093	-1.23078282	1.23078282	-1.231849457	1.231849457	1.234421095	-1.234421095	-1.24415784	1.24415784	1.26019773	-1.26019773	-1.263656569	1.263656569	1.271593148	-1.271593148	-1.28929572	1.28929572	-1.305043807	1.305043807	1.309251406	-1.309251406	-1.317817056	1.317817056	1.324398866	-1.324398866	1.331003011	-1.331003011	-1.35322357	1.35322357	1.360124013	-1.360124013	-1.368374326	1.368374326	1.392412946	-1.392412946	1.40591596	-1.40591596	-1.415439773	1.415439773	1.427828961	-1.427828961	1.442807885	-1.442807885	-1.44698019	1.44698019	1.472838246	-1.472838246	1.472979409	-1.472979409	1.479413839	-1.479413839	1.486034054	-1.486034054	-1.49136771	1.49136771	1.492776819	-1.492776819	1.493497344	-1.493497344	-1.512557621	1.512557621	-1.521776917	1.521776917	1.588306894	-1.588306894	1.607143635	-1.607143635	1.610531358	-1.610531358	-1.614211944	1.614211944	1.628001896	-1.628001896	-1.653251782	1.653251782	-1.654975359	1.654975359	-1.67864431	1.67864431	1.684186151	-1.684186151	1.693987651	-1.693987651	1.700731147	-1.700731147	1.717816879	-1.717816879	1.736627717	-1.736627717	-1.738437628	1.738437628	-1.75447954	1.75447954	-1.790843132	1.790843132	1.818069131	-1.818069131	-1.832242649	1.832242649	-1.848173758	1.848173758	1.848415927	-1.848415927	1.85719434	-1.85719434	-1.859245703	1.859245703	1.885000682	-1.885000682	-1.903131917	1.903131917	1.905091653	-1.905091653	1.913776723	-1.913776723	1.949974055	-1.949974055	1.968822422	-1.968822422	-1.96905577	1.96905577	-1.970669291	1.970669291	1.980828327	-1.980828327	1.984348556	-1.984348556	-2.034885862	2.034885862	
0.83	-0.0306881196	0.0306881196	0.03848814103	-0.03848814103	-0.04405398536	0.04405398536	-0.07878492592	0.07878492592	0.1142949054	-0.1142949054	0.1189947094	-0.1189947094	0.1451066457	-0.1451066457	-0.1795801714	0.1795801714	0.2247700982	-0.2247700982	-0.2613226947	0.2613226947	-0.3058017633	0.3058017633	0.321572427	-0.321572427	-0.3467299311	0.3467299311	0.3804055836	-0.3804055836	-0.4038903386	0.4038903386	0.4155589795	-0.4155589795	0.4673435477	-0.4673435477	-0.5196658921	0.5196658921	0.7814334854	-0.7814334854	0.7875233212	-0.7875233212	-0.8281771486	0.8281771486	-0.8443055618	0.8443055618	-0.8674890675	0.8674890675	-0.8907733615	0.8907733615	-0.9160896344	0.9160896344	-0.9309052051	0.9309052051	-0.9614654379	0.9614654379	0.9677173611	-0.9677173611	0.9777375999	-0.9777375999	-0.9888367274	0.9888367274	0.9962237759	-0.9962237759	1.003817391	-1.003817391	1.026009958	-1.026009958	-1.050152118	1.050152118	1.111917835	-1.111917835	1.114312525	-1.114312525	-1.123385739	1.123385739	-1.143518839	1.143518839	1.18221401	-1.18221401	-1.194959282	1.194959282	-1.197579241	1.197579241	-1.230960947	1.230960947	-1.233380445	1.233380445	-1.23398793	1.23398793	-1.243725007	1.243725007	1.261481995	-1.261481995	1.263702573	-1.263702573	1.271592379	-1.271592379	1.289266787	-1.289266787	1.305072469	-1.305072469	-1.308996123	1.308996123	-1.31777748	1.31777748	-1.324342526	1.324342526	-1.331074804	1.331074804	1.353213363	-1.353213363	1.359920737	-1.359920737	1.367870165	-1.367870165	1.392304116	-1.392304116	-1.406087213	1.406087213	1.415709553	-1.415709553	1.428111093	-1.428111093	-1.442756573	1.442756573	-1.447779973	1.447779973	-1.472952034	1.472952034	1.473193977	-1.473193977	1.479937509	-1.479937509	-1.485983434	1.485983434	1.491895251	-1.491895251	-1.49351735	1.49351735	-1.493598224	1.493598224	-1.512834606	1.512834606	-1.522726506	1.522726506	1.588774629	-1.588774629	1.607728971	-1.607728971	1.610550442	-1.610550442	-1.614225464	1.614225464	1.628075023	-1.628075023	-1.653638535	1.653638535	-1.655839282	1.655839282	-1.678582017	1.678582017	-1.684895006	1.684895006	-1.694135633	1.694135633	-1.700830818	1.700830818	1.717572774	-1.717572774	-1.736294226	1.736294226	-1.738389289	1.738389289	-1.754472551	1.754472551	-1.79084622	1.79084622	1.817663552	-1.817663552	1.832505751	-1.832505751	-1.848217962	1.848217962	-1.848228867	1.848228867	-1.857676014	1.857676014	1.859390318	-1.859390318	-1.885077764	1.885077764	-1.903200159	1.903200159	1.905033088	-1.905033088	-1.914135221	1.914135221	1.949877613	-1.949877613	-1.968770824	1.968770824	1.968996974	-1.968996974	-1.970689458	1.970689458	-1.980827961	1.980827961	1.98443375	-1.98443375	-2.034648496	2.034648496	
0.84	0.02688134904	-0.02688134904	-0.03671523119	0.03671523119	0.04184038506	-0.04184038506	-0.0859085015	0.0859085015	0.1224763983	-0.1224763983	0.1276645966	-0.1276645966	0.1523652829	-0.1523652829	-0.1831689612	0.1831689612	-0.2163041369	0.2163041369	0.2525509581	-0.2525509581	-0.3022204211	0.3022204211	0.3135108971	-0.3135108971	-0.3396131049	0.3396131049	-0.3720796699	0.3720796699	0.4068868496	-0.4068868496	-0.4072089392	0.4072089392	-0.4591217923	0.4591217923	-0.5165003074	0.5165003074	-0.7814681265	0.7814681265	-0.7875229111	0.7875229111	-0.8299843171	0.8299843171	0.8443963107	-0.8443963107	-0.8674761512	0.8674761512	-0.8940943542	0.8940943542	0.9170976981	-0.9170976981	-0.9312016079	0.9312016079	0.9632413173	-0.9632413173	-0.9676045132	0.9676045132	-0.9787493898	0.9787493898	0.9888412926	-0.9888412926	0.9966220172	-0.9966220172	-1.000655303	1.000655303	1.02628217	-1.02628217	1.050473428	-1.050473428	-1.112973013	1.112973013	1.116191971	-1.116191971	-1.123392999	1.123392999	-1.143599223	1.143599223	1.182281474	-1.182281474	-1.196243194	1.196243194	1.197525101	-1.197525101	1.230928386	-1.230928386	-1.23348318	1.23348318	-1.23486216	1.23486216	-1.24346998	1.24346998	1.26272763	-1.26272763	-1.263748734	1.263748734	-1.271590285	1.271590285	1.289234173	-1.289234173	1.305098404	-1.305098404	1.308757994	-1.308757994	1.317708553	-1.317708553	1.324283584	-1.324283584	1.331142487	-1.331142487	1.35320384	-1.35320384	1.35972684	-1.35972684	-1.36732978	1.36732978	1.392193512	-1.392193512	1.406263065	-1.406263065	1.415963917	-1.415963917	1.428386684	-1.428386684	1.442703416	-1.442703416	1.448539032	-1.448539032	1.472926216	-1.472926216	1.473532543	-1.473532543	-1.480416829	1.480416829	-1.485928964	1.485928964	-1.492277055	1.492277055	1.49370424	-1.49370424	-1.494339087	1.494339087	1.513099222	-1.513099222	-1.52360882	1.52360882	1.589214536	-1.589214536	-1.608270581	1.608270581	1.610580034	-1.610580034	1.614238064	-1.614238064	1.628145335	-1.628145335	-1.653994784	1.653994784	-1.656683146	1.656683146	-1.678523061	1.678523061	-1.68556772	1.68556772	-1.694267064	1.694267064	1.700925199	-1.700925199	-1.717335605	1.717335605	-1.735976949	1.735976949	-1.738343846	1.738343846	-1.754473866	1.754473866	1.790848197	-1.790848197	-1.817205001	1.817205001	-1.832814473	1.832814473	1.848030692	-1.848030692	-1.848279756	1.848279756	-1.85815355	1.85815355	-1.859509373	1.859509373	1.885165582	-1.885165582	1.903265831	-1.903265831	-1.904975093	1.904975093	-1.914497674	1.914497674	1.949788235	-1.949788235	-1.968727644	1.968727644	1.968941311	-1.968941311	-1.970710789	1.970710789	1.980831091	-1.980831091	1.984506473	-1.984506473	-2.034401476	2.034401476	
0.85	0.02004394837	-0.02004394837	-0.02987172138	0.02987172138	0.04899471089	-0.04899471089	-0.09305044458	0.09305044458	0.1305499887	-0.1305499887	-0.1362657267	0.1362657267	0.159794346	-0.159794346	-0.1867578652	0.1867578652	0.207854257	-0.207854257	0.2437776238	-0.2437776238	-0.2986389593	0.2986389593	0.3054516986	-0.3054516986	0.3324944223	-0.3324944223	0.3638430016	-0.3638430016	0.3982827061	-0.3982827061	-0.4105195093	0.4105195093	-0.4510227413	0.4510227413	-0.5133286333	0.5133286333	0.7815009038	-0.7815009038	-0.7875226655	0.7875226655	0.8317078665	-0.8317078665	-0.8444812113	0.8444812113	0.8674640049	-0.8674640049	-0.8974118112	0.8974118112	0.9180407329	-0.9180407329	-0.9314810074	0.9314810074	0.9649499024	-0.9649499025	0.9674892622	-0.9674892622	0.979689253	-0.979689253	0.9888472007	-0.9888472007	-0.996952842	0.996952842	-0.9974881714	0.9974881714	-1.026541186	1.026541186	-1.050777883	1.050777883	1.113938393	-1.113938393	1.118016763	-1.118016763	-1.123405982	1.123405982	-1.143676139	1.143676139	-1.182337336	1.182337336	1.19746559	-1.19746559	-1.197522169	1.197522169	-1.230604971	1.230604971	1.233008991	-1.233008991	-1.236294166	1.236294166	-1.24337773	1.24337773	-1.263795219	1.263795219	1.263927933	-1.263927933	1.271586783	-1.271586783	1.289197744	-1.289197744	1.30512129	-1.30512129	1.308537919	-1.308537919	1.317611321	-1.317611321	-1.324221187	1.324221187	1.331206041	-1.331206041	-1.35319499	1.35319499	-1.359542541	1.359542541	-1.366753439	1.366753439	-1.392081328	1.392081328	1.406442635	-1.406442635	-1.416203011	1.416203011	-1.42865475	1.42865475	1.442648593	-1.442648593	1.449257173	-1.449257173	1.472902043	-1.472902043	1.473853254	-1.473853254	1.480851774	-1.480851774	-1.485870801	1.485870801	1.492592709	-1.492592709	-1.493814841	1.493814841	-1.495162398	1.495162398	-1.513351009	1.513351009	1.524423884	-1.524423884	1.589625599	-1.589625599	-1.608760961	1.608760961	-1.610626754	1.610626754	1.614249738	-1.614249738	-1.62821266	1.62821266	1.654320047	-1.654320047	1.657506985	-1.657506985	-1.678467433	1.678467433	1.686203157	-1.686203157	-1.694382651	1.694382651	-1.701013805	1.701013805	-1.717105831	1.717105831	1.735676217	-1.735676217	-1.738302394	1.738302394	-1.754482568	1.754482568	-1.790849041	1.790849041	-1.816697825	1.816697825	1.833164859	-1.833164859	1.847854326	-1.847854326	1.848327082	-1.848327082	-1.858624684	1.858624684	-1.859604814	1.859604814	-1.885264256	1.885264256	-1.903328812	1.903328812	-1.904917429	1.904917429	-1.91486189	1.91486189	1.949706247	-1.949706247	-1.968692941	1.968692941	1.968888868	-1.968888868	-1.970733238	1.970733238	1.980837768	-1.980837768	-1.984566711	1.984566711	2.034147855	-2.034147855	
0.86	0.01396361449	-0.01396361449	-0.02410758767	0.02410758767	0.05669276462	-0.05669276462	0.1001998205	-0.1001998205	0.1384891434	-0.1384891434	0.1447788182	-0.1447788182	0.1673153257	-0.1673153257	-0.19034676	0.19034676	0.1994286247	-0.1994286247	-0.2350041854	0.2350041854	-0.2950574021	0.2950574021	0.2973964158	-0.2973964158	0.3253742668	-0.3253742668	0.3557231981	-0.3557231981	0.3897557107	-0.3897557107	-0.4138287911	0.4138287911	-0.4430678802	0.4430678802	-0.5101509719	0.5101509719	0.781531864	-0.781531864	0.787522584	-0.787522584	-0.8333472127	0.8333472127	0.8445603649	-0.8445603649	-0.86745263	0.86745263	-0.9007256657	0.9007256657	0.9189189317	-0.9189189317	0.9317434152	-0.9317434152	0.9665911102	-0.9665911102	-0.9673725161	0.9673725161	0.9805565204	-0.9805565204	0.9888545674	-0.9888545674	-0.9943131949	0.9943131949	0.9972198837	-0.9972198837	1.026786538	-1.026786538	1.051064646	-1.051064646	1.11481398	-1.11481398	1.119779166	-1.119779166	1.123432657	-1.123432657	-1.143749423	1.143749423	1.182385104	-1.182385104	-1.197400564	1.197400564	1.198793517	-1.198793517	1.229920627	-1.229920627	1.232673089	-1.232673089	-1.237676091	1.237676091	-1.243416204	1.243416204	-1.263842199	1.263842199	1.265077576	-1.265077576	1.271581798	-1.271581798	-1.289157431	1.289157431	1.305140748	-1.305140748	-1.308336706	1.308336706	1.317486627	-1.317486627	1.324154789	-1.324154789	-1.331265451	1.331265451	-1.353186799	1.353186799	-1.35936805	1.35936805	-1.366141443	1.366141443	1.39196777	-1.39196777	1.406625003	-1.406625003	-1.416426998	1.416426998	1.428914304	-1.428914304	1.442592278	-1.442592278	1.449934207	-1.449934207	1.472879575	-1.472879575	1.474155448	-1.474155448	-1.481242372	1.481242372	1.485809147	-1.485809147	-1.49287669	1.49287669	1.493929405	-1.493929405	-1.495952779	1.495952779	1.513589528	-1.513589528	1.52517175	-1.52517175	1.590006838	-1.590006838	1.609187945	-1.609187945	-1.610701927	1.610701927	-1.614260486	1.614260486	-1.628276831	1.628276831	-1.654613878	1.654613878	1.658310866	-1.658310866	1.678415121	-1.678415121	1.686800211	-1.686800211	1.6944831	-1.6944831	1.701096187	-1.701096187	1.71688391	-1.71688391	-1.735392342	1.735392342	-1.73826592	1.73826592	-1.754497795	1.754497795	-1.79084873	1.79084873	1.816146487	-1.816146487	1.833552764	-1.833552764	1.847689061	-1.847689061	-1.848371438	1.848371438	1.859087374	-1.859087374	-1.859678605	1.859678605	1.885373834	-1.885373834	1.903388991	-1.903388991	1.904859866	-1.904859866	1.915225698	-1.915225698	-1.949631983	1.949631983	-1.968666679	1.968666679	-1.968839727	1.968839727	-1.970756772	1.970756772	1.980848018	-1.980848018	1.984614462	-1.984614462	2.033890339	-2.033890339	
0.87	0.0102086767	-0.0102086767	-0.02072775765	0.02072775765	0.06463478408	-0.06463478408	-0.1073515259	0.1073515259	-0.1462652758	0.1462652758	-0.1531784903	0.1531784903	0.1748472075	-0.1748472075	-0.191045483	0.191045483	-0.1939354961	0.1939354961	-0.2262324008	0.2262324008	0.2893461323	-0.2893461323	-0.2914765571	0.2914765571	-0.3182530633	0.3182530633	0.3477571022	-0.3477571022	0.381328566	-0.381328566	-0.4171345094	0.4171345094	0.4352828978	-0.4352828978	0.5069674233	-0.5069674233	0.7815610502	-0.7815610502	0.7875226664	-0.7875226664	-0.8349017774	0.8349017774	-0.8446338659	0.8446338659	0.8674420272	-0.8674420272	-0.9040358499	0.9040358499	0.9197324791	-0.9197324791	0.9319888474	-0.9319888474	0.9672549382	-0.9672549382	-0.9681648366	0.9681648366	-0.9813507548	0.9813507548	-0.9888635251	0.9888635251	-0.9911339972	0.9911339972	-0.9974203589	0.9974203589	-1.027017779	1.027017779	-1.051332906	1.051332906	1.115599858	-1.115599858	-1.12144624	1.12144624	-1.12350618	1.12350618	-1.143818927	1.143818927	1.182427381	-1.182427381	-1.197329815	1.197329815	1.200055299	-1.200055299	-1.22892028	1.22892028	1.232471994	-1.232471994	-1.239007604	1.239007604	-1.243548619	1.243548619	-1.263889853	1.263889853	1.266172184	-1.266172184	1.271575255	-1.271575255	1.289113226	-1.289113226	-1.305156336	1.305156336	1.30815507	-1.30815507	1.317335104	-1.317335104	1.324084159	-1.324084159	-1.331320711	1.331320711	-1.353179253	1.353179253	1.359203564	-1.359203564	1.365494122	-1.365494122	-1.391853055	1.391853055	-1.406809218	1.406809218	-1.41663605	1.41663605	1.429164359	-1.429164359	-1.442534645	1.442534645	-1.450569956	1.450569956	-1.472858852	1.472858852	-1.474438489	1.474438489	-1.481588706	1.481588706	-1.485744239	1.485744239	1.493142838	-1.493142838	1.494047253	-1.494047253	-1.496696383	1.496696383	-1.513814367	1.513814367	1.525852494	-1.525852494	1.590357309	-1.590357309	1.609534212	-1.609534212	-1.610822082	1.610822082	1.614270308	-1.614270308	1.628337687	-1.628337687	-1.654875866	1.654875866	-1.659094885	1.659094885	1.678366113	-1.678366113	1.687357805	-1.687357805	1.694569115	-1.694569115	1.701171928	-1.701171928	1.716670295	-1.716670295	-1.735125623	1.735125623	1.738235295	-1.738235295	1.754518744	-1.754518744	1.790847244	-1.790847244	-1.815555357	1.815555357	-1.83397408	1.83397408	1.847535076	-1.847535076	-1.84841336	1.84841336	-1.859539792	1.859539792	1.859732707	-1.859732707	1.885494289	-1.885494289	1.903446261	-1.903446261	-1.904802191	1.904802191	1.915586974	-1.915586974	1.949565775	-1.949565775	-1.968648732	1.968648732	-1.968793967	1.968793967	-1.970781367	1.970781367	-1.980861848	1.980861848	1.984649733	-1.984649733	2.033631344	-2.033631344	
0.88	0.01051150897	-0.01051150897	-0.02140511281	0.02140511281	0.07273745892	-0.07273745892	-0.1145015017	0.1145015017	-0.1538457495	0.1538457495	0.1614274042	-0.1614274042	0.181745692	-0.181745692	0.1832921328	-0.1832921328	0.1975238857	-0.1975238857	-0.2174644121	0.2174644121	0.2813040808	-0.2813040808	-0.2878954511	0.2878954511	-0.3111313005	0.3111313005	0.3399947708	-0.3399947708	-0.3730279815	0.3730279815	0.4204365751	-0.4204365751	0.42769861	-0.42769861	-0.5037780853	0.5037780853	-0.7815885025	0.7815885025	-0.7875229124	0.7875229124	-0.8363709869	0.8363709869	-0.8447018017	0.8447018017	0.8674321971	-0.8674321971	0.9073422945	-0.9073422945	0.9204815501	-0.9204815501	-0.9322173239	0.9322173239	0.9671370226	-0.9671370226	0.9696709526	-0.9696709526	0.9820716466	-0.9820716466	-0.9879494114	0.9879494114	-0.9888742246	0.9888742246	-0.9975563101	0.9975563101	1.027234487	-1.027234487	-1.051581879	1.051581879	1.116296196	-1.116296196	1.122769562	-1.122769562	-1.123875173	1.123875173	-1.143884522	1.143884522	1.182466141	-1.182466141	1.197253068	-1.197253068	-1.201306072	1.201306072	1.227702449	-1.227702449	1.232344219	-1.232344219	1.240288388	-1.240288388	-1.243741936	1.243741936	1.263938361	-1.263938361	1.267208089	-1.267208089	1.271567088	-1.271567088	-1.289065198	1.289065198	1.305167539	-1.305167539	-1.307993624	1.307993624	1.317157176	-1.317157176	-1.32400937	1.32400937	1.331371817	-1.331371817	-1.353172334	1.353172334	1.359049265	-1.359049265	1.364811829	-1.364811829	1.391737409	-1.391737409	-1.406994313	1.406994313	-1.416830354	1.416830354	-1.42940394	1.42940394	-1.442475861	1.442475861	-1.451164255	1.451164255	1.472839894	-1.472839894	1.474701768	-1.474701768	-1.48189091	1.48189091	-1.485676357	1.485676357	-1.493397233	1.493397233	1.494167656	-1.494167656	1.497387126	-1.497387126	-1.514025136	1.514025136	-1.526466223	1.526466223	1.590676105	-1.590676105	1.609785439	-1.609785439	-1.611000792	1.611000792	-1.614279203	1.614279203	1.628395071	-1.628395071	-1.655105635	1.655105635	1.659859161	-1.659859161	1.6783204	-1.6783204	1.687874903	-1.687874903	1.694641389	-1.694641389	1.701240642	-1.701240642	1.716465436	-1.716465436	-1.734876344	1.734876344	-1.738211273	1.738211273	1.754544682	-1.754544682	1.790844565	-1.790844565	-1.814928579	1.814928579	1.834424866	-1.834424866	1.847392538	-1.847392538	1.84845334	-1.84845334	-1.859769053	1.859769053	-1.859980321	1.859980321	1.885625508	-1.885625508	1.903500526	-1.903500526	-1.904744204	1.904744204	-1.915943663	1.915943663	1.949507954	-1.949507954	1.96863889	-1.96863889	1.968751661	-1.968751661	-1.970807013	1.970807013	1.980879237	-1.980879237	1.984672545	-1.984672545	2.033373037	-2.033373037	
0.89	0.01457022006	-0.01457022006	-0.02580917276	0.02580917276	0.08095890581	-0.08095890581	-0.1216442003	0.1216442003	0.1611922681	-0.1611922681	0.1693978448	-0.1693978448	0.1744180879	-0.1744180879	0.1897804047	-0.1897804047	0.201111679	-0.201111679	-0.2087029609	0.2087029609	0.2732720886	-0.2732720886	-0.2843150053	0.2843150053	0.3040095602	-0.3040095602	0.3325054096	-0.3325054096	0.3648892456	-0.3648892456	0.4203520561	-0.4203520561	-0.4237349132	0.4237349132	-0.5005830538	0.5005830538	0.7816142577	-0.7816142577	-0.7875233218	0.7875233218	-0.8377542719	0.8377542719	0.8447642533	-0.8447642533	-0.86742314	0.86742314	-0.9106449286	0.9106449286	-0.9211663099	0.9211663099	-0.9324288668	0.9324288668	0.9670191069	-0.9670191069	0.9711093005	-0.9711093005	-0.9827188421	0.9827188421	-0.9847599353	0.9847599353	-0.9888868376	0.9888868376	0.9976283083	-0.9976283083	-1.027436262	1.027436262	1.051810817	-1.051810817	1.116903238	-1.116903238	1.123170539	-1.123170539	-1.125118399	1.125118399	1.143946103	-1.143946103	-1.182502911	1.182502911	-1.197169972	1.197169972	-1.202544711	1.202544711	-1.226337121	1.226337121	-1.232249422	1.232249422	1.241518128	-1.241518128	-1.243969988	1.243969988	1.263987908	-1.263987908	-1.26818218	1.26818218	-1.271557236	1.271557236	1.289013496	-1.289013496	1.305173761	-1.305173761	-1.307852874	1.307852874	-1.316953092	1.316953092	1.323930777	-1.323930777	1.331418769	-1.331418769	1.353166022	-1.353166022	1.358905328	-1.358905328	1.36409493	-1.36409493	1.391621071	-1.391621071	1.407179315	-1.407179315	1.4170101	-1.4170101	1.429632089	-1.429632089	-1.442416089	1.442416089	-1.451716952	1.451716952	-1.472822713	1.472822713	1.474944697	-1.474944697	1.482149178	-1.482149178	1.485605811	-1.485605811	1.493642821	-1.493642821	-1.494289839	1.494289839	1.498022062	-1.498022062	-1.514221476	1.514221476	1.527013064	-1.527013064	1.590962364	-1.590962364	1.609947385	-1.609947385	-1.611231603	1.611231603	1.614287173	-1.614287173	1.628448834	-1.628448834	1.655302849	-1.655302849	1.660603831	-1.660603831	1.678277969	-1.678277969	1.688350504	-1.688350504	-1.694700608	1.694700608	-1.701301969	1.701301969	1.716269779	-1.716269779	-1.734644771	1.734644771	-1.738194488	1.738194488	-1.754574939	1.754574939	-1.790840675	1.790840675	-1.814270006	1.814270006	1.83490143	-1.83490143	1.847261603	-1.847261603	-1.848491831	1.848491831	-1.859789526	1.859789526	1.860407544	-1.860407544	1.885767291	-1.885767291	-1.903551699	1.903551699	1.904685722	-1.904685722	-1.916293789	1.916293789	1.949458844	-1.949458844	1.968636869	-1.968636869	1.968712877	-1.968712877	-1.970833703	1.970833703	-1.980900144	1.980900144	1.984682931	-1.984682931	2.03311738	-2.03311738	
0.9	0.02061632527	-0.02061632527	-0.03214683154	0.03214683154	0.08927171329	-0.08927171329	-0.1287676523	0.1287676523	0.1660105035	-0.1660105035	0.1682592407	-0.1682592407	0.1774395193	-0.1774395193	0.196884546	-0.196884546	-0.199951752	0.199951752	-0.2046986082	0.2046986082	0.265253384	-0.265253384	-0.2807354013	0.2807354013	0.2968885594	-0.2968885594	-0.3253861011	0.3253861011	-0.3569597058	0.3569597058	-0.4132877544	0.4132877544	-0.4270294515	0.4270294515	-0.4973824226	0.4973824226	-0.7816383501	0.7816383501	0.7875238942	-0.7875238942	-0.8390510671	0.8390510671	-0.8448212949	0.8448212949	0.8674148558	-0.8674148558	0.9139436791	-0.9139436791	-0.9217869129	0.9217869129	-0.9326235002	0.9326235002	0.9669013176	-0.9669013176	-0.9724796902	0.9724796902	-0.981564868	0.981564868	0.9832933614	-0.9832933614	0.988901559	-0.988901559	0.9976369524	-0.9976369524	-1.027622732	1.027622732	-1.052019013	1.052019013	1.117421301	-1.117421301	1.123248208	-1.123248208	-1.126636957	1.126636957	-1.144003594	1.144003594	1.182538888	-1.182538888	-1.197080081	1.197080081	1.203770307	-1.203770307	-1.224864329	1.224864329	1.232170074	-1.232170074	-1.242696493	1.242696493	-1.244213365	1.244213365	1.264038684	-1.264038684	-1.269091798	1.269091798	1.271545651	-1.271545651	1.288958355	-1.288958355	1.305174314	-1.305174314	1.30773322	-1.30773322	-1.316722966	1.316722966	1.323848975	-1.323848975	1.33146157	-1.33146157	-1.353160292	1.353160292	-1.358771911	1.358771911	1.36334381	-1.36334381	1.391504288	-1.391504288	-1.40736325	1.40736325	-1.417175488	1.417175488	1.42984787	-1.42984787	-1.442355488	1.442355488	-1.452227911	1.452227911	1.472807306	-1.472807306	1.475166702	-1.475166702	1.482363771	-1.482363771	-1.485532938	1.485532938	-1.493881134	1.493881134	1.494413001	-1.494413001	-1.498599662	1.498599662	1.514403054	-1.514403054	1.527493174	-1.527493174	1.591215271	-1.591215271	1.610045403	-1.610045403	-1.611488517	1.611488517	-1.614294221	1.614294221	-1.628498833	1.628498833	1.655467212	-1.655467212	1.661329041	-1.661329041	-1.678238811	1.678238811	-1.688783656	1.688783656	-1.694747439	1.694747439	1.701355578	-1.701355578	1.716083759	-1.716083759	1.734431156	-1.734431156	-1.738185458	1.738185458	-1.754608918	1.754608918	-1.790835559	1.790835559	-1.813583182	1.813583182	1.835400347	-1.835400347	1.847142409	-1.847142409	-1.848529261	1.848529261	-1.859795945	1.859795945	-1.860820247	1.860820247	-1.885919346	1.885919346	1.9035997	-1.9035997	1.90462658	-1.90462658	-1.91663548	1.91663548	1.949418756	-1.949418756	1.968642319	-1.968642319	1.968677677	-1.968677677	1.970861438	-1.970861438	-1.980924499	1.980924499	1.984680932	-1.984680932	2.032866152	-2.032866152	
0.91	0.02754105066	-0.02754105066	-0.0392787952	0.0392787952	0.09765514103	-0.09765514104	0.1358306981	-0.1358306981	0.1579846378	-0.1579846378	0.1749913672	-0.1749913672	0.1849227774	-0.1849227774	0.1912171896	-0.1912171896	0.2036292961	-0.2036292961	-0.2082840778	0.2082840778	0.2572519139	-0.2572519139	-0.277157021	0.277157021	-0.289769214	0.289769214	0.3187741117	-0.3187741117	0.3493037785	-0.3493037785	0.406559064	-0.406559064	-0.4303201193	0.4303201193	0.494176284	-0.494176284	0.7816608106	-0.7816608106	0.7875246294	-0.7875246294	-0.8402608115	0.8402608115	-0.8448729943	0.8448729943	-0.8674073447	0.8674073447	-0.9172384703	0.9172384703	0.922343502	-0.922343502	0.9328012486	-0.9328012486	0.9667833668	-0.9667833668	0.9737818958	-0.9737818958	-0.9783670703	0.9783670703	0.9837930787	-0.9837930787	-0.9889186083	0.9889186083	-0.9975828303	0.9975828303	1.02779355	-1.02779355	1.052205805	-1.052205805	1.117850769	-1.117850769	1.123275916	-1.123275916	-1.128157589	1.128157589	1.144056963	-1.144056963	-1.182575025	1.182575025	1.196982839	-1.196982839	-1.204982089	1.204982089	-1.22330756	1.22330756	-1.232099431	1.232099431	1.243823121	-1.243823121	-1.244458122	1.244458122	1.264090878	-1.264090878	-1.269934665	1.269934665	-1.271532291	1.271532291	-1.288900097	1.288900097	1.3051684	-1.3051684	-1.30763495	1.30763495	-1.316466827	1.316466827	-1.323764757	1.323764757	-1.331500225	1.331500225	-1.353155109	1.353155109	1.358649162	-1.358649162	-1.362558862	1.362558862	-1.391387317	1.391387317	-1.407545156	1.407545156	1.417326719	-1.417326719	1.430050376	-1.430050376	-1.442294205	1.442294205	1.452697013	-1.452697013	-1.472793667	1.472793667	-1.475367216	1.475367216	1.48253502	-1.48253502	-1.485458095	1.485458095	1.494112995	-1.494112995	-1.494536319	1.494536319	1.499119096	-1.499119096	-1.514569569	1.514569569	1.527906729	-1.527906729	1.591434057	-1.591434057	1.610104943	-1.610104943	1.611745494	-1.611745494	-1.614300351	1.614300351	1.628544933	-1.628544933	-1.655598466	1.655598466	1.662034942	-1.662034942	1.678202915	-1.678202915	1.689173455	-1.689173455	1.694782529	-1.694782529	-1.70140116	1.70140116	1.715907806	-1.715907806	1.734235733	-1.734235733	1.738184584	-1.738184584	-1.75464609	1.75464609	-1.790829206	1.790829206	-1.812871351	1.812871351	1.835918455	-1.835918455	1.847035085	-1.847035085	-1.848566043	1.848566043	-1.859790045	1.859790045	1.861217402	-1.861217402	-1.886081285	1.886081285	-1.903644458	1.903644458	1.904566636	-1.904566636	-1.916966969	1.916966969	-1.949387985	1.949387985	1.968646119	-1.968646119	-1.968654836	1.968654836	1.970890223	-1.970890223	1.980952207	-1.980952207	-1.984666605	1.984666605	-2.032620984	2.032620984	
0.92	0.03486863839	-0.03486863839	0.0466838175	-0.0466838175	0.1060912915	-0.1060912915	-0.1424857887	0.1424857887	0.1504787701	-0.1504787701	-0.1812558972	0.1812558972	-0.18257551	0.18257551	0.1919981315	-0.1919981315	-0.2098304902	0.2098304902	-0.2118674236	0.2118674236	0.2492727808	-0.2492727808	-0.2735804219	0.2735804219	0.2826527421	-0.2826527421	0.3128623816	-0.3128623816	0.3420100744	-0.3420100744	0.4002295131	-0.4002295131	-0.4336068461	0.4336068461	-0.4909647282	0.4909647282	-0.7816816678	0.7816816678	-0.7875255271	0.7875255271	0.8413829477	-0.8413829477	0.8449194127	-0.8449194127	-0.8674006066	0.8674006066	-0.9205292228	0.9205292228	0.9228362086	-0.9228362086	-0.9329621366	0.9329621366	0.9666638651	-0.9666638651	0.9750156534	-0.9750156534	-0.9751671938	0.9751671938	-0.9842191844	0.9842191844	0.9889382313	-0.9889382313	-0.9974665143	0.9974665143	1.027948397	-1.027948397	-1.052370582	1.052370582	1.118192089	-1.118192089	1.123289358	-1.123289358	-1.12964463	1.12964463	-1.144106228	1.144106228	-1.182612086	1.182612086	-1.19687754	1.19687754	-1.206179376	1.206179376	-1.221681592	1.221681592	1.2320352	-1.2320352	-1.244694378	1.244694378	-1.24489761	1.24489761	1.264144677	-1.264144677	-1.270708828	1.270708828	-1.271517131	1.271517131	-1.288839131	1.288839131	1.305155093	-1.305155093	-1.307558244	1.307558244	-1.31618469	1.31618469	-1.323679056	1.323679056	-1.331534738	1.331534738	-1.353150428	1.353150428	1.358537216	-1.358537216	-1.361740494	1.361740494	-1.391270422	1.391270422	1.407724087	-1.407724087	-1.417463998	1.417463998	-1.430238735	1.430238735	1.442232382	-1.442232382	-1.453124162	1.453124162	-1.472781779	1.472781779	1.475545674	-1.475545674	1.482663339	-1.482663339	1.485381653	-1.485381653	1.494338847	-1.494338847	1.494658967	-1.494658967	1.499579913	-1.499579913	1.514720749	-1.514720749	-1.528253934	1.528253934	1.59161801	-1.59161801	1.61014241	-1.61014241	1.611985595	-1.611985595	-1.614305566	1.614305566	-1.62858701	1.62858701	1.655696392	-1.655696392	-1.662721685	1.662721685	1.678170273	-1.678170273	-1.689519056	1.689519056	-1.694806499	1.694806499	1.701438429	-1.701438429	-1.715742337	1.715742337	1.734058719	-1.734058719	1.738192153	-1.738192153	-1.754685996	1.754685996	-1.790821604	1.790821604	-1.812137484	1.812137484	1.836452834	-1.836452834	1.846939743	-1.846939743	-1.84860258	1.84860258	1.859773465	-1.859773465	1.861598168	-1.861598168	-1.886252626	1.886252626	1.903685913	-1.903685913	1.904505767	-1.904505767	-1.917286612	1.917286612	-1.949366808	1.949366808	-1.968618254	1.968618254	1.968673966	-1.968673966	-1.970920069	1.970920069	1.980983146	-1.980983146	1.984640014	-1.984640014	2.032383367	-2.032383367	
0.93	0.04238711699	-0.04238711699	0.05407472653	-0.05407472653	0.1145612342	-0.1145612342	0.1413175299	-0.1413175299	-0.1510079555	0.1510079555	-0.1738076311	0.1738076311	0.1872098989	-0.1872098989	-0.1984792004	0.1984792004	0.2152638088	-0.2152638088	-0.2154472841	0.2154472841	0.2413229034	-0.2413229034	-0.2700064411	0.2700064411	0.275540837	-0.275540837	0.3079133429	-0.3079133429	0.3352011223	-0.3352011223	-0.3943738219	0.3943738219	-0.4368895614	0.4368895614	-0.4877478438	0.4877478438	0.7817009474	-0.7817009474	0.7875265871	-0.7875265871	0.8424169233	-0.8424169233	-0.8449606053	0.8449606053	-0.8673946414	0.8673946414	0.9232651516	-0.9232651516	-0.9238158527	0.9238158527	-0.9331061882	0.9331061882	0.9665372556	-0.9665372556	-0.971971505	0.971971505	0.9761806604	-0.9761806604	-0.9845714263	0.9845714263	0.9889606983	-0.9889606983	-0.9972885609	0.9972885609	-1.028086981	1.028086981	-1.05251279	1.05251279	1.118445763	-1.118445763	1.123296914	-1.123296914	1.131089644	-1.131089644	-1.144151483	1.144151483	1.18265069	-1.18265069	1.196763288	-1.196763288	-1.207361542	1.207361542	1.219996385	-1.219996385	1.231976888	-1.231976888	-1.244915163	1.244915163	1.245919509	-1.245919509	-1.264200264	1.264200264	-1.271412615	1.271412615	-1.271500157	1.271500157	1.288775957	-1.288775957	1.30513332	-1.30513332	-1.307503176	1.307503176	-1.315876622	1.315876622	1.323592898	-1.323592898	-1.331565115	1.331565115	-1.353146187	1.353146187	1.358436193	-1.358436193	1.360889133	-1.360889133	-1.391153876	1.391153876	-1.407899123	1.407899123	-1.417587526	1.417587526	-1.430412113	1.430412113	1.442170151	-1.442170151	1.453509281	-1.453509281	1.472771623	-1.472771623	1.475701504	-1.475701504	-1.482749221	1.482749221	-1.48530399	1.48530399	1.494558903	-1.494558903	1.494780123	-1.494780123	-1.499981883	1.499981883	-1.514856356	1.514856356	-1.528535013	1.528535013	1.59176647	-1.59176647	-1.610166948	1.610166948	1.612199194	-1.612199194	-1.614309873	1.614309873	-1.628624948	1.628624948	1.655760815	-1.655760815	1.663389411	-1.663389411	1.678140875	-1.678140875	1.689819673	-1.689819673	-1.694819941	1.694819941	-1.701467121	1.701467121	-1.715587755	1.715587755	1.733900313	-1.733900313	1.738208346	-1.738208346	-1.754728243	1.754728243	-1.790812746	1.790812746	-1.811384309	1.811384309	-1.837000769	1.837000769	1.846856486	-1.846856486	-1.848639284	1.848639284	-1.859747735	1.859747735	-1.861961881	1.861961881	1.886432796	-1.886432796	1.903724013	-1.903724013	-1.904443875	1.904443875	-1.917592891	1.917592891	-1.949355472	1.949355472	-1.968594127	1.968594127	1.968699226	-1.968699226	1.970950988	-1.970950988	1.981017169	-1.981017169	1.984601235	-1.984601235	2.032154672	-2.032154672	
0.94	0.04998597114	-0.04998597114	-0.06120678792	0.06120678792	0.1230359743	-0.1230359743	0.1342481997	-0.1342481997	0.1577914221	-0.1577914221	-0.1651931724	0.1651931724	-0.1925148969	0.1925148969	-0.2041188013	0.2041188013	-0.2190202114	0.2190202114	0.2196769773	-0.2196769773	0.2334129736	-0.2334129736	-0.2664364025	0.2664364025	-0.2684359716	0.2684359716	0.3042553607	-0.3042553607	0.3290453709	-0.3290453709	0.3890781498	-0.3890781498	-0.4401681942	0.4401681942	-0.4845257181	0.4845257181	0.7817186726	-0.7817186726	0.7875278091	-0.7875278091	0.8433621904	-0.8433621904	-0.8449966208	0.8449966208	0.8673894491	-0.8673894491	-0.9236304374	0.9236304374	-0.9270982689	0.9270982689	-0.9332334258	0.9332334258	0.9663676372	-0.9663676372	-0.9688164291	0.9688164291	0.9772765778	-0.9772765778	0.9848497428	-0.9848497428	-0.9889863014	0.9889863014	0.9970495116	-0.9970495116	-1.02820904	1.02820904	1.052631937	-1.052631937	1.118612343	-1.118612343	-1.123301506	1.123301506	-1.132489538	1.132489538	1.144192923	-1.144192923	-1.182691336	1.182691336	1.196638919	-1.196638919	-1.208527995	1.208527995	1.218259135	-1.218259135	1.231924719	-1.231924719	1.245115565	-1.245115565	1.246888315	-1.246888315	-1.264257808	1.264257808	-1.271481373	1.271481373	1.272044603	-1.272044603	1.288711159	-1.288711159	-1.305101826	1.305101826	1.307469722	-1.307469722	1.315542823	-1.315542823	-1.323507347	1.323507347	-1.331591362	1.331591362	-1.353142284	1.353142284	1.358346204	-1.358346204	-1.36000524	1.36000524	1.391037959	-1.391037959	-1.408069374	1.408069374	1.417697503	-1.417697503	1.430569717	-1.430569717	-1.442107632	1.442107632	-1.453852314	1.453852314	1.472763174	-1.472763174	1.475834116	-1.475834116	1.482793244	-1.482793244	1.485225499	-1.485225499	1.494773233	-1.494773233	-1.494898984	1.494898984	1.50032491	-1.50032491	-1.514976183	1.514976183	-1.528750217	1.528750217	1.591878839	-1.591878839	-1.610183598	1.610183598	-1.612380832	1.612380832	-1.614313278	1.614313278	-1.628658643	1.628658643	-1.655791598	1.655791598	1.664038249	-1.664038249	-1.678114715	1.678114715	1.69007459	-1.69007459	1.694823411	-1.694823411	1.70148699	-1.70148699	-1.715444452	1.715444452	1.733760694	-1.733760694	-1.738233236	1.738233236	-1.75477251	1.75477251	-1.790802623	1.790802623	-1.81061435	1.81061435	1.837559718	-1.837559718	1.8467854	-1.8467854	1.84867658	-1.84867658	-1.859714266	1.859714266	1.862308042	-1.862308042	1.886621132	-1.886621132	1.903758715	-1.903758715	-1.904380888	1.904380888	-1.917884423	1.917884423	1.949354198	-1.949354198	1.968573778	-1.968573778	1.968730107	-1.968730107	-1.970982997	1.970982997	-1.981054102	1.981054102	1.984550357	-1.984550357	2.031936154	-2.031936154	
0.95	0.05759342088	-0.05759342088	-0.06775321986	0.06775321986	-0.1275248107	0.1275248107	0.1314351621	-0.1314351621	0.1567227875	-0.1567227875	-0.1648447073	0.1648447073	0.1971681246	-0.1971681246	-0.2085605587	0.2085605587	-0.2225497281	0.2225497281	0.2228615842	-0.2228615842	0.2255890624	-0.2255890624	0.2613419729	-0.2613419729	-0.2628725468	0.2628725468	-0.3022320497	0.3022320497	0.3237685995	-0.3237685995	0.3844388696	-0.3844388696	-0.4434426732	0.4434426732	-0.4812984367	0.4812984367	0.7817348641	-0.7817348641	0.787529193	-0.787529193	0.8442182077	-0.8442182077	0.8450275018	-0.8450275018	-0.8673850298	0.8673850298	-0.9239321592	0.9239321592	-0.9303763697	0.9303763697	-0.9333438699	0.9333438699	0.9652483004	-0.9652483004	0.9666091805	-0.9666091805	-0.9783030382	0.9783030382	0.9850540965	-0.9850540965	0.989015345	-0.989015345	0.9967498937	-0.9967498937	1.028314344	-1.028314344	-1.052727593	1.052727593	1.118692425	-1.118692425	1.123304411	-1.123304411	-1.133842697	1.133842697	1.144230898	-1.144230898	1.182734431	-1.182734431	-1.196502892	1.196502892	-1.209678157	1.209678157	-1.216475483	1.216475483	1.231879174	-1.231879174	-1.245292114	1.245292114	-1.247803466	1.247803466	-1.26431746	1.26431746	1.271460799	-1.271460799	-1.27260359	1.27260359	1.288645403	-1.288645403	-1.305059141	1.305059141	1.307457761	-1.307457761	1.3151837	-1.3151837	-1.323423459	1.323423459	-1.331613483	1.331613483	1.35313856	-1.35313856	-1.358267342	1.358267342	-1.359089336	1.359089336	-1.390922957	1.390922957	-1.408233983	1.408233983	1.417794123	-1.417794123	1.4307108	-1.4307108	1.442044937	-1.442044937	-1.454153233	1.454153233	-1.472756402	1.472756402	1.475942901	-1.475942901	1.482796047	-1.482796047	1.485146596	-1.485146596	1.494981804	-1.494981804	-1.495014781	1.495014781	1.50060899	-1.50060899	1.515080059	-1.515080059	1.528899817	-1.528899817	1.591954582	-1.591954582	1.610195238	-1.610195238	-1.612527268	1.612527268	1.614315787	-1.614315787	-1.628687999	1.628687999	1.655788646	-1.655788646	-1.664668308	1.664668308	-1.678091787	1.678091787	-1.690283167	1.690283167	1.694817425	-1.694817425	-1.701497811	1.701497811	1.715312796	-1.715312796	1.733640023	-1.733640023	-1.738266797	1.738266797	1.754818537	-1.754818537	-1.790791234	1.790791234	1.809829959	-1.809829959	-1.838127272	1.838127272	-1.846726559	1.846726559	-1.848714925	1.848714925	-1.859674344	1.859674344	-1.86263631	1.86263631	1.886816887	-1.886816887	1.903789987	-1.903789987	-1.904316758	1.904316758	1.918159955	-1.918159955	1.949363171	-1.949363171	-1.968557239	1.968557239	1.96876609	-1.96876609	1.971016114	-1.971016114	-1.98109375	1.98109375	1.984487476	-1.984487476	2.031728962	-2.031728962	
0.96	0.0651473329	-0.0651473329	0.07315502213	-0.07315502213	0.1218936258	-0.1218936258	-0.139162973	0.139162973	0.1490070932	-0.1490070932	-0.171930453	0.171930453	0.2010639492	-0.2010639492	-0.2113357972	0.2113357972	0.2177170656	-0.2177170656	0.2247700243	-0.2247700243	-0.2261830975	0.2261830975	-0.2542651837	0.2542651837	-0.2593190124	0.2593190124	0.302085418	-0.302085418	0.3196564128	-0.3196564128	-0.3805590018	0.3805590018	-0.4467129261	0.4467129261	-0.4780660842	0.4780660842	0.7817495401	-0.7817495401	0.7875307385	-0.7875307385	-0.8449844405	0.8449844405	-0.8450532848	0.8450532848	-0.8673813837	0.8673813837	-0.9241703968	0.9241703968	-0.9334375387	0.9334375387	-0.9336500356	0.9336500356	-0.9621878471	0.9621878471	0.9663416631	-0.9663416631	-0.9792596599	0.9792596599	0.9851844583	-0.9851844583	0.9890481306	-0.9890481306	0.9963902225	-0.9963902225	1.02840269	-1.02840269	1.052799403	-1.052799403	1.118686642	-1.118686642	-1.123306275	1.123306275	1.135147884	-1.135147884	-1.144265991	1.144265991	1.182780303	-1.182780303	1.19635311	-1.19635311	1.210811454	-1.210811454	1.214650342	-1.214650342	-1.231840799	1.231840799	-1.245442361	1.245442361	-1.248664346	1.248664346	-1.264379339	1.264379339	1.271438474	-1.271438474	1.273088573	-1.273088573	1.28857943	-1.28857943	1.305003529	-1.305003529	1.307467088	-1.307467088	1.31479996	-1.31479996	-1.323342244	1.323342244	1.331631483	-1.331631483	-1.353134722	1.353134722	1.358142071	-1.358142071	1.35819969	-1.35819969	1.39080916	-1.39080916	-1.408392136	1.408392136	-1.417877571	1.417877571	1.430834663	-1.430834663	1.441982163	-1.441982163	-1.454412031	1.454412031	1.472751276	-1.472751276	-1.476027225	1.476027225	1.482758317	-1.482758317	-1.485067739	1.485067739	-1.495126784	1.495126784	-1.495184499	1.495184499	-1.50083419	1.50083419	-1.515167847	1.515167847	1.528984108	-1.528984108	-1.591993228	1.591993228	-1.610203594	1.610203594	-1.612636476	1.612636476	1.614317407	-1.614317407	-1.628712936	1.628712937	1.655751905	-1.655751905	1.665279671	-1.665279671	1.678072086	-1.678072086	1.69044484	-1.69044484	1.694802454	-1.694802454	1.701499379	-1.701499379	1.71519314	-1.71519314	1.733538439	-1.733538439	1.738308909	-1.738308909	1.75486613	-1.75486613	1.790778575	-1.790778575	1.809033346	-1.809033346	-1.838701119	1.838701119	-1.846680025	1.846680025	1.848754818	-1.848754818	-1.859629119	1.859629119	1.862946488	-1.862946488	1.887019245	-1.887019245	1.903817805	-1.903817805	-1.904251465	1.904251465	1.918418376	-1.918418376	1.949382537	-1.949382537	-1.968544537	1.968544537	-1.968806656	1.968806656	1.971050358	-1.971050358	-1.981135894	1.981135894	-1.984412703	1.984412703	2.031534137	-2.031534137	
0.97	0.0725736019	-0.0725736019	0.07646603069	-0.07646603069	0.1182932364	-0.1182932364	-0.1381190294	0.1381190294	0.1501767061	-0.1501767061	-0.1790049651	0.1790049651	0.2040908004	-0.2040908004	0.2100264013	-0.2100264013	0.2120147674	-0.2120147674	0.2255189798	-0.2255189798	-0.2297148201	0.2297148201	0.2472170603	-0.2472170603	-0.2557844026	0.2557844026	-0.3038235642	0.3038235642	0.317033915	-0.317033915	-0.3775415518	0.3775415518	-0.4499788793	0.4499788793	0.4748287445	-0.4748287445	-0.7817627166	0.7817627166	-0.7875324455	0.7875324455	-0.8450740002	0.8450740002	0.8456603634	-0.8456603634	0.8673785111	-0.8673785111	-0.9243452166	0.9243452166	0.9335144473	-0.9335144473	-0.9369191121	0.9369191121	0.9589820585	-0.9589820585	0.9662186202	-0.9662186202	0.9801460734	-0.9801460734	-0.9852408026	0.9852408026	0.9890849287	-0.9890849287	0.9959710023	-0.9959710023	1.028473908	-1.028473908	1.052847079	-1.052847079	1.118595658	-1.118595658	-1.123307459	1.123307459	-1.136403742	1.136403742	-1.144299167	1.144299167	1.182829213	-1.182829213	1.196186627	-1.196186627	-1.21192731	1.21192731	-1.212788592	1.212788592	-1.231810118	1.231810118	-1.245564579	1.245564579	1.249470289	-1.249470289	1.264443521	-1.264443521	1.271414455	-1.271414455	1.273498729	-1.273498729	-1.28851405	1.28851405	1.304932927	-1.304932927	1.307497419	-1.307497419	-1.314392696	1.314392696	-1.323264637	1.323264637	1.331645366	-1.331645366	-1.353130186	1.353130186	1.35716439	-1.35716439	1.358143317	-1.358143317	-1.390696863	1.390696863	-1.408543061	1.408543061	-1.417948026	1.417948026	1.430940658	-1.430940658	-1.441919394	1.441919394	1.45462873	-1.45462873	1.472747762	-1.472747762	-1.476086421	1.476086421	-1.482680764	1.482680764	1.484989448	-1.484989448	-1.495234321	1.495234321	1.495381129	-1.495381129	1.50100064	-1.50100064	1.515239446	-1.515239446	1.52900341	-1.52900341	1.591994376	-1.591994376	-1.610209741	1.610209741	1.612707135	-1.612707135	1.614318147	-1.614318147	-1.628733384	1.628733384	-1.655681363	1.655681363	1.665872389	-1.665872389	1.678055608	-1.678055608	1.690559138	-1.690559138	-1.69477892	1.69477892	-1.701491508	1.701491508	1.715085811	-1.715085811	-1.733456057	1.733456057	-1.738359357	1.738359357	-1.754915159	1.754915159	-1.790764648	1.790764648	1.808226607	-1.808226607	-1.839279003	1.839279003	-1.846645845	1.846645845	1.848796823	-1.848796823	-1.859579602	1.859579602	1.863238513	-1.863238513	1.887227319	-1.887227319	-1.903842156	1.903842156	-1.904185016	1.904185016	-1.91865871	1.91865871	1.949412402	-1.949412402	1.968535692	-1.968535692	1.968851298	-1.968851298	1.97108575	-1.97108575	1.981180298	-1.981180298	-1.984326156	1.984326156	-2.031352611	2.031352611	
0.98	0.07663069067	-0.07663069067	0.07975334876	-0.07975334876	0.1177431279	-0.1177431279	-0.1304040787	0.1304040787	0.1582008485	-0.1582008485	-0.1860358092	0.1860358092	-0.2023788376	0.2023788376	-0.2062399124	0.2062399124	0.2105421021	-0.2105421021	-0.2251499867	0.2251499867	-0.2332142194	0.2332142194	0.2402207647	-0.2402207647	-0.2522899636	0.2522899636	-0.3071744363	0.3071744363	0.316220354	-0.316220354	0.3754796474	-0.3754796474	-0.4532404564	0.4532404564	-0.4715865021	0.4715865021	0.7817744069	-0.7817744069	-0.7875343138	0.7875343138	0.8450896724	-0.8450896724	-0.846245461	0.846245461	-0.8673764126	0.8673764126	-0.924456671	0.924456671	0.9335746076	-0.9335746076	-0.9401833609	0.9401833609	-0.9557549529	0.9557549529	0.9661166262	-0.9661166262	0.9809619635	-0.9809619635	0.9852231027	-0.9852231027	0.9891259369	-0.9891259369	-0.9954927292	0.9954927292	-1.02852786	1.02852786	1.052870413	-1.052870413	1.118420161	-1.118420161	-1.123308181	1.123308181	1.137608378	-1.137608378	1.144332038	-1.144332038	1.182881368	-1.182881368	1.195999155	-1.195999155	1.210895844	-1.210895844	1.21302514	-1.21302514	1.231787603	-1.231787603	-1.24565755	1.24565755	-1.250220589	1.250220589	-1.264510023	1.264510023	1.271388821	-1.271388821	1.273833402	-1.273833402	1.288450133	-1.288450133	-1.304844862	1.304844862	-1.307548406	1.307548406	1.313963487	-1.313963487	-1.323191475	1.323191475	-1.331655131	1.331655131	-1.353123552	1.353123552	1.356158055	-1.356158055	1.358098276	-1.358098276	-1.390586365	1.390586365	1.408686034	-1.408686034	1.418005649	-1.418005649	1.431028186	-1.431028186	1.4418567	-1.4418567	1.454803377	-1.454803377	1.472745821	-1.472745821	1.476119792	-1.476119792	-1.482564108	1.482564108	-1.484912311	1.484912311	1.495336778	-1.495336778	1.495571427	-1.495571427	1.501108531	-1.501108531	1.515294791	-1.515294791	-1.528958062	1.528958062	1.591957695	-1.591957695	1.610214376	-1.610214376	1.612738368	-1.612738368	1.614318013	-1.614318013	-1.628749285	1.628749285	-1.655577048	1.655577048	1.666446477	-1.666446477	-1.678042353	1.678042353	1.69062568	-1.69062568	1.694747195	-1.694747195	1.701474032	-1.701474032	-1.714991111	1.714991111	1.733392971	-1.733392971	1.738417842	-1.738417842	-1.754965551	1.754965551	-1.790749456	1.790749456	-1.807411747	1.807411747	1.839858687	-1.839858687	1.846624054	-1.846624054	-1.848841587	1.848841587	1.859526664	-1.859526664	-1.863512437	1.863512437	-1.887440175	1.887440175	1.903863034	-1.903863034	1.904117447	-1.904117447	1.918880121	-1.918880121	1.949452824	-1.949452824	-1.968530718	1.968530718	1.968899532	-1.968899532	1.971122312	-1.971122312	-1.981226712	1.981226712	1.984227963	-1.984227963	2.031185205	-2.031185205	
0.99	0.07354962345	-0.07354962345	0.08643579615	-0.08643579615	0.120284598	-0.120284598	-0.1225913942	0.1225913942	0.1666917895	-0.1666917895	-0.1929644767	0.1929644767	-0.1949865623	0.1949865623	0.2072921927	-0.2072921927	0.2073314211	-0.2073314211	-0.2235312556	0.2235312556	-0.2333311559	0.2333311559	0.2366059049	-0.2366059049	-0.2489048168	0.2489048168	0.3116100178	-0.3116100178	0.3175168723	-0.3175168723	0.374444691	-0.374444691	-0.4564975723	0.4564975723	-0.4683394483	0.4683394483	0.7817846223	-0.7817846223	0.7875363433	-0.7875363433	-0.8451003198	0.8451003198	-0.8467392306	0.8467392306	-0.8673750886	0.8673750886	-0.9245047985	0.9245047985	-0.9336180279	0.9336180279	-0.9434422285	0.9434422285	-0.9525184997	0.9525184997	-0.966024602	0.966024602	0.98170713	-0.98170713	0.9851313285	-0.9851313285	-0.9891712169	0.9891712169	0.9949558932	-0.9949558932	1.028564439	-1.028564439	-1.052869274	1.052869274	1.118160859	-1.118160859	-1.123308582	1.123308582	-1.138758751	1.138758751	-1.144367411	1.144367411	-1.182936924	1.182936924	1.195784182	-1.195784182	-1.208979494	1.208979494	-1.214104342	1.214104342	-1.23177366	1.23177366	1.245720422	-1.245720422	-1.250914513	1.250914513	-1.264578786	1.264578786	-1.271361667	1.271361667	1.274092095	-1.274092095	1.288388601	-1.288388601	1.304736363	-1.304736363	-1.307619638	1.307619638	-1.313514508	1.313514508	1.323123486	-1.323123486	-1.33166078	1.33166078	1.353110462	-1.353110462	1.355127792	-1.355127792	1.35806461	-1.35806461	1.390477964	-1.390477964	-1.408820378	1.408820378	-1.418050593	1.418050593	1.431096703	-1.431096703	1.441794139	-1.441794139	-1.454936045	1.454936045	1.472745416	-1.472745416	1.47612661	-1.47612661	1.482409086	-1.482409086	-1.484836973	1.484836973	-1.495433614	1.495433614	1.495755033	-1.495755033	1.501158137	-1.501158137	1.515333854	-1.515333854	1.528848431	-1.528848431	1.591882929	-1.591882929	1.610217955	-1.610217955	1.612729597	-1.612729597	1.614317016	-1.614317016	-1.628760595	1.628760595	-1.65543903	1.65543903	-1.667001906	1.667001906	1.67803232	-1.67803232	1.690644183	-1.690644183	-1.694707597	1.694707597	1.701446805	-1.701446805	-1.714909313	1.714909313	-1.733349248	1.733349248	-1.738483983	1.738483983	1.755017295	-1.755017295	-1.790733003	1.790733003	1.806590703	-1.806590703	-1.840437912	1.840437912	-1.846614672	1.846614672	-1.848889871	1.848889871	-1.859471026	1.859471026	1.863768417	-1.863768417	-1.887656833	1.887656833	1.903880446	-1.903880446	1.904048821	-1.904048821	1.919081904	-1.919081904	1.949503815	-1.949503815	-1.968529621	1.968529621	1.968950907	-1.968950907	1.971160066	-1.971160066	1.981274873	-1.981274873	1.984118265	-1.984118265	2.031032625	-2.031032625	
1	0.06821530747	-0.06821530747	0.09191332638	-0.09191332638	-0.1156771415	0.1156771415	0.1248316099	-0.1248316099	0.1752599835	-0.1752599835	0.187838144	-0.187838144	0.1996240072	-0.1996240072	0.2029738522	-0.2029738522	-0.2073194432	0.2073194432	0.2205892049	-0.2205892049	-0.2267133158	0.2267133158	-0.2395246249	0.2395246249	-0.2459932287	0.2459932287	0.3164010779	-0.3164010779	-0.3212278368	0.3212278368	-0.3744753096	0.3744753096	-0.4597500859	0.4597500859	-0.4650877281	0.4650877281	0.7817933717	-0.7817933717	-0.7875385339	0.7875385339	-0.8451059549	0.8451059549	0.847141184	-0.847141184	-0.8673745401	0.8673745401	-0.9244896236	0.9244896236	-0.9336447128	0.9336447128	-0.9466913807	0.9466913807	0.9492797381	-0.9492797381	-0.9659401595	0.9659401595	0.9823815731	-0.9823815731	0.9849654434	-0.9849654434	-0.9892206096	0.9892206096	0.9943609806	-0.9943609806	-1.02858357	1.02858357	-1.052843611	1.052843611	1.117818473	-1.117818473	-1.123308753	1.123308753	1.139849467	-1.139849467	1.144410445	-1.144410445	-1.182995995	1.182995995	1.195531353	-1.195531353	1.20705047	-1.20705047	-1.215164299	1.215164299	-1.231768624	1.231768624	1.2457526	-1.2457526	-1.251551323	1.251551323	-1.264649655	1.264649655	-1.271333106	1.271333106	-1.274274458	1.274274458	1.288330418	-1.288330418	1.30460384	-1.30460384	-1.307710657	1.307710657	-1.313048646	1.313048646	1.323061285	-1.323061285	-1.33166231	1.33166231	-1.353068199	1.353068199	-1.354096696	1.354096696	-1.358042346	1.358042346	-1.390371961	1.390371961	1.40894547	-1.40894547	-1.418082994	1.418082994	1.431145715	-1.431145715	-1.441731751	1.441731751	-1.455026835	1.455026835	-1.472746505	1.472746505	-1.47610611	1.47610611	1.482216475	-1.482216475	1.484764114	-1.484764114	-1.495524363	1.495524363	1.495931466	-1.495931466	1.501149836	-1.501149836	1.515356645	-1.515356645	1.528674903	-1.528674903	1.591769896	-1.591769896	1.610220772	-1.610220772	1.612680471	-1.612680471	-1.614315164	1.614315164	1.628767283	-1.628767283	1.655267417	-1.655267417	1.667538596	-1.667538596	-1.67802551	1.67802551	-1.690614469	1.690614469	1.694660394	-1.694660394	-1.7014097	1.7014097	-1.714840659	1.714840659	-1.733324931	1.733324931	-1.738557319	1.738557319	-1.755070435	1.755070435	1.790715297	-1.790715297	1.805765353	-1.805765353	-1.841014347	1.841014347	-1.846617708	1.846617708	1.848942583	-1.848942583	-1.859413266	1.859413266	-1.864006698	1.864006698	1.887876289	-1.887876289	-1.903894405	1.903894405	1.903979229	-1.903979229	1.919263491	-1.919263491	-1.949565336	1.949565336	-1.968532402	1.968532402	-1.969005009	1.969005009	1.971199035	-1.971199035	1.981324517	-1.981324517	1.98399721	-1.98399721	-2.030895452	2.030895452	
1.01	0.06162394132	-0.06162394132	0.09393498949	-0.09393498949	-0.1118246417	0.1118246417	0.1302285314	-0.1302285314	0.1810825349	-0.1810825349	0.1838327221	-0.1838327221	-0.1980275431	0.1980275431	-0.2052965834	0.2052965834	0.2063348658	-0.2063348658	-0.2164418587	0.2164418587	0.2210862586	-0.2210862586	-0.2397773148	0.2397773148	-0.2457479655	0.2457479655	0.3213455708	-0.3213455708	-0.327038252	0.327038252	-0.3755706469	0.3755706469	-0.4618300011	0.4618300011	-0.4629993396	0.4629993396	0.7818006617	-0.7818006617	-0.7875408854	0.7875408854	-0.8451065842	0.8451065842	-0.8474508505	0.8474508505	-0.8673747681	0.8673747681	0.9244111567	-0.9244111567	-0.933654663	0.933654663	-0.9460168694	0.9460168694	-0.9499533372	0.9499533372	0.9658628741	-0.9658628741	-0.9829855975	0.9829855975	0.9847254019	-0.9847254019	0.9892736291	-0.9892736291	0.9937084767	-0.9937084767	-1.028585211	1.028585211	-1.052793454	1.052793454	-1.117393733	1.117393733	-1.12330876	1.12330876	-1.140870063	1.140870063	1.14447134	-1.14447134	-1.183058659	1.183058659	-1.195223406	1.195223406	1.205126388	-1.205126388	1.216204373	-1.216204373	1.231772765	-1.231772765	-1.245753669	1.245753669	1.25213029	-1.25213029	-1.264722359	1.264722359	-1.271303267	1.271303267	-1.274380289	1.274380289	-1.288276579	1.288276579	-1.304442964	1.304442964	-1.307820966	1.307820966	-1.312569621	1.312569621	1.323005375	-1.323005375	-1.331659717	1.331659717	1.352725149	-1.352725149	-1.35333677	1.35333677	-1.358031498	1.358031498	1.390268653	-1.390268653	-1.409060739	1.409060739	-1.418102969	1.418102969	-1.431174782	1.431174782	-1.441669561	1.441669561	1.455075872	-1.455075872	-1.472749045	1.472749045	1.476057492	-1.476057492	1.481987135	-1.481987135	-1.484694402	1.484694402	-1.495608641	1.495608641	1.496100073	-1.496100073	-1.501084163	1.501084163	-1.515363213	1.515363213	1.52843789	-1.52843789	1.591618494	-1.591618494	-1.610222996	1.610222996	1.612590818	-1.612590818	1.614312465	-1.614312465	1.628769331	-1.628769331	1.65506236	-1.65506236	-1.668056414	1.668056414	-1.678021925	1.678021925	-1.69053647	1.69053647	-1.6946058	1.6946058	1.701362608	-1.701362608	1.714785359	-1.714785359	1.733320036	-1.733320036	-1.738637318	1.738637318	-1.755125071	1.755125071	1.790696349	-1.790696349	-1.804937538	1.804937538	1.841585542	-1.841585542	1.846633157	-1.846633157	1.84900082	-1.84900082	-1.859353811	1.859353811	-1.864227597	1.864227597	1.888097523	-1.888097523	-1.903904934	1.903904934	1.903908792	-1.903908792	-1.919424443	1.919424443	1.949637297	-1.949637297	-1.968539055	1.968539055	-1.969061474	1.969061474	1.971239242	-1.971239242	1.981375378	-1.981375378	1.983864957	-1.983864957	2.030774137	-2.030774137	
1.02	0.05436301225	-0.05436301225	0.09017300744	-0.09017300744	-0.1131280691	0.1131280691	-0.1356033716	0.1356033716	0.1750170643	-0.1750170643	0.1922112726	-0.1922112726	0.1930284353	-0.1930284353	-0.2045183729	0.2045183729	-0.2065795729	0.2065795729	0.2113509247	-0.2113509247	-0.2198497726	0.2198497726	-0.2370068946	0.2370068946	-0.2485259865	0.2485259865	0.3268805548	-0.3268805548	0.3340055898	-0.3340055898	0.3776905188	-0.3776905188	0.4585697336	-0.4585697336	-0.4662418665	0.4662418665	0.7818064967	-0.7818064967	0.7875433978	-0.7875433978	-0.8451022084	0.8451022084	-0.847667779	0.847667779	-0.8673757739	0.8673757739	-0.9242693939	0.9242693939	-0.933647875	0.933647875	-0.9427647315	0.9427647315	-0.9531930421	0.9531930421	-0.965793236	0.965793236	0.9835199285	-0.9835199285	0.9844111472	-0.9844111472	0.9893293472	-0.9893293472	-0.9929988689	0.9929988689	-1.028569354	1.028569354	1.052718917	-1.052718917	1.116887371	-1.116887371	-1.12330865	1.12330865	1.141798563	-1.141798563	1.144571758	-1.144571758	-1.183124958	1.183124958	1.194830346	-1.194830346	-1.203237454	1.203237454	-1.217223903	1.217223903	-1.231786289	1.231786289	-1.245723334	1.245723334	-1.252650722	1.252650722	-1.264796496	1.264796496	-1.27127229	1.27127229	1.274409532	-1.274409532	1.288228097	-1.288228097	1.304248559	-1.304248559	-1.307950032	1.307950032	1.312082092	-1.312082092	-1.322956158	1.322956158	-1.331652994	1.331652994	1.351719564	-1.351719564	1.353210175	-1.353210175	-1.358032065	1.358032065	-1.390168337	1.390168337	-1.409165667	1.409165667	-1.418110623	1.418110623	1.431183515	-1.431183515	-1.441607576	1.441607576	-1.455083308	1.455083308	1.472752994	-1.472752994	1.475979913	-1.475979913	1.481722054	-1.481722054	-1.484628455	1.484628455	-1.495686146	1.495686146	1.496259945	-1.496259945	-1.500961895	1.500961895	1.515353643	-1.515353643	-1.528137828	1.528137828	-1.591428696	1.591428696	1.610224692	-1.610224692	-1.61246064	1.61246064	-1.614308928	1.614308928	-1.628766735	1.628766735	-1.654824048	1.654824048	1.668555166	-1.668555166	-1.67802157	1.67802157	-1.690410225	1.690410225	1.694543981	-1.694543981	1.701305438	-1.701305438	-1.714743584	1.714743584	-1.73333455	1.73333455	-1.738723377	1.738723377	1.755181356	-1.755181356	-1.79067617	1.79067617	-1.804109068	1.804109068	-1.842148868	1.842148868	-1.846661	1.846661	1.849065922	-1.849065922	1.859292944	-1.859292944	-1.864431489	1.864431489	-1.888319512	1.888319512	1.903837653	-1.903837653	1.903912065	-1.903912065	-1.91956445	1.91956445	1.949719554	-1.949719554	1.968549567	-1.968549567	1.969119989	-1.969119989	-1.971280712	1.971280712	1.981427198	-1.981427198	1.983721672	-1.983721672	2.030668988	-2.030668988	
1.03	0.04674114578	-0.04674114578	0.08333382303	-0.08333382303	-0.1164536951	0.1164536951	0.1401404097	-0.1401404097	0.1700554544	-0.1700554544	0.1885632748	-0.1885632748	0.1984910859	-0.1984910859	-0.2018993653	0.2018993653	0.203870296	-0.203870296	-0.2056773295	0.2056773295	-0.2245756614	0.2245756614	-0.233646626	0.233646626	-0.251893973	0.251893973	0.3331198602	-0.3331198602	-0.3415870884	0.3415870884	0.3807623703	-0.3807623703	-0.4553041696	0.4553041696	-0.4694804207	0.4694804207	0.7818108789	-0.7818108789	-0.787546071	0.787546071	-0.8450928221	0.8450928221	-0.8477915411	0.8477915411	0.867377559	-0.867377559	0.9240643177	-0.9240643177	-0.9336243412	0.9336243412	-0.9395052674	0.9395052674	0.9564271199	-0.9564271199	-0.9657329243	0.9657329243	0.9839858135	-0.9839858135	-0.984022609	0.984022609	0.9893862903	-0.9893862903	-0.9922326493	0.9922326493	-1.028536021	1.028536021	-1.052620193	1.052620193	1.11630012	-1.11630012	1.123308455	-1.123308455	1.142588236	-1.142588236	1.144758037	-1.144758037	1.183194903	-1.183194903	-1.1942994	1.1942994	-1.201436567	1.201436567	1.2182222	-1.2182222	1.231809341	-1.231809341	-1.245661378	1.245661378	-1.253111978	1.253111978	1.264871524	-1.264871524	-1.271240323	1.271240323	-1.27436228	1.27436228	1.288185992	-1.288185992	-1.304014538	1.304014538	-1.308097299	1.308097299	-1.311591709	1.311591709	-1.32291394	1.32291394	1.331642132	-1.331642132	-1.350579933	1.350579933	1.353188855	-1.353188855	1.358044033	-1.358044033	-1.390071303	1.390071303	-1.409259788	1.409259788	1.418106038	-1.418106038	1.431171571	-1.431171571	-1.441545789	1.441545789	-1.455049317	1.455049317	-1.472758305	1.472758305	1.475872474	-1.475872474	-1.481422394	1.481422394	-1.484566799	1.484566799	-1.49575666	1.49575666	-1.496409764	1.496409764	1.500784203	-1.500784203	1.515328061	-1.515328061	1.527775177	-1.527775177	-1.591200556	1.591200556	1.6102258	-1.6102258	1.612290121	-1.612290121	1.614304562	-1.614304562	-1.628759505	1.628759505	-1.654552711	1.654552711	1.66903459	-1.66903459	1.67802445	-1.67802445	1.690235889	-1.690235889	1.694475065	-1.694475065	1.701238114	-1.701238114	-1.714715473	1.714715473	-1.733368435	1.733368435	-1.738814828	1.738814828	-1.755239493	1.755239493	-1.790654775	1.790654775	-1.803281732	1.803281732	1.842701444	-1.842701444	1.846701205	-1.846701205	1.849139532	-1.849139532	-1.859230801	1.859230801	1.86461879	-1.86461879	-1.888541247	1.888541247	-1.903765984	1.903765984	-1.903915839	1.903915839	1.919683326	-1.919683326	-1.949811913	1.949811913	-1.968563919	1.968563919	1.969180297	-1.969180297	-1.97132347	1.97132347	1.981479733	-1.981479733	1.983567532	-1.983567532	2.030580166	-2.030580166	
1.04	0.03892989929	-0.03892989929	0.07561282984	-0.07561282984	0.11893987	-0.11893987	0.1428762355	-0.1428762355	0.1668936115	-0.1668936115	-0.1851898271	0.1851898271	0.195486615	-0.195486615	-0.1964266399	0.1964266399	0.2000045055	-0.2000045055	0.2107172115	-0.2107172115	-0.2301600037	0.2301600037	-0.2310347864	0.2310347864	-0.2553884009	0.2553884009	0.3399600855	-0.3399600855	0.3495524264	-0.3495524264	0.3846924315	-0.3846924315	-0.4520341137	0.4520341137	-0.4727141929	0.4727141929	0.7818138083	-0.7818138083	-0.7875489051	0.7875489051	-0.845078414	0.845078414	0.8478217342	-0.8478217342	0.8673801251	-0.8673801251	-0.9237958962	0.9237958962	0.9335840501	-0.9335840501	-0.9362407108	0.9362407108	-0.95964817	0.95964817	0.9656873236	-0.9656873236	0.9835597023	-0.9835597023	0.9843850768	-0.9843850768	0.9894423851	-0.9894423851	0.991410317	-0.991410317	-1.028485269	1.028485269	1.052497559	-1.052497559	1.115632706	-1.115632706	-1.123308202	1.123308202	-1.143163603	1.143163603	1.145105157	-1.145105157	1.183268479	-1.183268479	-1.193544386	1.193544386	1.199810007	-1.199810007	-1.219198546	1.219198546	-1.231842008	1.231842008	1.245567623	-1.245567623	-1.253513487	1.253513487	1.264946757	-1.264946757	1.271207515	-1.271207515	-1.274238781	1.274238781	1.288151278	-1.288151278	1.303733949	-1.303733949	1.308262188	-1.308262188	-1.311105053	1.311105053	1.322878947	-1.322878947	1.331627119	-1.331627119	1.349396756	-1.349396756	-1.353182777	1.353182777	1.358067375	-1.358067375	1.389977837	-1.389977837	1.40934269	-1.40934269	1.418089283	-1.418089283	1.431138658	-1.431138658	1.441484174	-1.441484174	1.454974097	-1.454974097	-1.472764932	1.472764932	1.475734209	-1.475734209	-1.481089535	1.481089535	-1.484509855	1.484509855	-1.495820049	1.495820049	1.496547529	-1.496547529	-1.500552926	1.500552926	-1.515286631	1.515286631	1.527350424	-1.527350424	1.590934208	-1.590934208	1.610226092	-1.610226092	-1.612079678	1.612079678	1.614299375	-1.614299375	1.628747663	-1.628747663	-1.654248616	1.654248616	1.669494352	-1.669494352	1.678030569	-1.678030569	1.690013731	-1.690013731	1.694399143	-1.694399143	-1.701160572	1.701160572	-1.714701123	1.714701123	1.733421622	-1.733421622	-1.73891094	1.73891094	1.755299734	-1.755299734	-1.79063218	1.79063218	-1.802457302	1.802457302	-1.843240072	1.843240072	1.846753729	-1.846753729	-1.849223667	1.849223667	1.859167376	-1.859167376	-1.864789949	1.864789949	1.888761738	-1.888761738	-1.90369398	1.90369398	-1.903916305	1.903916305	1.919781006	-1.919781006	-1.949914127	1.949914127	-1.968582084	1.968582084	-1.969242197	1.969242197	-1.971367546	1.971367546	1.981532757	-1.981532757	-1.983402722	1.983402722	-2.030507671	2.030507671	

