# disorder/μ phi/π evs ...
0	-1.04	-0.056657	0.056657	0.070706	-0.070706	0.10179	-0.10179	-0.11445	0.11445	0.15145	-0.15145	-0.15632	0.15632	0.20449	-0.20449	0.21734	-0.21734	-0.2274	0.2274	-0.23554	0.23554	0.24719	-0.24719	0.26024	-0.26024	0.28853	-0.28853	0.30342	-0.30342	-0.32803	0.32803	-0.37543	0.37543	-0.40336	0.40336	0.40927	-0.40927	-0.41998	0.41998	0.42749	-0.42749	-0.42806	0.42806	0.42825	-0.42825	0.43821	-0.43821	0.55157	-0.55157	0.57334	-0.57334	-0.58111	0.58111	0.58913	-0.58913	0.59495	-0.59495	-0.60707	0.60707	0.61028	-0.61028	-0.61586	0.61586	0.63965	-0.63965	0.66204	-0.66204	0.6741	-0.6741	-0.67505	0.67505	0.69268	-0.69268	0.7137	-0.7137	0.71387	-0.71387	-0.7186	0.7186	-0.73089	0.73089	-0.74118	0.74118	-0.74332	0.74332	-0.75052	0.75052	-0.76059	0.76059	0.77057	-0.77057	0.77711	-0.77711	0.78584	-0.78584	0.80773	-0.80773	-0.81339	0.81339	-0.82217	0.82217	-0.83278	0.83278	-0.85914	0.85914	-0.86429	0.86429	0.87127	-0.87127	-0.88188	0.88188	-0.88978	0.88978	0.89567	-0.89567	-0.9161	0.9161	0.93024	-0.93024	-0.93217	0.93217	0.93688	-0.93688	0.93915	-0.93915	-0.94342	0.94342	0.95789	-0.95789	0.95815	-0.95815	0.95835	-0.95835	-0.97457	0.97457	-0.99113	0.99113	-0.99136	0.99136	-0.9925	0.9925	0.99675	-0.99675	1.0034	-1.0034	-1.0155	1.0155	-1.016	1.016	1.0406	-1.0406	1.0423	-1.0423	1.0436	-1.0436	1.0663	-1.0663	1.0678	-1.0678	-1.081	1.081	1.0849	-1.0849	-1.0955	1.0955	1.1071	-1.1071	1.1114	-1.1114	-1.12	1.12	-1.1238	1.1238	1.1252	-1.1252	1.1461	-1.1461	1.1559	-1.1559	1.165	-1.165	-1.1754	1.1754	-1.1885	1.1885	-1.1931	1.1931	-1.1971	1.1971	1.2145	-1.2145	-1.2286	1.2286	1.2291	-1.2291	1.2368	-1.2368	-1.2615	1.2615	1.2686	-1.2686	-1.2776	1.2776	1.2979	-1.2979	-1.3097	1.3097	1.3321	-1.3321	1.3392	-1.3392	1.3437	-1.3437	1.3572	-1.3572	-1.3665	1.3665	-1.3829	1.3829	-1.3858	1.3858	1.3908	-1.3908	-1.3957	1.3957	1.4098	-1.4098	-1.4201	1.4201	-1.4242	1.4242	1.441	-1.441	-1.4476	1.4476	-1.4597	1.4597	-1.4603	1.4603	-1.4694	1.4694	1.4811	-1.4811	-1.4882	1.4882	-1.4918	1.4918	1.4949	-1.4949	-1.5072	1.5072	1.5112	-1.5112	1.5164	-1.5164	-1.5323	1.5323	1.5339	-1.5339	-1.5453	1.5453	1.559	-1.559	1.5597	-1.5597	1.5657	-1.5657	-1.5668	1.5668	1.5832	-1.5832	1.5848	-1.5848	1.5995	-1.5995	1.6057	-1.6057	-1.6197	1.6197	1.6374	-1.6374	1.6485	-1.6485	1.6524	-1.6524	1.6619	-1.6619	1.6629	-1.6629	1.6748	-1.6748	1.6856	-1.6856	1.6959	-1.6959	1.6997	-1.6997	-1.7053	1.7053	-1.7131	1.7131	-1.7325	1.7325	-1.7376	1.7376	-1.7396	1.7396	1.7469	-1.7469	-1.7589	1.7589	-1.7611	1.7611	-1.7715	1.7715	-1.7764	1.7764	-1.7858	1.7858	1.7969	-1.7969	1.801	-1.801	-1.8026	1.8026	1.8088	-1.8088	-1.8276	1.8276	1.8316	-1.8316	1.8437	-1.8437	-1.8519	1.8519	1.8544	-1.8544	1.8599	-1.8599	1.8604	-1.8604	1.8687	-1.8687	-1.8724	1.8724	1.874	-1.874	-1.8956	1.8956	-1.9051	1.9051	1.9081	-1.9081	1.9419	-1.9419	1.9564	-1.9564	-1.9614	1.9614	1.9911	-1.9911	1.9927	-1.9927	-2.001	2.001	2.0074	-2.0074	-2.0158	2.0158	-2.0235	2.0235	2.0237	-2.0237	2.0274	-2.0274	2.0334	-2.0334	-2.0436	2.0436	-2.0533	2.0533	-2.0588	2.0588	-2.0642	2.0642	-2.0671	2.0671	-2.0961	2.0961	2.1012	-2.1012	-2.1078	2.1078	-2.1175	2.1175	2.1227	-2.1227	2.1362	-2.1362	-2.1394	2.1394	
0	-1.02	-0.044382	0.044382	-0.093387	0.093387	0.097724	-0.097724	0.1281	-0.1281	-0.17921	0.17921	-0.1814	0.1814	-0.18244	0.18244	0.20926	-0.20926	-0.23925	0.23925	-0.26331	0.26331	-0.26851	0.26851	-0.27287	0.27287	-0.27759	0.27759	-0.28304	0.28304	-0.34641	0.34641	0.34807	-0.34807	0.37892	-0.37892	0.3832	-0.3832	-0.39102	0.39102	-0.40915	0.40915	0.44415	-0.44415	0.44791	-0.44791	0.4486	-0.4486	0.53989	-0.53989	0.55774	-0.55774	0.57171	-0.57171	-0.59725	0.59725	-0.60002	0.60002	0.60578	-0.60578	-0.60846	0.60846	-0.62117	0.62117	-0.63355	0.63355	-0.66168	0.66168	-0.66788	0.66788	0.68889	-0.68889	0.69538	-0.69538	0.71331	-0.71331	0.71785	-0.71785	-0.73144	0.73144	-0.74013	0.74013	0.74844	-0.74844	-0.76299	0.76299	-0.76567	0.76567	0.76648	-0.76648	0.77567	-0.77567	-0.77919	0.77919	-0.7855	0.7855	-0.79554	0.79554	-0.81327	0.81327	-0.81837	0.81837	0.82333	-0.82333	-0.85431	0.85431	-0.85923	0.85923	0.87139	-0.87139	-0.87674	0.87674	-0.88969	0.88969	0.89619	-0.89619	-0.91148	0.91148	-0.92794	0.92794	-0.93136	0.93136	0.93697	-0.93697	-0.93933	0.93933	0.94258	-0.94258	-0.95801	0.95801	-0.95812	0.95812	-0.95877	0.95877	-0.97449	0.97449	0.99104	-0.99104	0.99113	-0.99113	0.99254	-0.99254	-0.99662	0.99662	-1.0034	1.0034	-1.0148	1.0148	-1.0158	1.0158	1.0406	-1.0406	1.0424	-1.0424	1.0436	-1.0436	-1.0664	1.0664	1.0677	-1.0677	-1.0805	1.0805	-1.0809	1.0809	1.0965	-1.0965	-1.1071	1.1071	1.1114	-1.1114	1.1202	-1.1202	-1.1209	1.1209	-1.1238	1.1238	-1.1455	1.1455	1.1539	-1.1539	1.165	-1.165	1.1749	-1.1749	-1.1882	1.1882	-1.193	1.193	1.193	-1.193	1.2139	-1.2139	-1.2284	1.2284	-1.2288	1.2288	-1.2352	1.2352	-1.2614	1.2614	-1.2686	1.2686	-1.277	1.277	-1.298	1.298	1.3097	-1.3097	-1.3321	1.3321	1.3389	-1.3389	1.3437	-1.3437	1.3585	-1.3585	-1.3663	1.3663	-1.3829	1.3829	-1.3864	1.3864	1.3907	-1.3907	1.3956	-1.3956	-1.4089	1.4089	-1.42	1.42	1.4241	-1.4241	-1.4407	1.4407	-1.4477	1.4477	1.4594	-1.4594	-1.4602	1.4602	1.4693	-1.4693	1.4812	-1.4812	-1.4884	1.4884	-1.492	1.492	-1.495	1.495	1.5073	-1.5073	1.5121	-1.5121	-1.5164	1.5164	1.5323	-1.5323	-1.5337	1.5337	1.5454	-1.5454	1.5591	-1.5591	1.5595	-1.5595	1.5656	-1.5656	-1.5656	1.5656	1.5833	-1.5833	1.5844	-1.5844	1.5994	-1.5994	1.6058	-1.6058	-1.618	1.618	1.6372	-1.6372	1.6485	-1.6485	1.6523	-1.6523	1.6623	-1.6623	-1.6632	1.6632	1.6753	-1.6753	-1.6857	1.6857	-1.6959	1.6959	-1.6999	1.6999	-1.7036	1.7036	1.7132	-1.7132	-1.732	1.732	-1.7378	1.7378	1.7397	-1.7397	1.7469	-1.7469	1.7591	-1.7591	1.7611	-1.7611	-1.7712	1.7712	1.7761	-1.7761	-1.7852	1.7852	-1.797	1.797	1.8013	-1.8013	1.8025	-1.8025	1.8088	-1.8088	-1.8277	1.8277	1.8316	-1.8316	1.8434	-1.8434	-1.8516	1.8516	-1.8543	1.8543	-1.8591	1.8591	-1.8605	1.8605	-1.8684	1.8684	-1.8725	1.8725	1.8746	-1.8746	-1.8936	1.8936	-1.9037	1.9037	-1.9061	1.9061	-1.942	1.942	-1.9565	1.9565	1.9596	-1.9596	-1.9912	1.9912	-1.9926	1.9926	-2.001	2.001	-2.0074	2.0074	2.0158	-2.0158	2.0235	-2.0235	-2.0241	2.0241	2.0272	-2.0272	-2.0335	2.0335	-2.0439	2.0439	2.0541	-2.0541	-2.0581	2.0581	-2.064	2.064	-2.067	2.067	-2.096	2.096	-2.1011	2.1011	2.1065	-2.1065	2.1175	-2.1175	-2.1227	2.1227	-2.1362	2.1362	-2.1395	2.1395	
0	-1	-0.035001	0.035001	0.08782	-0.08782	-0.11686	0.11686	0.15363	-0.15363	-0.15866	0.15866	-0.1806	0.1806	-0.20448	0.20448	-0.21172	0.21172	-0.24452	0.24452	-0.24969	0.24969	-0.26253	0.26253	0.29111	-0.29111	-0.30054	0.30054	0.308	-0.308	-0.32447	0.32447	0.35147	-0.35147	0.3596	-0.3596	-0.36382	0.36382	-0.36511	0.36511	-0.38221	0.38221	-0.45495	0.45495	-0.46429	0.46429	0.47213	-0.47213	0.53064	-0.53064	0.53746	-0.53746	-0.56212	0.56212	-0.59176	0.59176	-0.59661	0.59661	0.59813	-0.59813	0.60778	-0.60778	-0.617	0.617	-0.63597	0.63597	0.64879	-0.64879	-0.66739	0.66739	-0.69238	0.69238	0.69683	-0.69683	-0.71873	0.71873	0.72564	-0.72564	0.74164	-0.74164	0.74233	-0.74233	0.74502	-0.74502	-0.76827	0.76827	-0.76862	0.76862	-0.78266	0.78266	-0.78416	0.78416	0.78732	-0.78732	-0.79516	0.79516	0.79702	-0.79702	0.8168	-0.8168	0.82263	-0.82263	0.82574	-0.82574	-0.85716	0.85716	-0.85935	0.85935	0.87152	-0.87152	0.87799	-0.87799	-0.89013	0.89013	-0.89883	0.89883	0.90691	-0.90691	0.92697	-0.92697	-0.93141	0.93141	-0.93706	0.93706	0.93953	-0.93953	-0.94215	0.94215	-0.95811	0.95811	0.95903	-0.95903	-0.95965	0.95965	-0.97446	0.97446	-0.991	0.991	-0.99102	0.99102	-0.99258	0.99258	-0.9966	0.9966	-1.0034	1.0034	-1.0144	1.0144	-1.016	1.016	-1.0406	1.0406	1.0429	-1.0429	1.0437	-1.0437	1.0664	-1.0664	1.0676	-1.0676	-1.0763	1.0763	-1.0808	1.0808	-1.0979	1.0979	1.1072	-1.1072	1.1114	-1.1114	1.1173	-1.1173	-1.1203	1.1203	-1.1237	1.1237	-1.1449	1.1449	1.1522	-1.1522	-1.1651	1.1651	-1.1743	1.1743	-1.1878	1.1878	-1.1889	1.1889	-1.1928	1.1928	1.2135	-1.2135	-1.2282	1.2282	-1.2285	1.2285	1.2342	-1.2342	-1.2613	1.2613	-1.2686	1.2686	1.2764	-1.2764	-1.298	1.298	1.3097	-1.3097	-1.3321	1.3321	-1.3387	1.3387	1.3437	-1.3437	-1.3596	1.3596	1.3661	-1.3661	1.3829	-1.3829	-1.387	1.387	1.3906	-1.3906	1.3954	-1.3954	1.4081	-1.4081	-1.4199	1.4199	1.424	-1.424	-1.4404	1.4404	1.4476	-1.4476	-1.459	1.459	1.4603	-1.4603	-1.4692	1.4692	1.4812	-1.4812	-1.4885	1.4885	1.4922	-1.4922	1.495	-1.495	-1.5074	1.5074	-1.5127	1.5127	1.5166	-1.5166	-1.5324	1.5324	1.5336	-1.5336	1.5455	-1.5455	-1.559	1.559	-1.5592	1.5592	-1.5648	1.5648	1.5655	-1.5655	-1.5834	1.5834	-1.5841	1.5841	1.5993	-1.5993	-1.6059	1.6059	-1.6162	1.6162	-1.6372	1.6372	-1.6485	1.6485	-1.6521	1.6521	-1.6626	1.6626	1.6634	-1.6634	1.6759	-1.6759	1.6859	-1.6859	1.6959	-1.6959	-1.7	1.7	-1.7018	1.7018	-1.7132	1.7132	1.7317	-1.7317	1.738	-1.738	-1.7398	1.7398	1.7468	-1.7468	1.7593	-1.7593	1.7611	-1.7611	-1.771	1.771	1.7758	-1.7758	1.7846	-1.7846	-1.797	1.797	1.8015	-1.8015	1.8026	-1.8026	-1.8089	1.8089	-1.8278	1.8278	1.8315	-1.8315	-1.8433	1.8433	-1.8511	1.8511	1.8542	-1.8542	1.8584	-1.8584	1.8606	-1.8606	1.8682	-1.8682	1.8726	-1.8726	-1.8752	1.8752	-1.8911	1.8911	-1.9027	1.9027	-1.9042	1.9042	1.9421	-1.9421	1.9567	-1.9567	1.9578	-1.9578	-1.9913	1.9913	-1.9926	1.9926	-2.0009	2.0009	-2.0075	2.0075	-2.0158	2.0158	-2.0234	2.0234	2.0245	-2.0245	2.0271	-2.0271	2.0335	-2.0335	2.0441	-2.0441	-2.055	2.055	-2.0573	2.0573	-2.0639	2.0639	-2.0669	2.0669	2.0956	-2.0956	-2.101	2.101	2.1057	-2.1057	-2.1175	2.1175	2.1228	-2.1228	2.1362	-2.1362	-2.1396	2.1396	
0	-0.98	-0.035697	0.035697	0.088271	-0.088271	-0.11589	0.11589	0.15676	-0.15676	-0.15941	0.15941	0.17665	-0.17665	-0.20673	0.20673	-0.22173	0.22173	0.23318	-0.23318	-0.24731	0.24731	-0.26748	0.26748	0.30959	-0.30959	0.31269	-0.31269	-0.31966	0.31966	-0.32579	0.32579	0.32759	-0.32759	0.34095	-0.34095	0.35587	-0.35587	-0.36025	0.36025	-0.38093	0.38093	0.45443	-0.45443	-0.47106	0.47106	0.49657	-0.49657	-0.52097	0.52097	-0.53493	0.53493	0.54781	-0.54781	-0.57341	0.57341	-0.57857	0.57857	0.59776	-0.59776	-0.60445	0.60445	-0.60867	0.60867	-0.62553	0.62553	0.65171	-0.65171	-0.66068	0.66068	0.69316	-0.69316	0.69574	-0.69574	-0.7243	0.7243	0.72507	-0.72507	-0.73453	0.73453	-0.74156	0.74156	0.75176	-0.75176	0.75658	-0.75658	-0.77402	0.77402	-0.78245	0.78245	0.78826	-0.78826	0.79853	-0.79853	-0.82172	0.82172	-0.82323	0.82323	-0.83155	0.83155	-0.83549	0.83549	0.83791	-0.83791	0.85955	-0.85955	0.86624	-0.86624	-0.87183	0.87183	0.8875	-0.8875	-0.89053	0.89053	0.90267	-0.90267	0.90421	-0.90421	0.9269	-0.9269	-0.93153	0.93153	0.93718	-0.93718	0.93974	-0.93974	0.94209	-0.94209	-0.95834	0.95834	0.96074	-0.96074	0.96082	-0.96082	0.97447	-0.97447	0.99102	-0.99102	-0.99104	0.99104	-0.99262	0.99262	-0.99667	0.99667	1.0036	-1.0036	-1.0143	1.0143	1.0168	-1.0168	-1.0407	1.0407	-1.0437	1.0437	1.0439	-1.0439	1.0665	-1.0665	-1.0675	1.0675	-1.0725	1.0725	-1.0808	1.0808	1.0998	-1.0998	1.1073	-1.1073	-1.1114	1.1114	-1.1143	1.1143	1.1204	-1.1204	1.1237	-1.1237	1.1444	-1.1444	-1.1508	1.1508	1.1651	-1.1651	-1.1738	1.1738	-1.1853	1.1853	1.1875	-1.1875	-1.1927	1.1927	1.2132	-1.2132	1.228	-1.228	-1.2282	1.2282	-1.2336	1.2336	-1.2613	1.2613	1.2686	-1.2686	-1.2758	1.2758	1.298	-1.298	1.3096	-1.3096	1.332	-1.332	-1.3386	1.3386	1.3437	-1.3437	1.3607	-1.3607	1.3659	-1.3659	-1.3828	1.3828	1.3874	-1.3874	-1.3905	1.3905	-1.3953	1.3953	-1.4073	1.4073	1.4198	-1.4198	-1.4239	1.4239	-1.4401	1.4401	1.4476	-1.4476	-1.4587	1.4587	1.4604	-1.4604	-1.4691	1.4691	1.4812	-1.4812	1.4885	-1.4885	1.4924	-1.4924	-1.495	1.495	1.5074	-1.5074	1.5131	-1.5131	-1.5172	1.5172	-1.5325	1.5325	-1.5334	1.5334	1.5455	-1.5455	-1.5585	1.5585	1.5589	-1.5589	-1.5645	1.5645	1.5655	-1.5655	-1.5834	1.5834	-1.5837	1.5837	1.5992	-1.5992	-1.6061	1.6061	-1.6144	1.6144	-1.6371	1.6371	-1.6485	1.6485	1.6519	-1.6519	-1.663	1.663	-1.6636	1.6636	1.6764	-1.6764	-1.686	1.686	-1.696	1.696	1.7	-1.7	-1.7001	1.7001	1.7132	-1.7132	1.7313	-1.7313	1.7382	-1.7382	-1.74	1.74	1.7467	-1.7467	-1.7596	1.7596	1.7611	-1.7611	-1.7708	1.7708	-1.7756	1.7756	-1.784	1.784	1.7971	-1.7971	1.8015	-1.8015	-1.8028	1.8028	-1.8089	1.8089	1.8277	-1.8277	1.8314	-1.8314	1.8433	-1.8433	-1.8507	1.8507	1.8541	-1.8541	-1.8578	1.8578	1.8608	-1.8608	-1.8681	1.8681	1.8727	-1.8727	1.8758	-1.8758	-1.8884	1.8884	-1.9021	1.9021	-1.9024	1.9024	1.9422	-1.9422	-1.9561	1.9561	-1.9568	1.9568	-1.9914	1.9914	1.9926	-1.9926	-2.0009	2.0009	-2.0075	2.0075	-2.0159	2.0159	-2.0234	2.0234	-2.0249	2.0249	-2.0269	2.0269	-2.0335	2.0335	2.0444	-2.0444	-2.0558	2.0558	2.0564	-2.0564	-2.0637	2.0637	-2.0669	2.0669	-2.0947	2.0947	2.101	-2.101	2.1054	-2.1054	-2.1175	2.1175	-2.1229	2.1229	-2.1361	2.1361	-2.1396	2.1396	
0	-0.96	-0.046357	0.046357	-0.091647	0.091647	0.098851	-0.098851	-0.13122	0.13122	-0.18202	0.18202	-0.18228	0.18228	-0.1835	0.1835	0.21451	-0.21451	0.246	-0.246	0.2476	-0.2476	-0.27164	0.27164	0.29663	-0.29663	-0.29875	0.29875	0.31068	-0.31068	-0.31113	0.31113	-0.33943	0.33943	-0.36347	0.36347	0.36514	-0.36514	0.37216	-0.37216	-0.3958	0.3958	-0.44269	0.44269	-0.46131	0.46131	-0.51673	0.51673	-0.52272	0.52272	0.53279	-0.53279	0.54346	-0.54346	0.55303	-0.55303	-0.55758	0.55758	0.58592	-0.58592	-0.60026	0.60026	0.60556	-0.60556	0.61057	-0.61057	0.64714	-0.64714	0.65893	-0.65893	-0.688	0.688	0.69432	-0.69432	-0.7065	0.7065	-0.7231	0.7231	-0.72934	0.72934	0.74085	-0.74085	-0.75576	0.75576	0.75704	-0.75704	0.77736	-0.77736	-0.78538	0.78538	-0.80416	0.80416	0.81257	-0.81257	-0.84163	0.84163	0.84718	-0.84718	-0.85131	0.85131	0.85177	-0.85177	-0.86002	0.86002	-0.86365	0.86365	0.87166	-0.87166	-0.87863	0.87863	0.89085	-0.89085	0.90332	-0.90332	0.90579	-0.90579	0.90787	-0.90787	0.92737	-0.92737	0.93166	-0.93166	-0.93738	0.93738	-0.93996	0.93996	0.94253	-0.94253	-0.95888	0.95888	-0.96235	0.96235	-0.96311	0.96311	-0.97454	0.97454	-0.99108	0.99108	-0.99121	0.99121	0.99266	-0.99266	-0.9968	0.9968	1.0038	-1.0038	-1.0147	1.0147	-1.0184	1.0184	1.0407	-1.0407	-1.0438	1.0438	-1.0456	1.0456	1.0665	-1.0665	1.0673	-1.0673	1.0695	-1.0695	-1.0809	1.0809	1.1021	-1.1021	-1.1074	1.1074	1.1114	-1.1114	-1.1118	1.1118	1.1205	-1.1205	1.1236	-1.1236	1.1439	-1.1439	1.1496	-1.1496	1.1652	-1.1652	-1.1733	1.1733	1.1822	-1.1822	-1.1873	1.1873	1.1926	-1.1926	1.2129	-1.2129	-1.2279	1.2279	1.2279	-1.2279	1.2332	-1.2332	1.2613	-1.2613	-1.2685	1.2685	1.2752	-1.2752	-1.298	1.298	-1.3096	1.3096	-1.3319	1.3319	1.3385	-1.3385	-1.3437	1.3437	-1.3617	1.3617	-1.3657	1.3657	-1.3827	1.3827	1.3877	-1.3877	1.3905	-1.3905	-1.3951	1.3951	1.4067	-1.4067	-1.4197	1.4197	-1.4237	1.4237	-1.4398	1.4398	1.4476	-1.4476	1.4584	-1.4584	1.4606	-1.4606	1.4689	-1.4689	1.4812	-1.4812	-1.4885	1.4885	-1.4926	1.4926	-1.495	1.495	1.5073	-1.5073	-1.5132	1.5132	-1.5181	1.5181	-1.5326	1.5326	-1.5333	1.5333	-1.5457	1.5457	-1.5575	1.5575	-1.5586	1.5586	-1.5647	1.5647	-1.5654	1.5654	1.5833	-1.5833	1.5834	-1.5834	-1.5991	1.5991	1.6063	-1.6063	1.6127	-1.6127	1.6371	-1.6371	1.6484	-1.6484	-1.6517	1.6517	-1.6633	1.6633	1.6638	-1.6638	-1.6769	1.6769	-1.6861	1.6861	1.696	-1.696	-1.6981	1.6981	1.7002	-1.7002	-1.7132	1.7132	1.731	-1.731	1.7384	-1.7384	-1.7401	1.7401	1.7465	-1.7465	1.7599	-1.7599	1.761	-1.761	1.7706	-1.7706	-1.7753	1.7753	1.7834	-1.7834	1.7971	-1.7971	1.8014	-1.8014	1.8031	-1.8031	-1.8089	1.8089	-1.8276	1.8276	1.8312	-1.8312	1.8435	-1.8435	-1.8501	1.8501	1.8539	-1.8539	-1.8573	1.8573	1.861	-1.861	-1.868	1.868	1.8729	-1.8729	-1.8765	1.8765	-1.8855	1.8855	-1.9007	1.9007	-1.9017	1.9017	1.9422	-1.9422	-1.9543	1.9543	1.9569	-1.9569	-1.9915	1.9915	1.9927	-1.9927	2.0008	-2.0008	-2.0076	2.0076	-2.0159	2.0159	-2.0233	2.0233	2.0253	-2.0253	-2.0268	2.0268	2.0334	-2.0334	-2.0446	2.0446	-2.0553	2.0553	2.0566	-2.0566	2.0635	-2.0635	-2.0669	2.0669	2.0934	-2.0934	2.1009	-2.1009	-2.1056	2.1056	-2.1175	2.1175	-2.123	2.123	-2.136	2.136	-2.1397	2.1397	
0	-0.94	0.059844	-0.059844	0.06815	-0.06815	-0.10513	0.10513	0.11593	-0.11593	-0.15449	0.15449	-0.16041	0.16041	-0.20948	0.20948	0.22216	-0.22216	0.23034	-0.23034	-0.23821	0.23821	0.27017	-0.27017	0.27285	-0.27285	-0.29091	0.29091	-0.29946	0.29946	-0.31706	0.31706	-0.36582	0.36582	0.38724	-0.38724	0.38747	-0.38747	-0.39658	0.39658	0.40906	-0.40906	0.42821	-0.42821	-0.44223	0.44223	-0.50502	0.50502	0.52536	-0.52536	0.5317	-0.5317	-0.53231	0.53231	0.543	-0.543	-0.55443	0.55443	0.58123	-0.58123	0.58728	-0.58728	0.60029	-0.60029	0.6096	-0.6096	-0.62816	0.62816	-0.66384	0.66384	-0.66763	0.66763	0.69381	-0.69381	-0.69683	0.69683	-0.70245	0.70245	-0.73236	0.73236	0.74083	-0.74083	0.75798	-0.75798	0.76835	-0.76835	-0.77881	0.77881	-0.79192	0.79192	-0.8247	0.8247	-0.82639	0.82639	-0.85473	0.85473	0.85922	-0.85922	-0.86219	0.86219	0.87185	-0.87185	0.87546	-0.87546	-0.87927	0.87927	0.88781	-0.88781	-0.89131	0.89131	-0.89598	0.89598	0.91267	-0.91267	-0.9149	0.9149	0.92468	-0.92468	-0.92838	0.92838	-0.93186	0.93186	-0.93768	0.93768	-0.9402	0.9402	0.94391	-0.94391	0.9599	-0.9599	0.96434	-0.96434	0.9662	-0.9662	-0.97465	0.97465	-0.99118	0.99118	0.99155	-0.99155	0.9927	-0.9927	-0.99701	0.99701	1.0041	-1.0041	-1.0157	1.0157	1.0212	-1.0212	1.0408	-1.0408	-1.0438	1.0438	1.048	-1.048	-1.0661	1.0661	1.0665	-1.0665	-1.0682	1.0682	1.081	-1.081	-1.1049	1.1049	-1.1077	1.1077	-1.1096	1.1096	1.1114	-1.1114	1.1207	-1.1207	-1.1235	1.1235	-1.1435	1.1435	1.1486	-1.1486	-1.1653	1.1653	-1.1728	1.1728	-1.1798	1.1798	-1.187	1.187	1.1924	-1.1924	1.2127	-1.2127	-1.2276	1.2276	1.2278	-1.2278	1.233	-1.233	-1.2613	1.2613	-1.2685	1.2685	-1.2746	1.2746	-1.2979	1.2979	1.3095	-1.3095	-1.3318	1.3318	1.3384	-1.3384	-1.3436	1.3436	1.3627	-1.3627	-1.3655	1.3655	-1.3825	1.3825	-1.3879	1.3879	-1.3906	1.3906	-1.395	1.395	-1.406	1.406	-1.4195	1.4195	-1.4236	1.4236	-1.4396	1.4396	1.4475	-1.4475	1.4581	-1.4581	1.4609	-1.4609	-1.4686	1.4686	1.4811	-1.4811	1.4884	-1.4884	-1.4929	1.4929	-1.495	1.495	-1.5072	1.5072	1.5132	-1.5132	-1.5191	1.5191	1.5327	-1.5327	-1.5333	1.5333	1.5458	-1.5458	1.5564	-1.5564	-1.5582	1.5582	-1.5653	1.5653	1.5654	-1.5654	-1.583	1.583	-1.5831	1.5831	1.599	-1.599	-1.6064	1.6064	1.6111	-1.6111	1.6371	-1.6371	1.6484	-1.6484	-1.6514	1.6514	1.6636	-1.6636	-1.6639	1.6639	1.6775	-1.6775	1.6862	-1.6862	-1.6959	1.6959	-1.6963	1.6963	-1.7003	1.7003	1.7132	-1.7132	1.7307	-1.7307	-1.7385	1.7385	-1.7402	1.7402	1.7463	-1.7463	1.7602	-1.7602	-1.7609	1.7609	1.7704	-1.7704	-1.7751	1.7751	1.7827	-1.7827	-1.7971	1.7971	1.8013	-1.8013	1.8034	-1.8034	-1.809	1.809	1.8274	-1.8274	-1.8309	1.8309	-1.8436	1.8436	-1.8494	1.8494	-1.8537	1.8537	-1.8568	1.8568	-1.8614	1.8614	1.8679	-1.8679	1.873	-1.873	1.8772	-1.8772	-1.8826	1.8826	1.8991	-1.8991	1.9014	-1.9014	-1.9423	1.9423	1.9526	-1.9526	-1.957	1.957	-1.9916	1.9916	-1.9928	1.9928	-2.0008	2.0008	-2.0076	2.0076	-2.0159	2.0159	-2.0233	2.0233	2.0258	-2.0258	2.0266	-2.0266	2.0333	-2.0333	2.0447	-2.0447	2.0542	-2.0542	-2.0572	2.0572	-2.0634	2.0634	-2.0668	2.0668	-2.092	2.092	-2.1008	2.1008	-2.1061	2.1061	2.1175	-2.1175	2.1232	-2.1232	-2.1358	2.1358	-2.1397	2.1397	
0	-0.92	-0.035557	0.035557	-0.078812	0.078812	-0.085393	0.085393	-0.12502	0.12502	0.13439	-0.13439	0.13765	-0.13765	-0.19222	0.19222	-0.21682	0.21682	-0.23388	0.23388	-0.23911	0.23911	-0.24145	0.24145	0.24888	-0.24888	-0.28125	0.28125	0.32783	-0.32783	0.33727	-0.33727	0.38601	-0.38601	-0.39374	0.39374	0.41449	-0.41449	-0.41995	0.41995	0.42045	-0.42045	-0.42459	0.42459	-0.43216	0.43216	0.48207	-0.48207	-0.50414	0.50414	-0.50935	0.50935	-0.52165	0.52165	0.54445	-0.54445	-0.5566	0.5566	-0.58581	0.58581	0.59147	-0.59147	-0.60024	0.60024	-0.60739	0.60739	0.60935	-0.60935	-0.64456	0.64456	-0.66287	0.66287	0.67281	-0.67281	-0.69363	0.69363	0.70232	-0.70232	0.7345	-0.7345	0.74054	-0.74054	0.75959	-0.75959	-0.77533	0.77533	-0.77978	0.77978	0.80503	-0.80503	0.83866	-0.83866	-0.84499	0.84499	-0.85934	0.85934	-0.86591	0.86591	0.87289	-0.87289	-0.87354	0.87354	0.89145	-0.89145	-0.89208	0.89208	0.90733	-0.90733	-0.91081	0.91081	-0.91912	0.91912	0.92219	-0.92219	-0.93019	0.93019	0.9309	-0.9309	-0.93252	0.93252	-0.93801	0.93801	0.94048	-0.94048	-0.94714	0.94714	0.94768	-0.94768	-0.9618	0.9618	-0.96715	0.96715	0.97038	-0.97038	-0.97483	0.97483	0.99133	-0.99133	-0.9922	0.9922	-0.99273	0.99273	-0.99731	0.99731	-1.0043	1.0043	1.0174	-1.0174	-1.0255	1.0255	-1.0408	1.0408	1.0439	-1.0439	1.0513	-1.0513	1.0648	-1.0648	-1.0664	1.0664	-1.0679	1.0679	-1.0811	1.0811	-1.1077	1.1077	-1.1079	1.1079	1.1086	-1.1086	1.1114	-1.1114	-1.1208	1.1208	-1.1235	1.1235	-1.1432	1.1432	-1.1478	1.1478	1.1653	-1.1653	-1.1723	1.1723	1.1784	-1.1784	-1.1868	1.1868	-1.1923	1.1923	1.2125	-1.2125	-1.2273	1.2273	-1.2277	1.2277	-1.2329	1.2329	1.2614	-1.2614	1.2685	-1.2685	1.274	-1.274	1.2979	-1.2979	-1.3095	1.3095	1.3316	-1.3316	-1.3383	1.3383	-1.3436	1.3436	1.3637	-1.3637	1.3652	-1.3652	1.3824	-1.3824	1.3878	-1.3878	-1.3907	1.3907	-1.3948	1.3948	-1.4055	1.4055	-1.4194	1.4194	1.4234	-1.4234	1.4393	-1.4393	-1.4474	1.4474	1.4578	-1.4578	-1.4612	1.4612	-1.4684	1.4684	-1.481	1.481	-1.4883	1.4883	1.4931	-1.4931	-1.495	1.495	1.5071	-1.5071	1.5131	-1.5131	-1.5201	1.5201	-1.5328	1.5328	1.5332	-1.5332	1.5459	-1.5459	-1.5551	1.5551	-1.5578	1.5578	1.5654	-1.5654	-1.566	1.566	1.5827	-1.5827	-1.5828	1.5828	1.5989	-1.5989	-1.6065	1.6065	1.6096	-1.6096	1.6371	-1.6371	1.6482	-1.6482	-1.6511	1.6511	1.6639	-1.6639	-1.664	1.664	1.6781	-1.6781	1.6863	-1.6863	1.6942	-1.6942	1.6962	-1.6962	1.7003	-1.7003	1.7131	-1.7131	1.7304	-1.7304	1.7387	-1.7387	1.7404	-1.7404	1.746	-1.746	1.7605	-1.7605	1.7609	-1.7609	1.7703	-1.7703	-1.7749	1.7749	1.7821	-1.7821	-1.7971	1.7971	1.8012	-1.8012	-1.8038	1.8038	-1.8091	1.8091	-1.8272	1.8272	1.8306	-1.8306	1.8439	-1.8439	-1.8487	1.8487	-1.8534	1.8534	1.8564	-1.8564	-1.8617	1.8617	-1.8679	1.8679	-1.8731	1.8731	1.8779	-1.8779	-1.8797	1.8797	-1.8976	1.8976	1.9013	-1.9013	-1.9422	1.9422	-1.9509	1.9509	1.9571	-1.9571	1.9917	-1.9917	1.993	-1.993	2.0008	-2.0008	-2.0077	2.0077	2.0159	-2.0159	-2.0233	2.0233	2.0262	-2.0262	2.0265	-2.0265	2.0332	-2.0332	2.0448	-2.0448	-2.053	2.053	-2.0577	2.0577	2.0634	-2.0634	2.0668	-2.0668	2.0904	-2.0904	-2.1008	2.1008	-2.1067	2.1067	-2.1174	2.1174	2.1234	-2.1234	2.1356	-2.1356	-2.1398	2.1398	
0	-0.9	-0.0076962	0.0076962	-0.052543	0.052543	-0.097088	0.097088	-0.1076	0.1076	0.10798	-0.10798	0.15962	-0.15962	-0.16393	0.16393	0.1912	-0.1912	-0.21247	0.21247	0.21332	-0.21332	-0.22461	0.22461	-0.26684	0.26684	0.29569	-0.29569	-0.35607	0.35607	-0.35789	0.35789	0.3688	-0.3688	-0.39793	0.39793	-0.42211	0.42211	-0.42625	0.42625	-0.44243	0.44243	0.4514	-0.4514	0.45476	-0.45476	0.45729	-0.45729	-0.48199	0.48199	-0.48774	0.48774	-0.49742	0.49742	-0.53553	0.53553	0.55375	-0.55375	-0.57801	0.57801	0.59088	-0.59088	-0.60827	0.60827	0.60908	-0.60908	0.61587	-0.61587	0.62756	-0.62756	0.63828	-0.63828	-0.67088	0.67088	-0.69363	0.69363	0.70272	-0.70272	0.73601	-0.73601	0.74019	-0.74019	0.761	-0.761	0.77832	-0.77832	-0.78056	0.78056	-0.82225	0.82225	0.84852	-0.84852	-0.85626	0.85626	0.86749	-0.86749	-0.86875	0.86875	0.87356	-0.87356	-0.88704	0.88704	-0.89371	0.89371	-0.90581	0.90581	-0.92402	0.92402	-0.93043	0.93043	-0.93244	0.93244	0.93507	-0.93507	0.93579	-0.93579	-0.93838	0.93838	0.94086	-0.94086	-0.94746	0.94746	0.95262	-0.95262	-0.95558	0.95558	-0.96576	0.96576	-0.96876	0.96876	0.97239	-0.97239	0.97516	-0.97516	0.97789	-0.97789	0.99156	-0.99156	0.99277	-0.99277	-0.99367	0.99367	-0.99783	0.99783	1.0046	-1.0046	1.0202	-1.0202	1.032	-1.032	-1.0409	1.0409	1.0439	-1.0439	-1.0557	1.0557	1.0648	-1.0648	1.0664	-1.0664	-1.0679	1.0679	1.0813	-1.0813	-1.1064	1.1064	-1.1083	1.1083	1.1109	-1.1109	1.1128	-1.1128	-1.121	1.121	1.1234	-1.1234	1.143	-1.143	-1.1471	1.1471	1.1654	-1.1654	1.1718	-1.1718	1.178	-1.178	1.1866	-1.1866	-1.1922	1.1922	1.2124	-1.2124	1.2271	-1.2271	1.2276	-1.2276	-1.2329	1.2329	-1.2615	1.2615	-1.2684	1.2684	1.2734	-1.2734	-1.2979	1.2979	1.3094	-1.3094	-1.3315	1.3315	1.3383	-1.3383	-1.3436	1.3436	1.3646	-1.3646	-1.3649	1.3649	-1.3822	1.3822	1.3877	-1.3877	1.3909	-1.3909	-1.3946	1.3946	-1.4051	1.4051	-1.4192	1.4192	1.4232	-1.4232	1.439	-1.439	1.4473	-1.4473	1.4575	-1.4575	-1.4617	1.4617	1.468	-1.468	-1.4809	1.4809	1.4882	-1.4882	-1.4933	1.4933	-1.495	1.495	-1.5069	1.5069	1.513	-1.513	1.5211	-1.5211	-1.533	1.533	-1.5332	1.5332	-1.5461	1.5461	1.5538	-1.5538	-1.5573	1.5573	-1.5654	1.5654	1.5669	-1.5669	-1.5824	1.5824	-1.5824	1.5824	-1.5988	1.5988	-1.6064	1.6064	1.6086	-1.6086	1.6371	-1.6371	1.6481	-1.6481	-1.6507	1.6507	1.6641	-1.6641	1.6642	-1.6642	1.6787	-1.6787	1.6864	-1.6864	-1.6922	1.6922	1.6963	-1.6963	1.7003	-1.7003	-1.7131	1.7131	-1.7302	1.7302	-1.7388	1.7388	1.7405	-1.7405	-1.7456	1.7456	1.7608	-1.7608	1.7608	-1.7608	1.7702	-1.7702	-1.7746	1.7746	1.7815	-1.7815	-1.7971	1.7971	-1.8011	1.8011	1.804	-1.804	1.8092	-1.8092	-1.827	1.827	-1.8302	1.8302	1.8441	-1.8441	-1.8479	1.8479	-1.8531	1.8531	1.8561	-1.8561	-1.8621	1.8621	-1.8678	1.8678	-1.8732	1.8732	1.8768	-1.8768	1.8787	-1.8787	1.8962	-1.8962	-1.9012	1.9012	-1.9421	1.9421	-1.9493	1.9493	1.9572	-1.9572	1.9917	-1.9917	-1.9933	1.9933	-2.0008	2.0008	-2.0077	2.0077	-2.0159	2.0159	-2.0233	2.0233	2.0263	-2.0263	-2.0267	2.0267	2.033	-2.033	2.0448	-2.0448	2.0516	-2.0516	2.0579	-2.0579	2.0635	-2.0635	-2.0668	2.0668	2.0888	-2.0888	-2.1007	2.1007	2.1075	-2.1075	-2.1174	2.1174	2.1236	-2.1236	-2.1354	2.1354	-2.1398	2.1398	
0	-0.88	-0.020041	0.020041	0.026773	-0.026773	0.068886	-0.068886	-0.080958	0.080958	-0.13069	0.13069	0.13632	-0.13632	0.16418	-0.16418	0.18305	-0.18305	0.18362	-0.18362	0.18749	-0.18749	0.19846	-0.19846	0.29471	-0.29471	-0.31718	0.31718	-0.3384	0.3384	0.37436	-0.37436	0.38479	-0.38479	-0.38882	0.38882	0.42153	-0.42153	-0.4328	0.4328	0.45062	-0.45062	-0.45879	0.45879	-0.46607	0.46607	-0.47052	0.47052	-0.47425	0.47425	0.48072	-0.48072	0.4831	-0.4831	-0.51195	0.51195	-0.5521	0.5521	0.56157	-0.56157	-0.57194	0.57194	-0.6071	0.6071	-0.6096	0.6096	-0.62214	0.62214	-0.63426	0.63426	-0.63493	0.63493	-0.67174	0.67174	-0.69372	0.69372	0.70342	-0.70342	-0.73709	0.73709	-0.73981	0.73981	0.76235	-0.76235	0.77978	-0.77978	0.78126	-0.78126	-0.84	0.84	-0.85446	0.85446	0.85751	-0.85751	0.87124	-0.87124	-0.87555	0.87555	0.87908	-0.87908	0.89706	-0.89706	0.90103	-0.90103	0.91598	-0.91598	0.92807	-0.92807	-0.93142	0.93142	-0.93848	0.93848	0.93925	-0.93925	0.94204	-0.94204	0.95149	-0.95149	-0.95684	0.95684	-0.96347	0.96347	-0.96839	0.96839	0.97135	-0.97135	-0.97495	0.97495	0.98083	-0.98083	-0.98177	0.98177	-0.98731	0.98731	-0.99139	0.99139	0.99241	-0.99241	0.99282	-0.99282	0.99721	-0.99721	1.0032	-1.0032	1.0051	-1.0051	1.0253	-1.0253	-1.0409	1.0409	1.0409	-1.0409	1.044	-1.044	-1.061	1.061	-1.0661	1.0661	1.0674	-1.0674	1.0684	-1.0684	1.0815	-1.0815	1.1052	-1.1052	-1.1089	1.1089	1.111	-1.111	-1.1168	1.1168	-1.1217	1.1217	-1.1234	1.1234	1.1429	-1.1429	1.1468	-1.1468	-1.1654	1.1654	-1.1714	1.1714	-1.179	1.179	1.1864	-1.1864	1.1921	-1.1921	-1.2123	1.2123	-1.2268	1.2268	1.2276	-1.2276	-1.233	1.233	-1.2616	1.2616	-1.2684	1.2684	-1.2728	1.2728	-1.2978	1.2978	-1.3093	1.3093	-1.3313	1.3313	-1.3384	1.3384	-1.3436	1.3436	1.3646	-1.3646	1.3655	-1.3655	-1.382	1.382	-1.3874	1.3874	-1.391	1.391	-1.3945	1.3945	1.4047	-1.4047	-1.4191	1.4191	-1.423	1.423	-1.4388	1.4388	-1.4472	1.4472	-1.4573	1.4573	1.4622	-1.4622	1.4677	-1.4677	-1.4808	1.4808	1.4881	-1.4881	-1.4935	1.4935	-1.495	1.495	1.5066	-1.5066	1.5129	-1.5129	-1.522	1.522	1.5332	-1.5332	1.5332	-1.5332	-1.5463	1.5463	1.5525	-1.5525	1.5568	-1.5568	-1.5655	1.5655	-1.5678	1.5678	1.5819	-1.5819	1.5821	-1.5821	1.5987	-1.5987	1.6058	-1.6058	-1.6082	1.6082	-1.637	1.637	-1.6479	1.6479	-1.6503	1.6503	-1.6642	1.6642	1.6645	-1.6645	1.6793	-1.6793	-1.6864	1.6864	1.6903	-1.6903	1.6964	-1.6964	1.7003	-1.7003	-1.713	1.713	1.7299	-1.7299	1.7389	-1.7389	1.7407	-1.7407	1.7451	-1.7451	1.7607	-1.7607	-1.7612	1.7612	-1.7701	1.7701	-1.7744	1.7744	1.7809	-1.7809	1.7971	-1.7971	1.801	-1.801	1.8042	-1.8042	-1.8094	1.8094	1.8269	-1.8269	-1.8298	1.8298	1.8444	-1.8444	-1.847	1.847	-1.8528	1.8528	-1.8558	1.8558	-1.8626	1.8626	-1.8677	1.8677	-1.8734	1.8734	1.8741	-1.8741	1.8795	-1.8795	-1.895	1.895	-1.9012	1.9012	1.9419	-1.9419	-1.9478	1.9478	1.9572	-1.9572	1.9917	-1.9917	-1.9936	1.9936	-2.0008	2.0008	2.0077	-2.0077	-2.016	2.016	-2.0233	2.0233	2.0262	-2.0262	-2.0272	2.0272	-2.0328	2.0328	2.0447	-2.0447	2.0502	-2.0502	2.0579	-2.0579	-2.0639	2.0639	2.0668	-2.0668	-2.0872	2.0872	-2.1007	2.1007	-2.1083	2.1083	-2.1173	2.1173	-2.1239	2.1239	2.1351	-2.1351	2.1399	-2.1399	
0	-0.86	-0.0028471	0.0028471	-0.037136	0.037136	-0.051383	0.051383	-0.055517	0.055517	-0.10665	0.10665	-0.13667	0.13667	0.15477	-0.15477	-0.15612	0.15612	0.16088	-0.16088	-0.17244	0.17244	-0.20727	0.20727	-0.31238	0.31238	-0.32255	0.32255	0.33936	-0.33936	-0.35112	0.35112	-0.40126	0.40126	-0.41088	0.41088	0.41271	-0.41271	-0.41458	0.41458	0.4348	-0.4348	0.44181	-0.44181	-0.46962	0.46962	-0.4791	0.4791	0.49029	-0.49029	0.49875	-0.49875	0.50257	-0.50257	-0.51132	0.51132	-0.52517	0.52517	-0.54704	0.54704	-0.56713	0.56713	0.57938	-0.57938	-0.60815	0.60815	-0.62386	0.62386	-0.6517	0.6517	0.65982	-0.65982	0.67226	-0.67226	0.69389	-0.69389	-0.70468	0.70468	-0.73796	0.73796	-0.73941	0.73941	0.76369	-0.76369	-0.78061	0.78061	0.78192	-0.78192	0.85461	-0.85461	-0.8577	0.8577	-0.85807	0.85807	0.87216	-0.87216	0.88207	-0.88207	-0.88401	0.88401	0.90215	-0.90215	-0.91527	0.91527	0.92129	-0.92129	0.93156	-0.93156	-0.93174	0.93174	0.93861	-0.93861	-0.94071	0.94071	-0.9468	0.9468	0.966	-0.966	-0.96898	0.96898	-0.97188	0.97188	-0.97532	0.97532	-0.97769	0.97769	-0.9883	0.9883	-0.99124	0.99124	-0.99286	0.99286	-0.99624	0.99624	0.99812	-0.99812	1.0027	-1.0027	-1.0029	1.0029	-1.0086	1.0086	-1.0145	1.0145	-1.0189	1.0189	-1.0379	1.0379	-1.041	1.041	-1.0441	1.0441	-1.0522	1.0522	-1.0661	1.0661	1.0661	-1.0661	-1.0682	1.0682	1.0763	-1.0763	-1.0818	1.0818	1.1045	-1.1045	-1.1098	1.1098	1.111	-1.111	-1.1193	1.1193	-1.123	1.123	-1.1254	1.1254	1.143	-1.143	-1.1467	1.1467	-1.1655	1.1655	1.171	-1.171	1.1816	-1.1816	-1.1863	1.1863	-1.192	1.192	-1.2122	1.2122	1.2266	-1.2266	1.2277	-1.2277	1.2331	-1.2331	-1.2618	1.2618	1.2684	-1.2684	-1.2722	1.2722	-1.2977	1.2977	1.3093	-1.3093	1.3311	-1.3311	1.3384	-1.3384	-1.3436	1.3436	-1.3643	1.3643	1.3663	-1.3663	-1.3818	1.3818	-1.3871	1.3871	1.3911	-1.3911	1.3944	-1.3944	-1.4045	1.4045	-1.4189	1.4189	-1.4228	1.4228	-1.4386	1.4386	1.4471	-1.4471	-1.4571	1.4571	-1.4627	1.4627	-1.4672	1.4672	-1.4806	1.4806	1.4879	-1.4879	-1.4937	1.4937	-1.4949	1.4949	1.5063	-1.5063	-1.5128	1.5128	-1.5229	1.5229	1.5333	-1.5333	-1.5335	1.5335	1.5465	-1.5465	1.5513	-1.5513	1.5562	-1.5562	1.5655	-1.5655	-1.5688	1.5688	-1.5813	1.5813	1.5818	-1.5818	1.5986	-1.5986	1.6048	-1.6048	-1.6083	1.6083	-1.637	1.637	1.6477	-1.6477	1.6498	-1.6498	-1.6642	1.6642	1.6647	-1.6647	-1.6798	1.6798	1.6864	-1.6864	-1.6884	1.6884	-1.6965	1.6965	-1.7002	1.7002	1.7129	-1.7129	1.7297	-1.7297	-1.739	1.739	-1.7408	1.7408	-1.7446	1.7446	-1.7606	1.7606	-1.7616	1.7616	-1.77	1.77	1.7742	-1.7742	1.7803	-1.7803	1.797	-1.797	1.8009	-1.8009	1.8044	-1.8044	-1.8096	1.8096	-1.8267	1.8267	-1.8292	1.8292	1.8447	-1.8447	-1.8461	1.8461	1.8524	-1.8524	1.8555	-1.8555	-1.8631	1.8631	-1.8675	1.8675	1.8717	-1.8717	-1.8735	1.8735	1.8802	-1.8802	1.8939	-1.8939	1.9013	-1.9013	-1.9415	1.9415	-1.9464	1.9464	-1.9573	1.9573	1.9916	-1.9916	-1.9941	1.9941	2.0008	-2.0008	-2.0077	2.0077	-2.016	2.016	-2.0233	2.0233	2.0261	-2.0261	-2.0277	2.0277	-2.0326	2.0326	2.0446	-2.0446	2.0486	-2.0486	2.0576	-2.0576	2.0644	-2.0644	-2.0668	2.0668	2.0856	-2.0856	2.1006	-2.1006	2.1091	-2.1091	2.1172	-2.1172	-2.1242	2.1242	2.1349	-2.1349	-2.1399	2.1399	
0	-0.84	0.010001	-0.010001	-0.01115	0.01115	0.039791	-0.039791	-0.077117	0.077117	-0.078438	0.078438	-0.10906	0.10906	0.12639	-0.12639	0.13401	-0.13401	-0.14818	0.14818	0.18073	-0.18073	0.23174	-0.23174	0.28576	-0.28576	-0.32751	0.32751	0.35029	-0.35029	0.35712	-0.35712	0.37978	-0.37978	-0.38757	0.38757	-0.41028	0.41028	-0.41424	0.41424	0.43938	-0.43938	-0.44211	0.44211	0.45505	-0.45505	0.48405	-0.48405	0.49761	-0.49761	0.50749	-0.50749	0.51808	-0.51808	0.52665	-0.52665	-0.52892	0.52892	-0.53977	0.53977	0.55041	-0.55041	-0.5709	0.5709	0.6075	-0.6075	0.6279	-0.6279	-0.66698	0.66698	-0.67234	0.67234	0.68483	-0.68483	-0.6941	0.6941	0.70717	-0.70717	-0.73884	0.73884	-0.739	0.739	0.76504	-0.76504	-0.78113	0.78113	0.78259	-0.78259	0.8552	-0.8552	-0.85766	0.85766	-0.86912	0.86912	0.87485	-0.87485	-0.88566	0.88566	-0.89041	0.89041	-0.9068	0.9068	0.92414	-0.92414	0.92453	-0.92453	0.93164	-0.93164	0.93851	-0.93851	-0.93951	0.93951	-0.94109	0.94109	0.95027	-0.95027	0.97278	-0.97278	-0.97538	0.97538	0.97719	-0.97719	0.98242	-0.98242	-0.98864	0.98864	0.99279	-0.99279	-0.99303	0.99303	0.99318	-0.99318	0.99859	-0.99859	-1.005	1.005	1.0166	-1.0166	1.0216	-1.0216	1.0309	-1.0309	1.0326	-1.0326	-1.041	1.041	1.0427	-1.0427	1.0442	-1.0442	-1.0611	1.0611	1.0651	-1.0651	-1.0662	1.0662	-1.0677	1.0677	1.0742	-1.0742	1.0821	-1.0821	-1.0902	1.0902	-1.1045	1.1045	-1.1108	1.1108	-1.1111	1.1111	-1.1198	1.1198	1.1231	-1.1231	-1.1313	1.1313	1.1434	-1.1434	1.1471	-1.1471	-1.1655	1.1655	1.1707	-1.1707	-1.186	1.186	1.1862	-1.1862	-1.1919	1.1919	-1.2121	1.2121	1.2265	-1.2265	-1.2278	1.2278	-1.2333	1.2333	-1.262	1.262	-1.2683	1.2683	1.2717	-1.2717	1.2976	-1.2976	-1.3092	1.3092	-1.3308	1.3308	-1.3385	1.3385	-1.3436	1.3436	-1.364	1.364	-1.3672	1.3672	1.3815	-1.3815	1.3868	-1.3868	-1.3911	1.3911	1.3944	-1.3944	1.4043	-1.4043	-1.4188	1.4188	1.4225	-1.4225	1.4384	-1.4384	-1.447	1.447	1.4568	-1.4568	1.4633	-1.4633	-1.4668	1.4668	-1.4804	1.4804	-1.4877	1.4877	-1.4939	1.4939	-1.4949	1.4949	1.506	-1.506	-1.5127	1.5127	-1.5237	1.5237	1.5333	-1.5333	-1.5338	1.5338	1.5468	-1.5468	1.55	-1.55	-1.5556	1.5556	-1.5656	1.5656	1.5698	-1.5698	-1.5806	1.5806	-1.5816	1.5816	-1.5985	1.5985	1.6039	-1.6039	1.6086	-1.6086	-1.6369	1.6369	-1.6475	1.6475	1.6493	-1.6493	-1.6641	1.6641	-1.665	1.665	-1.6802	1.6802	1.6864	-1.6864	1.6868	-1.6868	-1.6966	1.6966	1.7002	-1.7002	-1.7127	1.7127	1.7296	-1.7296	1.7391	-1.7391	-1.7409	1.7409	1.744	-1.744	1.7605	-1.7605	1.762	-1.762	-1.7699	1.7699	-1.774	1.774	-1.7797	1.7797	-1.797	1.797	-1.8008	1.8008	1.8044	-1.8044	-1.8099	1.8099	1.8265	-1.8265	-1.8285	1.8285	-1.845	1.845	1.8452	-1.8452	-1.852	1.852	-1.8552	1.8552	1.8636	-1.8636	1.8668	-1.8668	1.8699	-1.8699	1.8736	-1.8736	1.8809	-1.8809	-1.893	1.893	1.9014	-1.9014	1.9409	-1.9409	-1.9454	1.9454	-1.9573	1.9573	1.9915	-1.9915	-1.9945	1.9945	2.0008	-2.0008	-2.0077	2.0077	2.016	-2.016	2.0232	-2.0232	-2.026	2.026	2.0283	-2.0283	2.0323	-2.0323	2.0444	-2.0444	-2.047	2.047	2.0571	-2.0571	2.0651	-2.0651	2.0668	-2.0668	2.084	-2.084	2.1005	-2.1005	2.1099	-2.1099	2.117	-2.117	2.1246	-2.1246	-2.1346	2.1346	-2.14	2.14	
0	-0.82	-0.0065907	0.0065907	-0.015744	0.015744	-0.049192	0.049192	-0.051674	0.051674	-0.081653	0.081653	-0.098309	0.098309	-0.10515	0.10515	-0.10719	0.10719	-0.12897	0.12897	-0.20552	0.20552	0.25637	-0.25637	0.25904	-0.25904	-0.30387	0.30387	-0.34286	0.34286	0.36227	-0.36227	-0.3779	0.3779	0.38403	-0.38403	-0.38655	0.38655	-0.39084	0.39084	0.43106	-0.43106	-0.46513	0.46513	-0.46985	0.46985	-0.47008	0.47008	-0.48837	0.48837	-0.49188	0.49188	-0.52151	0.52151	-0.53571	0.53571	0.55161	-0.55161	0.5544	-0.5544	-0.56798	0.56798	-0.5734	0.5734	0.60678	-0.60678	0.63271	-0.63271	-0.67222	0.67222	0.67836	-0.67836	-0.69436	0.69436	0.70921	-0.70921	0.71194	-0.71194	-0.73859	0.73859	-0.74015	0.74015	-0.76636	0.76636	-0.78145	0.78145	0.78332	-0.78332	-0.85401	0.85401	-0.85752	0.85752	-0.87074	0.87074	0.88532	-0.88532	-0.88623	0.88623	0.89867	-0.89867	-0.91043	0.91043	-0.92694	0.92694	0.92737	-0.92737	0.93171	-0.93171	-0.93864	0.93864	-0.94138	0.94138	0.94972	-0.94972	-0.95254	0.95254	-0.97591	0.97591	-0.9767	0.9767	0.98434	-0.98434	0.98963	-0.98963	-0.99181	0.99181	-0.99293	0.99293	-0.99673	0.99673	-0.99952	0.99952	1.0026	-1.0026	-1.0089	1.0089	1.0274	-1.0274	-1.0409	1.0409	1.0418	-1.0418	1.0443	-1.0443	-1.051	1.051	-1.0563	1.0563	-1.0658	1.0658	1.0678	-1.0678	1.0711	-1.0711	1.0819	-1.0819	1.0825	-1.0825	-1.0853	1.0853	1.0874	-1.0874	1.1037	-1.1037	1.1107	-1.1107	-1.1108	1.1108	1.113	-1.113	-1.1199	1.1199	1.123	-1.123	-1.1376	1.1376	-1.1451	1.1451	-1.1483	1.1483	-1.1654	1.1654	-1.1706	1.1706	-1.1862	1.1862	1.1919	-1.1919	-1.1923	1.1923	-1.2122	1.2122	-1.2264	1.2264	-1.2279	1.2279	-1.2335	1.2335	-1.2622	1.2622	1.2682	-1.2682	-1.2711	1.2711	-1.2975	1.2975	-1.3091	1.3091	1.3305	-1.3305	-1.3386	1.3386	1.3436	-1.3436	-1.3637	1.3637	1.368	-1.368	1.3812	-1.3812	1.3864	-1.3864	1.391	-1.391	1.3945	-1.3945	1.4043	-1.4043	-1.4186	1.4186	-1.4223	1.4223	-1.4382	1.4382	-1.4468	1.4468	1.4566	-1.4566	1.464	-1.464	-1.4663	1.4663	1.4801	-1.4801	1.4875	-1.4875	-1.4941	1.4941	-1.4949	1.4949	1.5056	-1.5056	1.5126	-1.5126	1.5245	-1.5245	-1.5334	1.5334	-1.5341	1.5341	-1.5471	1.5471	1.5489	-1.5489	-1.5549	1.5549	-1.5657	1.5657	-1.5707	1.5707	-1.5798	1.5798	-1.5815	1.5815	1.5984	-1.5984	-1.603	1.603	-1.609	1.609	-1.6368	1.6368	-1.6472	1.6472	1.6488	-1.6488	-1.664	1.664	1.6653	-1.6653	-1.6802	1.6802	-1.6856	1.6856	-1.6864	1.6864	-1.6968	1.6968	-1.7	1.7	1.7126	-1.7126	-1.7294	1.7294	1.7391	-1.7391	1.7411	-1.7411	-1.7433	1.7433	-1.7604	1.7604	-1.7624	1.7624	-1.7698	1.7698	-1.7738	1.7738	1.7792	-1.7792	1.7969	-1.7969	1.8007	-1.8007	-1.8044	1.8044	-1.8102	1.8102	-1.8264	1.8264	-1.8278	1.8278	1.8443	-1.8443	-1.8453	1.8453	1.8516	-1.8516	1.8548	-1.8548	-1.8641	1.8641	-1.8653	1.8653	-1.8691	1.8691	1.8738	-1.8738	-1.8815	1.8815	1.8924	-1.8924	1.9016	-1.9016	1.9399	-1.9399	-1.9447	1.9447	-1.9573	1.9573	-1.9914	1.9914	1.995	-1.995	2.0008	-2.0008	-2.0077	2.0077	2.016	-2.016	-2.0231	2.0231	-2.026	2.026	2.0288	-2.0288	2.0321	-2.0321	2.0441	-2.0441	-2.0453	2.0453	-2.0565	2.0565	2.0659	-2.0659	-2.0668	2.0668	-2.0825	2.0825	-2.1004	2.1004	2.1107	-2.1107	2.1169	-2.1169	-2.1249	2.1249	2.1344	-2.1344	2.1401	-2.1401	
0	-0.8	-0.018927	0.018927	0.028642	-0.028642	-0.047807	0.047807	-0.054715	0.054715	0.054902	-0.054902	0.073917	-0.073917	-0.081055	0.081055	-0.12332	0.12332	-0.13237	0.13237	0.23038	-0.23038	0.2325	-0.2325	-0.28038	0.28038	0.28107	-0.28107	0.31652	-0.31652	-0.3367	0.3367	-0.35873	0.35873	-0.35992	0.35992	-0.4027	0.4027	-0.40533	0.40533	-0.4136	0.4136	0.44201	-0.44201	-0.46413	0.46413	-0.49065	0.49065	0.4907	-0.4907	0.4961	-0.4961	0.49796	-0.49796	-0.56373	0.56373	-0.57157	0.57157	-0.57846	0.57846	0.58189	-0.58189	0.59599	-0.59599	0.60597	-0.60597	-0.63758	0.63758	-0.67187	0.67187	0.68486	-0.68486	-0.69473	0.69473	0.71886	-0.71886	-0.73266	0.73266	-0.73831	0.73831	0.74276	-0.74276	0.76765	-0.76765	0.78166	-0.78166	0.78413	-0.78413	0.85254	-0.85254	-0.85731	0.85731	0.87073	-0.87073	0.88637	-0.88637	0.89471	-0.89471	-0.90615	0.90615	-0.91309	0.91309	0.92808	-0.92808	-0.93037	0.93037	0.93194	-0.93194	0.93862	-0.93862	0.94166	-0.94166	-0.95439	0.95439	0.95737	-0.95737	-0.97631	0.97631	0.98028	-0.98028	0.99134	-0.99134	-0.99227	0.99227	0.99296	-0.99296	0.99535	-0.99535	0.99932	-0.99932	1.0029	-1.0029	1.0049	-1.0049	-1.0215	1.0215	-1.0332	1.0332	1.0411	-1.0411	-1.0444	1.0444	1.0643	-1.0643	1.0654	-1.0654	1.0666	-1.0666	-1.0681	1.0681	-1.0812	1.0812	-1.0837	1.0837	1.0949	-1.0949	-1.0987	1.0987	-1.1039	1.1039	1.1107	-1.1107	1.1118	-1.1118	1.1122	-1.1122	-1.1183	1.1183	-1.1201	1.1201	1.123	-1.123	1.131	-1.131	1.1405	-1.1405	-1.1508	1.1508	-1.1519	1.1519	-1.1654	1.1654	-1.1708	1.1708	1.1863	-1.1863	1.1918	-1.1918	-1.2004	1.2004	1.2126	-1.2126	1.2268	-1.2268	1.2281	-1.2281	-1.2337	1.2337	1.2625	-1.2625	-1.2682	1.2682	-1.2706	1.2706	-1.2974	1.2974	-1.309	1.309	1.3302	-1.3302	-1.3388	1.3388	-1.3436	1.3436	-1.3633	1.3633	1.3689	-1.3689	1.3809	-1.3809	-1.3859	1.3859	1.3908	-1.3908	-1.3946	1.3946	-1.4044	1.4044	1.4184	-1.4184	1.4221	-1.4221	1.438	-1.438	-1.4466	1.4466	-1.4564	1.4564	-1.4647	1.4647	-1.4657	1.4657	1.4799	-1.4799	1.4873	-1.4873	-1.4944	1.4944	-1.4948	1.4948	1.5052	-1.5052	1.5125	-1.5125	1.5251	-1.5251	-1.5334	1.5334	1.5344	-1.5344	1.5474	-1.5474	1.5478	-1.5478	-1.5541	1.5541	1.5658	-1.5658	-1.5714	1.5714	-1.579	1.579	1.5815	-1.5815	1.5983	-1.5983	-1.6022	1.6022	1.6094	-1.6094	-1.6367	1.6367	-1.6469	1.6469	-1.6482	1.6482	1.6638	-1.6638	-1.6655	1.6655	-1.6795	1.6795	-1.6852	1.6852	1.6863	-1.6863	1.6969	-1.6969	-1.6999	1.6999	1.7124	-1.7124	1.7293	-1.7293	1.7392	-1.7392	-1.7412	1.7412	1.7426	-1.7426	-1.7603	1.7603	-1.7628	1.7628	-1.7697	1.7697	1.7736	-1.7736	-1.7787	1.7787	1.7968	-1.7968	-1.8005	1.8005	1.8043	-1.8043	1.8106	-1.8106	1.8263	-1.8263	1.8269	-1.8269	1.8433	-1.8433	-1.8457	1.8457	1.8512	-1.8512	1.8544	-1.8544	1.8636	-1.8636	-1.8646	1.8646	1.8689	-1.8689	-1.8739	1.8739	-1.882	1.882	1.8921	-1.8921	1.9018	-1.9018	-1.9387	1.9387	-1.9442	1.9442	1.9573	-1.9573	1.9913	-1.9913	-1.9956	1.9956	2.0009	-2.0009	2.0077	-2.0077	2.016	-2.016	2.023	-2.023	-2.0261	2.0261	2.0294	-2.0294	2.0318	-2.0318	2.0431	-2.0431	2.0441	-2.0441	-2.0558	2.0558	2.0667	-2.0667	-2.0668	2.0668	-2.0809	2.0809	2.1003	-2.1003	2.1114	-2.1114	2.1167	-2.1167	2.1253	-2.1253	-2.1343	2.1343	-2.1401	2.1401	
0	-0.78	0.0061382	-0.0061382	0.028272	-0.028272	0.033772	-0.033772	-0.041447	0.041447	-0.057448	0.057448	0.069726	-0.069726	0.07458	-0.07458	-0.13598	0.13598	-0.15975	0.15975	-0.20644	0.20644	0.25524	-0.25524	0.25729	-0.25729	-0.2893	0.2893	-0.30577	0.30577	0.31102	-0.31102	0.33098	-0.33098	0.33471	-0.33471	0.37859	-0.37859	0.41423	-0.41423	0.43254	-0.43254	-0.43322	0.43322	-0.43631	0.43631	-0.46373	0.46373	0.50009	-0.50009	-0.51583	0.51583	-0.52566	0.52566	0.57398	-0.57398	-0.59151	0.59151	0.59995	-0.59995	0.60503	-0.60503	-0.60914	0.60914	0.62371	-0.62371	-0.64214	0.64214	0.67133	-0.67133	0.68768	-0.68768	-0.69527	0.69527	0.72505	-0.72505	0.73759	-0.73759	0.74822	-0.74822	0.75545	-0.75545	-0.76888	0.76888	0.7818	-0.7818	0.78504	-0.78504	0.85109	-0.85109	0.85705	-0.85705	-0.87055	0.87055	-0.8863	0.8863	0.90161	-0.90161	-0.91264	0.91264	-0.91487	0.91487	-0.92885	0.92885	-0.9315	0.9315	0.93454	-0.93454	-0.93857	0.93857	-0.94197	0.94197	-0.95628	0.95628	0.96154	-0.96154	0.97673	-0.97673	0.98367	-0.98367	0.99185	-0.99185	-0.993	0.993	-0.99807	0.99807	-0.99879	0.99879	1.0017	-1.0017	1.0059	-1.0059	-1.01	1.01	1.0335	-1.0335	-1.0382	1.0382	-1.0412	1.0412	1.0445	-1.0445	1.0655	-1.0655	1.0679	-1.0679	1.0808	-1.0808	-1.0826	1.0826	-1.0864	1.0864	-1.0991	1.0991	1.1055	-1.1055	1.1106	-1.1106	-1.1188	1.1188	1.1194	-1.1194	-1.1222	1.1222	1.1233	-1.1233	1.1296	-1.1296	1.1319	-1.1319	1.141	-1.141	1.1431	-1.1431	1.1528	-1.1528	-1.1567	1.1567	1.1629	-1.1629	-1.1655	1.1655	-1.1719	1.1719	-1.1865	1.1865	-1.1917	1.1917	1.2078	-1.2078	-1.2148	1.2148	1.2282	-1.2282	-1.2283	1.2283	1.2342	-1.2342	-1.2628	1.2628	-1.2681	1.2681	-1.2701	1.2701	-1.2972	1.2972	1.3089	-1.3089	-1.3299	1.3299	1.3389	-1.3389	1.3436	-1.3436	-1.363	1.363	1.3697	-1.3697	1.3806	-1.3806	-1.3855	1.3855	1.3905	-1.3905	-1.3949	1.3949	1.4046	-1.4046	-1.4182	1.4182	1.4218	-1.4218	-1.4379	1.4379	1.4465	-1.4465	1.4562	-1.4562	1.4651	-1.4651	1.4655	-1.4655	1.4796	-1.4796	-1.4871	1.4871	1.4946	-1.4946	-1.4948	1.4948	-1.5047	1.5047	-1.5124	1.5124	-1.5257	1.5257	-1.5335	1.5335	1.5348	-1.5348	-1.5467	1.5467	1.5477	-1.5477	1.5533	-1.5533	1.5659	-1.5659	1.5721	-1.5721	-1.5781	1.5781	-1.5815	1.5815	1.5983	-1.5983	1.6016	-1.6016	-1.6098	1.6098	1.6366	-1.6366	-1.6465	1.6465	1.6476	-1.6476	-1.6635	1.6635	1.6657	-1.6657	-1.6782	1.6782	1.6856	-1.6856	1.6862	-1.6862	1.6971	-1.6971	1.6998	-1.6998	-1.7122	1.7122	1.7291	-1.7291	1.7392	-1.7392	1.7413	-1.7413	-1.7419	1.7419	1.7601	-1.7601	1.7632	-1.7632	1.7696	-1.7696	1.7734	-1.7734	1.7782	-1.7782	-1.7967	1.7967	1.8004	-1.8004	-1.8042	1.8042	1.8109	-1.8109	-1.8258	1.8258	-1.8262	1.8262	1.8422	-1.8422	-1.846	1.846	1.8507	-1.8507	-1.8538	1.8538	-1.862	1.862	1.8651	-1.8651	-1.8689	1.8689	1.874	-1.874	1.8822	-1.8822	-1.8921	1.8921	-1.9021	1.9021	-1.9373	1.9373	-1.9439	1.9439	-1.9572	1.9572	-1.9912	1.9912	1.9961	-1.9961	-2.001	2.001	-2.0077	2.0077	-2.016	2.016	-2.0228	2.0228	2.0262	-2.0262	-2.0299	2.0299	-2.0315	2.0315	2.0414	-2.0414	-2.0436	2.0436	-2.055	2.055	-2.0668	2.0668	-2.0675	2.0675	2.0795	-2.0795	2.1001	-2.1001	-2.112	2.112	2.1164	-2.1164	-2.1257	2.1257	-2.1343	2.1343	-2.1403	2.1403	
0	-0.76	0.0050444	-0.0050444	-0.010173	0.010173	-0.018916	0.018916	0.038019	-0.038019	0.041937	-0.041937	-0.090629	0.090629	-0.10179	0.10179	-0.15715	0.15715	0.18144	-0.18144	-0.18693	0.18693	0.23498	-0.23498	0.26203	-0.26203	-0.28003	0.28003	-0.28577	0.28577	0.30337	-0.30337	0.3094	-0.3094	0.33041	-0.33041	-0.35281	0.35281	-0.38659	0.38659	0.40854	-0.40854	0.4352	-0.4352	-0.45442	0.45442	-0.45961	0.45961	0.50517	-0.50517	0.54066	-0.54066	-0.55311	0.55311	0.574	-0.574	0.60408	-0.60408	-0.61902	0.61902	-0.6227	0.6227	0.63597	-0.63597	0.64623	-0.64623	-0.65114	0.65114	-0.67067	0.67067	0.68855	-0.68855	0.69594	-0.69594	-0.72839	0.72839	-0.73714	0.73714	-0.75688	0.75688	0.77005	-0.77005	-0.77629	0.77629	-0.7821	0.7821	-0.78609	0.78609	0.8499	-0.8499	-0.85675	0.85675	-0.87033	0.87033	0.88608	-0.88608	-0.90626	0.90626	-0.91589	0.91589	0.91831	-0.91831	0.92955	-0.92955	-0.93156	0.93156	0.93833	-0.93833	0.93849	-0.93849	0.94243	-0.94243	0.95858	-0.95858	-0.96332	0.96332	-0.97715	0.97715	-0.98666	0.98666	0.99254	-0.99254	-0.99304	0.99304	0.9996	-0.9996	1.0004	-1.0004	-1.0068	1.0068	-1.0078	1.0078	-1.0192	1.0192	-1.041	1.041	-1.0431	1.0431	-1.0435	1.0435	-1.0446	1.0446	1.0653	-1.0653	-1.068	1.068	1.0835	-1.0835	1.0951	-1.0951	-1.1013	1.1013	-1.1015	1.1015	1.1103	-1.1103	-1.1193	1.1193	-1.1229	1.1229	1.1244	-1.1244	-1.1326	1.1326	-1.1384	1.1384	1.1419	-1.1419	-1.1564	1.1564	-1.1568	1.1568	1.1646	-1.1646	-1.1685	1.1685	-1.1695	1.1695	-1.1704	1.1704	-1.177	1.177	-1.1807	1.1807	1.1879	-1.1879	1.1919	-1.1919	1.21	-1.21	1.2197	-1.2197	1.2287	-1.2287	-1.2329	1.2329	-1.2362	1.2362	1.2631	-1.2631	-1.2679	1.2679	-1.2696	1.2696	1.2971	-1.2971	-1.3088	1.3088	1.3295	-1.3295	1.3391	-1.3391	1.3436	-1.3436	1.3626	-1.3626	-1.3706	1.3706	1.3803	-1.3803	1.3851	-1.3851	1.3901	-1.3901	-1.3951	1.3951	-1.4051	1.4051	1.418	-1.418	-1.4216	1.4216	1.4378	-1.4378	1.4463	-1.4463	1.456	-1.456	1.4645	-1.4645	-1.4664	1.4664	1.4792	-1.4792	1.4869	-1.4869	1.4948	-1.4948	-1.4948	1.4948	1.5042	-1.5042	1.5124	-1.5124	-1.5263	1.5263	1.5336	-1.5336	-1.5352	1.5352	1.5458	-1.5458	1.548	-1.548	-1.5525	1.5525	-1.566	1.566	-1.5726	1.5726	1.5772	-1.5772	-1.5817	1.5817	1.5984	-1.5984	1.6011	-1.6011	1.6103	-1.6103	1.6364	-1.6364	1.6462	-1.6462	-1.6469	1.6469	-1.6632	1.6632	-1.6659	1.6659	1.6767	-1.6767	1.6861	-1.6861	1.6864	-1.6864	1.6973	-1.6973	1.6996	-1.6996	1.712	-1.712	1.729	-1.729	-1.7392	1.7392	-1.7411	1.7411	-1.7414	1.7414	1.76	-1.76	1.7636	-1.7636	1.7695	-1.7695	-1.7732	1.7732	-1.7778	1.7778	-1.7966	1.7966	1.8003	-1.8003	1.804	-1.804	-1.8113	1.8113	-1.8247	1.8247	-1.8262	1.8262	-1.8412	1.8412	1.8464	-1.8464	-1.8502	1.8502	1.8531	-1.8531	-1.8608	1.8608	-1.8657	1.8657	-1.869	1.869	1.8741	-1.8741	-1.8822	1.8822	-1.8926	1.8926	-1.9023	1.9023	-1.9359	1.9359	1.9436	-1.9436	-1.9571	1.9571	-1.991	1.991	-1.9966	1.9966	-2.0011	2.0011	-2.0077	2.0077	-2.016	2.016	-2.0225	2.0225	2.0264	-2.0264	-2.0303	2.0303	-2.0312	2.0312	2.0396	-2.0396	2.0431	-2.0431	-2.0541	2.0541	2.0668	-2.0668	-2.0684	2.0684	2.078	-2.078	-2.0999	2.0999	2.1125	-2.1125	2.1162	-2.1162	2.1262	-2.1262	-2.1343	2.1343	2.1404	-2.1404	
0	-0.74	-0.0043409	0.0043409	0.01123	-0.01123	-0.020633	0.020633	0.046164	-0.046164	-0.064171	0.064171	-0.11251	0.11251	-0.12902	0.12902	-0.15983	0.15983	0.17966	-0.17966	-0.21384	0.21384	0.21408	-0.21408	-0.23507	0.23507	0.26204	-0.26204	0.27602	-0.27602	0.28409	-0.28409	-0.30473	0.30473	0.32711	-0.32711	-0.35495	0.35495	-0.35915	0.35915	0.38092	-0.38092	-0.40723	0.40723	0.47489	-0.47489	-0.48638	0.48638	-0.50978	0.50978	-0.56504	0.56504	-0.57353	0.57353	-0.58028	0.58028	0.60301	-0.60301	0.644	-0.644	-0.6462	0.6462	0.65074	-0.65074	-0.66216	0.66216	-0.67018	0.67018	-0.67816	0.67816	0.68849	-0.68849	-0.69668	0.69668	-0.72977	0.72977	0.73666	-0.73666	0.76666	-0.76666	-0.7714	0.7714	0.78166	-0.78166	0.7873	-0.7873	-0.7958	0.7958	0.84929	-0.84929	-0.85642	0.85642	0.87009	-0.87009	-0.88578	0.88578	-0.90921	0.90921	0.91628	-0.91628	0.92337	-0.92337	-0.93025	0.93025	0.93157	-0.93157	0.93838	-0.93838	-0.9411	0.9411	0.94375	-0.94375	0.96172	-0.96172	-0.96373	0.96373	0.97759	-0.97759	-0.98879	0.98879	-0.99308	0.99308	0.99383	-0.99383	-1.0006	1.0006	-1.0012	1.0012	1.0076	-1.0076	1.0135	-1.0135	1.029	-1.029	-1.0412	1.0412	-1.0447	1.0447	-1.0477	1.0477	-1.0515	1.0515	1.0651	-1.0651	1.0682	-1.0682	-1.084	1.084	-1.1038	1.1038	-1.1084	1.1084	-1.1092	1.1092	1.1102	-1.1102	1.1192	-1.1192	1.1229	-1.1229	1.1388	-1.1388	-1.1428	1.1428	-1.1458	1.1458	-1.161	1.161	-1.1646	1.1646	-1.1696	1.1696	-1.1813	1.1813	-1.1839	1.1839	-1.1877	1.1877	1.1895	-1.1895	-1.1916	1.1916	1.1942	-1.1942	1.1978	-1.1978	-1.2063	1.2063	-1.2104	1.2104	-1.2217	1.2217	1.2295	-1.2295	-1.2343	1.2343	1.2483	-1.2483	-1.2635	1.2635	-1.2677	1.2677	1.2693	-1.2693	1.2969	-1.2969	-1.3087	1.3087	-1.3291	1.3291	-1.3394	1.3394	-1.3436	1.3436	-1.3622	1.3622	1.3715	-1.3715	-1.3799	1.3799	-1.3847	1.3847	-1.3897	1.3897	-1.3954	1.3954	1.4058	-1.4058	-1.4178	1.4178	-1.4213	1.4213	1.4377	-1.4377	1.4461	-1.4461	1.4559	-1.4559	-1.4639	1.4639	-1.4673	1.4673	-1.4789	1.4789	1.4866	-1.4866	1.4948	-1.4948	-1.4951	1.4951	1.5036	-1.5036	-1.5124	1.5124	1.5267	-1.5267	1.5337	-1.5337	-1.5357	1.5357	-1.5449	1.5449	1.5484	-1.5484	-1.5516	1.5516	1.5662	-1.5662	-1.5728	1.5728	-1.5763	1.5763	-1.582	1.582	-1.5985	1.5985	-1.6006	1.6006	1.6108	-1.6108	1.6362	-1.6362	-1.6458	1.6458	1.6462	-1.6462	-1.6628	1.6628	1.6661	-1.6661	-1.675	1.675	-1.6859	1.6859	1.6874	-1.6874	1.6975	-1.6975	-1.6994	1.6994	1.7118	-1.7118	1.729	-1.729	-1.739	1.739	1.7404	-1.7404	-1.7415	1.7415	-1.7599	1.7599	1.7641	-1.7641	1.7695	-1.7695	1.773	-1.773	-1.7774	1.7774	-1.7964	1.7964	1.8002	-1.8002	-1.8038	1.8038	1.8116	-1.8116	-1.8233	1.8233	-1.8261	1.8261	-1.8401	1.8401	-1.8467	1.8467	-1.8497	1.8497	1.8522	-1.8522	1.8599	-1.8599	-1.8662	1.8662	1.8691	-1.8691	-1.8742	1.8742	-1.8821	1.8821	-1.8935	1.8935	-1.9027	1.9027	1.9345	-1.9345	-1.9434	1.9434	1.957	-1.957	-1.9908	1.9908	-1.9972	1.9972	-2.0012	2.0012	2.0076	-2.0076	2.016	-2.016	-2.0221	2.0221	-2.0266	2.0266	2.0307	-2.0307	-2.0308	2.0308	-2.0378	2.0378	-2.0425	2.0425	-2.0532	2.0532	-2.0668	2.0668	2.0693	-2.0693	-2.0765	2.0765	2.0996	-2.0996	2.1128	-2.1128	-2.1158	2.1158	2.1267	-2.1267	-2.1345	2.1345	-2.1407	2.1407	
0	-0.72	0.018525	-0.018525	-0.035191	0.035191	0.047204	-0.047204	0.066816	-0.066816	0.091109	-0.091109	-0.11767	0.11767	-0.15603	0.15603	0.15634	-0.15634	0.19502	-0.19502	0.19563	-0.19563	0.21005	-0.21005	-0.24055	0.24055	-0.24503	0.24503	0.24906	-0.24906	-0.25883	0.25883	-0.30173	0.30173	-0.32928	0.32928	-0.33197	0.33197	-0.35353	0.35353	0.37935	-0.37935	0.37948	-0.37948	0.4947	-0.4947	-0.51289	0.51289	0.51396	-0.51396	0.57246	-0.57246	0.58923	-0.58923	0.60185	-0.60185	0.60716	-0.60716	0.65159	-0.65159	0.66764	-0.66764	0.66862	-0.66862	0.67304	-0.67304	-0.68795	0.68795	-0.68892	0.68892	0.69742	-0.69742	0.7048	-0.7048	-0.73035	0.73035	-0.73615	0.73615	-0.77135	0.77135	-0.77756	0.77756	-0.78168	0.78168	0.7888	-0.7888	0.81174	-0.81174	-0.85002	0.85002	-0.85606	0.85606	0.86986	-0.86986	-0.8854	0.8854	-0.91101	0.91101	0.9162	-0.9162	-0.92792	0.92792	-0.93096	0.93096	0.93157	-0.93157	0.93826	-0.93826	0.94199	-0.94199	-0.94631	0.94631	0.96334	-0.96334	-0.96612	0.96612	0.97806	-0.97806	0.98989	-0.98989	-0.99312	0.99312	-0.99557	0.99557	-1.0018	1.0018	-1.0021	1.0021	-1.0082	1.0082	-1.0187	1.0187	1.0379	-1.0379	1.0413	-1.0413	-1.0448	1.0448	-1.0529	1.0529	1.0577	-1.0577	1.0649	-1.0649	1.0683	-1.0683	1.0844	-1.0844	1.1073	-1.1073	1.11	-1.11	-1.114	1.114	-1.1185	1.1185	-1.1191	1.1191	-1.1229	1.1229	-1.1398	1.1398	-1.152	1.152	1.164	-1.164	1.1648	-1.1648	1.1735	-1.1735	-1.1831	1.1831	-1.1865	1.1865	-1.1913	1.1913	-1.2043	1.2043	-1.2104	1.2104	-1.2127	1.2127	-1.2143	1.2143	1.2152	-1.2152	-1.2224	1.2224	1.2254	-1.2254	1.2261	-1.2261	-1.2348	1.2348	-1.2349	1.2349	1.2632	-1.2632	1.2656	-1.2656	-1.2675	1.2675	-1.2692	1.2692	1.2966	-1.2966	1.3086	-1.3086	1.3287	-1.3287	-1.3396	1.3396	-1.3436	1.3436	1.3619	-1.3619	-1.3724	1.3724	-1.3796	1.3796	1.3843	-1.3843	-1.3892	1.3892	-1.3956	1.3956	1.4068	-1.4068	1.4175	-1.4175	1.4212	-1.4212	-1.4376	1.4376	-1.4459	1.4459	1.4557	-1.4557	1.4633	-1.4633	-1.4683	1.4683	-1.4785	1.4785	-1.4864	1.4864	-1.4948	1.4948	-1.4954	1.4954	1.503	-1.503	-1.5124	1.5124	1.5271	-1.5271	-1.5337	1.5337	-1.5362	1.5362	-1.5441	1.5441	-1.5488	1.5488	-1.5507	1.5507	1.5663	-1.5663	-1.5729	1.5729	1.5754	-1.5754	-1.5823	1.5823	1.5987	-1.5987	-1.6003	1.6003	1.6114	-1.6114	-1.636	1.636	-1.6453	1.6453	1.6454	-1.6454	-1.6623	1.6623	-1.6663	1.6663	-1.6734	1.6734	1.6857	-1.6857	1.6885	-1.6885	-1.6977	1.6977	1.6992	-1.6992	1.7115	-1.7115	-1.7289	1.7289	-1.7386	1.7386	1.74	-1.74	1.7416	-1.7416	-1.7598	1.7598	1.7645	-1.7645	-1.7694	1.7694	1.7729	-1.7729	-1.7771	1.7771	-1.7962	1.7962	-1.8001	1.8001	-1.8035	1.8035	-1.8119	1.8119	-1.8219	1.8219	1.8262	-1.8262	1.8389	-1.8389	-1.8471	1.8471	-1.8493	1.8493	-1.8514	1.8514	1.8593	-1.8593	-1.8667	1.8667	-1.8693	1.8693	-1.8744	1.8744	-1.8817	1.8817	-1.8948	1.8948	-1.903	1.903	-1.933	1.933	-1.9432	1.9432	1.9569	-1.9569	1.9906	-1.9906	1.9977	-1.9977	2.0014	-2.0014	-2.0076	2.0076	-2.016	2.016	2.0217	-2.0217	2.0269	-2.0269	2.0306	-2.0306	2.0306	-2.0306	-2.0364	2.0364	-2.0419	2.0419	2.0523	-2.0523	-2.0668	2.0668	-2.0701	2.0701	-2.0751	2.0751	-2.0993	2.0993	-2.1129	2.1129	-2.1154	2.1154	-2.1271	2.1271	-2.1348	2.1348	2.141	-2.141	
0	-0.7	0.029447	-0.029447	0.061481	-0.061481	-0.073982	0.073982	-0.091567	0.091567	-0.10092	0.10092	0.118	-0.118	0.17474	-0.17474	0.17882	-0.17882	0.18272	-0.18272	0.18276	-0.18276	0.19447	-0.19447	0.223	-0.223	0.2337	-0.2337	-0.25113	0.25113	0.26694	-0.26694	-0.27685	0.27685	0.30511	-0.30511	0.32642	-0.32642	0.35206	-0.35206	-0.35367	0.35367	0.40359	-0.40359	0.51242	-0.51242	0.51899	-0.51899	0.53911	-0.53911	0.57127	-0.57127	-0.6006	0.6006	-0.61277	0.61277	0.6337	-0.6337	-0.65408	0.65408	0.66768	-0.66768	-0.68623	0.68623	0.68878	-0.68878	0.69832	-0.69832	0.69945	-0.69945	-0.7145	0.7145	-0.73021	0.73021	-0.7316	0.7316	0.73563	-0.73563	0.77233	-0.77233	0.78162	-0.78162	0.78573	-0.78573	0.79137	-0.79137	0.82288	-0.82288	0.85352	-0.85352	0.8557	-0.8557	-0.86967	0.86967	-0.88497	0.88497	0.9121	-0.9121	-0.91576	0.91576	0.93156	-0.93156	-0.93164	0.93164	0.93199	-0.93199	-0.93812	0.93812	0.9424	-0.9424	-0.94864	0.94864	0.96247	-0.96247	-0.97202	0.97202	-0.97855	0.97855	-0.99047	0.99047	0.99316	-0.99316	0.99689	-0.99689	1.0029	-1.0029	-1.0039	1.0039	-1.0086	1.0086	1.0233	-1.0233	1.0412	-1.0412	-1.0448	1.0448	1.045	-1.045	1.0595	-1.0595	-1.0621	1.0621	1.0646	-1.0646	1.0686	-1.0686	1.0849	-1.0849	-1.1098	1.1098	1.1118	-1.1118	-1.1178	1.1178	1.1194	-1.1194	1.1229	-1.1229	-1.1252	1.1252	1.14	-1.14	-1.1586	1.1586	1.1651	-1.1651	1.1799	-1.1799	-1.181	1.181	1.1893	-1.1893	1.1923	-1.1923	-1.2057	1.2057	1.2107	-1.2107	-1.2217	1.2217	1.2273	-1.2273	-1.2289	1.2289	-1.2349	1.2349	-1.2386	1.2386	1.24	-1.24	1.2421	-1.2421	1.2521	-1.2521	1.2567	-1.2567	-1.2643	1.2643	1.2676	-1.2676	-1.2697	1.2697	1.2834	-1.2834	1.2964	-1.2964	1.3086	-1.3086	1.3282	-1.3282	-1.34	1.34	-1.3436	1.3436	-1.3616	1.3616	1.3733	-1.3733	1.3792	-1.3792	-1.384	1.384	-1.3887	1.3887	-1.3957	1.3957	-1.4081	1.4081	1.4173	-1.4173	1.421	-1.421	-1.4375	1.4375	1.4457	-1.4457	-1.4554	1.4554	1.4628	-1.4628	-1.4694	1.4694	-1.4781	1.4781	1.4862	-1.4862	-1.4948	1.4948	1.4958	-1.4958	1.5024	-1.5024	-1.5125	1.5125	1.5275	-1.5275	1.5337	-1.5337	1.5367	-1.5367	-1.5434	1.5434	1.5492	-1.5492	1.5499	-1.5499	-1.5665	1.5665	1.5729	-1.5729	1.5746	-1.5746	1.5826	-1.5826	1.599	-1.599	-1.6	1.6	-1.612	1.612	1.6358	-1.6358	-1.6445	1.6445	1.6449	-1.6449	1.6618	-1.6618	-1.6665	1.6665	-1.6719	1.6719	1.6855	-1.6855	1.6898	-1.6898	1.698	-1.698	-1.6989	1.6989	1.7113	-1.7113	-1.7289	1.7289	1.7378	-1.7378	-1.7398	1.7398	1.7416	-1.7416	-1.7596	1.7596	1.7649	-1.7649	-1.7694	1.7694	1.7727	-1.7727	1.7767	-1.7767	1.796	-1.796	-1.7999	1.7999	1.8032	-1.8032	1.8122	-1.8122	-1.8203	1.8203	-1.8263	1.8263	1.8378	-1.8378	1.8473	-1.8473	1.8489	-1.8489	-1.8505	1.8505	-1.8589	1.8589	1.8672	-1.8672	1.8694	-1.8694	1.8745	-1.8745	-1.8813	1.8813	-1.8962	1.8962	-1.9034	1.9034	-1.9316	1.9316	1.9431	-1.9431	1.9567	-1.9567	1.9904	-1.9904	1.9982	-1.9982	-2.0015	2.0015	-2.0075	2.0075	-2.016	2.016	-2.0213	2.0213	-2.0271	2.0271	2.0298	-2.0298	-2.0303	2.0303	-2.0356	2.0356	-2.0412	2.0412	-2.0514	2.0514	2.0668	-2.0668	-2.071	2.071	2.0736	-2.0736	2.0989	-2.0989	-2.1127	2.1127	-2.1149	2.1149	-2.1277	2.1277	-2.1353	2.1353	2.1414	-2.1414	
0	-0.68	0.032275	-0.032275	-0.080835	0.080835	-0.089233	0.089233	-0.1006	0.1006	0.11721	-0.11721	-0.14451	0.14451	-0.15309	0.15309	-0.17342	0.17342	-0.17386	0.17386	0.19001	-0.19001	-0.2082	0.2082	-0.20872	0.20872	-0.20918	0.20918	-0.25266	0.25266	-0.27318	0.27318	-0.2786	0.2786	-0.29301	0.29301	-0.29964	0.29964	-0.32503	0.32503	0.37786	-0.37786	-0.42764	0.42764	-0.51898	0.51898	-0.53389	0.53389	0.56502	-0.56502	0.5698	-0.5698	-0.59926	0.59926	-0.63583	0.63583	0.65591	-0.65591	0.65989	-0.65989	0.6666	-0.6666	-0.68588	0.68588	0.69826	-0.69826	0.7073	-0.7073	-0.72541	0.72541	-0.73255	0.73255	-0.73501	0.73501	-0.7397	0.7397	-0.75653	0.75653	-0.77303	0.77303	-0.78152	0.78152	0.78971	-0.78971	-0.79758	0.79758	0.82819	-0.82819	-0.85537	0.85537	-0.86051	0.86051	-0.86958	0.86958	-0.88452	0.88452	-0.91274	0.91274	-0.91507	0.91507	-0.93157	0.93157	-0.93229	0.93229	0.93556	-0.93556	-0.93796	0.93796	0.94276	-0.94276	0.95045	-0.95045	-0.9613	0.9613	0.97908	-0.97908	-0.97916	0.97916	-0.99105	0.99105	-0.9932	0.9932	-0.99757	0.99757	-1.0038	1.0038	1.0069	-1.0069	-1.009	1.009	1.0273	-1.0273	-1.0413	1.0413	-1.0451	1.0451	-1.0494	1.0494	1.0643	-1.0643	1.065	-1.065	-1.0671	1.0671	-1.0691	1.0691	-1.0854	1.0854	1.1096	-1.1096	-1.1166	1.1166	-1.1182	1.1182	1.1226	-1.1226	-1.1238	1.1238	-1.1303	1.1303	-1.1405	1.1405	-1.1612	1.1612	-1.1656	1.1656	-1.1834	1.1834	1.1906	-1.1906	1.1961	-1.1961	1.2031	-1.2031	-1.2101	1.2101	-1.2213	1.2213	1.2302	-1.2302	-1.2303	1.2303	1.2357	-1.2357	-1.2515	1.2515	1.2615	-1.2615	1.2655	-1.2655	-1.2655	1.2655	-1.2658	1.2658	1.2686	-1.2686	-1.2693	1.2693	-1.2787	1.2787	-1.2847	1.2847	-1.2961	1.2961	-1.3026	1.3026	1.3085	-1.3085	1.3277	-1.3277	-1.3404	1.3404	-1.3436	1.3436	1.3613	-1.3613	-1.3743	1.3743	-1.379	1.379	-1.3838	1.3838	-1.3882	1.3882	1.3958	-1.3958	1.4097	-1.4097	-1.417	1.417	1.421	-1.421	-1.4374	1.4374	1.4454	-1.4454	-1.4552	1.4552	-1.4624	1.4624	1.4705	-1.4705	1.4776	-1.4776	-1.486	1.486	1.495	-1.495	1.4963	-1.4963	-1.5017	1.5017	1.5125	-1.5125	-1.5279	1.5279	-1.5337	1.5337	1.5372	-1.5372	-1.5428	1.5428	-1.5489	1.5489	1.5498	-1.5498	1.5667	-1.5667	1.5728	-1.5728	1.5739	-1.5739	-1.5829	1.5829	-1.5995	1.5995	-1.5997	1.5997	1.6126	-1.6126	-1.6355	1.6355	-1.6436	1.6436	-1.6444	1.6444	1.6611	-1.6611	-1.6666	1.6666	-1.6705	1.6705	1.6852	-1.6852	1.6911	-1.6911	-1.6982	1.6982	-1.6987	1.6987	1.711	-1.711	-1.7289	1.7289	1.7369	-1.7369	1.7398	-1.7398	1.7417	-1.7417	-1.7595	1.7595	-1.7653	1.7653	-1.7693	1.7693	-1.7726	1.7726	-1.7764	1.7764	-1.7958	1.7958	-1.7997	1.7997	1.8029	-1.8029	-1.8124	1.8124	-1.8186	1.8186	-1.8264	1.8264	1.8367	-1.8367	-1.8472	1.8472	-1.8489	1.8489	-1.8498	1.8498	1.8587	-1.8587	1.8677	-1.8677	-1.8696	1.8696	1.8746	-1.8746	1.8809	-1.8809	1.898	-1.898	-1.9038	1.9038	1.9303	-1.9303	1.9429	-1.9429	1.9566	-1.9566	1.9902	-1.9902	-1.9987	1.9987	2.0017	-2.0017	-2.0074	2.0074	-2.016	2.016	2.0208	-2.0208	2.0273	-2.0273	2.0283	-2.0283	-2.0301	2.0301	-2.0355	2.0355	-2.0404	2.0404	2.0505	-2.0505	-2.0667	2.0667	-2.0718	2.0718	-2.0722	2.0722	-2.0984	2.0984	-2.1123	2.1123	2.1144	-2.1144	-2.1282	2.1282	-2.1357	2.1357	-2.142	2.142	
0	-0.66	0.024361	-0.024361	-0.06487	0.06487	-0.1145	0.1145	-0.12565	0.12565	0.12843	-0.12843	-0.14295	0.14295	0.15003	-0.15003	0.16653	-0.16653	-0.17066	0.17066	-0.17818	0.17818	0.18402	-0.18402	-0.22951	0.22951	-0.22954	0.22954	-0.23521	0.23521	-0.2525	0.2525	-0.27328	0.27328	-0.29808	0.29808	-0.29896	0.29896	-0.31873	0.31873	-0.40182	0.40182	-0.45147	0.45147	0.52163	-0.52163	0.55138	-0.55138	0.56811	-0.56811	-0.59059	0.59059	-0.59784	0.59784	0.65667	-0.65667	0.65893	-0.65893	-0.66546	0.66546	-0.68468	0.68468	-0.68569	0.68569	0.69905	-0.69905	0.71913	-0.71913	-0.73448	0.73448	-0.73992	0.73992	-0.7508	0.7508	-0.76415	0.76415	-0.77361	0.77361	-0.78128	0.78128	-0.7814	0.7814	-0.79165	0.79165	0.80511	-0.80511	0.82966	-0.82966	-0.85516	0.85516	-0.86892	0.86892	-0.86967	0.86967	-0.88409	0.88409	0.91307	-0.91307	0.91423	-0.91423	-0.93161	0.93161	-0.93289	0.93289	-0.93779	0.93779	-0.93859	0.93859	-0.94323	0.94323	-0.95189	0.95189	0.95994	-0.95994	-0.97966	0.97966	-0.98576	0.98576	-0.99267	0.99267	-0.99325	0.99325	-0.99831	0.99831	-1.0048	1.0048	-1.009	1.009	1.0114	-1.0114	1.0306	-1.0306	1.0414	-1.0414	1.0453	-1.0453	-1.0529	1.0529	-1.064	1.064	-1.0663	1.0663	-1.0697	1.0697	1.0745	-1.0745	1.0859	-1.0859	-1.1094	1.1094	-1.118	1.118	-1.1206	1.1206	1.1228	-1.1228	-1.1284	1.1284	-1.136	1.136	1.1425	-1.1425	-1.1619	1.1619	1.1661	-1.1661	-1.1843	1.1843	-1.1907	1.1907	1.2093	-1.2093	-1.21	1.21	1.2181	-1.2181	1.2216	-1.2216	1.2341	-1.2341	1.2361	-1.2361	1.2543	-1.2543	-1.2653	1.2653	-1.2655	1.2655	-1.2686	1.2686	-1.2755	1.2755	-1.2866	1.2866	-1.2923	1.2923	1.2952	-1.2952	-1.2959	1.2959	1.3049	-1.3049	-1.3081	1.3081	-1.3098	1.3098	-1.3216	1.3216	1.3273	-1.3273	-1.3416	1.3416	-1.3436	1.3436	-1.3613	1.3613	-1.3752	1.3752	1.3789	-1.3789	-1.3838	1.3838	1.3877	-1.3877	1.3958	-1.3958	-1.4117	1.4117	-1.4168	1.4168	-1.4212	1.4212	1.4374	-1.4374	-1.4452	1.4452	1.455	-1.455	-1.4622	1.4622	-1.4716	1.4716	-1.4772	1.4772	-1.4858	1.4858	1.4951	-1.4951	-1.4969	1.4969	-1.5011	1.5011	-1.5127	1.5127	-1.5282	1.5282	-1.5337	1.5337	1.5378	-1.5378	-1.5424	1.5424	-1.5481	1.5481	-1.5503	1.5503	-1.5669	1.5669	1.5725	-1.5725	-1.5734	1.5734	1.5831	-1.5831	-1.5995	1.5995	1.6	-1.6	-1.6132	1.6132	1.6352	-1.6352	1.6426	-1.6426	-1.6438	1.6438	-1.6604	1.6604	1.6667	-1.6667	1.6692	-1.6692	1.6849	-1.6849	-1.6924	1.6924	1.6984	-1.6984	-1.6985	1.6985	-1.7107	1.7107	1.729	-1.729	-1.7359	1.7359	-1.7398	1.7398	-1.7417	1.7417	-1.7593	1.7593	1.7657	-1.7657	-1.7692	1.7692	1.7725	-1.7725	-1.7762	1.7762	1.7955	-1.7955	-1.7995	1.7995	-1.8026	1.8026	-1.8126	1.8126	-1.8168	1.8168	-1.8266	1.8266	-1.8356	1.8356	-1.8468	1.8468	1.8492	-1.8492	1.8492	-1.8492	1.8585	-1.8585	-1.8682	1.8682	-1.8699	1.8699	1.8747	-1.8747	1.8804	-1.8804	1.8999	-1.8999	-1.9043	1.9043	-1.9289	1.9289	-1.9427	1.9427	1.9564	-1.9564	-1.9899	1.9899	1.9991	-1.9991	2.002	-2.002	2.0073	-2.0073	-2.016	2.016	2.0204	-2.0204	-2.0264	2.0264	2.0275	-2.0275	-2.0299	2.0299	2.0358	-2.0358	-2.0396	2.0396	-2.0495	2.0495	-2.0666	2.0666	2.0708	-2.0708	2.0727	-2.0727	-2.0979	2.0979	2.1116	-2.1116	-2.114	2.114	-2.1287	2.1287	-2.1362	2.1362	-2.1427	2.1427	
0	-0.64	0.0089846	-0.0089846	-0.048591	0.048591	-0.10145	0.10145	0.12618	-0.12618	-0.1397	0.1397	-0.14281	0.14281	0.15306	-0.15306	0.15957	-0.15957	-0.16872	0.16872	-0.18804	0.18804	-0.19685	0.19685	-0.20783	0.20783	-0.22688	0.22688	-0.24744	0.24744	-0.25461	0.25461	-0.26088	0.26088	0.27223	-0.27223	-0.32501	0.32501	-0.3441	0.3441	0.42554	-0.42554	0.47505	-0.47505	-0.52355	0.52355	0.5662	-0.5662	0.56821	-0.56821	0.59633	-0.59633	0.6158	-0.6158	-0.65809	0.65809	-0.6643	0.6643	0.68032	-0.68032	0.68339	-0.68339	0.6996	-0.6996	-0.71107	0.71107	-0.72242	0.72242	-0.73389	0.73389	-0.75509	0.75509	0.77419	-0.77419	-0.77549	0.77549	-0.78112	0.78112	0.78791	-0.78791	0.79324	-0.79324	-0.80469	0.80469	0.81246	-0.81246	-0.82953	0.82953	0.85527	-0.85527	0.87012	-0.87012	-0.87669	0.87669	-0.88379	0.88379	-0.91318	0.91318	-0.91332	0.91332	-0.9317	0.9317	-0.93345	0.93345	0.93762	-0.93762	-0.94085	0.94085	-0.94406	0.94406	0.9531	-0.9531	-0.95848	0.95848	0.98028	-0.98028	0.98832	-0.98832	-0.99327	0.99327	-0.99549	0.99549	1.0014	-1.0014	-1.0058	1.0058	1.0093	-1.0093	-1.0177	1.0177	-1.0334	1.0334	1.0415	-1.0415	-1.0455	1.0455	1.0561	-1.0561	1.0637	-1.0637	1.0669	-1.0669	1.0704	-1.0704	1.0807	-1.0807	-1.0865	1.0865	-1.1091	1.1091	1.1176	-1.1176	1.1229	-1.1229	-1.1232	1.1232	-1.1317	1.1317	1.1429	-1.1429	1.1475	-1.1475	-1.1621	1.1621	1.1666	-1.1666	-1.1847	1.1847	-1.1906	1.1906	1.2099	-1.2099	-1.2191	1.2191	-1.2241	1.2241	1.2257	-1.2257	1.2367	-1.2367	-1.2471	1.2471	1.2652	-1.2652	-1.2659	1.2659	1.2688	-1.2688	1.2784	-1.2784	-1.2954	1.2954	-1.2994	1.2994	1.3082	-1.3082	-1.3103	1.3103	1.3182	-1.3182	-1.3212	1.3212	-1.3266	1.3266	-1.3306	1.3306	-1.3343	1.3343	1.3362	-1.3362	1.3436	-1.3436	-1.3472	1.3472	-1.3619	1.3619	1.3759	-1.3759	1.3794	-1.3794	-1.3842	1.3842	-1.3871	1.3871	1.3956	-1.3956	-1.4138	1.4138	-1.4165	1.4165	-1.4218	1.4218	-1.4373	1.4373	1.4449	-1.4449	1.4548	-1.4548	-1.4621	1.4621	-1.4727	1.4727	1.4767	-1.4767	-1.4857	1.4857	-1.4954	1.4954	-1.4976	1.4976	1.5004	-1.5004	1.5128	-1.5128	1.5285	-1.5285	-1.5335	1.5335	1.5383	-1.5383	-1.542	1.542	-1.5474	1.5474	-1.5508	1.5508	-1.5672	1.5672	-1.5722	1.5722	1.5729	-1.5729	1.5831	-1.5831	-1.5994	1.5994	-1.6006	1.6006	-1.6139	1.6139	1.6349	-1.6349	-1.6416	1.6416	1.6433	-1.6433	-1.6597	1.6597	1.6668	-1.6668	-1.6682	1.6682	-1.6845	1.6845	-1.6938	1.6938	1.6981	-1.6981	-1.6988	1.6988	-1.7103	1.7103	-1.7291	1.7291	-1.7349	1.7349	-1.7398	1.7398	1.7417	-1.7417	1.7591	-1.7591	-1.7662	1.7662	-1.7691	1.7691	1.7724	-1.7724	-1.7759	1.7759	-1.7952	1.7952	1.7993	-1.7993	-1.8022	1.8022	-1.8126	1.8126	1.8149	-1.8149	1.8269	-1.8269	-1.8345	1.8345	-1.8462	1.8462	1.8487	-1.8487	1.8495	-1.8495	1.8584	-1.8584	-1.8687	1.8687	-1.8701	1.8701	-1.8748	1.8748	-1.88	1.88	-1.902	1.902	1.9048	-1.9048	1.9277	-1.9277	-1.9425	1.9425	1.9561	-1.9561	-1.9897	1.9897	-1.9995	1.9995	-2.0022	2.0022	2.0072	-2.0072	-2.0161	2.0161	2.0199	-2.0199	-2.0242	2.0242	2.0275	-2.0275	-2.0298	2.0298	2.0362	-2.0362	2.0389	-2.0389	2.0486	-2.0486	2.0664	-2.0664	2.0695	-2.0695	2.0735	-2.0735	-2.0973	2.0973	2.1106	-2.1106	-2.1136	2.1136	2.1293	-2.1293	-2.1366	2.1366	-2.1436	2.1436	
0	-0.62	0.0089437	-0.0089437	-0.031892	0.031892	0.076386	-0.076386	0.10286	-0.10286	0.11741	-0.11741	-0.13555	0.13555	0.16598	-0.16598	0.17866	-0.17866	0.1881	-0.1881	0.19439	-0.19439	-0.19961	0.19961	0.20546	-0.20546	0.22218	-0.22218	0.22308	-0.22308	-0.24654	0.24654	-0.2798	0.2798	-0.28615	0.28615	0.35163	-0.35163	0.36908	-0.36908	-0.44899	0.44899	-0.49838	0.49838	0.52494	-0.52494	-0.5641	0.5641	0.58406	-0.58406	0.5948	-0.5948	0.64064	-0.64064	0.65872	-0.65872	0.66319	-0.66319	0.68187	-0.68187	-0.6994	0.6994	-0.70219	0.70219	-0.72278	0.72278	0.73328	-0.73328	0.73602	-0.73602	-0.77109	0.77109	0.77591	-0.77591	-0.78099	0.78099	-0.79495	0.79495	0.79912	-0.79912	-0.80995	0.80995	-0.81782	0.81782	-0.82706	0.82706	0.82928	-0.82928	0.85648	-0.85648	0.87136	-0.87136	-0.88315	0.88315	-0.88388	0.88388	0.91246	-0.91246	-0.91314	0.91314	0.93187	-0.93187	0.93397	-0.93397	0.93745	-0.93745	-0.94211	0.94211	-0.94559	0.94559	-0.95418	0.95418	0.95698	-0.95698	0.98095	-0.98095	-0.98871	0.98871	0.99331	-0.99331	-0.99619	0.99619	-1.0068	1.0068	-1.0069	1.0069	-1.0096	1.0096	-1.0271	1.0271	-1.0354	1.0354	1.0416	-1.0416	1.0457	-1.0457	1.0592	-1.0592	1.0634	-1.0634	-1.0672	1.0672	1.071	-1.071	-1.0852	1.0852	1.0876	-1.0876	1.1089	-1.1089	1.1173	-1.1173	-1.1229	1.1229	1.1248	-1.1248	1.1331	-1.1331	1.1508	-1.1508	-1.156	1.156	-1.1622	1.1622	1.1671	-1.1671	-1.185	1.185	1.1905	-1.1905	-1.2098	1.2098	1.2202	-1.2202	1.2277	-1.2277	-1.2334	1.2334	1.2381	-1.2381	1.2626	-1.2626	1.2666	-1.2666	-1.2679	1.2679	-1.2694	1.2694	1.2951	-1.2951	1.3021	-1.3021	-1.3083	1.3083	-1.323	1.323	-1.3258	1.3258	-1.3309	1.3309	-1.3423	1.3423	-1.3432	1.3432	-1.3437	1.3437	-1.3466	1.3466	-1.3557	1.3557	-1.357	1.357	1.3581	-1.3581	-1.3682	1.3682	-1.3763	1.3763	1.3813	-1.3813	-1.3858	1.3858	-1.3867	1.3867	1.3955	-1.3955	1.4156	-1.4156	-1.4162	1.4162	1.4233	-1.4233	1.4372	-1.4372	-1.4447	1.4447	1.4548	-1.4548	-1.4624	1.4624	-1.4738	1.4738	-1.4761	1.4761	-1.4856	1.4856	1.4957	-1.4957	-1.4986	1.4986	-1.4997	1.4997	1.513	-1.513	-1.5287	1.5287	-1.5333	1.5333	1.5389	-1.5389	-1.5418	1.5418	1.5467	-1.5467	-1.5514	1.5514	1.5674	-1.5674	1.5719	-1.5719	-1.5727	1.5727	1.583	-1.583	1.5993	-1.5993	1.6013	-1.6013	1.6146	-1.6146	1.6346	-1.6346	-1.6405	1.6405	-1.6427	1.6427	1.6588	-1.6588	1.6668	-1.6668	-1.6673	1.6673	-1.6841	1.6841	-1.6953	1.6953	1.6979	-1.6979	-1.6992	1.6992	-1.71	1.71	1.7292	-1.7292	-1.7338	1.7338	1.7399	-1.7399	-1.7417	1.7417	1.759	-1.759	-1.7665	1.7665	-1.769	1.769	-1.7723	1.7723	-1.7756	1.7756	1.7949	-1.7949	-1.799	1.799	1.8019	-1.8019	-1.8127	1.8127	1.8131	-1.8131	-1.8273	1.8273	-1.8336	1.8336	1.8456	-1.8456	1.8483	-1.8483	1.8499	-1.8499	1.8584	-1.8584	1.8692	-1.8692	-1.8703	1.8703	-1.8748	1.8748	-1.8796	1.8796	1.9042	-1.9042	1.9053	-1.9053	1.9264	-1.9264	-1.9423	1.9423	-1.9559	1.9559	-1.9894	1.9894	-1.9997	1.9997	-2.0025	2.0025	-2.0071	2.0071	-2.0161	2.0161	-2.0193	2.0193	2.022	-2.022	-2.0274	2.0274	-2.0298	2.0298	-2.0363	2.0363	2.0385	-2.0385	-2.0478	2.0478	-2.0659	2.0659	2.0685	-2.0685	-2.0744	2.0744	-2.0966	2.0966	-2.1093	2.1093	2.1131	-2.1131	2.1299	-2.1299	2.1369	-2.1369	2.1442	-2.1442	
0	-0.6	-0.01592	0.01592	0.026175	-0.026175	-0.052331	0.052331	0.080451	-0.080451	0.093498	-0.093498	0.11211	-0.11211	0.17227	-0.17227	0.17657	-0.17657	-0.19114	0.19114	-0.19552	0.19552	0.20395	-0.20395	0.21908	-0.21908	0.22154	-0.22154	0.22569	-0.22569	-0.24728	0.24728	0.30479	-0.30479	-0.311	0.311	-0.37827	0.37827	-0.39365	0.39365	0.47215	-0.47215	0.52143	-0.52143	0.52586	-0.52586	0.5618	-0.5618	0.59272	-0.59272	0.59928	-0.59928	-0.65906	0.65906	0.66224	-0.66224	0.66507	-0.66507	-0.68032	0.68032	0.70015	-0.70015	-0.7198	0.7198	-0.72474	0.72474	-0.73265	0.73265	0.76047	-0.76047	0.77426	-0.77426	-0.78077	0.78077	-0.78942	0.78942	-0.79744	0.79744	-0.82031	0.82031	0.82378	-0.82378	0.82393	-0.82393	0.836	-0.836	0.84174	-0.84174	-0.86177	0.86177	0.87439	-0.87439	0.88543	-0.88543	-0.88832	0.88832	0.91185	-0.91185	-0.91297	0.91297	-0.93221	0.93221	-0.93447	0.93447	0.9373	-0.9373	-0.94277	0.94277	0.94749	-0.94749	0.95519	-0.95519	0.95552	-0.95552	-0.98168	0.98168	-0.9886	0.9886	0.99335	-0.99335	-0.99629	0.99629	-1.0081	1.0081	1.0096	-1.0096	1.0114	-1.0114	-1.0369	1.0369	-1.039	1.039	-1.0417	1.0417	-1.0459	1.0459	-1.0624	1.0624	-1.063	1.063	1.0675	-1.0675	1.0716	-1.0716	1.0869	-1.0869	1.0903	-1.0903	-1.1086	1.1086	-1.117	1.117	1.1229	-1.1229	-1.1257	1.1257	1.1336	-1.1336	1.1587	-1.1587	1.1625	-1.1625	1.1664	-1.1664	1.1676	-1.1676	1.1852	-1.1852	1.1904	-1.1904	1.2097	-1.2097	-1.2202	1.2202	1.2288	-1.2288	1.2369	-1.2369	-1.2454	1.2454	1.2635	-1.2635	-1.2675	1.2675	-1.2692	1.2692	-1.2868	1.2868	1.2949	-1.2949	-1.3084	1.3084	-1.3247	1.3247	-1.3254	1.3254	-1.3372	1.3372	1.3436	-1.3436	-1.346	1.346	1.3584	-1.3584	-1.3596	1.3596	-1.3667	1.3667	-1.3708	1.3708	1.3753	-1.3753	1.378	-1.378	-1.3781	1.3781	1.3811	-1.3811	1.3864	-1.3864	1.39	-1.39	1.3925	-1.3925	1.3965	-1.3965	1.4159	-1.4159	1.4168	-1.4168	-1.4261	1.4261	1.4371	-1.4371	1.4444	-1.4444	1.4551	-1.4551	1.4629	-1.4629	-1.4748	1.4748	1.4756	-1.4756	1.4856	-1.4856	-1.4962	1.4962	-1.4991	1.4991	-1.4998	1.4998	-1.5133	1.5133	-1.529	1.529	1.533	-1.533	1.5394	-1.5394	-1.5417	1.5417	-1.5463	1.5463	1.552	-1.552	1.5677	-1.5677	-1.5716	1.5716	-1.5727	1.5727	1.5829	-1.5829	1.5993	-1.5993	-1.6021	1.6021	-1.6153	1.6153	1.6343	-1.6343	1.6394	-1.6394	-1.6421	1.6421	1.6579	-1.6579	1.6667	-1.6667	-1.6668	1.6668	1.6837	-1.6837	1.6966	-1.6966	-1.6976	1.6976	1.6997	-1.6997	-1.7096	1.7096	1.7294	-1.7294	1.7326	-1.7326	1.7399	-1.7399	1.7417	-1.7417	-1.7588	1.7588	-1.7669	1.7669	-1.7688	1.7688	-1.7723	1.7723	-1.7754	1.7754	-1.7945	1.7945	1.7986	-1.7986	-1.8017	1.8017	1.8112	-1.8112	-1.8126	1.8126	-1.8278	1.8278	1.8327	-1.8327	1.8449	-1.8449	-1.848	1.848	1.8503	-1.8503	1.8584	-1.8584	-1.8698	1.8698	-1.8706	1.8706	-1.8749	1.8749	-1.8793	1.8793	-1.9058	1.9058	-1.9066	1.9066	1.9252	-1.9252	-1.9421	1.9421	-1.9556	1.9556	1.9891	-1.9891	-1.9999	1.9999	2.0029	-2.0029	-2.0069	2.0069	-2.0161	2.0161	-2.0188	2.0188	2.0196	-2.0196	2.0273	-2.0273	2.0299	-2.0299	2.0357	-2.0357	-2.0389	2.0389	2.047	-2.047	-2.065	2.065	2.0678	-2.0678	-2.0752	2.0752	2.0958	-2.0958	-2.1078	2.1078	2.1127	-2.1127	2.1305	-2.1305	-2.1371	2.1371	2.144	-2.144	
0	-0.58	-0.0031495	0.0031495	-0.025901	0.025901	0.044487	-0.044487	-0.059742	0.059742	-0.070956	0.070956	-0.089932	0.089932	-0.15253	0.15253	0.16177	-0.16177	-0.17175	0.17175	-0.19677	0.19677	0.21591	-0.21591	0.22874	-0.22874	-0.24397	0.24397	-0.24593	0.24593	-0.27189	0.27189	-0.32945	0.32945	-0.33539	0.33539	-0.40481	0.40481	-0.41779	0.41779	0.495	-0.495	-0.52635	0.52635	-0.54417	0.54417	-0.55932	0.55932	0.59108	-0.59108	-0.61259	0.61259	0.65916	-0.65916	-0.66166	0.66166	-0.67867	0.67867	-0.68907	0.68907	-0.70035	0.70035	-0.72064	0.72064	0.732	-0.732	0.74275	-0.74275	-0.77469	0.77469	-0.78052	0.78052	0.78439	-0.78439	-0.79646	0.79646	-0.80829	0.80829	-0.82335	0.82335	-0.8291	0.8291	-0.83822	0.83822	-0.84662	0.84662	0.85457	-0.85457	-0.87035	0.87035	-0.88132	0.88132	-0.89205	0.89205	0.89262	-0.89262	-0.91215	0.91215	0.9127	-0.9127	-0.93286	0.93286	-0.93499	0.93499	-0.93721	0.93721	-0.9433	0.9433	-0.94939	0.94939	-0.95417	0.95417	0.95617	-0.95617	0.98247	-0.98247	-0.98829	0.98829	-0.99339	0.99339	0.99632	-0.99632	-1.0094	1.0094	-1.01	1.01	-1.0149	1.0149	-1.0379	1.0379	-1.0419	1.0419	-1.0461	1.0461	-1.051	1.051	-1.0626	1.0626	1.0658	-1.0658	-1.068	1.068	1.0733	-1.0733	-1.0876	1.0876	1.0932	-1.0932	-1.1083	1.1083	1.1166	-1.1166	-1.1229	1.1229	-1.1264	1.1264	-1.1337	1.1337	-1.162	1.162	-1.1664	1.1664	1.1689	-1.1689	-1.1775	1.1775	-1.1855	1.1855	1.1903	-1.1903	-1.2098	1.2098	-1.2203	1.2203	-1.2295	1.2295	-1.2378	1.2378	-1.2543	1.2543	-1.2631	1.2631	-1.2685	1.2685	-1.2695	1.2695	-1.294	1.294	-1.3051	1.3051	-1.3106	1.3106	-1.3246	1.3246	1.3362	-1.3362	-1.3436	1.3436	-1.3491	1.3491	-1.3588	1.3588	-1.3673	1.3673	-1.3749	1.3749	-1.375	1.375	1.3796	-1.3796	1.3841	-1.3841	-1.3895	1.3895	-1.3933	1.3933	-1.3941	1.3941	1.3969	-1.3969	1.4042	-1.4042	1.4096	-1.4096	1.411	-1.411	-1.4158	1.4158	-1.4179	1.4179	-1.4306	1.4306	-1.4372	1.4372	1.4441	-1.4441	-1.4562	1.4562	-1.464	1.464	-1.475	1.475	-1.4758	1.4758	-1.4858	1.4858	-1.4966	1.4966	-1.4986	1.4986	-1.5016	1.5016	-1.5136	1.5136	-1.5293	1.5293	-1.5327	1.5327	1.5398	-1.5398	-1.5419	1.5419	1.5461	-1.5461	-1.5527	1.5527	-1.568	1.568	-1.5714	1.5714	1.5731	-1.5731	1.5826	-1.5826	-1.5994	1.5994	1.603	-1.603	-1.6161	1.6161	-1.634	1.634	-1.6382	1.6382	1.6414	-1.6414	-1.6569	1.6569	-1.6664	1.6664	1.6668	-1.6668	1.6832	-1.6832	1.6973	-1.6973	-1.6979	1.6979	-1.7003	1.7003	-1.7092	1.7092	-1.7297	1.7297	1.7315	-1.7315	-1.74	1.74	-1.7416	1.7416	-1.7586	1.7586	1.7673	-1.7673	-1.7686	1.7686	-1.7724	1.7724	-1.7752	1.7752	-1.7941	1.7941	1.7982	-1.7982	1.8015	-1.8015	-1.8094	1.8094	-1.8125	1.8125	1.8284	-1.8284	-1.832	1.832	-1.8442	1.8442	-1.8479	1.8479	-1.8507	1.8507	1.8584	-1.8584	1.8703	-1.8703	-1.8708	1.8708	1.875	-1.875	1.879	-1.879	-1.9064	1.9064	1.9092	-1.9092	-1.9241	1.9241	-1.9419	1.9419	-1.9553	1.9553	-1.9887	1.9887	2	-2	2.0032	-2.0032	2.0067	-2.0067	2.0161	-2.0161	-2.0173	2.0173	2.0183	-2.0183	2.0271	-2.0271	-2.0299	2.0299	-2.0347	2.0347	-2.0396	2.0396	2.0463	-2.0463	2.0637	-2.0637	2.0675	-2.0675	-2.0761	2.0761	2.095	-2.095	2.1062	-2.1062	-2.1122	2.1122	-2.1311	2.1311	-2.1373	2.1373	-2.1438	2.1438	
0	-0.56	-0.0015041	0.0015041	-0.005841	0.005841	0.040866	-0.040866	0.051402	-0.051402	0.053119	-0.053119	0.074766	-0.074766	0.1291	-0.1291	0.14845	-0.14845	0.15874	-0.15874	-0.17298	0.17298	-0.24022	0.24022	0.25307	-0.25307	0.26736	-0.26736	-0.26825	0.26825	0.29603	-0.29603	0.35371	-0.35371	0.35931	-0.35931	0.43117	-0.43117	0.44149	-0.44149	0.51752	-0.51752	-0.52644	0.52644	0.55666	-0.55666	0.56658	-0.56658	-0.58921	0.58921	0.62418	-0.62418	-0.65907	0.65907	-0.66191	0.66191	0.67693	-0.67693	0.70042	-0.70042	0.71263	-0.71263	-0.71964	0.71964	-0.73134	0.73134	-0.76148	0.76148	0.77496	-0.77496	0.78023	-0.78023	-0.79835	0.79835	0.80771	-0.80771	-0.82192	0.82192	-0.82298	0.82298	-0.83427	0.83427	-0.8477	0.8477	-0.84775	0.84775	0.87363	-0.87363	0.87415	-0.87415	0.89188	-0.89188	0.89826	-0.89826	0.90255	-0.90255	0.91236	-0.91236	-0.91687	0.91687	-0.93419	0.93419	-0.93566	0.93566	0.93729	-0.93729	-0.94394	0.94394	0.95121	-0.95121	0.95308	-0.95308	-0.95716	0.95716	-0.98333	0.98333	0.98789	-0.98789	-0.99343	0.99343	-0.99635	0.99635	1.0103	-1.0103	-1.0108	1.0108	1.0182	-1.0182	-1.0385	1.0385	-1.0422	1.0422	-1.0464	1.0464	1.0594	-1.0594	-1.0622	1.0622	1.0685	-1.0685	-1.0694	1.0694	1.0786	-1.0786	-1.0882	1.0882	-1.0955	1.0955	-1.108	1.108	-1.1163	1.1163	1.123	-1.123	-1.1271	1.1271	1.1338	-1.1338	-1.1622	1.1622	1.1682	-1.1682	1.1754	-1.1754	-1.1858	1.1858	1.1883	-1.1883	1.1902	-1.1902	-1.2102	1.2102	1.2209	-1.2209	1.2303	-1.2303	1.2384	-1.2384	1.2618	-1.2618	-1.2626	1.2626	1.2698	-1.2698	1.2701	-1.2701	1.2936	-1.2936	-1.3076	1.3076	1.3239	-1.3239	1.3275	-1.3275	1.3366	-1.3366	1.3436	-1.3436	-1.3588	1.3588	1.37	-1.37	-1.3736	1.3736	1.3791	-1.3791	-1.3806	1.3806	1.3842	-1.3842	1.3914	-1.3914	1.3936	-1.3936	-1.4078	1.4078	1.415	-1.415	-1.4167	1.4167	1.4171	-1.4171	1.4204	-1.4204	-1.4243	1.4243	-1.4264	1.4264	1.4323	-1.4323	1.4387	-1.4387	-1.439	1.439	1.4439	-1.4439	-1.4588	1.4588	1.4658	-1.4658	1.4745	-1.4745	1.4768	-1.4768	1.4863	-1.4863	1.4969	-1.4969	1.4986	-1.4986	1.504	-1.504	1.5139	-1.5139	-1.5295	1.5295	-1.5323	1.5323	-1.5402	1.5402	1.5423	-1.5423	-1.5463	1.5463	-1.5534	1.5534	-1.5683	1.5683	-1.5712	1.5712	-1.5739	1.5739	1.5822	-1.5822	-1.5996	1.5996	-1.6038	1.6038	1.6169	-1.6169	-1.6336	1.6336	-1.6371	1.6371	1.6407	-1.6407	-1.6558	1.6558	-1.6662	1.6662	-1.6667	1.6667	-1.6827	1.6827	-1.6971	1.6971	1.6988	-1.6988	-1.7012	1.7012	-1.7088	1.7088	-1.73	1.73	-1.7303	1.7303	-1.74	1.74	1.7415	-1.7415	-1.7585	1.7585	1.7676	-1.7676	-1.7683	1.7683	1.7725	-1.7725	-1.775	1.775	-1.7936	1.7936	-1.7977	1.7977	1.8013	-1.8013	-1.8076	1.8076	1.8124	-1.8124	1.829	-1.829	1.8315	-1.8315	1.8435	-1.8435	1.8478	-1.8478	-1.851	1.851	-1.8585	1.8585	1.8709	-1.8709	1.8711	-1.8711	1.8751	-1.8751	1.8788	-1.8788	-1.907	1.907	-1.9119	1.9119	-1.923	1.923	-1.9417	1.9417	1.955	-1.955	-1.9884	1.9884	-1.9999	1.9999	-2.0036	2.0036	-2.0065	2.0065	2.0149	-2.0149	2.0162	-2.0162	2.0177	-2.0177	-2.0268	2.0268	-2.03	2.03	2.0335	-2.0335	2.0404	-2.0404	-2.0457	2.0457	2.0621	-2.0621	-2.0674	2.0674	2.0769	-2.0769	-2.0941	2.0941	2.1044	-2.1044	-2.1117	2.1117	2.1318	-2.1318	2.1373	-2.1373	2.1429	-2.1429	
0	-0.54	-0.0059671	0.0059671	-0.018204	0.018204	0.026014	-0.026014	-0.039881	0.039881	-0.04011	0.04011	0.083386	-0.083386	-0.10649	0.10649	-0.12641	0.12641	-0.14917	0.14917	0.16472	-0.16472	-0.26407	0.26407	0.27692	-0.27692	-0.28914	0.28914	-0.2921	0.2921	0.31969	-0.31969	-0.37751	0.37751	-0.38274	0.38274	0.45729	-0.45729	-0.46471	0.46471	-0.52615	0.52615	-0.53968	0.53968	0.55381	-0.55381	0.58723	-0.58723	0.58866	-0.58866	-0.63305	0.63305	-0.65881	0.65881	-0.66384	0.66384	0.67512	-0.67512	-0.70036	0.70036	0.71844	-0.71844	-0.73065	0.73065	-0.73572	0.73572	-0.77517	0.77517	0.77904	-0.77904	-0.77991	0.77991	0.79986	-0.79986	-0.82012	0.82012	0.83017	-0.83017	-0.83461	0.83461	0.84058	-0.84058	0.84886	-0.84886	0.85163	-0.85163	-0.87399	0.87399	-0.89257	0.89257	-0.89665	0.89665	0.90631	-0.90631	0.91149	-0.91149	0.91288	-0.91288	0.92917	-0.92917	0.93683	-0.93683	0.93712	-0.93712	0.93902	-0.93902	-0.94505	0.94505	-0.95274	0.95274	-0.95296	0.95296	-0.9582	0.9582	-0.98426	0.98426	0.98746	-0.98746	-0.99347	0.99347	0.99643	-0.99643	1.0108	-1.0108	1.0124	-1.0124	-1.0212	1.0212	-1.0388	1.0388	1.0424	-1.0424	1.0466	-1.0466	-1.0617	1.0617	1.0626	-1.0626	1.0689	-1.0689	-1.0731	1.0731	1.0887	-1.0887	-1.089	1.089	-1.0974	1.0974	1.1076	-1.1076	-1.1161	1.1161	-1.123	1.123	-1.128	1.128	-1.1339	1.1339	1.1623	-1.1623	1.169	-1.169	1.1822	-1.1822	1.1863	-1.1863	1.1902	-1.1902	-1.1972	1.1972	1.211	-1.211	1.2228	-1.2228	-1.231	1.231	-1.2391	1.2391	-1.2621	1.2621	-1.2667	1.2667	-1.2702	1.2702	1.2732	-1.2732	1.2931	-1.2931	-1.3077	1.3077	-1.3231	1.3231	-1.3363	1.3363	-1.3434	1.3434	-1.346	1.346	1.3588	-1.3588	-1.3736	1.3736	-1.3794	1.3794	1.3833	-1.3833	1.3834	-1.3834	-1.3912	1.3912	-1.393	1.393	-1.4085	1.4085	1.4173	-1.4173	-1.4183	1.4183	1.4269	-1.4269	1.4336	-1.4336	-1.4362	1.4362	1.4391	-1.4391	1.4415	-1.4415	1.4428	-1.4428	-1.4437	1.4437	-1.4537	1.4537	-1.4583	1.4583	1.464	-1.464	-1.4698	1.4698	1.474	-1.474	1.4778	-1.4778	1.4873	-1.4873	-1.4969	1.4969	-1.4993	1.4993	1.5075	-1.5075	-1.5143	1.5143	-1.5298	1.5298	-1.532	1.532	-1.5405	1.5405	-1.5429	1.5429	1.547	-1.547	1.5541	-1.5541	-1.5686	1.5686	-1.5712	1.5712	-1.5752	1.5752	-1.5817	1.5817	1.6	-1.6	1.6046	-1.6046	1.6177	-1.6177	-1.6333	1.6333	1.636	-1.636	1.64	-1.64	1.6547	-1.6547	-1.6664	1.6664	1.6666	-1.6666	-1.6821	1.6821	-1.6969	1.6969	-1.6995	1.6995	1.7025	-1.7025	-1.7083	1.7083	1.7291	-1.7291	-1.7304	1.7304	-1.7401	1.7401	-1.7414	1.7414	1.7583	-1.7583	-1.7679	1.7679	-1.768	1.768	1.7727	-1.7727	-1.7748	1.7748	1.7932	-1.7932	1.7971	-1.7971	1.8011	-1.8011	-1.806	1.806	1.8122	-1.8122	1.8298	-1.8298	1.8311	-1.8311	1.8428	-1.8428	1.8479	-1.8479	-1.8512	1.8512	-1.8586	1.8586	-1.8714	1.8714	-1.8715	1.8715	1.8752	-1.8752	-1.8787	1.8787	-1.9076	1.9076	-1.9147	1.9147	1.922	-1.922	-1.9415	1.9415	-1.9548	1.9548	-1.988	1.988	1.9996	-1.9996	-2.004	2.004	-2.0063	2.0063	2.0125	-2.0125	-2.0163	2.0163	-2.0172	2.0172	-2.0266	2.0266	-2.03	2.03	-2.0323	2.0323	2.0414	-2.0414	-2.0452	2.0452	2.0605	-2.0605	-2.0672	2.0672	-2.0777	2.0777	-2.0932	2.0932	-2.1025	2.1025	-2.1112	2.1112	-2.1324	2.1324	-2.1373	2.1373	-2.1411	2.1411	
0	-0.52	0.0055471	-0.0055471	0.012082	-0.012082	0.029951	-0.029951	-0.036721	0.036721	0.043597	-0.043597	-0.085099	0.085099	0.099425	-0.099425	-0.10722	0.10722	0.1279	-0.1279	0.17622	-0.17622	0.28743	-0.28743	-0.30027	0.30027	0.31095	-0.31095	-0.31547	0.31547	0.34284	-0.34284	0.4008	-0.4008	-0.40566	0.40566	-0.48312	0.48312	0.48743	-0.48743	0.52549	-0.52549	0.55078	-0.55078	0.56148	-0.56148	0.58514	-0.58514	-0.61037	0.61037	-0.63825	0.63825	0.6584	-0.6584	0.66833	-0.66833	0.67323	-0.67323	-0.70016	0.70016	-0.71716	0.71716	0.72996	-0.72996	0.7583	-0.7583	0.77534	-0.77534	0.77953	-0.77953	0.79486	-0.79486	-0.80131	0.80131	-0.81818	0.81818	0.84088	-0.84088	0.84401	-0.84401	0.85168	-0.85168	-0.85294	0.85294	-0.85661	0.85661	0.87368	-0.87368	-0.89888	0.89888	0.90705	-0.90705	0.90769	-0.90769	-0.91168	0.91168	0.92745	-0.92745	0.93383	-0.93383	-0.93761	0.93761	0.94393	-0.94393	0.94708	-0.94708	-0.94774	0.94774	-0.95489	0.95489	0.9578	-0.9578	0.95933	-0.95933	0.98529	-0.98529	-0.98711	0.98711	0.99352	-0.99352	0.99656	-0.99656	1.0115	-1.0115	1.0143	-1.0143	-1.0241	1.0241	-1.039	1.039	1.0427	-1.0427	-1.0469	1.0469	1.0612	-1.0612	1.0636	-1.0636	-1.0691	1.0691	1.077	-1.077	-1.0892	1.0892	-1.0989	1.0989	-1.1005	1.1005	-1.1073	1.1073	1.1159	-1.1159	1.1231	-1.1231	1.1298	-1.1298	1.1342	-1.1342	-1.1625	1.1625	1.17	-1.17	1.186	-1.186	-1.1886	1.1886	-1.1911	1.1911	-1.2024	1.2024	1.2124	-1.2124	1.2276	-1.2276	-1.2318	1.2318	-1.2397	1.2397	-1.2615	1.2615	-1.269	1.269	-1.2707	1.2707	1.2779	-1.2779	1.2925	-1.2925	1.3078	-1.3078	1.3223	-1.3223	1.3358	-1.3358	1.3435	-1.3435	1.3589	-1.3589	-1.3616	1.3616	-1.3738	1.3738	1.3801	-1.3801	-1.383	1.383	1.3867	-1.3867	-1.3921	1.3921	1.4089	-1.4089	-1.4128	1.4128	-1.4175	1.4175	-1.4295	1.4295	-1.4364	1.4364	-1.4399	1.4399	1.4433	-1.4433	-1.4458	1.4458	-1.4538	1.4538	-1.4597	1.4597	-1.4641	1.4641	1.4682	-1.4682	1.4698	-1.4698	-1.4736	1.4736	-1.4785	1.4785	1.4811	-1.4811	-1.4822	1.4822	1.4898	-1.4898	1.4976	-1.4976	-1.5007	1.5007	1.5125	-1.5125	1.5148	-1.5148	1.5301	-1.5301	1.5318	-1.5318	-1.5408	1.5408	-1.5436	1.5436	1.5487	-1.5487	1.5549	-1.5549	1.5689	-1.5689	1.5714	-1.5714	1.5773	-1.5773	1.5812	-1.5812	1.6008	-1.6008	-1.6053	1.6053	1.6185	-1.6185	1.6329	-1.6329	-1.635	1.635	-1.6392	1.6392	-1.6534	1.6534	1.6664	-1.6664	-1.6667	1.6667	1.6816	-1.6816	1.6966	-1.6966	-1.7	1.7	-1.7038	1.7038	1.7079	-1.7079	1.7279	-1.7279	-1.7309	1.7309	1.7402	-1.7402	-1.7412	1.7412	1.7582	-1.7582	-1.7676	1.7676	1.7681	-1.7681	-1.773	1.773	1.7746	-1.7746	1.7927	-1.7927	1.7965	-1.7965	1.801	-1.801	-1.8044	1.8044	1.812	-1.812	1.8305	-1.8305	1.831	-1.831	-1.842	1.842	-1.848	1.848	-1.8514	1.8514	-1.8587	1.8587	-1.8717	1.8717	1.872	-1.872	1.8753	-1.8753	1.8786	-1.8786	1.9082	-1.9082	1.9176	-1.9176	-1.921	1.921	1.9413	-1.9413	-1.9545	1.9545	-1.9876	1.9876	1.9992	-1.9992	-2.0045	2.0045	-2.006	2.006	2.0102	-2.0102	2.0164	-2.0164	2.0167	-2.0167	2.0263	-2.0263	-2.0299	2.0299	-2.031	2.031	-2.0424	2.0424	2.0449	-2.0449	-2.0588	2.0588	-2.0671	2.0671	-2.0784	2.0784	-2.0924	2.0924	2.1004	-2.1004	2.1106	-2.1106	-2.133	2.133	-2.1373	2.1373	2.1391	-2.1391	
0	-0.5	0.0042421	-0.0042421	-0.0070179	0.0070179	0.041455	-0.041455	0.047748	-0.047748	0.056653	-0.056653	0.066362	-0.066362	-0.096719	0.096719	0.10068	-0.10068	0.12394	-0.12394	0.1917	-0.1917	-0.31027	0.31027	0.32308	-0.32308	0.33258	-0.33258	-0.33835	0.33835	-0.36547	0.36547	0.42354	-0.42354	-0.42804	0.42804	-0.50859	0.50859	-0.50965	0.50965	0.5245	-0.5245	0.54757	-0.54757	0.58289	-0.58289	-0.58297	0.58297	-0.63169	0.63169	0.64015	-0.64015	-0.65787	0.65787	-0.67128	0.67128	-0.675	0.675	-0.69984	0.69984	-0.71584	0.71584	0.72925	-0.72925	0.77549	-0.77549	-0.77911	0.77911	0.78037	-0.78037	0.80241	-0.80241	0.80858	-0.80858	0.81615	-0.81615	0.84344	-0.84344	0.84699	-0.84699	0.8531	-0.8531	0.86334	-0.86334	-0.87342	0.87342	0.87572	-0.87572	0.90063	-0.90063	-0.90938	0.90938	0.91051	-0.91051	-0.91608	0.91608	-0.9346	0.9346	-0.93638	0.93638	0.93865	-0.93865	-0.9488	0.9488	-0.95306	0.95306	-0.95614	0.95614	0.95918	-0.95918	-0.96141	0.96141	-0.97326	0.97326	-0.98651	0.98651	-0.98706	0.98706	-0.99358	0.99358	-0.99675	0.99675	1.0126	-1.0126	-1.0168	1.0168	1.027	-1.027	1.0391	-1.0391	-1.0429	1.0429	1.0473	-1.0473	1.0607	-1.0607	1.064	-1.064	-1.0691	1.0691	-1.081	1.081	-1.0897	1.0897	-1.1002	1.1002	-1.1068	1.1068	-1.1098	1.1098	1.1159	-1.1159	-1.1231	1.1231	-1.1334	1.1334	1.1348	-1.1348	1.1627	-1.1627	1.1713	-1.1713	1.1868	-1.1868	1.1897	-1.1897	-1.1958	1.1958	1.2044	-1.2044	-1.2133	1.2133	-1.2327	1.2327	-1.2352	1.2352	1.2405	-1.2405	1.261	-1.261	-1.2705	1.2705	-1.2713	1.2713	-1.2825	1.2825	-1.2919	1.2919	-1.3078	1.3078	-1.3215	1.3215	-1.335	1.335	1.3435	-1.3435	-1.359	1.359	1.3694	-1.3694	-1.377	1.377	-1.3803	1.3803	1.3827	-1.3827	-1.3912	1.3912	-1.3938	1.3938	-1.4132	1.4132	1.4176	-1.4176	1.4225	-1.4225	-1.433	1.433	1.4405	-1.4405	1.4425	-1.4425	1.4537	-1.4537	-1.4569	1.4569	1.4669	-1.4669	1.4719	-1.4719	1.4727	-1.4727	1.4754	-1.4754	-1.4801	1.4801	-1.4829	1.4829	-1.4874	1.4874	-1.493	1.493	-1.4983	1.4983	1.4991	-1.4991	1.5015	-1.5015	-1.5073	1.5073	-1.5153	1.5153	1.5192	-1.5192	-1.5305	1.5305	-1.5324	1.5324	-1.5416	1.5416	1.5444	-1.5444	1.552	-1.552	1.5558	-1.5558	1.5693	-1.5693	-1.5719	1.5719	-1.5802	1.5802	1.5807	-1.5807	-1.6022	1.6022	1.606	-1.606	-1.6194	1.6194	-1.6326	1.6326	-1.6343	1.6343	-1.6385	1.6385	-1.6521	1.6521	-1.6661	1.6661	-1.6673	1.6673	1.681	-1.681	1.6964	-1.6964	-1.7005	1.7005	1.7052	-1.7052	1.7074	-1.7074	1.7267	-1.7267	1.7315	-1.7315	-1.7402	1.7402	-1.741	1.741	-1.7581	1.7581	1.7672	-1.7672	-1.7683	1.7683	1.7734	-1.7734	1.7745	-1.7745	1.7922	-1.7922	1.7959	-1.7959	1.8009	-1.8009	1.803	-1.803	-1.8117	1.8117	-1.8312	1.8312	-1.8314	1.8314	-1.8413	1.8413	1.8481	-1.8481	-1.8514	1.8514	-1.8589	1.8589	1.872	-1.872	1.8726	-1.8726	1.8754	-1.8754	-1.8787	1.8787	1.9089	-1.9089	-1.9201	1.9201	1.9206	-1.9206	-1.9411	1.9411	1.9543	-1.9543	-1.9872	1.9872	1.9986	-1.9986	-2.0049	2.0049	2.0056	-2.0056	-2.0079	2.0079	2.0162	-2.0162	-2.0165	2.0165	-2.026	2.026	2.0296	-2.0296	2.0298	-2.0298	2.0434	-2.0434	-2.0446	2.0446	-2.0571	2.0571	-2.067	2.067	-2.079	2.079	-2.0916	2.0916	-2.0982	2.0982	2.11	-2.11	2.1336	-2.1336	2.1368	-2.1368	2.1374	-2.1374	
0	-0.48	0.013153	-0.013153	-0.024712	0.024712	0.041711	-0.041711	0.05509	-0.05509	-0.058617	0.058617	-0.0741	0.0741	-0.082532	0.082532	0.10361	-0.10361	-0.14196	0.14196	0.20921	-0.20921	-0.33258	0.33258	0.34535	-0.34535	-0.35392	0.35392	-0.36071	0.36071	0.38756	-0.38756	0.44569	-0.44569	-0.44986	0.44986	0.52304	-0.52304	0.53133	-0.53133	-0.53379	0.53379	-0.54417	0.54417	-0.5807	0.5807	0.60388	-0.60388	-0.64009	0.64009	-0.65262	0.65262	-0.65724	0.65724	-0.66926	0.66926	0.68249	-0.68249	0.69936	-0.69936	0.71451	-0.71451	0.72853	-0.72853	-0.77561	0.77561	-0.77862	0.77862	0.80188	-0.80188	-0.80375	0.80375	0.81407	-0.81407	0.81883	-0.81883	-0.84283	0.84283	-0.85257	0.85257	-0.85267	0.85267	0.86687	-0.86687	0.87941	-0.87941	-0.89479	0.89479	-0.902	0.902	0.91014	-0.91014	-0.91197	0.91197	0.91957	-0.91957	-0.93516	0.93516	-0.93944	0.93944	0.94036	-0.94036	0.94941	-0.94941	-0.95563	0.95563	-0.96143	0.96143	-0.97043	0.97043	-0.97344	0.97344	-0.98629	0.98629	0.9883	-0.9883	0.99062	-0.99062	0.9937	-0.9937	0.99703	-0.99703	-1.0145	1.0145	-1.0205	1.0205	1.03	-1.03	-1.0393	1.0393	1.0432	-1.0432	-1.0476	1.0476	1.0601	-1.0601	-1.0646	1.0646	1.0692	-1.0692	1.0852	-1.0852	-1.0902	1.0902	1.1012	-1.1012	1.1064	-1.1064	1.1152	-1.1152	1.116	-1.116	1.1232	-1.1232	-1.1357	1.1357	-1.1395	1.1395	1.163	-1.163	-1.173	1.173	1.1875	-1.1875	-1.1903	1.1903	-1.201	1.201	1.205	-1.205	-1.2136	1.2136	1.2338	-1.2338	1.2407	-1.2407	-1.2444	1.2444	1.2605	-1.2605	-1.2718	1.2718	1.272	-1.272	1.2863	-1.2863	-1.2912	1.2912	-1.3078	1.3078	1.3206	-1.3206	1.3342	-1.3342	1.3435	-1.3435	1.3591	-1.3591	-1.37	1.37	1.38	-1.38	-1.3809	1.3809	-1.3827	1.3827	-1.3903	1.3903	1.4052	-1.4052	1.4138	-1.4138	-1.4178	1.4178	-1.4308	1.4308	-1.4331	1.4331	-1.4421	1.4421	1.4437	-1.4437	1.4672	-1.4672	1.4682	-1.4682	1.471	-1.471	-1.4739	1.4739	1.4749	-1.4749	-1.488	1.488	-1.4886	1.4886	-1.4942	1.4942	-1.4953	1.4953	-1.501	1.501	-1.51	1.51	1.5124	-1.5124	-1.5137	1.5137	1.5162	-1.5162	1.526	-1.526	1.5263	-1.5263	1.5312	-1.5312	-1.5363	1.5363	1.5437	-1.5437	-1.5454	1.5454	1.5562	-1.5562	-1.5586	1.5586	1.5696	-1.5696	1.5728	-1.5728	-1.5804	1.5804	1.5839	-1.5839	-1.6049	1.6049	1.6066	-1.6066	1.6204	-1.6204	1.6324	-1.6324	-1.6338	1.6338	1.6377	-1.6377	1.6508	-1.6508	-1.6657	1.6657	1.668	-1.668	1.6804	-1.6804	1.6963	-1.6963	1.7009	-1.7009	-1.7067	1.7067	1.7069	-1.7069	1.7254	-1.7254	1.7321	-1.7321	1.7403	-1.7403	-1.7408	1.7408	1.758	-1.758	1.7667	-1.7667	-1.7684	1.7684	1.7738	-1.7738	-1.7745	1.7745	1.7918	-1.7918	1.7952	-1.7952	-1.8009	1.8009	1.8018	-1.8018	-1.8115	1.8115	1.8316	-1.8316	-1.8322	1.8322	-1.8406	1.8406	-1.8484	1.8484	-1.8514	1.8514	1.859	-1.859	1.8724	-1.8724	1.8731	-1.8731	-1.8756	1.8756	-1.8789	1.8789	1.9095	-1.9095	1.9192	-1.9192	-1.9236	1.9236	-1.9409	1.9409	1.9541	-1.9541	-1.9867	1.9867	1.9978	-1.9978	-2.0053	2.0053	-2.0053	2.0053	2.0058	-2.0058	-2.0157	2.0157	2.0166	-2.0166	-2.0257	2.0257	-2.0281	2.0281	-2.0296	2.0296	-2.0445	2.0445	-2.0446	2.0446	2.0554	-2.0554	2.0669	-2.0669	-2.0795	2.0795	-2.0909	2.0909	2.0958	-2.0958	2.1095	-2.1095	2.1341	-2.1341	2.1347	-2.1347	-2.1371	2.1371	
0	-0.46	-0.0074373	0.0074373	-0.021327	0.021327	-0.047346	0.047346	0.057782	-0.057782	-0.059971	0.059971	0.083026	-0.083026	0.092869	-0.092869	-0.1201	0.1201	0.16173	-0.16173	0.22766	-0.22766	0.35434	-0.35434	0.36706	-0.36706	0.37486	-0.37486	-0.38254	0.38254	0.40908	-0.40908	-0.46722	0.46722	0.47111	-0.47111	-0.5214	0.5214	-0.54057	0.54057	-0.55246	0.55246	0.5584	-0.5584	0.57834	-0.57834	0.62445	-0.62445	-0.63906	0.63906	-0.65651	0.65651	0.66719	-0.66719	-0.67312	0.67312	-0.68981	0.68981	0.69872	-0.69872	0.71322	-0.71322	0.7278	-0.7278	-0.77571	0.77571	-0.77806	0.77806	0.80499	-0.80499	0.81195	-0.81195	-0.82281	0.82281	-0.82569	0.82569	0.84173	-0.84173	0.85188	-0.85188	-0.8584	0.8584	-0.86616	0.86616	0.88765	-0.88765	0.90296	-0.90296	0.90987	-0.90987	0.91185	-0.91185	0.91603	-0.91603	0.92102	-0.92102	0.93671	-0.93671	-0.94058	0.94058	-0.94292	0.94292	-0.95086	0.95086	-0.95687	0.95687	-0.96283	0.96283	-0.97989	0.97989	-0.98686	0.98686	-0.98843	0.98843	0.99398	-0.99398	-0.99454	0.99454	0.99797	-0.99797	1.0024	-1.0024	1.0184	-1.0184	1.0265	-1.0265	-1.033	1.033	1.0398	-1.0398	1.0438	-1.0438	1.048	-1.048	-1.0595	1.0595	-1.0655	1.0655	1.0694	-1.0694	-1.0892	1.0892	1.091	-1.091	1.1021	-1.1021	-1.1058	1.1058	1.1163	-1.1163	-1.1176	1.1176	-1.1233	1.1233	-1.1372	1.1372	1.1466	-1.1466	-1.1633	1.1633	1.1753	-1.1753	-1.188	1.188	1.192	-1.192	-1.2052	1.2052	1.2056	-1.2056	-1.2135	1.2135	-1.2351	1.2351	-1.2416	1.2416	-1.2526	1.2526	-1.26	1.26	-1.2728	1.2728	-1.2732	1.2732	1.2895	-1.2895	-1.2905	1.2905	1.3079	-1.3079	1.3197	-1.3197	1.3332	-1.3332	-1.3435	1.3435	1.3592	-1.3592	1.3696	-1.3696	1.3794	-1.3794	-1.383	1.383	-1.383	1.383	-1.3892	1.3892	1.4115	-1.4115	1.4179	-1.4179	1.4205	-1.4205	-1.4328	1.4328	-1.4357	1.4357	1.4417	-1.4417	-1.4461	1.4461	-1.4705	1.4705	1.4748	-1.4748	1.4752	-1.4752	1.477	-1.477	1.4822	-1.4822	-1.489	1.489	-1.5017	1.5017	-1.5017	1.5017	1.5056	-1.5056	-1.507	1.507	-1.5165	1.5165	1.5223	-1.5223	-1.5245	1.5245	-1.5293	1.5293	-1.5305	1.5305	-1.5329	1.5329	1.5428	-1.5428	-1.5467	1.5467	1.5471	-1.5471	1.5527	-1.5527	1.5573	-1.5573	-1.5687	1.5687	-1.57	1.57	1.5741	-1.5741	-1.5807	1.5807	-1.5876	1.5876	-1.6071	1.6071	-1.6098	1.6098	1.6215	-1.6215	1.6323	-1.6323	1.6336	-1.6336	-1.6369	1.6369	1.6493	-1.6493	1.6654	-1.6654	1.6689	-1.6689	-1.6799	1.6799	1.6961	-1.6961	1.7013	-1.7013	1.7063	-1.7063	-1.7081	1.7081	-1.7242	1.7242	1.7328	-1.7328	1.7404	-1.7404	-1.7405	1.7405	-1.7579	1.7579	-1.7663	1.7663	1.7683	-1.7683	-1.7743	1.7743	-1.7746	1.7746	-1.7916	1.7916	-1.7946	1.7946	1.8007	-1.8007	-1.8009	1.8009	-1.8112	1.8112	-1.8324	1.8324	1.8331	-1.8331	-1.8398	1.8398	-1.8487	1.8487	1.8512	-1.8512	-1.8592	1.8592	-1.8727	1.8727	1.8735	-1.8735	-1.8757	1.8757	-1.8793	1.8793	1.9101	-1.9101	1.9185	-1.9185	-1.9266	1.9266	-1.9407	1.9407	1.9541	-1.9541	-1.9863	1.9863	1.9968	-1.9968	2.0034	-2.0034	-2.0049	2.0049	-2.006	2.006	-2.0153	2.0153	2.0167	-2.0167	-2.0253	2.0253	2.0266	-2.0266	2.0294	-2.0294	2.0446	-2.0446	-2.0456	2.0456	-2.0536	2.0536	-2.0667	2.0667	-2.0797	2.0797	-2.0905	2.0905	-2.0934	2.0934	2.1089	-2.1089	-2.1324	2.1324	-2.1346	2.1346	2.1369	-2.1369	
0	-0.44	-0.0037517	0.0037517	-0.0069477	0.0069477	0.040506	-0.040506	-0.063825	0.063825	-0.076454	0.076454	-0.10169	0.10169	-0.1118	0.1118	-0.13882	0.13882	-0.18169	0.18169	-0.24646	0.24646	-0.37554	0.37554	-0.38819	0.38819	0.39532	-0.39532	-0.40381	0.40381	-0.43004	0.43004	-0.48807	0.48807	-0.49177	0.49177	-0.51939	0.51939	-0.53679	0.53679	-0.57301	0.57301	0.57587	-0.57587	-0.58246	0.58246	0.63763	-0.63763	-0.64456	0.64456	-0.65571	0.65571	-0.66508	0.66508	0.69318	-0.69318	-0.69649	0.69649	-0.6979	0.6979	0.71199	-0.71199	-0.72707	0.72707	0.7758	-0.7758	-0.7774	0.7774	0.80617	-0.80617	0.80983	-0.80983	-0.82978	0.82978	-0.84041	0.84041	0.8431	-0.8431	-0.85083	0.85083	-0.86272	0.86272	-0.86498	0.86498	-0.89598	0.89598	0.90333	-0.90333	-0.91001	0.91001	-0.91855	0.91855	-0.92159	0.92159	0.92484	-0.92484	-0.94115	0.94115	-0.94156	0.94156	-0.94745	0.94745	-0.95418	0.95418	-0.95778	0.95778	-0.96425	0.96425	-0.98167	0.98167	-0.98996	0.98996	-0.99299	0.99299	0.99692	-0.99692	-0.99943	0.99943	1.0073	-1.0073	-1.01	1.01	-1.0268	1.0268	-1.0339	1.0339	1.0364	-1.0364	1.0412	-1.0412	-1.0461	1.0461	1.0485	-1.0485	-1.0588	1.0588	-1.067	1.067	1.0701	-1.0701	-1.0908	1.0908	1.0942	-1.0942	1.1028	-1.1028	1.1052	-1.1052	-1.1168	1.1168	-1.1184	1.1184	-1.1234	1.1234	-1.1395	1.1395	1.1526	-1.1526	-1.1636	1.1636	-1.1776	1.1776	1.1882	-1.1882	1.1956	-1.1956	-1.2052	1.2052	-1.2095	1.2095	-1.2132	1.2132	-1.2368	1.2368	-1.2423	1.2423	-1.2595	1.2595	-1.2598	1.2598	-1.2737	1.2737	-1.2746	1.2746	1.2897	-1.2897	-1.292	1.292	-1.3079	1.3079	-1.3187	1.3187	-1.3322	1.3322	1.3434	-1.3434	-1.3593	1.3593	1.3689	-1.3689	1.3786	-1.3786	-1.3834	1.3834	-1.3843	1.3843	1.3882	-1.3882	-1.412	1.412	-1.4181	1.4181	-1.4316	1.4316	1.4324	-1.4324	1.4391	-1.4391	1.4413	-1.4413	-1.4481	1.4481	-1.4698	1.4698	-1.4747	1.4747	1.4779	-1.4779	-1.4834	1.4834	-1.4893	1.4893	-1.4921	1.4921	-1.5028	1.5028	-1.512	1.512	1.5156	-1.5156	-1.5166	1.5166	-1.5205	1.5205	1.5267	-1.5267	-1.5298	1.5298	-1.5349	1.5349	-1.5358	1.5358	1.5466	-1.5466	-1.5488	1.5488	1.5577	-1.5577	-1.558	1.558	-1.5612	1.5612	-1.5699	1.5699	1.5704	-1.5704	-1.5755	1.5755	-1.5827	1.5827	-1.5836	1.5836	1.5904	-1.5904	1.6077	-1.6077	-1.6172	1.6172	-1.6233	1.6233	1.6323	-1.6323	-1.6337	1.6337	-1.6361	1.6361	-1.6477	1.6477	1.665	-1.665	-1.6698	1.6698	-1.6794	1.6794	-1.6961	1.6961	-1.7018	1.7018	1.7058	-1.7058	-1.7094	1.7094	-1.7229	1.7229	1.7335	-1.7335	1.7403	-1.7403	-1.7405	1.7405	-1.7578	1.7578	1.7658	-1.7658	1.7681	-1.7681	1.7748	-1.7748	1.7748	-1.7748	-1.7915	1.7915	-1.794	1.794	-1.7997	1.7997	-1.8009	1.8009	1.8109	-1.8109	-1.8336	1.8336	-1.834	1.834	-1.8391	1.8391	-1.849	1.849	-1.851	1.851	-1.8595	1.8595	-1.873	1.873	1.8738	-1.8738	-1.8759	1.8759	-1.8798	1.8798	1.9107	-1.9107	-1.9178	1.9178	1.9296	-1.9296	-1.9405	1.9405	-1.9543	1.9543	1.9857	-1.9857	-1.9955	1.9955	-2.0012	2.0012	-2.0044	2.0044	2.0065	-2.0065	2.0149	-2.0149	2.0169	-2.0169	2.0249	-2.0249	-2.0251	2.0251	-2.0291	2.0291	2.0448	-2.0448	-2.0467	2.0467	2.0518	-2.0518	-2.0665	2.0665	2.0796	-2.0796	-2.0905	2.0905	-2.0908	2.0908	-2.1083	2.1083	2.13	-2.13	2.135	-2.135	-2.1366	2.1366	
0	-0.42	-0.012072	0.012072	-0.014947	0.014947	-0.034117	0.034117	0.080699	-0.080699	0.095603	-0.095603	-0.12111	0.12111	-0.13049	0.13049	-0.15784	0.15784	0.20153	-0.20153	-0.26526	0.26526	-0.39614	0.39614	0.40872	-0.40872	-0.41524	0.41524	0.42451	-0.42451	-0.4504	0.4504	-0.50821	0.50821	-0.51182	0.51182	0.51707	-0.51707	0.53283	-0.53283	-0.57334	0.57334	-0.59297	0.59297	-0.60544	0.60544	-0.63644	0.63644	-0.65484	0.65484	-0.66292	0.66292	0.66421	-0.66421	0.6969	-0.6969	-0.70232	0.70232	0.71085	-0.71085	-0.71278	0.71278	-0.72634	0.72634	-0.77588	0.77588	0.77664	-0.77664	-0.80731	0.80731	0.80772	-0.80772	-0.83197	0.83197	0.83892	-0.83892	-0.84957	0.84957	-0.86181	0.86181	-0.86268	0.86268	-0.8669	0.8669	0.90301	-0.90301	-0.90329	0.90329	0.91074	-0.91074	-0.92178	0.92178	-0.92336	0.92336	0.92819	-0.92819	0.94151	-0.94151	-0.94561	0.94561	-0.95849	0.95849	0.95924	-0.95924	-0.95999	0.95999	-0.9657	0.9657	-0.98189	0.98189	0.99168	-0.99168	0.99335	-0.99335	-0.99739	0.99739	1.0043	-1.0043	-1.0147	1.0147	1.0189	-1.0189	-1.0371	1.0371	-1.0381	1.0381	-1.0418	1.0418	1.0427	-1.0427	1.049	-1.049	1.0544	-1.0544	1.0582	-1.0582	1.0682	-1.0682	1.0731	-1.0731	-1.0914	1.0914	1.0985	-1.0985	-1.1035	1.1035	1.1045	-1.1045	-1.1175	1.1175	-1.1186	1.1186	-1.1236	1.1236	-1.1428	1.1428	-1.1569	1.1569	1.1641	-1.1641	-1.1794	1.1794	-1.1881	1.1881	-1.201	1.201	1.2052	-1.2052	1.2127	-1.2127	1.2129	-1.2129	1.239	-1.239	1.243	-1.243	1.2591	-1.2591	1.2655	-1.2655	-1.2748	1.2748	1.2762	-1.2762	-1.2889	1.2889	-1.2939	1.2939	1.3079	-1.3079	1.3177	-1.3177	-1.3312	1.3312	1.3434	-1.3434	1.3594	-1.3594	1.3681	-1.3681	1.3777	-1.3777	1.3836	-1.3836	-1.3851	1.3851	-1.3874	1.3874	-1.4121	1.4121	1.4183	-1.4183	-1.4315	1.4315	-1.4405	1.4405	-1.4414	1.4414	-1.4419	1.4419	-1.45	1.45	-1.4691	1.4691	1.4741	-1.4741	-1.4798	1.4798	1.4862	-1.4862	-1.4925	1.4925	-1.4993	1.4993	1.5035	-1.5035	1.5172	-1.5172	-1.5172	1.5172	-1.5244	1.5244	1.5258	-1.5258	1.5327	-1.5327	-1.5344	1.5344	-1.5414	1.5414	1.5433	-1.5433	-1.5482	1.5482	1.559	-1.559	1.5642	-1.5642	-1.5707	1.5707	-1.5716	1.5716	1.5756	-1.5756	-1.5767	1.5767	-1.5851	1.5851	1.5921	-1.5921	-1.5947	1.5947	1.5991	-1.5991	-1.6087	1.6087	-1.6219	1.6219	-1.63	1.63	-1.633	1.633	-1.6344	1.6344	1.6354	-1.6354	-1.6461	1.6461	-1.6647	1.6647	-1.6709	1.6709	-1.6789	1.6789	1.6962	-1.6962	1.7022	-1.7022	1.7052	-1.7052	1.7108	-1.7108	1.7218	-1.7218	-1.7342	1.7342	1.7401	-1.7401	-1.7406	1.7406	-1.7577	1.7577	1.7653	-1.7653	-1.7678	1.7678	-1.775	1.775	1.7754	-1.7754	-1.7917	1.7917	-1.7934	1.7934	-1.7988	1.7988	-1.8009	1.8009	-1.8106	1.8106	-1.8348	1.8348	1.8353	-1.8353	1.8385	-1.8385	1.8493	-1.8493	1.8506	-1.8506	1.8597	-1.8597	-1.8734	1.8734	1.874	-1.874	1.876	-1.876	-1.8806	1.8806	-1.9113	1.9113	1.9173	-1.9173	1.9323	-1.9323	-1.9404	1.9404	1.9548	-1.9548	1.9852	-1.9852	-1.9941	1.9941	1.9992	-1.9992	2.0039	-2.0039	-2.007	2.007	-2.0145	2.0145	-2.0171	2.0171	2.0235	-2.0235	2.0243	-2.0243	-2.0288	2.0288	-2.0451	2.0451	2.0477	-2.0477	-2.0502	2.0502	2.0663	-2.0663	2.0792	-2.0792	2.0881	-2.0881	-2.0908	2.0908	-2.1077	2.1077	-2.1276	2.1276	2.1353	-2.1353	-2.1363	2.1363	
0	-0.4	0.0027993	-0.0027993	-0.03352	0.03352	-0.048405	0.048405	-0.097431	0.097431	-0.11514	0.11514	-0.14023	0.14023	-0.14874	0.14874	-0.17659	0.17659	-0.2211	0.2211	-0.28384	0.28384	-0.41615	0.41615	0.42864	-0.42864	-0.43455	0.43455	-0.44461	0.44461	0.47016	-0.47016	0.51443	-0.51443	-0.5272	0.5272	-0.52907	0.52907	0.53124	-0.53124	-0.57072	0.57072	-0.61232	0.61232	0.62382	-0.62382	-0.63908	0.63908	0.65391	-0.65391	-0.66074	0.66074	-0.68336	0.68336	-0.69571	0.69571	-0.70721	0.70721	-0.70982	0.70982	-0.72561	0.72561	-0.73189	0.73189	0.77574	-0.77574	0.77595	-0.77595	0.80564	-0.80564	0.80841	-0.80841	-0.8329	0.8329	-0.83728	0.83728	-0.84814	0.84814	-0.85949	0.85949	-0.86844	0.86844	-0.88137	0.88137	-0.90211	0.90211	-0.90828	0.90828	-0.91192	0.91192	0.92192	-0.92192	0.92793	-0.92793	-0.93005	0.93005	0.9418	-0.9418	0.94871	-0.94871	0.95906	-0.95906	-0.96644	0.96644	0.96717	-0.96717	0.97437	-0.97437	-0.98185	0.98185	-0.99346	0.99346	0.99392	-0.99392	0.99772	-0.99772	-1.0067	1.0067	-1.0185	1.0185	1.0272	-1.0272	1.0381	-1.0381	-1.0434	1.0434	1.0443	-1.0443	1.0497	-1.0497	1.054	-1.054	-1.0584	1.0584	1.0651	-1.0651	-1.0685	1.0685	-1.0799	1.0799	1.0921	-1.0921	-1.1025	1.1025	-1.1037	1.1037	1.105	-1.105	-1.1184	1.1184	-1.1185	1.1185	1.1238	-1.1238	-1.1474	1.1474	-1.1596	1.1596	-1.1647	1.1647	1.1806	-1.1806	1.1881	-1.1881	1.2051	-1.2051	1.2073	-1.2073	1.2124	-1.2124	1.2154	-1.2154	-1.2419	1.2419	1.2438	-1.2438	-1.2588	1.2588	-1.2695	1.2695	-1.2759	1.2759	-1.2779	1.2779	-1.2881	1.2881	1.2954	-1.2954	1.308	-1.308	-1.3167	1.3167	1.3301	-1.3301	-1.3433	1.3433	-1.3596	1.3596	1.3673	-1.3673	1.3768	-1.3768	-1.3832	1.3832	-1.3856	1.3856	-1.3871	1.3871	1.4121	-1.4121	-1.4185	1.4185	-1.4307	1.4307	1.4403	-1.4403	1.4442	-1.4442	-1.4481	1.4481	-1.4525	1.4525	1.4683	-1.4683	-1.4734	1.4734	-1.4813	1.4813	-1.4859	1.4859	-1.499	1.499	-1.5042	1.5042	-1.5042	1.5042	-1.518	1.518	-1.5185	1.5185	-1.5268	1.5268	-1.5281	1.5281	-1.5334	1.5334	-1.5442	1.5442	1.5489	-1.5489	1.5531	-1.5531	1.5547	-1.5547	-1.56	1.56	-1.5712	1.5712	1.5717	-1.5717	1.5773	-1.5773	1.5886	-1.5886	1.5894	-1.5894	-1.5939	1.5939	-1.5989	1.5989	-1.6091	1.6091	-1.6144	1.6144	-1.6154	1.6154	1.6233	-1.6233	-1.6336	1.6336	1.6347	-1.6347	-1.6355	1.6355	1.6421	-1.6421	1.6445	-1.6445	-1.665	1.665	-1.672	1.672	-1.6786	1.6786	-1.6965	1.6965	1.7027	-1.7027	1.7047	-1.7047	-1.7122	1.7122	1.7207	-1.7207	1.7346	-1.7346	1.74	-1.74	-1.7406	1.7406	1.7574	-1.7574	1.765	-1.765	-1.7674	1.7674	-1.7754	1.7754	-1.776	1.776	-1.7922	1.7922	-1.7929	1.7929	1.7981	-1.7981	1.8009	-1.8009	-1.8104	1.8104	1.8354	-1.8354	-1.8375	1.8375	-1.8381	1.8381	-1.8497	1.8497	-1.8501	1.8501	-1.86	1.86	-1.8737	1.8737	1.8742	-1.8742	-1.8762	1.8762	1.8815	-1.8815	1.9117	-1.9117	1.917	-1.917	-1.9346	1.9346	-1.9402	1.9402	-1.9558	1.9558	-1.9846	1.9846	-1.9925	1.9925	1.9973	-1.9973	2.0034	-2.0034	-2.0075	2.0075	-2.0142	2.0142	-2.0174	2.0174	-2.022	2.022	-2.0237	2.0237	-2.0285	2.0285	-2.0455	2.0455	-2.0475	2.0475	2.0497	-2.0497	-2.066	2.066	2.0784	-2.0784	2.0853	-2.0853	2.0914	-2.0914	2.1071	-2.1071	-2.1251	2.1251	2.1355	-2.1355	2.1359	-2.1359	
0	-0.38	0.020183	-0.020183	-0.051605	0.051605	0.065547	-0.065547	0.11377	-0.11377	-0.1345	0.1345	0.15885	-0.15885	0.16642	-0.16642	-0.19484	0.19484	0.24031	-0.24031	0.30207	-0.30207	0.43553	-0.43553	0.44794	-0.44794	-0.45319	0.45319	0.46412	-0.46412	0.48931	-0.48931	0.51149	-0.51149	0.5243	-0.5243	0.54624	-0.54624	0.55001	-0.55001	0.56803	-0.56803	-0.62735	0.62735	0.63105	-0.63105	-0.65294	0.65294	0.65574	-0.65574	0.65855	-0.65855	0.69434	-0.69434	0.70201	-0.70201	0.70891	-0.70891	-0.71121	0.71121	-0.72489	0.72489	0.7505	-0.7505	-0.77469	0.77469	-0.77601	0.77601	0.80362	-0.80362	-0.80944	0.80944	0.83289	-0.83289	0.83554	-0.83554	0.84656	-0.84656	0.85693	-0.85693	0.8689	-0.8689	0.89853	-0.89853	0.90081	-0.90081	0.91095	-0.91095	0.91347	-0.91347	0.92254	-0.92254	0.92805	-0.92805	-0.9353	0.9353	-0.9421	0.9421	0.95356	-0.95356	-0.9595	0.9595	0.96865	-0.96865	-0.97367	0.97367	-0.9818	0.9818	-0.98652	0.98652	-0.99351	0.99351	0.99788	-0.99788	-0.99803	0.99803	-1.0081	1.0081	-1.0227	1.0227	-1.0316	1.0316	-1.0388	1.0388	1.0442	-1.0442	-1.0494	1.0494	-1.0506	1.0506	1.056	-1.056	1.0683	-1.0683	1.0706	-1.0706	-1.0743	1.0743	1.0902	-1.0902	1.0929	-1.0929	-1.1028	1.1028	1.1046	-1.1046	1.1087	-1.1087	1.1182	-1.1182	-1.1194	1.1194	-1.1242	1.1242	1.1537	-1.1537	-1.1613	1.1613	-1.1656	1.1656	-1.1813	1.1813	-1.188	1.188	1.2052	-1.2052	-1.212	1.212	-1.2134	1.2134	1.2175	-1.2175	1.2445	-1.2445	1.2456	-1.2456	-1.2589	1.2589	1.2719	-1.2719	1.2772	-1.2772	-1.2797	1.2797	-1.2873	1.2873	-1.2964	1.2964	-1.308	1.308	-1.3157	1.3157	1.3291	-1.3291	-1.3432	1.3432	-1.3597	1.3597	1.3664	-1.3664	1.3759	-1.3759	-1.3823	1.3823	1.3857	-1.3857	1.3875	-1.3875	1.4123	-1.4123	-1.4187	1.4187	1.4299	-1.4299	-1.4397	1.4397	1.4458	-1.4458	-1.4526	1.4526	-1.4557	1.4557	-1.4675	1.4675	1.4726	-1.4726	-1.4825	1.4825	1.485	-1.485	-1.503	1.503	1.5074	-1.5074	1.5079	-1.5079	-1.5183	1.5183	1.5189	-1.5189	1.5266	-1.5266	-1.5304	1.5304	1.5335	-1.5335	-1.5503	1.5503	-1.5524	1.5524	1.561	-1.561	1.5632	-1.5632	1.569	-1.569	-1.5716	1.5716	-1.5727	1.5727	-1.5822	1.5822	-1.5939	1.5939	1.6024	-1.6024	-1.604	1.604	1.6117	-1.6117	1.6176	-1.6176	-1.6244	1.6244	1.6278	-1.6278	-1.6318	1.6318	1.6332	-1.6332	1.6375	-1.6375	1.6408	-1.6408	1.6428	-1.6428	-1.6518	1.6518	1.6671	-1.6671	1.6733	-1.6733	-1.6784	1.6784	-1.6974	1.6974	-1.7031	1.7031	-1.7041	1.7041	-1.7137	1.7137	1.7198	-1.7198	1.7349	-1.7349	-1.7401	1.7401	-1.7407	1.7407	1.757	-1.757	-1.7647	1.7647	-1.7669	1.7669	1.7758	-1.7758	-1.7765	1.7765	1.7925	-1.7925	1.7931	-1.7931	1.7976	-1.7976	-1.801	1.801	1.8101	-1.8101	1.8355	-1.8355	1.8383	-1.8383	-1.8402	1.8402	-1.8496	1.8496	-1.8501	1.8501	-1.8604	1.8604	1.8741	-1.8741	-1.8743	1.8743	-1.8764	1.8764	-1.8825	1.8825	-1.9119	1.9119	-1.9169	1.9169	1.9365	-1.9365	1.9401	-1.9401	1.9574	-1.9574	1.984	-1.984	1.9907	-1.9907	-1.9955	1.9955	-2.0029	2.0029	2.008	-2.008	2.0138	-2.0138	2.0176	-2.0176	-2.0205	2.0205	-2.0231	2.0231	-2.028	2.028	2.0459	-2.0459	-2.0461	2.0461	2.0506	-2.0506	2.0657	-2.0657	2.0774	-2.0774	2.0825	-2.0825	-2.0923	2.0923	-2.1065	2.1065	2.1225	-2.1225	-2.1355	2.1355	2.1355	-2.1355	
0	-0.36	0.037318	-0.037318	-0.06903	0.06903	0.082672	-0.082672	-0.12956	0.12956	0.15352	-0.15352	0.17686	-0.17686	-0.18347	0.18347	-0.21247	0.21247	0.2591	-0.2591	-0.31984	0.31984	-0.45426	0.45426	-0.4666	0.4666	-0.47105	0.47105	-0.483	0.483	-0.50783	0.50783	-0.50826	0.50826	-0.5199	0.5199	-0.56396	0.56396	-0.56528	0.56528	0.56812	-0.56812	-0.62574	0.62574	-0.64913	0.64913	-0.65192	0.65192	-0.65636	0.65636	0.67651	-0.67651	-0.69281	0.69281	-0.70813	0.70813	0.71452	-0.71452	0.72012	-0.72012	0.72419	-0.72419	-0.76858	0.76858	-0.77346	0.77346	0.77607	-0.77607	-0.80168	0.80168	-0.81041	0.81041	0.83194	-0.83194	-0.83391	0.83391	0.84483	-0.84483	-0.85423	0.85423	0.86858	-0.86858	-0.89921	0.89921	-0.9105	0.9105	0.9123	-0.9123	0.91624	-0.91624	-0.92613	0.92613	-0.92745	0.92745	0.93896	-0.93896	0.94264	-0.94264	0.95987	-0.95987	-0.96092	0.96092	0.97012	-0.97012	-0.98063	0.98063	-0.98185	0.98185	0.9928	-0.9928	-0.99355	0.99355	-0.99835	0.99835	-1.005	1.005	1.0092	-1.0092	-1.0285	1.0285	1.0338	-1.0338	1.0394	-1.0394	-1.0452	1.0452	-1.0519	1.0519	-1.0537	1.0537	1.0552	-1.0552	-1.0686	1.0686	1.0808	-1.0808	-1.0845	1.0845	1.0942	-1.0942	1.1019	-1.1019	1.1029	-1.1029	-1.1064	1.1064	1.1134	-1.1134	1.1178	-1.1178	-1.1204	1.1204	-1.1248	1.1248	-1.1617	1.1617	1.1623	-1.1623	1.1669	-1.1669	1.1818	-1.1818	-1.1879	1.1879	-1.2054	1.2054	1.2116	-1.2116	-1.2183	1.2183	1.2194	-1.2194	1.2453	-1.2453	1.2496	-1.2496	-1.2597	1.2597	1.2731	-1.2731	1.2785	-1.2785	1.2813	-1.2813	1.2865	-1.2865	1.2967	-1.2967	-1.3081	1.3081	-1.3146	1.3146	-1.328	1.328	-1.3432	1.3432	-1.3597	1.3597	-1.3655	1.3655	1.3749	-1.3749	-1.3809	1.3809	1.3856	-1.3856	1.3884	-1.3884	-1.4125	1.4125	1.419	-1.419	-1.429	1.429	-1.4392	1.4392	1.4469	-1.4469	-1.4555	1.4555	1.4598	-1.4598	-1.4667	1.4667	-1.4718	1.4718	-1.4835	1.4835	-1.484	1.484	-1.5032	1.5032	1.5094	-1.5094	-1.5148	1.5148	-1.5175	1.5175	-1.5198	1.5198	1.526	-1.526	1.5319	-1.5319	1.5338	-1.5338	-1.5516	1.5516	-1.5596	1.5596	1.5623	-1.5623	-1.5692	1.5692	-1.572	1.572	1.5744	-1.5744	1.5836	-1.5836	1.5874	-1.5874	1.5948	-1.5948	1.6101	-1.6101	-1.6152	1.6152	1.6243	-1.6243	-1.6254	1.6254	1.6317	-1.6317	-1.6324	1.6324	-1.6345	1.6345	1.6399	-1.6399	-1.6416	1.6416	1.6501	-1.6501	1.6548	-1.6548	-1.6564	1.6564	1.6724	-1.6724	1.6748	-1.6748	1.679	-1.679	1.6994	-1.6994	1.7037	-1.7037	-1.7037	1.7037	-1.7155	1.7155	-1.7195	1.7195	1.7348	-1.7348	-1.7405	1.7405	-1.7408	1.7408	-1.7565	1.7565	1.7645	-1.7645	-1.7664	1.7664	-1.7763	1.7763	1.7769	-1.7769	1.7923	-1.7923	1.7945	-1.7945	-1.7972	1.7972	1.8011	-1.8011	1.8099	-1.8099	-1.8352	1.8352	-1.8389	1.8389	-1.8435	1.8435	-1.8489	1.8489	1.8505	-1.8505	1.8607	-1.8607	1.8744	-1.8744	-1.8745	1.8745	-1.8766	1.8766	1.8836	-1.8836	-1.912	1.912	-1.9171	1.9171	1.9378	-1.9378	1.94	-1.94	1.9596	-1.9596	-1.9834	1.9834	-1.9888	1.9888	1.9938	-1.9938	-2.0024	2.0024	2.0085	-2.0085	2.0135	-2.0135	-2.0175	2.0175	-2.0194	2.0194	-2.0223	2.0223	2.0275	-2.0275	-2.0441	2.0441	2.0468	-2.0468	2.0517	-2.0517	2.0654	-2.0654	-2.0763	2.0763	-2.0797	2.0797	-2.0935	2.0935	-2.106	2.106	2.12	-2.12	-2.1351	2.1351	2.1355	-2.1355	
0	-0.34	0.053832	-0.053832	-0.085692	0.085692	-0.099367	0.099367	0.14469	-0.14469	0.17208	-0.17208	0.19419	-0.19419	0.19982	-0.19982	0.22941	-0.22941	-0.2774	0.2774	0.33708	-0.33708	0.4723	-0.4723	0.48461	-0.48461	-0.4878	0.4878	-0.50112	0.50112	0.50485	-0.50485	-0.51568	0.51568	0.52573	-0.52573	-0.56247	0.56247	0.58078	-0.58078	0.58555	-0.58555	0.62336	-0.62336	-0.65086	0.65086	0.65421	-0.65421	0.66655	-0.66655	-0.69114	0.69114	-0.69598	0.69598	0.70747	-0.70747	-0.71818	0.71818	0.7235	-0.7235	0.73768	-0.73768	-0.77202	0.77202	-0.77612	0.77612	0.7861	-0.7861	-0.79986	0.79986	0.81128	-0.81128	0.83006	-0.83006	0.83256	-0.83256	-0.84295	0.84295	0.85146	-0.85146	-0.86768	0.86768	-0.89739	0.89739	-0.91302	0.91302	0.91308	-0.91308	-0.91928	0.91928	-0.92661	0.92661	0.93606	-0.93606	0.94103	-0.94103	0.945	-0.945	0.96022	-0.96022	-0.96958	0.96958	-0.97159	0.97159	0.98203	-0.98203	0.98688	-0.98688	0.99359	-0.99359	0.99615	-0.99615	0.99871	-0.99871	-1.0101	1.0101	-1.0115	1.0115	1.0349	-1.0349	1.0363	-1.0363	-1.04	1.04	-1.0469	1.0469	-1.0541	1.0541	-1.0542	1.0542	1.0576	-1.0576	1.0687	-1.0687	1.0843	-1.0843	1.096	-1.096	-1.098	1.098	-1.1008	1.1008	-1.1092	1.1092	-1.1159	1.1159	1.118	-1.118	-1.1183	1.1183	-1.1212	1.1212	-1.1257	1.1257	1.1629	-1.1629	1.1684	-1.1684	1.1709	-1.1709	1.1822	-1.1822	1.1878	-1.1878	-1.2058	1.2058	-1.2112	1.2112	-1.2198	1.2198	1.223	-1.223	-1.2461	1.2461	-1.2524	1.2524	1.2626	-1.2626	-1.2733	1.2733	1.2798	-1.2798	1.2829	-1.2829	1.2858	-1.2858	-1.2963	1.2963	-1.3082	1.3082	-1.3135	1.3135	-1.3269	1.3269	1.3431	-1.3431	1.3597	-1.3597	1.3646	-1.3646	-1.3739	1.3739	1.3794	-1.3794	1.3851	-1.3851	-1.3896	1.3896	-1.4126	1.4126	-1.4193	1.4193	-1.4282	1.4282	1.4387	-1.4387	-1.4476	1.4476	-1.4573	1.4573	1.4641	-1.4641	-1.4663	1.4663	-1.4709	1.4709	1.4829	-1.4829	1.4842	-1.4842	-1.5027	1.5027	-1.5105	1.5105	-1.5164	1.5164	-1.5195	1.5195	-1.5206	1.5206	1.5262	-1.5262	-1.5329	1.5329	1.535	-1.535	1.553	-1.553	-1.5626	1.5626	-1.5676	1.5676	1.5698	-1.5698	1.5724	-1.5724	1.5784	-1.5784	-1.593	1.593	-1.5956	1.5956	-1.5974	1.5974	1.6152	-1.6152	1.6223	-1.6223	-1.6263	1.6263	1.6316	-1.6316	1.6365	-1.6365	1.6392	-1.6392	1.643	-1.643	1.6435	-1.6435	-1.6498	1.6498	-1.6571	1.6571	-1.6666	1.6666	-1.6703	1.6703	-1.6755	1.6755	-1.677	1.677	-1.6825	1.6825	1.7016	-1.7016	1.7042	-1.7042	-1.7048	1.7048	1.7178	-1.7178	1.7208	-1.7208	-1.7344	1.7344	1.7409	-1.7409	-1.7412	1.7412	-1.7559	1.7559	-1.7645	1.7645	-1.7658	1.7658	1.7768	-1.7768	1.7773	-1.7773	1.7923	-1.7923	1.7958	-1.7958	1.7974	-1.7974	1.8013	-1.8013	-1.8097	1.8097	-1.8346	1.8346	-1.8397	1.8397	-1.8473	1.8473	-1.8482	1.8482	-1.8508	1.8508	-1.8612	1.8612	-1.8745	1.8745	-1.875	1.875	-1.8768	1.8768	1.8848	-1.8848	-1.9118	1.9118	-1.9176	1.9176	-1.9386	1.9386	-1.9399	1.9399	-1.9624	1.9624	-1.9827	1.9827	1.9867	-1.9867	1.9923	-1.9923	2.0018	-2.0018	2.0089	-2.0089	-2.0133	2.0133	-2.0165	2.0165	-2.0192	2.0192	-2.0215	2.0215	-2.0269	2.0269	-2.0423	2.0423	-2.0476	2.0476	-2.0527	2.0527	-2.065	2.065	-2.075	2.075	-2.077	2.077	2.0947	-2.0947	2.1054	-2.1054	2.1174	-2.1174	2.1346	-2.1346	2.1354	-2.1354	
0	-0.32	0.069612	-0.069612	-0.10152	0.10152	-0.1155	0.1155	-0.15909	0.15909	-0.19013	0.19013	0.2108	-0.2108	-0.21544	0.21544	-0.2456	0.2456	0.2952	-0.2952	0.35373	-0.35373	0.48948	-0.48948	0.50085	-0.50085	0.50123	-0.50123	0.50196	-0.50196	-0.514	0.514	-0.51891	0.51891	0.54297	-0.54297	-0.55962	0.55962	0.59663	-0.59663	0.60227	-0.60227	0.62073	-0.62073	0.64973	-0.64973	-0.65216	0.65216	0.68329	-0.68329	0.68937	-0.68937	0.70692	-0.70692	0.70861	-0.70861	0.72283	-0.72283	-0.72724	0.72724	-0.75466	0.75466	-0.77037	0.77037	-0.77617	0.77617	-0.79818	0.79818	-0.80305	0.80305	-0.81202	0.81202	-0.8276	0.8276	0.83128	-0.83128	0.84093	-0.84093	-0.84863	0.84863	0.86631	-0.86631	-0.89538	0.89538	-0.91313	0.91313	0.91349	-0.91349	0.92088	-0.92088	0.92561	-0.92561	-0.94034	0.94034	-0.94234	0.94234	-0.95543	0.95543	-0.96097	0.96097	0.97305	-0.97305	-0.97805	0.97805	-0.98237	0.98237	-0.99209	0.99209	0.99362	-0.99362	0.99917	-0.99917	-0.99932	0.99932	1.011	-1.011	-1.0156	1.0156	-1.0353	1.0353	1.0404	-1.0404	1.0431	-1.0431	1.0495	-1.0495	1.053	-1.053	-1.0589	1.0589	-1.0611	1.0611	1.0687	-1.0687	1.0857	-1.0857	-1.0977	1.0977	1.0997	-1.0997	1.1105	-1.1105	-1.113	1.113	-1.1166	1.1166	1.1217	-1.1217	-1.1234	1.1234	-1.1272	1.1272	1.1304	-1.1304	1.1633	-1.1633	1.1702	-1.1702	-1.1806	1.1806	-1.1826	1.1826	-1.1878	1.1878	-1.2068	1.2068	1.2111	-1.2111	-1.2205	1.2205	-1.2264	1.2264	1.2469	-1.2469	1.2534	-1.2534	1.2677	-1.2677	1.2725	-1.2725	1.2809	-1.2809	-1.2845	1.2845	1.2855	-1.2855	1.2951	-1.2951	1.3083	-1.3083	-1.3123	1.3123	-1.3257	1.3257	-1.343	1.343	-1.3596	1.3596	-1.3637	1.3637	1.3728	-1.3728	1.3779	-1.3779	-1.3843	1.3843	1.391	-1.391	-1.4127	1.4127	1.4196	-1.4196	1.4275	-1.4275	1.4381	-1.4381	1.4481	-1.4481	-1.4583	1.4583	-1.4646	1.4646	-1.4699	1.4699	1.47	-1.47	1.4818	-1.4818	-1.4849	1.4849	1.5019	-1.5019	-1.511	1.511	-1.5152	1.5152	-1.5199	1.5199	-1.5216	1.5216	-1.5282	1.5282	1.5336	-1.5336	-1.5378	1.5378	-1.5545	1.5545	-1.5637	1.5637	-1.5692	1.5692	1.5727	-1.5727	1.5746	-1.5746	1.5809	-1.5809	-1.5964	1.5964	1.5988	-1.5988	-1.6089	1.6089	-1.6199	1.6199	1.6263	-1.6263	1.628	-1.628	1.631	-1.631	-1.6361	1.6361	-1.6453	1.6453	1.6535	-1.6535	1.6546	-1.6546	-1.6575	1.6575	-1.6637	1.6637	1.6757	-1.6757	1.6773	-1.6773	1.6812	-1.6812	1.6842	-1.6842	1.6903	-1.6903	1.7016	-1.7016	-1.7048	1.7048	1.7078	-1.7078	1.7211	-1.7211	-1.7261	1.7261	1.7339	-1.7339	1.741	-1.741	-1.742	1.742	1.7551	-1.7551	-1.7646	1.7646	-1.7651	1.7651	1.7775	-1.7775	1.7775	-1.7775	-1.7925	1.7925	-1.7961	1.7961	1.7993	-1.7993	-1.8015	1.8015	-1.8095	1.8095	1.8339	-1.8339	1.8405	-1.8405	-1.8475	1.8475	1.851	-1.851	1.8519	-1.8519	1.8616	-1.8616	1.8745	-1.8745	1.8754	-1.8754	-1.8771	1.8771	1.8861	-1.8861	-1.9115	1.9115	-1.9182	1.9182	1.939	-1.939	-1.9398	1.9398	-1.9657	1.9657	1.982	-1.982	-1.9844	1.9844	-1.991	1.991	-2.0013	2.0013	2.0092	-2.0092	-2.013	2.013	-2.015	2.015	2.0197	-2.0197	-2.0206	2.0206	-2.0262	2.0262	-2.0406	2.0406	-2.0484	2.0484	2.0533	-2.0533	-2.0644	2.0644	-2.0738	2.0738	2.0746	-2.0746	-2.0961	2.0961	2.105	-2.105	2.1148	-2.1148	2.134	-2.134	2.1352	-2.1352	
0	-0.3	0.084598	-0.084598	-0.11647	0.11647	0.13099	-0.13099	-0.1727	0.1727	0.20761	-0.20761	-0.22663	0.22663	0.23031	-0.23031	0.26098	-0.26098	0.31243	-0.31243	0.36975	-0.36975	0.49675	-0.49675	0.50034	-0.50034	-0.5078	0.5078	-0.51863	0.51863	-0.52377	0.52377	-0.53581	0.53581	0.55677	-0.55677	0.55958	-0.55958	0.61142	-0.61142	0.61766	-0.61766	-0.61861	0.61861	0.64845	-0.64845	-0.65031	0.65031	0.68753	-0.68753	-0.69934	0.69934	0.70648	-0.70648	-0.71169	0.71169	-0.7222	0.7222	-0.74418	0.74418	0.76855	-0.76855	0.77105	-0.77105	0.77622	-0.77622	0.79667	-0.79667	-0.81255	0.81255	0.81937	-0.81937	-0.82491	0.82491	0.82996	-0.82996	-0.83878	0.83878	-0.84579	0.84579	0.86456	-0.86456	0.89319	-0.89319	0.9124	-0.9124	0.91389	-0.91389	0.92218	-0.92218	-0.92448	0.92448	0.94105	-0.94105	0.94329	-0.94329	-0.96036	0.96036	0.97046	-0.97046	0.97455	-0.97455	-0.98288	0.98288	-0.98529	0.98529	0.99365	-0.99365	0.99609	-0.99609	0.99987	-0.99987	1.0033	-1.0033	-1.012	1.012	-1.0185	1.0185	-1.0352	1.0352	1.0407	-1.0407	-1.0465	1.0465	-1.0518	1.0518	1.0528	-1.0528	-1.0645	1.0645	-1.0667	1.0667	-1.0687	1.0687	1.0862	-1.0862	-1.098	1.098	-1.1001	1.1001	-1.1159	1.1159	1.1172	-1.1172	-1.122	1.122	-1.1222	1.1222	-1.1284	1.1284	1.1297	-1.1297	1.1435	-1.1435	1.1637	-1.1637	-1.172	1.172	-1.1834	1.1834	1.1879	-1.1879	-1.1893	1.1893	1.2082	-1.2082	-1.2122	1.2122	1.2207	-1.2207	1.2294	-1.2294	-1.2477	1.2477	1.2535	-1.2535	1.2709	-1.2709	1.2736	-1.2736	1.2812	-1.2812	-1.286	1.286	-1.2861	1.2861	1.2932	-1.2932	1.3083	-1.3083	1.3112	-1.3112	-1.3245	1.3245	1.3428	-1.3428	-1.3595	1.3595	-1.3628	1.3628	-1.3717	1.3717	1.3763	-1.3763	-1.3832	1.3832	1.3927	-1.3927	1.4125	-1.4125	-1.42	1.42	-1.427	1.427	1.4376	-1.4376	1.4484	-1.4484	1.4587	-1.4587	1.4638	-1.4638	1.4691	-1.4691	-1.4749	1.4749	1.4806	-1.4806	1.4854	-1.4854	1.5007	-1.5007	1.5112	-1.5112	-1.514	1.514	1.5183	-1.5183	1.5225	-1.5225	-1.5296	1.5296	-1.5341	1.5341	-1.5419	1.5419	-1.556	1.556	-1.5648	1.5648	-1.5686	1.5686	-1.5732	1.5732	1.5812	-1.5812	1.5821	-1.5821	1.5973	-1.5973	-1.6048	1.6048	-1.6158	1.6158	-1.6243	1.6243	1.6268	-1.6268	-1.6303	1.6303	-1.6342	1.6342	-1.6355	1.6355	-1.6502	1.6502	-1.6555	1.6555	1.6664	-1.6664	1.6669	-1.6669	-1.6758	1.6758	-1.6771	1.6771	-1.6811	1.6811	-1.6834	1.6834	-1.6971	1.6971	1.701	-1.701	1.7041	-1.7041	1.7055	-1.7055	1.7087	-1.7087	1.7261	-1.7261	-1.7336	1.7336	1.7355	-1.7355	1.7413	-1.7413	1.7432	-1.7432	-1.7542	1.7542	-1.7645	1.7645	-1.7649	1.7649	1.7778	-1.7778	1.7786	-1.7786	1.7931	-1.7931	-1.796	1.796	-1.8018	1.8018	1.802	-1.802	-1.8093	1.8093	1.8333	-1.8333	-1.8413	1.8413	1.8469	-1.8469	-1.8514	1.8514	1.8567	-1.8567	-1.8621	1.8621	1.8745	-1.8745	1.8759	-1.8759	-1.8774	1.8774	1.8874	-1.8874	1.9112	-1.9112	1.919	-1.919	-1.939	1.939	1.9397	-1.9397	1.9693	-1.9693	1.9812	-1.9812	-1.9821	1.9821	1.9898	-1.9898	2.0008	-2.0008	2.0093	-2.0093	-2.0128	2.0128	-2.0136	2.0136	2.0197	-2.0197	2.0203	-2.0203	-2.0253	2.0253	2.0388	-2.0388	2.0494	-2.0494	-2.0535	2.0535	2.0639	-2.0639	2.0725	-2.0725	2.0726	-2.0726	-2.0975	2.0975	2.1045	-2.1045	2.1122	-2.1122	-2.1335	2.1335	-2.135	2.135	
0	-0.28	-0.098752	0.098752	-0.13051	0.13051	-0.14579	0.14579	0.18546	-0.18546	-0.22444	0.22444	-0.24164	0.24164	0.24445	-0.24445	0.27553	-0.27553	0.32907	-0.32907	0.3851	-0.3851	0.49238	-0.49238	0.49644	-0.49644	-0.52298	0.52298	-0.53462	0.53462	0.53788	-0.53788	0.55131	-0.55131	-0.55464	0.55464	-0.57553	0.57553	-0.61515	0.61515	-0.62507	0.62507	0.6336	-0.6336	0.64691	-0.64691	-0.64882	0.64882	0.68566	-0.68566	-0.70614	0.70614	0.71144	-0.71144	-0.7147	0.7147	-0.72159	0.72159	0.76164	-0.76164	-0.76764	0.76764	-0.77627	0.77627	0.78681	-0.78681	-0.79536	0.79536	0.81269	-0.81269	-0.82203	0.82203	-0.82864	0.82864	0.83516	-0.83516	0.83652	-0.83652	-0.84296	0.84296	-0.86248	0.86248	-0.89086	0.89086	-0.9112	0.9112	0.91431	-0.91431	-0.92322	0.92322	-0.92323	0.92323	-0.9413	0.9413	0.94405	-0.94405	-0.96106	0.96106	-0.97588	0.97588	-0.9827	0.9827	-0.98417	0.98417	-0.99065	0.99065	0.99369	-0.99369	-0.99917	0.99917	1.0014	-1.0014	1.0082	-1.0082	1.0132	-1.0132	1.0207	-1.0207	-1.035	1.035	1.0409	-1.0409	1.0483	-1.0483	-1.0505	1.0505	-1.0563	1.0563	1.0678	-1.0678	1.0689	-1.0689	-1.0746	1.0746	1.0865	-1.0865	-1.0968	1.0968	-1.1027	1.1027	-1.1153	1.1153	-1.121	1.121	1.1226	-1.1226	-1.1317	1.1317	1.1327	-1.1327	-1.1345	1.1345	-1.1552	1.1552	1.1642	-1.1642	-1.1738	1.1738	-1.1848	1.1848	1.1882	-1.1882	-1.1951	1.1951	-1.2086	1.2086	1.2172	-1.2172	1.2207	-1.2207	-1.2322	1.2322	1.2486	-1.2486	-1.2534	1.2534	1.2686	-1.2686	1.2795	-1.2795	-1.2809	1.2809	1.2873	-1.2873	1.2878	-1.2878	-1.2908	1.2908	-1.3084	1.3084	-1.31	1.31	-1.3233	1.3233	1.3427	-1.3427	-1.3592	1.3592	-1.362	1.362	1.3704	-1.3704	-1.3748	1.3748	-1.3818	1.3818	-1.3944	1.3944	-1.412	1.412	1.4203	-1.4203	1.4268	-1.4268	1.4371	-1.4371	1.4487	-1.4487	1.4588	-1.4588	1.463	-1.463	-1.4684	1.4684	-1.4795	1.4795	1.4797	-1.4797	-1.4859	1.4859	-1.4991	1.4991	1.5113	-1.5113	-1.5131	1.5131	-1.5161	1.5161	-1.5234	1.5234	1.5304	-1.5304	-1.5343	1.5343	1.5461	-1.5461	1.5575	-1.5575	1.5659	-1.5659	1.5681	-1.5681	1.5736	-1.5736	1.5824	-1.5824	-1.5873	1.5873	-1.5982	1.5982	-1.6103	1.6103	-1.6185	1.6185	-1.6266	1.6266	1.6283	-1.6283	-1.6302	1.6302	1.6322	-1.6322	-1.6457	1.6457	-1.6544	1.6544	-1.6549	1.6549	-1.6742	1.6742	-1.6771	1.6771	-1.679	1.679	1.6834	-1.6834	-1.6856	1.6856	-1.6893	1.6893	-1.7004	1.7004	1.706	-1.706	1.7083	-1.7083	1.7083	-1.7083	-1.7186	1.7186	1.7303	-1.7303	-1.7365	1.7365	1.7409	-1.7409	-1.745	1.745	1.7463	-1.7463	-1.7533	1.7533	-1.764	1.764	1.7656	-1.7656	1.778	-1.778	-1.7804	1.7804	1.7941	-1.7941	-1.796	1.796	1.8022	-1.8022	-1.8053	1.8053	1.8092	-1.8092	1.8326	-1.8326	-1.8418	1.8418	-1.8464	1.8464	-1.8516	1.8516	1.8618	-1.8618	1.8626	-1.8626	1.8746	-1.8746	-1.8766	1.8766	1.8777	-1.8777	1.8888	-1.8888	-1.9109	1.9109	-1.9198	1.9198	1.9388	-1.9388	1.9397	-1.9397	-1.9732	1.9732	-1.9794	1.9794	1.9806	-1.9806	1.9888	-1.9888	-2.0003	2.0003	-2.0091	2.0091	2.0123	-2.0123	-2.0125	2.0125	-2.0187	2.0187	2.021	-2.021	-2.0243	2.0243	2.0372	-2.0372	2.0504	-2.0504	2.0529	-2.0529	2.0632	-2.0632	2.0714	-2.0714	-2.0715	2.0715	2.0989	-2.0989	2.1041	-2.1041	-2.1097	2.1097	-2.1329	2.1329	-2.1348	2.1348	
0	-0.26	0.11204	-0.11204	-0.1436	0.1436	0.15985	-0.15985	0.19733	-0.19733	-0.24051	0.24051	0.25579	-0.25579	0.2579	-0.2579	0.28919	-0.28919	-0.34507	0.34507	0.39974	-0.39974	0.48775	-0.48775	0.49092	-0.49092	0.53808	-0.53808	0.54992	-0.54992	0.55071	-0.55071	-0.55182	0.55182	0.56794	-0.56794	-0.59082	0.59082	-0.61235	0.61235	0.63747	-0.63747	0.64522	-0.64522	-0.64764	0.64764	0.64813	-0.64813	-0.68381	0.68381	-0.70591	0.70591	0.70979	-0.70979	0.72101	-0.72101	-0.72934	0.72934	-0.76321	0.76321	-0.77632	0.77632	0.78185	-0.78185	0.79444	-0.79444	-0.80193	0.80193	-0.81209	0.81209	-0.81958	0.81958	-0.82742	0.82742	0.83418	-0.83418	-0.84011	0.84011	-0.85025	0.85025	-0.8601	0.8601	0.88839	-0.88839	0.90969	-0.90969	-0.91477	0.91477	-0.92187	0.92187	-0.92387	0.92387	-0.94141	0.94141	-0.94471	0.94471	0.96186	-0.96186	0.97738	-0.97738	-0.98411	0.98411	-0.99204	0.99204	0.99392	-0.99392	-0.99404	0.99404	1.0018	-1.0018	-1.0058	1.0058	-1.0137	1.0137	-1.0151	1.0151	-1.0225	1.0225	1.0346	-1.0346	-1.0411	1.0411	1.0491	-1.0491	1.0495	-1.0495	1.0599	-1.0599	1.0687	-1.0687	1.0715	-1.0715	1.0795	-1.0795	-1.0876	1.0876	-1.0954	1.0954	1.1073	-1.1073	1.1147	-1.1147	-1.1227	1.1227	-1.1243	1.1243	-1.1376	1.1376	-1.1398	1.1398	1.1405	-1.1405	-1.1633	1.1633	1.1666	-1.1666	1.1754	-1.1754	-1.1865	1.1865	1.19	-1.19	-1.198	1.198	-1.2083	1.2083	1.2204	-1.2204	-1.2258	1.2258	-1.235	1.235	1.2495	-1.2495	1.2531	-1.2531	1.2656	-1.2656	-1.2799	1.2799	1.2855	-1.2855	1.2869	-1.2869	1.289	-1.289	-1.2904	1.2904	1.3085	-1.3085	-1.3089	1.3089	1.322	-1.322	-1.3426	1.3426	1.3588	-1.3588	-1.3611	1.3611	1.3688	-1.3688	-1.3735	1.3735	-1.3801	1.3801	1.3963	-1.3963	1.4111	-1.4111	-1.4207	1.4207	1.4269	-1.4269	1.4366	-1.4366	1.4488	-1.4488	1.4586	-1.4586	-1.4621	1.4621	1.4677	-1.4677	1.4783	-1.4783	-1.4837	1.4837	1.4863	-1.4863	-1.4972	1.4972	1.5109	-1.5109	-1.5131	1.5131	-1.5138	1.5138	1.5244	-1.5244	1.5309	-1.5309	1.5344	-1.5344	1.5497	-1.5497	1.5587	-1.5587	-1.5669	1.5669	1.568	-1.568	1.5741	-1.5741	1.5822	-1.5822	1.593	-1.593	-1.5992	1.5992	-1.6151	1.6151	-1.6196	1.6196	-1.6261	1.6261	-1.6298	1.6298	1.6301	-1.6301	1.6327	-1.6327	1.654	-1.654	-1.6568	1.6568	1.6578	-1.6578	1.6745	-1.6745	1.6826	-1.6826	1.6839	-1.6839	1.6888	-1.6888	1.6918	-1.6918	-1.6998	1.6998	-1.7001	1.7001	1.7069	-1.7069	-1.7077	1.7077	1.7176	-1.7176	1.7302	-1.7302	1.7322	-1.7322	1.7411	-1.7411	1.7431	-1.7431	1.7494	-1.7494	1.7526	-1.7526	-1.7547	1.7547	-1.7638	1.7638	-1.767	1.767	-1.7783	1.7783	1.7835	-1.7835	1.7961	-1.7961	1.7962	-1.7962	1.8028	-1.8028	-1.809	1.809	1.8091	-1.8091	-1.832	1.832	1.842	-1.842	1.8464	-1.8464	1.8519	-1.8519	1.863	-1.863	1.8673	-1.8673	1.8746	-1.8746	-1.8774	1.8774	1.8781	-1.8781	-1.8902	1.8902	-1.9107	1.9107	1.9207	-1.9207	1.9385	-1.9385	-1.9396	1.9396	-1.9769	1.9769	1.9771	-1.9771	-1.9798	1.9798	1.9881	-1.9881	1.9998	-1.9998	-2.0083	2.0083	2.0116	-2.0116	2.0122	-2.0122	2.0176	-2.0176	2.0218	-2.0218	-2.0232	2.0232	-2.0356	2.0356	2.0514	-2.0514	2.0515	-2.0515	-2.0625	2.0625	-2.0703	2.0703	2.0712	-2.0712	2.1003	-2.1003	-2.1038	2.1038	-2.1072	2.1072	2.1324	-2.1324	2.1346	-2.1346	
0	-0.24	0.12445	-0.12445	-0.15573	0.15573	-0.17312	0.17312	0.20828	-0.20828	0.25562	-0.25562	-0.26904	0.26904	0.27081	-0.27081	-0.30194	0.30194	0.36036	-0.36036	-0.41363	0.41363	0.4829	-0.4829	0.48488	-0.48488	-0.54789	0.54789	0.55235	-0.55235	0.5645	-0.5645	-0.56512	0.56512	-0.58279	0.58279	-0.60545	0.60545	-0.60957	0.60957	-0.64353	0.64353	-0.64652	0.64652	-0.64862	0.64862	0.66189	-0.66189	-0.68203	0.68203	0.70577	-0.70577	0.70718	-0.70718	-0.72049	0.72049	0.74325	-0.74325	0.76072	-0.76072	-0.77638	0.77638	-0.79213	0.79213	-0.80049	0.80049	-0.81027	0.81027	0.81638	-0.81638	0.81793	-0.81793	-0.82634	0.82634	-0.83193	0.83193	0.83744	-0.83744	0.85747	-0.85747	0.86458	-0.86458	0.88585	-0.88585	0.90792	-0.90792	-0.91529	0.91529	0.92044	-0.92044	-0.92405	0.92405	0.94148	-0.94148	-0.94531	0.94531	0.96292	-0.96292	0.9789	-0.9789	0.98494	-0.98494	-0.99347	0.99347	0.99566	-0.99566	-0.99592	0.99592	1.0042	-1.0042	1.0113	-1.0113	1.0192	-1.0192	-1.0207	1.0207	-1.0242	1.0242	1.0344	-1.0344	1.0412	-1.0412	-1.0476	1.0476	1.0504	-1.0504	1.0633	-1.0633	1.0687	-1.0687	-1.075	1.075	-1.0806	1.0806	1.0895	-1.0895	1.0938	-1.0938	-1.1137	1.1137	1.1141	-1.1141	-1.1229	1.1229	-1.1271	1.1271	1.143	-1.143	-1.1461	1.1461	-1.1474	1.1474	1.1646	-1.1646	-1.1727	1.1727	-1.1774	1.1774	-1.1871	1.1871	-1.1952	1.1952	-1.1994	1.1994	-1.2079	1.2079	-1.2198	1.2198	-1.2353	1.2353	-1.2381	1.2381	1.2507	-1.2507	1.2529	-1.2529	-1.2623	1.2623	-1.2789	1.2789	1.2833	-1.2833	1.2907	-1.2907	1.2909	-1.2909	1.2924	-1.2924	-1.3077	1.3077	1.3086	-1.3086	1.3208	-1.3208	1.3424	-1.3424	1.3582	-1.3582	-1.3603	1.3603	-1.367	1.367	-1.3725	1.3725	1.3781	-1.3781	1.3982	-1.3982	-1.4098	1.4098	-1.421	1.421	1.4274	-1.4274	-1.4361	1.4361	1.4489	-1.4489	-1.4581	1.4581	-1.4612	1.4612	1.4672	-1.4672	-1.4772	1.4772	-1.4854	1.4854	1.4878	-1.4878	-1.4949	1.4949	-1.5101	1.5101	-1.5115	1.5115	1.5142	-1.5142	1.5252	-1.5252	1.5314	-1.5314	-1.5344	1.5344	1.5527	-1.5527	1.5593	-1.5593	1.568	-1.568	1.5688	-1.5688	1.5745	-1.5745	1.5817	-1.5817	1.598	-1.598	1.6003	-1.6003	-1.6187	1.6187	-1.62	1.62	1.6254	-1.6254	1.628	-1.628	1.63	-1.63	-1.6369	1.6369	1.6535	-1.6535	1.6604	-1.6604	1.6671	-1.6671	1.6743	-1.6743	1.6814	-1.6814	-1.6885	1.6885	-1.6965	1.6965	1.6976	-1.6976	1.7003	-1.7003	-1.7075	1.7075	1.7077	-1.7077	-1.71	1.71	1.7263	-1.7263	-1.7296	1.7296	1.7411	-1.7411	-1.7447	1.7447	-1.7462	1.7462	1.7514	-1.7514	1.7581	-1.7581	1.7596	-1.7596	-1.7644	1.7644	-1.7709	1.7709	-1.7787	1.7787	1.7874	-1.7874	1.7962	-1.7962	-1.8	1.8	1.8038	-1.8038	1.8093	-1.8093	1.8132	-1.8132	-1.8314	1.8314	1.8417	-1.8417	1.8468	-1.8468	1.8521	-1.8521	1.8635	-1.8635	-1.8721	1.8721	1.8745	-1.8745	1.8785	-1.8785	-1.8791	1.8791	-1.8916	1.8916	-1.9105	1.9105	-1.9217	1.9217	-1.9381	1.9381	-1.9396	1.9396	-1.9742	1.9742	-1.9791	1.9791	1.981	-1.981	1.9877	-1.9877	-1.9993	1.9993	-2.007	2.007	2.0115	-2.0115	2.0119	-2.0119	2.0166	-2.0166	2.022	-2.022	2.0227	-2.0227	2.0341	-2.0341	2.0489	-2.0489	-2.0526	2.0526	2.0619	-2.0619	2.0693	-2.0693	2.0718	-2.0718	2.1017	-2.1017	2.1035	-2.1035	2.1049	-2.1049	2.1318	-2.1318	2.1343	-2.1343	
0	-0.22	-0.13594	0.13594	-0.16689	0.16689	0.18556	-0.18556	0.21828	-0.21828	0.26943	-0.26943	0.28133	-0.28133	-0.28348	0.28348	0.31372	-0.31372	-0.37486	0.37486	-0.42676	0.42676	-0.4779	0.4779	0.47846	-0.47846	-0.54508	0.54508	-0.56561	0.56561	0.57772	-0.57772	0.57837	-0.57837	0.59696	-0.59696	-0.60689	0.60689	0.61942	-0.61942	0.64203	-0.64203	0.64568	-0.64568	0.65806	-0.65806	0.67481	-0.67481	-0.68038	0.68038	0.70379	-0.70379	-0.70574	0.70574	0.72002	-0.72002	0.75644	-0.75644	-0.75791	0.75791	0.77644	-0.77644	-0.79174	0.79174	-0.80735	0.80735	0.81535	-0.81535	-0.81699	0.81699	0.8254	-0.8254	0.8301	-0.8301	0.8307	-0.8307	0.83502	-0.83502	-0.85463	0.85463	0.87813	-0.87813	0.88331	-0.88331	-0.90592	0.90592	-0.91581	0.91581	0.91903	-0.91903	0.92371	-0.92371	-0.94152	0.94152	0.94585	-0.94585	0.96428	-0.96428	0.9805	-0.9805	0.98581	-0.98581	0.99352	-0.99352	0.99656	-0.99656	0.99675	-0.99675	1.0066	-1.0066	1.0135	-1.0135	1.0241	-1.0241	1.0256	-1.0256	-1.0296	1.0296	-1.0355	1.0355	-1.0413	1.0413	1.0461	-1.0461	1.0512	-1.0512	-1.0665	1.0665	-1.0687	1.0687	1.0783	-1.0783	-1.0802	1.0802	-1.0909	1.0909	1.0924	-1.0924	-1.1136	1.1136	1.12	-1.12	-1.1231	1.1231	1.1309	-1.1309	1.1486	-1.1486	1.1504	-1.1504	1.1553	-1.1553	-1.1655	1.1655	-1.1745	1.1745	-1.182	1.182	-1.1874	1.1874	1.2001	-1.2001	-1.2023	1.2023	-1.2075	1.2075	-1.2191	1.2191	-1.2416	1.2416	1.2438	-1.2438	-1.2521	1.2521	1.2528	-1.2528	-1.2594	1.2594	-1.2779	1.2779	1.2793	-1.2793	-1.2925	1.2925	-1.2946	1.2946	-1.2958	1.2958	-1.3066	1.3066	1.3087	-1.3087	1.3196	-1.3196	1.3423	-1.3423	-1.3576	1.3576	1.3596	-1.3596	-1.365	1.365	1.3717	-1.3717	1.3759	-1.3759	-1.4001	1.4001	-1.408	1.408	1.4214	-1.4214	1.428	-1.428	1.4356	-1.4356	-1.4489	1.4489	-1.4575	1.4575	1.4604	-1.4604	-1.4669	1.4669	1.4761	-1.4761	-1.4852	1.4852	-1.4899	1.4899	1.4923	-1.4923	-1.5091	1.5091	-1.5093	1.5093	-1.5163	1.5163	-1.5259	1.5259	-1.5319	1.5319	-1.5344	1.5344	1.5551	-1.5551	1.5591	-1.5591	1.5692	-1.5692	-1.5704	1.5704	-1.5749	1.5749	-1.581	1.581	1.6013	-1.6013	1.6025	-1.6025	1.6201	-1.6201	1.6208	-1.6208	1.6245	-1.6245	1.6267	-1.6267	1.6298	-1.6298	1.6412	-1.6412	1.653	-1.653	1.6623	-1.6623	1.6739	-1.6739	1.676	-1.676	-1.6806	1.6806	-1.6918	1.6918	1.6973	-1.6973	1.7024	-1.7024	1.7032	-1.7032	-1.7086	1.7086	1.711	-1.711	1.7187	-1.7187	1.7282	-1.7282	-1.735	1.735	1.7413	-1.7413	-1.7482	1.7482	-1.751	1.751	1.7541	-1.7541	-1.7624	1.7624	-1.7638	1.7638	1.7665	-1.7665	1.7781	-1.7781	1.7808	-1.7808	-1.7904	1.7904	-1.7966	1.7966	-1.8032	1.8032	-1.8071	1.8071	-1.8112	1.8112	-1.8178	1.8178	1.8308	-1.8308	-1.8412	1.8412	1.8476	-1.8476	1.8522	-1.8522	-1.864	1.864	1.8745	-1.8745	1.875	-1.875	-1.879	1.879	1.8827	-1.8827	1.8931	-1.8931	1.9105	-1.9105	1.9227	-1.9227	1.9377	-1.9377	1.9395	-1.9395	-1.9715	1.9715	-1.9783	1.9783	1.9843	-1.9843	-1.988	1.988	1.9988	-1.9988	2.0054	-2.0054	-2.0114	2.0114	2.0115	-2.0115	-2.0156	2.0156	-2.0207	2.0207	-2.0236	2.0236	2.0325	-2.0325	2.0459	-2.0459	-2.0537	2.0537	2.0612	-2.0612	-2.0685	2.0685	2.0729	-2.0729	-2.1027	2.1027	-2.1031	2.1031	-2.1033	2.1033	-2.1312	2.1312	-2.134	2.134	
0	-0.2	0.14651	-0.14651	-0.17705	0.17705	0.19711	-0.19711	0.22728	-0.22728	0.28155	-0.28155	0.29262	-0.29262	0.29624	-0.29624	-0.3245	0.3245	-0.3884	0.3884	0.4391	-0.4391	0.47171	-0.47171	0.47287	-0.47287	-0.54236	0.54236	0.57758	-0.57758	0.5897	-0.5897	-0.59149	0.59149	-0.60427	0.60427	0.61044	-0.61044	-0.63271	0.63271	0.64081	-0.64081	0.64488	-0.64488	-0.6658	0.6658	0.67905	-0.67905	0.6867	-0.6867	0.6999	-0.6999	-0.70579	0.70579	-0.71961	0.71961	0.75493	-0.75493	-0.76887	0.76887	-0.77652	0.77652	0.79105	-0.79105	-0.80387	0.80387	0.81626	-0.81626	0.82203	-0.82203	0.82452	-0.82452	0.83307	-0.83307	0.83657	-0.83657	0.84315	-0.84315	-0.85161	0.85161	-0.88096	0.88096	-0.89071	0.89071	-0.90372	0.90372	-0.91604	0.91604	0.91805	-0.91805	-0.9229	0.9229	-0.94154	0.94154	0.94635	-0.94635	0.96588	-0.96588	0.98223	-0.98223	-0.9867	0.9867	0.99351	-0.99351	-0.99684	0.99684	-0.99686	0.99686	-1.0089	1.0089	-1.0148	1.0148	1.0269	-1.0269	1.0285	-1.0285	-1.0319	1.0319	1.0414	-1.0414	1.0437	-1.0437	-1.0448	1.0448	-1.0519	1.0519	1.0687	-1.0687	1.0691	-1.0691	1.0794	-1.0794	-1.0817	1.0817	1.0903	-1.0903	1.0924	-1.0924	1.1131	-1.1131	-1.1229	1.1229	1.1244	-1.1244	1.1372	-1.1372	1.1532	-1.1532	-1.1542	1.1542	-1.1637	1.1637	-1.1663	1.1663	-1.1747	1.1747	1.1864	-1.1864	-1.1881	1.1881	-1.2006	1.2006	-1.207	1.207	1.2097	-1.2097	-1.2182	1.2182	-1.2455	1.2455	-1.2487	1.2487	-1.2512	1.2512	1.2527	-1.2527	-1.2616	1.2616	-1.2749	1.2749	1.2768	-1.2768	-1.294	1.294	1.2971	-1.2971	-1.3004	1.3004	1.3056	-1.3056	1.3088	-1.3088	-1.3186	1.3186	1.3422	-1.3422	-1.3568	1.3568	1.3589	-1.3589	1.3628	-1.3628	-1.371	1.371	-1.3733	1.3733	-1.4019	1.4019	-1.4061	1.4061	1.4218	-1.4218	1.4288	-1.4288	1.4352	-1.4352	1.4488	-1.4488	1.4568	-1.4568	1.4595	-1.4595	1.4667	-1.4667	1.475	-1.475	-1.4843	1.4843	1.4894	-1.4894	-1.4912	1.4912	-1.5067	1.5067	1.5085	-1.5085	-1.5193	1.5193	1.5264	-1.5264	-1.5325	1.5325	1.5343	-1.5343	1.557	-1.557	-1.5587	1.5587	1.5703	-1.5703	1.5723	-1.5723	-1.5753	1.5753	-1.5801	1.5801	-1.6026	1.6026	-1.6062	1.6062	1.6202	-1.6202	1.6205	-1.6205	-1.6237	1.6237	1.6272	-1.6272	-1.6293	1.6293	1.6453	-1.6453	1.6527	-1.6527	1.6637	-1.6637	-1.6736	1.6736	1.6769	-1.6769	1.6866	-1.6866	-1.6942	1.6942	1.6965	-1.6965	-1.7031	1.7031	-1.7066	1.7066	1.7094	-1.7094	-1.718	1.718	1.7253	-1.7253	-1.7281	1.7281	1.7413	-1.7413	-1.7417	1.7417	-1.7486	1.7486	1.7526	-1.7526	-1.7573	1.7573	-1.7651	1.7651	1.768	-1.768	1.7722	-1.7722	-1.7795	1.7795	1.7913	-1.7913	-1.7925	1.7925	1.7973	-1.7973	1.8043	-1.8043	1.8083	-1.8083	1.8193	-1.8193	-1.8227	1.8227	1.8303	-1.8303	-1.8409	1.8409	-1.8486	1.8486	1.8524	-1.8524	1.8645	-1.8645	1.8745	-1.8745	1.8764	-1.8764	-1.8795	1.8795	-1.8878	1.8878	1.8945	-1.8945	1.9106	-1.9106	1.9237	-1.9237	1.9373	-1.9373	1.9395	-1.9395	-1.9688	1.9688	-1.9776	1.9776	1.9858	-1.9858	-1.9902	1.9902	1.9984	-1.9984	-2.0039	2.0039	-2.0108	2.0108	-2.0116	2.0116	-2.0148	2.0148	-2.0193	2.0193	2.0246	-2.0246	2.0309	-2.0309	-2.0427	2.0427	2.0548	-2.0548	2.0605	-2.0605	-2.0679	2.0679	2.0744	-2.0744	-2.1008	2.1008	-2.103	2.103	2.1043	-2.1043	-2.1306	2.1306	2.1338	-2.1338	
0	-0.18	-0.15612	0.15612	-0.1862	0.1862	-0.20772	0.20772	0.23528	-0.23528	0.2918	-0.2918	-0.30285	0.30285	0.30921	-0.30921	-0.33425	0.33425	-0.40072	0.40072	0.45061	-0.45061	0.46463	-0.46463	-0.46806	0.46806	0.53975	-0.53975	-0.58796	0.58796	-0.60118	0.60118	0.60181	-0.60181	0.60393	-0.60393	-0.62309	0.62309	-0.63993	0.63993	-0.64404	0.64404	0.64548	-0.64548	-0.67113	0.67113	0.67862	-0.67862	-0.69308	0.69308	0.70001	-0.70001	0.70592	-0.70592	0.71929	-0.71929	0.75184	-0.75184	-0.77661	0.77661	0.78054	-0.78054	-0.7904	0.7904	0.80018	-0.80018	-0.81537	0.81537	0.82055	-0.82055	0.82363	-0.82363	-0.83185	0.83185	0.84849	-0.84849	-0.84849	0.84849	-0.8554	0.8554	0.87932	-0.87932	-0.90133	0.90133	-0.90157	0.90157	-0.91598	0.91598	-0.91819	0.91819	-0.92174	0.92174	-0.94155	0.94155	0.94681	-0.94681	-0.96767	0.96767	-0.98414	0.98414	-0.98761	0.98761	-0.99345	0.99345	-0.99638	0.99638	0.9969	-0.9969	1.0113	-1.0113	-1.0159	1.0159	-1.0282	1.0282	-1.0318	1.0318	-1.0319	1.0319	-1.0415	1.0415	1.0426	-1.0426	1.0524	-1.0524	-1.0549	1.0549	1.0687	-1.0687	-1.0709	1.0709	1.0789	-1.0789	1.0848	-1.0848	1.0886	-1.0886	-1.0933	1.0933	-1.1128	1.1128	1.1231	-1.1231	-1.1263	1.1263	1.1453	-1.1453	1.1548	-1.1548	-1.1597	1.1597	-1.1671	1.1671	1.1722	-1.1722	1.1747	-1.1747	1.1873	-1.1873	-1.1917	1.1917	-1.201	1.201	-1.2064	1.2064	-1.2161	1.2161	-1.2177	1.2177	1.2469	-1.2469	-1.2497	1.2497	-1.2506	1.2506	-1.253	1.253	1.2686	-1.2686	-1.2708	1.2708	1.2756	-1.2756	-1.2952	1.2952	1.2998	-1.2998	-1.3044	1.3044	-1.3047	1.3047	1.3092	-1.3092	1.3177	-1.3177	1.342	-1.342	-1.356	1.356	1.3583	-1.3583	1.3604	-1.3604	1.3704	-1.3704	-1.3705	1.3705	-1.4036	1.4036	-1.4039	1.4039	1.4222	-1.4222	1.4297	-1.4297	-1.4348	1.4348	1.4487	-1.4487	-1.4559	1.4559	-1.4587	1.4587	-1.4668	1.4668	1.474	-1.474	1.4829	-1.4829	-1.4862	1.4862	1.4921	-1.4921	-1.5043	1.5043	-1.5078	1.5078	1.5228	-1.5228	-1.5268	1.5268	-1.5334	1.5334	-1.5342	1.5342	1.5571	-1.5571	-1.5595	1.5595	-1.5715	1.5715	-1.5743	1.5743	1.5757	-1.5757	-1.5791	1.5791	1.6039	-1.6039	-1.6092	1.6092	-1.6186	1.6186	1.6203	-1.6203	1.6228	-1.6228	-1.6285	1.6285	-1.6289	1.6289	1.6489	-1.6489	-1.6526	1.6526	1.6648	-1.6648	1.6732	-1.6732	-1.675	1.675	1.6942	-1.6942	1.6954	-1.6954	1.6959	-1.6959	-1.7026	1.7026	-1.7099	1.7099	-1.7108	1.7108	-1.7247	1.7247	-1.7256	1.7256	1.7328	-1.7328	-1.7414	1.7414	-1.7462	1.7462	-1.7481	1.7481	-1.7556	1.7556	-1.7575	1.7575	1.7658	-1.7658	1.7729	-1.7729	-1.7804	1.7804	-1.7805	1.7805	-1.7945	1.7945	-1.7969	1.7969	1.804	-1.804	1.8053	-1.8053	1.8086	-1.8086	1.828	-1.828	1.8282	-1.8282	-1.8298	1.8298	1.8414	-1.8414	-1.85	1.85	-1.8525	1.8525	1.8649	-1.8649	1.8745	-1.8745	-1.8772	1.8772	1.8802	-1.8802	-1.8932	1.8932	-1.8961	1.8961	1.9111	-1.9111	-1.9248	1.9248	-1.9368	1.9368	-1.9394	1.9394	1.9661	-1.9661	-1.9769	1.9769	1.9862	-1.9862	-1.9933	1.9933	-1.998	1.998	-2.0025	2.0025	-2.0099	2.0099	2.0118	-2.0118	-2.0142	2.0142	-2.0178	2.0178	-2.0255	2.0255	2.0291	-2.0291	-2.0396	2.0396	2.056	-2.056	2.0597	-2.0597	-2.0675	2.0675	2.0761	-2.0761	2.0992	-2.0992	2.1029	-2.1029	-2.1055	2.1055	-2.13	2.13	2.1335	-2.1335	
0	-0.16	0.16476	-0.16476	-0.19434	0.19434	-0.21734	0.21734	0.24224	-0.24224	-0.30033	0.30033	-0.31196	0.31196	0.32221	-0.32221	-0.34293	0.34293	0.41125	-0.41125	0.45723	-0.45723	0.46102	-0.46102	0.46423	-0.46423	-0.53731	0.53731	-0.59644	0.59644	0.59968	-0.59968	-0.61223	0.61223	0.61547	-0.61547	-0.63491	0.63491	0.63965	-0.63965	-0.64349	0.64349	0.65728	-0.65728	-0.67289	0.67289	0.68028	-0.68028	-0.68854	0.68854	0.70612	-0.70612	-0.70957	0.70957	-0.71905	0.71905	0.74872	-0.74872	-0.77671	0.77671	-0.78984	0.78984	0.79136	-0.79136	-0.79646	0.79646	-0.81406	0.81406	-0.81771	0.81771	0.82295	-0.82295	0.83137	-0.83137	-0.84535	0.84535	0.8578	-0.8578	-0.86684	0.86684	0.87988	-0.87988	-0.89882	0.89882	0.90731	-0.90731	0.91851	-0.91851	-0.9199	0.9199	-0.92047	0.92047	-0.94155	0.94155	-0.94723	0.94723	-0.96952	0.96952	0.98624	-0.98624	0.98857	-0.98857	-0.99335	0.99335	-0.9955	0.9955	0.99679	-0.99679	-1.0136	1.0136	-1.0169	1.0169	-1.0293	1.0293	-1.0315	1.0315	1.0345	-1.0345	-1.0409	1.0409	1.0416	-1.0416	1.0529	-1.0529	1.0654	-1.0654	1.0687	-1.0687	-1.0713	1.0713	1.0792	-1.0792	-1.0868	1.0868	1.0877	-1.0877	-1.0941	1.0941	1.1126	-1.1126	-1.1232	1.1232	-1.1274	1.1274	1.154	-1.154	1.1556	-1.1556	-1.1653	1.1653	-1.1675	1.1675	-1.1749	1.1749	-1.1807	1.1807	1.1875	-1.1875	-1.1955	1.1955	1.2013	-1.2013	1.2058	-1.2058	1.2161	-1.2161	-1.2223	1.2223	1.2418	-1.2418	-1.2517	1.2517	1.2525	-1.2525	1.2555	-1.2555	-1.2656	1.2656	-1.2745	1.2745	1.2768	-1.2768	-1.296	1.296	-1.3023	1.3023	-1.3043	1.3043	-1.3068	1.3068	-1.3109	1.3109	1.317	-1.317	-1.3419	1.3419	1.355	-1.355	-1.3577	1.3577	-1.358	1.358	1.3671	-1.3671	1.3701	-1.3701	1.4015	-1.4015	1.405	-1.405	1.4226	-1.4226	1.4305	-1.4305	1.4344	-1.4344	1.4485	-1.4485	-1.4551	1.4551	-1.4579	1.4579	1.4671	-1.4671	-1.4731	1.4731	-1.481	1.481	-1.4828	1.4828	-1.4928	1.4928	1.502	-1.502	1.507	-1.507	-1.5262	1.5262	1.527	-1.527	1.5342	-1.5342	1.5344	-1.5344	-1.556	1.556	-1.5611	1.5611	1.5727	-1.5727	-1.576	1.576	-1.5761	1.5761	-1.5782	1.5782	1.6051	-1.6051	1.6114	-1.6114	1.6162	-1.6162	-1.6205	1.6205	1.6219	-1.6219	1.6275	-1.6275	-1.6308	1.6308	1.6517	-1.6517	-1.6527	1.6527	1.6657	-1.6657	1.6721	-1.6721	1.6735	-1.6735	1.6941	-1.6941	-1.6972	1.6972	1.6999	-1.6999	-1.7031	1.7031	-1.7109	1.7109	1.7139	-1.7139	-1.7248	1.7248	-1.7306	1.7306	1.7372	-1.7372	-1.7415	1.7415	-1.7468	1.7468	-1.7495	1.7495	-1.7572	1.7572	1.759	-1.759	1.7659	-1.7659	1.7786	-1.7786	1.7817	-1.7817	1.7874	-1.7874	-1.7974	1.7974	1.7979	-1.7979	1.8062	-1.8062	1.8091	-1.8091	1.8151	-1.8151	-1.8294	1.8294	1.8334	-1.8334	-1.8337	1.8337	1.8446	-1.8446	1.8524	-1.8524	1.8526	-1.8526	-1.8654	1.8654	-1.8744	1.8744	1.8779	-1.8779	1.8812	-1.8812	1.8976	-1.8976	-1.8981	1.8981	-1.912	1.912	1.9259	-1.9259	-1.9364	1.9364	-1.9393	1.9393	1.9635	-1.9635	1.9762	-1.9762	-1.9866	1.9866	1.9958	-1.9958	1.9977	-1.9977	2.002	-2.002	2.0088	-2.0088	-2.0119	2.0119	-2.0137	2.0137	-2.0163	2.0163	2.0258	-2.0258	-2.0274	2.0274	2.037	-2.037	-2.0571	2.0571	-2.0589	2.0589	2.0673	-2.0673	-2.0778	2.0778	-2.098	2.098	2.1028	-2.1028	-2.1064	2.1064	2.1295	-2.1295	-2.1333	2.1333	
0	-0.14	-0.17241	0.17241	-0.20146	0.20146	-0.22591	0.22591	0.24815	-0.24815	0.30734	-0.30734	0.31989	-0.31989	0.33494	-0.33494	-0.35055	0.35055	-0.41885	0.41885	0.44952	-0.44952	0.46138	-0.46138	0.47143	-0.47143	-0.53509	0.53509	-0.59777	0.59777	0.60285	-0.60285	-0.62273	0.62273	0.62625	-0.62625	-0.64007	0.64007	-0.64296	0.64296	-0.6458	0.6458	-0.66829	0.66829	-0.67253	0.67253	0.68266	-0.68266	0.68276	-0.68276	0.70634	-0.70634	-0.71884	0.71884	-0.71909	0.71909	0.74566	-0.74566	-0.77681	0.77681	-0.78934	0.78934	-0.79275	0.79275	-0.80104	0.80104	-0.8125	0.8125	-0.8145	0.8145	0.82282	-0.82282	0.83136	-0.83136	0.8424	-0.8424	-0.86121	0.86121	0.8774	-0.8774	-0.88429	0.88429	0.89637	-0.89637	-0.90692	0.90692	-0.91952	0.91952	0.91957	-0.91957	0.92815	-0.92815	-0.94155	0.94155	0.94762	-0.94762	-0.97135	0.97135	-0.98827	0.98827	0.98987	-0.98987	0.99319	-0.99319	-0.99428	0.99428	0.99657	-0.99657	1.0159	-1.0159	1.0179	-1.0179	-1.0304	1.0304	-1.0312	1.0312	-1.0362	1.0362	1.0392	-1.0392	-1.0419	1.0419	1.0531	-1.0531	-1.0687	1.0687	-1.0705	1.0705	-1.0754	1.0754	1.0804	-1.0804	1.0852	-1.0852	-1.0903	1.0903	-1.0949	1.0949	-1.1127	1.1127	-1.1233	1.1233	-1.1279	1.1279	1.1557	-1.1557	1.1623	-1.1623	-1.1675	1.1675	-1.1708	1.1708	-1.1753	1.1753	-1.1876	1.1876	-1.1888	1.1888	-1.1988	1.1988	1.2016	-1.2016	-1.2052	1.2052	-1.2152	1.2152	-1.2268	1.2268	-1.2365	1.2365	1.2526	-1.2526	-1.2532	1.2532	-1.2603	1.2603	1.261	-1.261	1.2735	-1.2735	1.2836	-1.2836	-1.2962	1.2962	-1.3024	1.3024	1.307	-1.307	-1.3073	1.3073	-1.3144	1.3144	1.3166	-1.3166	-1.3419	1.3419	-1.3539	1.3539	-1.3558	1.3558	-1.3573	1.3573	-1.3634	1.3634	1.3698	-1.3698	1.3991	-1.3991	-1.4062	1.4062	1.423	-1.423	1.4313	-1.4313	-1.4341	1.4341	1.4483	-1.4483	1.4542	-1.4542	1.4572	-1.4572	-1.4675	1.4675	-1.4723	1.4723	1.4788	-1.4788	-1.4793	1.4793	-1.4935	1.4935	-1.4997	1.4997	-1.5063	1.5063	-1.5271	1.5271	-1.5293	1.5293	1.5345	-1.5345	-1.5355	1.5355	1.5548	-1.5548	1.5628	-1.5628	-1.574	1.574	1.5756	-1.5756	-1.5765	1.5765	-1.5789	1.5789	1.6064	-1.6064	-1.6129	1.6129	-1.6136	1.6136	-1.6208	1.6208	-1.6211	1.6211	-1.6262	1.6262	-1.6327	1.6327	1.6529	-1.6529	-1.6538	1.6538	1.6662	-1.6662	-1.6697	1.6697	-1.6731	1.6731	1.6926	-1.6926	-1.6983	1.6983	1.7008	-1.7008	-1.7075	1.7075	1.7117	-1.7117	1.7164	-1.7164	-1.7244	1.7244	1.7354	-1.7354	-1.7405	1.7405	1.7415	-1.7415	1.746	-1.746	-1.7512	1.7512	1.7568	-1.7568	1.7623	-1.7623	-1.7658	1.7658	-1.7821	1.7821	1.7857	-1.7857	1.7911	-1.7911	-1.7989	1.7989	1.802	-1.802	-1.8072	1.8072	1.8098	-1.8098	1.8252	-1.8252	-1.829	1.829	1.8344	-1.8344	-1.8399	1.8399	1.8483	-1.8483	1.8527	-1.8527	1.858	-1.858	-1.8658	1.8658	-1.8744	1.8744	-1.8787	1.8787	-1.8826	1.8826	-1.8991	1.8991	-1.9021	1.9021	-1.9139	1.9139	1.9271	-1.9271	-1.9359	1.9359	-1.9391	1.9391	-1.9611	1.9611	1.9756	-1.9756	1.9871	-1.9871	-1.9962	1.9962	-1.9973	1.9973	2.0034	-2.0034	2.0076	-2.0076	-2.0121	2.0121	-2.0135	2.0135	-2.0147	2.0147	-2.0231	2.0231	2.028	-2.028	-2.0353	2.0353	2.0582	-2.0582	2.0582	-2.0582	-2.0673	2.0673	2.0793	-2.0793	-2.0974	2.0974	-2.1027	2.1027	2.1072	-2.1072	-2.1289	2.1289	2.133	-2.133	
0	-0.12	0.17906	-0.17906	-0.20754	0.20754	0.23338	-0.23338	0.253	-0.253	0.31295	-0.31295	-0.32659	0.32659	0.34711	-0.34711	-0.35721	0.35721	-0.422	0.422	0.4415	-0.4415	-0.46224	0.46224	0.48055	-0.48055	0.53312	-0.53312	-0.59618	0.59618	-0.60717	0.60717	0.63233	-0.63233	0.63616	-0.63616	-0.64148	0.64148	0.64256	-0.64256	-0.65548	0.65548	-0.67155	0.67155	-0.6764	0.6764	0.67778	-0.67778	0.68529	-0.68529	0.7066	-0.7066	0.71884	-0.71884	-0.72764	0.72764	-0.74275	0.74275	0.77691	-0.77691	-0.7889	0.7889	0.78918	-0.78918	0.80622	-0.80622	0.81112	-0.81112	-0.814	0.814	-0.82332	0.82332	-0.83128	0.83128	0.84008	-0.84008	-0.86032	0.86032	-0.88684	0.88684	-0.88896	0.88896	-0.89513	0.89513	-0.90474	0.90474	-0.91979	0.91979	0.92046	-0.92046	0.93722	-0.93722	-0.94155	0.94155	-0.94797	0.94797	-0.97305	0.97305	-0.98952	0.98952	-0.99208	0.99208	-0.99276	0.99276	0.99301	-0.99301	-0.99633	0.99633	-1.0181	1.0181	-1.0191	1.0191	1.031	-1.031	-1.0315	1.0315	1.0372	-1.0372	-1.0375	1.0375	-1.0422	1.0422	1.0531	-1.0531	-1.0687	1.0687	-1.069	1.069	-1.0814	1.0814	1.084	-1.084	1.0846	-1.0846	-1.0924	1.0924	-1.0958	1.0958	1.1131	-1.1131	-1.1234	1.1234	-1.128	1.128	1.1552	-1.1552	-1.1672	1.1672	-1.1699	1.1699	1.176	-1.176	1.1762	-1.1762	-1.1877	1.1877	-1.1962	1.1962	-1.2015	1.2015	-1.2022	1.2022	1.2047	-1.2047	-1.2144	1.2144	-1.2302	1.2302	-1.2313	1.2313	1.2533	-1.2533	-1.254	1.254	-1.2563	1.2563	-1.2651	1.2651	-1.2725	1.2725	-1.2891	1.2891	-1.2957	1.2957	1.3018	-1.3018	1.3073	-1.3073	-1.3112	1.3112	-1.3164	1.3164	-1.3181	1.3181	-1.3419	1.3419	-1.3521	1.3521	-1.3543	1.3543	-1.3569	1.3569	1.3593	-1.3593	-1.3695	1.3695	1.3967	-1.3967	-1.407	1.407	-1.4235	1.4235	-1.432	1.432	1.4338	-1.4338	1.448	-1.448	1.4533	-1.4533	1.4565	-1.4565	-1.4678	1.4678	1.4715	-1.4715	-1.4758	1.4758	1.4765	-1.4765	1.494	-1.494	1.4975	-1.4975	-1.5056	1.5056	-1.5273	1.5273	-1.5312	1.5312	1.5357	-1.5357	-1.5367	1.5367	1.5536	-1.5536	-1.5644	1.5644	-1.5739	1.5739	-1.5753	1.5753	-1.5768	1.5768	1.5806	-1.5806	1.6075	-1.6075	1.611	-1.611	-1.6138	1.6138	1.6202	-1.6202	-1.6213	1.6213	-1.6247	1.6247	-1.6345	1.6345	1.6531	-1.6531	-1.6551	1.6551	1.6664	-1.6664	1.6672	-1.6672	1.673	-1.673	1.691	-1.691	-1.6992	1.6992	-1.7007	1.7007	1.712	-1.712	-1.7125	1.7125	-1.7177	1.7177	-1.7249	1.7249	-1.739	1.739	-1.7417	1.7417	1.7426	-1.7426	-1.7454	1.7454	-1.7523	1.7523	-1.7565	1.7565	1.7652	-1.7652	-1.7655	1.7655	-1.7837	1.7837	1.7915	-1.7915	-1.7929	1.7929	-1.8002	1.8002	1.8055	-1.8055	-1.8092	1.8092	1.8114	-1.8114	1.8287	-1.8287	1.8336	-1.8336	-1.8342	1.8342	1.8465	-1.8465	-1.8501	1.8501	1.8529	-1.8529	1.8652	-1.8652	1.8662	-1.8662	-1.8743	1.8743	-1.8797	1.8797	1.8849	-1.8849	-1.9008	1.9008	-1.9048	1.9048	1.9166	-1.9166	1.9283	-1.9283	1.9356	-1.9356	1.9388	-1.9388	1.9591	-1.9591	1.975	-1.975	1.9877	-1.9877	1.9952	-1.9952	-1.997	1.997	2.0059	-2.0059	-2.0063	2.0063	-2.0124	2.0124	-2.013	2.013	2.0134	-2.0134	-2.0195	2.0195	2.029	-2.029	2.0344	-2.0344	2.0574	-2.0574	2.0592	-2.0592	2.0675	-2.0675	2.0806	-2.0806	-2.0975	2.0975	-2.1027	2.1027	2.1078	-2.1078	2.1284	-2.1284	-2.1328	2.1328	
0	-0.1	0.1847	-0.1847	-0.21258	0.21258	0.2397	-0.2397	0.25677	-0.25677	0.31721	-0.31721	0.332	-0.332	-0.35773	0.35773	0.36374	-0.36374	0.42037	-0.42037	-0.4332	0.4332	0.46639	-0.46639	0.48905	-0.48905	0.53147	-0.53147	0.59496	-0.59496	0.60957	-0.60957	0.63918	-0.63918	0.64234	-0.64234	0.64512	-0.64512	-0.6453	0.6453	-0.66226	0.66226	-0.67062	0.67062	0.6715	-0.6715	0.68161	-0.68161	-0.6915	0.6915	-0.7069	0.7069	0.71888	-0.71888	0.73524	-0.73524	-0.74012	0.74012	-0.77701	0.77701	-0.7857	0.7857	-0.78852	0.78852	0.80442	-0.80442	0.80765	-0.80765	-0.82113	0.82113	-0.82432	0.82432	-0.83047	0.83047	0.83915	-0.83915	-0.85782	0.85782	0.88784	-0.88784	-0.89527	0.89527	0.89712	-0.89712	-0.90193	0.90193	0.92137	-0.92137	-0.92239	0.92239	-0.94155	0.94155	0.94565	-0.94565	0.94828	-0.94828	-0.97457	0.97457	-0.9903	0.9903	-0.99099	0.99099	0.99236	-0.99236	-0.99479	0.99479	0.99651	-0.99651	1.0201	-1.0201	-1.0204	1.0204	-1.0309	1.0309	-1.0325	1.0325	1.036	-1.036	-1.0375	1.0375	1.0425	-1.0425	1.0529	-1.0529	1.0673	-1.0673	1.0687	-1.0687	-1.0809	1.0809	1.0846	-1.0846	-1.0931	1.0931	-1.0941	1.0941	1.0967	-1.0967	1.1138	-1.1138	1.1235	-1.1235	-1.1277	1.1277	-1.1543	1.1543	-1.1667	1.1667	1.176	-1.176	-1.1769	1.1769	-1.1818	1.1818	-1.1877	1.1877	-1.2008	1.2008	1.2036	-1.2036	-1.2036	1.2036	1.206	-1.206	1.2138	-1.2138	1.2267	-1.2267	1.2326	-1.2326	1.2513	-1.2513	1.2543	-1.2543	1.2549	-1.2549	-1.2691	1.2691	1.2723	-1.2723	-1.2931	1.2931	-1.2946	1.2946	-1.3012	1.3012	-1.3073	1.3073	-1.3155	1.3155	-1.3169	1.3169	1.3216	-1.3216	1.342	-1.342	-1.3497	1.3497	1.3534	-1.3534	-1.3548	1.3548	1.3569	-1.3569	1.3693	-1.3693	-1.3942	1.3942	-1.4074	1.4074	1.4239	-1.4239	-1.4326	1.4326	-1.4336	1.4336	1.4475	-1.4475	-1.4525	1.4525	-1.4558	1.4558	1.4673	-1.4673	-1.471	1.471	-1.4727	1.4727	-1.4742	1.4742	-1.4946	1.4946	1.4955	-1.4955	-1.505	1.505	1.5274	-1.5274	-1.5318	1.5318	1.5378	-1.5378	-1.538	1.538	1.5523	-1.5523	-1.5659	1.5659	-1.5719	1.5719	-1.5764	1.5764	1.5774	-1.5774	-1.5825	1.5825	-1.6083	1.6083	1.6085	-1.6085	-1.6142	1.6142	-1.6192	1.6192	-1.6218	1.6218	1.623	-1.623	-1.6362	1.6362	-1.6533	1.6533	-1.6557	1.6557	-1.6648	1.6648	-1.6662	1.6662	1.673	-1.673	1.6893	-1.6893	1.7	-1.7	-1.7006	1.7006	1.7133	-1.7133	-1.7156	1.7156	-1.7177	1.7177	1.7265	-1.7265	1.7409	-1.7409	-1.7425	1.7425	-1.7434	1.7434	-1.7454	1.7454	-1.7531	1.7531	1.7564	-1.7564	-1.7652	1.7652	-1.7675	1.7675	-1.785	1.785	1.7939	-1.7939	1.7965	-1.7965	1.8022	-1.8022	1.8063	-1.8063	-1.811	1.811	-1.8154	1.8154	-1.8284	1.8284	-1.8336	1.8336	1.8403	-1.8403	-1.8513	1.8513	1.8526	-1.8526	-1.8538	1.8538	1.8666	-1.8666	-1.8709	1.8709	-1.8743	1.8743	1.8813	-1.8813	-1.889	1.889	1.9025	-1.9025	1.9066	-1.9066	-1.92	1.92	-1.9295	1.9295	-1.9352	1.9352	1.9382	-1.9382	1.9577	-1.9577	1.9745	-1.9745	1.9883	-1.9883	-1.9939	1.9939	-1.9967	1.9967	-2.005	2.005	-2.0083	2.0083	-2.0115	2.0115	-2.0127	2.0127	-2.0132	2.0132	2.0158	-2.0158	2.03	-2.03	2.0341	-2.0341	2.0566	-2.0566	2.0603	-2.0603	-2.068	2.068	-2.0814	2.0814	-2.0983	2.0983	-2.1028	2.1028	-2.1082	2.1082	2.1279	-2.1279	-2.1326	2.1326	
0	-0.08	0.18931	-0.18931	-0.21658	0.21658	0.24482	-0.24482	0.25946	-0.25946	-0.32018	0.32018	0.33608	-0.33608	0.36404	-0.36404	0.3727	-0.3727	-0.41545	0.41545	0.42473	-0.42473	-0.47218	0.47218	0.49703	-0.49703	0.5302	-0.5302	0.59414	-0.59414	-0.61036	0.61036	-0.641	0.641	0.64321	-0.64321	-0.65242	0.65242	0.65247	-0.65247	0.65976	-0.65976	0.66953	-0.66953	0.67483	-0.67483	-0.68137	0.68137	-0.70019	0.70019	0.7073	-0.7073	-0.71898	0.71898	0.73796	-0.73796	-0.74174	0.74174	-0.77708	0.77708	-0.78228	0.78228	0.78819	-0.78819	-0.8013	0.8013	0.80418	-0.80418	0.82544	-0.82544	0.82635	-0.82635	0.83104	-0.83104	-0.83984	0.83984	-0.85475	0.85475	-0.88498	0.88498	0.89624	-0.89624	-0.89872	0.89872	-0.9038	0.9038	-0.92227	0.92227	0.92719	-0.92719	-0.94157	0.94157	-0.94852	0.94852	0.95318	-0.95318	0.97589	-0.97589	0.98898	-0.98898	0.99092	-0.99092	-0.99166	0.99166	-0.99526	0.99526	-0.99889	0.99889	1.0218	-1.0218	1.022	-1.022	-1.0312	1.0312	1.0336	-1.0336	1.0346	-1.0346	1.0375	-1.0375	1.0427	-1.0427	1.0525	-1.0525	-1.0654	1.0654	-1.0687	1.0687	-1.0798	1.0798	1.086	-1.086	-1.0951	1.0951	-1.0978	1.0978	1.1011	-1.1011	1.1149	-1.1149	-1.1235	1.1235	-1.1268	1.1268	-1.1527	1.1527	1.1663	-1.1663	1.1777	-1.1777	1.1796	-1.1796	-1.1874	1.1874	1.1878	-1.1878	1.2014	-1.2014	-1.2041	1.2041	1.2052	-1.2052	-1.2123	1.2123	-1.2137	1.2137	-1.2232	1.2232	1.2342	-1.2342	-1.2468	1.2468	1.2548	-1.2548	1.2557	-1.2557	-1.2698	1.2698	1.275	-1.275	1.2926	-1.2926	1.2958	-1.2958	-1.3007	1.3007	1.3075	-1.3075	-1.3168	1.3168	1.321	-1.321	-1.3245	1.3245	1.3423	-1.3423	-1.3473	1.3473	-1.3502	1.3502	1.3528	-1.3528	-1.3569	1.3569	-1.3692	1.3692	1.3917	-1.3917	1.4074	-1.4074	-1.4243	1.4243	1.4329	-1.4329	-1.4338	1.4338	-1.4469	1.4469	1.4517	-1.4517	1.4552	-1.4552	-1.4652	1.4652	1.4699	-1.4699	-1.4717	1.4717	-1.4719	1.4719	1.4938	-1.4938	1.495	-1.495	1.5045	-1.5045	-1.5276	1.5276	-1.5319	1.5319	-1.5393	1.5393	1.5401	-1.5401	-1.551	1.551	-1.5669	1.5669	1.57	-1.57	-1.5769	1.5769	1.5784	-1.5784	-1.5843	1.5843	-1.6055	1.6055	-1.609	1.609	1.6144	-1.6144	-1.6182	1.6182	-1.6212	1.6212	-1.6222	1.6222	-1.6376	1.6376	1.6533	-1.6533	1.6557	-1.6557	-1.6628	1.6628	-1.6657	1.6657	-1.673	1.673	-1.6876	1.6876	-1.7007	1.7007	-1.7008	1.7008	1.7141	-1.7141	-1.717	1.717	1.718	-1.718	1.7287	-1.7287	1.7412	-1.7412	-1.743	1.743	1.7437	-1.7437	-1.7459	1.7459	1.7539	-1.7539	-1.7564	1.7564	1.7648	-1.7648	1.7692	-1.7692	1.7861	-1.7861	-1.7945	1.7945	1.7998	-1.7998	1.8054	-1.8054	-1.8064	1.8064	-1.8121	1.8121	1.8197	-1.8197	-1.8282	1.8282	-1.833	1.833	-1.8453	1.8453	1.8522	-1.8522	1.8538	-1.8538	1.8588	-1.8588	-1.8672	1.8672	1.8742	-1.8742	1.8743	-1.8743	1.884	-1.884	1.8947	-1.8947	1.9045	-1.9045	1.9081	-1.9081	-1.9232	1.9232	-1.9306	1.9306	-1.935	1.935	1.9375	-1.9375	1.9571	-1.9571	-1.9741	1.9741	-1.9889	1.9889	1.9927	-1.9927	1.9965	-1.9965	2.0037	-2.0037	-2.0095	2.0095	-2.0099	2.0099	-2.0111	2.0111	2.0131	-2.0131	-2.015	2.015	-2.0308	2.0308	-2.0344	2.0344	-2.0559	2.0559	2.0613	-2.0613	2.0686	-2.0686	-2.082	2.082	-2.0998	2.0998	2.1029	-2.1029	2.1083	-2.1083	-2.1275	2.1275	2.1325	-2.1325	
0	-0.06	-0.19288	0.19288	-0.21952	0.21952	0.2487	-0.2487	0.26107	-0.26107	0.32186	-0.32186	-0.33879	0.33879	-0.3672	0.3672	0.38257	-0.38257	0.40864	-0.40864	-0.41643	0.41643	0.47795	-0.47795	0.50467	-0.50467	0.52935	-0.52935	-0.59375	0.59375	-0.60987	0.60987	-0.64078	0.64078	0.64477	-0.64477	-0.65015	0.65015	-0.65953	0.65953	-0.66152	0.66152	-0.66814	0.66814	0.68026	-0.68026	0.68068	-0.68068	-0.7078	0.7078	0.70873	-0.70873	-0.7191	0.7191	0.73647	-0.73647	-0.74703	0.74703	0.77712	-0.77712	-0.77881	0.77881	-0.7879	0.7879	-0.79802	0.79802	0.80077	-0.80077	0.82452	-0.82452	-0.82702	0.82702	-0.83712	0.83712	0.84169	-0.84169	-0.85147	0.85147	0.88165	-0.88165	-0.89458	0.89458	0.89518	-0.89518	0.91025	-0.91025	-0.92315	0.92315	0.9327	-0.9327	-0.94165	0.94165	0.94875	-0.94875	-0.95954	0.95954	-0.97699	0.97699	0.98674	-0.98674	-0.99068	0.99068	-0.99143	0.99143	-0.99512	0.99512	1.0017	-1.0017	-1.0232	1.0232	-1.0239	1.0239	-1.0318	1.0318	1.0337	-1.0337	1.0346	-1.0346	1.0372	-1.0372	-1.0426	1.0426	1.052	-1.052	-1.0635	1.0635	1.0687	-1.0687	-1.0787	1.0787	1.0874	-1.0874	-1.0956	1.0956	1.0989	-1.0989	1.1081	-1.1081	1.1162	-1.1162	-1.1235	1.1235	-1.1252	1.1252	1.1506	-1.1506	1.166	-1.166	1.1786	-1.1786	-1.1805	1.1805	1.1878	-1.1878	-1.1931	1.1931	-1.2012	1.2012	1.2053	-1.2053	1.2061	-1.2061	-1.2141	1.2141	1.2181	-1.2181	-1.2217	1.2217	-1.2352	1.2352	-1.2422	1.2422	1.2553	-1.2553	-1.2564	1.2564	-1.2694	1.2694	-1.2783	1.2783	-1.2898	1.2898	1.2975	-1.2975	1.3004	-1.3004	-1.3079	1.3079	1.3176	-1.3176	1.3256	-1.3256	-1.3264	1.3264	1.3428	-1.3428	-1.345	1.345	-1.3458	1.3458	-1.3525	1.3525	-1.3571	1.3571	-1.3691	1.3691	-1.3893	1.3893	-1.4068	1.4068	-1.4247	1.4247	1.4329	-1.4329	-1.4344	1.4344	-1.4462	1.4462	-1.4509	1.4509	-1.4547	1.4547	-1.4615	1.4615	1.4687	-1.4687	-1.47	1.47	1.4718	-1.4718	1.4926	-1.4926	-1.4952	1.4952	-1.5041	1.5041	1.528	-1.528	1.5319	-1.5319	1.5404	-1.5404	1.5422	-1.5422	-1.5498	1.5498	-1.5657	1.5657	1.57	-1.57	-1.577	1.577	-1.5797	1.5797	1.5862	-1.5862	-1.6028	1.6028	-1.6091	1.6091	-1.6145	1.6145	-1.617	1.617	-1.6194	1.6194	1.6224	-1.6224	-1.6387	1.6387	-1.653	1.653	-1.6553	1.6553	1.6613	-1.6613	1.6646	-1.6646	-1.6732	1.6732	1.6859	-1.6859	1.7008	-1.7008	1.7013	-1.7013	-1.715	1.715	-1.716	1.716	-1.7194	1.7194	1.7311	-1.7311	-1.7413	1.7413	1.7423	-1.7423	1.7443	-1.7443	1.7462	-1.7462	-1.7547	1.7547	1.7565	-1.7565	1.7644	-1.7644	1.7706	-1.7706	-1.7869	1.7869	1.795	-1.795	-1.8016	1.8016	-1.8064	1.8064	1.8091	-1.8091	-1.813	1.813	1.8231	-1.8231	-1.828	1.828	1.8324	-1.8324	-1.8485	1.8485	-1.853	1.853	-1.8552	1.8552	-1.8622	1.8622	-1.8677	1.8677	-1.8742	1.8742	1.876	-1.876	-1.888	1.888	1.9004	-1.9004	-1.9072	1.9072	1.9096	-1.9096	1.926	-1.926	1.9313	-1.9313	1.9347	-1.9347	1.937	-1.937	1.9574	-1.9574	-1.9738	1.9738	1.9891	-1.9891	-1.9918	1.9918	-1.9962	1.9962	-2.0025	2.0025	2.0069	-2.0069	-2.0085	2.0085	-2.0111	2.0111	-2.0131	2.0131	2.0167	-2.0167	-2.0315	2.0315	2.0352	-2.0352	-2.0552	2.0552	2.0624	-2.0624	2.0694	-2.0694	-2.0823	2.0823	2.1017	-2.1017	2.1032	-2.1032	-2.1082	2.1082	2.1271	-2.1271	-2.1323	2.1323	
0	-0.04	0.1954	-0.1954	-0.22141	0.22141	-0.2513	0.2513	0.2616	-0.2616	-0.32228	0.32228	-0.3401	0.3401	-0.3687	0.3687	0.39014	-0.39014	0.40066	-0.40066	-0.40996	0.40996	-0.48274	0.48274	0.51206	-0.51206	0.52903	-0.52903	0.59377	-0.59377	0.60829	-0.60829	-0.63999	0.63999	0.6419	-0.6419	0.64605	-0.64605	-0.66385	0.66385	0.6672	-0.6672	0.66771	-0.66771	-0.67954	0.67954	0.68545	-0.68545	0.70846	-0.70846	-0.71666	0.71666	0.71916	-0.71916	0.73591	-0.73591	-0.75102	0.75102	0.775	-0.775	-0.77726	0.77726	-0.78765	0.78765	-0.79493	0.79493	0.7975	-0.7975	-0.82196	0.82196	-0.82842	0.82842	0.84232	-0.84232	-0.84513	0.84513	0.84813	-0.84813	-0.87813	0.87813	0.89137	-0.89137	0.89201	-0.89201	0.91546	-0.91546	0.924	-0.924	-0.93768	0.93768	-0.942	0.942	-0.94892	0.94892	0.96463	-0.96463	0.9779	-0.9779	0.98426	-0.98426	-0.98947	0.98947	-0.99182	0.99182	0.99499	-0.99499	-1.004	1.004	1.0242	-1.0242	1.0256	-1.0256	1.0322	-1.0322	-1.0344	1.0344	1.0353	-1.0353	1.0368	-1.0368	1.0424	-1.0424	-1.0516	1.0516	-1.0617	1.0617	1.0687	-1.0687	-1.078	1.078	1.0886	-1.0886	-1.0958	1.0958	1.1001	-1.1001	1.1142	-1.1142	1.118	-1.118	-1.1227	1.1227	1.1237	-1.1237	1.1479	-1.1479	-1.166	1.166	-1.1792	1.1792	1.1793	-1.1793	-1.1879	1.1879	1.1982	-1.1982	-1.2009	1.2009	1.2066	-1.2066	1.2067	-1.2067	-1.2151	1.2151	-1.219	1.219	1.2264	-1.2264	-1.2358	1.2358	1.2381	-1.2381	-1.2557	1.2557	-1.2566	1.2566	1.2691	-1.2691	-1.2811	1.2811	1.2864	-1.2864	-1.2984	1.2984	1.3003	-1.3003	-1.3084	1.3084	1.3186	-1.3186	-1.3263	1.3263	-1.3297	1.3297	-1.342	1.342	1.343	-1.343	-1.3438	1.3438	-1.3524	1.3524	-1.3575	1.3575	1.3691	-1.3691	-1.387	1.387	-1.4057	1.4057	1.425	-1.425	-1.4328	1.4328	1.4351	-1.4351	1.4454	-1.4454	-1.45	1.45	1.4542	-1.4542	-1.4573	1.4573	1.4676	-1.4676	-1.4683	1.4683	-1.472	1.472	-1.4918	1.4918	1.4953	-1.4953	1.5037	-1.5037	-1.5284	1.5284	1.5318	-1.5318	-1.5414	1.5414	-1.544	1.544	-1.5488	1.5488	1.5631	-1.5631	-1.5712	1.5712	-1.5769	1.5769	1.581	-1.581	-1.5881	1.5881	-1.6001	1.6001	-1.6086	1.6086	-1.6141	1.6141	1.6156	-1.6156	1.6182	-1.6182	1.6225	-1.6225	1.6394	-1.6394	-1.6524	1.6524	1.6544	-1.6544	1.6604	-1.6604	-1.6632	1.6632	1.6734	-1.6734	1.6843	-1.6843	1.7011	-1.7011	1.7016	-1.7016	-1.7149	1.7149	-1.7159	1.7159	1.7199	-1.7199	-1.7334	1.7334	1.7412	-1.7412	-1.7416	1.7416	-1.7443	1.7443	1.7464	-1.7464	1.7553	-1.7553	-1.7564	1.7564	-1.764	1.764	1.7717	-1.7717	-1.7874	1.7874	-1.7954	1.7954	-1.8027	1.8027	1.8063	-1.8063	-1.8126	1.8126	-1.8137	1.8137	-1.8254	1.8254	1.8279	-1.8279	1.8319	-1.8319	-1.8499	1.8499	-1.8537	1.8537	-1.8576	1.8576	-1.8638	1.8638	-1.8681	1.8681	1.8741	-1.8741	1.8769	-1.8769	-1.8924	1.8924	1.9042	-1.9042	1.9114	-1.9114	-1.9117	1.9117	1.9282	-1.9282	-1.9315	1.9315	1.9346	-1.9346	1.937	-1.937	-1.9585	1.9585	-1.9736	1.9736	1.9885	-1.9885	1.9916	-1.9916	-1.996	1.996	2.0015	-2.0015	-2.004	2.004	-2.007	2.007	2.0114	-2.0114	-2.0131	2.0131	2.0187	-2.0187	2.032	-2.032	-2.0365	2.0365	2.0547	-2.0547	-2.0635	2.0635	-2.0702	2.0702	2.0827	-2.0827	2.1027	-2.1027	2.1045	-2.1045	2.1079	-2.1079	-2.1268	2.1268	2.1322	-2.1322	
0	-0.02	-0.19688	0.19688	-0.22224	0.22224	-0.25261	0.25261	0.26106	-0.26106	0.32145	-0.32145	-0.34001	0.34001	-0.3688	0.3688	0.3893	-0.3893	-0.39184	0.39184	-0.41117	0.41117	-0.48609	0.48609	0.51905	-0.51905	0.52948	-0.52948	0.59414	-0.59414	-0.6057	0.6057	-0.63286	0.63286	0.63838	-0.63838	0.64701	-0.64701	-0.66189	0.66189	0.67124	-0.67124	0.67198	-0.67198	-0.68004	0.68004	-0.68865	0.68865	0.70924	-0.70924	-0.7191	0.7191	-0.72388	0.72388	-0.7364	0.7364	0.75364	-0.75364	-0.77091	0.77091	-0.77728	0.77728	-0.78745	0.78745	-0.79231	0.79231	-0.7944	0.7944	-0.81948	0.81948	0.8298	-0.8298	0.84486	-0.84486	0.84527	-0.84527	-0.8503	0.8503	0.87452	-0.87452	0.8874	-0.8874	0.88913	-0.88913	0.91923	-0.91923	-0.92479	0.92479	-0.94037	0.94037	-0.94397	0.94397	0.94904	-0.94904	0.96828	-0.96828	-0.97862	0.97862	0.98155	-0.98155	-0.98817	0.98817	-0.99211	0.99211	-0.9949	0.9949	-1.0056	1.0056	-1.0245	1.0245	-1.0267	1.0267	-1.032	1.032	-1.0354	1.0354	1.0367	-1.0367	-1.0375	1.0375	-1.0421	1.0421	1.0514	-1.0514	1.06	-1.06	-1.0687	1.0687	-1.0777	1.0777	-1.0896	1.0896	-1.0957	1.0957	1.1012	-1.1012	-1.1176	1.1176	1.1197	-1.1197	1.1216	-1.1216	-1.1237	1.1237	1.1445	-1.1445	1.1661	-1.1661	-1.1767	1.1767	-1.1799	1.1799	-1.1879	1.1879	-1.2005	1.2005	-1.2023	1.2023	-1.2069	1.2069	-1.2083	1.2083	1.2165	-1.2165	-1.2193	1.2193	-1.23	1.23	-1.2361	1.2361	-1.2365	1.2365	1.2559	-1.2559	1.2564	-1.2564	1.2692	-1.2692	1.2815	-1.2815	1.2839	-1.2839	-1.2987	1.2987	1.3002	-1.3002	1.3091	-1.3091	-1.3198	1.3198	1.3235	-1.3235	1.3331	-1.3331	1.3402	-1.3402	1.3414	-1.3414	-1.3446	1.3446	-1.3526	1.3526	-1.3579	1.3579	-1.3691	1.3691	-1.3851	1.3851	1.404	-1.404	1.4253	-1.4253	1.4327	-1.4327	1.4359	-1.4359	1.4445	-1.4445	1.4487	-1.4487	1.4532	-1.4532	-1.4538	1.4538	-1.4663	1.4663	-1.467	1.467	-1.4719	1.4719	-1.4917	1.4917	-1.4951	1.4951	-1.5035	1.5035	1.5288	-1.5288	-1.5317	1.5317	-1.542	1.542	-1.5455	1.5455	-1.5483	1.5483	-1.5603	1.5603	1.5724	-1.5724	-1.5767	1.5767	1.5821	-1.5821	-1.5898	1.5898	1.5975	-1.5975	1.6074	-1.6074	1.6121	-1.6121	1.6155	-1.6155	1.6175	-1.6175	1.6223	-1.6223	1.6397	-1.6397	1.6518	-1.6518	1.6534	-1.6534	1.66	-1.66	1.6614	-1.6614	-1.6737	1.6737	1.6829	-1.6829	1.7016	-1.7016	1.7017	-1.7017	-1.7138	1.7138	-1.7168	1.7168	-1.7193	1.7193	-1.7353	1.7353	1.7409	-1.7409	1.7411	-1.7411	-1.7437	1.7437	1.7467	-1.7467	1.7559	-1.7559	1.7561	-1.7561	-1.7635	1.7635	1.7726	-1.7726	1.7876	-1.7876	-1.7958	1.7958	-1.8031	1.8031	-1.8061	1.8061	-1.8142	1.8142	1.8153	-1.8153	-1.8264	1.8264	-1.8279	1.8279	1.8315	-1.8315	1.8505	-1.8505	1.8542	-1.8542	1.8597	-1.8597	1.8647	-1.8647	-1.8682	1.8682	-1.874	1.874	1.8773	-1.8773	-1.896	1.896	1.9064	-1.9064	-1.9147	1.9147	-1.9159	1.9159	-1.9296	1.9296	1.9317	-1.9317	1.9346	-1.9346	1.9377	-1.9377	1.9603	-1.9603	1.9736	-1.9736	-1.9876	1.9876	1.9914	-1.9914	1.9958	-1.9958	2.0006	-2.0006	2.0023	-2.0023	2.0057	-2.0057	2.0116	-2.0116	-2.0131	2.0131	-2.0206	2.0206	2.0325	-2.0325	-2.0382	2.0382	2.0543	-2.0543	-2.0646	2.0646	-2.0712	2.0712	-2.0832	2.0832	2.1029	-2.1029	-2.1067	2.1067	2.1073	-2.1073	2.1265	-2.1265	-2.1321	2.1321	
0	-6.7145e-16	0.1973	-0.1973	-0.22202	0.22202	-0.2526	0.2526	0.25946	-0.25946	0.3194	-0.3194	-0.33853	0.33853	-0.36753	0.36753	0.38132	-0.38132	-0.38234	0.38234	0.41876	-0.41876	0.48784	-0.48784	0.52462	-0.52462	0.53169	-0.53169	0.59469	-0.59469	0.60209	-0.60209	-0.62354	0.62354	-0.63525	0.63525	0.64776	-0.64776	-0.65912	0.65912	-0.67377	0.67377	0.67549	-0.67549	-0.68187	0.68187	-0.69021	0.69021	0.71015	-0.71015	0.71896	-0.71896	-0.73021	0.73021	-0.73781	0.73781	-0.7549	0.7549	-0.76635	0.76635	-0.77731	0.77731	-0.7873	0.7873	-0.7904	0.7904	-0.79141	0.79141	-0.81729	0.81729	-0.83113	0.83113	0.84174	-0.84174	0.84775	-0.84775	-0.85488	0.85488	0.8709	-0.8709	0.88356	-0.88356	0.88633	-0.88633	-0.9214	0.9214	0.92553	-0.92553	-0.94084	0.94084	0.9474	-0.9474	-0.94912	0.94912	-0.97033	0.97033	0.9786	-0.9786	-0.97918	0.97918	-0.98692	0.98692	-0.99228	0.99228	0.99485	-0.99485	1.0066	-1.0066	-1.0243	1.0243	1.0273	-1.0273	1.032	-1.032	1.0348	-1.0348	1.0366	-1.0366	-1.042	1.042	1.042	-1.042	-1.0513	1.0513	-1.0588	1.0588	-1.0687	1.0687	-1.0778	1.0778	-1.0904	1.0904	1.0953	-1.0953	-1.1021	1.1021	-1.1159	1.1159	1.1189	-1.1189	-1.1237	1.1237	-1.1265	1.1265	1.1407	-1.1407	1.1664	-1.1664	1.1737	-1.1737	-1.1804	1.1804	1.1879	-1.1879	1.2003	-1.2003	-1.2041	1.2041	-1.2073	1.2073	1.2108	-1.2108	-1.218	1.218	-1.2202	1.2202	-1.2279	1.2279	-1.2361	1.2361	-1.241	1.241	-1.2558	1.2558	-1.256	1.256	1.2695	-1.2695	1.2772	-1.2772	-1.2848	1.2848	1.2985	-1.2985	-1.3002	1.3002	-1.3099	1.3099	-1.3186	1.3186	-1.321	1.321	1.3356	-1.3356	1.3397	-1.3397	-1.3404	1.3404	-1.3455	1.3455	1.3531	-1.3531	-1.3581	1.3581	1.3691	-1.3691	-1.3837	1.3837	-1.4018	1.4018	1.4255	-1.4255	1.4326	-1.4326	1.4366	-1.4366	-1.4434	1.4434	-1.4459	1.4459	-1.4506	1.4506	1.4536	-1.4536	-1.4649	1.4649	1.4661	-1.4661	-1.4717	1.4717	-1.4921	1.4921	1.4946	-1.4946	1.5032	-1.5032	1.5292	-1.5292	1.5315	-1.5315	-1.5419	1.5419	-1.5468	1.5468	1.5483	-1.5483	-1.5575	1.5575	-1.5735	1.5735	-1.5762	1.5762	-1.583	1.583	1.5911	-1.5911	1.5956	-1.5956	1.605	-1.605	-1.6102	1.6102	1.6155	-1.6155	1.6172	-1.6172	-1.6219	1.6219	-1.6393	1.6393	1.6515	-1.6515	1.6522	-1.6522	1.6592	-1.6592	1.6598	-1.6598	-1.674	1.674	-1.6817	1.6817	1.7015	-1.7015	1.7021	-1.7021	-1.7128	1.7128	-1.7178	1.7178	1.7178	-1.7178	-1.7365	1.7365	1.7402	-1.7402	1.7409	-1.7409	-1.7429	1.7429	-1.7475	1.7475	1.7554	-1.7554	-1.7562	1.7562	1.7629	-1.7629	1.7733	-1.7733	1.7876	-1.7876	1.796	-1.796	-1.803	1.803	1.8059	-1.8059	-1.8144	1.8144	-1.8173	1.8173	1.8263	-1.8263	-1.8279	1.8279	-1.8313	1.8313	1.8507	-1.8507	-1.8547	1.8547	-1.8606	1.8606	-1.8651	1.8651	1.8687	-1.8687	-1.874	1.874	-1.8773	1.8773	-1.898	1.898	-1.9082	1.9082	-1.918	1.918	-1.9191	1.9191	1.9308	-1.9308	-1.9327	1.9327	-1.9346	1.9346	1.9387	-1.9387	-1.9624	1.9624	-1.9736	1.9736	-1.9868	1.9868	1.9913	-1.9913	1.9956	-1.9956	1.9999	-1.9999	-2.0018	2.0018	-2.0046	2.0046	2.0117	-2.0117	-2.0132	2.0132	2.0223	-2.0223	-2.0328	2.0328	-2.0401	2.0401	-2.0541	2.0541	-2.0657	2.0657	-2.0722	2.0722	-2.0838	2.0838	-2.1031	2.1031	-2.1065	2.1065	2.1089	-2.1089	2.1263	-2.1263	2.132	-2.132	
0	0.02	-0.19667	0.19667	-0.22076	0.22076	-0.25128	0.25128	0.25681	-0.25681	0.31617	-0.31617	0.33568	-0.33568	-0.36469	0.36469	-0.37159	0.37159	0.37225	-0.37225	0.42753	-0.42753	-0.48798	0.48798	-0.5274	0.5274	0.53689	-0.53689	-0.59482	0.59482	0.59741	-0.59741	0.61457	-0.61457	-0.63001	0.63001	0.64846	-0.64846	-0.65719	0.65719	0.67529	-0.67529	0.67759	-0.67759	-0.68387	0.68387	0.69024	-0.69024	0.71116	-0.71116	-0.71885	0.71885	-0.73529	0.73529	-0.73981	0.73981	0.75496	-0.75496	-0.76161	0.76161	0.77735	-0.77735	-0.7872	0.7872	-0.78837	0.78837	0.78934	-0.78934	-0.81543	0.81543	0.8324	-0.8324	-0.83886	0.83886	-0.85	0.85	0.85774	-0.85774	0.86733	-0.86733	0.88055	-0.88055	0.88384	-0.88384	-0.92181	0.92181	0.92617	-0.92617	-0.94092	0.94092	-0.94913	0.94913	0.95051	-0.95051	0.97064	-0.97064	0.9754	-0.9754	0.97958	-0.97958	0.9859	-0.9859	-0.99235	0.99235	0.99482	-0.99482	1.007	-1.007	-1.0235	1.0235	-1.0275	1.0275	1.0323	-1.0323	-1.0341	1.0341	1.0362	-1.0362	-1.0422	1.0422	-1.047	1.047	1.0511	-1.0511	-1.0582	1.0582	1.0686	-1.0686	1.0783	-1.0783	1.0907	-1.0907	-1.0949	1.0949	-1.1026	1.1026	1.1121	-1.1121	1.1195	-1.1195	-1.1238	1.1238	-1.1308	1.1308	-1.1363	1.1363	1.1669	-1.1669	1.1708	-1.1708	1.1808	-1.1808	-1.1879	1.1879	1.2	-1.2	1.2043	-1.2043	-1.2079	1.2079	1.2129	-1.2129	-1.2196	1.2196	1.2209	-1.2209	-1.226	1.226	1.2359	-1.2359	1.2463	-1.2463	-1.2548	1.2548	-1.256	1.256	1.2699	-1.2699	1.2724	-1.2724	1.2852	-1.2852	-1.2978	1.2978	1.3003	-1.3003	1.3106	-1.3106	1.3127	-1.3127	-1.322	1.322	-1.3374	1.3374	1.3397	-1.3397	1.34	-1.34	-1.3462	1.3462	-1.3538	1.3538	-1.3579	1.3579	1.3691	-1.3691	1.3831	-1.3831	1.3992	-1.3992	1.4257	-1.4257	-1.4326	1.4326	1.4363	-1.4363	1.4424	-1.4424	-1.4424	1.4424	1.4495	-1.4495	-1.4534	1.4534	1.4633	-1.4633	-1.4655	1.4655	-1.4715	1.4715	-1.4929	1.4929	1.494	-1.494	1.5028	-1.5028	-1.5293	1.5293	1.5314	-1.5314	1.5413	-1.5413	-1.5479	1.5479	-1.549	1.549	-1.555	1.555	1.5744	-1.5744	-1.5756	1.5756	1.5837	-1.5837	1.5904	-1.5904	-1.5958	1.5958	1.6015	-1.6015	-1.6088	1.6088	1.6154	-1.6154	-1.6173	1.6173	-1.6212	1.6212	1.6382	-1.6382	-1.651	1.651	1.6516	-1.6516	-1.6569	1.6569	-1.6597	1.6597	-1.6743	1.6743	1.6807	-1.6807	-1.7009	1.7009	1.7026	-1.7026	1.7118	-1.7118	-1.7154	1.7154	1.7187	-1.7187	-1.7367	1.7367	1.7395	-1.7395	1.7403	-1.7403	-1.7421	1.7421	1.7489	-1.7489	1.7544	-1.7544	-1.7564	1.7564	-1.7622	1.7622	-1.7737	1.7737	1.7875	-1.7875	-1.7963	1.7963	1.8023	-1.8023	-1.8057	1.8057	1.8144	-1.8144	1.8186	-1.8186	-1.8251	1.8251	-1.828	1.828	-1.8309	1.8309	1.8507	-1.8507	-1.855	1.855	-1.8599	1.8599	-1.8654	1.8654	-1.8697	1.8697	-1.8739	1.8739	1.8771	-1.8771	1.8986	-1.8986	1.9097	-1.9097	1.92	-1.92	-1.9203	1.9203	-1.9337	1.9337	-1.9343	1.9343	-1.9347	1.9347	-1.9399	1.9399	-1.9647	1.9647	-1.9738	1.9738	1.9861	-1.9861	-1.9917	1.9917	1.9955	-1.9955	1.9994	-1.9994	-2.0023	2.0023	-2.0036	2.0036	-2.0119	2.0119	-2.0132	2.0132	-2.0238	2.0238	2.0331	-2.0331	-2.0423	2.0423	-2.054	2.054	2.0668	-2.0668	2.0734	-2.0734	-2.0846	2.0846	-2.1032	2.1032	-2.1054	2.1054	2.1108	-2.1108	2.1262	-2.1262	-2.132	2.132	
0	0.04	0.19499	-0.19499	-0.21845	0.21845	0.24866	-0.24866	-0.25313	0.25313	0.31177	-0.31177	-0.33151	0.33151	-0.35839	0.35839	0.36161	-0.36161	0.36322	-0.36322	0.43629	-0.43629	0.48658	-0.48658	0.52902	-0.52902	0.54323	-0.54323	0.59164	-0.59164	-0.59253	0.59253	-0.60806	0.60806	-0.62266	0.62266	0.64924	-0.64924	-0.65634	0.65634	-0.67649	0.67649	0.67817	-0.67817	-0.68499	0.68499	0.68888	-0.68888	0.71227	-0.71227	0.71883	-0.71883	-0.73811	0.73811	0.74195	-0.74195	-0.75405	0.75405	-0.75771	0.75771	-0.77738	0.77738	-0.78501	0.78501	-0.78715	0.78715	-0.78921	0.78921	0.81389	-0.81389	0.83359	-0.83359	0.8363	-0.8363	0.85195	-0.85195	0.85768	-0.85768	0.8639	-0.8639	0.87952	-0.87952	0.88188	-0.88188	0.92039	-0.92039	-0.92672	0.92672	-0.94092	0.94092	0.9491	-0.9491	0.95307	-0.95307	0.9691	-0.9691	-0.97198	0.97198	-0.97983	0.97983	-0.98521	0.98521	-0.99231	0.99231	0.99481	-0.99481	-1.0071	1.0071	1.0221	-1.0221	1.0275	-1.0275	1.0329	-1.0329	1.0336	-1.0336	-1.0354	1.0354	-1.0425	1.0425	-1.0502	1.0502	1.0519	-1.0519	-1.0588	1.0588	1.0686	-1.0686	-1.0791	1.0791	-1.09	1.09	-1.0943	1.0943	-1.1016	1.1016	-1.1098	1.1098	1.1197	-1.1197	-1.1238	1.1238	1.1304	-1.1304	1.1356	-1.1356	1.1675	-1.1675	-1.1681	1.1681	1.181	-1.181	1.1879	-1.1879	1.1995	-1.1995	-1.2038	1.2038	-1.2089	1.2089	1.2127	-1.2127	-1.2197	1.2197	1.2213	-1.2213	1.2281	-1.2281	-1.2356	1.2356	-1.2503	1.2503	-1.2535	1.2535	-1.2565	1.2565	1.2669	-1.2669	-1.2709	1.2709	-1.2845	1.2845	-1.2966	1.2966	1.3006	-1.3006	1.3058	-1.3058	-1.3119	1.3119	-1.3229	1.3229	1.3385	-1.3385	1.34	-1.34	-1.34	1.34	1.3467	-1.3467	1.3546	-1.3546	1.3569	-1.3569	-1.3689	1.3689	-1.3835	1.3835	1.3964	-1.3964	-1.4258	1.4258	1.4318	-1.4318	-1.4335	1.4335	-1.4415	1.4415	1.4416	-1.4416	-1.4488	1.4488	-1.4534	1.4534	1.4615	-1.4615	1.4651	-1.4651	1.4713	-1.4713	1.4931	-1.4931	-1.4939	1.4939	1.5023	-1.5023	-1.529	1.529	1.5313	-1.5313	1.5402	-1.5402	-1.5488	1.5488	-1.5498	1.5498	-1.5531	1.5531	-1.5748	1.5748	-1.5748	1.5748	-1.584	1.584	-1.5884	1.5884	-1.5975	1.5975	1.5975	-1.5975	1.6079	-1.6079	-1.6151	1.6151	-1.6175	1.6175	-1.6206	1.6206	-1.6364	1.6364	1.6497	-1.6497	1.6521	-1.6521	-1.6544	1.6544	-1.6595	1.6595	-1.6745	1.6745	1.6801	-1.6801	-1.7001	1.7001	-1.7031	1.7031	1.7108	-1.7108	1.7122	-1.7122	-1.7197	1.7197	-1.7359	1.7359	1.739	-1.739	-1.739	1.739	1.7416	-1.7416	-1.7508	1.7508	-1.753	1.753	1.7565	-1.7565	1.7615	-1.7615	1.7739	-1.7739	1.7871	-1.7871	1.7965	-1.7965	-1.8011	1.8011	-1.8055	1.8055	1.8142	-1.8142	-1.819	1.819	-1.8233	1.8233	-1.8282	1.8282	1.8302	-1.8302	1.8506	-1.8506	-1.8553	1.8553	-1.8578	1.8578	-1.8654	1.8654	-1.8711	1.8711	-1.8738	1.8738	1.8767	-1.8767	-1.8981	1.8981	1.911	-1.911	-1.9195	1.9195	1.9203	-1.9203	1.9347	-1.9347	-1.9353	1.9353	1.9387	-1.9387	1.9418	-1.9418	1.9669	-1.9669	-1.9741	1.9741	-1.9854	1.9854	1.9934	-1.9934	-1.9954	1.9954	-1.999	1.999	-2.0027	2.0027	2.0034	-2.0034	2.012	-2.012	-2.0133	2.0133	-2.0251	2.0251	-2.0332	2.0332	-2.0446	2.0446	2.0542	-2.0542	2.0678	-2.0678	2.0746	-2.0746	-2.0856	2.0856	-2.1034	2.1034	2.1042	-2.1042	2.1123	-2.1123	-2.1261	2.1261	-2.132	2.132	
0	0.06	0.19226	-0.19226	-0.2151	0.2151	0.24478	-0.24478	0.24843	-0.24843	0.30626	-0.30626	-0.32604	0.32604	0.34761	-0.34761	0.35044	-0.35044	-0.35752	0.35752	-0.44477	0.44477	0.48369	-0.48369	-0.53061	0.53061	-0.54925	0.54925	0.58477	-0.58477	0.58555	-0.58555	-0.60643	0.60643	-0.61362	0.61362	0.65015	-0.65015	0.65634	-0.65634	0.67721	-0.67721	-0.67754	0.67754	-0.68483	0.68483	0.68627	-0.68627	-0.71346	0.71346	0.71894	-0.71894	0.73669	-0.73669	0.74377	-0.74377	-0.75254	0.75254	-0.7567	0.7567	-0.77741	0.77741	0.78105	-0.78105	-0.78715	0.78715	-0.78999	0.78999	-0.81258	0.81258	-0.83413	0.83413	0.83471	-0.83471	-0.85298	0.85298	0.85485	-0.85485	0.86071	-0.86071	-0.88055	0.88055	0.88083	-0.88083	0.91718	-0.91718	0.92713	-0.92713	-0.94088	0.94088	0.949	-0.949	-0.95512	0.95512	-0.9659	0.9659	0.96815	-0.96815	-0.97994	0.97994	-0.98489	0.98489	-0.99215	0.99215	0.9948	-0.9948	-1.0068	1.0068	1.0203	-1.0203	-1.0274	1.0274	-1.0333	1.0333	1.0339	-1.0339	1.0344	-1.0344	1.0427	-1.0427	-1.0488	1.0488	-1.0565	1.0565	-1.0603	1.0603	1.0686	-1.0686	-1.0801	1.0801	1.0875	-1.0875	-1.0936	1.0936	1.0997	-1.0997	-1.1095	1.1095	1.1194	-1.1194	-1.1239	1.1239	-1.1248	1.1248	1.1388	-1.1388	1.1656	-1.1656	1.1683	-1.1683	-1.1811	1.1811	1.1879	-1.1879	1.1985	-1.1985	1.2029	-1.2029	-1.2102	1.2102	1.2107	-1.2107	1.2181	-1.2181	1.2228	-1.2228	-1.2323	1.2323	-1.235	1.235	1.2517	-1.2517	-1.2518	1.2518	-1.2587	1.2587	-1.2619	1.2619	1.2716	-1.2716	1.2825	-1.2825	1.295	-1.295	-1.2996	1.2996	-1.3012	1.3012	1.3127	-1.3127	-1.3236	1.3236	-1.3394	1.3394	1.3401	-1.3401	-1.3402	1.3402	-1.347	1.347	-1.3554	1.3554	1.3555	-1.3555	-1.3687	1.3687	-1.3847	1.3847	-1.3935	1.3935	1.4258	-1.4258	-1.4267	1.4267	1.433	-1.433	1.4406	-1.4406	-1.4425	1.4425	-1.4482	1.4482	1.4534	-1.4534	1.4596	-1.4596	1.4648	-1.4648	1.4711	-1.4711	-1.492	1.492	-1.4951	1.4951	1.5014	-1.5014	-1.5279	1.5279	1.5311	-1.5311	1.539	-1.539	-1.5496	1.5496	-1.5502	1.5502	-1.5526	1.5526	-1.5737	1.5737	-1.5749	1.5749	-1.584	1.584	1.5864	-1.5864	-1.5934	1.5934	1.5996	-1.5996	-1.607	1.607	-1.6147	1.6147	1.6176	-1.6176	1.6202	-1.6202	1.6338	-1.6338	1.6481	-1.6481	-1.6522	1.6522	1.6529	-1.6529	1.6591	-1.6591	1.6748	-1.6748	-1.6798	1.6798	1.6989	-1.6989	1.7028	-1.7028	1.7089	-1.7089	1.7099	-1.7099	-1.7207	1.7207	-1.7342	1.7342	-1.7369	1.7369	1.7386	-1.7386	-1.7413	1.7413	-1.7513	1.7513	1.7526	-1.7526	-1.7567	1.7567	-1.7608	1.7608	-1.7737	1.7737	1.7867	-1.7867	-1.7966	1.7966	-1.7994	1.7994	1.8052	-1.8052	-1.8135	1.8135	-1.8187	1.8187	-1.821	1.821	1.8284	-1.8284	1.8292	-1.8292	-1.8504	1.8504	1.8546	-1.8546	1.8555	-1.8555	-1.8652	1.8652	1.8724	-1.8724	1.8738	-1.8738	-1.8762	1.8762	-1.8971	1.8971	1.9117	-1.9117	1.9173	-1.9173	-1.9201	1.9201	1.9344	-1.9344	1.9366	-1.9366	-1.9413	1.9413	1.9467	-1.9467	-1.9689	1.9689	1.9745	-1.9745	1.9847	-1.9847	1.9954	-1.9954	1.9964	-1.9964	1.9988	-1.9988	2.0021	-2.0021	2.0048	-2.0048	-2.0121	2.0121	-2.0134	2.0134	2.0261	-2.0261	-2.0333	2.0333	-2.047	2.047	-2.0545	2.0545	2.0686	-2.0686	2.076	-2.076	2.0868	-2.0868	-2.1028	2.1028	2.1035	-2.1035	2.1132	-2.1132	-2.1261	2.1261	2.132	-2.132	
0	0.08	-0.18849	0.18849	-0.21074	0.21074	-0.23966	0.23966	-0.24275	0.24275	-0.29967	0.29967	0.31934	-0.31934	-0.33561	0.33561	-0.33878	0.33878	-0.35134	0.35134	0.45287	-0.45287	-0.47939	0.47939	0.53239	-0.53239	-0.55366	0.55366	0.57681	-0.57681	0.57685	-0.57685	0.60328	-0.60328	0.60766	-0.60766	-0.65119	0.65119	-0.6569	0.6569	-0.67477	0.67477	-0.67797	0.67797	0.68248	-0.68248	-0.68377	0.68377	0.71471	-0.71471	-0.71917	0.71917	0.73105	-0.73105	-0.74441	0.74441	0.75119	-0.75119	0.75868	-0.75868	-0.77627	0.77627	-0.77744	0.77744	-0.7872	0.7872	-0.79158	0.79158	-0.81137	0.81137	-0.83244	0.83244	0.83575	-0.83575	0.84822	-0.84822	0.85507	-0.85507	0.8579	-0.8579	0.87989	-0.87989	0.88346	-0.88346	-0.91228	0.91228	0.92737	-0.92737	-0.94082	0.94082	-0.94883	0.94883	-0.95673	0.95673	-0.96137	0.96137	0.9637	-0.9637	-0.97991	0.97991	0.9849	-0.9849	-0.9919	0.9919	-0.9948	0.9948	-1.0064	1.0064	1.0183	-1.0183	-1.0271	1.0271	1.0329	-1.0329	1.0337	-1.0337	1.0351	-1.0351	1.0428	-1.0428	1.0472	-1.0472	1.0604	-1.0604	1.0624	-1.0624	-1.0686	1.0686	-1.0808	1.0808	1.0835	-1.0835	1.0928	-1.0928	-1.0986	1.0986	1.1102	-1.1102	1.1183	-1.1183	1.1186	-1.1186	1.1239	-1.1239	-1.1418	1.1418	1.1634	-1.1634	-1.1692	1.1692	1.1811	-1.1811	1.1878	-1.1878	-1.1968	1.1968	1.2015	-1.2015	1.2085	-1.2085	-1.2116	1.2116	1.2162	-1.2162	1.2241	-1.2241	-1.2342	1.2342	1.2372	-1.2372	1.2492	-1.2492	-1.2511	1.2511	1.2579	-1.2579	1.2617	-1.2617	-1.2724	1.2724	-1.2787	1.2787	-1.2931	1.2931	-1.294	1.294	-1.3018	1.3018	1.3134	-1.3134	1.324	-1.324	-1.3389	1.3389	-1.3404	1.3404	1.3411	-1.3411	-1.3469	1.3469	-1.3538	1.3538	1.3565	-1.3565	-1.3683	1.3683	-1.3865	1.3865	1.3909	-1.3909	1.4203	-1.4203	1.4258	-1.4258	1.4331	-1.4331	1.4399	-1.4399	1.4438	-1.4438	-1.4476	1.4476	1.4537	-1.4537	1.4576	-1.4576	1.4647	-1.4647	-1.4711	1.4711	1.4905	-1.4905	-1.4963	1.4963	-1.5002	1.5002	1.5259	-1.5259	1.5308	-1.5308	-1.5377	1.5377	-1.5501	1.5501	-1.5503	1.5503	-1.5534	1.5534	1.5725	-1.5725	-1.5743	1.5743	-1.5834	1.5834	-1.5845	1.5845	1.5896	-1.5896	1.6018	-1.6018	1.6062	-1.6062	-1.6142	1.6142	-1.6174	1.6174	1.6205	-1.6205	-1.6305	1.6305	1.6458	-1.6458	-1.6507	1.6507	1.6539	-1.6539	-1.6586	1.6586	1.675	-1.675	1.6797	-1.6797	1.6974	-1.6974	-1.6999	1.6999	1.7074	-1.7074	1.7091	-1.7091	-1.7216	1.7216	1.7322	-1.7322	1.7342	-1.7342	1.7384	-1.7384	1.7411	-1.7411	-1.7496	1.7496	1.7534	-1.7534	1.7578	-1.7578	-1.7602	1.7602	-1.7728	1.7728	-1.7863	1.7863	-1.7967	1.7967	-1.7975	1.7975	-1.805	1.805	1.812	-1.812	1.8176	-1.8176	-1.8187	1.8187	-1.8278	1.8278	1.8288	-1.8288	-1.8499	1.8499	1.8509	-1.8509	1.8555	-1.8555	-1.865	1.865	1.8735	-1.8735	1.8737	-1.8737	1.8757	-1.8757	1.8958	-1.8958	-1.9098	1.9098	-1.9161	1.9161	-1.9198	1.9198	-1.9341	1.9341	-1.9378	1.9378	1.9429	-1.9429	-1.9531	1.9531	1.9706	-1.9706	-1.9751	1.9751	-1.9841	1.9841	1.9955	-1.9955	-1.9987	1.9987	-2.0003	2.0003	-2.0017	2.0017	2.0063	-2.0063	2.0122	-2.0122	-2.0135	2.0135	-2.0269	2.0269	-2.0335	2.0335	-2.0494	2.0494	-2.055	2.055	-2.0692	2.0692	-2.0775	2.0775	2.088	-2.088	2.1012	-2.1012	-2.1037	2.1037	2.1135	-2.1135	2.1261	-2.1261	-2.1321	2.1321	
0	0.1	0.18369	-0.18369	-0.20536	0.20536	-0.23334	0.23334	0.2361	-0.2361	0.29204	-0.29204	-0.31143	0.31143	0.32298	-0.32298	0.32664	-0.32664	-0.34416	0.34416	0.46052	-0.46052	0.47373	-0.47373	-0.5344	0.5344	0.55253	-0.55253	-0.56797	0.56797	0.57187	-0.57187	0.59191	-0.59191	0.60988	-0.60988	0.65234	-0.65234	-0.65786	0.65786	0.67095	-0.67095	0.67611	-0.67611	-0.67758	0.67758	-0.6835	0.6835	0.71601	-0.71601	-0.7195	0.7195	0.7231	-0.7231	0.74259	-0.74259	-0.75114	0.75114	0.76182	-0.76182	-0.77055	0.77055	-0.77747	0.77747	-0.78727	0.78727	-0.79381	0.79381	0.81012	-0.81012	-0.83126	0.83126	0.8367	-0.8367	0.8411	-0.8411	0.85561	-0.85561	-0.85573	0.85573	0.87986	-0.87986	-0.88652	0.88652	0.90587	-0.90587	-0.92737	0.92737	-0.94074	0.94074	0.94858	-0.94858	0.95542	-0.95542	0.95794	-0.95794	0.9589	-0.9589	0.97975	-0.97975	-0.98515	0.98515	-0.99153	0.99153	-0.9948	0.9948	-1.0057	1.0057	1.0162	-1.0162	1.0267	-1.0267	1.0317	-1.0317	1.0336	-1.0336	1.0365	-1.0365	1.0429	-1.0429	-1.0455	1.0455	-1.0635	1.0635	-1.0648	1.0648	-1.0686	1.0686	1.0765	-1.0765	1.0835	-1.0835	-1.0919	1.0919	-1.0982	1.0982	1.1112	-1.1112	-1.1112	1.1112	1.1172	-1.1172	1.1239	-1.1239	1.1443	-1.1443	-1.1613	1.1613	-1.1702	1.1702	1.181	-1.181	1.1877	-1.1877	-1.1941	1.1941	-1.1993	1.1993	-1.2071	1.2071	1.2132	-1.2132	1.2139	-1.2139	1.2252	-1.2252	-1.233	1.233	1.2423	-1.2423	-1.2457	1.2457	1.2499	-1.2499	-1.2552	1.2552	1.264	-1.264	1.2729	-1.2729	-1.2734	1.2734	-1.2894	1.2894	-1.291	1.291	1.3026	-1.3026	1.3139	-1.3139	1.3241	-1.3241	-1.3374	1.3374	1.3405	-1.3405	-1.3426	1.3426	-1.3462	1.3462	1.3526	-1.3526	-1.3576	1.3576	-1.3677	1.3677	1.3886	-1.3886	-1.3887	1.3887	-1.4136	1.4136	1.4257	-1.4257	1.4333	-1.4333	-1.4393	1.4393	-1.4452	1.4452	1.4471	-1.4471	1.454	-1.454	-1.4556	1.4556	1.4645	-1.4645	-1.4713	1.4713	-1.4886	1.4886	-1.4974	1.4974	-1.4988	1.4988	-1.5232	1.5232	1.5305	-1.5305	1.5364	-1.5364	-1.5504	1.5504	-1.5508	1.5508	1.5546	-1.5546	-1.5711	1.5711	-1.5731	1.5731	-1.5819	1.5819	-1.583	1.583	1.5869	-1.5869	-1.6041	1.6041	-1.6052	1.6052	-1.6137	1.6137	-1.6173	1.6173	-1.6211	1.6211	-1.6267	1.6267	-1.6429	1.6429	-1.6497	1.6497	-1.655	1.655	1.658	-1.658	-1.6753	1.6753	1.6796	-1.6796	-1.6945	1.6945	-1.6955	1.6955	-1.7078	1.7078	-1.7083	1.7083	-1.7224	1.7224	-1.7298	1.7298	1.7305	-1.7305	1.7382	-1.7382	1.7409	-1.7409	-1.748	1.748	1.7529	-1.7529	-1.7596	1.7596	-1.7597	1.7597	1.771	-1.771	1.7859	-1.7859	1.7954	-1.7954	1.7965	-1.7965	-1.8046	1.8046	1.8089	-1.8089	-1.8159	1.8159	1.8169	-1.8169	1.8263	-1.8263	-1.8292	1.8292	-1.8459	1.8459	-1.8501	1.8501	1.8554	-1.8554	1.8647	-1.8647	1.8736	-1.8736	1.8742	-1.8742	1.875	-1.875	1.8943	-1.8943	1.9046	-1.9046	1.9168	-1.9168	-1.9194	1.9194	-1.9338	1.9338	-1.939	1.939	-1.9444	1.9444	1.9596	-1.9596	-1.9721	1.9721	-1.9758	1.9758	-1.9835	1.9835	1.9957	-1.9957	-1.9986	1.9986	2.0015	-2.0015	2.0048	-2.0048	-2.008	2.008	-2.0123	2.0123	-2.0137	2.0137	2.0273	-2.0273	-2.0339	2.0339	2.0518	-2.0518	-2.0558	2.0558	-2.0697	2.0697	2.0791	-2.0791	-2.0893	2.0893	-2.0996	2.0996	-2.1039	2.1039	2.1134	-2.1134	-2.1263	2.1263	2.1321	-2.1321	
0	0.12	-0.17787	0.17787	0.19899	-0.19899	-0.22589	0.22589	-0.22851	0.22851	-0.2834	0.2834	-0.30233	0.30233	0.30981	-0.30981	0.31406	-0.31406	-0.33596	0.33596	0.46681	-0.46681	-0.46765	0.46765	-0.53664	0.53664	-0.54342	0.54342	-0.55823	0.55823	-0.57358	0.57358	-0.57966	0.57966	0.61245	-0.61245	0.65357	-0.65357	0.6591	-0.6591	-0.66576	0.66576	-0.67142	0.67142	-0.67178	0.67178	-0.68463	0.68463	-0.71385	0.71385	-0.71735	0.71735	0.71993	-0.71993	0.73857	-0.73857	-0.75187	0.75187	-0.764	0.764	0.7652	-0.7652	0.77751	-0.77751	0.78735	-0.78735	-0.79646	0.79646	0.80868	-0.80868	-0.83062	0.83062	-0.83292	0.83292	0.83754	-0.83754	0.85395	-0.85395	-0.85591	0.85591	-0.88035	0.88035	-0.88964	0.88964	-0.89812	0.89812	0.92703	-0.92703	-0.94066	0.94066	-0.94779	0.94779	0.94842	-0.94842	0.95414	-0.95414	0.95882	-0.95882	-0.97945	0.97945	0.98555	-0.98555	-0.99107	0.99107	-0.99479	0.99479	1.0049	-1.0049	-1.014	1.014	1.0262	-1.0262	1.0302	-1.0302	-1.0336	1.0336	1.038	-1.038	1.043	-1.043	-1.0437	1.0437	1.0656	-1.0656	-1.0674	1.0674	1.0686	-1.0686	-1.0703	1.0703	-1.085	1.085	1.0908	-1.0908	1.0982	-1.0982	-1.1034	1.1034	1.1123	-1.1123	1.1154	-1.1154	-1.124	1.124	-1.1465	1.1465	1.1593	-1.1593	-1.1713	1.1713	1.1809	-1.1809	-1.1876	1.1876	1.1905	-1.1905	-1.1962	1.1962	1.2064	-1.2064	-1.2115	1.2115	-1.2144	1.2144	1.2259	-1.2259	-1.231	1.231	1.2424	-1.2424	-1.2472	1.2472	1.2487	-1.2487	-1.2531	1.2531	-1.2652	1.2652	-1.267	1.267	1.2736	-1.2736	1.2853	-1.2853	1.2887	-1.2887	-1.3035	1.3035	-1.3141	1.3141	-1.3236	1.3236	1.3354	-1.3354	-1.3403	1.3403	-1.3443	1.3443	-1.3449	1.3449	-1.3522	1.3522	1.3587	-1.3587	1.3671	-1.3671	1.3871	-1.3871	-1.3907	1.3907	-1.407	1.407	-1.4256	1.4256	1.4336	-1.4336	1.4388	-1.4388	-1.4457	1.4457	-1.4474	1.4474	-1.4538	1.4538	1.4544	-1.4544	-1.4642	1.4642	1.4714	-1.4714	1.486	-1.486	1.4972	-1.4972	1.4985	-1.4985	-1.52	1.52	-1.5301	1.5301	1.5351	-1.5351	1.5509	-1.5509	-1.551	1.551	1.5558	-1.5558	-1.5696	1.5696	1.5714	-1.5714	-1.5796	1.5796	-1.5817	1.5817	1.5854	-1.5854	1.6039	-1.6039	1.6063	-1.6063	-1.6133	1.6133	1.6172	-1.6172	-1.622	1.622	-1.6225	1.6225	-1.6399	1.6399	-1.6489	1.6489	-1.6556	1.6556	1.6578	-1.6578	1.6755	-1.6755	1.6792	-1.6792	1.6882	-1.6882	1.6931	-1.6931	-1.7075	1.7075	-1.7086	1.7086	-1.7233	1.7233	-1.7259	1.7259	-1.7272	1.7272	1.7382	-1.7382	-1.7408	1.7408	1.7467	-1.7467	1.7517	-1.7517	1.7592	-1.7592	1.7613	-1.7613	1.7684	-1.7684	1.7857	-1.7857	-1.7933	1.7933	1.7959	-1.7959	1.8035	-1.8035	-1.8054	1.8054	-1.8137	1.8137	1.8158	-1.8158	1.8245	-1.8245	-1.8296	1.8296	-1.8407	1.8407	-1.8498	1.8498	1.8552	-1.8552	1.8643	-1.8643	1.8735	-1.8735	-1.8744	1.8744	1.8747	-1.8747	-1.8929	1.8929	-1.8981	1.8981	-1.918	1.918	1.9191	-1.9191	1.9334	-1.9334	1.9402	-1.9402	1.946	-1.946	-1.966	1.966	-1.9733	1.9733	-1.9765	1.9765	1.9831	-1.9831	-1.9959	1.9959	-1.9986	1.9986	-2.0015	2.0015	2.0087	-2.0087	-2.0102	2.0102	-2.0126	2.0126	2.0138	-2.0138	-2.0274	2.0274	-2.0345	2.0345	-2.0539	2.0539	-2.0568	2.0568	-2.0699	2.0699	2.0808	-2.0808	2.0906	-2.0906	2.0978	-2.0978	-2.104	2.104	2.113	-2.113	2.1265	-2.1265	-2.1322	2.1322	
0	0.14	-0.17104	0.17104	-0.19164	0.19164	0.21733	-0.21733	0.22	-0.22	-0.27381	0.27381	-0.29205	0.29205	0.29611	-0.29611	0.30112	-0.30112	-0.32675	0.32675	-0.45868	0.45868	0.47413	-0.47413	-0.53093	0.53093	0.53909	-0.53909	-0.54785	0.54785	-0.56663	0.56663	0.57733	-0.57733	0.61508	-0.61508	0.65487	-0.65487	-0.65914	0.65914	-0.66049	0.66049	-0.66489	0.66489	-0.66552	0.66552	0.68633	-0.68633	0.70363	-0.70363	0.7187	-0.7187	-0.72044	0.72044	0.733	-0.733	-0.75128	0.75128	-0.75797	0.75797	-0.76845	0.76845	0.77754	-0.77754	-0.78742	0.78742	-0.79924	0.79924	0.80691	-0.80691	0.82395	-0.82395	-0.83048	0.83048	-0.83827	0.83827	0.853	-0.853	-0.85554	0.85554	0.88125	-0.88125	-0.88922	0.88922	0.89264	-0.89264	0.92616	-0.92616	-0.93931	0.93931	-0.94056	0.94056	-0.94737	0.94737	-0.94998	0.94998	-0.95938	0.95938	-0.97902	0.97902	0.98602	-0.98602	-0.99049	0.99049	-0.99478	0.99478	1.004	-1.004	-1.0118	1.0118	-1.0256	1.0256	-1.0286	1.0286	-1.0337	1.0337	-1.0396	1.0396	1.042	-1.042	1.0431	-1.0431	-1.0641	1.0641	1.0668	-1.0668	-1.0687	1.0687	1.07	-1.07	1.0867	-1.0867	-1.0894	1.0894	1.0949	-1.0949	-1.0983	1.0983	1.1132	-1.1132	1.1133	-1.1133	-1.124	1.124	1.1482	-1.1482	1.1574	-1.1574	1.1723	-1.1723	-1.1808	1.1808	1.1863	-1.1863	-1.1874	1.1874	1.1919	-1.1919	1.2062	-1.2062	1.2093	-1.2093	-1.2144	1.2144	-1.2261	1.2261	-1.2286	1.2286	-1.2403	1.2403	-1.2469	1.2469	-1.2499	1.2499	-1.2526	1.2526	-1.262	1.262	-1.2652	1.2652	-1.2734	1.2734	-1.2817	1.2817	1.2862	-1.2862	1.3044	-1.3044	1.314	-1.314	-1.3218	1.3218	1.3335	-1.3335	1.3397	-1.3397	-1.3436	1.3436	-1.346	1.346	1.3524	-1.3524	-1.3599	1.3599	1.3668	-1.3668	-1.3861	1.3861	-1.392	1.392	1.4011	-1.4011	1.4254	-1.4254	1.4338	-1.4338	-1.4385	1.4385	1.4448	-1.4448	-1.4486	1.4486	1.4524	-1.4524	1.4549	-1.4549	-1.4636	1.4636	-1.4717	1.4717	1.4827	-1.4827	1.4956	-1.4956	1.4991	-1.4991	1.5166	-1.5166	1.5295	-1.5295	1.5337	-1.5337	1.551	-1.551	1.5515	-1.5515	1.557	-1.557	-1.5682	1.5682	-1.5694	1.5694	-1.5772	1.5772	-1.5804	1.5804	1.5845	-1.5845	-1.6024	1.6024	-1.6083	1.6083	1.6132	-1.6132	-1.6173	1.6173	1.6182	-1.6182	-1.6231	1.6231	-1.6369	1.6369	1.6481	-1.6481	-1.6553	1.6553	1.6582	-1.6582	1.6745	-1.6745	1.6779	-1.6779	-1.6833	1.6833	1.6902	-1.6902	1.7069	-1.7069	1.7097	-1.7097	-1.7204	1.7204	-1.7239	1.7239	1.7246	-1.7246	-1.7382	1.7382	-1.7407	1.7407	1.7457	-1.7457	-1.7496	1.7496	-1.7588	1.7588	-1.7616	1.7616	1.7663	-1.7663	-1.7853	1.7853	-1.7914	1.7914	-1.7933	1.7933	-1.8005	1.8005	1.8046	-1.8046	-1.8109	1.8109	-1.8149	1.8149	-1.8227	1.8227	1.8301	-1.8301	1.8352	-1.8352	1.8494	-1.8494	-1.8546	1.8546	-1.8638	1.8638	-1.8731	1.8731	1.8739	-1.8739	-1.8748	1.8748	1.8911	-1.8911	1.8917	-1.8917	1.9188	-1.9188	-1.9193	1.9193	-1.933	1.933	1.9412	-1.9412	-1.9478	1.9478	1.972	-1.972	-1.9744	1.9744	1.9773	-1.9773	-1.9827	1.9827	1.9961	-1.9961	-1.9987	1.9987	2.0018	-2.0018	2.0106	-2.0106	-2.0121	2.0121	-2.014	2.014	2.0152	-2.0152	-2.0272	2.0272	2.0353	-2.0353	-2.0556	2.0556	-2.0583	2.0583	2.0699	-2.0699	2.0825	-2.0825	2.0916	-2.0916	-2.0959	2.0959	2.1042	-2.1042	-2.1125	2.1125	-2.1268	2.1268	-2.1323	2.1323	
0	0.16	-0.16322	0.16322	-0.18332	0.18332	0.20772	-0.20772	-0.2106	0.2106	0.26329	-0.26329	0.28052	-0.28052	-0.28191	0.28191	0.28791	-0.28791	-0.31656	0.31656	0.44943	-0.44943	-0.47964	0.47964	0.51712	-0.51712	-0.53716	0.53716	0.5417	-0.5417	-0.55291	0.55291	0.58091	-0.58091	-0.61751	0.61751	-0.651	0.651	0.65619	-0.65619	0.65669	-0.65669	-0.65939	0.65939	0.66227	-0.66227	0.68823	-0.68823	0.69262	-0.69262	0.72007	-0.72007	-0.72101	0.72101	-0.72608	0.72608	-0.74482	0.74482	-0.75682	0.75682	-0.77134	0.77134	0.77757	-0.77757	0.78747	-0.78747	0.80142	-0.80142	0.80488	-0.80488	-0.81463	0.81463	-0.83079	0.83079	0.83887	-0.83887	0.85274	-0.85274	-0.85459	0.85459	0.87897	-0.87897	0.88276	-0.88276	-0.89547	0.89547	-0.92451	0.92451	-0.92957	0.92957	-0.94045	0.94045	0.94455	-0.94455	-0.94824	0.94824	-0.95966	0.95966	-0.97848	0.97848	-0.9865	0.9865	-0.9898	0.9898	0.99476	-0.99476	1.003	-1.003	-1.0097	1.0097	-1.0248	1.0248	-1.0269	1.0269	-1.0338	1.0338	-1.0405	1.0405	1.0413	-1.0413	1.0431	-1.0431	1.0583	-1.0583	1.0669	-1.0669	1.0687	-1.0687	-1.0726	1.0726	1.0856	-1.0856	1.0879	-1.0879	1.0884	-1.0884	1.0984	-1.0984	1.1106	-1.1106	-1.1141	1.1141	1.124	-1.124	1.1497	-1.1497	1.1554	-1.1554	-1.1731	1.1731	1.1808	-1.1808	-1.1818	1.1818	1.186	-1.186	-1.1872	1.1872	-1.2063	1.2063	1.2076	-1.2076	1.2125	-1.2125	1.2239	-1.2239	-1.2288	1.2288	-1.2385	1.2385	-1.2452	1.2452	-1.2454	1.2454	1.2575	-1.2575	1.2595	-1.2595	1.2638	-1.2638	-1.2715	1.2715	-1.2796	1.2796	1.2833	-1.2833	1.3053	-1.3053	-1.3136	1.3136	-1.3183	1.3183	1.3324	-1.3324	1.338	-1.338	1.3428	-1.3428	-1.3476	1.3476	1.3529	-1.3529	1.361	-1.361	-1.3667	1.3667	-1.3857	1.3857	1.39	-1.39	1.3989	-1.3989	-1.4252	1.4252	1.4342	-1.4342	1.4381	-1.4381	-1.4435	1.4435	-1.4491	1.4491	-1.4521	1.4521	1.4555	-1.4555	-1.4624	1.4624	-1.4721	1.4721	1.479	-1.479	-1.4942	1.4942	1.4992	-1.4992	-1.5134	1.5134	1.5287	-1.5287	-1.5324	1.5324	1.5505	-1.5505	-1.5517	1.5517	1.5581	-1.5581	1.5668	-1.5668	1.5672	-1.5672	1.5755	-1.5755	1.579	-1.579	1.5837	-1.5837	1.6006	-1.6006	1.6092	-1.6092	1.6133	-1.6133	-1.6149	1.6149	-1.6174	1.6174	1.6243	-1.6243	1.634	-1.634	-1.6473	1.6473	1.6545	-1.6545	-1.6583	1.6583	-1.6689	1.6689	-1.6778	1.6778	1.6814	-1.6814	-1.6867	1.6867	1.7062	-1.7062	1.7107	-1.7107	1.7142	-1.7142	1.7217	-1.7217	-1.7247	1.7247	-1.7384	1.7384	-1.7406	1.7406	1.7451	-1.7451	1.7464	-1.7464	1.7584	-1.7584	1.7586	-1.7586	-1.7665	1.7665	-1.7844	1.7844	1.7873	-1.7873	-1.79	1.79	1.7992	-1.7992	1.8043	-1.8043	1.8076	-1.8076	1.814	-1.814	1.8208	-1.8208	-1.8297	1.8297	1.8306	-1.8306	1.8489	-1.8489	1.8536	-1.8536	-1.8632	1.8632	-1.8723	1.8723	1.8737	-1.8737	1.8747	-1.8747	1.8842	-1.8842	1.8908	-1.8908	-1.9184	1.9184	-1.9206	1.9206	-1.9326	1.9326	-1.9422	1.9422	1.9496	-1.9496	-1.9747	1.9747	-1.9776	1.9776	1.9788	-1.9788	1.9824	-1.9824	-1.9964	1.9964	1.9989	-1.9989	-2.0022	2.0022	2.0118	-2.0118	2.0128	-2.0128	2.0142	-2.0142	2.0192	-2.0192	-2.0271	2.0271	2.0363	-2.0363	2.0568	-2.0568	-2.0601	2.0601	-2.0698	2.0698	-2.0842	2.0842	-2.0923	2.0923	2.094	-2.094	-2.1044	2.1044	2.1122	-2.1122	2.1271	-2.1271	2.1324	-2.1324	
0	0.18	-0.15441	0.15441	-0.17405	0.17405	-0.19711	0.19711	0.20033	-0.20033	-0.25188	0.25188	0.26721	-0.26721	-0.26773	0.26773	0.27451	-0.27451	0.30544	-0.30544	0.43914	-0.43914	0.48344	-0.48344	-0.50247	0.50247	0.52697	-0.52697	-0.53856	0.53856	0.54443	-0.54443	-0.58347	0.58347	-0.61944	0.61944	0.64145	-0.64145	-0.6474	0.6474	-0.65404	0.65404	0.65761	-0.65761	0.66393	-0.66393	0.68079	-0.68079	-0.69033	0.69033	-0.71785	0.71785	-0.72145	0.72145	-0.72166	0.72166	-0.73521	0.73521	-0.75782	0.75782	-0.77358	0.77358	-0.77761	0.77761	-0.7875	0.7875	0.80008	-0.80008	-0.80122	0.80122	-0.80911	0.80911	-0.83147	0.83147	0.83934	-0.83934	-0.85311	0.85311	0.85313	-0.85313	-0.86815	0.86815	0.88411	-0.88411	-0.89805	0.89805	-0.91887	0.91887	-0.92193	0.92193	-0.94033	0.94033	0.94148	-0.94148	0.9476	-0.9476	0.95968	-0.95968	-0.97781	0.97781	0.98696	-0.98696	-0.98898	0.98898	-0.99473	0.99473	1.0018	-1.0018	-1.0076	1.0076	1.024	-1.024	1.025	-1.025	-1.0336	1.0336	-1.0392	1.0392	1.0429	-1.0429	-1.0431	1.0431	-1.0529	1.0529	1.0658	-1.0658	-1.0683	1.0683	-1.0752	1.0752	1.0769	-1.0769	-1.0854	1.0854	1.0901	-1.0901	1.0984	-1.0984	-1.1077	1.1077	-1.1148	1.1148	1.124	-1.124	-1.1509	1.1509	1.1533	-1.1533	1.1738	-1.1738	1.1768	-1.1768	-1.1791	1.1791	1.1808	-1.1808	-1.1868	1.1868	1.206	-1.206	-1.2068	1.2068	-1.2086	1.2086	-1.2208	1.2208	1.2295	-1.2295	1.2345	-1.2345	-1.2425	1.2425	1.2439	-1.2439	-1.2585	1.2585	1.26	-1.26	1.2632	-1.2632	-1.2677	1.2677	-1.2793	1.2793	-1.28	1.28	-1.3061	1.3061	-1.3129	1.3129	1.3135	-1.3135	-1.3322	1.3322	-1.3351	1.3351	1.3426	-1.3426	-1.3491	1.3491	1.3536	-1.3536	1.3621	-1.3621	-1.3669	1.3669	-1.3852	1.3852	1.3858	-1.3858	-1.4001	1.4001	1.4249	-1.4249	-1.4345	1.4345	-1.4377	1.4377	-1.4416	1.4416	1.4487	-1.4487	-1.4531	1.4531	-1.456	1.456	1.4601	-1.4601	-1.4724	1.4724	-1.4753	1.4753	-1.493	1.493	-1.4981	1.4981	-1.5111	1.5111	-1.5278	1.5278	-1.531	1.531	1.5496	-1.5496	1.551	-1.551	1.5589	-1.5589	1.5652	-1.5652	1.5655	-1.5655	-1.5745	1.5745	1.5775	-1.5775	1.583	-1.583	1.5988	-1.5988	-1.6066	1.6066	-1.6136	1.6136	-1.6151	1.6151	1.6176	-1.6176	-1.6255	1.6255	-1.6312	1.6312	1.6465	-1.6465	1.6534	-1.6534	1.6548	-1.6548	-1.6645	1.6645	1.6783	-1.6783	-1.68	1.68	-1.6826	1.6826	-1.7056	1.7056	1.7075	-1.7075	1.712	-1.712	1.7189	-1.7189	1.7252	-1.7252	-1.7386	1.7386	-1.7405	1.7405	-1.7416	1.7416	-1.7447	1.7447	-1.7548	1.7548	-1.7579	1.7579	1.7673	-1.7673	-1.7795	1.7795	-1.7826	1.7826	1.7894	-1.7894	1.7988	-1.7988	-1.8039	1.8039	1.8041	-1.8041	1.8125	-1.8125	1.8189	-1.8189	-1.8246	1.8246	1.8312	-1.8312	1.8482	-1.8482	-1.8517	1.8517	-1.8625	1.8625	1.871	-1.871	-1.8736	1.8736	1.8744	-1.8744	1.8783	-1.8783	-1.89	1.89	1.9181	-1.9181	-1.9219	1.9219	1.9322	-1.9322	1.9431	-1.9431	1.9515	-1.9515	-1.9755	1.9755	1.9787	-1.9787	-1.9821	1.9821	1.9841	-1.9841	1.9967	-1.9967	1.999	-1.999	2.0028	-2.0028	2.0122	-2.0122	2.014	-2.014	-2.0145	2.0145	2.0221	-2.0221	2.0278	-2.0278	2.0376	-2.0376	-2.0578	2.0578	2.0621	-2.0621	-2.0694	2.0694	2.0859	-2.0859	2.092	-2.092	2.0926	-2.0926	-2.1047	2.1047	-2.1124	2.1124	-2.1274	2.1274	-2.1325	2.1325	
0	0.2	0.14465	-0.14465	-0.16386	0.16386	-0.18554	0.18554	0.18922	-0.18922	-0.23962	0.23962	0.252	-0.252	0.25378	-0.25378	0.26085	-0.26085	-0.29343	0.29343	-0.42787	0.42787	0.48369	-0.48369	-0.48714	0.48714	0.51881	-0.51881	-0.52396	0.52396	0.54725	-0.54725	0.58421	-0.58421	0.62063	-0.62063	0.6307	-0.6307	-0.63699	0.63699	-0.65024	0.65024	0.659	-0.659	0.66565	-0.66565	-0.66834	0.66834	-0.69243	0.69243	0.70839	-0.70839	-0.72229	0.72229	0.72282	-0.72282	-0.72437	0.72437	0.75915	-0.75915	-0.77458	0.77458	-0.77766	0.77766	-0.78751	0.78751	0.79026	-0.79026	0.79775	-0.79775	-0.81069	0.81069	0.83245	-0.83245	0.83968	-0.83968	0.85115	-0.85115	-0.85404	0.85404	0.85635	-0.85635	-0.88573	0.88573	0.90005	-0.90005	0.90772	-0.90772	0.9184	-0.9184	0.93931	-0.93931	-0.94021	0.94021	0.94706	-0.94706	-0.95943	0.95943	-0.97704	0.97704	-0.98737	0.98737	-0.98805	0.98805	-0.99469	0.99469	1.0005	-1.0005	1.0056	-1.0056	1.023	-1.023	-1.0231	1.0231	-1.0331	1.0331	1.0382	-1.0382	1.0431	-1.0431	-1.0445	1.0445	1.0481	-1.0481	-1.0604	1.0604	-1.0673	1.0673	-1.0715	1.0715	1.0777	-1.0777	-1.0822	1.0822	1.0917	-1.0917	1.0984	-1.0984	1.1046	-1.1046	1.1152	-1.1152	-1.1239	1.1239	1.1511	-1.1511	-1.1519	1.1519	1.17	-1.17	1.173	-1.173	1.1741	-1.1741	1.1809	-1.1809	-1.1862	1.1862	-1.2038	1.2038	1.2052	-1.2052	-1.207	1.207	1.2172	-1.2172	1.224	-1.224	1.2346	-1.2346	-1.2421	1.2421	1.2424	-1.2424	1.2558	-1.2558	-1.2568	1.2568	-1.2645	1.2645	1.2676	-1.2676	-1.276	1.276	1.2798	-1.2798	1.3052	-1.3052	1.3098	-1.3098	1.312	-1.312	1.331	-1.331	1.3324	-1.3324	1.3427	-1.3427	1.3504	-1.3504	-1.3545	1.3545	-1.3631	1.3631	-1.3676	1.3676	1.3805	-1.3805	-1.3863	1.3863	-1.4021	1.4021	1.4246	-1.4246	-1.4349	1.4349	1.437	-1.437	1.4394	-1.4394	-1.4481	1.4481	-1.4545	1.4545	-1.4551	1.4551	1.4576	-1.4576	1.4726	-1.4726	1.4728	-1.4728	-1.4918	1.4918	1.4956	-1.4956	1.51	-1.51	-1.5267	1.5267	1.5297	-1.5297	-1.5484	1.5484	1.5488	-1.5488	1.5589	-1.5589	1.5641	-1.5641	1.5642	-1.5642	-1.5742	1.5742	-1.5762	1.5762	1.5823	-1.5823	-1.597	1.597	-1.6026	1.6026	-1.614	1.614	-1.617	1.617	-1.6178	1.6178	1.6267	-1.6267	1.6287	-1.6287	1.6457	-1.6457	1.6457	-1.6457	1.6529	-1.6529	1.6641	-1.6641	1.6772	-1.6772	1.6778	-1.6778	1.6794	-1.6794	-1.7013	1.7013	-1.7051	1.7051	1.7132	-1.7132	1.7159	-1.7159	1.7257	-1.7257	1.7348	-1.7348	-1.7392	1.7392	-1.7404	1.7404	1.7445	-1.7445	1.7512	-1.7512	1.7572	-1.7572	-1.7675	1.7675	-1.771	1.771	1.7804	-1.7804	1.7891	-1.7891	-1.7988	1.7988	1.7998	-1.7998	-1.8038	1.8038	-1.8102	1.8102	1.8175	-1.8175	-1.8202	1.8202	1.8319	-1.8319	1.8474	-1.8474	-1.8485	1.8485	-1.8617	1.8617	1.8687	-1.8687	-1.8735	1.8735	1.874	-1.874	-1.8747	1.8747	-1.8895	1.8895	-1.9178	1.9178	1.9231	-1.9231	-1.9317	1.9317	1.9439	-1.9439	-1.9535	1.9535	1.976	-1.976	-1.9794	1.9794	1.982	-1.982	1.9894	-1.9894	1.9971	-1.9971	1.9993	-1.9993	2.0035	-2.0035	-2.0123	2.0123	2.0147	-2.0147	-2.0153	2.0153	-2.0229	2.0229	2.0299	-2.0299	-2.0391	2.0391	2.0587	-2.0587	2.0641	-2.0641	-2.0688	2.0688	2.0876	-2.0876	2.09	-2.09	-2.0924	2.0924	2.105	-2.105	-2.113	2.113	2.1278	-2.1278	-2.1326	2.1326	
0	0.22	0.13394	-0.13394	-0.15276	0.15276	-0.17305	0.17305	0.1773	-0.1773	-0.22655	0.22655	0.2363	-0.2363	0.2389	-0.2389	-0.24676	0.24676	0.28055	-0.28055	0.41571	-0.41571	-0.47119	0.47119	-0.47803	0.47803	0.50718	-0.50718	-0.51706	0.51706	-0.55012	0.55012	0.5822	-0.5822	0.61883	-0.61883	0.62136	-0.62136	-0.62555	0.62555	0.64857	-0.64857	0.65507	-0.65507	-0.66041	0.66041	0.66752	-0.66752	-0.69455	0.69455	-0.69777	0.69777	-0.7124	0.7124	0.7231	-0.7231	0.72417	-0.72417	0.76055	-0.76055	-0.7732	0.7732	-0.77771	0.77771	-0.77826	0.77826	0.78751	-0.78751	-0.79496	0.79496	-0.81331	0.81331	-0.83365	0.83365	-0.83988	0.83988	-0.8437	0.8437	0.84886	-0.84886	0.85541	-0.85541	0.88744	-0.88744	0.89395	-0.89395	-0.90364	0.90364	-0.91443	0.91443	0.93793	-0.93793	-0.94007	0.94007	0.9465	-0.9465	-0.9589	0.9589	0.97616	-0.97616	0.98693	-0.98693	0.98777	-0.98777	-0.99462	0.99462	-0.99915	0.99915	-1.0036	1.0036	-1.0211	1.0211	1.0218	-1.0218	1.0323	-1.0323	1.0376	-1.0376	1.0429	-1.0429	-1.0439	1.0439	1.0461	-1.0461	1.0501	-1.0501	1.066	-1.066	1.0699	-1.0699	-1.0783	1.0783	1.08	-1.08	1.0932	-1.0932	1.0984	-1.0984	-1.1014	1.1014	-1.1152	1.1152	-1.1238	1.1238	1.1481	-1.1481	1.1527	-1.1527	1.1618	-1.1618	1.1681	-1.1681	-1.1738	1.1738	-1.1811	1.1811	-1.1851	1.1851	-1.199	1.199	1.2043	-1.2043	1.2073	-1.2073	-1.2122	1.2122	-1.2163	1.2163	1.2371	-1.2371	1.2407	-1.2407	-1.2421	1.2421	-1.2498	1.2498	1.2532	-1.2532	1.2639	-1.2639	1.2707	-1.2707	-1.2727	1.2727	1.2806	-1.2806	1.3007	-1.3007	-1.3097	1.3097	-1.3107	1.3107	-1.3259	1.3259	-1.3328	1.3328	1.3429	-1.3429	1.3515	-1.3515	1.3555	-1.3555	1.364	-1.364	-1.3685	1.3685	1.3769	-1.3769	-1.387	1.387	-1.4041	1.4041	1.4243	-1.4243	-1.4352	1.4352	-1.4355	1.4355	-1.437	1.437	1.4475	-1.4475	-1.4504	1.4504	-1.4558	1.4558	-1.458	1.458	1.471	-1.471	1.4731	-1.4731	1.4907	-1.4907	-1.4919	1.4919	1.5099	-1.5099	1.5254	-1.5254	1.5284	-1.5284	1.5446	-1.5446	-1.5471	1.5471	1.5578	-1.5578	-1.5629	1.5629	1.5642	-1.5642	1.5745	-1.5745	1.5753	-1.5753	-1.5815	1.5815	1.5953	-1.5953	-1.5987	1.5987	-1.6143	1.6143	1.618	-1.618	-1.6191	1.6191	-1.6262	1.6262	-1.628	1.628	1.6351	-1.6351	-1.6449	1.6449	1.6521	-1.6521	1.6645	-1.6645	-1.6724	1.6724	-1.673	1.673	-1.6802	1.6802	-1.6964	1.6964	-1.7045	1.7045	-1.7124	1.7124	1.7143	-1.7143	-1.7253	1.7253	-1.7277	1.7277	-1.7397	1.7397	-1.7403	1.7403	-1.7442	1.7442	-1.7476	1.7476	1.7553	-1.7553	-1.7631	1.7631	1.7662	-1.7662	-1.7786	1.7786	-1.7887	1.7887	-1.7956	1.7956	1.7987	-1.7987	-1.8036	1.8036	-1.8066	1.8066	1.8164	-1.8164	1.8168	-1.8168	-1.8326	1.8326	1.844	-1.844	-1.8464	1.8464	1.8608	-1.8608	-1.8663	1.8663	-1.873	1.873	-1.8735	1.8735	1.8735	-1.8735	-1.8892	1.8892	1.9175	-1.9175	-1.9241	1.9241	1.9314	-1.9314	-1.9445	1.9445	-1.9555	1.9555	1.9765	-1.9765	1.98	-1.98	-1.9818	1.9818	-1.9943	1.9943	1.9974	-1.9974	-1.9997	1.9997	-2.0042	2.0042	-2.0124	2.0124	2.015	-2.015	2.0165	-2.0165	2.0226	-2.0226	-2.0323	2.0323	2.0411	-2.0411	2.0596	-2.0596	-2.0661	2.0661	2.068	-2.068	-2.0878	2.0878	-2.0894	2.0894	-2.0918	2.0918	-2.1053	2.1053	-2.1142	2.1142	2.1283	-2.1283	-2.1328	2.1328	
0	0.24	-0.12231	0.12231	-0.14079	0.14079	-0.15968	0.15968	-0.1646	0.1646	-0.21268	0.21268	-0.22011	0.22011	-0.22327	0.22327	-0.23208	0.23208	0.26684	-0.26684	-0.40271	0.40271	0.45465	-0.45465	0.46709	-0.46709	-0.49113	0.49113	0.51823	-0.51823	-0.55297	0.55297	0.57685	-0.57685	0.60611	-0.60611	-0.61315	0.61315	-0.62216	0.62216	0.64118	-0.64118	-0.64889	0.64889	-0.66182	0.66182	0.66933	-0.66933	-0.68605	0.68605	-0.69666	0.69666	-0.69965	0.69965	-0.72386	0.72386	0.7255	-0.7255	-0.76196	0.76196	-0.76513	0.76513	-0.76844	0.76844	0.77775	-0.77775	0.7875	-0.7875	0.79351	-0.79351	0.81587	-0.81587	-0.83022	0.83022	0.83512	-0.83512	-0.83989	0.83989	0.84651	-0.84651	0.85707	-0.85707	-0.88106	0.88106	0.88919	-0.88919	0.90536	-0.90536	-0.91052	0.91052	0.93706	-0.93706	-0.93992	0.93992	-0.94592	0.94592	0.95808	-0.95808	0.97519	-0.97519	0.98568	-0.98568	-0.98805	0.98805	-0.9945	0.9945	-0.99768	0.99768	-1.0018	1.0018	1.019	-1.019	1.0205	-1.0205	-1.0309	1.0309	1.0373	-1.0373	-1.0382	1.0382	-1.0399	1.0399	-1.0432	1.0432	1.0476	-1.0476	-1.0642	1.0642	-1.069	1.069	-1.0737	1.0737	1.0823	-1.0823	1.0947	-1.0947	1.0981	-1.0981	1.0983	-1.0983	1.1146	-1.1146	1.1237	-1.1237	1.1428	-1.1428	-1.1534	1.1534	-1.1551	1.1551	-1.1634	1.1634	-1.1726	1.1726	-1.1812	1.1812	-1.1835	1.1835	-1.1948	1.1948	-1.2035	1.2035	-1.2039	1.2039	1.2077	-1.2077	1.2106	-1.2106	-1.2386	1.2386	-1.2394	1.2394	1.2417	-1.2417	-1.2426	1.2426	1.2495	-1.2495	-1.2646	1.2646	1.2652	-1.2652	-1.2767	1.2767	-1.2814	1.2814	-1.296	1.296	1.3084	-1.3084	1.3107	-1.3107	-1.3206	1.3206	1.3333	-1.3333	-1.3431	1.3431	-1.3524	1.3524	-1.3567	1.3567	-1.365	1.365	-1.3695	1.3695	-1.3744	1.3744	1.3875	-1.3875	-1.4061	1.4061	-1.4239	1.4239	1.4322	-1.4322	1.4338	-1.4338	-1.436	1.436	-1.4461	1.4461	-1.447	1.447	1.4569	-1.4569	-1.4588	1.4588	1.4699	-1.4699	-1.4733	1.4733	1.4878	-1.4878	-1.4897	1.4897	-1.5101	1.5101	1.5239	-1.5239	-1.5271	1.5271	-1.5385	1.5385	1.5456	-1.5456	1.5563	-1.5563	-1.5615	1.5615	1.565	-1.565	1.5749	-1.5749	1.5751	-1.5751	-1.5808	1.5808	1.5937	-1.5937	1.5951	-1.5951	1.6146	-1.6146	-1.6177	1.6177	1.6213	-1.6213	1.624	-1.624	-1.624	1.624	-1.6294	1.6294	1.6441	-1.6441	-1.6514	1.6514	1.6632	-1.6632	-1.6663	1.6663	1.668	-1.668	-1.681	1.681	1.6931	-1.6931	-1.704	1.704	-1.7076	1.7076	-1.7155	1.7155	-1.7186	1.7186	-1.7267	1.7267	-1.7402	1.7402	-1.7402	1.7402	1.7426	-1.7426	-1.7437	1.7437	1.7499	-1.7499	-1.7594	1.7594	-1.7631	1.7631	-1.7776	1.7776	1.7871	-1.7871	1.7927	-1.7927	-1.7987	1.7987	1.8016	-1.8016	-1.8035	1.8035	1.8144	-1.8144	1.8157	-1.8157	-1.8333	1.8333	-1.8389	1.8389	-1.8452	1.8452	1.8599	-1.8599	1.8646	-1.8646	1.8721	-1.8721	-1.873	1.873	1.8734	-1.8734	-1.8891	1.8891	1.9172	-1.9172	-1.9247	1.9247	1.9312	-1.9312	1.9451	-1.9451	-1.9575	1.9575	-1.9768	1.9768	-1.9807	1.9807	-1.9817	1.9817	-1.9977	1.9977	1.9983	-1.9983	-2.0008	2.0008	2.0052	-2.0052	-2.0125	2.0125	2.0153	-2.0153	2.0175	-2.0175	2.0219	-2.0219	-2.0341	2.0341	-2.0434	2.0434	-2.0604	2.0604	2.067	-2.067	2.068	-2.068	2.0857	-2.0857	2.0909	-2.0909	2.0911	-2.0911	2.1056	-2.1056	-2.1158	2.1158	-2.1287	2.1287	2.1329	-2.1329	
0	0.26	-0.10977	0.10977	-0.12796	0.12796	0.14546	-0.14546	0.15114	-0.15114	-0.19807	0.19807	0.20345	-0.20345	-0.20702	0.20702	-0.21676	0.21676	-0.25234	0.25234	0.38895	-0.38895	-0.43755	0.43755	0.4532	-0.4532	-0.47432	0.47432	0.52155	-0.52155	0.55561	-0.55561	0.5685	-0.5685	-0.59247	0.59247	0.59985	-0.59985	-0.62362	0.62362	-0.62662	0.62662	0.6505	-0.6505	-0.66322	0.66322	-0.67112	0.67112	-0.67336	0.67336	-0.68614	0.68614	-0.69872	0.69872	0.72464	-0.72464	0.72679	-0.72679	-0.7514	0.7514	0.7599	-0.7599	0.76334	-0.76334	-0.77778	0.77778	-0.78749	0.78749	-0.79328	0.79328	-0.81612	0.81612	0.81813	-0.81813	-0.8366	0.8366	-0.83953	0.83953	-0.84452	0.84452	-0.85893	0.85893	-0.86718	0.86718	-0.89094	0.89094	0.90604	-0.90604	0.90805	-0.90805	0.93649	-0.93649	0.93975	-0.93975	0.94529	-0.94529	0.95692	-0.95692	-0.97415	0.97415	-0.98423	0.98423	0.98823	-0.98823	-0.99428	0.99428	-0.99612	0.99612	-0.99997	0.99997	-1.0168	1.0168	1.0188	-1.0188	-1.0254	1.0254	1.029	-1.029	1.0366	-1.0366	-1.0374	1.0374	-1.0431	1.0431	-1.049	1.049	-1.0616	1.0616	-1.0667	1.0667	-1.0702	1.0702	1.0844	-1.0844	-1.0949	1.0949	1.0959	-1.0959	1.0981	-1.0981	-1.1128	1.1128	-1.1235	1.1235	-1.1345	1.1345	1.1515	-1.1515	-1.1539	1.1539	1.1588	-1.1588	1.1698	-1.1698	-1.1806	1.1806	1.1816	-1.1816	-1.1914	1.1914	1.1944	-1.1944	-1.2023	1.2023	1.2059	-1.2059	-1.2081	1.2081	-1.2326	1.2326	1.2375	-1.2375	1.2383	-1.2383	-1.2426	1.2426	1.2481	-1.2481	-1.2585	1.2585	-1.2658	1.2658	-1.2806	1.2806	-1.2821	1.2821	1.2922	-1.2922	1.3041	-1.3041	-1.3117	1.3117	-1.3165	1.3165	1.3337	-1.3337	-1.3434	1.3434	-1.353	1.353	-1.3579	1.3579	-1.3662	1.3662	-1.3704	1.3704	-1.3729	1.3729	-1.3875	1.3875	-1.408	1.408	-1.4233	1.4233	1.4269	-1.4269	1.4309	-1.4309	-1.4364	1.4364	1.4437	-1.4437	1.4465	-1.4465	-1.4576	1.4576	-1.4596	1.4596	-1.4692	1.4692	1.4729	-1.4729	-1.4839	1.4839	1.4886	-1.4886	1.51	-1.51	1.522	-1.522	-1.5259	1.5259	-1.531	1.531	-1.544	1.544	-1.5547	1.5547	1.5601	-1.5601	-1.566	1.566	-1.5748	1.5748	1.5757	-1.5757	-1.58	1.58	-1.5917	1.5917	1.5921	-1.5921	-1.6103	1.6103	-1.6153	1.6153	1.6193	-1.6193	1.6216	-1.6216	1.6237	-1.6237	1.6306	-1.6306	-1.6433	1.6433	1.6508	-1.6508	-1.6556	1.6556	-1.6596	1.6596	-1.6675	1.6675	1.6819	-1.6819	-1.691	1.691	-1.6998	1.6998	1.7036	-1.7036	-1.7122	1.7122	1.7165	-1.7165	1.7269	-1.7269	-1.7354	1.7354	-1.7389	1.7389	-1.7402	1.7402	-1.7413	1.7413	-1.747	1.747	1.7583	-1.7583	1.7586	-1.7586	-1.7769	1.7769	-1.7842	1.7842	1.7919	-1.7919	-1.7952	1.7952	-1.7989	1.7989	-1.8033	1.8033	1.8126	-1.8126	-1.8152	1.8152	-1.8335	1.8335	-1.8344	1.8344	1.8437	-1.8437	1.8592	-1.8592	-1.8636	1.8636	-1.8714	1.8714	-1.8725	1.8725	1.8733	-1.8733	-1.889	1.889	1.9169	-1.9169	1.9249	-1.9249	1.9315	-1.9315	-1.9454	1.9454	-1.9594	1.9594	1.9771	-1.9771	-1.9815	1.9815	1.9816	-1.9816	-1.9981	1.9981	1.9996	-1.9996	-2.0037	2.0037	2.0066	-2.0066	2.0125	-2.0125	-2.0157	2.0157	-2.0184	2.0184	2.0213	-2.0213	-2.0352	2.0352	2.0458	-2.0458	-2.0612	2.0612	-2.0659	2.0659	2.0698	-2.0698	-2.0836	2.0836	2.0905	-2.0905	2.0924	-2.0924	2.106	-2.106	2.1177	-2.1177	-2.1292	2.1292	-2.133	2.133	
0	0.28	0.096354	-0.096354	-0.1143	0.1143	0.13044	-0.13044	0.13698	-0.13698	-0.18275	0.18275	0.18633	-0.18633	-0.19022	0.19022	0.20075	-0.20075	-0.23708	0.23708	-0.37451	0.37451	0.41989	-0.41989	0.43766	-0.43766	0.45691	-0.45691	0.52561	-0.52561	0.5548	-0.5548	0.56101	-0.56101	-0.57798	0.57798	-0.58569	0.58569	0.61138	-0.61138	-0.62556	0.62556	-0.65236	0.65236	0.65995	-0.65995	0.6646	-0.6646	0.67221	-0.67221	0.67288	-0.67288	0.7007	-0.7007	-0.72543	0.72543	0.72802	-0.72802	-0.73686	0.73686	0.74856	-0.74856	0.76466	-0.76466	0.77781	-0.77781	0.78748	-0.78748	-0.79342	0.79342	0.8013	-0.8013	-0.81988	0.81988	0.83819	-0.83819	-0.8386	0.8386	0.84341	-0.84341	-0.85257	0.85257	0.8609	-0.8609	-0.89266	0.89266	0.90323	-0.90323	0.90939	-0.90939	0.93608	-0.93608	-0.93955	0.93955	-0.94463	0.94463	-0.95535	0.95535	-0.97303	0.97303	-0.98256	0.98256	0.98813	-0.98813	0.99373	-0.99373	-0.99457	0.99457	0.99827	-0.99827	-1.0117	1.0117	-1.0146	1.0146	-1.0175	1.0175	-1.0266	1.0266	1.0343	-1.0343	1.0373	-1.0373	-1.0431	1.0431	-1.0503	1.0503	1.0578	-1.0578	1.0619	-1.0619	1.0694	-1.0694	1.0864	-1.0864	1.0918	-1.0918	1.0967	-1.0967	1.0981	-1.0981	-1.1087	1.1087	1.1234	-1.1234	-1.1262	1.1262	1.1494	-1.1494	1.1542	-1.1542	1.1543	-1.1543	-1.1651	1.1651	1.177	-1.177	-1.1801	1.1801	1.1861	-1.1861	1.189	-1.189	-1.2006	1.2006	-1.2018	1.2018	1.2085	-1.2085	-1.2229	1.2229	-1.234	1.234	-1.2346	1.2346	-1.2435	1.2435	1.2492	-1.2492	-1.2519	1.2519	1.2669	-1.2669	1.2828	-1.2828	-1.2836	1.2836	-1.2898	1.2898	1.298	-1.298	-1.3128	1.3128	-1.3143	1.3143	-1.3341	1.3341	1.3436	-1.3436	-1.3535	1.3535	-1.3592	1.3592	-1.3673	1.3673	1.3711	-1.3711	1.3721	-1.3721	-1.3865	1.3865	-1.4099	1.4099	-1.4197	1.4197	-1.4239	1.4239	-1.4276	1.4276	-1.4368	1.4368	1.4427	-1.4427	-1.4459	1.4459	1.4575	-1.4575	1.4605	-1.4605	-1.4685	1.4685	1.4714	-1.4714	-1.481	1.481	-1.4876	1.4876	-1.5088	1.5088	-1.5198	1.5198	1.5235	-1.5235	1.5248	-1.5248	1.5422	-1.5422	1.5529	-1.5529	-1.5588	1.5588	1.567	-1.567	1.5749	-1.5749	1.5758	-1.5758	1.5792	-1.5792	-1.5886	1.5886	1.5905	-1.5905	-1.5988	1.5988	-1.6153	1.6153	-1.619	1.619	1.6195	-1.6195	1.6258	-1.6258	1.6316	-1.6316	-1.6423	1.6423	1.6461	-1.6461	-1.6504	1.6504	1.6524	-1.6524	-1.668	1.668	1.6827	-1.6827	1.6891	-1.6891	1.6893	-1.6893	-1.7031	1.7031	-1.7071	1.7071	-1.7174	1.7174	1.7252	-1.7252	1.7271	-1.7271	-1.7343	1.7343	1.74	-1.74	1.7419	-1.7419	-1.7467	1.7467	-1.7533	1.7533	-1.7575	1.7575	1.7754	-1.7754	-1.7822	1.7822	1.7881	-1.7881	-1.7918	1.7918	1.7989	-1.7989	-1.8032	1.8032	-1.8113	1.8113	-1.8148	1.8148	-1.8296	1.8296	1.8349	-1.8349	-1.8421	1.8421	1.8585	-1.8585	1.8629	-1.8629	1.8708	-1.8708	-1.8721	1.8721	1.8733	-1.8733	-1.8891	1.8891	-1.9166	1.9166	-1.9244	1.9244	1.9321	-1.9321	1.9456	-1.9456	-1.9611	1.9611	-1.9775	1.9775	-1.9815	1.9815	1.9822	-1.9822	1.9984	-1.9984	-2.0001	2.0001	2.0057	-2.0057	2.0095	-2.0095	2.0125	-2.0125	-2.0161	2.0161	2.0187	-2.0187	2.0209	-2.0209	-2.0359	2.0359	-2.048	2.048	-2.0619	2.0619	2.0646	-2.0646	2.0716	-2.0716	2.0815	-2.0815	2.0902	-2.0902	-2.0939	2.0939	-2.1063	2.1063	2.1198	-2.1198	-2.1297	2.1297	-2.1331	2.1331	
0	0.3	0.082076	-0.082076	-0.099865	0.099865	-0.11464	0.11464	0.12214	-0.12214	-0.16674	0.16674	-0.1688	0.1688	-0.17293	0.17293	-0.18406	0.18406	0.2211	-0.2211	-0.35944	0.35944	-0.40168	0.40168	-0.42102	0.42102	0.43893	-0.43893	-0.52988	0.52988	-0.54302	0.54302	-0.56242	0.56242	0.5628	-0.5628	-0.57071	0.57071	-0.59548	0.59548	0.62744	-0.62744	0.64479	-0.64479	-0.65246	0.65246	0.66096	-0.66096	-0.66597	0.66597	-0.67458	0.67458	-0.70254	0.70254	-0.72159	0.72159	-0.72623	0.72623	-0.72894	0.72894	0.73528	-0.73528	-0.76591	0.76591	-0.77783	0.77783	0.78582	-0.78582	-0.78748	0.78748	-0.79326	0.79326	0.82093	-0.82093	0.83726	-0.83726	0.83754	-0.83754	-0.83982	0.83982	-0.84317	0.84317	-0.86291	0.86291	-0.89432	0.89432	0.90045	-0.90045	0.91101	-0.91101	0.93577	-0.93577	0.93932	-0.93932	-0.94393	0.94393	-0.95328	0.95328	-0.97185	0.97185	-0.9806	0.9806	0.9866	-0.9866	-0.99232	0.99232	-0.99284	0.99284	-0.99663	0.99663	1.0002	-1.0002	-1.0123	1.0123	1.0152	-1.0152	-1.0237	1.0237	-1.0325	1.0325	1.0374	-1.0374	1.0431	-1.0431	-1.0511	1.0511	-1.0522	1.0522	-1.0578	1.0578	1.0692	-1.0692	-1.0882	1.0882	-1.0887	1.0887	1.0959	-1.0959	1.0982	-1.0982	1.1015	-1.1015	-1.1204	1.1204	-1.1234	1.1234	-1.1476	1.1476	1.1504	-1.1504	-1.1537	1.1537	-1.1592	1.1592	-1.1674	1.1674	-1.1788	1.1788	1.1824	-1.1824	-1.1869	1.1869	-1.1975	1.1975	1.1989	-1.1989	1.2085	-1.2085	1.2125	-1.2125	-1.2294	1.2294	1.2302	-1.2302	-1.2435	1.2435	1.2468	-1.2468	-1.2515	1.2515	-1.2675	1.2675	1.283	-1.283	-1.2838	1.2838	1.2904	-1.2904	-1.292	1.292	1.3131	-1.3131	1.314	-1.314	1.3342	-1.3342	1.3438	-1.3438	1.3539	-1.3539	1.3606	-1.3606	-1.3683	1.3683	1.3711	-1.3711	-1.3717	1.3717	-1.3841	1.3841	1.4116	-1.4116	1.4149	-1.4149	1.4234	-1.4234	1.4242	-1.4242	1.4373	-1.4373	1.4423	-1.4423	1.4451	-1.4451	-1.4561	1.4561	-1.4614	1.4614	1.4678	-1.4678	1.4689	-1.4689	1.4795	-1.4795	-1.4864	1.4864	-1.5044	1.5044	-1.517	1.517	-1.5189	1.5189	1.5235	-1.5235	-1.5399	1.5399	-1.5512	1.5512	1.5575	-1.5575	1.568	-1.568	1.5748	-1.5748	-1.5749	1.5749	-1.5784	1.5784	-1.5857	1.5857	1.5865	-1.5865	1.5901	-1.5901	1.615	-1.615	1.6174	-1.6174	1.6185	-1.6185	1.6279	-1.6279	1.6321	-1.6321	1.6376	-1.6376	-1.6399	1.6399	1.6458	-1.6458	-1.6501	1.6501	-1.6686	1.6686	-1.6772	1.6772	1.6836	-1.6836	1.6867	-1.6867	-1.7019	1.7019	-1.7029	1.7029	-1.7141	1.7141	1.7185	-1.7185	-1.7268	1.7268	1.7297	-1.7297	1.7399	-1.7399	1.7426	-1.7426	-1.7465	1.7465	1.7476	-1.7476	1.7564	-1.7564	1.7732	-1.7732	1.7809	-1.7809	1.7817	-1.7817	1.7919	-1.7919	-1.7989	1.7989	1.8031	-1.8031	1.8103	-1.8103	-1.8145	1.8145	1.8261	-1.8261	-1.8357	1.8357	-1.8403	1.8403	1.8579	-1.8579	1.8625	-1.8625	1.8702	-1.8702	-1.8717	1.8717	1.8732	-1.8732	-1.8891	1.8891	1.9164	-1.9164	-1.9236	1.9236	-1.9331	1.9331	1.9456	-1.9456	-1.9626	1.9626	1.9779	-1.9779	1.9813	-1.9813	1.9829	-1.9829	-1.9988	1.9988	2.0006	-2.0006	2.0068	-2.0068	-2.0125	2.0125	2.013	-2.013	2.0167	-2.0167	-2.0184	2.0184	2.0209	-2.0209	2.0363	-2.0363	2.0498	-2.0498	-2.0626	2.0626	2.0631	-2.0631	-2.0733	2.0733	2.0793	-2.0793	-2.0902	2.0902	2.0953	-2.0953	-2.1067	2.1067	-2.1221	2.1221	-2.1302	2.1302	-2.1332	2.1332	
0	0.32	-0.066966	0.066966	-0.084688	0.084688	-0.09809	0.09809	0.10669	-0.10669	0.1501	-0.1501	-0.15092	0.15092	-0.15521	0.15521	-0.16671	0.16671	-0.20443	0.20443	-0.34385	0.34385	0.38294	-0.38294	-0.40353	0.40353	-0.4204	0.4204	-0.52855	0.52855	0.53416	-0.53416	-0.54663	0.54663	-0.55493	0.55493	0.56521	-0.56521	-0.57893	0.57893	-0.62621	0.62621	-0.6311	0.6311	-0.64155	0.64155	-0.66114	0.66114	-0.66731	0.66731	-0.67619	0.67619	-0.70401	0.70401	-0.7056	0.7056	-0.71938	0.71938	-0.72702	0.72702	0.73082	-0.73082	0.76705	-0.76705	0.76972	-0.76972	0.77784	-0.77784	-0.78749	0.78749	-0.79232	0.79232	-0.82111	0.82111	0.82143	-0.82143	-0.83695	0.83695	0.84147	-0.84147	-0.84341	0.84341	0.86487	-0.86487	0.89592	-0.89592	-0.89803	0.89803	0.91253	-0.91253	0.93551	-0.93551	0.93899	-0.93899	-0.94319	0.94319	-0.95055	0.95055	0.9706	-0.9706	0.97736	-0.97736	-0.97842	0.97842	0.99052	-0.99052	0.99079	-0.99079	-0.99504	0.99504	0.9961	-0.9961	-1.0098	1.0098	1.0127	-1.0127	-1.0203	1.0203	1.0312	-1.0312	-1.0374	1.0374	-1.043	1.043	-1.0449	1.0449	-1.0526	1.0526	-1.0543	1.0543	-1.0691	1.0691	1.0856	-1.0856	-1.0863	1.0863	-1.0903	1.0903	-1.097	1.097	-1.1003	1.1003	-1.117	1.117	1.1233	-1.1233	1.1441	-1.1441	-1.1484	1.1484	-1.1486	1.1486	-1.1547	1.1547	-1.1566	1.1566	1.1775	-1.1775	-1.1795	1.1795	-1.1861	1.1861	-1.192	1.192	-1.1969	1.1969	-1.2009	1.2009	-1.2094	1.2094	-1.2241	1.2241	1.2253	-1.2253	1.2429	-1.2429	1.2434	-1.2434	-1.254	1.254	-1.2671	1.2671	-1.2822	1.2822	-1.2823	1.2823	1.2887	-1.2887	-1.2926	1.2926	-1.3123	1.3123	1.3151	-1.3151	-1.334	1.334	1.344	-1.344	1.3542	-1.3542	1.362	-1.362	1.3669	-1.3669	1.3711	-1.3711	-1.3715	1.3715	-1.3815	1.3815	-1.412	1.412	1.4132	-1.4132	-1.4208	1.4208	1.423	-1.423	-1.4378	1.4378	-1.4422	1.4422	1.4439	-1.4439	1.4526	-1.4526	-1.4622	1.4622	1.466	-1.466	-1.4669	1.4669	-1.4788	1.4788	1.4852	-1.4852	1.4973	-1.4973	-1.5132	1.5132	-1.5174	1.5174	1.5224	-1.5224	-1.5368	1.5368	1.5496	-1.5496	1.5562	-1.5562	1.5688	-1.5688	1.5706	-1.5706	-1.5746	1.5746	1.5777	-1.5777	1.5788	-1.5788	1.5831	-1.5831	-1.5876	1.5876	1.6134	-1.6134	-1.615	1.615	1.6176	-1.6176	1.629	-1.629	1.6299	-1.6299	1.633	-1.633	1.635	-1.635	-1.643	1.643	-1.6499	1.6499	1.6644	-1.6644	-1.6689	1.6689	1.6827	-1.6827	1.6844	-1.6844	1.6964	-1.6964	-1.7024	1.7024	1.7048	-1.7048	1.7187	-1.7187	-1.7232	1.7232	-1.7281	1.7281	1.7396	-1.7396	-1.7416	1.7416	1.7441	-1.7441	1.746	-1.746	1.7546	-1.7546	-1.771	1.771	1.7749	-1.7749	-1.7818	1.7818	-1.792	1.792	1.7988	-1.7988	-1.803	1.803	1.8094	-1.8094	-1.8142	1.8142	1.8233	-1.8233	-1.8365	1.8365	-1.8384	1.8384	-1.8574	1.8574	-1.8623	1.8623	-1.8696	1.8696	-1.8714	1.8714	-1.8732	1.8732	1.8892	-1.8892	-1.9163	1.9163	-1.9224	1.9224	1.9342	-1.9342	-1.9455	1.9455	-1.9638	1.9638	1.9783	-1.9783	-1.981	1.981	1.9836	-1.9836	-1.9991	1.9991	2.0011	-2.0011	2.0076	-2.0076	-2.0125	2.0125	-2.0157	2.0157	-2.0178	2.0178	-2.0182	2.0182	2.0212	-2.0212	2.0365	-2.0365	2.0513	-2.0513	-2.0615	2.0615	2.0632	-2.0632	-2.0749	2.0749	-2.0772	2.0772	2.0908	-2.0908	-2.0966	2.0966	2.1071	-2.1071	2.1244	-2.1244	-2.1307	2.1307	-2.1332	2.1332	
0	0.34	-0.051058	0.051058	-0.068847	0.068847	-0.080838	0.080838	0.090668	-0.090668	-0.13255	0.13255	0.1331	-0.1331	0.13715	-0.13715	-0.14871	0.14871	-0.18713	0.18713	-0.32781	0.32781	-0.36367	0.36367	-0.38529	0.38529	-0.40133	0.40133	-0.51273	0.51273	0.52983	-0.52983	-0.53792	0.53792	-0.5388	0.5388	-0.56174	0.56174	0.56795	-0.56795	-0.61234	0.61234	0.61919	-0.61919	-0.63736	0.63736	0.66405	-0.66405	-0.66861	0.66861	0.67768	-0.67768	-0.6889	0.6889	0.70017	-0.70017	-0.70797	0.70797	0.7278	-0.7278	-0.73182	0.73182	-0.75302	0.75302	-0.76807	0.76807	0.77782	-0.77782	-0.7875	0.7875	-0.79029	0.79029	0.80483	-0.80483	-0.82087	0.82087	-0.83706	0.83706	0.84312	-0.84312	-0.84395	0.84395	0.86671	-0.86671	-0.89592	0.89592	0.89742	-0.89742	-0.91394	0.91394	0.93528	-0.93528	-0.93843	0.93843	0.94241	-0.94241	-0.94692	0.94692	-0.96284	0.96284	-0.96935	0.96935	0.97572	-0.97572	0.98856	-0.98856	-0.99038	0.99038	-0.99347	0.99347	-0.99535	0.99535	-1.0071	1.0071	-1.0096	1.0096	1.0168	-1.0168	-1.0301	1.0301	-1.0374	1.0374	-1.0379	1.0379	-1.0429	1.0429	-1.0503	1.0503	-1.0539	1.0539	1.0689	-1.0689	-1.0731	1.0731	-1.0825	1.0825	-1.0915	1.0915	1.0962	-1.0962	1.1012	-1.1012	-1.1144	1.1144	-1.1233	1.1233	-1.1394	1.1394	-1.1398	1.1398	-1.1413	1.1413	1.1475	-1.1475	1.1563	-1.1563	-1.1746	1.1746	1.1777	-1.1777	-1.1829	1.1829	-1.1859	1.1859	-1.1901	1.1901	1.1954	-1.1954	1.2096	-1.2096	-1.2195	1.2195	-1.2199	1.2199	1.2413	-1.2413	-1.2418	1.2418	-1.2565	1.2565	-1.2653	1.2653	-1.2805	1.2805	-1.2816	1.2816	-1.2881	1.2881	1.2943	-1.2943	1.3118	-1.3118	-1.3162	1.3162	-1.3334	1.3334	-1.3441	1.3441	-1.3543	1.3543	1.3617	-1.3617	-1.3633	1.3633	-1.3711	1.3711	-1.3722	1.3722	1.3804	-1.3804	-1.4108	1.4108	1.4141	-1.4141	1.4178	-1.4178	-1.4228	1.4228	1.4383	-1.4383	-1.4418	1.4418	1.4421	-1.4421	1.4471	-1.4471	1.4624	-1.4624	-1.463	1.463	-1.466	1.466	1.478	-1.478	1.4839	-1.4839	1.4911	-1.4911	-1.5079	1.5079	1.5171	-1.5171	1.5214	-1.5214	1.5324	-1.5324	-1.5479	1.5479	1.5548	-1.5548	-1.5638	1.5638	-1.5695	1.5695	-1.5727	1.5727	-1.5735	1.5735	-1.5772	1.5772	-1.5811	1.5811	-1.5851	1.5851	-1.6095	1.6095	1.6118	-1.6118	-1.617	1.617	1.624	-1.624	-1.6265	1.6265	-1.6318	1.6318	-1.6356	1.6356	-1.6416	1.6416	-1.6499	1.6499	-1.6515	1.6515	1.6683	-1.6683	1.6765	-1.6765	1.6852	-1.6852	1.69	-1.69	-1.6975	1.6975	1.702	-1.702	-1.7178	1.7178	-1.7185	1.7185	-1.7282	1.7282	-1.7371	1.7371	-1.7388	1.7388	1.7446	-1.7446	-1.7447	1.7447	-1.7526	1.7526	1.769	-1.769	1.7714	-1.7714	-1.7821	1.7821	1.7922	-1.7922	-1.7988	1.7988	1.8029	-1.8029	-1.8085	1.8085	1.814	-1.814	1.8208	-1.8208	-1.8366	1.8366	-1.8373	1.8373	1.857	-1.857	1.8621	-1.8621	-1.8691	1.8691	-1.8711	1.8711	-1.8731	1.8731	-1.8892	1.8892	-1.9162	1.9162	1.921	-1.921	-1.9353	1.9353	1.9451	-1.9451	-1.9647	1.9647	-1.979	1.979	-1.9806	1.9806	-1.9843	1.9843	-1.9995	1.9995	2.0017	-2.0017	2.0085	-2.0085	-2.0124	2.0124	2.0167	-2.0167	2.0171	-2.0171	2.0211	-2.0211	-2.0213	2.0213	-2.0364	2.0364	-2.0524	2.0524	-2.0597	2.0597	-2.0637	2.0637	-2.075	2.075	2.0762	-2.0762	-2.0919	2.0919	-2.0978	2.0978	2.1076	-2.1076	2.1266	-2.1266	-2.1312	2.1312	-2.1333	2.1333	
0	0.36	-0.034401	0.034401	-0.052465	0.052465	-0.062936	0.062936	0.074182	-0.074182	0.1142	-0.1142	-0.11546	0.11546	-0.11887	0.11887	-0.1301	0.1301	-0.16926	0.16926	0.31144	-0.31144	0.34389	-0.34389	-0.36641	0.36641	-0.38173	0.38173	-0.49584	0.49584	-0.5123	0.5123	-0.52107	0.52107	0.54238	-0.54238	-0.54394	0.54394	0.57066	-0.57066	-0.5955	0.5955	-0.60264	0.60264	-0.63894	0.63894	0.66732	-0.66732	0.66984	-0.66984	-0.67153	0.67153	0.67842	-0.67842	0.68364	-0.68364	-0.7083	0.7083	0.72857	-0.72857	0.73287	-0.73287	0.73573	-0.73573	0.76895	-0.76895	-0.77773	0.77773	-0.78702	0.78702	-0.78751	0.78751	-0.78773	0.78773	-0.82036	0.82036	-0.83765	0.83765	0.84471	-0.84471	-0.84473	0.84473	0.86836	-0.86836	0.89405	-0.89405	-0.89882	0.89882	0.91521	-0.91521	-0.93506	0.93506	-0.93659	0.93659	0.94159	-0.94159	0.9417	-0.9417	0.94862	-0.94862	-0.96784	0.96784	-0.9728	0.9728	-0.98653	0.98653	-0.99035	0.99035	-0.99184	0.99184	-0.99504	0.99504	-1.0039	1.0039	1.0059	-1.0059	1.013	-1.013	1.0291	-1.0291	-1.0313	1.0313	1.0373	-1.0373	1.0427	-1.0427	1.0465	-1.0465	-1.0549	1.0549	1.0591	-1.0591	1.0688	-1.0688	-1.0793	1.0793	-1.0924	1.0924	1.0953	-1.0953	-1.102	1.102	-1.1119	1.1119	1.1233	-1.1233	-1.1251	1.1251	-1.131	1.131	1.1352	-1.1352	-1.1465	1.1465	1.1563	-1.1563	-1.1709	1.1709	1.1715	-1.1715	1.1766	-1.1766	1.1788	-1.1788	-1.1857	1.1857	1.1938	-1.1938	1.2097	-1.2097	-1.2131	1.2131	-1.2174	1.2174	1.2398	-1.2398	-1.2402	1.2402	1.2587	-1.2587	-1.2631	1.2631	-1.2787	1.2787	-1.282	1.282	-1.2885	1.2885	1.2944	-1.2944	1.3113	-1.3113	-1.3173	1.3173	1.3321	-1.3321	1.3442	-1.3442	1.3531	-1.3531	1.3568	-1.3568	1.3647	-1.3647	-1.3702	1.3702	-1.3735	1.3735	1.3805	-1.3805	1.4106	-1.4106	1.4126	-1.4126	-1.4173	1.4173	-1.4225	1.4225	1.4371	-1.4371	1.4386	-1.4386	-1.4405	1.4405	1.442	-1.442	1.4579	-1.4579	-1.463	1.463	1.4653	-1.4653	1.4773	-1.4773	-1.4824	1.4824	-1.4878	1.4878	1.5002	-1.5002	-1.517	1.517	-1.5204	1.5204	-1.5272	1.5272	1.5464	-1.5464	1.5531	-1.5531	-1.5582	1.5582	1.5645	-1.5645	-1.5698	1.5698	-1.5715	1.5715	1.5766	-1.5766	-1.58	1.58	-1.583	1.583	-1.6056	1.6056	-1.6061	1.6061	1.6162	-1.6162	1.6167	-1.6167	-1.626	1.626	1.6333	-1.6333	-1.6354	1.6354	-1.6364	1.6364	-1.644	1.644	-1.6499	1.6499	-1.663	1.663	1.672	-1.672	-1.6831	1.6831	-1.6859	1.6859	-1.692	1.692	-1.7016	1.7016	1.712	-1.712	-1.7174	1.7174	-1.7284	1.7284	-1.7334	1.7334	-1.7367	1.7367	1.743	-1.743	1.7455	-1.7455	-1.7514	1.7514	-1.7674	1.7674	-1.77	1.77	-1.7825	1.7825	-1.7924	1.7924	1.7987	-1.7987	-1.8028	1.8028	-1.8075	1.8075	1.8137	-1.8137	1.8188	-1.8188	-1.8348	1.8348	1.8382	-1.8382	-1.8567	1.8567	-1.862	1.862	1.8686	-1.8686	-1.8708	1.8708	-1.873	1.873	-1.8893	1.8893	-1.9161	1.9161	-1.9194	1.9194	1.9365	-1.9365	-1.9445	1.9445	1.9653	-1.9653	1.9797	-1.9797	-1.9801	1.9801	1.9849	-1.9849	1.9999	-1.9999	-2.0024	2.0024	2.0093	-2.0093	-2.0122	2.0122	-2.0164	2.0164	-2.0173	2.0173	-2.0213	2.0213	2.0243	-2.0243	-2.0363	2.0363	-2.0533	2.0533	2.0578	-2.0578	2.0642	-2.0642	-2.0729	2.0729	2.0774	-2.0774	2.0935	-2.0935	-2.0989	2.0989	2.108	-2.108	2.1289	-2.1289	-2.1317	2.1317	-2.1332	2.1332	
0	0.38	0.017109	-0.017109	0.035807	-0.035807	0.044476	-0.044476	0.057381	-0.057381	0.095812	-0.095812	-0.097654	0.097654	0.1006	-0.1006	0.11093	-0.11093	-0.1509	0.1509	0.29489	-0.29489	-0.32361	0.32361	-0.34694	0.34694	-0.36161	0.36161	-0.47801	0.47801	0.49407	-0.49407	0.50305	-0.50305	-0.52543	0.52543	-0.54632	0.54632	-0.5733	0.5733	-0.57777	0.57777	0.58457	-0.58457	0.64133	-0.64133	0.6535	-0.6535	-0.6628	0.6628	-0.67067	0.67067	0.67131	-0.67131	0.68088	-0.68088	-0.70944	0.70944	-0.7179	0.7179	-0.72931	0.72931	0.73388	-0.73388	0.76967	-0.76967	0.77006	-0.77006	-0.77735	0.77735	-0.78279	0.78279	-0.78753	0.78753	-0.81991	0.81991	0.83846	-0.83846	0.84566	-0.84566	0.8463	-0.8463	0.86969	-0.86969	0.89237	-0.89237	-0.90009	0.90009	0.91634	-0.91634	0.92566	-0.92566	0.93485	-0.93485	0.93593	-0.93593	-0.94073	0.94073	0.9419	-0.9419	0.96585	-0.96585	0.96988	-0.96988	-0.98446	0.98446	-0.98995	0.98995	0.9904	-0.9904	-0.99482	0.99482	0.99987	-0.99987	1.0015	-1.0015	1.009	-1.009	1.0254	-1.0254	1.0281	-1.0281	-1.0361	1.0361	1.0416	-1.0416	1.0426	-1.0426	-1.0472	1.0472	-1.0558	1.0558	-1.0687	1.0687	1.0761	-1.0761	-1.0922	1.0922	1.0948	-1.0948	1.1028	-1.1028	1.1092	-1.1092	1.1093	-1.1093	1.121	-1.121	1.1233	-1.1233	1.1306	-1.1306	-1.1448	1.1448	1.1561	-1.1561	1.1594	-1.1594	-1.1672	1.1672	1.1674	-1.1674	-1.1752	1.1752	-1.1853	1.1853	1.1917	-1.1917	-1.2069	1.2069	1.2098	-1.2098	-1.2162	1.2162	1.2384	-1.2384	1.2386	-1.2386	-1.2602	1.2602	-1.2619	1.2619	-1.277	1.277	-1.2833	1.2833	1.2893	-1.2893	-1.2916	1.2916	1.311	-1.311	1.3183	-1.3183	1.3304	-1.3304	-1.3442	1.3442	1.3489	-1.3489	1.356	-1.356	1.3658	-1.3658	-1.3685	1.3685	-1.3748	1.3748	1.381	-1.381	-1.4098	1.4098	1.4107	-1.4107	1.4184	-1.4184	1.4223	-1.4223	-1.4276	1.4276	-1.4334	1.4334	1.4395	-1.4395	-1.4418	1.4418	-1.4542	1.4542	1.4613	-1.4613	-1.4656	1.4656	-1.4769	1.4769	1.4802	-1.4802	1.4868	-1.4868	1.4902	-1.4902	-1.5168	1.5168	-1.5196	1.5196	-1.5221	1.5221	-1.5449	1.5449	-1.548	1.548	1.554	-1.554	-1.5567	1.5567	1.5681	-1.5681	-1.5702	1.5702	-1.576	1.576	1.5793	-1.5793	-1.5815	1.5815	-1.5947	1.5947	1.6041	-1.6041	1.6107	-1.6107	1.6164	-1.6164	-1.6234	1.6234	1.6261	-1.6261	1.6352	-1.6352	1.6369	-1.6369	-1.643	1.643	1.6493	-1.6493	-1.6538	1.6538	-1.6703	1.6703	1.6758	-1.6758	-1.6865	1.6865	1.6872	-1.6872	-1.7012	1.7012	1.7063	-1.7063	-1.7153	1.7153	1.7285	-1.7285	-1.7306	1.7306	-1.7342	1.7342	1.7424	-1.7424	1.7464	-1.7464	1.7511	-1.7511	-1.7659	1.7659	1.7699	-1.7699	1.7828	-1.7828	-1.7925	1.7925	1.7987	-1.7987	-1.8028	1.8028	1.8064	-1.8064	1.8135	-1.8135	-1.817	1.817	-1.8333	1.8333	1.839	-1.839	1.8564	-1.8564	-1.8619	1.8619	1.8681	-1.8681	-1.8705	1.8705	1.873	-1.873	-1.8893	1.8893	1.9161	-1.9161	-1.9176	1.9176	1.9377	-1.9377	1.9438	-1.9438	-1.9656	1.9656	1.9794	-1.9794	-1.9804	1.9804	-1.9856	1.9856	2.0002	-2.0002	2.0031	-2.0031	-2.0101	2.0101	2.0119	-2.0119	2.0158	-2.0158	2.0179	-2.0179	-2.0211	2.0211	2.0272	-2.0272	-2.0361	2.0361	2.0541	-2.0541	-2.0558	2.0558	2.0647	-2.0647	-2.0709	2.0709	-2.0784	2.0784	2.0954	-2.0954	2.1	-2.1	-2.1085	2.1085	2.131	-2.131	2.1323	-2.1323	-2.1331	2.1331	
0	0.4	-0.00022601	0.00022601	-0.019816	0.019816	-0.025751	0.025751	0.040648	-0.040648	0.077747	-0.077747	-0.080137	0.080137	0.08274	-0.08274	0.091321	-0.091321	0.13218	-0.13218	0.27835	-0.27835	0.30284	-0.30284	-0.32693	0.32693	0.34099	-0.34099	0.45934	-0.45934	-0.47516	0.47516	-0.48432	0.48432	-0.50635	0.50635	0.55004	-0.55004	0.55927	-0.55927	-0.56559	0.56559	0.5759	-0.5759	0.63483	-0.63483	0.64239	-0.64239	-0.64384	0.64384	0.67243	-0.67243	-0.67404	0.67404	0.68196	-0.68196	0.69953	-0.69953	0.71041	-0.71041	-0.73003	0.73003	-0.73482	0.73482	0.75186	-0.75186	-0.77021	0.77021	-0.77499	0.77499	0.77945	-0.77945	-0.78754	0.78754	-0.81956	0.81956	-0.83932	0.83932	0.84674	-0.84674	0.84781	-0.84781	0.87053	-0.87053	-0.89081	0.89081	0.90119	-0.90119	0.90842	-0.90842	0.91729	-0.91729	0.9294	-0.9294	0.93463	-0.93463	-0.93982	0.93982	0.94028	-0.94028	0.96265	-0.96265	0.9676	-0.9676	-0.98234	0.98234	0.98681	-0.98681	0.99047	-0.99047	0.99463	-0.99463	0.99495	-0.99495	-0.99655	0.99655	-1.0047	1.0047	-1.0203	1.0203	1.0268	-1.0268	1.0291	-1.0291	1.0387	-1.0387	-1.0392	1.0392	-1.044	1.044	1.0566	-1.0566	1.0684	-1.0684	1.0726	-1.0726	1.0901	-1.0901	1.0929	-1.0929	-1.0946	1.0946	1.1035	-1.1035	1.1066	-1.1066	-1.1107	1.1107	-1.1232	1.1232	1.1259	-1.1259	1.1404	-1.1404	-1.1476	1.1476	-1.1552	1.1552	1.1584	-1.1584	-1.1639	1.1639	-1.1727	1.1727	1.1839	-1.1839	1.1893	-1.1893	1.2024	-1.2024	1.2098	-1.2098	-1.2157	1.2157	1.2367	-1.2367	1.2376	-1.2376	1.26	-1.26	-1.2628	1.2628	1.275	-1.275	-1.285	1.285	1.2852	-1.2852	1.2902	-1.2902	1.3107	-1.3107	-1.3194	1.3194	-1.3294	1.3294	1.3443	-1.3443	1.3458	-1.3458	1.3562	-1.3562	-1.3648	1.3648	-1.3676	1.3676	-1.376	1.376	1.3816	-1.3816	1.4072	-1.4072	-1.4109	1.4109	1.4143	-1.4143	1.4199	-1.4199	1.4221	-1.4221	1.426	-1.426	1.4399	-1.4399	1.4412	-1.4412	-1.4521	1.4521	-1.4578	1.4578	-1.4663	1.4663	1.4741	-1.4741	1.477	-1.477	1.4821	-1.4821	1.4869	-1.4869	-1.5162	1.5162	-1.5176	1.5176	-1.519	1.519	-1.5352	1.5352	-1.5435	1.5435	-1.5517	1.5517	1.5541	-1.5541	1.5648	-1.5648	-1.5691	1.5691	1.5754	-1.5754	-1.5774	1.5774	1.5803	-1.5803	-1.5827	1.5827	1.6026	-1.6026	-1.6026	1.6026	1.6154	-1.6154	1.6159	-1.6159	1.6263	-1.6263	1.6364	-1.6364	1.6367	-1.6367	1.6427	-1.6427	1.6429	-1.6429	1.6511	-1.6511	-1.6673	1.6673	1.6687	-1.6687	-1.6825	1.6825	1.6874	-1.6874	1.7004	-1.7004	-1.7012	1.7012	-1.7128	1.7128	-1.7281	1.7281	1.7291	-1.7291	1.7325	-1.7325	-1.7423	1.7423	-1.7473	1.7473	1.751	-1.751	1.7647	-1.7647	-1.7706	1.7706	-1.783	1.783	-1.7927	1.7927	-1.7986	1.7986	-1.8028	1.8028	1.8051	-1.8051	1.8133	-1.8133	-1.8154	1.8154	1.8319	-1.8319	-1.8399	1.8399	1.8561	-1.8561	-1.8618	1.8618	-1.8676	1.8676	-1.8702	1.8702	-1.8729	1.8729	-1.8892	1.8892	1.9156	-1.9156	-1.9161	1.9161	-1.9389	1.9389	-1.9429	1.9429	-1.9657	1.9657	1.9784	-1.9784	-1.981	1.981	1.9862	-1.9862	-2.0007	2.0007	2.004	-2.004	-2.0109	2.0109	-2.0114	2.0114	-2.0154	2.0154	-2.0184	2.0184	2.0207	-2.0207	2.0299	-2.0299	2.036	-2.036	2.0538	-2.0538	-2.0548	2.0548	-2.0651	2.0651	2.0688	-2.0688	2.0792	-2.0792	2.0976	-2.0976	-2.1009	2.1009	-2.109	2.109	-2.1325	2.1325	-2.133	2.133	-2.1334	2.1334	
0	0.42	-0.0028911	0.0028911	0.0072124	-0.0072124	0.021268	-0.021268	0.025724	-0.025724	-0.060567	0.060567	0.064317	-0.064317	0.066132	-0.066132	0.071649	-0.071649	0.11341	-0.11341	0.2621	-0.2621	0.28161	-0.28161	-0.30643	0.30643	0.31989	-0.31989	-0.4399	0.4399	0.45559	-0.45559	-0.46491	0.46491	-0.48667	0.48667	-0.54008	0.54008	0.54587	-0.54587	-0.55359	0.55359	0.57839	-0.57839	-0.61553	0.61553	0.6209	-0.6209	0.64634	-0.64634	0.67359	-0.67359	0.6774	-0.6774	0.68066	-0.68066	0.68296	-0.68296	-0.71104	0.71104	-0.73071	0.73071	0.73315	-0.73315	0.73567	-0.73567	-0.76922	0.76922	-0.77055	0.77055	0.77872	-0.77872	-0.78754	0.78754	-0.81923	0.81923	-0.84019	0.84019	0.8479	-0.8479	-0.84922	0.84922	0.87056	-0.87056	0.88934	-0.88934	-0.88976	0.88976	-0.90217	0.90217	-0.91801	0.91801	0.92151	-0.92151	0.93439	-0.93439	-0.93887	0.93887	-0.93966	0.93966	-0.9581	0.9581	-0.96598	0.96598	0.97936	-0.97936	0.98015	-0.98015	-0.99045	0.99045	0.99104	-0.99104	-0.99129	0.99129	0.99445	-0.99445	-0.99988	0.99988	1.0158	-1.0158	-1.0191	1.0191	-1.0264	1.0264	-1.035	1.035	-1.0388	1.0388	-1.0436	1.0436	1.0574	-1.0574	1.0656	-1.0656	1.0694	-1.0694	-1.0778	1.0778	1.0863	-1.0863	1.093	-1.093	-1.0999	1.0999	-1.1033	1.1033	-1.1048	1.1048	1.1207	-1.1207	-1.1233	1.1233	1.1321	-1.1321	1.1371	-1.1371	-1.1526	1.1526	1.1542	-1.1542	-1.1615	1.1615	1.1684	-1.1684	-1.1814	1.1814	-1.1882	1.1882	1.1999	-1.1999	1.2098	-1.2098	1.2157	-1.2157	-1.2352	1.2352	1.2368	-1.2368	1.2595	-1.2595	-1.264	1.264	1.2702	-1.2702	-1.2779	1.2779	1.2866	-1.2866	-1.2912	1.2912	-1.3104	1.3104	1.3203	-1.3203	1.3297	-1.3297	-1.3439	1.3439	-1.3443	1.3443	1.3566	-1.3566	1.36	-1.36	1.3686	-1.3686	-1.3772	1.3772	1.3823	-1.3823	1.3991	-1.3991	1.4056	-1.4056	-1.411	1.411	1.4172	-1.4172	-1.4217	1.4217	-1.422	1.422	1.4395	-1.4395	1.4404	-1.4404	-1.4508	1.4508	-1.451	1.451	1.4638	-1.4638	1.4675	-1.4675	1.4774	-1.4774	-1.4793	1.4793	-1.4874	1.4874	-1.5133	1.5133	1.5154	-1.5154	-1.5184	1.5184	-1.5199	1.5199	1.5421	-1.5421	1.5502	-1.5502	-1.5528	1.5528	1.5608	-1.5608	1.5619	-1.5619	1.57	-1.57	1.5747	-1.5747	-1.5792	1.5792	-1.5793	1.5793	-1.5919	1.5919	-1.6008	1.6008	1.6117	-1.6117	-1.6149	1.6149	-1.6257	1.6257	1.6321	-1.6321	1.6369	-1.6369	1.6393	-1.6393	-1.6432	1.6432	-1.6511	1.6511	1.6615	-1.6615	-1.662	1.662	-1.6799	1.6799	-1.6881	1.6881	-1.6956	1.6956	-1.7006	1.7006	-1.7107	1.7107	-1.7266	1.7266	-1.7292	1.7292	1.7317	-1.7317	-1.7424	1.7424	-1.7481	1.7481	-1.7511	1.7511	-1.7635	1.7635	-1.7718	1.7718	-1.7832	1.7832	1.7928	-1.7928	1.7984	-1.7984	1.8029	-1.8029	1.8037	-1.8037	-1.8131	1.8131	-1.814	1.814	1.8308	-1.8308	1.8408	-1.8408	-1.8559	1.8559	-1.8618	1.8618	-1.8671	1.8671	-1.87	1.87	1.8729	-1.8729	1.8891	-1.8891	1.9136	-1.9136	-1.9161	1.9161	-1.94	1.94	1.9418	-1.9418	1.9656	-1.9656	-1.9772	1.9772	-1.9816	1.9816	1.9867	-1.9867	-2.0011	2.0011	2.005	-2.005	2.0108	-2.0108	-2.0118	2.0118	2.0151	-2.0151	-2.0189	2.0189	2.0202	-2.0202	2.0323	-2.0323	-2.0359	2.0359	2.0518	-2.0518	-2.0554	2.0554	-2.0655	2.0655	2.0669	-2.0669	-2.08	2.08	-2.1	2.1	2.1017	-2.1017	-2.1096	2.1096	-2.1328	2.1328	-2.133	2.133	-2.1354	2.1354	
0	0.44	0.0040364	-0.0040364	-0.008007	0.008007	-0.023869	0.023869	-0.036179	0.036179	0.045994	-0.045994	0.052397	-0.052397	-0.054252	0.054252	0.055401	-0.055401	-0.095298	0.095298	0.24651	-0.24651	-0.25994	0.25994	-0.28548	0.28548	-0.29832	0.29832	-0.41974	0.41974	-0.43538	0.43538	0.44484	-0.44484	0.46638	-0.46638	0.52021	-0.52021	-0.52545	0.52545	0.55695	-0.55695	-0.58079	0.58079	0.59563	-0.59563	0.5986	-0.5986	0.64876	-0.64876	0.66129	-0.66129	0.67471	-0.67471	0.68073	-0.68073	0.68375	-0.68375	-0.71113	0.71113	0.71394	-0.71394	0.73137	-0.73137	0.7364	-0.7364	-0.76244	0.76244	0.77067	-0.77067	0.77857	-0.77857	0.78751	-0.78751	0.81882	-0.81882	0.84105	-0.84105	-0.84907	0.84907	0.85045	-0.85045	0.86918	-0.86918	0.87049	-0.87049	0.8879	-0.8879	0.90275	-0.90275	0.91323	-0.91323	0.91833	-0.91833	0.93413	-0.93413	0.93787	-0.93787	-0.93925	0.93925	-0.95238	0.95238	0.96462	-0.96462	0.9668	-0.9668	0.97782	-0.97782	0.98589	-0.98589	-0.98864	0.98864	0.99061	-0.99061	-0.99413	0.99413	-0.99423	0.99423	-1.0117	1.0117	-1.0124	1.0124	1.0252	-1.0252	-1.0314	1.0314	1.0387	-1.0387	1.0434	-1.0434	-1.0534	1.0534	1.0582	-1.0582	-1.0675	1.0675	-1.0701	1.0701	-1.0803	1.0803	-1.088	1.088	-1.089	1.089	1.1016	-1.1016	-1.1052	1.1052	1.1155	-1.1155	-1.122	1.122	1.1243	-1.1243	-1.129	1.129	1.1475	-1.1475	-1.1527	1.1527	-1.1601	1.1601	1.1631	-1.1631	-1.1796	1.1796	1.1879	-1.1879	-1.1986	1.1986	1.2099	-1.2099	1.2158	-1.2158	-1.2338	1.2338	1.236	-1.236	1.2587	-1.2587	-1.2593	1.2593	-1.2651	1.2651	1.2749	-1.2749	1.2881	-1.2881	1.2925	-1.2925	-1.3102	1.3102	1.3212	-1.3212	1.3312	-1.3312	1.3426	-1.3426	1.3443	-1.3443	-1.3531	1.3531	1.357	-1.357	1.3696	-1.3696	-1.3782	1.3782	-1.3829	1.3829	-1.3839	1.3839	1.402	-1.402	1.4106	-1.4106	1.4107	-1.4107	1.4219	-1.4219	-1.4227	1.4227	-1.4323	1.4323	-1.4409	1.4409	1.4421	-1.4421	-1.4503	1.4503	-1.4574	1.4574	-1.4681	1.4681	1.4772	-1.4772	1.4779	-1.4779	-1.488	1.488	1.5028	-1.5028	1.5104	-1.5104	1.5143	-1.5143	1.5177	-1.5177	1.5405	-1.5405	-1.5458	1.5458	1.549	-1.549	1.5518	-1.5518	-1.5565	1.5565	-1.5647	1.5647	-1.5741	1.5741	1.5765	-1.5765	-1.5782	1.5782	-1.585	1.585	-1.5973	1.5973	-1.6093	1.6093	1.6133	-1.6133	-1.6231	1.6231	1.6282	-1.6282	1.6363	-1.6363	-1.6388	1.6388	1.6437	-1.6437	-1.6505	1.6505	-1.6549	1.6549	1.6564	-1.6564	1.6789	-1.6789	1.6888	-1.6888	-1.691	1.691	-1.7002	1.7002	1.7093	-1.7093	-1.7253	1.7253	-1.7294	1.7294	1.7314	-1.7314	1.7426	-1.7426	1.749	-1.749	1.7513	-1.7513	-1.7625	1.7625	-1.7732	1.7732	-1.7833	1.7833	-1.793	1.793	-1.7983	1.7983	-1.8021	1.8021	-1.8029	1.8029	-1.8127	1.8127	1.813	-1.813	1.8299	-1.8299	-1.8416	1.8416	1.8557	-1.8557	-1.8618	1.8618	-1.8666	1.8666	-1.8697	1.8697	-1.8728	1.8728	-1.8889	1.8889	1.9114	-1.9114	1.9162	-1.9162	-1.9406	1.9406	1.9411	-1.9411	1.9653	-1.9653	1.9756	-1.9756	-1.982	1.982	-1.9872	1.9872	2.0015	-2.0015	-2.0061	2.0061	-2.0102	2.0102	2.0127	-2.0127	-2.015	2.015	-2.0195	2.0195	2.0197	-2.0197	-2.0343	2.0343	2.0359	-2.0359	2.0499	-2.0499	-2.056	2.056	-2.0651	2.0651	2.0658	-2.0658	-2.0807	2.0807	-2.1024	2.1024	-2.1025	2.1025	2.1101	-2.1101	-2.1325	2.1325	2.1335	-2.1335	-2.137	2.137	
0	0.46	-0.0062501	0.0062501	0.015522	-0.015522	-0.02928	0.02928	0.033985	-0.033985	0.043383	-0.043383	0.046214	-0.046214	0.055866	-0.055866	0.064236	-0.064236	-0.080822	0.080822	-0.23211	0.23211	-0.23792	0.23792	-0.26414	0.26414	-0.27632	0.27632	0.39893	-0.39893	0.41455	-0.41455	0.42413	-0.42413	0.44552	-0.44552	0.49969	-0.49969	0.50439	-0.50439	0.56002	-0.56002	0.57511	-0.57511	-0.57575	0.57575	0.58311	-0.58311	0.64146	-0.64146	0.65109	-0.65109	0.6758	-0.6758	-0.68402	0.68402	-0.68421	0.68421	0.69425	-0.69425	-0.71045	0.71045	-0.73198	0.73198	0.73694	-0.73694	0.75562	-0.75562	-0.77054	0.77054	-0.77854	0.77854	0.78745	-0.78745	0.81824	-0.81824	0.84191	-0.84191	-0.84841	0.84841	0.85017	-0.85017	0.85365	-0.85365	-0.86549	0.86549	0.88646	-0.88646	-0.90228	0.90228	-0.90636	0.90636	0.91773	-0.91773	0.93382	-0.93382	-0.93682	0.93682	-0.93875	0.93875	-0.94557	0.94557	0.95169	-0.95169	-0.96333	0.96333	-0.9752	0.9752	-0.98109	0.98109	0.98482	-0.98482	-0.98901	0.98901	0.99058	-0.99058	0.99398	-0.99398	1.0075	-1.0075	-1.0079	1.0079	1.0237	-1.0237	-1.0273	1.0273	-1.0374	1.0374	1.0387	-1.0387	-1.0434	1.0434	1.0588	-1.0588	-1.0619	1.0619	1.0692	-1.0692	-1.0714	1.0714	-1.0788	1.0788	1.0788	-1.0788	1.1005	-1.1005	1.1058	-1.1058	1.1106	-1.1106	1.1164	-1.1164	-1.1224	1.1224	1.1241	-1.1241	1.1402	-1.1402	1.1522	-1.1522	-1.1571	1.1571	1.1608	-1.1608	1.1785	-1.1785	1.1878	-1.1878	1.1977	-1.1977	-1.2099	1.2099	-1.216	1.216	-1.2324	1.2324	-1.2349	1.2349	1.2444	-1.2444	1.2591	-1.2591	-1.2658	1.2658	1.2734	-1.2734	1.2893	-1.2893	1.2937	-1.2937	1.3099	-1.3099	-1.3221	1.3221	-1.3331	1.3331	-1.3416	1.3416	-1.3433	1.3433	-1.3443	1.3443	1.3573	-1.3573	1.3679	-1.3679	1.372	-1.372	1.3791	-1.3791	1.3833	-1.3833	-1.3941	1.3941	1.4081	-1.4081	1.4089	-1.4089	1.4179	-1.4179	-1.4217	1.4217	-1.4239	1.4239	-1.4364	1.4364	1.4413	-1.4413	1.4498	-1.4498	-1.4529	1.4529	1.4689	-1.4689	1.4744	-1.4744	1.4783	-1.4783	1.4877	-1.4877	1.4888	-1.4888	1.5067	-1.5067	1.5129	-1.5129	1.5166	-1.5166	1.5275	-1.5275	-1.5398	1.5398	1.548	-1.548	-1.5491	1.5491	1.5508	-1.5508	-1.5576	1.5576	1.5735	-1.5735	1.5736	-1.5736	-1.577	1.577	-1.5834	1.5834	1.5919	-1.5919	1.6074	-1.6074	1.6117	-1.6117	-1.6194	1.6194	1.6254	-1.6254	-1.6343	1.6343	-1.6379	1.6379	1.6445	-1.6445	1.6472	-1.6472	1.6527	-1.6527	1.653	-1.653	1.6788	-1.6788	1.687	-1.687	1.6894	-1.6894	1.6999	-1.6999	1.7084	-1.7084	-1.7243	1.7243	-1.7297	1.7297	1.7314	-1.7314	-1.7429	1.7429	-1.7498	1.7498	1.7515	-1.7515	1.7615	-1.7615	1.7747	-1.7747	1.7834	-1.7834	-1.7931	1.7931	-1.7981	1.7981	1.8004	-1.8004	1.8031	-1.8031	1.8116	-1.8116	1.8128	-1.8128	-1.8292	1.8292	-1.8425	1.8425	-1.8556	1.8556	1.8618	-1.8618	1.8661	-1.8661	-1.8695	1.8695	1.8727	-1.8727	-1.8887	1.8887	-1.909	1.909	1.9162	-1.9162	1.9393	-1.9393	1.9422	-1.9422	1.9648	-1.9648	1.9739	-1.9739	-1.9823	1.9823	-1.9876	1.9876	-2.002	2.002	2.0073	-2.0073	-2.0095	2.0095	2.0136	-2.0136	2.0149	-2.0149	2.0192	-2.0192	-2.02	2.02	2.0355	-2.0355	-2.0359	2.0359	-2.0484	2.0484	2.0566	-2.0566	-2.0633	2.0633	-2.0661	2.0661	2.0813	-2.0813	2.1031	-2.1031	2.1048	-2.1048	-2.1107	2.1107	-2.1321	2.1321	2.1339	-2.1339	2.1372	-2.1372	
0	0.48	-0.0035552	0.0035552	-0.0063623	0.0063623	-0.032099	0.032099	0.038119	-0.038119	-0.050823	0.050823	-0.058557	0.058557	-0.062594	0.062594	0.082416	-0.082416	-0.084189	0.084189	-0.21515	0.21515	-0.22023	0.22023	-0.24249	0.24249	0.25393	-0.25393	-0.37749	0.37749	0.39311	-0.39311	-0.40281	0.40281	0.42408	-0.42408	-0.47855	0.47855	-0.48272	0.48272	-0.55141	0.55141	-0.55412	0.55412	-0.56366	0.56366	-0.58533	0.58533	-0.62117	0.62117	0.65331	-0.65331	0.67411	-0.67411	0.67684	-0.67684	-0.68414	0.68414	-0.68729	0.68729	0.70863	-0.70863	-0.73255	0.73255	0.73713	-0.73713	0.74962	-0.74962	-0.7701	0.7701	-0.77853	0.77853	-0.78733	0.78733	0.81741	-0.81741	0.82904	-0.82904	-0.84277	0.84277	-0.85114	0.85114	0.85317	-0.85317	0.85862	-0.85862	-0.88496	0.88496	0.89837	-0.89837	-0.90434	0.90434	-0.9142	0.9142	0.9333	-0.9333	0.9357	-0.9357	0.93574	-0.93574	0.93765	-0.93765	0.94	-0.94	-0.96203	0.96203	-0.97203	0.97203	-0.97652	0.97652	-0.97722	0.97722	-0.98699	0.98699	-0.99031	0.99031	0.99363	-0.99363	-1.0016	1.0016	-1.0045	1.0045	1.0186	-1.0186	-1.0217	1.0217	-1.027	1.027	-1.0387	1.0387	1.0433	-1.0433	1.0532	-1.0532	-1.0595	1.0595	1.0597	-1.0597	1.0681	-1.0681	-1.069	1.069	1.0709	-1.0709	-1.0995	1.0995	-1.106	1.106	1.1064	-1.1064	-1.113	1.113	1.1185	-1.1185	1.1237	-1.1237	-1.1319	1.1319	1.1521	-1.1521	1.153	-1.153	-1.1605	1.1605	-1.1777	1.1777	1.1877	-1.1877	-1.197	1.197	1.2099	-1.2099	-1.2162	1.2162	1.227	-1.227	1.2312	-1.2312	1.2358	-1.2358	-1.259	1.259	-1.2663	1.2663	1.2722	-1.2722	1.2903	-1.2903	-1.2947	1.2947	1.3098	-1.3098	1.3229	-1.3229	-1.3301	1.3301	1.3352	-1.3352	1.3407	-1.3407	-1.3443	1.3443	-1.3561	1.3561	-1.3574	1.3574	-1.3722	1.3722	-1.3793	1.3793	1.3832	-1.3832	1.3835	-1.3835	1.3979	-1.3979	-1.4079	1.4079	-1.4108	1.4108	1.4215	-1.4215	-1.4251	1.4251	1.4283	-1.4283	-1.4418	1.4418	-1.449	1.449	-1.4493	1.4493	1.4666	-1.4666	-1.4698	1.4698	-1.4781	1.4781	-1.4785	1.4785	1.4894	-1.4894	-1.5034	1.5034	-1.5069	1.5069	-1.5123	1.5123	-1.5158	1.5158	1.5362	-1.5362	-1.5399	1.5399	1.5471	-1.5471	1.5498	-1.5498	1.5527	-1.5527	-1.5716	1.5716	-1.5729	1.5729	-1.5751	1.5751	1.5833	-1.5833	-1.586	1.586	-1.6056	1.6056	1.61	-1.61	1.6131	-1.6131	-1.6232	1.6232	1.6308	-1.6308	-1.6372	1.6372	1.6452	-1.6452	-1.6454	1.6454	-1.651	1.651	-1.6532	1.6532	-1.6789	1.6789	-1.6835	1.6835	-1.69	1.69	1.6996	-1.6996	-1.7078	1.7078	1.7235	-1.7235	-1.73	1.73	1.7314	-1.7314	1.7432	-1.7432	-1.7506	1.7506	-1.7517	1.7517	1.7605	-1.7605	-1.7764	1.7764	-1.7834	1.7834	-1.7933	1.7933	1.798	-1.798	1.7987	-1.7987	1.8032	-1.8032	-1.8106	1.8106	1.8127	-1.8127	-1.8287	1.8287	1.8433	-1.8433	-1.8554	1.8554	-1.8618	1.8618	-1.8656	1.8656	-1.8692	1.8692	1.8727	-1.8727	-1.8883	1.8883	-1.9066	1.9066	-1.9161	1.9161	1.938	-1.938	-1.9432	1.9432	1.9643	-1.9643	-1.9718	1.9718	1.9823	-1.9823	-1.9881	1.9881	-2.0024	2.0024	-2.0086	2.0086	-2.0088	2.0088	-2.0146	2.0146	2.0148	-2.0148	2.0188	-2.0188	2.0204	-2.0204	-2.0359	2.0359	2.036	-2.036	2.0477	-2.0477	2.0571	-2.0571	-2.0616	2.0616	2.0664	-2.0664	-2.0819	2.0819	-2.1036	2.1036	2.1071	-2.1071	-2.1114	2.1114	-2.1316	2.1316	-2.1343	2.1343	-2.1375	2.1375	
0	0.5	-0.010041	0.010041	0.019774	-0.019774	0.030045	-0.030045	0.054844	-0.054844	0.065176	-0.065176	-0.06538	0.06538	0.08445	-0.08445	0.099123	-0.099123	-0.10562	0.10562	-0.19257	0.19257	-0.21119	0.21119	-0.22064	0.22064	-0.23124	0.23124	0.35549	-0.35549	-0.3711	0.3711	0.38088	-0.38088	-0.40209	0.40209	-0.45679	0.45679	0.46049	-0.46049	0.52738	-0.52738	-0.53253	0.53253	-0.56633	0.56633	-0.58746	0.58746	0.60046	-0.60046	0.65352	-0.65352	0.65542	-0.65542	0.67782	-0.67782	-0.68307	0.68307	-0.69051	0.69051	-0.70551	0.70551	-0.73308	0.73308	0.73665	-0.73665	-0.74546	0.74546	0.76929	-0.76929	-0.77854	0.77854	-0.78713	0.78713	0.80783	-0.80783	-0.81627	0.81627	0.84363	-0.84363	-0.84698	0.84698	0.85186	-0.85186	-0.85509	0.85509	-0.88323	0.88323	-0.8945	0.8945	-0.9031	0.9031	-0.90351	0.90351	0.92705	-0.92705	0.92945	-0.92945	-0.93302	0.93302	-0.93479	0.93479	-0.93911	0.93911	0.96066	-0.96066	0.96583	-0.96583	-0.96836	0.96836	-0.97415	0.97415	-0.98563	0.98563	0.98649	-0.98649	-0.99263	0.99263	0.9939	-0.9939	1.0012	-1.0012	-1.0091	1.0091	1.0184	-1.0184	-1.0225	1.0225	-1.0385	1.0385	-1.0422	1.0422	1.0432	-1.0432	-1.0469	1.0469	-1.058	1.058	-1.0601	1.0601	-1.0658	1.0658	-1.0689	1.0689	1.0982	-1.0982	1.1019	-1.1019	1.1068	-1.1068	-1.1112	1.1112	-1.1154	1.1154	1.1234	-1.1234	-1.1236	1.1236	1.1493	-1.1493	-1.152	1.152	-1.1605	1.1605	-1.177	1.177	1.1877	-1.1877	-1.1965	1.1965	-1.2089	1.2089	1.2117	-1.2117	1.217	-1.217	1.2299	-1.2299	1.2348	-1.2348	1.2587	-1.2587	1.2665	-1.2665	1.2712	-1.2712	-1.291	1.291	1.2945	-1.2945	-1.3095	1.3095	-1.3146	1.3146	1.3237	-1.3237	-1.3361	1.3361	-1.3405	1.3405	-1.3442	1.3442	-1.3458	1.3458	1.3567	-1.3567	-1.3716	1.3716	1.3733	-1.3733	1.374	-1.374	-1.3821	1.3821	-1.3878	1.3878	1.4079	-1.4079	-1.4085	1.4085	-1.4156	1.4156	1.4221	-1.4221	-1.4262	1.4262	1.4421	-1.4421	-1.4432	1.4432	-1.4486	1.4486	-1.4573	1.4573	-1.4705	1.4705	-1.475	1.475	-1.4758	1.4758	-1.4893	1.4893	-1.4919	1.4919	1.5004	-1.5004	-1.5071	1.5071	-1.5141	1.5141	-1.5258	1.5258	-1.5382	1.5382	-1.5459	1.5459	-1.5486	1.5486	-1.5489	1.5489	1.5699	-1.5699	-1.5711	1.5711	1.5729	-1.5729	-1.5815	1.5815	-1.5836	1.5836	-1.6022	1.6022	1.6039	-1.6039	-1.6105	1.6105	1.6225	-1.6225	1.6267	-1.6267	1.6373	-1.6373	-1.6452	1.6452	-1.6458	1.6458	1.6508	-1.6508	-1.6535	1.6535	1.6792	-1.6792	-1.6805	1.6805	-1.6906	1.6906	-1.6993	1.6993	1.7076	-1.7076	1.7228	-1.7228	1.7303	-1.7303	1.7316	-1.7316	1.7435	-1.7435	-1.7513	1.7513	-1.7519	1.7519	1.7596	-1.7596	-1.778	1.778	-1.7833	1.7833	-1.7934	1.7934	-1.7969	1.7969	-1.7978	1.7978	1.8034	-1.8034	-1.8097	1.8097	-1.8127	1.8127	1.8283	-1.8283	1.8442	-1.8442	-1.8552	1.8552	-1.8617	1.8617	-1.8652	1.8652	1.869	-1.869	-1.8726	1.8726	1.888	-1.888	-1.9041	1.9041	1.9159	-1.9159	-1.9367	1.9367	1.9442	-1.9442	-1.9635	1.9635	1.9695	-1.9695	1.9823	-1.9823	-1.9885	1.9885	-2.0028	2.0028	2.0081	-2.0081	-2.0098	2.0098	-2.0148	2.0148	-2.0155	2.0155	2.0184	-2.0184	-2.0208	2.0208	2.0353	-2.0353	-2.0362	2.0362	-2.0477	2.0477	-2.0577	2.0577	2.0601	-2.0601	2.0666	-2.0666	2.0824	-2.0824	2.104	-2.104	-2.1091	2.1091	-2.1122	2.1122	2.1311	-2.1311	-2.1347	2.1347	-2.1379	2.1379	
0	0.52	-0.0035034	0.0035034	-0.032725	0.032725	0.046166	-0.046166	0.073123	-0.073123	-0.080198	0.080198	-0.084926	0.084926	-0.10722	0.10722	0.11964	-0.11964	0.1278	-0.1278	-0.16993	0.16993	0.19878	-0.19878	0.2069	-0.2069	0.20845	-0.20845	-0.33296	0.33296	0.34852	-0.34852	0.35838	-0.35838	-0.37956	0.37956	-0.43444	0.43444	0.43773	-0.43773	0.50264	-0.50264	0.51042	-0.51042	-0.56903	0.56903	-0.57933	0.57933	0.5895	-0.5895	-0.63252	0.63252	0.6574	-0.6574	0.6786	-0.6786	0.6802	-0.6802	0.69372	-0.69372	-0.70168	0.70168	-0.73355	0.73355	-0.73547	0.73547	-0.74357	0.74357	0.76798	-0.76798	-0.77856	0.77856	0.78598	-0.78598	-0.78682	0.78682	-0.81476	0.81476	0.83382	-0.83382	0.84445	-0.84445	0.85207	-0.85207	0.85586	-0.85586	0.87958	-0.87958	0.88762	-0.88762	-0.89099	0.89099	-0.90177	0.90177	0.91762	-0.91762	-0.92721	0.92721	-0.93197	0.93197	0.93398	-0.93398	-0.93879	0.93879	-0.9531	0.9531	0.95906	-0.95906	-0.96438	0.96438	0.96915	-0.96915	0.97368	-0.97368	-0.98424	0.98424	-0.99163	0.99163	0.99269	-0.99269	-0.99675	0.99675	-1.0031	1.0031	1.0127	-1.0127	-1.0176	1.0176	1.0318	-1.0318	-1.0348	1.0348	-1.0397	1.0397	-1.0432	1.0432	1.0491	-1.0491	1.0606	-1.0606	1.0621	-1.0621	-1.0688	1.0688	-1.0956	1.0956	1.0984	-1.0984	1.1073	-1.1073	-1.11	1.11	1.1135	-1.1135	1.115	-1.115	1.1236	-1.1236	-1.1457	1.1457	-1.1521	1.1521	1.1606	-1.1606	-1.1763	1.1763	1.1876	-1.1876	1.194	-1.194	-1.1959	1.1959	-1.2103	1.2103	1.2171	-1.2171	1.2286	-1.2286	-1.2342	1.2342	-1.2582	1.2582	-1.2664	1.2664	-1.2702	1.2702	-1.2871	1.2871	-1.2921	1.2921	1.3023	-1.3023	-1.3095	1.3095	-1.3243	1.3243	1.3331	-1.3331	-1.3372	1.3372	1.342	-1.342	1.3443	-1.3443	-1.3519	1.3519	-1.3595	1.3595	-1.3637	1.3637	1.374	-1.374	1.3815	-1.3815	-1.3862	1.3862	-1.4003	1.4003	1.4037	-1.4037	1.4093	-1.4093	1.4217	-1.4217	-1.4271	1.4271	1.4338	-1.4338	-1.4423	1.4423	1.4471	-1.4471	1.4533	-1.4533	-1.4616	1.4616	1.4712	-1.4712	1.4744	-1.4744	1.4848	-1.4848	1.4888	-1.4888	-1.4976	1.4976	-1.4992	1.4992	1.5128	-1.5128	-1.5191	1.5191	1.5373	-1.5373	1.5441	-1.5441	-1.5455	1.5455	1.5472	-1.5472	-1.5666	1.5666	1.5684	-1.5684	-1.5721	1.5721	-1.5785	1.5785	1.584	-1.584	-1.5926	1.5926	1.6023	-1.6023	1.6099	-1.6099	-1.6224	1.6224	-1.6227	1.6227	-1.6379	1.6379	-1.6455	1.6455	1.6463	-1.6463	1.6513	-1.6513	-1.6539	1.6539	-1.6779	1.6779	-1.6795	1.6795	-1.6912	1.6912	-1.699	1.699	1.7075	-1.7075	-1.7223	1.7223	-1.7306	1.7306	-1.7317	1.7317	-1.7438	1.7438	-1.752	1.752	-1.7522	1.7522	-1.7587	1.7587	1.7797	-1.7797	-1.7832	1.7832	1.7934	-1.7934	-1.7953	1.7953	-1.7976	1.7976	1.8036	-1.8036	-1.809	1.809	1.8126	-1.8126	1.8282	-1.8282	-1.845	1.845	1.8551	-1.8551	-1.8617	1.8617	1.8647	-1.8647	1.8687	-1.8687	1.8725	-1.8725	1.8875	-1.8875	1.9014	-1.9014	-1.9157	1.9157	1.9355	-1.9355	1.9451	-1.9451	1.9627	-1.9627	-1.967	1.967	-1.9821	1.9821	1.9888	-1.9888	-2.0032	2.0032	-2.0074	2.0074	-2.0111	2.0111	-2.0148	2.0148	2.0166	-2.0166	2.0182	-2.0182	-2.021	2.021	-2.034	2.034	2.0363	-2.0363	2.0483	-2.0483	2.0582	-2.0582	-2.0587	2.0587	-2.0668	2.0668	-2.083	2.083	2.1043	-2.1043	-2.1108	2.1108	-2.1134	2.1134	2.1306	-2.1306	-2.135	2.135	-2.1383	2.1383	
0	0.54	-0.0040973	0.0040973	0.046779	-0.046779	0.068529	-0.068529	0.092369	-0.092369	0.09801	-0.09801	0.10658	-0.10658	0.13064	-0.13064	-0.14151	0.14151	0.14585	-0.14585	0.15291	-0.15291	-0.17727	0.17727	-0.1863	0.1863	0.20835	-0.20835	-0.30997	0.30997	0.3254	-0.3254	0.33534	-0.33534	-0.35651	0.35651	0.41151	-0.41151	0.41449	-0.41449	0.47742	-0.47742	-0.48781	0.48781	0.55782	-0.55782	0.5716	-0.5716	0.59143	-0.59143	-0.61111	0.61111	-0.65926	0.65926	0.67366	-0.67366	-0.67981	0.67981	0.6969	-0.6969	-0.69853	0.69853	-0.73396	0.73396	-0.73427	0.73427	-0.74311	0.74311	-0.76358	0.76358	0.76594	-0.76594	-0.77857	0.77857	-0.78634	0.78634	-0.81282	0.81282	0.81893	-0.81893	-0.84499	0.84499	0.85035	-0.85035	0.85666	-0.85666	0.86549	-0.86549	-0.88184	0.88184	-0.88579	0.88579	-0.89796	0.89796	-0.90971	0.90971	0.92635	-0.92635	0.93053	-0.93053	0.93323	-0.93323	-0.93849	0.93849	0.93859	-0.93859	-0.9522	0.9522	-0.95798	0.95798	0.96032	-0.96032	-0.97017	0.97017	-0.98156	0.98156	0.989	-0.989	-0.99018	0.99018	0.99149	-0.99149	-0.99715	0.99715	1.0064	-1.0064	1.0119	-1.0119	-1.0249	1.0249	-1.029	1.029	-1.0393	1.0393	1.0408	-1.0408	1.0437	-1.0437	-1.0587	1.0587	-1.0612	1.0612	-1.0688	1.0688	1.0907	-1.0907	-1.0965	1.0965	-1.107	1.107	1.1078	-1.1078	1.1088	-1.1088	-1.1128	1.1128	1.1237	-1.1237	-1.1422	1.1422	1.1521	-1.1521	-1.1607	1.1607	1.1756	-1.1756	1.1777	-1.1777	-1.1875	1.1875	-1.1954	1.1954	1.2103	-1.2103	-1.2174	1.2174	1.2272	-1.2272	1.2337	-1.2337	1.2572	-1.2572	1.266	-1.266	-1.2694	1.2694	-1.2703	1.2703	-1.2923	1.2923	1.2979	-1.2979	1.3094	-1.3094	1.321	-1.321	1.3257	-1.3257	1.3302	-1.3302	1.3435	-1.3435	-1.3443	1.3443	1.3449	-1.3449	-1.3472	1.3472	1.3609	-1.3609	-1.3749	1.3749	-1.3775	1.3775	-1.3839	1.3839	-1.3875	1.3875	-1.3958	1.3958	-1.4102	1.4102	1.4213	-1.4213	-1.4261	1.4261	1.427	-1.427	1.4379	-1.4379	1.4431	-1.4431	-1.4482	1.4482	1.4517	-1.4517	-1.4718	1.4718	1.4734	-1.4734	-1.4805	1.4805	1.4844	-1.4844	-1.495	1.495	1.4953	-1.4953	-1.5116	1.5116	-1.5155	1.5155	1.5365	-1.5365	1.5404	-1.5404	-1.5423	1.5423	1.5461	-1.5461	1.5618	-1.5618	1.5669	-1.5669	-1.5715	1.5715	-1.5754	1.5754	-1.5844	1.5844	-1.5854	1.5854	-1.6007	1.6007	-1.6096	1.6096	-1.6189	1.6189	1.6226	-1.6226	-1.6386	1.6386	-1.646	1.646	-1.6468	1.6468	-1.6522	1.6522	-1.6542	1.6542	-1.6758	1.6758	-1.6799	1.6799	-1.6918	1.6918	-1.6987	1.6987	1.7075	-1.7075	-1.7218	1.7218	1.731	-1.731	-1.7319	1.7319	-1.744	1.744	1.7526	-1.7526	1.7526	-1.7526	1.7578	-1.7578	-1.7813	1.7813	1.783	-1.783	-1.7927	1.7927	-1.7944	1.7944	1.7975	-1.7975	1.8039	-1.8039	1.8083	-1.8083	-1.8126	1.8126	1.8281	-1.8281	-1.8458	1.8458	1.8549	-1.8549	1.8617	-1.8617	1.8643	-1.8643	-1.8685	1.8685	1.8725	-1.8725	-1.887	1.887	1.8987	-1.8987	-1.9152	1.9152	-1.9344	1.9344	1.9459	-1.9459	-1.9617	1.9617	-1.9643	1.9643	-1.9819	1.9819	-1.9891	1.9891	2.0036	-2.0036	2.0068	-2.0068	-2.0122	2.0122	-2.0148	2.0148	2.0177	-2.0177	-2.0181	2.0181	-2.0211	2.0211	2.0324	-2.0324	2.0365	-2.0365	-2.0491	2.0491	-2.0575	2.0575	2.0587	-2.0587	2.067	-2.067	2.0835	-2.0835	2.1045	-2.1045	2.1118	-2.1118	2.115	-2.115	-2.1301	2.1301	-2.1354	2.1354	-2.1389	2.1389	
0	0.56	-0.0039781	0.0039781	-0.063821	0.063821	-0.091716	0.091716	-0.10612	0.10612	-0.11351	0.11351	-0.12935	0.12935	-0.13301	0.13301	-0.15439	0.15439	-0.15619	0.15619	-0.16152	0.16152	-0.17124	0.17124	-0.17484	0.17484	-0.21567	0.21567	-0.28662	0.28662	-0.30176	0.30176	-0.31176	0.31176	-0.33296	0.33296	-0.388	0.388	-0.39081	0.39081	-0.45176	0.45176	-0.46473	0.46473	-0.53593	0.53593	0.57403	-0.57403	0.58932	-0.58932	-0.59328	0.59328	-0.66098	0.66098	-0.66409	0.66409	-0.68065	0.68065	-0.69669	0.69669	-0.70006	0.70006	-0.7335	0.7335	-0.73425	0.73425	-0.74067	0.74067	-0.74319	0.74319	-0.76272	0.76272	-0.77858	0.77858	-0.78555	0.78555	-0.80352	0.80352	-0.81035	0.81035	0.83639	-0.83639	0.84686	-0.84686	-0.85702	0.85702	-0.85725	0.85725	0.877	-0.877	0.8795	-0.8795	0.89059	-0.89059	0.90489	-0.90489	0.92111	-0.92111	0.92621	-0.92621	0.92898	-0.92898	0.93283	-0.93283	-0.93571	0.93571	0.93935	-0.93935	0.95473	-0.95473	-0.95598	0.95598	-0.96784	0.96784	-0.97079	0.97079	0.98217	-0.98217	0.98435	-0.98435	-0.99148	0.99148	0.99436	-0.99436	1.0027	-1.0027	1.0078	-1.0078	-1.0208	1.0208	1.0254	-1.0254	1.0345	-1.0345	1.0394	-1.0394	1.0434	-1.0434	-1.0558	1.0558	1.0616	-1.0616	-1.0687	1.0687	-1.0842	1.0842	-1.095	1.095	-1.0992	1.0992	-1.1076	1.1076	-1.1082	1.1082	-1.1128	1.1128	-1.1237	1.1237	-1.1386	1.1386	-1.1522	1.1522	-1.1608	1.1608	1.1623	-1.1623	1.1749	-1.1749	1.1872	-1.1872	1.1949	-1.1949	-1.2103	1.2103	1.2177	-1.2177	-1.2256	1.2256	1.2332	-1.2332	1.2489	-1.2489	-1.2564	1.2564	-1.2658	1.2658	1.2685	-1.2685	1.2913	-1.2913	-1.2947	1.2947	1.3024	-1.3024	-1.3094	1.3094	-1.3243	1.3243	1.326	-1.326	1.3362	-1.3362	-1.3398	1.3398	1.3443	-1.3443	-1.3464	1.3464	1.3569	-1.3569	-1.364	1.364	-1.3757	1.3757	-1.3759	1.3759	1.3854	-1.3854	-1.3902	1.3902	-1.4108	1.4108	-1.4152	1.4152	1.4196	-1.4196	1.4228	-1.4228	1.4287	-1.4287	1.4409	-1.4409	1.4447	-1.4447	1.4507	-1.4507	-1.4707	1.4707	-1.4718	1.4718	1.4732	-1.4732	-1.4844	1.4844	-1.4925	1.4925	-1.4953	1.4953	-1.5103	1.5103	-1.5131	1.5131	1.5343	-1.5343	1.5358	-1.5358	-1.5395	1.5395	-1.5451	1.5451	-1.5579	1.5579	-1.5654	1.5654	-1.5704	1.5704	1.5717	-1.5717	1.5821	-1.5821	-1.5849	1.5849	-1.5992	1.5992	-1.6092	1.6092	-1.6156	1.6156	-1.6229	1.6229	1.6395	-1.6395	1.6466	-1.6466	-1.6473	1.6473	1.6532	-1.6532	1.6545	-1.6545	1.674	-1.674	-1.6802	1.6802	1.6923	-1.6923	-1.6984	1.6984	-1.7077	1.7077	-1.7213	1.7213	1.7313	-1.7313	-1.732	1.732	1.7443	-1.7443	1.753	-1.753	-1.753	1.753	1.7571	-1.7571	-1.7827	1.7827	1.7828	-1.7828	1.7911	-1.7911	-1.7942	1.7942	-1.7974	1.7974	1.8042	-1.8042	-1.8077	1.8077	-1.8127	1.8127	-1.8281	1.8281	-1.8465	1.8465	-1.8548	1.8548	1.8616	-1.8616	1.8639	-1.8639	-1.8683	1.8683	-1.8724	1.8724	1.8864	-1.8864	-1.896	1.896	-1.9147	1.9147	1.9334	-1.9334	-1.9467	1.9467	1.9605	-1.9605	-1.9615	1.9615	-1.9815	1.9815	1.9895	-1.9895	-2.0039	2.0039	-2.0062	2.0062	2.0132	-2.0132	-2.0149	2.0149	-2.0181	2.0181	2.0188	-2.0188	-2.0208	2.0208	-2.031	2.031	-2.0367	2.0367	-2.0498	2.0498	2.0567	-2.0567	-2.0591	2.0591	-2.0671	2.0671	2.0841	-2.0841	-2.1046	2.1046	-2.1125	2.1125	2.1169	-2.1169	-2.1295	2.1295	2.1357	-2.1357	2.1396	-2.1396	
0	0.58	-0.0030997	0.0030997	-0.077772	0.077772	-0.099811	0.099811	-0.10797	0.10797	-0.12147	0.12147	-0.13425	0.13425	-0.14536	0.14536	-0.15322	0.15322	-0.16511	0.16511	0.17934	-0.17934	-0.1899	0.1899	0.19893	-0.19893	0.22781	-0.22781	-0.26324	0.26324	-0.27763	0.27763	-0.28769	0.28769	-0.30892	0.30892	-0.36395	0.36395	-0.36672	0.36672	-0.42572	0.42572	0.44118	-0.44118	-0.51369	0.51369	0.56716	-0.56716	-0.57631	0.57631	-0.59502	0.59502	-0.65199	0.65199	-0.66256	0.66256	-0.68147	0.68147	0.69572	-0.69572	-0.70323	0.70323	-0.71727	0.71727	-0.73311	0.73311	0.73435	-0.73435	-0.74346	0.74346	0.75731	-0.75731	-0.77858	0.77858	-0.78316	0.78316	-0.79006	0.79006	0.80707	-0.80707	-0.81564	0.81564	-0.84744	0.84744	-0.85511	0.85511	0.85721	-0.85721	-0.86524	0.86524	0.87687	-0.87687	0.87843	-0.87843	-0.90222	0.90222	-0.90378	0.90378	0.92354	-0.92354	0.92385	-0.92385	0.92705	-0.92705	0.93199	-0.93199	-0.93843	0.93843	0.94782	-0.94782	-0.95336	0.95336	0.95605	-0.95605	-0.96544	0.96544	-0.97366	0.97366	0.98291	-0.98291	-0.99149	0.99149	-0.9935	0.9935	-1.0004	1.0004	-1.0051	1.0051	-1.0176	1.0176	1.0224	-1.0224	1.0292	-1.0292	-1.0394	1.0394	1.0434	-1.0434	-1.053	1.053	-1.062	1.062	-1.0687	1.0687	1.0761	-1.0761	-1.0914	1.0914	-1.0936	1.0936	1.1064	-1.1064	1.1085	-1.1085	-1.113	1.113	1.1237	-1.1237	-1.1349	1.1349	1.1482	-1.1482	-1.1523	1.1523	1.1609	-1.1609	-1.174	1.174	1.1869	-1.1869	1.1944	-1.1944	-1.2103	1.2103	-1.218	1.218	-1.2231	1.2231	-1.2282	1.2282	1.2328	-1.2328	1.2539	-1.2539	1.265	-1.265	1.2677	-1.2677	-1.281	1.281	1.2857	-1.2857	1.2942	-1.2942	-1.3094	1.3094	1.3168	-1.3168	-1.3265	1.3265	1.3298	-1.3298	-1.3315	1.3315	-1.3435	1.3435	1.3442	-1.3442	1.3478	-1.3478	-1.3593	1.3593	1.3641	-1.3641	-1.3764	1.3764	-1.3848	1.3848	1.3892	-1.3892	1.3926	-1.3926	-1.4109	1.4109	-1.417	1.417	-1.4223	1.4223	1.4234	-1.4234	-1.4366	1.4366	-1.4443	1.4443	-1.4496	1.4496	-1.4647	1.4647	-1.4712	1.4712	1.4736	-1.4736	-1.4848	1.4848	-1.4899	1.4899	1.4959	-1.4959	1.5085	-1.5085	1.5115	-1.5115	1.5261	-1.5261	-1.5351	1.5351	-1.5369	1.5369	-1.5442	1.5442	-1.555	1.555	1.5641	-1.5641	-1.5671	1.5671	1.5707	-1.5707	-1.5808	1.5808	-1.5853	1.5853	-1.5977	1.5977	-1.6089	1.6089	-1.6128	1.6128	1.6234	-1.6234	-1.6403	1.6403	1.6472	-1.6472	-1.6478	1.6478	1.6542	-1.6542	1.6547	-1.6547	1.6725	-1.6725	-1.6806	1.6806	1.6928	-1.6928	1.6982	-1.6982	1.7079	-1.7079	-1.7209	1.7209	1.7316	-1.7316	1.7322	-1.7322	-1.7445	1.7445	-1.7531	1.7531	1.7533	-1.7533	1.7566	-1.7566	-1.7824	1.7824	1.7841	-1.7841	1.7895	-1.7895	-1.7943	1.7943	-1.7973	1.7973	-1.8045	1.8045	-1.8072	1.8072	-1.8128	1.8128	1.8282	-1.8282	-1.8473	1.8473	-1.8546	1.8546	-1.8614	1.8614	-1.8636	1.8636	-1.868	1.868	-1.8723	1.8723	-1.8857	1.8857	1.8932	-1.8932	-1.9139	1.9139	1.9327	-1.9327	-1.9473	1.9473	1.9587	-1.9587	1.9592	-1.9592	1.9811	-1.9811	1.9897	-1.9897	2.0042	-2.0042	-2.0057	2.0057	2.0138	-2.0138	-2.0149	2.0149	-2.0181	2.0181	-2.0199	2.0199	2.0202	-2.0202	-2.0301	2.0301	2.0369	-2.0369	2.0501	-2.0501	2.0563	-2.0563	2.0595	-2.0595	-2.0672	2.0672	2.0846	-2.0846	2.1046	-2.1046	2.113	-2.113	-2.1187	2.1187	2.1289	-2.1289	2.1359	-2.1359	2.1404	-2.1404	
0	0.6	0.014268	-0.014268	0.064322	-0.064322	-0.094813	0.094813	0.11155	-0.11155	0.11332	-0.11332	0.14382	-0.14382	0.16772	-0.16772	-0.1776	0.1776	0.1821	-0.1821	-0.20431	0.20431	-0.21414	0.21414	0.22359	-0.22359	0.23501	-0.23501	0.24854	-0.24854	0.25302	-0.25302	0.26314	-0.26314	0.28441	-0.28441	0.33939	-0.33939	0.34223	-0.34223	0.39934	-0.39934	-0.4172	0.4172	0.49112	-0.49112	-0.54465	0.54465	0.57843	-0.57843	0.59668	-0.59668	0.63816	-0.63816	-0.66399	0.66399	0.68224	-0.68224	-0.69341	0.69341	0.69513	-0.69513	0.70639	-0.70639	0.73295	-0.73295	-0.73374	0.73374	0.74376	-0.74376	0.74831	-0.74831	0.77395	-0.77395	0.77855	-0.77855	0.78558	-0.78558	0.79179	-0.79179	-0.80421	0.80421	-0.84819	0.84819	0.85179	-0.85179	0.8531	-0.8531	0.85384	-0.85384	-0.86467	0.86467	0.87246	-0.87246	0.88616	-0.88616	0.89932	-0.89932	-0.91257	0.91257	-0.91815	0.91815	-0.92476	0.92476	0.9312	-0.9312	-0.93779	0.93779	0.94052	-0.94052	0.94476	-0.94476	-0.95049	0.95049	0.96288	-0.96288	0.96848	-0.96848	0.9819	-0.9819	0.99151	-0.99151	-0.99297	0.99297	-0.9987	0.9987	-1.003	1.003	-1.0147	1.0147	1.0191	-1.0191	1.0251	-1.0251	1.0395	-1.0395	1.0433	-1.0433	1.0503	-1.0503	1.0624	-1.0624	-1.0664	1.0664	1.0686	-1.0686	-1.0836	1.0836	1.0923	-1.0923	1.1053	-1.1053	-1.1089	1.1089	1.1134	-1.1134	1.1237	-1.1237	1.1309	-1.1309	1.1363	-1.1363	1.1522	-1.1522	1.161	-1.161	1.1729	-1.1729	-1.1862	1.1862	-1.1938	1.1938	-1.2057	1.2057	1.2103	-1.2103	-1.2181	1.2181	-1.2218	1.2218	-1.2324	1.2324	1.2509	-1.2509	1.258	-1.258	-1.2632	1.2632	1.2675	-1.2675	1.2776	-1.2776	1.2945	-1.2945	1.308	-1.308	-1.3095	1.3095	1.3115	-1.3115	1.3272	-1.3272	1.328	-1.328	-1.3348	1.3348	1.3424	-1.3424	-1.3442	1.3442	1.3544	-1.3544	-1.3621	1.3621	-1.3691	1.3691	1.3771	-1.3771	1.3845	-1.3845	-1.3893	1.3893	-1.4047	1.4047	1.4146	-1.4146	-1.4169	1.4169	1.4222	-1.4222	-1.4356	1.4356	-1.4445	1.4445	1.4482	-1.4482	1.4622	-1.4622	1.4706	-1.4706	-1.4741	1.4741	1.4853	-1.4853	-1.4872	1.4872	-1.4966	1.4966	1.5062	-1.5062	1.5104	-1.5104	-1.5175	1.5175	1.5337	-1.5337	-1.5353	1.5353	1.5434	-1.5434	-1.5529	1.5529	1.5629	-1.5629	-1.5646	1.5646	1.5702	-1.5702	-1.5802	1.5802	-1.5857	1.5857	1.5962	-1.5962	1.6086	-1.6086	1.6104	-1.6104	1.6238	-1.6238	1.6411	-1.6411	-1.6477	1.6477	-1.6483	1.6483	1.6549	-1.6549	-1.6552	1.6552	1.6714	-1.6714	1.6809	-1.6809	1.6933	-1.6933	1.6979	-1.6979	1.7081	-1.7081	-1.7205	1.7205	1.732	-1.732	1.7324	-1.7324	-1.7446	1.7446	-1.7528	1.7528	-1.7537	1.7537	-1.7565	1.7565	1.7821	-1.7821	-1.7853	1.7853	-1.7879	1.7879	1.7945	-1.7945	1.7973	-1.7973	-1.8049	1.8049	-1.8068	1.8068	-1.813	1.813	1.8283	-1.8283	-1.848	1.848	1.8545	-1.8545	1.8611	-1.8611	1.8634	-1.8634	-1.8678	1.8678	1.8723	-1.8723	1.8849	-1.8849	1.8905	-1.8905	-1.913	1.913	1.932	-1.932	1.9478	-1.9478	1.956	-1.956	-1.9578	1.9578	-1.9807	1.9807	-1.99	1.99	-2.0045	2.0045	2.0052	-2.0052	2.0138	-2.0138	-2.015	2.015	-2.0183	2.0183	-2.0195	2.0195	2.0212	-2.0212	2.0296	-2.0296	2.0371	-2.0371	2.0498	-2.0498	-2.0565	2.0565	-2.0599	2.0599	-2.0673	2.0673	-2.0852	2.0852	2.1045	-2.1045	-2.1135	2.1135	-2.1205	2.1205	2.1284	-2.1284	2.1362	-2.1362	-2.1413	2.1413	
0	0.62	0.025766	-0.025766	-0.041357	0.041357	-0.074261	0.074261	-0.091783	0.091783	-0.13605	0.13605	0.1689	-0.1689	0.19173	-0.19173	0.20241	-0.20241	-0.20463	0.20463	0.21351	-0.21351	0.22795	-0.22795	-0.22976	0.22976	-0.23809	0.23809	0.23926	-0.23926	0.24889	-0.24889	-0.25947	0.25947	0.26554	-0.26554	0.31439	-0.31439	0.31737	-0.31737	0.37266	-0.37266	0.3928	-0.3928	0.46823	-0.46823	0.52182	-0.52182	-0.58038	0.58038	0.59823	-0.59823	-0.62307	0.62307	-0.66523	0.66523	-0.6691	0.6691	-0.68298	0.68298	0.69464	-0.69464	0.70956	-0.70956	0.72809	-0.72809	0.73289	-0.73289	0.73932	-0.73932	-0.74402	0.74402	0.76436	-0.76436	-0.76799	0.76799	-0.77851	0.77851	-0.78402	0.78402	-0.79958	0.79958	-0.83511	0.83511	0.84069	-0.84069	-0.84795	0.84795	-0.84958	0.84958	0.85983	-0.85983	-0.8605	0.8605	0.87471	-0.87471	-0.89048	0.89048	0.90584	-0.90584	0.90853	-0.90853	0.92177	-0.92177	-0.93079	0.93079	-0.93414	0.93414	-0.93846	0.93846	0.93949	-0.93949	0.9473	-0.9473	0.96049	-0.96049	0.96555	-0.96555	-0.98101	0.98101	0.99151	-0.99151	0.99253	-0.99253	-0.99709	0.99709	1.0011	-1.0011	-1.0119	1.0119	1.0151	-1.0151	-1.0218	1.0218	1.0395	-1.0395	1.0433	-1.0433	-1.0475	1.0475	-1.0556	1.0556	-1.0628	1.0628	-1.0685	1.0685	-1.0756	1.0756	1.0911	-1.0911	-1.104	1.104	1.1092	-1.1092	-1.1139	1.1139	1.1237	-1.1237	-1.1265	1.1265	-1.1269	1.1269	1.1522	-1.1522	1.1607	-1.1607	1.1709	-1.1709	1.1816	-1.1816	-1.1884	1.1884	-1.1934	1.1934	-1.2101	1.2101	-1.2179	1.2179	1.2188	-1.2188	1.2315	-1.2315	1.2363	-1.2363	1.2471	-1.2471	-1.2579	1.2579	1.2666	-1.2666	1.2712	-1.2712	-1.2885	1.2885	-1.2949	1.2949	1.3007	-1.3007	1.3095	-1.3095	1.3163	-1.3163	1.3272	-1.3272	-1.3277	1.3277	-1.3394	1.3394	1.3442	-1.3442	-1.3457	1.3457	1.3555	-1.3555	1.3616	-1.3616	1.3775	-1.3775	1.3841	-1.3841	1.3895	-1.3895	-1.3895	1.3895	-1.4123	1.4123	-1.4161	1.4161	1.4221	-1.4221	-1.436	1.436	-1.4447	1.4447	1.4462	-1.4462	-1.4613	1.4613	-1.4699	1.4699	-1.4745	1.4745	-1.4841	1.4841	1.4858	-1.4858	-1.4974	1.4974	-1.5039	1.5039	1.5096	-1.5096	1.5098	-1.5098	-1.5317	1.5317	1.5346	-1.5346	1.5425	-1.5425	-1.5513	1.5513	1.5618	-1.5618	-1.563	1.563	1.5698	-1.5698	-1.5799	1.5799	1.586	-1.586	1.5947	-1.5947	-1.6083	1.6083	1.6084	-1.6084	-1.6243	1.6243	1.6419	-1.6419	1.6482	-1.6482	-1.6488	1.6488	-1.6551	1.6551	1.6562	-1.6562	-1.6704	1.6704	-1.6813	1.6813	-1.6938	1.6938	1.6977	-1.6977	-1.7085	1.7085	-1.7201	1.7201	1.7323	-1.7323	-1.7326	1.7326	1.7448	-1.7448	1.7521	-1.7521	-1.7542	1.7542	-1.7567	1.7567	-1.7817	1.7817	-1.7863	1.7863	-1.7863	1.7863	-1.7946	1.7946	-1.7974	1.7974	-1.8053	1.8053	1.8064	-1.8064	-1.8133	1.8133	1.8285	-1.8285	-1.8487	1.8487	1.8544	-1.8544	-1.8607	1.8607	-1.8633	1.8633	1.8676	-1.8676	1.8722	-1.8722	-1.8841	1.8841	-1.8878	1.8878	-1.9119	1.9119	-1.9316	1.9316	-1.9478	1.9478	-1.9537	1.9537	-1.9562	1.9562	1.9803	-1.9803	-1.9903	1.9903	-2.0048	2.0048	2.0048	-2.0048	2.013	-2.013	2.015	-2.015	-2.0185	2.0185	2.0192	-2.0192	2.0224	-2.0224	2.0294	-2.0294	2.0373	-2.0373	2.0493	-2.0493	2.0571	-2.0571	-2.0603	2.0603	-2.0674	2.0674	2.0858	-2.0858	-2.1044	2.1044	2.114	-2.114	-2.1222	2.1222	2.1278	-2.1278	2.1364	-2.1364	2.1422	-2.1422	
0	0.64	-0.017581	0.017581	-0.029436	0.029436	-0.052367	0.052367	0.08221	-0.08221	-0.15968	0.15968	0.18927	-0.18927	-0.19468	0.19468	-0.20238	0.20238	-0.21272	0.21272	0.21751	-0.21751	-0.22805	0.22805	-0.22912	0.22912	0.2341	-0.2341	0.25563	-0.25563	-0.26482	0.26482	-0.27459	0.27459	0.28632	-0.28632	0.28949	-0.28949	-0.29218	0.29218	-0.34572	0.34572	-0.368	0.368	-0.44505	0.44505	0.49868	-0.49868	-0.58205	0.58205	-0.5997	0.5997	0.60709	-0.60709	-0.64438	0.64438	0.6662	-0.6662	0.68366	-0.68366	0.69409	-0.69409	-0.71203	0.71203	-0.7128	0.7128	-0.73284	0.73284	-0.73732	0.73732	-0.74316	0.74316	0.74444	-0.74444	0.75511	-0.75511	-0.77838	0.77838	-0.78246	0.78246	-0.79392	0.79392	-0.81317	0.81317	0.82844	-0.82844	-0.83818	0.83818	-0.84232	0.84232	-0.84995	0.84995	-0.85515	0.85515	0.86988	-0.86988	0.87709	-0.87709	-0.89972	0.89972	-0.90399	0.90399	0.91795	-0.91795	0.93071	-0.93071	-0.93118	0.93118	0.93749	-0.93749	0.93813	-0.93813	0.94391	-0.94391	-0.95834	0.95834	0.96347	-0.96347	-0.98015	0.98015	-0.99143	0.99143	-0.99216	0.99216	-0.99524	0.99524	0.99882	-0.99882	1.0093	-1.0093	1.0101	-1.0101	-1.0187	1.0187	-1.0396	1.0396	-1.0433	1.0433	1.0447	-1.0447	-1.0448	1.0448	-1.063	1.063	-1.0672	1.0672	-1.0689	1.0689	-1.0899	1.0899	-1.1023	1.1023	1.1095	-1.1095	-1.1143	1.1143	-1.1197	1.1197	-1.1212	1.1212	-1.1238	1.1238	-1.1521	1.1521	-1.1561	1.1561	1.1636	-1.1636	-1.1718	1.1718	1.1859	-1.1859	1.1927	-1.1927	-1.2067	1.2067	-1.2127	1.2127	1.2154	-1.2154	1.2207	-1.2207	1.2321	-1.2321	1.2412	-1.2412	1.2489	-1.2489	-1.264	1.264	-1.2663	1.2663	1.2688	-1.2688	-1.2948	1.2948	-1.2949	1.2949	1.2956	-1.2956	-1.3095	1.3095	-1.3163	1.3163	1.3282	-1.3282	1.3325	-1.3325	-1.3377	1.3377	1.3441	-1.3441	1.3573	-1.3573	1.361	-1.361	-1.3707	1.3707	-1.379	1.379	-1.3833	1.3833	1.3897	-1.3897	-1.4098	1.4098	1.4165	-1.4165	-1.4221	1.4221	1.4367	-1.4367	1.4435	-1.4435	-1.445	1.445	-1.4613	1.4613	-1.4693	1.4693	1.4747	-1.4747	-1.4809	1.4809	-1.4863	1.4863	1.4979	-1.4979	-1.5017	1.5017	1.5039	-1.5039	-1.509	1.509	-1.5298	1.5298	1.5342	-1.5342	-1.5416	1.5416	1.55	-1.55	-1.5609	1.5609	1.562	-1.562	1.5694	-1.5694	1.5798	-1.5798	1.5863	-1.5863	1.5932	-1.5932	1.6068	-1.6068	-1.608	1.608	1.6248	-1.6248	1.6425	-1.6425	-1.6485	1.6485	-1.6493	1.6493	-1.6552	1.6552	-1.657	1.657	1.6698	-1.6698	1.6816	-1.6816	1.6943	-1.6943	-1.6975	1.6975	1.7088	-1.7088	-1.7197	1.7197	1.7326	-1.7326	1.7328	-1.7328	1.7449	-1.7449	1.7512	-1.7512	-1.7546	1.7546	-1.7571	1.7571	1.7813	-1.7813	-1.7849	1.7849	-1.7871	1.7871	-1.7948	1.7948	-1.7974	1.7974	-1.8058	1.8058	-1.806	1.806	1.8138	-1.8138	1.8287	-1.8287	-1.8493	1.8493	1.8542	-1.8542	-1.8602	1.8602	-1.8632	1.8632	1.8673	-1.8673	1.8722	-1.8722	1.8832	-1.8832	1.8851	-1.8851	-1.9108	1.9108	1.9312	-1.9312	1.9469	-1.9469	-1.9523	1.9523	-1.9546	1.9546	-1.9798	1.9798	1.9905	-1.9905	2.0044	-2.0044	2.0051	-2.0051	2.0114	-2.0114	-2.015	2.015	-2.0187	2.0187	-2.0193	2.0193	2.0236	-2.0236	2.0295	-2.0295	-2.0376	2.0376	2.0486	-2.0486	-2.0579	2.0579	2.0606	-2.0606	-2.0675	2.0675	2.0864	-2.0864	-2.1043	2.1043	2.1144	-2.1144	-2.1238	2.1238	-2.1273	2.1273	-2.1367	2.1367	2.1427	-2.1427	
0	0.66	-0.0024026	0.0024026	0.018155	-0.018155	-0.033282	0.033282	-0.090202	0.090202	0.16168	-0.16168	0.17642	-0.17642	-0.18691	0.18691	0.18846	-0.18846	-0.20831	0.20831	0.22095	-0.22095	0.24304	-0.24304	-0.25378	0.25378	0.25457	-0.25457	0.26321	-0.26321	0.26651	-0.26651	0.28188	-0.28188	0.29096	-0.29096	-0.30074	0.30074	0.31008	-0.31008	0.31857	-0.31857	-0.34283	0.34283	-0.42159	0.42159	-0.47525	0.47525	0.58234	-0.58234	-0.59148	0.59148	0.60108	-0.60108	0.61927	-0.61927	0.66664	-0.66664	0.6843	-0.6843	-0.69294	0.69294	-0.69335	0.69335	-0.71584	0.71584	-0.71823	0.71823	0.73277	-0.73277	-0.73683	0.73683	0.7442	-0.7442	0.74459	-0.74459	0.77797	-0.77797	-0.78057	0.78057	0.78644	-0.78644	0.78934	-0.78934	0.81806	-0.81806	-0.82123	0.82123	-0.82456	0.82456	0.84188	-0.84188	-0.85061	0.85061	-0.86738	0.86738	0.86977	-0.86977	-0.89409	0.89409	-0.90317	0.90317	0.91301	-0.91301	-0.9296	0.9296	-0.93078	0.93078	-0.93663	0.93663	0.93768	-0.93768	0.94058	-0.94058	-0.95625	0.95625	-0.96172	0.96172	0.97921	-0.97921	-0.99106	0.99106	-0.99191	0.99191	-0.99224	0.99224	-0.99582	0.99582	1.0044	-1.0044	-1.007	1.007	-1.0156	1.0156	1.0357	-1.0357	-1.0397	1.0397	1.0416	-1.0416	-1.0433	1.0433	1.059	-1.059	-1.0637	1.0637	1.0686	-1.0686	1.0888	-1.0888	-1.0998	1.0998	1.1097	-1.1097	-1.1133	1.1133	-1.1138	1.1138	1.1157	-1.1157	-1.1238	1.1238	1.1389	-1.1389	-1.1519	1.1519	1.162	-1.162	1.1687	-1.1687	1.1847	-1.1847	-1.1862	1.1862	-1.192	1.192	-1.2109	1.2109	1.2114	-1.2114	-1.2196	1.2196	1.2303	-1.2303	1.2318	-1.2318	-1.2395	1.2395	-1.2434	1.2434	-1.2654	1.2654	-1.2681	1.2681	1.2723	-1.2723	-1.2912	1.2912	1.2921	-1.2921	-1.2957	1.2957	-1.3095	1.3095	1.3286	-1.3286	1.3324	-1.3324	1.3359	-1.3359	-1.3441	1.3441	1.3525	-1.3525	-1.3588	1.3588	1.3604	-1.3604	-1.3792	1.3792	-1.3822	1.3822	-1.39	1.39	-1.4071	1.4071	-1.4171	1.4171	1.422	-1.422	1.4374	-1.4374	1.4402	-1.4402	-1.4452	1.4452	-1.4616	1.4616	1.4687	-1.4687	-1.4742	1.4742	-1.4786	1.4786	1.4867	-1.4867	-1.4977	1.4977	-1.4998	1.4998	-1.5004	1.5004	-1.5084	1.5084	-1.528	1.528	-1.5339	1.5339	1.5408	-1.5408	1.5491	-1.5491	-1.5601	1.5601	-1.5613	1.5613	-1.569	1.569	-1.5798	1.5798	1.5865	-1.5865	1.5918	-1.5918	-1.6054	1.6054	-1.6077	1.6077	-1.6253	1.6253	1.6431	-1.6431	1.6487	-1.6487	1.6498	-1.6498	1.6555	-1.6555	1.6578	-1.6578	-1.6693	1.6693	-1.6819	1.6819	1.6948	-1.6948	1.6973	-1.6973	1.7092	-1.7092	1.7193	-1.7193	-1.7329	1.7329	-1.7331	1.7331	1.7451	-1.7451	-1.7502	1.7502	1.755	-1.755	-1.7575	1.7575	-1.7808	1.7808	-1.7836	1.7836	1.7877	-1.7877	-1.7949	1.7949	-1.7976	1.7976	-1.8057	1.8057	1.8062	-1.8062	-1.8144	1.8144	-1.829	1.829	1.8499	-1.8499	-1.8541	1.8541	-1.8596	1.8596	1.8631	-1.8631	-1.8671	1.8671	1.8721	-1.8721	-1.8822	1.8822	-1.8826	1.8826	1.9097	-1.9097	-1.9309	1.9309	-1.9448	1.9448	-1.9519	1.9519	1.9528	-1.9528	-1.9793	1.9793	-1.9907	1.9907	2.004	-2.004	-2.0053	2.0053	-2.0094	2.0094	-2.0151	2.0151	-2.019	2.019	-2.0197	2.0197	-2.0247	2.0247	-2.0297	2.0297	2.0379	-2.0379	-2.048	2.048	2.0587	-2.0587	2.0609	-2.0609	-2.0675	2.0675	2.0869	-2.0869	2.1041	-2.1041	2.1148	-2.1148	-2.1253	2.1253	-2.1268	2.1268	-2.1369	2.1369	2.1412	-2.1412	
0	0.68	-4.3187e-05	4.3187e-05	-0.0052434	0.0052434	0.040995	-0.040995	-0.10765	0.10765	-0.13889	0.13889	0.15016	-0.15016	-0.16079	0.16079	-0.18216	0.18216	0.21314	-0.21314	-0.23734	0.23734	0.24058	-0.24058	-0.24744	0.24744	-0.26919	0.26919	-0.27989	0.27989	-0.28068	0.28068	0.2913	-0.2913	0.3085	-0.3085	-0.31731	0.31731	-0.31755	0.31755	0.32731	-0.32731	-0.33446	0.33446	0.39788	-0.39788	-0.45155	0.45155	-0.57047	0.57047	0.58711	-0.58711	-0.59377	0.59377	-0.60237	0.60237	-0.66407	0.66407	-0.67511	0.67511	0.68487	-0.68487	0.6923	-0.6923	0.69265	-0.69265	0.71848	-0.71848	0.73136	-0.73136	0.73255	-0.73255	0.73755	-0.73755	0.74371	-0.74371	-0.76425	0.76425	0.77312	-0.77312	0.77858	-0.77858	0.77961	-0.77961	-0.80235	0.80235	-0.80704	0.80704	0.80854	-0.80854	0.82299	-0.82299	0.85123	-0.85123	0.8662	-0.8662	-0.86793	0.86793	-0.89081	0.89081	-0.90233	0.90233	0.90648	-0.90648	-0.92878	0.92878	-0.93092	0.93092	-0.93575	0.93575	0.93621	-0.93621	0.93867	-0.93867	0.95389	-0.95389	0.96014	-0.96014	0.97776	-0.97776	0.98641	-0.98641	-0.98935	0.98935	0.99172	-0.99172	-0.99278	0.99278	-0.99978	0.99978	-1.0052	1.0052	1.0126	-1.0126	-1.0294	1.0294	-1.0379	1.0379	1.0397	-1.0397	1.0433	-1.0433	-1.0513	1.0513	-1.0639	1.0639	1.0685	-1.0685	-1.0877	1.0877	1.0962	-1.0962	1.0997	-1.0997	1.1099	-1.1099	1.111	-1.111	1.1157	-1.1157	1.1238	-1.1238	-1.1253	1.1253	1.1515	-1.1515	-1.1612	1.1612	-1.1637	1.1637	-1.1652	1.1652	-1.1833	1.1833	1.191	-1.191	1.2069	-1.2069	-1.2104	1.2104	-1.2143	1.2143	-1.2184	1.2184	-1.2192	1.2192	-1.2315	1.2315	-1.2402	1.2402	1.2492	-1.2492	-1.2649	1.2649	-1.2662	1.2662	-1.2681	1.2681	-1.2881	1.2881	-1.2959	1.2959	1.3095	-1.3095	-1.3289	1.3289	1.3311	-1.3311	-1.3337	1.3337	-1.3365	1.3365	1.3441	-1.3441	1.3579	-1.3579	-1.3613	1.3613	-1.3797	1.3797	-1.3807	1.3807	-1.3903	1.3903	1.4045	-1.4045	1.4176	-1.4176	1.422	-1.422	-1.4366	1.4366	-1.4382	1.4382	-1.4454	1.4454	-1.4621	1.4621	-1.468	1.468	1.4728	-1.4728	1.4778	-1.4778	-1.487	1.487	-1.4963	1.4963	-1.4971	1.4971	1.5006	-1.5006	-1.5079	1.5079	1.5265	-1.5265	-1.5336	1.5336	1.54	-1.54	-1.5483	1.5483	-1.5594	1.5594	-1.5609	1.5609	1.5687	-1.5687	-1.5799	1.5799	1.5866	-1.5866	-1.5903	1.5903	-1.6042	1.6042	-1.6074	1.6074	1.6257	-1.6257	-1.6437	1.6437	-1.6486	1.6486	-1.6503	1.6503	1.6557	-1.6557	-1.6585	1.6585	-1.6691	1.6691	1.6822	-1.6822	1.6953	-1.6953	-1.6971	1.6971	1.7095	-1.7095	-1.7189	1.7189	1.7333	-1.7333	1.7333	-1.7333	1.7452	-1.7452	1.7491	-1.7491	-1.7554	1.7554	1.7579	-1.7579	1.7803	-1.7803	-1.7825	1.7825	1.7881	-1.7881	-1.7951	1.7951	-1.7977	1.7977	-1.8054	1.8054	-1.8066	1.8066	1.8151	-1.8151	1.8292	-1.8292	1.8505	-1.8505	-1.854	1.854	-1.859	1.859	-1.863	1.863	-1.8668	1.8668	1.8721	-1.8721	1.8802	-1.8802	1.8811	-1.8811	1.9085	-1.9085	-1.9306	1.9306	-1.9422	1.9422	1.951	-1.951	1.9521	-1.9521	-1.9787	1.9787	-1.9909	1.9909	-2.0036	2.0036	2.0055	-2.0055	-2.0073	2.0073	2.0152	-2.0152	-2.0193	2.0193	-2.0202	2.0202	-2.0258	2.0258	-2.0299	2.0299	-2.0382	2.0382	2.0474	-2.0474	-2.0595	2.0595	2.0611	-2.0611	2.0676	-2.0676	2.0875	-2.0875	-2.1039	2.1039	2.1151	-2.1151	-2.1263	2.1263	2.1267	-2.1267	-2.1371	2.1371	-2.1395	2.1395	
0	0.7	-0.019486	0.019486	-0.027894	0.027894	-0.064668	0.064668	-0.117	0.117	0.1235	-0.1235	0.12825	-0.12825	-0.13461	0.13461	0.15566	-0.15566	-0.21088	0.21088	-0.21425	0.21425	-0.23981	0.23981	-0.26269	0.26269	-0.27544	0.27544	0.29146	-0.29146	-0.29573	0.29573	-0.30622	0.30622	0.30729	-0.30729	-0.33539	0.33539	-0.34455	0.34455	0.35423	-0.35423	0.35987	-0.35987	0.37394	-0.37394	-0.42761	0.42761	-0.55238	0.55238	0.56793	-0.56793	-0.58817	0.58817	-0.60357	0.60357	-0.64738	0.64738	0.66655	-0.66655	-0.67003	0.67003	0.68534	-0.68534	-0.69093	0.69093	0.71357	-0.71357	-0.7247	0.7247	-0.73208	0.73208	-0.73711	0.73711	0.73878	-0.73878	-0.74126	0.74126	-0.75886	0.75886	-0.77593	0.77593	0.7787	-0.7787	-0.77981	0.77981	-0.79309	0.79309	-0.79506	0.79506	-0.80961	0.80961	-0.85171	0.85171	0.86568	-0.86568	0.8676	-0.8676	0.88846	-0.88846	0.89812	-0.89812	-0.90104	0.90104	-0.92834	0.92834	-0.93105	0.93105	-0.9324	0.9324	0.936	-0.936	-0.93825	0.93825	-0.95082	0.95082	-0.95862	0.95862	-0.97316	0.97316	0.98077	-0.98077	0.98433	-0.98433	-0.9912	0.9912	0.99207	-0.99207	-0.99738	0.99738	-1.0038	1.0038	1.0099	-1.0099	1.025	-1.025	1.0325	-1.0325	1.0398	-1.0398	-1.0433	1.0433	-1.0444	1.0444	1.0641	-1.0641	-1.0684	1.0684	1.0813	-1.0813	-1.0864	1.0864	1.0912	-1.0912	1.109	-1.109	-1.1102	1.1102	-1.1161	1.1161	-1.1165	1.1165	-1.1238	1.1238	-1.1412	1.1412	-1.152	1.152	-1.1572	1.1572	1.1631	-1.1631	-1.1815	1.1815	-1.1888	1.1888	1.1896	-1.1896	1.2019	-1.2019	1.2094	-1.2094	1.2095	-1.2095	-1.2168	1.2168	-1.2276	1.2276	-1.2318	1.2318	-1.2362	1.2362	-1.2419	1.2419	1.2644	-1.2644	-1.2677	1.2677	-1.2852	1.2852	1.2962	-1.2962	-1.3095	1.3095	-1.3148	1.3148	1.3286	-1.3286	-1.3313	1.3313	-1.3363	1.3363	-1.344	1.344	-1.3556	1.3556	-1.3627	1.3627	1.3792	-1.3792	-1.3802	1.3802	-1.3905	1.3905	1.4022	-1.4022	-1.4181	1.4181	-1.4219	1.4219	-1.4332	1.4332	-1.4389	1.4389	1.4457	-1.4457	-1.4627	1.4627	-1.4673	1.4673	1.4714	-1.4714	-1.4779	1.4779	1.4872	-1.4872	1.4948	-1.4948	1.4953	-1.4953	1.5012	-1.5012	1.5074	-1.5074	-1.525	1.525	-1.5333	1.5333	-1.5393	1.5393	-1.5477	1.5477	1.5589	-1.5589	1.5607	-1.5607	1.5683	-1.5683	1.58	-1.58	1.5865	-1.5865	1.589	-1.589	1.6033	-1.6033	1.6071	-1.6071	-1.6262	1.6262	1.6441	-1.6441	-1.6483	1.6483	-1.6507	1.6507	1.6561	-1.6561	1.6591	-1.6591	-1.669	1.669	-1.6825	1.6825	1.6957	-1.6957	-1.6969	1.6969	1.7099	-1.7099	-1.7185	1.7185	-1.7335	1.7335	1.7336	-1.7336	-1.7453	1.7453	-1.7479	1.7479	-1.7557	1.7557	-1.7583	1.7583	1.7796	-1.7796	-1.7816	1.7816	-1.7884	1.7884	-1.7952	1.7952	1.7979	-1.7979	-1.8052	1.8052	1.807	-1.807	-1.816	1.816	-1.8295	1.8295	-1.851	1.851	1.8538	-1.8538	-1.8582	1.8582	-1.8629	1.8629	-1.8666	1.8666	1.872	-1.872	-1.8781	1.8781	1.88	-1.88	-1.9074	1.9074	1.9302	-1.9302	1.9395	-1.9395	-1.9492	1.9492	-1.9525	1.9525	1.9781	-1.9781	-1.991	1.991	2.0033	-2.0033	2.0051	-2.0051	2.0057	-2.0057	2.0152	-2.0152	2.0196	-2.0196	2.0207	-2.0207	2.0268	-2.0268	-2.0301	2.0301	2.0385	-2.0385	-2.047	2.047	2.0602	-2.0602	-2.0613	2.0613	-2.0676	2.0676	2.0882	-2.0882	-2.1037	2.1037	-2.1154	2.1154	-2.1258	2.1258	2.1279	-2.1279	-2.1373	2.1373	-2.1376	2.1376	
0	0.72	-0.033177	0.033177	-0.052535	0.052535	0.089949	-0.089949	0.096503	-0.096503	-0.10107	0.10107	0.10788	-0.10788	0.12883	-0.12883	0.1509	-0.1509	-0.18504	0.18504	0.1878	-0.1878	-0.23579	0.23579	0.26531	-0.26531	0.26642	-0.26642	0.30191	-0.30191	0.32258	-0.32258	0.3327	-0.3327	-0.33426	0.33426	0.3498	-0.3498	-0.36255	0.36255	0.37193	-0.37193	-0.38148	0.38148	0.38611	-0.38611	-0.40345	0.40345	0.53329	-0.53329	-0.54175	0.54175	-0.58951	0.58951	-0.60468	0.60468	0.62547	-0.62547	-0.6401	0.6401	-0.66834	0.66834	-0.68552	0.68552	-0.68905	0.68905	-0.69829	0.69829	0.7125	-0.7125	-0.72715	0.72715	-0.72789	0.72789	0.73276	-0.73276	0.73711	-0.73711	0.74971	-0.74971	0.75536	-0.75536	0.76875	-0.76875	0.77442	-0.77442	-0.77832	0.77832	-0.78658	0.78658	-0.80402	0.80402	0.8519	-0.8519	-0.86534	0.86534	0.86772	-0.86772	0.88347	-0.88347	-0.89067	0.89067	0.8989	-0.8989	0.92768	-0.92768	-0.92946	0.92946	0.93113	-0.93113	-0.9359	0.9359	0.93798	-0.93798	-0.94637	0.94637	0.95708	-0.95708	-0.96459	0.96459	-0.97793	0.97793	-0.97895	0.97895	0.99067	-0.99067	-0.99203	0.99203	-0.99597	0.99597	-1.0028	1.0028	-1.0075	1.0075	-1.0213	1.0213	1.0235	-1.0235	-1.0391	1.0391	-1.0399	1.0399	-1.0433	1.0433	1.0633	-1.0633	1.0644	-1.0644	1.0685	-1.0685	1.0818	-1.0818	1.087	-1.087	-1.1074	1.1074	1.1088	-1.1088	1.1104	-1.1104	1.1165	-1.1165	1.1222	-1.1222	1.124	-1.124	-1.1493	1.1493	-1.1515	1.1515	-1.1627	1.1627	-1.1634	1.1634	1.1793	-1.1793	-1.1873	1.1873	1.1963	-1.1963	1.197	-1.197	1.2042	-1.2042	1.2116	-1.2116	-1.2132	1.2132	1.2217	-1.2217	1.2313	-1.2313	-1.2368	1.2368	-1.264	1.264	-1.2675	1.2675	1.2809	-1.2809	1.2964	-1.2964	1.2989	-1.2989	1.3096	-1.3096	1.3254	-1.3254	-1.3304	1.3304	-1.338	1.338	-1.344	1.344	-1.3527	1.3527	1.364	-1.364	-1.3781	1.3781	-1.3806	1.3806	1.3907	-1.3907	-1.4004	1.4004	-1.4186	1.4186	1.4217	-1.4217	1.4303	-1.4303	1.4395	-1.4395	1.4459	-1.4459	1.4631	-1.4631	1.4665	-1.4665	1.4704	-1.4704	-1.4782	1.4782	1.4873	-1.4873	1.4936	-1.4936	1.494	-1.494	1.5019	-1.5019	-1.507	1.507	1.5238	-1.5238	1.5331	-1.5331	-1.5386	1.5386	-1.5472	1.5472	-1.5584	1.5584	1.5605	-1.5605	1.568	-1.568	1.5802	-1.5802	1.5859	-1.5859	1.588	-1.588	-1.6025	1.6025	-1.6068	1.6068	-1.6265	1.6265	1.6444	-1.6444	-1.6479	1.6479	-1.651	1.651	1.6565	-1.6565	1.6596	-1.6596	-1.6691	1.6691	1.6828	-1.6828	-1.6961	1.6961	1.6968	-1.6968	-1.7103	1.7103	1.718	-1.718	1.7338	-1.7338	1.7339	-1.7339	-1.7454	1.7454	1.7468	-1.7468	-1.7561	1.7561	-1.7587	1.7587	1.7788	-1.7788	-1.7809	1.7809	-1.7886	1.7886	-1.7954	1.7954	-1.798	1.798	1.8049	-1.8049	1.8073	-1.8073	-1.817	1.817	1.8298	-1.8298	1.8515	-1.8515	1.8537	-1.8537	-1.8573	1.8573	-1.8628	1.8628	1.8663	-1.8663	-1.872	1.872	-1.8763	1.8763	-1.8789	1.8789	-1.9063	1.9063	-1.9296	1.9296	1.9368	-1.9368	1.9475	-1.9475	-1.9529	1.9529	1.9774	-1.9774	1.9912	-1.9912	-2.003	2.003	-2.0031	2.0031	2.0059	-2.0059	2.0153	-2.0153	2.0199	-2.0199	-2.0212	2.0212	2.0278	-2.0278	-2.0301	2.0301	-2.0388	2.0388	-2.0467	2.0467	-2.0609	2.0609	-2.0614	2.0614	-2.0676	2.0676	2.0888	-2.0888	2.1034	-2.1034	-2.1157	2.1157	-2.1254	2.1254	-2.129	2.129	2.1355	-2.1355	-2.1375	2.1375	
0	0.74	-0.031243	0.031243	0.069073	-0.069073	-0.077452	0.077452	0.080766	-0.080766	0.10006	-0.10006	-0.10172	0.10172	0.11623	-0.11623	-0.15958	0.15958	-0.16188	0.16188	-0.17405	0.17405	0.20833	-0.20833	-0.23886	0.23886	0.29346	-0.29346	-0.32547	0.32547	-0.32918	0.32918	0.34965	-0.34965	0.35927	-0.35927	0.36151	-0.36151	0.37908	-0.37908	0.38991	-0.38991	0.39964	-0.39964	-0.409	0.409	0.41305	-0.41305	-0.51358	0.51358	-0.51527	0.51527	0.59083	-0.59083	-0.60256	0.60256	0.60571	-0.60571	-0.61329	0.61329	0.663	-0.663	0.68387	-0.68387	-0.68401	0.68401	0.68634	-0.68634	0.68751	-0.68751	-0.70805	0.70805	0.72929	-0.72929	0.73027	-0.73027	0.7317	-0.7317	-0.7368	0.7368	-0.74491	0.74491	0.74755	-0.74755	-0.77039	0.77039	0.77774	-0.77774	0.77985	-0.77985	-0.80074	0.80074	-0.85102	0.85102	0.86402	-0.86402	0.868	-0.868	0.8728	-0.8728	-0.88863	0.88863	-0.89547	0.89547	0.92523	-0.92523	0.92869	-0.92869	0.93109	-0.93109	-0.93587	0.93587	-0.93689	0.93689	-0.94038	0.94038	0.95532	-0.95532	-0.95635	0.95635	-0.97183	0.97183	-0.97808	0.97808	0.99015	-0.99015	0.99204	-0.99204	0.99489	-0.99489	1.0019	-1.0019	1.0053	-1.0053	-1.0097	1.0097	-1.0176	1.0176	-1.035	1.035	1.0399	-1.0399	1.0433	-1.0433	1.0493	-1.0493	-1.0646	1.0646	1.0684	-1.0684	-1.0701	1.0701	1.0857	-1.0857	1.1001	-1.1001	1.1033	-1.1033	-1.1094	1.1094	-1.1105	1.1105	-1.117	1.117	-1.1239	1.1239	-1.1391	1.1391	1.1402	-1.1402	-1.1511	1.1511	-1.1626	1.1626	1.1727	-1.1727	1.1757	-1.1757	1.1826	-1.1826	-1.1882	1.1882	-1.1954	1.1954	-1.2011	1.2011	1.211	-1.211	-1.2211	1.2211	1.2311	-1.2311	-1.2353	1.2353	-1.2635	1.2635	1.2663	-1.2663	1.2716	-1.2716	1.2896	-1.2896	-1.2967	1.2967	1.3096	-1.3096	1.3194	-1.3194	1.3306	-1.3306	1.3398	-1.3398	1.344	-1.344	-1.3497	1.3497	-1.365	1.365	1.3775	-1.3775	1.381	-1.381	-1.3908	1.3908	-1.399	1.399	1.419	-1.419	-1.4213	1.4213	1.4282	-1.4282	-1.4401	1.4401	-1.4461	1.4461	-1.4635	1.4635	-1.4656	1.4656	1.4699	-1.4699	-1.4785	1.4785	1.4871	-1.4871	-1.4929	1.4929	1.4931	-1.4931	-1.5026	1.5026	-1.5067	1.5067	1.5227	-1.5227	1.533	-1.533	-1.538	1.538	1.5468	-1.5468	1.5581	-1.5581	1.5604	-1.5604	1.5677	-1.5677	1.5804	-1.5804	-1.5847	1.5847	-1.5876	1.5876	-1.6019	1.6019	-1.6066	1.6066	1.6268	-1.6268	-1.6444	1.6444	1.6475	-1.6475	-1.6514	1.6514	1.657	-1.657	-1.66	1.66	-1.6694	1.6694	-1.683	1.683	1.6965	-1.6965	-1.6966	1.6966	-1.7106	1.7106	1.7174	-1.7174	-1.7341	1.7341	-1.7342	1.7342	1.7456	-1.7456	1.7456	-1.7456	1.7564	-1.7564	1.7591	-1.7591	-1.7779	1.7779	-1.7803	1.7803	-1.7887	1.7887	1.7956	-1.7956	1.7982	-1.7982	-1.8047	1.8047	-1.8076	1.8076	1.8181	-1.8181	1.83	-1.83	1.8519	-1.8519	1.8536	-1.8536	-1.8563	1.8563	1.8626	-1.8626	-1.8661	1.8661	1.872	-1.872	-1.8748	1.8748	1.8777	-1.8777	-1.9053	1.9053	1.9288	-1.9288	1.9341	-1.9341	1.9459	-1.9459	1.9533	-1.9533	1.9767	-1.9767	-1.9913	1.9913	2.0011	-2.0011	-2.0027	2.0027	-2.0061	2.0061	-2.0153	2.0153	2.0202	-2.0202	2.0216	-2.0216	-2.0286	2.0286	2.0301	-2.0301	2.0392	-2.0392	-2.0466	2.0466	-2.0615	2.0615	-2.0616	2.0616	2.0676	-2.0676	-2.0894	2.0894	-2.1032	2.1032	2.1159	-2.1159	2.125	-2.125	-2.1298	2.1298	2.1336	-2.1336	2.1377	-2.1377	
0	0.76	-0.01488	0.01488	0.041671	-0.041671	0.054717	-0.054717	0.074398	-0.074398	-0.099211	0.099211	-0.10985	0.10985	0.13315	-0.13315	0.14139	-0.14139	0.14405	-0.14405	0.18141	-0.18141	-0.19784	0.19784	-0.21216	0.21216	0.30098	-0.30098	-0.32077	0.32077	0.35455	-0.35455	0.35658	-0.35658	-0.37688	0.37688	-0.38583	0.38583	0.38896	-0.38896	-0.4174	0.4174	0.42764	-0.42764	-0.43676	0.43676	0.44059	-0.44059	-0.4885	0.4885	-0.49345	0.49345	-0.57913	0.57913	0.58615	-0.58615	-0.59212	0.59212	0.60665	-0.60665	-0.64867	0.64867	0.65877	-0.65877	0.67496	-0.67496	-0.67823	0.67823	-0.68716	0.68716	-0.69008	0.69008	-0.70344	0.70344	-0.71789	0.71789	0.73001	-0.73001	0.73472	-0.73472	-0.73683	0.73683	-0.74658	0.74658	0.76681	-0.76681	-0.7735	0.7735	0.77752	-0.77752	-0.79846	0.79846	-0.84455	0.84455	-0.85877	0.85877	0.86833	-0.86833	-0.86836	0.86836	-0.88791	0.88791	-0.89028	0.89028	-0.92191	0.92191	-0.92814	0.92814	-0.92978	0.92978	0.93077	-0.93077	0.93586	-0.93586	0.93855	-0.93855	-0.94934	0.94934	0.95277	-0.95277	-0.96706	0.96706	-0.97742	0.97742	0.98954	-0.98954	-0.99206	0.99206	-0.99215	0.99215	0.99381	-0.99381	-1.0012	1.0012	1.0034	-1.0034	1.0127	-1.0127	-1.0313	1.0313	-1.0396	1.0396	1.04	-1.04	1.0433	-1.0433	-1.0551	1.0551	1.0648	-1.0648	-1.0683	1.0683	-1.0849	1.0849	1.0898	-1.0898	1.0902	-1.0902	1.1063	-1.1063	-1.1107	1.1107	1.1172	-1.1172	-1.1189	1.1189	-1.1239	1.1239	1.1317	-1.1317	-1.1471	1.1471	-1.1522	1.1522	-1.1559	1.1559	1.163	-1.163	1.1749	-1.1749	1.183	-1.183	-1.1936	1.1936	1.1989	-1.1989	-1.2107	1.2107	-1.2209	1.2209	1.2309	-1.2309	1.2341	-1.2341	1.2539	-1.2539	1.2631	-1.2631	-1.2685	1.2685	-1.2862	1.2862	-1.2969	1.2969	1.3096	-1.3096	-1.3116	1.3116	1.3308	-1.3308	1.3417	-1.3417	-1.3439	1.3439	-1.3473	1.3473	1.3658	-1.3658	-1.3774	1.3774	-1.3813	1.3813	1.3909	-1.3909	1.3981	-1.3981	-1.4193	1.4193	-1.4206	1.4206	1.4266	-1.4266	1.4406	-1.4406	1.4463	-1.4463	-1.4636	1.4636	-1.4649	1.4649	-1.4696	1.4696	1.4789	-1.4789	-1.4868	1.4868	1.4924	-1.4924	1.4927	-1.4927	-1.5032	1.5032	1.5065	-1.5065	1.5217	-1.5217	1.5328	-1.5328	1.5374	-1.5374	1.5464	-1.5464	1.5578	-1.5578	1.5604	-1.5604	1.5675	-1.5675	-1.5807	1.5807	-1.5832	1.5832	1.5874	-1.5874	1.6014	-1.6014	-1.6064	1.6064	-1.6271	1.6271	1.6441	-1.6441	-1.6473	1.6473	-1.6517	1.6517	1.6575	-1.6575	-1.6604	1.6604	-1.6697	1.6697	1.6833	-1.6833	-1.6965	1.6965	1.6969	-1.6969	-1.711	1.711	-1.7168	1.7168	1.7343	-1.7343	-1.7345	1.7345	1.7445	-1.7445	-1.7457	1.7457	-1.7567	1.7567	-1.7595	1.7595	1.7771	-1.7771	-1.7798	1.7798	1.7887	-1.7887	-1.7957	1.7957	-1.7984	1.7984	-1.8045	1.8045	1.8078	-1.8078	1.8192	-1.8192	-1.8303	1.8303	1.8522	-1.8522	-1.8535	1.8535	-1.8552	1.8552	1.8623	-1.8623	1.8658	-1.8658	-1.8719	1.8719	-1.8736	1.8736	-1.8765	1.8765	1.9044	-1.9044	-1.9277	1.9277	1.9314	-1.9314	-1.9446	1.9446	-1.9536	1.9536	-1.9758	1.9758	-1.9914	1.9914	1.9994	-1.9994	-2.0025	2.0025	2.0063	-2.0063	-2.0154	2.0154	2.0205	-2.0205	-2.022	2.022	-2.0294	2.0294	2.03	-2.03	-2.0396	2.0396	2.0467	-2.0467	2.0615	-2.0615	2.0622	-2.0622	-2.0676	2.0676	2.0901	-2.0901	2.1029	-2.1029	-2.1161	2.1161	-2.1246	2.1246	-2.1295	2.1295	2.1325	-2.1325	-2.1379	2.1379	
0	0.78	0.0028385	-0.0028385	-0.014324	0.014324	-0.033348	0.033348	0.047008	-0.047008	-0.092748	0.092748	0.10597	-0.10597	-0.12902	0.12902	0.14885	-0.14885	0.15162	-0.15162	0.17235	-0.17235	-0.18523	0.18523	-0.22179	0.22179	0.27637	-0.27637	0.32988	-0.32988	0.34825	-0.34825	0.3839	-0.3839	-0.40416	0.40416	-0.41225	0.41225	0.41651	-0.41651	0.44495	-0.44495	-0.45586	0.45586	0.46146	-0.46146	0.46473	-0.46473	0.46861	-0.46861	-0.47314	0.47314	-0.55532	0.55532	-0.55871	0.55871	-0.59336	0.59336	-0.6075	0.6075	0.62835	-0.62835	-0.63186	0.63186	-0.65361	0.65361	0.67591	-0.67591	-0.67626	0.67626	-0.68155	0.68155	0.68789	-0.68789	-0.69192	0.69192	-0.72835	0.72835	-0.73625	0.73625	-0.73833	0.73833	0.74558	-0.74558	0.76298	-0.76298	-0.76841	0.76841	-0.77646	0.77646	-0.79677	0.79677	-0.82908	0.82908	-0.85683	0.85683	-0.86821	0.86821	0.86865	-0.86865	-0.8829	0.8829	-0.88747	0.88747	0.91306	-0.91306	-0.92296	0.92296	-0.92901	0.92901	0.92971	-0.92971	-0.93587	0.93587	0.93834	-0.93834	0.94344	-0.94344	0.94754	-0.94754	0.9637	-0.9637	0.97518	-0.97518	0.97684	-0.97684	0.9888	-0.9888	0.99211	-0.99211	0.99214	-0.99214	-1.0002	1.0002	-1.0017	1.0017	1.0054	-1.0054	1.0272	-1.0272	-1.0326	1.0326	-1.0396	1.0396	1.0415	-1.0415	-1.0435	1.0435	-1.065	1.065	1.0683	-1.0683	-1.0702	1.0702	-1.0787	1.0787	-1.0843	1.0843	1.1017	-1.1017	1.1072	-1.1072	1.1108	-1.1108	-1.1177	1.1177	-1.1238	1.1238	1.1246	-1.1246	1.1264	-1.1264	1.1293	-1.1293	-1.1508	1.1508	-1.1626	1.1626	-1.1714	1.1714	1.1811	-1.1811	1.1927	-1.1927	1.1974	-1.1974	-1.2105	1.2105	-1.2207	1.2207	-1.2308	1.2308	1.233	-1.233	-1.2379	1.2379	-1.2627	1.2627	-1.2683	1.2683	1.2845	-1.2845	-1.2971	1.2971	-1.3025	1.3025	1.3096	-1.3096	-1.331	1.331	-1.3435	1.3435	-1.3439	1.3439	-1.3454	1.3454	1.3663	-1.3663	-1.3779	1.3779	-1.3816	1.3816	-1.391	1.391	-1.3974	1.3974	-1.4196	1.4196	1.4197	-1.4197	1.4257	-1.4257	-1.4409	1.4409	-1.4466	1.4466	-1.4636	1.4636	1.4642	-1.4642	-1.4695	1.4695	-1.4792	1.4792	1.4866	-1.4866	1.492	-1.492	-1.4927	1.4927	-1.5038	1.5038	-1.5064	1.5064	1.5208	-1.5208	1.5327	-1.5327	1.5369	-1.5369	1.5462	-1.5462	-1.5577	1.5577	-1.5604	1.5604	1.5672	-1.5672	-1.5809	1.5809	1.5815	-1.5815	-1.5872	1.5872	-1.601	1.601	1.6062	-1.6062	1.6272	-1.6272	-1.6434	1.6434	1.6473	-1.6473	1.6519	-1.6519	-1.658	1.658	-1.6607	1.6607	-1.6701	1.6701	1.6836	-1.6836	1.6964	-1.6964	1.6973	-1.6973	-1.7113	1.7113	-1.7162	1.7162	1.7345	-1.7345	1.7349	-1.7349	-1.7434	1.7434	-1.7458	1.7458	1.757	-1.757	-1.7598	1.7598	1.7762	-1.7762	1.7794	-1.7794	-1.7886	1.7886	1.7959	-1.7959	-1.7986	1.7986	-1.8043	1.8043	1.808	-1.808	-1.8204	1.8204	-1.8305	1.8305	-1.8523	1.8523	1.8534	-1.8534	1.8542	-1.8542	-1.862	1.862	-1.8655	1.8655	1.8719	-1.8719	-1.8728	1.8728	1.8753	-1.8753	-1.9035	1.9035	-1.9262	1.9262	-1.9288	1.9288	-1.9435	1.9435	-1.954	1.954	-1.9748	1.9748	-1.9915	1.9915	-1.9978	1.9978	-2.0023	2.0023	-2.0064	2.0064	2.0154	-2.0154	-2.0209	2.0209	-2.0224	2.0224	2.0299	-2.0299	2.0301	-2.0301	-2.04	2.04	2.0469	-2.0469	-2.0615	2.0615	2.0627	-2.0627	2.0676	-2.0676	2.0908	-2.0908	2.1027	-2.1027	2.1163	-2.1163	2.1242	-2.1242	-2.1277	2.1277	2.1328	-2.1328	-2.1381	2.1381	
0	0.8	0.0081215	-0.0081215	-0.013339	0.013339	-0.021201	0.021201	-0.041414	0.041414	0.070265	-0.070265	-0.07876	0.07876	-0.12355	0.12355	-0.15265	0.15265	-0.15809	0.15809	-0.17328	0.17328	0.19591	-0.19591	0.24592	-0.24592	0.25167	-0.25167	-0.3051	0.3051	0.37581	-0.37581	0.4105	-0.4105	0.43137	-0.43137	0.43419	-0.43419	-0.43839	0.43839	-0.44404	0.44404	0.45329	-0.45329	0.47249	-0.47249	-0.48432	0.48432	-0.4929	0.4929	-0.497	0.497	-0.531	0.531	0.53129	-0.53129	0.59455	-0.59455	-0.60285	0.60285	0.60688	-0.60688	0.60914	-0.60914	0.62839	-0.62839	0.64903	-0.64903	-0.66332	0.66332	-0.67503	0.67503	-0.67652	0.67652	-0.68812	0.68812	0.72605	-0.72605	0.73547	-0.73547	-0.74212	0.74212	0.74406	-0.74406	0.75899	-0.75899	-0.76417	0.76417	-0.77448	0.77448	-0.79543	0.79543	0.81162	-0.81162	-0.85658	0.85658	0.86865	-0.86865	0.86874	-0.86874	0.87306	-0.87306	0.88707	-0.88707	0.89852	-0.89852	0.92073	-0.92073	-0.92659	0.92659	0.92913	-0.92913	0.93569	-0.93569	0.93588	-0.93588	0.93853	-0.93853	-0.9389	0.9389	0.96128	-0.96128	-0.96474	0.96474	0.97621	-0.97621	-0.98711	0.98711	0.98755	-0.98755	-0.99214	0.99214	-0.99768	0.99768	0.99896	-0.99896	1.0003	-1.0003	-1.0212	1.0212	1.028	-1.028	1.0315	-1.0315	-1.0402	1.0402	-1.0434	1.0434	1.046	-1.046	1.0649	-1.0649	1.0682	-1.0682	-1.0683	1.0683	1.0836	-1.0836	-1.0863	1.0863	1.1017	-1.1017	1.1034	-1.1034	1.1109	-1.1109	-1.1134	1.1134	1.1181	-1.1181	-1.1191	1.1191	-1.124	1.124	1.1504	-1.1504	1.162	-1.162	1.1683	-1.1683	1.1798	-1.1798	1.192	-1.192	1.1962	-1.1962	-1.2102	1.2102	-1.2205	1.2205	-1.222	1.222	-1.2306	1.2306	1.2324	-1.2324	1.2624	-1.2624	-1.2683	1.2683	-1.2833	1.2833	1.2927	-1.2927	-1.2972	1.2972	1.3097	-1.3097	1.3313	-1.3313	1.3439	-1.3439	-1.344	1.344	1.3453	-1.3453	1.3666	-1.3666	1.3786	-1.3786	-1.3819	1.3819	-1.3911	1.3911	-1.397	1.397	-1.4186	1.4186	-1.4198	1.4198	-1.4251	1.4251	-1.4412	1.4412	-1.4467	1.4467	-1.4633	1.4633	-1.4635	1.4635	-1.4694	1.4694	-1.4795	1.4795	1.4865	-1.4865	-1.4916	1.4916	-1.4929	1.4929	1.5044	-1.5044	1.5064	-1.5064	-1.52	1.52	1.5325	-1.5325	-1.5364	1.5364	-1.5459	1.5459	-1.5576	1.5576	-1.5603	1.5603	-1.567	1.567	1.5799	-1.5799	1.5812	-1.5812	-1.587	1.587	-1.6007	1.6007	-1.606	1.606	1.6272	-1.6272	1.6425	-1.6425	-1.6474	1.6474	1.6522	-1.6522	-1.6585	1.6585	-1.661	1.661	1.6706	-1.6706	1.6838	-1.6838	1.6962	-1.6962	-1.6976	1.6976	-1.7116	1.7116	1.7154	-1.7154	1.7346	-1.7346	1.7352	-1.7352	1.7424	-1.7424	1.746	-1.746	1.7573	-1.7573	-1.7601	1.7601	1.7755	-1.7755	-1.779	1.779	-1.7885	1.7885	-1.796	1.796	1.7988	-1.7988	-1.8041	1.8041	1.8081	-1.8081	-1.8216	1.8216	1.8307	-1.8307	-1.8517	1.8517	1.8533	-1.8533	1.8537	-1.8537	-1.8617	1.8617	-1.8651	1.8651	1.8719	-1.8719	1.8723	-1.8723	-1.8742	1.8742	1.9027	-1.9027	-1.9244	1.9244	1.9262	-1.9262	-1.9427	1.9427	1.9544	-1.9544	1.9737	-1.9737	1.9916	-1.9916	-1.9964	1.9964	2.0021	-2.0021	2.0066	-2.0066	-2.0155	2.0155	-2.0212	2.0212	2.0227	-2.0227	-2.0296	2.0296	2.0308	-2.0308	2.0404	-2.0404	2.0473	-2.0473	-2.0615	2.0615	-2.0631	2.0631	2.0676	-2.0676	-2.0914	2.0914	-2.1025	2.1025	-2.1165	2.1165	-2.1239	2.1239	2.1255	-2.1255	-2.1334	2.1334	-2.1382	2.1382	
0	0.82	-0.007288	0.007288	0.027254	-0.027254	0.043108	-0.043108	0.049604	-0.049604	0.05389	-0.05389	-0.065245	0.065245	0.097112	-0.097112	0.1308	-0.1308	0.17629	-0.17629	0.19795	-0.19795	0.2207	-0.2207	-0.22693	0.22693	0.27005	-0.27005	0.28027	-0.28027	0.40334	-0.40334	-0.4067	0.4067	-0.42523	0.42523	0.44546	-0.44546	0.45833	-0.45833	0.46406	-0.46406	0.47137	-0.47137	0.49978	-0.49978	0.50305	-0.50305	0.50715	-0.50715	0.5128	-0.5128	0.52118	-0.52118	-0.52575	0.52575	-0.57513	0.57513	0.58431	-0.58431	-0.59506	0.59506	0.60291	-0.60291	0.6092	-0.6092	0.62126	-0.62126	-0.63634	0.63634	-0.66786	0.66786	-0.67519	0.67519	-0.68833	0.68833	0.72252	-0.72252	-0.73418	0.73418	-0.74147	0.74147	-0.74593	0.74593	0.75504	-0.75504	0.76083	-0.76083	-0.77025	0.77025	-0.79429	0.79429	-0.79684	0.79684	0.85664	-0.85664	-0.85954	0.85954	0.86915	-0.86915	0.86936	-0.86936	-0.88241	0.88241	-0.88649	0.88649	-0.91488	0.91488	0.91953	-0.91953	-0.9234	0.9234	0.92951	-0.92951	-0.93588	0.93588	0.93635	-0.93635	-0.93839	0.93839	-0.9595	0.9595	-0.96032	0.96032	0.97392	-0.97392	0.97786	-0.97786	0.98506	-0.98506	0.99218	-0.99218	0.99472	-0.99472	0.99707	-0.99707	-0.99872	0.99872	-1.014	1.014	1.0177	-1.0177	-1.0251	1.0251	-1.0282	1.0282	1.0402	-1.0402	1.0434	-1.0434	-1.0587	1.0587	-1.0641	1.0641	1.0655	-1.0655	1.0682	-1.0682	1.0747	-1.0747	-1.0831	1.0831	-1.1003	1.1003	1.1097	-1.1097	-1.1111	1.1111	-1.1144	1.1144	-1.1184	1.1184	1.124	-1.124	1.1499	-1.1499	-1.1606	1.1606	1.166	-1.166	1.1787	-1.1787	-1.1915	1.1915	1.1951	-1.1951	-1.2077	1.2077	1.2099	-1.2099	1.2202	-1.2202	1.2305	-1.2305	1.2317	-1.2317	1.2619	-1.2619	-1.2683	1.2683	-1.2824	1.2824	1.2829	-1.2829	-1.2974	1.2974	1.3097	-1.3097	-1.3315	1.3315	-1.3429	1.3429	1.3439	-1.3439	-1.347	1.347	-1.3668	1.3668	1.3795	-1.3795	1.3822	-1.3822	-1.3911	1.3911	-1.3967	1.3967	-1.4174	1.4174	1.4199	-1.4199	1.4248	-1.4248	-1.4415	1.4415	1.4469	-1.4469	1.4629	-1.4629	1.463	-1.463	-1.4694	1.4694	1.4798	-1.4798	-1.4866	1.4866	-1.4914	1.4914	-1.4932	1.4932	1.5048	-1.5048	-1.5065	1.5065	-1.5193	1.5193	-1.5324	1.5324	1.5359	-1.5359	-1.5457	1.5457	1.5576	-1.5576	-1.5603	1.5603	1.5667	-1.5667	1.5782	-1.5782	-1.5815	1.5815	1.5868	-1.5868	-1.6005	1.6005	-1.6059	1.6059	-1.6271	1.6271	1.6415	-1.6415	1.6476	-1.6476	-1.6523	1.6523	-1.659	1.659	1.6612	-1.6612	1.6711	-1.6711	-1.6841	1.6841	-1.6961	1.6961	1.698	-1.698	-1.7119	1.7119	-1.7145	1.7145	-1.7346	1.7346	1.7355	-1.7355	1.7416	-1.7416	-1.7461	1.7461	1.7575	-1.7575	-1.7603	1.7603	1.7748	-1.7748	-1.7786	1.7786	1.7884	-1.7884	-1.7961	1.7961	1.799	-1.799	-1.8038	1.8038	1.8083	-1.8083	1.8227	-1.8227	1.8309	-1.8309	-1.8505	1.8505	1.8531	-1.8531	-1.8538	1.8538	-1.8614	1.8614	-1.8647	1.8647	-1.8719	1.8719	-1.8721	1.8721	-1.8731	1.8731	-1.902	1.902	1.9223	-1.9223	-1.9237	1.9237	1.9422	-1.9422	1.9547	-1.9547	-1.9725	1.9725	1.9916	-1.9916	1.9953	-1.9953	2.0019	-2.0019	2.0067	-2.0067	-2.0155	2.0155	2.0215	-2.0215	-2.023	2.023	-2.0293	2.0293	-2.0313	2.0313	2.0408	-2.0408	-2.0478	2.0478	2.0614	-2.0614	2.0635	-2.0635	-2.0675	2.0675	-2.0921	2.0921	2.1023	-2.1023	-2.1166	2.1166	2.1232	-2.1232	2.1236	-2.1236	2.134	-2.134	-2.1384	2.1384	
0	0.84	0.011721	-0.011721	0.018143	-0.018143	-0.044036	0.044036	0.064252	-0.064252	-0.066401	0.066401	0.077361	-0.077361	-0.092156	0.092156	0.10346	-0.10346	-0.19963	0.19963	0.2022	-0.2022	0.2233	-0.2233	0.2444	-0.2444	0.25543	-0.25543	0.29407	-0.29407	-0.37902	0.37902	-0.40941	0.40941	-0.4306	0.4306	0.46872	-0.46872	0.47488	-0.47488	-0.48236	0.48236	-0.48572	0.48572	0.48915	-0.48915	-0.49816	0.49816	-0.52664	0.52664	0.54115	-0.54115	0.54693	-0.54693	-0.54935	0.54935	0.55453	-0.55453	-0.56077	0.56077	-0.57454	0.57454	0.59313	-0.59313	-0.59826	0.59826	0.60858	-0.60858	0.60996	-0.60996	0.65972	-0.65972	0.67406	-0.67406	0.68839	-0.68839	0.71597	-0.71597	-0.73213	0.73213	0.73756	-0.73756	0.74928	-0.74928	-0.75171	0.75171	0.75799	-0.75799	-0.7634	0.7634	0.78829	-0.78829	0.79323	-0.79323	-0.84367	0.84367	0.85668	-0.85668	0.8641	-0.8641	0.86925	-0.86925	-0.87056	0.87056	-0.88527	0.88527	-0.89925	0.89925	0.90897	-0.90897	-0.92116	0.92116	0.9297	-0.9297	0.93485	-0.93485	0.93597	-0.93597	0.93842	-0.93842	0.95743	-0.95743	-0.95836	0.95836	0.96393	-0.96393	0.97607	-0.97607	-0.9796	0.9796	0.9914	-0.9914	-0.99221	0.99221	-0.99353	0.99353	-0.99465	0.99465	0.99806	-0.99806	1.008	-1.008	1.0229	-1.0229	1.0235	-1.0235	-1.0401	1.0401	-1.0411	1.0411	-1.0434	1.0434	-1.0448	1.0448	-1.0555	1.0555	1.0656	-1.0656	1.0681	-1.0681	1.0826	-1.0826	1.098	-1.098	-1.1085	1.1085	1.1101	-1.1101	1.1111	-1.1111	1.1187	-1.1187	1.124	-1.124	-1.1495	1.1495	1.1577	-1.1577	-1.165	1.165	1.1776	-1.1776	1.1906	-1.1906	-1.1926	1.1926	1.197	-1.197	-1.2094	1.2094	-1.2198	1.2198	-1.2303	1.2303	1.2311	-1.2311	1.2613	-1.2613	-1.2684	1.2684	-1.2735	1.2735	-1.2816	1.2816	-1.2975	1.2975	-1.3097	1.3097	-1.3316	1.3316	-1.342	1.342	-1.3438	1.3438	1.3486	-1.3486	-1.3669	1.3669	-1.3804	1.3804	1.3824	-1.3824	-1.3911	1.3911	1.3965	-1.3965	1.4162	-1.4162	1.4201	-1.4201	1.4246	-1.4246	-1.4416	1.4416	-1.4471	1.4471	1.4624	-1.4624	-1.4625	1.4625	1.4694	-1.4694	1.4801	-1.4801	1.4868	-1.4868	1.4913	-1.4913	-1.4936	1.4936	-1.5053	1.5053	-1.5068	1.5068	1.5187	-1.5187	-1.5324	1.5324	1.5355	-1.5355	-1.5456	1.5456	-1.5576	1.5576	-1.5603	1.5603	-1.5665	1.5665	1.5765	-1.5765	1.5818	-1.5818	-1.5866	1.5866	1.6003	-1.6003	-1.6058	1.6058	-1.6267	1.6267	1.6405	-1.6405	1.6478	-1.6478	-1.6525	1.6525	1.6594	-1.6594	-1.6615	1.6615	-1.6716	1.6716	-1.6843	1.6843	-1.6961	1.6961	-1.6983	1.6983	-1.7122	1.7122	-1.7135	1.7135	-1.7346	1.7346	1.7359	-1.7359	1.7408	-1.7408	1.7462	-1.7462	-1.7577	1.7577	1.7605	-1.7605	-1.7741	1.7741	1.7783	-1.7783	1.7882	-1.7882	1.7963	-1.7963	1.7992	-1.7992	1.8036	-1.8036	1.8084	-1.8084	-1.8238	1.8238	1.8311	-1.8311	1.8491	-1.8491	-1.853	1.853	-1.854	1.854	-1.8611	1.8611	-1.8642	1.8642	-1.872	1.872	-1.8721	1.8721	1.8721	-1.8721	1.9013	-1.9013	1.9199	-1.9199	1.9212	-1.9212	1.9418	-1.9418	-1.955	1.955	-1.9712	1.9712	1.9917	-1.9917	-1.9944	1.9944	2.0017	-2.0017	2.0068	-2.0068	-2.0156	2.0156	2.0218	-2.0218	2.0232	-2.0232	2.029	-2.029	-2.0318	2.0318	-2.0412	2.0412	-2.0484	2.0484	-2.0612	2.0612	2.0638	-2.0638	2.0675	-2.0675	-2.0928	2.0928	2.1021	-2.1021	2.1166	-2.1166	-2.1209	2.1209	-2.1233	2.1233	2.1345	-2.1345	2.1386	-2.1386	
0	0.86	0.0062574	-0.0062574	0.0076017	-0.0076017	-0.047817	0.047817	0.069081	-0.069081	-0.076189	0.076189	0.093119	-0.093119	0.1018	-0.1018	0.11861	-0.11861	0.17757	-0.17757	-0.22257	0.22257	0.23066	-0.23066	0.24832	-0.24832	0.2654	-0.2654	0.31784	-0.31784	-0.35118	0.35118	-0.39236	0.39236	0.44652	-0.44652	-0.45329	0.45329	-0.46443	0.46443	-0.49499	0.49499	0.50987	-0.50987	0.51286	-0.51286	0.51854	-0.51854	0.5237	-0.5237	-0.53713	0.53713	0.54746	-0.54746	0.55266	-0.55266	0.56473	-0.56473	0.56876	-0.56876	0.57754	-0.57754	0.58047	-0.58047	0.58323	-0.58323	-0.60096	0.60096	0.61108	-0.61108	0.65111	-0.65111	-0.67254	0.67254	-0.68774	0.68774	-0.70399	0.70399	0.72916	-0.72916	0.7337	-0.7337	0.74832	-0.74832	0.75277	-0.75277	0.75384	-0.75384	-0.75899	0.75899	0.78452	-0.78452	-0.79214	0.79214	-0.82588	0.82588	-0.84653	0.84653	-0.85638	0.85638	0.86746	-0.86746	0.87033	-0.87033	0.88244	-0.88244	-0.88382	0.88382	-0.89876	0.89876	0.92052	-0.92052	0.92992	-0.92992	0.93313	-0.93313	0.93605	-0.93605	-0.93849	0.93849	-0.952	0.952	-0.9536	0.9536	-0.95756	0.95756	0.96917	-0.96917	-0.97106	0.97106	-0.97561	0.97561	0.99168	-0.99168	0.99219	-0.99219	0.99261	-0.99261	0.99595	-0.99595	-1.0037	1.0037	-1.0156	1.0156	1.0207	-1.0207	1.0212	-1.0212	-1.0243	1.0243	1.0403	-1.0403	-1.0434	1.0434	-1.05	1.05	1.0658	-1.0658	-1.0681	1.0681	1.0822	-1.0822	-1.0964	1.0964	-1.1061	1.1061	1.1079	-1.1079	-1.1112	1.1112	1.119	-1.119	1.124	-1.124	1.149	-1.149	-1.1537	1.1537	1.1646	-1.1646	1.1758	-1.1758	1.1836	-1.1836	-1.1907	1.1907	-1.1949	1.1949	1.2088	-1.2088	1.2191	-1.2191	1.2302	-1.2302	-1.2305	1.2305	1.2597	-1.2597	-1.2659	1.2659	1.2684	-1.2684	-1.2808	1.2808	1.2976	-1.2976	-1.3097	1.3097	-1.3318	1.3318	1.3413	-1.3413	1.3438	-1.3438	-1.3502	1.3502	-1.3669	1.3669	-1.3814	1.3814	1.3825	-1.3825	1.3911	-1.3911	-1.3963	1.3963	1.4151	-1.4151	1.4202	-1.4202	1.4245	-1.4245	-1.4416	1.4416	1.4472	-1.4472	-1.4619	1.4619	-1.462	1.462	-1.4694	1.4694	1.4803	-1.4803	-1.487	1.487	1.4913	-1.4913	-1.4939	1.4939	-1.5057	1.5057	1.5073	-1.5073	-1.5181	1.5181	1.5323	-1.5323	-1.5352	1.5352	1.5455	-1.5455	-1.5577	1.5577	-1.5603	1.5603	1.5664	-1.5664	1.5748	-1.5748	-1.5821	1.5821	-1.5864	1.5864	1.6001	-1.6001	-1.6057	1.6057	1.6261	-1.6261	-1.6396	1.6396	-1.6479	1.6479	-1.6525	1.6525	-1.6599	1.6599	1.6617	-1.6617	1.6722	-1.6722	-1.6846	1.6846	-1.696	1.696	1.6986	-1.6986	1.7124	-1.7124	-1.7124	1.7124	1.7344	-1.7344	1.7362	-1.7362	1.7403	-1.7403	1.7464	-1.7464	1.7579	-1.7579	1.7607	-1.7607	-1.7736	1.7736	-1.7779	1.7779	1.7879	-1.7879	1.7964	-1.7964	1.7995	-1.7995	1.8034	-1.8034	1.8085	-1.8085	1.8247	-1.8247	-1.8313	1.8313	-1.8478	1.8478	1.8529	-1.8529	1.8541	-1.8541	1.8609	-1.8609	-1.8636	1.8636	-1.8712	1.8712	-1.8721	1.8721	-1.8721	1.8721	-1.9006	1.9006	-1.9173	1.9173	1.9189	-1.9189	-1.9417	1.9417	-1.9553	1.9553	1.9697	-1.9697	1.9916	-1.9916	1.9937	-1.9937	2.0016	-2.0016	2.0069	-2.0069	2.0156	-2.0156	-2.0221	2.0221	-2.0234	2.0234	2.0287	-2.0287	-2.0322	2.0322	2.0416	-2.0416	-2.0491	2.0491	-2.061	2.061	2.064	-2.064	-2.0674	2.0674	2.0935	-2.0935	-2.1019	2.1019	-2.1163	2.1163	2.1189	-2.1189	2.1231	-2.1231	-2.135	2.135	2.1387	-2.1387	
0	0.88	0.0012664	-0.0012664	0.031409	-0.031409	-0.052248	0.052248	-0.052875	0.052875	-0.097013	0.097013	-0.12116	0.12116	-0.13029	0.13029	-0.14557	0.14557	0.15316	-0.15316	-0.20607	0.20607	-0.24502	0.24502	0.27193	-0.27193	-0.28037	0.28037	0.32321	-0.32321	-0.34124	0.34124	-0.38043	0.38043	-0.41801	0.41801	-0.43651	0.43651	-0.48578	0.48578	-0.48991	0.48991	0.50996	-0.50996	0.51913	-0.51913	0.52153	-0.52153	-0.53282	0.53282	0.53608	-0.53608	-0.53947	0.53947	0.54669	-0.54669	-0.55223	0.55223	-0.57661	0.57661	0.59264	-0.59264	-0.60264	0.60264	-0.60843	0.60843	0.60917	-0.60917	0.61711	-0.61711	-0.64376	0.64376	0.67044	-0.67044	0.68025	-0.68025	-0.69293	0.69293	0.72552	-0.72552	0.73151	-0.73151	-0.74647	0.74647	-0.7489	0.7489	0.75366	-0.75366	-0.7577	0.7577	-0.78251	0.78251	-0.79084	0.79084	0.80813	-0.80813	-0.82902	0.82902	-0.85353	0.85353	-0.86181	0.86181	-0.86974	0.86974	0.87076	-0.87076	0.87934	-0.87934	-0.89358	0.89358	0.92001	-0.92001	-0.92729	0.92729	-0.93013	0.93013	-0.93399	0.93399	-0.93646	0.93646	-0.93857	0.93857	0.94497	-0.94497	0.95703	-0.95703	0.95729	-0.95729	0.96407	-0.96407	0.9752	-0.9752	-0.98514	0.98514	-0.98734	0.98734	-0.99229	0.99229	-0.99398	0.99398	-0.99492	0.99492	1.0027	-1.0027	1.0073	-1.0073	1.0195	-1.0195	1.0207	-1.0207	-1.0404	1.0404	1.0435	-1.0435	-1.0469	1.0469	1.0659	-1.0659	1.068	-1.068	1.0819	-1.0819	1.0954	-1.0954	1.1022	-1.1022	1.1076	-1.1076	1.1113	-1.1113	1.1192	-1.1192	-1.1239	1.1239	-1.1485	1.1485	-1.1485	1.1485	-1.1643	1.1643	1.1714	-1.1714	-1.179	1.179	1.1902	-1.1902	1.1943	-1.1943	1.2078	-1.2078	1.2183	-1.2183	1.2301	-1.2301	1.2301	-1.2301	-1.2545	1.2545	1.2629	-1.2629	1.2685	-1.2685	1.2801	-1.2801	-1.2977	1.2977	1.3097	-1.3097	1.3319	-1.3319	-1.3407	1.3407	-1.3438	1.3438	-1.3518	1.3518	1.3669	-1.3669	1.3824	-1.3824	-1.3827	1.3827	1.3911	-1.3911	-1.3962	1.3962	1.4139	-1.4139	-1.4202	1.4202	-1.4244	1.4244	1.4416	-1.4416	-1.4474	1.4474	-1.4614	1.4614	1.4615	-1.4615	1.4695	-1.4695	-1.4805	1.4805	1.4873	-1.4873	1.4913	-1.4913	-1.4942	1.4942	-1.5061	1.5061	-1.5078	1.5078	-1.5176	1.5176	-1.5323	1.5323	-1.5349	1.5349	-1.5454	1.5454	1.5579	-1.5579	1.5602	-1.5602	1.5662	-1.5662	-1.5731	1.5731	1.5824	-1.5824	-1.5861	1.5861	-1.6	1.6	1.6056	-1.6056	1.6253	-1.6253	1.6389	-1.6389	1.6481	-1.6481	-1.6526	1.6526	1.6603	-1.6603	1.662	-1.662	-1.6727	1.6727	1.6848	-1.6848	1.6959	-1.6959	1.6988	-1.6988	-1.7112	1.7112	-1.7126	1.7126	-1.7341	1.7341	1.7365	-1.7365	-1.7399	1.7399	-1.7465	1.7465	-1.7581	1.7581	-1.7609	1.7609	-1.7731	1.7731	-1.7776	1.7776	-1.7876	1.7876	-1.7965	1.7965	-1.7997	1.7997	1.8032	-1.8032	-1.8086	1.8086	1.8256	-1.8256	-1.8314	1.8314	-1.8467	1.8467	1.8527	-1.8527	1.8543	-1.8543	-1.8607	1.8607	1.863	-1.863	1.8705	-1.8705	-1.8721	1.8721	1.8723	-1.8723	1.8999	-1.8999	-1.9146	1.9146	-1.9166	1.9166	-1.9416	1.9416	1.9555	-1.9555	-1.9682	1.9682	-1.9915	1.9915	-1.9932	1.9932	-2.0015	2.0015	-2.007	2.007	-2.0157	2.0157	-2.0224	2.0224	2.0235	-2.0235	-2.0284	2.0284	-2.0326	2.0326	-2.042	2.042	-2.0499	2.0499	-2.0607	2.0607	2.0642	-2.0642	-2.0673	2.0673	2.0942	-2.0942	-2.1017	2.1017	-2.1152	2.1152	-2.1178	2.1178	-2.123	2.123	2.1354	-2.1354	-2.1389	2.1389	
0	0.9	-0.017581	0.017581	0.02218	-0.02218	0.066668	-0.066668	0.076219	-0.076219	-0.12455	0.12455	-0.12995	0.12995	0.14964	-0.14964	0.15914	-0.15914	-0.17254	0.17254	0.18183	-0.18183	-0.26688	0.26688	0.2839	-0.2839	0.292	-0.292	0.29516	-0.29516	-0.36408	0.36408	-0.37927	0.37927	-0.3894	0.3894	0.4181	-0.4181	0.46121	-0.46121	0.48443	-0.48443	0.49208	-0.49208	0.50722	-0.50722	-0.51269	0.51269	-0.52364	0.52364	0.54572	-0.54572	-0.55236	0.55236	-0.56209	0.56209	0.56256	-0.56256	-0.59448	0.59448	-0.60885	0.60885	0.60915	-0.60915	-0.62423	0.62423	0.6329	-0.6329	-0.64174	0.64174	0.64466	-0.64466	0.66069	-0.66069	-0.66841	0.66841	-0.69131	0.69131	0.72211	-0.72211	0.73091	-0.73091	-0.74371	0.74371	-0.74519	0.74519	-0.75013	0.75013	0.75736	-0.75736	0.78096	-0.78096	-0.78849	0.78849	-0.79401	0.79401	-0.8142	0.8142	-0.84235	0.84235	-0.85769	0.85769	-0.85935	0.85935	0.87076	-0.87076	0.8777	-0.8777	-0.89154	0.89154	0.90512	-0.90512	0.91873	-0.91873	-0.92606	0.92606	0.92967	-0.92967	0.93107	-0.93107	-0.93645	0.93645	-0.9387	0.9387	-0.95147	0.95147	0.95642	-0.95642	-0.96083	0.96083	-0.96929	0.96929	0.97178	-0.97178	-0.97537	0.97537	-0.99211	0.99211	-0.99254	0.99254	-0.99288	0.99288	0.99881	-0.99881	1.0049	-1.0049	-1.0183	1.0183	-1.0189	1.0189	1.0404	-1.0404	-1.0435	1.0435	1.0448	-1.0448	-1.066	1.066	1.0679	-1.0679	-1.0816	1.0816	1.0949	-1.0949	1.0981	-1.0981	1.1074	-1.1074	1.1113	-1.1113	1.1195	-1.1195	1.1239	-1.1239	-1.1425	1.1425	1.1479	-1.1479	1.1637	-1.1637	1.1667	-1.1667	1.1775	-1.1775	-1.1898	1.1898	-1.1939	1.1939	-1.2063	1.2063	-1.2173	1.2173	1.2296	-1.2296	1.2299	-1.2299	-1.2482	1.2482	1.2622	-1.2622	-1.2685	1.2685	-1.2795	1.2795	1.2978	-1.2978	1.3097	-1.3097	1.332	-1.332	1.3402	-1.3402	1.3438	-1.3438	1.3532	-1.3532	-1.3668	1.3668	1.3828	-1.3828	-1.3833	1.3833	1.391	-1.391	1.396	-1.396	1.4128	-1.4128	-1.4202	1.4202	-1.4244	1.4244	-1.4415	1.4415	-1.4475	1.4475	1.461	-1.461	-1.4611	1.4611	-1.4695	1.4695	1.4807	-1.4807	-1.4876	1.4876	-1.4914	1.4914	1.4945	-1.4945	-1.5064	1.5064	1.5086	-1.5086	1.5172	-1.5172	-1.5322	1.5322	1.5346	-1.5346	1.5454	-1.5454	1.5581	-1.5581	1.5601	-1.5601	1.566	-1.566	-1.5714	1.5714	1.5826	-1.5826	-1.5858	1.5858	1.5998	-1.5998	-1.6056	1.6056	1.6242	-1.6242	-1.6383	1.6383	1.6482	-1.6482	-1.6526	1.6526	-1.6608	1.6608	-1.6622	1.6622	1.6732	-1.6732	1.685	-1.685	1.6959	-1.6959	-1.6991	1.6991	1.7099	-1.7099	-1.7127	1.7127	1.7338	-1.7338	-1.7368	1.7368	1.7397	-1.7397	1.7466	-1.7466	-1.7583	1.7583	1.761	-1.761	1.7726	-1.7726	1.7773	-1.7773	1.7872	-1.7872	-1.7966	1.7966	-1.8	1.8	1.803	-1.803	-1.8087	1.8087	1.8263	-1.8263	-1.8315	1.8315	1.8456	-1.8456	-1.8526	1.8526	1.8544	-1.8544	1.8605	-1.8605	-1.8622	1.8622	-1.8699	1.8699	-1.8722	1.8722	1.8726	-1.8726	1.8992	-1.8992	-1.9119	1.9119	-1.9143	1.9143	1.9416	-1.9416	1.9558	-1.9558	-1.9666	1.9666	-1.9914	1.9914	1.993	-1.993	2.0013	-2.0013	2.0071	-2.0071	2.0157	-2.0157	2.0227	-2.0227	-2.0235	2.0235	2.0281	-2.0281	-2.0329	2.0329	-2.0424	2.0424	2.0507	-2.0507	2.0603	-2.0603	2.0642	-2.0642	-2.0673	2.0673	2.0948	-2.0948	2.1016	-2.1016	-2.1133	2.1133	2.1175	-2.1175	2.1228	-2.1228	2.1357	-2.1357	2.139	-2.139	
0	0.92	-0.0093396	0.0093396	0.048413	-0.048413	0.094228	-0.094228	0.10261	-0.10261	0.10553	-0.10553	-0.1541	0.1541	0.15823	-0.15823	0.17827	-0.17827	-0.18807	0.18807	-0.19917	0.19917	0.26712	-0.26712	-0.27486	0.27486	-0.28806	0.28806	0.30406	-0.30406	0.36067	-0.36067	-0.38616	0.38616	0.39032	-0.39032	0.40715	-0.40715	0.43248	-0.43248	-0.45947	0.45947	-0.46435	0.46435	0.47823	-0.47823	-0.49481	0.49481	-0.53773	0.53773	-0.56667	0.56667	-0.56778	0.56778	0.56876	-0.56876	0.58267	-0.58267	-0.60226	0.60226	0.60965	-0.60965	-0.62275	0.62275	-0.63561	0.63561	-0.6437	0.6437	0.65084	-0.65084	-0.6619	0.6619	0.66478	-0.66478	0.67707	-0.67707	-0.69135	0.69135	0.72045	-0.72045	-0.73163	0.73163	0.7373	-0.7373	0.73904	-0.73904	-0.74589	0.74589	0.75757	-0.75757	0.77944	-0.77944	-0.78072	0.78072	-0.78964	0.78964	-0.80527	0.80527	-0.82965	0.82965	0.84735	-0.84735	-0.85898	0.85898	-0.86851	0.86851	0.87094	-0.87094	-0.88667	0.88667	-0.89249	0.89249	0.90706	-0.90706	0.91534	-0.91534	0.92112	-0.92112	-0.93058	0.93058	0.93661	-0.93661	0.93882	-0.93882	0.94743	-0.94743	-0.95023	0.95023	0.95824	-0.95824	0.95981	-0.95981	0.96307	-0.96307	-0.9749	0.9749	0.99162	-0.99162	-0.99221	0.99221	-0.99245	0.99245	-0.9976	0.9976	1.004	-1.004	-1.0172	1.0172	-1.0175	1.0175	1.0405	-1.0405	-1.0434	1.0434	-1.0435	1.0435	-1.0661	1.0661	1.0679	-1.0679	-1.0813	1.0813	1.0938	-1.0938	1.0947	-1.0947	1.1072	-1.1072	-1.1114	1.1114	1.1197	-1.1197	-1.1239	1.1239	-1.1362	1.1362	1.1473	-1.1473	-1.1611	1.1611	1.1651	-1.1651	-1.1767	1.1767	-1.1893	1.1893	-1.1936	1.1936	1.204	-1.204	-1.2162	1.2162	1.2293	-1.2293	-1.2297	1.2297	1.2431	-1.2431	1.2618	-1.2618	1.2685	-1.2685	1.2788	-1.2788	1.2978	-1.2978	1.3097	-1.3097	-1.3321	1.3321	-1.3398	1.3398	1.3437	-1.3437	-1.3546	1.3546	1.3667	-1.3667	1.3829	-1.3829	1.3842	-1.3842	1.3909	-1.3909	1.3959	-1.3959	1.4118	-1.4118	1.4202	-1.4202	-1.4243	1.4243	1.4414	-1.4414	1.4476	-1.4476	-1.4605	1.4605	1.4607	-1.4607	1.4695	-1.4695	-1.4809	1.4809	1.4879	-1.4879	-1.4915	1.4915	1.4947	-1.4947	-1.5067	1.5067	1.5094	-1.5094	-1.5168	1.5168	1.5322	-1.5322	-1.5343	1.5343	-1.5453	1.5453	-1.5584	1.5584	1.56	-1.56	1.5659	-1.5659	1.5698	-1.5698	1.5828	-1.5828	-1.5855	1.5855	-1.5997	1.5997	-1.6056	1.6056	-1.6229	1.6229	-1.6378	1.6378	1.6483	-1.6483	-1.6526	1.6526	1.6612	-1.6612	1.6625	-1.6625	-1.6738	1.6738	-1.6852	1.6852	1.6959	-1.6959	1.6993	-1.6993	1.7085	-1.7085	-1.7129	1.7129	1.7333	-1.7333	-1.7371	1.7371	-1.7396	1.7396	-1.7467	1.7467	-1.7585	1.7585	1.7611	-1.7611	-1.7722	1.7722	-1.777	1.777	-1.7868	1.7868	-1.7967	1.7967	-1.8004	1.8004	1.8028	-1.8028	1.8087	-1.8087	1.8269	-1.8269	-1.8316	1.8316	-1.8448	1.8448	1.8524	-1.8524	-1.8544	1.8544	1.8604	-1.8604	1.8615	-1.8615	1.8694	-1.8694	-1.8723	1.8723	1.873	-1.873	-1.8983	1.8983	-1.9094	1.9094	1.9122	-1.9122	-1.9417	1.9417	-1.956	1.956	-1.9649	1.9649	-1.9913	1.9913	1.9928	-1.9928	2.0012	-2.0012	-2.0072	2.0072	2.0157	-2.0157	-2.023	2.023	2.0236	-2.0236	-2.0278	2.0278	2.0331	-2.0331	-2.0428	2.0428	-2.0515	2.0515	2.0599	-2.0599	2.0643	-2.0643	2.0672	-2.0672	2.0954	-2.0954	-2.1014	2.1014	-2.1113	2.1113	2.1175	-2.1175	2.1227	-2.1227	-2.1359	2.1359	-2.1391	2.1391	
0	0.94	-0.036533	0.036533	0.075126	-0.075126	0.083622	-0.083622	0.12187	-0.12187	0.12955	-0.12955	0.13631	-0.13631	-0.18227	0.18227	-0.20695	0.20695	0.21656	-0.21656	-0.22412	0.22412	0.23933	-0.23933	0.25984	-0.25984	0.30242	-0.30242	0.30858	-0.30858	0.33197	-0.33197	0.40368	-0.40368	0.40721	-0.40721	-0.40825	0.40825	-0.40854	0.40854	-0.43499	0.43499	0.43676	-0.43676	0.44913	-0.44913	0.46622	-0.46622	-0.56013	0.56013	-0.56197	0.56197	0.57876	-0.57876	-0.58592	0.58592	-0.59867	0.59867	0.60175	-0.60175	0.61	-0.61	-0.61213	0.61213	0.64813	-0.64813	0.64979	-0.64979	0.6557	-0.6557	-0.67517	0.67517	-0.68949	0.68949	0.6925	-0.6925	0.70193	-0.70193	0.72081	-0.72081	-0.72762	0.72762	-0.73192	0.73192	0.73547	-0.73547	-0.74639	0.74639	-0.75841	0.75841	0.7733	-0.7733	-0.77799	0.77799	0.78778	-0.78778	-0.80387	0.80387	0.82033	-0.82033	-0.83941	0.83941	-0.84492	0.84492	0.85909	-0.85909	-0.8711	0.8711	-0.88473	0.88473	-0.88505	0.88505	0.89139	-0.89139	-0.90241	0.90241	-0.91911	0.91911	-0.93068	0.93068	0.93675	-0.93675	-0.93871	0.93871	-0.93917	0.93917	0.94488	-0.94488	0.95783	-0.95783	0.95883	-0.95883	-0.95916	0.95916	0.97471	-0.97471	0.99131	-0.99131	-0.99172	0.99172	0.99247	-0.99247	0.99704	-0.99704	1.0036	-1.0036	1.0164	-1.0164	1.0165	-1.0165	1.0405	-1.0405	-1.0426	1.0426	-1.0435	1.0435	1.0662	-1.0662	1.0678	-1.0678	-1.0811	1.0811	1.0894	-1.0894	-1.0949	1.0949	-1.1071	1.1071	1.1114	-1.1114	-1.1199	1.1199	1.1239	-1.1239	1.1303	-1.1303	-1.1467	1.1467	1.1583	-1.1583	1.165	-1.165	1.176	-1.176	-1.1889	1.1889	-1.1933	1.1933	-1.2009	1.2009	1.2152	-1.2152	1.2289	-1.2289	-1.2294	1.2294	-1.2394	1.2394	-1.2616	1.2616	-1.2686	1.2686	-1.2782	1.2782	-1.2979	1.2979	-1.3097	1.3097	1.3321	-1.3321	-1.3395	1.3395	-1.3437	1.3437	1.356	-1.356	-1.3666	1.3666	-1.3829	1.3829	1.385	-1.385	-1.3909	1.3909	-1.3958	1.3958	-1.4108	1.4108	-1.4202	1.4202	1.4243	-1.4243	1.4412	-1.4412	1.4476	-1.4476	1.4601	-1.4601	-1.4605	1.4605	1.4694	-1.4694	1.481	-1.481	1.4881	-1.4881	1.4916	-1.4916	-1.4948	1.4948	-1.507	1.507	1.5103	-1.5103	-1.5165	1.5165	-1.5322	1.5322	-1.5341	1.5341	-1.5453	1.5453	-1.5587	1.5587	-1.5599	1.5599	-1.5658	1.5658	1.5683	-1.5683	-1.583	1.583	-1.5851	1.5851	1.5996	-1.5996	-1.6056	1.6056	1.6214	-1.6214	-1.6375	1.6375	1.6484	-1.6484	-1.6525	1.6525	-1.6616	1.6616	1.6627	-1.6627	1.6743	-1.6743	-1.6854	1.6854	-1.6959	1.6959	-1.6995	1.6995	1.707	-1.707	1.713	-1.713	1.7329	-1.7329	1.7374	-1.7374	1.7396	-1.7396	-1.7468	1.7468	-1.7587	1.7587	-1.7611	1.7611	1.7718	-1.7718	-1.7767	1.7767	1.7863	-1.7863	-1.7968	1.7968	1.8007	-1.8007	-1.8027	1.8027	-1.8088	1.8088	-1.8273	1.8273	-1.8316	1.8316	-1.8441	1.8441	1.8522	-1.8522	1.8544	-1.8544	1.8604	-1.8604	1.8607	-1.8607	1.869	-1.869	1.8723	-1.8723	1.8735	-1.8735	1.8971	-1.8971	-1.907	1.907	1.9101	-1.9101	-1.9418	1.9418	-1.9562	1.9562	1.9632	-1.9632	-1.9912	1.9912	-1.9927	1.9927	2.0011	-2.0011	-2.0073	2.0073	2.0158	-2.0158	2.0234	-2.0234	2.0235	-2.0235	2.0276	-2.0276	2.0333	-2.0333	-2.0432	2.0432	2.0524	-2.0524	2.0594	-2.0594	-2.0642	2.0642	-2.0671	2.0671	2.0958	-2.0958	-2.1013	2.1013	-2.1094	2.1094	-2.1175	2.1175	2.1227	-2.1227	2.1361	-2.1361	2.1393	-2.1393	
0	0.96	-0.056657	0.056657	0.070705	-0.070705	0.10179	-0.10179	-0.11445	0.11445	0.15145	-0.15145	-0.15632	0.15632	0.20449	-0.20449	0.21734	-0.21734	-0.2274	0.2274	-0.23554	0.23554	0.24719	-0.24719	-0.26024	0.26024	-0.28854	0.28854	-0.30342	0.30342	-0.32803	0.32803	0.37543	-0.37543	-0.40336	0.40336	0.40927	-0.40927	0.41998	-0.41998	-0.42749	0.42749	-0.42806	0.42806	0.42825	-0.42825	-0.43821	0.43821	0.55157	-0.55157	-0.57334	0.57334	0.58111	-0.58111	-0.58913	0.58913	-0.59495	0.59495	-0.60707	0.60707	-0.61028	0.61028	-0.61586	0.61586	-0.63965	0.63965	0.66204	-0.66204	-0.6741	0.6741	0.67505	-0.67505	0.69268	-0.69268	-0.7137	0.7137	0.71387	-0.71387	-0.7186	0.7186	-0.73089	0.73089	0.74118	-0.74118	0.74332	-0.74332	0.75052	-0.75052	-0.76059	0.76059	0.77057	-0.77057	0.77711	-0.77711	0.78584	-0.78584	-0.80773	0.80773	-0.81339	0.81339	-0.82217	0.82217	0.83278	-0.83278	-0.85914	0.85914	0.8643	-0.8643	-0.87127	0.87127	-0.88188	0.88188	0.88978	-0.88978	0.89567	-0.89567	0.9161	-0.9161	-0.93024	0.93024	-0.93217	0.93217	0.93688	-0.93688	-0.93915	0.93915	0.94342	-0.94342	0.95789	-0.95789	0.95814	-0.95814	0.95835	-0.95835	0.97457	-0.97457	-0.99113	0.99113	-0.99136	0.99136	0.9925	-0.9925	0.99675	-0.99675	1.0034	-1.0034	-1.0155	1.0155	1.016	-1.016	-1.0406	1.0406	-1.0423	1.0423	-1.0436	1.0436	-1.0663	1.0663	1.0678	-1.0678	1.081	-1.081	1.0849	-1.0849	-1.0955	1.0955	-1.1071	1.1071	1.1114	-1.1114	-1.12	1.12	1.1238	-1.1238	-1.1252	1.1252	-1.1461	1.1461	-1.1559	1.1559	-1.165	1.165	-1.1754	1.1754	-1.1885	1.1885	1.1931	-1.1931	1.1971	-1.1971	-1.2145	1.2145	1.2286	-1.2286	-1.2291	1.2291	1.2368	-1.2368	-1.2615	1.2615	1.2686	-1.2686	-1.2776	1.2776	-1.2979	1.2979	-1.3097	1.3097	-1.3321	1.3321	-1.3392	1.3392	-1.3437	1.3437	-1.3572	1.3572	1.3665	-1.3665	1.3829	-1.3829	1.3858	-1.3858	-1.3908	1.3908	-1.3957	1.3957	1.4098	-1.4098	-1.4201	1.4201	1.4242	-1.4242	-1.441	1.441	-1.4476	1.4476	-1.4597	1.4597	-1.4603	1.4603	-1.4694	1.4694	1.4811	-1.4811	1.4882	-1.4882	1.4918	-1.4918	1.4949	-1.4949	1.5072	-1.5072	-1.5112	1.5112	-1.5164	1.5164	1.5323	-1.5323	1.5339	-1.5339	-1.5453	1.5453	1.559	-1.559	1.5597	-1.5597	-1.5657	1.5657	-1.5668	1.5668	-1.5832	1.5832	1.5848	-1.5848	-1.5995	1.5995	-1.6057	1.6057	-1.6197	1.6197	-1.6374	1.6374	1.6485	-1.6485	1.6524	-1.6524	1.6619	-1.6619	-1.6629	1.6629	1.6748	-1.6748	-1.6856	1.6856	1.6959	-1.6959	1.6997	-1.6997	-1.7053	1.7053	-1.7131	1.7131	-1.7325	1.7325	-1.7376	1.7376	-1.7396	1.7396	-1.7469	1.7469	-1.7589	1.7589	-1.7611	1.7611	-1.7715	1.7715	1.7764	-1.7764	1.7858	-1.7858	-1.7969	1.7969	-1.801	1.801	-1.8026	1.8026	-1.8088	1.8088	1.8276	-1.8276	-1.8316	1.8316	1.8437	-1.8437	-1.8519	1.8519	-1.8544	1.8544	-1.8599	1.8599	-1.8604	1.8604	1.8687	-1.8687	1.8724	-1.8724	1.874	-1.874	1.8956	-1.8956	-1.9051	1.9051	1.9081	-1.9081	-1.9419	1.9419	1.9564	-1.9564	1.9614	-1.9614	-1.9911	1.9911	-1.9927	1.9927	-2.001	2.001	2.0074	-2.0074	-2.0158	2.0158	-2.0235	2.0235	2.0237	-2.0237	2.0274	-2.0274	-2.0334	2.0334	-2.0436	2.0436	-2.0533	2.0533	2.0588	-2.0588	2.0642	-2.0642	2.0671	-2.0671	2.0961	-2.0961	2.1012	-2.1012	-2.1078	2.1078	-2.1175	2.1175	2.1227	-2.1227	-2.1362	2.1362	-2.1394	2.1394	
0	0.98	-0.044382	0.044382	-0.093387	0.093387	-0.097724	0.097724	0.1281	-0.1281	-0.17921	0.17921	-0.1814	0.1814	0.18244	-0.18244	-0.20926	0.20926	-0.23925	0.23925	-0.26331	0.26331	-0.26851	0.26851	-0.27287	0.27287	-0.27759	0.27759	0.28304	-0.28304	-0.34641	0.34641	0.34807	-0.34807	-0.37892	0.37892	0.3832	-0.3832	0.39102	-0.39102	-0.40915	0.40915	0.44415	-0.44415	-0.44791	0.44791	-0.4486	0.4486	0.53989	-0.53989	-0.55774	0.55774	0.57171	-0.57171	0.59725	-0.59725	0.60002	-0.60002	-0.60578	0.60578	-0.60846	0.60846	-0.62117	0.62117	-0.63355	0.63355	-0.66168	0.66168	-0.66788	0.66788	-0.68889	0.68889	0.69538	-0.69538	0.71331	-0.71331	0.71785	-0.71785	-0.73144	0.73144	-0.74013	0.74013	0.74844	-0.74844	-0.76299	0.76299	-0.76567	0.76567	-0.76648	0.76648	0.77567	-0.77567	0.77919	-0.77919	0.7855	-0.7855	-0.79554	0.79554	0.81327	-0.81327	-0.81837	0.81837	0.82333	-0.82333	-0.85431	0.85431	-0.85923	0.85923	0.87139	-0.87139	-0.87674	0.87674	-0.88969	0.88969	-0.89619	0.89619	-0.91148	0.91148	0.92794	-0.92794	0.93136	-0.93136	-0.93697	0.93697	0.93933	-0.93933	-0.94258	0.94258	-0.95801	0.95801	-0.95812	0.95812	-0.95877	0.95877	-0.97449	0.97449	-0.99104	0.99104	0.99113	-0.99113	0.99254	-0.99254	0.99662	-0.99662	1.0034	-1.0034	1.0148	-1.0148	1.0158	-1.0158	1.0406	-1.0406	1.0424	-1.0424	1.0436	-1.0436	-1.0664	1.0664	1.0677	-1.0677	1.0805	-1.0805	1.0809	-1.0809	1.0965	-1.0965	1.1071	-1.1071	-1.1114	1.1114	1.1202	-1.1202	-1.1209	1.1209	1.1238	-1.1238	-1.1455	1.1455	-1.1539	1.1539	1.165	-1.165	1.1749	-1.1749	1.1882	-1.1882	-1.193	1.193	1.193	-1.193	1.2139	-1.2139	-1.2284	1.2284	1.2288	-1.2288	-1.2352	1.2352	-1.2614	1.2614	-1.2686	1.2686	-1.277	1.277	-1.298	1.298	1.3097	-1.3097	1.3321	-1.3321	-1.3389	1.3389	-1.3437	1.3437	1.3585	-1.3585	1.3663	-1.3663	-1.3829	1.3829	-1.3864	1.3864	-1.3907	1.3907	1.3956	-1.3956	-1.4089	1.4089	-1.42	1.42	1.4241	-1.4241	-1.4407	1.4407	1.4477	-1.4477	-1.4594	1.4594	1.4602	-1.4602	-1.4693	1.4693	1.4812	-1.4812	-1.4884	1.4884	1.492	-1.492	1.495	-1.495	-1.5073	1.5073	-1.5121	1.5121	-1.5164	1.5164	-1.5323	1.5323	-1.5337	1.5337	-1.5454	1.5454	-1.5591	1.5591	-1.5595	1.5595	1.5656	-1.5656	-1.5656	1.5656	1.5833	-1.5833	-1.5844	1.5844	1.5994	-1.5994	1.6058	-1.6058	1.618	-1.618	1.6372	-1.6372	1.6485	-1.6485	-1.6523	1.6523	-1.6623	1.6623	1.6632	-1.6632	1.6753	-1.6753	1.6857	-1.6857	1.6959	-1.6959	1.6999	-1.6999	-1.7036	1.7036	-1.7132	1.7132	-1.732	1.732	-1.7378	1.7378	-1.7397	1.7397	-1.7469	1.7469	1.7591	-1.7591	1.7611	-1.7611	1.7712	-1.7712	-1.7761	1.7761	1.7852	-1.7852	-1.797	1.797	1.8013	-1.8013	1.8025	-1.8025	1.8088	-1.8088	-1.8277	1.8277	-1.8316	1.8316	1.8434	-1.8434	-1.8516	1.8516	1.8543	-1.8543	-1.8591	1.8591	-1.8605	1.8605	-1.8684	1.8684	1.8725	-1.8725	1.8746	-1.8746	1.8936	-1.8936	-1.9037	1.9037	-1.9061	1.9061	1.942	-1.942	-1.9565	1.9565	1.9596	-1.9596	-1.9912	1.9912	-1.9926	1.9926	2.001	-2.001	2.0074	-2.0074	2.0158	-2.0158	-2.0235	2.0235	-2.0241	2.0241	2.0272	-2.0272	-2.0335	2.0335	-2.0439	2.0439	-2.0541	2.0541	2.0581	-2.0581	-2.064	2.064	-2.067	2.067	2.096	-2.096	2.1011	-2.1011	-2.1065	2.1065	-2.1175	2.1175	2.1227	-2.1227	-2.1362	2.1362	-2.1395	2.1395	
0	1	-0.035001	0.035001	0.087821	-0.087821	-0.11686	0.11686	0.15363	-0.15363	-0.15866	0.15866	-0.1806	0.1806	0.20448	-0.20448	0.21172	-0.21172	-0.24452	0.24452	-0.24969	0.24969	-0.26253	0.26253	-0.29111	0.29111	0.30054	-0.30054	0.308	-0.308	-0.32447	0.32447	-0.35147	0.35147	-0.3596	0.3596	0.36382	-0.36382	-0.36511	0.36511	-0.38221	0.38221	-0.45495	0.45495	-0.46429	0.46429	-0.47213	0.47213	-0.53064	0.53064	0.53746	-0.53746	0.56212	-0.56212	0.59176	-0.59176	-0.59661	0.59661	0.59813	-0.59813	0.60778	-0.60778	0.617	-0.617	-0.63597	0.63597	-0.64879	0.64879	0.66739	-0.66739	-0.69238	0.69238	0.69683	-0.69683	-0.71873	0.71873	-0.72564	0.72564	-0.74164	0.74164	-0.74233	0.74233	0.74502	-0.74502	-0.76827	0.76827	-0.76862	0.76862	-0.78266	0.78266	-0.78416	0.78416	0.78732	-0.78732	0.79516	-0.79516	0.79702	-0.79702	0.8168	-0.8168	-0.82263	0.82263	0.82573	-0.82573	-0.85716	0.85716	-0.85935	0.85935	0.87152	-0.87152	0.87799	-0.87799	-0.89013	0.89013	-0.89883	0.89883	0.90691	-0.90691	0.92697	-0.92697	-0.93141	0.93141	-0.93706	0.93706	0.93953	-0.93953	0.94215	-0.94215	-0.95811	0.95811	0.95903	-0.95903	-0.95965	0.95965	0.97446	-0.97446	0.991	-0.991	0.99102	-0.99102	0.99258	-0.99258	0.9966	-0.9966	-1.0034	1.0034	-1.0144	1.0144	1.016	-1.016	1.0406	-1.0406	1.0429	-1.0429	1.0437	-1.0437	-1.0664	1.0664	1.0676	-1.0676	1.0763	-1.0763	-1.0808	1.0808	1.0979	-1.0979	1.1072	-1.1072	1.1114	-1.1114	-1.1173	1.1173	-1.1203	1.1203	-1.1237	1.1237	-1.1449	1.1449	-1.1522	1.1522	1.1651	-1.1651	-1.1743	1.1743	-1.1878	1.1878	-1.1889	1.1889	-1.1928	1.1928	1.2135	-1.2135	-1.2282	1.2282	1.2285	-1.2285	1.2342	-1.2342	-1.2613	1.2613	-1.2686	1.2686	-1.2764	1.2764	-1.298	1.298	-1.3097	1.3097	1.3321	-1.3321	1.3387	-1.3387	1.3437	-1.3437	-1.3596	1.3596	-1.3661	1.3661	1.3829	-1.3829	-1.387	1.387	1.3906	-1.3906	-1.3954	1.3954	1.4081	-1.4081	-1.4199	1.4199	1.424	-1.424	-1.4404	1.4404	1.4476	-1.4476	1.459	-1.459	-1.4603	1.4603	1.4692	-1.4692	-1.4812	1.4812	-1.4885	1.4885	-1.4922	1.4922	-1.495	1.495	-1.5074	1.5074	-1.5127	1.5127	1.5166	-1.5166	1.5324	-1.5324	-1.5336	1.5336	-1.5455	1.5455	-1.559	1.559	1.5592	-1.5592	-1.5648	1.5648	1.5655	-1.5655	1.5834	-1.5834	1.5841	-1.5841	1.5993	-1.5993	1.6059	-1.6059	1.6162	-1.6162	1.6372	-1.6372	1.6485	-1.6485	1.6521	-1.6521	1.6626	-1.6626	-1.6634	1.6634	-1.6759	1.6759	1.6859	-1.6859	-1.6959	1.6959	-1.7	1.7	-1.7018	1.7018	1.7132	-1.7132	1.7317	-1.7317	1.738	-1.738	1.7398	-1.7398	-1.7468	1.7468	-1.7593	1.7593	1.7611	-1.7611	-1.771	1.771	-1.7758	1.7758	1.7846	-1.7846	-1.797	1.797	-1.8015	1.8015	1.8026	-1.8026	1.8089	-1.8089	-1.8278	1.8278	-1.8315	1.8315	1.8433	-1.8433	1.8511	-1.8511	1.8542	-1.8542	1.8584	-1.8584	-1.8606	1.8606	-1.8682	1.8682	1.8726	-1.8726	-1.8752	1.8752	1.8911	-1.8911	1.9027	-1.9027	-1.9042	1.9042	-1.9421	1.9421	-1.9567	1.9567	1.9578	-1.9578	1.9913	-1.9913	-1.9926	1.9926	-2.0009	2.0009	-2.0075	2.0075	2.0158	-2.0158	-2.0234	2.0234	2.0245	-2.0245	-2.0271	2.0271	2.0335	-2.0335	2.0441	-2.0441	-2.055	2.055	2.0573	-2.0573	-2.0639	2.0639	2.0669	-2.0669	2.0956	-2.0956	-2.101	2.101	-2.1057	2.1057	-2.1175	2.1175	2.1228	-2.1228	2.1362	-2.1362	2.1396	-2.1396	
0	1.02	-0.035697	0.035697	-0.088271	0.088271	-0.11589	0.11589	-0.15676	0.15676	-0.15941	0.15941	0.17665	-0.17665	-0.20673	0.20673	-0.22173	0.22173	-0.23318	0.23318	0.24731	-0.24731	-0.26748	0.26748	-0.30959	0.30959	-0.31269	0.31269	-0.31966	0.31966	-0.32579	0.32579	0.32759	-0.32759	-0.34095	0.34095	-0.35587	0.35587	-0.36025	0.36025	0.38093	-0.38093	0.45443	-0.45443	-0.47106	0.47106	0.49657	-0.49657	0.52097	-0.52097	0.53493	-0.53493	0.54781	-0.54781	0.57341	-0.57341	-0.57857	0.57857	0.59776	-0.59776	0.60445	-0.60445	0.60867	-0.60867	0.62553	-0.62553	0.65171	-0.65171	-0.66068	0.66068	-0.69316	0.69316	0.69574	-0.69574	0.7243	-0.7243	-0.72507	0.72507	-0.73453	0.73453	-0.74156	0.74156	-0.75176	0.75176	0.75658	-0.75658	0.77402	-0.77402	0.78245	-0.78245	0.78826	-0.78826	0.79853	-0.79853	-0.82172	0.82172	-0.82323	0.82323	-0.83155	0.83155	0.83549	-0.83549	0.83791	-0.83791	-0.85955	0.85955	0.86624	-0.86624	-0.87183	0.87183	-0.8875	0.8875	-0.89053	0.89053	-0.90267	0.90267	0.90421	-0.90421	0.9269	-0.9269	0.93153	-0.93153	-0.93718	0.93718	0.93974	-0.93974	-0.94209	0.94209	-0.95834	0.95834	0.96074	-0.96074	-0.96082	0.96082	-0.97447	0.97447	0.99102	-0.99102	0.99104	-0.99104	0.99262	-0.99262	-0.99667	0.99667	-1.0036	1.0036	-1.0143	1.0143	-1.0168	1.0168	1.0407	-1.0407	1.0437	-1.0437	-1.0439	1.0439	-1.0665	1.0665	-1.0675	1.0675	1.0725	-1.0725	1.0808	-1.0808	1.0998	-1.0998	1.1073	-1.1073	-1.1114	1.1114	1.1143	-1.1143	1.1204	-1.1204	1.1237	-1.1237	1.1444	-1.1444	-1.1508	1.1508	-1.1651	1.1651	1.1738	-1.1738	1.1853	-1.1853	-1.1875	1.1875	-1.1927	1.1927	-1.2132	1.2132	-1.228	1.228	-1.2282	1.2282	1.2336	-1.2336	1.2613	-1.2613	1.2686	-1.2686	-1.2758	1.2758	-1.298	1.298	-1.3096	1.3096	-1.332	1.332	-1.3386	1.3386	1.3437	-1.3437	1.3607	-1.3607	1.3659	-1.3659	-1.3828	1.3828	-1.3874	1.3874	1.3905	-1.3905	-1.3953	1.3953	-1.4073	1.4073	-1.4198	1.4198	-1.4239	1.4239	1.4401	-1.4401	1.4476	-1.4476	-1.4587	1.4587	1.4604	-1.4604	-1.4691	1.4691	-1.4812	1.4812	1.4885	-1.4885	-1.4924	1.4924	1.495	-1.495	-1.5074	1.5074	1.5131	-1.5131	1.5172	-1.5172	-1.5325	1.5325	-1.5334	1.5334	-1.5455	1.5455	1.5585	-1.5585	-1.5589	1.5589	-1.5645	1.5645	-1.5655	1.5655	1.5834	-1.5834	-1.5837	1.5837	1.5992	-1.5992	1.6061	-1.6061	1.6144	-1.6144	-1.6371	1.6371	-1.6485	1.6485	-1.6519	1.6519	-1.663	1.663	-1.6636	1.6636	1.6764	-1.6764	-1.686	1.686	-1.696	1.696	-1.7	1.7	-1.7001	1.7001	-1.7132	1.7132	1.7313	-1.7313	-1.7382	1.7382	1.74	-1.74	-1.7467	1.7467	1.7596	-1.7596	-1.7611	1.7611	-1.7708	1.7708	-1.7756	1.7756	-1.784	1.784	-1.7971	1.7971	-1.8015	1.8015	-1.8028	1.8028	1.8089	-1.8089	1.8277	-1.8277	1.8314	-1.8314	-1.8433	1.8433	1.8507	-1.8507	1.8541	-1.8541	1.8578	-1.8578	-1.8608	1.8608	-1.8681	1.8681	1.8727	-1.8727	1.8758	-1.8758	-1.8884	1.8884	1.9021	-1.9021	-1.9024	1.9024	1.9422	-1.9422	-1.9561	1.9561	-1.9568	1.9568	-1.9914	1.9914	1.9926	-1.9926	2.0009	-2.0009	2.0075	-2.0075	2.0159	-2.0159	-2.0234	2.0234	-2.0249	2.0249	-2.0269	2.0269	2.0335	-2.0335	2.0444	-2.0444	2.0558	-2.0558	-2.0564	2.0564	-2.0637	2.0637	2.0669	-2.0669	2.0947	-2.0947	2.101	-2.101	2.1054	-2.1054	2.1175	-2.1175	-2.1229	2.1229	-2.1361	2.1361	2.1396	-2.1396	
0	1.04	-0.046357	0.046357	-0.091647	0.091647	0.09885	-0.09885	-0.13122	0.13122	0.18202	-0.18202	-0.18228	0.18228	-0.1835	0.1835	-0.21451	0.21451	0.246	-0.246	-0.2476	0.2476	-0.27164	0.27164	0.29663	-0.29663	0.29875	-0.29875	0.31068	-0.31068	0.31113	-0.31113	-0.33943	0.33943	0.36347	-0.36347	-0.36514	0.36514	0.37216	-0.37216	0.3958	-0.3958	-0.44269	0.44269	-0.46131	0.46131	-0.51673	0.51673	-0.52272	0.52272	0.5328	-0.5328	-0.54346	0.54346	-0.55303	0.55303	-0.55758	0.55758	-0.58592	0.58592	0.60026	-0.60026	0.60556	-0.60556	-0.61057	0.61057	-0.64714	0.64714	0.65893	-0.65893	0.688	-0.688	0.69432	-0.69432	0.7065	-0.7065	-0.7231	0.7231	0.72934	-0.72934	0.74085	-0.74085	0.75576	-0.75576	0.75703	-0.75703	-0.77736	0.77736	-0.78538	0.78538	-0.80416	0.80416	-0.81257	0.81257	-0.84163	0.84163	0.84718	-0.84718	-0.85131	0.85131	0.85177	-0.85177	-0.86002	0.86002	-0.86365	0.86365	0.87166	-0.87166	0.87863	-0.87863	-0.89085	0.89085	0.90332	-0.90332	0.90579	-0.90579	0.90787	-0.90787	-0.92737	0.92737	-0.93166	0.93166	0.93738	-0.93738	-0.93996	0.93996	-0.94253	0.94253	0.95888	-0.95888	0.96235	-0.96235	-0.96311	0.96311	0.97454	-0.97454	-0.99108	0.99108	0.99121	-0.99121	0.99266	-0.99266	-0.9968	0.9968	1.0038	-1.0038	1.0147	-1.0147	1.0184	-1.0184	-1.0407	1.0407	1.0438	-1.0438	1.0456	-1.0456	1.0665	-1.0665	-1.0673	1.0673	1.0695	-1.0695	-1.0809	1.0809	-1.1021	1.1021	1.1074	-1.1074	-1.1114	1.1114	-1.1118	1.1118	-1.1205	1.1205	1.1236	-1.1236	-1.1439	1.1439	1.1496	-1.1496	1.1652	-1.1652	-1.1733	1.1733	-1.1822	1.1822	-1.1873	1.1873	1.1926	-1.1926	1.2129	-1.2129	-1.2279	1.2279	-1.2279	1.2279	-1.2332	1.2332	-1.2613	1.2613	1.2685	-1.2685	-1.2752	1.2752	1.298	-1.298	-1.3096	1.3096	1.3319	-1.3319	-1.3385	1.3385	-1.3437	1.3437	-1.3617	1.3617	1.3657	-1.3657	-1.3827	1.3827	1.3877	-1.3877	-1.3905	1.3905	-1.3951	1.3951	1.4067	-1.4067	1.4197	-1.4197	1.4237	-1.4237	1.4398	-1.4398	1.4476	-1.4476	1.4584	-1.4584	1.4606	-1.4606	-1.4689	1.4689	-1.4812	1.4812	-1.4885	1.4885	-1.4926	1.4926	-1.495	1.495	1.5073	-1.5073	1.5132	-1.5132	-1.5181	1.5181	1.5326	-1.5326	1.5333	-1.5333	-1.5457	1.5457	1.5575	-1.5575	-1.5586	1.5586	-1.5647	1.5647	1.5654	-1.5654	1.5833	-1.5833	1.5834	-1.5834	1.5991	-1.5991	1.6063	-1.6063	1.6127	-1.6127	-1.6371	1.6371	1.6484	-1.6484	-1.6517	1.6517	1.6633	-1.6633	1.6638	-1.6638	-1.6769	1.6769	-1.6861	1.6861	1.696	-1.696	1.6981	-1.6981	1.7002	-1.7002	1.7132	-1.7132	1.731	-1.731	1.7384	-1.7384	1.7401	-1.7401	1.7465	-1.7465	-1.7599	1.7599	1.761	-1.761	-1.7706	1.7706	-1.7753	1.7753	1.7834	-1.7834	-1.7971	1.7971	-1.8014	1.8014	1.8031	-1.8031	1.8089	-1.8089	-1.8276	1.8276	1.8312	-1.8312	1.8435	-1.8435	1.8501	-1.8501	1.8539	-1.8539	1.8573	-1.8573	-1.861	1.861	-1.868	1.868	1.8729	-1.8729	-1.8765	1.8765	-1.8855	1.8855	1.9007	-1.9007	-1.9017	1.9017	-1.9422	1.9422	-1.9543	1.9543	-1.9569	1.9569	1.9915	-1.9915	1.9927	-1.9927	-2.0008	2.0008	-2.0076	2.0076	-2.0159	2.0159	2.0233	-2.0233	-2.0253	2.0253	-2.0268	2.0268	2.0334	-2.0334	2.0446	-2.0446	2.0553	-2.0553	-2.0566	2.0566	2.0635	-2.0635	-2.0669	2.0669	2.0934	-2.0934	2.1009	-2.1009	2.1056	-2.1056	2.1175	-2.1175	2.123	-2.123	2.136	-2.136	-2.1397	2.1397	

0.21053	-1.04	0.014278	-0.014278	0.070168	-0.070168	0.091386	-0.091386	0.10127	-0.10127	0.1197	-0.1197	0.14863	-0.14863	-0.15643	0.15643	-0.18344	0.18344	0.22085	-0.22085	-0.24961	0.24961	-0.2539	0.2539	-0.28982	0.28982	-0.31838	0.31838	0.3308	-0.3308	-0.34493	0.34493	0.37573	-0.37573	-0.38442	0.38442	0.40547	-0.40547	-0.42234	0.42234	0.44011	-0.44011	0.44648	-0.44648	-0.46463	0.46463	-0.4886	0.4886	0.50875	-0.50875	-0.54861	0.54861	0.55542	-0.55542	0.5872	-0.5872	-0.60591	0.60591	0.61013	-0.61013	0.62221	-0.62221	-0.63434	0.63434	0.65104	-0.65104	-0.65629	0.65629	0.66753	-0.66753	-0.6777	0.6777	-0.6818	0.6818	-0.69475	0.69475	0.70682	-0.70682	0.71804	-0.71804	0.7264	-0.7264	0.7393	-0.7393	0.74707	-0.74707	0.75644	-0.75644	0.76356	-0.76356	0.7746	-0.7746	0.79025	-0.79025	0.80585	-0.80585	0.81615	-0.81615	0.82112	-0.82112	0.83212	-0.83212	-0.83337	0.83337	0.85213	-0.85213	0.86723	-0.86723	0.87409	-0.87409	-0.88297	0.88297	-0.90339	0.90339	-0.91378	0.91378	0.92045	-0.92045	0.92559	-0.92559	0.92818	-0.92818	-0.93832	0.93832	-0.94106	0.94106	-0.95207	0.95207	0.95875	-0.95875	-0.96675	0.96675	-0.97729	0.97729	-0.98092	0.98092	-0.99063	0.99063	-0.99491	0.99491	-0.99847	0.99847	-1.0039	1.0039	-1.0113	1.0113	1.0174	-1.0174	-1.0313	1.0313	1.0441	-1.0441	1.0515	-1.0515	-1.0595	1.0595	-1.0609	1.0609	-1.0791	1.0791	1.0827	-1.0827	1.0855	-1.0855	-1.101	1.101	-1.1122	1.1122	1.1201	-1.1201	-1.1292	1.1292	-1.139	1.139	-1.1447	1.1447	-1.1505	1.1505	-1.1638	1.1638	-1.1729	1.1729	1.1791	-1.1791	1.1904	-1.1904	-1.1957	1.1957	-1.2098	1.2098	-1.2198	1.2198	-1.2278	1.2278	1.2342	-1.2342	1.2471	-1.2471	1.2574	-1.2574	1.2705	-1.2705	1.2873	-1.2873	1.306	-1.306	1.3098	-1.3098	-1.3244	1.3244	-1.3399	1.3399	-1.3445	1.3445	-1.3507	1.3507	-1.3618	1.3618	1.371	-1.371	1.377	-1.377	1.3902	-1.3902	1.4003	-1.4003	-1.4049	1.4049	1.4112	-1.4112	1.4188	-1.4188	1.4352	-1.4352	-1.4373	1.4373	-1.4527	1.4527	1.4616	-1.4616	1.4649	-1.4649	-1.4779	1.4779	-1.4843	1.4843	1.4876	-1.4876	1.4922	-1.4922	-1.5002	1.5002	-1.5134	1.5134	-1.5201	1.5201	1.5262	-1.5262	-1.5387	1.5387	1.5472	-1.5472	1.5551	-1.5551	-1.5623	1.5623	-1.5714	1.5714	1.5817	-1.5817	1.5892	-1.5892	1.5957	-1.5957	1.5988	-1.5988	1.6097	-1.6097	-1.6169	1.6169	1.6317	-1.6317	-1.6355	1.6355	-1.6454	1.6454	-1.6568	1.6568	1.6647	-1.6647	-1.6764	1.6764	-1.6826	1.6826	-1.6907	1.6907	1.705	-1.705	1.7103	-1.7103	-1.7187	1.7187	1.7223	-1.7223	1.7265	-1.7265	1.7374	-1.7374	-1.7466	1.7466	1.7536	-1.7536	1.755	-1.755	-1.7689	1.7689	-1.7758	1.7758	1.7814	-1.7814	1.7876	-1.7876	1.8002	-1.8002	1.8074	-1.8074	-1.8204	1.8204	-1.8273	1.8273	1.8358	-1.8358	-1.8412	1.8412	-1.8469	1.8469	-1.8602	1.8602	-1.863	1.863	-1.8691	1.8691	1.877	-1.877	1.8958	-1.8958	1.8983	-1.8983	-1.913	1.913	1.9156	-1.9156	1.9292	-1.9292	-1.9406	1.9406	1.9523	-1.9523	-1.9625	1.9625	-1.9725	1.9725	1.9786	-1.9786	-1.9907	1.9907	1.9968	-1.9968	2.0077	-2.0077	-2.0178	2.0178	2.0211	-2.0211	-2.0369	2.0369	2.041	-2.041	2.0449	-2.0449	-2.0487	2.0487	-2.0673	2.0673	2.0698	-2.0698	-2.0803	2.0803	-2.0849	2.0849	-2.095	2.095	2.1031	-2.1031	2.1093	-2.1093	-2.1148	2.1148	-2.1267	2.1267	2.1341	-2.1341	
0.21053	-1.02	0.02581	-0.02581	-0.078675	0.078675	0.10147	-0.10147	0.11151	-0.11151	-0.13106	0.13106	-0.15032	0.15032	-0.17117	0.17117	-0.18504	0.18504	0.21901	-0.21901	-0.24394	0.24394	0.26492	-0.26492	-0.29078	0.29078	-0.31542	0.31542	-0.33547	0.33547	0.34234	-0.34234	0.373	-0.373	-0.37827	0.37827	-0.39964	0.39964	0.4138	-0.4138	-0.43863	0.43863	-0.44579	0.44579	-0.45992	0.45992	0.48188	-0.48188	0.50251	-0.50251	0.54193	-0.54193	0.55203	-0.55203	-0.58725	0.58725	-0.60571	0.60571	-0.60966	0.60966	0.62549	-0.62549	-0.62973	0.62973	0.64857	-0.64857	0.65694	-0.65694	0.66795	-0.66795	-0.68167	0.68167	-0.68374	0.68374	-0.702	0.702	-0.71299	0.71299	0.72357	-0.72357	-0.73112	0.73112	-0.74642	0.74642	-0.7555	0.7555	-0.76256	0.76256	-0.76958	0.76958	0.77809	-0.77809	-0.79205	0.79205	0.8031	-0.8031	0.81483	-0.81483	0.81883	-0.81883	-0.82882	0.82882	0.83408	-0.83408	0.84981	-0.84981	0.86295	-0.86295	0.87285	-0.87285	0.88057	-0.88057	0.9028	-0.9028	0.91158	-0.91158	0.91931	-0.91931	0.92393	-0.92393	-0.92768	0.92768	-0.93756	0.93756	-0.9406	0.9406	0.9519	-0.9519	0.95778	-0.95778	0.96654	-0.96654	0.97726	-0.97726	0.98006	-0.98006	-0.99093	0.99093	0.99493	-0.99493	0.99868	-0.99868	-1.0039	1.0039	1.0105	-1.0105	1.0166	-1.0166	-1.0308	1.0308	-1.0435	1.0435	-1.051	1.051	-1.0589	1.0589	1.0607	-1.0607	-1.0776	1.0776	-1.082	1.082	1.0854	-1.0854	1.1011	-1.1011	1.1112	-1.1112	-1.1199	1.1199	-1.1284	1.1284	1.1382	-1.1382	-1.1444	1.1444	-1.1487	1.1487	1.1624	-1.1624	-1.1723	1.1723	1.1787	-1.1787	-1.1891	1.1891	1.1953	-1.1953	1.2095	-1.2095	-1.2188	1.2188	-1.2272	1.2272	1.2332	-1.2332	1.2467	-1.2467	-1.2571	1.2571	-1.2703	1.2703	1.2869	-1.2869	1.3056	-1.3056	1.3095	-1.3095	1.3244	-1.3244	1.3396	-1.3396	-1.3447	1.3447	1.351	-1.351	1.3622	-1.3622	-1.3709	1.3709	-1.3765	1.3765	1.3903	-1.3903	1.4004	-1.4004	1.4048	-1.4048	-1.4111	1.4111	-1.4189	1.4189	1.4352	-1.4352	-1.4371	1.4371	-1.4527	1.4527	-1.4616	1.4616	1.4649	-1.4649	1.4777	-1.4777	1.4842	-1.4842	1.4879	-1.4879	1.4917	-1.4917	1.5002	-1.5002	-1.5136	1.5136	1.5204	-1.5204	-1.5259	1.5259	1.5387	-1.5387	-1.5474	1.5474	-1.555	1.555	-1.5616	1.5616	-1.5713	1.5713	-1.5818	1.5818	-1.5894	1.5894	-1.5957	1.5957	-1.5984	1.5984	1.6096	-1.6096	-1.6166	1.6166	1.6312	-1.6312	-1.6356	1.6356	-1.6455	1.6455	1.657	-1.657	-1.6645	1.6645	-1.6765	1.6765	1.6825	-1.6825	-1.691	1.691	-1.7049	1.7049	1.7101	-1.7101	-1.7182	1.7182	-1.7222	1.7222	1.7264	-1.7264	1.7374	-1.7374	-1.7462	1.7462	-1.7533	1.7533	-1.755	1.755	-1.7686	1.7686	-1.7757	1.7757	-1.7812	1.7812	1.7875	-1.7875	1.8	-1.8	-1.8072	1.8072	1.8199	-1.8199	1.8274	-1.8274	-1.8358	1.8358	1.8411	-1.8411	1.8469	-1.8469	-1.86	1.86	1.8627	-1.8627	-1.8688	1.8688	1.8763	-1.8763	1.895	-1.895	-1.8974	1.8974	-1.9125	1.9125	-1.9153	1.9153	-1.9289	1.9289	-1.9403	1.9403	-1.9519	1.9519	-1.9623	1.9623	1.9723	-1.9723	-1.9783	1.9783	-1.9907	1.9907	-1.9967	1.9967	-2.0077	2.0077	-2.018	2.018	-2.0211	2.0211	2.0369	-2.0369	2.0412	-2.0412	-2.0448	2.0448	2.0486	-2.0486	-2.0668	2.0668	-2.0699	2.0699	2.0805	-2.0805	-2.0847	2.0847	-2.0952	2.0952	-2.1028	2.1028	2.1093	-2.1093	-2.1147	2.1147	-2.1268	2.1268	2.1341	-2.1341	
0.21053	-1	-0.032826	0.032826	-0.082453	0.082453	0.10559	-0.10559	-0.11706	0.11706	0.14006	-0.14006	0.15177	-0.15177	-0.17788	0.17788	-0.19134	0.19134	0.21291	-0.21291	-0.24067	0.24067	0.2684	-0.2684	-0.29303	0.29303	-0.31815	0.31815	0.331	-0.331	-0.3485	0.3485	0.36845	-0.36845	0.37551	-0.37551	0.38709	-0.38709	0.40803	-0.40803	-0.4366	0.4366	0.44976	-0.44976	0.46547	-0.46547	0.47883	-0.47883	-0.49689	0.49689	-0.53158	0.53158	0.54797	-0.54797	-0.58145	0.58145	-0.59992	0.59992	0.60764	-0.60764	-0.62034	0.62034	0.62866	-0.62866	-0.64411	0.64411	-0.6519	0.6519	-0.67125	0.67125	-0.68328	0.68328	0.68582	-0.68582	0.70694	-0.70694	0.716	-0.716	0.72573	-0.72573	-0.73447	0.73447	-0.74968	0.74968	0.7604	-0.7604	-0.77018	0.77018	0.77644	-0.77644	-0.79056	0.79056	-0.79784	0.79784	0.80382	-0.80382	0.81714	-0.81714	-0.82447	0.82447	0.83177	-0.83177	-0.84062	0.84062	0.85073	-0.85073	-0.86218	0.86218	0.87341	-0.87341	-0.88079	0.88079	0.90329	-0.90329	0.91028	-0.91028	0.91964	-0.91964	0.92341	-0.92341	-0.92767	0.92767	-0.93753	0.93753	-0.94099	0.94099	-0.95212	0.95212	0.95728	-0.95728	-0.96675	0.96675	0.97747	-0.97747	0.97967	-0.97967	-0.99143	0.99143	0.99525	-0.99525	0.99913	-0.99913	1.004	-1.004	1.0099	-1.0099	-1.0163	1.0163	1.0306	-1.0306	1.0429	-1.0429	1.0508	-1.0508	-1.0585	1.0585	1.0608	-1.0608	-1.0764	1.0764	1.0817	-1.0817	1.0853	-1.0853	1.1014	-1.1014	-1.1104	1.1104	1.1198	-1.1198	1.1277	-1.1277	1.1375	-1.1375	-1.1442	1.1442	-1.1476	1.1476	-1.1614	1.1614	1.1717	-1.1717	-1.1784	1.1784	1.1877	-1.1877	1.195	-1.195	1.2092	-1.2092	-1.2178	1.2178	-1.2267	1.2267	1.2326	-1.2326	1.2464	-1.2464	1.2568	-1.2568	-1.2702	1.2702	1.2866	-1.2866	-1.3053	1.3053	1.3092	-1.3092	-1.3244	1.3244	1.3393	-1.3393	-1.3449	1.3449	-1.3514	1.3514	1.3626	-1.3626	-1.3707	1.3707	1.3762	-1.3762	1.3904	-1.3904	-1.4005	1.4005	1.4046	-1.4046	1.4112	-1.4112	-1.4189	1.4189	1.4351	-1.4351	1.437	-1.437	-1.4526	1.4526	1.4615	-1.4615	1.465	-1.465	1.4775	-1.4775	-1.484	1.484	-1.4882	1.4882	1.4912	-1.4912	1.5003	-1.5003	1.5137	-1.5137	1.5208	-1.5208	1.5256	-1.5256	1.5387	-1.5387	1.5475	-1.5475	-1.5549	1.5549	1.5608	-1.5608	-1.5711	1.5711	1.5819	-1.5819	1.5896	-1.5896	1.5956	-1.5956	-1.598	1.598	-1.6096	1.6096	-1.6162	1.6162	-1.6307	1.6307	-1.6356	1.6356	-1.6455	1.6455	1.6571	-1.6571	-1.6642	1.6642	1.6766	-1.6766	1.6823	-1.6823	1.6912	-1.6912	-1.7048	1.7048	1.7097	-1.7097	-1.7177	1.7177	-1.7221	1.7221	1.7263	-1.7263	1.7374	-1.7374	1.7458	-1.7458	1.7531	-1.7531	1.7551	-1.7551	-1.7683	1.7683	-1.7756	1.7756	-1.781	1.781	-1.7874	1.7874	-1.7998	1.7998	1.807	-1.807	-1.8194	1.8194	1.8275	-1.8275	-1.8358	1.8358	-1.8409	1.8409	-1.8469	1.8469	1.8598	-1.8598	-1.8624	1.8624	-1.8687	1.8687	1.8757	-1.8757	1.8941	-1.8941	-1.8968	1.8968	-1.9119	1.9119	-1.915	1.915	1.9286	-1.9286	-1.9399	1.9399	1.9516	-1.9516	-1.962	1.962	1.972	-1.972	1.9781	-1.9781	1.9907	-1.9907	1.9967	-1.9967	2.0076	-2.0076	2.0181	-2.0181	-2.0212	2.0212	-2.0368	2.0368	-2.0414	2.0414	-2.0447	2.0447	2.0486	-2.0486	-2.0662	2.0662	2.07	-2.07	2.0808	-2.0808	-2.0844	2.0844	2.0954	-2.0954	2.1024	-2.1024	-2.1093	2.1093	-2.1148	2.1148	2.1268	-2.1268	2.134	-2.134	
0.21053	-0.98	-0.033717	0.033717	-0.081696	0.081696	0.10587	-0.10587	-0.11778	0.11778	0.1387	-0.1387	0.15805	-0.15805	-0.17581	0.17581	0.19763	-0.19763	-0.21117	0.21117	0.23555	-0.23555	0.26787	-0.26787	0.29241	-0.29241	-0.31566	0.31566	0.33635	-0.33635	0.34905	-0.34905	-0.36849	0.36849	-0.37639	0.37639	-0.38277	0.38277	0.40497	-0.40497	-0.43449	0.43449	-0.4499	0.4499	0.47022	-0.47022	0.47913	-0.47913	0.4956	-0.4956	0.52453	-0.52453	-0.54115	0.54115	-0.5723	0.5723	-0.58747	0.58747	0.60494	-0.60494	-0.61439	0.61439	0.6256	-0.6256	0.637	-0.637	0.65068	-0.65068	-0.67233	0.67233	-0.68087	0.68087	0.68661	-0.68661	-0.70561	0.70561	-0.71782	0.71782	0.72408	-0.72408	-0.73551	0.73551	0.74672	-0.74672	-0.76426	0.76426	0.77748	-0.77748	0.78655	-0.78655	0.80219	-0.80219	-0.80788	0.80788	-0.8165	0.8165	-0.82533	0.82533	0.83619	-0.83619	-0.8388	0.8388	0.84956	-0.84956	-0.85696	0.85696	-0.86653	0.86653	-0.87579	0.87579	0.88281	-0.88281	0.90476	-0.90476	-0.91074	0.91074	-0.92077	0.92077	-0.92447	0.92447	-0.92825	0.92825	0.93825	-0.93825	-0.94181	0.94181	0.95265	-0.95265	0.95726	-0.95726	-0.96734	0.96734	0.97795	-0.97795	-0.97974	0.97974	0.99214	-0.99214	0.99585	-0.99585	-0.99985	0.99985	1.0042	-1.0042	-1.0096	1.0096	-1.0164	1.0164	-1.0306	1.0306	1.0424	-1.0424	-1.0507	1.0507	1.0583	-1.0583	-1.0611	1.0611	-1.0755	1.0755	-1.0817	1.0817	-1.0854	1.0854	1.1019	-1.1019	-1.1097	1.1097	1.1197	-1.1197	1.1271	-1.1271	1.1369	-1.1369	1.1439	-1.1439	1.1468	-1.1468	-1.1606	1.1606	1.1712	-1.1712	1.178	-1.178	-1.1864	1.1864	1.1949	-1.1949	-1.2091	1.2091	1.2169	-1.2169	1.2264	-1.2264	1.2324	-1.2324	-1.2461	1.2461	1.2567	-1.2567	1.2701	-1.2701	1.2863	-1.2863	-1.3051	1.3051	1.309	-1.309	1.3244	-1.3244	-1.339	1.339	1.3451	-1.3451	-1.3517	1.3517	-1.3629	1.3629	-1.3706	1.3706	1.3758	-1.3758	-1.3905	1.3905	1.4005	-1.4005	1.4044	-1.4044	-1.4112	1.4112	-1.419	1.419	1.4349	-1.4349	-1.437	1.437	1.4526	-1.4526	1.4614	-1.4614	1.4651	-1.4651	1.4773	-1.4773	-1.4838	1.4838	1.4884	-1.4884	-1.4909	1.4909	1.5004	-1.5004	-1.5138	1.5138	-1.5211	1.5211	-1.5253	1.5253	-1.5386	1.5386	-1.5475	1.5475	-1.5548	1.5548	-1.56	1.56	1.5709	-1.5709	-1.582	1.582	-1.5898	1.5898	1.5953	-1.5953	1.5977	-1.5977	-1.6096	1.6096	-1.6159	1.6159	1.6303	-1.6303	1.6357	-1.6357	1.6455	-1.6455	1.6573	-1.6573	1.664	-1.664	-1.6767	1.6767	-1.6821	1.6821	1.6914	-1.6914	1.7046	-1.7046	1.7094	-1.7094	1.7172	-1.7172	-1.722	1.722	1.7262	-1.7262	1.7374	-1.7374	1.7454	-1.7454	1.7528	-1.7528	-1.7552	1.7552	1.768	-1.768	1.7756	-1.7756	1.7809	-1.7809	-1.7872	1.7872	-1.7995	1.7995	-1.8067	1.8067	-1.8189	1.8189	-1.8275	1.8275	1.8358	-1.8358	-1.8406	1.8406	1.847	-1.847	-1.8596	1.8596	-1.8621	1.8621	-1.8685	1.8685	-1.8751	1.8751	1.8931	-1.8931	-1.8962	1.8962	-1.9113	1.9113	1.9149	-1.9149	-1.9284	1.9284	1.9396	-1.9396	1.9513	-1.9513	-1.9616	1.9616	-1.9717	1.9717	-1.9781	1.9781	1.9907	-1.9907	-1.9966	1.9966	-2.0076	2.0076	2.0182	-2.0182	-2.0213	2.0213	2.0368	-2.0368	-2.0417	2.0417	-2.0446	2.0446	-2.0485	2.0485	-2.0656	2.0656	-2.0701	2.0701	-2.081	2.081	-2.0842	2.0842	-2.0956	2.0956	-2.102	2.102	-2.1093	2.1093	2.1149	-2.1149	2.1269	-2.1269	-2.134	2.134	
0.21053	-0.96	0.028112	-0.028112	-0.076508	0.076508	0.10174	-0.10174	-0.11555	0.11555	0.13434	-0.13434	-0.15544	0.15544	0.1738	-0.1738	0.19605	-0.19605	-0.21397	0.21397	0.23272	-0.23272	0.26262	-0.26262	0.29162	-0.29162	0.3085	-0.3085	-0.34285	0.34285	-0.34976	0.34976	0.36959	-0.36959	0.37977	-0.37977	-0.3948	0.3948	-0.40688	0.40688	-0.42993	0.42993	0.44533	-0.44533	0.46705	-0.46705	0.48392	-0.48392	0.49689	-0.49689	0.52149	-0.52149	0.53264	-0.53264	-0.56284	0.56284	0.57464	-0.57464	0.59893	-0.59893	0.61037	-0.61037	-0.6216	0.6216	-0.63199	0.63199	0.64803	-0.64803	0.66925	-0.66925	-0.67607	0.67607	-0.68528	0.68528	-0.70022	0.70022	-0.70777	0.70777	-0.72399	0.72399	-0.73824	0.73824	0.74976	-0.74976	0.76857	-0.76857	0.78256	-0.78256	-0.79884	0.79884	-0.80991	0.80991	0.82156	-0.82156	0.83301	-0.83301	-0.83821	0.83821	0.84833	-0.84833	0.85103	-0.85103	0.85742	-0.85742	-0.86603	0.86603	-0.8785	0.8785	-0.88193	0.88193	0.88677	-0.88677	0.9074	-0.9074	0.91297	-0.91297	-0.92305	0.92305	-0.92678	0.92678	-0.93059	0.93059	0.93969	-0.93969	-0.94319	0.94319	-0.95342	0.95342	0.95785	-0.95785	0.96842	-0.96842	-0.97873	0.97873	-0.98036	0.98036	0.99302	-0.99302	-0.99679	0.99679	-1.001	1.001	1.0046	-1.0046	-1.0099	1.0099	-1.017	1.017	1.0309	-1.0309	-1.0421	1.0421	-1.0507	1.0507	-1.0583	1.0583	1.0619	-1.0619	-1.0749	1.0749	-1.082	1.082	-1.0855	1.0855	1.1026	-1.1026	-1.1092	1.1092	-1.1198	1.1198	1.1267	-1.1267	-1.1364	1.1364	-1.1437	1.1437	1.1465	-1.1465	1.1601	-1.1601	1.1707	-1.1707	-1.1777	1.1777	-1.1853	1.1853	1.1949	-1.1949	1.209	-1.209	1.2163	-1.2163	1.2261	-1.2261	1.2324	-1.2324	1.2459	-1.2459	1.2566	-1.2566	1.27	-1.27	-1.286	1.286	1.3048	-1.3048	-1.3088	1.3088	1.3244	-1.3244	1.3387	-1.3387	-1.3452	1.3452	-1.3521	1.3521	1.3632	-1.3632	1.3705	-1.3705	1.3755	-1.3755	1.3906	-1.3906	1.4005	-1.4005	-1.4043	1.4043	-1.4113	1.4113	-1.419	1.419	1.4348	-1.4348	-1.437	1.437	-1.4525	1.4525	1.4612	-1.4612	-1.4652	1.4652	1.477	-1.477	-1.4836	1.4836	-1.4886	1.4886	1.4906	-1.4906	-1.5006	1.5006	1.5139	-1.5139	-1.5214	1.5214	-1.525	1.525	-1.5386	1.5386	1.5476	-1.5476	1.5547	-1.5547	-1.5592	1.5592	-1.5707	1.5707	1.5822	-1.5822	-1.5899	1.5899	-1.595	1.595	-1.5976	1.5976	1.6096	-1.6096	-1.6156	1.6156	-1.6298	1.6298	1.6357	-1.6357	1.6455	-1.6455	1.6574	-1.6574	-1.6637	1.6637	-1.6767	1.6767	1.6819	-1.6819	1.6917	-1.6917	-1.7044	1.7044	1.7089	-1.7089	-1.7167	1.7167	-1.7218	1.7218	1.7262	-1.7262	-1.7373	1.7373	-1.7449	1.7449	-1.7526	1.7526	1.7553	-1.7553	-1.7678	1.7678	-1.7756	1.7756	-1.7807	1.7807	-1.7871	1.7871	-1.7993	1.7993	-1.8065	1.8065	-1.8185	1.8185	-1.8274	1.8274	1.8359	-1.8359	1.8404	-1.8404	1.8471	-1.8471	-1.8593	1.8593	1.8619	-1.8619	1.8684	-1.8684	1.8745	-1.8745	1.892	-1.892	-1.8958	1.8958	-1.9107	1.9107	-1.9148	1.9148	1.9282	-1.9282	1.9392	-1.9392	-1.951	1.951	-1.9613	1.9613	-1.9714	1.9714	1.9781	-1.9781	1.9907	-1.9907	1.9966	-1.9966	2.0076	-2.0076	2.0182	-2.0182	-2.0214	2.0214	-2.0368	2.0368	-2.0419	2.0419	2.0445	-2.0445	-2.0484	2.0484	2.0651	-2.0651	2.0702	-2.0702	2.0813	-2.0813	2.084	-2.084	2.0957	-2.0957	2.1017	-2.1017	2.1092	-2.1092	2.115	-2.115	2.1269	-2.1269	2.134	-2.134	
0.21053	-0.94	-0.017375	0.017375	0.067003	-0.067003	0.092609	-0.092609	0.10957	-0.10957	0.13133	-0.13133	0.14495	-0.14495	0.16958	-0.16958	0.18832	-0.18832	0.21609	-0.21609	-0.23059	0.23059	-0.25309	0.25309	0.29444	-0.29444	-0.30683	0.30683	0.33829	-0.33829	-0.35664	0.35664	-0.37523	0.37523	-0.38987	0.38987	0.40658	-0.40658	-0.41429	0.41429	-0.42203	0.42203	-0.43874	0.43874	0.46653	-0.46653	0.48387	-0.48387	-0.49709	0.49709	0.51529	-0.51529	0.52646	-0.52646	-0.5545	0.5545	0.5665	-0.5665	-0.59123	0.59123	-0.60867	0.60867	-0.61863	0.61863	-0.62886	0.62886	-0.64311	0.64311	-0.65896	0.65896	0.67509	-0.67509	-0.6775	0.6775	0.69196	-0.69196	-0.70227	0.70227	0.72349	-0.72349	0.73885	-0.73885	0.75796	-0.75796	-0.77579	0.77579	-0.78678	0.78678	0.80581	-0.80581	0.82099	-0.82099	-0.83699	0.83699	-0.84416	0.84416	0.85286	-0.85286	-0.85827	0.85827	-0.86035	0.86035	-0.87128	0.87128	-0.87526	0.87526	-0.88904	0.88904	-0.89555	0.89555	-0.89684	0.89684	0.91162	-0.91162	0.91706	-0.91706	0.92709	-0.92709	0.92978	-0.92978	0.93602	-0.93602	-0.94254	0.94254	0.94578	-0.94578	-0.95434	0.95434	-0.95926	0.95926	0.97015	-0.97015	0.97979	-0.97979	-0.98184	0.98184	0.99408	-0.99408	-0.99806	0.99806	1.0026	-1.0026	-1.0051	1.0051	-1.0111	1.0111	1.018	-1.018	1.0317	-1.0317	-1.0421	1.0421	-1.051	1.051	-1.0586	1.0586	-1.0631	1.0631	1.0748	-1.0748	-1.0825	1.0825	1.0858	-1.0858	-1.1033	1.1033	-1.109	1.109	-1.12	1.12	1.1265	-1.1265	-1.1362	1.1362	-1.1437	1.1437	1.1464	-1.1464	-1.1597	1.1597	1.1704	-1.1704	1.1773	-1.1773	1.1845	-1.1845	-1.195	1.195	-1.2091	1.2091	1.2159	-1.2159	1.226	-1.226	1.2324	-1.2324	-1.2457	1.2457	1.2566	-1.2566	1.2699	-1.2699	-1.2858	1.2858	-1.3046	1.3046	1.3086	-1.3086	1.3245	-1.3245	1.3385	-1.3385	-1.3454	1.3454	1.3525	-1.3525	-1.3635	1.3635	-1.3703	1.3703	1.3753	-1.3753	-1.3907	1.3907	1.4005	-1.4005	-1.4041	1.4041	1.4115	-1.4115	1.4191	-1.4191	1.4347	-1.4347	1.437	-1.437	-1.4524	1.4524	1.4611	-1.4611	1.4652	-1.4652	-1.4768	1.4768	-1.4834	1.4834	1.4887	-1.4887	1.4905	-1.4905	1.5008	-1.5008	-1.5141	1.5141	-1.5218	1.5218	1.5247	-1.5247	1.5385	-1.5385	-1.5476	1.5476	1.5546	-1.5546	-1.5584	1.5584	1.5706	-1.5706	1.5823	-1.5823	-1.59	1.59	-1.5945	1.5945	1.5977	-1.5977	-1.6096	1.6096	-1.6154	1.6154	-1.6294	1.6294	1.6357	-1.6357	1.6456	-1.6456	-1.6575	1.6575	1.6635	-1.6635	1.6768	-1.6768	-1.6816	1.6816	-1.6919	1.6919	1.7041	-1.7041	-1.7084	1.7084	-1.7162	1.7162	-1.7216	1.7216	1.7262	-1.7262	1.7373	-1.7373	-1.7445	1.7445	-1.7523	1.7523	1.7555	-1.7555	-1.7675	1.7675	1.7755	-1.7755	1.7806	-1.7806	1.7869	-1.7869	1.799	-1.799	-1.8064	1.8064	1.818	-1.818	1.8273	-1.8273	-1.836	1.836	1.8402	-1.8402	1.8472	-1.8472	1.859	-1.859	-1.8617	1.8617	1.8683	-1.8683	1.874	-1.874	1.8908	-1.8908	-1.8955	1.8955	-1.9101	1.9101	1.9148	-1.9148	1.9281	-1.9281	1.9388	-1.9388	1.9507	-1.9507	-1.9609	1.9609	-1.971	1.971	1.9783	-1.9783	1.9907	-1.9907	-1.9966	1.9966	2.0076	-2.0076	-2.0183	2.0183	2.0215	-2.0215	2.0367	-2.0367	-2.042	2.042	2.0444	-2.0444	-2.0484	2.0484	-2.0645	2.0645	2.0703	-2.0703	-2.0815	2.0815	-2.0837	2.0837	-2.0959	2.0959	2.1014	-2.1014	-2.1092	2.1092	-2.1152	2.1152	-2.1269	2.1269	-2.1339	2.1339	
0.21053	-0.92	0.0041683	-0.0041683	0.053682	-0.053682	0.079905	-0.079905	-0.10125	0.10125	0.12042	-0.12042	0.13899	-0.13899	0.16092	-0.16092	0.17793	-0.17793	-0.20911	0.20911	-0.22145	0.22145	-0.25487	0.25487	0.29256	-0.29256	-0.31637	0.31637	-0.33714	0.33714	-0.35828	0.35828	0.38163	-0.38163	0.39906	-0.39906	0.40696	-0.40696	0.41531	-0.41531	0.42847	-0.42847	-0.43634	0.43634	-0.46934	0.46934	0.47907	-0.47907	-0.49566	0.49566	-0.50432	0.50432	0.52373	-0.52373	0.54764	-0.54764	-0.56262	0.56262	-0.58437	0.58437	0.6091	-0.6091	0.61478	-0.61478	-0.62547	0.62547	-0.63964	0.63964	-0.6489	0.6489	-0.66278	0.66278	0.67519	-0.67519	-0.68961	0.68961	0.70188	-0.70188	0.72367	-0.72367	0.73889	-0.73889	-0.76247	0.76247	-0.78447	0.78447	0.79242	-0.79242	0.81136	-0.81136	-0.83276	0.83276	0.84853	-0.84853	0.85131	-0.85131	0.86199	-0.86199	-0.86943	0.86943	-0.87295	0.87295	0.87798	-0.87798	0.89183	-0.89183	0.89516	-0.89516	0.91039	-0.91039	0.91202	-0.91202	-0.91689	0.91689	-0.92436	0.92436	0.93236	-0.93236	-0.93734	0.93734	-0.94078	0.94078	0.94865	-0.94865	-0.95237	0.95237	-0.95561	0.95561	0.96223	-0.96223	0.97274	-0.97274	-0.98127	0.98127	0.98471	-0.98471	-0.99534	0.99534	0.99973	-0.99973	1.0049	-1.0049	-1.0061	1.0061	-1.0137	1.0137	1.0195	-1.0195	-1.0331	1.0331	1.0426	-1.0426	-1.0516	1.0516	1.0593	-1.0593	1.0649	-1.0649	-1.0749	1.0749	1.0833	-1.0833	1.0863	-1.0863	1.1041	-1.1041	-1.1091	1.1091	1.1203	-1.1203	-1.1268	1.1268	-1.1361	1.1361	-1.1439	1.1439	1.1466	-1.1466	-1.1595	1.1595	1.1702	-1.1702	-1.1769	1.1769	1.184	-1.184	1.1951	-1.1951	-1.2093	1.2093	1.2157	-1.2157	1.226	-1.226	1.2327	-1.2327	-1.2455	1.2455	-1.2566	1.2566	-1.2699	1.2699	1.2856	-1.2856	-1.3045	1.3045	-1.3084	1.3084	1.3245	-1.3245	1.3383	-1.3383	1.3456	-1.3456	-1.3529	1.3529	1.3637	-1.3637	-1.3701	1.3701	1.3752	-1.3752	-1.3907	1.3907	-1.4005	1.4005	1.4039	-1.4039	1.4117	-1.4117	-1.4192	1.4192	-1.4346	1.4346	-1.437	1.437	-1.4523	1.4523	-1.461	1.461	1.4653	-1.4653	-1.4765	1.4765	1.4831	-1.4831	1.4886	-1.4886	1.4906	-1.4906	-1.501	1.501	1.5142	-1.5142	1.5221	-1.5221	-1.5244	1.5244	-1.5385	1.5385	-1.5476	1.5476	1.5545	-1.5545	-1.5576	1.5576	1.5704	-1.5704	-1.5825	1.5825	1.5901	-1.5901	-1.594	1.594	-1.5979	1.5979	1.6096	-1.6096	-1.6153	1.6153	1.629	-1.629	1.6358	-1.6358	1.6456	-1.6456	1.6576	-1.6576	1.6633	-1.6633	1.6769	-1.6769	1.6813	-1.6813	-1.6921	1.6921	1.7036	-1.7036	-1.7078	1.7078	-1.7157	1.7157	1.7214	-1.7214	1.7262	-1.7262	-1.7372	1.7372	1.7441	-1.7441	-1.7521	1.7521	-1.7557	1.7557	1.7673	-1.7673	1.7755	-1.7755	-1.7805	1.7805	1.7868	-1.7868	1.7988	-1.7988	-1.8062	1.8062	1.8176	-1.8176	1.8272	-1.8272	1.836	-1.836	1.84	-1.84	1.8473	-1.8473	-1.8586	1.8586	-1.8615	1.8615	-1.8682	1.8682	-1.8735	1.8735	1.8897	-1.8897	1.8952	-1.8952	1.9094	-1.9094	1.9148	-1.9148	-1.9279	1.9279	1.9384	-1.9384	1.9505	-1.9505	-1.9605	1.9605	-1.9706	1.9706	-1.9785	1.9785	1.9907	-1.9907	-1.9966	1.9966	2.0076	-2.0076	2.0183	-2.0183	2.0216	-2.0216	-2.0366	2.0366	-2.0421	2.0421	-2.0443	2.0443	2.0484	-2.0484	2.064	-2.064	2.0703	-2.0703	-2.0817	2.0817	2.0835	-2.0835	2.0961	-2.0961	2.1011	-2.1011	-2.1091	2.1091	-2.1155	2.1155	-2.1268	2.1268	2.1339	-2.1339	
0.21053	-0.9	0.0075478	-0.0075478	0.038332	-0.038332	-0.066899	0.066899	0.09162	-0.09162	-0.10246	0.10246	0.13372	-0.13372	0.15107	-0.15107	-0.16473	0.16473	-0.19167	0.19167	0.21482	-0.21482	-0.26063	0.26063	-0.29583	0.29583	0.32327	-0.32327	0.33986	-0.33986	0.35763	-0.35763	0.38165	-0.38165	-0.39731	0.39731	-0.40462	0.40462	-0.41506	0.41506	-0.43279	0.43279	-0.44529	0.44529	-0.47093	0.47093	0.47557	-0.47557	-0.49629	0.49629	0.4967	-0.4967	0.52229	-0.52229	0.54273	-0.54273	-0.56037	0.56037	-0.57773	0.57773	-0.60431	0.60431	0.61064	-0.61064	-0.62395	0.62395	-0.63153	0.63153	-0.64524	0.64524	-0.66038	0.66038	0.67551	-0.67551	0.69014	-0.69014	-0.70272	0.70272	0.72425	-0.72425	-0.73907	0.73907	0.76462	-0.76462	-0.78888	0.78888	0.79896	-0.79896	-0.8207	0.8207	0.84294	-0.84294	0.85229	-0.85229	-0.85764	0.85764	-0.86738	0.86738	0.88002	-0.88002	0.88438	-0.88438	0.88948	-0.88948	0.89954	-0.89954	-0.90596	0.90596	-0.91795	0.91795	-0.92255	0.92255	0.92724	-0.92724	0.9339	-0.9339	-0.94079	0.94079	-0.94472	0.94472	-0.94846	0.94846	-0.95633	0.95633	0.95918	-0.95918	-0.96289	0.96289	0.9705	-0.9705	0.97636	-0.97636	0.98409	-0.98409	-0.98981	0.98981	0.99693	-0.99693	-1.0022	1.0022	-1.0068	1.0068	-1.0089	1.0089	-1.0177	1.0177	-1.0221	1.0221	1.0352	-1.0352	-1.0439	1.0439	1.0527	-1.0527	-1.0609	1.0609	1.0673	-1.0673	-1.0754	1.0754	1.0845	-1.0845	-1.0871	1.0871	1.1048	-1.1048	-1.1098	1.1098	-1.1207	1.1207	-1.1275	1.1275	-1.1363	1.1363	1.1444	-1.1444	-1.147	1.147	1.1595	-1.1595	1.1703	-1.1703	-1.1766	1.1766	1.1838	-1.1838	-1.1954	1.1954	1.2097	-1.2097	-1.2157	1.2157	-1.2261	1.2261	-1.233	1.233	1.2454	-1.2454	-1.2567	1.2567	-1.2699	1.2699	1.2855	-1.2855	-1.3043	1.3043	-1.3083	1.3083	1.3245	-1.3245	-1.338	1.338	-1.3457	1.3457	-1.3533	1.3533	1.364	-1.364	1.3699	-1.3699	1.3751	-1.3751	-1.3908	1.3908	1.4005	-1.4005	1.4037	-1.4037	1.4119	-1.4119	1.4193	-1.4193	-1.4345	1.4345	-1.4371	1.4371	-1.4521	1.4521	1.4608	-1.4608	-1.4653	1.4653	-1.4763	1.4763	1.4829	-1.4829	1.4884	-1.4884	1.4908	-1.4908	1.5012	-1.5012	1.5143	-1.5143	1.5224	-1.5224	1.5242	-1.5242	-1.5384	1.5384	-1.5475	1.5475	-1.5544	1.5544	-1.5568	1.5568	-1.5702	1.5702	-1.5827	1.5827	-1.59	1.59	1.5935	-1.5935	-1.5982	1.5982	-1.6097	1.6097	1.6152	-1.6152	1.6286	-1.6286	1.6358	-1.6358	1.6456	-1.6456	-1.6577	1.6577	-1.663	1.663	1.677	-1.677	1.681	-1.681	-1.6922	1.6922	-1.7031	1.7031	1.7073	-1.7073	1.7153	-1.7153	1.7212	-1.7212	-1.7263	1.7263	-1.7372	1.7372	1.7437	-1.7437	1.752	-1.752	-1.7559	1.7559	1.7671	-1.7671	-1.7755	1.7755	1.7804	-1.7804	-1.7866	1.7866	1.7985	-1.7985	-1.806	1.806	1.8172	-1.8172	-1.827	1.827	1.8361	-1.8361	1.8397	-1.8397	1.8475	-1.8475	-1.8582	1.8582	1.8614	-1.8614	-1.8682	1.8682	1.8732	-1.8732	-1.8886	1.8886	-1.895	1.895	1.9088	-1.9088	-1.9148	1.9148	-1.9279	1.9279	1.938	-1.938	-1.9503	1.9503	-1.9602	1.9602	1.9702	-1.9702	-1.9787	1.9787	-1.9907	1.9907	-1.9966	1.9966	2.0076	-2.0076	2.0183	-2.0183	2.0217	-2.0217	2.0366	-2.0366	-2.0422	2.0422	2.0441	-2.0441	2.0484	-2.0484	-2.0634	2.0634	2.0703	-2.0703	-2.0818	2.0818	2.0834	-2.0834	-2.0963	2.0963	2.1009	-2.1009	-2.109	2.109	-2.1157	2.1157	2.1268	-2.1268	2.1338	-2.1338	
0.21053	-0.88	0.010917	-0.010917	0.025386	-0.025386	0.057413	-0.057413	0.081505	-0.081505	-0.084756	0.084756	0.12298	-0.12298	-0.13887	0.13887	0.15124	-0.15124	0.17105	-0.17105	0.21301	-0.21301	-0.26451	0.26451	0.30204	-0.30204	0.32406	-0.32406	0.34083	-0.34083	-0.35636	0.35636	0.37669	-0.37669	0.39338	-0.39338	-0.40033	0.40033	0.41124	-0.41124	-0.43024	0.43024	-0.45214	0.45214	0.47164	-0.47164	0.4762	-0.4762	-0.49768	0.49768	-0.50398	0.50398	-0.52202	0.52202	-0.54152	0.54152	0.55721	-0.55721	0.57385	-0.57385	0.59248	-0.59248	0.60606	-0.60606	0.61888	-0.61888	-0.62615	0.62615	-0.65265	0.65265	-0.66837	0.66837	0.67688	-0.67688	-0.69214	0.69214	0.70428	-0.70428	-0.72518	0.72518	0.73942	-0.73942	0.76592	-0.76592	-0.79159	0.79159	-0.80248	0.80248	-0.83295	0.83295	0.84995	-0.84995	0.85558	-0.85558	-0.86197	0.86197	0.87169	-0.87169	0.88315	-0.88315	-0.89652	0.89652	0.89994	-0.89994	-0.90814	0.90814	0.91478	-0.91478	0.92256	-0.92256	-0.92829	0.92829	0.93491	-0.93491	0.94506	-0.94506	0.94668	-0.94668	-0.95306	0.95306	0.95708	-0.95708	0.96166	-0.96166	-0.96746	0.96746	-0.97809	0.97809	-0.97915	0.97915	-0.98298	0.98298	0.99183	-0.99183	0.99757	-0.99757	-1.0004	1.0004	1.0068	-1.0068	1.0096	-1.0096	1.0134	-1.0134	1.0226	-1.0226	1.0274	-1.0274	-1.0384	1.0384	1.0463	-1.0463	1.0544	-1.0544	1.0638	-1.0638	1.0704	-1.0704	-1.0764	1.0764	-1.0858	1.0858	1.0889	-1.0889	-1.1055	1.1055	1.1112	-1.1112	1.1212	-1.1212	1.1289	-1.1289	-1.1367	1.1367	1.1452	-1.1452	-1.1477	1.1477	1.1597	-1.1597	1.1706	-1.1706	1.1765	-1.1765	1.1839	-1.1839	-1.1958	1.1958	-1.2103	1.2103	1.2161	-1.2161	1.2262	-1.2262	-1.2334	1.2334	1.2454	-1.2454	1.2569	-1.2569	-1.2699	1.2699	1.2854	-1.2854	-1.3042	1.3042	-1.3082	1.3082	1.3246	-1.3246	-1.3379	1.3379	-1.3459	1.3459	-1.3537	1.3537	1.3642	-1.3642	1.3696	-1.3696	-1.3751	1.3751	1.3909	-1.3909	1.4004	-1.4004	-1.4035	1.4035	1.4121	-1.4121	1.4194	-1.4194	-1.4345	1.4345	-1.4371	1.4371	-1.452	1.452	1.4607	-1.4607	-1.4653	1.4653	1.476	-1.476	-1.4826	1.4826	1.4882	-1.4882	-1.491	1.491	-1.5015	1.5015	1.5145	-1.5145	1.5227	-1.5227	1.524	-1.524	-1.5383	1.5383	-1.5474	1.5474	-1.5543	1.5543	1.556	-1.556	-1.5701	1.5701	1.5828	-1.5828	1.5898	-1.5898	1.5932	-1.5932	-1.5985	1.5985	1.6098	-1.6098	1.6152	-1.6152	1.6282	-1.6282	-1.6358	1.6358	1.6456	-1.6456	1.6578	-1.6578	1.6628	-1.6628	-1.6771	1.6771	-1.6806	1.6806	-1.6924	1.6924	-1.7023	1.7023	-1.7069	1.7069	1.7149	-1.7149	1.7209	-1.7209	1.7263	-1.7263	1.7371	-1.7371	1.7433	-1.7433	-1.7518	1.7518	1.7561	-1.7561	-1.7668	1.7668	1.7755	-1.7755	1.7802	-1.7802	1.7865	-1.7865	-1.7982	1.7982	1.8058	-1.8058	1.8168	-1.8168	-1.8268	1.8268	1.8362	-1.8362	1.8395	-1.8395	-1.8476	1.8476	-1.8577	1.8577	1.8612	-1.8612	-1.8682	1.8682	-1.8728	1.8728	1.8876	-1.8876	1.8948	-1.8948	1.9082	-1.9082	1.9148	-1.9148	1.9279	-1.9279	1.9375	-1.9375	1.9501	-1.9501	1.9598	-1.9598	-1.9699	1.9699	1.979	-1.979	1.9907	-1.9907	1.9967	-1.9967	2.0076	-2.0076	2.0183	-2.0183	2.0218	-2.0218	2.0365	-2.0365	-2.0421	2.0421	-2.044	2.044	-2.0484	2.0484	-2.0629	2.0629	-2.0703	2.0703	2.0817	-2.0817	-2.0834	2.0834	2.0965	-2.0965	-2.1007	2.1007	2.1089	-2.1089	2.116	-2.116	2.1267	-2.1267	2.1337	-2.1337	
0.21053	-0.86	-0.005818	0.005818	-0.022254	0.022254	0.049303	-0.049303	-0.066091	0.066091	0.079204	-0.079204	0.11025	-0.11025	-0.12247	0.12247	0.13816	-0.13816	-0.15317	0.15317	0.21417	-0.21417	-0.26696	0.26696	0.30143	-0.30143	-0.32293	0.32293	0.33958	-0.33958	-0.34935	0.34935	-0.3732	0.3732	-0.38631	0.38631	-0.39229	0.39229	0.40585	-0.40585	-0.42593	0.42593	-0.45013	0.45013	0.47558	-0.47558	-0.47992	0.47992	-0.50509	0.50509	0.51511	-0.51511	-0.52136	0.52136	-0.54639	0.54639	-0.55498	0.55498	0.57056	-0.57056	0.58488	-0.58488	0.60084	-0.60084	0.61779	-0.61779	-0.62608	0.62608	0.66131	-0.66131	-0.67417	0.67417	0.68545	-0.68545	0.69577	-0.69577	-0.70689	0.70689	0.72666	-0.72666	0.74	-0.74	0.76686	-0.76686	-0.79385	0.79385	0.8044	-0.8044	-0.84375	0.84375	0.85251	-0.85251	0.85945	-0.85945	-0.86804	0.86804	0.87523	-0.87523	0.88561	-0.88561	0.90132	-0.90132	-0.90765	0.90765	-0.91611	0.91611	-0.92288	0.92288	-0.92862	0.92862	0.93378	-0.93378	-0.93948	0.93948	0.95035	-0.95035	-0.95335	0.95335	0.95926	-0.95926	-0.96183	0.96183	0.96961	-0.96961	0.9803	-0.9803	0.98329	-0.98329	0.98617	-0.98617	0.9937	-0.9937	-1.0023	1.0023	-1.005	1.005	-1.0083	1.0083	-1.0149	1.0149	1.0191	-1.0191	-1.0216	1.0216	-1.0283	1.0283	1.0366	-1.0366	-1.0429	1.0429	1.05	-1.05	1.0574	-1.0574	1.0689	-1.0689	1.0743	-1.0743	-1.0783	1.0783	1.0873	-1.0873	1.0923	-1.0923	-1.1064	1.1064	-1.1132	1.1132	1.1216	-1.1216	1.131	-1.131	1.1376	-1.1376	-1.1465	1.1465	1.1489	-1.1489	1.1602	-1.1602	1.1713	-1.1713	1.1765	-1.1765	1.1845	-1.1845	-1.1963	1.1963	1.2112	-1.2112	-1.2168	1.2168	-1.2266	1.2266	1.234	-1.234	1.2453	-1.2453	1.2571	-1.2571	1.2699	-1.2699	1.2853	-1.2853	1.3042	-1.3042	-1.3081	1.3081	-1.3246	1.3246	1.3377	-1.3377	1.346	-1.346	-1.3542	1.3542	-1.3644	1.3644	1.3694	-1.3694	1.3752	-1.3752	-1.391	1.391	-1.4004	1.4004	-1.4033	1.4033	1.4123	-1.4123	1.4195	-1.4195	-1.4345	1.4345	1.4373	-1.4373	1.4519	-1.4519	1.4605	-1.4605	1.4653	-1.4653	1.4758	-1.4758	1.4824	-1.4824	1.488	-1.488	1.4913	-1.4913	1.5018	-1.5018	1.5146	-1.5146	-1.523	1.523	-1.5239	1.5239	-1.5383	1.5383	-1.5473	1.5473	-1.5541	1.5541	-1.5552	1.5552	1.5699	-1.5699	1.583	-1.583	1.5894	-1.5894	-1.593	1.593	-1.5989	1.5989	-1.6099	1.6099	1.6153	-1.6153	-1.6278	1.6278	1.6358	-1.6358	1.6456	-1.6456	1.6578	-1.6578	1.6626	-1.6626	1.6772	-1.6772	1.6802	-1.6802	-1.6925	1.6925	-1.7015	1.7015	1.7065	-1.7065	-1.7146	1.7146	1.7207	-1.7207	-1.7263	1.7263	1.737	-1.737	-1.7429	1.7429	1.7516	-1.7516	-1.7563	1.7563	1.7666	-1.7666	-1.7755	1.7755	-1.7801	1.7801	-1.7863	1.7863	1.7979	-1.7979	1.8057	-1.8057	1.8164	-1.8164	-1.8265	1.8265	1.8362	-1.8362	1.8392	-1.8392	1.8478	-1.8478	-1.8572	1.8572	-1.8611	1.8611	1.8682	-1.8682	1.8725	-1.8725	1.8866	-1.8866	1.8946	-1.8946	1.9076	-1.9076	-1.9149	1.9149	-1.9279	1.9279	1.9371	-1.9371	-1.95	1.95	-1.9594	1.9594	-1.9695	1.9695	1.9793	-1.9793	1.9907	-1.9907	1.9967	-1.9967	2.0076	-2.0076	2.0183	-2.0183	2.0219	-2.0219	-2.0364	2.0364	-2.042	2.042	-2.044	2.044	-2.0485	2.0485	-2.0624	2.0624	-2.0702	2.0702	2.0815	-2.0815	2.0835	-2.0835	-2.0966	2.0966	-2.1006	2.1006	-2.1088	2.1088	-2.1164	2.1164	2.1265	-2.1265	-2.1336	2.1336	
0.21053	-0.84	-0.0036508	0.0036508	-0.029472	0.029472	-0.041424	0.041424	-0.054666	0.054666	0.073731	-0.073731	-0.095028	0.095028	-0.11331	0.11331	-0.12132	0.12132	0.14568	-0.14568	-0.21494	0.21494	0.2659	-0.2659	-0.29516	0.29516	-0.31875	0.31875	-0.33254	0.33254	-0.34334	0.34334	0.36119	-0.36119	-0.37511	0.37511	-0.3884	0.3884	-0.40115	0.40115	0.42068	-0.42068	0.45031	-0.45031	0.4734	-0.4734	-0.48662	0.48662	-0.51262	0.51262	-0.51722	0.51722	-0.52861	0.52861	-0.54978	0.54978	-0.55975	0.55975	-0.57266	0.57266	-0.58735	0.58735	-0.60407	0.60407	-0.61935	0.61935	-0.62681	0.62681	-0.66725	0.66725	0.67602	-0.67602	-0.6968	0.6968	0.7032	-0.7032	0.71193	-0.71193	-0.72942	0.72942	0.74096	-0.74096	0.76763	-0.76763	-0.79587	0.79587	-0.80581	0.80581	-0.85045	0.85045	-0.85382	0.85382	-0.863	0.863	-0.87357	0.87357	-0.87928	0.87928	0.88905	-0.88905	0.9034	-0.9034	-0.91268	0.91268	-0.91979	0.91979	-0.92825	0.92825	0.93511	-0.93511	0.94038	-0.94038	0.944	-0.944	-0.95366	0.95366	0.95851	-0.95851	-0.96439	0.96439	0.966	-0.966	-0.97597	0.97597	-0.9864	0.9864	0.99114	-0.99114	-0.99346	0.99346	0.99782	-0.99782	1.0096	-1.0096	-1.0123	1.0123	-1.017	1.017	1.025	-1.025	-1.0315	1.0315	-1.036	1.036	-1.0405	1.0405	-1.0464	1.0464	-1.0513	1.0513	-1.0562	1.0562	-1.0628	1.0628	1.0751	-1.0751	1.0782	-1.0782	1.0842	-1.0842	-1.0899	1.0899	1.0976	-1.0976	-1.1079	1.1079	-1.1163	1.1163	1.1223	-1.1223	-1.1339	1.1339	-1.1392	1.1392	1.1482	-1.1482	1.1511	-1.1511	1.1611	-1.1611	1.1722	-1.1722	-1.1769	1.1769	-1.1855	1.1855	1.197	-1.197	1.2122	-1.2122	-1.2181	1.2181	1.2271	-1.2271	-1.2347	1.2347	1.2454	-1.2454	1.2574	-1.2574	1.2701	-1.2701	1.2854	-1.2854	-1.3043	1.3043	1.3081	-1.3081	1.3247	-1.3247	1.3375	-1.3375	-1.3462	1.3462	1.3547	-1.3547	-1.3646	1.3646	-1.3691	1.3691	-1.3754	1.3754	-1.3911	1.3911	-1.4003	1.4003	-1.4032	1.4032	1.4126	-1.4126	1.4197	-1.4197	1.4345	-1.4345	1.4374	-1.4374	-1.4518	1.4518	1.4603	-1.4603	-1.4653	1.4653	1.4755	-1.4755	-1.4821	1.4821	-1.4879	1.4879	-1.4916	1.4916	1.502	-1.502	1.5148	-1.5148	1.523	-1.523	1.5238	-1.5238	-1.5382	1.5382	1.547	-1.547	1.5539	-1.5539	1.5546	-1.5546	-1.5697	1.5697	1.5831	-1.5831	1.5889	-1.5889	-1.5929	1.5929	-1.5994	1.5994	1.61	-1.61	-1.6154	1.6154	1.6274	-1.6274	1.6358	-1.6358	-1.6456	1.6456	1.6578	-1.6578	1.6624	-1.6624	1.6773	-1.6773	-1.6798	1.6798	-1.6926	1.6926	1.7005	-1.7005	-1.7063	1.7063	1.7143	-1.7143	1.7204	-1.7204	1.7264	-1.7264	1.7369	-1.7369	-1.7426	1.7426	-1.7515	1.7515	1.7565	-1.7565	-1.7664	1.7664	-1.7755	1.7755	-1.78	1.78	-1.7862	1.7862	-1.7976	1.7976	-1.8056	1.8056	-1.816	1.816	1.8263	-1.8263	1.8362	-1.8362	1.839	-1.839	-1.848	1.848	-1.8567	1.8567	1.861	-1.861	1.8683	-1.8683	-1.8723	1.8723	-1.8856	1.8856	-1.8944	1.8944	-1.907	1.907	1.915	-1.915	-1.928	1.928	1.9367	-1.9367	-1.9498	1.9498	-1.959	1.959	1.9691	-1.9691	-1.9796	1.9796	-1.9907	1.9907	-1.9967	1.9967	-2.0076	2.0076	2.0182	-2.0182	2.022	-2.022	2.0362	-2.0362	2.0418	-2.0418	-2.0439	2.0439	-2.0486	2.0486	-2.062	2.062	-2.0701	2.0701	-2.0812	2.0812	-2.0837	2.0837	2.0967	-2.0967	-2.1006	2.1006	2.1087	-2.1087	-2.1168	2.1168	2.1264	-2.1264	-2.1335	2.1335	
0.21053	-0.82	-0.00024167	0.00024167	0.029842	-0.029842	-0.041612	0.041612	-0.056111	0.056111	-0.0641	0.0641	-0.075841	0.075841	-0.10148	0.10148	-0.11857	0.11857	0.15107	-0.15107	0.21164	-0.21164	-0.25886	0.25886	0.28902	-0.28902	-0.31115	0.31115	0.32111	-0.32111	0.3318	-0.3318	0.34932	-0.34932	-0.35907	0.35907	0.38435	-0.38435	-0.39908	0.39908	0.41552	-0.41552	-0.4543	0.4543	0.46684	-0.46684	0.48935	-0.48935	-0.51935	0.51935	-0.52026	0.52026	0.52807	-0.52807	0.56297	-0.56297	-0.57273	0.57273	-0.58233	0.58233	-0.59722	0.59722	-0.61072	0.61072	-0.62369	0.62369	-0.63015	0.63015	-0.67001	0.67001	-0.67787	0.67787	0.70091	-0.70091	0.71357	-0.71357	-0.72084	0.72084	-0.73626	0.73626	-0.74276	0.74276	0.76832	-0.76832	-0.79771	0.79771	0.80714	-0.80714	-0.8528	0.8528	0.85525	-0.85525	0.86721	-0.86721	-0.87621	0.87621	0.88293	-0.88293	-0.8947	0.8947	-0.90496	0.90496	-0.91583	0.91583	-0.92201	0.92201	-0.93121	0.93121	-0.93866	0.93866	-0.94674	0.94674	-0.94874	0.94874	-0.95627	0.95627	-0.96177	0.96177	-0.9681	0.9681	0.97324	-0.97324	0.97915	-0.97915	0.9891	-0.9891	0.99578	-0.99578	-1	1	1.0049	-1.0049	-1.0136	1.0136	-1.0182	1.0182	-1.0235	1.0235	-1.0362	1.0362	-1.0408	1.0408	-1.0466	1.0466	-1.0554	1.0554	-1.0567	1.0567	-1.0626	1.0626	-1.0693	1.0693	1.0732	-1.0732	1.0809	-1.0809	-1.0829	1.0829	-1.094	1.094	1.0973	-1.0973	-1.1043	1.1043	1.1105	-1.1105	1.1216	-1.1216	1.1233	-1.1233	1.1372	-1.1372	1.1423	-1.1423	-1.1506	1.1506	-1.1547	1.1547	1.1625	-1.1625	1.1733	-1.1733	-1.1776	1.1776	-1.1872	1.1872	-1.1981	1.1981	-1.2134	1.2134	1.2201	-1.2201	-1.228	1.228	1.2356	-1.2356	-1.2455	1.2455	-1.2579	1.2579	1.2703	-1.2703	-1.2855	1.2855	-1.3044	1.3044	-1.3081	1.3081	1.3248	-1.3248	-1.3374	1.3374	1.3463	-1.3463	1.3552	-1.3552	-1.3648	1.3648	1.3689	-1.3689	1.3757	-1.3757	1.3912	-1.3912	1.4002	-1.4002	-1.403	1.403	1.4128	-1.4128	-1.4198	1.4198	-1.4345	1.4345	1.4376	-1.4376	-1.4516	1.4516	-1.4602	1.4602	1.4653	-1.4653	-1.4753	1.4753	-1.4818	1.4818	1.4877	-1.4877	-1.4918	1.4918	1.5023	-1.5023	-1.5149	1.5149	-1.523	1.523	1.524	-1.524	1.5381	-1.5381	-1.5468	1.5468	1.5536	-1.5536	-1.5541	1.5541	-1.5695	1.5695	1.5832	-1.5832	1.5884	-1.5884	-1.5929	1.5929	1.5998	-1.5998	1.6102	-1.6102	-1.6156	1.6156	-1.627	1.627	1.6358	-1.6358	1.6456	-1.6456	1.6577	-1.6577	1.6622	-1.6622	-1.6774	1.6774	-1.6794	1.6794	1.6927	-1.6927	1.6995	-1.6995	1.706	-1.706	-1.714	1.714	1.7201	-1.7201	1.7264	-1.7264	1.7368	-1.7368	1.7422	-1.7422	-1.7514	1.7514	1.7567	-1.7567	1.7662	-1.7662	-1.7754	1.7754	1.7799	-1.7799	1.7861	-1.7861	-1.7973	1.7973	1.8054	-1.8054	1.8156	-1.8156	-1.826	1.826	-1.8362	1.8362	1.8387	-1.8387	-1.8481	1.8481	1.8563	-1.8563	1.8609	-1.8609	1.8683	-1.8683	-1.8721	1.8721	1.8847	-1.8847	-1.8942	1.8942	-1.9064	1.9064	1.915	-1.915	1.9281	-1.9281	1.9362	-1.9362	-1.9497	1.9497	-1.9587	1.9587	-1.9687	1.9687	-1.98	1.98	1.9908	-1.9908	1.9968	-1.9968	-2.0076	2.0076	-2.0182	2.0182	-2.0221	2.0221	2.0361	-2.0361	2.0415	-2.0415	-2.0438	2.0438	-2.0487	2.0487	2.0616	-2.0616	2.07	-2.07	2.0809	-2.0809	-2.0839	2.0839	-2.0969	2.0969	2.1006	-2.1006	2.1085	-2.1085	2.1172	-2.1172	-2.1262	2.1262	-2.1335	2.1335	
0.21053	-0.8	0.0027594	-0.0027594	0.023437	-0.023437	0.044294	-0.044294	0.052522	-0.052522	0.058743	-0.058743	0.072181	-0.072181	0.09188	-0.09188	-0.12753	0.12753	-0.16524	0.16524	0.20333	-0.20333	0.24718	-0.24718	-0.2796	0.2796	-0.29921	0.29921	0.30788	-0.30788	0.31947	-0.31947	0.33701	-0.33701	-0.34415	0.34415	0.37806	-0.37806	-0.39038	0.39038	-0.41672	0.41672	-0.44974	0.44974	0.47162	-0.47162	0.4816	-0.4816	0.52232	-0.52232	0.5281	-0.5281	0.54104	-0.54104	-0.5792	0.5792	-0.58664	0.58664	0.59454	-0.59454	0.60959	-0.60959	0.61931	-0.61931	0.62745	-0.62745	0.64233	-0.64233	-0.67127	0.67127	0.67966	-0.67966	0.70286	-0.70286	-0.71984	0.71984	0.72837	-0.72837	-0.7463	0.7463	-0.75058	0.75058	-0.76903	0.76903	0.79934	-0.79934	0.80864	-0.80864	0.85344	-0.85344	0.85633	-0.85633	0.87099	-0.87099	-0.8778	0.8778	0.8852	-0.8852	-0.90079	0.90079	0.90644	-0.90644	0.91818	-0.91818	0.92383	-0.92383	-0.93309	0.93309	-0.94105	0.94105	0.95054	-0.95054	0.95276	-0.95276	0.95854	-0.95854	-0.96429	0.96429	-0.97228	0.97228	-0.97962	0.97962	-0.98169	0.98169	-0.99096	0.99096	-0.99791	0.99791	-1.004	1.004	1.0133	-1.0133	-1.0173	1.0173	1.0237	-1.0237	-1.0304	1.0304	1.0418	-1.0418	-1.0476	1.0476	-1.054	1.054	-1.0641	1.0641	1.07	-1.07	1.0735	-1.0735	1.0815	-1.0815	1.0843	-1.0843	-1.0897	1.0897	1.0943	-1.0943	1.1042	-1.1042	-1.1088	1.1088	-1.1133	1.1133	1.1177	-1.1177	-1.1251	1.1251	1.1303	-1.1303	-1.1407	1.1407	1.1478	-1.1478	-1.1545	1.1545	-1.1603	1.1603	1.1647	-1.1647	1.175	-1.175	-1.1789	1.1789	-1.1896	1.1896	-1.1998	1.1998	1.2147	-1.2147	1.2229	-1.2229	-1.2299	1.2299	-1.2367	1.2367	1.2458	-1.2458	1.2585	-1.2585	-1.2706	1.2706	-1.2857	1.2857	-1.3046	1.3046	1.3082	-1.3082	-1.3249	1.3249	1.3373	-1.3373	-1.3465	1.3465	1.3558	-1.3558	1.365	-1.365	1.3687	-1.3687	-1.3761	1.3761	-1.3914	1.3914	-1.4002	1.4002	-1.4029	1.4029	1.4131	-1.4131	-1.42	1.42	1.4345	-1.4345	-1.4379	1.4379	-1.4516	1.4516	1.46	-1.46	-1.4654	1.4654	1.4751	-1.4751	1.4816	-1.4816	-1.4876	1.4876	-1.4921	1.4921	1.5026	-1.5026	1.5151	-1.5151	-1.5229	1.5229	-1.5242	1.5242	1.538	-1.538	1.5464	-1.5464	-1.5531	1.5531	1.5538	-1.5538	-1.5694	1.5694	1.5832	-1.5832	-1.5879	1.5879	1.593	-1.593	-1.6003	1.6003	-1.6103	1.6103	-1.6158	1.6158	1.6266	-1.6266	1.6358	-1.6358	-1.6457	1.6457	1.6576	-1.6576	1.6621	-1.6621	-1.6774	1.6774	-1.679	1.679	1.6927	-1.6927	1.6984	-1.6984	-1.7059	1.7059	1.7137	-1.7137	1.7198	-1.7198	-1.7265	1.7265	-1.7367	1.7367	1.7418	-1.7418	-1.7513	1.7513	-1.7569	1.7569	-1.766	1.766	1.7754	-1.7754	-1.7797	1.7797	-1.786	1.786	1.7969	-1.7969	-1.8053	1.8053	-1.8153	1.8153	1.8258	-1.8258	1.8362	-1.8362	-1.8385	1.8385	1.8482	-1.8482	-1.8558	1.8558	-1.8609	1.8609	1.8684	-1.8684	-1.872	1.872	-1.8838	1.8838	1.8941	-1.8941	-1.9059	1.9059	1.9151	-1.9151	-1.9283	1.9283	-1.9359	1.9359	-1.9496	1.9496	1.9584	-1.9584	1.9683	-1.9683	1.9803	-1.9803	-1.9908	1.9908	-1.9968	1.9968	2.0075	-2.0075	-2.0181	2.0181	-2.0223	2.0223	2.0359	-2.0359	-2.0411	2.0411	-2.0437	2.0437	-2.0489	2.0489	2.0612	-2.0612	-2.0698	2.0698	2.0805	-2.0805	2.0841	-2.0841	2.0969	-2.0969	2.1008	-2.1008	-2.1084	2.1084	2.1176	-2.1176	-2.126	2.126	2.1334	-2.1334	
0.21053	-0.78	0.0060307	-0.0060307	-0.012668	0.012668	0.040318	-0.040318	0.050697	-0.050697	-0.057988	0.057988	0.08137	-0.08137	0.10134	-0.10134	0.14098	-0.14098	0.18131	-0.18131	0.19364	-0.19364	0.23392	-0.23392	-0.26418	0.26418	0.28096	-0.28096	-0.29173	0.29173	-0.3081	0.3081	0.32318	-0.32318	0.33705	-0.33705	0.36992	-0.36992	0.37737	-0.37737	-0.41715	0.41715	0.44178	-0.44178	-0.47165	0.47165	0.48843	-0.48843	-0.52644	0.52644	0.54191	-0.54191	0.55931	-0.55931	-0.5854	0.5854	-0.60391	0.60391	-0.61134	0.61134	-0.61445	0.61445	0.62975	-0.62975	0.64005	-0.64005	-0.65913	0.65913	0.67271	-0.67271	-0.68172	0.68172	0.70402	-0.70402	0.72331	-0.72331	-0.733	0.733	0.75277	-0.75277	0.76777	-0.76777	-0.77009	0.77009	-0.80085	0.80085	0.81053	-0.81053	0.85369	-0.85369	-0.85711	0.85711	-0.87359	0.87359	-0.8791	0.8791	-0.88695	0.88695	0.90542	-0.90542	-0.90814	0.90814	0.92006	-0.92006	0.92568	-0.92568	0.93445	-0.93445	0.9431	-0.9431	-0.95284	0.95284	-0.95532	0.95532	0.96055	-0.96055	0.96632	-0.96632	0.97618	-0.97618	-0.98373	0.98373	0.98535	-0.98535	0.99243	-0.99243	-0.99919	0.99919	1.0077	-1.0077	-1.0192	1.0192	1.0202	-1.0202	-1.0299	1.0299	-1.0375	1.0375	-1.0464	1.0464	-1.0503	1.0503	-1.0614	1.0614	-1.0692	1.0692	-1.0774	1.0774	1.0818	-1.0818	-1.0901	1.0901	1.0953	-1.0953	-1.1015	1.1015	1.108	-1.108	1.1122	-1.1122	-1.1191	1.1191	-1.1235	1.1235	1.1306	-1.1306	-1.1356	1.1356	-1.1408	1.1408	1.1462	-1.1462	-1.1559	1.1559	1.161	-1.161	-1.1675	1.1675	-1.1688	1.1688	-1.1779	1.1779	1.1813	-1.1813	1.1926	-1.1926	1.2028	-1.2028	1.2164	-1.2164	-1.2254	1.2254	1.2338	-1.2338	1.2381	-1.2381	-1.2463	1.2463	1.2595	-1.2595	-1.2712	1.2712	1.2861	-1.2861	1.305	-1.305	1.3084	-1.3084	1.3251	-1.3251	1.3373	-1.3373	-1.3468	1.3468	1.3564	-1.3564	1.3652	-1.3652	-1.3687	1.3687	1.3766	-1.3766	1.3917	-1.3917	-1.4002	1.4002	-1.4028	1.4028	-1.4133	1.4133	-1.4203	1.4203	1.4345	-1.4345	1.4383	-1.4383	-1.4515	1.4515	-1.4598	1.4598	-1.4654	1.4654	-1.475	1.475	-1.4813	1.4813	-1.4876	1.4876	1.4924	-1.4924	1.5028	-1.5028	1.5153	-1.5153	1.5227	-1.5227	-1.5244	1.5244	-1.5379	1.5379	1.5461	-1.5461	-1.5526	1.5526	-1.5537	1.5537	-1.5692	1.5692	1.5832	-1.5832	-1.5874	1.5874	-1.5931	1.5931	1.6008	-1.6008	-1.6105	1.6105	1.6161	-1.6161	1.6262	-1.6262	1.6357	-1.6357	1.6457	-1.6457	-1.6575	1.6575	1.6619	-1.6619	-1.6772	1.6772	1.6788	-1.6788	1.6927	-1.6927	-1.6973	1.6973	-1.7057	1.7057	1.7135	-1.7135	1.7194	-1.7194	1.7265	-1.7265	-1.7366	1.7366	1.7415	-1.7415	1.7512	-1.7512	1.7571	-1.7571	-1.7658	1.7658	1.7754	-1.7754	-1.7796	1.7796	-1.7858	1.7858	1.7966	-1.7966	1.8053	-1.8053	1.8149	-1.8149	-1.8256	1.8256	1.8362	-1.8362	-1.8382	1.8382	1.8484	-1.8484	1.8554	-1.8554	-1.8608	1.8608	-1.8686	1.8686	1.8719	-1.8719	1.883	-1.883	-1.8939	1.8939	1.9053	-1.9053	1.9151	-1.9151	-1.9285	1.9285	-1.9355	1.9355	1.9494	-1.9494	1.9581	-1.9581	1.9679	-1.9679	1.9807	-1.9807	1.9909	-1.9909	-1.9968	1.9968	2.0075	-2.0075	-2.0181	2.0181	2.0224	-2.0224	-2.0356	2.0356	2.0407	-2.0407	2.0436	-2.0436	2.0491	-2.0491	-2.0608	2.0608	-2.0697	2.0697	2.0801	-2.0801	2.0844	-2.0844	-2.097	2.097	-2.1009	2.1009	-2.1082	2.1082	-2.1181	2.1181	2.1257	-2.1257	-2.1333	2.1333	
0.21053	-0.76	0.010081	-0.010081	0.01766	-0.01766	-0.043076	0.043076	0.049943	-0.049943	0.070054	-0.070054	-0.096535	0.096535	0.11694	-0.11694	-0.15341	0.15341	-0.18562	0.18562	-0.19626	0.19626	-0.22406	0.22406	0.24565	-0.24565	0.26134	-0.26134	-0.27391	0.27391	-0.29026	0.29026	-0.30812	0.30812	-0.33697	0.33697	0.35263	-0.35263	0.37059	-0.37059	0.4157	-0.4157	-0.43059	0.43059	0.47917	-0.47917	0.50495	-0.50495	0.53051	-0.53051	0.55921	-0.55921	0.57631	-0.57631	0.59135	-0.59135	-0.61133	0.61133	0.62142	-0.62142	-0.62851	0.62851	-0.64164	0.64164	0.66019	-0.66019	0.67116	-0.67116	-0.67858	0.67858	0.68776	-0.68776	0.7048	-0.7048	-0.72559	0.72559	-0.73575	0.73575	0.76058	-0.76058	0.77154	-0.77154	-0.78467	0.78467	0.8025	-0.8025	-0.81317	0.81317	0.85382	-0.85382	-0.85791	0.85791	0.87515	-0.87515	-0.88026	0.88026	-0.88847	0.88847	0.90799	-0.90799	0.91048	-0.91048	0.92151	-0.92151	0.92771	-0.92771	0.93563	-0.93563	-0.94494	0.94494	0.95437	-0.95437	-0.95689	0.95689	0.9623	-0.9623	0.96807	-0.96807	-0.97872	0.97872	0.98681	-0.98681	-0.9895	0.9895	0.99376	-0.99376	1.0004	-1.0004	1.0104	-1.0104	1.0224	-1.0224	-1.0245	1.0245	-1.0352	1.0352	1.044	-1.044	1.0495	-1.0495	-1.0543	1.0543	-1.0665	1.0665	-1.0728	1.0728	-1.0817	1.0817	1.0854	-1.0854	-1.0997	1.0997	1.106	-1.106	1.109	-1.109	1.116	-1.116	1.1189	-1.1189	-1.1289	1.1289	-1.1338	1.1338	1.1434	-1.1434	1.1469	-1.1469	1.157	-1.157	1.1598	-1.1598	-1.1652	1.1652	1.1703	-1.1703	-1.1724	1.1724	1.1788	-1.1788	-1.1828	1.1828	-1.1878	1.1878	1.1962	-1.1962	-1.2083	1.2083	-1.2188	1.2188	-1.2275	1.2275	1.2389	-1.2389	-1.2413	1.2413	-1.2474	1.2474	1.261	-1.261	-1.2723	1.2723	1.2867	-1.2867	-1.3055	1.3055	1.3087	-1.3087	1.3253	-1.3253	-1.3374	1.3374	-1.3471	1.3471	-1.357	1.357	1.3654	-1.3654	1.3688	-1.3688	1.3773	-1.3773	-1.392	1.392	-1.4003	1.4003	1.4028	-1.4028	-1.4135	1.4135	1.4205	-1.4205	-1.4345	1.4345	-1.4388	1.4388	1.4515	-1.4515	-1.4596	1.4596	1.4654	-1.4654	-1.4748	1.4748	-1.4811	1.4811	-1.4875	1.4875	-1.4927	1.4927	1.5031	-1.5031	-1.5156	1.5156	1.5226	-1.5226	1.5247	-1.5247	1.5378	-1.5378	1.5456	-1.5456	1.5521	-1.5521	1.5536	-1.5536	1.5691	-1.5691	-1.5831	1.5831	-1.5871	1.5871	-1.5933	1.5933	1.6013	-1.6013	1.6106	-1.6106	1.6165	-1.6165	-1.6258	1.6258	1.6357	-1.6357	1.6457	-1.6457	1.6573	-1.6573	-1.6618	1.6618	1.6767	-1.6767	1.6788	-1.6788	1.6926	-1.6926	-1.6963	1.6963	-1.7056	1.7056	1.7132	-1.7132	1.7191	-1.7191	-1.7266	1.7266	-1.7365	1.7365	1.7411	-1.7411	-1.7512	1.7512	1.7573	-1.7573	-1.7656	1.7656	1.7754	-1.7754	-1.7795	1.7795	-1.7858	1.7858	1.7963	-1.7963	-1.8052	1.8052	1.8145	-1.8145	1.8253	-1.8253	1.8361	-1.8361	-1.8379	1.8379	-1.8484	1.8484	1.8551	-1.8551	-1.8608	1.8608	-1.8687	1.8687	1.8718	-1.8718	1.8823	-1.8823	-1.8938	1.8938	-1.9048	1.9048	-1.9152	1.9152	-1.9286	1.9286	1.9352	-1.9352	-1.9493	1.9493	-1.9578	1.9578	-1.9675	1.9675	1.9811	-1.9811	-1.991	1.991	1.9968	-1.9968	2.0074	-2.0074	-2.018	2.018	-2.0225	2.0225	-2.0354	2.0354	2.0403	-2.0403	2.0435	-2.0435	2.0494	-2.0494	2.0605	-2.0605	-2.0695	2.0695	2.0796	-2.0796	2.0846	-2.0846	2.097	-2.097	-2.1012	2.1012	-2.108	2.108	-2.1185	2.1185	-2.1255	2.1255	-2.1333	2.1333	
0.21053	-0.74	-0.020049	0.020049	-0.034661	0.034661	-0.053565	0.053565	0.059796	-0.059796	0.084825	-0.084825	-0.11258	0.11258	-0.12903	0.12903	0.16054	-0.16054	-0.18618	0.18618	-0.20162	0.20162	-0.2175	0.2175	0.23023	-0.23023	0.24738	-0.24738	0.25706	-0.25706	0.27145	-0.27145	-0.29223	0.29223	0.32832	-0.32832	-0.33525	0.33525	-0.36764	0.36764	-0.40775	0.40775	0.43278	-0.43278	-0.49368	0.49368	-0.52196	0.52196	0.53554	-0.53554	0.57609	-0.57609	0.58559	-0.58559	0.60511	-0.60511	-0.61341	0.61341	0.62632	-0.62632	-0.64494	0.64494	0.65976	-0.65976	-0.67013	0.67013	0.68269	-0.68269	0.6882	-0.6882	0.7042	-0.7042	-0.70608	0.70608	-0.72765	0.72765	-0.73785	0.73785	0.76618	-0.76618	0.77594	-0.77594	-0.79705	0.79705	-0.80544	0.80544	0.81786	-0.81786	0.85392	-0.85392	0.85899	-0.85899	0.87609	-0.87609	0.88125	-0.88125	0.88978	-0.88978	-0.90942	0.90942	-0.91286	0.91286	-0.92258	0.92258	-0.92976	0.92976	0.93693	-0.93693	-0.94661	0.94661	-0.95544	0.95544	-0.95793	0.95793	-0.96389	0.96389	-0.9697	0.9697	0.98025	-0.98025	0.98931	-0.98931	-0.99299	0.99299	-0.9952	0.9952	1.0021	-1.0021	1.0124	-1.0124	-1.0247	1.0247	-1.0291	1.0291	-1.0389	1.0389	-1.0488	1.0488	-1.0516	1.0516	1.0601	-1.0601	-1.0697	1.0697	-1.0756	1.0756	1.0834	-1.0834	1.0906	-1.0906	1.1059	-1.1059	-1.1115	1.1115	-1.1148	1.1148	1.1218	-1.1218	-1.1261	1.1261	-1.1359	1.1359	1.1423	-1.1423	1.1514	-1.1514	1.1626	-1.1626	-1.1676	1.1676	-1.1727	1.1727	-1.1773	1.1773	1.1821	-1.1821	-1.1836	1.1836	-1.1894	1.1894	1.1924	-1.1924	1.1993	-1.1993	1.2031	-1.2031	-1.2167	1.2167	1.2235	-1.2235	1.2301	-1.2301	1.2417	-1.2417	-1.2473	1.2473	-1.2506	1.2506	1.2637	-1.2637	1.2742	-1.2742	-1.2878	1.2878	-1.3064	1.3064	-1.3092	1.3092	-1.3256	1.3256	1.3376	-1.3376	-1.3476	1.3476	-1.3577	1.3577	-1.3655	1.3655	1.3692	-1.3692	1.3781	-1.3781	-1.3924	1.3924	-1.4005	1.4005	1.4028	-1.4028	-1.4138	1.4138	-1.4209	1.4209	1.4345	-1.4345	-1.4394	1.4394	1.4516	-1.4516	1.4594	-1.4594	-1.4655	1.4655	-1.4748	1.4748	1.4809	-1.4809	-1.4876	1.4876	-1.4929	1.4929	1.5033	-1.5033	1.5158	-1.5158	1.5225	-1.5225	-1.525	1.525	-1.5376	1.5376	-1.5451	1.5451	-1.5517	1.5517	1.5534	-1.5534	-1.5689	1.5689	-1.583	1.583	1.5868	-1.5868	1.5935	-1.5935	1.6019	-1.6019	1.6108	-1.6108	1.6169	-1.6169	1.6254	-1.6254	-1.6356	1.6356	1.6457	-1.6457	-1.657	1.657	-1.6617	1.6617	-1.6762	1.6762	-1.6789	1.6789	-1.6925	1.6925	-1.6954	1.6954	1.7055	-1.7055	1.713	-1.713	1.7188	-1.7188	1.7266	-1.7266	-1.7364	1.7364	-1.7408	1.7408	-1.7511	1.7511	1.7575	-1.7575	-1.7654	1.7654	-1.7753	1.7753	1.7793	-1.7793	1.7857	-1.7857	1.7959	-1.7959	-1.8051	1.8051	-1.8141	1.8141	-1.8251	1.8251	1.836	-1.836	1.8376	-1.8376	1.8485	-1.8485	-1.8548	1.8548	-1.8608	1.8608	-1.8688	1.8688	-1.8718	1.8718	1.8816	-1.8816	-1.8937	1.8937	1.9044	-1.9044	-1.9153	1.9153	-1.9288	1.9288	-1.935	1.935	1.9492	-1.9492	1.9575	-1.9575	-1.9671	1.9671	-1.9814	1.9814	-1.9911	1.9911	-1.9968	1.9968	-2.0073	2.0073	-2.018	2.018	2.0226	-2.0226	-2.035	2.035	2.0398	-2.0398	-2.0433	2.0433	-2.0497	2.0497	2.0602	-2.0602	-2.0692	2.0692	-2.0792	2.0792	-2.0848	2.0848	2.0971	-2.0971	-2.1015	2.1015	2.1077	-2.1077	-2.119	2.119	-2.1251	2.1251	-2.1333	2.1333	
0.21053	-0.72	0.026358	-0.026358	0.051492	-0.051492	0.067908	-0.067908	-0.076842	0.076842	-0.09755	0.09755	-0.12346	0.12346	-0.13755	0.13755	0.16749	-0.16749	-0.18437	0.18437	0.199	-0.199	-0.20791	0.20791	-0.21936	0.21936	-0.24033	0.24033	0.25128	-0.25128	-0.25539	0.25539	0.28241	-0.28241	0.30855	-0.30855	0.32054	-0.32054	0.36225	-0.36225	0.4058	-0.4058	-0.44556	0.44556	-0.51008	0.51008	-0.53266	0.53266	0.54708	-0.54708	-0.58298	0.58298	0.59943	-0.59943	-0.61271	0.61271	-0.6207	0.6207	0.63568	-0.63568	0.65674	-0.65674	0.67112	-0.67112	-0.67799	0.67799	0.6945	-0.6945	0.70576	-0.70576	0.70858	-0.70858	-0.72454	0.72454	-0.73074	0.73074	-0.74044	0.74044	-0.76851	0.76851	0.78316	-0.78316	-0.80196	0.80196	0.81014	-0.81014	0.82651	-0.82651	0.8541	-0.8541	0.86071	-0.86071	-0.87677	0.87677	-0.8821	0.8821	-0.89089	0.89089	0.91049	-0.91049	0.91485	-0.91485	0.92336	-0.92336	0.93158	-0.93158	0.93855	-0.93855	-0.94812	0.94812	-0.9562	0.9562	-0.95871	0.95871	-0.96541	0.96541	0.97132	-0.97132	0.98132	-0.98132	-0.99122	0.99122	-0.995	0.995	0.99706	-0.99706	-1.0045	1.0045	1.0141	-1.0141	-1.0269	1.0269	-1.0335	1.0335	-1.0416	1.0416	1.051	-1.051	-1.0553	1.0553	-1.0656	1.0656	1.072	-1.072	-1.0777	1.0777	1.0845	-1.0845	1.0957	-1.0957	1.1099	-1.1099	1.1152	-1.1152	-1.1181	1.1181	1.1256	-1.1256	1.1336	-1.1336	1.1419	-1.1419	1.1483	-1.1483	-1.1593	1.1593	-1.1708	1.1708	-1.1762	1.1762	1.1813	-1.1813	-1.1857	1.1857	-1.1948	1.1948	-1.1985	1.1985	1.2022	-1.2022	1.2082	-1.2082	-1.2136	1.2136	-1.2162	1.2162	-1.2271	1.2271	-1.2308	1.2308	1.2369	-1.2369	1.2449	-1.2449	1.2513	-1.2513	-1.2569	1.2569	-1.2688	1.2688	-1.278	1.278	-1.2899	1.2899	1.3076	-1.3076	-1.3101	1.3101	1.3261	-1.3261	-1.338	1.338	-1.3483	1.3483	-1.3584	1.3584	1.3656	-1.3656	1.3699	-1.3699	-1.379	1.379	-1.3929	1.3929	-1.4009	1.4009	1.403	-1.403	1.414	-1.414	1.4213	-1.4213	1.4345	-1.4345	1.4402	-1.4402	-1.4517	1.4517	1.4592	-1.4592	1.4657	-1.4657	-1.4748	1.4748	1.4807	-1.4807	1.4877	-1.4877	1.4933	-1.4933	1.5035	-1.5035	1.5161	-1.5161	1.5224	-1.5224	1.5253	-1.5253	-1.5375	1.5375	1.5446	-1.5446	1.5514	-1.5514	-1.5534	1.5534	1.5688	-1.5688	-1.5828	1.5828	-1.5866	1.5866	1.5937	-1.5937	1.6024	-1.6024	1.6109	-1.6109	1.6173	-1.6173	1.6251	-1.6251	-1.6356	1.6356	1.6457	-1.6457	1.6567	-1.6567	-1.6616	1.6616	1.6755	-1.6755	-1.6791	1.6791	1.6922	-1.6922	-1.6946	1.6946	1.7055	-1.7055	-1.7128	1.7128	1.7184	-1.7184	1.7267	-1.7267	1.7362	-1.7362	-1.7404	1.7404	-1.751	1.751	1.7577	-1.7577	-1.7652	1.7652	1.7752	-1.7752	1.7792	-1.7792	1.7856	-1.7856	1.7956	-1.7956	1.805	-1.805	1.8137	-1.8137	1.8249	-1.8249	1.8358	-1.8358	-1.8373	1.8373	1.8485	-1.8485	1.8546	-1.8546	1.8609	-1.8609	-1.869	1.869	-1.8717	1.8717	-1.881	1.881	1.8936	-1.8936	-1.9039	1.9039	-1.9153	1.9153	1.9288	-1.9288	1.935	-1.935	1.9491	-1.9491	1.9572	-1.9572	-1.9667	1.9667	1.9818	-1.9818	-1.9912	1.9912	1.9967	-1.9967	-2.0072	2.0072	-2.0179	2.0179	2.0227	-2.0227	2.0346	-2.0346	2.0393	-2.0393	-2.0432	2.0432	2.05	-2.05	2.06	-2.06	2.069	-2.069	2.0787	-2.0787	-2.085	2.085	-2.0971	2.0971	2.1018	-2.1018	-2.1075	2.1075	-2.1194	2.1194	-2.1248	2.1248	2.1332	-2.1332	
0.21053	-0.7	0.024936	-0.024936	-0.062085	0.062085	0.085112	-0.085112	0.092043	-0.092043	0.1088	-0.1088	0.1281	-0.1281	0.14593	-0.14593	0.16871	-0.16871	0.17909	-0.17909	-0.19517	0.19517	0.19775	-0.19775	-0.20925	0.20925	0.2374	-0.2374	0.24251	-0.24251	-0.25444	0.25444	0.2814	-0.2814	0.2919	-0.2919	0.30896	-0.30896	0.35106	-0.35106	-0.41629	0.41629	0.46188	-0.46188	0.52645	-0.52645	-0.53716	0.53716	0.56349	-0.56349	-0.5859	0.5859	0.60924	-0.60924	0.62044	-0.62044	0.6269	-0.6269	-0.65396	0.65396	-0.66225	0.66225	0.67365	-0.67365	0.69081	-0.69081	-0.70693	0.70693	-0.71212	0.71212	-0.72591	0.72591	0.7368	-0.7368	-0.74169	0.74169	-0.74834	0.74834	-0.77016	0.77016	0.79034	-0.79034	0.80476	-0.80476	-0.81355	0.81355	0.83618	-0.83618	-0.85448	0.85448	0.86344	-0.86344	0.87747	-0.87747	0.88294	-0.88294	-0.8919	0.8919	0.91135	-0.91135	-0.91653	0.91653	0.92397	-0.92397	0.93301	-0.93301	0.94061	-0.94061	0.94947	-0.94947	-0.95676	0.95676	-0.95942	0.95942	-0.96695	0.96695	0.97295	-0.97295	0.9823	-0.9823	-0.99275	0.99275	-0.99611	0.99611	-0.99881	0.99881	-1.0073	1.0073	-1.0157	1.0157	-1.0291	1.0291	1.0373	-1.0373	-1.0436	1.0436	-1.0522	1.0522	1.0595	-1.0595	-1.07	1.07	1.0741	-1.0741	-1.0796	1.0796	-1.0855	1.0855	1.1	-1.1	-1.113	1.113	1.1173	-1.1173	1.1207	-1.1207	-1.1287	1.1287	-1.1384	1.1384	1.1473	-1.1473	-1.1543	1.1543	-1.1654	1.1654	1.174	-1.174	1.1821	-1.1821	1.1881	-1.1881	-1.1943	1.1943	1.2044	-1.2044	1.2116	-1.2116	1.2163	-1.2163	1.2221	-1.2221	-1.229	1.229	1.2313	-1.2313	-1.2386	1.2386	1.2426	-1.2426	-1.2489	1.2489	-1.2513	1.2513	-1.2576	1.2576	-1.263	1.263	1.2765	-1.2765	-1.2848	1.2848	-1.2942	1.2942	1.3095	-1.3095	1.3119	-1.3119	-1.3268	1.3268	-1.3387	1.3387	-1.3494	1.3494	1.3593	-1.3593	1.3656	-1.3656	1.3712	-1.3712	1.3801	-1.3801	1.3934	-1.3934	-1.4016	1.4016	-1.4033	1.4033	-1.4142	1.4142	1.4219	-1.4219	1.4346	-1.4346	1.441	-1.441	-1.452	1.452	-1.4591	1.4591	-1.4658	1.4658	1.4749	-1.4749	1.4805	-1.4805	1.4878	-1.4878	1.4936	-1.4936	1.5038	-1.5038	1.5164	-1.5164	-1.5224	1.5224	-1.5256	1.5256	-1.5375	1.5375	-1.5441	1.5441	1.5511	-1.5511	1.5534	-1.5534	1.5688	-1.5688	1.5825	-1.5825	1.5866	-1.5866	1.5939	-1.5939	1.603	-1.603	-1.611	1.611	-1.6178	1.6178	1.6247	-1.6247	1.6355	-1.6355	1.6457	-1.6457	-1.6563	1.6563	1.6616	-1.6616	1.6748	-1.6748	-1.6793	1.6793	-1.6918	1.6918	1.6939	-1.6939	-1.7054	1.7054	-1.7126	1.7126	-1.718	1.718	-1.7268	1.7268	1.7361	-1.7361	-1.7401	1.7401	-1.751	1.751	1.7579	-1.7579	-1.765	1.765	-1.7751	1.7751	-1.779	1.779	1.7856	-1.7856	-1.7953	1.7953	1.805	-1.805	1.8133	-1.8133	1.8248	-1.8248	1.8357	-1.8357	1.837	-1.837	1.8486	-1.8486	-1.8545	1.8545	1.861	-1.861	-1.8691	1.8691	1.8718	-1.8718	1.8805	-1.8805	1.8935	-1.8935	1.9036	-1.9036	-1.9154	1.9154	-1.9289	1.9289	-1.935	1.935	1.949	-1.949	1.957	-1.957	-1.9663	1.9663	1.9821	-1.9821	1.9914	-1.9914	1.9967	-1.9967	2.0071	-2.0071	2.0178	-2.0178	-2.0228	2.0228	2.0342	-2.0342	2.0388	-2.0388	-2.043	2.043	2.0503	-2.0503	2.0598	-2.0598	-2.0687	2.0687	2.0781	-2.0781	-2.0852	2.0852	2.0971	-2.0971	2.1022	-2.1022	-2.1071	2.1071	-2.1198	2.1198	2.1245	-2.1245	2.1333	-2.1333	
0.21053	-0.68	-0.016316	0.016316	0.060897	-0.060897	0.095571	-0.095571	0.10531	-0.10531	0.11978	-0.11978	0.12955	-0.12955	-0.15021	0.15021	-0.15874	0.15874	-0.17682	0.17682	-0.18959	0.18959	-0.19869	0.19869	-0.20516	0.20516	-0.2269	0.2269	-0.24076	0.24076	-0.25264	0.25264	-0.27677	0.27677	-0.28906	0.28906	-0.31086	0.31086	0.34548	-0.34548	0.43216	-0.43216	-0.4799	0.4799	0.53765	-0.53765	-0.54503	0.54503	-0.57439	0.57439	-0.59321	0.59321	-0.61195	0.61195	0.62433	-0.62433	0.64248	-0.64248	0.6642	-0.6642	0.67002	-0.67002	-0.67962	0.67962	0.6999	-0.6999	-0.71169	0.71169	0.72393	-0.72393	0.73909	-0.73909	0.74679	-0.74679	-0.75734	0.75734	-0.76366	0.76366	-0.77437	0.77437	-0.79618	0.79618	0.80848	-0.80848	0.81631	-0.81631	-0.84335	0.84335	0.85525	-0.85525	-0.86707	0.86707	-0.87845	0.87845	0.88397	-0.88397	-0.89301	0.89301	0.91208	-0.91208	-0.91801	0.91801	0.92448	-0.92448	0.93409	-0.93409	0.94297	-0.94297	0.95065	-0.95065	0.95723	-0.95723	-0.9602	0.9602	0.96858	-0.96858	0.97457	-0.97457	-0.98342	0.98342	-0.99405	0.99405	-0.997	0.997	1.0002	-1.0002	1.0104	-1.0104	-1.0173	1.0173	-1.0314	1.0314	1.0404	-1.0404	1.0453	-1.0453	1.0534	-1.0534	1.0631	-1.0631	1.0729	-1.0729	1.0761	-1.0761	-1.0816	1.0816	1.0867	-1.0867	-1.1034	1.1034	-1.1158	1.1158	-1.1188	1.1188	1.1229	-1.1229	1.1316	-1.1316	1.1409	-1.1409	-1.152	1.152	-1.1607	1.1607	1.169	-1.169	1.1774	-1.1774	-1.1857	1.1857	-1.1929	1.1929	-1.2013	1.2013	-1.2124	1.2124	1.2214	-1.2214	1.2285	-1.2285	-1.2325	1.2325	1.2406	-1.2406	1.2445	-1.2445	1.2508	-1.2508	1.2578	-1.2578	1.26	-1.26	1.264	-1.264	-1.2684	1.2684	1.2736	-1.2736	-1.2869	1.2869	-1.2923	1.2923	1.3026	-1.3026	1.3126	-1.3126	1.3156	-1.3156	-1.328	1.328	-1.34	1.34	-1.3513	1.3513	1.3602	-1.3602	-1.3657	1.3657	1.3733	-1.3733	1.3815	-1.3815	1.3939	-1.3939	1.4028	-1.4028	1.4039	-1.4039	1.4144	-1.4144	1.4225	-1.4225	1.4347	-1.4347	-1.442	1.442	1.4523	-1.4523	1.4589	-1.4589	-1.4661	1.4661	1.4751	-1.4751	1.4805	-1.4805	-1.488	1.488	1.494	-1.494	-1.5041	1.5041	1.5167	-1.5167	1.5225	-1.5225	1.5259	-1.5259	1.5374	-1.5374	-1.5436	1.5436	-1.5508	1.5508	1.5534	-1.5534	-1.5687	1.5687	1.5823	-1.5823	-1.5866	1.5866	-1.5942	1.5942	1.6035	-1.6035	1.611	-1.611	-1.6183	1.6183	1.6244	-1.6244	-1.6354	1.6354	-1.6458	1.6458	1.6558	-1.6558	1.6615	-1.6615	1.6741	-1.6741	1.6796	-1.6796	-1.6913	1.6913	1.6935	-1.6935	-1.7054	1.7054	1.7124	-1.7124	-1.7177	1.7177	-1.7268	1.7268	-1.736	1.736	-1.7398	1.7398	-1.7509	1.7509	1.758	-1.758	-1.7648	1.7648	1.775	-1.775	1.7788	-1.7788	-1.7856	1.7856	1.7951	-1.7951	-1.8049	1.8049	1.8129	-1.8129	1.8247	-1.8247	1.8355	-1.8355	1.8367	-1.8367	-1.8486	1.8486	-1.8544	1.8544	1.8611	-1.8611	1.8692	-1.8692	1.8718	-1.8718	-1.88	1.88	-1.8935	1.8935	-1.9032	1.9032	1.9154	-1.9154	1.9288	-1.9288	1.9352	-1.9352	1.9489	-1.9489	1.9567	-1.9567	-1.9659	1.9659	1.9825	-1.9825	-1.9916	1.9916	-1.9966	1.9966	2.0069	-2.0069	-2.0177	2.0177	-2.0229	2.0229	-2.0337	2.0337	-2.0382	2.0382	-2.0429	2.0429	-2.0506	2.0506	2.0596	-2.0596	-2.0684	2.0684	-2.0776	2.0776	2.0854	-2.0854	2.0971	-2.0971	-2.1026	2.1026	2.1068	-2.1068	2.1201	-2.1201	2.1242	-2.1242	2.1333	-2.1333	
0.21053	-0.66	-0.0033139	0.0033139	0.050242	-0.050242	0.090782	-0.090782	-0.10991	0.10991	-0.11809	0.11809	-0.13069	0.13069	-0.15283	0.15283	-0.15791	0.15791	0.17657	-0.17657	0.18638	-0.18638	0.19966	-0.19966	-0.20934	0.20934	0.22277	-0.22277	0.23577	-0.23577	0.2422	-0.2422	0.27412	-0.27412	-0.30808	0.30808	-0.31323	0.31323	0.35494	-0.35494	-0.45006	0.45006	0.49883	-0.49883	0.54053	-0.54053	-0.5598	0.5598	-0.57717	0.57717	0.60219	-0.60219	-0.6188	0.6188	0.62623	-0.62623	-0.65789	0.65789	0.66835	-0.66835	0.67302	-0.67302	-0.69416	0.69416	-0.70699	0.70699	-0.71818	0.71818	0.72903	-0.72903	0.7509	-0.7509	0.7623	-0.7623	-0.76862	0.76862	0.77809	-0.77809	0.7874	-0.7874	0.80142	-0.80142	0.81345	-0.81345	0.81941	-0.81941	0.84781	-0.84781	0.85685	-0.85685	-0.87031	0.87031	0.87975	-0.87975	-0.88543	0.88543	0.89456	-0.89456	0.91272	-0.91272	0.91936	-0.91936	0.92497	-0.92497	0.93491	-0.93491	0.94531	-0.94531	0.95162	-0.95162	0.95771	-0.95771	-0.96113	0.96113	0.97028	-0.97028	-0.97607	0.97607	-0.98494	0.98494	0.99519	-0.99519	0.99791	-0.99791	-1.0015	1.0015	-1.0135	1.0135	1.0192	-1.0192	1.0338	-1.0338	-1.0425	1.0425	-1.0469	1.0469	-1.0548	1.0548	-1.0662	1.0662	-1.0746	1.0746	-1.078	1.078	1.0835	-1.0835	1.0885	-1.0885	-1.1061	1.1061	1.1177	-1.1177	1.1205	-1.1205	1.1248	-1.1248	1.1348	-1.1348	1.1423	-1.1423	1.155	-1.155	1.1671	-1.1671	1.1711	-1.1711	1.181	-1.181	-1.1884	1.1884	1.1965	-1.1965	1.2072	-1.2072	1.2182	-1.2182	-1.2297	1.2297	1.2335	-1.2335	1.2408	-1.2408	-1.2499	1.2499	1.2581	-1.2581	-1.2614	1.2614	1.2656	-1.2656	1.2735	-1.2735	-1.2768	1.2768	-1.2866	1.2866	-1.2889	1.2889	-1.2995	1.2995	-1.3026	1.3026	1.3107	-1.3107	-1.3206	1.3206	-1.322	1.322	1.3302	-1.3302	-1.3424	1.3424	1.3546	-1.3546	-1.3614	1.3614	1.3659	-1.3659	-1.3766	1.3766	-1.3831	1.3831	1.3945	-1.3945	1.4043	-1.4043	-1.4052	1.4052	-1.4147	1.4147	-1.4233	1.4233	-1.4349	1.4349	1.4431	-1.4431	1.4529	-1.4529	-1.4589	1.4589	1.4664	-1.4664	1.4755	-1.4755	1.4805	-1.4805	-1.4882	1.4882	-1.4945	1.4945	1.5044	-1.5044	-1.517	1.517	1.5227	-1.5227	-1.5262	1.5262	-1.5375	1.5375	1.5431	-1.5431	-1.5506	1.5506	-1.5535	1.5535	1.5687	-1.5687	-1.5821	1.5821	1.5866	-1.5866	1.5945	-1.5945	1.6041	-1.6041	-1.6111	1.6111	1.6189	-1.6189	1.6242	-1.6242	-1.6354	1.6354	-1.6458	1.6458	1.6553	-1.6553	1.6615	-1.6615	1.6734	-1.6734	1.6798	-1.6798	1.6908	-1.6908	1.6931	-1.6931	1.7053	-1.7053	-1.7122	1.7122	1.7173	-1.7173	1.7269	-1.7269	1.7358	-1.7358	1.7396	-1.7396	-1.7509	1.7509	-1.7582	1.7582	1.7647	-1.7647	-1.7749	1.7749	-1.7786	1.7786	1.7857	-1.7857	1.7948	-1.7948	-1.8049	1.8049	-1.8126	1.8126	-1.8246	1.8246	1.8352	-1.8352	1.8363	-1.8363	1.8487	-1.8487	-1.8544	1.8544	1.8613	-1.8613	1.8693	-1.8693	1.8719	-1.8719	-1.8796	1.8796	-1.8934	1.8934	-1.9029	1.9029	-1.9155	1.9155	-1.9287	1.9287	-1.9356	1.9356	1.9488	-1.9488	1.9564	-1.9564	-1.9656	1.9656	1.9828	-1.9828	1.9918	-1.9918	-1.9965	1.9965	2.0068	-2.0068	-2.0177	2.0177	2.023	-2.023	2.0332	-2.0332	2.0376	-2.0376	2.0428	-2.0428	-2.051	2.051	-2.0594	2.0594	-2.0681	2.0681	-2.0771	2.0771	2.0856	-2.0856	-2.0971	2.0971	2.1029	-2.1029	2.1064	-2.1064	-2.1202	2.1202	2.1239	-2.1239	-2.1334	2.1334	
0.21053	-0.64	0.011195	-0.011195	0.035546	-0.035546	0.075724	-0.075724	-0.094443	0.094443	0.1114	-0.1114	0.11876	-0.11876	-0.15704	0.15704	0.16979	-0.16979	0.17914	-0.17914	-0.18613	0.18613	-0.19706	0.19706	0.21378	-0.21378	0.22291	-0.22291	0.23023	-0.23023	-0.24046	0.24046	-0.28605	0.28605	-0.3182	0.3182	0.33219	-0.33219	0.37316	-0.37316	-0.46885	0.46885	-0.5182	0.5182	-0.5423	0.5423	-0.57303	0.57303	-0.57851	0.57851	0.60472	-0.60472	0.62453	-0.62453	0.63626	-0.63626	0.66399	-0.66399	0.67177	-0.67177	0.68393	-0.68393	-0.69902	0.69902	0.7199	-0.7199	0.72473	-0.72473	0.73423	-0.73423	0.76082	-0.76082	-0.77162	0.77162	-0.78161	0.78161	0.79421	-0.79421	0.80116	-0.80116	-0.81	0.81	0.81798	-0.81798	0.82473	-0.82473	-0.85069	0.85069	-0.8603	0.8603	-0.87238	0.87238	0.88101	-0.88101	-0.88713	0.88713	0.89684	-0.89684	-0.91333	0.91333	-0.92066	0.92066	-0.92549	0.92549	-0.93561	0.93561	-0.94735	0.94735	0.95234	-0.95234	-0.95828	0.95828	-0.96225	0.96225	-0.97201	0.97201	0.97728	-0.97728	0.98693	-0.98693	0.99616	-0.99616	-0.999	0.999	1.0027	-1.0027	-1.0163	1.0163	-1.0219	1.0219	-1.0366	1.0366	1.044	-1.044	-1.0484	1.0484	1.0564	-1.0564	1.0686	-1.0686	-1.0755	1.0755	-1.0796	1.0796	1.0851	-1.0851	-1.0909	1.0909	-1.1083	1.1083	-1.1187	1.1187	1.1221	-1.1221	-1.1264	1.1264	-1.1386	1.1386	1.1438	-1.1438	-1.1571	1.1571	-1.1717	1.1717	-1.1736	1.1736	1.1844	-1.1844	-1.1908	1.1908	-1.1995	1.1995	-1.2116	1.2116	-1.2223	1.2223	1.2356	-1.2356	-1.2393	1.2393	-1.2458	1.2458	1.2543	-1.2543	1.2676	-1.2676	1.2725	-1.2725	1.2749	-1.2749	-1.2841	1.2841	1.2917	-1.2917	1.2986	-1.2986	1.3074	-1.3074	1.3119	-1.3119	1.3157	-1.3157	-1.322	1.322	-1.3284	1.3284	1.3323	-1.3323	-1.337	1.337	1.3464	-1.3464	-1.3597	1.3597	-1.3637	1.3637	1.3665	-1.3665	1.3817	-1.3817	-1.3855	1.3855	1.3952	-1.3952	-1.4059	1.4059	-1.4078	1.4078	1.4151	-1.4151	-1.4244	1.4244	1.4353	-1.4353	1.4443	-1.4443	1.4538	-1.4538	1.4589	-1.4589	1.4669	-1.4669	-1.4761	1.4761	1.4806	-1.4806	-1.4886	1.4886	1.4951	-1.4951	1.5049	-1.5049	1.5175	-1.5175	1.5229	-1.5229	-1.5267	1.5267	-1.5376	1.5376	1.5427	-1.5427	-1.5503	1.5503	-1.5538	1.5538	-1.5688	1.5688	1.5819	-1.5819	-1.5867	1.5867	1.5949	-1.5949	-1.6048	1.6048	1.611	-1.611	-1.6194	1.6194	1.6241	-1.6241	1.6353	-1.6353	-1.6459	1.6459	1.6547	-1.6547	-1.6616	1.6616	1.6727	-1.6727	1.68	-1.68	-1.6902	1.6902	1.6928	-1.6928	-1.7053	1.7053	1.7121	-1.7121	-1.7169	1.7169	1.727	-1.727	1.7356	-1.7356	1.7394	-1.7394	-1.7509	1.7509	1.7583	-1.7583	1.7645	-1.7645	-1.7747	1.7747	-1.7783	1.7783	-1.7857	1.7857	1.7946	-1.7946	-1.8049	1.8049	1.8122	-1.8122	-1.8245	1.8245	1.8349	-1.8349	1.8361	-1.8361	1.8488	-1.8488	-1.8543	1.8543	1.8616	-1.8616	-1.8694	1.8694	-1.8721	1.8721	-1.8793	1.8793	-1.8933	1.8933	-1.9027	1.9027	1.9155	-1.9155	-1.9285	1.9285	1.9361	-1.9361	-1.9487	1.9487	-1.9561	1.9561	-1.9652	1.9652	1.983	-1.983	-1.992	1.992	-1.9964	1.9964	-2.0066	2.0066	2.0176	-2.0176	2.0231	-2.0231	-2.0326	2.0326	-2.037	2.037	2.0427	-2.0427	-2.0513	2.0513	2.0593	-2.0593	-2.0678	2.0678	2.0766	-2.0766	2.0858	-2.0858	-2.0971	2.0971	-2.1032	2.1032	2.106	-2.106	2.1202	-2.1202	2.1238	-2.1238	2.1335	-2.1335	
0.21053	-0.62	0.018429	-0.018429	0.026883	-0.026883	-0.056381	0.056381	-0.076625	0.076625	-0.094449	0.094449	-0.10282	0.10282	0.153	-0.153	0.1677	-0.1677	-0.17598	0.17598	0.18984	-0.18984	-0.20058	0.20058	-0.21466	0.21466	-0.2305	0.2305	0.23591	-0.23591	0.25586	-0.25586	-0.30446	0.30446	-0.33054	0.33054	-0.35688	0.35688	0.39398	-0.39398	0.488	-0.488	-0.53745	0.53745	-0.54385	0.54385	-0.57543	0.57543	0.58854	-0.58854	0.60527	-0.60527	-0.6254	0.6254	-0.64979	0.64979	-0.668	0.668	-0.67381	0.67381	-0.69658	0.69658	0.70352	-0.70352	-0.7239	0.7239	-0.73256	0.73256	-0.74837	0.74837	0.76665	-0.76665	-0.77889	0.77889	-0.79541	0.79541	0.80526	-0.80526	0.81453	-0.81453	0.82137	-0.82137	-0.82308	0.82308	-0.83332	0.83332	-0.8529	0.8529	0.86665	-0.86665	-0.87426	0.87426	-0.88219	0.88219	-0.88858	0.88858	0.89969	-0.89969	0.91395	-0.91395	-0.92201	0.92201	0.92614	-0.92614	-0.93628	0.93628	-0.94894	0.94894	0.95283	-0.95283	-0.95895	0.95895	0.96355	-0.96355	-0.9737	0.9737	0.97814	-0.97814	-0.9891	0.9891	-0.997	0.997	1.0003	-1.0003	1.0039	-1.0039	1.0185	-1.0185	1.0256	-1.0256	1.0399	-1.0399	1.045	-1.045	-1.0496	1.0496	1.0581	-1.0581	1.0707	-1.0707	-1.0762	1.0762	1.0809	-1.0809	1.0863	-1.0863	-1.0937	1.0937	-1.1101	1.1101	1.1196	-1.1196	-1.1234	1.1234	1.1278	-1.1278	1.1415	-1.1415	-1.1468	1.1468	1.1588	-1.1588	1.1728	-1.1728	1.1781	-1.1781	-1.1874	1.1874	-1.1934	1.1934	-1.2021	1.2021	-1.2148	1.2148	1.2252	-1.2252	-1.2373	1.2373	1.2468	-1.2468	-1.2508	1.2508	1.2576	-1.2576	-1.2718	1.2718	-1.2783	1.2783	1.2874	-1.2874	-1.2956	1.2956	-1.3006	1.3006	1.3094	-1.3094	-1.3195	1.3195	-1.3226	1.3226	-1.332	1.332	1.3359	-1.3359	1.3374	-1.3374	-1.3421	1.3421	1.3489	-1.3489	-1.3546	1.3546	1.3642	-1.3642	1.3677	-1.3677	-1.3709	1.3709	1.3869	-1.3869	-1.3912	1.3912	1.3967	-1.3967	-1.4083	1.4083	-1.4115	1.4115	1.4159	-1.4159	1.4258	-1.4258	-1.4361	1.4361	-1.4458	1.4458	-1.4552	1.4552	1.459	-1.459	1.4676	-1.4676	-1.477	1.477	1.4809	-1.4809	-1.489	1.489	-1.4958	1.4958	-1.5054	1.5054	-1.5179	1.5179	-1.5234	1.5234	-1.5273	1.5273	1.5378	-1.5378	1.5424	-1.5424	-1.5501	1.5501	1.5542	-1.5542	1.5689	-1.5689	1.5818	-1.5818	-1.5868	1.5868	-1.5953	1.5953	-1.6054	1.6054	1.6109	-1.6109	-1.6199	1.6199	-1.6241	1.6241	-1.6352	1.6352	1.646	-1.646	1.6542	-1.6542	-1.6616	1.6616	-1.6721	1.6721	-1.6802	1.6802	-1.6898	1.6898	1.6925	-1.6925	-1.7052	1.7052	-1.712	1.712	-1.7165	1.7165	-1.7271	1.7271	-1.7355	1.7355	1.7392	-1.7392	-1.7508	1.7508	1.7584	-1.7584	1.7643	-1.7643	-1.7746	1.7746	-1.7781	1.7781	1.7858	-1.7858	1.7944	-1.7944	-1.8048	1.8048	1.8119	-1.8119	1.8245	-1.8245	-1.8345	1.8345	1.8358	-1.8358	-1.8489	1.8489	1.8542	-1.8542	1.8619	-1.8619	1.8694	-1.8694	-1.8722	1.8722	-1.8791	1.8791	1.8933	-1.8933	-1.9025	1.9025	-1.9156	1.9156	1.9283	-1.9283	-1.9367	1.9367	-1.9486	1.9486	1.9558	-1.9558	1.9649	-1.9649	1.9833	-1.9833	1.9923	-1.9923	-1.9963	1.9963	2.0064	-2.0064	-2.0174	2.0174	-2.0232	2.0232	-2.0321	2.0321	-2.0363	2.0363	2.0427	-2.0427	2.0516	-2.0516	-2.0592	2.0592	2.0675	-2.0675	-2.076	2.076	2.086	-2.086	2.097	-2.097	2.1034	-2.1034	2.1056	-2.1056	-2.1199	2.1199	-2.1237	2.1237	2.1336	-2.1336	
0.21053	-0.6	0.0059821	-0.0059821	0.032831	-0.032831	0.041046	-0.041046	0.059141	-0.059141	0.077404	-0.077404	-0.084629	0.084629	0.14486	-0.14486	-0.15359	0.15359	0.15916	-0.15916	0.1812	-0.1812	0.21638	-0.21638	0.23075	-0.23075	0.24778	-0.24778	-0.24998	0.24998	-0.27625	0.27625	0.32509	-0.32509	0.34738	-0.34738	-0.3819	0.3819	0.41557	-0.41557	0.50716	-0.50716	-0.5443	0.5443	0.55686	-0.55686	0.57523	-0.57523	0.59815	-0.59815	-0.60701	0.60701	-0.62597	0.62597	0.65689	-0.65689	0.66921	-0.66921	0.68435	-0.68435	0.69816	-0.69816	0.71585	-0.71585	-0.72775	0.72775	-0.73715	0.73715	0.76553	-0.76553	0.77073	-0.77073	0.78724	-0.78724	0.80372	-0.80372	-0.81518	0.81518	0.82393	-0.82393	0.82707	-0.82707	0.83529	-0.83529	-0.84538	0.84538	-0.85561	0.85561	0.87226	-0.87226	0.8799	-0.8799	-0.88434	0.88434	-0.89005	0.89005	0.90276	-0.90276	0.9146	-0.9146	-0.92358	0.92358	0.927	-0.927	0.93708	-0.93708	0.95016	-0.95016	-0.95321	0.95321	0.95969	-0.95969	0.96497	-0.96497	0.9753	-0.9753	-0.97878	0.97878	0.99102	-0.99102	0.9978	-0.9978	-1.0016	1.0016	-1.0054	1.0054	-1.0202	1.0202	1.0297	-1.0297	-1.0439	1.0439	-1.0462	1.0462	-1.0511	1.0511	-1.0599	1.0599	1.0724	-1.0724	-1.0766	1.0766	1.082	-1.082	1.0872	-1.0872	-1.0968	1.0968	1.1115	-1.1115	-1.1204	1.1204	1.1244	-1.1244	1.1289	-1.1289	1.1428	-1.1428	1.1512	-1.1512	1.1607	-1.1607	1.1735	-1.1735	1.1818	-1.1818	-1.1897	1.1897	1.1967	-1.1967	-1.2046	1.2046	-1.2176	1.2176	-1.2275	1.2275	-1.2384	1.2384	-1.2501	1.2501	-1.2561	1.2561	1.2616	-1.2616	-1.2764	1.2764	-1.2826	1.2826	-1.2946	1.2946	1.3036	-1.3036	1.3073	-1.3073	1.3184	-1.3184	-1.3301	1.3301	1.3311	-1.3311	1.3421	-1.3421	1.3484	-1.3484	-1.3504	1.3504	-1.3564	1.3564	-1.3585	1.3585	-1.3635	1.3635	-1.369	1.369	-1.3757	1.3757	1.3816	-1.3816	-1.3912	1.3912	1.3971	-1.3971	-1.404	1.404	1.4122	-1.4122	1.4166	-1.4166	1.4175	-1.4175	1.4278	-1.4278	1.4374	-1.4374	-1.4476	1.4476	1.4571	-1.4571	1.4595	-1.4595	-1.4686	1.4686	1.4782	-1.4782	1.4814	-1.4814	1.4895	-1.4895	-1.4968	1.4968	-1.5062	1.5062	-1.5185	1.5185	1.5239	-1.5239	-1.528	1.528	-1.5383	1.5383	-1.5422	1.5422	-1.55	1.55	1.5547	-1.5547	-1.5691	1.5691	1.5817	-1.5817	-1.587	1.587	-1.5958	1.5958	-1.6061	1.6061	-1.6108	1.6108	1.6204	-1.6204	-1.6243	1.6243	1.6352	-1.6352	-1.6461	1.6461	1.6536	-1.6536	1.6617	-1.6617	1.6715	-1.6715	1.6803	-1.6803	1.6894	-1.6894	1.6922	-1.6922	1.7051	-1.7051	-1.712	1.712	-1.7161	1.7161	1.7272	-1.7272	1.7353	-1.7353	1.7391	-1.7391	-1.7508	1.7508	-1.7585	1.7585	-1.7642	1.7642	-1.7745	1.7745	1.7778	-1.7778	-1.7859	1.7859	1.7942	-1.7942	1.8048	-1.8048	1.8116	-1.8116	1.8244	-1.8244	1.8341	-1.8341	-1.8356	1.8356	1.8491	-1.8491	-1.8541	1.8541	1.8623	-1.8623	1.8694	-1.8694	1.8724	-1.8724	1.879	-1.879	1.8933	-1.8933	1.9024	-1.9024	1.9156	-1.9156	1.9281	-1.9281	-1.9374	1.9374	1.9485	-1.9485	-1.9555	1.9555	1.9646	-1.9646	1.9835	-1.9835	1.9925	-1.9925	-1.9962	1.9962	2.0061	-2.0061	-2.0173	2.0173	2.0233	-2.0233	-2.0315	2.0315	2.0356	-2.0356	2.0426	-2.0426	-2.0519	2.0519	-2.0591	2.0591	-2.0671	2.0671	2.0755	-2.0755	2.0862	-2.0862	2.097	-2.097	2.1034	-2.1034	2.1054	-2.1054	-2.1195	2.1195	-2.1238	2.1238	2.1337	-2.1337	
0.21053	-0.58	-0.0017497	0.0017497	0.015865	-0.015865	-0.038771	0.038771	0.050432	-0.050432	-0.065287	0.065287	0.068439	-0.068439	-0.13082	0.13082	-0.13634	0.13634	0.15005	-0.15005	0.16459	-0.16459	0.23764	-0.23764	-0.25192	0.25192	0.26707	-0.26707	0.26895	-0.26895	0.29762	-0.29762	-0.34662	0.34662	-0.36644	0.36644	-0.40693	0.40693	-0.43731	0.43731	-0.52587	0.52587	-0.54526	0.54526	-0.5689	0.5689	-0.58131	0.58131	-0.60107	0.60107	0.61315	-0.61315	0.62699	-0.62699	-0.66035	0.66035	-0.66885	0.66885	0.69567	-0.69567	-0.70032	0.70032	-0.72375	0.72375	-0.73345	0.73345	-0.74591	0.74591	0.76902	-0.76902	-0.78525	0.78525	0.79424	-0.79424	0.8131	-0.8131	-0.82	0.82	-0.8298	0.8298	0.83321	-0.83321	0.84631	-0.84631	-0.85663	0.85663	-0.86206	0.86206	-0.87493	0.87493	-0.88489	0.88489	0.89103	-0.89103	-0.89477	0.89477	-0.90634	0.90634	-0.91542	0.91542	-0.92568	0.92568	-0.9283	0.9283	-0.93832	0.93832	0.95115	-0.95115	-0.95368	0.95368	0.96052	-0.96052	0.96651	-0.96651	-0.97679	0.97679	0.97937	-0.97937	-0.99247	0.99247	-0.99867	0.99867	-1.0027	1.0027	-1.0073	1.0073	-1.0217	1.0217	1.0329	-1.0329	1.0461	-1.0461	1.0485	-1.0485	-1.0542	1.0542	1.0619	-1.0619	1.0738	-1.0738	1.0771	-1.0771	1.0831	-1.0831	-1.088	1.088	-1.1003	1.1003	-1.1126	1.1126	1.1213	-1.1213	-1.1252	1.1252	-1.1298	1.1298	-1.1435	1.1435	-1.1548	1.1548	1.1635	-1.1635	-1.1742	1.1742	-1.1845	1.1845	1.1917	-1.1917	1.2003	-1.2003	-1.2071	1.2071	-1.2204	1.2204	-1.2294	1.2294	-1.2395	1.2395	1.2521	-1.2521	-1.2586	1.2586	1.2663	-1.2663	-1.28	1.28	1.2871	-1.2871	-1.2996	1.2996	1.3074	-1.3074	-1.3131	1.3131	-1.323	1.323	1.3369	-1.3369	-1.3415	1.3415	-1.3524	1.3524	-1.3566	1.3566	1.36	-1.36	-1.3661	1.3661	1.3674	-1.3674	-1.3725	1.3725	1.3801	-1.3801	1.3864	-1.3864	1.3937	-1.3937	1.396	-1.396	1.4044	-1.4044	1.4143	-1.4143	1.4189	-1.4189	-1.4208	1.4208	-1.4243	1.4243	1.4312	-1.4312	1.4394	-1.4394	1.45	-1.45	-1.459	1.459	-1.4615	1.4615	-1.4703	1.4703	1.4799	-1.4799	-1.4822	1.4822	-1.4903	1.4903	-1.4981	1.4981	1.5073	-1.5073	1.5192	-1.5192	1.5245	-1.5245	-1.5291	1.5291	1.539	-1.539	1.5423	-1.5423	-1.5499	1.5499	1.5554	-1.5554	-1.5694	1.5694	1.5817	-1.5817	-1.5872	1.5872	1.5964	-1.5964	1.6069	-1.6069	1.6108	-1.6108	1.6208	-1.6208	1.6246	-1.6246	1.6352	-1.6352	-1.6462	1.6462	1.653	-1.653	-1.6618	1.6618	-1.6709	1.6709	-1.6804	1.6804	1.689	-1.689	-1.6919	1.6919	-1.705	1.705	-1.712	1.712	1.7157	-1.7157	1.7274	-1.7274	1.7351	-1.7351	-1.739	1.739	1.7508	-1.7508	-1.7586	1.7586	1.764	-1.764	-1.7744	1.7744	1.7776	-1.7776	1.7861	-1.7861	-1.7941	1.7941	1.8047	-1.8047	-1.8113	1.8113	-1.8244	1.8244	1.8337	-1.8337	-1.8355	1.8355	1.8494	-1.8494	1.854	-1.854	1.8628	-1.8628	-1.8695	1.8695	1.8725	-1.8725	-1.8789	1.8789	-1.8932	1.8932	1.9023	-1.9023	1.9156	-1.9156	1.9279	-1.9279	-1.9381	1.9381	-1.9484	1.9484	-1.9552	1.9552	-1.9644	1.9644	1.9837	-1.9837	-1.9928	1.9928	1.996	-1.996	-2.0059	2.0059	2.0171	-2.0171	2.0234	-2.0234	-2.031	2.031	-2.0349	2.0349	2.0426	-2.0426	-2.0522	2.0522	-2.059	2.059	2.0668	-2.0668	2.0749	-2.0749	-2.0864	2.0864	2.0969	-2.0969	2.103	-2.103	2.1055	-2.1055	-2.1189	2.1189	2.1239	-2.1239	-2.1338	2.1338	
0.21053	-0.56	-0.0038204	0.0038204	0.012969	-0.012969	0.025506	-0.025506	-0.043135	0.043135	0.054796	-0.054796	-0.074353	0.074353	-0.1119	0.1119	0.11809	-0.11809	0.14022	-0.14022	-0.16028	0.16028	-0.25967	0.25967	-0.27385	0.27385	-0.28729	0.28729	0.28967	-0.28967	-0.31921	0.31921	0.36846	-0.36846	0.38648	-0.38648	0.43177	-0.43177	-0.4589	0.4589	-0.54177	0.54177	0.54778	-0.54778	0.56983	-0.56983	-0.59789	0.59789	-0.60185	0.60185	-0.61851	0.61851	0.62955	-0.62955	-0.66321	0.66321	-0.66874	0.66874	-0.69641	0.69641	-0.70823	0.70823	-0.72905	0.72905	-0.74137	0.74137	-0.75816	0.75816	-0.77125	0.77125	-0.7909	0.7909	-0.80804	0.80804	-0.82031	0.82031	0.82493	-0.82493	0.83474	-0.83474	-0.83821	0.83821	0.85253	-0.85253	0.86388	-0.86388	-0.87133	0.87133	-0.87905	0.87905	0.88849	-0.88849	-0.89646	0.89646	-0.9043	0.9043	-0.91188	0.91188	0.91674	-0.91674	-0.92868	0.92868	0.93063	-0.93063	-0.94075	0.94075	0.95203	-0.95203	-0.9546	0.9546	-0.96151	0.96151	-0.9683	0.9683	0.97815	-0.97815	0.98012	-0.98012	-0.99352	0.99352	-0.99969	0.99969	-1.0035	1.0035	-1.0095	1.0095	-1.0232	1.0232	-1.0354	1.0354	1.0469	-1.0469	-1.0501	1.0501	-1.0589	1.0589	-1.0647	1.0647	1.0749	-1.0749	1.0777	-1.0777	1.0843	-1.0843	-1.0888	1.0888	1.1043	-1.1043	1.1136	-1.1136	1.1223	-1.1223	-1.1261	1.1261	1.1308	-1.1308	-1.144	1.144	-1.1568	1.1568	1.167	-1.167	-1.1749	1.1749	-1.1863	1.1863	-1.1937	1.1937	1.2034	-1.2034	1.2099	-1.2099	1.2235	-1.2235	-1.2311	1.2311	-1.2408	1.2408	-1.2536	1.2536	-1.2599	1.2599	1.2701	-1.2701	1.2826	-1.2826	-1.2907	1.2907	1.3027	-1.3027	-1.3123	1.3123	-1.3163	1.3163	-1.3251	1.3251	1.3402	-1.3402	-1.3515	1.3515	1.3587	-1.3587	-1.3629	1.3629	1.3666	-1.3666	1.3718	-1.3718	1.3771	-1.3771	-1.3825	1.3825	1.3921	-1.3921	-1.3971	1.3971	-1.399	1.399	-1.4054	1.4054	-1.416	1.416	-1.4219	1.4219	-1.4267	1.4267	-1.4293	1.4293	1.4348	-1.4348	-1.4378	1.4378	1.443	-1.443	-1.4537	1.4537	-1.4604	1.4604	1.4658	-1.4658	-1.4733	1.4733	1.482	-1.482	-1.4837	1.4837	1.4915	-1.4915	1.4997	-1.4997	1.5092	-1.5092	-1.5202	1.5202	1.5253	-1.5253	-1.5308	1.5308	1.54	-1.54	1.5426	-1.5426	1.5501	-1.5501	-1.5564	1.5564	1.57	-1.57	-1.5818	1.5818	-1.5875	1.5875	-1.597	1.597	1.6076	-1.6076	1.6107	-1.6107	1.6213	-1.6213	-1.6252	1.6252	-1.6352	1.6352	-1.6464	1.6464	1.6525	-1.6525	1.662	-1.662	-1.6704	1.6704	1.6804	-1.6804	-1.6888	1.6888	-1.6916	1.6916	-1.7048	1.7048	1.712	-1.712	1.7153	-1.7153	-1.7276	1.7276	1.7349	-1.7349	-1.7389	1.7389	1.7507	-1.7507	1.7587	-1.7587	1.7638	-1.7638	-1.7743	1.7743	-1.7773	1.7773	1.7863	-1.7863	-1.794	1.794	1.8047	-1.8047	1.8111	-1.8111	1.8245	-1.8245	1.8332	-1.8332	1.8354	-1.8354	-1.8497	1.8497	1.8539	-1.8539	-1.8633	1.8633	1.8696	-1.8696	-1.8727	1.8727	-1.879	1.879	-1.8932	1.8932	-1.9023	1.9023	-1.9156	1.9156	1.9278	-1.9278	-1.9388	1.9388	-1.9483	1.9483	1.9548	-1.9548	-1.9642	1.9642	-1.9839	1.9839	1.993	-1.993	-1.9959	1.9959	2.0056	-2.0056	-2.0169	2.0169	2.0234	-2.0234	-2.0304	2.0304	2.0341	-2.0341	-2.0426	2.0426	-2.0524	2.0524	-2.0589	2.0589	-2.0664	2.0664	-2.0744	2.0744	2.0866	-2.0866	-2.0968	2.0968	-2.1025	2.1025	2.1056	-2.1056	-2.1182	2.1182	-2.124	2.124	-2.1338	2.1338	
0.21053	-0.54	-0.0035502	0.0035502	0.012332	-0.012332	0.026794	-0.026794	0.039666	-0.039666	0.055004	-0.055004	-0.08515	0.08515	0.093262	-0.093262	-0.10558	0.10558	-0.12237	0.12237	-0.17107	0.17107	0.28178	-0.28178	-0.29584	0.29584	-0.30795	0.30795	-0.31096	0.31096	-0.34075	0.34075	0.39026	-0.39026	-0.40687	0.40687	0.45622	-0.45622	0.48011	-0.48011	0.54506	-0.54506	0.5588	-0.5588	-0.57186	0.57186	0.60149	-0.60149	-0.61613	0.61613	0.62069	-0.62069	0.63431	-0.63431	-0.66461	0.66461	-0.67102	0.67102	0.69586	-0.69586	-0.71187	0.71187	-0.73177	0.73177	0.75481	-0.75481	0.76618	-0.76618	0.77817	-0.77817	0.79262	-0.79262	-0.81882	0.81882	0.82596	-0.82596	-0.83117	0.83117	-0.83786	0.83786	-0.84589	0.84589	-0.85757	0.85757	-0.86665	0.86665	-0.87594	0.87594	0.88579	-0.88579	0.89379	-0.89379	-0.90247	0.90247	-0.91071	0.91071	-0.91864	0.91864	0.91972	-0.91972	-0.93283	0.93283	-0.93462	0.93462	-0.94571	0.94571	-0.95293	0.95293	0.95676	-0.95676	-0.96288	0.96288	0.97065	-0.97065	-0.97941	0.97941	-0.98124	0.98124	0.99429	-0.99429	-1.0009	1.0009	1.0042	-1.0042	-1.0121	1.0121	1.0248	-1.0248	1.0374	-1.0374	-1.0475	1.0475	1.051	-1.051	-1.0621	1.0621	1.0688	-1.0688	-1.0758	1.0758	1.0787	-1.0787	1.0856	-1.0856	-1.0896	1.0896	-1.1087	1.1087	-1.1147	1.1147	1.1232	-1.1232	-1.1274	1.1274	1.132	-1.132	-1.1446	1.1446	1.158	-1.158	-1.1701	1.1701	-1.1761	1.1761	1.1876	-1.1876	1.1958	-1.1958	-1.2058	1.2058	1.2126	-1.2126	1.227	-1.227	-1.2327	1.2327	1.2427	-1.2427	1.255	-1.255	1.2607	-1.2607	1.2728	-1.2728	1.2849	-1.2849	-1.293	1.293	-1.3042	1.3042	-1.3167	1.3167	1.3185	-1.3185	1.3264	-1.3264	1.3428	-1.3428	1.3576	-1.3576	-1.3602	1.3602	-1.3686	1.3686	-1.3727	1.3727	-1.3788	1.3788	-1.3847	1.3847	1.3907	-1.3907	1.4001	-1.4001	1.404	-1.404	-1.4079	1.4079	1.4139	-1.4139	-1.4234	1.4234	-1.4326	1.4326	1.4351	-1.4351	-1.4388	1.4388	-1.4441	1.4441	1.4458	-1.4458	1.4527	-1.4527	-1.4598	1.4598	-1.4636	1.4636	1.4711	-1.4711	-1.4781	1.4781	-1.4847	1.4847	-1.4865	1.4865	-1.4934	1.4934	1.5018	-1.5018	-1.512	1.512	1.5214	-1.5214	-1.5264	1.5264	1.533	-1.533	1.5413	-1.5413	1.5436	-1.5436	1.5506	-1.5506	1.5577	-1.5577	1.5707	-1.5707	1.5821	-1.5821	1.5878	-1.5878	-1.5978	1.5978	1.6083	-1.6083	1.611	-1.611	-1.6218	1.6218	-1.626	1.626	-1.6353	1.6353	-1.6467	1.6467	1.652	-1.652	-1.6623	1.6623	1.67	-1.67	1.6804	-1.6804	1.6887	-1.6887	1.6914	-1.6914	1.7047	-1.7047	1.7122	-1.7122	1.7149	-1.7149	1.7278	-1.7278	1.7347	-1.7347	1.739	-1.739	1.7507	-1.7507	1.7588	-1.7588	1.7636	-1.7636	-1.7743	1.7743	-1.7771	1.7771	-1.7865	1.7865	-1.7939	1.7939	1.8046	-1.8046	1.811	-1.811	1.8245	-1.8245	1.8328	-1.8328	-1.8354	1.8354	-1.85	1.85	1.8537	-1.8537	1.8638	-1.8638	-1.8697	1.8697	1.8728	-1.8728	-1.8792	1.8792	-1.8932	1.8932	1.9024	-1.9024	-1.9156	1.9156	-1.9277	1.9277	-1.9395	1.9395	1.9482	-1.9482	1.9544	-1.9544	-1.9641	1.9641	1.984	-1.984	-1.9931	1.9931	1.9958	-1.9958	2.0052	-2.0052	2.0167	-2.0167	2.0235	-2.0235	-2.03	2.03	2.0334	-2.0334	-2.0427	2.0427	2.0526	-2.0526	2.0588	-2.0588	2.066	-2.066	-2.0739	2.0739	2.0868	-2.0868	-2.0966	2.0966	-2.1017	2.1017	-2.1059	2.1059	-2.1174	2.1174	-2.1241	2.1241	-2.1339	2.1339	
0.21053	-0.52	0.0011224	-0.0011224	0.015214	-0.015214	0.035245	-0.035245	0.049389	-0.049389	-0.062263	0.062263	0.077549	-0.077549	-0.085017	0.085017	0.10136	-0.10136	0.11851	-0.11851	-0.18623	0.18623	-0.30369	0.30369	-0.31763	0.31763	0.32868	-0.32868	-0.33236	0.33236	0.36207	-0.36207	-0.41182	0.41182	0.42729	-0.42729	0.47996	-0.47996	0.50066	-0.50066	-0.54597	0.54597	0.56194	-0.56194	0.58093	-0.58093	-0.60457	0.60457	0.62144	-0.62144	-0.62799	0.62799	-0.64375	0.64375	-0.66416	0.66416	0.67611	-0.67611	0.69529	-0.69529	0.71307	-0.71307	0.73308	-0.73308	0.76655	-0.76655	-0.77209	0.77209	-0.78947	0.78947	-0.79452	0.79452	0.82179	-0.82179	0.83085	-0.83085	0.83665	-0.83665	-0.84334	0.84334	-0.8526	0.8526	-0.86625	0.86625	-0.86784	0.86784	-0.87768	0.87768	-0.8891	0.8891	-0.9015	0.9015	-0.907	0.907	-0.91437	0.91437	-0.92274	0.92274	0.92525	-0.92525	-0.93863	0.93863	0.93968	-0.93968	-0.95216	0.95216	-0.95422	0.95422	0.9612	-0.9612	0.96555	-0.96555	-0.97426	0.97426	-0.98093	0.98093	-0.98289	0.98289	0.99491	-0.99491	1.0024	-1.0024	1.0049	-1.0049	-1.015	1.015	1.0266	-1.0266	1.0391	-1.0391	-1.0482	1.0482	-1.052	1.052	-1.0641	1.0641	1.0725	-1.0725	1.0766	-1.0766	1.08	-1.08	-1.0869	1.0869	-1.0907	1.0907	-1.1118	1.1118	1.117	-1.117	-1.1241	1.1241	-1.129	1.129	-1.1343	1.1343	1.1453	-1.1453	1.1588	-1.1588	-1.1721	1.1721	1.1779	-1.1779	-1.1885	1.1885	-1.198	1.198	-1.2078	1.2078	1.2149	-1.2149	1.2302	-1.2302	1.2342	-1.2342	1.2454	-1.2454	1.2564	-1.2564	-1.2615	1.2615	-1.2747	1.2747	-1.2871	1.2871	-1.2946	1.2946	1.3052	-1.3052	-1.3186	1.3186	-1.3211	1.3211	1.3276	-1.3276	-1.345	1.345	1.3599	-1.3599	-1.3621	1.3621	-1.3711	1.3711	1.3805	-1.3805	1.3824	-1.3824	1.3899	-1.3899	1.3978	-1.3978	1.4061	-1.4061	-1.4103	1.4103	1.4157	-1.4157	-1.421	1.421	-1.431	1.431	-1.4402	1.4402	1.4412	-1.4412	-1.4487	1.4487	-1.451	1.451	1.4564	-1.4564	1.4609	-1.4609	1.4698	-1.4698	1.4721	-1.4721	-1.4782	1.4782	-1.4824	1.4824	-1.4896	1.4896	-1.4913	1.4913	-1.497	1.497	-1.5047	1.5047	-1.5163	1.5163	-1.5231	1.5231	-1.528	1.528	-1.5355	1.5355	1.5431	-1.5431	-1.5458	1.5458	-1.5518	1.5518	1.5596	-1.5596	1.5719	-1.5719	1.5825	-1.5825	1.5883	-1.5883	1.5988	-1.5988	1.6089	-1.6089	-1.6116	1.6116	1.6223	-1.6223	-1.6269	1.6269	1.6355	-1.6355	1.6471	-1.6471	-1.6516	1.6516	-1.6626	1.6626	-1.6698	1.6698	-1.6804	1.6804	1.6887	-1.6887	1.6911	-1.6911	-1.7044	1.7044	-1.7123	1.7123	-1.7145	1.7145	1.7281	-1.7281	1.7345	-1.7345	1.739	-1.739	1.7507	-1.7507	-1.7588	1.7588	1.7635	-1.7635	1.7743	-1.7743	-1.7768	1.7768	1.7867	-1.7867	1.794	-1.794	1.8045	-1.8045	-1.8109	1.8109	-1.8246	1.8246	-1.8323	1.8323	1.8354	-1.8354	1.8504	-1.8504	-1.8535	1.8535	-1.8644	1.8644	-1.8698	1.8698	1.8729	-1.8729	-1.8794	1.8794	1.8932	-1.8932	1.9025	-1.9025	1.9155	-1.9155	-1.9277	1.9277	-1.9402	1.9402	-1.9481	1.9481	1.9541	-1.9541	1.964	-1.964	1.9842	-1.9842	-1.9932	1.9932	1.9958	-1.9958	2.0049	-2.0049	2.0164	-2.0164	-2.0235	2.0235	-2.0295	2.0295	-2.0326	2.0326	-2.0427	2.0427	2.0527	-2.0527	2.0587	-2.0587	-2.0656	2.0656	-2.0735	2.0735	2.087	-2.087	2.0964	-2.0964	-2.101	2.101	-2.1061	2.1061	-2.1166	2.1166	-2.1241	2.1241	2.1339	-2.1339	
0.21053	-0.5	-0.006892	0.006892	-0.030414	0.030414	-0.034191	0.034191	-0.057444	0.057444	-0.065181	0.065181	0.075255	-0.075255	-0.08575	0.08575	-0.10023	0.10023	0.13536	-0.13536	0.20337	-0.20337	0.32528	-0.32528	-0.3391	0.3391	-0.34929	0.34929	-0.35363	0.35363	-0.38306	0.38306	-0.43298	0.43298	0.44751	-0.44751	-0.50222	0.50222	-0.51996	0.51996	-0.54776	0.54776	0.56137	-0.56137	0.58718	-0.58718	-0.61288	0.61288	0.62286	-0.62286	0.63198	-0.63198	0.65898	-0.65898	0.66375	-0.66375	0.68194	-0.68194	0.69509	-0.69509	-0.71339	0.71339	-0.73389	0.73389	0.76846	-0.76846	-0.78342	0.78342	0.79651	-0.79651	0.80309	-0.80309	0.82337	-0.82337	0.83243	-0.83243	-0.83974	0.83974	-0.84915	0.84915	0.85794	-0.85794	-0.869	0.869	0.8769	-0.8769	-0.88087	0.88087	-0.89115	0.89115	-0.90617	0.90617	-0.91046	0.91046	-0.9174	0.9174	0.9261	-0.9261	0.92985	-0.92985	0.94297	-0.94297	0.94623	-0.94623	-0.95571	0.95571	-0.95866	0.95866	-0.96507	0.96507	-0.972	0.972	0.97972	-0.97972	-0.98363	0.98363	0.98572	-0.98572	0.99555	-0.99555	-1.0041	1.0041	1.006	-1.006	1.0184	-1.0184	-1.0289	1.0289	1.0407	-1.0407	1.0489	-1.0489	1.0531	-1.0531	-1.0659	1.0659	-1.0749	1.0749	-1.0776	1.0776	1.0815	-1.0815	-1.0882	1.0882	1.0921	-1.0921	1.1128	-1.1128	1.12	-1.12	-1.125	1.125	1.1306	-1.1306	1.1387	-1.1387	1.1465	-1.1465	1.1595	-1.1595	-1.1732	1.1732	1.18	-1.18	-1.1892	1.1892	1.2	-1.2	1.2095	-1.2095	1.2168	-1.2168	-1.2323	1.2323	-1.2361	1.2361	1.2485	-1.2485	-1.258	1.258	1.2628	-1.2628	1.276	-1.276	1.289	-1.289	-1.2958	1.2958	-1.3059	1.3059	-1.3195	1.3195	-1.3227	1.3227	-1.3287	1.3287	1.3467	-1.3467	1.3605	-1.3605	1.3638	-1.3638	-1.3732	1.3732	1.3834	-1.3834	-1.387	1.387	-1.3946	1.3946	1.4023	-1.4023	1.4108	-1.4108	1.415	-1.415	-1.4234	1.4234	1.427	-1.427	-1.4374	1.4374	-1.4449	1.4449	-1.4466	1.4466	1.4558	-1.4558	1.4595	-1.4595	1.4631	-1.4631	1.4696	-1.4696	1.4777	-1.4777	-1.4843	1.4843	-1.4855	1.4855	-1.4889	1.4889	-1.4951	1.4951	-1.4985	1.4985	-1.5042	1.5042	1.5091	-1.5091	-1.5223	1.5223	1.5252	-1.5252	1.5312	-1.5312	-1.5379	1.5379	1.5452	-1.5452	-1.55	1.55	-1.5541	1.5541	1.5623	-1.5623	-1.5737	1.5737	-1.5832	1.5832	-1.5889	1.5889	-1.6001	1.6001	-1.6094	1.6094	-1.6127	1.6127	-1.623	1.623	-1.6281	1.6281	1.6358	-1.6358	-1.6476	1.6476	1.6514	-1.6514	-1.663	1.663	-1.6696	1.6696	1.6804	-1.6804	-1.6888	1.6888	1.6909	-1.6909	1.7042	-1.7042	-1.7126	1.7126	1.7141	-1.7141	-1.7283	1.7283	1.7344	-1.7344	-1.7392	1.7392	1.7507	-1.7507	-1.7589	1.7589	-1.7633	1.7633	1.7744	-1.7744	-1.7766	1.7766	-1.7869	1.7869	-1.794	1.794	-1.8044	1.8044	1.8109	-1.8109	-1.8247	1.8247	1.832	-1.832	-1.8355	1.8355	-1.8508	1.8508	-1.8533	1.8533	-1.8651	1.8651	-1.87	1.87	1.873	-1.873	-1.8798	1.8798	1.8932	-1.8932	-1.9027	1.9027	-1.9154	1.9154	-1.9278	1.9278	1.9408	-1.9408	1.9481	-1.9481	1.9537	-1.9537	1.964	-1.964	-1.9842	1.9842	-1.9932	1.9932	-1.9959	1.9959	2.0045	-2.0045	-2.0161	2.0161	2.0235	-2.0235	2.0292	-2.0292	-2.0319	2.0319	2.0428	-2.0428	-2.0528	2.0528	2.0586	-2.0586	-2.0652	2.0652	-2.073	2.073	2.0872	-2.0872	2.0961	-2.0961	2.1001	-2.1001	2.1062	-2.1062	2.1158	-2.1158	2.1241	-2.1241	2.1338	-2.1338	
0.21053	-0.48	0.0030149	-0.0030149	0.019462	-0.019462	-0.047485	0.047485	-0.053846	0.053846	0.068297	-0.068297	0.08441	-0.08441	-0.1009	0.1009	0.11443	-0.11443	0.15464	-0.15464	0.22144	-0.22144	-0.34645	0.34645	0.36016	-0.36016	0.36964	-0.36964	0.37462	-0.37462	0.40366	-0.40366	-0.45358	0.45358	-0.46739	0.46739	0.5204	-0.5204	0.53661	-0.53661	-0.55238	0.55238	-0.56251	0.56251	0.58868	-0.58868	0.61811	-0.61811	-0.63061	0.63061	-0.63456	0.63456	-0.66182	0.66182	-0.67653	0.67653	-0.68705	0.68705	-0.69622	0.69622	0.71353	-0.71353	0.73453	-0.73453	0.76933	-0.76933	0.78811	-0.78811	-0.80368	0.80368	0.81479	-0.81479	0.82566	-0.82566	0.83312	-0.83312	0.84236	-0.84236	0.85226	-0.85226	0.86131	-0.86131	0.87102	-0.87102	-0.8814	0.8814	-0.89135	0.89135	-0.89356	0.89356	-0.90884	0.90884	0.91236	-0.91236	-0.92003	0.92003	-0.92915	0.92915	0.93462	-0.93462	-0.94541	0.94541	0.95126	-0.95126	-0.95842	0.95842	-0.96415	0.96415	0.96882	-0.96882	-0.97758	0.97758	-0.98627	0.98627	-0.98771	0.98771	0.99195	-0.99195	0.9969	-0.9969	1.0052	-1.0052	-1.0088	1.0088	1.022	-1.022	1.0316	-1.0316	1.0425	-1.0425	-1.0497	1.0497	1.0546	-1.0546	1.0677	-1.0677	1.0763	-1.0763	1.0788	-1.0788	1.0832	-1.0832	1.0892	-1.0892	1.0941	-1.0941	-1.1131	1.1131	-1.122	1.122	-1.126	1.126	1.1318	-1.1318	1.1435	-1.1435	-1.1493	1.1493	-1.1604	1.1604	-1.1739	1.1739	1.1823	-1.1823	1.19	-1.19	-1.2018	1.2018	1.2111	-1.2111	-1.2184	1.2184	1.2333	-1.2333	-1.2381	1.2381	-1.2512	1.2512	1.2592	-1.2592	1.2654	-1.2654	-1.2769	1.2769	1.2906	-1.2906	1.2969	-1.2969	-1.3063	1.3063	-1.32	1.32	1.3235	-1.3235	1.3297	-1.3297	1.348	-1.348	1.3608	-1.3608	-1.3649	1.3649	-1.3749	1.3749	-1.3841	1.3841	-1.3899	1.3899	1.3994	-1.3994	1.4048	-1.4048	1.4151	-1.4151	-1.4183	1.4183	1.4293	-1.4293	-1.4335	1.4335	-1.441	1.441	1.4477	-1.4477	-1.4523	1.4523	-1.4598	1.4598	1.4674	-1.4674	1.47	-1.47	1.4779	-1.4779	-1.4836	1.4836	-1.4891	1.4891	1.4929	-1.4929	-1.4988	1.4988	1.5024	-1.5024	1.506	-1.506	1.515	-1.515	1.5163	-1.5163	1.5275	-1.5275	-1.53	1.53	-1.5364	1.5364	-1.5403	1.5403	1.5478	-1.5478	-1.5559	1.5559	1.558	-1.558	-1.5662	1.5662	1.5768	-1.5768	-1.5844	1.5844	-1.59	1.59	-1.6016	1.6016	1.6102	-1.6102	-1.6143	1.6143	-1.6239	1.6239	1.6294	-1.6294	1.6363	-1.6363	1.6484	-1.6484	1.6514	-1.6514	1.6634	-1.6634	1.6697	-1.6697	-1.6804	1.6804	-1.689	1.689	-1.6907	1.6907	-1.7039	1.7039	1.7128	-1.7128	-1.7138	1.7138	-1.7287	1.7287	1.7343	-1.7343	-1.7394	1.7394	1.7507	-1.7507	1.7589	-1.7589	-1.7631	1.7631	1.7747	-1.7747	1.7765	-1.7765	-1.7872	1.7872	-1.7941	1.7941	1.8043	-1.8043	1.8111	-1.8111	-1.8249	1.8249	1.8316	-1.8316	-1.8356	1.8356	1.8512	-1.8512	-1.8531	1.8531	-1.8657	1.8657	1.8702	-1.8702	1.8731	-1.8731	-1.8803	1.8803	1.8932	-1.8932	1.903	-1.903	1.9153	-1.9153	-1.9279	1.9279	1.9412	-1.9412	1.9482	-1.9482	-1.9535	1.9535	-1.9641	1.9641	-1.9843	1.9843	1.993	-1.993	1.9961	-1.9961	2.0041	-2.0041	2.0158	-2.0158	2.0235	-2.0235	2.0288	-2.0288	-2.0312	2.0312	2.0428	-2.0428	2.0528	-2.0528	2.0585	-2.0585	2.0648	-2.0648	-2.0726	2.0726	2.0875	-2.0875	-2.0957	2.0957	2.0993	-2.0993	-2.1063	2.1063	-2.115	2.115	2.1239	-2.1239	-2.1337	2.1337	
0.21053	-0.46	0.0032592	-0.0032592	-0.014488	0.014488	0.035047	-0.035047	0.068003	-0.068003	0.081993	-0.081993	-0.10229	0.10229	-0.11888	0.11888	-0.13223	0.13223	-0.17436	0.17436	0.23988	-0.23988	-0.36715	0.36715	0.38076	-0.38076	-0.38963	0.38963	-0.39522	0.39522	-0.4238	0.4238	-0.47345	0.47345	0.48679	-0.48679	-0.5297	0.5297	0.54678	-0.54678	0.56165	-0.56165	-0.5722	0.5722	0.58892	-0.58892	0.61854	-0.61854	0.63251	-0.63251	0.64742	-0.64742	-0.66172	0.66172	-0.68633	0.68633	-0.69438	0.69438	0.70045	-0.70045	0.71438	-0.71438	-0.73518	0.73518	-0.77014	0.77014	0.78918	-0.78918	0.81012	-0.81012	0.82116	-0.82116	0.83011	-0.83011	0.8358	-0.8358	-0.84617	0.84617	0.85407	-0.85407	-0.86242	0.86242	0.87259	-0.87259	0.88657	-0.88657	-0.89502	0.89502	-0.90245	0.90245	0.91104	-0.91104	0.91371	-0.91371	-0.9219	0.9219	-0.93195	0.93195	-0.93996	0.93996	0.94678	-0.94678	-0.95505	0.95505	0.96156	-0.96156	0.96734	-0.96734	0.97401	-0.97401	0.98073	-0.98073	-0.98975	0.98975	0.99516	-0.99516	0.99629	-0.99629	-1.003	1.003	1.0063	-1.0063	1.0142	-1.0142	-1.0256	1.0256	-1.0349	1.0349	1.0447	-1.0447	1.0507	-1.0507	-1.0571	1.0571	-1.0697	1.0697	1.0775	-1.0775	-1.08	1.08	1.0849	-1.0849	1.0903	-1.0903	-1.0965	1.0965	1.1133	-1.1133	1.1232	-1.1232	-1.1274	1.1274	1.133	-1.133	1.1459	-1.1459	-1.1546	1.1546	1.162	-1.162	-1.1745	1.1745	-1.1847	1.1847	1.191	-1.191	-1.2036	1.2036	1.2127	-1.2127	1.2197	-1.2197	-1.2339	1.2339	-1.24	1.24	-1.2532	1.2532	1.2598	-1.2598	1.2692	-1.2692	1.2776	-1.2776	1.2919	-1.2919	1.2978	-1.2978	1.3067	-1.3067	1.3204	-1.3204	1.3239	-1.3239	1.3304	-1.3304	-1.349	1.349	-1.3609	1.3609	-1.3657	1.3657	-1.3763	1.3763	1.3844	-1.3844	1.3913	-1.3913	-1.4023	1.4023	-1.4067	1.4067	1.4187	-1.4187	1.4211	-1.4211	-1.4337	1.4337	1.44	-1.44	1.4432	-1.4432	-1.4498	1.4498	-1.456	1.456	1.4636	-1.4636	-1.4737	1.4737	-1.4749	1.4749	1.4862	-1.4862	-1.4875	1.4875	1.495	-1.495	1.4978	-1.4978	-1.5045	1.5045	-1.5094	1.5094	-1.5145	1.5145	1.5222	-1.5222	-1.529	1.529	1.5324	-1.5324	1.5368	-1.5368	1.5429	-1.5429	1.5448	-1.5448	1.5525	-1.5525	1.5616	-1.5616	1.5638	-1.5638	-1.5711	1.5711	-1.5821	1.5821	1.5863	-1.5863	1.5919	-1.5919	1.6036	-1.6036	-1.6116	1.6116	-1.6165	1.6165	-1.6251	1.6251	-1.6309	1.6309	1.6373	-1.6373	1.6493	-1.6493	1.6518	-1.6518	-1.664	1.664	1.67	-1.67	1.6805	-1.6805	1.6894	-1.6894	1.6906	-1.6906	-1.7036	1.7036	1.713	-1.713	1.7135	-1.7135	1.729	-1.729	1.7342	-1.7342	-1.7396	1.7396	-1.7508	1.7508	1.759	-1.759	1.763	-1.763	1.7749	-1.7749	1.7764	-1.7764	-1.7874	1.7874	-1.7943	1.7943	-1.8041	1.8041	-1.8113	1.8113	1.825	-1.825	1.8314	-1.8314	-1.8358	1.8358	-1.8514	1.8514	1.8531	-1.8531	-1.8663	1.8663	-1.8706	1.8706	-1.8732	1.8732	1.8809	-1.8809	-1.8933	1.8933	-1.9034	1.9034	-1.9151	1.9151	1.9281	-1.9281	-1.9414	1.9414	-1.9483	1.9483	1.9534	-1.9534	-1.9643	1.9643	-1.9843	1.9843	-1.9928	1.9928	1.9963	-1.9963	2.0036	-2.0036	-2.0154	2.0154	-2.0234	2.0234	-2.0285	2.0285	2.0306	-2.0306	-2.0429	2.0429	2.0527	-2.0527	-2.0585	2.0585	2.0644	-2.0644	-2.0721	2.0721	-2.0877	2.0877	-2.0951	2.0951	-2.0984	2.0984	2.1063	-2.1063	2.1143	-2.1143	-2.1237	2.1237	2.1336	-2.1336	
0.21053	-0.44	-0.009833	0.009833	0.022893	-0.022893	0.033102	-0.033102	-0.085377	0.085377	-0.099745	0.099745	-0.12083	0.12083	0.13736	-0.13736	-0.15082	0.15082	0.19406	-0.19406	-0.25836	0.25836	-0.38733	0.38733	0.40083	-0.40083	-0.40919	0.40919	-0.41535	0.41535	-0.44342	0.44342	-0.49227	0.49227	0.5055	-0.5055	0.53248	-0.53248	-0.54752	0.54752	-0.57679	0.57679	0.58598	-0.58598	0.59282	-0.59282	-0.61839	0.61839	0.63268	-0.63268	-0.65578	0.65578	0.66836	-0.66836	-0.68731	0.68731	0.70138	-0.70138	0.70814	-0.70814	0.71955	-0.71955	0.73619	-0.73619	0.77111	-0.77111	-0.78936	0.78936	-0.81429	0.81429	-0.82302	0.82302	-0.83083	0.83083	0.84029	-0.84029	-0.85205	0.85205	0.85779	-0.85779	-0.86305	0.86305	-0.87356	0.87356	0.89098	-0.89098	0.89905	-0.89905	0.90827	-0.90827	0.91401	-0.91401	-0.91558	0.91558	-0.92357	0.92357	-0.93519	0.93519	-0.94409	0.94409	-0.94798	0.94798	0.95852	-0.95852	0.96574	-0.96574	-0.97029	0.97029	-0.97775	0.97775	-0.98367	0.98367	0.99284	-0.99284	0.99658	-0.99658	1.003	-1.003	1.0072	-1.0072	-1.0114	1.0114	1.0222	-1.0222	-1.0292	1.0292	1.0378	-1.0378	1.0475	-1.0475	-1.0521	1.0521	1.0609	-1.0609	-1.0719	1.0719	-1.0792	1.0792	1.0812	-1.0812	1.0866	-1.0866	1.0916	-1.0916	-1.0996	1.0996	-1.1134	1.1134	-1.1238	1.1238	1.1292	-1.1292	-1.1344	1.1344	1.1475	-1.1475	-1.1581	1.1581	1.1654	-1.1654	1.1751	-1.1751	1.1869	-1.1869	1.193	-1.193	1.2053	-1.2053	1.2145	-1.2145	-1.2208	1.2208	-1.2343	1.2343	-1.2416	1.2416	1.2546	-1.2546	-1.2601	1.2601	1.273	-1.273	-1.2785	1.2785	1.2929	-1.2929	-1.2986	1.2986	-1.307	1.307	1.3204	-1.3204	-1.3242	1.3242	-1.331	1.331	-1.3499	1.3499	-1.3609	1.3609	-1.3663	1.3663	1.3774	-1.3774	1.3846	-1.3846	1.3921	-1.3921	-1.4033	1.4033	1.4084	-1.4084	1.4205	-1.4205	-1.4242	1.4242	1.4368	-1.4368	-1.4438	1.4438	-1.4465	1.4465	1.4522	-1.4522	-1.4582	1.4582	1.4672	-1.4672	1.4772	-1.4772	1.4794	-1.4794	-1.4888	1.4888	1.4947	-1.4947	1.5005	-1.5005	1.503	-1.503	-1.5085	1.5085	-1.5149	1.5149	1.5208	-1.5208	-1.528	1.528	-1.5359	1.5359	-1.5394	1.5394	-1.5447	1.5447	1.5509	-1.5509	1.5532	-1.5532	-1.5593	1.5593	-1.5673	1.5673	-1.5707	1.5707	1.5765	-1.5765	1.5885	-1.5885	1.5896	-1.5896	1.5963	-1.5963	-1.6061	1.6061	-1.6138	1.6138	1.6196	-1.6196	-1.6267	1.6267	-1.6326	1.6326	-1.6387	1.6387	1.6506	-1.6506	1.6526	-1.6526	1.6647	-1.6647	1.6709	-1.6709	1.6809	-1.6809	-1.6898	1.6898	1.6907	-1.6907	1.7034	-1.7034	-1.7128	1.7128	-1.7138	1.7138	-1.7294	1.7294	1.7342	-1.7342	1.74	-1.74	1.7508	-1.7508	1.7592	-1.7592	1.7629	-1.7629	1.7752	-1.7752	-1.7766	1.7766	1.7877	-1.7877	-1.7946	1.7946	1.804	-1.804	1.8117	-1.8117	-1.8253	1.8253	-1.8312	1.8312	1.836	-1.836	1.8514	-1.8514	1.8534	-1.8534	-1.8669	1.8669	-1.8711	1.8711	-1.8733	1.8733	1.8816	-1.8816	-1.8933	1.8933	-1.9038	1.9038	-1.915	1.915	-1.9284	1.9284	1.9413	-1.9413	1.9485	-1.9485	1.9533	-1.9533	-1.9645	1.9645	1.9843	-1.9843	-1.9925	1.9925	-1.9966	1.9966	-2.0031	2.0031	-2.0151	2.0151	-2.0231	2.0231	2.0282	-2.0282	2.0301	-2.0301	-2.043	2.043	-2.0525	2.0525	-2.0584	2.0584	-2.064	2.064	-2.0717	2.0717	-2.088	2.088	-2.0945	2.0945	2.0976	-2.0976	-2.1061	2.1061	2.1137	-2.1137	-2.1234	2.1234	2.1335	-2.1335	
0.21053	-0.42	0.0060574	-0.0060574	-0.040412	0.040412	-0.048402	0.048402	-0.10272	0.10272	-0.11845	0.11845	-0.1393	0.1393	0.15578	-0.15578	-0.1694	0.1694	0.21355	-0.21355	-0.27665	0.27665	-0.40694	0.40694	0.42033	-0.42033	-0.42825	0.42825	-0.43495	0.43495	-0.46246	0.46246	0.50916	-0.50916	-0.52291	0.52291	-0.53381	0.53381	0.54639	-0.54639	-0.58215	0.58215	0.60015	-0.60015	0.60716	-0.60716	-0.6186	0.6186	-0.6341	0.6341	-0.65619	0.65619	0.68151	-0.68151	-0.6882	0.6882	-0.70436	0.70436	-0.71239	0.71239	0.72977	-0.72977	-0.73958	0.73958	0.77255	-0.77255	0.7893	-0.7893	0.81651	-0.81651	-0.82414	0.82414	0.83039	-0.83039	-0.84197	0.84197	0.85289	-0.85289	0.86119	-0.86119	-0.86857	0.86857	-0.87655	0.87655	-0.89344	0.89344	-0.90425	0.90425	-0.91043	0.91043	0.91614	-0.91614	-0.91942	0.91942	0.92571	-0.92571	0.9389	-0.9389	0.94618	-0.94618	-0.94995	0.94995	-0.96119	0.96119	-0.96938	0.96938	0.97568	-0.97568	-0.98045	0.98045	-0.98668	0.98668	0.99485	-0.99485	0.99818	-0.99818	1.0062	-1.0062	-1.0119	1.0119	1.0178	-1.0178	-1.0303	1.0303	1.0331	-1.0331	-1.0403	1.0403	1.0503	-1.0503	1.0543	-1.0543	-1.0664	1.0664	1.0742	-1.0742	1.0811	-1.0811	1.0829	-1.0829	-1.0884	1.0884	-1.0932	1.0932	1.1035	-1.1035	1.1138	-1.1138	1.1242	-1.1242	1.1312	-1.1312	-1.1362	1.1362	-1.1494	1.1494	1.1597	-1.1597	-1.1695	1.1695	-1.1758	1.1758	-1.1884	1.1884	1.1962	-1.1962	1.2071	-1.2071	1.2167	-1.2167	1.2218	-1.2218	1.2346	-1.2346	1.2431	-1.2431	-1.2556	1.2556	1.2602	-1.2602	-1.2753	1.2753	1.2802	-1.2802	1.2937	-1.2937	1.2994	-1.2994	-1.3072	1.3072	-1.3202	1.3202	-1.3245	1.3245	-1.3315	1.3315	1.3506	-1.3506	1.3608	-1.3608	-1.3667	1.3667	1.3783	-1.3783	1.3846	-1.3846	1.3927	-1.3927	1.4034	-1.4034	1.4097	-1.4097	-1.4216	1.4216	-1.4266	1.4266	-1.439	1.439	-1.4454	1.4454	-1.4489	1.4489	-1.4555	1.4555	-1.4607	1.4607	1.4701	-1.4701	-1.4789	1.4789	1.484	-1.484	1.4904	-1.4904	1.5001	-1.5001	1.5041	-1.5041	1.5083	-1.5083	-1.5128	1.5128	1.5183	-1.5183	-1.5272	1.5272	1.5321	-1.5321	-1.5392	1.5392	-1.5435	1.5435	-1.5536	1.5536	1.5584	-1.5584	-1.5643	1.5643	1.5672	-1.5672	-1.5738	1.5738	-1.5769	1.5769	-1.5837	1.5837	1.5932	-1.5932	-1.595	1.595	-1.604	1.604	1.61	-1.61	1.6169	-1.6169	-1.6236	1.6236	1.629	-1.629	-1.6346	1.6346	1.6408	-1.6408	-1.6525	1.6525	-1.6542	1.6542	1.6654	-1.6654	-1.6724	1.6724	-1.6817	1.6817	1.6901	-1.6901	-1.6912	1.6912	1.7032	-1.7032	1.7125	-1.7125	-1.7142	1.7142	-1.7299	1.7299	-1.7343	1.7343	-1.7404	1.7404	1.7508	-1.7508	1.7594	-1.7594	-1.7629	1.7629	-1.7754	1.7754	-1.777	1.777	-1.7879	1.7879	1.795	-1.795	1.8038	-1.8038	1.8122	-1.8122	-1.8256	1.8256	-1.8311	1.8311	-1.8363	1.8363	1.8512	-1.8512	-1.8539	1.8539	1.8674	-1.8674	1.8716	-1.8716	-1.8734	1.8734	1.8823	-1.8823	-1.8935	1.8935	1.9043	-1.9043	1.9148	-1.9148	1.9288	-1.9288	1.941	-1.941	1.9488	-1.9488	-1.9534	1.9534	1.9649	-1.9649	1.9841	-1.9841	1.9922	-1.9922	1.9968	-1.9968	2.0026	-2.0026	-2.0147	2.0147	-2.0228	2.0228	2.0278	-2.0278	2.0298	-2.0298	-2.0431	2.0431	-2.0523	2.0523	-2.0583	2.0583	2.0637	-2.0637	-2.0713	2.0713	2.0882	-2.0882	2.0938	-2.0938	-2.0968	2.0968	-2.1058	2.1058	-2.1131	2.1131	-2.123	2.123	-2.1333	2.1333	
0.21053	-0.4	0.023678	-0.023678	-0.058804	0.058804	-0.065111	0.065111	-0.11977	0.11977	-0.13727	0.13727	0.15745	-0.15745	0.17393	-0.17393	-0.18766	0.18766	-0.2327	0.2327	-0.29463	0.29463	-0.42594	0.42594	-0.4392	0.4392	0.44676	-0.44676	0.45395	-0.45395	0.48083	-0.48083	0.5207	-0.5207	0.5337	-0.5337	0.5396	-0.5396	0.54939	-0.54939	-0.58182	0.58182	-0.61278	0.61278	-0.61858	0.61858	-0.62276	0.62276	-0.64069	0.64069	-0.65644	0.65644	-0.68469	0.68469	-0.69792	0.69792	0.7059	-0.7059	0.71678	-0.71678	0.73397	-0.73397	-0.74961	0.74961	-0.77515	0.77515	0.78931	-0.78931	0.81738	-0.81738	0.82498	-0.82498	-0.82972	0.82972	-0.84254	0.84254	0.85233	-0.85233	0.8609	-0.8609	-0.87086	0.87086	-0.88464	0.88464	0.89641	-0.89641	-0.90787	0.90787	-0.91192	0.91192	-0.91821	0.91821	0.92329	-0.92329	-0.92896	0.92896	0.94203	-0.94203	0.94716	-0.94716	-0.95312	0.95312	0.96331	-0.96331	-0.97214	0.97214	-0.98026	0.98026	0.98474	-0.98474	0.98978	-0.98978	-0.99631	0.99631	0.99997	-0.99997	1.008	-1.008	-1.0175	1.0175	-1.0232	1.0232	1.0352	-1.0352	1.0377	-1.0377	1.0427	-1.0427	1.0528	-1.0528	1.0575	-1.0575	-1.0725	1.0725	-1.077	1.077	1.0826	-1.0826	-1.0857	1.0857	1.0907	-1.0907	1.0953	-1.0953	-1.1078	1.1078	-1.1148	1.1148	-1.1246	1.1246	-1.133	1.133	1.139	-1.139	-1.1519	1.1519	1.1607	-1.1607	1.1725	-1.1725	-1.1768	1.1768	-1.1893	1.1893	1.1997	-1.1997	1.2092	-1.2092	-1.2197	1.2197	1.2229	-1.2229	-1.2349	1.2349	-1.2445	1.2445	1.2565	-1.2565	-1.2602	1.2602	-1.276	1.276	1.2826	-1.2826	1.2943	-1.2943	-1.3003	1.3003	1.3074	-1.3074	1.3198	-1.3198	1.3248	-1.3248	-1.3319	1.3319	-1.3512	1.3512	1.3605	-1.3605	1.3671	-1.3671	1.3789	-1.3789	-1.3848	1.3848	-1.393	1.393	1.403	-1.403	-1.4106	1.4106	1.4224	-1.4224	-1.4283	1.4283	1.4404	-1.4404	-1.4468	1.4468	-1.4496	1.4496	-1.4572	1.4572	-1.4645	1.4645	1.4723	-1.4723	-1.48	1.48	1.4879	-1.4879	-1.4917	1.4917	1.5034	-1.5034	1.5079	-1.5079	-1.5123	1.5123	1.5162	-1.5162	-1.5212	1.5212	-1.5317	1.5317	-1.5362	1.5362	1.5413	-1.5413	1.5486	-1.5486	-1.5598	1.5598	1.565	-1.565	-1.5699	1.5699	-1.5756	1.5756	-1.5813	1.5813	1.5852	-1.5852	-1.5903	1.5903	-1.5999	1.5999	1.6011	-1.6011	1.6108	-1.6108	1.6173	-1.6173	1.6211	-1.6211	-1.6278	1.6278	1.6326	-1.6326	1.6372	-1.6372	-1.6433	1.6433	-1.655	1.655	-1.6571	1.6571	1.6662	-1.6662	1.6745	-1.6745	1.6835	-1.6835	1.6902	-1.6902	-1.6923	1.6923	1.7031	-1.7031	1.7122	-1.7122	1.715	-1.715	1.7303	-1.7303	1.7344	-1.7344	1.741	-1.741	1.7508	-1.7508	1.7598	-1.7598	1.7629	-1.7629	1.7755	-1.7755	1.7778	-1.7778	-1.7881	1.7881	-1.7955	1.7955	-1.8037	1.8037	1.8128	-1.8128	-1.8259	1.8259	-1.8311	1.8311	1.8367	-1.8367	-1.8509	1.8509	1.8545	-1.8545	1.8679	-1.8679	-1.8723	1.8723	-1.8736	1.8736	-1.8831	1.8831	1.8937	-1.8937	-1.9049	1.9049	1.9146	-1.9146	1.9293	-1.9293	-1.9405	1.9405	-1.949	1.949	1.9537	-1.9537	-1.9653	1.9653	-1.984	1.984	-1.9919	1.9919	-1.9971	1.9971	-2.0021	2.0021	2.0143	-2.0143	2.0224	-2.0224	2.0275	-2.0275	2.0297	-2.0297	-2.0431	2.0431	2.0521	-2.0521	-2.0583	2.0583	-2.0634	2.0634	-2.0709	2.0709	2.0882	-2.0882	2.093	-2.093	-2.096	2.096	2.1054	-2.1054	-2.1127	2.1127	2.1225	-2.1225	-2.1332	2.1332	
0.21053	-0.38	0.041034	-0.041034	-0.076856	0.076856	-0.081791	0.081791	-0.13636	0.13636	0.1559	-0.1559	0.17513	-0.17513	-0.19165	0.19165	0.20543	-0.20543	-0.25144	0.25144	-0.31218	0.31218	-0.44426	0.44426	-0.45738	0.45738	0.46466	-0.46466	0.47224	-0.47224	0.49838	-0.49838	-0.52382	0.52382	0.53394	-0.53394	-0.55151	0.55151	0.56235	-0.56235	0.58118	-0.58118	0.61485	-0.61485	0.62171	-0.62171	0.63734	-0.63734	-0.64922	0.64922	0.66277	-0.66277	0.68437	-0.68437	0.70312	-0.70312	0.71079	-0.71079	0.72412	-0.72412	0.73571	-0.73571	-0.75914	0.75914	-0.78001	0.78001	-0.79032	0.79032	-0.81746	0.81746	0.82548	-0.82548	-0.82899	0.82899	0.84248	-0.84248	0.85145	-0.85145	0.86022	-0.86022	-0.87096	0.87096	-0.88896	0.88896	0.90156	-0.90156	0.90989	-0.90989	0.91342	-0.91342	0.92025	-0.92025	0.92766	-0.92766	0.93373	-0.93373	-0.94399	0.94399	0.9479	-0.9479	0.95733	-0.95733	-0.96521	0.96521	-0.97494	0.97494	0.98241	-0.98241	-0.98964	0.98964	0.99276	-0.99276	-0.99835	0.99835	-1.0017	1.0017	-1.0104	1.0104	-1.0222	1.0222	1.0285	-1.0285	1.0379	-1.0379	-1.0416	1.0416	-1.0451	1.0451	-1.0554	1.0554	-1.0612	1.0612	1.0761	-1.0761	1.0814	-1.0814	1.0847	-1.0847	-1.0891	1.0891	1.0938	-1.0938	1.0983	-1.0983	-1.1115	1.1115	1.1172	-1.1172	-1.1251	1.1251	-1.1346	1.1346	1.1426	-1.1426	1.1553	-1.1553	-1.162	1.162	1.1746	-1.1746	-1.178	1.178	-1.1902	1.1902	1.2026	-1.2026	1.2112	-1.2112	-1.2223	1.2223	-1.2255	1.2255	-1.2353	1.2353	-1.2459	1.2459	-1.2573	1.2573	-1.2603	1.2603	1.2758	-1.2758	-1.2847	1.2847	-1.2946	1.2946	1.3012	-1.3012	-1.3076	1.3076	1.3193	-1.3193	-1.3251	1.3251	1.3323	-1.3323	1.3518	-1.3518	-1.3601	1.3601	1.3675	-1.3675	1.3794	-1.3794	-1.3851	1.3851	-1.3932	1.3932	-1.4024	1.4024	-1.4112	1.4112	-1.4231	1.4231	-1.4294	1.4294	-1.4413	1.4413	-1.4481	1.4481	-1.4502	1.4502	1.4579	-1.4579	-1.4677	1.4677	1.4743	-1.4743	-1.4809	1.4809	-1.4905	1.4905	1.4932	-1.4932	1.5053	-1.5053	-1.5108	1.5108	1.5167	-1.5167	1.5182	-1.5182	-1.5246	1.5246	1.5337	-1.5337	1.5394	-1.5394	-1.5431	1.5431	1.5551	-1.5551	-1.5638	1.5638	1.5696	-1.5696	1.5747	-1.5747	-1.5798	1.5798	-1.5881	1.5881	1.5953	-1.5953	-1.5967	1.5967	-1.6059	1.6059	-1.6088	1.6088	1.6181	-1.6181	1.6251	-1.6251	1.6272	-1.6272	1.6313	-1.6313	1.6376	-1.6376	1.6405	-1.6405	1.6463	-1.6463	1.6578	-1.6578	-1.662	1.662	1.6673	-1.6673	1.6771	-1.6771	1.6868	-1.6868	-1.6905	1.6905	-1.6943	1.6943	-1.7033	1.7033	1.7121	-1.7121	-1.716	1.716	1.7309	-1.7309	-1.7347	1.7347	-1.7416	1.7416	1.7509	-1.7509	1.7604	-1.7604	1.763	-1.763	-1.7757	1.7757	-1.7787	1.7787	1.7883	-1.7883	1.7961	-1.7961	-1.8037	1.8037	1.8135	-1.8135	-1.8264	1.8264	1.8313	-1.8313	1.8371	-1.8371	1.8505	-1.8505	1.8553	-1.8553	1.8683	-1.8683	-1.873	1.873	-1.874	1.874	-1.8839	1.8839	-1.8939	1.8939	1.9056	-1.9056	1.9145	-1.9145	-1.9298	1.9298	1.9398	-1.9398	1.9491	-1.9491	-1.954	1.954	1.9659	-1.9659	1.9837	-1.9837	1.9916	-1.9916	-1.9973	1.9973	-2.0017	2.0017	2.014	-2.014	2.0219	-2.0219	-2.0271	2.0271	-2.0297	2.0297	-2.0432	2.0432	-2.0518	2.0518	2.0582	-2.0582	2.0632	-2.0632	2.0704	-2.0704	2.0881	-2.0881	2.0923	-2.0923	-2.0953	2.0953	-2.1048	2.1048	-2.1124	2.1124	2.1219	-2.1219	-2.133	2.133	
0.21053	-0.36	0.057842	-0.057842	0.094287	-0.094287	-0.09817	0.09817	-0.15237	0.15237	0.17419	-0.17419	-0.19226	0.19226	-0.20887	0.20887	-0.22262	0.22262	0.26968	-0.26968	-0.32923	0.32923	0.46182	-0.46182	-0.47475	0.47475	-0.48187	0.48187	-0.48969	0.48969	0.51425	-0.51425	0.52405	-0.52405	-0.53143	0.53143	0.56371	-0.56371	0.57745	-0.57745	0.58201	-0.58201	0.61494	-0.61494	0.62244	-0.62244	0.64742	-0.64742	0.65628	-0.65628	0.67632	-0.67632	0.68635	-0.68635	-0.70325	0.70325	-0.71535	0.71535	0.73224	-0.73224	0.7407	-0.7407	0.76425	-0.76425	-0.78416	0.78416	0.79619	-0.79619	-0.81708	0.81708	-0.82577	0.82577	0.82825	-0.82825	-0.84189	0.84189	0.85057	-0.85057	-0.85937	0.85937	-0.87068	0.87068	-0.88994	0.88994	0.90492	-0.90492	0.91104	-0.91104	0.91501	-0.91501	-0.922	0.922	-0.93292	0.93292	0.93977	-0.93977	-0.94595	0.94595	0.94859	-0.94859	0.96185	-0.96185	-0.96739	0.96739	0.97772	-0.97772	0.9842	-0.9842	0.99239	-0.99239	-0.99565	0.99565	1.0008	-1.0008	-1.0035	1.0035	-1.0139	1.0139	-1.0254	1.0254	1.0338	-1.0338	-1.0398	1.0398	1.0447	-1.0447	1.0474	-1.0474	1.0584	-1.0584	-1.0646	1.0646	1.0781	-1.0781	-1.0838	1.0838	-1.0878	1.0878	1.0931	-1.0931	1.0973	-1.0973	1.1022	-1.1022	-1.1152	1.1152	-1.1209	1.1209	-1.1263	1.1263	1.1359	-1.1359	-1.1464	1.1464	-1.1588	1.1588	-1.1647	1.1647	1.1762	-1.1762	1.1795	-1.1795	-1.1911	1.1911	-1.2047	1.2047	1.213	-1.213	1.2232	-1.2232	-1.2302	1.2302	1.2358	-1.2358	1.2474	-1.2474	-1.2579	1.2579	1.2603	-1.2603	-1.2753	1.2753	1.286	-1.286	-1.2949	1.2949	1.3021	-1.3021	-1.3078	1.3078	1.3187	-1.3187	-1.3254	1.3254	1.3327	-1.3327	1.3524	-1.3524	1.3596	-1.3596	1.3679	-1.3679	1.3796	-1.3796	-1.3855	1.3855	1.3931	-1.3931	-1.4016	1.4016	-1.4116	1.4116	1.4236	-1.4236	-1.4301	1.4301	1.4417	-1.4417	-1.4485	1.4485	1.4515	-1.4515	-1.4583	1.4583	-1.4699	1.4699	1.476	-1.476	-1.4817	1.4817	-1.4917	1.4917	1.495	-1.495	1.5067	-1.5067	1.5125	-1.5125	-1.5187	1.5187	-1.5221	1.5221	1.5284	-1.5284	-1.5352	1.5352	-1.5411	1.5411	-1.5449	1.5449	1.5607	-1.5607	-1.5665	1.5665	1.5726	-1.5726	-1.578	1.578	-1.585	1.585	-1.5931	1.5931	-1.5994	1.5994	1.605	-1.605	-1.6134	1.6134	-1.6156	1.6156	1.6265	-1.6265	1.6306	-1.6306	-1.6329	1.6329	1.638	-1.638	1.6412	-1.6412	1.646	-1.646	1.6502	-1.6502	-1.661	1.661	1.6678	-1.6678	-1.6693	1.6693	1.6801	-1.6801	1.6901	-1.6901	1.6923	-1.6923	1.6972	-1.6972	1.7042	-1.7042	1.7123	-1.7123	-1.7175	1.7175	1.7315	-1.7315	-1.7351	1.7351	1.7424	-1.7424	-1.751	1.751	-1.7611	1.7611	-1.7632	1.7632	1.776	-1.776	-1.7798	1.7798	1.7884	-1.7884	-1.7968	1.7968	1.8037	-1.8037	1.8144	-1.8144	-1.827	1.827	1.8317	-1.8317	1.8376	-1.8376	-1.8501	1.8501	1.856	-1.856	-1.8686	1.8686	1.8736	-1.8736	-1.8747	1.8747	-1.8848	1.8848	-1.8942	1.8942	1.9063	-1.9063	1.9144	-1.9144	1.9303	-1.9303	-1.9391	1.9391	1.9493	-1.9493	-1.9543	1.9543	1.9666	-1.9666	-1.9833	1.9833	1.9913	-1.9913	1.9975	-1.9975	-2.0013	2.0013	2.0136	-2.0136	-2.0213	2.0213	-2.0268	2.0268	2.0297	-2.0297	-2.0432	2.0432	2.0516	-2.0516	-2.058	2.058	2.063	-2.063	2.0699	-2.0699	2.0877	-2.0877	2.0918	-2.0918	-2.0947	2.0947	-2.1041	2.1041	-2.1123	2.1123	2.1213	-2.1213	2.1328	-2.1328	
0.21053	-0.34	0.073992	-0.073992	-0.11086	0.11086	0.11423	-0.11423	0.16772	-0.16772	0.19202	-0.19202	0.20878	-0.20878	-0.22552	0.22552	-0.23915	0.23915	0.28739	-0.28739	0.34572	-0.34572	-0.47847	0.47847	0.49107	-0.49107	0.4982	-0.4982	0.5058	-0.5058	-0.52042	0.52042	-0.52701	0.52701	-0.534	0.534	0.57106	-0.57106	-0.58612	0.58612	0.59279	-0.59279	-0.61471	0.61471	-0.62396	0.62396	-0.64783	0.64783	-0.67006	0.67006	0.68024	-0.68024	-0.6991	0.6991	0.70376	-0.70376	0.7183	-0.7183	-0.73465	0.73465	0.75269	-0.75269	-0.76673	0.76673	0.78491	-0.78491	-0.80672	0.80672	-0.81644	0.81644	-0.82619	0.82619	-0.82793	0.82793	-0.84084	0.84084	0.84985	-0.84985	-0.85842	0.85842	-0.87026	0.87026	-0.8899	0.8899	-0.90605	0.90605	-0.91141	0.91141	-0.91595	0.91595	0.92337	-0.92337	-0.93695	0.93695	-0.94317	0.94317	0.94907	-0.94907	0.95324	-0.95324	0.96518	-0.96518	-0.97095	0.97095	-0.98034	0.98034	-0.98608	0.98608	-0.99348	0.99348	0.99861	-0.99861	1.0026	-1.0026	1.006	-1.006	1.0179	-1.0179	1.0278	-1.0278	1.0375	-1.0375	-1.0413	1.0413	-1.0468	1.0468	-1.0501	1.0501	1.0626	-1.0626	1.0675	-1.0675	1.0796	-1.0796	-1.0852	1.0852	1.0905	-1.0905	-1.0961	1.0961	-1.1014	1.1014	1.1058	-1.1058	-1.1194	1.1194	1.1248	-1.1248	-1.1297	1.1297	1.1372	-1.1372	-1.15	1.15	-1.1609	1.1609	-1.1696	1.1696	1.178	-1.178	-1.1816	1.1816	1.1926	-1.1926	-1.2064	1.2064	1.2146	-1.2146	1.2238	-1.2238	-1.2341	1.2341	1.2373	-1.2373	-1.2493	1.2493	1.2584	-1.2584	1.2604	-1.2604	-1.2746	1.2746	-1.2867	1.2867	1.2951	-1.2951	1.303	-1.303	-1.308	1.308	-1.318	1.318	-1.3257	1.3257	-1.333	1.333	-1.3529	1.3529	1.3589	-1.3589	1.3684	-1.3684	-1.3798	1.3798	1.3861	-1.3861	-1.3929	1.3929	-1.4007	1.4007	1.4118	-1.4118	-1.4239	1.4239	1.4305	-1.4305	1.4417	-1.4417	-1.4483	1.4483	-1.4531	1.4531	-1.4586	1.4586	-1.4712	1.4712	1.4774	-1.4774	-1.4827	1.4827	1.4922	-1.4922	1.4964	-1.4964	1.5078	-1.5078	-1.5134	1.5134	1.5191	-1.5191	-1.5265	1.5265	1.5315	-1.5315	1.5375	-1.5375	-1.5426	1.5426	1.5464	-1.5464	1.5639	-1.5639	1.569	-1.569	-1.5743	1.5743	1.5804	-1.5804	-1.5909	1.5909	-1.5978	1.5978	1.6026	-1.6026	1.6089	-1.6089	-1.6197	1.6197	1.6235	-1.6235	-1.6326	1.6326	1.6361	-1.6361	1.6386	-1.6386	-1.6434	1.6434	1.6468	-1.6468	-1.6521	1.6521	1.6554	-1.6554	-1.6649	1.6649	-1.67	1.67	1.6752	-1.6752	-1.6839	1.6839	1.6914	-1.6914	-1.6962	1.6962	1.7005	-1.7005	-1.7066	1.7066	-1.7137	1.7137	-1.72	1.72	1.7324	-1.7324	-1.7359	1.7359	-1.7434	1.7434	1.7514	-1.7514	1.762	-1.762	-1.7635	1.7635	-1.7765	1.7765	1.781	-1.781	1.7886	-1.7886	1.7975	-1.7975	-1.8039	1.8039	1.8154	-1.8154	1.8277	-1.8277	1.8322	-1.8322	1.8383	-1.8383	1.8498	-1.8498	1.8569	-1.8569	-1.869	1.869	-1.8741	1.8741	-1.8757	1.8757	-1.8857	1.8857	-1.8946	1.8946	-1.9071	1.9071	-1.9143	1.9143	1.9309	-1.9309	-1.9383	1.9383	1.9494	-1.9494	1.9546	-1.9546	1.9675	-1.9675	1.9827	-1.9827	-1.991	1.991	1.9975	-1.9975	2.0012	-2.0012	2.0132	-2.0132	-2.0206	2.0206	2.0264	-2.0264	-2.0297	2.0297	-2.0432	2.0432	-2.0513	2.0513	-2.0578	2.0578	2.0629	-2.0629	2.0694	-2.0694	-2.087	2.087	-2.0913	2.0913	-2.0942	2.0942	2.1034	-2.1034	2.1122	-2.1122	-2.1207	2.1207	-2.1326	2.1326	
0.21053	-0.32	0.089422	-0.089422	-0.12639	0.12639	0.13002	-0.13002	-0.18235	0.18235	-0.20932	0.20932	-0.22466	0.22466	0.24154	-0.24154	-0.25497	0.25497	0.30451	-0.30451	0.36159	-0.36159	0.49366	-0.49366	0.50524	-0.50524	0.51229	-0.51229	-0.51811	0.51811	-0.52091	0.52091	-0.52864	0.52864	0.54721	-0.54721	0.57381	-0.57381	0.59376	-0.59376	0.60573	-0.60573	0.61472	-0.61472	-0.62819	0.62819	-0.64737	0.64737	0.67725	-0.67725	-0.68573	0.68573	-0.7031	0.7031	-0.71374	0.71374	-0.7234	0.7234	-0.73671	0.73671	0.76443	-0.76443	-0.76932	0.76932	-0.78485	0.78485	0.81474	-0.81474	0.81593	-0.81593	0.82573	-0.82573	-0.83165	0.83165	-0.83954	0.83954	-0.84933	0.84933	0.85744	-0.85744	0.86976	-0.86976	0.88945	-0.88945	0.90631	-0.90631	-0.9114	0.9114	-0.91607	0.91607	-0.92448	0.92448	-0.93946	0.93946	0.94374	-0.94374	-0.94953	0.94953	-0.96328	0.96328	0.96827	-0.96827	-0.97537	0.97537	-0.98282	0.98282	0.98827	-0.98827	0.99409	-0.99409	-1.0011	1.0011	-1.0039	1.0039	-1.0088	1.0088	1.0218	-1.0218	-1.0304	1.0304	1.0399	-1.0399	-1.0426	1.0426	1.048	-1.048	1.0526	-1.0526	1.067	-1.067	1.0709	-1.0709	-1.0809	1.0809	1.0866	-1.0866	-1.0932	1.0932	-1.0981	1.0981	-1.1046	1.1046	1.1096	-1.1096	-1.1218	1.1218	1.1291	-1.1291	-1.1351	1.1351	-1.1395	1.1395	1.1536	-1.1536	-1.1623	1.1623	-1.1739	1.1739	1.1798	-1.1798	1.1856	-1.1856	1.1949	-1.1949	-1.208	1.208	1.2161	-1.2161	-1.2244	1.2244	1.2355	-1.2355	-1.2401	1.2401	1.2519	-1.2519	-1.2586	1.2586	-1.2609	1.2609	-1.2738	1.2738	1.2866	-1.2866	1.2953	-1.2953	-1.3037	1.3037	-1.3083	1.3083	-1.3173	1.3173	1.3259	-1.3259	1.3334	-1.3334	1.3532	-1.3532	-1.3582	1.3582	-1.3688	1.3688	-1.3798	1.3798	-1.3868	1.3868	-1.3924	1.3924	1.3997	-1.3997	1.4118	-1.4118	-1.4242	1.4242	1.4308	-1.4308	-1.4414	1.4414	-1.448	1.448	-1.4541	1.4541	-1.4594	1.4594	-1.472	1.472	1.4785	-1.4785	-1.4838	1.4838	-1.4925	1.4925	1.4973	-1.4973	-1.5087	1.5087	-1.514	1.514	-1.5193	1.5193	-1.5298	1.5298	1.5336	-1.5336	-1.5398	1.5398	1.5451	-1.5451	-1.548	1.548	1.565	-1.565	1.5715	-1.5715	-1.5752	1.5752	1.5822	-1.5822	1.5955	-1.5955	-1.6026	1.6026	1.6062	-1.6062	1.6114	-1.6114	-1.6226	1.6226	1.6317	-1.6317	-1.6352	1.6352	-1.6401	1.6401	-1.6462	1.6462	-1.6472	1.6472	1.6538	-1.6538	-1.6568	1.6568	1.6629	-1.6629	1.6692	-1.6692	-1.6724	1.6724	1.6815	-1.6815	1.6875	-1.6875	-1.6941	1.6941	-1.6989	1.6989	1.7039	-1.7039	-1.709	1.709	-1.7183	1.7183	-1.7237	1.7237	-1.7336	1.7336	-1.7373	1.7373	1.7446	-1.7446	-1.7522	1.7522	-1.763	1.763	1.7641	-1.7641	-1.7772	1.7772	1.7823	-1.7823	-1.7889	1.7889	1.7984	-1.7984	1.8042	-1.8042	-1.8165	1.8165	1.8286	-1.8286	1.8329	-1.8329	1.839	-1.839	-1.8495	1.8495	1.8578	-1.8578	1.8692	-1.8692	-1.8745	1.8745	-1.8768	1.8768	-1.8866	1.8866	1.8951	-1.8951	1.908	-1.908	-1.9143	1.9143	-1.9314	1.9314	-1.9375	1.9375	-1.9496	1.9496	-1.9549	1.9549	-1.9684	1.9684	1.982	-1.982	-1.9908	1.9908	1.9973	-1.9973	2.0012	-2.0012	-2.0129	2.0129	2.02	-2.02	-2.0261	2.0261	2.0297	-2.0297	2.0432	-2.0432	2.0512	-2.0512	-2.0575	2.0575	2.0629	-2.0629	-2.0688	2.0688	2.086	-2.086	2.0908	-2.0908	2.0938	-2.0938	2.1027	-2.1027	2.1121	-2.1121	2.1201	-2.1201	2.1324	-2.1324	
0.21053	-0.3	0.10409	-0.10409	-0.14085	0.14085	-0.14542	0.14542	-0.19619	0.19619	0.22599	-0.22599	0.23988	-0.23988	0.2569	-0.2569	-0.27003	0.27003	-0.32098	0.32098	0.37679	-0.37679	0.50433	-0.50433	0.5119	-0.5119	-0.51841	0.51841	0.5251	-0.5251	0.5313	-0.5313	-0.53973	0.53973	0.5587	-0.5587	0.57745	-0.57745	0.59945	-0.59945	-0.61133	0.61133	0.62054	-0.62054	0.63579	-0.63579	-0.64758	0.64758	0.67697	-0.67697	-0.69318	0.69318	-0.7074	0.7074	0.71815	-0.71815	-0.73071	0.73071	-0.74508	0.74508	-0.76771	0.76771	-0.77813	0.77813	-0.78555	0.78555	0.81464	-0.81464	0.81807	-0.81807	-0.82474	0.82474	0.83691	-0.83691	0.84206	-0.84206	0.84918	-0.84918	0.8566	-0.8566	-0.86926	0.86926	-0.88878	0.88878	-0.9062	0.9062	-0.91122	0.91122	0.91561	-0.91561	-0.92542	0.92542	-0.94112	0.94112	-0.94382	0.94382	-0.94988	0.94988	-0.96673	0.96673	0.97703	-0.97703	0.97947	-0.97947	-0.98538	0.98538	-0.99076	0.99076	0.99481	-0.99481	-1.003	1.003	1.0054	-1.0054	-1.0117	1.0117	1.0247	-1.0247	1.0335	-1.0335	-1.0419	1.0419	1.0437	-1.0437	1.0489	-1.0489	-1.0544	1.0544	-1.0695	1.0695	-1.0754	1.0754	-1.0819	1.0819	-1.0883	1.0883	1.0957	-1.0957	-1.0999	1.0999	1.1079	-1.1079	1.1134	-1.1134	-1.1229	1.1229	-1.1336	1.1336	1.1385	-1.1385	-1.1446	1.1446	-1.1573	1.1573	1.164	-1.164	-1.1765	1.1765	1.1814	-1.1814	1.1907	-1.1907	1.1988	-1.1988	1.21	-1.21	1.2176	-1.2176	1.2251	-1.2251	1.2363	-1.2363	1.2423	-1.2423	1.2547	-1.2547	-1.2585	1.2585	1.262	-1.262	1.2731	-1.2731	1.2862	-1.2862	-1.2956	1.2956	1.3043	-1.3043	1.3088	-1.3088	-1.3167	1.3167	1.3259	-1.3259	-1.3337	1.3337	1.3535	-1.3535	1.3574	-1.3574	-1.3692	1.3692	1.3799	-1.3799	-1.3875	1.3875	1.3919	-1.3919	-1.3987	1.3987	1.4117	-1.4117	1.4243	-1.4243	-1.4309	1.4309	1.4408	-1.4408	1.4475	-1.4475	-1.4544	1.4544	1.4606	-1.4606	-1.4724	1.4724	1.4793	-1.4793	1.4852	-1.4852	1.4927	-1.4927	1.4978	-1.4978	1.5095	-1.5095	1.5143	-1.5143	1.5192	-1.5192	-1.5317	1.5317	-1.5351	1.5351	1.5412	-1.5412	-1.5479	1.5479	1.5506	-1.5506	1.5653	-1.5653	1.5736	-1.5736	-1.576	1.576	-1.5836	1.5836	1.5983	-1.5983	-1.6054	1.6054	1.6117	-1.6117	1.6138	-1.6138	-1.6246	1.6246	-1.6351	1.6351	-1.6396	1.6396	1.6418	-1.6418	1.6502	-1.6502	-1.6555	1.6555	1.6576	-1.6576	-1.6619	1.6619	-1.6711	1.6711	1.6725	-1.6725	-1.6761	1.6761	1.6882	-1.6882	-1.6897	1.6897	-1.6982	1.6982	1.7011	-1.7011	-1.7071	1.7071	1.711	-1.711	1.7243	-1.7243	1.7286	-1.7286	1.7353	-1.7353	-1.7399	1.7399	-1.7463	1.7463	1.7539	-1.7539	-1.764	1.764	-1.7651	1.7651	-1.7784	1.7784	-1.7836	1.7836	-1.7894	1.7894	-1.7992	1.7992	1.8048	-1.8048	-1.8178	1.8178	1.8297	-1.8297	1.8339	-1.8339	-1.8398	1.8398	1.8492	-1.8492	-1.8587	1.8587	-1.8695	1.8695	1.875	-1.875	-1.8781	1.8781	1.8877	-1.8877	-1.8957	1.8957	-1.9089	1.9089	-1.9144	1.9144	1.9318	-1.9318	1.9367	-1.9367	-1.9497	1.9497	1.955	-1.955	-1.9695	1.9695	1.9812	-1.9812	1.9906	-1.9906	1.9971	-1.9971	-2.0014	2.0014	2.0125	-2.0125	2.0194	-2.0194	-2.0258	2.0258	-2.0297	2.0297	2.0431	-2.0431	-2.051	2.051	2.0571	-2.0571	2.063	-2.063	-2.0683	2.0683	2.0849	-2.0849	-2.0901	2.0901	2.0937	-2.0937	2.1019	-2.1019	2.112	-2.112	-2.1195	2.1195	2.1322	-2.1322	
0.21053	-0.28	0.11795	-0.11795	-0.15434	0.15434	-0.16025	0.16025	0.2092	-0.2092	0.24192	-0.24192	0.25447	-0.25447	0.27156	-0.27156	-0.2843	0.2843	-0.33675	0.33675	-0.39129	0.39129	-0.50551	0.50551	0.50956	-0.50956	-0.52808	0.52808	0.53591	-0.53591	0.54533	-0.54533	-0.55146	0.55146	-0.56722	0.56722	0.58466	-0.58466	0.60282	-0.60282	0.61191	-0.61191	-0.62964	0.62964	-0.64479	0.64479	0.65043	-0.65043	-0.6761	0.6761	-0.69505	0.69505	0.71281	-0.71281	0.72359	-0.72359	-0.73277	0.73277	0.76015	-0.76015	-0.76849	0.76849	0.78237	-0.78237	-0.79149	0.79149	-0.81401	0.81401	0.81854	-0.81854	-0.82429	0.82429	-0.8356	0.8356	-0.84724	0.84724	0.85372	-0.85372	0.85691	-0.85691	-0.869	0.869	-0.88801	0.88801	-0.90586	0.90586	0.91096	-0.91096	0.91476	-0.91476	-0.92623	0.92623	-0.94227	0.94227	-0.94377	0.94377	-0.95018	0.95018	-0.96787	0.96787	-0.98109	0.98109	-0.98558	0.98558	-0.98966	0.98966	-0.99327	0.99327	0.99657	-0.99657	1.0047	-1.0047	-1.0076	1.0076	-1.0144	1.0144	1.0264	-1.0264	1.0369	-1.0369	1.0436	-1.0436	1.0451	-1.0451	-1.0496	1.0496	-1.0559	1.0559	1.0712	-1.0712	1.079	-1.079	1.0829	-1.0829	1.0901	-1.0901	-1.0973	1.0973	-1.1013	1.1013	-1.1132	1.1132	-1.1167	1.1167	-1.1238	1.1238	-1.1369	1.1369	-1.1418	1.1418	1.1496	-1.1496	1.1604	-1.1604	1.1668	-1.1668	1.1783	-1.1783	-1.1829	1.1829	-1.1955	1.1955	1.2035	-1.2035	-1.2132	1.2132	1.2191	-1.2191	-1.2262	1.2262	1.2371	-1.2371	1.2437	-1.2437	1.2566	-1.2566	1.2583	-1.2583	-1.2633	1.2633	-1.273	1.273	-1.2855	1.2855	-1.2957	1.2957	1.3047	-1.3047	-1.3093	1.3093	-1.3163	1.3163	-1.3259	1.3259	-1.3341	1.3341	-1.3535	1.3535	1.3566	-1.3566	-1.3695	1.3695	-1.3801	1.3801	-1.3882	1.3882	-1.3911	1.3911	1.3977	-1.3977	-1.4113	1.4113	1.4244	-1.4244	-1.4308	1.4308	-1.4401	1.4401	1.447	-1.447	1.454	-1.454	1.4618	-1.4618	-1.4725	1.4725	1.4798	-1.4798	1.4867	-1.4867	-1.4927	1.4927	-1.4981	1.4981	1.5102	-1.5102	1.5143	-1.5143	1.5191	-1.5191	1.5328	-1.5328	1.5364	-1.5364	1.542	-1.542	-1.5501	1.5501	1.5537	-1.5537	-1.5655	1.5655	-1.5749	1.5749	-1.5769	1.5769	1.5851	-1.5851	-1.6	1.6	1.6073	-1.6073	-1.6142	1.6142	-1.6186	1.6186	1.6265	-1.6265	1.6364	-1.6364	1.6422	-1.6422	-1.6442	1.6442	1.6539	-1.6539	1.66	-1.66	1.6633	-1.6633	-1.6661	1.6661	-1.6756	1.6756	-1.6774	1.6774	-1.6813	1.6813	1.6914	-1.6914	-1.6952	1.6952	1.7004	-1.7004	1.7054	-1.7054	-1.71	1.71	1.7135	-1.7135	-1.728	1.728	-1.735	1.735	-1.7376	1.7376	1.7431	-1.7431	1.7493	-1.7493	1.7567	-1.7567	-1.7652	1.7652	1.7672	-1.7672	1.7799	-1.7799	-1.7848	1.7848	-1.7904	1.7904	-1.8	1.8	-1.8055	1.8055	-1.8191	1.8191	-1.8311	1.8311	1.835	-1.835	-1.8407	1.8407	1.8492	-1.8492	1.8597	-1.8597	-1.8699	1.8699	1.8756	-1.8756	1.8795	-1.8795	-1.8888	1.8888	1.8965	-1.8965	-1.9098	1.9098	-1.9147	1.9147	-1.9321	1.9321	-1.9362	1.9362	1.9499	-1.9499	-1.9551	1.9551	1.9706	-1.9706	1.9802	-1.9802	-1.9905	1.9905	1.9968	-1.9968	2.0017	-2.0017	2.0121	-2.0121	2.0187	-2.0187	2.0254	-2.0254	-2.0297	2.0297	2.0431	-2.0431	2.051	-2.051	2.0567	-2.0567	-2.0631	2.0631	2.0677	-2.0677	2.0838	-2.0838	-2.0893	2.0893	2.0937	-2.0937	-2.1013	2.1013	2.112	-2.112	-2.1189	2.1189	2.132	-2.132	
0.21053	-0.26	-0.13098	0.13098	-0.16691	0.16691	0.17439	-0.17439	0.22133	-0.22133	0.25695	-0.25695	0.26849	-0.26849	0.28549	-0.28549	0.29773	-0.29773	0.35174	-0.35174	0.40503	-0.40503	-0.50281	0.50281	0.50503	-0.50503	-0.54026	0.54026	0.5436	-0.5436	0.55882	-0.55882	-0.56161	0.56161	0.57606	-0.57606	-0.59271	0.59271	-0.60488	0.60488	0.61455	-0.61455	0.63504	-0.63504	-0.65254	0.65254	-0.65844	0.65844	-0.67546	0.67546	0.69509	-0.69509	0.71384	-0.71384	-0.73067	0.73067	0.73663	-0.73663	0.76841	-0.76841	-0.77381	0.77381	-0.78509	0.78509	-0.79795	0.79795	-0.81372	0.81372	0.81828	-0.81828	-0.82579	0.82579	0.83426	-0.83426	-0.84695	0.84695	0.85497	-0.85497	-0.86415	0.86415	0.87106	-0.87106	0.88732	-0.88732	-0.90534	0.90534	-0.91064	0.91064	-0.91368	0.91368	0.92695	-0.92695	-0.94287	0.94287	0.94387	-0.94387	-0.95048	0.95048	0.96873	-0.96873	0.98288	-0.98288	0.98814	-0.98814	-0.99237	0.99237	0.9963	-0.9963	1.0022	-1.0022	1.0062	-1.0062	-1.0105	1.0105	-1.0174	1.0174	-1.0276	1.0276	1.04	-1.04	1.0445	-1.0445	1.0471	-1.0471	1.0502	-1.0502	-1.0577	1.0577	-1.0729	1.0729	1.0812	-1.0812	-1.0838	1.0838	-1.0918	1.0918	1.0981	-1.0981	-1.1025	1.1025	-1.1189	1.1189	1.1206	-1.1206	-1.1252	1.1252	-1.1392	1.1392	-1.1459	1.1459	1.1531	-1.1531	-1.1622	1.1622	1.1709	-1.1709	-1.1799	1.1799	-1.1846	1.1846	-1.2004	1.2004	-1.2068	1.2068	-1.2176	1.2176	1.2207	-1.2207	1.2279	-1.2279	1.2382	-1.2382	-1.2448	1.2448	-1.2569	1.2569	1.2585	-1.2585	1.264	-1.264	-1.2742	1.2742	1.2849	-1.2849	-1.2959	1.2959	1.305	-1.305	1.3098	-1.3098	1.3163	-1.3163	-1.3259	1.3259	-1.3345	1.3345	1.3532	-1.3532	-1.3559	1.3559	-1.3697	1.3697	1.3804	-1.3804	1.3887	-1.3887	-1.3904	1.3904	-1.3969	1.3969	1.4109	-1.4109	1.4245	-1.4245	-1.4307	1.4307	-1.4391	1.4391	-1.4465	1.4465	1.4534	-1.4534	-1.4629	1.4629	1.4723	-1.4723	1.4802	-1.4802	1.488	-1.488	-1.4926	1.4926	-1.4984	1.4984	1.5108	-1.5108	-1.5142	1.5142	-1.5189	1.5189	1.5336	-1.5336	1.5373	-1.5373	-1.5424	1.5424	1.5523	-1.5523	-1.5559	1.5559	1.566	-1.566	-1.5756	1.5756	-1.5782	1.5782	-1.5866	1.5866	-1.6011	1.6011	1.609	-1.609	1.6154	-1.6154	-1.6227	1.6227	1.6289	-1.6289	-1.6371	1.6371	-1.6429	1.6429	1.647	-1.647	-1.6563	1.6563	1.6632	-1.6632	1.6672	-1.6672	1.6708	-1.6708	1.6789	-1.6789	-1.6811	1.6811	1.6866	-1.6866	-1.6948	1.6948	1.7001	-1.7001	-1.7021	1.7021	-1.7098	1.7098	-1.7142	1.7142	1.7169	-1.7169	1.73	-1.73	-1.7393	1.7393	-1.7417	1.7417	-1.7456	1.7456	-1.7546	1.7546	1.7601	-1.7601	-1.7666	1.7666	1.771	-1.771	-1.7819	1.7819	-1.7859	1.7859	-1.7923	1.7923	1.8007	-1.8007	1.8065	-1.8065	-1.8205	1.8205	-1.8327	1.8327	-1.8365	1.8365	1.8417	-1.8417	-1.8493	1.8493	1.8607	-1.8607	1.8703	-1.8703	1.8763	-1.8763	-1.8809	1.8809	-1.8899	1.8899	-1.8973	1.8973	-1.9106	1.9106	1.9152	-1.9152	-1.932	1.932	-1.9361	1.9361	-1.9502	1.9502	-1.9551	1.9551	1.9716	-1.9716	-1.979	1.979	1.9904	-1.9904	-1.9965	1.9965	-2.002	2.002	-2.0118	2.0118	2.0182	-2.0182	2.025	-2.025	2.0296	-2.0296	2.043	-2.043	2.051	-2.051	-2.0562	2.0562	2.0633	-2.0633	2.0671	-2.0671	2.0826	-2.0826	-2.0884	2.0884	-2.0937	2.0937	-2.1007	2.1007	-2.112	2.112	2.1185	-2.1185	-2.1319	2.1319	
0.21053	-0.24	-0.14315	0.14315	0.17858	-0.17858	0.18773	-0.18773	-0.23254	0.23254	-0.27085	0.27085	0.28207	-0.28207	0.29867	-0.29867	-0.3103	0.3103	-0.36586	0.36586	0.41796	-0.41796	-0.49845	0.49845	-0.50071	0.50071	0.54637	-0.54637	-0.55182	0.55182	-0.57058	0.57058	0.57262	-0.57262	0.58554	-0.58554	-0.59832	0.59832	0.60682	-0.60682	0.62127	-0.62127	0.63743	-0.63743	-0.66069	0.66069	0.66668	-0.66668	-0.67631	0.67631	-0.69504	0.69504	0.71324	-0.71324	-0.73189	0.73189	0.74678	-0.74678	0.76877	-0.76877	-0.7779	0.7779	-0.79342	0.79342	-0.80213	0.80213	0.81343	-0.81343	0.818	-0.818	-0.82841	0.82841	0.83513	-0.83513	0.8465	-0.8465	0.85514	-0.85514	-0.86581	0.86581	-0.87906	0.87906	0.88762	-0.88762	-0.90468	0.90468	-0.91017	0.91017	0.91259	-0.91259	-0.92763	0.92763	-0.94281	0.94281	-0.94438	0.94438	-0.95082	0.95082	-0.96949	0.96949	-0.98415	0.98415	-0.98991	0.98991	-0.9929	0.9929	0.99783	-0.99783	-1.0073	1.0073	1.0092	-1.0092	-1.0135	1.0135	-1.0214	1.0214	-1.0288	1.0288	1.0427	-1.0427	1.0451	-1.0451	-1.049	1.049	-1.0509	1.0509	1.0597	-1.0597	1.0747	-1.0747	-1.0826	1.0826	-1.0849	1.0849	1.0932	-1.0932	-1.0982	1.0982	-1.104	1.104	-1.1207	1.1207	-1.126	1.126	1.1289	-1.1289	1.1419	-1.1419	1.15	-1.15	1.1555	-1.1555	1.1632	-1.1632	1.1744	-1.1744	1.1814	-1.1814	1.1871	-1.1871	1.2053	-1.2053	1.209	-1.209	1.2204	-1.2204	1.2236	-1.2236	-1.2303	1.2303	1.2396	-1.2396	1.2463	-1.2463	-1.2566	1.2566	1.2589	-1.2589	-1.2636	1.2636	-1.2763	1.2763	1.2847	-1.2847	-1.2959	1.2959	-1.3051	1.3051	1.3102	-1.3102	-1.3167	1.3167	-1.3258	1.3258	-1.3349	1.3349	-1.3525	1.3525	1.3555	-1.3555	1.3697	-1.3697	1.3808	-1.3808	-1.3884	1.3884	-1.39	1.39	-1.3963	1.3963	-1.4103	1.4103	-1.4245	1.4245	-1.4304	1.4304	-1.4381	1.4381	1.446	-1.446	1.4527	-1.4527	1.4636	-1.4636	-1.472	1.472	1.4804	-1.4804	1.4889	-1.4889	1.4923	-1.4923	-1.4989	1.4989	-1.5114	1.5114	-1.5138	1.5138	1.5189	-1.5189	1.5341	-1.5341	1.5379	-1.5379	1.5427	-1.5427	-1.5545	1.5545	-1.5569	1.5569	1.5669	-1.5669	1.5761	-1.5761	1.5795	-1.5795	-1.5882	1.5882	-1.6018	1.6018	1.6105	-1.6105	1.6163	-1.6163	1.6248	-1.6248	1.6321	-1.6321	-1.6374	1.6374	-1.6434	1.6434	1.6489	-1.6489	-1.6581	1.6581	-1.6659	1.6659	-1.6693	1.6693	1.6756	-1.6756	-1.6807	1.6807	-1.6852	1.6852	1.6903	-1.6903	-1.698	1.698	-1.7023	1.7023	-1.7064	1.7064	1.7134	-1.7134	1.7183	-1.7183	-1.7214	1.7214	-1.7315	1.7315	1.7428	-1.7428	1.7451	-1.7451	1.7476	-1.7476	-1.7603	1.7603	-1.764	1.764	1.7687	-1.7687	-1.7763	1.7763	1.7839	-1.7839	-1.7874	1.7874	1.7954	-1.7954	1.8014	-1.8014	1.8077	-1.8077	-1.8219	1.8219	1.8346	-1.8346	-1.8381	1.8381	-1.8428	1.8428	1.8498	-1.8498	-1.8618	1.8618	1.8708	-1.8708	1.877	-1.877	1.8822	-1.8822	1.8912	-1.8912	-1.8983	1.8983	-1.9114	1.9114	1.9161	-1.9161	-1.9316	1.9316	-1.9364	1.9364	-1.9504	1.9504	1.955	-1.955	1.9727	-1.9727	1.9778	-1.9778	-1.9902	1.9902	-1.9963	1.9963	2.0023	-2.0023	-2.0115	2.0115	2.0177	-2.0177	2.0246	-2.0246	-2.0295	2.0295	2.0429	-2.0429	-2.0511	2.0511	-2.0556	2.0556	-2.0634	2.0634	-2.0666	2.0666	2.0815	-2.0815	-2.0874	2.0874	-2.0936	2.0936	2.1002	-2.1002	2.1119	-2.1119	2.1182	-2.1182	-2.1317	2.1317	
0.21053	-0.22	0.15443	-0.15443	-0.18932	0.18932	-0.20023	0.20023	0.2428	-0.2428	-0.28344	0.28344	-0.29527	0.29527	-0.31109	0.31109	-0.32198	0.32198	-0.379	0.379	0.43	-0.43	-0.49297	0.49297	0.49695	-0.49695	0.54645	-0.54645	-0.56171	0.56171	-0.5797	0.5797	-0.5844	0.5844	-0.59314	0.59314	-0.60262	0.60262	-0.61063	0.61063	0.63016	-0.63016	-0.63978	0.63978	0.66744	-0.66744	0.6709	-0.6709	-0.68095	0.68095	-0.69601	0.69601	0.71218	-0.71218	-0.73217	0.73217	-0.7567	0.7567	-0.76939	0.76939	-0.77838	0.77838	-0.79633	0.79633	-0.8086	0.8086	-0.81288	0.81288	0.81978	-0.81978	-0.82836	0.82836	-0.8397	0.8397	0.84712	-0.84712	0.85601	-0.85601	-0.86604	0.86604	-0.88269	0.88269	0.893	-0.893	0.90412	-0.90412	0.9093	-0.9093	0.91197	-0.91197	-0.92836	0.92836	-0.94249	0.94249	0.945	-0.945	0.95123	-0.95123	-0.9702	0.9702	0.98511	-0.98511	-0.99133	0.99133	-0.99321	0.99321	-0.99876	0.99876	1.0088	-1.0088	1.0133	-1.0133	1.016	-1.016	-1.0254	1.0254	-1.0314	1.0314	1.0447	-1.0447	-1.046	1.046	-1.0507	1.0507	1.0517	-1.0517	1.0617	-1.0617	-1.0765	1.0765	-1.0838	1.0838	1.086	-1.086	1.0941	-1.0941	-1.098	1.098	-1.1062	1.1062	1.1218	-1.1218	-1.1283	1.1283	1.1346	-1.1346	1.1462	-1.1462	-1.1538	1.1538	-1.1573	1.1573	1.1639	-1.1639	1.1767	-1.1767	-1.1827	1.1827	-1.1904	1.1904	-1.2087	1.2087	-1.2119	1.2119	-1.2216	1.2216	-1.2271	1.2271	-1.2326	1.2326	-1.2408	1.2408	-1.2485	1.2485	-1.2565	1.2565	-1.2594	1.2594	1.2628	-1.2628	-1.2782	1.2782	1.2853	-1.2853	-1.2959	1.2959	-1.3052	1.3052	-1.3104	1.3104	1.3177	-1.3177	1.3256	-1.3256	1.3353	-1.3353	1.3516	-1.3516	1.3551	-1.3551	-1.3696	1.3696	-1.3811	1.3811	1.3874	-1.3874	1.3898	-1.3898	-1.3963	1.3963	1.4097	-1.4097	1.4245	-1.4245	1.4301	-1.4301	1.4371	-1.4371	-1.4454	1.4454	1.452	-1.452	-1.4641	1.4641	-1.4715	1.4715	-1.4805	1.4805	-1.4893	1.4893	-1.4918	1.4918	1.4996	-1.4996	1.5118	-1.5118	-1.5135	1.5135	1.519	-1.519	-1.5346	1.5346	-1.5383	1.5383	1.5429	-1.5429	1.5562	-1.5562	1.5573	-1.5573	1.5679	-1.5679	-1.5764	1.5764	-1.5807	1.5807	-1.5899	1.5899	1.6022	-1.6022	-1.6118	1.6118	-1.6171	1.6171	1.6258	-1.6258	-1.6346	1.6346	1.6381	-1.6381	-1.6438	1.6438	1.6499	-1.6499	-1.6597	1.6597	-1.6675	1.6675	-1.6712	1.6712	1.6792	-1.6792	-1.6814	1.6814	1.6892	-1.6892	-1.6931	1.6931	1.6998	-1.6998	1.7034	-1.7034	1.7122	-1.7122	-1.7165	1.7165	1.7217	-1.7217	1.7264	-1.7264	-1.7329	1.7329	1.7464	-1.7464	1.7476	-1.7476	1.7499	-1.7499	1.7631	-1.7631	1.7678	-1.7678	-1.7735	1.7735	-1.7814	1.7814	1.7859	-1.7859	-1.7899	1.7899	-1.8	1.8	-1.8023	1.8023	-1.8091	1.8091	1.8234	-1.8234	-1.8367	1.8367	-1.8397	1.8397	1.8444	-1.8444	1.8507	-1.8507	-1.863	1.863	1.8716	-1.8716	1.8777	-1.8777	-1.8834	1.8834	1.8926	-1.8926	-1.8994	1.8994	-1.912	1.912	1.9172	-1.9172	-1.931	1.931	1.937	-1.937	1.9508	-1.9508	1.9549	-1.9549	-1.9736	1.9736	1.9765	-1.9765	1.9901	-1.9901	1.9962	-1.9962	2.0024	-2.0024	-2.0115	2.0115	2.0172	-2.0172	2.0242	-2.0242	-2.0293	2.0293	2.0428	-2.0428	2.0512	-2.0512	2.0551	-2.0551	2.0634	-2.0634	-2.0662	2.0662	2.0804	-2.0804	2.0864	-2.0864	2.0934	-2.0934	2.0999	-2.0999	2.112	-2.112	2.118	-2.118	2.1316	-2.1316	
0.21053	-0.2	0.1648	-0.1648	-0.19913	0.19913	0.21183	-0.21183	0.25206	-0.25206	-0.2946	0.2946	-0.30803	0.30803	-0.32277	0.32277	0.33277	-0.33277	0.39098	-0.39098	-0.44098	0.44098	-0.4871	0.4871	0.49347	-0.49347	0.54531	-0.54531	-0.56968	0.56968	-0.58497	0.58497	-0.59515	0.59515	0.59948	-0.59948	0.6076	-0.6076	0.61691	-0.61691	-0.63737	0.63737	0.6454	-0.6454	0.66873	-0.66873	0.67629	-0.67629	-0.68504	0.68504	0.69977	-0.69977	0.71131	-0.71131	0.73244	-0.73244	-0.76284	0.76284	-0.77211	0.77211	-0.77909	0.77909	0.79495	-0.79495	-0.81062	0.81062	0.81273	-0.81273	-0.82338	0.82338	0.82946	-0.82946	0.84326	-0.84326	-0.85017	0.85017	0.85796	-0.85796	0.86757	-0.86757	-0.88259	0.88259	0.89873	-0.89873	-0.90524	0.90524	-0.9082	0.9082	-0.91226	0.91226	-0.92932	0.92932	0.94214	-0.94214	-0.94563	0.94563	0.95171	-0.95171	-0.97088	0.97088	-0.98585	0.98585	0.99218	-0.99218	0.99375	-0.99375	0.99951	-0.99951	1.0101	-1.0101	-1.0156	1.0156	-1.0185	1.0185	-1.0272	1.0272	-1.0356	1.0356	1.0456	-1.0456	-1.0473	1.0473	1.0519	-1.0519	1.0537	-1.0537	-1.0639	1.0639	-1.078	1.078	1.0847	-1.0847	-1.0873	1.0873	1.0946	-1.0946	-1.0977	1.0977	-1.1087	1.1087	1.1227	-1.1227	-1.1302	1.1302	1.139	-1.139	-1.1518	1.1518	-1.1566	1.1566	1.1594	-1.1594	-1.1646	1.1646	-1.1781	1.1781	1.1838	-1.1838	-1.1942	1.1942	-1.2102	1.2102	1.2155	-1.2155	-1.2228	1.2228	1.2301	-1.2301	1.234	-1.234	1.2415	-1.2415	1.2502	-1.2502	-1.257	1.257	-1.2609	1.2609	1.2625	-1.2625	-1.2792	1.2792	1.2867	-1.2867	-1.2959	1.2959	1.3052	-1.3052	1.3106	-1.3106	1.319	-1.319	-1.3256	1.3256	-1.3357	1.3357	1.3505	-1.3505	-1.3548	1.3548	-1.3693	1.3693	1.3812	-1.3812	-1.3865	1.3865	1.3894	-1.3894	1.3965	-1.3965	1.4091	-1.4091	-1.4245	1.4245	1.4296	-1.4296	-1.4363	1.4363	-1.4448	1.4448	-1.4513	1.4513	-1.4642	1.4642	1.471	-1.471	-1.4805	1.4805	-1.4893	1.4893	1.4911	-1.4911	1.5005	-1.5005	1.5116	-1.5116	-1.5135	1.5135	1.5193	-1.5193	1.5349	-1.5349	1.5386	-1.5386	1.5429	-1.5429	-1.5562	1.5562	-1.5591	1.5591	-1.5687	1.5687	-1.5766	1.5766	1.582	-1.582	-1.5916	1.5916	-1.6025	1.6025	-1.6129	1.6129	-1.6177	1.6177	1.6264	-1.6264	1.6353	-1.6353	1.6398	-1.6398	1.6444	-1.6444	1.6503	-1.6503	1.6611	-1.6611	-1.6685	1.6685	1.6728	-1.6728	1.6815	-1.6815	-1.682	1.682	-1.692	1.692	-1.696	1.696	-1.701	1.701	1.7043	-1.7043	-1.7168	1.7168	-1.7196	1.7196	1.7248	-1.7248	-1.7308	1.7308	-1.7346	1.7346	1.7485	-1.7485	1.7502	-1.7502	1.7529	-1.7529	-1.7652	1.7652	1.7702	-1.7702	1.7792	-1.7792	1.7849	-1.7849	1.7891	-1.7891	-1.7934	1.7934	-1.803	1.803	1.8058	-1.8058	-1.8111	1.8111	-1.825	1.825	1.8387	-1.8387	1.8409	-1.8409	-1.847	1.847	1.8519	-1.8519	-1.8643	1.8643	-1.8725	1.8725	1.8786	-1.8786	1.8846	-1.8846	1.8939	-1.8939	1.9007	-1.9007	1.9125	-1.9125	1.9186	-1.9186	-1.9304	1.9304	1.9376	-1.9376	-1.9511	1.9511	-1.9547	1.9547	1.9743	-1.9743	-1.9753	1.9753	-1.9899	1.9899	1.9962	-1.9962	2.0023	-2.0023	2.0116	-2.0116	-2.0168	2.0168	-2.0239	2.0239	-2.0291	2.0291	2.0426	-2.0426	-2.0513	2.0513	-2.0545	2.0545	-2.0633	2.0633	-2.066	2.066	2.0793	-2.0793	2.0854	-2.0854	-2.0931	2.0931	2.0997	-2.0997	-2.1121	2.1121	-2.1179	2.1179	-2.1314	2.1314	
0.21053	-0.18	0.17424	-0.17424	0.20798	-0.20798	-0.22248	0.22248	-0.26028	0.26028	0.30436	-0.30436	0.32009	-0.32009	-0.33372	0.33372	-0.3427	0.3427	-0.40156	0.40156	-0.4505	0.4505	0.48126	-0.48126	0.49056	-0.49056	0.54366	-0.54366	0.57555	-0.57555	-0.58618	0.58618	0.60383	-0.60383	-0.60634	0.60634	-0.61423	0.61423	-0.62373	0.62373	0.64291	-0.64291	0.65413	-0.65413	0.66866	-0.66866	-0.68073	0.68073	-0.68624	0.68624	0.70538	-0.70538	-0.71185	0.71185	0.73288	-0.73288	-0.76393	0.76393	0.77524	-0.77524	0.78305	-0.78305	-0.79277	0.79277	0.81002	-0.81002	0.81271	-0.81271	-0.82274	0.82274	0.83189	-0.83189	-0.84619	0.84619	0.85468	-0.85468	0.86023	-0.86023	0.87203	-0.87203	-0.88258	0.88258	-0.8989	0.8989	0.90613	-0.90613	0.90926	-0.90926	-0.91488	0.91488	-0.93083	0.93083	0.94193	-0.94193	-0.94636	0.94636	-0.95231	0.95231	0.97152	-0.97152	0.98642	-0.98642	-0.99244	0.99244	0.99452	-0.99452	1.0003	-1.0003	1.0114	-1.0114	-1.0167	1.0167	-1.0209	1.0209	1.028	-1.028	1.0389	-1.0389	1.0462	-1.0462	-1.0485	1.0485	1.0528	-1.0528	-1.0565	1.0565	1.0665	-1.0665	1.0793	-1.0793	1.0854	-1.0854	-1.0887	1.0887	-1.095	1.095	-1.0973	1.0973	1.1113	-1.1113	-1.1235	1.1235	-1.1317	1.1317	-1.1427	1.1427	-1.1572	1.1572	-1.1582	1.1582	-1.1624	1.1624	-1.1656	1.1656	1.1791	-1.1791	-1.1849	1.1849	1.1979	-1.1979	1.2113	-1.2113	-1.2178	1.2178	1.2244	-1.2244	1.2322	-1.2322	1.2345	-1.2345	-1.2422	1.2422	-1.251	1.251	1.2566	-1.2566	1.2626	-1.2626	-1.265	1.265	-1.2798	1.2798	1.2883	-1.2883	-1.2959	1.2959	1.3052	-1.3052	-1.3109	1.3109	1.3205	-1.3205	-1.3258	1.3258	1.3362	-1.3362	-1.3493	1.3493	1.3545	-1.3545	-1.3689	1.3689	1.3807	-1.3807	1.3859	-1.3859	1.3889	-1.3889	-1.3969	1.3969	-1.4085	1.4085	-1.4243	1.4243	1.4291	-1.4291	1.4356	-1.4356	-1.444	1.444	1.4508	-1.4508	1.4641	-1.4641	1.4704	-1.4704	-1.4805	1.4805	-1.4889	1.4889	1.4903	-1.4903	1.5014	-1.5014	-1.5108	1.5108	1.5139	-1.5139	1.5196	-1.5196	1.535	-1.535	-1.5388	1.5388	1.5429	-1.5429	1.5557	-1.5557	1.561	-1.561	1.5693	-1.5693	-1.5767	1.5767	1.5832	-1.5832	-1.593	1.593	-1.6027	1.6027	1.6137	-1.6137	1.6182	-1.6182	-1.6268	1.6268	-1.635	1.635	1.6414	-1.6414	-1.6453	1.6453	1.6502	-1.6502	-1.6619	1.6619	-1.6694	1.6694	-1.6739	1.6739	1.6816	-1.6816	1.684	-1.684	-1.6934	1.6934	1.6987	-1.6987	1.7024	-1.7024	-1.7051	1.7051	-1.7194	1.7194	-1.7226	1.7226	1.728	-1.728	1.7345	-1.7345	-1.737	1.737	1.7499	-1.7499	-1.7525	1.7525	1.7562	-1.7562	-1.7669	1.7669	1.7726	-1.7726	1.783	-1.783	1.7878	-1.7878	1.7931	-1.7931	-1.7977	1.7977	-1.804	1.804	-1.8102	1.8102	-1.8151	1.8151	-1.8267	1.8267	1.8404	-1.8404	-1.8418	1.8418	1.8503	-1.8503	1.8534	-1.8534	-1.8659	1.8659	-1.8737	1.8737	-1.8797	1.8797	-1.8858	1.8858	1.8953	-1.8953	1.902	-1.902	1.9129	-1.9129	-1.9202	1.9202	-1.93	1.93	-1.9384	1.9384	1.9515	-1.9515	1.9545	-1.9545	-1.9735	1.9735	-1.9755	1.9755	1.9895	-1.9895	1.9963	-1.9963	2.002	-2.002	2.0117	-2.0117	2.0166	-2.0166	-2.0235	2.0235	-2.029	2.029	-2.0424	2.0424	2.0515	-2.0515	-2.054	2.054	2.063	-2.063	2.0659	-2.0659	-2.0784	2.0784	-2.0844	2.0844	-2.0927	2.0927	-2.0996	2.0996	-2.1123	2.1123	2.1179	-2.1179	2.1313	-2.1313	
0.21053	-0.16	0.18273	-0.18273	-0.21586	0.21586	0.23212	-0.23212	-0.26745	0.26745	0.31278	-0.31278	0.33108	-0.33108	-0.34393	0.34393	-0.35195	0.35195	-0.4104	0.4104	-0.45732	0.45732	-0.47632	0.47632	0.48892	-0.48892	0.54183	-0.54183	-0.57956	0.57956	-0.58563	0.58563	0.60915	-0.60915	-0.6133	0.6133	-0.6225	0.6225	-0.6301	0.6301	0.64952	-0.64952	-0.66147	0.66147	0.6701	-0.6701	-0.68233	0.68233	-0.68704	0.68704	-0.70801	0.70801	-0.71649	0.71649	0.73365	-0.73365	0.76328	-0.76328	0.77598	-0.77598	0.78715	-0.78715	0.79298	-0.79298	-0.80928	0.80928	0.81266	-0.81266	0.82111	-0.82111	0.83176	-0.83176	-0.84748	0.84748	-0.85705	0.85705	0.86549	-0.86549	-0.87694	0.87694	-0.88487	0.88487	0.89758	-0.89758	0.90509	-0.90509	-0.91019	0.91019	0.91893	-0.91893	0.93302	-0.93302	-0.94212	0.94212	0.94743	-0.94743	0.95317	-0.95317	-0.97213	0.97213	-0.98684	0.98684	-0.99247	0.99247	0.99513	-0.99513	1.0014	-1.0014	-1.0125	1.0125	1.0174	-1.0174	1.0229	-1.0229	1.0286	-1.0286	1.0406	-1.0406	-1.0464	1.0464	1.0497	-1.0497	1.0541	-1.0541	1.0589	-1.0589	1.0695	-1.0695	1.0805	-1.0805	1.0858	-1.0858	-1.0901	1.0901	-1.0955	1.0955	1.0973	-1.0973	-1.1138	1.1138	-1.1243	1.1243	-1.1329	1.1329	1.1462	-1.1462	1.1591	-1.1591	1.1607	-1.1607	1.1654	-1.1654	-1.1682	1.1682	1.18	-1.18	-1.1863	1.1863	-1.2013	1.2013	1.2122	-1.2122	1.2189	-1.2189	-1.2261	1.2261	1.2329	-1.2329	-1.2346	1.2346	1.2433	-1.2433	-1.2517	1.2517	-1.2557	1.2557	-1.264	1.264	-1.2693	1.2693	-1.2804	1.2804	-1.2896	1.2896	1.2961	-1.2961	-1.3051	1.3051	1.3115	-1.3115	1.3218	-1.3218	-1.3265	1.3265	1.3366	-1.3366	1.3481	-1.3481	1.3541	-1.3541	-1.3683	1.3683	-1.3795	1.3795	1.3858	-1.3858	1.3885	-1.3885	1.3971	-1.3971	-1.4081	1.4081	1.4238	-1.4238	-1.4286	1.4286	-1.4352	1.4352	-1.4432	1.4432	-1.4503	1.4503	-1.4637	1.4637	-1.4698	1.4698	1.4803	-1.4803	1.4881	-1.4881	1.4896	-1.4896	-1.5022	1.5022	1.5098	-1.5098	1.5143	-1.5143	-1.5199	1.5199	1.5348	-1.5348	-1.5389	1.5389	1.5427	-1.5427	1.5551	-1.5551	-1.5627	1.5627	-1.5699	1.5699	-1.5768	1.5768	1.5844	-1.5844	-1.5941	1.5941	-1.6029	1.6029	1.6143	-1.6143	1.6186	-1.6186	-1.627	1.627	1.6345	-1.6345	1.6425	-1.6425	-1.6465	1.6465	1.6499	-1.6499	1.6624	-1.6624	-1.6702	1.6702	-1.6744	1.6744	1.6817	-1.6817	1.6854	-1.6854	-1.694	1.694	1.7004	-1.7004	-1.7037	1.7037	-1.7063	1.7063	-1.7211	1.7211	1.7245	-1.7245	1.7309	-1.7309	1.7372	-1.7372	1.7403	-1.7403	1.7509	-1.7509	1.7545	-1.7545	-1.7591	1.7591	-1.7684	1.7684	1.7747	-1.7747	-1.7855	1.7855	1.7908	-1.7908	-1.7965	1.7965	1.8025	-1.8025	1.8054	-1.8054	-1.8126	1.8126	1.821	-1.821	1.8288	-1.8288	1.841	-1.841	-1.8438	1.8438	-1.8538	1.8538	1.8552	-1.8552	-1.8677	1.8677	1.8752	-1.8752	-1.8809	1.8809	-1.8871	1.8871	1.8966	-1.8966	1.9035	-1.9035	-1.9131	1.9131	1.9217	-1.9217	-1.9301	1.9301	1.9392	-1.9392	1.952	-1.952	-1.9544	1.9544	-1.9721	1.9721	-1.9762	1.9762	1.989	-1.989	1.9965	-1.9965	2.0017	-2.0017	-2.0119	2.0119	2.0165	-2.0165	-2.0233	2.0233	2.0288	-2.0288	-2.0421	2.0421	-2.0515	2.0515	2.0536	-2.0536	-2.0627	2.0627	2.0661	-2.0661	2.0775	-2.0775	2.0835	-2.0835	-2.0923	2.0923	-2.0995	2.0995	2.1127	-2.1127	2.118	-2.118	-2.1312	2.1312	
0.21053	-0.14	0.19024	-0.19024	-0.22274	0.22274	0.24071	-0.24071	0.27353	-0.27353	-0.3199	0.3199	-0.34063	0.34063	-0.35312	0.35312	-0.36094	0.36094	-0.41706	0.41706	-0.45849	0.45849	0.47442	-0.47442	-0.48982	0.48982	-0.53999	0.53999	-0.5821	0.5821	0.58469	-0.58469	-0.61236	0.61236	0.61892	-0.61892	-0.63099	0.63099	0.63669	-0.63669	0.65665	-0.65665	0.66387	-0.66387	0.67541	-0.67541	0.68185	-0.68185	0.68865	-0.68865	-0.7087	0.7087	-0.72259	0.72259	0.73506	-0.73506	0.76208	-0.76208	0.77627	-0.77627	-0.78537	0.78537	0.79846	-0.79846	-0.80867	0.80867	0.81287	-0.81287	0.81963	-0.81963	0.83053	-0.83053	0.84764	-0.84764	0.8567	-0.8567	0.87083	-0.87083	0.88065	-0.88065	0.88919	-0.88919	0.89725	-0.89725	-0.90474	0.90474	-0.91071	0.91071	-0.92147	0.92147	0.93493	-0.93493	0.94288	-0.94288	-0.94904	0.94904	0.95482	-0.95482	0.97269	-0.97269	0.98713	-0.98713	0.9924	-0.9924	-0.99547	0.99547	1.0027	-1.0027	-1.0136	1.0136	-1.0179	1.0179	-1.0245	1.0245	-1.0292	1.0292	1.0412	-1.0412	1.0464	-1.0464	1.0504	-1.0504	1.0558	-1.0558	-1.0606	1.0606	1.0723	-1.0723	1.0817	-1.0817	-1.086	1.086	1.0912	-1.0912	-1.0958	1.0958	-1.0983	1.0983	1.1162	-1.1162	1.1251	-1.1251	1.1338	-1.1338	1.1493	-1.1493	1.1598	-1.1598	-1.162	1.162	1.1684	-1.1684	-1.1718	1.1718	-1.1809	1.1809	-1.188	1.188	1.2043	-1.2043	-1.2131	1.2131	-1.2195	1.2195	-1.2264	1.2264	1.2325	-1.2325	-1.2353	1.2353	1.2445	-1.2445	1.2525	-1.2525	-1.2546	1.2546	-1.2661	1.2661	-1.2732	1.2732	1.2813	-1.2813	1.2903	-1.2903	-1.2963	1.2963	1.3051	-1.3051	1.3123	-1.3123	1.3226	-1.3226	1.3281	-1.3281	-1.337	1.337	1.347	-1.347	-1.3536	1.3536	1.3675	-1.3675	-1.378	1.378	-1.3854	1.3854	1.3885	-1.3885	-1.3969	1.3969	1.408	-1.408	-1.423	1.423	-1.4283	1.4283	1.4351	-1.4351	1.4424	-1.4424	-1.45	1.45	-1.4632	1.4632	-1.4691	1.4691	1.4801	-1.4801	-1.4871	1.4871	1.489	-1.489	1.503	-1.503	1.5087	-1.5087	1.5147	-1.5147	1.5203	-1.5203	1.5345	-1.5345	1.5389	-1.5389	1.5425	-1.5425	-1.5546	1.5546	1.564	-1.564	-1.5706	1.5706	1.5768	-1.5768	1.5854	-1.5854	-1.5947	1.5947	-1.6032	1.6032	-1.6146	1.6146	1.619	-1.619	-1.6271	1.6271	1.6339	-1.6339	1.643	-1.643	1.6478	-1.6478	-1.6495	1.6495	1.6625	-1.6625	-1.6708	1.6708	-1.6746	1.6746	-1.6819	1.6819	1.6864	-1.6864	1.6941	-1.6941	1.7015	-1.7015	-1.7041	1.7041	-1.708	1.708	1.7224	-1.7224	1.7258	-1.7258	-1.7331	1.7331	1.7394	-1.7394	-1.7441	1.7441	-1.7518	1.7518	1.7563	-1.7563	1.7616	-1.7616	1.7695	-1.7695	1.7763	-1.7763	1.788	-1.788	1.7934	-1.7934	-1.7993	1.7993	1.8066	-1.8066	1.8073	-1.8073	1.8148	-1.8148	-1.8259	1.8259	1.8319	-1.8319	-1.841	1.841	1.8462	-1.8462	-1.8563	1.8563	-1.8579	1.8579	-1.8696	1.8696	-1.8771	1.8771	1.8822	-1.8822	1.8888	-1.8888	1.8979	-1.8979	-1.905	1.905	1.9133	-1.9133	1.9227	-1.9227	1.9309	-1.9309	1.9401	-1.9401	-1.9523	1.9523	-1.9543	1.9543	-1.9708	1.9708	1.9768	-1.9768	1.9881	-1.9881	1.9968	-1.9968	2.0016	-2.0016	-2.0118	2.0118	-2.0165	2.0165	2.0232	-2.0232	-2.0286	2.0286	2.0417	-2.0417	2.0514	-2.0514	-2.0534	2.0534	-2.0623	2.0623	2.0663	-2.0663	2.0767	-2.0767	2.0827	-2.0827	-2.0918	2.0918	-2.0994	2.0994	2.1132	-2.1132	2.1181	-2.1181	2.1312	-2.1312	
0.21053	-0.12	-0.19677	0.19677	-0.22861	0.22861	0.2482	-0.2482	0.2785	-0.2785	-0.32571	0.32571	-0.34852	0.34852	-0.36072	0.36072	-0.37023	0.37023	0.42107	-0.42107	0.45399	-0.45399	0.47523	-0.47523	0.49405	-0.49405	-0.53825	0.53825	0.58262	-0.58262	0.58488	-0.58488	0.61423	-0.61423	-0.623	0.623	-0.63872	0.63872	-0.64352	0.64352	-0.66137	0.66137	-0.66562	0.66562	0.67844	-0.67844	0.68366	-0.68366	-0.69154	0.69154	-0.70891	0.70891	0.72733	-0.72733	0.73765	-0.73765	0.76063	-0.76063	0.77652	-0.77652	-0.78274	0.78274	-0.80266	0.80266	0.8084	-0.8084	-0.81354	0.81354	0.81897	-0.81897	-0.82911	0.82911	-0.84742	0.84742	0.85567	-0.85567	-0.87227	0.87227	0.88561	-0.88561	-0.8895	0.8895	0.89922	-0.89922	0.90702	-0.90702	0.91183	-0.91183	0.92276	-0.92276	-0.93578	0.93578	0.94375	-0.94375	-0.95055	0.95055	-0.95816	0.95816	0.97321	-0.97321	-0.98733	0.98733	0.99224	-0.99224	-0.99566	0.99566	-1.0041	1.0041	1.0144	-1.0144	-1.0186	1.0186	1.0254	-1.0254	1.0301	-1.0301	1.0412	-1.0412	-1.0463	1.0463	-1.0507	1.0507	1.0576	-1.0576	1.0617	-1.0617	-1.0743	1.0743	-1.0827	1.0827	1.0861	-1.0861	1.0917	-1.0917	-1.0966	1.0966	1.1	-1.1	-1.1185	1.1185	-1.1259	1.1259	1.1344	-1.1344	-1.1514	1.1514	-1.16	1.16	1.1628	-1.1628	-1.1715	1.1715	-1.1747	1.1747	-1.1821	1.1821	1.1901	-1.1901	-1.2068	1.2068	1.2139	-1.2139	1.2199	-1.2199	1.2249	-1.2249	-1.2329	1.2329	1.2363	-1.2363	-1.2449	1.2449	1.2534	-1.2534	1.254	-1.254	1.2683	-1.2683	1.2765	-1.2765	1.2825	-1.2825	1.2905	-1.2905	1.2965	-1.2965	1.3053	-1.3053	-1.3131	1.3131	1.3231	-1.3231	1.3302	-1.3302	-1.3372	1.3372	1.3459	-1.3459	-1.3531	1.3531	-1.3664	1.3664	1.3764	-1.3764	1.3848	-1.3848	-1.389	1.389	1.3964	-1.3964	-1.4081	1.4081	1.4218	-1.4218	1.4282	-1.4282	-1.4352	1.4352	-1.4416	1.4416	1.4497	-1.4497	1.4624	-1.4624	-1.4684	1.4684	1.4798	-1.4798	-1.4859	1.4859	1.4883	-1.4883	1.5036	-1.5036	-1.5077	1.5077	1.5151	-1.5151	-1.5207	1.5207	1.5339	-1.5339	-1.5387	1.5387	-1.5423	1.5423	-1.5542	1.5542	1.5649	-1.5649	1.5714	-1.5714	-1.5768	1.5768	-1.5863	1.5863	-1.5949	1.5949	1.6036	-1.6036	-1.6146	1.6146	1.6192	-1.6192	1.6271	-1.6271	1.6334	-1.6334	1.6434	-1.6434	1.6482	-1.6482	1.6495	-1.6495	1.6625	-1.6625	-1.671	1.671	1.6748	-1.6748	-1.6821	1.6821	-1.687	1.687	-1.6941	1.6941	1.7021	-1.7021	-1.7041	1.7041	1.7096	-1.7096	1.7234	-1.7234	1.7268	-1.7268	-1.7347	1.7347	-1.741	1.741	-1.7475	1.7475	1.7525	-1.7525	1.7579	-1.7579	1.7637	-1.7637	-1.7705	1.7705	-1.7771	1.7771	-1.7906	1.7906	1.7956	-1.7956	-1.8013	1.8013	-1.8088	1.8088	-1.8104	1.8104	1.8174	-1.8174	1.8291	-1.8291	1.836	-1.836	-1.841	1.841	-1.8487	1.8487	1.858	-1.858	-1.8611	1.8611	-1.8715	1.8715	-1.8792	1.8792	-1.8836	1.8836	1.8909	-1.8909	1.8993	-1.8993	-1.9066	1.9066	-1.9133	1.9133	-1.9232	1.9232	-1.9326	1.9326	-1.9411	1.9411	-1.9525	1.9525	-1.9545	1.9545	1.9695	-1.9695	1.9773	-1.9773	-1.9871	1.9871	1.997	-1.997	-2.0016	2.0016	2.0117	-2.0117	-2.0166	2.0166	2.0233	-2.0233	-2.0285	2.0285	2.0414	-2.0414	-2.0512	2.0512	-2.0533	2.0533	2.0619	-2.0619	2.0665	-2.0665	-2.0759	2.0759	-2.0822	2.0822	-2.0913	2.0913	-2.0993	2.0993	2.1138	-2.1138	-2.1184	2.1184	2.1312	-2.1312	
0.21053	-0.1	0.2023	-0.2023	-0.23345	0.23345	0.25452	-0.25452	0.28235	-0.28235	-0.33024	0.33024	0.3547	-0.3547	-0.36654	0.36654	-0.37982	0.37982	0.42222	-0.42222	-0.44736	0.44736	-0.47666	0.47666	0.50049	-0.50049	0.53672	-0.53672	-0.58175	0.58175	-0.58617	0.58617	-0.61519	0.61519	0.62577	-0.62577	0.64478	-0.64478	-0.64969	0.64969	0.66187	-0.66187	0.66877	-0.66877	0.68027	-0.68027	-0.68615	0.68615	-0.69673	0.69673	0.70879	-0.70879	-0.73014	0.73014	0.74148	-0.74148	0.75909	-0.75909	-0.77654	0.77654	-0.78053	0.78053	-0.80352	0.80352	-0.80865	0.80865	0.81431	-0.81431	-0.81995	0.81995	0.82805	-0.82805	-0.84719	0.84719	0.85435	-0.85435	0.87194	-0.87194	0.88685	-0.88685	-0.89017	0.89017	-0.90035	0.90035	0.90964	-0.90964	-0.91626	0.91626	-0.92365	0.92365	0.93611	-0.93611	-0.94436	0.94436	-0.95138	0.95138	0.96281	-0.96281	-0.97371	0.97371	0.98745	-0.98745	0.99199	-0.99199	0.99583	-0.99583	1.0056	-1.0056	-1.0149	1.0149	1.0197	-1.0197	1.0256	-1.0256	-1.0313	1.0313	-1.0408	1.0408	-1.0463	1.0463	1.0509	-1.0509	1.0592	-1.0592	1.0626	-1.0626	-1.0755	1.0755	1.0833	-1.0833	1.0864	-1.0864	1.0916	-1.0916	-1.098	1.098	1.1021	-1.1021	-1.1207	1.1207	1.1267	-1.1267	1.1349	-1.1349	1.1525	-1.1525	1.1596	-1.1596	-1.164	1.164	1.1744	-1.1744	1.1766	-1.1766	1.1837	-1.1837	1.1924	-1.1924	-1.2087	1.2087	1.2146	-1.2146	-1.2203	1.2203	1.223	-1.223	-1.2333	1.2333	1.2376	-1.2376	1.2446	-1.2446	1.2532	-1.2532	-1.255	1.255	-1.2703	1.2703	1.2789	-1.2789	-1.2838	1.2838	-1.2904	1.2904	1.2968	-1.2968	1.3056	-1.3056	1.3137	-1.3137	1.3236	-1.3236	-1.3326	1.3326	-1.337	1.337	-1.3451	1.3451	1.3527	-1.3527	1.3652	-1.3652	-1.375	1.375	1.3841	-1.3841	1.3897	-1.3897	1.3957	-1.3957	-1.4082	1.4082	1.4203	-1.4203	1.428	-1.428	1.4353	-1.4353	-1.4411	1.4411	-1.4495	1.4495	1.4616	-1.4616	-1.4676	1.4676	1.4794	-1.4794	-1.4847	1.4847	-1.4876	1.4876	-1.5042	1.5042	-1.5067	1.5067	-1.5153	1.5153	-1.5211	1.5211	-1.5331	1.5331	1.5382	-1.5382	1.5422	-1.5422	-1.5538	1.5538	-1.5654	1.5654	1.5722	-1.5722	1.5768	-1.5768	-1.587	1.587	-1.5947	1.5947	-1.6041	1.6041	-1.6144	1.6144	1.6193	-1.6193	1.6267	-1.6267	1.6332	-1.6332	-1.6437	1.6437	1.6476	-1.6476	1.6502	-1.6502	1.6624	-1.6624	1.6705	-1.6705	-1.675	1.675	1.6825	-1.6825	-1.6873	1.6873	-1.694	1.694	1.702	-1.702	1.704	-1.704	1.7108	-1.7108	-1.7239	1.7239	1.7278	-1.7278	-1.7361	1.7361	1.7422	-1.7422	1.7503	-1.7503	-1.7532	1.7532	-1.7594	1.7594	-1.7654	1.7654	1.7712	-1.7712	1.7776	-1.7776	1.7929	-1.7929	1.7973	-1.7973	-1.8029	1.8029	1.8107	-1.8107	1.813	-1.813	-1.8201	1.8201	1.8314	-1.8314	-1.8396	1.8396	-1.8412	1.8412	-1.8512	1.8512	-1.8596	1.8596	-1.8642	1.8642	1.8731	-1.8731	-1.8815	1.8815	-1.8852	1.8852	1.8933	-1.8933	-1.9009	1.9009	1.9082	-1.9082	-1.9131	1.9131	1.9234	-1.9234	-1.9347	1.9347	1.9421	-1.9421	1.9525	-1.9525	-1.9551	1.9551	1.9683	-1.9683	1.9778	-1.9778	1.9858	-1.9858	-1.9972	1.9972	-2.0019	2.0019	2.0115	-2.0115	2.0166	-2.0166	2.0237	-2.0237	2.0283	-2.0283	2.041	-2.041	2.0509	-2.0509	-2.0534	2.0534	2.0616	-2.0616	2.0667	-2.0667	2.0753	-2.0753	-2.0817	2.0817	-2.0909	2.0909	-2.0992	2.0992	-2.1144	2.1144	2.1189	-2.1189	2.1313	-2.1313	
0.21053	-0.08	-0.20681	0.20681	0.23726	-0.23726	-0.25964	0.25964	-0.28506	0.28506	-0.33346	0.33346	-0.35924	0.35924	0.37077	-0.37077	-0.38902	0.38902	-0.4208	0.4208	0.44019	-0.44019	-0.47847	0.47847	0.50775	-0.50775	0.53546	-0.53546	-0.58093	0.58093	-0.58745	0.58745	0.61557	-0.61557	0.62728	-0.62728	-0.64763	0.64763	0.65358	-0.65358	-0.66333	0.66333	0.67032	-0.67032	-0.68445	0.68445	-0.6878	0.6878	-0.70139	0.70139	0.7095	-0.7095	0.73181	-0.73181	-0.74556	0.74556	-0.75759	0.75759	-0.77562	0.77562	0.77961	-0.77961	-0.80239	0.80239	-0.80846	0.80846	0.81478	-0.81478	0.82164	-0.82164	-0.82806	0.82806	-0.84706	0.84706	0.85301	-0.85301	0.87111	-0.87111	-0.88431	0.88431	-0.89152	0.89152	0.90177	-0.90177	-0.91065	0.91065	0.92144	-0.92144	0.92564	-0.92564	-0.93658	0.93658	-0.94483	0.94483	-0.95183	0.95183	0.96733	-0.96733	-0.97434	0.97434	-0.98751	0.98751	-0.99166	0.99166	-0.9961	0.9961	1.0069	-1.0069	-1.0151	1.0151	-1.0209	1.0209	-1.0254	1.0254	-1.0326	1.0326	1.0403	-1.0403	-1.0464	1.0464	1.051	-1.051	1.0603	-1.0603	1.0634	-1.0634	1.0761	-1.0761	1.0834	-1.0834	1.0867	-1.0867	-1.0912	1.0912	-1.0995	1.0995	-1.1043	1.1043	-1.1223	1.1223	-1.128	1.128	-1.1351	1.1351	-1.1527	1.1527	-1.1588	1.1588	-1.1652	1.1652	-1.1762	1.1762	1.1782	-1.1782	-1.1858	1.1858	1.1947	-1.1947	1.2098	-1.2098	1.2144	-1.2144	1.2198	-1.2198	-1.2232	1.2232	1.2333	-1.2333	1.2391	-1.2391	-1.2439	1.2439	-1.2531	1.2531	-1.2564	1.2564	1.2717	-1.2717	-1.2807	1.2807	1.2847	-1.2847	1.2905	-1.2905	1.2973	-1.2973	-1.3062	1.3062	1.3139	-1.3139	1.324	-1.324	-1.3347	1.3347	1.3364	-1.3364	1.3446	-1.3446	-1.3523	1.3523	-1.364	1.364	1.3739	-1.3739	-1.3833	1.3833	-1.3902	1.3902	1.3949	-1.3949	-1.4081	1.4081	-1.4188	1.4188	1.4278	-1.4278	-1.4353	1.4353	-1.4412	1.4412	-1.4493	1.4493	-1.4608	1.4608	1.4667	-1.4667	1.479	-1.479	-1.4836	1.4836	-1.487	1.487	1.5045	-1.5045	1.5059	-1.5059	1.5153	-1.5153	1.5215	-1.5215	1.5322	-1.5322	-1.5373	1.5373	-1.5422	1.5422	-1.5536	1.5536	1.5655	-1.5655	1.5729	-1.5729	1.577	-1.577	-1.5874	1.5874	1.5942	-1.5942	-1.6046	1.6046	1.614	-1.614	-1.6193	1.6193	1.6262	-1.6262	-1.6333	1.6333	-1.6437	1.6437	-1.6468	1.6468	-1.6507	1.6507	-1.6623	1.6623	-1.6697	1.6697	1.6753	-1.6753	1.6829	-1.6829	-1.6874	1.6874	1.6938	-1.6938	1.7015	-1.7015	-1.7041	1.7041	1.7117	-1.7117	-1.7241	1.7241	-1.7287	1.7287	-1.7373	1.7373	-1.743	1.743	-1.7521	1.7521	-1.754	1.754	-1.7607	1.7607	1.7669	-1.7669	1.7719	-1.7719	1.7778	-1.7778	1.7948	-1.7948	-1.7986	1.7986	-1.8041	1.8041	-1.8124	1.8124	-1.8153	1.8153	-1.8226	1.8226	1.8332	-1.8332	-1.8405	1.8405	1.8435	-1.8435	1.8534	-1.8534	1.8611	-1.8611	1.8671	-1.8671	1.8744	-1.8744	1.8831	-1.8831	1.8877	-1.8877	1.8957	-1.8957	-1.9029	1.9029	-1.91	1.91	1.9129	-1.9129	-1.9235	1.9235	1.937	-1.937	-1.9433	1.9433	1.9523	-1.9523	1.9559	-1.9559	-1.9673	1.9673	1.9783	-1.9783	-1.9844	1.9844	1.9971	-1.9971	-2.0025	2.0025	-2.0113	2.0113	-2.0165	2.0165	2.0242	-2.0242	-2.0283	2.0283	-2.0407	2.0407	2.0505	-2.0505	2.0534	-2.0534	2.0614	-2.0614	-2.0669	2.0669	2.0748	-2.0748	-2.0815	2.0815	2.0905	-2.0905	-2.0992	2.0992	-2.1149	2.1149	2.1197	-2.1197	-2.1314	2.1314	
0.21053	-0.06	0.2103	-0.2103	-0.24002	0.24002	-0.26352	0.26352	-0.28663	0.28663	-0.33539	0.33539	0.36216	-0.36216	-0.37357	0.37357	0.39673	-0.39673	0.41745	-0.41745	-0.43354	0.43354	0.4804	-0.4804	0.51516	-0.51516	0.53456	-0.53456	-0.58035	0.58035	0.58872	-0.58872	0.61552	-0.61552	-0.62743	0.62743	0.64611	-0.64611	0.65476	-0.65476	-0.6672	0.6672	0.67247	-0.67247	0.68739	-0.68739	-0.69098	0.69098	-0.7022	0.7022	-0.71322	0.71322	-0.73303	0.73303	0.74906	-0.74906	-0.75627	0.75627	0.77386	-0.77386	-0.77988	0.77988	0.80063	-0.80063	0.80766	-0.80766	-0.81509	0.81509	0.82231	-0.82231	-0.82942	0.82942	-0.84671	0.84671	0.8522	-0.8522	0.87008	-0.87008	-0.88163	0.88163	0.89108	-0.89108	-0.90304	0.90304	0.91155	-0.91155	0.92297	-0.92297	0.93009	-0.93009	-0.93772	0.93772	0.94536	-0.94536	-0.95209	0.95209	-0.97046	0.97046	-0.97563	0.97563	-0.98741	0.98741	-0.99132	0.99132	-0.99656	0.99656	-1.0081	1.0081	1.0151	-1.0151	-1.0221	1.0221	1.0253	-1.0253	1.0338	-1.0338	-1.0397	1.0397	-1.0468	1.0468	1.0511	-1.0511	-1.0609	1.0609	-1.0643	1.0643	1.0763	-1.0763	-1.0832	1.0832	-1.0871	1.0871	1.0908	-1.0908	-1.1006	1.1006	-1.1064	1.1064	1.1229	-1.1229	1.1301	-1.1301	1.1351	-1.1351	-1.1524	1.1524	-1.1577	1.1577	-1.1662	1.1662	1.1768	-1.1768	1.1799	-1.1799	-1.1882	1.1882	-1.1968	1.1968	-1.2103	1.2103	-1.2135	1.2135	1.2191	-1.2191	-1.225	1.225	-1.2331	1.2331	1.24	-1.24	1.2435	-1.2435	1.2533	-1.2533	1.2578	-1.2578	1.2725	-1.2725	-1.2817	1.2817	-1.2851	1.2851	1.2908	-1.2908	1.298	-1.298	-1.3069	1.3069	1.3137	-1.3137	-1.3243	1.3243	1.3343	-1.3343	-1.3376	1.3376	-1.3445	1.3445	1.352	-1.352	-1.3629	1.3629	-1.373	1.373	-1.3825	1.3825	1.3904	-1.3904	1.3944	-1.3944	-1.4079	1.4079	-1.4173	1.4173	-1.4274	1.4274	1.4351	-1.4351	1.4417	-1.4417	-1.449	1.449	-1.46	1.46	-1.4657	1.4657	1.4784	-1.4784	1.4826	-1.4826	-1.4863	1.4863	1.5042	-1.5042	-1.5056	1.5056	1.5152	-1.5152	1.5219	-1.5219	-1.5313	1.5313	1.5364	-1.5364	-1.5421	1.5421	1.5533	-1.5533	1.5655	-1.5655	1.5734	-1.5734	-1.5771	1.5771	1.5876	-1.5876	-1.5935	1.5935	1.605	-1.605	-1.6134	1.6134	1.6192	-1.6192	-1.6255	1.6255	-1.6335	1.6335	-1.6434	1.6434	-1.6463	1.6463	1.651	-1.651	-1.6623	1.6623	1.6687	-1.6687	1.6754	-1.6754	1.6832	-1.6832	1.6873	-1.6873	1.6937	-1.6937	-1.7006	1.7006	-1.7041	1.7041	-1.7122	1.7122	1.7241	-1.7241	-1.7293	1.7293	-1.7383	1.7383	-1.7435	1.7435	-1.7528	1.7528	1.7552	-1.7552	-1.7617	1.7617	1.768	-1.768	-1.7724	1.7724	-1.778	1.778	-1.7962	1.7962	1.7996	-1.7996	-1.8049	1.8049	-1.8138	1.8138	1.8171	-1.8171	1.8247	-1.8247	-1.8345	1.8345	-1.8407	1.8407	1.846	-1.846	1.8552	-1.8552	-1.8625	1.8625	1.8698	-1.8698	1.8753	-1.8753	-1.8841	1.8841	-1.8906	1.8906	1.8978	-1.8978	-1.905	1.905	-1.9112	1.9112	1.9136	-1.9136	-1.9236	1.9236	-1.939	1.939	1.9446	-1.9446	1.952	-1.952	1.9571	-1.9571	1.9665	-1.9665	1.9787	-1.9787	1.9831	-1.9831	-1.9971	1.9971	2.0032	-2.0032	-2.0112	2.0112	-2.0164	2.0164	-2.0247	2.0247	-2.0285	2.0285	2.0406	-2.0406	-2.0502	2.0502	-2.0534	2.0534	2.0613	-2.0613	2.0671	-2.0671	2.0745	-2.0745	-2.0814	2.0814	-2.0902	2.0902	2.0991	-2.0991	-2.1152	2.1152	2.1207	-2.1207	-2.1316	2.1316	
0.21053	-0.04	0.21276	-0.21276	0.24174	-0.24174	0.26612	-0.26612	0.28706	-0.28706	0.33603	-0.33603	0.3635	-0.3635	-0.37497	0.37497	0.40058	-0.40058	-0.41271	0.41271	-0.42977	0.42977	0.48204	-0.48204	-0.5223	0.5223	0.53416	-0.53416	-0.58002	0.58002	-0.59001	0.59001	0.61503	-0.61503	0.62602	-0.62602	0.64218	-0.64218	-0.65423	0.65423	-0.6711	0.6711	-0.67578	0.67578	-0.68872	0.68872	0.6948	-0.6948	-0.7013	0.7013	0.71789	-0.71789	0.73417	-0.73417	-0.7515	0.7515	0.75543	-0.75543	0.772	-0.772	-0.78046	0.78046	-0.79874	0.79874	0.80652	-0.80652	0.81524	-0.81524	-0.82227	0.82227	0.83101	-0.83101	-0.84562	0.84562	0.8526	-0.8526	-0.86893	0.86893	0.87905	-0.87905	-0.8899	0.8899	-0.90348	0.90348	-0.91235	0.91235	-0.9234	0.9234	-0.93323	0.93323	0.93975	-0.93975	0.9463	-0.9463	-0.95229	0.95229	-0.97166	0.97166	0.9778	-0.9778	0.98703	-0.98703	0.99107	-0.99107	-0.99722	0.99722	-1.0092	1.0092	-1.0149	1.0149	1.0222	-1.0222	-1.0259	1.0259	1.0348	-1.0348	-1.0391	1.0391	-1.0472	1.0472	-1.0513	1.0513	1.0611	-1.0611	-1.0653	1.0653	1.0762	-1.0762	1.083	-1.083	1.0874	-1.0874	-1.0906	1.0906	-1.1012	1.1012	-1.1083	1.1083	-1.1225	1.1225	1.1324	-1.1324	-1.1349	1.1349	1.1519	-1.1519	-1.1565	1.1565	1.1669	-1.1669	1.1767	-1.1767	-1.1811	1.1811	-1.1909	1.1909	-1.1988	1.1988	1.2099	-1.2099	1.2126	-1.2126	1.2185	-1.2185	1.2273	-1.2273	-1.2328	1.2328	-1.2398	1.2398	-1.244	1.244	1.2538	-1.2538	-1.2592	1.2592	-1.2728	1.2728	-1.2815	1.2815	-1.2858	1.2858	-1.291	1.291	1.299	-1.299	1.3077	-1.3077	-1.3132	1.3132	-1.3237	1.3237	1.3331	-1.3331	1.339	-1.339	-1.3446	1.3446	-1.3519	1.3519	-1.362	1.362	1.3723	-1.3723	-1.3818	1.3818	-1.3901	1.3901	-1.3942	1.3942	1.4073	-1.4073	-1.416	1.416	-1.4267	1.4267	-1.4348	1.4348	-1.4427	1.4427	1.4486	-1.4486	-1.4592	1.4592	-1.4647	1.4647	1.4778	-1.4778	-1.4818	1.4818	-1.4857	1.4857	-1.5035	1.5035	-1.5059	1.5059	1.5149	-1.5149	1.5223	-1.5223	1.5303	-1.5303	-1.5353	1.5353	1.5421	-1.5421	-1.5531	1.5531	1.5654	-1.5654	-1.5736	1.5736	-1.5772	1.5772	-1.5874	1.5874	1.5927	-1.5927	1.6052	-1.6052	1.6126	-1.6126	-1.6191	1.6191	1.6248	-1.6248	-1.6338	1.6338	1.6426	-1.6426	1.6461	-1.6461	-1.651	1.651	1.6623	-1.6623	1.6677	-1.6677	-1.6755	1.6755	-1.6833	1.6833	-1.6871	1.6871	-1.6935	1.6935	-1.6997	1.6997	1.704	-1.704	-1.7123	1.7123	-1.7239	1.7239	-1.7298	1.7298	-1.739	1.739	1.7437	-1.7437	-1.753	1.753	1.7562	-1.7562	-1.7623	1.7623	1.7688	-1.7688	-1.7729	1.7729	-1.778	1.778	-1.797	1.797	-1.8004	1.8004	-1.8054	1.8054	1.8148	-1.8148	1.8187	-1.8187	-1.8265	1.8265	1.835	-1.835	-1.8413	1.8413	1.8479	-1.8479	1.8564	-1.8564	1.8636	-1.8636	-1.8721	1.8721	-1.8761	1.8761	1.8846	-1.8846	1.8931	-1.8931	-1.8999	1.8999	1.9065	-1.9065	-1.9114	1.9114	1.9161	-1.9161	1.9237	-1.9237	1.9407	-1.9407	1.9459	-1.9459	-1.9517	1.9517	1.9584	-1.9584	1.9659	-1.9659	-1.9789	1.9789	-1.982	1.982	1.997	-1.997	-2.0039	2.0039	-2.0112	2.0112	-2.0162	2.0162	2.0251	-2.0251	2.029	-2.029	-2.0405	2.0405	-2.0499	2.0499	-2.0534	2.0534	-2.0612	2.0612	-2.0672	2.0672	2.0744	-2.0744	2.0814	-2.0814	-2.09	2.09	2.0992	-2.0992	2.1153	-2.1153	-2.1219	2.1219	2.1319	-2.1319	
0.21053	-0.02	-0.21418	0.21418	-0.24239	0.24239	0.26741	-0.26741	0.28637	-0.28637	-0.33538	0.33538	0.3633	-0.3633	-0.37498	0.37498	0.39843	-0.39843	0.40608	-0.40608	-0.43194	0.43194	0.48306	-0.48306	-0.52841	0.52841	0.53489	-0.53489	-0.57989	0.57989	-0.59132	0.59132	0.61395	-0.61395	0.62273	-0.62273	-0.63799	0.63799	0.65242	-0.65242	-0.67386	0.67386	-0.67943	0.67943	-0.68963	0.68963	0.69671	-0.69671	-0.70148	0.70148	-0.72166	0.72166	0.73542	-0.73542	-0.75231	0.75231	0.75569	-0.75569	-0.77023	0.77023	-0.78097	0.78097	0.79705	-0.79705	-0.8052	0.8052	0.81525	-0.81525	-0.822	0.822	-0.83192	0.83192	0.84419	-0.84419	-0.85386	0.85386	0.86773	-0.86773	0.87663	-0.87663	0.8885	-0.8885	0.90326	-0.90326	-0.91282	0.91282	0.92353	-0.92353	0.9347	-0.9347	-0.94145	0.94145	0.94792	-0.94792	0.95252	-0.95252	-0.97199	0.97199	-0.97972	0.97972	-0.98629	0.98629	0.99097	-0.99097	0.99797	-0.99797	-1.01	1.01	1.0147	-1.0147	1.0214	-1.0214	1.0272	-1.0272	1.0355	-1.0355	-1.0388	1.0388	-1.0479	1.0479	-1.0518	1.0518	-1.0612	1.0612	1.0663	-1.0663	-1.0759	1.0759	-1.0828	1.0828	-1.0877	1.0877	-1.0906	1.0906	-1.1013	1.1013	1.11	-1.11	1.1215	-1.1215	-1.1331	1.1331	-1.1357	1.1357	-1.1514	1.1514	-1.1554	1.1554	-1.1673	1.1673	1.1764	-1.1764	-1.1818	1.1818	-1.1935	1.1935	1.2005	-1.2005	-1.2088	1.2088	-1.2124	1.2124	-1.2181	1.2181	-1.2291	1.2291	-1.2325	1.2325	1.2391	-1.2391	-1.2449	1.2449	-1.2546	1.2546	1.2604	-1.2604	1.2726	-1.2726	-1.2805	1.2805	-1.2868	1.2868	-1.2912	1.2912	-1.2999	1.2999	-1.3086	1.3086	-1.3124	1.3124	1.3219	-1.3219	-1.3325	1.3325	-1.3396	1.3396	1.3451	-1.3451	1.352	-1.352	-1.3615	1.3615	1.3718	-1.3718	1.3811	-1.3811	1.3894	-1.3894	1.3944	-1.3944	-1.4063	1.4063	1.4148	-1.4148	1.4257	-1.4257	-1.4346	1.4346	1.4437	-1.4437	-1.4481	1.4481	-1.4585	1.4585	-1.4637	1.4637	-1.4771	1.4771	1.4811	-1.4811	1.4852	-1.4852	-1.5028	1.5028	1.5062	-1.5062	-1.5143	1.5143	-1.5226	1.5226	-1.5293	1.5293	1.5341	-1.5341	-1.5419	1.5419	-1.5528	1.5528	1.5651	-1.5651	1.5736	-1.5736	-1.5773	1.5773	1.5869	-1.5869	-1.5919	1.5919	-1.6053	1.6053	1.6117	-1.6117	-1.6188	1.6188	-1.624	1.624	-1.6341	1.6341	1.6415	-1.6415	1.6459	-1.6459	1.6508	-1.6508	1.6623	-1.6623	-1.6669	1.6669	1.6754	-1.6754	-1.6831	1.6831	1.687	-1.687	1.6934	-1.6934	-1.6987	1.6987	1.704	-1.704	1.7122	-1.7122	1.7236	-1.7236	-1.7301	1.7301	-1.7394	1.7394	-1.7438	1.7438	-1.753	1.753	1.7567	-1.7567	1.7626	-1.7626	-1.7692	1.7692	1.7735	-1.7735	-1.7779	1.7779	-1.7973	1.7973	-1.8011	1.8011	-1.8056	1.8056	1.8156	-1.8156	-1.8199	1.8199	1.8279	-1.8279	-1.8346	1.8346	-1.8422	1.8422	-1.8493	1.8493	-1.8572	1.8572	1.8645	-1.8645	-1.8737	1.8737	1.877	-1.877	1.885	-1.885	1.8948	-1.8948	1.9021	-1.9021	-1.9072	1.9072	-1.9118	1.9118	1.9191	-1.9191	-1.924	1.924	1.9421	-1.9421	-1.9471	1.9471	-1.9515	1.9515	1.9599	-1.9599	1.9656	-1.9656	1.9785	-1.9785	1.9817	-1.9817	1.997	-1.997	2.0045	-2.0045	2.0114	-2.0114	2.016	-2.016	2.0253	-2.0253	-2.0298	2.0298	2.0406	-2.0406	-2.0496	2.0496	-2.0534	2.0534	-2.0611	2.0611	-2.0674	2.0674	2.0745	-2.0745	2.0814	-2.0814	-2.0898	2.0898	-2.0992	2.0992	-2.1152	2.1152	-2.1233	2.1233	-2.1322	2.1322	
0.21053	-6.7145e-16	0.21455	-0.21455	0.242	-0.242	-0.26739	0.26739	0.28457	-0.28457	0.33348	-0.33348	0.36157	-0.36157	-0.37351	0.37351	0.39247	-0.39247	0.39761	-0.39761	-0.43817	0.43817	-0.48322	0.48322	-0.53147	0.53147	-0.53863	0.53863	0.5798	-0.5798	-0.59262	0.59262	0.61204	-0.61204	-0.61755	0.61755	-0.63461	0.63461	0.64962	-0.64962	0.67558	-0.67558	0.68235	-0.68235	0.6901	-0.6901	-0.69715	0.69715	0.70272	-0.70272	-0.72399	0.72399	-0.73679	0.73679	0.75195	-0.75195	-0.75673	0.75673	0.76853	-0.76853	-0.78123	0.78123	-0.79576	0.79576	0.80376	-0.80376	0.81522	-0.81522	-0.82147	0.82147	0.83183	-0.83183	0.84319	-0.84319	-0.85526	0.85526	-0.86658	0.86658	-0.87429	0.87429	0.88707	-0.88707	0.90271	-0.90271	0.9129	-0.9129	0.92341	-0.92341	0.93519	-0.93519	0.94222	-0.94222	0.94954	-0.94954	0.95297	-0.95297	0.97219	-0.97219	0.98064	-0.98064	0.98525	-0.98525	-0.99097	0.99097	-0.9986	0.9986	-1.0106	1.0106	-1.0144	1.0144	-1.0203	1.0203	1.0284	-1.0284	1.0359	-1.0359	1.0386	-1.0386	1.0485	-1.0485	-1.0524	1.0524	1.0613	-1.0613	-1.0673	1.0673	1.0754	-1.0754	-1.0826	1.0826	1.0879	-1.0879	1.091	-1.091	-1.1007	1.1007	-1.1115	1.1115	-1.1201	1.1201	-1.1322	1.1322	1.137	-1.137	-1.1509	1.1509	1.1549	-1.1549	-1.1675	1.1675	1.1758	-1.1758	-1.1822	1.1822	1.1957	-1.1957	-1.2018	1.2018	1.2074	-1.2074	1.2124	-1.2124	1.2176	-1.2176	-1.2297	1.2297	1.233	-1.233	1.2384	-1.2384	-1.2455	1.2455	1.2555	-1.2555	1.2616	-1.2616	1.272	-1.272	-1.2794	1.2794	1.2876	-1.2876	-1.2914	1.2914	1.3006	-1.3006	-1.3093	1.3093	1.3116	-1.3116	1.319	-1.319	-1.3324	1.3324	-1.3396	1.3396	-1.3455	1.3455	1.3524	-1.3524	1.3611	-1.3611	1.3714	-1.3714	-1.3804	1.3804	1.3886	-1.3886	1.3945	-1.3945	-1.4049	1.4049	-1.4139	1.4139	1.4245	-1.4245	1.4345	-1.4345	-1.4447	1.4447	-1.4475	1.4475	1.4579	-1.4579	-1.4628	1.4628	1.4762	-1.4762	-1.4806	1.4806	1.4847	-1.4847	-1.502	1.502	-1.5064	1.5064	-1.5136	1.5136	-1.5228	1.5228	1.5284	-1.5284	1.533	-1.533	-1.5417	1.5417	1.5525	-1.5525	1.5648	-1.5648	1.5734	-1.5734	-1.5771	1.5771	-1.5859	1.5859	1.5911	-1.5911	-1.6052	1.6052	1.6107	-1.6107	1.6186	-1.6186	1.6233	-1.6233	1.6342	-1.6342	1.6403	-1.6403	-1.6456	1.6456	-1.6507	1.6507	-1.6621	1.6621	-1.6664	1.6664	1.6753	-1.6753	-1.6824	1.6824	-1.6869	1.6869	1.6932	-1.6932	1.6977	-1.6977	-1.7038	1.7038	1.7118	-1.7118	-1.7231	1.7231	1.7302	-1.7302	1.7396	-1.7396	-1.7436	1.7436	1.7527	-1.7527	1.7569	-1.7569	-1.7625	1.7625	-1.7692	1.7692	1.7741	-1.7741	1.7778	-1.7778	-1.7973	1.7973	1.8015	-1.8015	-1.8055	1.8055	1.8159	-1.8159	1.8208	-1.8208	-1.829	1.829	1.8337	-1.8337	1.843	-1.843	-1.8503	1.8503	1.8576	-1.8576	1.8652	-1.8652	-1.8746	1.8746	1.8782	-1.8782	1.8852	-1.8852	-1.8955	1.8955	1.9042	-1.9042	-1.9072	1.9072	-1.9128	1.9128	1.921	-1.921	1.9254	-1.9254	-1.9433	1.9433	-1.948	1.948	1.9515	-1.9515	-1.9614	1.9614	1.9658	-1.9658	-1.9779	1.9779	1.982	-1.982	1.997	-1.997	-2.005	2.005	-2.0118	2.0118	-2.0159	2.0159	2.0255	-2.0255	-2.0308	2.0308	-2.0409	2.0409	-2.0493	2.0493	-2.0534	2.0534	2.061	-2.061	-2.0676	2.0676	-2.0749	2.0749	-2.0816	2.0816	2.0898	-2.0898	-2.0994	2.0994	-2.1151	2.1151	2.1248	-2.1248	-2.1326	2.1326	
0.21053	0.02	0.21389	-0.21389	0.24055	-0.24055	-0.26607	0.26607	-0.28167	0.28167	0.33033	-0.33033	0.35837	-0.35837	0.37039	-0.37039	0.385	-0.385	-0.38812	0.38812	-0.4457	0.4457	-0.48238	0.48238	0.53253	-0.53253	0.54414	-0.54414	0.57944	-0.57944	0.59374	-0.59374	0.60878	-0.60878	0.61157	-0.61157	-0.63194	0.63194	0.6462	-0.6462	-0.67648	0.67648	0.68383	-0.68383	0.69047	-0.69047	0.69767	-0.69767	0.70326	-0.70326	-0.72495	0.72495	0.73787	-0.73787	-0.75135	0.75135	0.75778	-0.75778	-0.76697	0.76697	-0.78119	0.78119	0.79495	-0.79495	0.80225	-0.80225	0.81517	-0.81517	-0.82055	0.82055	0.83095	-0.83095	0.84291	-0.84291	0.85631	-0.85631	-0.86562	0.86562	0.87196	-0.87196	-0.88572	0.88572	0.90212	-0.90212	0.91262	-0.91262	0.92305	-0.92305	0.93478	-0.93478	-0.94245	0.94245	0.95036	-0.95036	0.95375	-0.95375	-0.97254	0.97254	0.98038	-0.98038	-0.98391	0.98391	-0.99104	0.99104	-0.99888	0.99888	-1.011	1.011	1.014	-1.014	-1.0193	1.0193	1.0293	-1.0293	-1.0361	1.0361	-1.0387	1.0387	1.0489	-1.0489	1.053	-1.053	-1.0615	1.0615	-1.0682	1.0682	1.0748	-1.0748	1.0824	-1.0824	1.0879	-1.0879	-1.0916	1.0916	-1.0997	1.0997	-1.1124	1.1124	-1.1187	1.1187	1.1311	-1.1311	1.1373	-1.1373	-1.1503	1.1503	-1.1554	1.1554	1.1676	-1.1676	-1.175	1.175	-1.1825	1.1825	-1.1972	1.1972	1.2025	-1.2025	1.2065	-1.2065	-1.2123	1.2123	-1.2172	1.2172	1.2293	-1.2293	-1.2339	1.2339	-1.2378	1.2378	1.2455	-1.2455	1.2562	-1.2562	1.263	-1.263	-1.271	1.271	-1.2787	1.2787	-1.2882	1.2882	1.2916	-1.2916	1.3007	-1.3007	-1.3088	1.3088	-1.3115	1.3115	1.3159	-1.3159	1.3326	-1.3326	-1.3395	1.3395	1.3455	-1.3455	1.3529	-1.3529	-1.3608	1.3608	-1.3712	1.3712	1.3796	-1.3796	1.3878	-1.3878	1.3946	-1.3946	-1.4033	1.4033	1.4131	-1.4131	1.423	-1.423	1.4344	-1.4344	-1.445	1.445	-1.4473	1.4473	1.4575	-1.4575	-1.4621	1.4621	-1.4754	1.4754	1.4802	-1.4802	-1.4843	1.4843	1.5012	-1.5012	1.5066	-1.5066	1.5128	-1.5128	-1.5228	1.5228	1.5275	-1.5275	-1.5319	1.5319	1.5415	-1.5415	1.5521	-1.5521	1.5644	-1.5644	1.5731	-1.5731	1.5768	-1.5768	1.5847	-1.5847	1.5904	-1.5904	-1.6048	1.6048	-1.6098	1.6098	1.6184	-1.6184	-1.6226	1.6226	1.6341	-1.6341	1.6391	-1.6391	-1.645	1.645	1.6506	-1.6506	1.6616	-1.6616	-1.6662	1.6662	1.675	-1.675	1.6815	-1.6815	1.6869	-1.6869	-1.6931	1.6931	-1.6967	1.6967	1.7036	-1.7036	-1.7113	1.7113	1.7225	-1.7225	-1.7301	1.7301	-1.7394	1.7394	1.7433	-1.7433	-1.7522	1.7522	-1.7567	1.7567	-1.7621	1.7621	1.7689	-1.7689	-1.7747	1.7747	-1.7777	1.7777	1.797	-1.797	-1.8016	1.8016	1.8052	-1.8052	-1.8159	1.8159	1.8215	-1.8215	-1.8297	1.8297	-1.8324	1.8324	-1.8435	1.8435	-1.8508	1.8508	1.8578	-1.8578	1.8656	-1.8656	1.8748	-1.8748	-1.8794	1.8794	1.8852	-1.8852	1.8954	-1.8954	1.9058	-1.9058	1.9071	-1.9071	-1.9139	1.9139	-1.9212	1.9212	-1.9282	1.9282	1.9444	-1.9444	-1.9483	1.9483	-1.9517	1.9517	-1.9625	1.9625	1.9667	-1.9667	1.9774	-1.9774	-1.9827	1.9827	1.997	-1.997	-2.0054	2.0054	2.0123	-2.0123	2.0158	-2.0158	2.0257	-2.0257	2.0318	-2.0318	2.0412	-2.0412	2.0491	-2.0491	2.0534	-2.0534	2.0609	-2.0609	2.068	-2.068	-2.0754	2.0754	-2.0818	2.0818	2.0898	-2.0898	-2.0995	2.0995	2.1148	-2.1148	-2.1263	2.1263	2.133	-2.133	
0.21053	0.04	-0.21218	0.21218	0.23806	-0.23806	-0.26345	0.26345	-0.27772	0.27772	-0.32599	0.32599	0.35374	-0.35374	0.36524	-0.36524	0.37685	-0.37685	0.37837	-0.37837	0.45343	-0.45343	0.48048	-0.48048	0.5334	-0.5334	0.54927	-0.54927	0.57833	-0.57833	0.59408	-0.59408	-0.6032	0.6032	-0.6073	0.6073	0.62918	-0.62918	-0.64292	0.64292	-0.67662	0.67662	0.68404	-0.68404	-0.69082	0.69082	-0.69813	0.69813	0.70266	-0.70266	-0.72488	0.72488	-0.73796	0.73796	-0.75069	0.75069	-0.75869	0.75869	-0.76577	0.76577	0.78087	-0.78087	-0.79439	0.79439	0.80071	-0.80071	0.81485	-0.81485	-0.81942	0.81942	-0.83	0.83	-0.84302	0.84302	-0.85664	0.85664	0.86483	-0.86483	-0.86975	0.86975	0.88451	-0.88451	-0.90167	0.90167	0.91198	-0.91198	-0.92246	0.92246	-0.93347	0.93347	0.94239	-0.94239	0.95059	-0.95059	0.95447	-0.95447	0.97301	-0.97301	-0.97909	0.97909	-0.98208	0.98208	0.99112	-0.99112	-0.9987	0.9987	-1.011	1.011	-1.0136	1.0136	1.0185	-1.0185	1.0297	-1.0297	1.0363	-1.0363	1.039	-1.039	-1.049	1.049	1.0535	-1.0535	1.0618	-1.0618	1.0691	-1.0691	-1.0742	1.0742	1.0823	-1.0823	-1.0878	1.0878	1.0923	-1.0923	-1.0983	1.0983	1.1125	-1.1125	-1.1179	1.1179	-1.1297	1.1297	1.1367	-1.1367	-1.1495	1.1495	-1.1568	1.1568	-1.1676	1.1676	-1.1741	1.1741	-1.1828	1.1828	1.1978	-1.1978	-1.2022	1.2022	1.2064	-1.2064	1.2122	-1.2122	-1.217	1.217	-1.2287	1.2287	-1.2344	1.2344	-1.2372	1.2372	1.2449	-1.2449	1.2566	-1.2566	-1.2644	1.2644	-1.27	1.27	-1.2783	1.2783	1.2884	-1.2884	1.2917	-1.2917	1.2996	-1.2996	-1.3075	1.3075	1.312	-1.312	-1.3135	1.3135	-1.3324	1.3324	1.3395	-1.3395	-1.3452	1.3452	1.3535	-1.3535	1.3604	-1.3604	-1.371	1.371	1.3788	-1.3788	-1.3871	1.3871	1.3945	-1.3945	-1.4017	1.4017	1.4125	-1.4125	1.4215	-1.4215	-1.4344	1.4344	1.4441	-1.4441	1.4479	-1.4479	-1.457	1.457	-1.4615	1.4615	1.4744	-1.4744	1.4798	-1.4798	-1.4839	1.4839	-1.5004	1.5004	-1.5065	1.5065	-1.512	1.512	1.5225	-1.5225	1.5266	-1.5266	1.5308	-1.5308	-1.5412	1.5412	-1.5516	1.5516	1.564	-1.564	1.5725	-1.5725	1.5764	-1.5764	1.5835	-1.5835	1.5897	-1.5897	1.6042	-1.6042	1.6088	-1.6088	1.6182	-1.6182	-1.6219	1.6219	-1.6336	1.6336	-1.6381	1.6381	-1.644	1.644	-1.6508	1.6508	-1.6609	1.6609	1.6663	-1.6663	-1.6747	1.6747	1.6805	-1.6805	1.6866	-1.6866	1.6928	-1.6928	1.6957	-1.6957	-1.7033	1.7033	-1.7105	1.7105	1.7217	-1.7217	-1.7298	1.7298	-1.7387	1.7387	1.7429	-1.7429	1.7515	-1.7515	-1.7563	1.7563	-1.7615	1.7615	-1.7682	1.7682	-1.7751	1.7751	-1.7776	1.7776	1.7963	-1.7963	-1.8015	1.8015	1.8048	-1.8048	1.8155	-1.8155	-1.8219	1.8219	-1.8297	1.8297	-1.8314	1.8314	-1.8436	1.8436	1.8508	-1.8508	1.8578	-1.8578	1.8658	-1.8658	-1.8746	1.8746	1.8805	-1.8805	1.8852	-1.8852	1.8947	-1.8947	1.9062	-1.9062	-1.9078	1.9078	-1.915	1.915	1.9207	-1.9207	-1.931	1.931	-1.9454	1.9454	1.9484	-1.9484	1.9522	-1.9522	-1.9632	1.9632	-1.9682	1.9682	-1.9772	1.9772	-1.9835	1.9835	-1.997	1.997	2.0057	-2.0057	-2.0129	2.0129	-2.016	2.016	2.0261	-2.0261	2.0328	-2.0328	-2.0416	2.0416	-2.049	2.049	-2.0536	2.0536	-2.0606	2.0606	2.0687	-2.0687	2.0759	-2.0759	-2.0821	2.0821	-2.0899	2.0899	-2.0997	2.0997	-2.1146	2.1146	2.1277	-2.1277	-2.1333	2.1333	
0.21053	0.06	-0.20944	0.20944	-0.23453	0.23453	0.25957	-0.25957	-0.27272	0.27272	-0.32049	0.32049	-0.34769	0.34769	-0.35773	0.35773	-0.36693	0.36693	0.37028	-0.37028	0.46098	-0.46098	0.47751	-0.47751	-0.53438	0.53438	-0.55296	0.55296	-0.576	0.576	0.59177	-0.59177	-0.59823	0.59823	-0.60482	0.60482	-0.62559	0.62559	-0.64072	0.64072	-0.67593	0.67593	0.68372	-0.68372	-0.69058	0.69058	0.69791	-0.69791	0.70122	-0.70122	0.724	-0.724	-0.73668	0.73668	-0.74987	0.74987	0.75933	-0.75933	0.76528	-0.76528	0.7802	-0.7802	-0.79345	0.79345	-0.79945	0.79945	0.81379	-0.81379	-0.81886	0.81886	-0.82941	0.82941	0.84316	-0.84316	-0.85578	0.85578	-0.86415	0.86415	0.86804	-0.86804	-0.8835	0.8835	0.90142	-0.90142	0.91085	-0.91085	0.92162	-0.92162	-0.93143	0.93143	0.94208	-0.94208	0.95056	-0.95056	0.95489	-0.95489	0.9733	-0.9733	0.97697	-0.97697	-0.97981	0.97981	-0.99115	0.99115	-0.99813	0.99813	-1.0106	1.0106	-1.0134	1.0134	1.018	-1.018	-1.0298	1.0298	-1.0363	1.0363	1.0395	-1.0395	1.0486	-1.0486	1.0537	-1.0537	1.0622	-1.0622	1.0698	-1.0698	-1.0735	1.0735	1.0823	-1.0823	1.0873	-1.0873	1.0929	-1.0929	-1.0971	1.0971	-1.1119	1.1119	1.1175	-1.1175	-1.1281	1.1281	1.1356	-1.1356	1.1488	-1.1488	-1.1585	1.1585	1.1675	-1.1675	-1.1732	1.1732	1.183	-1.183	1.1973	-1.1973	-1.2013	1.2013	-1.2065	1.2065	1.2119	-1.2119	1.2172	-1.2172	-1.2281	1.2281	1.2343	-1.2343	-1.2369	1.2369	-1.2435	1.2435	-1.2565	1.2565	-1.2659	1.2659	-1.2691	1.2691	1.2781	-1.2781	1.288	-1.288	1.2917	-1.2917	-1.2973	1.2973	1.3064	-1.3064	1.3116	-1.3116	-1.3129	1.3129	-1.3319	1.3319	1.3395	-1.3395	1.3446	-1.3446	1.354	-1.354	-1.3597	1.3597	-1.3709	1.3709	-1.378	1.378	1.3864	-1.3864	1.394	-1.394	-1.4002	1.4002	-1.4118	1.4118	-1.42	1.42	1.4344	-1.4344	1.4428	-1.4428	1.4488	-1.4488	-1.4566	1.4566	1.4612	-1.4612	-1.4735	1.4735	-1.4793	1.4793	1.4835	-1.4835	-1.4994	1.4994	1.5061	-1.5061	-1.5116	1.5116	-1.5219	1.5219	1.5257	-1.5257	1.53	-1.53	1.5409	-1.5409	-1.551	1.551	-1.5635	1.5635	-1.5716	1.5716	1.5759	-1.5759	1.5823	-1.5823	-1.589	1.589	-1.6035	1.6035	1.6078	-1.6078	1.618	-1.618	-1.6212	1.6212	-1.6327	1.6327	1.6372	-1.6372	1.6429	-1.6429	1.651	-1.651	1.6602	-1.6602	-1.6664	1.6664	-1.6743	1.6743	1.6796	-1.6796	1.6859	-1.6859	-1.6926	1.6926	-1.6949	1.6949	1.7029	-1.7029	-1.7096	1.7096	-1.7207	1.7207	1.7293	-1.7293	-1.7376	1.7376	1.7424	-1.7424	-1.7505	1.7505	-1.7557	1.7557	-1.7608	1.7608	-1.7672	1.7672	1.7753	-1.7753	-1.7776	1.7776	-1.7954	1.7954	1.8011	-1.8011	1.8041	-1.8041	-1.8148	1.8148	-1.8221	1.8221	1.8284	-1.8284	-1.8311	1.8311	-1.8432	1.8432	-1.8504	1.8504	1.8576	-1.8576	-1.8658	1.8658	-1.8741	1.8741	-1.8812	1.8812	1.8851	-1.8851	1.8937	-1.8937	-1.9058	1.9058	1.9086	-1.9086	-1.9159	1.9159	-1.92	1.92	1.9335	-1.9335	-1.9461	1.9461	-1.9485	1.9485	1.9529	-1.9529	-1.9636	1.9636	-1.9699	1.9699	-1.9775	1.9775	1.9847	-1.9847	-1.997	1.997	2.0061	-2.0061	-2.0134	2.0134	-2.0164	2.0164	-2.0265	2.0265	-2.0336	2.0336	2.0421	-2.0421	2.0488	-2.0488	-2.0539	2.0539	-2.0602	2.0602	-2.0697	2.0697	-2.0765	2.0765	2.0825	-2.0825	2.09	-2.09	-2.1	2.1	-2.1143	2.1143	-2.129	2.129	-2.1335	2.1335	
0.21053	0.08	0.20568	-0.20568	0.22998	-0.22998	0.25448	-0.25448	-0.26671	0.26671	-0.31386	0.31386	0.34025	-0.34025	0.3482	-0.3482	0.35606	-0.35606	0.36298	-0.36298	-0.46786	0.46786	0.47373	-0.47373	0.53546	-0.53546	-0.55351	0.55351	-0.57277	0.57277	-0.58679	0.58679	0.5944	-0.5944	-0.6045	0.6045	0.62148	-0.62148	-0.63986	0.63986	-0.67425	0.67425	0.683	-0.683	0.68949	-0.68949	-0.69613	0.69613	-0.69998	0.69998	0.72208	-0.72208	0.73448	-0.73448	-0.7486	0.7486	0.75966	-0.75966	0.76558	-0.76558	0.77902	-0.77902	0.79143	-0.79143	0.79889	-0.79889	-0.81237	0.81237	0.81909	-0.81909	-0.82926	0.82926	0.84302	-0.84302	-0.85326	0.85326	0.86379	-0.86379	-0.86708	0.86708	-0.8827	0.8827	-0.9013	0.9013	-0.909	0.909	0.92054	-0.92054	-0.92901	0.92901	0.94156	-0.94156	-0.95039	0.95039	-0.95501	0.95501	0.97259	-0.97259	0.97369	-0.97369	0.97825	-0.97825	0.99108	-0.99108	0.9973	-0.9973	1.0096	-1.0096	-1.0133	1.0133	1.0178	-1.0178	-1.0296	1.0296	1.0362	-1.0362	1.0401	-1.0401	-1.0478	1.0478	1.0539	-1.0539	-1.0623	1.0623	1.0701	-1.0701	-1.073	1.073	1.0823	-1.0823	-1.0863	1.0863	-1.0934	1.0934	1.0963	-1.0963	-1.1108	1.1108	1.1172	-1.1172	1.1264	-1.1264	1.1344	-1.1344	1.148	-1.148	-1.1603	1.1603	-1.1675	1.1675	-1.1722	1.1722	-1.1832	1.1832	1.1959	-1.1959	1.2001	-1.2001	-1.2064	1.2064	-1.2114	1.2114	1.2176	-1.2176	1.2275	-1.2275	-1.2337	1.2337	-1.2367	1.2367	1.2415	-1.2415	1.256	-1.256	-1.2671	1.2671	-1.2685	1.2685	-1.2782	1.2782	-1.2867	1.2867	1.2908	-1.2908	-1.2956	1.2956	1.3055	-1.3055	1.3108	-1.3108	-1.3132	1.3132	1.3312	-1.3312	-1.3395	1.3395	1.3437	-1.3437	-1.3545	1.3545	-1.3587	1.3587	1.3707	-1.3707	1.3772	-1.3772	-1.3859	1.3859	1.393	-1.393	-1.3992	1.3992	-1.4112	1.4112	-1.4187	1.4187	1.4343	-1.4343	1.4414	-1.4414	1.4496	-1.4496	1.4563	-1.4563	1.4611	-1.4611	1.4725	-1.4725	-1.4788	1.4788	1.4829	-1.4829	1.4983	-1.4983	1.5052	-1.5052	1.5116	-1.5116	-1.521	1.521	1.5248	-1.5248	1.5293	-1.5293	1.5405	-1.5405	1.5503	-1.5503	-1.5629	1.5629	-1.5705	1.5705	-1.5754	1.5754	1.5813	-1.5813	-1.5883	1.5883	1.6025	-1.6025	-1.6067	1.6067	1.6176	-1.6176	1.6206	-1.6206	-1.6315	1.6315	-1.6361	1.6361	1.642	-1.642	1.6511	-1.6511	1.6595	-1.6595	-1.6663	1.6663	1.6738	-1.6738	-1.6788	1.6788	1.6847	-1.6847	1.6923	-1.6923	1.6941	-1.6941	1.7023	-1.7023	1.7086	-1.7086	-1.7196	1.7196	1.7286	-1.7286	-1.7358	1.7358	1.7417	-1.7417	-1.7491	1.7491	-1.755	1.755	1.76	-1.76	1.7659	-1.7659	1.7752	-1.7752	-1.7777	1.7777	-1.7941	1.7941	1.8004	-1.8004	-1.8033	1.8033	-1.8136	1.8136	-1.822	1.822	1.8269	-1.8269	-1.8309	1.8309	-1.8424	1.8424	1.8495	-1.8495	1.8573	-1.8573	1.8656	-1.8656	-1.8733	1.8733	1.8814	-1.8814	-1.885	1.885	1.8923	-1.8923	1.9051	-1.9051	1.9094	-1.9094	1.9163	-1.9163	-1.9196	1.9196	1.9353	-1.9353	1.9464	-1.9464	-1.9492	1.9492	-1.9537	1.9537	-1.9639	1.9639	1.9716	-1.9716	1.9781	-1.9781	-1.986	1.986	1.997	-1.997	-2.0064	2.0064	-2.0137	2.0137	2.017	-2.017	-2.027	2.027	-2.0343	2.0343	2.0427	-2.0427	2.0488	-2.0488	-2.0543	2.0543	-2.0598	2.0598	-2.0708	2.0708	2.0771	-2.0771	2.0829	-2.0829	-2.0902	2.0902	-2.1002	2.1002	2.114	-2.114	-2.1301	2.1301	2.1331	-2.1331	
0.21053	0.1	0.2009	-0.2009	-0.22442	0.22442	-0.24821	0.24821	0.25972	-0.25972	0.30616	-0.30616	-0.33136	0.33136	-0.33741	0.33741	0.34482	-0.34482	0.35537	-0.35537	0.46736	-0.46736	0.47574	-0.47574	-0.53642	0.53642	0.5491	-0.5491	0.569	-0.569	-0.5828	0.5828	0.58965	-0.58965	-0.60556	0.60556	-0.61819	0.61819	0.63987	-0.63987	-0.67141	0.67141	0.68122	-0.68122	0.68752	-0.68752	-0.69343	0.69343	-0.69916	0.69916	0.71849	-0.71849	0.73237	-0.73237	0.7466	-0.7466	-0.75979	0.75979	0.76616	-0.76616	0.77694	-0.77694	0.78871	-0.78871	-0.79886	0.79886	-0.81142	0.81142	-0.81962	0.81962	-0.82951	0.82951	-0.84224	0.84224	-0.84947	0.84947	0.86386	-0.86386	-0.86662	0.86662	0.88212	-0.88212	0.90111	-0.90111	-0.90615	0.90615	-0.91928	0.91928	0.92667	-0.92667	-0.94082	0.94082	-0.95003	0.95003	-0.95483	0.95483	-0.96856	0.96856	0.97106	-0.97106	-0.97808	0.97808	0.9909	-0.9909	-0.99631	0.99631	-1.0084	1.0084	-1.0131	1.0131	1.0178	-1.0178	1.0291	-1.0291	-1.0361	1.0361	-1.0408	1.0408	1.0466	-1.0466	1.0539	-1.0539	1.0622	-1.0622	1.07	-1.07	-1.0725	1.0725	1.0821	-1.0821	-1.085	1.085	-1.0937	1.0937	1.0959	-1.0959	-1.1096	1.1096	-1.1165	1.1165	-1.125	1.125	1.1332	-1.1332	-1.1473	1.1473	-1.1617	1.1617	1.1675	-1.1675	-1.1712	1.1712	-1.1832	1.1832	1.1941	-1.1941	-1.1984	1.1984	-1.2058	1.2058	1.2108	-1.2108	-1.2179	1.2179	1.2268	-1.2268	-1.2327	1.2327	-1.2364	1.2364	1.2393	-1.2393	-1.2552	1.2552	1.2671	-1.2671	-1.2685	1.2685	1.2783	-1.2783	-1.2844	1.2844	-1.2894	1.2894	-1.2951	1.2951	1.3043	-1.3043	-1.3103	1.3103	-1.3134	1.3134	-1.3303	1.3303	-1.3391	1.3391	1.3425	-1.3425	-1.3547	1.3547	-1.3576	1.3576	-1.3705	1.3705	1.3766	-1.3766	1.3856	-1.3856	1.3913	-1.3913	-1.3986	1.3986	-1.4106	1.4106	-1.4177	1.4177	1.4342	-1.4342	1.4401	-1.4401	1.4502	-1.4502	-1.4559	1.4559	-1.461	1.461	-1.4714	1.4714	-1.478	1.478	-1.4824	1.4824	1.4969	-1.4969	1.5041	-1.5041	-1.5117	1.5117	1.5198	-1.5198	-1.524	1.524	1.5287	-1.5287	1.5401	-1.5401	-1.5495	1.5495	-1.5623	1.5623	-1.5692	1.5692	1.5747	-1.5747	-1.5805	1.5805	1.5874	-1.5874	-1.6014	1.6014	1.6054	-1.6054	-1.6171	1.6171	1.6201	-1.6201	-1.6302	1.6302	-1.6346	1.6346	1.6413	-1.6413	-1.6512	1.6512	1.6588	-1.6588	-1.666	1.666	-1.6734	1.6734	1.6783	-1.6783	1.6829	-1.6829	-1.6918	1.6918	1.6935	-1.6935	1.7016	-1.7016	1.7077	-1.7077	1.7184	-1.7184	-1.7277	1.7277	1.7335	-1.7335	-1.741	1.741	-1.7475	1.7475	1.7542	-1.7542	-1.7592	1.7592	1.7643	-1.7643	-1.7748	1.7748	-1.7777	1.7777	1.7925	-1.7925	-1.7994	1.7994	1.8023	-1.8023	-1.8122	1.8122	-1.8212	1.8212	1.8257	-1.8257	-1.8305	1.8305	-1.8412	1.8412	1.8482	-1.8482	1.8567	-1.8567	1.8651	-1.8651	-1.8723	1.8723	-1.8812	1.8812	1.8849	-1.8849	1.8908	-1.8908	-1.904	1.904	1.9101	-1.9101	1.9159	-1.9159	1.9199	-1.9199	-1.9367	1.9367	1.9462	-1.9462	-1.9502	1.9502	1.9548	-1.9548	-1.9642	1.9642	-1.9729	1.9729	-1.9792	1.9792	-1.9875	1.9875	-1.9971	1.9971	-2.0067	2.0067	-2.0141	2.0141	-2.0178	2.0178	-2.0275	2.0275	2.0348	-2.0348	-2.0433	2.0433	-2.0489	2.0489	-2.055	2.055	-2.0594	2.0594	-2.0721	2.0721	-2.0777	2.0777	-2.0835	2.0835	-2.0904	2.0904	2.1005	-2.1005	-2.1137	2.1137	-2.1309	2.1309	-2.1323	2.1323	
0.21053	0.12	-0.19511	0.19511	0.21787	-0.21787	0.24082	-0.24082	0.25177	-0.25177	0.29743	-0.29743	0.32095	-0.32095	-0.3259	0.3259	0.3333	-0.3333	0.34708	-0.34708	0.46113	-0.46113	-0.48179	0.48179	0.53611	-0.53611	0.54148	-0.54148	0.56281	-0.56281	-0.58032	0.58032	0.58517	-0.58517	0.60707	-0.60707	0.61665	-0.61665	-0.64024	0.64024	-0.66733	0.66733	-0.67752	0.67752	-0.68429	0.68429	-0.69163	0.69163	-0.69839	0.69839	-0.71294	0.71294	-0.73099	0.73099	-0.74374	0.74374	0.75957	-0.75957	0.76636	-0.76636	0.77365	-0.77365	0.78653	-0.78653	0.79895	-0.79895	0.81113	-0.81113	0.82007	-0.82007	0.83013	-0.83013	-0.83982	0.83982	-0.84596	0.84596	-0.86413	0.86413	0.86641	-0.86641	-0.88165	0.88165	0.89973	-0.89973	-0.90304	0.90304	0.91798	-0.91798	-0.92471	0.92471	0.93984	-0.93984	-0.94932	0.94932	-0.95435	0.95435	-0.96293	0.96293	0.96864	-0.96864	-0.9785	0.9785	-0.9906	0.9906	-0.99526	0.99526	-1.0071	1.0071	-1.0128	1.0128	1.0177	-1.0177	-1.0283	1.0283	-1.0359	1.0359	1.0415	-1.0415	1.0451	-1.0451	-1.0538	1.0538	1.0617	-1.0617	1.0694	-1.0694	1.0721	-1.0721	1.0812	-1.0812	1.0841	-1.0841	-1.0932	1.0932	-1.096	1.096	-1.1083	1.1083	-1.1154	1.1154	1.1241	-1.1241	1.1322	-1.1322	1.1466	-1.1466	-1.1625	1.1625	1.1678	-1.1678	1.1702	-1.1702	1.183	-1.183	1.1921	-1.1921	1.1963	-1.1963	1.2045	-1.2045	-1.2099	1.2099	-1.2178	1.2178	1.2259	-1.2259	1.2316	-1.2316	1.2351	-1.2351	-1.2381	1.2381	-1.2539	1.2539	1.266	-1.266	-1.2688	1.2688	-1.2784	1.2784	1.2821	-1.2821	-1.2877	1.2877	1.2951	-1.2951	1.3031	-1.3031	1.3099	-1.3099	-1.3134	1.3134	-1.3293	1.3293	1.3383	-1.3383	-1.3411	1.3411	-1.3543	1.3543	1.3565	-1.3565	1.3701	-1.3701	-1.3763	1.3763	1.3854	-1.3854	-1.3891	1.3891	-1.3984	1.3984	1.4102	-1.4102	1.4169	-1.4169	-1.4339	1.4339	-1.4389	1.4389	-1.4507	1.4507	-1.4555	1.4555	-1.461	1.461	-1.4702	1.4702	-1.4769	1.4769	-1.4819	1.4819	1.4953	-1.4953	-1.5028	1.5028	-1.5117	1.5117	1.5183	-1.5183	-1.5235	1.5235	1.5284	-1.5284	-1.5397	1.5397	-1.5486	1.5486	-1.5616	1.5616	1.568	-1.568	1.574	-1.574	1.5799	-1.5799	-1.5865	1.5865	1.6002	-1.6002	-1.6039	1.6039	1.6163	-1.6163	1.6199	-1.6199	1.6286	-1.6286	-1.6326	1.6326	-1.6409	1.6409	1.6511	-1.6511	1.6582	-1.6582	1.6654	-1.6654	-1.6728	1.6728	1.6779	-1.6779	-1.6808	1.6808	-1.6912	1.6912	-1.6929	1.6929	1.7005	-1.7005	1.7069	-1.7069	-1.717	1.717	1.7266	-1.7266	1.7307	-1.7307	1.7401	-1.7401	-1.7457	1.7457	1.7533	-1.7533	1.7584	-1.7584	1.7625	-1.7625	-1.7743	1.7743	-1.7775	1.7775	-1.7905	1.7905	1.798	-1.798	1.8012	-1.8012	-1.8106	1.8106	1.8199	-1.8199	-1.8251	1.8251	1.8299	-1.8299	-1.8398	1.8398	-1.8465	1.8465	1.8561	-1.8561	-1.8643	1.8643	1.871	-1.871	1.8807	-1.8807	-1.8849	1.8849	1.8892	-1.8892	-1.9027	1.9027	-1.9108	1.9108	1.915	-1.915	-1.9207	1.9207	-1.9377	1.9377	1.9459	-1.9459	1.9512	-1.9512	-1.956	1.956	-1.9644	1.9644	1.9739	-1.9739	1.9805	-1.9805	-1.9892	1.9892	1.9972	-1.9972	-2.0071	2.0071	-2.0145	2.0145	-2.0188	2.0188	-2.0279	2.0279	-2.0351	2.0351	-2.0438	2.0438	2.0491	-2.0491	2.0557	-2.0557	2.0592	-2.0592	2.0734	-2.0734	2.0782	-2.0782	-2.0841	2.0841	2.0906	-2.0906	2.1007	-2.1007	-2.1135	2.1135	-2.1307	2.1307	-2.1323	2.1323	
0.21053	0.14	0.18833	-0.18833	-0.21034	0.21034	-0.23236	0.23236	0.24291	-0.24291	0.2877	-0.2877	0.30908	-0.30908	0.31389	-0.31389	-0.32149	0.32149	0.33797	-0.33797	0.45362	-0.45362	0.48728	-0.48728	-0.52794	0.52794	-0.53851	0.53851	0.55471	-0.55471	-0.57347	0.57347	0.58587	-0.58587	-0.60861	0.60861	0.61679	-0.61679	-0.64055	0.64055	-0.66202	0.66202	-0.6719	0.6719	0.67984	-0.67984	0.69099	-0.69099	-0.6975	0.6975	-0.70612	0.70612	0.72998	-0.72998	-0.74004	0.74004	-0.75816	0.75816	-0.76542	0.76542	0.77036	-0.77036	0.78547	-0.78547	-0.79898	0.79898	0.81109	-0.81109	-0.82019	0.82019	0.83091	-0.83091	-0.83536	0.83536	0.8439	-0.8439	0.86427	-0.86427	0.86639	-0.86639	-0.88119	0.88119	0.89482	-0.89482	0.90202	-0.90202	-0.91671	0.91671	0.92315	-0.92315	0.93846	-0.93846	-0.94784	0.94784	-0.95329	0.95329	-0.95754	0.95754	0.96621	-0.96621	0.97902	-0.97902	-0.99012	0.99012	0.99423	-0.99423	-1.0058	1.0058	-1.0123	1.0123	1.0176	-1.0176	1.0273	-1.0273	1.0357	-1.0357	1.0419	-1.0419	1.0436	-1.0436	-1.0534	1.0534	-1.061	1.061	-1.0687	1.0687	1.0713	-1.0713	1.0796	-1.0796	1.0836	-1.0836	1.0914	-1.0914	1.0965	-1.0965	-1.1069	1.1069	1.1142	-1.1142	-1.1234	1.1234	-1.1313	1.1313	1.1458	-1.1458	-1.1626	1.1626	-1.1678	1.1678	1.1697	-1.1697	1.1823	-1.1823	-1.1901	1.1901	-1.1938	1.1938	1.2026	-1.2026	1.2087	-1.2087	-1.2172	1.2172	-1.2247	1.2247	1.2302	-1.2302	1.2336	-1.2336	-1.2377	1.2377	1.252	-1.252	1.2645	-1.2645	1.2689	-1.2689	1.2782	-1.2782	-1.2804	1.2804	-1.2855	1.2855	1.2951	-1.2951	1.3021	-1.3021	-1.3094	1.3094	-1.3133	1.3133	1.3282	-1.3282	-1.3369	1.3369	-1.3394	1.3394	-1.3535	1.3535	-1.3559	1.3559	1.3698	-1.3698	1.3763	-1.3763	1.3852	-1.3852	-1.3868	1.3868	-1.3985	1.3985	-1.41	1.41	-1.4163	1.4163	1.4333	-1.4333	-1.438	1.438	1.4509	-1.4509	1.455	-1.455	1.4609	-1.4609	1.4688	-1.4688	-1.4755	1.4755	1.4815	-1.4815	1.4933	-1.4933	1.5015	-1.5015	1.5115	-1.5115	-1.5165	1.5165	-1.5233	1.5233	-1.5281	1.5281	1.5392	-1.5392	-1.5478	1.5478	-1.5608	1.5608	-1.5669	1.5669	1.573	-1.573	-1.5794	1.5794	-1.5854	1.5854	-1.5986	1.5986	-1.6026	1.6026	-1.6153	1.6153	-1.6196	1.6196	1.6268	-1.6268	-1.6306	1.6306	-1.6406	1.6406	-1.6507	1.6507	1.6574	-1.6574	1.6647	-1.6647	-1.6719	1.6719	-1.6764	1.6764	-1.6795	1.6795	1.6903	-1.6903	1.6922	-1.6922	1.6994	-1.6994	1.7063	-1.7063	-1.7154	1.7154	-1.7252	1.7252	1.7276	-1.7276	1.7391	-1.7391	1.7437	-1.7437	-1.7523	1.7523	1.7575	-1.7575	1.7608	-1.7608	-1.7736	1.7736	-1.7769	1.7769	-1.7882	1.7882	1.7959	-1.7959	-1.8	1.8	-1.8089	1.8089	-1.8183	1.8183	1.8247	-1.8247	1.8289	-1.8289	-1.8381	1.8381	-1.8446	1.8446	1.8554	-1.8554	1.863	-1.863	-1.8694	1.8694	-1.88	1.88	-1.8846	1.8846	1.8878	-1.8878	1.9013	-1.9013	-1.9113	1.9113	1.9142	-1.9142	-1.9216	1.9216	1.9385	-1.9385	-1.9455	1.9455	-1.9522	1.9522	-1.9572	1.9572	1.9646	-1.9646	-1.9745	1.9745	-1.9818	1.9818	-1.991	1.991	1.9975	-1.9975	2.0074	-2.0074	2.0149	-2.0149	2.0198	-2.0198	-2.0282	2.0282	2.0353	-2.0353	2.0442	-2.0442	2.0495	-2.0495	2.0564	-2.0564	-2.0592	2.0592	2.0748	-2.0748	-2.0786	2.0786	-2.0848	2.0848	2.0907	-2.0907	-2.101	2.101	-2.1133	2.1133	-2.1298	2.1298	-2.1327	2.1327	
0.21053	0.16	-0.18058	0.18058	-0.20185	0.20185	-0.22289	0.22289	0.23315	-0.23315	0.27703	-0.27703	0.29605	-0.29605	0.30131	-0.30131	-0.30931	0.30931	-0.32799	0.32799	-0.44501	0.44501	0.49163	-0.49163	0.51575	-0.51575	0.53553	-0.53553	0.54695	-0.54695	0.56553	-0.56553	0.58808	-0.58808	-0.61001	0.61001	-0.61796	0.61796	-0.64024	0.64024	-0.65565	0.65565	-0.66502	0.66502	0.67477	-0.67477	0.6902	-0.6902	0.6948	-0.6948	-0.7008	0.7008	0.72839	-0.72839	0.73579	-0.73579	-0.75406	0.75406	-0.76363	0.76363	-0.76897	0.76897	-0.78512	0.78512	-0.79883	0.79883	0.81046	-0.81046	0.8198	-0.8198	-0.82927	0.82927	-0.83316	0.83316	-0.84239	0.84239	-0.86405	0.86405	0.86647	-0.86647	-0.88046	0.88046	0.88845	-0.88845	-0.90161	0.90161	-0.91534	0.91534	-0.92187	0.92187	0.93628	-0.93628	0.94474	-0.94474	-0.95094	0.95094	0.95474	-0.95474	0.96405	-0.96405	-0.97947	0.97947	-0.98941	0.98941	-0.9933	0.9933	1.0045	-1.0045	1.0116	-1.0116	1.0173	-1.0173	-1.0262	1.0262	-1.0353	1.0353	-1.041	1.041	1.0432	-1.0432	1.0526	-1.0526	-1.0603	1.0603	-1.0677	1.0677	1.0697	-1.0697	1.0779	-1.0779	-1.0831	1.0831	-1.0888	1.0888	-1.0971	1.0971	1.1058	-1.1058	1.1131	-1.1131	-1.1229	1.1229	-1.1306	1.1306	1.145	-1.145	-1.1623	1.1623	-1.1671	1.1671	1.1697	-1.1697	-1.1807	1.1807	1.1883	-1.1883	1.1913	-1.1913	1.2002	-1.2002	1.2071	-1.2071	-1.2161	1.2161	1.2233	-1.2233	1.2284	-1.2284	-1.2324	1.2324	-1.2375	1.2375	1.2495	-1.2495	-1.2632	1.2632	1.2686	-1.2686	-1.2774	1.2774	1.2792	-1.2792	-1.2834	1.2834	-1.295	1.295	1.3015	-1.3015	1.3085	-1.3085	-1.3129	1.3129	1.3268	-1.3268	1.335	-1.335	1.3375	-1.3375	-1.3528	1.3528	1.3554	-1.3554	-1.3695	1.3695	1.3766	-1.3766	1.3837	-1.3837	1.3861	-1.3861	-1.3987	1.3987	1.41	-1.41	1.4158	-1.4158	-1.4324	1.4324	1.4374	-1.4374	-1.4507	1.4507	-1.4545	1.4545	1.4605	-1.4605	1.4673	-1.4673	-1.4739	1.4739	-1.4814	1.4814	-1.4911	1.4911	-1.5002	1.5002	1.5109	-1.5109	-1.5147	1.5147	-1.5233	1.5233	-1.5281	1.5281	1.5385	-1.5385	1.547	-1.547	1.5598	-1.5598	1.566	-1.566	1.5718	-1.5718	-1.5789	1.5789	-1.5842	1.5842	1.5968	-1.5968	1.6014	-1.6014	-1.6143	1.6143	-1.6194	1.6194	1.6244	-1.6244	1.629	-1.629	1.6404	-1.6404	-1.65	1.65	1.6566	-1.6566	-1.6638	1.6638	-1.6699	1.6699	1.6744	-1.6744	1.6794	-1.6794	-1.6889	1.6889	1.6912	-1.6912	1.6983	-1.6983	1.706	-1.706	1.7132	-1.7132	1.7234	-1.7234	1.7248	-1.7248	1.7377	-1.7377	-1.7417	1.7417	1.7508	-1.7508	-1.7565	1.7565	1.7593	-1.7593	-1.7727	1.7727	-1.7756	1.7756	-1.7858	1.7858	1.7932	-1.7932	-1.799	1.799	1.8073	-1.8073	1.8166	-1.8166	-1.8242	1.8242	-1.8279	1.8279	-1.8362	1.8362	-1.8424	1.8424	1.8546	-1.8546	-1.861	1.861	1.868	-1.868	1.8794	-1.8794	-1.8836	1.8836	1.887	-1.887	-1.9	1.9	-1.9111	1.9111	-1.9141	1.9141	1.9226	-1.9226	-1.939	1.939	1.9451	-1.9451	-1.9531	1.9531	1.9584	-1.9584	1.9649	-1.9649	-1.9749	1.9749	-1.9831	1.9831	-1.9926	1.9926	-1.9981	1.9981	-2.0078	2.0078	-2.0154	2.0154	2.0208	-2.0208	2.0283	-2.0283	-2.0355	2.0355	2.0445	-2.0445	-2.0501	2.0501	-2.0568	2.0568	-2.0598	2.0598	-2.076	2.076	-2.0791	2.0791	2.0856	-2.0856	2.0908	-2.0908	2.1012	-2.1012	-2.1132	2.1132	-2.1288	2.1288	-2.1331	2.1331	
0.21053	0.18	-0.17186	0.17186	-0.19243	0.19243	-0.21245	0.21245	-0.22252	0.22252	0.26545	-0.26545	-0.28216	0.28216	0.28807	-0.28807	-0.29667	0.29667	0.31715	-0.31715	0.43536	-0.43536	-0.49366	0.49366	-0.50277	0.50277	-0.52792	0.52792	-0.54112	0.54112	-0.55952	0.55952	-0.59006	0.59006	0.61114	-0.61114	-0.6195	0.6195	0.63837	-0.63837	0.64868	-0.64868	0.65768	-0.65768	-0.66977	0.66977	0.68436	-0.68436	-0.69212	0.69212	-0.69974	0.69974	0.72485	-0.72485	-0.73152	0.73152	0.74824	-0.74824	0.76228	-0.76228	-0.76837	0.76837	0.78478	-0.78478	-0.79823	0.79823	-0.80831	0.80831	-0.81863	0.81863	0.82621	-0.82621	0.83394	-0.83394	-0.84105	0.84105	-0.86309	0.86309	-0.8664	0.8664	-0.87823	0.87823	-0.88325	0.88325	0.90123	-0.90123	-0.91336	0.91336	-0.9208	0.9208	-0.93245	0.93245	-0.94093	0.94093	-0.94866	0.94866	-0.95378	0.95378	0.96226	-0.96226	0.97979	-0.97979	0.98842	-0.98842	0.99255	-0.99255	1.0032	-1.0032	1.0107	-1.0107	1.0168	-1.0168	1.025	-1.025	1.0348	-1.0348	-1.0392	1.0392	-1.0435	1.0435	1.0512	-1.0512	-1.0596	1.0596	-1.0655	1.0655	-1.0678	1.0678	-1.0765	1.0765	-1.0825	1.0825	-1.0862	1.0862	-1.0975	1.0975	1.1048	-1.1048	1.1121	-1.1121	-1.1223	1.1223	1.1299	-1.1299	-1.144	1.144	1.1617	-1.1617	-1.1656	1.1656	-1.1698	1.1698	1.1782	-1.1782	-1.1858	1.1858	-1.1895	1.1895	-1.1977	1.1977	-1.2047	1.2047	-1.2146	1.2146	-1.2216	1.2216	-1.2267	1.2267	-1.2313	1.2313	1.2369	-1.2369	1.2469	-1.2469	-1.2622	1.2622	-1.268	1.268	1.2745	-1.2745	1.2785	-1.2785	1.2818	-1.2818	1.2946	-1.2946	1.3014	-1.3014	-1.3071	1.3071	-1.3122	1.3122	-1.325	1.325	-1.3325	1.3325	1.336	-1.336	1.3523	-1.3523	-1.3546	1.3546	1.3693	-1.3693	-1.3768	1.3768	1.3817	-1.3817	1.3864	-1.3864	1.3991	-1.3991	1.4103	-1.4103	-1.4154	1.4154	1.4312	-1.4312	-1.4369	1.4369	-1.4497	1.4497	-1.4537	1.4537	1.46	-1.46	1.466	-1.466	1.4723	-1.4723	1.4813	-1.4813	1.4888	-1.4888	-1.4988	1.4988	-1.5099	1.5099	-1.513	1.513	-1.5235	1.5235	1.5282	-1.5282	-1.5377	1.5377	1.5464	-1.5464	1.5587	-1.5587	-1.5651	1.5651	1.5703	-1.5703	1.5782	-1.5782	1.5828	-1.5828	1.595	-1.595	1.6004	-1.6004	-1.6132	1.6132	-1.6187	1.6187	1.6217	-1.6217	-1.6277	1.6277	1.64	-1.64	-1.6488	1.6488	1.6557	-1.6557	1.6625	-1.6625	1.6668	-1.6668	-1.673	1.673	-1.6796	1.6796	-1.6867	1.6867	-1.6901	1.6901	-1.6975	1.6975	1.7056	-1.7056	1.7105	-1.7105	1.721	-1.721	-1.7228	1.7228	1.7354	-1.7354	1.7399	-1.7399	1.7487	-1.7487	-1.7554	1.7554	-1.7581	1.7581	-1.7713	1.7713	-1.7736	1.7736	-1.7835	1.7835	-1.7903	1.7903	1.798	-1.798	1.8059	-1.8059	-1.8148	1.8148	1.8234	-1.8234	1.827	-1.827	1.834	-1.834	1.8401	-1.8401	-1.8538	1.8538	1.8584	-1.8584	-1.8667	1.8667	1.8788	-1.8788	1.8822	-1.8822	-1.8867	1.8867	1.8989	-1.8989	-1.9102	1.9102	-1.9146	1.9146	1.9236	-1.9236	-1.9394	1.9394	-1.9448	1.9448	1.9539	-1.9539	1.9595	-1.9595	-1.9651	1.9651	1.9752	-1.9752	-1.9842	1.9842	-1.9938	1.9938	-1.999	1.999	2.0082	-2.0082	-2.0159	2.0159	2.0217	-2.0217	-2.0283	2.0283	-2.0357	2.0357	-2.0447	2.0447	2.0506	-2.0506	-2.057	2.057	2.0609	-2.0609	-2.077	2.077	-2.0794	2.0794	2.0865	-2.0865	2.0909	-2.0909	-2.1015	2.1015	2.1132	-2.1132	-2.1279	2.1279	2.1333	-2.1333	
0.21053	0.2	0.16221	-0.16221	-0.18209	0.18209	0.2011	-0.2011	-0.21108	0.21108	0.253	-0.253	-0.26758	0.26758	-0.27418	0.27418	0.28347	-0.28347	-0.30547	0.30547	-0.42475	0.42475	-0.4865	0.4865	0.4947	-0.4947	0.51748	-0.51748	0.53586	-0.53586	0.55683	-0.55683	-0.59113	0.59113	0.61166	-0.61166	-0.6208	0.6208	-0.63362	0.63362	0.64173	-0.64173	0.65101	-0.65101	-0.66561	0.66561	0.67453	-0.67453	0.69119	-0.69119	-0.69978	0.69978	0.71933	-0.71933	-0.72604	0.72604	-0.74369	0.74369	-0.76091	0.76091	0.76757	-0.76757	-0.78372	0.78372	0.79638	-0.79638	0.80511	-0.80511	-0.81693	0.81693	0.82508	-0.82508	0.83415	-0.83415	0.84031	-0.84031	-0.86029	0.86029	-0.86589	0.86589	-0.87398	0.87398	0.88152	-0.88152	0.90083	-0.90083	-0.90982	0.90982	-0.91986	0.91986	-0.92753	0.92753	0.93817	-0.93817	-0.94685	0.94685	-0.9532	0.9532	0.96078	-0.96078	0.97998	-0.97998	-0.98719	0.98719	0.99195	-0.99195	-1.002	1.002	1.0097	-1.0097	1.0161	-1.0161	1.0237	-1.0237	1.0338	-1.0338	1.0374	-1.0374	-1.0435	1.0435	1.0492	-1.0492	1.059	-1.059	1.0611	-1.0611	-1.0666	1.0666	1.0755	-1.0755	1.0816	-1.0816	-1.084	1.084	-1.0977	1.0977	1.1039	-1.1039	1.1112	-1.1112	1.1216	-1.1216	-1.1294	1.1294	-1.1428	1.1428	-1.1608	1.1608	1.1631	-1.1631	-1.1694	1.1694	1.1753	-1.1753	1.1827	-1.1827	-1.1884	1.1884	1.195	-1.195	1.2018	-1.2018	1.2128	-1.2128	-1.22	1.22	-1.225	1.225	-1.2298	1.2298	-1.2356	1.2356	1.2449	-1.2449	1.2614	-1.2614	1.2669	-1.2669	1.2707	-1.2707	-1.2778	1.2778	1.2806	-1.2806	-1.2941	1.2941	-1.3015	1.3015	1.3052	-1.3052	1.311	-1.311	1.3231	-1.3231	1.3298	-1.3298	-1.3351	1.3351	1.352	-1.352	1.3538	-1.3538	-1.3692	1.3692	-1.3768	1.3768	-1.3805	1.3805	-1.3869	1.3869	1.3994	-1.3994	-1.4107	1.4107	-1.415	1.415	-1.4296	1.4296	-1.4366	1.4366	-1.4475	1.4475	-1.4529	1.4529	1.4594	-1.4594	1.4649	-1.4649	-1.4707	1.4707	-1.4814	1.4814	1.4864	-1.4864	-1.4974	1.4974	-1.5086	1.5086	-1.5114	1.5114	1.5237	-1.5237	1.5283	-1.5283	-1.5368	1.5368	1.5459	-1.5459	1.5572	-1.5572	1.5642	-1.5642	1.5687	-1.5687	1.5772	-1.5772	1.5814	-1.5814	1.5933	-1.5933	-1.5995	1.5995	1.612	-1.612	-1.6164	1.6164	1.6199	-1.6199	1.6269	-1.6269	-1.6394	1.6394	-1.647	1.647	1.6546	-1.6546	1.6599	-1.6599	-1.6645	1.6645	1.6718	-1.6718	-1.6797	1.6797	-1.684	1.684	1.689	-1.689	1.6967	-1.6967	1.7048	-1.7048	1.7081	-1.7081	1.7184	-1.7184	1.7212	-1.7212	1.7319	-1.7319	-1.7385	1.7385	-1.7462	1.7462	-1.7542	1.7542	-1.757	1.757	1.7693	-1.7693	1.7712	-1.7712	-1.7812	1.7812	1.7875	-1.7875	-1.7969	1.7969	1.8046	-1.8046	-1.8128	1.8128	1.8222	-1.8222	1.8264	-1.8264	-1.8314	1.8314	1.8379	-1.8379	-1.8527	1.8527	1.8556	-1.8556	1.8657	-1.8657	-1.8782	1.8782	1.8808	-1.8808	-1.8867	1.8867	-1.8979	1.8979	-1.9092	1.9092	-1.9154	1.9154	1.9246	-1.9246	1.9397	-1.9397	-1.9445	1.9445	1.9547	-1.9547	1.9604	-1.9604	1.9654	-1.9654	1.9755	-1.9755	1.9852	-1.9852	-1.9946	1.9946	2.0004	-2.0004	2.0085	-2.0085	-2.0166	2.0166	2.0227	-2.0227	2.0281	-2.0281	-2.0359	2.0359	-2.0448	2.0448	2.0511	-2.0511	-2.0571	2.0571	-2.0623	2.0623	2.0777	-2.0777	2.0798	-2.0798	-2.0874	2.0874	-2.0909	2.0909	-2.1019	2.1019	2.1134	-2.1134	2.1271	-2.1271	2.1334	-2.1334	
0.21053	0.22	-0.15163	0.15163	0.17086	-0.17086	0.18887	-0.18887	0.19883	-0.19883	-0.23972	0.23972	0.2524	-0.2524	-0.25966	0.25966	0.26966	-0.26966	-0.29297	0.29297	-0.41322	0.41322	-0.47192	0.47192	0.4882	-0.4882	0.50568	-0.50568	0.5327	-0.5327	0.55616	-0.55616	0.59065	-0.59065	0.61068	-0.61068	0.62078	-0.62078	-0.62672	0.62672	-0.63468	0.63468	0.64627	-0.64627	0.6617	-0.6617	-0.66493	0.66493	-0.68921	0.68921	-0.69977	0.69977	0.71312	-0.71312	-0.71852	0.71852	0.74158	-0.74158	-0.759	0.759	-0.76572	0.76572	0.78131	-0.78131	0.79268	-0.79268	0.8031	-0.8031	0.81515	-0.81515	0.82459	-0.82459	0.83326	-0.83326	-0.84032	0.84032	0.85475	-0.85475	0.86489	-0.86489	-0.87167	0.87167	-0.88093	0.88093	0.90015	-0.90015	-0.90394	0.90394	0.91895	-0.91895	0.92383	-0.92383	0.93608	-0.93608	0.94532	-0.94532	-0.95273	0.95273	-0.9595	0.9595	0.98	-0.98	-0.98577	0.98577	0.99143	-0.99143	1.0008	-1.0008	-1.0086	1.0086	1.0151	-1.0151	-1.0223	1.0223	1.0322	-1.0322	-1.0356	1.0356	1.0422	-1.0422	-1.0468	1.0468	1.0561	-1.0561	1.0587	-1.0587	1.0656	-1.0656	-1.0745	1.0745	1.0802	-1.0802	1.0826	-1.0826	-1.0975	1.0975	-1.1029	1.1029	1.1104	-1.1104	-1.1208	1.1208	1.1288	-1.1288	-1.1411	1.1411	-1.1577	1.1577	-1.1608	1.1608	1.1681	-1.1681	1.1731	-1.1731	-1.1798	1.1798	-1.1871	1.1871	1.1926	-1.1926	1.1987	-1.1987	1.2106	-1.2106	-1.2184	1.2184	1.2231	-1.2231	-1.2273	1.2273	1.2339	-1.2339	-1.2436	1.2436	1.2603	-1.2603	-1.265	1.265	1.2672	-1.2672	1.2766	-1.2766	-1.2792	1.2792	1.2937	-1.2937	-1.301	1.301	-1.3035	1.3035	-1.3093	1.3093	1.3212	-1.3212	-1.3274	1.3274	-1.3348	1.3348	-1.3514	1.3514	-1.3533	1.3533	1.3693	-1.3693	1.3763	-1.3763	1.3803	-1.3803	-1.3875	1.3875	-1.3996	1.3996	-1.4113	1.4113	-1.4145	1.4145	1.4276	-1.4276	-1.4361	1.4361	1.4444	-1.4444	1.4519	-1.4519	1.459	-1.459	1.4641	-1.4641	1.4692	-1.4692	-1.4814	1.4814	-1.4841	1.4841	1.496	-1.496	-1.507	1.507	-1.5099	1.5099	1.5235	-1.5235	1.5284	-1.5284	1.5357	-1.5357	1.5454	-1.5454	1.5553	-1.5553	-1.5629	1.5629	-1.5672	1.5672	-1.5756	1.5756	-1.5804	1.5804	1.592	-1.592	1.5986	-1.5986	1.6099	-1.6099	1.6133	-1.6133	1.619	-1.619	-1.6263	1.6263	1.6379	-1.6379	-1.6448	1.6448	1.6533	-1.6533	1.6566	-1.6566	1.6629	-1.6629	-1.6701	1.6701	1.6789	-1.6789	-1.6817	1.6817	1.6877	-1.6877	1.6958	-1.6958	1.7031	-1.7031	1.7068	-1.7068	-1.7158	1.7158	-1.7195	1.7195	1.7276	-1.7276	-1.7373	1.7373	1.7434	-1.7434	-1.7527	1.7527	1.756	-1.756	-1.7663	1.7663	-1.7692	1.7692	-1.7786	1.7786	1.7852	-1.7852	-1.7957	1.7957	-1.8033	1.8033	1.8107	-1.8107	-1.8209	1.8209	1.8253	-1.8253	-1.8289	1.8289	-1.8359	1.8359	1.851	-1.851	1.8536	-1.8536	1.8648	-1.8648	1.8775	-1.8775	-1.8795	1.8795	1.8867	-1.8867	1.897	-1.897	-1.9082	1.9082	-1.9163	1.9163	1.9256	-1.9256	-1.9399	1.9399	1.9442	-1.9442	-1.9554	1.9554	-1.9611	1.9611	1.9657	-1.9657	-1.9757	1.9757	-1.9859	1.9859	-1.9951	1.9951	2.0017	-2.0017	-2.0089	2.0089	2.0173	-2.0173	-2.0236	2.0236	-2.0278	2.0278	2.0361	-2.0361	-2.0448	2.0448	2.0513	-2.0513	2.0573	-2.0573	2.0638	-2.0638	2.0782	-2.0782	2.0801	-2.0801	-2.0882	2.0882	2.0912	-2.0912	-2.1023	2.1023	-2.1137	2.1137	-2.1264	2.1264	2.1334	-2.1334	
0.21053	0.24	0.14015	-0.14015	-0.15877	0.15877	-0.1758	0.1758	0.18583	-0.18583	0.22566	-0.22566	0.23666	-0.23666	0.24455	-0.24455	-0.25522	0.25522	-0.27969	0.27969	0.40082	-0.40082	0.45624	-0.45624	0.47752	-0.47752	-0.49247	0.49247	-0.53266	0.53266	-0.55589	0.55589	0.58797	-0.58797	-0.60597	0.60597	0.61637	-0.61637	0.62159	-0.62159	-0.62938	0.62938	-0.64361	0.64361	0.65184	-0.65184	0.66226	-0.66226	-0.68481	0.68481	0.69919	-0.69919	0.70524	-0.70524	0.71287	-0.71287	0.74077	-0.74077	0.75599	-0.75599	0.76158	-0.76158	0.77787	-0.77787	0.78873	-0.78873	0.80235	-0.80235	-0.8132	0.8132	-0.82321	0.82321	-0.83215	0.83215	-0.83941	0.83941	0.84929	-0.84929	-0.86357	0.86357	-0.87107	0.87107	-0.8805	0.8805	-0.89431	0.89431	0.90111	-0.90111	-0.91791	0.91791	-0.92193	0.92193	0.93427	-0.93427	0.94404	-0.94404	0.95229	-0.95229	0.95832	-0.95832	0.97985	-0.97985	-0.98421	0.98421	0.99093	-0.99093	0.99966	-0.99966	1.0073	-1.0073	-1.0139	1.0139	1.0207	-1.0207	1.0297	-1.0297	1.0327	-1.0327	-1.0388	1.0388	1.0457	-1.0457	1.0522	-1.0522	-1.0581	1.0581	-1.0644	1.0644	-1.0734	1.0734	1.0784	-1.0784	1.0818	-1.0818	-1.097	1.097	-1.1015	1.1015	1.1098	-1.1098	-1.1197	1.1197	-1.1283	1.1283	1.1389	-1.1389	1.1517	-1.1517	-1.1597	1.1597	-1.1664	1.1664	-1.1711	1.1711	1.1771	-1.1771	1.1848	-1.1848	-1.1905	1.1905	1.1962	-1.1962	-1.2081	1.2081	1.2166	-1.2166	1.2205	-1.2205	1.2241	-1.2241	1.2325	-1.2325	1.2424	-1.2424	1.2582	-1.2582	-1.2623	1.2623	-1.2651	1.2651	-1.2739	1.2739	-1.2782	1.2782	1.2933	-1.2933	1.2984	-1.2984	1.3036	-1.3036	-1.3073	1.3073	-1.3192	1.3192	-1.3259	1.3259	-1.3348	1.3348	1.3504	-1.3504	-1.3532	1.3532	1.3694	-1.3694	1.3757	-1.3757	1.3806	-1.3806	1.3881	-1.3881	1.3997	-1.3997	1.4118	-1.4118	-1.414	1.414	1.4248	-1.4248	1.4354	-1.4354	1.4412	-1.4412	-1.4507	1.4507	-1.4588	1.4588	-1.4631	1.4631	1.468	-1.468	1.4806	-1.4806	1.4827	-1.4827	1.4946	-1.4946	-1.5052	1.5052	1.5086	-1.5086	1.5229	-1.5229	-1.5283	1.5283	1.5345	-1.5345	1.5448	-1.5448	-1.553	1.553	-1.5613	1.5613	-1.566	1.566	-1.5739	1.5739	1.5796	-1.5796	1.5908	-1.5908	1.5975	-1.5975	-1.606	1.606	1.6112	-1.6112	1.6181	-1.6181	1.6258	-1.6258	-1.6352	1.6352	-1.6428	1.6428	-1.6516	1.6516	1.6536	-1.6536	-1.6609	1.6609	1.6681	-1.6681	-1.6762	1.6762	-1.6811	1.6811	1.6861	-1.6861	1.6946	-1.6946	-1.7015	1.7015	1.706	-1.706	1.7132	-1.7132	-1.7169	1.7169	-1.7237	1.7237	-1.7354	1.7354	1.7405	-1.7405	-1.7506	1.7506	-1.7547	1.7547	1.7635	-1.7635	1.7673	-1.7673	1.7758	-1.7758	-1.7836	1.7836	1.7942	-1.7942	1.802	-1.802	-1.8085	1.8085	1.8195	-1.8195	-1.8231	1.8231	1.8277	-1.8277	-1.8341	1.8341	-1.8487	1.8487	-1.8526	1.8526	-1.864	1.864	-1.8768	1.8768	-1.8784	1.8784	-1.8866	1.8866	-1.8962	1.8962	1.9072	-1.9072	1.9171	-1.9171	1.9265	-1.9265	1.9401	-1.9401	1.944	-1.944	-1.9561	1.9561	1.9616	-1.9616	1.966	-1.966	-1.976	1.976	1.9866	-1.9866	1.9953	-1.9953	2.003	-2.003	-2.0093	2.0093	2.0181	-2.0181	2.0244	-2.0244	2.0275	-2.0275	-2.0364	2.0364	2.0449	-2.0449	2.0514	-2.0514	2.0577	-2.0577	-2.0652	2.0652	2.0785	-2.0785	2.0804	-2.0804	2.0884	-2.0884	-2.092	2.092	-2.1028	2.1028	2.1141	-2.1141	2.1258	-2.1258	2.1334	-2.1334	
0.21053	0.26	0.1278	-0.1278	0.14585	-0.14585	0.16194	-0.16194	-0.1721	0.1721	0.21083	-0.21083	-0.22041	0.22041	0.22888	-0.22888	0.24014	-0.24014	0.26565	-0.26565	-0.38762	0.38762	0.43987	-0.43987	-0.46414	0.46414	-0.4779	0.4779	0.53448	-0.53448	0.55483	-0.55483	-0.5829	0.5829	-0.59658	0.59658	0.60793	-0.60793	0.61746	-0.61746	0.62784	-0.62784	-0.64079	0.64079	0.6435	-0.6435	0.66092	-0.66092	-0.67784	0.67784	0.6932	-0.6932	0.70017	-0.70017	-0.71115	0.71115	0.73977	-0.73977	-0.75124	0.75124	-0.75465	0.75465	0.77482	-0.77482	-0.78568	0.78568	-0.80179	0.80179	0.81041	-0.81041	-0.82035	0.82035	0.83085	-0.83085	-0.83622	0.83622	-0.8477	0.8477	0.86183	-0.86183	-0.87104	0.87104	-0.87905	0.87905	0.88597	-0.88597	0.90101	-0.90101	0.91677	-0.91677	0.92108	-0.92108	0.93264	-0.93264	0.94295	-0.94295	0.95181	-0.95181	-0.95714	0.95714	0.97949	-0.97949	0.98253	-0.98253	-0.99035	0.99035	-0.99845	0.99845	1.0059	-1.0059	-1.0121	1.0121	1.0185	-1.0185	-1.0247	1.0247	1.0289	-1.0289	-1.0364	1.0364	1.0453	-1.0453	1.0491	-1.0491	-1.0575	1.0575	1.0632	-1.0632	-1.072	1.072	-1.0767	1.0767	1.0812	-1.0812	-1.0961	1.0961	-1.1	1.1	1.1093	-1.1093	-1.1184	1.1184	-1.1275	1.1275	-1.1353	1.1353	-1.1454	1.1454	-1.1585	1.1585	-1.1644	1.1644	1.1686	-1.1686	1.1747	-1.1747	-1.1817	1.1817	1.1885	-1.1885	1.1945	-1.1945	1.2052	-1.2052	-1.213	1.213	1.2175	-1.2175	1.2217	-1.2217	1.2311	-1.2311	1.2407	-1.2407	1.2553	-1.2553	-1.2594	1.2594	1.2637	-1.2637	-1.2696	1.2696	1.2779	-1.2779	-1.2927	1.2927	1.2954	-1.2954	-1.3035	1.3035	1.306	-1.306	-1.3176	1.3176	1.3254	-1.3254	-1.335	1.335	-1.3493	1.3493	-1.3534	1.3534	-1.3696	1.3696	1.3753	-1.3753	-1.3809	1.3809	1.3887	-1.3887	1.3994	-1.3994	1.4119	-1.4119	1.4136	-1.4136	-1.4216	1.4216	1.4341	-1.4341	-1.4389	1.4389	-1.4492	1.4492	-1.4586	1.4586	-1.4617	1.4617	1.4671	-1.4671	1.4783	-1.4783	1.4826	-1.4826	1.4932	-1.4932	1.5031	-1.5031	1.5072	-1.5072	1.5216	-1.5216	1.5277	-1.5277	1.5333	-1.5333	1.5436	-1.5436	-1.551	1.551	1.5594	-1.5594	-1.5652	1.5652	1.5722	-1.5722	-1.5788	1.5788	1.5896	-1.5896	1.5954	-1.5954	1.6018	-1.6018	1.6097	-1.6097	1.6168	-1.6168	-1.6254	1.6254	1.6312	-1.6312	1.6412	-1.6412	1.6487	-1.6487	-1.6516	1.6516	-1.6574	1.6574	1.6664	-1.6664	1.6732	-1.6732	1.6808	-1.6808	-1.6843	1.6843	-1.6933	1.6933	-1.7003	1.7003	1.7043	-1.7043	1.7107	-1.7107	-1.7133	1.7133	1.7215	-1.7215	1.7321	-1.7321	1.738	-1.738	-1.7482	1.7482	1.753	-1.753	-1.7615	1.7615	1.7652	-1.7652	1.773	-1.773	1.7824	-1.7824	-1.7921	1.7921	1.8005	-1.8005	-1.8065	1.8065	-1.8175	1.8175	-1.821	1.821	-1.8273	1.8273	-1.8324	1.8324	1.8465	-1.8465	-1.8519	1.8519	-1.8633	1.8633	1.8758	-1.8758	-1.8776	1.8776	1.8866	-1.8866	1.8954	-1.8954	-1.9063	1.9063	1.9179	-1.9179	1.9274	-1.9274	-1.9402	1.9402	-1.9437	1.9437	-1.9567	1.9567	1.9619	-1.9619	-1.9663	1.9663	-1.9764	1.9764	-1.987	1.987	1.9955	-1.9955	-2.004	2.004	-2.0095	2.0095	2.0189	-2.0189	2.025	-2.025	-2.0273	2.0273	2.0367	-2.0367	-2.0451	2.0451	2.0512	-2.0512	2.0582	-2.0582	2.0666	-2.0666	-2.0785	2.0785	2.0806	-2.0806	-2.0884	2.0884	2.0932	-2.0932	-2.1033	2.1033	2.1146	-2.1146	2.1253	-2.1253	2.1333	-2.1333	
0.21053	0.28	0.11459	-0.11459	-0.13212	0.13212	-0.14732	0.14732	0.15769	-0.15769	0.1953	-0.1953	0.20366	-0.20366	-0.21267	0.21267	0.22444	-0.22444	-0.2509	0.2509	0.37368	-0.37368	0.42288	-0.42288	-0.44917	0.44917	-0.46224	0.46224	-0.53685	0.53685	0.55178	-0.55178	-0.57585	0.57585	-0.5848	0.5848	0.59802	-0.59802	-0.61129	0.61129	-0.62764	0.62764	0.63381	-0.63381	-0.64324	0.64324	-0.65784	0.65784	0.6701	-0.6701	0.68265	-0.68265	0.69971	-0.69971	0.71115	-0.71115	0.73575	-0.73575	-0.74379	0.74379	0.74845	-0.74845	0.77258	-0.77258	0.78358	-0.78358	0.79953	-0.79953	0.80626	-0.80626	-0.81759	0.81759	0.82752	-0.82752	0.83501	-0.83501	0.8481	-0.8481	0.85914	-0.85914	-0.87047	0.87047	0.87335	-0.87335	-0.88297	0.88297	0.90117	-0.90117	0.91561	-0.91561	0.92062	-0.92062	-0.93119	0.93119	-0.94199	0.94199	0.95127	-0.95127	-0.95588	0.95588	0.97878	-0.97878	0.98076	-0.98076	0.98958	-0.98958	-0.99711	0.99711	1.004	-1.004	-1.0091	1.0091	-1.0139	1.0139	-1.0197	1.0197	-1.026	1.026	1.0351	-1.0351	1.0449	-1.0449	1.0464	-1.0464	-1.0566	1.0566	1.0618	-1.0618	-1.0702	1.0702	1.0752	-1.0752	-1.0806	1.0806	-1.0948	1.0948	-1.0983	1.0983	1.1086	-1.1086	1.1166	-1.1166	-1.1258	1.1258	-1.1304	1.1304	1.1405	-1.1405	-1.1567	1.1567	1.1617	-1.1617	1.1655	-1.1655	-1.1726	1.1726	1.1787	-1.1787	-1.1862	1.1862	-1.1934	1.1934	1.202	-1.202	-1.2071	1.2071	1.2155	-1.2155	-1.2197	1.2197	-1.2292	1.2292	-1.2386	1.2386	-1.2521	1.2521	1.2565	-1.2565	-1.2625	1.2625	-1.2643	1.2643	1.278	-1.278	-1.2912	1.2912	1.293	-1.293	-1.3024	1.3024	-1.3064	1.3064	1.3166	-1.3166	-1.3254	1.3254	1.3352	-1.3352	-1.3481	1.3481	-1.3537	1.3537	-1.3696	1.3696	-1.375	1.375	1.3813	-1.3813	1.3891	-1.3891	1.3984	-1.3984	1.4108	-1.4108	-1.4138	1.4138	1.4185	-1.4185	1.4323	-1.4323	-1.4376	1.4376	-1.4474	1.4474	-1.4583	1.4583	-1.4603	1.4603	-1.4664	1.4664	1.4757	-1.4757	1.4829	-1.4829	1.4917	-1.4917	1.5005	-1.5005	-1.5059	1.5059	1.5195	-1.5195	-1.5265	1.5265	1.5325	-1.5325	-1.5418	1.5418	-1.5495	1.5495	1.5573	-1.5573	-1.5643	1.5643	-1.5706	1.5706	-1.5778	1.5778	1.5875	-1.5875	-1.5919	1.5919	1.5991	-1.5991	1.6083	-1.6083	1.6148	-1.6148	-1.6244	1.6244	1.6275	-1.6275	1.6396	-1.6396	1.6453	-1.6453	1.6492	-1.6492	-1.6536	1.6536	1.6649	-1.6649	-1.6702	1.6702	1.6804	-1.6804	1.6824	-1.6824	1.6914	-1.6914	-1.6991	1.6991	1.7015	-1.7015	-1.7076	1.7076	-1.7109	1.7109	-1.7201	1.7201	1.7276	-1.7276	1.7358	-1.7358	1.7457	-1.7457	-1.7512	1.7512	1.7603	-1.7603	-1.7623	1.7623	-1.7707	1.7707	-1.7815	1.7815	-1.7893	1.7893	-1.7991	1.7991	-1.8046	1.8046	1.8152	-1.8152	1.8197	-1.8197	1.827	-1.827	-1.831	1.831	-1.8446	1.8446	-1.8513	1.8513	1.8626	-1.8626	1.8748	-1.8748	-1.8769	1.8769	1.8866	-1.8866	1.8947	-1.8947	-1.9054	1.9054	-1.9187	1.9187	1.9282	-1.9282	1.9402	-1.9402	-1.9434	1.9434	1.9572	-1.9572	-1.9621	1.9621	-1.9666	1.9666	-1.9768	1.9768	1.9874	-1.9874	1.9956	-1.9956	-2.0047	2.0047	2.0097	-2.0097	-2.0194	2.0194	-2.0255	2.0255	2.0274	-2.0274	2.0371	-2.0371	2.0453	-2.0453	2.051	-2.051	2.0587	-2.0587	-2.0678	2.0678	-2.0785	2.0785	2.0808	-2.0808	2.0883	-2.0883	2.0945	-2.0945	-2.1038	2.1038	2.1151	-2.1151	-2.1248	2.1248	2.1332	-2.1332	
0.21053	0.3	0.10055	-0.10055	-0.11762	0.11762	0.13199	-0.13199	-0.14264	0.14264	0.17909	-0.17909	-0.18645	0.18645	0.19594	-0.19594	0.20815	-0.20815	-0.23546	0.23546	-0.35905	0.35905	0.40532	-0.40532	0.43315	-0.43315	-0.44571	0.44571	0.53817	-0.53817	0.54623	-0.54623	0.56656	-0.56656	-0.5725	0.5725	-0.58867	0.58867	-0.60162	0.60162	0.62653	-0.62653	-0.63102	0.63102	-0.6429	0.6429	0.65155	-0.65155	-0.662	0.662	0.67541	-0.67541	0.69936	-0.69936	-0.71159	0.71159	0.72629	-0.72629	0.73358	-0.73358	0.74664	-0.74664	-0.7708	0.7708	0.78186	-0.78186	-0.79216	0.79216	-0.80387	0.80387	0.81601	-0.81601	-0.82355	0.82355	0.83532	-0.83532	-0.84722	0.84722	-0.85488	0.85488	0.8657	-0.8657	0.8722	-0.8722	0.88281	-0.88281	-0.90145	0.90145	-0.91444	0.91444	-0.92028	0.92028	-0.92991	0.92991	0.94108	-0.94108	0.95059	-0.95059	-0.95447	0.95447	0.97708	-0.97708	0.97921	-0.97921	-0.98817	0.98817	-0.99511	0.99511	-0.9998	0.9998	-1.0048	1.0048	1.0099	-1.0099	1.0171	-1.0171	1.0234	-1.0234	-1.0339	1.0339	-1.0429	1.0429	-1.0449	1.0449	1.0555	-1.0555	1.0603	-1.0603	1.0681	-1.0681	-1.0738	1.0738	-1.0798	1.0798	-1.0931	1.0931	1.0963	-1.0963	-1.1069	1.1069	-1.1142	1.1142	1.1216	-1.1216	-1.1276	1.1276	-1.1368	1.1368	-1.1536	1.1536	-1.1585	1.1585	1.1622	-1.1622	-1.1703	1.1703	1.1758	-1.1758	1.1836	-1.1836	-1.1923	1.1923	-1.1975	1.1975	-1.2019	1.2019	-1.2128	1.2128	-1.2181	1.2181	1.2261	-1.2261	1.2364	-1.2364	1.2483	-1.2483	1.2538	-1.2538	1.2587	-1.2587	1.2615	-1.2615	-1.2783	1.2783	-1.2887	1.2887	-1.2916	1.2916	1.3018	-1.3018	-1.3072	1.3072	-1.316	1.316	-1.3256	1.3256	1.3353	-1.3353	1.3468	-1.3468	-1.354	1.354	-1.369	1.369	1.3749	-1.3749	1.3814	-1.3814	1.389	-1.389	1.3969	-1.3969	-1.4091	1.4091	-1.4141	1.4141	1.4165	-1.4165	-1.4302	1.4302	1.4368	-1.4368	-1.4452	1.4452	1.4572	-1.4572	1.4592	-1.4592	-1.4658	1.4658	1.473	-1.473	-1.4832	1.4832	1.4901	-1.4901	-1.4971	1.4971	-1.5044	1.5044	1.5168	-1.5168	1.5248	-1.5248	-1.532	1.532	1.5398	-1.5398	1.5481	-1.5481	1.5552	-1.5552	-1.5633	1.5633	-1.5693	1.5693	-1.5763	1.5763	1.583	-1.583	-1.5893	1.5893	-1.5975	1.5975	-1.6067	1.6067	1.6115	-1.6115	1.622	-1.622	-1.6259	1.6259	-1.6371	1.6371	1.6417	-1.6417	1.6455	-1.6455	-1.6509	1.6509	1.6625	-1.6625	1.6677	-1.6677	1.6794	-1.6794	1.6806	-1.6806	1.6885	-1.6885	-1.6969	1.6969	1.699	-1.699	-1.7046	1.7046	-1.7101	1.7101	1.7185	-1.7185	1.7235	-1.7235	1.7331	-1.7331	-1.7437	1.7437	1.7492	-1.7492	-1.7586	1.7586	-1.7596	1.7596	-1.7693	1.7693	1.7808	-1.7808	-1.7859	1.7859	-1.7979	1.7979	1.8029	-1.8029	-1.8133	1.8133	1.8189	-1.8189	1.8265	-1.8265	1.83	-1.83	1.8431	-1.8431	1.8509	-1.8509	-1.8619	1.8619	-1.8737	1.8737	1.8764	-1.8764	-1.8866	1.8866	-1.8939	1.8939	1.9047	-1.9047	-1.9194	1.9194	1.9289	-1.9289	1.9403	-1.9403	1.943	-1.943	-1.9574	1.9574	-1.9622	1.9622	1.9669	-1.9669	1.9772	-1.9772	-1.9877	1.9877	1.9957	-1.9957	-2.0053	2.0053	-2.0098	2.0098	2.0196	-2.0196	-2.0258	2.0258	2.0279	-2.0279	-2.0374	2.0374	2.0456	-2.0456	-2.0507	2.0507	2.0592	-2.0592	-2.0688	2.0688	-2.0785	2.0785	2.0809	-2.0809	-2.0882	2.0882	-2.096	2.096	-2.1043	2.1043	2.1155	-2.1155	2.1244	-2.1244	-2.1331	2.1331	
0.21053	0.32	0.085715	-0.085715	-0.10241	0.10241	-0.11598	0.11598	0.12701	-0.12701	0.16226	-0.16226	0.16883	-0.16883	-0.17872	0.17872	0.19128	-0.19128	0.21939	-0.21939	-0.34381	0.34381	0.38721	-0.38721	0.4163	-0.4163	-0.42845	0.42845	-0.53223	0.53223	0.54315	-0.54315	0.55387	-0.55387	-0.56112	0.56112	-0.57958	0.57958	-0.59206	0.59206	-0.62226	0.62226	0.63112	-0.63112	-0.63772	0.63772	-0.64702	0.64702	0.6532	-0.6532	-0.67328	0.67328	-0.69815	0.69815	-0.70975	0.70975	-0.7163	0.7163	-0.72232	0.72232	0.74654	-0.74654	0.76868	-0.76868	0.77757	-0.77757	0.78488	-0.78488	-0.80225	0.80225	-0.81476	0.81476	-0.81995	0.81995	0.83501	-0.83501	-0.84092	0.84092	-0.85355	0.85355	0.86289	-0.86289	0.87242	-0.87242	0.88306	-0.88306	0.90178	-0.90178	0.91327	-0.91327	0.91992	-0.91992	-0.92878	0.92878	0.94014	-0.94014	0.94964	-0.94964	0.95288	-0.95288	-0.97304	0.97304	0.97798	-0.97798	0.98446	-0.98446	-0.99131	0.99131	0.99608	-0.99608	1.0026	-1.0026	1.0068	-1.0068	1.015	-1.015	1.0209	-1.0209	-1.0326	1.0326	1.0396	-1.0396	1.0444	-1.0444	-1.0541	1.0541	-1.0587	1.0587	1.0659	-1.0659	-1.0724	1.0724	-1.0787	1.0787	1.0911	-1.0911	-1.093	1.093	-1.1033	1.1033	1.1117	-1.1117	-1.1182	1.1182	-1.1261	1.1261	-1.1332	1.1332	1.1491	-1.1491	1.1545	-1.1545	1.159	-1.159	1.1676	-1.1676	1.1725	-1.1725	1.1812	-1.1812	-1.1903	1.1903	-1.1923	1.1923	1.1986	-1.1986	-1.2089	1.2089	-1.2167	1.2167	1.2223	-1.2223	-1.2348	1.2348	-1.244	1.244	1.2497	-1.2497	1.2553	-1.2553	1.2605	-1.2605	-1.2787	1.2787	-1.2865	1.2865	1.2903	-1.2903	-1.3018	1.3018	1.3079	-1.3079	-1.3158	1.3158	-1.326	1.326	-1.3353	1.3353	1.3456	-1.3456	1.3543	-1.3543	-1.3675	1.3675	-1.375	1.375	1.3813	-1.3813	1.3882	-1.3882	1.3955	-1.3955	-1.4076	1.4076	-1.4137	1.4137	1.4156	-1.4156	1.4281	-1.4281	1.4356	-1.4356	-1.4429	1.4429	1.4553	-1.4553	-1.4585	1.4585	1.4651	-1.4651	1.4701	-1.4701	1.4833	-1.4833	1.488	-1.488	1.493	-1.493	-1.5031	1.5031	-1.514	1.514	1.5228	-1.5228	-1.5316	1.5316	-1.5379	1.5379	-1.546	1.546	1.5532	-1.5532	-1.5618	1.5618	1.5681	-1.5681	-1.5736	1.5736	-1.579	1.579	1.5871	-1.5871	-1.5955	1.5955	-1.6045	1.6045	1.6074	-1.6074	1.6199	-1.6199	-1.625	1.625	1.6334	-1.6334	1.6383	-1.6383	-1.6415	1.6415	-1.6487	1.6487	-1.6586	1.6586	1.6659	-1.6659	-1.6771	1.6771	1.6794	-1.6794	-1.685	1.685	-1.6934	1.6934	1.6975	-1.6975	-1.7027	1.7027	-1.709	1.709	-1.716	1.716	1.7214	-1.7214	-1.7301	1.7301	-1.742	1.742	-1.7466	1.7466	1.7548	-1.7548	1.7587	-1.7587	1.7685	-1.7685	1.78	-1.78	1.7827	-1.7827	1.7968	-1.7968	-1.8014	1.8014	-1.812	1.812	-1.8183	1.8183	1.8257	-1.8257	-1.8294	1.8294	1.8418	-1.8418	-1.8505	1.8505	1.8613	-1.8613	-1.8727	1.8727	-1.8759	1.8759	1.8865	-1.8865	1.8932	-1.8932	1.904	-1.904	1.92	-1.92	-1.9296	1.9296	-1.9403	1.9403	1.9427	-1.9427	-1.9575	1.9575	-1.9624	1.9624	1.9672	-1.9672	-1.9776	1.9776	-1.988	1.988	1.9957	-1.9957	-2.0056	2.0056	-2.0099	2.0099	2.0194	-2.0194	-2.026	2.026	2.0286	-2.0286	-2.0378	2.0378	-2.0459	2.0459	-2.0504	2.0504	2.0595	-2.0595	2.0695	-2.0695	2.0785	-2.0785	-2.081	2.081	-2.0882	2.0882	2.0973	-2.0973	2.1047	-2.1047	-2.1159	2.1159	2.1242	-2.1242	-2.1331	2.1331	
0.21053	0.34	0.07011	-0.07011	-0.086537	0.086537	-0.099357	0.099357	0.11087	-0.11087	0.14486	-0.14486	-0.15085	0.15085	0.16105	-0.16105	0.17388	-0.17388	-0.20273	0.20273	0.32803	-0.32803	0.36857	-0.36857	0.39878	-0.39878	0.41054	-0.41054	0.51968	-0.51968	0.53785	-0.53785	0.53982	-0.53982	-0.55336	0.55336	-0.56703	0.56703	0.58717	-0.58717	-0.6134	0.6134	0.62647	-0.62647	-0.63317	0.63317	0.64227	-0.64227	-0.65069	0.65069	0.67314	-0.67314	-0.69358	0.69358	0.69822	-0.69822	-0.71243	0.71243	0.71541	-0.71541	0.7465	-0.7465	-0.76222	0.76222	-0.77151	0.77151	0.78288	-0.78288	-0.79957	0.79957	-0.81245	0.81245	0.81662	-0.81662	0.82919	-0.82919	0.8383	-0.8383	-0.85432	0.85432	-0.8615	0.8615	-0.87263	0.87263	0.8834	-0.8834	0.90209	-0.90209	0.91205	-0.91205	-0.91946	0.91946	-0.92778	0.92778	0.93902	-0.93902	0.94803	-0.94803	-0.95104	0.95104	0.9648	-0.9648	-0.97649	0.97649	-0.97978	0.97978	-0.98899	0.98899	-0.99432	0.99432	1.0007	-1.0007	-1.0038	1.0038	1.0129	-1.0129	-1.0186	1.0186	-1.0308	1.0308	-1.0362	1.0362	1.0437	-1.0437	-1.0523	1.0523	1.0567	-1.0567	1.0636	-1.0636	1.0707	-1.0707	-1.0768	1.0768	-1.0878	1.0878	-1.0891	1.0891	1.0996	-1.0996	-1.1098	1.1098	1.116	-1.116	-1.1242	1.1242	1.1295	-1.1295	1.1442	-1.1442	-1.1482	1.1482	1.1563	-1.1563	-1.1647	1.1647	-1.1691	1.1691	1.1791	-1.1791	1.1857	-1.1857	-1.1888	1.1888	-1.1962	1.1962	-1.2041	1.2041	1.2151	-1.2151	-1.2184	1.2184	1.2334	-1.2334	1.2396	-1.2396	-1.2443	1.2443	-1.2539	1.2539	-1.2595	1.2595	-1.2788	1.2788	1.2852	-1.2852	1.2889	-1.2889	1.3019	-1.3019	-1.3083	1.3083	-1.3159	1.3159	1.3264	-1.3264	1.3349	-1.3349	1.3442	-1.3442	1.3546	-1.3546	1.3649	-1.3649	1.3753	-1.3753	-1.3808	1.3808	-1.3871	1.3871	-1.3948	1.3948	1.4063	-1.4063	1.4127	-1.4127	1.4153	-1.4153	1.4258	-1.4258	-1.4336	1.4336	-1.4409	1.4409	-1.4531	1.4531	-1.4574	1.4574	-1.4638	1.4638	-1.4677	1.4677	-1.4828	1.4828	-1.4849	1.4849	-1.4894	1.4894	1.5018	-1.5018	1.5115	-1.5115	-1.5205	1.5205	1.5306	-1.5306	1.5359	-1.5359	-1.5428	1.5428	1.5511	-1.5511	1.5599	-1.5599	1.5668	-1.5668	1.5701	-1.5701	1.5766	-1.5766	-1.5836	1.5836	-1.5928	1.5928	-1.6011	1.6011	-1.605	1.605	1.6181	-1.6181	-1.6234	1.6234	-1.6293	1.6293	-1.6344	1.6344	-1.638	1.638	1.6461	-1.6461	-1.6542	1.6542	-1.6642	1.6642	-1.6741	1.6741	-1.6781	1.6781	1.6819	-1.6819	1.6898	-1.6898	1.696	-1.696	1.7014	-1.7014	-1.7072	1.7072	1.7142	-1.7142	-1.7205	1.7205	-1.727	1.727	1.7394	-1.7394	-1.7438	1.7438	1.7519	-1.7519	1.7578	-1.7578	-1.7682	1.7682	1.7786	-1.7786	-1.7807	1.7807	-1.7959	1.7959	-1.8	1.8	-1.8111	1.8111	-1.8177	1.8177	-1.8247	1.8247	-1.8293	1.8293	1.8407	-1.8407	-1.8501	1.8501	-1.8607	1.8607	1.8717	-1.8717	1.8754	-1.8754	-1.8865	1.8865	1.8925	-1.8925	-1.9035	1.9035	-1.9205	1.9205	1.9301	-1.9301	-1.9403	1.9403	1.9423	-1.9423	1.9573	-1.9573	1.9626	-1.9626	1.9674	-1.9674	1.9779	-1.9779	1.9882	-1.9882	1.9957	-1.9957	2.0058	-2.0058	-2.0099	2.0099	2.019	-2.019	2.0262	-2.0262	-2.0293	2.0293	2.0382	-2.0382	-2.0463	2.0463	2.0501	-2.0501	-2.0597	2.0597	-2.07	2.07	2.0786	-2.0786	2.0811	-2.0811	-2.0884	2.0884	-2.0987	2.0987	2.1052	-2.1052	-2.1162	2.1162	2.1241	-2.1241	-2.1332	2.1332	
0.21053	0.36	0.053777	-0.053777	-0.070098	0.070098	0.082182	-0.082182	0.094318	-0.094318	0.12696	-0.12696	0.13259	-0.13259	0.14298	-0.14298	-0.15601	0.15601	0.18555	-0.18555	0.31181	-0.31181	0.34942	-0.34942	-0.38066	0.38066	0.39205	-0.39205	0.50472	-0.50472	-0.52244	0.52244	0.5267	-0.5267	-0.55062	0.55062	-0.55307	0.55307	0.58497	-0.58497	-0.60102	0.60102	0.61397	-0.61397	-0.63415	0.63415	0.63877	-0.63877	-0.65092	0.65092	-0.67273	0.67273	-0.68263	0.68263	-0.6856	0.6856	0.70808	-0.70808	-0.71604	0.71604	0.74337	-0.74337	-0.75303	0.75303	-0.76933	0.76933	-0.78182	0.78182	-0.79482	0.79482	0.80632	-0.80632	0.81408	-0.81408	0.82437	-0.82437	0.83854	-0.83854	-0.85528	0.85528	-0.86074	0.86074	-0.87266	0.87266	-0.88371	0.88371	-0.90234	0.90234	-0.91076	0.91076	0.91878	-0.91878	0.92684	-0.92684	-0.93734	0.93734	-0.94463	0.94463	-0.94819	0.94819	-0.95532	0.95532	0.97444	-0.97444	0.97701	-0.97701	0.98726	-0.98726	0.99272	-0.99272	0.99848	-0.99848	-1.0009	1.0009	1.0109	-1.0109	1.0163	-1.0163	-1.0278	1.0278	1.0332	-1.0332	-1.0429	1.0429	-1.0494	1.0494	1.0543	-1.0543	-1.0612	1.0612	-1.0684	1.0684	-1.0739	1.0739	-1.0835	1.0835	-1.0865	1.0865	1.097	-1.097	-1.1079	1.1079	1.114	-1.114	-1.1207	1.1207	-1.1261	1.1261	1.1376	-1.1376	1.1418	-1.1418	-1.1535	1.1535	1.162	-1.162	-1.1651	1.1651	-1.1763	1.1763	-1.181	1.181	1.1853	-1.1853	1.1936	-1.1936	-1.1996	1.1996	-1.2132	1.2132	-1.2151	1.2151	1.2319	-1.2319	1.2347	-1.2347	-1.2404	1.2404	1.2531	-1.2531	-1.2587	1.2587	1.2782	-1.2782	-1.2846	1.2846	-1.2875	1.2875	1.3018	-1.3018	1.3086	-1.3086	-1.3162	1.3162	1.3267	-1.3267	1.334	-1.334	1.3429	-1.3429	1.3549	-1.3549	1.3618	-1.3618	-1.3757	1.3757	1.3801	-1.3801	1.3863	-1.3863	-1.3944	1.3944	-1.4048	1.4048	1.4112	-1.4112	-1.415	1.415	1.4234	-1.4234	1.4303	-1.4303	1.4396	-1.4396	1.4503	-1.4503	-1.4554	1.4554	-1.462	1.462	-1.4661	1.4661	-1.4791	1.4791	-1.4832	1.4832	-1.4872	1.4872	-1.5006	1.5006	1.509	-1.509	1.5174	-1.5174	1.5279	-1.5279	1.5342	-1.5342	1.54	-1.54	-1.5485	1.5485	1.5578	-1.5578	-1.5647	1.5647	-1.5672	1.5672	-1.5746	1.5746	1.5784	-1.5784	1.5899	-1.5899	-1.5979	1.5979	1.6036	-1.6036	1.6154	-1.6154	1.6203	-1.6203	-1.626	1.626	-1.6308	1.6308	1.6341	-1.6341	1.6429	-1.6429	1.6506	-1.6506	1.662	-1.662	-1.6709	1.6709	-1.6765	1.6765	-1.6794	1.6794	1.6869	-1.6869	1.6935	-1.6935	-1.7004	1.7004	-1.7054	1.7054	-1.7137	1.7137	-1.72	1.72	-1.7241	1.7241	1.7346	-1.7346	1.7423	-1.7423	1.7501	-1.7501	-1.7568	1.7568	-1.7682	1.7682	-1.7768	1.7768	-1.78	1.78	1.7949	-1.7949	-1.7988	1.7988	1.8106	-1.8106	1.817	-1.817	-1.8238	1.8238	-1.8293	1.8293	-1.8398	1.8398	-1.8498	1.8498	-1.86	1.86	1.8707	-1.8707	-1.8749	1.8749	-1.8864	1.8864	1.8917	-1.8917	-1.903	1.903	1.921	-1.921	1.9306	-1.9306	-1.9404	1.9404	-1.9419	1.9419	-1.9568	1.9568	-1.9628	1.9628	-1.9677	1.9677	-1.9781	1.9781	1.9885	-1.9885	1.9955	-1.9955	2.0058	-2.0058	-2.0099	2.0099	2.0184	-2.0184	-2.0263	2.0263	2.03	-2.03	-2.0386	2.0386	-2.0467	2.0467	-2.05	2.05	2.0597	-2.0597	2.0704	-2.0704	2.0788	-2.0788	-2.0811	2.0811	-2.0887	2.0887	2.0999	-2.0999	-2.1055	2.1055	-2.1163	2.1163	2.1242	-2.1242	-2.1333	2.1333	
0.21053	0.38	-0.036768	0.036768	-0.053245	0.053245	0.064574	-0.064574	-0.077493	0.077493	0.10867	-0.10867	0.11418	-0.11418	-0.1246	0.1246	-0.13775	0.13775	-0.16792	0.16792	-0.29525	0.29525	-0.3298	0.3298	-0.36203	0.36203	0.37302	-0.37302	-0.48828	0.48828	0.50551	-0.50551	-0.511	0.511	0.53467	-0.53467	0.55156	-0.55156	0.58155	-0.58155	-0.58767	0.58767	-0.60218	0.60218	-0.63372	0.63372	0.63658	-0.63658	-0.65019	0.65019	0.66543	-0.66543	-0.67194	0.67194	0.67798	-0.67798	-0.70656	0.70656	-0.71672	0.71672	0.7318	-0.7318	0.75109	-0.75109	0.7672	-0.7672	0.7799	-0.7799	-0.78767	0.78767	0.79837	-0.79837	0.81273	-0.81273	0.82296	-0.82296	-0.83885	0.83885	0.85602	-0.85602	-0.86043	0.86043	0.87243	-0.87243	-0.88393	0.88393	0.90244	-0.90244	0.9093	-0.9093	0.91756	-0.91756	0.92572	-0.92572	-0.93261	0.93261	0.93752	-0.93752	0.94445	-0.94445	-0.95143	0.95143	-0.97207	0.97207	-0.97482	0.97482	-0.98538	0.98538	0.99097	-0.99097	-0.9958	0.9958	0.99851	-0.99851	-1.009	1.009	1.0138	-1.0138	-1.0232	1.0232	1.0309	-1.0309	1.0412	-1.0412	1.0446	-1.0446	-1.052	1.052	-1.0589	1.0589	-1.0653	1.0653	-1.0712	1.0712	1.0806	-1.0806	1.0838	-1.0838	1.0946	-1.0946	1.1053	-1.1053	1.1106	-1.1106	1.1157	-1.1157	1.1236	-1.1236	-1.129	1.129	1.1377	-1.1377	-1.1502	1.1502	-1.1585	1.1585	-1.1611	1.1611	-1.1712	1.1712	-1.1776	1.1776	1.1821	-1.1821	-1.1899	1.1899	-1.197	1.197	-1.2112	1.2112	-1.2122	1.2122	1.2294	-1.2294	-1.231	1.231	-1.2383	1.2383	-1.2522	1.2522	-1.258	1.258	1.2763	-1.2763	-1.2847	1.2847	1.2864	-1.2864	1.3012	-1.3012	-1.3088	1.3088	1.3167	-1.3167	1.3268	-1.3268	-1.3327	1.3327	-1.3417	1.3417	1.3551	-1.3551	-1.3589	1.3589	-1.3759	1.3759	1.3794	-1.3794	1.3856	-1.3856	1.3939	-1.3939	-1.4026	1.4026	1.409	-1.409	1.4141	-1.4141	1.4211	-1.4211	1.4261	-1.4261	1.4387	-1.4387	-1.4468	1.4468	1.4526	-1.4526	-1.4602	1.4602	1.465	-1.465	1.4742	-1.4742	-1.4813	1.4813	-1.4861	1.4861	-1.4994	1.4994	-1.5061	1.5061	-1.5136	1.5136	-1.5242	1.5242	1.5329	-1.5329	1.5381	-1.5381	1.5444	-1.5444	-1.5557	1.5557	1.5611	-1.5611	1.5645	-1.5645	-1.572	1.572	1.5744	-1.5744	1.5868	-1.5868	1.5947	-1.5947	-1.6025	1.6025	1.6099	-1.6099	-1.6173	1.6173	-1.6227	1.6227	-1.6283	1.6283	-1.63	1.63	-1.6398	1.6398	1.6477	-1.6477	-1.6594	1.6594	1.6676	-1.6676	-1.6748	1.6748	1.6773	-1.6773	1.6846	-1.6846	1.6903	-1.6903	-1.6998	1.6998	1.704	-1.704	-1.7136	1.7136	-1.7196	1.7196	1.7216	-1.7216	1.7292	-1.7292	-1.7415	1.7415	1.7489	-1.7489	-1.7559	1.7559	-1.7685	1.7685	-1.7753	1.7753	-1.7796	1.7796	1.7939	-1.7939	-1.7979	1.7979	1.8102	-1.8102	1.8164	-1.8164	-1.8231	1.8231	1.8293	-1.8293	1.839	-1.839	-1.8495	1.8495	1.8594	-1.8594	1.8698	-1.8698	-1.8744	1.8744	1.8863	-1.8863	1.891	-1.891	-1.9026	1.9026	1.9213	-1.9213	1.9309	-1.9309	1.9404	-1.9404	-1.9414	1.9414	-1.9563	1.9563	-1.9631	1.9631	-1.9679	1.9679	-1.9782	1.9782	-1.9887	1.9887	1.9953	-1.9953	2.0058	-2.0058	2.0099	-2.0099	2.0177	-2.0177	2.0263	-2.0263	2.0307	-2.0307	-2.039	2.039	2.047	-2.047	-2.05	2.05	2.0596	-2.0596	2.0707	-2.0707	2.0791	-2.0791	-2.0812	2.0812	2.0891	-2.0891	-2.101	2.101	-2.1059	2.1059	-2.1163	2.1163	-2.1244	2.1244	-2.1336	2.1336	
0.21053	0.4	-0.019175	0.019175	-0.036277	0.036277	0.046758	-0.046758	-0.060663	0.060663	-0.09017	0.09017	0.095829	-0.095829	0.10609	-0.10609	-0.11923	0.11923	0.14997	-0.14997	-0.2785	0.2785	0.30972	-0.30972	-0.34295	0.34295	-0.35351	0.35351	-0.47073	0.47073	0.48781	-0.48781	-0.494	0.494	-0.51705	0.51705	0.54731	-0.54731	-0.57105	0.57105	-0.57744	0.57744	0.59618	-0.59618	-0.62599	0.62599	-0.6372	0.6372	-0.64388	0.64388	-0.65571	0.65571	-0.66449	0.66449	0.67751	-0.67751	-0.70469	0.70469	-0.71533	0.71533	-0.7206	0.7206	0.75146	-0.75146	0.76196	-0.76196	-0.77549	0.77549	0.78157	-0.78157	0.7923	-0.7923	-0.81188	0.81188	-0.82276	0.82276	0.83896	-0.83896	-0.85636	0.85636	0.86046	-0.86046	0.87183	-0.87183	0.88399	-0.88399	-0.90211	0.90211	-0.90709	0.90709	-0.91364	0.91364	-0.92167	0.92167	0.92622	-0.92622	-0.93306	0.93306	-0.94161	0.94161	-0.94997	0.94997	-0.96956	0.96956	-0.97238	0.97238	-0.98321	0.98321	0.98896	-0.98896	0.99266	-0.99266	0.9965	-0.9965	1.007	-1.007	-1.0107	1.0107	1.0176	-1.0176	1.0289	-1.0289	-1.0354	1.0354	1.042	-1.042	1.0503	-1.0503	1.0567	-1.0567	1.0623	-1.0623	-1.0688	1.0688	-1.0781	1.0781	-1.081	1.081	1.0918	-1.0918	1.0997	-1.0997	-1.1051	1.1051	-1.1111	1.1111	-1.1205	1.1205	1.1234	-1.1234	-1.1342	1.1342	-1.1456	1.1456	1.1534	-1.1534	-1.1578	1.1578	1.1648	-1.1648	1.1749	-1.1749	1.18	-1.18	-1.1858	1.1858	1.1957	-1.1957	-1.2092	1.2092	1.2096	-1.2096	-1.2258	1.2258	-1.2292	1.2292	-1.2371	1.2371	1.2509	-1.2509	-1.2571	1.2571	1.273	-1.273	-1.2848	1.2848	-1.2859	1.2859	-1.3	1.3	1.3091	-1.3091	1.317	-1.317	-1.3265	1.3265	-1.3316	1.3316	-1.3409	1.3409	1.355	-1.355	-1.3566	1.3566	1.3757	-1.3757	1.3784	-1.3784	1.3849	-1.3849	-1.3927	1.3927	-1.3994	1.3994	-1.4063	1.4063	-1.4126	1.4126	-1.4184	1.4184	1.4222	-1.4222	-1.4376	1.4376	-1.4428	1.4428	1.45	-1.45	1.4581	-1.4581	-1.4636	1.4636	1.4694	-1.4694	-1.4786	1.4786	-1.4856	1.4856	1.4978	-1.4978	1.5024	-1.5024	-1.5099	1.5099	-1.5209	1.5209	1.5306	-1.5306	1.5364	-1.5364	1.5393	-1.5393	1.5525	-1.5525	1.5568	-1.5568	1.5623	-1.5623	-1.569	1.569	1.5722	-1.5722	-1.5829	1.5829	-1.5914	1.5914	-1.6008	1.6008	-1.6037	1.6037	-1.6141	1.6141	-1.6195	1.6195	-1.6248	1.6248	-1.6283	1.6283	1.6371	-1.6371	1.645	-1.645	1.6569	-1.6569	-1.664	1.664	-1.673	1.673	-1.6755	1.6755	-1.6828	1.6828	1.6871	-1.6871	1.6993	-1.6993	-1.703	1.703	-1.7137	1.7137	1.7182	-1.7182	1.7203	-1.7203	-1.7248	1.7248	-1.7409	1.7409	1.748	-1.748	-1.7552	1.7552	1.7688	-1.7688	1.7743	-1.7743	-1.7794	1.7794	1.7928	-1.7928	-1.797	1.797	1.8099	-1.8099	1.8157	-1.8157	1.8225	-1.8225	1.8294	-1.8294	-1.8384	1.8384	-1.8492	1.8492	1.8588	-1.8588	-1.869	1.869	1.8739	-1.8739	-1.8862	1.8862	-1.8902	1.8902	-1.9023	1.9023	-1.9215	1.9215	1.931	-1.931	-1.9403	1.9403	1.9411	-1.9411	-1.9555	1.9555	1.9634	-1.9634	-1.9681	1.9681	1.9781	-1.9781	-1.9888	1.9888	-1.9951	1.9951	2.0056	-2.0056	-2.0099	2.0099	2.017	-2.017	2.0262	-2.0262	-2.0313	2.0313	2.0393	-2.0393	2.0471	-2.0471	-2.0503	2.0503	-2.0594	2.0594	-2.071	2.071	-2.0793	2.0793	2.0813	-2.0813	-2.0896	2.0896	2.1019	-2.1019	2.1062	-2.1062	2.1162	-2.1162	2.1247	-2.1247	-2.1338	2.1338	
0.21053	0.42	0.0012512	-0.0012512	0.01998	-0.01998	0.029322	-0.029322	0.044443	-0.044443	0.071808	-0.071808	0.077977	-0.077977	-0.087778	0.087778	-0.10072	0.10072	-0.13192	0.13192	0.26175	-0.26175	0.28923	-0.28923	-0.3235	0.3235	0.33357	-0.33357	0.45229	-0.45229	-0.46945	0.46945	0.4761	-0.4761	0.49868	-0.49868	0.53664	-0.53664	-0.55502	0.55502	-0.5723	0.5723	-0.595	0.595	0.61218	-0.61218	-0.62831	0.62831	0.63915	-0.63915	-0.65254	0.65254	-0.66206	0.66206	0.6772	-0.6772	-0.69672	0.69672	-0.71026	0.71026	-0.71905	0.71905	-0.75071	0.75071	0.75227	-0.75227	0.77222	-0.77222	0.77652	-0.77652	0.7886	-0.7886	-0.81118	0.81118	0.82292	-0.82292	-0.8388	0.8388	0.85623	-0.85623	0.86059	-0.86059	0.87071	-0.87071	0.88375	-0.88375	-0.89643	0.89643	0.90308	-0.90308	-0.90836	0.90836	-0.91843	0.91843	0.92472	-0.92472	0.92837	-0.92837	0.93934	-0.93934	0.94882	-0.94882	-0.9667	0.9667	0.96955	-0.96955	-0.98057	0.98057	0.98644	-0.98644	0.98902	-0.98902	0.99462	-0.99462	1.0041	-1.0041	1.0065	-1.0065	-1.0127	1.0127	1.0265	-1.0265	-1.0288	1.0288	1.0406	-1.0406	-1.0487	1.0487	1.0543	-1.0543	-1.0594	1.0594	1.0661	-1.0661	1.0752	-1.0752	1.0778	-1.0778	-1.0866	1.0866	-1.0913	1.0913	-1.1001	1.1001	-1.1072	1.1072	-1.1165	1.1165	1.1213	-1.1213	-1.1301	1.1301	1.1403	-1.1403	1.1486	-1.1486	1.1525	-1.1525	1.1607	-1.1607	-1.1717	1.1717	-1.1784	1.1784	-1.1826	1.1826	-1.1947	1.1947	-1.2065	1.2065	1.2081	-1.2081	1.2231	-1.2231	-1.2275	1.2275	1.2363	-1.2363	-1.2487	1.2487	1.2561	-1.2561	-1.269	1.269	1.2843	-1.2843	1.2863	-1.2863	-1.2984	1.2984	-1.3094	1.3094	-1.3171	1.3171	-1.3258	1.3258	-1.3312	1.3312	1.3402	-1.3402	1.3537	-1.3537	-1.3554	1.3554	1.3744	-1.3744	1.377	-1.377	1.3834	-1.3834	-1.39	1.39	1.3963	-1.3963	-1.4033	1.4033	1.4099	-1.4099	1.4152	-1.4152	-1.4203	1.4203	1.4356	-1.4356	1.4393	-1.4393	1.4478	-1.4478	-1.4548	1.4548	-1.4604	1.4604	1.4661	-1.4661	-1.4758	1.4758	-1.4851	1.4851	1.4945	-1.4945	-1.4998	1.4998	1.5064	-1.5064	-1.5178	1.5178	1.5246	-1.5246	-1.5341	1.5341	1.5371	-1.5371	-1.5467	1.5467	1.5543	-1.5543	-1.5602	1.5602	-1.5658	1.5658	1.5699	-1.5699	1.5785	-1.5785	1.5871	-1.5871	1.5966	-1.5966	-1.6011	1.6011	1.6108	-1.6108	1.6156	-1.6156	-1.6222	1.6222	1.6275	-1.6275	-1.6348	1.6348	1.6421	-1.6421	1.6546	-1.6546	-1.6601	1.6601	1.6709	-1.6709	-1.6742	1.6742	1.681	-1.681	1.6847	-1.6847	-1.6983	1.6983	-1.7024	1.7024	1.7138	-1.7138	1.7156	-1.7156	-1.7201	1.7201	1.7223	-1.7223	-1.7403	1.7403	1.7475	-1.7475	-1.7546	1.7546	-1.7692	1.7692	-1.7736	1.7736	1.7791	-1.7791	-1.7916	1.7916	1.7963	-1.7963	-1.8096	1.8096	-1.815	1.815	-1.822	1.822	1.8295	-1.8295	-1.8379	1.8379	-1.8489	1.8489	-1.8581	1.8581	1.8682	-1.8682	1.8734	-1.8734	1.8861	-1.8861	-1.8894	1.8894	-1.902	1.902	1.9216	-1.9216	-1.931	1.931	1.9401	-1.9401	-1.9409	1.9409	1.9547	-1.9547	1.9636	-1.9636	-1.9682	1.9682	-1.9779	1.9779	1.9889	-1.9889	-1.9948	1.9948	2.0055	-2.0055	2.0099	-2.0099	-2.0164	2.0164	2.026	-2.026	-2.0318	2.0318	2.0395	-2.0395	-2.047	2.047	2.0507	-2.0507	-2.0591	2.0591	2.0713	-2.0713	2.0796	-2.0796	-2.0814	2.0814	2.0901	-2.0901	2.1027	-2.1027	2.1064	-2.1064	-2.1161	2.1161	2.125	-2.125	-2.1342	2.1342	
0.21053	0.44	0.0059698	-0.0059698	0.013147	-0.013147	0.018384	-0.018384	0.030984	-0.030984	0.054452	-0.054452	0.061605	-0.061605	-0.070497	0.070497	-0.082978	0.082978	0.1142	-0.1142	0.24528	-0.24528	-0.26839	0.26839	-0.30374	0.30374	0.31325	-0.31325	-0.43309	0.43309	-0.4505	0.4505	0.45747	-0.45747	-0.47968	0.47968	-0.521	0.521	0.53716	-0.53716	0.56941	-0.56941	0.5936	-0.5936	-0.59736	0.59736	0.61148	-0.61148	-0.64004	0.64004	0.65156	-0.65156	-0.66155	0.66155	-0.67308	0.67308	0.68689	-0.68689	-0.70905	0.70905	0.71812	-0.71812	0.73746	-0.73746	-0.75292	0.75292	0.76891	-0.76891	0.77193	-0.77193	0.78668	-0.78668	0.81043	-0.81043	-0.82312	0.82312	-0.83829	0.83829	0.85551	-0.85551	0.86025	-0.86025	0.8688	-0.8688	-0.88045	0.88045	0.88477	-0.88477	-0.90178	0.90178	0.90634	-0.90634	-0.91652	0.91652	0.9219	-0.9219	-0.92497	0.92497	-0.93719	0.93719	0.9475	-0.9475	0.96269	-0.96269	-0.9666	0.9666	-0.97652	0.97652	0.98284	-0.98284	0.98558	-0.98558	-0.99246	0.99246	0.99822	-0.99822	-1.0041	1.0041	1.0096	-1.0096	-1.0223	1.0223	1.0248	-1.0248	1.0391	-1.0391	1.0468	-1.0468	-1.0511	1.0511	1.0565	-1.0565	-1.0625	1.0625	1.0703	-1.0703	1.0731	-1.0731	1.0782	-1.0782	-1.0865	1.0865	1.0949	-1.0949	-1.104	1.104	-1.1126	1.1126	1.1198	-1.1198	1.125	-1.125	1.136	-1.136	1.1421	-1.1421	-1.1481	1.1481	-1.1587	1.1587	-1.1678	1.1678	-1.1771	1.1771	-1.1808	1.1808	-1.1938	1.1938	-1.2041	1.2041	1.2069	-1.2069	1.2205	-1.2205	-1.2257	1.2257	-1.2356	1.2356	-1.2451	1.2451	1.255	-1.255	1.2655	-1.2655	1.2836	-1.2836	1.2869	-1.2869	-1.2967	1.2967	1.3097	-1.3097	-1.3168	1.3168	1.3253	-1.3253	1.3311	-1.3311	1.3395	-1.3395	1.351	-1.351	1.3548	-1.3548	-1.37	1.37	1.3749	-1.3749	1.3807	-1.3807	-1.3876	1.3876	1.3939	-1.3939	-1.4	1.4	1.4063	-1.4063	1.4121	-1.4121	-1.4193	1.4193	-1.4315	1.4315	1.437	-1.437	-1.4458	1.4458	1.4494	-1.4494	1.4562	-1.4562	1.4648	-1.4648	-1.4734	1.4734	-1.4842	1.4842	-1.4897	1.4897	-1.4986	1.4986	1.5018	-1.5018	-1.5137	1.5137	-1.5183	1.5183	-1.5316	1.5316	1.5362	-1.5362	1.54	-1.54	-1.5521	1.5521	1.5577	-1.5577	-1.5612	1.5612	-1.567	1.567	-1.5746	1.5746	-1.5823	1.5823	1.5937	-1.5937	1.5993	-1.5993	1.6076	-1.6076	-1.6115	1.6115	1.621	-1.621	1.6266	-1.6266	-1.633	1.633	1.6387	-1.6387	-1.6521	1.6521	-1.657	1.657	1.6683	-1.6683	-1.6735	1.6735	1.6793	-1.6793	1.683	-1.683	-1.697	1.697	-1.7021	1.7021	1.7129	-1.7129	-1.7142	1.7142	1.7201	-1.7201	1.7212	-1.7212	-1.7398	1.7398	-1.7471	1.7471	1.7542	-1.7542	1.7696	-1.7696	1.7732	-1.7732	-1.779	1.779	-1.7905	1.7905	1.7957	-1.7957	-1.8094	1.8094	-1.8144	1.8144	1.8217	-1.8217	1.8296	-1.8296	1.8375	-1.8375	-1.8486	1.8486	1.8575	-1.8575	1.8674	-1.8674	1.8729	-1.8729	-1.8859	1.8859	-1.8885	1.8885	-1.9018	1.9018	1.9216	-1.9216	1.9309	-1.9309	-1.9397	1.9397	1.9408	-1.9408	-1.9538	1.9538	-1.9638	1.9638	1.9682	-1.9682	-1.9776	1.9776	1.9889	-1.9889	1.9947	-1.9947	-2.0053	2.0053	2.0099	-2.0099	2.0158	-2.0158	2.0257	-2.0257	-2.0323	2.0323	2.0396	-2.0396	-2.047	2.047	-2.0512	2.0512	-2.0589	2.0589	-2.0716	2.0716	-2.0798	2.0798	2.0816	-2.0816	-2.0906	2.0906	-2.1033	2.1033	-2.1066	2.1066	-2.116	2.116	-2.1253	2.1253	2.1345	-2.1345	
0.21053	0.46	-0.00026044	0.00026044	0.0087346	-0.0087346	0.027422	-0.027422	0.032215	-0.032215	0.041597	-0.041597	-0.049861	0.049861	0.056819	-0.056819	0.068745	-0.068745	-0.097908	0.097908	0.22947	-0.22947	-0.24728	0.24728	0.28378	-0.28378	0.29264	-0.29264	-0.41323	0.41323	-0.431	0.431	-0.43821	0.43821	-0.46011	0.46011	-0.50289	0.50289	0.5183	-0.5183	0.56214	-0.56214	0.58091	-0.58091	-0.59374	0.59374	-0.59803	0.59803	0.64032	-0.64032	0.64998	-0.64998	0.65914	-0.65914	-0.66473	0.66473	-0.68397	0.68397	0.70737	-0.70737	0.71361	-0.71361	-0.72795	0.72795	0.75338	-0.75338	0.76205	-0.76205	0.77074	-0.77074	-0.7855	0.7855	-0.80947	0.80947	-0.82319	0.82319	-0.83727	0.83727	0.85354	-0.85354	0.85633	-0.85633	0.8649	-0.8649	0.87046	-0.87046	-0.88309	0.88309	-0.90006	0.90006	-0.90484	0.90484	0.9142	-0.9142	0.91747	-0.91747	0.92363	-0.92363	0.93468	-0.93468	0.9454	-0.9454	-0.95708	0.95708	-0.96285	0.96285	-0.97069	0.97069	0.97929	-0.97929	-0.98248	0.98248	-0.98927	0.98927	0.99404	-0.99404	-1.0023	1.0023	-1.0069	1.0069	1.0179	-1.0179	1.0214	-1.0214	1.037	-1.037	1.0436	-1.0436	-1.0473	1.0473	-1.053	1.053	1.0569	-1.0569	1.0606	-1.0606	1.0703	-1.0703	1.0725	-1.0725	1.0821	-1.0821	-1.0905	1.0905	1.1012	-1.1012	1.1086	-1.1086	-1.1171	1.1171	1.1209	-1.1209	-1.1327	1.1327	-1.1353	1.1353	1.1452	-1.1452	1.1571	-1.1571	1.1638	-1.1638	1.176	-1.176	-1.1798	1.1798	1.193	-1.193	-1.2019	1.2019	-1.2056	1.2056	-1.2169	1.2169	1.2239	-1.2239	1.2345	-1.2345	1.2409	-1.2409	-1.254	1.254	1.2631	-1.2631	-1.2827	1.2827	1.287	-1.287	1.2952	-1.2952	1.3097	-1.3097	1.3162	-1.3162	1.3249	-1.3249	-1.331	1.331	-1.3387	1.3387	-1.3465	1.3465	-1.3535	1.3535	1.3632	-1.3632	1.3725	-1.3725	1.3775	-1.3775	1.3865	-1.3865	-1.3912	1.3912	1.3967	-1.3967	1.4024	-1.4024	1.4092	-1.4092	1.4186	-1.4186	1.4263	-1.4263	1.4342	-1.4342	-1.4423	1.4423	1.4453	-1.4453	1.4526	-1.4526	-1.464	1.464	1.471	-1.471	-1.4814	1.4814	-1.4851	1.4851	1.4956	-1.4956	-1.498	1.498	1.5089	-1.5089	-1.5146	1.5146	1.526	-1.526	-1.5344	1.5344	-1.5365	1.5365	1.5484	-1.5484	-1.5544	1.5544	-1.5562	1.5562	1.5641	-1.5641	-1.5712	1.5712	1.5792	-1.5792	1.5921	-1.5921	1.5967	-1.5967	-1.6041	1.6041	1.609	-1.609	-1.6203	1.6203	-1.6255	1.6255	1.6306	-1.6306	1.6353	-1.6353	-1.6495	1.6495	1.655	-1.655	1.6654	-1.6654	-1.6731	1.6731	-1.6779	1.6779	-1.6819	1.6819	-1.6956	1.6956	1.7021	-1.7021	1.7112	-1.7112	1.7143	-1.7143	1.7198	-1.7198	-1.7211	1.7211	1.7394	-1.7394	-1.7469	1.7469	1.7538	-1.7538	-1.77	1.77	-1.7729	1.7729	-1.7788	1.7788	-1.7893	1.7893	1.7952	-1.7952	-1.8091	1.8091	-1.8139	1.8139	-1.8215	1.8215	-1.8297	1.8297	-1.8372	1.8372	-1.8483	1.8483	-1.8568	1.8568	-1.8667	1.8667	1.8725	-1.8725	-1.8857	1.8857	-1.8877	1.8877	-1.9017	1.9017	1.9215	-1.9215	-1.9306	1.9306	1.9392	-1.9392	-1.9408	1.9408	-1.9529	1.9529	1.964	-1.964	1.9681	-1.9681	1.9771	-1.9771	1.9887	-1.9887	-1.9946	1.9946	2.0051	-2.0051	2.01	-2.01	2.0152	-2.0152	-2.0253	2.0253	-2.0327	2.0327	-2.0397	2.0397	2.0469	-2.0469	2.0515	-2.0515	2.0588	-2.0588	-2.0719	2.0719	-2.0799	2.0799	2.0819	-2.0819	-2.0911	2.0911	-2.1037	2.1037	2.1068	-2.1068	2.1161	-2.1161	2.1256	-2.1256	-2.1347	2.1347	
0.21053	0.48	-0.00064566	0.00064566	0.012684	-0.012684	-0.026454	0.026454	0.034073	-0.034073	0.038193	-0.038193	0.050078	-0.050078	0.058511	-0.058511	0.067193	-0.067193	0.086936	-0.086936	-0.2148	0.2148	0.22617	-0.22617	0.26372	-0.26372	-0.27191	0.27191	-0.39282	0.39282	0.41103	-0.41103	0.4184	-0.4184	0.44005	-0.44005	-0.48344	0.48344	-0.49874	0.49874	0.54512	-0.54512	0.56849	-0.56849	0.58448	-0.58448	-0.59846	0.59846	0.63482	-0.63482	0.64523	-0.64523	-0.65535	0.65535	0.66338	-0.66338	-0.6826	0.6826	-0.69788	0.69788	0.71053	-0.71053	-0.72519	0.72519	0.75148	-0.75148	0.75679	-0.75679	0.77009	-0.77009	0.78447	-0.78447	0.80809	-0.80809	0.82288	-0.82288	0.83479	-0.83479	-0.84218	0.84218	0.85099	-0.85099	0.86249	-0.86249	-0.86762	0.86762	-0.88166	0.88166	-0.89766	0.89766	0.90334	-0.90334	0.91131	-0.91131	0.9131	-0.9131	0.92245	-0.92245	0.93145	-0.93145	-0.9407	0.9407	0.95136	-0.95136	0.95708	-0.95708	0.96671	-0.96671	0.97534	-0.97534	0.97927	-0.97927	0.98586	-0.98586	-0.99146	0.99146	1.0006	-1.0006	1.0043	-1.0043	-1.0139	1.0139	1.0167	-1.0167	1.0323	-1.0323	1.039	-1.039	-1.0434	1.0434	-1.0472	1.0472	1.048	-1.048	1.0566	-1.0566	-1.0654	1.0654	-1.0684	1.0684	-1.0787	1.0787	-1.0871	1.0871	-1.0983	1.0983	1.1047	-1.1047	-1.1121	1.1121	1.1193	-1.1193	-1.1285	1.1285	1.1314	-1.1314	1.1429	-1.1429	1.1554	-1.1554	1.1603	-1.1603	1.1752	-1.1752	1.1789	-1.1789	1.1919	-1.1919	-1.1995	1.1995	1.2036	-1.2036	-1.2122	1.2122	-1.2224	1.2224	1.2328	-1.2328	-1.2381	1.2381	1.253	-1.253	-1.2615	1.2615	-1.2814	1.2814	-1.2862	1.2862	-1.2941	1.2941	1.3091	-1.3091	1.3156	-1.3156	1.3237	-1.3237	1.3304	-1.3304	-1.3367	1.3367	1.3405	-1.3405	1.3513	-1.3513	1.3582	-1.3582	-1.3684	1.3684	1.3734	-1.3734	1.3852	-1.3852	-1.3888	1.3888	1.3934	-1.3934	-1.3981	1.3981	1.4067	-1.4067	1.4175	-1.4175	-1.4205	1.4205	1.4299	-1.4299	1.4382	-1.4382	1.4433	-1.4433	1.4495	-1.4495	-1.4628	1.4628	1.4673	-1.4673	1.4749	-1.4749	-1.483	1.483	1.4898	-1.4898	1.4969	-1.4969	1.5044	-1.5044	1.5114	-1.5114	-1.5188	1.5188	1.5323	-1.5323	1.5352	-1.5352	1.5424	-1.5424	-1.5503	1.5503	1.5531	-1.5531	1.5611	-1.5611	1.5687	-1.5687	-1.5778	1.5778	-1.5908	1.5908	1.5934	-1.5934	1.6008	-1.6008	1.6076	-1.6076	-1.6196	1.6196	1.6236	-1.6236	-1.6268	1.6268	-1.6336	1.6336	1.6475	-1.6475	-1.6536	1.6536	-1.6626	1.6626	1.6728	-1.6728	1.6768	-1.6768	1.6812	-1.6812	1.6943	-1.6943	1.7023	-1.7023	1.71	-1.71	1.7145	-1.7145	1.7196	-1.7196	-1.7215	1.7215	-1.739	1.739	1.7468	-1.7468	-1.7536	1.7536	1.7703	-1.7703	-1.7727	1.7727	1.7788	-1.7788	1.7881	-1.7881	1.7947	-1.7947	-1.8087	1.8087	-1.8134	1.8134	-1.8213	1.8213	-1.8298	1.8298	1.8369	-1.8369	-1.848	1.848	1.8561	-1.8561	-1.8661	1.8661	-1.872	1.872	-1.8855	1.8855	-1.8869	1.8869	-1.9016	1.9016	-1.9212	1.9212	-1.9302	1.9302	-1.9387	1.9387	-1.9407	1.9407	-1.9519	1.9519	-1.9641	1.9641	1.9679	-1.9679	-1.9766	1.9766	-1.9885	1.9885	-1.9946	1.9946	2.0048	-2.0048	2.01	-2.01	2.0146	-2.0146	2.0249	-2.0249	-2.0331	2.0331	-2.0398	2.0398	-2.0468	2.0468	-2.0516	2.0516	2.059	-2.059	-2.0723	2.0723	2.08	-2.08	-2.0822	2.0822	-2.0916	2.0916	2.104	-2.104	-2.1071	2.1071	-2.1162	2.1162	2.1257	-2.1257	2.135	-2.135	
0.21053	0.5	-0.0051227	0.0051227	-0.015617	0.015617	-0.023993	0.023993	-0.036462	0.036462	0.042088	-0.042088	0.057335	-0.057335	-0.068239	0.068239	-0.082801	0.082801	-0.090587	0.090587	-0.20074	0.20074	-0.20671	0.20671	-0.24368	0.24368	-0.25133	0.25133	-0.37195	0.37195	0.39065	-0.39065	-0.39812	0.39812	-0.41953	0.41953	-0.46308	0.46308	0.47866	-0.47866	-0.52384	0.52384	-0.55068	0.55068	0.58289	-0.58289	-0.5993	0.5993	-0.61964	0.61964	0.64446	-0.64446	0.65476	-0.65476	-0.66263	0.66263	-0.6761	0.6761	-0.68944	0.68944	0.7099	-0.7099	-0.72436	0.72436	-0.74483	0.74483	-0.75638	0.75638	0.76944	-0.76944	0.7833	-0.7833	-0.80589	0.80589	-0.81911	0.81911	-0.82537	0.82537	-0.8344	0.8344	0.84644	-0.84644	0.86137	-0.86137	-0.86645	0.86645	-0.87961	0.87961	0.89499	-0.89499	0.90094	-0.90094	-0.90613	0.90613	-0.90973	0.90973	-0.92111	0.92111	-0.92732	0.92732	-0.93296	0.93296	0.9476	-0.9476	-0.95134	0.95134	-0.96406	0.96406	-0.96956	0.96956	0.97662	-0.97662	0.98303	-0.98303	0.98866	-0.98866	0.99844	-0.99844	1.0018	-1.0018	-1.008	1.008	-1.012	1.012	1.0244	-1.0244	-1.0338	1.0338	1.0378	-1.0378	-1.039	1.039	-1.0439	1.0439	1.0545	-1.0545	-1.0589	1.0589	-1.0667	1.0667	-1.0764	1.0764	1.0841	-1.0841	1.0953	-1.0953	1.1014	-1.1014	-1.1065	1.1065	1.1182	-1.1182	1.1246	-1.1246	1.1293	-1.1293	-1.1408	1.1408	1.1532	-1.1532	1.1578	-1.1578	-1.1744	1.1744	-1.1778	1.1778	-1.1898	1.1898	-1.1953	1.1953	1.201	-1.201	1.2087	-1.2087	-1.2212	1.2212	1.231	-1.231	1.2368	-1.2368	1.2519	-1.2519	-1.2601	1.2601	1.279	-1.279	-1.2844	1.2844	1.2933	-1.2933	1.3071	-1.3071	1.315	-1.315	-1.3191	1.3191	-1.3284	1.3284	-1.3329	1.3329	1.3383	-1.3383	-1.3484	1.3484	1.3545	-1.3545	1.3605	-1.3605	1.3696	-1.3696	1.383	-1.383	-1.3871	1.3871	-1.39	1.39	1.3943	-1.3943	1.4048	-1.4048	1.4121	-1.4121	-1.4174	1.4174	-1.425	1.425	1.435	-1.435	-1.4412	1.4412	1.4473	-1.4473	1.4579	-1.4579	-1.4628	1.4628	-1.4703	1.4703	-1.4806	1.4806	1.4847	-1.4847	-1.4945	1.4945	1.5011	-1.5011	1.507	-1.507	1.5138	-1.5138	1.5289	-1.5289	1.5333	-1.5333	1.538	-1.538	1.5466	-1.5466	-1.5505	1.5505	1.5584	-1.5584	-1.5672	1.5672	1.577	-1.577	1.5883	-1.5883	-1.5911	1.5911	1.5981	-1.5981	-1.6066	1.6066	1.6176	-1.6176	-1.6208	1.6208	-1.6246	1.6246	1.6331	-1.6331	-1.6461	1.6461	1.6525	-1.6525	1.6601	-1.6601	1.6727	-1.6727	-1.6759	1.6759	1.6806	-1.6806	-1.6932	1.6932	1.7025	-1.7025	-1.7093	1.7093	-1.7148	1.7148	-1.7194	1.7194	-1.722	1.722	1.7387	-1.7387	-1.7468	1.7468	-1.7534	1.7534	1.7704	-1.7704	1.7727	-1.7727	-1.7787	1.7787	1.787	-1.787	-1.7942	1.7942	-1.8083	1.8083	1.8131	-1.8131	-1.8212	1.8212	-1.8299	1.8299	-1.8368	1.8368	-1.8477	1.8477	1.8554	-1.8554	-1.8655	1.8655	-1.8715	1.8715	-1.885	1.885	1.8863	-1.8863	-1.9015	1.9015	-1.9208	1.9208	-1.9297	1.9297	1.9382	-1.9382	1.9406	-1.9406	-1.9509	1.9509	1.9641	-1.9641	-1.9676	1.9676	-1.976	1.976	1.9881	-1.9881	-1.9947	1.9947	2.0046	-2.0046	-2.01	2.01	2.0142	-2.0142	-2.0244	2.0244	2.0335	-2.0335	-2.0397	2.0397	2.0467	-2.0467	2.0516	-2.0516	2.0593	-2.0593	2.0725	-2.0725	2.08	-2.08	2.0825	-2.0825	2.0919	-2.0919	2.1041	-2.1041	-2.1073	2.1073	2.1165	-2.1165	-2.1258	2.1258	2.1351	-2.1351	
0.21053	0.52	-2.148e-05	2.148e-05	0.02431	-0.02431	0.027766	-0.027766	-0.043874	0.043874	0.05598	-0.05598	0.065671	-0.065671	0.08626	-0.08626	-0.10241	0.10241	0.10621	-0.10621	0.182	-0.182	-0.19587	0.19587	-0.22378	0.22378	0.23158	-0.23158	-0.35074	0.35074	-0.36995	0.36995	-0.37744	0.37744	0.39864	-0.39864	0.44205	-0.44205	-0.45815	0.45815	0.50111	-0.50111	-0.53115	0.53115	-0.58275	0.58275	0.59697	-0.59697	-0.60581	0.60581	0.64427	-0.64427	0.65138	-0.65138	0.65942	-0.65942	-0.66734	0.66734	-0.68773	0.68773	-0.70914	0.70914	0.72337	-0.72337	-0.73824	0.73824	-0.75685	0.75685	0.76853	-0.76853	0.78173	-0.78173	0.80005	-0.80005	0.80512	-0.80512	0.82292	-0.82292	0.82916	-0.82916	0.84225	-0.84225	0.86016	-0.86016	0.86551	-0.86551	-0.87681	0.87681	0.89067	-0.89067	-0.89436	0.89436	0.90173	-0.90173	0.90759	-0.90759	0.91907	-0.91907	-0.92193	0.92193	-0.92654	0.92654	-0.9435	0.9435	0.94712	-0.94712	0.95925	-0.95925	-0.96479	0.96479	0.9739	-0.9739	-0.98	0.98	-0.98477	0.98477	-0.99394	0.99394	-0.99944	0.99944	1.0008	-1.0008	1.0088	-1.0088	-1.0154	1.0154	-1.0259	1.0259	-1.0317	1.0317	1.0342	-1.0342	1.0409	-1.0409	1.0522	-1.0522	1.0551	-1.0551	1.0652	-1.0652	-1.0744	1.0744	-1.0813	1.0813	1.0921	-1.0921	-1.0986	1.0986	1.1013	-1.1013	1.1169	-1.1169	1.1219	-1.1219	-1.1273	1.1273	-1.1388	1.1388	-1.1508	1.1508	1.1559	-1.1559	-1.1732	1.1732	-1.1755	1.1755	1.1847	-1.1847	-1.1921	1.1921	1.1992	-1.1992	1.2071	-1.2071	1.2203	-1.2203	-1.2294	1.2294	1.2359	-1.2359	1.2505	-1.2505	1.2587	-1.2587	1.2746	-1.2746	1.2818	-1.2818	-1.292	1.292	-1.3018	1.3018	1.313	-1.313	1.3148	-1.3148	-1.3267	1.3267	1.3304	-1.3304	1.3367	-1.3367	1.3443	-1.3443	-1.35	1.35	1.3517	-1.3517	-1.3658	1.3658	1.3795	-1.3795	1.3852	-1.3852	1.3878	-1.3878	-1.3905	1.3905	-1.4027	1.4027	1.4049	-1.4049	1.4142	-1.4142	1.4211	-1.4211	1.432	-1.432	-1.4385	1.4385	-1.4455	1.4455	-1.4492	1.4492	1.4588	-1.4588	1.4677	-1.4677	1.4766	-1.4766	-1.4816	1.4816	-1.4907	1.4907	-1.4996	1.4996	1.5015	-1.5015	-1.5112	1.5112	-1.524	1.524	1.5314	-1.5314	-1.5362	1.5362	-1.5432	1.5432	1.5479	-1.5479	-1.556	1.556	1.5663	-1.5663	1.5764	-1.5764	1.5842	-1.5842	-1.5902	1.5902	-1.5957	1.5957	-1.6054	1.6054	-1.6138	1.6138	-1.6197	1.6197	1.6234	-1.6234	-1.6329	1.6329	-1.6451	1.6451	-1.6513	1.6513	1.6581	-1.6581	-1.6727	1.6727	1.6752	-1.6752	1.6803	-1.6803	1.6923	-1.6923	1.7027	-1.7027	1.7088	-1.7088	-1.7152	1.7152	-1.7193	1.7193	1.7226	-1.7226	1.7384	-1.7384	-1.7469	1.7469	1.7533	-1.7533	-1.7703	1.7703	1.7728	-1.7728	1.7787	-1.7787	1.786	-1.786	1.7938	-1.7938	1.8078	-1.8078	1.8128	-1.8128	1.8211	-1.8211	1.8299	-1.8299	1.8367	-1.8367	1.8473	-1.8473	-1.8546	1.8546	-1.8649	1.8649	1.8711	-1.8711	1.8842	-1.8842	-1.886	1.886	1.9015	-1.9015	1.9203	-1.9203	-1.9292	1.9292	-1.9376	1.9376	1.9405	-1.9405	1.9499	-1.9499	1.9641	-1.9641	1.9672	-1.9672	-1.9755	1.9755	1.9878	-1.9878	1.9948	-1.9948	-2.0043	2.0043	-2.0101	2.0101	-2.0138	2.0138	2.0239	-2.0239	2.0338	-2.0338	-2.0397	2.0397	2.0467	-2.0467	2.0514	-2.0514	-2.0598	2.0598	-2.0728	2.0728	-2.08	2.08	-2.0829	2.0829	-2.0923	2.0923	-2.1042	2.1042	2.1075	-2.1075	-2.1168	2.1168	2.1258	-2.1258	2.1352	-2.1352	
0.21053	0.54	-0.0035358	0.0035358	-0.033819	0.033819	-0.037802	0.037802	-0.057842	0.057842	0.073244	-0.073244	-0.081053	0.081053	0.10597	-0.10597	0.12248	-0.12248	-0.12537	0.12537	-0.16283	0.16283	0.19159	-0.19159	-0.20447	0.20447	-0.21405	0.21405	-0.32936	0.32936	0.34907	-0.34907	-0.35649	0.35649	-0.37745	0.37745	0.42051	-0.42051	0.43734	-0.43734	-0.47764	0.47764	0.51102	-0.51102	-0.5765	0.5765	0.58834	-0.58834	-0.60391	0.60391	0.63655	-0.63655	0.6444	-0.6444	0.65807	-0.65807	-0.6651	0.6651	0.68711	-0.68711	0.70773	-0.70773	-0.7215	0.7215	-0.73362	0.73362	-0.75727	0.75727	0.76647	-0.76647	-0.77843	0.77843	0.78484	-0.78484	0.79849	-0.79849	-0.8209	0.8209	-0.82331	0.82331	-0.83919	0.83919	0.85775	-0.85775	-0.86403	0.86403	-0.87325	0.87325	0.87858	-0.87858	-0.8913	0.8913	0.89921	-0.89921	-0.90519	0.90519	-0.91271	0.91271	-0.91886	0.91886	-0.92227	0.92227	0.93733	-0.93733	0.94347	-0.94347	0.95246	-0.95246	-0.96183	0.96183	-0.96967	0.96967	0.9761	-0.9761	-0.98021	0.98021	-0.98614	0.98614	0.9944	-0.9944	-0.99872	0.99872	1.0055	-1.0055	-1.0069	1.0069	-1.0184	1.0184	1.0264	-1.0264	1.0307	-1.0307	-1.0385	1.0385	-1.05	1.05	-1.0533	1.0533	-1.0638	1.0638	-1.0726	1.0726	1.0783	-1.0783	1.0886	-1.0886	1.0955	-1.0955	1.0971	-1.0971	1.1154	-1.1154	1.1199	-1.1199	1.1255	-1.1255	1.1368	-1.1368	-1.1484	1.1484	-1.1539	1.1539	1.1676	-1.1676	1.1736	-1.1736	1.1812	-1.1812	-1.1905	1.1905	-1.1977	1.1977	1.206	-1.206	-1.2193	1.2193	-1.2281	1.2281	1.2351	-1.2351	1.2485	-1.2485	1.2564	-1.2564	-1.2674	1.2674	1.2784	-1.2784	-1.2885	1.2885	1.2966	-1.2966	1.3094	-1.3094	-1.3144	1.3144	1.3231	-1.3231	1.3264	-1.3264	1.3323	-1.3323	-1.3403	1.3403	1.3453	-1.3453	-1.3458	1.3458	1.3619	-1.3619	-1.3753	1.3753	1.382	-1.382	1.3847	-1.3847	-1.3884	1.3884	1.3966	-1.3966	-1.402	1.402	1.4091	-1.4091	-1.4185	1.4185	1.4281	-1.4281	1.4343	-1.4343	-1.4404	1.4404	1.4449	-1.4449	-1.4543	1.4543	-1.4661	1.4661	-1.4723	1.4723	1.4793	-1.4793	-1.4866	1.4866	1.4967	-1.4967	1.4991	-1.4991	-1.5097	1.5097	-1.5199	1.5199	-1.5295	1.5295	1.5343	-1.5343	1.5406	-1.5406	-1.5454	1.5454	1.5539	-1.5539	-1.5655	1.5655	-1.5755	1.5755	-1.5803	1.5803	-1.5896	1.5896	1.5937	-1.5937	1.6038	-1.6038	1.6109	-1.6109	-1.619	1.619	-1.6225	1.6225	-1.6329	1.6329	1.6443	-1.6443	1.6501	-1.6501	1.6567	-1.6567	1.6726	-1.6726	1.6746	-1.6746	-1.6801	1.6801	-1.6916	1.6916	1.7029	-1.7029	-1.7086	1.7086	1.7156	-1.7156	1.7193	-1.7193	1.7232	-1.7232	-1.7382	1.7382	-1.747	1.747	1.7533	-1.7533	1.77	-1.77	-1.7729	1.7729	1.7788	-1.7788	1.785	-1.785	1.7934	-1.7934	-1.8073	1.8073	-1.8126	1.8126	1.8211	-1.8211	1.83	-1.83	1.8366	-1.8366	-1.847	1.847	-1.8539	1.8539	1.8644	-1.8644	1.8706	-1.8706	-1.8833	1.8833	-1.8857	1.8857	1.9015	-1.9015	1.9197	-1.9197	-1.9286	1.9286	-1.937	1.937	-1.9402	1.9402	-1.9489	1.9489	-1.964	1.964	1.9667	-1.9667	-1.9749	1.9749	-1.9876	1.9876	1.9948	-1.9948	2.004	-2.004	2.0101	-2.0101	-2.0135	2.0135	-2.0234	2.0234	-2.0341	2.0341	-2.0396	2.0396	-2.0466	2.0466	-2.0511	2.0511	2.0604	-2.0604	-2.073	2.073	2.0799	-2.0799	-2.0834	2.0834	-2.0925	2.0925	-2.1042	2.1042	2.1077	-2.1077	2.1172	-2.1172	-2.1257	2.1257	2.1352	-2.1352	
0.21053	0.56	-0.010035	0.010035	0.043435	-0.043435	0.049454	-0.049454	-0.075556	0.075556	0.091001	-0.091001	0.099016	-0.099016	0.12336	-0.12336	0.13661	-0.13661	-0.14481	0.14481	-0.15454	0.15454	-0.18294	0.18294	0.19489	-0.19489	0.20259	-0.20259	0.30807	-0.30807	-0.3282	0.3282	-0.33546	0.33546	0.3561	-0.3561	-0.39862	0.39862	-0.41635	0.41635	-0.45372	0.45372	-0.49059	0.49059	-0.55899	0.55899	-0.58778	0.58778	0.60403	-0.60403	0.61963	-0.61963	-0.64254	0.64254	-0.658	0.658	0.66415	-0.66415	0.68616	-0.68616	0.70554	-0.70554	-0.71901	0.71901	0.73114	-0.73114	0.75597	-0.75597	0.7589	-0.7589	-0.77002	0.77002	0.77858	-0.77858	-0.79113	0.79113	0.81582	-0.81582	0.8204	-0.8204	0.83619	-0.83619	0.85072	-0.85072	-0.86106	0.86106	0.8676	-0.8676	0.87044	-0.87044	0.88878	-0.88878	-0.89613	0.89613	0.90131	-0.90131	0.90504	-0.90504	0.91594	-0.91594	-0.91855	0.91855	-0.92964	0.92964	0.93834	-0.93834	0.94707	-0.94707	-0.95702	0.95702	0.96537	-0.96537	-0.97118	0.97118	0.97407	-0.97407	0.97896	-0.97896	0.98887	-0.98887	0.9976	-0.9976	-1.0002	1.0002	-1.0034	1.0034	1.0131	-1.0131	-1.0225	1.0225	-1.0274	1.0274	1.0367	-1.0367	1.0481	-1.0481	1.052	-1.052	1.0623	-1.0623	1.0707	-1.0707	-1.075	1.075	1.0846	-1.0846	-1.0914	1.0914	1.0948	-1.0948	-1.1137	1.1137	-1.118	1.118	1.1236	-1.1236	-1.1345	1.1345	1.1458	-1.1458	1.151	-1.151	1.1606	-1.1606	1.1726	-1.1726	1.1798	-1.1798	1.189	-1.189	1.1964	-1.1964	1.2049	-1.2049	-1.2182	1.2182	1.2266	-1.2266	-1.2339	1.2339	-1.2446	1.2446	1.2516	-1.2516	-1.2601	1.2601	1.2739	-1.2739	1.2834	-1.2834	1.2938	-1.2938	-1.3046	1.3046	1.3121	-1.3121	1.3152	-1.3152	-1.3232	1.3232	1.3266	-1.3266	1.3379	-1.3379	1.341	-1.341	-1.3429	1.3429	-1.3572	1.3572	1.3688	-1.3688	1.3779	-1.3779	1.3828	-1.3828	-1.3849	1.3849	-1.3911	1.3911	-1.3996	1.3996	1.4047	-1.4047	-1.4133	1.4133	1.4227	-1.4227	-1.4304	1.4304	1.4364	-1.4364	1.4431	-1.4431	1.4508	-1.4508	1.4639	-1.4639	1.4682	-1.4682	1.4772	-1.4772	1.4835	-1.4835	1.4936	-1.4936	1.4986	-1.4986	1.5085	-1.5085	-1.5166	1.5166	-1.5275	1.5275	1.5315	-1.5315	1.539	-1.539	-1.5435	1.5435	-1.5519	1.5519	1.5647	-1.5647	-1.5737	1.5737	-1.578	1.578	1.589	-1.589	1.5919	-1.5919	1.6021	-1.6021	1.6093	-1.6093	1.6184	-1.6184	1.6219	-1.6219	-1.633	1.633	1.6438	-1.6438	-1.6489	1.6489	1.6558	-1.6558	-1.6726	1.6726	1.6741	-1.6741	1.68	-1.68	-1.6911	1.6911	1.7031	-1.7031	1.7085	-1.7085	1.716	-1.716	-1.7193	1.7193	-1.7238	1.7238	-1.738	1.738	-1.7471	1.7471	-1.7532	1.7532	1.7696	-1.7696	-1.7731	1.7731	1.7788	-1.7788	-1.7842	1.7842	1.793	-1.793	-1.8068	1.8068	1.8124	-1.8124	-1.8211	1.8211	-1.83	1.83	1.8366	-1.8366	1.8466	-1.8466	1.8532	-1.8532	-1.864	1.864	-1.8702	1.8702	1.8823	-1.8823	1.8856	-1.8856	-1.9014	1.9014	-1.919	1.919	1.9279	-1.9279	-1.9363	1.9363	-1.9399	1.9399	-1.948	1.948	1.9639	-1.9639	-1.9662	1.9662	-1.9744	1.9744	1.9874	-1.9874	-1.9947	1.9947	2.0037	-2.0037	-2.0101	2.0101	2.0133	-2.0133	-2.0229	2.0229	-2.0344	2.0344	2.0396	-2.0396	2.0466	-2.0466	2.0508	-2.0508	-2.061	2.061	2.0732	-2.0732	-2.0798	2.0798	2.0838	-2.0838	-2.0927	2.0927	-2.1043	2.1043	2.1079	-2.1079	-2.1177	2.1177	2.1255	-2.1255	-2.1352	2.1352	
0.21053	0.58	-0.0096208	0.0096208	-0.051716	0.051716	0.059993	-0.059993	-0.093278	0.093278	-0.10341	0.10341	0.11723	-0.11723	-0.12503	0.12503	0.14739	-0.14739	-0.16034	0.16034	0.16798	-0.16798	-0.17434	0.17434	0.19318	-0.19318	0.20723	-0.20723	-0.28739	0.28739	-0.30764	0.30764	0.31467	-0.31467	0.33479	-0.33479	0.37658	-0.37658	0.39534	-0.39534	-0.42955	0.42955	-0.47005	0.47005	0.53947	-0.53947	-0.58745	0.58745	-0.59806	0.59806	-0.6091	0.6091	-0.63884	0.63884	-0.65778	0.65778	-0.66357	0.66357	0.68456	-0.68456	0.70305	-0.70305	-0.71632	0.71632	0.72921	-0.72921	0.74061	-0.74061	0.75693	-0.75693	0.76477	-0.76477	0.77495	-0.77495	0.78375	-0.78375	-0.81058	0.81058	-0.81698	0.81698	0.83062	-0.83062	-0.83954	0.83954	0.85638	-0.85638	-0.86316	0.86316	-0.86675	0.86675	-0.88443	0.88443	0.89091	-0.89091	0.8954	-0.8954	-0.89885	0.89885	-0.90994	0.90994	-0.91625	0.91625	-0.92179	0.92179	0.93242	-0.93242	0.94166	-0.94166	-0.95135	0.95135	0.96091	-0.96091	-0.96409	0.96409	-0.96751	0.96751	0.97509	-0.97509	-0.9847	0.9847	0.99616	-0.99616	-0.99745	0.99745	-1.0009	1.0009	1.0096	-1.0096	1.0192	-1.0192	-1.0244	1.0244	1.0351	-1.0351	1.0462	-1.0462	1.0507	-1.0507	-1.0607	1.0607	1.0682	-1.0682	-1.0715	1.0715	-1.0796	1.0796	1.0878	-1.0878	1.0931	-1.0931	-1.1117	1.1117	-1.1156	1.1156	-1.1219	1.1219	1.132	-1.132	-1.1425	1.1425	-1.1475	1.1475	1.1567	-1.1567	-1.1715	1.1715	1.179	-1.179	-1.1869	1.1869	-1.1949	1.1949	-1.2035	1.2035	-1.2169	1.2169	1.224	-1.224	1.2319	-1.2319	-1.237	1.237	-1.2459	1.2459	-1.2558	1.2558	1.2685	-1.2685	1.2779	-1.2779	-1.2902	1.2902	1.2946	-1.2946	1.3067	-1.3067	-1.3139	1.3139	-1.3153	1.3153	1.3236	-1.3236	1.3332	-1.3332	-1.339	1.339	1.341	-1.341	-1.3514	1.3514	-1.3625	1.3625	1.3735	-1.3735	1.377	-1.377	-1.3826	1.3826	-1.3865	1.3865	1.3961	-1.3961	1.4013	-1.4013	-1.4061	1.4061	1.4201	-1.4201	-1.4272	1.4272	1.4341	-1.4341	1.4398	-1.4398	-1.4488	1.4488	-1.4596	1.4596	-1.4663	1.4663	1.4756	-1.4756	-1.4817	1.4817	1.4914	-1.4914	1.4981	-1.4981	1.5074	-1.5074	-1.5138	1.5138	1.5251	-1.5251	1.5284	-1.5284	-1.5379	1.5379	-1.5423	1.5423	1.5501	-1.5501	1.5637	-1.5637	1.5715	-1.5715	-1.577	1.577	-1.5882	1.5882	1.5907	-1.5907	-1.6006	1.6006	1.6083	-1.6083	1.6178	-1.6178	1.6213	-1.6213	-1.6332	1.6332	1.6433	-1.6433	-1.6477	1.6477	-1.6553	1.6553	-1.6724	1.6724	-1.6739	1.6739	1.68	-1.68	1.6906	-1.6906	-1.7033	1.7033	1.7085	-1.7085	-1.7164	1.7164	-1.7194	1.7194	1.7244	-1.7244	1.7379	-1.7379	-1.7472	1.7472	1.7532	-1.7532	-1.7691	1.7691	-1.7732	1.7732	-1.7789	1.7789	-1.7835	1.7835	-1.7925	1.7925	-1.8063	1.8063	1.8122	-1.8122	1.8211	-1.8211	-1.83	1.83	-1.8366	1.8366	-1.8462	1.8462	-1.8525	1.8525	1.8636	-1.8636	1.8697	-1.8697	1.8814	-1.8814	-1.8854	1.8854	-1.9014	1.9014	1.9182	-1.9182	1.9272	-1.9272	1.9355	-1.9355	1.9394	-1.9394	-1.9471	1.9471	1.9636	-1.9636	-1.9657	1.9657	-1.9739	1.9739	1.9873	-1.9873	-1.9946	1.9946	2.0033	-2.0033	2.01	-2.01	-2.0132	2.0132	-2.0225	2.0225	-2.0347	2.0347	-2.0395	2.0395	2.0466	-2.0466	-2.0505	2.0505	-2.0616	2.0616	-2.0733	2.0733	2.0797	-2.0797	-2.0842	2.0842	-2.0928	2.0928	-2.1043	2.1043	-2.1081	2.1081	2.1181	-2.1181	2.1253	-2.1253	-2.1351	2.1351	
0.21053	0.6	-0.0023149	0.0023149	-0.052832	0.052832	-0.066178	0.066178	-0.096149	0.096149	-0.11458	0.11458	-0.12928	0.12928	-0.13666	0.13666	-0.1508	0.1508	-0.16771	0.16771	-0.18289	0.18289	0.19245	-0.19245	-0.20257	0.20257	-0.21961	0.21961	-0.26856	0.26856	-0.28801	0.28801	-0.29488	0.29488	-0.31397	0.31397	-0.35471	0.35471	-0.37457	0.37457	-0.40538	0.40538	-0.44964	0.44964	-0.51945	0.51945	-0.57633	0.57633	0.59235	-0.59235	-0.60879	0.60879	0.63239	-0.63239	-0.65733	0.65733	-0.66342	0.66342	0.68237	-0.68237	0.70023	-0.70023	0.71069	-0.71069	-0.72294	0.72294	0.73144	-0.73144	-0.75048	0.75048	-0.76107	0.76107	-0.77213	0.77213	-0.77787	0.77787	-0.80504	0.80504	-0.80841	0.80841	-0.82189	0.82189	-0.83263	0.83263	0.851	-0.851	-0.85874	0.85874	0.86228	-0.86228	-0.87627	0.87627	-0.88347	0.88347	0.88914	-0.88914	-0.89358	0.89358	-0.90312	0.90312	0.91195	-0.91195	-0.91643	0.91643	0.92759	-0.92759	0.93399	-0.93399	0.94635	-0.94635	-0.95454	0.95454	0.95852	-0.95852	-0.96399	0.96399	-0.97302	0.97302	-0.98222	0.98222	-0.99435	0.99435	0.99631	-0.99631	0.99876	-0.99876	-1.0071	1.0071	1.0163	-1.0163	-1.0216	1.0216	-1.0335	1.0335	-1.0435	1.0435	-1.0494	1.0494	-1.0586	1.0586	-1.0643	1.0643	-1.0683	1.0683	-1.0742	1.0742	-1.0851	1.0851	1.0916	-1.0916	-1.1094	1.1094	1.1126	-1.1126	1.1203	-1.1203	-1.1292	1.1292	-1.1388	1.1388	1.145	-1.145	-1.1546	1.1546	-1.1697	1.1697	-1.1779	1.1779	1.1839	-1.1839	1.1931	-1.1931	-1.2014	1.2014	-1.2146	1.2146	-1.2186	1.2186	1.2282	-1.2282	1.2319	-1.2319	1.2404	-1.2404	1.2514	-1.2514	-1.262	1.262	-1.2704	1.2704	1.2827	-1.2827	1.2873	-1.2873	1.3013	-1.3013	-1.3062	1.3062	-1.3138	1.3138	1.3206	-1.3206	-1.3262	1.3262	-1.3373	1.3373	-1.3394	1.3394	-1.347	1.347	1.3559	-1.3559	1.3654	-1.3654	-1.3721	1.3721	1.3784	-1.3784	-1.383	1.383	-1.3939	1.3939	1.3985	-1.3985	1.4022	-1.4022	-1.4179	1.4179	-1.4239	1.4239	1.4327	-1.4327	1.436	-1.436	-1.448	1.448	-1.4562	1.4562	1.4655	-1.4655	-1.4744	1.4744	1.4805	-1.4805	-1.4895	1.4895	-1.4973	1.4973	1.5062	-1.5062	1.5115	-1.5115	1.5227	-1.5227	-1.5256	1.5256	-1.5369	1.5369	-1.5417	1.5417	-1.5484	1.5484	-1.5624	1.5624	-1.57	1.57	1.5764	-1.5764	-1.5874	1.5874	-1.5899	1.5899	-1.5995	1.5995	1.6075	-1.6075	-1.6171	1.6171	-1.6209	1.6209	-1.6333	1.6333	1.6429	-1.6429	-1.6468	1.6468	1.6549	-1.6549	1.6721	-1.6721	-1.6738	1.6738	1.6801	-1.6801	1.6903	-1.6903	1.7036	-1.7036	-1.7086	1.7086	-1.7169	1.7169	1.7195	-1.7195	-1.7249	1.7249	1.7378	-1.7378	1.7474	-1.7474	-1.7532	1.7532	1.7684	-1.7684	-1.7734	1.7734	-1.7789	1.7789	-1.783	1.783	1.7921	-1.7921	1.8059	-1.8059	-1.812	1.812	1.8213	-1.8213	-1.8299	1.8299	1.8366	-1.8366	-1.8457	1.8457	-1.8519	1.8519	-1.8632	1.8632	-1.8693	1.8693	-1.8804	1.8804	-1.8852	1.8852	-1.9014	1.9014	1.9172	-1.9172	-1.9265	1.9265	-1.9346	1.9346	1.9389	-1.9389	-1.9463	1.9463	1.9633	-1.9633	1.9653	-1.9653	-1.9735	1.9735	-1.9873	1.9873	-1.9943	1.9943	-2.0029	2.0029	-2.0099	2.0099	-2.0132	2.0132	-2.022	2.022	2.0349	-2.0349	-2.0394	2.0394	2.0465	-2.0465	2.0502	-2.0502	2.0623	-2.0623	-2.0734	2.0734	-2.0796	2.0796	2.0846	-2.0846	-2.0929	2.0929	-2.1044	2.1044	2.1082	-2.1082	-2.1186	2.1186	2.125	-2.125	-2.135	2.135	
0.21053	0.62	-0.0076615	0.0076615	-0.041736	0.041736	-0.064155	0.064155	0.09055	-0.09055	0.12752	-0.12752	-0.13443	0.13443	0.15187	-0.15187	-0.16167	0.16167	-0.18141	0.18141	-0.19713	0.19713	0.21205	-0.21205	-0.22149	0.22149	-0.23267	0.23267	0.25556	-0.25556	0.27076	-0.27076	0.27826	-0.27826	-0.29475	0.29475	-0.33365	0.33365	0.35446	-0.35446	-0.38157	0.38157	0.42965	-0.42965	-0.49923	0.49923	0.55758	-0.55758	0.59279	-0.59279	-0.60957	0.60957	0.62318	-0.62318	-0.65665	0.65665	0.66351	-0.66351	-0.679	0.679	0.69193	-0.69193	-0.70273	0.70273	0.71812	-0.71812	0.72854	-0.72854	0.73929	-0.73929	0.75982	-0.75982	0.76862	-0.76862	-0.77296	0.77296	0.79288	-0.79288	-0.79962	0.79962	0.81635	-0.81635	-0.82657	0.82657	0.84443	-0.84443	0.8504	-0.8504	0.85644	-0.85644	-0.867	0.867	0.87414	-0.87414	-0.88269	0.88269	-0.88808	0.88808	-0.89686	0.89686	-0.90597	0.90597	-0.91411	0.91411	-0.92258	0.92258	-0.92692	0.92692	-0.94187	0.94187	0.95082	-0.95082	-0.95355	0.95355	0.96286	-0.96286	-0.97148	0.97148	-0.98044	0.98044	0.9927	-0.9927	-0.99529	0.99529	-0.99698	0.99698	1.0048	-1.0048	-1.0136	1.0136	1.0188	-1.0188	1.0313	-1.0313	-1.0393	1.0393	1.0479	-1.0479	-1.0557	1.0557	1.0599	-1.0599	1.0652	-1.0652	-1.07	1.07	-1.083	1.083	-1.0902	1.0902	-1.1065	1.1065	1.1091	-1.1091	-1.1189	1.1189	-1.1265	1.1265	1.1357	-1.1357	-1.1432	1.1432	-1.153	1.153	1.1657	-1.1657	-1.1755	1.1755	1.1806	-1.1806	-1.1908	1.1908	1.1983	-1.1983	-1.2096	1.2096	1.2147	-1.2147	1.2244	-1.2244	-1.2285	1.2285	-1.2332	1.2332	-1.2447	1.2447	1.2552	-1.2552	-1.2625	1.2625	-1.2738	1.2738	-1.2817	1.2817	-1.2924	1.2924	1.3014	-1.3014	1.3121	-1.3121	1.3151	-1.3151	-1.3212	1.3212	-1.3334	1.3334	1.3379	-1.3379	-1.3428	1.3428	1.3498	-1.3498	-1.3573	1.3573	1.3669	-1.3669	1.374	-1.374	-1.3822	1.3822	-1.3926	1.3926	1.3948	-1.3948	1.4001	-1.4001	-1.4147	1.4147	1.4219	-1.4219	1.431	-1.431	1.4334	-1.4334	1.4476	-1.4476	-1.4542	1.4542	1.4647	-1.4647	1.4732	-1.4732	-1.4795	1.4795	1.4879	-1.4879	1.4962	-1.4962	1.5047	-1.5047	1.5099	-1.5099	1.5205	-1.5205	1.5232	-1.5232	1.5359	-1.5359	-1.5415	1.5415	1.5468	-1.5468	-1.5612	1.5612	1.5692	-1.5692	1.576	-1.576	1.5866	-1.5866	-1.5893	1.5893	-1.5986	1.5986	-1.6069	1.6069	-1.6164	1.6164	-1.6206	1.6206	-1.6335	1.6335	1.6425	-1.6425	-1.646	1.646	-1.6547	1.6547	-1.6716	1.6716	1.6739	-1.6739	1.6802	-1.6802	-1.69	1.69	1.7038	-1.7038	-1.7087	1.7087	-1.7173	1.7173	1.7196	-1.7196	1.7254	-1.7254	-1.7377	1.7377	1.7475	-1.7475	-1.7533	1.7533	1.7676	-1.7676	-1.7735	1.7735	-1.7787	1.7787	-1.7826	1.7826	1.7918	-1.7918	1.8054	-1.8054	-1.8118	1.8118	1.8214	-1.8214	1.8298	-1.8298	1.8365	-1.8365	1.8453	-1.8453	-1.8513	1.8513	1.8629	-1.8629	-1.8689	1.8689	1.8794	-1.8794	-1.885	1.885	-1.9014	1.9014	-1.9162	1.9162	1.9257	-1.9257	1.9336	-1.9336	1.9382	-1.9382	-1.9456	1.9456	1.9628	-1.9628	1.9649	-1.9649	1.9732	-1.9732	1.9873	-1.9873	-1.9939	1.9939	-2.0024	2.0024	2.0097	-2.0097	-2.0134	2.0134	-2.0217	2.0217	2.0352	-2.0352	2.0394	-2.0394	-2.0464	2.0464	2.0499	-2.0499	2.0629	-2.0629	2.0735	-2.0735	2.0794	-2.0794	2.0849	-2.0849	-2.0929	2.0929	-2.1044	2.1044	-2.1084	2.1084	2.119	-2.119	-2.1247	2.1247	2.1349	-2.1349	
0.21053	0.64	-0.012409	0.012409	-0.027919	0.027919	-0.05312	0.05312	0.083072	-0.083072	0.13503	-0.13503	0.14803	-0.14803	-0.16293	0.16293	0.1758	-0.1758	-0.193	0.193	-0.2078	0.2078	-0.22633	0.22633	0.23486	-0.23486	0.24513	-0.24513	0.25515	-0.25515	0.26055	-0.26055	0.27289	-0.27289	0.28095	-0.28095	-0.31495	0.31495	-0.33579	0.33579	0.35897	-0.35897	0.41059	-0.41059	-0.47899	0.47899	-0.53798	0.53798	0.59357	-0.59357	-0.60948	0.60948	-0.61273	0.61273	-0.65443	0.65443	0.66353	-0.66353	0.66954	-0.66954	-0.68281	0.68281	-0.69888	0.69888	-0.71384	0.71384	0.72221	-0.72221	0.73289	-0.73289	-0.75617	0.75617	-0.76113	0.76113	0.77057	-0.77057	0.77897	-0.77897	-0.79275	0.79275	-0.81066	0.81066	0.81879	-0.81879	0.83327	-0.83327	0.84192	-0.84192	0.84819	-0.84819	-0.85655	0.85655	0.86462	-0.86462	-0.87671	0.87671	-0.88151	0.88151	0.89295	-0.89295	0.90188	-0.90188	-0.91037	0.91037	0.9177	-0.9177	-0.92363	0.92363	0.93838	-0.93838	0.94823	-0.94823	-0.95063	0.95063	0.96208	-0.96208	-0.97008	0.97008	0.97883	-0.97883	-0.99097	0.99097	0.99409	-0.99409	-0.99546	0.99546	-1.0024	1.0024	1.0109	-1.0109	-1.0152	1.0152	1.0272	-1.0272	-1.0347	1.0347	1.0458	-1.0458	-1.0523	1.0523	1.0566	-1.0566	1.0622	-1.0622	-1.0671	1.0671	1.0809	-1.0809	1.0888	-1.0888	-1.1029	1.1029	-1.1057	1.1057	1.1176	-1.1176	-1.1238	1.1238	-1.1328	1.1328	1.1416	-1.1416	-1.1514	1.1514	-1.1578	1.1578	1.1718	-1.1718	-1.1789	1.1789	1.1879	-1.1879	1.1952	-1.1952	-1.2048	1.2048	1.2105	-1.2105	-1.2179	1.2179	1.2227	-1.2227	-1.2276	1.2276	1.2378	-1.2378	1.2478	-1.2478	-1.2549	1.2549	1.2645	-1.2645	-1.2769	1.2769	-1.2833	1.2833	-1.2963	1.2963	-1.304	1.304	-1.3124	1.3124	-1.3182	1.3182	-1.3266	1.3266	1.3354	-1.3354	-1.3392	1.3392	-1.347	1.347	-1.3524	1.3524	-1.3616	1.3616	-1.37	1.37	1.3817	-1.3817	1.3897	-1.3897	1.3926	-1.3926	1.399	-1.399	1.412	-1.412	1.4209	-1.4209	1.4284	-1.4284	-1.4327	1.4327	1.4474	-1.4474	-1.453	1.453	1.4637	-1.4637	1.4719	-1.4719	1.4788	-1.4788	-1.4864	1.4864	-1.495	1.495	-1.5031	1.5031	-1.5091	1.5091	-1.5185	1.5185	-1.5214	1.5214	1.535	-1.535	-1.5414	1.5414	1.5456	-1.5456	1.5601	-1.5601	1.5687	-1.5687	1.5756	-1.5756	-1.5858	1.5858	1.5889	-1.5889	-1.5979	1.5979	1.6062	-1.6062	-1.6157	1.6157	-1.6204	1.6204	-1.6337	1.6337	-1.642	1.642	-1.6454	1.6454	-1.6546	1.6546	-1.6711	1.6711	-1.6741	1.6741	-1.6804	1.6804	1.6898	-1.6898	-1.704	1.704	1.7089	-1.7089	1.7178	-1.7178	-1.7197	1.7197	-1.7259	1.7259	-1.7376	1.7376	1.7477	-1.7477	1.7533	-1.7533	-1.7668	1.7668	1.7736	-1.7736	-1.7785	1.7785	1.7824	-1.7824	-1.7914	1.7914	1.8049	-1.8049	-1.8116	1.8116	-1.8216	1.8216	-1.8297	1.8297	-1.8365	1.8365	-1.8448	1.8448	1.8507	-1.8507	1.8626	-1.8626	1.8684	-1.8684	-1.8784	1.8784	1.8848	-1.8848	-1.9014	1.9014	1.9152	-1.9152	1.9249	-1.9249	1.9325	-1.9325	-1.9375	1.9375	-1.9451	1.9451	1.9622	-1.9622	-1.9647	1.9647	-1.9729	1.9729	1.9873	-1.9873	1.9935	-1.9935	2.002	-2.002	2.0095	-2.0095	-2.0136	2.0136	2.0214	-2.0214	2.0354	-2.0354	2.0393	-2.0393	-2.0463	2.0463	-2.0497	2.0497	2.0635	-2.0635	-2.0735	2.0735	2.0793	-2.0793	2.0852	-2.0852	2.093	-2.093	-2.1045	2.1045	-2.1085	2.1085	2.1193	-2.1193	2.1244	-2.1244	-2.1348	2.1348	
0.21053	0.66	-0.0013609	0.0013609	0.022838	-0.022838	-0.038726	0.038726	0.080148	-0.080148	0.14362	-0.14362	0.15514	-0.15514	0.16507	-0.16507	0.18262	-0.18262	-0.19869	0.19869	0.21741	-0.21741	0.22537	-0.22537	-0.2357	0.2357	-0.25497	0.25497	-0.26522	0.26522	0.26887	-0.26887	0.27923	-0.27923	0.28618	-0.28618	0.30361	-0.30361	0.31997	-0.31997	0.34003	-0.34003	0.39329	-0.39329	-0.45897	0.45897	0.51829	-0.51829	0.59311	-0.59311	-0.59924	0.59924	0.61184	-0.61184	0.6432	-0.6432	0.66097	-0.66097	-0.66396	0.66396	0.67904	-0.67904	-0.69136	0.69136	0.7067	-0.7067	0.71775	-0.71775	0.73041	-0.73041	-0.74325	0.74325	-0.75623	0.75623	-0.76722	0.76722	-0.77013	0.77013	0.78571	-0.78571	-0.80141	0.80141	-0.80845	0.80845	-0.82182	0.82182	-0.83132	0.83132	0.83802	-0.83802	-0.84498	0.84498	0.85544	-0.85544	0.87229	-0.87229	0.87723	-0.87723	-0.89049	0.89049	-0.89904	0.89904	0.90497	-0.90497	-0.91573	0.91573	0.92153	-0.92153	-0.93593	0.93593	0.94587	-0.94587	-0.94886	0.94886	0.96138	-0.96138	0.96868	-0.96868	0.97709	-0.97709	0.98868	-0.98868	0.99253	-0.99253	-0.99375	0.99375	0.99953	-0.99953	1.0077	-1.0077	1.0106	-1.0106	-1.0218	1.0218	1.032	-1.032	1.0427	-1.0427	1.0498	-1.0498	-1.0538	1.0538	-1.0593	1.0593	-1.0647	1.0647	-1.0785	1.0785	1.0871	-1.0871	-1.0983	1.0983	1.1024	-1.1024	-1.116	1.116	1.1208	-1.1208	1.13	-1.13	1.1399	-1.1399	1.1465	-1.1465	1.1513	-1.1513	-1.1678	1.1678	-1.1776	1.1776	-1.1843	1.1843	-1.1919	1.1919	1.1972	-1.1972	1.204	-1.204	1.2103	-1.2103	-1.2172	1.2172	1.2238	-1.2238	-1.2306	1.2306	-1.2404	1.2404	1.2453	-1.2453	1.2589	-1.2589	1.2721	-1.2721	-1.2742	1.2742	-1.2869	1.2869	-1.2962	1.2962	1.3101	-1.3101	-1.3157	1.3157	-1.3214	1.3214	-1.332	1.332	-1.3379	1.3379	1.3439	-1.3439	-1.3503	1.3503	-1.3556	1.3556	1.3671	-1.3671	-1.3812	1.3812	1.3866	-1.3866	1.3915	-1.3915	1.3985	-1.3985	1.4102	-1.4102	1.4203	-1.4203	1.4258	-1.4258	1.4325	-1.4325	1.4471	-1.4471	-1.4523	1.4523	-1.4626	1.4626	-1.4706	1.4706	-1.4783	1.4783	-1.4852	1.4852	-1.4937	1.4937	-1.5019	1.5019	1.5087	-1.5087	-1.5168	1.5168	1.5201	-1.5201	-1.5342	1.5342	1.5414	-1.5414	-1.5447	1.5447	-1.5592	1.5592	-1.5684	1.5684	1.5752	-1.5752	-1.5852	1.5852	1.5885	-1.5885	1.5974	-1.5974	1.6057	-1.6057	1.6151	-1.6151	1.6203	-1.6203	1.6339	-1.6339	-1.6415	1.6415	-1.645	1.645	-1.6546	1.6546	1.6707	-1.6707	-1.6743	1.6743	1.6806	-1.6806	1.6896	-1.6896	1.7042	-1.7042	-1.7091	1.7091	1.7182	-1.7182	1.7198	-1.7198	1.7264	-1.7264	-1.7376	1.7376	1.7479	-1.7479	1.7534	-1.7534	1.7659	-1.7659	-1.7736	1.7736	1.7781	-1.7781	-1.7823	1.7823	1.791	-1.791	-1.8045	1.8045	1.8114	-1.8114	-1.8219	1.8219	-1.8295	1.8295	-1.8365	1.8365	-1.8444	1.8444	1.8502	-1.8502	-1.8623	1.8623	-1.868	1.868	-1.8775	1.8775	-1.8846	1.8846	-1.9013	1.9013	-1.9141	1.9141	1.924	-1.924	-1.9314	1.9314	-1.9367	1.9367	-1.9446	1.9446	1.9616	-1.9616	1.9644	-1.9644	1.9727	-1.9727	1.9874	-1.9874	-1.9929	1.9929	2.0015	-2.0015	-2.0093	2.0093	2.0138	-2.0138	2.0211	-2.0211	2.0357	-2.0357	-2.0392	2.0392	-2.0462	2.0462	-2.0496	2.0496	-2.0641	2.0641	2.0734	-2.0734	-2.0792	2.0792	-2.0855	2.0855	2.093	-2.093	-2.1046	2.1046	-2.1087	2.1087	2.1195	-2.1195	2.1241	-2.1241	2.1347	-2.1347	
0.21053	0.68	-0.0093417	0.0093417	-0.016957	0.016957	-0.030561	0.030561	0.087083	-0.087083	0.1378	-0.1378	-0.15591	0.15591	-0.16512	0.16512	0.1741	-0.1741	0.20078	-0.20078	0.21465	-0.21465	0.22917	-0.22917	-0.23667	0.23667	-0.25992	0.25992	0.27514	-0.27514	-0.28829	0.28829	0.29265	-0.29265	-0.29717	0.29717	0.31038	-0.31038	0.31128	-0.31128	-0.33245	0.33245	0.37937	-0.37937	-0.43951	0.43951	0.49879	-0.49879	-0.58235	0.58235	0.59602	-0.59602	-0.61244	0.61244	-0.62454	0.62454	0.65902	-0.65902	0.66311	-0.66311	-0.6721	0.6721	0.68176	-0.68176	0.7005	-0.7005	-0.71449	0.71449	-0.72435	0.72435	-0.73345	0.73345	0.74756	-0.74756	-0.75942	0.75942	0.76797	-0.76797	-0.77805	0.77805	0.7884	-0.7884	0.79752	-0.79752	-0.80839	0.80839	-0.82249	0.82249	0.82411	-0.82411	-0.8329	0.8329	0.85098	-0.85098	0.86906	-0.86906	-0.87504	0.87504	0.88839	-0.88839	-0.89634	0.89634	-0.90008	0.90008	-0.91472	0.91472	0.9198	-0.9198	-0.93414	0.93414	0.94341	-0.94341	0.9476	-0.9476	0.96063	-0.96063	-0.96718	0.96718	0.97464	-0.97464	0.98423	-0.98423	0.98931	-0.98931	-0.99232	0.99232	-0.99668	0.99668	1.003	-1.003	-1.0078	1.0078	1.0184	-1.0184	-1.0301	1.0301	-1.0382	1.0382	-1.048	1.048	-1.0511	1.0511	1.0563	-1.0563	-1.0624	1.0624	-1.0748	1.0748	1.085	-1.085	-1.0932	1.0932	1.099	-1.099	1.1139	-1.1139	-1.1174	1.1174	-1.127	1.127	-1.1375	1.1375	-1.1392	1.1392	1.1493	-1.1493	-1.1622	1.1622	1.1755	-1.1755	-1.1791	1.1791	-1.1836	1.1836	-1.1901	1.1901	1.199	-1.199	1.2026	-1.2026	-1.2137	1.2137	1.2146	-1.2146	-1.2266	1.2266	-1.2319	1.2319	1.2374	-1.2374	1.2557	-1.2557	-1.2631	1.2631	1.2654	-1.2654	-1.2775	1.2775	1.292	-1.292	-1.3073	1.3073	1.3138	-1.3138	1.3189	-1.3189	1.3279	-1.3279	1.335	-1.335	1.3402	-1.3402	-1.349	1.349	1.3527	-1.3527	1.3649	-1.3649	1.3804	-1.3804	1.3846	-1.3846	1.3904	-1.3904	1.3982	-1.3982	1.409	-1.409	1.4198	-1.4198	-1.4233	1.4233	1.4326	-1.4326	1.4466	-1.4466	1.4518	-1.4518	1.4615	-1.4615	1.4695	-1.4695	-1.478	1.478	1.4843	-1.4843	1.4926	-1.4926	-1.501	1.501	-1.5083	1.5083	-1.5152	1.5152	-1.5192	1.5192	1.5334	-1.5334	-1.5412	1.5412	-1.5442	1.5442	-1.5585	1.5585	1.5682	-1.5682	1.5748	-1.5748	-1.5847	1.5847	1.5882	-1.5882	-1.5971	1.5971	1.6051	-1.6051	1.6144	-1.6144	-1.6202	1.6202	1.6341	-1.6341	1.6409	-1.6409	1.6448	-1.6448	-1.6546	1.6546	1.6702	-1.6702	1.6745	-1.6745	1.6808	-1.6808	1.6895	-1.6895	-1.7043	1.7043	-1.7093	1.7093	-1.7186	1.7186	-1.7199	1.7199	1.7268	-1.7268	1.7375	-1.7375	-1.748	1.748	-1.7534	1.7534	-1.765	1.765	1.7736	-1.7736	-1.7778	1.7778	1.7824	-1.7824	-1.7906	1.7906	1.8041	-1.8041	-1.8111	1.8111	1.8221	-1.8221	-1.8292	1.8292	1.8364	-1.8364	1.844	-1.844	-1.8497	1.8497	1.8621	-1.8621	1.8676	-1.8676	-1.8766	1.8766	-1.8844	1.8844	-1.9012	1.9012	1.913	-1.913	-1.9231	1.9231	1.9302	-1.9302	1.936	-1.936	1.9442	-1.9442	1.9609	-1.9609	-1.9643	1.9643	-1.9725	1.9725	-1.9874	1.9874	1.9922	-1.9922	-2.001	2.001	2.0091	-2.0091	-2.0141	2.0141	-2.0209	2.0209	2.0359	-2.0359	2.0392	-2.0392	-2.0461	2.0461	-2.0495	2.0495	-2.0646	2.0646	2.0733	-2.0733	2.0791	-2.0791	-2.0857	2.0857	2.0931	-2.0931	2.1047	-2.1047	2.1088	-2.1088	-2.1196	2.1196	2.124	-2.124	-2.1346	2.1346	
0.21053	0.7	0.0011163	-0.0011163	-0.010595	0.010595	0.047245	-0.047245	0.097177	-0.097177	-0.12121	0.12121	0.15019	-0.15019	0.15677	-0.15677	0.16641	-0.16641	0.19214	-0.19214	0.20489	-0.20489	-0.23375	0.23375	0.23968	-0.23968	-0.26364	0.26364	0.2877	-0.2877	0.29622	-0.29622	-0.30562	0.30562	-0.31304	0.31304	-0.3203	0.3203	0.32999	-0.32999	0.3426	-0.3426	0.37185	-0.37185	0.42137	-0.42137	-0.47985	0.47985	0.56735	-0.56735	-0.59441	0.59441	-0.60539	0.60539	0.61381	-0.61381	0.65262	-0.65262	-0.65883	0.65883	-0.66452	0.66452	-0.67731	0.67731	-0.69094	0.69094	-0.70966	0.70966	-0.71627	0.71627	-0.7303	0.7303	-0.73645	0.73645	-0.74781	0.74781	0.7655	-0.7655	-0.76879	0.76879	-0.77838	0.77838	-0.78504	0.78504	0.79256	-0.79256	0.80931	-0.80931	0.81322	-0.81322	0.82608	-0.82608	-0.84926	0.84926	0.86609	-0.86609	0.87369	-0.87369	-0.88612	0.88612	0.89194	-0.89194	0.89717	-0.89717	-0.91382	0.91382	0.9183	-0.9183	0.93254	-0.93254	0.94058	-0.94058	-0.94658	0.94658	0.95957	-0.95957	-0.96533	0.96533	0.96953	-0.96953	-0.97777	0.97777	-0.98623	0.98623	0.99136	-0.99136	-0.9945	0.9945	-0.99948	0.99948	1.006	-1.006	-1.0161	1.0161	1.0279	-1.0279	1.0328	-1.0328	1.0452	-1.0452	-1.0484	1.0484	-1.053	1.053	1.0599	-1.0599	1.069	-1.069	1.0825	-1.0825	1.0893	-1.0893	1.0956	-1.0956	1.1106	-1.1106	-1.1142	1.1142	-1.1236	1.1236	-1.1321	1.1321	-1.1363	1.1363	-1.1471	1.1471	-1.1542	1.1542	1.168	-1.168	1.17	-1.17	1.1788	-1.1788	-1.1841	1.1841	-1.1927	1.1927	-1.1968	1.1968	-1.2043	1.2043	1.2118	-1.2118	1.2185	-1.2185	1.2258	-1.2258	-1.2333	1.2333	-1.2473	1.2473	1.2536	-1.2536	1.2598	-1.2598	-1.2741	1.2741	1.2886	-1.2886	-1.3042	1.3042	-1.3115	1.3115	1.3168	-1.3168	1.3213	-1.3213	-1.3314	1.3314	-1.3394	1.3394	-1.348	1.348	1.3523	-1.3523	1.3628	-1.3628	-1.3791	1.3791	-1.3834	1.3834	1.3895	-1.3895	-1.3982	1.3982	1.4082	-1.4082	-1.4193	1.4193	-1.4212	1.4212	-1.4327	1.4327	1.4459	-1.4459	1.4516	-1.4516	1.4605	-1.4605	1.4686	-1.4686	-1.4779	1.4779	1.4838	-1.4838	1.4917	-1.4917	-1.5003	1.5003	-1.5078	1.5078	-1.5138	1.5138	1.5186	-1.5186	1.5326	-1.5326	1.5409	-1.5409	-1.5441	1.5441	-1.5579	1.5579	-1.568	1.568	1.5745	-1.5745	-1.5842	1.5842	1.588	-1.588	-1.5968	1.5968	-1.6046	1.6046	-1.6138	1.6138	1.6201	-1.6201	-1.6342	1.6342	-1.6403	1.6403	-1.6447	1.6447	1.6547	-1.6547	1.6697	-1.6697	-1.6747	1.6747	-1.681	1.681	-1.6894	1.6894	-1.7045	1.7045	1.7095	-1.7095	-1.719	1.719	1.7201	-1.7201	1.7271	-1.7271	-1.7375	1.7375	-1.7481	1.7481	1.7535	-1.7535	-1.7641	1.7641	-1.7735	1.7735	-1.7774	1.7774	-1.7824	1.7824	1.7903	-1.7903	1.8037	-1.8037	1.8109	-1.8109	-1.8224	1.8224	-1.8289	1.8289	-1.8363	1.8363	1.8436	-1.8436	-1.8493	1.8493	-1.8618	1.8618	1.8672	-1.8672	-1.8758	1.8758	-1.8841	1.8841	-1.9011	1.9011	1.912	-1.912	1.9222	-1.9222	1.929	-1.929	-1.9352	1.9352	1.9439	-1.9439	1.9603	-1.9603	-1.9641	1.9641	1.9724	-1.9724	1.9874	-1.9874	1.9916	-1.9916	2.0006	-2.0006	-2.009	2.009	2.0145	-2.0145	2.0208	-2.0208	-2.0361	2.0361	-2.0392	2.0392	2.0459	-2.0459	2.0494	-2.0494	2.0651	-2.0651	2.0732	-2.0732	-2.079	2.079	2.0859	-2.0859	-2.0932	2.0932	-2.1048	2.1048	2.1089	-2.1089	2.1195	-2.1195	2.1239	-2.1239	2.1345	-2.1345	
0.21053	0.72	-0.0070577	0.0070577	-0.02666	0.02666	-0.065051	0.065051	0.096877	-0.096877	0.10803	-0.10803	0.13809	-0.13809	0.14656	-0.14656	-0.16008	0.16008	-0.18005	0.18005	-0.19369	0.19369	0.22406	-0.22406	-0.23901	0.23901	0.27263	-0.27263	0.30182	-0.30182	0.30874	-0.30874	-0.3189	0.3189	0.33103	-0.33103	0.34058	-0.34058	0.35218	-0.35218	-0.35861	0.35861	-0.37591	0.37591	0.40653	-0.40653	-0.46206	0.46206	-0.55171	0.55171	0.58137	-0.58137	0.59859	-0.59859	-0.614	0.614	-0.63569	0.63569	-0.65339	0.65339	0.66308	-0.66308	-0.67206	0.67206	-0.68117	0.68117	-0.70103	0.70103	0.71169	-0.71169	0.72386	-0.72386	0.72691	-0.72691	-0.73455	0.73455	-0.75503	0.75503	-0.7617	0.7617	0.76899	-0.76899	-0.77597	0.77597	-0.77664	0.77664	0.79617	-0.79617	0.80557	-0.80557	-0.82317	0.82317	-0.84834	0.84834	-0.86259	0.86259	-0.87254	0.87254	-0.88238	0.88238	0.88712	-0.88712	0.89553	-0.89553	0.91266	-0.91266	0.91701	-0.91701	-0.93035	0.93035	0.93746	-0.93746	0.94565	-0.94565	-0.95659	0.95659	-0.96103	0.96103	0.96457	-0.96457	0.97381	-0.97381	0.98353	-0.98353	-0.9904	0.9904	-0.99191	0.99191	0.99725	-0.99725	1.0046	-1.0046	1.0142	-1.0142	1.0239	-1.0239	1.0273	-1.0273	-1.0388	1.0388	1.0464	-1.0464	-1.0498	1.0498	1.0568	-1.0568	1.0638	-1.0638	-1.0802	1.0802	1.0866	-1.0866	-1.0915	1.0915	-1.1066	1.1066	-1.11	1.11	-1.1193	1.1193	1.1279	-1.1279	1.133	-1.133	-1.1416	1.1416	1.1468	-1.1468	-1.1574	1.1574	-1.1587	1.1587	-1.1759	1.1759	-1.178	1.178	-1.1863	1.1863	1.1917	-1.1917	-1.1963	1.1963	1.2063	-1.2063	-1.2106	1.2106	1.2227	-1.2227	-1.2289	1.2289	1.2366	-1.2366	-1.2501	1.2501	-1.2572	1.2572	-1.2724	1.2724	-1.2842	1.2842	1.3001	-1.3001	-1.3068	1.3068	-1.3141	1.3141	-1.3178	1.3178	1.3294	-1.3294	-1.3393	1.3393	-1.3475	1.3475	1.3524	-1.3524	-1.3607	1.3607	-1.3775	1.3775	1.3828	-1.3828	-1.3889	1.3889	1.3983	-1.3983	1.4076	-1.4076	1.4183	-1.4183	1.42	-1.42	-1.433	1.433	1.445	-1.445	-1.4515	1.4515	1.4599	-1.4599	-1.468	1.468	-1.4779	1.4779	1.4834	-1.4834	-1.4909	1.4909	-1.4996	1.4996	1.5071	-1.5071	1.5129	-1.5129	-1.5182	1.5182	1.532	-1.532	1.5406	-1.5406	1.5442	-1.5442	1.5574	-1.5574	-1.5678	1.5678	-1.5742	1.5742	-1.5838	1.5838	1.5878	-1.5878	1.5966	-1.5966	1.6041	-1.6041	-1.6132	1.6132	1.62	-1.62	-1.6344	1.6344	1.6396	-1.6396	1.6447	-1.6447	-1.6548	1.6548	-1.6692	1.6692	-1.6749	1.6749	1.6812	-1.6812	-1.6893	1.6893	1.7046	-1.7046	-1.7097	1.7097	-1.7194	1.7194	1.7202	-1.7202	1.7274	-1.7274	-1.7374	1.7374	-1.7482	1.7482	1.7535	-1.7535	1.7631	-1.7631	-1.7733	1.7733	1.7771	-1.7771	1.7825	-1.7825	-1.79	1.79	-1.8033	1.8033	1.8106	-1.8106	1.8228	-1.8228	-1.8285	1.8285	-1.8363	1.8363	-1.8433	1.8433	1.8489	-1.8489	1.8616	-1.8616	1.8668	-1.8668	1.875	-1.875	-1.8838	1.8838	1.9009	-1.9009	-1.9109	1.9109	-1.9212	1.9212	1.9278	-1.9278	-1.9346	1.9346	1.9437	-1.9437	1.9595	-1.9595	-1.964	1.964	-1.9724	1.9724	1.9872	-1.9872	1.991	-1.991	-2.0001	2.0001	2.0088	-2.0088	2.0148	-2.0148	2.0207	-2.0207	-2.0363	2.0363	2.0392	-2.0392	-2.0458	2.0458	-2.0493	2.0493	2.0656	-2.0656	-2.073	2.073	-2.0789	2.0789	-2.086	2.086	-2.0933	2.0933	-2.1049	2.1049	2.109	-2.109	2.1193	-2.1193	-2.124	2.124	-2.1344	2.1344	
0.21053	0.74	-0.011885	0.011885	-0.043577	0.043577	0.072642	-0.072642	0.081596	-0.081596	-0.10472	0.10472	0.12493	-0.12493	0.13715	-0.13715	0.15843	-0.15843	0.16831	-0.16831	0.18542	-0.18542	-0.20793	0.20793	0.23131	-0.23131	-0.28812	0.28812	-0.3182	0.3182	0.32329	-0.32329	0.33304	-0.33304	0.34688	-0.34688	0.36202	-0.36202	-0.37059	0.37059	-0.37726	0.37726	0.39066	-0.39066	-0.40155	0.40155	-0.44691	0.44691	0.53604	-0.53604	-0.56317	0.56317	0.59635	-0.59635	0.61336	-0.61336	-0.61899	0.61899	-0.6417	0.6417	0.66199	-0.66199	0.6662	-0.6662	-0.67571	0.67571	-0.68784	0.68784	0.70508	-0.70508	0.70988	-0.70988	-0.71882	0.71882	0.72855	-0.72855	-0.74172	0.74172	0.7481	-0.7481	0.75405	-0.75405	-0.76978	0.76978	0.77238	-0.77238	-0.78704	0.78704	0.79996	-0.79996	0.82123	-0.82123	0.84746	-0.84746	0.85772	-0.85772	-0.8706	0.8706	0.87637	-0.87637	0.88435	-0.88435	-0.89403	0.89403	0.91088	-0.91088	-0.91595	0.91595	-0.9262	0.9262	-0.93491	0.93491	0.94457	-0.94457	0.94945	-0.94945	0.9581	-0.9581	0.96255	-0.96255	-0.97033	0.97033	0.98085	-0.98085	0.98754	-0.98754	0.99007	-0.99007	-0.99583	0.99583	1.0033	-1.0033	1.0122	-1.0122	1.0157	-1.0157	1.0226	-1.0226	-1.0322	1.0322	-1.0432	1.0432	-1.0474	1.0474	1.0534	-1.0534	-1.0606	1.0606	1.0778	-1.0778	1.0837	-1.0837	-1.0867	1.0867	1.1013	-1.1013	-1.1045	1.1045	-1.1153	1.1153	-1.1233	1.1233	-1.1279	1.1279	-1.1311	1.1311	-1.1418	1.1418	-1.1467	1.1467	-1.1511	1.1511	-1.1683	1.1683	-1.1725	1.1725	1.18	-1.18	1.1858	-1.1858	-1.1909	1.1909	-1.199	1.199	-1.208	1.208	-1.2174	1.2174	-1.226	1.226	1.2322	-1.2322	1.2471	-1.2471	1.2557	-1.2557	-1.2708	1.2708	1.2778	-1.2778	1.2949	-1.2949	-1.3021	1.3021	-1.3127	1.3127	1.3164	-1.3164	1.328	-1.328	1.3395	-1.3395	-1.3472	1.3472	1.3524	-1.3524	1.3588	-1.3588	1.376	-1.376	1.3822	-1.3822	1.3885	-1.3885	1.3984	-1.3984	-1.4072	1.4072	-1.4169	1.4169	-1.4195	1.4195	-1.4332	1.4332	1.444	-1.444	1.4515	-1.4515	-1.4596	1.4596	-1.4674	1.4674	-1.4779	1.4779	1.4832	-1.4832	1.4902	-1.4902	-1.499	1.499	-1.5062	1.5062	1.5124	-1.5124	-1.518	1.518	1.5313	-1.5313	1.5402	-1.5402	-1.5444	1.5444	-1.557	1.557	-1.5676	1.5676	-1.5739	1.5739	-1.5835	1.5835	1.5877	-1.5877	-1.5965	1.5965	1.6036	-1.6036	1.6127	-1.6127	1.6199	-1.6199	1.6345	-1.6345	-1.639	1.639	1.6447	-1.6447	-1.6549	1.6549	1.6688	-1.6688	-1.6751	1.6751	-1.6815	1.6815	-1.6893	1.6893	-1.7048	1.7048	-1.7099	1.7099	1.7198	-1.7198	-1.7203	1.7203	-1.7276	1.7276	1.7374	-1.7374	-1.7483	1.7483	-1.7536	1.7536	1.7622	-1.7622	-1.7731	1.7731	1.7768	-1.7768	-1.7825	1.7825	1.7897	-1.7897	1.803	-1.803	1.8103	-1.8103	-1.8231	1.8231	-1.8281	1.8281	1.8362	-1.8362	-1.843	1.843	1.8486	-1.8486	-1.8615	1.8615	1.8665	-1.8665	-1.8742	1.8742	-1.8835	1.8835	1.9007	-1.9007	-1.9098	1.9098	1.9202	-1.9202	1.9265	-1.9265	-1.9339	1.9339	-1.9434	1.9434	-1.9588	1.9588	1.9639	-1.9639	1.9724	-1.9724	-1.9869	1.9869	1.9905	-1.9905	1.9997	-1.9997	-2.0086	2.0086	-2.0151	2.0151	2.0206	-2.0206	-2.0364	2.0364	2.0392	-2.0392	-2.0457	2.0457	-2.0493	2.0493	-2.0661	2.0661	2.0728	-2.0728	2.0789	-2.0789	2.086	-2.086	2.0934	-2.0934	2.1049	-2.1049	2.1091	-2.1091	2.1189	-2.1189	-2.1242	2.1242	-2.1343	2.1343	
0.21053	0.76	-0.01001	0.01001	0.048618	-0.048618	0.064608	-0.064608	-0.072919	0.072919	-0.096986	0.096986	-0.11997	0.11997	0.12612	-0.12612	0.15074	-0.15074	0.16801	-0.16801	0.18222	-0.18222	-0.19659	0.19659	0.22245	-0.22245	-0.30366	0.30366	0.32596	-0.32596	-0.33997	0.33997	-0.34432	0.34432	0.36251	-0.36251	-0.38239	0.38239	0.38679	-0.38679	0.39641	-0.39641	0.40546	-0.40546	-0.41433	0.41433	-0.43962	0.43962	-0.52097	0.52097	-0.54642	0.54642	0.5892	-0.5892	-0.60443	0.60443	0.61386	-0.61386	0.62789	-0.62789	-0.65766	0.65766	-0.66223	0.66223	0.66893	-0.66893	0.67462	-0.67462	0.68835	-0.68835	-0.7006	0.7006	-0.71063	0.71063	0.7205	-0.7205	0.729	-0.729	-0.73441	0.73441	-0.74185	0.74185	-0.76674	0.76674	0.77038	-0.77038	0.78166	-0.78166	0.79515	-0.79515	0.8196	-0.8196	-0.84476	0.84476	-0.85157	0.85157	0.8655	-0.8655	-0.87289	0.87289	-0.88234	0.88234	0.89214	-0.89214	-0.90796	0.90796	-0.91497	0.91497	0.92022	-0.92022	0.93326	-0.93326	-0.94174	0.94174	0.94495	-0.94495	0.95495	-0.95495	-0.9605	0.9605	-0.96609	0.96609	0.97799	-0.97799	-0.98254	0.98254	0.98913	-0.98913	-0.99463	0.99463	1.0019	-1.0019	1.0055	-1.0055	-1.011	1.011	1.0175	-1.0175	1.0276	-1.0276	1.0378	-1.0378	1.0457	-1.0457	-1.0502	1.0502	-1.0584	1.0584	1.0737	-1.0737	1.0793	-1.0793	-1.082	1.082	-1.0945	1.0945	-1.0985	1.0985	1.1096	-1.1096	-1.114	1.114	-1.1214	1.1214	-1.1251	1.1251	1.1344	-1.1344	1.1394	-1.1394	1.1462	-1.1462	1.1577	-1.1577	-1.1636	1.1636	1.1774	-1.1774	-1.1809	1.1809	1.1869	-1.1869	1.1956	-1.1956	-1.2055	1.2055	1.2138	-1.2138	1.2245	-1.2245	1.2299	-1.2299	-1.2442	1.2442	-1.2544	1.2544	-1.2666	1.2666	1.2725	-1.2725	-1.2906	1.2906	1.2986	-1.2986	1.3118	-1.3118	-1.3153	1.3153	1.3269	-1.3269	-1.3397	1.3397	1.347	-1.347	1.3518	-1.3518	-1.3577	1.3577	1.3748	-1.3748	1.3818	-1.3818	-1.3884	1.3884	-1.3986	1.3986	-1.4068	1.4068	1.4157	-1.4157	1.4193	-1.4193	1.4335	-1.4335	1.4431	-1.4431	1.4516	-1.4516	1.4596	-1.4596	-1.467	1.467	1.478	-1.478	1.4832	-1.4832	-1.4896	1.4896	1.4985	-1.4985	-1.5052	1.5052	-1.5122	1.5122	1.5179	-1.5179	1.5307	-1.5307	1.5399	-1.5399	1.5447	-1.5447	1.5567	-1.5567	1.5673	-1.5673	1.5736	-1.5736	1.5831	-1.5831	1.5877	-1.5877	1.5963	-1.5963	1.6032	-1.6032	-1.6122	1.6122	1.6198	-1.6198	1.6346	-1.6346	-1.6383	1.6383	1.6447	-1.6447	1.655	-1.655	-1.6683	1.6683	1.6752	-1.6752	1.6817	-1.6817	1.6893	-1.6893	1.7049	-1.7049	-1.7101	1.7101	-1.7201	1.7201	-1.7204	1.7204	-1.7277	1.7277	-1.7374	1.7374	1.7484	-1.7484	-1.7536	1.7536	-1.7612	1.7612	-1.7727	1.7727	1.7766	-1.7766	-1.7826	1.7826	-1.7894	1.7894	1.8027	-1.8027	-1.8101	1.8101	-1.8234	1.8234	1.8276	-1.8276	1.8361	-1.8361	1.8428	-1.8428	-1.8483	1.8483	-1.8613	1.8613	-1.8661	1.8661	1.8735	-1.8735	1.8831	-1.8831	-1.9005	1.9005	-1.9087	1.9087	-1.9192	1.9192	-1.9253	1.9253	1.9333	-1.9333	-1.9432	1.9432	1.9581	-1.9581	-1.9638	1.9638	-1.9724	1.9724	-1.9863	1.9863	-1.9903	1.9903	1.9993	-1.9993	-2.0085	2.0085	2.0155	-2.0155	2.0206	-2.0206	2.0366	-2.0366	2.0392	-2.0392	2.0456	-2.0456	-2.0492	2.0492	2.0665	-2.0665	-2.0725	2.0725	2.0789	-2.0789	-2.0861	2.0861	2.0935	-2.0935	-2.105	2.105	2.1092	-2.1092	-2.1184	2.1184	-2.1244	2.1244	2.1342	-2.1342	
0.21053	0.78	0.0046201	-0.0046201	0.035548	-0.035548	-0.056216	0.056216	-0.064018	0.064018	0.088532	-0.088532	-0.10944	0.10944	0.11879	-0.11879	0.14869	-0.14869	-0.16305	0.16305	-0.1842	0.1842	-0.19882	0.19882	0.2212	-0.2212	0.30916	-0.30916	0.32691	-0.32691	0.35073	-0.35073	-0.36202	0.36202	-0.37995	0.37995	-0.39704	0.39704	0.40407	-0.40407	0.41252	-0.41252	0.41948	-0.41948	0.43232	-0.43232	-0.45081	0.45081	0.50742	-0.50742	-0.53292	0.53292	0.57484	-0.57484	0.5959	-0.5959	-0.6101	0.6101	0.62021	-0.62021	0.64431	-0.64431	0.654	-0.654	-0.66044	0.66044	-0.66709	0.66709	-0.67574	0.67574	-0.68722	0.68722	0.69827	-0.69827	-0.70656	0.70656	0.71869	-0.71869	0.7289	-0.7289	-0.73673	0.73673	0.76345	-0.76345	-0.76928	0.76928	0.77803	-0.77803	-0.79083	0.79083	-0.81791	0.81791	0.83506	-0.83506	-0.84879	0.84879	0.85935	-0.85935	0.87099	-0.87099	0.88041	-0.88041	-0.88928	0.88928	0.90327	-0.90327	0.9131	-0.9131	-0.91546	0.91546	0.9318	-0.9318	0.93743	-0.93743	0.94298	-0.94298	0.94887	-0.94887	0.95734	-0.95734	0.96245	-0.96245	0.97432	-0.97432	-0.97791	0.97791	-0.98792	0.98792	0.99315	-0.99315	-0.99776	0.99776	1.0012	-1.0012	-1.0086	1.0086	-1.0119	1.0119	1.0236	-1.0236	-1.0313	1.0313	-1.0431	1.0431	1.0473	-1.0473	-1.0561	1.0561	-1.0659	1.0659	-1.0742	1.0742	1.0775	-1.0775	1.0858	-1.0858	1.0917	-1.0917	1.1018	-1.1018	1.1074	-1.1074	1.1137	-1.1137	-1.1194	1.1194	1.1271	-1.1271	1.1328	-1.1328	-1.1419	1.1419	1.1511	-1.1511	-1.1561	1.1561	1.1753	-1.1753	1.1779	-1.1779	1.1845	-1.1845	1.1937	-1.1937	1.2033	-1.2033	1.2116	-1.2116	1.2229	-1.2229	-1.228	1.228	1.2408	-1.2408	1.2527	-1.2527	-1.2602	1.2602	1.271	-1.271	-1.2867	1.2867	1.2957	-1.2957	-1.311	1.311	-1.3144	1.3144	1.3261	-1.3261	-1.3401	1.3401	1.3467	-1.3467	-1.3508	1.3508	-1.3575	1.3575	1.3739	-1.3739	1.3813	-1.3813	1.3885	-1.3885	1.3988	-1.3988	-1.4065	1.4065	1.4147	-1.4147	-1.4191	1.4191	-1.4338	1.4338	1.4422	-1.4422	1.4518	-1.4518	1.4597	-1.4597	-1.4666	1.4666	-1.4781	1.4781	-1.4832	1.4832	1.489	-1.489	-1.4979	1.4979	1.5041	-1.5041	1.5121	-1.5121	-1.5179	1.5179	1.5301	-1.5301	1.5397	-1.5397	-1.545	1.545	-1.5564	1.5564	-1.567	1.567	1.5733	-1.5733	-1.5828	1.5828	-1.5877	1.5877	1.5962	-1.5962	1.6027	-1.6027	-1.6117	1.6117	1.6197	-1.6197	1.6348	-1.6348	-1.6376	1.6376	1.6448	-1.6448	-1.6552	1.6552	-1.6679	1.6679	-1.6754	1.6754	1.6819	-1.6819	1.6893	-1.6893	-1.705	1.705	1.7102	-1.7102	-1.7203	1.7203	-1.7207	1.7207	-1.7278	1.7278	1.7374	-1.7374	-1.7484	1.7484	1.7536	-1.7536	1.7603	-1.7603	-1.7724	1.7724	1.7764	-1.7764	1.7825	-1.7825	1.7892	-1.7892	1.8024	-1.8024	-1.8098	1.8098	-1.8236	1.8236	1.8271	-1.8271	-1.836	1.836	-1.8426	1.8426	-1.848	1.848	1.8611	-1.8611	1.8658	-1.8658	1.8729	-1.8729	-1.8826	1.8826	-1.9001	1.9001	1.9077	-1.9077	-1.9183	1.9183	-1.9241	1.9241	-1.9328	1.9328	-1.9429	1.9429	1.9574	-1.9574	1.9638	-1.9638	1.9724	-1.9724	-1.9856	1.9856	1.9902	-1.9902	1.9989	-1.9989	2.0083	-2.0083	-2.0158	2.0158	-2.0205	2.0205	-2.0367	2.0367	-2.0393	2.0393	-2.0455	2.0455	-2.0492	2.0492	2.0669	-2.0669	2.0722	-2.0722	2.0789	-2.0789	-2.0861	2.0861	2.0936	-2.0936	2.105	-2.105	2.1092	-2.1092	2.1179	-2.1179	-2.1247	2.1247	-2.1342	2.1342	
0.21053	0.8	0.0030046	-0.0030046	-0.025821	0.025821	-0.046648	0.046648	-0.05181	0.05181	-0.073839	0.073839	-0.097244	0.097244	0.116	-0.116	-0.13611	0.13611	-0.16973	0.16973	-0.19178	0.19178	-0.20361	0.20361	-0.23451	0.23451	-0.29883	0.29883	-0.33088	0.33088	-0.35901	0.35901	0.37879	-0.37879	-0.39409	0.39409	0.40796	-0.40796	-0.41666	0.41666	0.42868	-0.42868	-0.43725	0.43725	-0.45485	0.45485	-0.46993	0.46993	-0.4976	0.4976	-0.52465	0.52465	0.55984	-0.55984	-0.58564	0.58564	-0.60698	0.60698	-0.61744	0.61744	0.62613	-0.62613	0.63835	-0.63835	0.65165	-0.65165	-0.66292	0.66292	0.66518	-0.66518	-0.67358	0.67358	0.68402	-0.68402	-0.69201	0.69201	0.71557	-0.71557	-0.72544	0.72544	-0.73485	0.73485	0.75991	-0.75991	-0.76782	0.76782	-0.77512	0.77512	0.78693	-0.78693	0.81501	-0.81501	-0.82282	0.82282	0.8471	-0.8471	0.85353	-0.85353	-0.868	0.868	0.87839	-0.87839	-0.88505	0.88505	-0.89746	0.89746	0.90903	-0.90903	0.91398	-0.91398	0.92971	-0.92971	-0.93166	0.93166	-0.93758	0.93758	-0.94428	0.94428	0.95373	-0.95373	-0.96044	0.96044	-0.96983	0.96983	0.97474	-0.97474	0.98564	-0.98564	0.99101	-0.99101	-0.9939	0.9939	0.99953	-0.99953	1.0053	-1.0053	1.0064	-1.0064	1.0197	-1.0197	-1.0242	1.0242	1.0377	-1.0377	-1.0451	1.0451	1.0518	-1.0518	-1.0572	1.0572	1.0677	-1.0677	1.0721	-1.0721	-1.0765	1.0765	-1.0864	1.0864	-1.0959	1.0959	1.0979	-1.0979	1.1055	-1.1055	1.1134	-1.1134	-1.1242	1.1242	-1.1271	1.1271	1.1387	-1.1387	1.1481	-1.1481	1.1518	-1.1518	1.1723	-1.1723	-1.1765	1.1765	1.183	-1.183	1.1922	-1.1922	-1.2013	1.2013	-1.2097	1.2097	-1.2203	1.2203	-1.2264	1.2264	-1.237	1.237	-1.2503	1.2503	-1.2565	1.2565	-1.27	1.27	-1.2825	1.2825	-1.2935	1.2935	1.3102	-1.3102	1.3135	-1.3135	-1.3255	1.3255	1.3404	-1.3404	1.3463	-1.3463	-1.3498	1.3498	-1.3577	1.3577	-1.3732	1.3732	-1.3808	1.3808	1.3886	-1.3886	1.399	-1.399	1.4063	-1.4063	-1.4139	1.4139	-1.419	1.419	1.434	-1.434	1.4413	-1.4413	-1.4519	1.4519	-1.46	1.46	-1.4662	1.4662	-1.4782	1.4782	-1.4833	1.4833	-1.4886	1.4886	-1.4973	1.4973	-1.5032	1.5032	-1.5122	1.5122	1.518	-1.518	-1.5296	1.5296	1.5395	-1.5395	-1.5453	1.5453	1.5562	-1.5562	1.5667	-1.5667	-1.5731	1.5731	-1.5826	1.5826	1.5877	-1.5877	-1.5961	1.5961	-1.6023	1.6023	-1.6113	1.6113	-1.6195	1.6195	1.6349	-1.6349	1.6369	-1.6369	1.6449	-1.6449	1.6553	-1.6553	-1.6674	1.6674	1.6756	-1.6756	1.6822	-1.6822	1.6894	-1.6894	-1.7051	1.7051	-1.7104	1.7104	-1.7203	1.7203	1.7209	-1.7209	-1.7278	1.7278	1.7374	-1.7374	1.7484	-1.7484	-1.7537	1.7537	-1.7595	1.7595	-1.7719	1.7719	-1.7763	1.7763	-1.7825	1.7825	1.7889	-1.7889	-1.8021	1.8021	1.8095	-1.8095	1.8238	-1.8238	1.8267	-1.8267	1.836	-1.836	-1.8425	1.8425	1.8478	-1.8478	1.861	-1.861	-1.8654	1.8654	-1.8723	1.8723	-1.8821	1.8821	-1.8998	1.8998	1.9067	-1.9067	1.9174	-1.9174	1.9229	-1.9229	-1.9323	1.9323	1.9427	-1.9427	1.9567	-1.9567	1.9637	-1.9637	1.9724	-1.9724	-1.9847	1.9847	1.9902	-1.9902	-1.9986	1.9986	-2.0082	2.0082	2.0161	-2.0161	2.0206	-2.0206	-2.0368	2.0368	-2.0394	2.0394	-2.0454	2.0454	-2.0491	2.0491	2.0673	-2.0673	2.0718	-2.0718	2.079	-2.079	2.086	-2.086	2.0937	-2.0937	-2.1049	2.1049	2.1093	-2.1093	-2.1174	2.1174	2.125	-2.125	-2.1341	2.1341	
0.21053	0.82	0.0016014	-0.0016014	0.021043	-0.021043	0.042315	-0.042315	-0.046482	0.046482	0.057052	-0.057052	-0.086877	0.086877	0.10595	-0.10595	0.12911	-0.12911	0.1765	-0.1765	-0.20322	0.20322	0.21793	-0.21793	0.25242	-0.25242	-0.28596	0.28596	-0.32744	0.32744	-0.36447	0.36447	0.39087	-0.39087	0.40135	-0.40135	0.42165	-0.42165	-0.42886	0.42886	0.44301	-0.44301	0.45893	-0.45893	0.47277	-0.47277	-0.48181	0.48181	0.50169	-0.50169	0.52316	-0.52316	0.54734	-0.54734	-0.57805	0.57805	-0.60157	0.60157	-0.60642	0.60642	0.61827	-0.61827	-0.6248	0.6248	-0.63792	0.63792	-0.65115	0.65115	-0.65696	0.65696	-0.6621	0.6621	-0.67444	0.67444	0.68479	-0.68479	-0.71361	0.71361	0.72312	-0.72312	0.73344	-0.73344	-0.75592	0.75592	-0.76501	0.76501	0.77292	-0.77292	-0.78334	0.78334	0.80562	-0.80562	-0.81703	0.81703	0.84221	-0.84221	0.84967	-0.84967	-0.86224	0.86224	0.87649	-0.87649	0.88048	-0.88048	0.89134	-0.89134	0.90395	-0.90395	-0.91281	0.91281	-0.91948	0.91948	-0.9282	0.9282	-0.93477	0.93477	0.94287	-0.94287	0.9498	-0.9498	-0.95843	0.95843	0.96535	-0.96535	0.97194	-0.97194	0.98158	-0.98158	-0.98832	0.98832	0.99129	-0.99129	-0.99712	0.99712	-0.99891	0.99891	-1.0038	1.0038	-1.0147	1.0147	1.0172	-1.0172	-1.0307	1.0307	1.0406	-1.0406	1.0442	-1.0442	1.0525	-1.0525	-1.0606	1.0606	-1.0633	1.0633	1.072	-1.072	-1.0773	1.0773	-1.0903	1.0903	1.0917	-1.0917	1.1008	-1.1008	1.1094	-1.1094	1.1216	-1.1216	-1.1244	1.1244	-1.1367	1.1367	-1.1463	1.1463	-1.1494	1.1494	1.1694	-1.1694	1.1758	-1.1758	1.1819	-1.1819	-1.1904	1.1904	-1.1994	1.1994	1.2072	-1.2072	1.217	-1.217	1.2252	-1.2252	-1.2341	1.2341	1.2482	-1.2482	1.2547	-1.2547	1.2688	-1.2688	1.2782	-1.2782	1.292	-1.292	-1.3095	1.3095	-1.3128	1.3128	1.3251	-1.3251	-1.3407	1.3407	1.3456	-1.3456	-1.3494	1.3494	1.3582	-1.3582	1.3727	-1.3727	1.3803	-1.3803	1.3888	-1.3888	1.3992	-1.3992	-1.4061	1.4061	-1.4132	1.4132	1.4189	-1.4189	-1.4343	1.4343	1.4406	-1.4406	-1.4521	1.4521	-1.4603	1.4603	-1.4659	1.4659	1.4783	-1.4783	-1.4835	1.4835	-1.4882	1.4882	-1.4967	1.4967	-1.5024	1.5024	-1.5123	1.5123	1.5181	-1.5181	-1.5291	1.5291	1.5393	-1.5393	1.5456	-1.5456	-1.556	1.556	1.5663	-1.5663	1.5729	-1.5729	1.5823	-1.5823	-1.5878	1.5878	1.596	-1.596	-1.6019	1.6019	-1.6109	1.6109	-1.6193	1.6193	-1.6349	1.6349	1.6362	-1.6362	1.645	-1.645	1.6555	-1.6555	1.667	-1.667	1.6757	-1.6757	1.6823	-1.6823	1.6895	-1.6895	-1.7051	1.7051	1.7105	-1.7105	1.7203	-1.7203	1.7212	-1.7212	-1.7278	1.7278	1.7374	-1.7374	-1.7484	1.7484	1.7537	-1.7537	1.7586	-1.7586	-1.7715	1.7715	-1.7762	1.7762	-1.7824	1.7824	-1.7887	1.7887	-1.8018	1.8018	-1.8092	1.8092	-1.8237	1.8237	-1.8265	1.8265	-1.8359	1.8359	-1.8423	1.8423	1.8475	-1.8475	-1.8609	1.8609	-1.8651	1.8651	1.8717	-1.8717	-1.8816	1.8816	-1.8993	1.8993	-1.9057	1.9057	-1.9167	1.9167	-1.9217	1.9217	-1.9318	1.9318	-1.9425	1.9425	1.9561	-1.9561	-1.9636	1.9636	1.9725	-1.9725	-1.9838	1.9838	-1.9902	1.9902	1.9982	-1.9982	-2.0081	2.0081	-2.0164	2.0164	-2.0206	2.0206	-2.0368	2.0368	-2.0395	2.0395	-2.0453	2.0453	-2.0491	2.0491	-2.0676	2.0676	2.0714	-2.0714	2.0791	-2.0791	2.0859	-2.0859	-2.0939	2.0939	-2.1049	2.1049	-2.1093	2.1093	2.1169	-2.1169	2.1253	-2.1253	-2.1341	2.1341	
0.21053	0.84	0.0019127	-0.0019127	0.016391	-0.016391	-0.035812	0.035812	-0.040758	0.040758	0.05835	-0.05835	0.085153	-0.085153	-0.095328	0.095328	-0.12404	0.12404	-0.18734	0.18734	-0.21658	0.21658	0.23476	-0.23476	0.26967	-0.26967	0.27682	-0.27682	0.31916	-0.31916	-0.36573	0.36573	-0.39154	0.39154	-0.40752	0.40752	-0.43322	0.43322	0.44143	-0.44143	-0.45473	0.45473	0.47055	-0.47055	0.48308	-0.48308	-0.49775	0.49775	0.51451	-0.51451	-0.52851	0.52851	-0.5402	0.5402	0.57576	-0.57576	-0.58394	0.58394	-0.60101	0.60101	0.61319	-0.61319	0.61859	-0.61859	-0.62558	0.62558	0.63708	-0.63708	-0.64506	0.64506	-0.65648	0.65648	0.67093	-0.67093	-0.68182	0.68182	-0.71143	0.71143	-0.72153	0.72153	0.73127	-0.73127	-0.75097	0.75097	0.76097	-0.76097	0.77127	-0.77127	-0.77972	0.77972	0.79476	-0.79476	-0.81458	0.81458	0.83346	-0.83346	-0.84674	0.84674	0.85489	-0.85489	-0.87484	0.87484	0.87612	-0.87612	0.88347	-0.88347	0.89666	-0.89666	-0.90973	0.90973	0.91252	-0.91252	-0.92616	0.92616	-0.93302	0.93302	0.9415	-0.9415	-0.94522	0.94522	-0.95541	0.95541	-0.96166	0.96166	-0.96848	0.96848	-0.97494	0.97494	0.98305	-0.98305	-0.98928	0.98928	0.99206	-0.99206	-0.99594	0.99594	-1.0011	1.0011	1.0072	-1.0072	-1.0139	1.0139	-1.0219	1.0219	1.0315	-1.0315	1.0402	-1.0402	1.0452	-1.0452	1.052	-1.052	-1.0584	1.0584	-1.0689	1.0689	-1.0699	1.0699	1.0872	-1.0872	-1.089	1.089	-1.0974	1.0974	-1.1065	1.1065	1.1194	-1.1194	-1.1232	1.1232	-1.1352	1.1352	-1.145	1.145	1.1479	-1.1479	-1.1666	1.1666	-1.1751	1.1751	-1.181	1.181	-1.1877	1.1877	-1.1974	1.1974	1.2043	-1.2043	-1.2144	1.2144	1.2244	-1.2244	-1.2322	1.2322	-1.2464	1.2464	-1.2533	1.2533	1.2668	-1.2668	-1.2749	1.2749	1.2909	-1.2909	1.3088	-1.3088	-1.3123	1.3123	-1.3248	1.3248	-1.3409	1.3409	1.345	-1.345	-1.3492	1.3492	1.3588	-1.3588	-1.3723	1.3723	-1.3798	1.3798	-1.3891	1.3891	1.3994	-1.3994	-1.4059	1.4059	-1.4127	1.4127	-1.4189	1.4189	-1.4345	1.4345	1.4399	-1.4399	-1.4522	1.4522	1.4606	-1.4606	1.4656	-1.4656	-1.4783	1.4783	1.4837	-1.4837	-1.4878	1.4878	1.496	-1.496	1.5017	-1.5017	1.5125	-1.5125	-1.5183	1.5183	-1.5286	1.5286	-1.5392	1.5392	-1.5459	1.5459	1.5558	-1.5558	-1.5659	1.5659	-1.5726	1.5726	1.5821	-1.5821	-1.588	1.588	1.5959	-1.5959	1.6015	-1.6015	1.6106	-1.6106	-1.6191	1.6191	1.635	-1.635	1.6355	-1.6355	-1.6451	1.6451	1.6557	-1.6557	1.6667	-1.6667	-1.6758	1.6758	-1.6825	1.6825	-1.6896	1.6896	-1.7052	1.7052	1.7106	-1.7106	1.7203	-1.7203	1.7215	-1.7215	1.7277	-1.7277	1.7374	-1.7374	1.7483	-1.7483	-1.7537	1.7537	-1.7578	1.7578	-1.7711	1.7711	-1.7761	1.7761	1.7823	-1.7823	-1.7885	1.7885	-1.8016	1.8016	-1.8089	1.8089	-1.8235	1.8235	1.8264	-1.8264	-1.8359	1.8359	1.8422	-1.8422	-1.8474	1.8474	-1.8608	1.8608	1.8648	-1.8648	1.8712	-1.8712	-1.881	1.881	1.8989	-1.8989	-1.9046	1.9046	1.916	-1.916	1.9206	-1.9206	1.9314	-1.9314	-1.9422	1.9422	-1.9554	1.9554	-1.9635	1.9635	1.9726	-1.9726	1.9829	-1.9829	1.9903	-1.9903	1.9979	-1.9979	2.008	-2.008	-2.0166	2.0166	2.0206	-2.0206	2.0369	-2.0369	-2.0397	2.0397	-2.0452	2.0452	2.0491	-2.0491	-2.0679	2.0679	-2.071	2.071	-2.0792	2.0792	2.0858	-2.0858	-2.094	2.094	2.1048	-2.1048	2.1093	-2.1093	-2.1164	2.1164	-2.1255	2.1255	-2.1341	2.1341	
0.21053	0.86	0.0025688	-0.0025688	0.010352	-0.010352	-0.030457	0.030457	-0.041395	0.041395	0.06869	-0.06869	0.083145	-0.083145	0.097923	-0.097923	0.1271	-0.1271	-0.19967	0.19967	0.2254	-0.2254	-0.25048	0.25048	0.27308	-0.27308	-0.28604	0.28604	0.31244	-0.31244	-0.36352	0.36352	0.38401	-0.38401	-0.41056	0.41056	-0.43139	0.43139	-0.45258	0.45258	-0.46443	0.46443	-0.47708	0.47708	0.50205	-0.50205	0.5099	-0.5099	0.51488	-0.51488	0.53265	-0.53265	0.548	-0.548	0.56461	-0.56461	-0.58362	0.58362	0.59326	-0.59326	-0.60885	0.60885	-0.61435	0.61435	-0.62089	0.62089	0.63126	-0.63126	-0.63695	0.63695	-0.65238	0.65238	0.66986	-0.66986	-0.68022	0.68022	0.70855	-0.70855	-0.72049	0.72049	0.72692	-0.72692	0.74558	-0.74558	0.75712	-0.75712	0.76931	-0.76931	-0.77582	0.77582	0.78621	-0.78621	-0.81166	0.81166	0.8241	-0.8241	0.83937	-0.83937	0.85084	-0.85084	0.86977	-0.86977	0.87107	-0.87107	-0.87612	0.87612	0.88949	-0.88949	0.90505	-0.90505	0.9103	-0.9103	0.92382	-0.92382	0.93063	-0.93063	-0.9394	0.9394	0.94103	-0.94103	-0.95112	0.95112	-0.95717	0.95717	0.96093	-0.96093	0.9686	-0.9686	-0.97805	0.97805	0.98631	-0.98631	-0.98876	0.98876	-0.99235	0.99235	-0.99744	0.99744	1.0029	-1.0029	1.008	-1.008	-1.0156	1.0156	1.0212	-1.0212	-1.0329	1.0329	1.0389	-1.0389	-1.0491	1.0491	-1.056	1.056	1.0659	-1.0659	1.0665	-1.0665	1.085	-1.085	-1.0876	1.0876	-1.0944	1.0944	1.1044	-1.1044	1.1177	-1.1177	-1.1224	1.1224	-1.134	1.134	-1.1439	1.1439	1.1469	-1.1469	1.1639	-1.1639	-1.1743	1.1743	1.1798	-1.1798	1.184	-1.184	-1.1956	1.1956	-1.2017	1.2017	1.2129	-1.2129	1.2237	-1.2237	1.2311	-1.2311	-1.2447	1.2447	1.252	-1.252	-1.2641	1.2641	1.2729	-1.2729	1.29	-1.29	1.3082	-1.3082	-1.3117	1.3117	1.3246	-1.3246	-1.341	1.341	1.3445	-1.3445	-1.3493	1.3493	-1.3593	1.3593	1.372	-1.372	-1.3793	1.3793	-1.3893	1.3893	1.3996	-1.3996	-1.4057	1.4057	1.4122	-1.4122	1.4188	-1.4188	1.4347	-1.4347	1.4393	-1.4393	1.4523	-1.4523	1.4609	-1.4609	1.4653	-1.4653	1.4783	-1.4783	1.4839	-1.4839	-1.4875	1.4875	1.4953	-1.4953	-1.5012	1.5012	-1.5126	1.5126	1.5186	-1.5186	1.5281	-1.5281	1.539	-1.539	-1.5462	1.5462	1.5557	-1.5557	-1.5654	1.5654	1.5724	-1.5724	-1.5819	1.5819	-1.5881	1.5881	1.5959	-1.5959	-1.6011	1.6011	-1.6104	1.6104	-1.6188	1.6188	1.6346	-1.6346	-1.6353	1.6353	1.6451	-1.6451	-1.6559	1.6559	1.6663	-1.6663	-1.6759	1.6759	-1.6826	1.6826	1.6897	-1.6897	1.7052	-1.7052	-1.7106	1.7106	-1.7202	1.7202	-1.7217	1.7217	-1.7275	1.7275	1.7374	-1.7374	-1.7481	1.7481	1.7538	-1.7538	-1.7571	1.7571	1.7707	-1.7707	-1.776	1.776	1.7822	-1.7822	-1.7884	1.7884	-1.8013	1.8013	-1.8087	1.8087	-1.8231	1.8231	-1.8265	1.8265	1.8358	-1.8358	-1.8421	1.8421	1.8472	-1.8472	-1.8607	1.8607	1.8644	-1.8644	-1.8707	1.8707	-1.8804	1.8804	-1.8984	1.8984	-1.9036	1.9036	-1.9153	1.9153	-1.9195	1.9195	1.931	-1.931	1.942	-1.942	-1.9548	1.9548	1.9634	-1.9634	1.9726	-1.9726	1.982	-1.982	-1.9904	1.9904	1.9977	-1.9977	-2.0079	2.0079	2.0169	-2.0169	-2.0207	2.0207	-2.0369	2.0369	2.0399	-2.0399	2.0452	-2.0452	2.049	-2.049	2.0681	-2.0681	2.0706	-2.0706	2.0793	-2.0793	-2.0857	2.0857	-2.0942	2.0942	2.1046	-2.1046	-2.1093	2.1093	-2.1159	2.1159	-2.1258	2.1258	2.1341	-2.1341	
0.21053	0.88	0.002189	-0.002189	0.011739	-0.011739	0.035505	-0.035505	-0.054482	0.054482	-0.071286	0.071286	0.08383	-0.08383	0.11466	-0.11466	0.13909	-0.13909	-0.20743	0.20743	0.23022	-0.23022	-0.26194	0.26194	0.27832	-0.27832	-0.29349	0.29349	0.31472	-0.31472	0.36114	-0.36114	0.37623	-0.37623	0.40523	-0.40523	0.42002	-0.42002	-0.45925	0.45925	-0.47131	0.47131	0.48808	-0.48808	-0.50012	0.50012	0.51643	-0.51643	0.52226	-0.52226	-0.52813	0.52813	-0.55302	0.55302	0.56316	-0.56316	0.58345	-0.58345	0.59495	-0.59495	-0.61168	0.61168	-0.61311	0.61311	0.62106	-0.62106	-0.63345	0.63345	-0.63767	0.63767	-0.65108	0.65108	-0.66949	0.66949	0.67923	-0.67923	-0.70471	0.70471	0.71921	-0.71921	0.7211	-0.7211	0.74162	-0.74162	0.75394	-0.75394	-0.76624	0.76624	0.77047	-0.77047	0.78014	-0.78014	-0.80728	0.80728	0.81727	-0.81727	-0.82929	0.82929	0.84868	-0.84868	-0.85904	0.85904	0.86403	-0.86403	0.87429	-0.87429	0.88434	-0.88434	-0.89944	0.89944	-0.90732	0.90732	-0.92044	0.92044	-0.92751	0.92751	-0.93607	0.93607	0.93791	-0.93791	-0.94463	0.94463	-0.94704	0.94704	0.95738	-0.95738	0.96584	-0.96584	-0.97211	0.97211	0.98144	-0.98144	-0.98341	0.98341	0.98882	-0.98882	-0.99413	0.99413	1.0004	-1.0004	-1.0026	1.0026	-1.0098	1.0098	1.0148	-1.0148	1.0276	-1.0276	1.036	-1.036	-1.0476	1.0476	-1.0545	1.0545	-1.0637	1.0637	1.0646	-1.0646	-1.0835	1.0835	-1.0868	1.0868	-1.0915	1.0915	-1.103	1.103	-1.1164	1.1164	-1.1218	1.1218	-1.1329	1.1329	1.1428	-1.1428	-1.1462	1.1462	1.1612	-1.1612	-1.173	1.173	-1.1775	1.1775	1.1815	-1.1815	-1.1944	1.1944	-1.1999	1.1999	-1.2119	1.2119	1.2231	-1.2231	-1.2303	1.2303	1.2427	-1.2427	-1.2505	1.2505	-1.2616	1.2616	-1.272	1.272	1.2893	-1.2893	-1.3077	1.3077	-1.3113	1.3113	1.3245	-1.3245	1.341	-1.341	1.3442	-1.3442	-1.3495	1.3495	1.3599	-1.3599	1.3717	-1.3717	1.3788	-1.3788	1.3895	-1.3895	1.3997	-1.3997	-1.4056	1.4056	-1.4119	1.4119	1.4188	-1.4188	-1.4349	1.4349	-1.4388	1.4388	-1.4525	1.4525	1.4612	-1.4612	-1.4651	1.4651	-1.4783	1.4783	1.4842	-1.4842	-1.4873	1.4873	-1.4947	1.4947	-1.5008	1.5008	1.5128	-1.5128	1.5188	-1.5188	1.5277	-1.5277	-1.539	1.539	1.5464	-1.5464	1.5555	-1.5555	-1.5649	1.5649	-1.5722	1.5722	-1.5818	1.5818	1.5883	-1.5883	-1.5958	1.5958	1.6007	-1.6007	1.6102	-1.6102	1.6185	-1.6185	1.634	-1.634	1.6353	-1.6353	-1.6452	1.6452	1.6561	-1.6561	-1.6659	1.6659	-1.676	1.676	-1.6827	1.6827	-1.6899	1.6899	-1.7052	1.7052	1.7107	-1.7107	-1.72	1.72	1.7219	-1.7219	1.7273	-1.7273	1.7374	-1.7374	-1.7479	1.7479	1.7538	-1.7538	1.7565	-1.7565	1.7703	-1.7703	-1.776	1.776	1.782	-1.782	-1.7882	1.7882	-1.8011	1.8011	-1.8084	1.8084	-1.8226	1.8226	-1.8266	1.8266	-1.8358	1.8358	1.8419	-1.8419	-1.8471	1.8471	1.8606	-1.8606	-1.8641	1.8641	1.8703	-1.8703	1.8798	-1.8798	-1.8979	1.8979	1.9025	-1.9025	1.9148	-1.9148	1.9186	-1.9186	-1.9306	1.9306	1.9418	-1.9418	-1.9542	1.9542	-1.9633	1.9633	1.9727	-1.9727	-1.9811	1.9811	-1.9904	1.9904	-1.9974	1.9974	-2.0078	2.0078	-2.0171	2.0171	-2.0207	2.0207	-2.0369	2.0369	2.0401	-2.0401	-2.0451	2.0451	-2.049	2.049	2.0683	-2.0683	-2.0702	2.0702	2.0795	-2.0795	-2.0856	2.0856	2.0943	-2.0943	-2.1044	2.1044	2.1093	-2.1093	-2.1156	2.1156	-2.126	2.126	-2.1341	2.1341	
0.21053	0.9	-0.011068	0.011068	0.027939	-0.027939	-0.04576	0.04576	0.063408	-0.063408	-0.076193	0.076193	-0.099044	0.099044	0.1336	-0.1336	-0.15224	0.15224	0.20985	-0.20985	0.23548	-0.23548	0.26477	-0.26477	-0.28544	0.28544	0.2991	-0.2991	-0.32179	0.32179	0.36197	-0.36197	-0.37262	0.37262	0.39389	-0.39389	-0.40802	0.40802	-0.45827	0.45827	0.46955	-0.46955	-0.48523	0.48523	0.49683	-0.49683	0.51287	-0.51287	-0.52331	0.52331	0.53212	-0.53212	0.5504	-0.5504	0.57006	-0.57006	-0.58764	0.58764	0.60364	-0.60364	-0.61246	0.61246	-0.61952	0.61952	-0.62953	0.62953	0.63679	-0.63679	0.6484	-0.6484	-0.65438	0.65438	0.66964	-0.66964	0.67898	-0.67898	0.70048	-0.70048	0.71416	-0.71416	0.72088	-0.72088	-0.73865	0.73865	-0.75018	0.75018	0.75981	-0.75981	0.76557	-0.76557	0.77723	-0.77723	0.8019	-0.8019	0.81304	-0.81304	-0.82069	0.82069	-0.84408	0.84408	-0.84998	0.84998	-0.85693	0.85693	0.87292	-0.87292	-0.87986	0.87986	-0.88913	0.88913	0.90401	-0.90401	0.91702	-0.91702	-0.92315	0.92315	0.93007	-0.93007	0.93416	-0.93416	-0.93805	0.93805	0.94234	-0.94234	0.95509	-0.95509	-0.96181	0.96181	0.96421	-0.96421	-0.97457	0.97457	0.97977	-0.97977	0.98668	-0.98668	-0.99194	0.99194	-0.99813	0.99813	0.99946	-0.99946	1.0059	-1.0059	1.0135	-1.0135	-1.0239	1.0239	1.0341	-1.0341	-1.0465	1.0465	-1.0535	1.0535	1.0622	-1.0622	1.0632	-1.0632	-1.0824	1.0824	-1.0862	1.0862	-1.0888	1.0888	-1.102	1.102	1.1152	-1.1152	-1.1212	1.1212	1.132	-1.132	1.1418	-1.1418	-1.1457	1.1457	-1.1584	1.1584	1.1707	-1.1707	-1.1754	1.1754	1.1805	-1.1805	1.1934	-1.1934	1.1985	-1.1985	1.2112	-1.2112	-1.2224	1.2224	-1.2296	1.2296	-1.2403	1.2403	-1.2493	1.2493	-1.2598	1.2598	-1.2714	1.2714	1.2887	-1.2887	1.3072	-1.3072	-1.3109	1.3109	-1.3244	1.3244	1.3408	-1.3408	1.3441	-1.3441	-1.3497	1.3497	1.3604	-1.3604	-1.3715	1.3715	1.3783	-1.3783	-1.3897	1.3897	1.3999	-1.3999	1.4054	-1.4054	-1.4116	1.4116	1.4188	-1.4188	1.435	-1.435	1.4383	-1.4383	-1.4525	1.4525	1.4614	-1.4614	-1.465	1.465	-1.4782	1.4782	-1.4843	1.4843	-1.4872	1.4872	1.494	-1.494	1.5005	-1.5005	1.513	-1.513	1.5191	-1.5191	1.5273	-1.5273	-1.5389	1.5389	1.5467	-1.5467	1.5554	-1.5554	1.5643	-1.5643	-1.572	1.572	1.5817	-1.5817	-1.5885	1.5885	-1.5958	1.5958	-1.6002	1.6002	1.61	-1.61	1.6181	-1.6181	1.6334	-1.6334	-1.6353	1.6353	-1.6453	1.6453	1.6563	-1.6563	-1.6656	1.6656	-1.6761	1.6761	1.6827	-1.6827	-1.6901	1.6901	1.7052	-1.7052	1.7107	-1.7107	1.7198	-1.7198	-1.7221	1.7221	-1.7271	1.7271	1.7374	-1.7374	1.7476	-1.7476	1.7538	-1.7538	1.7559	-1.7559	1.7699	-1.7699	1.7759	-1.7759	-1.7819	1.7819	1.788	-1.788	1.8009	-1.8009	1.8082	-1.8082	-1.8221	1.8221	-1.8268	1.8268	1.8358	-1.8358	1.8418	-1.8418	1.847	-1.847	1.8605	-1.8605	1.8638	-1.8638	1.8699	-1.8699	1.8791	-1.8791	-1.8974	1.8974	-1.9015	1.9015	-1.9143	1.9143	-1.9177	1.9177	1.9302	-1.9302	-1.9415	1.9415	1.9537	-1.9537	-1.9632	1.9632	1.9727	-1.9727	-1.9803	1.9803	1.9905	-1.9905	-1.9972	1.9972	2.0078	-2.0078	-2.0173	2.0173	-2.0208	2.0208	-2.0369	2.0369	-2.0403	2.0403	2.0451	-2.0451	-2.0489	2.0489	-2.0684	2.0684	2.0698	-2.0698	-2.0796	2.0796	-2.0854	2.0854	-2.0945	2.0945	-2.1041	2.1041	2.1093	-2.1093	-2.1153	2.1153	2.1262	-2.1262	-2.1341	2.1341	
0.21053	0.92	-0.011799	0.011799	0.04193	-0.04193	0.057627	-0.057627	0.075661	-0.075661	-0.092579	0.092579	0.11567	-0.11567	-0.14832	0.14832	0.16365	-0.16365	0.21438	-0.21438	0.23719	-0.23719	-0.2647	0.2647	0.28624	-0.28624	-0.30915	0.30915	0.32586	-0.32586	-0.36469	0.36469	-0.36973	0.36973	0.38817	-0.38817	0.3989	-0.3989	0.44893	-0.44893	0.45982	-0.45982	0.46998	-0.46998	-0.49105	0.49105	0.51039	-0.51039	0.51429	-0.51429	-0.53898	0.53898	0.55727	-0.55727	-0.57359	0.57359	-0.59872	0.59872	-0.60669	0.60669	-0.61803	0.61803	0.62244	-0.62244	0.63847	-0.63847	0.6514	-0.6514	-0.65696	0.65696	0.66157	-0.66157	-0.67184	0.67184	-0.68113	0.68113	-0.69796	0.69796	0.71268	-0.71268	-0.72258	0.72258	-0.73393	0.73393	0.74431	-0.74431	0.7557	-0.7557	0.763	-0.763	-0.77551	0.77551	0.79601	-0.79601	0.81029	-0.81029	-0.81597	0.81597	0.83587	-0.83587	-0.84345	0.84345	0.85159	-0.85159	-0.86727	0.86727	0.87376	-0.87376	-0.8808	0.8808	0.89964	-0.89964	0.91125	-0.91125	-0.91696	0.91696	0.92644	-0.92644	-0.93108	0.93108	-0.93372	0.93372	0.93999	-0.93999	-0.95064	0.95064	-0.95417	0.95417	0.96212	-0.96212	-0.96983	0.96983	-0.97832	0.97832	0.98429	-0.98429	-0.9909	0.9909	-0.99613	0.99613	-0.99874	0.99874	-1.0046	1.0046	-1.0127	1.0127	1.021	-1.021	1.0328	-1.0328	1.0456	-1.0456	1.0526	-1.0526	-1.0611	1.0611	-1.0621	1.0621	-1.0814	1.0814	1.0854	-1.0854	1.0866	-1.0866	1.1014	-1.1014	-1.1141	1.1141	-1.1208	1.1208	-1.131	1.131	1.1408	-1.1408	1.1453	-1.1453	1.1555	-1.1555	1.1679	-1.1679	-1.1743	1.1743	1.1799	-1.1799	1.1925	-1.1925	-1.1973	1.1973	-1.2107	1.2107	-1.2217	1.2217	1.229	-1.229	1.2378	-1.2378	-1.2483	1.2483	1.2586	-1.2586	1.271	-1.271	-1.2881	1.2881	1.3067	-1.3067	-1.3105	1.3105	-1.3244	1.3244	-1.3405	1.3405	1.3442	-1.3442	1.35	-1.35	-1.3609	1.3609	-1.3713	1.3713	-1.3778	1.3778	-1.3899	1.3899	1.4	-1.4	1.4053	-1.4053	-1.4114	1.4114	-1.4188	1.4188	1.4351	-1.4351	1.4379	-1.4379	-1.4526	1.4526	1.4616	-1.4616	1.4649	-1.4649	1.4781	-1.4781	1.4844	-1.4844	-1.4872	1.4872	1.4933	-1.4933	-1.5003	1.5003	-1.5131	1.5131	-1.5194	1.5194	1.5269	-1.5269	-1.5388	1.5388	1.5469	-1.5469	1.5553	-1.5553	-1.5637	1.5637	-1.5718	1.5718	-1.5817	1.5817	-1.5887	1.5887	-1.5958	1.5958	1.5998	-1.5998	-1.6098	1.6098	1.6177	-1.6177	1.6328	-1.6328	-1.6354	1.6354	-1.6453	1.6453	1.6565	-1.6565	1.6653	-1.6653	-1.6762	1.6762	1.6827	-1.6827	-1.6903	1.6903	1.7051	-1.7051	1.7106	-1.7106	1.7195	-1.7195	-1.7222	1.7222	1.7269	-1.7269	-1.7374	1.7374	-1.7473	1.7473	-1.7538	1.7538	1.7555	-1.7555	-1.7695	1.7695	1.7759	-1.7759	-1.7817	1.7817	1.7879	-1.7879	1.8006	-1.8006	-1.8079	1.8079	1.8215	-1.8215	-1.827	1.827	-1.8358	1.8358	-1.8416	1.8416	1.8469	-1.8469	-1.8604	1.8604	-1.8635	1.8635	-1.8696	1.8696	1.8784	-1.8784	1.8969	-1.8969	1.9004	-1.9004	-1.9139	1.9139	-1.9169	1.9169	-1.9298	1.9298	1.9412	-1.9412	1.9532	-1.9532	1.963	-1.963	1.9727	-1.9727	1.9796	-1.9796	1.9906	-1.9906	1.997	-1.997	2.0077	-2.0077	-2.0175	2.0175	-2.0209	2.0209	2.0369	-2.0369	2.0405	-2.0405	2.045	-2.045	2.0489	-2.0489	-2.0682	2.0682	2.0697	-2.0697	2.0798	-2.0798	-2.0853	2.0853	-2.0947	2.0947	2.1038	-2.1038	-2.1094	2.1094	-2.115	2.115	-2.1264	2.1264	-2.1341	2.1341	
0.21053	0.94	-0.00043928	0.00043928	-0.057232	0.057232	0.075141	-0.075141	0.08933	-0.08933	0.10757	-0.10757	0.13313	-0.13313	-0.15332	0.15332	-0.17586	0.17586	-0.2194	0.2194	-0.24112	0.24112	-0.25968	0.25968	0.28747	-0.28747	-0.31726	0.31726	0.3278	-0.3278	0.35376	-0.35376	0.37424	-0.37424	-0.38788	0.38788	0.40006	-0.40006	-0.43529	0.43529	0.44766	-0.44766	0.45608	-0.45608	-0.47721	0.47721	-0.49933	0.49933	0.51249	-0.51249	0.54573	-0.54573	0.55964	-0.55964	0.58111	-0.58111	0.60438	-0.60438	-0.60799	0.60799	0.62001	-0.62001	0.63113	-0.63113	-0.64685	0.64685	-0.6542	0.6542	0.66741	-0.66741	0.67062	-0.67062	-0.67645	0.67645	-0.68769	0.68769	-0.69885	0.69885	-0.71597	0.71597	0.72357	-0.72357	0.73177	-0.73177	-0.74223	0.74223	0.7552	-0.7552	0.76184	-0.76184	0.77428	-0.77428	-0.79161	0.79161	-0.80827	0.80827	-0.8148	0.8148	-0.82831	0.82831	-0.83696	0.83696	0.84378	-0.84378	0.85653	-0.85653	-0.87108	0.87108	-0.87711	0.87711	-0.89058	0.89058	-0.90542	0.90542	-0.91537	0.91537	0.92369	-0.92369	0.9282	-0.9282	0.92967	-0.92967	0.93909	-0.93909	0.94399	-0.94399	-0.95272	0.95272	-0.96023	0.96023	0.96762	-0.96762	-0.97761	0.97761	-0.98231	0.98231	0.99058	-0.99058	0.99524	-0.99524	-0.99848	0.99848	1.0041	-1.0041	-1.012	1.012	1.0189	-1.0189	-1.0319	1.0319	1.0449	-1.0449	-1.052	1.052	1.0602	-1.0602	-1.0614	1.0614	-1.0804	1.0804	-1.0839	1.0839	1.0858	-1.0858	-1.1011	1.1011	-1.1131	1.1131	1.1204	-1.1204	1.1301	-1.1301	1.1399	-1.1399	-1.145	1.145	1.1528	-1.1528	-1.1655	1.1655	1.1735	-1.1735	-1.1795	1.1795	1.1915	-1.1915	-1.1964	1.1964	-1.2102	1.2102	-1.2208	1.2208	-1.2284	1.2284	-1.2357	1.2357	-1.2476	1.2476	-1.2579	1.2579	-1.2707	1.2707	-1.2877	1.2877	1.3063	-1.3063	1.3101	-1.3101	1.3244	-1.3244	1.3402	-1.3402	1.3443	-1.3443	1.3503	-1.3503	-1.3614	1.3614	-1.3712	1.3712	1.3774	-1.3774	-1.3901	1.3901	1.4002	-1.4002	-1.4051	1.4051	-1.4113	1.4113	1.4188	-1.4188	-1.4352	1.4352	1.4375	-1.4375	1.4526	-1.4526	1.4616	-1.4616	-1.4649	1.4649	-1.478	1.478	-1.4844	1.4844	-1.4874	1.4874	1.4927	-1.4927	-1.5002	1.5002	-1.5133	1.5133	1.5197	-1.5197	1.5266	-1.5266	1.5388	-1.5388	-1.5471	1.5471	1.5552	-1.5552	-1.563	1.563	-1.5716	1.5716	-1.5817	1.5817	1.589	-1.589	-1.5957	1.5957	-1.5993	1.5993	1.6097	-1.6097	1.6173	-1.6173	1.6322	-1.6322	1.6355	-1.6355	1.6454	-1.6454	1.6566	-1.6566	-1.665	1.665	-1.6763	1.6763	-1.6827	1.6827	-1.6905	1.6905	-1.7051	1.7051	1.7105	-1.7105	1.7191	-1.7191	1.7223	-1.7223	-1.7267	1.7267	-1.7374	1.7374	1.747	-1.747	-1.7537	1.7537	-1.7552	1.7552	-1.7692	1.7692	1.7758	-1.7758	-1.7815	1.7815	-1.7878	1.7878	1.8004	-1.8004	1.8077	-1.8077	1.821	-1.821	-1.8272	1.8272	1.8357	-1.8357	-1.8414	1.8414	-1.8469	1.8469	-1.8603	1.8603	1.8632	-1.8632	-1.8693	1.8693	-1.8777	1.8777	-1.8964	1.8964	1.8993	-1.8993	1.9135	-1.9135	-1.9162	1.9162	-1.9295	1.9295	-1.9409	1.9409	1.9528	-1.9528	1.9628	-1.9628	-1.9726	1.9726	-1.9791	1.9791	-1.9906	1.9906	1.9969	-1.9969	-2.0077	2.0077	-2.0177	2.0177	2.021	-2.021	2.0369	-2.0369	-2.0407	2.0407	-2.045	2.045	-2.0488	2.0488	2.0678	-2.0678	-2.0697	2.0697	-2.0801	2.0801	2.0851	-2.0851	2.0948	-2.0948	-2.1035	2.1035	-2.1094	2.1094	2.1149	-2.1149	-2.1265	2.1265	2.1341	-2.1341	
0.21053	0.96	-0.014278	0.014278	-0.070168	0.070168	0.091385	-0.091385	0.10127	-0.10127	-0.1197	0.1197	-0.14863	0.14863	0.15643	-0.15643	0.18344	-0.18344	0.22085	-0.22085	-0.24961	0.24961	-0.2539	0.2539	0.28982	-0.28982	0.31838	-0.31838	-0.3308	0.3308	0.34493	-0.34493	0.37573	-0.37573	-0.38442	0.38442	0.40547	-0.40547	0.42234	-0.42234	-0.44011	0.44011	-0.44648	0.44648	-0.46463	0.46463	0.4886	-0.4886	0.50875	-0.50875	0.54861	-0.54861	-0.55542	0.55542	-0.5872	0.5872	0.60591	-0.60591	0.61013	-0.61013	0.62221	-0.62221	0.63434	-0.63434	0.65104	-0.65104	0.65629	-0.65629	0.66753	-0.66753	0.6777	-0.6777	-0.6818	0.6818	0.69475	-0.69475	0.70682	-0.70682	-0.71804	0.71804	0.7264	-0.7264	-0.7393	0.7393	-0.74707	0.74707	-0.75644	0.75644	-0.76356	0.76356	0.7746	-0.7746	-0.79025	0.79025	0.80585	-0.80585	-0.81615	0.81615	-0.82112	0.82112	0.83212	-0.83212	-0.83337	0.83337	0.85213	-0.85213	0.86723	-0.86723	0.87409	-0.87409	-0.88297	0.88297	-0.90339	0.90339	-0.91378	0.91378	0.92045	-0.92045	-0.92559	0.92559	0.92818	-0.92818	0.93832	-0.93832	0.94106	-0.94106	0.95207	-0.95207	-0.95875	0.95875	-0.96675	0.96675	0.97729	-0.97729	-0.98092	0.98092	0.99063	-0.99063	-0.99491	0.99491	-0.99847	0.99847	-1.0039	1.0039	-1.0113	1.0113	-1.0174	1.0174	1.0313	-1.0313	1.0441	-1.0441	1.0515	-1.0515	-1.0595	1.0595	1.0609	-1.0609	-1.0791	1.0791	-1.0827	1.0827	-1.0855	1.0855	-1.101	1.101	1.1122	-1.1122	-1.1201	1.1201	1.1292	-1.1292	1.139	-1.139	1.1447	-1.1447	-1.1505	1.1505	-1.1638	1.1638	1.1729	-1.1729	-1.1791	1.1791	-1.1904	1.1904	-1.1957	1.1957	1.2098	-1.2098	1.2198	-1.2198	-1.2278	1.2278	1.2342	-1.2342	1.2471	-1.2471	1.2574	-1.2574	1.2705	-1.2705	1.2873	-1.2873	-1.306	1.306	1.3098	-1.3098	1.3244	-1.3244	-1.3399	1.3399	-1.3445	1.3445	-1.3507	1.3507	-1.3618	1.3618	1.371	-1.371	-1.377	1.377	1.3902	-1.3902	1.4003	-1.4003	1.4049	-1.4049	-1.4112	1.4112	1.4188	-1.4188	-1.4352	1.4352	1.4373	-1.4373	1.4527	-1.4527	-1.4616	1.4616	1.4649	-1.4649	1.4779	-1.4779	-1.4843	1.4843	-1.4876	1.4876	1.4922	-1.4922	-1.5002	1.5002	-1.5134	1.5134	1.5201	-1.5201	1.5262	-1.5262	-1.5387	1.5387	1.5472	-1.5472	1.5551	-1.5551	-1.5623	1.5623	1.5714	-1.5714	-1.5817	1.5817	-1.5892	1.5892	1.5957	-1.5957	-1.5988	1.5988	1.6097	-1.6097	1.6169	-1.6169	-1.6317	1.6317	1.6355	-1.6355	1.6454	-1.6454	1.6568	-1.6568	1.6647	-1.6647	-1.6764	1.6764	1.6826	-1.6826	-1.6907	1.6907	1.705	-1.705	1.7103	-1.7103	1.7187	-1.7187	1.7223	-1.7223	1.7265	-1.7265	-1.7374	1.7374	1.7466	-1.7466	1.7536	-1.7536	-1.755	1.755	1.7689	-1.7689	1.7758	-1.7758	1.7814	-1.7814	-1.7876	1.7876	-1.8002	1.8002	-1.8074	1.8074	-1.8204	1.8204	1.8273	-1.8273	-1.8358	1.8358	1.8412	-1.8412	1.8469	-1.8469	-1.8602	1.8602	1.863	-1.863	1.8691	-1.8691	1.877	-1.877	-1.8958	1.8958	1.8983	-1.8983	-1.913	1.913	-1.9156	1.9156	-1.9292	1.9292	-1.9406	1.9406	-1.9523	1.9523	-1.9625	1.9625	-1.9725	1.9725	-1.9786	1.9786	-1.9907	1.9907	-1.9968	1.9968	2.0077	-2.0077	2.0178	-2.0178	-2.0211	2.0211	-2.0369	2.0369	2.041	-2.041	2.0449	-2.0449	-2.0487	2.0487	2.0673	-2.0673	-2.0698	2.0698	-2.0803	2.0803	2.0849	-2.0849	-2.095	2.095	2.1031	-2.1031	2.1093	-2.1093	-2.1148	2.1148	-2.1267	2.1267	2.1341	-2.1341	
0.21053	0.98	-0.02581	0.02581	0.078675	-0.078675	0.10147	-0.10147	0.11151	-0.11151	-0.13106	0.13106	-0.15032	0.15032	0.17117	-0.17117	0.18504	-0.18504	0.21901	-0.21901	0.24394	-0.24394	-0.26492	0.26492	0.29078	-0.29078	-0.31542	0.31542	0.33547	-0.33547	-0.34234	0.34234	-0.373	0.373	-0.37827	0.37827	0.39964	-0.39964	0.4138	-0.4138	0.43863	-0.43863	-0.44579	0.44579	0.45992	-0.45992	-0.48188	0.48188	-0.50251	0.50251	0.54193	-0.54193	-0.55203	0.55203	0.58725	-0.58725	0.60571	-0.60571	-0.60966	0.60966	-0.62549	0.62549	-0.62973	0.62973	-0.64857	0.64857	0.65694	-0.65694	0.66795	-0.66795	-0.68167	0.68167	-0.68374	0.68374	0.702	-0.702	0.71299	-0.71299	0.72357	-0.72357	0.73112	-0.73112	0.74642	-0.74642	0.7555	-0.7555	0.76256	-0.76256	0.76958	-0.76958	0.77809	-0.77809	0.79205	-0.79205	0.8031	-0.8031	0.81483	-0.81483	-0.81883	0.81883	0.82882	-0.82882	0.83408	-0.83408	-0.84981	0.84981	0.86295	-0.86295	0.87285	-0.87285	0.88057	-0.88057	-0.9028	0.9028	0.91158	-0.91158	-0.91931	0.91931	0.92393	-0.92393	0.92768	-0.92768	-0.93756	0.93756	-0.9406	0.9406	-0.9519	0.9519	0.95778	-0.95778	0.96654	-0.96654	0.97726	-0.97726	-0.98006	0.98006	-0.99093	0.99093	-0.99493	0.99493	-0.99868	0.99868	-1.0039	1.0039	-1.0105	1.0105	-1.0166	1.0166	1.0308	-1.0308	-1.0435	1.0435	1.051	-1.051	1.0589	-1.0589	1.0607	-1.0607	1.0776	-1.0776	1.082	-1.082	-1.0854	1.0854	-1.1011	1.1011	1.1112	-1.1112	1.1199	-1.1199	-1.1284	1.1284	-1.1382	1.1382	1.1444	-1.1444	1.1487	-1.1487	1.1624	-1.1624	1.1723	-1.1723	-1.1787	1.1787	1.1891	-1.1891	-1.1953	1.1953	1.2095	-1.2095	-1.2188	1.2188	-1.2272	1.2272	-1.2332	1.2332	-1.2467	1.2467	1.2571	-1.2571	1.2703	-1.2703	-1.2869	1.2869	-1.3056	1.3056	-1.3095	1.3095	1.3244	-1.3244	1.3396	-1.3396	-1.3447	1.3447	1.351	-1.351	-1.3622	1.3622	1.3709	-1.3709	1.3765	-1.3765	1.3903	-1.3903	-1.4004	1.4004	1.4048	-1.4048	-1.4111	1.4111	-1.4189	1.4189	1.4352	-1.4352	-1.4371	1.4371	1.4527	-1.4527	-1.4616	1.4616	-1.4649	1.4649	-1.4777	1.4777	-1.4842	1.4842	-1.4879	1.4879	1.4917	-1.4917	1.5002	-1.5002	1.5136	-1.5136	-1.5204	1.5204	-1.5259	1.5259	1.5387	-1.5387	-1.5474	1.5474	1.555	-1.555	1.5616	-1.5616	-1.5713	1.5713	-1.5818	1.5818	-1.5894	1.5894	-1.5957	1.5957	1.5984	-1.5984	-1.6096	1.6096	-1.6166	1.6166	-1.6312	1.6312	1.6356	-1.6356	-1.6455	1.6455	-1.657	1.657	-1.6645	1.6645	1.6765	-1.6765	1.6825	-1.6825	-1.691	1.691	-1.7049	1.7049	1.7101	-1.7101	-1.7182	1.7182	-1.7222	1.7222	1.7264	-1.7264	-1.7374	1.7374	1.7462	-1.7462	-1.7533	1.7533	-1.755	1.755	-1.7686	1.7686	-1.7757	1.7757	-1.7812	1.7812	1.7875	-1.7875	-1.8	1.8	-1.8072	1.8072	-1.8199	1.8199	1.8274	-1.8274	1.8358	-1.8358	-1.8411	1.8411	-1.8469	1.8469	1.86	-1.86	1.8627	-1.8627	1.8688	-1.8688	1.8763	-1.8763	-1.895	1.895	-1.8974	1.8974	-1.9125	1.9125	-1.9153	1.9153	-1.9289	1.9289	-1.9403	1.9403	1.9519	-1.9519	1.9623	-1.9623	1.9723	-1.9723	-1.9783	1.9783	-1.9907	1.9907	-1.9967	1.9967	2.0077	-2.0077	-2.018	2.018	-2.0211	2.0211	-2.0369	2.0369	2.0412	-2.0412	2.0448	-2.0448	-2.0486	2.0486	2.0668	-2.0668	-2.0699	2.0699	-2.0805	2.0805	2.0847	-2.0847	2.0952	-2.0952	2.1028	-2.1028	-2.1093	2.1093	-2.1147	2.1147	-2.1268	2.1268	-2.1341	2.1341	
0.21053	1	0.032826	-0.032826	-0.082453	0.082453	0.10559	-0.10559	0.11706	-0.11706	-0.14006	0.14006	-0.15177	0.15177	-0.17788	0.17788	0.19134	-0.19134	0.21291	-0.21291	-0.24067	0.24067	-0.2684	0.2684	-0.29303	0.29303	-0.31815	0.31815	-0.331	0.331	-0.3485	0.3485	0.36845	-0.36845	0.37551	-0.37551	0.38709	-0.38709	-0.40803	0.40803	0.4366	-0.4366	-0.44976	0.44976	0.46547	-0.46547	-0.47883	0.47883	0.49689	-0.49689	0.53158	-0.53158	-0.54797	0.54797	-0.58145	0.58145	-0.59992	0.59992	-0.60764	0.60764	0.62034	-0.62034	0.62866	-0.62866	0.64411	-0.64411	0.6519	-0.6519	-0.67125	0.67125	-0.68328	0.68328	-0.68582	0.68582	-0.70694	0.70694	-0.716	0.716	-0.72573	0.72573	-0.73447	0.73447	-0.74968	0.74968	0.7604	-0.7604	-0.77018	0.77018	-0.77644	0.77644	-0.79056	0.79056	-0.79784	0.79784	-0.80382	0.80382	0.81714	-0.81714	0.82447	-0.82447	-0.83177	0.83177	-0.84062	0.84062	-0.85073	0.85073	-0.86218	0.86218	-0.87341	0.87341	0.88079	-0.88079	-0.90329	0.90329	0.91028	-0.91028	0.91964	-0.91964	0.92341	-0.92341	0.92767	-0.92767	0.93753	-0.93753	-0.94099	0.94099	0.95212	-0.95212	-0.95728	0.95728	-0.96675	0.96675	0.97747	-0.97747	0.97967	-0.97967	0.99143	-0.99143	-0.99525	0.99525	-0.99913	0.99913	-1.004	1.004	-1.0099	1.0099	-1.0163	1.0163	1.0306	-1.0306	-1.0429	1.0429	1.0508	-1.0508	-1.0585	1.0585	-1.0608	1.0608	1.0764	-1.0764	1.0817	-1.0817	1.0853	-1.0853	-1.1014	1.1014	-1.1104	1.1104	-1.1198	1.1198	-1.1277	1.1277	1.1375	-1.1375	1.1442	-1.1442	-1.1476	1.1476	-1.1614	1.1614	-1.1717	1.1717	1.1784	-1.1784	-1.1877	1.1877	-1.195	1.195	-1.2092	1.2092	-1.2178	1.2178	-1.2267	1.2267	1.2326	-1.2326	-1.2464	1.2464	1.2568	-1.2568	-1.2702	1.2702	1.2866	-1.2866	-1.3053	1.3053	-1.3092	1.3092	-1.3244	1.3244	1.3393	-1.3393	-1.3449	1.3449	1.3514	-1.3514	1.3626	-1.3626	1.3707	-1.3707	-1.3762	1.3762	1.3904	-1.3904	-1.4005	1.4005	1.4046	-1.4046	-1.4112	1.4112	-1.4189	1.4189	1.4351	-1.4351	1.437	-1.437	-1.4526	1.4526	-1.4615	1.4615	-1.465	1.465	-1.4775	1.4775	1.484	-1.484	1.4882	-1.4882	-1.4912	1.4912	1.5003	-1.5003	-1.5137	1.5137	-1.5208	1.5208	1.5256	-1.5256	-1.5387	1.5387	1.5475	-1.5475	1.5549	-1.5549	1.5608	-1.5608	-1.5711	1.5711	-1.5819	1.5819	1.5896	-1.5896	-1.5956	1.5956	-1.598	1.598	1.6096	-1.6096	-1.6162	1.6162	1.6307	-1.6307	-1.6356	1.6356	-1.6455	1.6455	-1.6571	1.6571	1.6642	-1.6642	-1.6766	1.6766	1.6823	-1.6823	1.6912	-1.6912	1.7048	-1.7048	-1.7097	1.7097	-1.7177	1.7177	-1.7221	1.7221	1.7263	-1.7263	1.7374	-1.7374	1.7458	-1.7458	-1.7531	1.7531	1.7551	-1.7551	-1.7683	1.7683	-1.7756	1.7756	1.781	-1.781	1.7874	-1.7874	1.7998	-1.7998	1.807	-1.807	-1.8194	1.8194	-1.8275	1.8275	1.8358	-1.8358	-1.8409	1.8409	-1.8469	1.8469	-1.8598	1.8598	-1.8624	1.8624	-1.8687	1.8687	1.8757	-1.8757	1.8941	-1.8941	-1.8968	1.8968	1.9119	-1.9119	1.915	-1.915	1.9286	-1.9286	-1.9399	1.9399	-1.9516	1.9516	-1.962	1.962	-1.972	1.972	-1.9781	1.9781	-1.9907	1.9907	-1.9967	1.9967	2.0076	-2.0076	-2.0181	2.0181	2.0212	-2.0212	2.0368	-2.0368	-2.0414	2.0414	-2.0447	2.0447	-2.0486	2.0486	2.0662	-2.0662	2.07	-2.07	-2.0808	2.0808	2.0844	-2.0844	2.0954	-2.0954	2.1024	-2.1024	2.1093	-2.1093	2.1148	-2.1148	2.1268	-2.1268	-2.134	2.134	
0.21053	1.02	-0.033717	0.033717	-0.081696	0.081696	0.10587	-0.10587	-0.11778	0.11778	-0.1387	0.1387	-0.15805	0.15805	-0.17581	0.17581	0.19763	-0.19763	-0.21117	0.21117	0.23555	-0.23555	-0.26787	0.26787	0.29241	-0.29241	-0.31566	0.31566	-0.33635	0.33635	-0.34905	0.34905	-0.36849	0.36849	-0.37639	0.37639	-0.38277	0.38277	-0.40497	0.40497	0.43449	-0.43449	-0.4499	0.4499	0.47022	-0.47022	-0.47913	0.47913	0.4956	-0.4956	0.52453	-0.52453	0.54115	-0.54115	-0.5723	0.5723	0.58747	-0.58747	0.60494	-0.60494	-0.61439	0.61439	0.6256	-0.6256	0.637	-0.637	0.65068	-0.65068	-0.67233	0.67233	0.68087	-0.68087	-0.68661	0.68661	-0.70561	0.70561	0.71782	-0.71782	-0.72408	0.72408	0.73551	-0.73551	-0.74672	0.74672	0.76426	-0.76426	0.77748	-0.77748	-0.78655	0.78655	0.80219	-0.80219	-0.80788	0.80788	0.8165	-0.8165	0.82533	-0.82533	0.83619	-0.83619	-0.8388	0.8388	0.84956	-0.84956	-0.85696	0.85696	-0.86653	0.86653	0.87579	-0.87579	-0.88281	0.88281	0.90476	-0.90476	0.91074	-0.91074	-0.92077	0.92077	-0.92447	0.92447	-0.92825	0.92825	-0.93825	0.93825	-0.94181	0.94181	-0.95265	0.95265	0.95726	-0.95726	-0.96734	0.96734	0.97795	-0.97795	0.97974	-0.97974	-0.99214	0.99214	-0.99585	0.99585	0.99985	-0.99985	1.0042	-1.0042	-1.0096	1.0096	-1.0164	1.0164	-1.0306	1.0306	1.0424	-1.0424	1.0507	-1.0507	1.0583	-1.0583	1.0611	-1.0611	1.0755	-1.0755	-1.0817	1.0817	-1.0854	1.0854	-1.1019	1.1019	1.1097	-1.1097	1.1197	-1.1197	-1.1271	1.1271	-1.1369	1.1369	1.1439	-1.1439	-1.1468	1.1468	1.1606	-1.1606	-1.1712	1.1712	1.178	-1.178	1.1864	-1.1864	-1.1949	1.1949	1.2091	-1.2091	-1.2169	1.2169	-1.2264	1.2264	1.2324	-1.2324	-1.2461	1.2461	-1.2567	1.2567	1.2701	-1.2701	1.2863	-1.2863	-1.3051	1.3051	1.309	-1.309	1.3244	-1.3244	1.339	-1.339	1.3451	-1.3451	1.3517	-1.3517	1.3629	-1.3629	-1.3706	1.3706	-1.3758	1.3758	1.3905	-1.3905	-1.4005	1.4005	1.4044	-1.4044	1.4112	-1.4112	-1.419	1.419	-1.4349	1.4349	1.437	-1.437	-1.4526	1.4526	1.4614	-1.4614	1.4651	-1.4651	-1.4773	1.4773	1.4838	-1.4838	1.4884	-1.4884	-1.4909	1.4909	-1.5004	1.5004	1.5138	-1.5138	-1.5211	1.5211	1.5253	-1.5253	-1.5386	1.5386	1.5475	-1.5475	-1.5548	1.5548	-1.56	1.56	1.5709	-1.5709	-1.582	1.582	1.5898	-1.5898	-1.5953	1.5953	-1.5977	1.5977	-1.6096	1.6096	1.6159	-1.6159	-1.6303	1.6303	1.6357	-1.6357	-1.6455	1.6455	1.6573	-1.6573	-1.664	1.664	1.6767	-1.6767	-1.6821	1.6821	-1.6914	1.6914	-1.7046	1.7046	1.7094	-1.7094	1.7172	-1.7172	-1.722	1.722	-1.7262	1.7262	-1.7374	1.7374	1.7454	-1.7454	1.7528	-1.7528	1.7552	-1.7552	1.768	-1.768	1.7756	-1.7756	1.7809	-1.7809	-1.7872	1.7872	1.7995	-1.7995	-1.8067	1.8067	1.8189	-1.8189	1.8275	-1.8275	1.8358	-1.8358	-1.8406	1.8406	-1.847	1.847	-1.8596	1.8596	1.8621	-1.8621	-1.8685	1.8685	-1.8751	1.8751	-1.8931	1.8931	-1.8962	1.8962	1.9113	-1.9113	-1.9149	1.9149	1.9284	-1.9284	-1.9396	1.9396	-1.9513	1.9513	-1.9616	1.9616	1.9717	-1.9717	1.9781	-1.9781	-1.9907	1.9907	-1.9966	1.9966	2.0076	-2.0076	-2.0182	2.0182	-2.0213	2.0213	2.0368	-2.0368	2.0417	-2.0417	2.0446	-2.0446	2.0485	-2.0485	-2.0656	2.0656	-2.0701	2.0701	2.081	-2.081	2.0842	-2.0842	2.0956	-2.0956	2.102	-2.102	-2.1093	2.1093	2.1149	-2.1149	2.1269	-2.1269	2.134	-2.134	
0.21053	1.04	0.028112	-0.028112	0.076509	-0.076509	0.10174	-0.10174	-0.11555	0.11555	-0.13434	0.13434	-0.15544	0.15544	-0.1738	0.1738	-0.19605	0.19605	0.21397	-0.21397	-0.23272	0.23272	0.26262	-0.26262	-0.29162	0.29162	-0.3085	0.3085	-0.34285	0.34285	-0.34976	0.34976	0.36959	-0.36959	-0.37977	0.37977	0.3948	-0.3948	0.40688	-0.40688	0.42993	-0.42993	-0.44533	0.44533	0.46705	-0.46705	-0.48392	0.48392	0.49689	-0.49689	0.52149	-0.52149	-0.53264	0.53264	-0.56284	0.56284	-0.57464	0.57464	-0.59893	0.59893	0.61037	-0.61037	-0.6216	0.6216	0.63199	-0.63199	0.64803	-0.64803	0.66925	-0.66925	0.67607	-0.67607	-0.68528	0.68528	0.70022	-0.70022	-0.70777	0.70777	-0.72399	0.72399	0.73824	-0.73824	0.74976	-0.74976	-0.76857	0.76857	-0.78256	0.78256	-0.79884	0.79884	-0.80991	0.80991	-0.82156	0.82156	0.833	-0.833	0.83821	-0.83821	-0.84833	0.84833	0.85103	-0.85103	0.85742	-0.85742	-0.86603	0.86603	0.8785	-0.8785	-0.88192	0.88192	-0.88677	0.88677	0.9074	-0.9074	0.91297	-0.91297	-0.92305	0.92305	0.92678	-0.92678	-0.93059	0.93059	-0.93969	0.93969	0.94319	-0.94319	0.95342	-0.95342	-0.95785	0.95785	-0.96842	0.96842	-0.97873	0.97873	-0.98036	0.98036	-0.99302	0.99302	0.99679	-0.99679	1.001	-1.001	1.0046	-1.0046	1.0099	-1.0099	1.017	-1.017	-1.0309	1.0309	1.0421	-1.0421	1.0507	-1.0507	1.0583	-1.0583	1.0619	-1.0619	1.0749	-1.0749	1.082	-1.082	1.0855	-1.0855	-1.1026	1.1026	-1.1092	1.1092	1.1198	-1.1198	1.1267	-1.1267	1.1364	-1.1364	1.1437	-1.1437	-1.1465	1.1465	-1.1601	1.1601	-1.1707	1.1707	-1.1777	1.1777	-1.1853	1.1853	-1.1949	1.1949	1.209	-1.209	1.2163	-1.2163	1.2261	-1.2261	1.2324	-1.2324	1.2459	-1.2459	-1.2566	1.2566	1.27	-1.27	-1.286	1.286	-1.3048	1.3048	1.3088	-1.3088	1.3244	-1.3244	-1.3387	1.3387	-1.3452	1.3452	1.3521	-1.3521	1.3632	-1.3632	1.3705	-1.3705	1.3755	-1.3755	-1.3906	1.3906	1.4005	-1.4005	1.4043	-1.4043	-1.4113	1.4113	1.419	-1.419	-1.4348	1.4348	1.437	-1.437	1.4525	-1.4525	-1.4612	1.4612	-1.4652	1.4652	-1.477	1.477	1.4836	-1.4836	1.4886	-1.4886	1.4906	-1.4906	1.5006	-1.5006	-1.5139	1.5139	-1.5214	1.5214	1.525	-1.525	1.5386	-1.5386	-1.5476	1.5476	1.5547	-1.5547	1.5592	-1.5592	-1.5707	1.5707	-1.5822	1.5822	-1.5899	1.5899	-1.595	1.595	1.5976	-1.5976	-1.6096	1.6096	1.6156	-1.6156	1.6298	-1.6298	1.6357	-1.6357	1.6455	-1.6455	1.6574	-1.6574	1.6637	-1.6637	1.6767	-1.6767	-1.6819	1.6819	1.6917	-1.6917	1.7044	-1.7044	-1.7089	1.7089	1.7167	-1.7167	1.7218	-1.7218	1.7262	-1.7262	-1.7373	1.7373	-1.7449	1.7449	-1.7526	1.7526	1.7553	-1.7553	1.7678	-1.7678	1.7756	-1.7756	1.7807	-1.7807	-1.7871	1.7871	-1.7993	1.7993	1.8065	-1.8065	1.8185	-1.8185	1.8274	-1.8274	1.8359	-1.8359	-1.8404	1.8404	-1.8471	1.8471	-1.8593	1.8593	-1.8619	1.8619	1.8684	-1.8684	-1.8745	1.8745	-1.892	1.892	-1.8958	1.8958	1.9107	-1.9107	-1.9148	1.9148	-1.9282	1.9282	-1.9392	1.9392	1.951	-1.951	1.9613	-1.9613	1.9714	-1.9714	1.9781	-1.9781	-1.9907	1.9907	1.9966	-1.9966	2.0076	-2.0076	2.0182	-2.0182	-2.0214	2.0214	-2.0368	2.0368	2.0419	-2.0419	-2.0445	2.0445	-2.0484	2.0484	2.0651	-2.0651	2.0702	-2.0702	-2.0813	2.0813	2.084	-2.084	-2.0957	2.0957	-2.1017	2.1017	2.1092	-2.1092	-2.115	2.115	2.1269	-2.1269	-2.134	2.134	

0.42105	-1.04	-0.0071368	0.0071368	0.022801	-0.022801	-0.049418	0.049418	-0.084916	0.084916	-0.10196	0.10196	0.13202	-0.13202	0.14211	-0.14211	0.17102	-0.17102	-0.19894	0.19894	-0.21284	0.21284	-0.2354	0.2354	-0.26588	0.26588	-0.2789	0.2789	-0.32264	0.32264	-0.34747	0.34747	0.37838	-0.37838	0.39146	-0.39146	0.40735	-0.40735	-0.44007	0.44007	0.4668	-0.4668	0.4875	-0.4875	0.50223	-0.50223	0.50724	-0.50724	0.5349	-0.5349	0.55686	-0.55686	0.56962	-0.56962	0.58134	-0.58134	0.59602	-0.59602	0.60465	-0.60465	0.61556	-0.61556	0.63014	-0.63014	0.63823	-0.63823	-0.65115	0.65115	-0.66273	0.66273	0.67469	-0.67469	-0.67752	0.67752	-0.70103	0.70103	-0.71632	0.71632	0.72685	-0.72685	0.73075	-0.73075	0.74203	-0.74203	0.75267	-0.75267	-0.77042	0.77042	0.77716	-0.77716	-0.79569	0.79569	-0.80349	0.80349	0.82034	-0.82034	0.82706	-0.82706	0.8406	-0.8406	0.85326	-0.85326	-0.86624	0.86624	0.87439	-0.87439	-0.87998	0.87998	-0.8883	0.8883	-0.89854	0.89854	0.90755	-0.90755	0.91629	-0.91629	0.92276	-0.92276	-0.93395	0.93395	-0.94428	0.94428	0.95514	-0.95514	-0.95777	0.95777	-0.96347	0.96347	-0.97101	0.97101	-0.97971	0.97971	0.98864	-0.98864	-0.99647	0.99647	-0.99934	0.99934	1.0118	-1.0118	1.0179	-1.0179	1.033	-1.033	-1.042	1.042	-1.0442	1.0442	-1.052	1.052	-1.0599	1.0599	-1.069	1.069	-1.0742	1.0742	-1.0807	1.0807	-1.085	1.085	1.0967	-1.0967	-1.1061	1.1061	1.1245	-1.1245	1.1305	-1.1305	1.1391	-1.1391	-1.1468	1.1468	1.1572	-1.1572	-1.1609	1.1609	1.1733	-1.1733	-1.1812	1.1812	1.1865	-1.1865	1.1965	-1.1965	1.2039	-1.2039	1.211	-1.211	1.2283	-1.2283	-1.2449	1.2449	1.2518	-1.2518	-1.2612	1.2612	-1.2714	1.2714	1.2798	-1.2798	1.2862	-1.2862	-1.2956	1.2956	1.3097	-1.3097	1.3145	-1.3145	-1.3206	1.3206	-1.3365	1.3365	-1.3435	1.3435	1.3506	-1.3506	1.3605	-1.3605	-1.3722	1.3722	1.3826	-1.3826	1.3883	-1.3883	-1.3992	1.3992	1.4037	-1.4037	-1.4136	1.4136	1.4202	-1.4202	1.4295	-1.4295	1.4408	-1.4408	-1.45	1.45	1.455	-1.455	1.4733	-1.4733	1.4766	-1.4766	1.4831	-1.4831	-1.4903	1.4903	1.4991	-1.4991	1.5065	-1.5065	-1.5129	1.5129	1.5263	-1.5263	1.5344	-1.5344	1.5391	-1.5391	1.5488	-1.5488	1.5548	-1.5548	-1.5583	1.5583	-1.5705	1.5705	1.5739	-1.5739	1.5842	-1.5842	-1.5919	1.5919	1.6018	-1.6018	1.6123	-1.6123	-1.6162	1.6162	1.6276	-1.6276	-1.6318	1.6318	-1.6453	1.6453	1.6523	-1.6523	-1.6621	1.6621	1.6659	-1.6659	1.6748	-1.6748	-1.6809	1.6809	1.6948	-1.6948	-1.7064	1.7064	1.7133	-1.7133	-1.7196	1.7196	-1.729	1.729	-1.7388	1.7388	-1.7521	1.7521	-1.7557	1.7557	-1.7678	1.7678	-1.7784	1.7784	1.7876	-1.7876	-1.7933	1.7933	-1.8036	1.8036	1.8111	-1.8111	-1.8179	1.8179	-1.8264	1.8264	1.8368	-1.8368	1.8448	-1.8448	1.8558	-1.8558	1.8675	-1.8675	-1.8744	1.8744	-1.8805	1.8805	1.8938	-1.8938	1.8969	-1.8969	-1.9043	1.9043	1.9196	-1.9196	-1.9243	1.9243	-1.9306	1.9306	-1.9411	1.9411	1.9449	-1.9449	1.9564	-1.9564	-1.963	1.963	1.975	-1.975	1.987	-1.987	-1.9901	1.9901	-1.9947	1.9947	-2.0096	2.0096	-2.019	2.019	2.024	-2.024	-2.0327	2.0327	-2.0437	2.0437	-2.0516	2.0516	-2.0585	2.0585	-2.0675	2.0675	2.0728	-2.0728	2.0807	-2.0807	-2.0871	2.0871	-2.0986	2.0986	-2.1014	2.1014	-2.1174	2.1174	2.1225	-2.1225	2.1283	-2.1283	-2.1394	2.1394	
0.42105	-1.02	-0.0072475	0.0072475	-0.027005	0.027005	-0.051421	0.051421	0.079946	-0.079946	0.10591	-0.10591	0.13524	-0.13524	0.14909	-0.14909	0.17212	-0.17212	0.19661	-0.19661	-0.2235	0.2235	0.2359	-0.2359	0.26094	-0.26094	0.28105	-0.28105	-0.32576	0.32576	0.34623	-0.34623	0.37966	-0.37966	0.38863	-0.38863	-0.40971	0.40971	-0.43944	0.43944	0.46635	-0.46635	0.48571	-0.48571	-0.4977	0.4977	0.50373	-0.50373	-0.52549	0.52549	0.55677	-0.55677	0.56414	-0.56414	0.58232	-0.58232	0.60059	-0.60059	-0.60673	0.60673	0.61702	-0.61702	0.62951	-0.62951	0.63884	-0.63884	-0.65557	0.65557	0.66231	-0.66231	0.67032	-0.67032	0.6771	-0.6771	-0.69919	0.69919	-0.71921	0.71921	0.73088	-0.73088	0.73383	-0.73383	0.74716	-0.74716	-0.75982	0.75982	-0.77014	0.77014	-0.78064	0.78064	-0.79462	0.79462	0.80572	-0.80572	0.82113	-0.82113	0.82882	-0.82882	-0.83732	0.83732	0.85269	-0.85269	0.86454	-0.86454	0.87444	-0.87444	0.88018	-0.88018	-0.88796	0.88796	0.89732	-0.89732	0.90806	-0.90806	-0.91591	0.91591	-0.92279	0.92279	-0.93238	0.93238	0.94269	-0.94269	0.9536	-0.9536	0.95723	-0.95723	-0.96223	0.96223	0.97026	-0.97026	0.97837	-0.97837	0.98864	-0.98864	-0.9953	0.9953	-0.99809	0.99809	-1.0115	1.0115	-1.017	1.017	1.0322	-1.0322	-1.0409	1.0409	1.0427	-1.0427	-1.0518	1.0518	1.0587	-1.0587	-1.0682	1.0682	1.074	-1.074	1.0799	-1.0799	1.0848	-1.0848	-1.0967	1.0967	-1.1063	1.1063	1.1243	-1.1243	-1.1294	1.1294	1.1387	-1.1387	1.1458	-1.1458	1.1569	-1.1569	1.1606	-1.1606	1.173	-1.173	1.1809	-1.1809	1.1861	-1.1861	-1.1963	1.1963	1.2036	-1.2036	1.2108	-1.2108	1.2278	-1.2278	-1.2447	1.2447	-1.252	1.252	-1.2608	1.2608	1.2711	-1.2711	1.2795	-1.2795	-1.286	1.286	-1.2952	1.2952	1.3095	-1.3095	-1.3143	1.3143	1.3202	-1.3202	1.3362	-1.3362	1.3436	-1.3436	1.3506	-1.3506	1.3599	-1.3599	1.3721	-1.3721	-1.3824	1.3824	1.388	-1.388	-1.399	1.399	-1.4037	1.4037	-1.4133	1.4133	1.42	-1.42	-1.4297	1.4297	1.4413	-1.4413	-1.45	1.45	-1.4549	1.4549	1.4733	-1.4733	1.4766	-1.4766	-1.4832	1.4832	1.4904	-1.4904	-1.4991	1.4991	1.5062	-1.5062	-1.5129	1.5129	-1.526	1.526	1.5344	-1.5344	-1.5387	1.5387	1.5486	-1.5486	-1.5548	1.5548	1.5584	-1.5584	1.5703	-1.5703	1.5739	-1.5739	-1.5844	1.5844	-1.5917	1.5917	1.6017	-1.6017	1.6122	-1.6122	1.6161	-1.6161	1.6276	-1.6276	1.6317	-1.6317	1.6451	-1.6451	-1.6523	1.6523	1.6621	-1.6621	1.6655	-1.6655	1.6743	-1.6743	-1.6809	1.6809	1.6946	-1.6946	-1.7061	1.7061	-1.7128	1.7128	-1.7193	1.7193	1.7286	-1.7286	1.7388	-1.7388	1.7519	-1.7519	-1.7556	1.7556	1.7675	-1.7675	-1.7773	1.7773	1.7875	-1.7875	1.7933	-1.7933	-1.8035	1.8035	-1.8108	1.8108	1.818	-1.818	1.8263	-1.8263	-1.8365	1.8365	-1.8444	1.8444	-1.8557	1.8557	1.8676	-1.8676	1.8737	-1.8737	1.8802	-1.8802	1.8937	-1.8937	-1.8969	1.8969	1.9045	-1.9045	-1.9195	1.9195	-1.9242	1.9242	-1.9305	1.9305	-1.9411	1.9411	-1.9446	1.9446	1.9564	-1.9564	1.9629	-1.9629	1.9752	-1.9752	-1.987	1.987	-1.9902	1.9902	1.9945	-1.9945	-2.0095	2.0095	-2.0193	2.0193	2.0239	-2.0239	2.0325	-2.0325	-2.0436	2.0436	2.0515	-2.0515	2.0584	-2.0584	2.0675	-2.0675	2.0728	-2.0728	2.0807	-2.0807	2.0869	-2.0869	-2.0986	2.0986	2.1014	-2.1014	2.1174	-2.1174	-2.1223	2.1223	2.1285	-2.1285	-2.1391	2.1391	
0.42105	-1	-0.0062121	0.0062121	-0.03097	0.03097	-0.052884	0.052884	-0.074553	0.074553	-0.10892	0.10892	-0.13745	0.13745	-0.15233	0.15233	0.17065	-0.17065	-0.1911	0.1911	-0.23015	0.23015	-0.23634	0.23634	0.25783	-0.25783	-0.28625	0.28625	-0.32707	0.32707	-0.34609	0.34609	-0.37892	0.37892	-0.38826	0.38826	-0.41285	0.41285	-0.43567	0.43567	0.46418	-0.46418	-0.48315	0.48315	0.49435	-0.49435	-0.50223	0.50223	0.51647	-0.51647	-0.55373	0.55373	0.56151	-0.56151	-0.58129	0.58129	-0.60328	0.60328	-0.60714	0.60714	0.6148	-0.6148	0.62824	-0.62824	0.64056	-0.64056	-0.65534	0.65534	-0.66221	0.66221	-0.67057	0.67057	-0.67753	0.67753	-0.69609	0.69609	-0.72408	0.72408	-0.73214	0.73214	-0.73934	0.73934	-0.75379	0.75379	-0.76904	0.76904	0.77304	-0.77304	-0.78489	0.78489	0.79474	-0.79474	-0.81156	0.81156	0.82428	-0.82428	-0.83182	0.83182	0.83567	-0.83567	-0.8556	0.8556	-0.86463	0.86463	0.87527	-0.87527	0.8812	-0.8812	-0.88915	0.88915	-0.89743	0.89743	-0.90928	0.90928	-0.91599	0.91599	-0.92327	0.92327	-0.93189	0.93189	-0.94162	0.94162	-0.95254	0.95254	-0.95728	0.95728	0.96212	-0.96212	0.96997	-0.96997	-0.97762	0.97762	-0.98897	0.98897	0.99454	-0.99454	-0.99769	0.99769	1.0115	-1.0115	-1.0164	1.0164	-1.0315	1.0315	-1.04	1.04	1.0418	-1.0418	-1.052	1.052	-1.0581	1.0581	1.0678	-1.0678	1.0741	-1.0741	-1.0795	1.0795	-1.0848	1.0848	-1.0968	1.0968	-1.1067	1.1067	-1.1242	1.1242	-1.1286	1.1286	-1.1384	1.1384	1.145	-1.145	-1.1568	1.1568	-1.1604	1.1604	-1.1729	1.1729	-1.1806	1.1806	-1.1858	1.1858	-1.1961	1.1961	-1.2034	1.2034	1.2107	-1.2107	1.2274	-1.2274	-1.2446	1.2446	1.2524	-1.2524	-1.2606	1.2606	-1.2708	1.2708	1.2794	-1.2794	-1.2859	1.2859	-1.2949	1.2949	1.3093	-1.3093	-1.3141	1.3141	-1.3198	1.3198	1.336	-1.336	-1.3438	1.3438	-1.3507	1.3507	-1.3593	1.3593	-1.372	1.372	-1.3823	1.3823	1.3877	-1.3877	-1.3989	1.3989	1.4037	-1.4037	-1.4131	1.4131	-1.4199	1.4199	-1.4299	1.4299	1.4418	-1.4418	1.4501	-1.4501	1.4549	-1.4549	-1.4733	1.4733	-1.4766	1.4766	1.4833	-1.4833	-1.4904	1.4904	-1.4991	1.4991	1.506	-1.506	-1.5129	1.5129	-1.5257	1.5257	1.5343	-1.5343	-1.5384	1.5384	1.5484	-1.5484	1.5549	-1.5549	-1.5584	1.5584	-1.5701	1.5701	-1.5741	1.5741	-1.5847	1.5847	-1.5914	1.5914	1.6016	-1.6016	-1.6121	1.6121	1.616	-1.616	1.6275	-1.6275	-1.6316	1.6316	-1.6449	1.6449	1.6523	-1.6523	-1.6621	1.6621	1.6652	-1.6652	-1.6738	1.6738	-1.6809	1.6809	1.6944	-1.6944	1.7058	-1.7058	-1.7124	1.7124	-1.7189	1.7189	1.7282	-1.7282	-1.7387	1.7387	1.7517	-1.7517	-1.7555	1.7555	-1.7672	1.7672	1.7764	-1.7764	-1.7874	1.7874	-1.7934	1.7934	-1.8033	1.8033	-1.8106	1.8106	1.818	-1.818	-1.8262	1.8262	1.8362	-1.8362	-1.8441	1.8441	1.8557	-1.8557	-1.8676	1.8676	-1.8731	1.8731	1.8798	-1.8798	1.8937	-1.8937	1.8969	-1.8969	1.9047	-1.9047	-1.9194	1.9194	1.9242	-1.9242	1.9304	-1.9304	1.9411	-1.9411	-1.9445	1.9445	-1.9565	1.9565	-1.9628	1.9628	-1.9755	1.9755	1.9868	-1.9868	1.9902	-1.9902	-1.9944	1.9944	-2.0095	2.0095	-2.0195	2.0195	-2.0238	2.0238	-2.0324	2.0324	-2.0435	2.0435	-2.0514	2.0514	-2.0582	2.0582	-2.0675	2.0675	2.0728	-2.0728	-2.0806	2.0806	-2.0868	2.0868	-2.0985	2.0985	-2.1015	2.1015	-2.1174	2.1174	-2.1221	2.1221	-2.1286	2.1286	2.1389	-2.1389	
0.42105	-0.98	-0.004344	0.004344	-0.033346	0.033346	0.053611	-0.053611	0.069142	-0.069142	0.11079	-0.11079	0.13745	-0.13745	-0.15179	0.15179	0.16727	-0.16727	0.18373	-0.18373	-0.22632	0.22632	0.24109	-0.24109	-0.25774	0.25774	-0.29377	0.29377	0.3267	-0.3267	0.34764	-0.34764	0.37712	-0.37712	0.3894	-0.3894	-0.41526	0.41526	-0.43056	0.43056	0.4585	-0.4585	-0.48204	0.48204	0.48874	-0.48874	0.50368	-0.50368	-0.51038	0.51038	0.5508	-0.5508	0.55907	-0.55907	0.58004	-0.58004	0.60174	-0.60174	0.60517	-0.60517	-0.61328	0.61328	0.62746	-0.62746	-0.63947	0.63947	0.65279	-0.65279	0.66224	-0.66224	0.67233	-0.67233	0.68031	-0.68031	0.6931	-0.6931	0.72846	-0.72846	-0.73612	0.73612	0.7451	-0.7451	-0.75846	0.75846	0.77455	-0.77455	0.78125	-0.78125	-0.79015	0.79015	-0.79838	0.79838	0.81954	-0.81954	-0.82944	0.82944	-0.83523	0.83523	-0.83819	0.83819	-0.86095	0.86095	-0.86669	0.86669	-0.87732	0.87732	0.88344	-0.88344	-0.8916	0.8916	0.89918	-0.89918	-0.91127	0.91127	0.91666	-0.91666	0.92411	-0.92411	-0.93274	0.93274	0.94129	-0.94129	0.95215	-0.95215	-0.95773	0.95773	-0.96285	0.96285	0.97027	-0.97027	-0.97757	0.97757	0.98961	-0.98961	-0.99449	0.99449	-0.99778	0.99778	-1.0118	1.0118	1.0163	-1.0163	1.0309	-1.0309	-1.0395	1.0395	-1.0415	1.0415	1.0524	-1.0524	1.0579	-1.0579	1.0678	-1.0678	-1.0744	1.0744	1.0796	-1.0796	-1.0852	1.0852	-1.0972	1.0972	1.1073	-1.1073	1.1241	-1.1241	-1.1282	1.1282	-1.1383	1.1383	-1.1443	1.1443	-1.1569	1.1569	1.1603	-1.1603	1.1727	-1.1727	1.1805	-1.1805	1.1857	-1.1857	-1.1961	1.1961	-1.2034	1.2034	-1.2107	1.2107	1.2271	-1.2271	-1.2445	1.2445	1.2528	-1.2528	-1.2604	1.2604	-1.2706	1.2706	-1.2793	1.2793	-1.2858	1.2858	-1.2947	1.2947	-1.3091	1.3091	1.314	-1.314	1.3195	-1.3195	1.3358	-1.3358	1.344	-1.344	-1.3508	1.3508	1.3589	-1.3589	1.372	-1.372	1.3821	-1.3821	-1.3875	1.3875	-1.3988	1.3988	1.4037	-1.4037	-1.413	1.413	1.4199	-1.4199	1.4302	-1.4302	1.4423	-1.4423	1.4501	-1.4501	-1.4548	1.4548	1.4734	-1.4734	-1.4766	1.4766	-1.4834	1.4834	-1.4904	1.4904	-1.4992	1.4992	1.5058	-1.5058	-1.513	1.513	1.5254	-1.5254	-1.5343	1.5343	-1.5381	1.5381	1.5482	-1.5482	1.5549	-1.5549	-1.5584	1.5584	-1.5699	1.5699	1.5743	-1.5743	1.5851	-1.5851	-1.5912	1.5912	1.6016	-1.6016	1.6119	-1.6119	1.6159	-1.6159	-1.6276	1.6276	-1.6315	1.6315	-1.6448	1.6448	-1.6523	1.6523	1.6621	-1.6621	-1.6648	1.6648	1.6733	-1.6733	-1.681	1.681	1.6942	-1.6942	1.7056	-1.7056	1.7119	-1.7119	-1.7186	1.7186	-1.7279	1.7279	1.7386	-1.7386	1.7514	-1.7514	-1.7555	1.7555	1.7669	-1.7669	1.7754	-1.7754	-1.7873	1.7873	-1.7935	1.7935	-1.8032	1.8032	1.8103	-1.8103	1.8181	-1.8181	-1.8262	1.8262	1.8359	-1.8359	1.8438	-1.8438	1.8556	-1.8556	1.8676	-1.8676	1.8725	-1.8725	-1.8795	1.8795	1.8936	-1.8936	1.8969	-1.8969	-1.9049	1.9049	1.9193	-1.9193	-1.9241	1.9241	-1.9303	1.9303	1.941	-1.941	1.9443	-1.9443	-1.9566	1.9566	-1.9627	1.9627	1.9758	-1.9758	-1.9867	1.9867	-1.9902	1.9902	1.9943	-1.9943	-2.0094	2.0094	2.0196	-2.0196	2.0237	-2.0237	-2.0323	2.0323	-2.0435	2.0435	2.0514	-2.0514	-2.058	2.058	2.0675	-2.0675	2.0728	-2.0728	-2.0806	2.0806	-2.0867	2.0867	2.0984	-2.0984	2.1015	-2.1015	-2.1174	2.1174	2.122	-2.122	-2.1287	2.1287	-2.1386	2.1386	
0.42105	-0.96	-0.0018336	0.0018336	0.033365	-0.033365	0.052917	-0.052917	-0.064324	0.064324	-0.1112	0.1112	0.13308	-0.13308	0.14892	-0.14892	0.16107	-0.16107	-0.17901	0.17901	-0.21827	0.21827	0.24392	-0.24392	0.25965	-0.25965	0.30173	-0.30173	-0.32544	0.32544	-0.34962	0.34962	0.37526	-0.37526	0.39101	-0.39101	-0.41485	0.41485	-0.42687	0.42687	-0.45035	0.45035	0.4777	-0.4777	0.48582	-0.48582	0.50294	-0.50294	0.51104	-0.51104	-0.54903	0.54903	0.55639	-0.55639	0.57941	-0.57941	-0.59447	0.59447	0.60473	-0.60473	0.61282	-0.61282	0.62739	-0.62739	-0.63524	0.63524	-0.65245	0.65245	-0.66069	0.66069	0.67273	-0.67273	-0.68441	0.68441	0.69233	-0.69233	-0.72957	0.72957	0.74462	-0.74462	0.75056	-0.75056	-0.76177	0.76177	-0.78005	0.78005	-0.78543	0.78543	0.79696	-0.79696	0.80785	-0.80785	0.82743	-0.82743	-0.83403	0.83403	-0.84032	0.84032	-0.84666	0.84666	0.86521	-0.86521	-0.87213	0.87213	0.88128	-0.88128	-0.8875	0.8875	-0.89546	0.89546	0.90265	-0.90265	-0.91414	0.91414	-0.91817	0.91817	-0.9253	0.9253	0.93497	-0.93497	-0.94201	0.94201	0.95253	-0.95253	0.95861	-0.95861	-0.96399	0.96399	-0.97142	0.97142	-0.97842	0.97842	0.99066	-0.99066	0.99514	-0.99514	-0.99828	0.99828	-1.0123	1.0123	1.0166	-1.0166	1.0305	-1.0305	1.0394	-1.0394	1.0417	-1.0417	-1.053	1.053	-1.0583	1.0583	1.0682	-1.0682	-1.0747	1.0747	-1.0801	1.0801	1.0858	-1.0858	1.0978	-1.0978	1.1083	-1.1083	-1.1239	1.1239	-1.1283	1.1283	1.1383	-1.1383	-1.144	1.144	1.1572	-1.1572	1.1604	-1.1604	1.1727	-1.1727	-1.1804	1.1804	-1.1858	1.1858	-1.1962	1.1962	1.2034	-1.2034	-1.2109	1.2109	-1.2269	1.2269	-1.2445	1.2445	-1.2532	1.2532	1.2604	-1.2604	1.2705	-1.2705	-1.2792	1.2792	1.2858	-1.2858	-1.2945	1.2945	-1.309	1.309	1.3139	-1.3139	1.3193	-1.3193	-1.3356	1.3356	1.3442	-1.3442	-1.3509	1.3509	-1.3584	1.3584	1.3719	-1.3719	-1.382	1.382	-1.3874	1.3874	1.3987	-1.3987	-1.4037	1.4037	-1.4128	1.4128	1.4199	-1.4199	1.4304	-1.4304	-1.4428	1.4428	-1.4502	1.4502	1.4549	-1.4549	1.4734	-1.4734	1.4766	-1.4766	-1.4834	1.4834	1.4905	-1.4905	-1.4993	1.4993	1.5057	-1.5057	-1.513	1.513	1.5252	-1.5252	1.5342	-1.5342	-1.5378	1.5378	1.5481	-1.5481	1.5549	-1.5549	1.5585	-1.5585	-1.5697	1.5697	1.5745	-1.5745	-1.5854	1.5854	1.5909	-1.5909	-1.6016	1.6016	-1.6118	1.6118	1.6158	-1.6158	-1.6276	1.6276	-1.6315	1.6315	1.6446	-1.6446	-1.6524	1.6524	-1.6621	1.6621	1.6645	-1.6645	-1.6729	1.6729	-1.681	1.681	1.694	-1.694	-1.7053	1.7053	-1.7115	1.7115	1.7183	-1.7183	-1.7276	1.7276	-1.7386	1.7386	1.7511	-1.7511	-1.7554	1.7554	1.7666	-1.7666	1.7746	-1.7746	1.7872	-1.7872	1.7936	-1.7936	1.8031	-1.8031	1.8101	-1.8101	1.8182	-1.8182	-1.8262	1.8262	1.8355	-1.8355	1.8436	-1.8436	-1.8555	1.8555	1.8675	-1.8675	-1.872	1.872	-1.8792	1.8792	1.8936	-1.8936	1.8969	-1.8969	1.9052	-1.9052	-1.9192	1.9192	-1.924	1.924	-1.9302	1.9302	-1.9409	1.9409	-1.9443	1.9443	1.9566	-1.9566	1.9627	-1.9627	-1.9761	1.9761	-1.9865	1.9865	1.9903	-1.9903	1.9942	-1.9942	2.0094	-2.0094	-2.0197	2.0197	-2.0237	2.0237	2.0321	-2.0321	-2.0434	2.0434	2.0513	-2.0513	2.0578	-2.0578	-2.0675	2.0675	2.0728	-2.0728	-2.0805	2.0805	-2.0865	2.0865	2.0983	-2.0983	2.1016	-2.1016	2.1174	-2.1174	2.1218	-2.1218	-2.1288	2.1288	-2.1382	2.1382	
0.42105	-0.94	-0.00087303	0.00087303	0.030897	-0.030897	0.049736	-0.049736	0.060994	-0.060994	0.10953	-0.10953	0.12388	-0.12388	0.14173	-0.14173	-0.15651	0.15651	0.17851	-0.17851	-0.20814	0.20814	0.24455	-0.24455	0.26222	-0.26222	-0.3069	0.3069	0.32341	-0.32341	0.35038	-0.35038	0.37414	-0.37414	0.39189	-0.39189	0.41216	-0.41216	-0.42551	0.42551	0.43975	-0.43975	0.47274	-0.47274	-0.48324	0.48324	-0.5041	0.5041	-0.51427	0.51427	0.54707	-0.54707	-0.55545	0.55545	0.57782	-0.57782	-0.58849	0.58849	-0.60429	0.60429	0.61278	-0.61278	0.62768	-0.62768	0.63139	-0.63139	-0.65157	0.65157	0.65909	-0.65909	-0.67284	0.67284	0.68705	-0.68705	-0.69565	0.69565	-0.72977	0.72977	-0.75339	0.75339	0.75526	-0.75526	-0.76574	0.76574	0.78297	-0.78297	0.79115	-0.79115	-0.80318	0.80318	0.81858	-0.81858	0.8342	-0.8342	-0.83938	0.83938	0.84753	-0.84753	-0.85787	0.85787	0.86843	-0.86843	0.87864	-0.87864	-0.88753	0.88753	0.89355	-0.89355	-0.90128	0.90128	0.90778	-0.90778	-0.918	0.918	-0.92117	0.92117	-0.92714	0.92714	-0.93805	0.93805	0.94419	-0.94419	-0.95378	0.95378	0.96017	-0.96017	0.96508	-0.96508	0.97365	-0.97365	0.98048	-0.98048	0.99216	-0.99216	0.99639	-0.99639	-0.99933	0.99933	1.013	-1.013	-1.0175	1.0175	-1.0303	1.0303	-1.04	1.04	1.0425	-1.0425	-1.0536	1.0536	-1.0593	1.0593	-1.0691	1.0691	-1.0752	1.0752	-1.081	1.081	1.0867	-1.0867	-1.0987	1.0987	-1.1095	1.1095	1.1238	-1.1238	1.129	-1.129	-1.1383	1.1383	1.144	-1.144	-1.1576	1.1576	1.1607	-1.1607	-1.1727	1.1727	1.1804	-1.1804	1.1862	-1.1862	-1.1965	1.1965	1.2036	-1.2036	-1.2111	1.2111	1.2269	-1.2269	1.2446	-1.2446	1.2537	-1.2537	1.2605	-1.2605	-1.2704	1.2704	1.2793	-1.2793	1.2859	-1.2859	1.2943	-1.2943	-1.3089	1.3089	-1.3138	1.3138	-1.3192	1.3192	-1.3355	1.3355	1.3445	-1.3445	1.351	-1.351	1.3581	-1.3581	-1.3719	1.3719	1.3819	-1.3819	-1.3873	1.3873	-1.3987	1.3987	-1.4038	1.4038	-1.4127	1.4127	1.42	-1.42	1.4307	-1.4307	1.4433	-1.4433	1.4503	-1.4503	1.4549	-1.4549	1.4734	-1.4734	1.4767	-1.4767	1.4834	-1.4834	-1.4906	1.4906	1.4994	-1.4994	1.5055	-1.5055	-1.5131	1.5131	1.5249	-1.5249	-1.5342	1.5342	-1.5375	1.5375	1.548	-1.548	1.5549	-1.5549	1.5585	-1.5585	-1.5696	1.5696	1.5747	-1.5747	-1.5857	1.5857	-1.5907	1.5907	1.6016	-1.6016	-1.6116	1.6116	-1.6157	1.6157	1.6277	-1.6277	-1.6314	1.6314	1.6444	-1.6444	-1.6524	1.6524	-1.6621	1.6621	1.6642	-1.6642	-1.6726	1.6726	-1.681	1.681	1.6938	-1.6938	1.705	-1.705	1.711	-1.711	1.718	-1.718	-1.7273	1.7273	-1.7386	1.7386	-1.7508	1.7508	1.7554	-1.7554	1.7662	-1.7662	1.7739	-1.7739	-1.7871	1.7871	1.7937	-1.7937	-1.8031	1.8031	1.8098	-1.8098	-1.8183	1.8183	1.8262	-1.8262	-1.8351	1.8351	1.8434	-1.8434	-1.8554	1.8554	-1.8674	1.8674	1.8716	-1.8716	1.8788	-1.8788	-1.8936	1.8936	-1.8969	1.8969	-1.9054	1.9054	-1.919	1.919	1.9239	-1.9239	1.9301	-1.9301	1.9407	-1.9407	-1.9443	1.9443	-1.9567	1.9567	1.9626	-1.9626	-1.9764	1.9764	-1.9863	1.9863	-1.9903	1.9903	-1.9941	1.9941	-2.0093	2.0093	-2.0197	2.0197	-2.0237	2.0237	2.032	-2.032	2.0433	-2.0433	-2.0512	2.0512	-2.0576	2.0576	-2.0675	2.0675	2.0728	-2.0728	2.0804	-2.0804	2.0864	-2.0864	2.0982	-2.0982	-2.1017	2.1017	-2.1174	2.1174	-2.1216	2.1216	2.1289	-2.1289	2.1379	-2.1379	
0.42105	-0.92	-0.0028391	0.0028391	-0.026417	0.026417	-0.044564	0.044564	-0.058781	0.058781	-0.10493	0.10493	-0.11217	0.11217	-0.12964	0.12964	0.15753	-0.15753	0.17929	-0.17929	0.19787	-0.19787	-0.24365	0.24365	-0.26485	0.26485	-0.30625	0.30625	-0.32024	0.32024	-0.34889	0.34889	-0.37328	0.37328	0.39121	-0.39121	-0.4086	0.4086	0.42442	-0.42442	-0.43022	0.43022	-0.46579	0.46579	0.48403	-0.48403	-0.50699	0.50699	0.51771	-0.51771	0.54443	-0.54443	-0.55649	0.55649	-0.57343	0.57343	0.58854	-0.58854	-0.60433	0.60433	-0.61332	0.61332	0.62631	-0.62631	-0.63123	0.63123	0.64998	-0.64998	-0.65838	0.65838	-0.67331	0.67331	-0.68898	0.68898	-0.70173	0.70173	-0.72996	0.72996	-0.75708	0.75708	0.76271	-0.76271	0.77068	-0.77068	-0.7844	0.7844	-0.79839	0.79839	0.81023	-0.81023	-0.82581	0.82581	-0.83919	0.83919	0.8484	-0.8484	-0.85427	0.85427	-0.86672	0.86672	-0.87463	0.87463	0.88463	-0.88463	0.89494	-0.89494	-0.90009	0.90009	-0.90869	0.90869	-0.91502	0.91502	-0.92175	0.92175	-0.92739	0.92739	-0.93064	0.93064	0.94149	-0.94149	-0.9478	0.9478	-0.95605	0.95605	-0.96294	0.96294	-0.96611	0.96611	-0.97705	0.97705	-0.98408	0.98408	-0.994	0.994	-0.99812	0.99812	-1.0013	1.0013	-1.0141	1.0141	-1.0191	1.0191	-1.0306	1.0306	1.0415	-1.0415	-1.0439	1.0439	-1.0542	1.0542	-1.0611	1.0611	-1.0703	1.0703	-1.0759	1.0759	1.0824	-1.0824	1.0882	-1.0882	-1.1	1.1	-1.1111	1.1111	-1.1238	1.1238	-1.1302	1.1302	1.1384	-1.1384	-1.1444	1.1444	1.1582	-1.1582	-1.1612	1.1612	-1.1729	1.1729	-1.1805	1.1805	1.1868	-1.1868	-1.1969	1.1969	1.204	-1.204	-1.2116	1.2116	1.2269	-1.2269	-1.2448	1.2448	-1.2543	1.2543	-1.2608	1.2608	-1.2705	1.2705	-1.2794	1.2794	-1.2861	1.2861	1.2942	-1.2942	-1.3089	1.3089	-1.3138	1.3138	1.3192	-1.3192	1.3355	-1.3355	-1.3448	1.3448	1.3512	-1.3512	-1.3578	1.3578	-1.3719	1.3719	-1.3819	1.3819	-1.3873	1.3873	1.3986	-1.3986	-1.4038	1.4038	1.4126	-1.4126	-1.4201	1.4201	1.431	-1.431	-1.4438	1.4438	1.4505	-1.4505	-1.4551	1.4551	-1.4734	1.4734	-1.4767	1.4767	-1.4833	1.4833	-1.4906	1.4906	1.4995	-1.4995	-1.5054	1.5054	1.5131	-1.5131	-1.5247	1.5247	1.5341	-1.5341	1.5373	-1.5373	1.5478	-1.5478	-1.5548	1.5548	-1.5586	1.5586	1.5694	-1.5694	-1.575	1.575	-1.5861	1.5861	-1.5906	1.5906	1.6016	-1.6016	1.6114	-1.6114	-1.6156	1.6156	-1.6279	1.6279	-1.6314	1.6314	1.6443	-1.6443	1.6524	-1.6524	-1.6622	1.6622	1.6639	-1.6639	1.6724	-1.6724	-1.681	1.681	-1.6936	1.6936	-1.7047	1.7047	-1.7106	1.7106	-1.7177	1.7177	-1.727	1.727	-1.7385	1.7385	-1.7504	1.7504	-1.7555	1.7555	-1.7658	1.7658	-1.7733	1.7733	-1.787	1.787	1.7938	-1.7938	-1.803	1.803	1.8096	-1.8096	-1.8183	1.8183	-1.8262	1.8262	1.8346	-1.8346	1.8432	-1.8432	-1.8553	1.8553	-1.8672	1.8672	-1.8712	1.8712	1.8785	-1.8785	1.8936	-1.8936	-1.8969	1.8969	1.9057	-1.9057	-1.9188	1.9188	-1.9238	1.9238	-1.9301	1.9301	-1.9405	1.9405	-1.9444	1.9444	-1.9568	1.9568	-1.9625	1.9625	-1.9767	1.9767	-1.986	1.986	-1.9902	1.9902	-1.9941	1.9941	-2.0093	2.0093	-2.0197	2.0197	2.0237	-2.0237	2.0319	-2.0319	-2.0432	2.0432	2.0512	-2.0512	-2.0574	2.0574	-2.0675	2.0675	2.0729	-2.0729	2.0803	-2.0803	2.0862	-2.0862	-2.098	2.098	2.1017	-2.1017	2.1174	-2.1174	2.1214	-2.1214	-2.129	2.129	-2.1375	2.1375	
0.42105	-0.9	-0.0030002	0.0030002	-0.021329	0.021329	-0.038603	0.038603	0.056824	-0.056824	0.095458	-0.095458	0.10181	-0.10181	0.11816	-0.11816	0.15889	-0.15889	-0.1787	0.1787	-0.19151	0.19151	0.24158	-0.24158	-0.26704	0.26704	0.30033	-0.30033	-0.31475	0.31475	0.34525	-0.34525	-0.37015	0.37015	-0.38722	0.38722	-0.4028	0.4028	-0.42104	0.42104	0.42733	-0.42733	0.46054	-0.46054	0.48672	-0.48672	0.50856	-0.50856	-0.52164	0.52164	-0.54345	0.54345	0.5584	-0.5584	-0.5709	0.5709	0.59174	-0.59174	0.60575	-0.60575	0.61399	-0.61399	-0.62528	0.62528	-0.63384	0.63384	0.64918	-0.64918	-0.65832	0.65832	-0.67431	0.67431	-0.69125	0.69125	-0.70913	0.70913	-0.73044	0.73044	-0.75945	0.75945	0.76946	-0.76946	-0.77557	0.77557	-0.7866	0.7866	-0.8047	0.8047	-0.81829	0.81829	0.83054	-0.83054	-0.8439	0.8439	-0.85667	0.85667	-0.86003	0.86003	-0.87148	0.87148	0.88446	-0.88446	-0.89094	0.89094	0.90172	-0.90172	-0.90588	0.90588	0.91664	-0.91664	-0.92348	0.92348	-0.92568	0.92568	0.93388	-0.93388	-0.93947	0.93947	0.94548	-0.94548	0.95221	-0.95221	0.95934	-0.95934	-0.96676	0.96676	0.96805	-0.96805	0.98223	-0.98223	0.98901	-0.98901	0.99619	-0.99619	-1.0002	1.0002	1.0045	-1.0045	-1.0156	1.0156	-1.0216	1.0216	-1.0314	1.0314	-1.044	1.044	-1.0459	1.0459	-1.0548	1.0548	-1.0636	1.0636	-1.0721	1.0721	1.077	-1.077	-1.0841	1.0841	-1.0904	1.0904	1.1017	-1.1017	-1.1131	1.1131	1.1238	-1.1238	1.132	-1.132	-1.1386	1.1386	-1.1454	1.1454	1.1591	-1.1591	1.1619	-1.1619	1.1732	-1.1732	1.1807	-1.1807	-1.1876	1.1876	1.1975	-1.1975	1.2045	-1.2045	1.2121	-1.2121	-1.2271	1.2271	-1.2451	1.2451	1.2549	-1.2549	1.2613	-1.2613	-1.2707	1.2707	-1.2797	1.2797	1.2864	-1.2864	-1.2942	1.2942	1.3089	-1.3089	-1.3139	1.3139	-1.3193	1.3193	1.3355	-1.3355	1.3452	-1.3452	1.3514	-1.3514	1.3576	-1.3576	1.3719	-1.3719	-1.3819	1.3819	-1.3874	1.3874	1.3987	-1.3987	1.4039	-1.4039	1.4126	-1.4126	1.4203	-1.4203	-1.4312	1.4312	-1.4443	1.4443	-1.4507	1.4507	-1.4553	1.4553	1.4733	-1.4733	1.4769	-1.4769	-1.4832	1.4832	-1.4907	1.4907	-1.4996	1.4996	-1.5054	1.5054	-1.5132	1.5132	-1.5245	1.5245	1.534	-1.534	-1.5371	1.5371	1.5477	-1.5477	1.5548	-1.5548	-1.5587	1.5587	1.5694	-1.5694	1.5754	-1.5754	-1.5864	1.5864	-1.5904	1.5904	1.6016	-1.6016	-1.6111	1.6111	-1.6155	1.6155	1.628	-1.628	1.6314	-1.6314	1.6442	-1.6442	-1.6525	1.6525	1.6622	-1.6622	1.6637	-1.6637	-1.6722	1.6722	-1.6811	1.6811	1.6934	-1.6934	-1.7044	1.7044	-1.7102	1.7102	1.7175	-1.7175	-1.7268	1.7268	-1.7385	1.7385	1.7501	-1.7501	-1.7555	1.7555	-1.7654	1.7654	1.7728	-1.7728	1.7869	-1.7869	1.794	-1.794	-1.803	1.803	1.8093	-1.8093	1.8184	-1.8184	-1.8262	1.8262	-1.834	1.834	-1.8431	1.8431	-1.8552	1.8552	1.867	-1.867	1.8709	-1.8709	1.8781	-1.8781	-1.8936	1.8936	1.8969	-1.8969	1.9059	-1.9059	1.9186	-1.9186	-1.9237	1.9237	1.9302	-1.9302	1.9402	-1.9402	-1.9446	1.9446	1.9569	-1.9569	-1.9625	1.9625	1.977	-1.977	1.9857	-1.9857	-1.9902	1.9902	1.994	-1.994	-2.0093	2.0093	-2.0196	2.0196	2.0238	-2.0238	2.0317	-2.0317	2.0431	-2.0431	-2.0511	2.0511	-2.0572	2.0572	2.0675	-2.0675	-2.0729	2.0729	-2.0803	2.0803	-2.0861	2.0861	-2.0979	2.0979	-2.1018	2.1018	-2.1173	2.1173	-2.1213	2.1213	2.1291	-2.1291	2.1371	-2.1371	
0.42105	-0.88	0.0022681	-0.0022681	0.018489	-0.018489	0.032424	-0.032424	0.054514	-0.054514	0.082882	-0.082882	0.092894	-0.092894	0.1112	-0.1112	0.15389	-0.15389	0.18014	-0.18014	0.1904	-0.1904	0.23874	-0.23874	0.2673	-0.2673	0.29282	-0.29282	0.30636	-0.30636	0.33958	-0.33958	0.36234	-0.36234	0.37853	-0.37853	0.39723	-0.39723	0.41276	-0.41276	0.42943	-0.42943	0.46202	-0.46202	0.48691	-0.48691	0.50813	-0.50813	0.5276	-0.5276	0.54724	-0.54724	0.56107	-0.56107	0.57185	-0.57185	0.59551	-0.59551	0.60876	-0.60876	-0.61527	0.61527	0.62632	-0.62632	0.63796	-0.63796	0.65013	-0.65013	0.65876	-0.65876	0.67594	-0.67594	-0.69388	0.69388	0.71744	-0.71744	0.73145	-0.73145	-0.76175	0.76175	0.77421	-0.77421	-0.7806	0.7806	-0.79018	0.79018	0.80979	-0.80979	0.82592	-0.82592	0.83458	-0.83458	0.84861	-0.84861	0.86168	-0.86168	0.86493	-0.86493	0.87683	-0.87683	0.89141	-0.89141	0.89906	-0.89906	0.90655	-0.90655	0.91115	-0.91115	0.9234	-0.9234	0.92982	-0.92982	0.93336	-0.93336	0.94007	-0.94007	0.94934	-0.94934	0.95143	-0.95143	0.95776	-0.95776	0.96406	-0.96406	0.96909	-0.96909	0.97377	-0.97377	0.98975	-0.98975	0.99416	-0.99416	0.99958	-0.99958	1.0032	-1.0032	1.009	-1.009	1.0179	-1.0179	1.0248	-1.0248	-1.0332	1.0332	1.0475	-1.0475	1.0487	-1.0487	1.0556	-1.0556	1.0668	-1.0668	1.0745	-1.0745	1.0786	-1.0786	1.0862	-1.0862	1.0933	-1.0933	1.1041	-1.1041	1.1156	-1.1156	1.124	-1.124	1.1345	-1.1345	1.139	-1.139	1.1469	-1.1469	1.1602	-1.1602	1.1629	-1.1629	1.1736	-1.1736	1.1811	-1.1811	1.1887	-1.1887	1.1983	-1.1983	1.2052	-1.2052	1.2129	-1.2129	1.2274	-1.2274	1.2456	-1.2456	1.2556	-1.2556	1.262	-1.262	1.271	-1.271	1.28	-1.28	1.2868	-1.2868	1.2943	-1.2943	1.309	-1.309	1.314	-1.314	1.3196	-1.3196	1.3356	-1.3356	1.3456	-1.3456	1.3517	-1.3517	1.3575	-1.3575	1.372	-1.372	1.3819	-1.3819	1.3876	-1.3876	1.3987	-1.3987	1.404	-1.404	1.4126	-1.4126	-1.4206	1.4206	1.4315	-1.4315	1.4448	-1.4448	1.4509	-1.4509	1.4555	-1.4555	-1.4733	1.4733	-1.477	1.477	1.4831	-1.4831	1.4908	-1.4908	1.4998	-1.4998	-1.5053	1.5053	1.5133	-1.5133	1.5243	-1.5243	1.5339	-1.5339	1.537	-1.537	1.5476	-1.5476	1.5547	-1.5547	-1.5588	1.5588	1.5693	-1.5693	-1.5758	1.5758	1.5867	-1.5867	1.5903	-1.5903	1.6017	-1.6017	1.6109	-1.6109	-1.6153	1.6153	-1.6282	1.6282	1.6315	-1.6315	1.6441	-1.6441	1.6525	-1.6525	-1.6622	1.6622	1.6635	-1.6635	1.6721	-1.6721	-1.6811	1.6811	1.6932	-1.6932	1.704	-1.704	1.7097	-1.7097	1.7173	-1.7173	1.7266	-1.7266	1.7384	-1.7384	1.7497	-1.7497	1.7555	-1.7555	1.765	-1.765	1.7724	-1.7724	1.7868	-1.7868	1.7942	-1.7942	1.803	-1.803	1.8091	-1.8091	1.8184	-1.8184	1.8263	-1.8263	1.8335	-1.8335	1.843	-1.843	1.8551	-1.8551	1.8667	-1.8667	1.8707	-1.8707	1.8778	-1.8778	1.8936	-1.8936	1.8969	-1.8969	1.9062	-1.9062	1.9183	-1.9183	1.9236	-1.9236	1.9302	-1.9302	1.94	-1.94	-1.9448	1.9448	1.9569	-1.9569	1.9625	-1.9625	-1.9773	1.9773	1.9853	-1.9853	-1.9901	1.9901	1.9941	-1.9941	2.0093	-2.0093	2.0195	-2.0195	2.0239	-2.0239	2.0316	-2.0316	-2.0431	2.0431	2.051	-2.051	-2.057	2.057	2.0675	-2.0675	2.0729	-2.0729	2.0802	-2.0802	-2.0859	2.0859	2.0977	-2.0977	2.1018	-2.1018	2.1173	-2.1173	2.1211	-2.1211	-2.1292	2.1292	2.1366	-2.1366	
0.42105	-0.86	-0.003919	0.003919	0.020222	-0.020222	-0.027843	0.027843	0.050599	-0.050599	0.072452	-0.072452	0.084055	-0.084055	0.11049	-0.11049	0.1438	-0.1438	-0.18537	0.18537	-0.18992	0.18992	-0.23578	0.23578	-0.26294	0.26294	0.2879	-0.2879	-0.2958	0.2958	0.33194	-0.33194	-0.34912	0.34912	0.37023	-0.37023	-0.38938	0.38938	-0.40185	0.40185	0.43199	-0.43199	0.46704	-0.46704	0.4834	-0.4834	0.51172	-0.51172	0.53484	-0.53484	0.55575	-0.55575	-0.56481	0.56481	-0.57551	0.57551	0.59863	-0.59863	-0.61192	0.61192	0.61902	-0.61902	0.62987	-0.62987	-0.64323	0.64323	0.65266	-0.65266	-0.66008	0.66008	-0.67839	0.67839	-0.69678	0.69678	-0.7255	0.7255	-0.73401	0.73401	0.76396	-0.76396	0.77729	-0.77729	-0.78623	0.78623	-0.79486	0.79486	0.81404	-0.81404	-0.83183	0.83183	0.83877	-0.83877	-0.85267	0.85267	0.86468	-0.86468	0.86886	-0.86886	-0.88358	0.88358	-0.89549	0.89549	-0.9066	0.9066	-0.9101	0.9101	0.91633	-0.91633	0.92663	-0.92663	-0.93746	0.93746	-0.94106	0.94106	0.94587	-0.94587	0.95459	-0.95459	-0.95946	0.95946	0.96491	-0.96491	-0.97095	0.97095	-0.97306	0.97306	-0.98155	0.98155	-0.99588	0.99588	-0.99966	0.99966	-1.0056	1.0056	1.0079	-1.0079	1.0153	-1.0153	1.0218	-1.0218	1.0284	-1.0284	1.0366	-1.0366	-1.0517	1.0517	1.0526	-1.0526	1.0568	-1.0568	-1.0701	1.0701	1.0774	-1.0774	-1.0811	1.0811	1.089	-1.089	-1.0971	1.0971	-1.107	1.107	1.1186	-1.1186	1.1245	-1.1245	1.1374	-1.1374	-1.14	1.14	1.149	-1.149	1.1616	-1.1616	-1.1643	1.1643	1.1743	-1.1743	1.1818	-1.1818	1.1901	-1.1901	-1.1993	1.1993	-1.2061	1.2061	1.214	-1.214	1.228	-1.228	-1.2462	1.2462	1.2563	-1.2563	-1.263	1.263	-1.2714	1.2714	-1.2804	1.2804	1.2874	-1.2874	1.2944	-1.2944	1.3091	-1.3091	-1.3141	1.3141	-1.32	1.32	1.3358	-1.3358	1.346	-1.346	-1.352	1.352	1.3575	-1.3575	-1.3721	1.3721	1.382	-1.382	1.3879	-1.3879	-1.3987	1.3987	1.4042	-1.4042	1.4126	-1.4126	1.4209	-1.4209	1.4319	-1.4319	-1.4453	1.4453	-1.4512	1.4512	-1.4559	1.4559	-1.4732	1.4732	1.4772	-1.4772	1.4829	-1.4829	-1.4909	1.4909	-1.5001	1.5001	-1.5053	1.5053	-1.5135	1.5135	1.5242	-1.5242	1.5339	-1.5339	1.537	-1.537	1.5475	-1.5475	1.5545	-1.5545	-1.559	1.559	1.5693	-1.5693	-1.5762	1.5762	1.5869	-1.5869	-1.5902	1.5902	-1.6017	1.6017	-1.6106	1.6106	1.6151	-1.6151	-1.6283	1.6283	-1.6316	1.6316	1.644	-1.644	-1.6525	1.6525	-1.6622	1.6622	-1.6634	1.6634	1.672	-1.672	-1.6812	1.6812	1.6931	-1.6931	-1.7037	1.7037	1.7094	-1.7094	-1.7171	1.7171	-1.7264	1.7264	1.7384	-1.7384	-1.7493	1.7493	-1.7554	1.7554	-1.7646	1.7646	1.7721	-1.7721	-1.7867	1.7867	-1.7944	1.7944	-1.803	1.803	-1.8088	1.8088	1.8184	-1.8184	-1.8264	1.8264	-1.8329	1.8329	1.8429	-1.8429	1.855	-1.855	-1.8664	1.8664	1.8705	-1.8705	-1.8775	1.8775	-1.8936	1.8936	-1.897	1.897	1.9065	-1.9065	-1.9181	1.9181	-1.9235	1.9235	-1.9303	1.9303	1.9397	-1.9397	-1.945	1.945	-1.957	1.957	-1.9624	1.9624	-1.9777	1.9777	1.9849	-1.9849	-1.99	1.99	-1.9941	1.9941	2.0094	-2.0094	2.0193	-2.0193	2.0241	-2.0241	-2.0315	2.0315	2.043	-2.043	2.0509	-2.0509	-2.0568	2.0568	-2.0675	2.0675	2.0729	-2.0729	2.0801	-2.0801	-2.0858	2.0858	-2.0975	2.0975	-2.1019	2.1019	2.1172	-2.1172	-2.1209	2.1209	-2.1293	2.1293	2.1362	-2.1362	
0.42105	-0.84	-0.0053424	0.0053424	0.023288	-0.023288	0.028655	-0.028655	0.045963	-0.045963	-0.066908	0.066908	0.078251	-0.078251	0.11421	-0.11421	-0.13408	0.13408	-0.18759	0.18759	0.19027	-0.19027	0.2335	-0.2335	-0.25463	0.25463	-0.28146	0.28146	0.28816	-0.28816	0.32241	-0.32241	-0.33382	0.33382	0.36292	-0.36292	0.37732	-0.37732	-0.39294	0.39294	0.43145	-0.43145	0.46398	-0.46398	-0.48944	0.48944	-0.51949	0.51949	-0.54215	0.54215	-0.56719	0.56719	0.56981	-0.56981	0.58135	-0.58135	-0.60119	0.60119	0.61504	-0.61504	0.62341	-0.62341	-0.63765	0.63765	0.64925	-0.64925	0.65574	-0.65574	-0.66302	0.66302	0.682	-0.682	0.69998	-0.69998	-0.73022	0.73022	0.74078	-0.74078	-0.76599	0.76599	-0.78007	0.78007	0.79197	-0.79197	-0.80021	0.80021	0.81777	-0.81777	0.83618	-0.83618	0.84319	-0.84319	0.85565	-0.85565	0.86669	-0.86669	0.87225	-0.87225	0.89062	-0.89062	0.89862	-0.89862	0.91178	-0.91178	0.91337	-0.91337	0.92111	-0.92111	0.92907	-0.92907	0.943	-0.943	-0.94681	0.94681	-0.95112	0.95112	0.96024	-0.96024	0.96427	-0.96427	-0.97145	0.97145	0.97816	-0.97816	0.98112	-0.98112	0.99019	-0.99019	0.99922	-0.99922	-1.0059	1.0059	-1.0109	1.0109	-1.016	1.016	-1.0226	1.0226	-1.0297	1.0297	1.0329	-1.0329	-1.042	1.042	-1.056	1.056	1.0572	-1.0572	1.0597	-1.0597	1.0736	-1.0736	1.0808	-1.0808	1.0845	-1.0845	1.093	-1.093	1.1019	-1.1019	-1.1106	1.1106	-1.1222	1.1222	-1.1255	1.1255	-1.1396	1.1396	1.1431	-1.1431	1.1519	-1.1519	-1.1634	1.1634	1.1663	-1.1663	-1.1752	1.1752	1.1827	-1.1827	1.1919	-1.1919	1.2007	-1.2007	1.2074	-1.2074	-1.2153	1.2153	-1.2287	1.2287	-1.247	1.247	1.257	-1.257	-1.2643	1.2643	-1.272	1.272	1.281	-1.281	1.2882	-1.2882	1.2947	-1.2947	-1.3093	1.3093	-1.3144	1.3144	-1.3206	1.3206	1.336	-1.336	1.3465	-1.3465	1.3523	-1.3523	1.3576	-1.3576	1.3723	-1.3723	1.3822	-1.3822	-1.3883	1.3883	-1.3988	1.3988	1.4044	-1.4044	1.4128	-1.4128	1.4213	-1.4213	-1.4322	1.4322	-1.4457	1.4457	1.4515	-1.4515	-1.4565	1.4565	1.4731	-1.4731	1.4774	-1.4774	-1.4827	1.4827	1.491	-1.491	-1.5003	1.5003	-1.5053	1.5053	-1.5136	1.5136	1.524	-1.524	1.5338	-1.5338	1.537	-1.537	-1.5474	1.5474	1.5544	-1.5544	-1.5592	1.5592	1.5694	-1.5694	1.5766	-1.5766	-1.5872	1.5872	-1.5902	1.5902	1.6018	-1.6018	-1.6104	1.6104	1.6149	-1.6149	1.6284	-1.6284	1.6318	-1.6318	1.644	-1.644	-1.6526	1.6526	-1.6622	1.6622	1.6634	-1.6634	1.6719	-1.6719	-1.6812	1.6812	1.6929	-1.6929	1.7033	-1.7033	1.709	-1.709	-1.717	1.717	-1.7263	1.7263	1.7383	-1.7383	-1.7489	1.7489	-1.7554	1.7554	-1.7642	1.7642	-1.7718	1.7718	-1.7866	1.7866	1.7946	-1.7946	1.803	-1.803	1.8085	-1.8085	-1.8184	1.8184	1.8264	-1.8264	1.8324	-1.8324	1.8429	-1.8429	-1.8549	1.8549	1.866	-1.866	-1.8704	1.8704	1.8772	-1.8772	1.8936	-1.8936	1.897	-1.897	1.9068	-1.9068	1.9178	-1.9178	1.9234	-1.9234	-1.9303	1.9303	-1.9394	1.9394	1.9453	-1.9453	1.9571	-1.9571	-1.9624	1.9624	1.978	-1.978	-1.9845	1.9845	1.9899	-1.9899	1.9942	-1.9942	2.0094	-2.0094	-2.019	2.019	-2.0242	2.0242	-2.0314	2.0314	2.0428	-2.0428	-2.0508	2.0508	-2.0566	2.0566	2.0674	-2.0674	-2.0729	2.0729	2.08	-2.08	-2.0856	2.0856	-2.0973	2.0973	2.1019	-2.1019	-2.1171	2.1171	-2.1208	2.1208	2.1293	-2.1293	-2.1357	2.1357	
0.42105	-0.82	0.0035364	-0.0035364	0.024499	-0.024499	0.034114	-0.034114	0.045635	-0.045635	0.066209	-0.066209	-0.079228	0.079228	0.11551	-0.11551	-0.13122	0.13122	0.1827	-0.1827	0.19238	-0.19238	0.23127	-0.23127	-0.2471	0.2471	-0.2684	0.2684	0.28572	-0.28572	0.3102	-0.3102	0.32046	-0.32046	0.35578	-0.35578	-0.36365	0.36365	-0.38644	0.38644	-0.42592	0.42592	-0.45915	0.45915	0.5026	-0.5026	0.529	-0.529	0.54961	-0.54961	-0.57388	0.57388	0.58144	-0.58144	0.58912	-0.58912	-0.60399	0.60399	0.61891	-0.61891	0.6272	-0.6272	0.64833	-0.64833	-0.65555	0.65555	0.65974	-0.65974	0.66769	-0.66769	0.68705	-0.68705	-0.70371	0.70371	0.73284	-0.73284	0.74987	-0.74987	-0.76796	0.76796	0.78338	-0.78338	-0.79755	0.79755	-0.80585	0.80585	0.82134	-0.82134	0.83968	-0.83968	-0.84764	0.84764	-0.85769	0.85769	0.86829	-0.86829	0.87524	-0.87524	-0.89633	0.89633	-0.90152	0.90152	-0.91529	0.91529	0.91694	-0.91694	-0.92502	0.92502	-0.93186	0.93186	-0.94599	0.94599	-0.9503	0.9503	0.9558	-0.9558	-0.96575	0.96575	-0.96846	0.96846	0.97639	-0.97639	-0.98438	0.98438	-0.991	0.991	-0.99587	0.99587	-1.0041	1.0041	-1.0115	1.0115	-1.0166	1.0166	-1.0243	1.0243	-1.0294	1.0294	1.0371	-1.0371	-1.0435	1.0435	-1.049	1.049	-1.0592	1.0592	1.0622	-1.0622	1.066	-1.066	-1.0771	1.0771	-1.0852	1.0852	1.0883	-1.0883	-1.0984	1.0984	-1.1082	1.1082	-1.1146	1.1146	1.125	-1.125	-1.1287	1.1287	-1.1414	1.1414	1.148	-1.148	1.1553	-1.1553	1.1659	-1.1659	1.1692	-1.1692	-1.1766	1.1766	1.1842	-1.1842	1.1942	-1.1942	1.2027	-1.2027	-1.2092	1.2092	-1.2171	1.2171	1.2296	-1.2296	1.2481	-1.2481	1.2579	-1.2579	1.2658	-1.2658	-1.2729	1.2729	-1.2816	1.2816	1.2892	-1.2892	-1.2951	1.2951	1.3096	-1.3096	-1.3149	1.3149	1.3214	-1.3214	-1.3363	1.3363	1.3471	-1.3471	1.3526	-1.3526	1.3578	-1.3578	-1.3725	1.3725	-1.3824	1.3824	1.3887	-1.3887	-1.3989	1.3989	1.4047	-1.4047	1.4129	-1.4129	1.4218	-1.4218	-1.4325	1.4325	1.4461	-1.4461	-1.4519	1.4519	1.4572	-1.4572	1.4731	-1.4731	1.4777	-1.4777	1.4825	-1.4825	-1.4911	1.4911	-1.5006	1.5006	-1.5054	1.5054	1.5138	-1.5138	-1.5239	1.5239	1.5338	-1.5338	-1.537	1.537	1.5473	-1.5473	-1.5543	1.5543	-1.5593	1.5593	1.5696	-1.5696	1.5771	-1.5771	-1.5874	1.5874	1.5902	-1.5902	1.6019	-1.6019	1.6102	-1.6102	-1.6147	1.6147	-1.6284	1.6284	-1.632	1.632	-1.6439	1.6439	1.6526	-1.6526	1.6622	-1.6622	-1.6635	1.6635	-1.6719	1.6719	1.6813	-1.6813	1.6928	-1.6928	1.7029	-1.7029	1.7087	-1.7087	-1.7168	1.7168	-1.7262	1.7262	-1.7383	1.7383	1.7485	-1.7485	-1.7554	1.7554	1.7639	-1.7639	1.7717	-1.7717	-1.7865	1.7865	-1.7948	1.7948	1.803	-1.803	1.8082	-1.8082	1.8183	-1.8183	1.8265	-1.8265	1.8318	-1.8318	-1.8428	1.8428	1.8548	-1.8548	-1.8657	1.8657	1.8703	-1.8703	1.8768	-1.8768	-1.8937	1.8937	-1.897	1.897	1.9071	-1.9071	1.9175	-1.9175	-1.9232	1.9232	1.9305	-1.9305	-1.9391	1.9391	-1.9456	1.9456	1.9571	-1.9571	-1.9625	1.9625	-1.9783	1.9783	1.9841	-1.9841	1.9898	-1.9898	1.9943	-1.9943	-2.0094	2.0094	-2.0188	2.0188	-2.0244	2.0244	2.0313	-2.0313	2.0427	-2.0427	-2.0507	2.0507	2.0564	-2.0564	-2.0674	2.0674	-2.0729	2.0729	2.0799	-2.0799	2.0855	-2.0855	2.0971	-2.0971	2.1019	-2.1019	2.1169	-2.1169	2.1206	-2.1206	2.1294	-2.1294	-2.1353	2.1353	
0.42105	-0.8	0.00077257	-0.00077257	-0.025378	0.025378	-0.040247	0.040247	0.05069	-0.05069	0.071539	-0.071539	-0.086425	0.086425	-0.11057	0.11057	-0.1374	0.1374	-0.17597	0.17597	-0.19166	0.19166	0.22523	-0.22523	-0.24363	0.24363	-0.25609	0.25609	0.2807	-0.2807	0.29566	-0.29566	0.31071	-0.31071	-0.34824	0.34824	0.35207	-0.35207	-0.38142	0.38142	-0.41756	0.41756	-0.45895	0.45895	-0.5168	0.5168	-0.53863	0.53863	0.55781	-0.55781	-0.57817	0.57817	-0.59459	0.59459	0.59841	-0.59841	0.60835	-0.60835	0.62309	-0.62309	0.63224	-0.63224	-0.65471	0.65471	0.6651	-0.6651	-0.66617	0.66617	-0.67447	0.67447	-0.69326	0.69326	0.7083	-0.7083	0.73568	-0.73568	0.75799	-0.75799	0.77041	-0.77041	-0.78767	0.78767	-0.80286	0.80286	-0.81137	0.81137	-0.8252	0.8252	-0.84271	0.84271	-0.85203	0.85203	-0.85925	0.85925	-0.86979	0.86979	-0.87797	0.87797	-0.90007	0.90007	-0.90435	0.90435	0.9179	-0.9179	0.92041	-0.92041	-0.92813	0.92813	0.93542	-0.93542	0.94754	-0.94754	-0.9529	0.9529	-0.95893	0.95893	0.96947	-0.96947	-0.97423	0.97423	-0.98046	0.98046	-0.98909	0.98909	-0.99752	0.99752	-1.0006	1.0006	1.0096	-1.0096	-1.017	1.017	1.0222	-1.0222	-1.031	1.031	-1.0372	1.0372	-1.0451	1.0451	-1.0523	1.0523	-1.0592	1.0592	-1.0634	1.0634	-1.0689	1.0689	1.0737	-1.0737	1.081	-1.081	1.0916	-1.0916	1.0926	-1.0926	-1.1046	1.1046	-1.1157	1.1157	-1.1187	1.1187	1.1267	-1.1267	-1.1345	1.1345	-1.1441	1.1441	-1.1536	1.1536	-1.1592	1.1592	-1.1691	1.1691	-1.1732	1.1732	-1.1784	1.1784	-1.1863	1.1863	-1.1967	1.1967	-1.2053	1.2053	-1.2118	1.2118	1.2195	-1.2195	1.231	-1.231	-1.2494	1.2494	-1.259	1.259	1.2676	-1.2676	-1.2741	1.2741	1.2825	-1.2825	-1.2906	1.2906	-1.2957	1.2957	-1.31	1.31	-1.3155	1.3155	-1.3225	1.3225	1.3368	-1.3368	1.3478	-1.3478	1.353	-1.353	1.3583	-1.3583	-1.3728	1.3728	1.3828	-1.3828	-1.3893	1.3893	-1.399	1.399	1.4051	-1.4051	1.4132	-1.4132	-1.4223	1.4223	1.4329	-1.4329	1.4464	-1.4464	-1.4524	1.4524	-1.4581	1.4581	-1.473	1.473	-1.478	1.478	-1.4823	1.4823	-1.4912	1.4912	-1.5009	1.5009	-1.5055	1.5055	1.514	-1.514	1.5239	-1.5239	1.5339	-1.5339	-1.5372	1.5372	-1.5472	1.5472	-1.5541	1.5541	-1.5595	1.5595	-1.5698	1.5698	1.5775	-1.5775	-1.5875	1.5875	1.5903	-1.5903	1.6019	-1.6019	-1.61	1.61	-1.6145	1.6145	-1.6284	1.6284	-1.6324	1.6324	-1.644	1.644	-1.6526	1.6526	1.6622	-1.6622	-1.6637	1.6637	1.6719	-1.6719	-1.6814	1.6814	1.6926	-1.6926	-1.7024	1.7024	-1.7084	1.7084	1.7167	-1.7167	1.7262	-1.7262	1.7382	-1.7382	-1.748	1.748	1.7554	-1.7554	1.7635	-1.7635	-1.7716	1.7716	-1.7865	1.7865	-1.795	1.795	1.8031	-1.8031	-1.8079	1.8079	-1.8183	1.8183	1.8266	-1.8266	-1.8313	1.8313	1.8428	-1.8428	1.8546	-1.8546	-1.8653	1.8653	-1.8702	1.8702	-1.8765	1.8765	-1.8937	1.8937	-1.8971	1.8971	-1.9074	1.9074	-1.9171	1.9171	-1.9231	1.9231	-1.9306	1.9306	1.9389	-1.9389	1.9459	-1.9459	-1.9571	1.9571	1.9625	-1.9625	-1.9787	1.9787	-1.9836	1.9836	-1.9897	1.9897	1.9944	-1.9944	2.0095	-2.0095	2.0185	-2.0185	-2.0245	2.0245	2.0312	-2.0312	-2.0426	2.0426	-2.0506	2.0506	-2.0563	2.0563	-2.0673	2.0673	-2.0729	2.0729	2.0798	-2.0798	-2.0853	2.0853	2.0969	-2.0969	2.1019	-2.1019	2.1167	-2.1167	-2.1205	2.1205	2.1294	-2.1294	-2.1348	2.1348	
0.42105	-0.78	0.0063776	-0.0063776	0.02853	-0.02853	-0.044279	0.044279	0.059465	-0.059465	0.081999	-0.081999	-0.095276	0.095276	-0.10731	0.10731	0.14306	-0.14306	-0.1698	0.1698	-0.19008	0.19008	0.21588	-0.21588	-0.23526	0.23526	-0.2525	0.2525	0.27189	-0.27189	0.28162	-0.28162	-0.30299	0.30299	-0.33787	0.33787	-0.34761	0.34761	0.37611	-0.37611	0.41218	-0.41218	-0.46271	0.46271	-0.53009	0.53009	0.54762	-0.54762	-0.56687	0.56687	0.58157	-0.58157	0.60472	-0.60472	0.60733	-0.60733	0.61693	-0.61693	0.62768	-0.62768	-0.63937	0.63937	0.6579	-0.6579	-0.67078	0.67078	0.67818	-0.67818	-0.68543	0.68543	0.70009	-0.70009	-0.71399	0.71399	-0.73959	0.73959	0.76336	-0.76336	0.77419	-0.77419	-0.79313	0.79313	0.80786	-0.80786	0.81639	-0.81639	0.82969	-0.82969	0.84551	-0.84551	0.85597	-0.85597	0.86097	-0.86097	0.87135	-0.87135	0.88061	-0.88061	0.90265	-0.90265	0.90687	-0.90687	-0.92002	0.92002	-0.92318	0.92318	-0.93072	0.93072	0.93936	-0.93936	-0.94853	0.94853	-0.955	0.955	-0.96109	0.96109	-0.97252	0.97252	-0.9794	0.9794	0.9846	-0.9846	0.99219	-0.99219	-0.99992	0.99992	-1.0065	1.0065	-1.0139	1.0139	1.022	-1.022	1.0275	-1.0275	1.0371	-1.0371	-1.0448	1.0448	1.0528	-1.0528	1.0582	-1.0582	1.068	-1.068	-1.0697	1.0697	1.0772	-1.0772	-1.0827	1.0827	1.0857	-1.0857	1.0982	-1.0982	1.0998	-1.0998	-1.1118	1.1118	1.1224	-1.1224	1.1236	-1.1236	-1.1292	1.1292	-1.1407	1.1407	1.1491	-1.1491	-1.1588	1.1588	1.1644	-1.1644	1.1731	-1.1731	1.1781	-1.1781	1.1812	-1.1812	1.1896	-1.1896	-1.1995	1.1995	1.2087	-1.2087	1.2158	-1.2158	-1.2225	1.2225	-1.2328	1.2328	-1.2511	1.2511	-1.2603	1.2603	-1.2697	1.2697	-1.2757	1.2757	-1.2836	1.2836	1.2923	-1.2923	-1.2967	1.2967	1.3104	-1.3104	-1.3165	1.3165	1.3239	-1.3239	1.3374	-1.3374	1.3485	-1.3485	-1.3535	1.3535	-1.3589	1.3589	-1.3732	1.3732	1.3832	-1.3832	1.3899	-1.3899	1.3992	-1.3992	-1.4056	1.4056	1.4136	-1.4136	-1.4229	1.4229	1.4334	-1.4334	1.4468	-1.4468	-1.4529	1.4529	1.4592	-1.4592	-1.4729	1.4729	-1.4783	1.4783	-1.4821	1.4821	1.4913	-1.4913	1.5012	-1.5012	1.5056	-1.5056	1.5142	-1.5142	1.5238	-1.5238	1.534	-1.534	-1.5373	1.5373	1.5472	-1.5472	1.554	-1.554	-1.5598	1.5598	1.5701	-1.5701	1.5781	-1.5781	1.5876	-1.5876	-1.5904	1.5904	1.6019	-1.6019	-1.6099	1.6099	1.6143	-1.6143	-1.6283	1.6283	-1.6329	1.6329	1.644	-1.644	-1.6526	1.6526	-1.6622	1.6622	1.664	-1.664	1.672	-1.672	1.6815	-1.6815	1.6924	-1.6924	-1.7019	1.7019	1.7081	-1.7081	-1.7167	1.7167	-1.7262	1.7262	1.7382	-1.7382	1.7476	-1.7476	1.7554	-1.7554	-1.7633	1.7633	1.7716	-1.7716	1.7864	-1.7864	-1.7952	1.7952	-1.8031	1.8031	1.8076	-1.8076	-1.8182	1.8182	-1.8266	1.8266	-1.8309	1.8309	-1.8428	1.8428	1.8544	-1.8544	1.865	-1.865	1.8701	-1.8701	1.8763	-1.8763	-1.8937	1.8937	-1.8971	1.8971	-1.9077	1.9077	1.9168	-1.9168	1.923	-1.923	1.9307	-1.9307	-1.9386	1.9386	-1.9462	1.9462	-1.9571	1.9571	1.9626	-1.9626	1.979	-1.979	-1.9832	1.9832	-1.9895	1.9895	1.9946	-1.9946	-2.0095	2.0095	2.0182	-2.0182	2.0247	-2.0247	-2.0312	2.0312	-2.0424	2.0424	-2.0504	2.0504	-2.0561	2.0561	-2.0673	2.0673	-2.0729	2.0729	-2.0798	2.0798	-2.0852	2.0852	2.0967	-2.0967	-2.1019	2.1019	-2.1165	2.1165	-2.1203	2.1203	2.1295	-2.1295	2.1343	-2.1343	
0.42105	-0.76	0.0097057	-0.0097057	-0.030615	0.030615	-0.051318	0.051318	0.066084	-0.066084	-0.091382	0.091382	-0.10159	0.10159	-0.11235	0.11235	-0.14324	0.14324	-0.16682	0.16682	0.18966	-0.18966	-0.20499	0.20499	-0.22489	0.22489	-0.25056	0.25056	0.26197	-0.26197	-0.2713	0.2713	-0.29551	0.29551	-0.32904	0.32904	0.34782	-0.34782	-0.36995	0.36995	-0.41343	0.41343	0.46953	-0.46953	-0.54125	0.54125	0.55581	-0.55581	-0.57639	0.57639	-0.58419	0.58419	0.61098	-0.61098	-0.6161	0.6161	0.62619	-0.62619	-0.63574	0.63574	0.64778	-0.64778	-0.66142	0.66142	0.67687	-0.67687	-0.6882	0.6882	0.70001	-0.70001	-0.7077	0.7077	-0.72082	0.72082	-0.74492	0.74492	0.76636	-0.76636	0.77916	-0.77916	0.79923	-0.79923	0.81261	-0.81261	-0.82104	0.82104	0.83461	-0.83461	0.84835	-0.84835	-0.85844	0.85844	0.86387	-0.86387	-0.87317	0.87317	-0.88336	0.88336	0.90478	-0.90478	-0.90911	0.90911	0.92179	-0.92179	0.9254	-0.9254	-0.93303	0.93303	0.94285	-0.94285	-0.94939	0.94939	-0.95688	0.95688	0.96282	-0.96282	-0.97517	0.97517	0.9829	-0.9829	-0.98915	0.98915	-0.99433	0.99433	-1.0018	1.0018	1.0108	-1.0108	-1.0176	1.0176	-1.0264	1.0264	1.0317	-1.0317	-1.0433	1.0433	1.0503	-1.0503	1.0592	-1.0592	-1.0635	1.0635	1.0727	-1.0727	-1.0788	1.0788	1.0835	-1.0835	1.0909	-1.0909	1.0937	-1.0937	1.1056	-1.1056	1.1079	-1.1079	1.1204	-1.1204	-1.1265	1.1265	1.1288	-1.1288	1.1353	-1.1353	-1.1458	1.1458	-1.1564	1.1564	-1.1631	1.1631	-1.1719	1.1719	1.1776	-1.1776	1.1837	-1.1837	-1.1854	1.1854	-1.1946	1.1946	1.2026	-1.2026	1.2126	-1.2126	1.2215	-1.2215	1.2265	-1.2265	1.2354	-1.2354	-1.2533	1.2533	1.262	-1.262	1.2719	-1.2719	-1.2776	1.2776	-1.2851	1.2851	1.2943	-1.2943	-1.2982	1.2982	1.3111	-1.3111	-1.3179	1.3179	-1.3256	1.3256	-1.3381	1.3381	1.3494	-1.3494	1.3541	-1.3541	1.3596	-1.3596	-1.3737	1.3737	1.3837	-1.3837	-1.3905	1.3905	-1.3995	1.3995	1.4062	-1.4062	1.414	-1.414	1.4237	-1.4237	1.4339	-1.4339	1.4471	-1.4471	-1.4534	1.4534	1.4605	-1.4605	1.4729	-1.4729	1.4786	-1.4786	1.4821	-1.4821	1.4914	-1.4914	-1.5016	1.5016	1.5057	-1.5057	-1.5144	1.5144	-1.5239	1.5239	1.5341	-1.5341	1.5376	-1.5376	-1.5471	1.5471	1.5539	-1.5539	1.56	-1.56	1.5704	-1.5704	-1.5786	1.5786	-1.5877	1.5877	1.5906	-1.5906	1.6019	-1.6019	1.6098	-1.6098	1.6141	-1.6141	-1.6282	1.6282	1.6335	-1.6335	1.6441	-1.6441	1.6525	-1.6525	-1.6623	1.6623	-1.6644	1.6644	-1.6721	1.6721	-1.6816	1.6816	1.6923	-1.6923	1.7014	-1.7014	-1.7079	1.7079	-1.7166	1.7166	1.7262	-1.7262	1.7381	-1.7381	1.7471	-1.7471	-1.7553	1.7553	-1.763	1.763	1.7716	-1.7716	-1.7864	1.7864	1.7954	-1.7954	-1.8032	1.8032	1.8073	-1.8073	-1.8181	1.8181	-1.8265	1.8265	1.8307	-1.8307	1.8429	-1.8429	1.8543	-1.8543	1.8647	-1.8647	1.87	-1.87	-1.876	1.876	-1.8937	1.8937	1.8971	-1.8971	1.9079	-1.9079	1.9165	-1.9165	-1.9229	1.9229	1.9309	-1.9309	-1.9384	1.9384	-1.9465	1.9465	1.9571	-1.9571	1.9627	-1.9627	-1.9792	1.9792	-1.9828	1.9828	-1.9894	1.9894	-1.9948	1.9948	-2.0096	2.0096	2.0179	-2.0179	2.0248	-2.0248	-2.0311	2.0311	2.0422	-2.0422	-2.0503	2.0503	2.056	-2.056	2.0672	-2.0672	-2.0728	2.0728	2.0797	-2.0797	2.0851	-2.0851	2.0965	-2.0965	-2.1019	2.1019	-2.1163	2.1163	2.1202	-2.1202	-2.1295	2.1295	-2.1339	2.1339	
0.42105	-0.74	0.0084515	-0.0084515	-0.032164	0.032164	-0.057676	0.057676	0.070119	-0.070119	0.09068	-0.09068	-0.11218	0.11218	-0.12151	0.12151	-0.14005	0.14005	-0.16566	0.16566	-0.18971	0.18971	-0.19517	0.19517	-0.21665	0.21665	-0.24308	0.24308	-0.25372	0.25372	0.2694	-0.2694	-0.28769	0.28769	0.32313	-0.32313	-0.35078	0.35078	-0.36692	0.36692	0.42033	-0.42033	-0.47887	0.47887	-0.54974	0.54974	0.56305	-0.56305	-0.58404	0.58404	-0.58816	0.58816	-0.6148	0.6148	0.62563	-0.62563	-0.63249	0.63249	-0.6461	0.6461	0.65738	-0.65738	0.66643	-0.66643	-0.68406	0.68406	0.69772	-0.69772	-0.71243	0.71243	-0.71863	0.71863	-0.72935	0.72935	-0.75141	0.75141	-0.76869	0.76869	0.78479	-0.78479	-0.80491	0.80491	0.8172	-0.8172	-0.82582	0.82582	0.83923	-0.83923	-0.8515	0.8515	-0.85978	0.85978	-0.86753	0.86753	-0.87546	0.87546	0.88632	-0.88632	-0.90682	0.90682	-0.91123	0.91123	0.92328	-0.92328	-0.92743	0.92743	-0.93521	0.93521	-0.9454	0.9454	0.95038	-0.95038	-0.95866	0.95866	0.96446	-0.96446	-0.97735	0.97735	0.98544	-0.98544	-0.99289	0.99289	-0.99644	0.99644	1.0037	-1.0037	1.014	-1.014	1.0205	-1.0205	1.0312	-1.0312	-1.0348	1.0348	-1.0478	1.0478	-1.0548	1.0548	-1.0638	1.0638	1.069	-1.069	1.0766	-1.0766	-1.0867	1.0867	1.0893	-1.0893	-1.0968	1.0968	-1.1036	1.1036	-1.1134	1.1134	1.1149	-1.1149	1.1275	-1.1275	-1.1305	1.1305	-1.1366	1.1366	1.1426	-1.1426	-1.1514	1.1514	-1.1625	1.1625	-1.1677	1.1677	-1.1813	1.1813	-1.1821	1.1821	1.19	-1.19	-1.1916	1.1916	1.201	-1.201	1.2066	-1.2066	1.2171	-1.2171	1.2283	-1.2283	1.2319	-1.2319	-1.2391	1.2391	1.2561	-1.2561	-1.2645	1.2645	1.2744	-1.2744	-1.28	1.28	-1.2873	1.2873	-1.2964	1.2964	1.3008	-1.3008	1.312	-1.312	-1.3199	1.3199	1.3278	-1.3278	-1.339	1.339	-1.3504	1.3504	-1.3548	1.3548	-1.3606	1.3606	-1.3744	1.3744	-1.3844	1.3844	1.3913	-1.3913	1.3999	-1.3999	1.4071	-1.4071	-1.4146	1.4146	-1.4245	1.4245	1.4345	-1.4345	1.4474	-1.4474	-1.4541	1.4541	-1.4622	1.4622	-1.4728	1.4728	-1.4789	1.4789	1.4821	-1.4821	-1.4916	1.4916	-1.502	1.502	1.5059	-1.5059	-1.5147	1.5147	1.5239	-1.5239	1.5343	-1.5343	-1.5379	1.5379	-1.5471	1.5471	-1.5539	1.5539	1.5603	-1.5603	-1.5709	1.5709	-1.5791	1.5791	1.5879	-1.5879	-1.5907	1.5907	1.6019	-1.6019	-1.6099	1.6099	-1.6139	1.6139	-1.628	1.628	-1.6341	1.6341	-1.6442	1.6442	-1.6524	1.6524	-1.6624	1.6624	-1.6648	1.6648	-1.6722	1.6722	-1.6817	1.6817	1.6921	-1.6921	-1.7009	1.7009	1.7077	-1.7077	-1.7166	1.7166	-1.7263	1.7263	1.738	-1.738	1.7467	-1.7467	-1.7553	1.7553	1.7628	-1.7628	1.7717	-1.7717	1.7863	-1.7863	-1.7956	1.7956	-1.8033	1.8033	-1.8069	1.8069	-1.818	1.818	-1.8263	1.8263	1.8305	-1.8305	1.8429	-1.8429	-1.8541	1.8541	-1.8644	1.8644	-1.87	1.87	-1.8757	1.8757	-1.8937	1.8937	1.8972	-1.8972	1.9082	-1.9082	-1.9161	1.9161	-1.9228	1.9228	1.931	-1.931	1.9382	-1.9382	-1.9469	1.9469	-1.9571	1.9571	-1.9628	1.9628	-1.9793	1.9793	-1.9825	1.9825	-1.9892	1.9892	-1.9949	1.9949	-2.0096	2.0096	-2.0176	2.0176	-2.0248	2.0248	2.0312	-2.0312	-2.042	2.042	-2.0501	2.0501	-2.0559	2.0559	2.0671	-2.0671	2.0727	-2.0727	-2.0796	2.0796	-2.085	2.085	-2.0964	2.0964	-2.1018	2.1018	2.116	-2.116	-2.12	2.12	2.1295	-2.1295	2.1335	-2.1335	
0.42105	-0.72	0.003839	-0.003839	0.031971	-0.031971	-0.059111	0.059111	-0.073474	0.073474	-0.085684	0.085684	-0.11761	0.11761	-0.12685	0.12685	0.1409	-0.1409	-0.16462	0.16462	-0.18358	0.18358	-0.19789	0.19789	0.20629	-0.20629	-0.23356	0.23356	-0.25208	0.25208	0.27191	-0.27191	-0.28163	0.28163	-0.32114	0.32114	-0.35313	0.35313	-0.37214	0.37214	-0.43082	0.43082	-0.49024	0.49024	0.55584	-0.55584	-0.56908	0.56908	0.58602	-0.58602	-0.5968	0.5968	0.61801	-0.61801	0.63247	-0.63247	-0.64	0.64	-0.655	0.655	-0.66522	0.66522	0.67597	-0.67597	0.69188	-0.69188	-0.70722	0.70722	-0.72124	0.72124	0.7327	-0.7327	0.74078	-0.74078	-0.75803	0.75803	0.7716	-0.7716	-0.79136	0.79136	0.8095	-0.8095	-0.82183	0.82183	-0.83102	0.83102	0.84296	-0.84296	-0.85473	0.85473	-0.86124	0.86124	-0.87083	0.87083	-0.87847	0.87847	-0.88946	0.88946	-0.90895	0.90895	-0.91333	0.91333	0.92454	-0.92454	0.92959	-0.92959	0.93735	-0.93735	-0.947	0.947	-0.95163	0.95163	-0.96043	0.96043	-0.96622	0.96622	0.97904	-0.97904	-0.98759	0.98759	-0.99501	0.99501	0.99906	-0.99906	1.0056	-1.0056	-1.0167	1.0167	1.0227	-1.0227	1.0362	-1.0362	-1.0376	1.0376	1.0507	-1.0507	-1.0587	1.0587	-1.0676	1.0676	1.0735	-1.0735	-1.0801	1.0801	1.0913	-1.0913	1.0972	-1.0972	-1.1021	1.1021	-1.1117	1.1117	1.1186	-1.1186	-1.1219	1.1219	-1.1301	1.1301	-1.139	1.139	-1.1451	1.1451	1.1488	-1.1488	1.1592	-1.1592	-1.1666	1.1666	-1.1727	1.1727	-1.1856	1.1856	-1.192	1.192	-1.1966	1.1966	-1.1996	1.1996	-1.2082	1.2082	1.2126	-1.2126	-1.2226	1.2226	1.2348	-1.2348	1.2382	-1.2382	1.2449	-1.2449	-1.2596	1.2596	-1.2682	1.2682	-1.2772	1.2772	-1.2827	1.2827	-1.2904	1.2904	-1.2986	1.2986	-1.3045	1.3045	-1.3133	1.3133	-1.3228	1.3228	-1.3305	1.3305	1.3402	-1.3402	-1.3517	1.3517	-1.3559	1.3559	-1.3618	1.3618	-1.3752	1.3752	-1.3853	1.3853	-1.392	1.392	1.4005	-1.4005	-1.4081	1.4081	1.4154	-1.4154	-1.4254	1.4254	-1.4353	1.4353	-1.4478	1.4478	-1.4548	1.4548	1.4641	-1.4641	1.4728	-1.4728	1.4791	-1.4791	-1.4824	1.4824	1.4918	-1.4918	-1.5025	1.5025	-1.5062	1.5062	1.5151	-1.5151	1.5241	-1.5241	1.5346	-1.5346	1.5384	-1.5384	-1.5471	1.5471	-1.5538	1.5538	-1.5606	1.5606	1.5715	-1.5715	1.5797	-1.5797	-1.588	1.588	-1.591	1.591	-1.6018	1.6018	-1.61	1.61	1.6137	-1.6137	1.6278	-1.6278	1.6348	-1.6348	1.6443	-1.6443	-1.6522	1.6522	-1.6626	1.6626	1.6654	-1.6654	-1.6724	1.6724	-1.6819	1.6819	1.692	-1.692	-1.7004	1.7004	1.7076	-1.7076	1.7166	-1.7166	-1.7265	1.7265	1.738	-1.738	1.7462	-1.7462	-1.7553	1.7553	1.7627	-1.7627	1.7718	-1.7718	1.7863	-1.7863	-1.7957	1.7957	-1.8034	1.8034	-1.8065	1.8065	-1.8179	1.8179	-1.8261	1.8261	1.8305	-1.8305	-1.843	1.843	1.8539	-1.8539	-1.8641	1.8641	1.8699	-1.8699	1.8755	-1.8755	1.8937	-1.8937	1.8972	-1.8972	1.9084	-1.9084	-1.9158	1.9158	-1.9227	1.9227	1.9312	-1.9312	1.9381	-1.9381	1.9473	-1.9473	1.9571	-1.9571	-1.9629	1.9629	-1.9793	1.9793	-1.9824	1.9824	-1.989	1.989	-1.9951	1.9951	2.0097	-2.0097	2.0173	-2.0173	-2.0248	2.0248	-2.0312	2.0312	-2.0418	2.0418	2.0499	-2.0499	-2.0558	2.0558	-2.067	2.067	-2.0726	2.0726	-2.0796	2.0796	-2.0848	2.0848	2.0962	-2.0962	2.1018	-2.1018	-2.1158	2.1158	-2.1198	2.1198	2.1295	-2.1295	-2.1332	2.1332	
0.42105	-0.7	0.0014531	-0.0014531	0.029002	-0.029002	-0.058196	0.058196	-0.070392	0.070392	-0.081813	0.081813	-0.11207	0.11207	0.12382	-0.12382	0.14633	-0.14633	0.16426	-0.16426	-0.1828	0.1828	0.19362	-0.19362	-0.20881	0.20881	-0.22323	0.22323	0.2574	-0.2574	-0.27071	0.27071	-0.28531	0.28531	-0.32432	0.32432	-0.35636	0.35636	0.38373	-0.38373	-0.44354	0.44354	-0.50316	0.50316	0.56015	-0.56015	-0.57372	0.57372	0.58711	-0.58711	0.60434	-0.60434	0.62184	-0.62184	0.63576	-0.63576	-0.64891	0.64891	-0.66243	0.66243	-0.67216	0.67216	-0.68744	0.68744	-0.70081	0.70081	-0.71604	0.71604	-0.7308	0.7308	0.74628	-0.74628	-0.75401	0.75401	-0.76391	0.76391	-0.77641	0.77641	-0.799	0.799	-0.81321	0.81321	0.82674	-0.82674	-0.8365	0.8365	-0.84591	0.84591	-0.85699	0.85699	0.86378	-0.86378	-0.87351	0.87351	-0.88224	0.88224	-0.89257	0.89257	0.91123	-0.91123	0.91548	-0.91548	-0.92564	0.92564	0.93203	-0.93203	0.93956	-0.93956	0.94797	-0.94797	0.95302	-0.95302	-0.96218	0.96218	-0.96819	0.96819	-0.98033	0.98033	0.98953	-0.98953	-0.99646	0.99646	1.0015	-1.0015	-1.0077	1.0077	-1.019	1.019	1.0244	-1.0244	-1.0395	1.0395	1.0413	-1.0413	-1.0529	1.0529	-1.0617	1.0617	1.071	-1.071	1.0771	-1.0771	-1.0834	1.0834	1.0951	-1.0951	-1.1036	1.1036	1.1079	-1.1079	1.1181	-1.1181	1.1222	-1.1222	-1.1266	1.1266	1.1339	-1.1339	1.1468	-1.1468	-1.1524	1.1524	1.1544	-1.1544	-1.1672	1.1672	-1.1714	1.1714	-1.1777	1.1777	-1.1894	1.1894	1.1993	-1.1993	-1.204	1.204	-1.2095	1.2095	1.2157	-1.2157	1.2203	-1.2203	1.2297	-1.2297	1.2416	-1.2416	1.2441	-1.2441	1.2525	-1.2525	1.2637	-1.2637	-1.274	1.274	1.2805	-1.2805	1.2861	-1.2861	-1.2943	1.2943	1.3012	-1.3012	-1.3087	1.3087	1.3154	-1.3154	1.3269	-1.3269	-1.3337	1.3337	-1.3419	1.3419	-1.3531	1.3531	1.3576	-1.3576	-1.3633	1.3633	-1.3763	1.3763	1.3864	-1.3864	-1.3928	1.3928	-1.4014	1.4014	-1.4093	1.4093	-1.4164	1.4164	-1.4265	1.4265	-1.4362	1.4362	1.4482	-1.4482	1.4556	-1.4556	1.4664	-1.4664	1.4729	-1.4729	1.4792	-1.4792	-1.4829	1.4829	-1.4921	1.4921	1.5031	-1.5031	1.5066	-1.5066	1.5154	-1.5154	-1.5243	1.5243	-1.535	1.535	1.5389	-1.5389	-1.5472	1.5472	-1.5539	1.5539	1.5609	-1.5609	-1.5721	1.5721	1.5802	-1.5802	-1.5882	1.5882	1.5913	-1.5913	1.6016	-1.6016	-1.6103	1.6103	1.6136	-1.6136	-1.6276	1.6276	1.6355	-1.6355	1.6445	-1.6445	-1.652	1.652	1.6629	-1.6629	1.6661	-1.6661	1.6726	-1.6726	1.682	-1.682	1.6918	-1.6918	-1.7	1.7	1.7076	-1.7076	-1.7166	1.7166	-1.7267	1.7267	1.7379	-1.7379	-1.7458	1.7458	1.7553	-1.7553	-1.7626	1.7626	1.772	-1.772	-1.7863	1.7863	-1.7959	1.7959	1.8035	-1.8035	-1.8062	1.8062	-1.8178	1.8178	-1.8258	1.8258	-1.8306	1.8306	-1.843	1.843	-1.8537	1.8537	-1.8639	1.8639	1.8699	-1.8699	1.8753	-1.8753	1.8937	-1.8937	1.8973	-1.8973	1.9086	-1.9086	-1.9155	1.9155	1.9225	-1.9225	1.9313	-1.9313	1.938	-1.938	1.9476	-1.9476	-1.957	1.957	1.9631	-1.9631	-1.9791	1.9791	1.9824	-1.9824	-1.9889	1.9889	1.9954	-1.9954	-2.0097	2.0097	2.017	-2.017	-2.0248	2.0248	-2.0313	2.0313	-2.0416	2.0416	-2.0497	2.0497	-2.0558	2.0558	-2.0668	2.0668	2.0725	-2.0725	-2.0795	2.0795	-2.0847	2.0847	-2.096	2.096	-2.1016	2.1016	2.1155	-2.1155	-2.1196	2.1196	2.1294	-2.1294	2.133	-2.133	
0.42105	-0.68	0.0049938	-0.0049938	-0.025202	0.025202	0.056569	-0.056569	-0.061253	0.061253	-0.078942	0.078942	-0.10133	0.10133	-0.11448	0.11448	-0.14549	0.14549	-0.16199	0.16199	-0.17846	0.17846	-0.19756	0.19756	-0.21633	0.21633	-0.22303	0.22303	-0.26214	0.26214	-0.27281	0.27281	-0.29684	0.29684	-0.33267	0.33267	-0.36261	0.36261	0.39823	-0.39823	-0.45771	0.45771	0.51714	-0.51714	-0.56322	0.56322	-0.5769	0.5769	0.58836	-0.58836	-0.60907	0.60907	-0.62688	0.62688	-0.63769	0.63769	0.65638	-0.65638	-0.66867	0.66867	-0.68039	0.68039	-0.69754	0.69754	-0.71055	0.71055	-0.72512	0.72512	-0.74146	0.74146	0.75945	-0.75945	-0.76462	0.76462	-0.77052	0.77052	0.78462	-0.78462	-0.80712	0.80712	-0.81679	0.81679	-0.83202	0.83202	0.84216	-0.84216	-0.84864	0.84864	0.85812	-0.85812	0.86725	-0.86725	0.87587	-0.87587	-0.88645	0.88645	-0.89544	0.89544	-0.91359	0.91359	-0.91772	0.91772	-0.92664	0.92664	0.93467	-0.93467	0.94203	-0.94203	0.94869	-0.94869	-0.95443	0.95443	0.96395	-0.96395	0.97043	-0.97043	-0.98132	0.98132	-0.99125	0.99125	-0.99795	0.99795	1.0036	-1.0036	-1.0097	1.0097	-1.0211	1.0211	1.0261	-1.0261	-1.0417	1.0417	-1.0452	1.0452	-1.0549	1.0549	-1.0642	1.0642	1.0738	-1.0738	1.08	-1.08	-1.0868	1.0868	1.0987	-1.0987	1.1072	-1.1072	1.1143	-1.1143	1.123	-1.123	1.1258	-1.1258	-1.1292	1.1292	1.1387	-1.1387	1.1518	-1.1518	1.1582	-1.1582	-1.1609	1.1609	-1.1719	1.1719	1.1778	-1.1778	1.1843	-1.1843	-1.1931	1.1931	1.2037	-1.2037	1.2126	-1.2126	-1.2189	1.2189	-1.2224	1.2224	1.2296	-1.2296	-1.2379	1.2379	-1.249	1.249	1.2499	-1.2499	-1.2605	1.2605	1.2683	-1.2683	-1.2811	1.2811	-1.2848	1.2848	-1.2907	1.2907	-1.2986	1.2986	1.3052	-1.3052	1.313	-1.313	1.3188	-1.3188	1.3324	-1.3324	-1.3373	1.3373	-1.3445	1.3445	-1.3547	1.3547	1.3602	-1.3602	1.3651	-1.3651	-1.3778	1.3778	-1.3876	1.3876	1.3935	-1.3935	1.4026	-1.4026	1.4109	-1.4109	1.4178	-1.4178	1.4276	-1.4276	-1.4374	1.4374	-1.4487	1.4487	1.4566	-1.4566	1.4688	-1.4688	-1.4733	1.4733	1.4793	-1.4793	1.4836	-1.4836	1.4925	-1.4925	-1.5037	1.5037	-1.507	1.507	-1.5159	1.5159	1.5246	-1.5246	1.5354	-1.5354	1.5396	-1.5396	1.5473	-1.5473	1.554	-1.554	1.5613	-1.5613	-1.5729	1.5729	-1.5807	1.5807	-1.5884	1.5884	-1.5916	1.5916	-1.6014	1.6014	1.6106	-1.6106	-1.6135	1.6135	-1.6274	1.6274	1.6363	-1.6363	-1.6448	1.6448	-1.6518	1.6518	1.6631	-1.6631	-1.667	1.667	-1.6729	1.6729	-1.6822	1.6822	1.6916	-1.6916	-1.6995	1.6995	1.7076	-1.7076	1.7167	-1.7167	-1.727	1.727	-1.7378	1.7378	-1.7454	1.7454	1.7553	-1.7553	1.7625	-1.7625	1.7721	-1.7721	1.7863	-1.7863	1.7961	-1.7961	1.8036	-1.8036	-1.8058	1.8058	-1.8176	1.8176	1.8255	-1.8255	1.8308	-1.8308	-1.8431	1.8431	1.8535	-1.8535	1.8637	-1.8637	1.8698	-1.8698	-1.8751	1.8751	1.8937	-1.8937	1.8973	-1.8973	1.9088	-1.9088	1.9152	-1.9152	-1.9225	1.9225	1.9314	-1.9314	1.9379	-1.9379	1.948	-1.948	1.9569	-1.9569	-1.9633	1.9633	-1.9788	1.9788	-1.9826	1.9826	-1.9887	1.9887	1.9956	-1.9956	-2.0098	2.0098	-2.0167	2.0167	2.0247	-2.0247	-2.0314	2.0314	2.0413	-2.0413	2.0495	-2.0495	-2.0558	2.0558	2.0667	-2.0667	2.0724	-2.0724	2.0795	-2.0795	-2.0846	2.0846	-2.0958	2.0958	2.1015	-2.1015	2.1152	-2.1152	2.1194	-2.1194	2.1293	-2.1293	2.1329	-2.1329	
0.42105	-0.66	0.0071195	-0.0071195	-0.022919	0.022919	-0.048451	0.048451	0.055972	-0.055972	-0.075967	0.075967	0.088527	-0.088527	-0.10423	0.10423	-0.13633	0.13633	-0.15377	0.15377	-0.17064	0.17064	-0.21013	0.21013	-0.22248	0.22248	-0.2377	0.2377	0.26752	-0.26752	-0.28208	0.28208	-0.31177	0.31177	-0.34513	0.34513	0.37192	-0.37192	0.41423	-0.41423	0.47278	-0.47278	-0.53168	0.53168	0.56543	-0.56543	-0.57863	0.57863	-0.59011	0.59011	-0.61159	0.61159	-0.63147	0.63147	0.63996	-0.63996	-0.66163	0.66163	-0.67457	0.67457	-0.68841	0.68841	-0.70724	0.70724	-0.71953	0.71953	-0.73548	0.73548	0.75242	-0.75242	0.76886	-0.76886	-0.77199	0.77199	0.7814	-0.7814	-0.79563	0.79563	0.81484	-0.81484	-0.82134	0.82134	-0.8374	0.8374	0.84793	-0.84793	0.85195	-0.85195	0.85889	-0.85889	-0.87099	0.87099	-0.87826	0.87826	-0.89071	0.89071	-0.89807	0.89807	0.91585	-0.91585	0.92011	-0.92011	-0.92763	0.92763	0.93722	-0.93722	-0.94496	0.94496	0.94937	-0.94937	-0.95583	0.95583	-0.96576	0.96576	0.97287	-0.97287	0.98213	-0.98213	0.9927	-0.9927	0.99973	-0.99973	-1.0055	1.0055	1.0116	-1.0116	1.0228	-1.0228	-1.0279	1.0279	1.0437	-1.0437	-1.0485	1.0485	-1.057	1.057	1.0664	-1.0664	-1.0761	1.0761	1.0826	-1.0826	-1.0903	1.0903	1.1023	-1.1023	-1.1097	1.1097	-1.1193	1.1193	1.1263	-1.1263	1.1299	-1.1299	-1.1317	1.1317	-1.1431	1.1431	-1.1551	1.1551	1.1621	-1.1621	-1.1675	1.1675	-1.1757	1.1757	1.183	-1.183	1.1915	-1.1915	-1.1968	1.1968	1.2082	-1.2082	-1.2204	1.2204	-1.2262	1.2262	-1.2291	1.2291	-1.2384	1.2384	-1.2464	1.2464	1.2549	-1.2549	-1.2576	1.2576	1.2677	-1.2677	1.2742	-1.2742	-1.2861	1.2861	-1.2924	1.2924	-1.2964	1.2964	1.303	-1.303	1.3114	-1.3114	1.3175	-1.3175	1.3236	-1.3236	1.3382	-1.3382	1.3412	-1.3412	-1.3492	1.3492	-1.3565	1.3565	1.3638	-1.3638	1.3679	-1.3679	-1.3797	1.3797	-1.3891	1.3891	1.3942	-1.3942	1.4042	-1.4042	-1.4127	1.4127	-1.4197	1.4197	-1.4289	1.4289	1.4388	-1.4388	-1.4494	1.4494	-1.4577	1.4577	-1.4709	1.4709	1.4745	-1.4745	1.4794	-1.4794	-1.4846	1.4846	-1.493	1.493	1.5044	-1.5044	-1.5076	1.5076	-1.5164	1.5164	-1.5251	1.5251	1.536	-1.536	1.5405	-1.5405	1.5475	-1.5475	-1.5543	1.5543	-1.5617	1.5617	1.5737	-1.5737	-1.5812	1.5812	1.5887	-1.5887	-1.592	1.592	-1.6012	1.6012	1.611	-1.611	1.6136	-1.6136	-1.6271	1.6271	1.6371	-1.6371	-1.645	1.645	-1.6516	1.6516	-1.6634	1.6634	-1.668	1.668	-1.6732	1.6732	-1.6823	1.6823	1.6915	-1.6915	-1.6991	1.6991	-1.7076	1.7076	-1.7167	1.7167	1.7273	-1.7273	1.7377	-1.7377	1.7451	-1.7451	-1.7554	1.7554	1.7625	-1.7625	-1.7724	1.7724	-1.7863	1.7863	1.7963	-1.7963	-1.8037	1.8037	1.8054	-1.8054	-1.8175	1.8175	-1.8252	1.8252	-1.8311	1.8311	-1.8433	1.8433	-1.8533	1.8533	1.8635	-1.8635	-1.8697	1.8697	-1.8749	1.8749	1.8937	-1.8937	-1.8974	1.8974	-1.9089	1.9089	-1.915	1.915	1.9224	-1.9224	-1.9315	1.9315	-1.9379	1.9379	-1.9484	1.9484	1.9568	-1.9568	-1.9636	1.9636	1.9783	-1.9783	1.9829	-1.9829	1.9885	-1.9885	-1.9958	1.9958	-2.0098	2.0098	2.0165	-2.0165	2.0246	-2.0246	2.0315	-2.0315	-2.041	2.041	2.0492	-2.0492	2.0558	-2.0558	-2.0665	2.0665	-2.0723	2.0723	-2.0794	2.0794	2.0845	-2.0845	2.0957	-2.0957	2.1014	-2.1014	-2.1148	2.1148	-2.1192	2.1192	2.1291	-2.1291	2.1329	-2.1329	
0.42105	-0.64	0.010606	-0.010606	-0.021472	0.021472	-0.036909	0.036909	0.053403	-0.053403	0.071469	-0.071469	0.07692	-0.07692	-0.096929	0.096929	-0.1264	0.1264	-0.14065	0.14065	0.16037	-0.16037	0.22452	-0.22452	0.23712	-0.23712	0.25473	-0.25473	-0.2778	0.2778	-0.2945	0.2945	-0.32851	0.32851	0.36053	-0.36053	0.38372	-0.38372	0.43105	-0.43105	-0.48837	0.48837	0.54617	-0.54617	0.56711	-0.56711	-0.57928	0.57928	-0.59236	0.59236	0.61318	-0.61318	-0.63351	0.63351	0.64355	-0.64355	0.666	-0.666	-0.67939	0.67939	0.69513	-0.69513	0.71705	-0.71705	-0.72834	0.72834	-0.74532	0.74532	0.76356	-0.76356	0.7739	-0.7739	0.7801	-0.7801	-0.79496	0.79496	-0.80589	0.80589	-0.82236	0.82236	-0.82775	0.82775	0.84239	-0.84239	-0.85278	0.85278	0.8571	-0.8571	0.86	-0.86	0.87495	-0.87495	-0.88115	0.88115	0.89465	-0.89465	-0.90068	0.90068	-0.91797	0.91797	0.92261	-0.92261	-0.92875	0.92875	-0.93946	0.93946	-0.94825	0.94825	-0.95022	0.95022	-0.95728	0.95728	-0.96764	0.96764	-0.97542	0.97542	0.98286	-0.98286	0.9939	-0.9939	-1.0017	1.0017	-1.0075	1.0075	1.0135	-1.0135	-1.0243	1.0243	-1.0298	1.0298	1.0454	-1.0454	-1.0512	1.0512	-1.0591	1.0591	1.0683	-1.0683	-1.0781	1.0781	-1.0851	1.0851	1.0937	-1.0937	-1.1056	1.1056	1.1119	-1.1119	-1.1223	1.1223	1.1291	-1.1291	-1.1326	1.1326	-1.136	1.136	1.1467	-1.1467	1.1578	-1.1578	1.1647	-1.1647	-1.1727	1.1727	1.1795	-1.1795	-1.1879	1.1879	-1.1967	1.1967	-1.2007	1.2007	1.2133	-1.2133	-1.2268	1.2268	-1.2315	1.2315	1.2361	-1.2361	-1.2453	1.2453	1.2542	-1.2542	1.2601	-1.2601	1.2661	-1.2661	1.2728	-1.2728	1.2826	-1.2826	-1.2908	1.2908	-1.2994	1.2994	1.3031	-1.3031	-1.3082	1.3082	1.3191	-1.3191	1.3233	-1.3233	-1.3302	1.3302	-1.3425	1.3425	-1.3457	1.3457	-1.3563	1.3563	-1.3589	1.3589	-1.3676	1.3676	1.373	-1.373	-1.3824	1.3824	-1.3909	1.3909	1.3951	-1.3951	-1.4061	1.4061	-1.4147	1.4147	-1.4222	1.4222	1.4303	-1.4303	1.4406	-1.4406	1.4503	-1.4503	1.4591	-1.4591	-1.4718	1.4718	1.4772	-1.4772	1.4797	-1.4797	1.4858	-1.4858	-1.4937	1.4937	-1.5053	1.5053	1.5084	-1.5084	1.517	-1.517	-1.5257	1.5257	1.5365	-1.5365	1.5415	-1.5415	-1.5479	1.5479	1.5546	-1.5546	-1.5622	1.5622	-1.5747	1.5747	1.5817	-1.5817	-1.5891	1.5891	-1.5925	1.5925	-1.601	1.601	1.6114	-1.6114	1.6138	-1.6138	1.6269	-1.6269	1.6379	-1.6379	-1.6453	1.6453	-1.6514	1.6514	-1.6638	1.6638	1.6692	-1.6692	1.6735	-1.6735	1.6824	-1.6824	1.6914	-1.6914	-1.6988	1.6988	-1.7078	1.7078	1.7168	-1.7168	-1.7277	1.7277	-1.7376	1.7376	1.7448	-1.7448	1.7554	-1.7554	1.7626	-1.7626	1.7726	-1.7726	-1.7864	1.7864	1.7964	-1.7964	1.8039	-1.8039	1.805	-1.805	-1.8173	1.8173	-1.825	1.825	1.8314	-1.8314	-1.8434	1.8434	-1.8531	1.8531	1.8634	-1.8634	-1.8697	1.8697	-1.8748	1.8748	-1.8937	1.8937	-1.8974	1.8974	-1.909	1.909	-1.9148	1.9148	-1.9223	1.9223	1.9316	-1.9316	1.9379	-1.9379	-1.9488	1.9488	1.9567	-1.9567	-1.9638	1.9638	1.9779	-1.9779	1.9832	-1.9832	-1.9884	1.9884	1.9961	-1.9961	-2.0098	2.0098	2.0162	-2.0162	-2.0245	2.0245	2.0316	-2.0316	2.0406	-2.0406	-2.0489	2.0489	2.0558	-2.0558	2.0662	-2.0662	-2.0721	2.0721	-2.0794	2.0794	-2.0844	2.0844	2.0955	-2.0955	-2.1012	2.1012	2.1144	-2.1144	2.1189	-2.1189	2.1289	-2.1289	-2.1329	2.1329	
0.42105	-0.62	-0.01081	0.01081	-0.0212	0.0212	-0.028364	0.028364	-0.049659	0.049659	0.062582	-0.062582	-0.073327	0.073327	-0.089537	0.089537	-0.12231	0.12231	-0.12806	0.12806	-0.14942	0.14942	0.24112	-0.24112	-0.2552	0.2552	-0.27288	0.27288	-0.29195	0.29195	-0.30891	0.30891	-0.34623	0.34623	-0.37794	0.37794	-0.39741	0.39741	0.4483	-0.4483	0.50412	-0.50412	-0.55954	0.55954	-0.56868	0.56868	-0.57938	0.57938	0.59513	-0.59513	0.6147	-0.6147	-0.63381	0.63381	-0.64706	0.64706	-0.67046	0.67046	0.68329	-0.68329	0.69993	-0.69993	-0.7268	0.7268	-0.73708	0.73708	-0.75343	0.75343	-0.77402	0.77402	-0.78017	0.78017	-0.78745	0.78745	-0.80805	0.80805	-0.8137	0.8137	-0.82998	0.82998	-0.83615	0.83615	-0.84713	0.84713	-0.85654	0.85654	-0.86204	0.86204	-0.86365	0.86365	0.879	-0.879	-0.8855	0.8855	-0.89802	0.89802	-0.90355	0.90355	0.92006	-0.92006	0.92519	-0.92519	-0.9302	0.9302	0.94142	-0.94142	-0.9506	0.9506	0.95238	-0.95238	0.95886	-0.95886	-0.96965	0.96965	-0.97793	0.97793	-0.98368	0.98368	0.99497	-0.99497	-1.0037	1.0037	-1.0098	1.0098	-1.0154	1.0154	-1.0256	1.0256	1.0318	-1.0318	-1.047	1.047	-1.0535	1.0535	-1.0612	1.0612	-1.0701	1.0701	-1.0796	1.0796	1.0878	-1.0878	-1.0971	1.0971	-1.1084	1.1084	-1.1143	1.1143	-1.1241	1.1241	-1.1314	1.1314	-1.1347	1.1347	-1.1408	1.1408	-1.1495	1.1495	1.1604	-1.1604	-1.1667	1.1667	-1.1765	1.1765	-1.1834	1.1834	1.1923	-1.1923	-1.2004	1.2004	-1.2045	1.2045	1.2185	-1.2185	-1.2324	1.2324	-1.2359	1.2359	-1.2422	1.2422	-1.2507	1.2507	1.2602	-1.2602	1.2654	-1.2654	-1.2738	1.2738	-1.2768	1.2768	1.2913	-1.2913	-1.2964	1.2964	-1.3039	1.3039	-1.3111	1.3111	-1.3144	1.3144	1.3272	-1.3272	-1.3294	1.3294	1.3389	-1.3389	-1.3461	1.3461	-1.3509	1.3509	-1.3609	1.3609	-1.3655	1.3655	-1.3715	1.3715	1.3806	-1.3806	-1.3865	1.3865	-1.3931	1.3931	-1.3962	1.3962	1.4082	-1.4082	1.4167	-1.4167	-1.4256	1.4256	1.4322	-1.4322	1.4428	-1.4428	-1.4515	1.4515	1.4609	-1.4609	1.4721	-1.4721	1.4794	-1.4794	-1.4818	1.4818	-1.4873	1.4873	-1.4946	1.4946	-1.5064	1.5064	1.5095	-1.5095	-1.5177	1.5177	-1.5265	1.5265	-1.5372	1.5372	-1.5427	1.5427	-1.5485	1.5485	-1.5551	1.5551	-1.5628	1.5628	1.5758	-1.5758	-1.5821	1.5821	-1.5896	1.5896	1.5931	-1.5931	-1.6009	1.6009	1.6119	-1.6119	-1.6142	1.6142	-1.6267	1.6267	-1.6387	1.6387	1.6457	-1.6457	-1.6512	1.6512	-1.6641	1.6641	1.6705	-1.6705	-1.674	1.674	-1.6826	1.6826	1.6913	-1.6913	-1.6985	1.6985	1.7079	-1.7079	-1.717	1.717	1.7281	-1.7281	-1.7376	1.7376	-1.7445	1.7445	-1.7555	1.7555	-1.7627	1.7627	-1.7728	1.7728	-1.7864	1.7864	-1.7966	1.7966	-1.8039	1.8039	-1.8046	1.8046	-1.8171	1.8171	1.8248	-1.8248	1.8317	-1.8317	1.8436	-1.8436	1.8529	-1.8529	-1.8633	1.8633	1.8696	-1.8696	-1.8747	1.8747	-1.8936	1.8936	-1.8974	1.8974	-1.9091	1.9091	1.9146	-1.9146	-1.9223	1.9223	-1.9317	1.9317	1.938	-1.938	1.9492	-1.9492	1.9566	-1.9566	-1.9641	1.9641	1.9774	-1.9774	1.9835	-1.9835	-1.9882	1.9882	-1.9964	1.9964	-2.0098	2.0098	-2.0159	2.0159	-2.0243	2.0243	-2.0318	2.0318	-2.0403	2.0403	-2.0487	2.0487	2.0558	-2.0558	2.066	-2.066	2.072	-2.072	-2.0793	2.0793	-2.0842	2.0842	-2.0954	2.0954	-2.101	2.101	2.1141	-2.1141	-2.1187	2.1187	-2.1287	2.1287	-2.133	2.133	
0.42105	-0.6	0.0041494	-0.0041494	-0.018547	0.018547	0.029548	-0.029548	0.04292	-0.04292	-0.057244	0.057244	-0.074558	0.074558	-0.083214	0.083214	0.11097	-0.11097	0.12669	-0.12669	-0.14717	0.14717	0.25935	-0.25935	-0.27442	0.27442	0.29162	-0.29162	-0.30836	0.30836	-0.32475	0.32475	0.3645	-0.3645	-0.39664	0.39664	-0.41244	0.41244	0.4657	-0.4657	-0.51966	0.51966	0.56808	-0.56808	-0.57215	0.57215	0.57987	-0.57987	0.59873	-0.59873	0.617	-0.617	0.63352	-0.63352	-0.64952	0.64952	0.67468	-0.67468	-0.68721	0.68721	-0.70321	0.70321	0.73487	-0.73487	0.7461	-0.7461	0.75966	-0.75966	0.78308	-0.78308	-0.7879	0.7879	-0.79466	0.79466	-0.81825	0.81825	0.82127	-0.82127	-0.83648	0.83648	-0.84562	0.84562	0.85173	-0.85173	0.85958	-0.85958	-0.86692	0.86692	0.86999	-0.86999	-0.88252	0.88252	0.8919	-0.8919	0.90111	-0.90111	-0.90663	0.90663	0.92225	-0.92225	-0.92785	0.92785	0.93224	-0.93224	0.9433	-0.9433	-0.95187	0.95187	0.95586	-0.95586	-0.96068	0.96068	0.97179	-0.97179	0.98016	-0.98016	0.98483	-0.98483	-0.99603	0.99603	1.0055	-1.0055	-1.0123	1.0123	-1.0176	1.0176	1.0268	-1.0268	1.0339	-1.0339	-1.0484	1.0484	-1.0556	1.0556	1.0634	-1.0634	1.0718	-1.0718	1.0809	-1.0809	1.0906	-1.0906	1.1002	-1.1002	-1.1105	1.1105	-1.117	1.117	1.1258	-1.1258	-1.1334	1.1334	-1.1368	1.1368	1.1451	-1.1451	-1.1519	1.1519	1.1626	-1.1626	-1.1685	1.1685	-1.1792	1.1792	-1.1873	1.1873	-1.1954	1.1954	-1.2038	1.2038	1.2081	-1.2081	-1.2229	1.2229	-1.2375	1.2375	-1.2398	1.2398	-1.2468	1.2468	-1.2552	1.2552	1.2642	-1.2642	-1.2707	1.2707	1.2797	-1.2797	-1.2811	1.2811	-1.2975	1.2975	1.3029	-1.3029	1.3082	-1.3082	1.318	-1.318	1.3224	-1.3224	-1.3339	1.3339	1.3366	-1.3366	1.3463	-1.3463	1.3518	-1.3518	1.3558	-1.3558	-1.3647	1.3647	1.3724	-1.3724	1.3779	-1.3779	-1.3884	1.3884	1.3926	-1.3926	1.3964	-1.3964	-1.3987	1.3987	1.4106	-1.4106	-1.4189	1.4189	1.4293	-1.4293	-1.4349	1.4349	1.4456	-1.4456	1.4531	-1.4531	1.4632	-1.4632	-1.4723	1.4723	-1.4802	1.4802	-1.4861	1.4861	-1.4892	1.4892	-1.4958	1.4958	1.5078	-1.5078	1.5109	-1.5109	-1.5187	1.5187	1.5275	-1.5275	1.5379	-1.5379	1.5441	-1.5441	1.5494	-1.5494	-1.5558	1.5558	-1.5635	1.5635	1.577	-1.577	1.5826	-1.5826	-1.5901	1.5901	-1.5939	1.5939	1.601	-1.601	-1.6123	1.6123	-1.6149	1.6149	-1.6265	1.6265	-1.6395	1.6395	1.646	-1.646	1.6512	-1.6512	-1.6645	1.6645	1.6718	-1.6718	1.6746	-1.6746	-1.6826	1.6826	1.6913	-1.6913	1.6984	-1.6984	1.7082	-1.7082	-1.7171	1.7171	1.7286	-1.7286	-1.7375	1.7375	1.7443	-1.7443	1.7556	-1.7556	-1.7629	1.7629	1.7731	-1.7731	-1.7865	1.7865	-1.7968	1.7968	1.8039	-1.8039	-1.8045	1.8045	1.8169	-1.8169	-1.8247	1.8247	1.832	-1.832	1.8438	-1.8438	1.8527	-1.8527	1.8632	-1.8632	-1.8695	1.8695	-1.8746	1.8746	1.8936	-1.8936	-1.8974	1.8974	-1.9091	1.9091	1.9145	-1.9145	-1.9222	1.9222	1.9318	-1.9318	1.9381	-1.9381	1.9497	-1.9497	1.9564	-1.9564	1.9644	-1.9644	1.9769	-1.9769	1.9839	-1.9839	1.9881	-1.9881	1.9966	-1.9966	-2.0098	2.0098	2.0157	-2.0157	-2.0241	2.0241	-2.032	2.032	-2.0399	2.0399	-2.0483	2.0483	-2.0558	2.0558	2.0657	-2.0657	2.0718	-2.0718	-2.0793	2.0793	-2.0841	2.0841	-2.0953	2.0953	-2.1008	2.1008	2.1136	-2.1136	2.1184	-2.1184	-2.1285	2.1285	2.1332	-2.1332	
0.42105	-0.58	0.0033864	-0.0033864	0.019274	-0.019274	0.023271	-0.023271	0.044235	-0.044235	0.056866	-0.056866	0.069613	-0.069613	0.089523	-0.089523	0.099629	-0.099629	-0.12658	0.12658	0.15872	-0.15872	-0.27853	0.27853	0.29404	-0.29404	-0.31064	0.31064	-0.32602	0.32602	-0.34161	0.34161	-0.38306	0.38306	-0.41611	0.41611	-0.42836	0.42836	0.483	-0.483	-0.53436	0.53436	0.57057	-0.57057	0.57541	-0.57541	0.58309	-0.58309	0.6031	-0.6031	-0.62137	0.62137	0.63329	-0.63329	0.65113	-0.65113	-0.67797	0.67797	-0.69172	0.69172	-0.70583	0.70583	-0.74002	0.74002	-0.75586	0.75586	0.76412	-0.76412	-0.79172	0.79172	0.79445	-0.79445	-0.80227	0.80227	-0.82608	0.82608	-0.8291	0.8291	-0.84154	0.84154	-0.8532	0.8532	0.85675	-0.85675	0.86405	-0.86405	-0.87128	0.87128	-0.87863	0.87863	-0.88635	0.88635	0.89848	-0.89848	-0.90473	0.90473	0.90966	-0.90966	-0.92464	0.92464	-0.93085	0.93085	0.935	-0.935	0.94533	-0.94533	-0.95336	0.95336	0.95936	-0.95936	-0.96298	0.96298	-0.97408	0.97408	0.9819	-0.9819	0.98662	-0.98662	0.99721	-0.99721	-1.0072	1.0072	-1.0147	1.0147	1.0201	-1.0201	1.028	-1.028	1.0361	-1.0361	-1.0496	1.0496	1.0575	-1.0575	-1.0655	1.0655	1.0734	-1.0734	1.082	-1.082	1.0936	-1.0936	1.1033	-1.1033	-1.1121	1.1121	-1.1196	1.1196	1.1279	-1.1279	-1.135	1.135	-1.1387	1.1387	1.1488	-1.1488	-1.1538	1.1538	1.1644	-1.1644	1.1704	-1.1704	1.1815	-1.1815	1.191	-1.191	1.1977	-1.1977	1.2071	-1.2071	1.2115	-1.2115	1.2265	-1.2265	1.2412	-1.2412	1.244	-1.244	1.2504	-1.2504	-1.259	1.259	-1.2674	1.2674	1.275	-1.275	1.2836	-1.2836	-1.2863	1.2863	1.3011	-1.3011	1.3088	-1.3088	1.3138	-1.3138	1.323	-1.323	-1.3322	1.3322	1.3381	-1.3381	1.3447	-1.3447	1.3522	-1.3522	1.357	-1.357	-1.3615	1.3615	1.3698	-1.3698	-1.3781	1.3781	-1.3863	1.3863	-1.3937	1.3937	-1.3985	1.3985	-1.402	1.402	-1.4059	1.4059	1.4133	-1.4133	-1.4211	1.4211	1.4325	-1.4325	1.4388	-1.4388	1.4492	-1.4492	1.4552	-1.4552	-1.4662	1.4662	1.4725	-1.4725	1.4811	-1.4811	1.4904	-1.4904	1.4919	-1.4919	1.4974	-1.4974	1.5095	-1.5095	1.5126	-1.5126	-1.5201	1.5201	-1.529	1.529	1.5388	-1.5388	-1.5456	1.5456	1.5508	-1.5508	1.5567	-1.5567	-1.5643	1.5643	-1.5783	1.5783	1.5831	-1.5831	1.5908	-1.5908	-1.5949	1.5949	1.6012	-1.6012	-1.6128	1.6128	-1.6158	1.6158	1.6263	-1.6263	1.6404	-1.6404	1.6463	-1.6463	1.6513	-1.6513	-1.6649	1.6649	1.6731	-1.6731	-1.6755	1.6755	1.6827	-1.6827	1.6913	-1.6913	1.6984	-1.6984	1.7085	-1.7085	1.7173	-1.7173	1.7291	-1.7291	1.7375	-1.7375	1.7442	-1.7442	-1.7556	1.7556	1.7632	-1.7632	-1.7734	1.7734	-1.7866	1.7866	-1.7969	1.7969	1.8036	-1.8036	1.8047	-1.8047	-1.8167	1.8167	-1.8246	1.8246	-1.8324	1.8324	1.844	-1.844	1.8525	-1.8525	-1.8631	1.8631	-1.8695	1.8695	1.8746	-1.8746	1.8935	-1.8935	1.8974	-1.8974	1.9091	-1.9091	-1.9144	1.9144	1.9222	-1.9222	-1.9318	1.9318	-1.9383	1.9383	1.9501	-1.9501	1.9563	-1.9563	-1.9647	1.9647	1.9764	-1.9764	-1.9842	1.9842	-1.9879	1.9879	1.9969	-1.9969	-2.0098	2.0098	-2.0154	2.0154	-2.024	2.024	-2.0322	2.0322	2.0395	-2.0395	2.048	-2.048	2.0559	-2.0559	-2.0654	2.0654	2.0716	-2.0716	-2.0793	2.0793	2.084	-2.084	2.0951	-2.0951	2.1006	-2.1006	-2.1132	2.1132	-2.1181	2.1181	-2.1283	2.1283	2.1334	-2.1334	
0.42105	-0.56	-0.0031076	0.0031076	-0.013188	0.013188	0.027617	-0.027617	0.044484	-0.044484	-0.056452	0.056452	0.075654	-0.075654	-0.087929	0.087929	0.10427	-0.10427	-0.13471	0.13471	-0.17504	0.17504	-0.2982	0.2982	-0.31375	0.31375	0.32977	-0.32977	-0.34427	0.34427	-0.35916	0.35916	-0.40167	0.40167	-0.43591	0.43591	-0.44483	0.44483	-0.49996	0.49996	-0.54707	0.54707	-0.57349	0.57349	0.57541	-0.57541	0.58676	-0.58676	-0.60676	0.60676	0.62721	-0.62721	-0.6351	0.6351	-0.65238	0.65238	-0.68037	0.68037	-0.69634	0.69634	-0.70867	0.70867	-0.74319	0.74319	-0.76459	0.76459	-0.76802	0.76802	-0.79739	0.79739	0.80071	-0.80071	-0.81103	0.81103	-0.83177	0.83177	0.83715	-0.83715	-0.846	0.846	0.85583	-0.85583	-0.86329	0.86329	0.86983	-0.86983	0.87714	-0.87714	-0.8855	0.8855	0.89277	-0.89277	0.90371	-0.90371	-0.90946	0.90946	0.91255	-0.91255	-0.92725	0.92725	-0.93443	0.93443	-0.93839	0.93839	0.94771	-0.94771	0.95537	-0.95537	-0.96239	0.96239	-0.96641	0.96641	-0.97651	0.97651	-0.98339	0.98339	-0.98905	0.98905	-0.9986	0.9986	1.0088	-1.0088	-1.0171	1.0171	-1.0228	1.0228	1.0293	-1.0293	-1.0382	1.0382	-1.0508	1.0508	-1.0594	1.0594	-1.0676	1.0676	-1.0749	1.0749	-1.0831	1.0831	-1.0966	1.0966	-1.1064	1.1064	-1.1135	1.1135	-1.1216	1.1216	-1.1307	1.1307	1.1365	-1.1365	-1.1406	1.1406	-1.152	1.152	-1.1557	1.1557	-1.1657	1.1657	-1.1725	1.1725	1.1836	-1.1836	-1.1942	1.1942	-1.1995	1.1995	-1.21	1.21	-1.2149	1.2149	1.2295	-1.2295	-1.2437	1.2437	-1.2482	1.2482	-1.2532	1.2532	1.2622	-1.2622	1.2698	-1.2698	-1.2787	1.2787	-1.2869	1.2869	1.2911	-1.2911	1.3034	-1.3034	-1.3127	1.3127	-1.3206	1.3206	-1.3271	1.3271	-1.34	1.34	1.3427	-1.3427	-1.3519	1.3519	-1.3579	1.3579	1.3608	-1.3608	1.3667	-1.3667	-1.3756	1.3756	-1.3838	1.3838	1.3942	-1.3942	1.3974	-1.3974	-1.4038	1.4038	1.4107	-1.4107	-1.4156	1.4156	1.4167	-1.4167	-1.4236	1.4236	-1.4354	1.4354	-1.4433	1.4433	-1.4541	1.4541	-1.4581	1.4581	-1.47	1.47	-1.4727	1.4727	-1.4825	1.4825	1.4934	-1.4934	1.4965	-1.4965	-1.4993	1.4993	1.5119	-1.5119	-1.5146	1.5146	1.522	-1.522	1.5309	-1.5309	1.5397	-1.5397	1.5473	-1.5473	1.5526	-1.5526	-1.5579	1.5579	1.5653	-1.5653	1.5795	-1.5795	-1.5838	1.5838	-1.5915	1.5915	-1.596	1.596	1.6016	-1.6016	1.6135	-1.6135	-1.6169	1.6169	-1.6262	1.6262	-1.6412	1.6412	1.6467	-1.6467	1.6517	-1.6517	-1.6653	1.6653	-1.6742	1.6742	1.6768	-1.6768	-1.6828	1.6828	-1.6915	1.6915	-1.6986	1.6986	1.7089	-1.7089	1.7174	-1.7174	-1.7298	1.7298	-1.7375	1.7375	1.7442	-1.7442	-1.7557	1.7557	-1.7635	1.7635	1.7737	-1.7737	-1.7868	1.7868	1.7971	-1.7971	-1.8032	1.8032	-1.8049	1.8049	1.8165	-1.8165	-1.8247	1.8247	1.8328	-1.8328	1.8443	-1.8443	1.8524	-1.8524	-1.863	1.863	1.8694	-1.8694	1.8746	-1.8746	1.8935	-1.8935	1.8974	-1.8974	-1.909	1.909	1.9143	-1.9143	1.9223	-1.9223	1.9319	-1.9319	-1.9384	1.9384	-1.9505	1.9505	-1.9562	1.9562	1.9649	-1.9649	1.976	-1.976	-1.9845	1.9845	-1.9879	1.9879	1.9971	-1.9971	-2.0098	2.0098	-2.0151	2.0151	2.0238	-2.0238	-2.0325	2.0325	-2.0391	2.0391	-2.0477	2.0477	2.0558	-2.0558	2.065	-2.065	-2.0715	2.0715	-2.0792	2.0792	2.0839	-2.0839	-2.0949	2.0949	2.1004	-2.1004	-2.1127	2.1127	-2.1179	2.1179	-2.1281	2.1281	2.1336	-2.1336	
0.42105	-0.54	-0.0014628	0.0014628	-0.016558	0.016558	0.029585	-0.029585	0.042338	-0.042338	0.06744	-0.06744	-0.074078	0.074078	0.10187	-0.10187	-0.11711	0.11711	-0.14873	0.14873	-0.19291	0.19291	-0.31805	0.31805	-0.33334	0.33334	0.3489	-0.3489	-0.36275	0.36275	-0.37713	0.37713	-0.42018	0.42018	-0.45569	0.45569	-0.4616	0.4616	-0.51627	0.51627	0.55593	-0.55593	0.57429	-0.57429	-0.57934	0.57934	0.58947	-0.58947	-0.60931	0.60931	0.6291	-0.6291	0.64267	-0.64267	0.65417	-0.65417	-0.68255	0.68255	0.70021	-0.70021	0.71242	-0.71242	-0.74543	0.74543	-0.7685	0.7685	-0.77463	0.77463	-0.8	0.8	-0.80686	0.80686	0.82043	-0.82043	-0.83613	0.83613	-0.84352	0.84352	0.8514	-0.8514	0.85746	-0.85746	0.8696	-0.8696	-0.87353	0.87353	-0.88421	0.88421	0.89142	-0.89142	0.90003	-0.90003	0.90803	-0.90803	-0.91471	0.91471	-0.91581	0.91581	-0.93031	0.93031	0.93824	-0.93824	0.94233	-0.94233	0.95049	-0.95049	0.95808	-0.95808	0.96492	-0.96492	0.97102	-0.97102	0.97917	-0.97917	-0.98532	0.98532	-0.99194	0.99194	1.0003	-1.0003	-1.0104	1.0104	-1.0196	1.0196	-1.0254	1.0254	-1.0309	1.0309	-1.0403	1.0403	1.0518	-1.0518	1.0613	-1.0613	-1.0696	1.0696	1.0763	-1.0763	-1.0842	1.0842	-1.0994	1.0994	1.1095	-1.1095	1.1149	-1.1149	-1.1229	1.1229	1.1339	-1.1339	1.1379	-1.1379	-1.1426	1.1426	-1.1546	1.1546	1.1577	-1.1577	-1.1667	1.1667	1.1746	-1.1746	-1.1856	1.1856	-1.1969	1.1969	1.2012	-1.2012	-1.2125	1.2125	1.218	-1.218	-1.2323	1.2323	1.2455	-1.2455	1.2519	-1.2519	1.2555	-1.2555	-1.2649	1.2649	-1.2716	1.2716	-1.2821	1.2821	1.2898	-1.2898	-1.2951	1.2951	1.3053	-1.3053	1.3156	-1.3156	1.3265	-1.3265	1.331	-1.331	1.3435	-1.3435	-1.3493	1.3493	1.3586	-1.3586	-1.3619	1.3619	1.3651	-1.3651	1.3714	-1.3714	1.3814	-1.3814	1.3886	-1.3886	-1.3991	1.3991	-1.4034	1.4034	1.4107	-1.4107	1.4182	-1.4182	1.4211	-1.4211	-1.4254	1.4254	-1.427	1.427	-1.4386	1.4386	-1.4478	1.4478	-1.459	1.459	-1.4629	1.4629	1.473	-1.473	-1.4748	1.4748	1.4845	-1.4845	1.496	-1.496	-1.501	1.501	1.5026	-1.5026	1.5146	-1.5146	-1.517	1.517	1.5248	-1.5248	-1.5335	1.5335	1.5409	-1.5409	1.5491	-1.5491	1.555	-1.555	-1.5595	1.5595	-1.5666	1.5666	-1.5806	1.5806	-1.5849	1.5849	-1.5925	1.5925	-1.5974	1.5974	1.6025	-1.6025	1.6144	-1.6144	-1.6183	1.6183	-1.6262	1.6262	-1.6419	1.6419	-1.6471	1.6471	-1.6523	1.6523	1.6658	-1.6658	1.675	-1.675	-1.6785	1.6785	-1.6829	1.6829	-1.6917	1.6917	-1.6989	1.6989	-1.7094	1.7094	1.7176	-1.7176	1.7304	-1.7304	-1.7375	1.7375	1.7443	-1.7443	1.7558	-1.7558	-1.764	1.764	1.774	-1.774	1.7869	-1.7869	-1.7972	1.7972	-1.8029	1.8029	1.8052	-1.8052	1.8164	-1.8164	1.8248	-1.8248	-1.8332	1.8332	1.8446	-1.8446	1.8523	-1.8523	1.863	-1.863	-1.8694	1.8694	1.8747	-1.8747	1.8934	-1.8934	-1.8974	1.8974	1.9089	-1.9089	1.9142	-1.9142	-1.9223	1.9223	-1.9319	1.9319	-1.9386	1.9386	-1.9509	1.9509	1.9562	-1.9562	-1.9652	1.9652	-1.9756	1.9756	-1.9848	1.9848	-1.9878	1.9878	1.9974	-1.9974	2.0098	-2.0098	-2.0149	2.0149	2.0236	-2.0236	2.0327	-2.0327	-2.0386	2.0386	-2.0473	2.0473	2.0558	-2.0558	2.0647	-2.0647	2.0713	-2.0713	-2.0792	2.0792	-2.0838	2.0838	-2.0948	2.0948	2.1002	-2.1002	2.1122	-2.1122	2.1177	-2.1177	-2.1279	2.1279	-2.1338	2.1338	
0.42105	-0.52	0.0052553	-0.0052553	0.015725	-0.015725	0.037183	-0.037183	0.047377	-0.047377	0.072499	-0.072499	0.092404	-0.092404	0.11964	-0.11964	-0.13262	0.13262	0.16524	-0.16524	-0.21141	0.21141	0.33789	-0.33789	0.35269	-0.35269	-0.36793	0.36793	-0.38119	0.38119	-0.39529	0.39529	-0.43838	0.43838	-0.47492	0.47492	-0.47858	0.47858	-0.53141	0.53141	0.56076	-0.56076	0.57343	-0.57343	0.58553	-0.58553	0.5934	-0.5934	0.61162	-0.61162	0.62949	-0.62949	0.64936	-0.64936	0.65879	-0.65879	-0.68539	0.68539	0.70334	-0.70334	-0.71703	0.71703	-0.74732	0.74732	0.77057	-0.77057	0.78089	-0.78089	-0.80152	0.80152	0.81206	-0.81206	-0.82828	0.82828	0.84077	-0.84077	-0.84738	0.84738	0.8572	-0.8572	-0.85979	0.85979	-0.8755	0.8755	-0.87699	0.87699	-0.88882	0.88882	0.89833	-0.89833	0.9064	-0.9064	-0.91099	0.91099	0.91828	-0.91828	-0.92165	0.92165	0.93394	-0.93394	-0.94175	0.94175	-0.94704	0.94704	0.95359	-0.95359	0.96143	-0.96143	0.96773	-0.96773	0.97527	-0.97527	0.98214	-0.98214	-0.98872	0.98872	-0.99525	0.99525	1.0026	-1.0026	-1.0121	1.0121	-1.0226	1.0226	1.0277	-1.0277	-1.0329	1.0329	1.0423	-1.0423	1.0528	-1.0528	1.0633	-1.0633	-1.0718	1.0718	1.0777	-1.0777	-1.0854	1.0854	1.1019	-1.1019	1.112	-1.112	1.1168	-1.1168	1.1239	-1.1239	1.1369	-1.1369	-1.1393	1.1393	1.1449	-1.1449	1.1567	-1.1567	1.1599	-1.1599	1.1675	-1.1675	-1.1767	1.1767	1.1875	-1.1875	1.199	-1.199	-1.2031	1.2031	-1.2148	1.2148	-1.2209	1.2209	1.235	-1.235	1.2471	-1.2471	-1.2549	1.2549	-1.2574	1.2574	-1.2675	1.2675	-1.273	1.273	1.2852	-1.2852	-1.2924	1.2924	-1.2986	1.2986	-1.307	1.307	-1.318	1.318	1.3303	-1.3303	-1.3347	1.3347	-1.3475	1.3475	1.3537	-1.3537	-1.3629	1.3629	-1.366	1.366	1.3695	-1.3695	-1.3764	1.3764	1.3866	-1.3866	-1.3921	1.3921	1.4027	-1.4027	1.4104	-1.4104	1.4175	-1.4175	-1.4227	1.4227	1.4276	-1.4276	1.4307	-1.4307	1.4345	-1.4345	-1.4425	1.4425	-1.4527	1.4527	1.4627	-1.4627	1.4701	-1.4701	1.4736	-1.4736	1.4801	-1.4801	-1.4874	1.4874	1.4985	-1.4985	-1.5041	1.5041	-1.5081	1.5081	-1.5169	1.5169	-1.5205	1.5205	-1.5284	1.5284	1.537	-1.537	1.5425	-1.5425	1.5514	-1.5514	-1.5575	1.5575	-1.5618	1.5618	-1.5681	1.5681	-1.5815	1.5815	-1.5862	1.5862	-1.5937	1.5937	-1.599	1.599	1.6038	-1.6038	-1.6156	1.6156	1.6199	-1.6199	-1.6263	1.6263	1.6425	-1.6425	-1.6476	1.6476	-1.6533	1.6533	-1.6664	1.6664	-1.6758	1.6758	-1.6802	1.6802	1.6834	-1.6834	1.6921	-1.6921	1.6994	-1.6994	1.71	-1.71	1.7179	-1.7179	1.7311	-1.7311	1.7377	-1.7377	1.7445	-1.7445	-1.756	1.756	-1.7645	1.7645	-1.7743	1.7743	-1.7872	1.7872	-1.7973	1.7973	-1.8026	1.8026	1.8055	-1.8055	-1.8163	1.8163	1.8249	-1.8249	1.8336	-1.8336	1.845	-1.845	1.8522	-1.8522	1.8629	-1.8629	-1.8694	1.8694	-1.8747	1.8747	1.8933	-1.8933	1.8974	-1.8974	1.9088	-1.9088	1.9142	-1.9142	1.9224	-1.9224	-1.932	1.932	-1.9388	1.9388	-1.9512	1.9512	1.9562	-1.9562	-1.9654	1.9654	-1.9752	1.9752	1.985	-1.985	1.9878	-1.9878	1.9976	-1.9976	2.0099	-2.0099	2.0146	-2.0146	2.0235	-2.0235	2.033	-2.033	2.0382	-2.0382	-2.047	2.047	2.0557	-2.0557	2.0643	-2.0643	-2.0712	2.0712	-2.0792	2.0792	-2.0837	2.0837	2.0945	-2.0945	-2.1001	2.1001	-2.1117	2.1117	-2.1175	2.1175	2.1278	-2.1278	2.1339	-2.1339	
0.42105	-0.5	0.0050798	-0.0050798	0.026704	-0.026704	-0.041592	0.041592	0.064213	-0.064213	0.087259	-0.087259	0.11189	-0.11189	-0.13815	0.13815	0.14961	-0.14961	0.18277	-0.18277	-0.23011	0.23011	0.35756	-0.35756	-0.37169	0.37169	-0.38679	0.38679	-0.39944	0.39944	-0.41343	0.41343	0.45611	-0.45611	-0.4927	0.4927	-0.49608	0.49608	0.54438	-0.54438	0.56404	-0.56404	0.57277	-0.57277	0.58862	-0.58862	-0.59994	0.59994	0.61433	-0.61433	0.63084	-0.63084	0.65249	-0.65249	-0.66543	0.66543	0.68971	-0.68971	0.70682	-0.70682	-0.72191	0.72191	-0.74925	0.74925	-0.7723	0.7723	-0.78555	0.78555	-0.80251	0.80251	0.81629	-0.81629	0.83314	-0.83314	-0.84553	0.84553	0.85087	-0.85087	0.86032	-0.86032	-0.86492	0.86492	0.87856	-0.87856	0.88278	-0.88278	-0.89306	0.89306	0.90321	-0.90321	-0.91206	0.91206	0.91326	-0.91326	-0.92209	0.92209	0.92759	-0.92759	-0.93767	0.93767	-0.94499	0.94499	-0.95195	0.95195	-0.9573	0.9573	-0.9648	0.9648	0.97178	-0.97178	-0.97811	0.97811	0.98525	-0.98525	-0.99386	0.99386	-0.9991	0.9991	-1.0055	1.0055	1.0139	-1.0139	1.0261	-1.0261	1.0298	-1.0298	1.0355	-1.0355	-1.0443	1.0443	1.0538	-1.0538	-1.0654	1.0654	-1.074	1.074	1.079	-1.079	1.0869	-1.0869	-1.1042	1.1042	1.1137	-1.1137	1.1195	-1.1195	-1.1249	1.1249	-1.1391	1.1391	1.1411	-1.1411	-1.1474	1.1474	1.1586	-1.1586	1.1621	-1.1621	1.1684	-1.1684	1.1788	-1.1788	-1.1893	1.1893	1.2005	-1.2005	1.2052	-1.2052	-1.2167	1.2167	1.2234	-1.2234	-1.2378	1.2378	-1.2485	1.2485	-1.2572	1.2572	1.2589	-1.2589	-1.2699	1.2699	-1.2742	1.2742	-1.2878	1.2878	-1.2949	1.2949	1.3015	-1.3015	-1.3086	1.3086	-1.3201	1.3201	-1.3326	1.3326	1.3373	-1.3373	-1.3522	1.3522	1.3569	-1.3569	-1.3654	1.3654	-1.3689	1.3689	-1.374	1.374	-1.3814	1.3814	-1.3911	1.3911	-1.3955	1.3955	-1.4062	1.4062	-1.4164	1.4164	1.4225	-1.4225	1.427	-1.427	1.433	-1.433	-1.4364	1.4364	1.4407	-1.4407	-1.4478	1.4478	-1.4577	1.4577	-1.4664	1.4664	-1.4736	1.4736	1.4788	-1.4788	-1.4857	1.4857	-1.4916	1.4916	1.5009	-1.5009	-1.5074	1.5074	-1.514	1.514	-1.5192	1.5192	-1.5248	1.5248	-1.5326	1.5326	1.5412	-1.5412	-1.545	1.545	1.5541	-1.5541	-1.5598	1.5598	1.5651	-1.5651	-1.57	1.57	1.5824	-1.5824	1.5878	-1.5878	-1.595	1.595	-1.6009	1.6009	1.6058	-1.6058	-1.6172	1.6172	1.622	-1.622	-1.6266	1.6266	1.643	-1.643	1.6484	-1.6484	-1.6545	1.6545	-1.667	1.667	-1.6765	1.6765	-1.6814	1.6814	1.6848	-1.6848	1.6927	-1.6927	1.7002	-1.7002	1.7108	-1.7108	1.7182	-1.7182	-1.7318	1.7318	-1.738	1.738	-1.7448	1.7448	1.7561	-1.7561	-1.7652	1.7652	-1.7746	1.7746	1.7875	-1.7875	-1.7975	1.7975	-1.8024	1.8024	-1.8059	1.8059	-1.8162	1.8162	1.8251	-1.8251	1.834	-1.834	-1.8454	1.8454	-1.8522	1.8522	1.8629	-1.8629	-1.8694	1.8694	-1.8748	1.8748	1.8932	-1.8932	-1.8974	1.8974	1.9087	-1.9087	1.9142	-1.9142	1.9225	-1.9225	-1.932	1.932	-1.9391	1.9391	1.9514	-1.9514	1.9563	-1.9563	-1.9656	1.9656	-1.9749	1.9749	-1.9852	1.9852	-1.9879	1.9879	-1.9977	1.9977	2.0099	-2.0099	-2.0143	2.0143	-2.0234	2.0234	2.0332	-2.0332	2.0377	-2.0377	-2.0466	2.0466	2.0555	-2.0555	2.064	-2.064	2.0711	-2.0711	2.0791	-2.0791	-2.0837	2.0837	2.0943	-2.0943	2.0999	-2.0999	-2.1111	2.1111	-2.1173	2.1173	2.1276	-2.1276	-2.134	2.134	
0.42105	-0.48	0.016036	-0.016036	0.041123	-0.041123	0.055129	-0.055129	0.083	-0.083	0.10454	-0.10454	0.13153	-0.13153	0.15687	-0.15687	-0.16734	0.16734	-0.2007	0.2007	0.2488	-0.2488	0.37694	-0.37694	0.39023	-0.39023	0.40539	-0.40539	0.41738	-0.41738	-0.4314	0.4314	-0.47316	0.47316	-0.50869	0.50869	0.5136	-0.5136	0.5535	-0.5535	-0.56759	0.56759	0.57325	-0.57325	0.59073	-0.59073	-0.60546	0.60546	-0.6172	0.6172	0.63422	-0.63422	-0.65571	0.65571	0.67002	-0.67002	0.69489	-0.69489	0.71201	-0.71201	0.72677	-0.72677	0.75154	-0.75154	-0.77393	0.77393	0.78881	-0.78881	-0.80325	0.80325	0.81948	-0.81948	-0.83592	0.83592	-0.84829	0.84829	-0.85479	0.85479	0.8636	-0.8636	0.87021	-0.87021	0.88096	-0.88096	-0.88819	0.88819	0.89817	-0.89817	0.90651	-0.90651	-0.91332	0.91332	-0.91787	0.91787	-0.92618	0.92618	-0.9333	0.9333	-0.94164	0.94164	-0.94807	0.94807	-0.95586	0.95586	0.96163	-0.96163	0.96774	-0.96774	0.97647	-0.97647	-0.98087	0.98087	-0.98881	0.98881	-0.99898	0.99898	-1.0035	1.0035	1.0093	-1.0093	-1.0165	1.0165	1.0297	-1.0297	1.0323	-1.0323	-1.0388	1.0388	1.0463	-1.0463	1.0549	-1.0549	-1.0675	1.0675	1.0763	-1.0763	-1.0804	1.0804	1.0889	-1.0889	-1.1065	1.1065	1.1148	-1.1148	1.1225	-1.1225	-1.1259	1.1259	-1.1407	1.1407	1.1431	-1.1431	1.15	-1.15	1.1603	-1.1603	1.1641	-1.1641	1.1694	-1.1694	1.1809	-1.1809	1.1909	-1.1909	-1.2018	1.2018	1.2075	-1.2075	1.2184	-1.2184	1.2257	-1.2257	1.2406	-1.2406	1.2497	-1.2497	-1.2589	1.2589	1.2604	-1.2604	1.2721	-1.2721	1.2753	-1.2753	-1.2901	1.2901	1.2971	-1.2971	1.3039	-1.3039	1.3103	-1.3103	-1.3218	1.3218	-1.3343	1.3343	-1.339	1.339	1.3563	-1.3563	1.3598	-1.3598	1.3674	-1.3674	-1.3711	1.3711	-1.3776	1.3776	-1.3858	1.3858	1.3943	-1.3943	1.3996	-1.3996	1.4095	-1.4095	-1.4208	1.4208	-1.4263	1.4263	-1.4307	1.4307	-1.4386	1.4386	1.4406	-1.4406	1.4462	-1.4462	-1.4534	1.4534	1.4626	-1.4626	1.4702	-1.4702	-1.4748	1.4748	1.485	-1.485	-1.4923	1.4923	1.4965	-1.4965	1.5038	-1.5038	1.5112	-1.5112	1.5189	-1.5189	1.5225	-1.5225	1.5296	-1.5296	1.537	-1.537	1.5452	-1.5452	1.5493	-1.5493	1.5576	-1.5576	-1.5622	1.5622	-1.5689	1.5689	1.5724	-1.5724	1.5837	-1.5837	-1.5898	1.5898	1.5963	-1.5963	1.6031	-1.6031	1.6084	-1.6084	-1.6191	1.6191	-1.6248	1.6248	-1.6273	1.6273	-1.6435	1.6435	-1.6494	1.6494	1.6559	-1.6559	-1.6678	1.6678	-1.6773	1.6773	1.682	-1.682	1.6868	-1.6868	1.6935	-1.6935	1.7012	-1.7012	-1.7117	1.7117	1.7185	-1.7185	1.7326	-1.7326	-1.7384	1.7384	-1.7452	1.7452	-1.7563	1.7563	1.766	-1.766	1.7749	-1.7749	-1.7878	1.7878	1.7976	-1.7976	1.8023	-1.8023	-1.8063	1.8063	1.8162	-1.8162	1.8254	-1.8254	1.8345	-1.8345	-1.8458	1.8458	1.8523	-1.8523	-1.8629	1.8629	-1.8694	1.8694	-1.875	1.875	1.8931	-1.8931	1.8974	-1.8974	-1.9085	1.9085	1.9142	-1.9142	-1.9227	1.9227	1.9321	-1.9321	1.9393	-1.9393	1.9516	-1.9516	-1.9565	1.9565	-1.9658	1.9658	-1.9746	1.9746	1.9853	-1.9853	1.9881	-1.9881	1.9978	-1.9978	-2.0099	2.0099	2.014	-2.014	2.0234	-2.0234	-2.0335	2.0335	2.0373	-2.0373	-2.0462	2.0462	-2.0552	2.0552	2.0637	-2.0637	-2.071	2.071	-2.0791	2.0791	-2.0836	2.0836	2.094	-2.094	-2.0998	2.0998	2.1106	-2.1106	-2.1173	2.1173	-2.1274	2.1274	-2.1341	2.1341	
0.42105	-0.46	0.031886	-0.031886	0.057473	-0.057473	-0.071752	0.071752	0.10191	-0.10191	0.12255	-0.12255	-0.15106	0.15106	0.17556	-0.17556	-0.18539	0.18539	-0.21873	0.21873	-0.2673	0.2673	0.39594	-0.39594	0.40825	-0.40825	-0.42366	0.42366	0.4349	-0.4349	-0.44901	0.44901	-0.48923	0.48923	0.5231	-0.5231	0.52958	-0.52958	0.55867	-0.55867	0.56983	-0.56983	-0.57698	0.57698	0.5936	-0.5936	-0.60893	0.60893	-0.62027	0.62027	0.63885	-0.63885	0.66069	-0.66069	-0.67272	0.67272	0.69944	-0.69944	0.71877	-0.71877	-0.732	0.732	-0.75451	0.75451	0.77555	-0.77555	0.79105	-0.79105	0.80386	-0.80386	0.82172	-0.82172	-0.83772	0.83772	0.84976	-0.84976	0.85737	-0.85737	0.86774	-0.86774	-0.87476	0.87476	0.88303	-0.88303	0.89293	-0.89293	-0.90366	0.90366	-0.90921	0.90921	0.91397	-0.91397	-0.92196	0.92196	-0.92964	0.92964	0.93761	-0.93761	0.94697	-0.94697	0.95128	-0.95128	-0.95906	0.95906	-0.96561	0.96561	0.97069	-0.97069	0.97894	-0.97894	-0.98481	0.98481	-0.99407	0.99407	1.003	-1.003	-1.0081	1.0081	-1.013	1.013	1.0209	-1.0209	1.0326	-1.0326	-1.036	1.036	-1.0429	1.0429	-1.0483	1.0483	1.0563	-1.0563	1.0695	-1.0695	-1.0782	1.0782	-1.0825	1.0825	-1.0914	1.0914	-1.1088	1.1088	1.1159	-1.1159	-1.1253	1.1253	1.1273	-1.1273	-1.1421	1.1421	1.1451	-1.1451	-1.1525	1.1525	1.1621	-1.1621	-1.1658	1.1658	1.1708	-1.1708	1.183	-1.183	-1.1924	1.1924	-1.203	1.203	1.2098	-1.2098	-1.2197	1.2197	1.2278	-1.2278	-1.2434	1.2434	-1.251	1.251	-1.2602	1.2602	1.2618	-1.2618	1.2739	-1.2739	1.2767	-1.2767	1.2921	-1.2921	-1.2991	1.2991	1.306	-1.306	-1.3119	1.3119	-1.3234	1.3234	1.3355	-1.3355	1.3403	-1.3403	1.3586	-1.3586	-1.3632	1.3632	-1.3691	1.3691	-1.373	1.373	-1.3806	1.3806	1.3893	-1.3893	1.3968	-1.3968	1.4038	-1.4038	-1.4126	1.4126	1.4239	-1.4239	-1.4291	1.4291	1.4341	-1.4341	-1.442	1.442	1.4455	-1.4455	1.4513	-1.4513	-1.4581	1.4581	1.4673	-1.4673	-1.4731	1.4731	1.4768	-1.4768	1.4893	-1.4893	1.4986	-1.4986	-1.5019	1.5019	1.5078	-1.5078	1.5153	-1.5153	-1.522	1.522	1.527	-1.527	-1.535	1.535	1.5411	-1.5411	1.5494	-1.5494	1.5551	-1.5551	-1.5616	1.5616	1.5648	-1.5648	-1.5726	1.5726	-1.5754	1.5754	-1.5856	1.5856	1.5922	-1.5922	1.5978	-1.5978	1.6058	-1.6058	1.6115	-1.6115	-1.6212	1.6212	1.6274	-1.6274	1.6294	-1.6294	-1.644	1.644	1.6508	-1.6508	-1.6576	1.6576	1.6688	-1.6688	1.6782	-1.6782	1.6826	-1.6826	-1.689	1.689	-1.6947	1.6947	1.7024	-1.7024	1.7128	-1.7128	1.7189	-1.7189	-1.7333	1.7333	-1.739	1.739	1.7458	-1.7458	-1.7565	1.7565	-1.7669	1.7669	-1.7753	1.7753	1.7883	-1.7883	-1.7978	1.7978	1.8023	-1.8023	-1.8068	1.8068	1.8162	-1.8162	1.8258	-1.8258	-1.8349	1.8349	-1.8463	1.8463	-1.8524	1.8524	-1.8629	1.8629	-1.8694	1.8694	-1.8752	1.8752	1.8929	-1.8929	-1.8974	1.8974	-1.9084	1.9084	1.9143	-1.9143	1.9229	-1.9229	-1.9322	1.9322	1.9395	-1.9395	-1.9516	1.9516	-1.9569	1.9569	-1.9659	1.9659	-1.9744	1.9744	1.9854	-1.9854	1.9883	-1.9883	-1.9978	1.9978	2.01	-2.01	2.0137	-2.0137	2.0234	-2.0234	-2.0337	2.0337	-2.0368	2.0368	2.0457	-2.0457	-2.0548	2.0548	2.0635	-2.0635	-2.0709	2.0709	-2.079	2.079	2.0836	-2.0836	2.0936	-2.0936	-2.0997	2.0997	-2.11	2.11	2.1173	-2.1173	-2.1272	2.1272	-2.134	2.134	
0.42105	-0.44	-0.04903	0.04903	0.074314	-0.074314	0.089101	-0.089101	0.12064	-0.12064	0.14073	-0.14073	-0.17033	0.17033	0.19405	-0.19405	-0.20347	0.20347	0.23666	-0.23666	0.28551	-0.28551	0.41445	-0.41445	0.42563	-0.42563	-0.4415	0.4415	0.45191	-0.45191	0.46609	-0.46609	0.50392	-0.50392	-0.53536	0.53536	-0.54246	0.54246	-0.5621	0.5621	-0.57228	0.57228	0.58176	-0.58176	-0.59777	0.59777	0.61051	-0.61051	0.62472	-0.62472	-0.64358	0.64358	0.66712	-0.66712	0.67486	-0.67486	-0.7038	0.7038	-0.72456	0.72456	-0.7383	0.7383	0.75865	-0.75865	0.77721	-0.77721	0.79265	-0.79265	-0.8044	0.8044	0.8233	-0.8233	-0.83898	0.83898	0.85079	-0.85079	-0.85879	0.85879	-0.8715	0.8715	0.87846	-0.87846	-0.88487	0.88487	0.89716	-0.89716	0.90789	-0.90789	0.91182	-0.91182	0.91523	-0.91523	-0.92583	0.92583	0.93266	-0.93266	-0.94032	0.94032	0.95212	-0.95212	-0.95541	0.95541	0.96222	-0.96222	0.96895	-0.96895	-0.97406	0.97406	-0.98037	0.98037	-0.9878	0.9878	1.0008	-1.0008	1.0064	-1.0064	1.0121	-1.0121	1.0165	-1.0165	-1.026	1.026	-1.0355	1.0355	-1.0405	1.0405	-1.0475	1.0475	1.0505	-1.0505	-1.0582	1.0582	-1.0715	1.0715	-1.0796	1.0796	-1.0854	1.0854	1.0946	-1.0946	1.1112	-1.1112	-1.1171	1.1171	1.127	-1.127	-1.1295	1.1295	1.1434	-1.1434	-1.1471	1.1471	1.1548	-1.1548	-1.1638	1.1638	-1.1673	1.1673	-1.1725	1.1725	-1.1852	1.1852	-1.1937	1.1937	-1.2041	1.2041	1.212	-1.212	-1.2208	1.2208	1.2296	-1.2296	-1.2459	1.2459	-1.2525	1.2525	1.2614	-1.2614	-1.2631	1.2631	-1.2753	1.2753	-1.2784	1.2784	-1.2938	1.2938	1.301	-1.301	-1.3077	1.3077	-1.3135	1.3135	1.3247	-1.3247	-1.3364	1.3364	1.3412	-1.3412	1.3599	-1.3599	1.3661	-1.3661	1.3705	-1.3705	1.3748	-1.3748	1.3832	-1.3832	1.3919	-1.3919	-1.399	1.399	-1.4074	1.4074	1.4155	-1.4155	1.4264	-1.4264	1.4312	-1.4312	1.4372	-1.4372	1.4438	-1.4438	-1.4505	1.4505	-1.4557	1.4557	-1.4618	1.4618	1.4711	-1.4711	-1.4761	1.4761	1.4796	-1.4796	-1.4924	1.4924	1.5022	-1.5022	-1.5081	1.5081	1.5123	-1.5123	-1.5201	1.5201	-1.5251	1.5251	1.5312	-1.5312	1.54	-1.54	-1.5451	1.5451	-1.5543	1.5543	1.5611	-1.5611	-1.5655	1.5655	-1.5683	1.5683	-1.5761	1.5761	-1.5789	1.5789	1.5883	-1.5883	-1.5955	1.5955	-1.5996	1.5996	-1.6088	1.6088	1.6149	-1.6149	1.6236	-1.6236	-1.6292	1.6292	1.6339	-1.6339	1.645	-1.645	-1.6525	1.6525	1.6596	-1.6596	1.6702	-1.6702	-1.6791	1.6791	-1.6833	1.6833	1.6911	-1.6911	1.6963	-1.6963	-1.704	1.704	1.7141	-1.7141	1.7195	-1.7195	-1.7342	1.7342	-1.7398	1.7398	1.7464	-1.7464	1.7568	-1.7568	1.7678	-1.7678	1.7758	-1.7758	1.7888	-1.7888	-1.798	1.798	1.8024	-1.8024	-1.8074	1.8074	-1.8163	1.8163	-1.8262	1.8262	-1.8355	1.8355	-1.8468	1.8468	1.8526	-1.8526	1.8629	-1.8629	1.8695	-1.8695	-1.8754	1.8754	1.8928	-1.8928	1.8974	-1.8974	1.9082	-1.9082	-1.9144	1.9144	-1.9231	1.9231	-1.9323	1.9323	1.9397	-1.9397	-1.9516	1.9516	1.9574	-1.9574	1.966	-1.966	1.9742	-1.9742	1.9855	-1.9855	-1.9885	1.9885	1.9978	-1.9978	-2.01	2.01	-2.0134	2.0134	-2.0235	2.0235	2.0339	-2.0339	-2.0363	2.0363	-2.0453	2.0453	2.0543	-2.0543	-2.0633	2.0633	-2.0708	2.0708	-2.079	2.079	2.0837	-2.0837	-2.0932	2.0932	2.0996	-2.0996	2.1095	-2.1095	-2.1173	2.1173	-2.127	2.127	-2.1339	2.1339	
0.42105	-0.42	-0.066401	0.066401	0.091078	-0.091078	0.10655	-0.10655	0.13905	-0.13905	0.15882	-0.15882	0.18923	-0.18923	0.21223	-0.21223	0.22142	-0.22142	-0.25438	0.25438	-0.30334	0.30334	-0.43236	0.43236	-0.44227	0.44227	-0.4588	0.4588	-0.46831	0.46831	-0.48241	0.48241	-0.51665	0.51665	0.54467	-0.54467	-0.55126	0.55126	-0.56429	0.56429	0.57771	-0.57771	0.58655	-0.58655	-0.60326	0.60326	0.61118	-0.61118	-0.62974	0.62974	-0.6492	0.6492	-0.67291	0.67291	-0.67773	0.67773	0.70916	-0.70916	-0.72828	0.72828	-0.74477	0.74477	-0.7644	0.7644	-0.77901	0.77901	0.79394	-0.79394	-0.80489	0.80489	-0.82456	0.82456	0.83989	-0.83989	-0.85164	0.85164	-0.85966	0.85966	-0.87435	0.87435	-0.88126	0.88126	-0.88666	0.88666	-0.90065	0.90065	0.90981	-0.90981	-0.91333	0.91333	0.91909	-0.91909	-0.92896	0.92896	-0.93586	0.93586	0.94246	-0.94246	0.95555	-0.95555	-0.9603	0.9603	-0.96567	0.96567	-0.97195	0.97195	-0.97791	0.97791	-0.98193	0.98193	0.98998	-0.98998	1.0065	-1.0065	-1.0101	1.0101	-1.015	1.015	-1.0209	1.0209	1.0303	-1.0303	-1.0391	1.0391	-1.0454	1.0454	-1.0508	1.0508	-1.0543	1.0543	1.0613	-1.0613	1.0734	-1.0734	1.0807	-1.0807	1.0885	-1.0885	1.0983	-1.0983	1.1135	-1.1135	-1.1191	1.1191	-1.1285	1.1285	1.1321	-1.1321	-1.1448	1.1448	-1.1491	1.1491	1.1569	-1.1569	-1.1653	1.1653	-1.1689	1.1689	-1.1746	1.1746	-1.1874	1.1874	-1.1949	1.1949	-1.2051	1.2051	-1.2143	1.2143	1.2217	-1.2217	1.2313	-1.2313	-1.2478	1.2478	-1.2541	1.2541	-1.2625	1.2625	-1.2642	1.2642	-1.2764	1.2764	-1.2804	1.2804	-1.2954	1.2954	-1.3027	1.3027	-1.3092	1.3092	1.3152	-1.3152	-1.3258	1.3258	1.3371	-1.3371	-1.342	1.342	1.3607	-1.3607	-1.3679	1.3679	1.3719	-1.3719	-1.3766	1.3766	-1.3856	1.3856	1.394	-1.394	1.4011	-1.4011	1.41	-1.41	1.4182	-1.4182	1.4284	-1.4284	1.4329	-1.4329	1.4398	-1.4398	-1.4454	1.4454	-1.454	1.454	1.46	-1.46	1.4648	-1.4648	-1.4732	1.4732	1.48	-1.48	-1.4822	1.4822	1.4947	-1.4947	1.5049	-1.5049	1.5131	-1.5131	1.516	-1.516	1.5251	-1.5251	1.5291	-1.5291	-1.5354	1.5354	1.5434	-1.5434	1.5494	-1.5494	-1.5595	1.5595	-1.5662	1.5662	1.5688	-1.5688	-1.5726	1.5726	-1.5799	1.5799	1.5825	-1.5825	-1.592	1.592	-1.5989	1.5989	1.6025	-1.6025	1.6121	-1.6121	1.618	-1.618	1.6264	-1.6264	1.6315	-1.6315	-1.6391	1.6391	-1.6464	1.6464	1.6546	-1.6546	1.6619	-1.6619	-1.6721	1.6721	-1.6801	1.6801	1.6843	-1.6843	-1.6929	1.6929	1.6984	-1.6984	-1.7059	1.7059	1.7157	-1.7157	1.7202	-1.7202	1.7351	-1.7351	-1.7408	1.7408	-1.7472	1.7472	-1.7572	1.7572	1.7688	-1.7688	-1.7764	1.7764	-1.7895	1.7895	-1.7982	1.7982	-1.8027	1.8027	1.808	-1.808	-1.8165	1.8165	1.8267	-1.8267	-1.836	1.836	-1.8473	1.8473	1.853	-1.853	-1.8629	1.8629	1.8696	-1.8696	-1.8756	1.8756	-1.8926	1.8926	-1.8974	1.8974	1.908	-1.908	1.9145	-1.9145	-1.9233	1.9233	-1.9324	1.9324	-1.94	1.94	1.9514	-1.9514	-1.958	1.958	-1.966	1.966	-1.974	1.974	1.9856	-1.9856	-1.9888	1.9888	1.9977	-1.9977	-2.01	2.01	-2.0131	2.0131	2.0237	-2.0237	-2.0341	2.0341	-2.036	2.036	-2.0447	2.0447	2.0537	-2.0537	2.0631	-2.0631	2.0707	-2.0707	-2.079	2.079	-2.0837	2.0837	-2.0928	2.0928	2.0995	-2.0995	-2.1089	2.1089	-2.1174	2.1174	-2.1267	2.1267	-2.1338	2.1338	
0.42105	-0.4	-0.083594	0.083594	0.10752	-0.10752	-0.12383	0.12383	0.15708	-0.15708	0.17669	-0.17669	0.20769	-0.20769	0.23002	-0.23002	-0.23912	0.23912	-0.27182	0.27182	-0.32071	0.32071	0.44954	-0.44954	0.45803	-0.45803	-0.47538	0.47538	-0.48394	0.48394	-0.49756	0.49756	-0.52681	0.52681	-0.55155	0.55155	-0.55655	0.55655	0.56589	-0.56589	0.58397	-0.58397	-0.59208	0.59208	-0.60927	0.60927	0.61369	-0.61369	-0.63391	0.63391	-0.6563	0.6563	0.67708	-0.67708	-0.6818	0.6818	-0.71598	0.71598	0.73091	-0.73091	0.74996	-0.74996	-0.77117	0.77117	0.78121	-0.78121	0.79533	-0.79533	-0.80533	0.80533	-0.82588	0.82588	0.84059	-0.84059	-0.85239	0.85239	0.86029	-0.86029	-0.87638	0.87638	-0.88329	0.88329	0.88846	-0.88846	-0.90332	0.90332	0.91036	-0.91036	-0.91415	0.91415	0.92408	-0.92408	0.93094	-0.93094	-0.93913	0.93913	0.9446	-0.9446	0.95809	-0.95809	-0.9646	0.9646	-0.96935	0.96935	-0.97475	0.97475	0.98212	-0.98212	0.98409	-0.98409	-0.9919	0.9919	-1.0098	1.0098	-1.0134	1.0134	1.019	-1.019	-1.0249	1.0249	1.0337	-1.0337	1.0431	-1.0431	1.0493	-1.0493	-1.0534	1.0534	-1.0593	1.0593	1.0658	-1.0658	1.0754	-1.0754	-1.0819	1.0819	-1.092	1.092	1.1021	-1.1021	-1.1153	1.1153	1.122	-1.122	-1.1303	1.1303	-1.1348	1.1348	1.1464	-1.1464	1.1513	-1.1513	-1.1587	1.1587	1.1664	-1.1664	-1.1711	1.1711	1.1767	-1.1767	-1.1896	1.1896	-1.1961	1.1961	1.2061	-1.2061	1.2165	-1.2165	1.2224	-1.2224	-1.2329	1.2329	-1.2491	1.2491	1.2559	-1.2559	1.2637	-1.2637	-1.2654	1.2654	-1.2774	1.2774	-1.2826	1.2826	1.2969	-1.2969	-1.3044	1.3044	-1.3104	1.3104	-1.3168	1.3168	1.3268	-1.3268	1.3377	-1.3377	-1.3427	1.3427	-1.3613	1.3613	-1.369	1.369	-1.3732	1.3732	1.3782	-1.3782	-1.3875	1.3875	-1.396	1.396	-1.4029	1.4029	1.4119	-1.4119	-1.4207	1.4207	1.4301	-1.4301	1.4343	-1.4343	-1.442	1.442	-1.447	1.447	-1.4562	1.4562	-1.4638	1.4638	-1.4677	1.4677	-1.4744	1.4744	-1.4839	1.4839	-1.4846	1.4846	1.4965	-1.4965	1.507	-1.507	-1.5166	1.5166	1.5191	-1.5191	1.5291	-1.5291	-1.5342	1.5342	-1.5397	1.5397	-1.5459	1.5459	-1.5534	1.5534	1.5644	-1.5644	-1.5702	1.5702	-1.5719	1.5719	-1.5769	1.5769	-1.5841	1.5841	-1.5862	1.5862	-1.5965	1.5965	-1.6019	1.6019	1.6071	-1.6071	1.6155	-1.6155	-1.6205	1.6205	-1.6299	1.6299	-1.6346	1.6346	-1.6445	1.6445	-1.6486	1.6486	-1.657	1.657	-1.6648	1.6648	-1.6747	1.6747	1.6812	-1.6812	1.6856	-1.6856	1.6947	-1.6947	1.7006	-1.7006	-1.7082	1.7082	1.7176	-1.7176	-1.7213	1.7213	-1.7362	1.7362	-1.7419	1.7419	1.7481	-1.7481	-1.7578	1.7578	1.7699	-1.7699	1.7771	-1.7771	-1.7902	1.7902	-1.7985	1.7985	1.803	-1.803	-1.8087	1.8087	1.8168	-1.8168	1.8273	-1.8273	1.8367	-1.8367	1.8479	-1.8479	-1.8534	1.8534	1.863	-1.863	-1.8698	1.8698	-1.8758	1.8758	-1.8925	1.8925	-1.8973	1.8973	-1.9078	1.9078	1.9147	-1.9147	1.9235	-1.9235	-1.9326	1.9326	-1.9402	1.9402	-1.9512	1.9512	-1.9587	1.9587	-1.966	1.966	1.9739	-1.9739	-1.9856	1.9856	-1.9892	1.9892	-1.9975	1.9975	2.01	-2.01	-2.0128	2.0128	-2.0241	2.0241	-2.0342	2.0342	-2.0357	2.0357	-2.0441	2.0441	2.053	-2.053	-2.063	2.063	-2.0707	2.0707	2.079	-2.079	-2.0838	2.0838	-2.0923	2.0923	-2.0995	2.0995	2.1085	-2.1085	2.1175	-2.1175	-2.1264	2.1264	2.1336	-2.1336	
0.42105	-0.38	0.10041	-0.10041	0.12352	-0.12352	0.14081	-0.14081	0.17465	-0.17465	0.19424	-0.19424	0.22567	-0.22567	0.24732	-0.24732	-0.25646	0.25646	-0.28891	0.28891	0.33756	-0.33756	-0.46577	0.46577	-0.47277	0.47277	-0.49089	0.49089	0.4986	-0.4986	0.51083	-0.51083	0.53476	-0.53476	-0.55712	0.55712	0.55971	-0.55971	0.56789	-0.56789	-0.58829	0.58829	-0.59749	0.59749	-0.61377	0.61377	-0.62131	0.62131	0.63778	-0.63778	0.66372	-0.66372	0.68128	-0.68128	0.68621	-0.68621	-0.72325	0.72325	-0.7337	0.7337	-0.75404	0.75404	-0.7767	0.7767	-0.78429	0.78429	-0.79734	0.79734	0.80577	-0.80577	0.82771	-0.82771	0.84125	-0.84125	0.85306	-0.85306	-0.86084	0.86084	0.87776	-0.87776	-0.88487	0.88487	0.89022	-0.89022	0.90535	-0.90535	-0.9103	0.9103	-0.9149	0.9149	-0.92836	0.92836	-0.9325	0.9325	0.94163	-0.94163	0.94703	-0.94703	0.95998	-0.95998	-0.96817	0.96817	-0.97289	0.97289	-0.97735	0.97735	0.98606	-0.98606	0.98758	-0.98758	0.99388	-0.99388	1.0122	-1.0122	-1.0156	1.0156	1.0239	-1.0239	-1.0284	1.0284	1.0368	-1.0368	-1.047	1.047	1.0515	-1.0515	-1.0566	1.0566	-1.0641	1.0641	1.071	-1.071	1.0775	-1.0775	1.0839	-1.0839	1.0959	-1.0959	1.1057	-1.1057	-1.1169	1.1169	-1.1249	1.1249	1.1329	-1.1329	1.1377	-1.1377	-1.148	1.148	1.1536	-1.1536	1.1605	-1.1605	1.1671	-1.1671	1.1737	-1.1737	1.1789	-1.1789	1.1919	-1.1919	-1.1974	1.1974	-1.2071	1.2071	1.2187	-1.2187	-1.223	1.223	-1.2344	1.2344	1.2499	-1.2499	-1.2576	1.2576	-1.2647	1.2647	-1.2668	1.2668	1.2783	-1.2783	-1.2848	1.2848	-1.2983	1.2983	-1.3059	1.3059	1.3114	-1.3114	-1.3185	1.3185	1.3276	-1.3276	1.338	-1.338	1.3434	-1.3434	1.3617	-1.3617	-1.3696	1.3696	-1.3741	1.3741	1.3798	-1.3798	-1.3892	1.3892	1.3978	-1.3978	-1.4045	1.4045	1.4132	-1.4132	-1.4229	1.4229	1.4312	-1.4312	-1.4355	1.4355	1.4437	-1.4437	1.4487	-1.4487	-1.4577	1.4577	1.4665	-1.4665	1.471	-1.471	1.4754	-1.4754	-1.4862	1.4862	1.4877	-1.4877	1.4979	-1.4979	-1.5089	1.5089	-1.519	1.519	-1.5216	1.5216	1.5324	-1.5324	1.5388	-1.5388	1.5443	-1.5443	1.5481	-1.5481	1.5565	-1.5565	1.5682	-1.5682	1.5727	-1.5727	-1.576	1.576	1.5809	-1.5809	1.5869	-1.5869	-1.5911	1.5911	-1.6004	1.6004	-1.6063	1.6063	-1.6118	1.6118	-1.6193	1.6193	1.6225	-1.6225	1.6336	-1.6336	1.6387	-1.6387	-1.649	1.649	-1.6521	1.6521	1.6598	-1.6598	-1.6687	1.6687	1.6779	-1.6779	1.6826	-1.6826	-1.6873	1.6873	1.6966	-1.6966	1.7028	-1.7028	-1.7108	1.7108	1.7196	-1.7196	-1.723	1.723	-1.7375	1.7375	-1.7432	1.7432	1.7491	-1.7491	1.7585	-1.7585	1.771	-1.771	-1.7781	1.7781	1.791	-1.791	1.799	-1.799	-1.8035	1.8035	1.8095	-1.8095	1.8171	-1.8171	-1.828	1.828	1.8374	-1.8374	-1.8485	1.8485	-1.854	1.854	1.8631	-1.8631	-1.87	1.87	-1.8761	1.8761	1.8924	-1.8924	1.8973	-1.8973	1.9076	-1.9076	-1.915	1.915	1.9238	-1.9238	-1.9328	1.9328	1.9404	-1.9404	1.9509	-1.9509	1.9595	-1.9595	-1.966	1.966	1.9737	-1.9737	-1.9856	1.9856	1.9895	-1.9895	1.9972	-1.9972	-2.01	2.01	-2.0125	2.0125	-2.0245	2.0245	-2.0341	2.0341	-2.0357	2.0357	-2.0435	2.0435	-2.0522	2.0522	-2.0628	2.0628	2.0706	-2.0706	2.079	-2.079	-2.0839	2.0839	-2.0919	2.0919	2.0994	-2.0994	2.108	-2.108	-2.1177	2.1177	2.126	-2.126	-2.1335	2.1335	
0.42105	-0.36	-0.11672	0.11672	-0.13898	0.13898	-0.15738	0.15738	0.19172	-0.19172	-0.21138	0.21138	0.24311	-0.24311	0.26407	-0.26407	-0.27339	0.27339	-0.3056	0.3056	-0.35384	0.35384	0.4806	-0.4806	-0.48635	0.48635	-0.50456	0.50456	-0.51183	0.51183	-0.52147	0.52147	0.54249	-0.54249	-0.56082	0.56082	-0.5629	0.5629	-0.57073	0.57073	0.59039	-0.59039	-0.60154	0.60154	-0.62029	0.62029	0.62929	-0.62929	-0.64289	0.64289	-0.67049	0.67049	-0.68528	0.68528	-0.69212	0.69212	0.72867	-0.72867	-0.7382	0.7382	-0.7579	0.7579	-0.78002	0.78002	-0.78746	0.78746	-0.80024	0.80024	0.80637	-0.80637	0.83036	-0.83036	-0.84211	0.84211	-0.85366	0.85366	0.86149	-0.86149	-0.8787	0.8787	-0.88623	0.88623	0.89189	-0.89189	-0.90696	0.90696	-0.90997	0.90997	-0.91563	0.91563	-0.93058	0.93058	-0.93494	0.93494	0.94326	-0.94326	0.94953	-0.94953	0.96135	-0.96135	-0.97103	0.97103	-0.97568	0.97568	0.98017	-0.98017	-0.98896	0.98896	0.99271	-0.99271	-0.99623	0.99623	-1.0138	1.0138	1.0178	-1.0178	-1.0276	1.0276	1.0321	-1.0321	-1.0397	1.0397	1.05	-1.05	-1.0534	1.0534	-1.0604	1.0604	-1.0682	1.0682	-1.0758	1.0758	-1.0794	1.0794	1.087	-1.087	-1.1003	1.1003	-1.1089	1.1089	1.1186	-1.1186	-1.1271	1.1271	-1.1361	1.1361	-1.1412	1.1412	-1.1499	1.1499	-1.1557	1.1557	-1.1626	1.1626	1.1677	-1.1677	1.1765	-1.1765	-1.1812	1.1812	1.1941	-1.1941	-1.1989	1.1989	-1.2081	1.2081	1.2208	-1.2208	-1.2236	1.2236	1.2358	-1.2358	1.2504	-1.2504	-1.2591	1.2591	-1.2655	1.2655	-1.2686	1.2686	-1.2793	1.2793	-1.287	1.287	-1.2997	1.2997	-1.3072	1.3072	1.3123	-1.3123	-1.3202	1.3202	1.3284	-1.3284	1.3383	-1.3383	-1.3439	1.3439	1.3619	-1.3619	-1.3699	1.3699	-1.3749	1.3749	1.3812	-1.3812	-1.3905	1.3905	1.3994	-1.3994	1.4059	-1.4059	-1.4141	1.4141	1.4246	-1.4246	1.4318	-1.4318	1.4368	-1.4368	-1.445	1.445	1.4504	-1.4504	1.459	-1.459	-1.4681	1.4681	-1.4742	1.4742	-1.4763	1.4763	1.4877	-1.4877	1.4907	-1.4907	-1.4992	1.4992	-1.5104	1.5104	1.5208	-1.5208	1.5234	-1.5234	-1.5353	1.5353	1.5422	-1.5422	1.5482	-1.5482	1.5511	-1.5511	-1.5588	1.5588	-1.5706	1.5706	-1.575	1.575	1.5802	-1.5802	-1.5843	1.5843	-1.5891	1.5891	-1.5961	1.5961	1.6032	-1.6032	-1.6118	1.6118	-1.6161	1.6161	-1.6231	1.6231	-1.6246	1.6246	1.6373	-1.6373	-1.6437	1.6437	1.6519	-1.6519	-1.6569	1.6569	-1.6631	1.6631	-1.6733	1.6733	1.6817	-1.6817	-1.6843	1.6843	-1.6894	1.6894	-1.6988	1.6988	-1.7051	1.7051	1.7136	-1.7136	-1.7218	1.7218	1.7254	-1.7254	-1.7392	1.7392	-1.7447	1.7447	-1.7501	1.7501	-1.7594	1.7594	-1.7721	1.7721	1.7794	-1.7794	1.7919	-1.7919	-1.7995	1.7995	-1.8041	1.8041	1.8104	-1.8104	1.8175	-1.8175	-1.8288	1.8288	-1.8381	1.8381	-1.8491	1.8491	-1.8547	1.8547	-1.8632	1.8632	1.8702	-1.8702	-1.8765	1.8765	1.8923	-1.8923	1.8973	-1.8973	-1.9074	1.9074	1.9154	-1.9154	-1.9241	1.9241	-1.933	1.933	-1.9407	1.9407	1.9506	-1.9506	-1.9604	1.9604	-1.966	1.966	-1.9736	1.9736	-1.9855	1.9855	1.99	-1.99	1.9969	-1.9969	-2.0099	2.0099	2.0122	-2.0122	-2.025	2.025	-2.0338	2.0338	2.0358	-2.0358	-2.0427	2.0427	2.0515	-2.0515	2.0627	-2.0627	2.0705	-2.0705	-2.0791	2.0791	-2.084	2.084	2.0914	-2.0914	2.0994	-2.0994	2.1076	-2.1076	-2.1179	2.1179	-2.1255	2.1255	-2.1333	2.1333	
0.42105	-0.34	0.13246	-0.13246	-0.15386	0.15386	-0.17348	0.17348	0.20825	-0.20825	-0.22807	0.22807	0.25998	-0.25998	0.2802	-0.2802	-0.28984	0.28984	-0.32185	0.32185	0.36948	-0.36948	0.49307	-0.49307	0.49871	-0.49871	0.51475	-0.51475	-0.52243	0.52243	0.53138	-0.53138	-0.55106	0.55106	0.56315	-0.56315	-0.5675	0.5675	-0.57419	0.57419	-0.59076	0.59076	0.60517	-0.60517	-0.62792	0.62792	-0.63564	0.63564	-0.64981	0.64981	0.67679	-0.67679	0.68893	-0.68893	-0.69961	0.69961	-0.73177	0.73177	0.74387	-0.74387	0.76236	-0.76236	0.78256	-0.78256	0.78941	-0.78941	-0.80289	0.80289	0.80765	-0.80765	0.83352	-0.83352	0.84366	-0.84366	-0.85418	0.85418	0.86255	-0.86255	-0.87936	0.87936	0.88747	-0.88747	0.89348	-0.89348	0.90822	-0.90822	-0.90967	0.90967	-0.91635	0.91635	-0.93117	0.93117	-0.93788	0.93788	0.94442	-0.94442	-0.9517	0.9517	0.96237	-0.96237	0.97327	-0.97327	-0.97742	0.97742	0.98337	-0.98337	-0.99138	0.99138	-0.99777	0.99777	-0.99947	0.99947	-1.0149	1.0149	-1.0205	1.0205	1.03	-1.03	-1.0358	1.0358	1.0425	-1.0425	-1.0515	1.0515	1.0559	-1.0559	-1.0642	1.0642	-1.0713	1.0713	1.0792	-1.0792	-1.0816	1.0816	1.0914	-1.0914	-1.1048	1.1048	1.1119	-1.1119	1.1208	-1.1208	-1.1288	1.1288	-1.1388	1.1388	-1.1456	1.1456	-1.1522	1.1522	1.1575	-1.1575	-1.1653	1.1653	-1.1683	1.1683	1.1794	-1.1794	1.1834	-1.1834	1.1963	-1.1963	-1.2009	1.2009	-1.2092	1.2092	1.2223	-1.2223	-1.2248	1.2248	1.2372	-1.2372	1.2506	-1.2506	1.2603	-1.2603	-1.266	1.266	-1.2706	1.2706	1.2803	-1.2803	-1.2892	1.2892	1.3011	-1.3011	-1.3083	1.3083	-1.3131	1.3131	1.3219	-1.3219	-1.3291	1.3291	1.3384	-1.3384	-1.3443	1.3443	1.362	-1.362	1.37	-1.37	1.3754	-1.3754	-1.3823	1.3823	-1.3916	1.3916	1.4009	-1.4009	-1.4071	1.4071	-1.4146	1.4146	1.4261	-1.4261	1.4321	-1.4321	-1.438	1.438	1.4461	-1.4461	-1.452	1.452	1.4601	-1.4601	-1.4693	1.4693	1.4765	-1.4765	1.4778	-1.4778	-1.4889	1.4889	1.4934	-1.4934	1.5003	-1.5003	1.5116	-1.5116	-1.5221	1.5221	-1.5248	1.5248	-1.5376	1.5376	-1.5449	1.5449	-1.5501	1.5501	-1.5555	1.5555	-1.5606	1.5606	1.572	-1.572	-1.5774	1.5774	1.584	-1.584	-1.5869	1.5869	1.5917	-1.5917	1.6	-1.6	1.6063	-1.6063	-1.6155	1.6155	1.6209	-1.6209	1.6253	-1.6253	-1.6282	1.6282	-1.6413	1.6413	1.6485	-1.6485	-1.654	1.654	-1.6622	1.6622	1.6672	-1.6672	1.6779	-1.6779	-1.6854	1.6854	-1.6871	1.6871	1.6921	-1.6921	1.7014	-1.7014	-1.7076	1.7076	-1.7163	1.7163	1.7243	-1.7243	1.7285	-1.7285	1.7412	-1.7412	1.7465	-1.7465	-1.7511	1.7511	-1.7606	1.7606	-1.7731	1.7731	1.7809	-1.7809	1.7929	-1.7929	-1.8003	1.8003	1.8048	-1.8048	-1.8116	1.8116	1.8181	-1.8181	1.8298	-1.8298	1.8389	-1.8389	1.8497	-1.8497	1.8555	-1.8555	-1.8635	1.8635	-1.8704	1.8704	-1.8769	1.8769	1.8922	-1.8922	1.8973	-1.8973	-1.9072	1.9072	-1.9158	1.9158	1.9243	-1.9243	-1.9332	1.9332	-1.9409	1.9409	-1.9503	1.9503	1.9613	-1.9613	1.9661	-1.9661	-1.9735	1.9735	-1.9854	1.9854	1.9905	-1.9905	-1.9966	1.9966	-2.0097	2.0097	2.012	-2.012	2.0255	-2.0255	-2.0335	2.0335	-2.0361	2.0361	-2.0418	2.0418	2.0508	-2.0508	-2.0625	2.0625	-2.0705	2.0705	2.0792	-2.0792	-2.0841	2.0841	-2.0909	2.0909	-2.0993	2.0993	-2.1073	2.1073	-2.1181	2.1181	2.125	-2.125	2.1332	-2.1332	
0.42105	-0.32	-0.14755	0.14755	-0.16809	0.16809	-0.18903	0.18903	0.2242	-0.2242	0.24424	-0.24424	0.27622	-0.27622	0.29565	-0.29565	-0.30575	0.30575	0.33764	-0.33764	-0.38444	0.38444	0.50213	-0.50213	-0.50885	0.50885	0.52097	-0.52097	0.53053	-0.53053	0.5428	-0.5428	0.5584	-0.5584	0.56628	-0.56628	-0.57386	0.57386	0.57827	-0.57827	-0.59048	0.59048	-0.60881	0.60881	-0.63513	0.63513	0.64088	-0.64088	-0.65784	0.65784	0.6823	-0.6823	-0.69367	0.69367	-0.70721	0.70721	-0.73424	0.73424	0.74841	-0.74841	0.76764	-0.76764	0.78541	-0.78541	-0.79038	0.79038	0.80419	-0.80419	0.81002	-0.81002	-0.83597	0.83597	0.84629	-0.84629	0.8546	-0.8546	-0.86449	0.86449	-0.87995	0.87995	-0.88862	0.88862	-0.89505	0.89505	-0.90846	0.90846	0.91027	-0.91027	-0.91712	0.91712	-0.93123	0.93123	-0.94036	0.94036	0.94542	-0.94542	0.95346	-0.95346	0.96313	-0.96313	-0.97508	0.97508	-0.97851	0.97851	0.98635	-0.98635	-0.99341	0.99341	-1.0015	1.0015	-1.0041	1.0041	1.016	-1.016	-1.0236	1.0236	-1.0319	1.0319	1.0392	-1.0392	-1.0454	1.0454	1.0524	-1.0524	-1.0583	1.0583	-1.0677	1.0677	-1.0738	1.0738	1.0813	-1.0813	-1.0842	1.0842	-1.0964	1.0964	-1.1086	1.1086	-1.1152	1.1152	-1.1235	1.1235	-1.1302	1.1302	1.141	-1.141	1.15	-1.15	1.155	-1.155	1.1589	-1.1589	1.1681	-1.1681	1.1695	-1.1695	1.1824	-1.1824	1.1855	-1.1855	-1.1982	1.1982	-1.2033	1.2033	-1.2105	1.2105	1.223	-1.223	-1.2267	1.2267	1.2387	-1.2387	1.2508	-1.2508	-1.2613	1.2613	1.2665	-1.2665	-1.2726	1.2726	-1.2813	1.2813	-1.2912	1.2912	1.3025	-1.3025	-1.3092	1.3092	1.3139	-1.3139	-1.3237	1.3237	-1.3298	1.3298	1.3385	-1.3385	-1.3447	1.3447	1.362	-1.362	1.3701	-1.3701	-1.3758	1.3758	-1.3832	1.3832	-1.3925	1.3925	1.4022	-1.4022	-1.4081	1.4081	1.415	-1.415	-1.4271	1.4271	1.432	-1.432	1.439	-1.439	-1.4471	1.4471	1.4536	-1.4536	1.4612	-1.4612	1.4702	-1.4702	-1.4774	1.4774	-1.4798	1.4798	1.4897	-1.4897	1.4958	-1.4958	1.5013	-1.5013	-1.5127	1.5127	1.5231	-1.5231	1.526	-1.526	1.5394	-1.5394	-1.547	1.547	-1.5515	1.5515	1.5596	-1.5596	-1.5621	1.5621	-1.573	1.573	-1.5796	1.5796	1.5864	-1.5864	1.5895	-1.5895	1.5946	-1.5946	1.6023	-1.6023	-1.6101	1.6101	1.6176	-1.6176	1.6251	-1.6251	-1.6276	1.6276	-1.6323	1.6323	1.6456	-1.6456	-1.6524	1.6524	1.6561	-1.6561	-1.6677	1.6677	-1.6717	1.6717	-1.6817	1.6817	-1.6885	1.6885	-1.6904	1.6904	1.6958	-1.6958	-1.7045	1.7045	1.7105	-1.7105	1.7188	-1.7188	1.7274	-1.7274	1.7319	-1.7319	-1.7435	1.7435	-1.7488	1.7488	1.7523	-1.7523	1.762	-1.762	1.7742	-1.7742	1.7827	-1.7827	-1.794	1.794	1.8013	-1.8013	1.8056	-1.8056	1.813	-1.813	1.8187	-1.8187	1.831	-1.831	1.8397	-1.8397	1.8503	-1.8503	-1.8565	1.8565	-1.8638	1.8638	1.8707	-1.8707	-1.8773	1.8773	-1.8921	1.8921	-1.8973	1.8973	-1.9071	1.9071	1.9162	-1.9162	-1.9246	1.9246	1.9334	-1.9334	-1.9411	1.9411	1.95	-1.95	1.9622	-1.9622	1.9663	-1.9663	-1.9733	1.9733	1.9852	-1.9852	-1.991	1.991	-1.9962	1.9962	2.0095	-2.0095	2.0119	-2.0119	-2.0261	2.0261	-2.0332	2.0332	-2.0364	2.0364	-2.0409	2.0409	2.0501	-2.0501	-2.0623	2.0623	-2.0703	2.0703	-2.0793	2.0793	2.0842	-2.0842	-2.0905	2.0905	2.0994	-2.0994	-2.1071	2.1071	-2.1183	2.1183	-2.1245	2.1245	-2.1332	2.1332	
0.42105	-0.3	-0.16194	0.16194	-0.18164	0.18164	0.204	-0.204	0.23952	-0.23952	-0.25987	0.25987	-0.2918	0.2918	0.31036	-0.31036	-0.32107	0.32107	-0.35293	0.35293	-0.39866	0.39866	0.50738	-0.50738	-0.51425	0.51425	-0.52667	0.52667	0.53746	-0.53746	-0.55373	0.55373	-0.56262	0.56262	-0.57182	0.57182	-0.57963	0.57963	-0.5849	0.5849	-0.59132	0.59132	0.61261	-0.61261	0.64076	-0.64076	-0.6462	0.6462	0.6664	-0.6664	-0.68658	0.68658	0.69971	-0.69971	-0.71428	0.71428	-0.73686	0.73686	-0.75131	0.75131	-0.77279	0.77279	0.78887	-0.78887	-0.79099	0.79099	0.80518	-0.80518	-0.81298	0.81298	-0.83721	0.83721	-0.84915	0.84915	-0.85488	0.85488	-0.86778	0.86778	0.88072	-0.88072	-0.88968	0.88968	-0.89669	0.89669	0.90797	-0.90797	0.91165	-0.91165	-0.91801	0.91801	0.93105	-0.93105	-0.94215	0.94215	0.94647	-0.94647	0.95486	-0.95486	0.96375	-0.96375	0.97656	-0.97656	-0.97929	0.97929	-0.98876	0.98876	-0.99514	0.99514	-1.0045	1.0045	1.0084	-1.0084	-1.0176	1.0176	1.0267	-1.0267	1.0337	-1.0337	1.0424	-1.0424	-1.048	1.048	-1.0533	1.0533	-1.0606	1.0606	1.0705	-1.0705	1.0758	-1.0758	-1.0828	1.0828	1.087	-1.087	-1.1011	1.1011	1.1116	-1.1116	1.1189	-1.1189	-1.1262	1.1262	-1.1318	1.1318	1.1429	-1.1429	1.1534	-1.1534	-1.1579	1.1579	1.1613	-1.1613	1.1693	-1.1693	-1.1726	1.1726	-1.1851	1.1851	-1.188	1.188	1.1999	-1.1999	1.206	-1.206	1.2124	-1.2124	1.2234	-1.2234	1.2289	-1.2289	-1.2402	1.2402	1.251	-1.251	1.2622	-1.2622	1.2669	-1.2669	-1.2745	1.2745	-1.2824	1.2824	-1.293	1.293	-1.304	1.304	1.3098	-1.3098	-1.3147	1.3147	1.3254	-1.3254	-1.3305	1.3305	1.3385	-1.3385	-1.3451	1.3451	1.362	-1.362	-1.37	1.37	-1.376	1.376	-1.3839	1.3839	-1.3933	1.3933	-1.4033	1.4033	-1.4091	1.4091	1.4152	-1.4152	1.4277	-1.4277	1.4319	-1.4319	-1.4397	1.4397	1.4479	-1.4479	1.455	-1.455	-1.4623	1.4623	1.471	-1.471	-1.478	1.478	1.4815	-1.4815	1.4903	-1.4903	-1.4979	1.4979	-1.5023	1.5023	1.5135	-1.5135	1.5237	-1.5237	-1.5272	1.5272	1.5405	-1.5405	-1.5486	1.5486	-1.5526	1.5526	1.5619	-1.5619	1.5646	-1.5646	-1.5738	1.5738	-1.5817	1.5817	1.5876	-1.5876	1.5924	-1.5924	1.5975	-1.5975	1.6038	-1.6038	1.6134	-1.6134	-1.6193	1.6193	-1.627	1.627	1.6312	-1.6312	-1.636	1.636	-1.6503	1.6503	1.6547	-1.6547	-1.6588	1.6588	-1.673	1.673	-1.6764	1.6764	1.6848	-1.6848	1.6917	-1.6917	-1.6933	1.6933	1.7002	-1.7002	1.7082	-1.7082	1.7142	-1.7142	1.7213	-1.7213	1.731	-1.731	-1.7355	1.7355	1.7458	-1.7458	1.7516	-1.7516	-1.7537	1.7537	-1.7636	1.7636	1.7753	-1.7753	1.7846	-1.7846	1.7951	-1.7951	-1.8026	1.8026	1.8064	-1.8064	-1.8147	1.8147	1.8194	-1.8194	1.8323	-1.8323	1.8405	-1.8405	-1.851	1.851	1.8575	-1.8575	1.8643	-1.8643	-1.871	1.871	1.8778	-1.8778	1.8921	-1.8921	1.8973	-1.8973	-1.907	1.907	1.9168	-1.9168	1.925	-1.925	1.9337	-1.9337	-1.9413	1.9413	-1.9497	1.9497	1.9628	-1.9628	-1.9667	1.9667	-1.9731	1.9731	1.9849	-1.9849	1.9915	-1.9915	1.9959	-1.9959	2.0092	-2.0092	2.0118	-2.0118	-2.0267	2.0267	-2.0329	2.0329	-2.0367	2.0367	2.0398	-2.0398	-2.0495	2.0495	-2.0621	2.0621	2.0702	-2.0702	2.0795	-2.0795	2.0842	-2.0842	2.0902	-2.0902	-2.0994	2.0994	2.1069	-2.1069	-2.1185	2.1185	-2.124	2.124	2.1331	-2.1331	
0.42105	-0.28	-0.17559	0.17559	0.19447	-0.19447	0.21833	-0.21833	0.25419	-0.25419	0.27491	-0.27491	-0.30668	0.30668	0.32429	-0.32429	-0.33575	0.33575	-0.36771	0.36771	-0.41206	0.41206	-0.50899	0.50899	0.51623	-0.51623	0.53095	-0.53095	-0.54413	0.54413	0.56078	-0.56078	-0.56718	0.56718	-0.57676	0.57676	-0.5859	0.5859	-0.59096	0.59096	-0.59704	0.59704	-0.61719	0.61719	0.64404	-0.64404	0.65259	-0.65259	-0.67488	0.67488	0.69049	-0.69049	0.70538	-0.70538	-0.72098	0.72098	-0.73985	0.73985	-0.75309	0.75309	0.77672	-0.77672	-0.7903	0.7903	0.79345	-0.79345	-0.80726	0.80726	0.81651	-0.81651	-0.83773	0.83773	-0.85117	0.85117	0.85495	-0.85495	-0.87175	0.87175	-0.88218	0.88218	-0.89067	0.89067	-0.8985	0.8985	-0.9074	0.9074	-0.91328	0.91328	-0.91917	0.91917	-0.93075	0.93075	0.94328	-0.94328	-0.94764	0.94764	-0.95602	0.95602	0.96429	-0.96429	-0.97773	0.97773	-0.97994	0.97994	0.99062	-0.99062	0.99666	-0.99666	1.0069	-1.0069	-1.0114	1.0114	1.0201	-1.0201	-1.0299	1.0299	1.0353	-1.0353	-1.0454	1.0454	-1.0502	1.0502	-1.0547	1.0547	-1.0626	1.0626	-1.0726	1.0726	-1.0775	1.0775	1.0839	-1.0839	-1.0898	1.0898	1.1049	-1.1049	1.1144	-1.1144	1.1227	-1.1227	1.1288	-1.1288	-1.1338	1.1338	-1.1447	1.1447	-1.1558	1.1558	-1.1594	1.1594	1.1654	-1.1654	1.1703	-1.1703	1.1761	-1.1761	1.187	-1.187	-1.1911	1.1911	1.2018	-1.2018	-1.2082	1.2082	-1.2151	1.2151	-1.2237	1.2237	-1.2312	1.2312	1.242	-1.242	1.2512	-1.2512	-1.263	1.263	1.2673	-1.2673	-1.2762	1.2762	-1.2837	1.2837	-1.2946	1.2946	1.3054	-1.3054	-1.3102	1.3102	-1.3157	1.3157	-1.327	1.327	-1.3312	1.3312	-1.3386	1.3386	1.3453	-1.3453	1.3619	-1.3619	-1.37	1.37	1.3762	-1.3762	-1.3843	1.3843	1.394	-1.394	1.4041	-1.4041	-1.4101	1.4101	1.4153	-1.4153	-1.4278	1.4278	1.4318	-1.4318	-1.4403	1.4403	1.4486	-1.4486	-1.4562	1.4562	-1.4634	1.4634	1.4716	-1.4716	1.4786	-1.4786	1.4826	-1.4826	1.4908	-1.4908	1.4999	-1.4999	1.5032	-1.5032	1.5142	-1.5142	-1.524	1.524	-1.5284	1.5284	1.5412	-1.5412	1.5494	-1.5494	-1.5537	1.5537	-1.5631	1.5631	-1.5675	1.5675	1.5746	-1.5746	-1.5835	1.5835	1.5882	-1.5882	-1.5952	1.5952	-1.6	1.6	-1.6048	1.6048	-1.6158	1.6158	-1.6212	1.6212	-1.6281	1.6281	-1.6345	1.6345	-1.6392	1.6392	-1.6547	1.6547	1.6563	-1.6563	-1.6619	1.6619	-1.6773	1.6773	1.681	-1.681	-1.6876	1.6876	1.6942	-1.6942	-1.696	1.696	-1.7048	1.7048	1.7122	-1.7122	1.7187	-1.7187	1.7238	-1.7238	1.735	-1.735	1.739	-1.739	1.7483	-1.7483	-1.7542	1.7542	1.7563	-1.7563	-1.7654	1.7654	1.7765	-1.7765	-1.7865	1.7865	1.7963	-1.7963	1.8042	-1.8042	1.8072	-1.8072	-1.8166	1.8166	-1.8203	1.8203	1.8339	-1.8339	-1.8414	1.8414	1.8517	-1.8517	-1.8586	1.8586	-1.865	1.865	1.8713	-1.8713	1.8784	-1.8784	1.8921	-1.8921	1.8973	-1.8973	-1.9069	1.9069	-1.9174	1.9174	1.9253	-1.9253	1.934	-1.934	-1.9416	1.9416	1.9495	-1.9495	-1.9632	1.9632	1.9675	-1.9675	-1.9729	1.9729	-1.9844	1.9844	-1.9921	1.9921	-1.9955	1.9955	2.0089	-2.0089	2.0117	-2.0117	-2.0272	2.0272	2.0327	-2.0327	2.0371	-2.0371	-2.0388	2.0388	2.0489	-2.0489	-2.0618	2.0618	2.07	-2.07	2.0797	-2.0797	2.0842	-2.0842	-2.0899	2.0899	2.0995	-2.0995	-2.1067	2.1067	2.1186	-2.1186	-2.1236	2.1236	2.1331	-2.1331	
0.42105	-0.26	-0.18846	0.18846	-0.20654	0.20654	0.23199	-0.23199	0.26815	-0.26815	0.28931	-0.28931	-0.32082	0.32082	0.33737	-0.33737	0.34972	-0.34972	-0.38196	0.38196	-0.42456	0.42456	-0.5081	0.5081	0.51695	-0.51695	-0.53242	0.53242	0.5494	-0.5494	0.5627	-0.5627	-0.57328	0.57328	0.58044	-0.58044	-0.59322	0.59322	-0.5973	0.5973	-0.60624	0.60624	-0.62297	0.62297	-0.64629	0.64629	-0.65907	0.65907	-0.68272	0.68272	-0.69479	0.69479	-0.70963	0.70963	0.72712	-0.72712	0.74326	-0.74326	-0.7544	0.7544	0.77916	-0.77916	-0.79004	0.79004	-0.79609	0.79609	0.81145	-0.81145	-0.82084	0.82084	-0.83796	0.83796	-0.85242	0.85242	-0.85488	0.85488	-0.87467	0.87467	-0.88492	0.88492	0.89165	-0.89165	-0.90051	0.90051	-0.90688	0.90688	0.91498	-0.91498	-0.92088	0.92088	-0.93041	0.93041	-0.94394	0.94394	0.94886	-0.94886	-0.95702	0.95702	0.9648	-0.9648	-0.97849	0.97849	-0.98064	0.98064	-0.99209	0.99209	0.99802	-0.99802	1.0084	-1.0084	-1.0134	1.0134	1.0232	-1.0232	-1.033	1.033	1.0368	-1.0368	-1.0483	1.0483	-1.0516	1.0516	1.057	-1.057	-1.0644	1.0644	-1.0744	1.0744	1.0791	-1.0791	-1.0847	1.0847	-1.0923	1.0923	-1.1075	1.1075	-1.1172	1.1172	1.1264	-1.1264	-1.131	1.131	1.136	-1.136	1.1464	-1.1464	1.1573	-1.1573	-1.1608	1.1608	-1.1697	1.1697	-1.1716	1.1716	-1.1794	1.1794	1.1885	-1.1885	-1.1946	1.1946	-1.2038	1.2038	1.2102	-1.2102	-1.2183	1.2183	1.2241	-1.2241	-1.2332	1.2332	1.2441	-1.2441	-1.2516	1.2516	-1.2638	1.2638	-1.2676	1.2676	-1.2778	1.2778	1.285	-1.285	1.296	-1.296	-1.3066	1.3066	1.3105	-1.3105	-1.3169	1.3169	1.3285	-1.3285	-1.3318	1.3318	-1.3388	1.3388	-1.3455	1.3455	1.3618	-1.3618	1.37	-1.37	-1.3763	1.3763	-1.3846	1.3846	1.3946	-1.3946	-1.4046	1.4046	-1.4109	1.4109	1.4155	-1.4155	1.4274	-1.4274	1.4318	-1.4318	-1.4406	1.4406	-1.4491	1.4491	-1.4572	1.4572	1.4646	-1.4646	-1.4721	1.4721	-1.479	1.479	-1.4833	1.4833	1.4911	-1.4911	-1.5017	1.5017	-1.5041	1.5041	1.5147	-1.5147	-1.5241	1.5241	1.5295	-1.5295	-1.5415	1.5415	-1.5497	1.5497	1.5548	-1.5548	-1.5642	1.5642	1.5698	-1.5698	-1.5752	1.5752	-1.585	1.585	-1.5887	1.5887	-1.5975	1.5975	-1.6021	1.6021	-1.6055	1.6055	-1.6173	1.6173	1.6231	-1.6231	1.6291	-1.6291	-1.6373	1.6373	-1.6418	1.6418	-1.6571	1.6571	-1.659	1.659	-1.6652	1.6652	-1.6807	1.6807	-1.685	1.685	1.6908	-1.6908	1.6959	-1.6959	-1.6988	1.6988	-1.7092	1.7092	-1.7162	1.7162	-1.7237	1.7237	1.7264	-1.7264	-1.7391	1.7391	1.7421	-1.7421	1.751	-1.751	1.7562	-1.7562	1.7604	-1.7604	-1.7676	1.7676	-1.7778	1.7778	-1.7883	1.7883	-1.7975	1.7975	-1.806	1.806	1.8084	-1.8084	-1.8188	1.8188	1.8214	-1.8214	-1.8357	1.8357	1.8422	-1.8422	1.8525	-1.8525	-1.8596	1.8596	-1.8659	1.8659	-1.8718	1.8718	-1.8791	1.8791	-1.8921	1.8921	-1.8973	1.8973	-1.9069	1.9069	-1.918	1.918	-1.9256	1.9256	-1.9343	1.9343	-1.9418	1.9418	1.9493	-1.9493	-1.9634	1.9634	-1.9687	1.9687	-1.9727	1.9727	-1.9839	1.9839	-1.9925	1.9925	1.9952	-1.9952	-2.0087	2.0087	2.0116	-2.0116	2.0275	-2.0275	-2.0325	2.0325	2.0371	-2.0371	2.0382	-2.0382	-2.0484	2.0484	-2.0615	2.0615	2.0698	-2.0698	-2.0799	2.0799	2.0842	-2.0842	2.0898	-2.0898	-2.0997	2.0997	2.1066	-2.1066	2.1186	-2.1186	2.1233	-2.1233	2.133	-2.133	
0.42105	-0.24	-0.2005	0.2005	-0.21783	0.21783	-0.24492	0.24492	-0.28136	0.28136	0.30305	-0.30305	-0.33416	0.33416	0.34955	-0.34955	-0.36293	0.36293	-0.39566	0.39566	-0.43604	0.43604	-0.50599	0.50599	-0.51683	0.51683	-0.53213	0.53213	0.5515	-0.5515	-0.56243	0.56243	-0.57747	0.57747	-0.58546	0.58546	0.59948	-0.59948	-0.60692	0.60692	-0.61561	0.61561	0.62941	-0.62941	-0.64874	0.64874	-0.665	0.665	-0.68966	0.68966	0.69934	-0.69934	-0.71292	0.71292	-0.7318	0.7318	-0.74676	0.74676	0.75628	-0.75628	-0.78033	0.78033	-0.78945	0.78945	-0.79748	0.79748	-0.8169	0.8169	-0.82606	0.82606	0.83808	-0.83808	-0.85315	0.85315	-0.85502	0.85502	-0.87601	0.87601	-0.88824	0.88824	-0.89288	0.89288	-0.90261	0.90261	-0.90659	0.90659	0.91652	-0.91652	-0.92338	0.92338	0.93024	-0.93024	-0.94438	0.94438	0.94999	-0.94999	-0.95796	0.95796	-0.96534	0.96534	-0.9788	0.9788	-0.9815	0.9815	-0.99326	0.99326	-0.99922	0.99922	-1.0093	1.0093	-1.0147	1.0147	1.0262	-1.0262	-1.0358	1.0358	-1.0383	1.0383	1.051	-1.051	-1.0525	1.0525	1.0598	-1.0598	1.066	-1.066	-1.0759	1.0759	-1.0808	1.0808	-1.0852	1.0852	-1.0946	1.0946	-1.1091	1.1091	1.1195	-1.1195	-1.1299	1.1299	-1.1332	1.1332	-1.1385	1.1385	-1.1481	1.1481	1.1578	-1.1578	-1.1626	1.1626	-1.1724	1.1724	-1.1742	1.1742	-1.1825	1.1825	-1.1899	1.1899	1.1981	-1.1981	1.206	-1.206	-1.2122	1.2122	-1.2212	1.2212	1.2248	-1.2248	-1.235	1.235	-1.2465	1.2465	1.2522	-1.2522	-1.2646	1.2646	-1.2678	1.2678	-1.2793	1.2793	-1.2865	1.2865	-1.2972	1.2972	-1.3076	1.3076	-1.3106	1.3106	-1.3185	1.3185	-1.3297	1.3297	-1.3322	1.3322	-1.3395	1.3395	1.3455	-1.3455	-1.3615	1.3615	-1.37	1.37	1.3762	-1.3762	1.3848	-1.3848	-1.3951	1.3951	-1.405	1.405	1.4116	-1.4116	-1.4158	1.4158	-1.4268	1.4268	1.4319	-1.4319	1.4408	-1.4408	-1.4495	1.4495	1.458	-1.458	-1.4657	1.4657	1.4725	-1.4725	-1.4793	1.4793	-1.4836	1.4836	-1.4913	1.4913	1.5029	-1.5029	-1.505	1.505	-1.5151	1.5151	1.524	-1.524	1.5305	-1.5305	-1.5416	1.5416	-1.5496	1.5496	-1.5556	1.5556	-1.5653	1.5653	-1.5716	1.5716	1.5757	-1.5757	-1.586	1.586	1.5894	-1.5894	-1.5995	1.5995	-1.6039	1.6039	-1.606	1.606	1.6184	-1.6184	-1.6249	1.6249	-1.6299	1.6299	-1.6396	1.6396	-1.6438	1.6438	1.6584	-1.6584	-1.662	1.662	-1.6685	1.6685	-1.6833	1.6833	-1.6879	1.6879	-1.6942	1.6942	1.697	-1.697	-1.7013	1.7013	-1.7134	1.7134	-1.7201	1.7201	1.7282	-1.7282	-1.7298	1.7298	-1.7424	1.7424	-1.7455	1.7455	1.754	-1.754	-1.7583	1.7583	-1.7648	1.7648	-1.7701	1.7701	-1.7794	1.7794	-1.79	1.79	-1.7987	1.7987	-1.8076	1.8076	-1.8101	1.8101	1.821	-1.821	-1.8227	1.8227	1.8376	-1.8376	1.843	-1.843	-1.8533	1.8533	-1.8604	1.8604	1.867	-1.867	-1.8723	1.8723	1.8799	-1.8799	-1.8922	1.8922	-1.8975	1.8975	-1.9069	1.9069	-1.9187	1.9187	-1.926	1.926	1.9347	-1.9347	-1.942	1.942	-1.9492	1.9492	-1.9635	1.9635	-1.9701	1.9701	-1.9725	1.9725	-1.9834	1.9834	1.9928	-1.9928	-1.9951	1.9951	2.0085	-2.0085	-2.0116	2.0116	-2.0276	2.0276	-2.0323	2.0323	-2.0363	2.0363	2.0385	-2.0385	-2.0479	2.0479	2.0612	-2.0612	-2.0695	2.0695	-2.0802	2.0802	-2.0841	2.0841	2.0897	-2.0897	-2.0999	2.0999	2.1066	-2.1066	2.1186	-2.1186	-2.1232	2.1232	-2.133	2.133	
0.42105	-0.22	-0.21168	0.21168	-0.2283	0.2283	-0.25709	0.25709	0.29377	-0.29377	0.31608	-0.31608	0.34664	-0.34664	0.36077	-0.36077	-0.37532	0.37532	-0.40878	0.40878	0.44633	-0.44633	0.50338	-0.50338	-0.51613	0.51613	0.53095	-0.53095	-0.55096	0.55096	-0.56043	0.56043	0.57972	-0.57972	-0.59155	0.59155	-0.60647	0.60647	-0.61713	0.61713	-0.62437	0.62437	0.63542	-0.63542	-0.65232	0.65232	0.67041	-0.67041	-0.69575	0.69575	-0.70326	0.70326	0.71618	-0.71618	-0.73466	0.73466	-0.74903	0.74903	0.76011	-0.76011	0.78058	-0.78058	-0.7888	0.7888	0.79833	-0.79833	-0.82177	0.82177	0.83204	-0.83204	0.83824	-0.83824	0.85309	-0.85309	-0.85614	0.85614	0.87647	-0.87647	-0.89057	0.89057	-0.89487	0.89487	-0.90419	0.90419	-0.90708	0.90708	0.9178	-0.9178	-0.92596	0.92596	-0.93102	0.93102	-0.9448	0.9448	-0.95098	0.95098	0.95889	-0.95889	-0.96594	0.96594	0.97876	-0.97876	0.98245	-0.98245	-0.99421	0.99421	1.0003	-1.0003	-1.0098	1.0098	-1.0157	1.0157	1.0288	-1.0288	1.0379	-1.0379	1.0403	-1.0403	-1.0525	1.0525	-1.054	1.054	1.0625	-1.0625	1.0676	-1.0676	-1.0773	1.0773	-1.0826	1.0826	-1.0857	1.0857	-1.0964	1.0964	-1.1104	1.1104	1.1213	-1.1213	-1.1325	1.1325	-1.1357	1.1357	1.1412	-1.1412	-1.1498	1.1498	1.158	-1.158	-1.1643	1.1643	-1.1742	1.1742	1.1772	-1.1772	1.1852	-1.1852	1.1915	-1.1915	-1.2012	1.2012	1.2083	-1.2083	1.2146	-1.2146	1.223	-1.223	-1.2265	1.2265	-1.2365	1.2365	-1.2489	1.2489	-1.2533	1.2533	1.2655	-1.2655	-1.2681	1.2681	-1.2807	1.2807	-1.2881	1.2881	1.2982	-1.2982	-1.3082	1.3082	1.3106	-1.3106	1.3203	-1.3203	1.3305	-1.3305	-1.3326	1.3326	1.3406	-1.3406	-1.3455	1.3455	1.3612	-1.3612	1.3701	-1.3701	1.3761	-1.3761	1.385	-1.385	-1.3955	1.3955	1.4051	-1.4051	-1.4122	1.4122	1.4162	-1.4162	1.4259	-1.4259	1.432	-1.432	1.4409	-1.4409	-1.4499	1.4499	-1.4587	1.4587	-1.4667	1.4667	-1.4729	1.4729	-1.4796	1.4796	-1.4837	1.4837	1.4915	-1.4915	-1.5038	1.5038	-1.506	1.506	1.5153	-1.5153	1.5239	-1.5239	1.5315	-1.5315	1.5415	-1.5415	1.5493	-1.5493	-1.5562	1.5562	-1.5665	1.5665	-1.5728	1.5728	1.5762	-1.5762	-1.5864	1.5864	-1.5904	1.5904	-1.6011	1.6011	-1.6053	1.6053	-1.6062	1.6062	-1.6194	1.6194	-1.6262	1.6262	-1.6308	1.6308	-1.6415	1.6415	1.6454	-1.6454	1.6595	-1.6595	-1.6646	1.6646	-1.6716	1.6716	-1.6853	1.6853	-1.6901	1.6901	-1.6973	1.6973	1.698	-1.698	-1.7036	1.7036	1.7171	-1.7171	1.7238	-1.7238	1.7313	-1.7313	1.7347	-1.7347	-1.7442	1.7442	1.7497	-1.7497	1.7571	-1.7571	1.7607	-1.7607	-1.7689	1.7689	-1.7731	1.7731	1.7813	-1.7813	-1.7916	1.7916	-1.8	1.8	-1.8088	1.8088	-1.8124	1.8124	-1.8228	1.8228	1.8247	-1.8247	1.8396	-1.8396	1.8438	-1.8438	-1.854	1.854	-1.8612	1.8612	-1.8683	1.8683	-1.8729	1.8729	1.8807	-1.8807	-1.8923	1.8923	1.8977	-1.8977	-1.9071	1.9071	1.9194	-1.9194	-1.9264	1.9264	-1.9351	1.9351	-1.9421	1.9421	1.9491	-1.9491	1.9635	-1.9635	-1.9716	1.9716	-1.9723	1.9723	1.9827	-1.9827	1.9927	-1.9927	-1.9954	1.9954	2.0083	-2.0083	2.0117	-2.0117	2.0275	-2.0275	-2.0319	2.0319	-2.0356	2.0356	2.039	-2.039	-2.0476	2.0476	-2.0609	2.0609	-2.0692	2.0692	2.0804	-2.0804	2.0839	-2.0839	2.0898	-2.0898	-2.1001	2.1001	2.1066	-2.1066	2.1184	-2.1184	2.1232	-2.1232	-2.1329	2.1329	
0.42105	-0.2	-0.22195	0.22195	-0.23793	0.23793	0.26844	-0.26844	0.30531	-0.30531	-0.32834	0.32834	0.35821	-0.35821	-0.37096	0.37096	-0.3868	0.3868	0.4213	-0.4213	-0.45515	0.45515	0.50074	-0.50074	-0.51514	0.51514	0.52938	-0.52938	-0.54892	0.54892	0.5573	-0.5573	0.58024	-0.58024	0.59799	-0.59799	-0.61394	0.61394	-0.6268	0.6268	0.63159	-0.63159	0.64106	-0.64106	0.65734	-0.65734	-0.67568	0.67568	-0.70078	0.70078	0.70618	-0.70618	0.71971	-0.71971	-0.73617	0.73617	0.75004	-0.75004	0.76524	-0.76524	-0.78038	0.78038	-0.78829	0.78829	-0.79916	0.79916	-0.82505	0.82505	-0.83716	0.83716	0.83962	-0.83962	-0.85255	0.85255	0.85828	-0.85828	-0.87651	0.87651	-0.89173	0.89173	0.89744	-0.89744	-0.90464	0.90464	0.90882	-0.90882	0.91896	-0.91896	-0.92687	0.92687	-0.93393	0.93393	0.94547	-0.94547	0.95185	-0.95185	-0.9599	0.9599	-0.96663	0.96663	-0.97848	0.97848	-0.98342	0.98342	0.99496	-0.99496	1.0011	-1.0011	-1.0102	1.0102	1.0165	-1.0165	-1.0309	1.0309	1.0392	-1.0392	1.0427	-1.0427	-1.0532	1.0532	-1.0561	1.0561	-1.0647	1.0647	1.0691	-1.0691	1.0789	-1.0789	-1.0842	1.0842	1.0864	-1.0864	1.0978	-1.0978	-1.1115	1.1115	-1.1225	1.1225	1.1341	-1.1341	1.1377	-1.1377	1.1448	-1.1448	-1.1512	1.1512	-1.158	1.158	1.1655	-1.1655	-1.1761	1.1761	-1.1795	1.1795	1.1877	-1.1877	1.1937	-1.1937	-1.2037	1.2037	1.2103	-1.2103	1.2175	-1.2175	1.224	-1.224	1.2286	-1.2286	1.2378	-1.2378	1.2509	-1.2509	1.2551	-1.2551	1.2665	-1.2665	1.2683	-1.2683	1.2821	-1.2821	-1.2896	1.2896	-1.2992	1.2992	1.3083	-1.3083	-1.3107	1.3107	-1.3222	1.3222	1.3307	-1.3307	1.3329	-1.3329	1.3421	-1.3421	-1.3454	1.3454	-1.3607	1.3607	-1.3703	1.3703	1.3759	-1.3759	1.3852	-1.3852	1.3958	-1.3958	-1.405	1.405	-1.4126	1.4126	-1.4166	1.4166	1.4251	-1.4251	-1.4319	1.4319	-1.4409	1.4409	-1.4501	1.4501	1.4592	-1.4592	-1.4674	1.4674	-1.4732	1.4732	-1.4798	1.4798	-1.4836	1.4836	1.4917	-1.4917	-1.5043	1.5043	-1.5069	1.5069	-1.5154	1.5154	-1.5237	1.5237	1.5322	-1.5322	-1.5412	1.5412	1.5491	-1.5491	-1.5566	1.5566	-1.5676	1.5676	-1.5735	1.5735	1.5768	-1.5768	1.5863	-1.5863	-1.5913	1.5913	1.6024	-1.6024	1.606	-1.606	-1.6067	1.6067	1.6202	-1.6202	1.6273	-1.6273	1.6317	-1.6317	-1.643	1.643	-1.6467	1.6467	1.6605	-1.6605	-1.6667	1.6667	-1.6742	1.6742	-1.6868	1.6868	-1.6918	1.6918	1.6986	-1.6986	-1.7001	1.7001	-1.7059	1.7059	-1.7202	1.7202	1.7272	-1.7272	-1.7342	1.7342	1.7393	-1.7393	-1.7455	1.7455	-1.7537	1.7537	1.7602	-1.7602	-1.7635	1.7635	1.7723	-1.7723	1.7765	-1.7765	-1.7837	1.7837	-1.7931	1.7931	-1.8011	1.8011	-1.8099	1.8099	-1.8152	1.8152	-1.8241	1.8241	-1.8274	1.8274	1.8414	-1.8414	1.8449	-1.8449	1.8549	-1.8549	1.8619	-1.8619	-1.8697	1.8697	1.8736	-1.8736	1.8817	-1.8817	-1.8925	1.8925	-1.8981	1.8981	-1.9072	1.9072	-1.92	1.92	1.9269	-1.9269	-1.9355	1.9355	1.9423	-1.9423	1.9492	-1.9492	-1.9636	1.9636	-1.9719	1.9719	1.9733	-1.9733	-1.982	1.982	-1.9923	1.9923	-1.9959	1.9959	2.0082	-2.0082	-2.0118	2.0118	-2.0273	2.0273	2.0312	-2.0312	-2.0351	2.0351	2.0397	-2.0397	-2.0473	2.0473	2.0606	-2.0606	2.0689	-2.0689	-2.0806	2.0806	-2.0837	2.0837	2.0899	-2.0899	2.1004	-2.1004	-2.1067	2.1067	2.1182	-2.1182	-2.1232	2.1232	-2.1328	2.1328	
0.42105	-0.18	-0.2313	0.2313	0.24669	-0.24669	-0.27892	0.27892	0.31592	-0.31592	0.33977	-0.33977	0.36878	-0.36878	0.38006	-0.38006	-0.39732	0.39732	-0.43316	0.43316	-0.4621	0.4621	0.49848	-0.49848	-0.51414	0.51414	-0.52775	0.52775	-0.54607	0.54607	-0.55348	0.55348	-0.57979	0.57979	0.60394	-0.60394	-0.6212	0.6212	-0.63425	0.63425	-0.63754	0.63754	-0.64764	0.64764	-0.66307	0.66307	-0.68113	0.68113	-0.70375	0.70375	-0.70934	0.70934	-0.7228	0.7228	-0.73692	0.73692	-0.75087	0.75087	0.76978	-0.76978	0.78033	-0.78033	-0.78807	0.78807	0.80037	-0.80037	-0.82676	0.82676	0.83776	-0.83776	-0.84505	0.84505	-0.85189	0.85189	-0.86109	0.86109	-0.87632	0.87632	-0.89244	0.89244	-0.89995	0.89995	-0.90475	0.90475	-0.91091	0.91091	0.92023	-0.92023	-0.92675	0.92675	0.93737	-0.93737	-0.94675	0.94675	-0.95271	0.95271	0.96105	-0.96105	-0.96745	0.96745	-0.97803	0.97803	-0.98439	0.98439	-0.9955	0.9955	-1.0018	1.0018	-1.0107	1.0107	-1.0171	1.0171	1.0324	-1.0324	-1.0402	1.0402	1.0452	-1.0452	-1.0536	1.0536	1.058	-1.058	-1.0662	1.0662	-1.0706	1.0706	-1.0805	1.0805	1.085	-1.085	-1.0879	1.0879	-1.0988	1.0988	-1.1126	1.1126	-1.1233	1.1233	1.1351	-1.1351	1.139	-1.139	1.1489	-1.1489	-1.1525	1.1525	1.1581	-1.1581	-1.1664	1.1664	-1.1778	1.1778	-1.1812	1.1812	-1.1898	1.1898	-1.1965	1.1965	-1.2057	1.2057	-1.2121	1.2121	-1.2207	1.2207	-1.2249	1.2249	-1.2304	1.2304	-1.2391	1.2391	1.2525	-1.2525	-1.2574	1.2574	-1.2675	1.2675	-1.2687	1.2687	-1.2834	1.2834	-1.2911	1.2911	-1.3001	1.3001	1.308	-1.308	-1.311	1.311	-1.324	1.324	-1.3306	1.3306	1.3333	-1.3333	1.3435	-1.3435	-1.3457	1.3457	-1.3601	1.3601	1.3706	-1.3706	-1.3757	1.3757	1.3853	-1.3853	-1.396	1.396	1.4048	-1.4048	-1.4131	1.4131	-1.4169	1.4169	1.4244	-1.4244	1.4318	-1.4318	-1.4407	1.4407	1.4504	-1.4504	-1.4596	1.4596	1.4677	-1.4677	1.4736	-1.4736	-1.4799	1.4799	-1.4835	1.4835	1.4918	-1.4918	1.5046	-1.5046	-1.5074	1.5074	1.5154	-1.5154	1.5234	-1.5234	-1.5329	1.5329	-1.5407	1.5407	1.5489	-1.5489	1.5568	-1.5568	1.5685	-1.5685	-1.5738	1.5738	-1.5776	1.5776	-1.586	1.586	-1.592	1.592	-1.6033	1.6033	-1.606	1.606	-1.6077	1.6077	1.6209	-1.6209	-1.6281	1.6281	1.6325	-1.6325	1.6442	-1.6442	-1.6478	1.6478	-1.6612	1.6612	-1.6686	1.6686	-1.6763	1.6763	1.688	-1.688	-1.6931	1.6931	-1.6994	1.6994	1.7021	-1.7021	-1.7081	1.7081	1.7227	-1.7227	-1.7303	1.7303	1.737	-1.737	-1.7433	1.7433	1.7471	-1.7471	1.7568	-1.7568	1.7634	-1.7634	-1.7666	1.7666	-1.7751	1.7751	-1.7799	1.7799	-1.7866	1.7866	1.7949	-1.7949	1.8023	-1.8023	-1.8109	1.8109	-1.818	1.818	1.8253	-1.8253	1.8303	-1.8303	-1.8429	1.8429	-1.8462	1.8462	-1.8557	1.8557	-1.8625	1.8625	-1.871	1.871	-1.8744	1.8744	-1.8827	1.8827	1.8928	-1.8928	-1.8986	1.8986	1.9075	-1.9075	1.9206	-1.9206	1.9274	-1.9274	-1.936	1.936	-1.9425	1.9425	-1.9493	1.9493	1.9637	-1.9637	1.9716	-1.9716	-1.975	1.975	1.9813	-1.9813	-1.9917	1.9917	-1.9965	1.9965	-2.0081	2.0081	2.0119	-2.0119	-2.027	2.027	-2.0303	2.0303	-2.0349	2.0349	-2.0404	2.0404	-2.0471	2.0471	-2.0602	2.0602	-2.0686	2.0686	-2.0808	2.0808	2.0836	-2.0836	2.0901	-2.0901	-2.1006	2.1006	-2.1069	2.1069	-2.118	2.118	-2.1234	2.1234	2.1327	-2.1327	
0.42105	-0.16	0.23966	-0.23966	0.25455	-0.25455	0.28846	-0.28846	-0.32552	0.32552	0.35028	-0.35028	-0.37826	0.37826	-0.388	0.388	0.4068	-0.4068	-0.44428	0.44428	-0.46669	0.46669	-0.49702	0.49702	-0.51342	0.51342	0.52626	-0.52626	-0.5428	0.5428	0.54923	-0.54923	0.57898	-0.57898	0.60889	-0.60889	0.62767	-0.62767	-0.63753	0.63753	-0.64492	0.64492	-0.655	0.655	-0.66863	0.66863	-0.68681	0.68681	-0.70472	0.70472	0.71318	-0.71318	0.7246	-0.7246	-0.73742	0.73742	-0.75202	0.75202	-0.77252	0.77252	0.78096	-0.78096	0.78823	-0.78823	-0.80231	0.80231	-0.8273	0.8273	0.83755	-0.83755	-0.8494	0.8494	-0.85203	0.85203	0.86408	-0.86408	-0.87603	0.87603	-0.89303	0.89303	-0.90205	0.90205	0.90507	-0.90507	-0.91271	0.91271	0.92177	-0.92177	-0.92652	0.92652	0.93974	-0.93974	0.94869	-0.94869	-0.95387	0.95387	-0.96241	0.96241	-0.96844	0.96844	0.97746	-0.97746	-0.98536	0.98536	0.99583	-0.99583	-1.0024	1.0024	-1.0114	1.0114	1.0176	-1.0176	-1.0335	1.0335	-1.041	1.041	1.0475	-1.0475	1.054	-1.054	-1.0596	1.0596	1.067	-1.067	-1.0721	1.0721	-1.0819	1.0819	-1.0854	1.0854	1.09	-1.09	1.0996	-1.0996	-1.1138	1.1138	1.1237	-1.1237	1.1358	-1.1358	-1.1396	1.1396	1.1515	-1.1515	1.1547	-1.1547	1.1589	-1.1589	1.1669	-1.1669	1.1793	-1.1793	1.1823	-1.1823	1.1917	-1.1917	-1.1994	1.1994	1.2076	-1.2076	1.2137	-1.2137	1.2232	-1.2232	-1.2265	1.2265	1.2319	-1.2319	1.2403	-1.2403	1.2538	-1.2538	-1.2596	1.2596	-1.2684	1.2684	1.2694	-1.2694	-1.2847	1.2847	-1.2925	1.2925	1.301	-1.301	-1.3075	1.3075	1.3113	-1.3113	-1.3255	1.3255	-1.3303	1.3303	-1.3337	1.3337	-1.3436	1.3436	1.3476	-1.3476	1.3595	-1.3595	1.3708	-1.3708	-1.3754	1.3754	1.3855	-1.3855	1.3962	-1.3962	-1.4044	1.4044	-1.4135	1.4135	-1.4168	1.4168	-1.4239	1.4239	1.4316	-1.4316	1.4405	-1.4405	-1.4507	1.4507	1.4599	-1.4599	1.4677	-1.4677	1.474	-1.474	1.4799	-1.4799	1.4834	-1.4834	1.492	-1.492	1.5048	-1.5048	-1.5076	1.5076	1.5153	-1.5153	-1.523	1.523	1.5334	-1.5334	1.5401	-1.5401	-1.5489	1.5489	1.5568	-1.5568	-1.5692	1.5692	1.5737	-1.5737	1.5783	-1.5783	1.5856	-1.5856	1.5924	-1.5924	-1.6037	1.6037	1.606	-1.606	-1.6086	1.6086	1.6214	-1.6214	1.6287	-1.6287	-1.6335	1.6335	1.645	-1.645	-1.6488	1.6488	1.6618	-1.6618	-1.6703	1.6703	-1.6778	1.6778	-1.6888	1.6888	-1.694	1.694	1.7002	-1.7002	-1.7038	1.7038	1.71	-1.71	-1.7246	1.7246	-1.733	1.733	-1.7395	1.7395	-1.7459	1.7459	-1.7496	1.7496	-1.7589	1.7589	-1.7668	1.7668	1.7696	-1.7696	-1.7773	1.7773	1.7828	-1.7828	1.7897	-1.7897	1.7969	-1.7969	-1.8034	1.8034	-1.8119	1.8119	-1.8208	1.8208	1.8265	-1.8265	-1.8332	1.8332	1.844	-1.844	1.8478	-1.8478	-1.8566	1.8566	-1.8632	1.8632	-1.8721	1.8721	1.8752	-1.8752	-1.8837	1.8837	-1.8932	1.8932	-1.8994	1.8994	-1.9077	1.9077	-1.9212	1.9212	1.928	-1.928	1.9365	-1.9365	1.9427	-1.9427	-1.9494	1.9494	-1.9639	1.9639	-1.9712	1.9712	1.9766	-1.9766	-1.9807	1.9807	-1.9911	1.9911	1.9972	-1.9972	-2.0081	2.0081	-2.0121	2.0121	2.0266	-2.0266	-2.0293	2.0293	-2.0348	2.0348	-2.041	2.041	2.047	-2.047	-2.0599	2.0599	2.0683	-2.0683	2.0809	-2.0809	-2.0835	2.0835	-2.0904	2.0904	2.1008	-2.1008	-2.1072	2.1072	-2.1179	2.1179	2.1235	-2.1235	-2.1326	2.1326	
0.42105	-0.14	0.24703	-0.24703	-0.26149	0.26149	0.297	-0.297	0.33402	-0.33402	0.35976	-0.35976	-0.38649	0.38649	-0.39472	0.39472	-0.41518	0.41518	-0.4543	0.4543	0.46894	-0.46894	-0.49643	0.49643	-0.51335	0.51335	0.525	-0.525	0.53945	-0.53945	0.54477	-0.54477	0.57817	-0.57817	-0.61272	0.61272	0.63244	-0.63244	-0.64032	0.64032	0.65172	-0.65172	-0.66234	0.66234	-0.67357	0.67357	0.6924	-0.6924	-0.70494	0.70494	-0.71676	0.71676	-0.72507	0.72507	-0.73793	0.73793	0.75341	-0.75341	-0.77371	0.77371	-0.78197	0.78197	-0.78872	0.78872	-0.80514	0.80514	-0.82716	0.82716	0.83705	-0.83705	-0.84941	0.84941	-0.8555	0.8555	0.86669	-0.86669	0.87576	-0.87576	-0.89365	0.89365	0.90324	-0.90324	0.90611	-0.90611	-0.91394	0.91394	0.92341	-0.92341	-0.92666	0.92666	-0.94118	0.94118	0.95021	-0.95021	0.95574	-0.95574	0.96407	-0.96407	0.96961	-0.96961	0.9769	-0.9769	0.98635	-0.98635	0.99592	-0.99592	1.0028	-1.0028	-1.0123	1.0123	-1.0181	1.0181	1.0342	-1.0342	1.0418	-1.0418	-1.0496	1.0496	-1.0543	1.0543	-1.0609	1.0609	-1.0674	1.0674	-1.0736	1.0736	1.0829	-1.0829	-1.0859	1.0859	1.0923	-1.0923	-1.1002	1.1002	-1.115	1.115	-1.124	1.124	-1.1361	1.1361	-1.1401	1.1401	-1.1516	1.1516	-1.1572	1.1572	-1.1614	1.1614	-1.1672	1.1672	-1.1805	1.1805	1.1833	-1.1833	1.1934	-1.1934	-1.202	1.202	1.2093	-1.2093	1.2153	-1.2153	-1.2246	1.2246	1.2287	-1.2287	1.2332	-1.2332	-1.2414	1.2414	1.255	-1.255	-1.2612	1.2612	-1.2692	1.2692	1.2707	-1.2707	-1.2859	1.2859	-1.2938	1.2938	1.3018	-1.3018	-1.307	1.307	1.3116	-1.3116	-1.3264	1.3264	1.3303	-1.3303	-1.3342	1.3342	-1.3431	1.3431	-1.35	1.35	-1.3588	1.3588	1.3709	-1.3709	-1.3752	1.3752	-1.3857	1.3857	-1.3964	1.3964	1.4039	-1.4039	-1.4138	1.4138	1.4165	-1.4165	1.4237	-1.4237	1.4312	-1.4312	-1.4402	1.4402	-1.451	1.451	1.4601	-1.4601	-1.4673	1.4673	-1.4743	1.4743	-1.4799	1.4799	1.4834	-1.4834	1.4922	-1.4922	-1.5048	1.5048	-1.5075	1.5075	-1.5151	1.5151	1.5226	-1.5226	-1.5337	1.5337	-1.5394	1.5394	1.549	-1.549	-1.5567	1.5567	1.5696	-1.5696	-1.5735	1.5735	1.5792	-1.5792	-1.5851	1.5851	-1.5925	1.5925	-1.6037	1.6037	1.6062	-1.6062	1.6094	-1.6094	-1.6216	1.6216	-1.6292	1.6292	-1.6344	1.6344	1.6456	-1.6456	1.6495	-1.6495	-1.6622	1.6622	-1.6719	1.6719	1.6789	-1.6789	-1.6894	1.6894	1.6946	-1.6946	1.7011	-1.7011	1.7051	-1.7051	1.7116	-1.7116	-1.726	1.726	-1.7355	1.7355	-1.7412	1.7412	-1.7481	1.7481	-1.7526	1.7526	-1.7605	1.7605	1.77	-1.77	-1.7724	1.7724	-1.7795	1.7795	-1.7852	1.7852	-1.7927	1.7927	-1.7992	1.7992	-1.8047	1.8047	-1.813	1.813	1.8234	-1.8234	-1.8275	1.8275	1.8358	-1.8358	1.8449	-1.8449	1.8494	-1.8494	1.8576	-1.8576	-1.8639	1.8639	-1.8731	1.8731	1.876	-1.876	1.8847	-1.8847	-1.8938	1.8938	-1.9003	1.9003	-1.908	1.908	-1.9218	1.9218	-1.9286	1.9286	-1.9371	1.9371	1.9429	-1.9429	-1.9497	1.9497	-1.9641	1.9641	-1.9709	1.9709	-1.9779	1.9779	-1.9804	1.9804	1.9906	-1.9906	1.9978	-1.9978	2.0081	-2.0081	2.0124	-2.0124	-2.026	2.026	-2.0284	2.0284	-2.0346	2.0346	-2.0415	2.0415	2.047	-2.047	2.0597	-2.0597	2.068	-2.068	-2.081	2.081	-2.0834	2.0834	2.0907	-2.0907	-2.1008	2.1008	2.1076	-2.1076	2.1179	-2.1179	-2.1236	2.1236	-2.1324	2.1324	
0.42105	-0.12	-0.25336	0.25336	-0.2675	0.2675	-0.30447	0.30447	0.34131	-0.34131	0.36808	-0.36808	-0.39328	0.39328	-0.40025	0.40025	-0.42235	0.42235	0.46162	-0.46162	0.47095	-0.47095	0.49612	-0.49612	-0.51406	0.51406	-0.52379	0.52379	-0.53651	0.53651	-0.54038	0.54038	-0.57759	0.57759	0.61551	-0.61551	-0.63471	0.63471	-0.64417	0.64417	0.65731	-0.65731	0.66921	-0.66921	-0.67764	0.67764	0.69728	-0.69728	-0.70515	0.70515	-0.71907	0.71907	-0.72562	0.72562	-0.73842	0.73842	-0.75472	0.75472	0.77429	-0.77429	-0.78289	0.78289	0.78934	-0.78934	0.80857	-0.80857	-0.82672	0.82672	0.8363	-0.8363	-0.84849	0.84849	-0.85878	0.85878	-0.8686	0.8686	-0.87567	0.87567	0.89433	-0.89433	-0.90358	0.90358	-0.90767	0.90767	-0.91461	0.91461	-0.92423	0.92423	-0.92781	0.92781	-0.94244	0.94244	-0.95087	0.95087	-0.95785	0.95785	0.96602	-0.96602	0.97088	-0.97088	-0.97656	0.97656	-0.98739	0.98739	-0.99579	0.99579	-1.0033	1.0033	1.0134	-1.0134	-1.0185	1.0185	1.0346	-1.0346	-1.0425	1.0425	1.0514	-1.0514	-1.0546	1.0546	1.0617	-1.0617	1.0676	-1.0676	1.0749	-1.0749	-1.0833	1.0833	-1.0866	1.0866	-1.0945	1.0945	-1.1009	1.1009	-1.1162	1.1162	-1.1242	1.1242	-1.136	1.136	1.1404	-1.1404	1.151	-1.151	-1.1582	1.1582	-1.1653	1.1653	1.1676	-1.1676	-1.1814	1.1814	-1.1843	1.1843	1.1949	-1.1949	-1.2039	1.2039	-1.2109	1.2109	-1.2169	1.2169	-1.2255	1.2255	-1.2307	1.2307	1.2347	-1.2347	-1.2425	1.2425	-1.2562	1.2562	-1.262	1.262	-1.2699	1.2699	1.2724	-1.2724	-1.2869	1.2869	1.2949	-1.2949	1.3026	-1.3026	-1.3064	1.3064	-1.3119	1.3119	-1.3265	1.3265	1.3305	-1.3305	1.3347	-1.3347	1.3426	-1.3426	1.3525	-1.3525	-1.3583	1.3583	-1.3707	1.3707	1.3752	-1.3752	-1.3858	1.3858	1.3967	-1.3967	-1.4033	1.4033	-1.414	1.414	1.4161	-1.4161	-1.4238	1.4238	1.4307	-1.4307	1.4399	-1.4399	-1.4514	1.4514	-1.4603	1.4603	1.4667	-1.4667	-1.4746	1.4746	1.4797	-1.4797	1.4834	-1.4834	-1.4923	1.4923	-1.5045	1.5045	-1.5073	1.5073	-1.5147	1.5147	1.5221	-1.5221	-1.534	1.534	-1.5385	1.5385	-1.5492	1.5492	1.5564	-1.5564	1.5695	-1.5695	-1.5733	1.5733	1.5799	-1.5799	-1.5846	1.5846	-1.5924	1.5924	-1.6033	1.6033	1.6066	-1.6066	-1.61	1.61	1.6216	-1.6216	1.6296	-1.6296	-1.6354	1.6354	-1.6459	1.6459	-1.6502	1.6502	-1.6624	1.6624	-1.6732	1.6732	-1.6796	1.6796	-1.6896	1.6896	-1.6951	1.6951	-1.7019	1.7019	-1.7062	1.7062	1.7129	-1.7129	1.727	-1.727	1.7376	-1.7376	-1.7422	1.7422	-1.7505	1.7505	-1.7552	1.7552	1.762	-1.762	1.7726	-1.7726	1.7748	-1.7748	-1.7816	1.7816	-1.787	1.787	-1.7954	1.7954	-1.8015	1.8015	-1.8064	1.8064	-1.8142	1.8142	-1.8258	1.8258	-1.8286	1.8286	-1.8378	1.8378	-1.8457	1.8457	1.851	-1.851	-1.8584	1.8584	1.8647	-1.8647	-1.874	1.874	1.8767	-1.8767	1.8856	-1.8856	-1.8945	1.8945	1.9014	-1.9014	-1.9083	1.9083	1.9224	-1.9224	-1.9292	1.9292	1.9377	-1.9377	1.9431	-1.9431	1.9502	-1.9502	-1.9644	1.9644	-1.9705	1.9705	-1.9781	1.9781	-1.9812	1.9812	-1.9901	1.9901	-1.9984	1.9984	2.0081	-2.0081	2.0126	-2.0126	2.0252	-2.0252	-2.0277	2.0277	2.0345	-2.0345	2.0419	-2.0419	2.0471	-2.0471	-2.0595	2.0595	-2.0679	2.0679	-2.081	2.081	2.0834	-2.0834	-2.091	2.091	-2.1008	2.1008	-2.1081	2.1081	-2.1181	2.1181	-2.1237	2.1237	2.1323	-2.1323	
0.42105	-0.1	-0.25864	0.25864	-0.27255	0.27255	-0.31078	0.31078	0.3473	-0.3473	0.37504	-0.37504	-0.39833	0.39833	-0.4047	0.4047	0.42813	-0.42813	0.46315	-0.46315	0.47676	-0.47676	0.49554	-0.49554	-0.51499	0.51499	-0.5222	0.5222	-0.53456	0.53456	0.53672	-0.53672	-0.57738	0.57738	-0.61749	0.61749	0.63528	-0.63528	-0.64833	0.64833	-0.66157	0.66157	-0.67516	0.67516	0.68095	-0.68095	0.70011	-0.70011	-0.70622	0.70622	-0.71927	0.71927	-0.72802	0.72802	-0.73893	0.73893	0.75568	-0.75568	0.77458	-0.77458	-0.78376	0.78376	-0.78997	0.78997	-0.81196	0.81196	-0.82639	0.82639	0.83534	-0.83534	-0.84748	0.84748	0.86094	-0.86094	0.86985	-0.86985	-0.87581	0.87581	0.89506	-0.89506	-0.90358	0.90358	-0.90899	0.90899	-0.91505	0.91505	-0.92423	0.92423	-0.9294	0.9294	-0.94394	0.94394	0.95107	-0.95107	-0.95956	0.95956	0.96796	-0.96796	0.97186	-0.97186	-0.97694	0.97694	-0.98847	0.98847	-0.99552	0.99552	1.0038	-1.0038	-1.0146	1.0146	1.019	-1.019	1.0349	-1.0349	1.043	-1.043	-1.0527	1.0527	-1.0552	1.0552	-1.0619	1.0619	-1.0678	1.0678	-1.0761	1.0761	1.0834	-1.0834	1.0874	-1.0874	-1.0961	1.0961	-1.1019	1.1019	-1.1172	1.1172	-1.1243	1.1243	-1.1357	1.1357	1.1407	-1.1407	-1.1499	1.1499	1.1585	-1.1585	-1.1679	1.1679	1.1694	-1.1694	-1.1823	1.1823	-1.1853	1.1853	1.1964	-1.1964	1.2053	-1.2053	1.2122	-1.2122	-1.2184	1.2184	1.2264	-1.2264	-1.2321	1.2321	1.2367	-1.2367	1.2435	-1.2435	1.2574	-1.2574	-1.2622	1.2622	-1.2706	1.2706	-1.2742	1.2742	1.2878	-1.2878	-1.296	1.296	1.303	-1.303	1.3063	-1.3063	1.3121	-1.3121	-1.3261	1.3261	1.3306	-1.3306	-1.3352	1.3352	-1.3422	1.3422	-1.3545	1.3545	-1.3581	1.3581	-1.3703	1.3703	1.3753	-1.3753	-1.3858	1.3858	-1.397	1.397	-1.4028	1.4028	1.4136	-1.4136	-1.416	1.416	1.424	-1.424	1.4301	-1.4301	1.4394	-1.4394	-1.4519	1.4519	-1.4604	1.4604	-1.4658	1.4658	1.4747	-1.4747	1.4796	-1.4796	1.4834	-1.4834	1.4925	-1.4925	-1.504	1.504	1.5069	-1.5069	1.5142	-1.5142	1.5215	-1.5215	1.5343	-1.5343	1.5376	-1.5376	-1.5494	1.5494	1.5559	-1.5559	1.569	-1.569	-1.5731	1.5731	1.5805	-1.5805	-1.5842	1.5842	1.592	-1.592	-1.6027	1.6027	1.6071	-1.6071	-1.6106	1.6106	1.6215	-1.6215	1.6299	-1.6299	-1.6363	1.6363	-1.6461	1.6461	-1.6506	1.6506	-1.6624	1.6624	1.6743	-1.6743	1.68	-1.68	-1.6897	1.6897	-1.6955	1.6955	-1.7026	1.7026	-1.7072	1.7072	-1.7139	1.7139	1.7277	-1.7277	1.7391	-1.7391	1.743	-1.743	1.753	-1.753	-1.7571	1.7571	1.7636	-1.7636	-1.7744	1.7744	1.7768	-1.7768	1.7837	-1.7837	-1.7884	1.7884	1.7979	-1.7979	-1.8031	1.8031	1.8085	-1.8085	-1.8153	1.8153	-1.8275	1.8275	-1.8299	1.8299	-1.8393	1.8393	-1.8462	1.8462	-1.8526	1.8526	-1.8592	1.8592	-1.8655	1.8655	-1.8746	1.8746	1.8776	-1.8776	1.8864	-1.8864	-1.8954	1.8954	1.9026	-1.9026	-1.9086	1.9086	-1.923	1.923	-1.9298	1.9298	-1.9383	1.9383	-1.9432	1.9432	1.9507	-1.9507	-1.9646	1.9646	-1.9702	1.9702	-1.9776	1.9776	-1.9826	1.9826	1.9897	-1.9897	-1.9989	1.9989	-2.0082	2.0082	2.0129	-2.0129	2.0244	-2.0244	2.0272	-2.0272	-2.0344	2.0344	-2.0423	2.0423	-2.0473	2.0473	-2.0593	2.0593	-2.0677	2.0677	2.0811	-2.0811	-2.0835	2.0835	-2.0913	2.0913	2.1008	-2.1008	-2.1086	2.1086	2.1183	-2.1183	-2.1237	2.1237	2.1322	-2.1322	
0.42105	-0.08	-0.26283	0.26283	-0.27661	0.27661	-0.31586	0.31586	-0.35188	0.35188	0.38044	-0.38044	-0.40135	0.40135	-0.40817	0.40817	0.43221	-0.43221	-0.46237	0.46237	0.48366	-0.48366	0.49489	-0.49489	-0.51424	0.51424	0.52075	-0.52075	0.53303	-0.53303	0.53565	-0.53565	-0.57759	0.57759	0.61885	-0.61885	-0.63494	0.63494	-0.65185	0.65185	-0.66449	0.66449	0.67907	-0.67907	0.68435	-0.68435	-0.69993	0.69993	0.70848	-0.70848	0.71902	-0.71902	0.73144	-0.73144	-0.7398	0.7398	-0.75619	0.75619	-0.77447	0.77447	-0.7847	0.7847	-0.79072	0.79072	-0.81451	0.81451	-0.82669	0.82669	-0.8342	0.8342	0.8465	-0.8465	-0.86189	0.86189	0.87074	-0.87074	-0.87609	0.87609	-0.89577	0.89577	-0.90344	0.90344	-0.90956	0.90956	0.91572	-0.91572	-0.92392	0.92392	0.93053	-0.93053	-0.94562	0.94562	-0.95111	0.95111	0.96079	-0.96079	0.9694	-0.9694	-0.97233	0.97233	0.97838	-0.97838	-0.98955	0.98955	0.99518	-0.99518	-1.0044	1.0044	-1.0158	1.0158	1.0194	-1.0194	1.0352	-1.0352	-1.0434	1.0434	1.0532	-1.0532	-1.0563	1.0563	1.0616	-1.0616	-1.0679	1.0679	-1.0772	1.0772	1.0835	-1.0835	-1.0882	1.0882	-1.0971	1.0971	-1.1034	1.1034	-1.118	1.118	1.1244	-1.1244	1.1351	-1.1351	1.1409	-1.1409	1.1488	-1.1488	1.1583	-1.1583	1.1683	-1.1683	1.1728	-1.1728	-1.1832	1.1832	1.1865	-1.1865	-1.1978	1.1978	1.2062	-1.2062	1.2133	-1.2133	-1.2194	1.2194	-1.2271	1.2271	-1.2334	1.2334	-1.2386	1.2386	1.2443	-1.2443	1.2585	-1.2585	-1.2621	1.2621	1.2711	-1.2711	1.2759	-1.2759	-1.2885	1.2885	1.2968	-1.2968	1.3028	-1.3028	-1.3065	1.3065	-1.3123	1.3123	1.3257	-1.3257	-1.3305	1.3305	-1.3355	1.3355	1.3421	-1.3421	-1.3552	1.3552	1.3591	-1.3591	-1.3697	1.3697	-1.3754	1.3754	1.3857	-1.3857	-1.3973	1.3973	1.4024	-1.4024	1.4126	-1.4126	1.4162	-1.4162	1.4242	-1.4242	-1.4295	1.4295	1.4389	-1.4389	-1.4524	1.4524	-1.4604	1.4604	1.4649	-1.4649	1.4747	-1.4747	-1.4794	1.4794	-1.4834	1.4834	-1.4927	1.4927	1.5032	-1.5032	1.5065	-1.5065	-1.5136	1.5136	1.5209	-1.5209	-1.5345	1.5345	-1.5367	1.5367	1.5496	-1.5496	1.5554	-1.5554	1.5681	-1.5681	-1.5728	1.5728	1.5808	-1.5808	1.584	-1.584	-1.5915	1.5915	1.6021	-1.6021	-1.6075	1.6075	1.6111	-1.6111	-1.6214	1.6214	1.6301	-1.6301	-1.6371	1.6371	1.646	-1.646	1.651	-1.651	1.6622	-1.6622	-1.6751	1.6751	1.6802	-1.6802	1.6896	-1.6896	1.6959	-1.6959	-1.7032	1.7032	-1.7079	1.7079	-1.7146	1.7146	1.7282	-1.7282	-1.7398	1.7398	-1.7441	1.7441	1.7553	-1.7553	1.7582	-1.7582	1.7655	-1.7655	-1.7754	1.7754	-1.7784	1.7784	-1.7857	1.7857	-1.7896	1.7896	-1.8002	1.8002	1.8043	-1.8043	-1.8108	1.8108	-1.8165	1.8165	1.8285	-1.8285	-1.8316	1.8316	-1.8402	1.8402	1.8466	-1.8466	1.8542	-1.8542	1.8598	-1.8598	1.8662	-1.8662	-1.8751	1.8751	1.8784	-1.8784	-1.8872	1.8872	-1.8963	1.8963	1.9038	-1.9038	-1.909	1.909	-1.9238	1.9238	-1.9305	1.9305	1.9388	-1.9388	-1.9432	1.9432	-1.9515	1.9515	1.9649	-1.9649	1.9699	-1.9699	1.9769	-1.9769	-1.9839	1.9839	-1.9896	1.9896	-1.9993	1.9993	2.0083	-2.0083	-2.0131	2.0131	2.0236	-2.0236	2.0269	-2.0269	-2.0343	2.0343	-2.0426	2.0426	-2.0474	2.0474	-2.0592	2.0592	2.0677	-2.0677	2.0811	-2.0811	-2.0836	2.0836	-2.0915	2.0915	2.1007	-2.1007	2.1091	-2.1091	-2.1187	2.1187	2.1236	-2.1236	-2.1321	2.1321	
0.42105	-0.06	0.26594	-0.26594	-0.27968	0.27968	0.31963	-0.31963	0.35496	-0.35496	0.38404	-0.38404	0.40235	-0.40235	-0.41055	0.41055	0.43418	-0.43418	0.46224	-0.46224	0.48798	-0.48798	0.49579	-0.49579	0.51039	-0.51039	-0.52043	0.52043	0.53232	-0.53232	0.53714	-0.53714	0.57825	-0.57825	0.61976	-0.61976	0.63395	-0.63395	-0.65429	0.65429	-0.66619	0.66619	0.68022	-0.68022	-0.68834	0.68834	0.69803	-0.69803	0.7104	-0.7104	-0.71974	0.71974	-0.73466	0.73466	-0.74149	0.74149	0.75634	-0.75634	0.77383	-0.77383	0.78552	-0.78552	0.79173	-0.79173	-0.81553	0.81553	-0.82803	0.82803	-0.83298	0.83298	0.84563	-0.84563	-0.86182	0.86182	0.8714	-0.8714	-0.87643	0.87643	-0.89635	0.89635	-0.9032	0.9032	0.90922	-0.90922	-0.91678	0.91678	-0.92339	0.92339	0.93107	-0.93107	0.94696	-0.94696	-0.95131	0.95131	0.96167	-0.96167	0.96979	-0.96979	-0.973	0.973	0.98035	-0.98035	-0.99053	0.99053	-0.99491	0.99491	1.0051	-1.0051	1.0171	-1.0171	1.0198	-1.0198	-1.0357	1.0357	1.0438	-1.0438	-1.053	1.053	-1.0574	1.0574	1.0609	-1.0609	-1.0682	1.0682	1.078	-1.078	1.0836	-1.0836	1.0889	-1.0889	1.0976	-1.0976	1.1052	-1.1052	1.1186	-1.1186	1.1246	-1.1246	-1.1344	1.1344	1.1409	-1.1409	-1.1475	1.1475	1.1578	-1.1578	1.1688	-1.1688	-1.1754	1.1754	1.1842	-1.1842	1.1878	-1.1878	-1.199	1.199	1.2067	-1.2067	1.2143	-1.2143	-1.2198	1.2198	-1.2277	1.2277	1.2349	-1.2349	-1.2402	1.2402	1.2452	-1.2452	1.2594	-1.2594	1.2619	-1.2619	-1.2715	1.2715	1.2772	-1.2772	1.289	-1.289	1.2975	-1.2975	-1.3024	1.3024	1.307	-1.307	1.3125	-1.3125	-1.3252	1.3252	1.3303	-1.3303	-1.3353	1.3353	-1.3425	1.3425	1.355	-1.355	-1.3606	1.3606	1.3691	-1.3691	1.3754	-1.3754	1.3856	-1.3856	-1.3974	1.3974	-1.4022	1.4022	-1.4116	1.4116	1.4165	-1.4165	1.4242	-1.4242	1.429	-1.429	-1.4382	1.4382	-1.4529	1.4529	1.4601	-1.4601	1.4641	-1.4641	1.4746	-1.4746	-1.4793	1.4793	-1.4834	1.4834	1.4929	-1.4929	1.5022	-1.5022	1.5061	-1.5061	-1.5129	1.5129	1.5202	-1.5202	-1.5347	1.5347	-1.5358	1.5358	1.5496	-1.5496	1.5547	-1.5547	1.5671	-1.5671	1.5725	-1.5725	1.5805	-1.5805	-1.5843	1.5843	1.5908	-1.5908	1.6014	-1.6014	1.6078	-1.6078	-1.6114	1.6114	-1.6212	1.6212	-1.6302	1.6302	-1.6379	1.6379	-1.6459	1.6459	-1.6513	1.6513	1.6618	-1.6618	1.6756	-1.6756	1.6802	-1.6802	-1.6893	1.6893	1.6962	-1.6962	-1.7037	1.7037	1.7086	-1.7086	1.7152	-1.7152	-1.7285	1.7285	1.7399	-1.7399	-1.7454	1.7454	1.7574	-1.7574	1.7588	-1.7588	1.7673	-1.7673	-1.776	1.776	-1.7796	1.7796	-1.7875	1.7875	1.7907	-1.7907	1.8021	-1.8021	-1.8052	1.8052	1.8128	-1.8128	-1.8176	1.8176	1.829	-1.829	1.8333	-1.8333	1.8407	-1.8407	1.8466	-1.8466	1.8555	-1.8555	-1.8602	1.8602	1.8668	-1.8668	1.8755	-1.8755	1.8792	-1.8792	1.888	-1.888	-1.8974	1.8974	-1.9049	1.9049	-1.9094	1.9094	1.9246	-1.9246	1.9311	-1.9311	1.9393	-1.9393	1.9431	-1.9431	1.9524	-1.9524	-1.965	1.965	1.9696	-1.9696	-1.9762	1.9762	-1.9851	1.9851	-1.9898	1.9898	-1.9996	1.9996	2.0083	-2.0083	-2.0134	2.0134	-2.023	2.023	2.0266	-2.0266	2.0342	-2.0342	2.0429	-2.0429	-2.0475	2.0475	-2.0591	2.0591	2.0678	-2.0678	2.0811	-2.0811	2.0838	-2.0838	2.0916	-2.0916	-2.1006	2.1006	-2.1096	2.1096	2.1191	-2.1191	-2.1235	2.1235	2.132	-2.132	
0.42105	-0.04	-0.26795	0.26795	-0.28172	0.28172	-0.32204	0.32204	0.35649	-0.35649	0.38567	-0.38567	0.4015	-0.4015	-0.41155	0.41155	0.43398	-0.43398	-0.4636	0.4636	-0.48761	0.48761	-0.49958	0.49958	-0.50526	0.50526	-0.52027	0.52027	-0.53344	0.53344	-0.53975	0.53975	0.57928	-0.57928	-0.62027	0.62027	-0.63242	0.63242	0.65542	-0.65542	-0.66684	0.66684	-0.67944	0.67944	0.69093	-0.69093	-0.6964	0.6964	0.71166	-0.71166	-0.72131	0.72131	-0.7371	0.7371	-0.74404	0.74404	-0.75636	0.75636	-0.77269	0.77269	0.78603	-0.78603	-0.79305	0.79305	-0.81509	0.81509	-0.82957	0.82957	-0.83237	0.83237	0.84491	-0.84491	0.8611	-0.8611	-0.87176	0.87176	-0.87679	0.87679	-0.89673	0.89673	-0.90288	0.90288	0.90822	-0.90822	-0.91792	0.91792	-0.92275	0.92275	0.93115	-0.93115	-0.94741	0.94741	-0.95195	0.95195	-0.96232	0.96232	-0.96936	0.96936	-0.97391	0.97391	-0.98229	0.98229	0.99133	-0.99133	-0.99477	0.99477	1.0058	-1.0058	1.0181	-1.0181	-1.0202	1.0202	-1.0363	1.0363	-1.044	1.044	-1.0526	1.0526	1.0575	-1.0575	-1.0607	1.0607	-1.0685	1.0685	-1.0786	1.0786	-1.0839	1.0839	-1.0896	1.0896	1.0978	-1.0978	-1.107	1.107	1.1187	-1.1187	-1.1249	1.1249	-1.1337	1.1337	1.1407	-1.1407	-1.1464	1.1464	1.1572	-1.1572	-1.1691	1.1691	-1.1772	1.1772	-1.1852	1.1852	1.1894	-1.1894	-1.2001	1.2001	-1.2072	1.2072	1.2151	-1.2151	-1.2197	1.2197	-1.228	1.228	1.2364	-1.2364	-1.2412	1.2412	1.246	-1.246	1.26	-1.26	1.2618	-1.2618	-1.2718	1.2718	1.2782	-1.2782	-1.2893	1.2893	1.2978	-1.2978	1.302	-1.302	1.3071	-1.3071	-1.3126	1.3126	1.3249	-1.3249	-1.33	1.33	-1.3346	1.3346	-1.3433	1.3433	-1.3546	1.3546	1.3618	-1.3618	-1.3686	1.3686	-1.3752	1.3752	1.3855	-1.3855	-1.3971	1.3971	-1.4023	1.4023	-1.4107	1.4107	-1.4168	1.4168	-1.424	1.424	-1.4287	1.4287	1.4375	-1.4375	1.4534	-1.4534	-1.4596	1.4596	-1.4635	1.4635	1.4742	-1.4742	-1.479	1.479	-1.4833	1.4833	1.493	-1.493	-1.501	1.501	1.5056	-1.5056	-1.5121	1.5121	1.5195	-1.5195	-1.5344	1.5344	-1.5354	1.5354	-1.5495	1.5495	-1.5538	1.5538	1.566	-1.566	-1.572	1.572	1.5798	-1.5798	-1.5848	1.5848	-1.5899	1.5899	-1.6007	1.6007	-1.6081	1.6081	-1.6116	1.6116	-1.6211	1.6211	1.6302	-1.6302	-1.6384	1.6384	1.6455	-1.6455	-1.6516	1.6516	-1.6612	1.6612	1.6758	-1.6758	-1.68	1.68	-1.689	1.689	-1.6964	1.6964	-1.7041	1.7041	1.709	-1.709	-1.7155	1.7155	1.7288	-1.7288	1.7396	-1.7396	-1.7467	1.7467	-1.7585	1.7585	-1.7596	1.7596	1.7691	-1.7691	1.7761	-1.7761	-1.7804	1.7804	-1.7889	1.7889	-1.7916	1.7916	-1.8034	1.8034	1.8062	-1.8062	-1.8145	1.8145	-1.8185	1.8185	-1.8292	1.8292	1.8348	-1.8348	1.8408	-1.8408	1.8465	-1.8465	-1.8566	1.8566	1.8604	-1.8604	-1.8673	1.8673	1.8758	-1.8758	1.88	-1.88	1.8889	-1.8889	-1.8984	1.8984	-1.9056	1.9056	-1.9098	1.9098	-1.9254	1.9254	-1.9318	1.9318	-1.9397	1.9397	1.9429	-1.9429	-1.9534	1.9534	-1.965	1.965	1.9693	-1.9693	-1.9755	1.9755	1.9859	-1.9859	1.9903	-1.9903	-1.9998	1.9998	-2.0083	2.0083	-2.0135	2.0135	2.0225	-2.0225	-2.0265	2.0265	2.0341	-2.0341	-2.0434	2.0434	-2.0476	2.0476	2.0591	-2.0591	2.0679	-2.0679	-2.0812	2.0812	-2.0841	2.0841	2.0917	-2.0917	-2.1005	2.1005	-2.1101	2.1101	2.1196	-2.1196	-2.1234	2.1234	2.1318	-2.1318	
0.42105	-0.02	-0.26886	0.26886	-0.28273	0.28273	-0.32304	0.32304	0.35643	-0.35643	-0.38525	0.38525	-0.39892	0.39892	-0.41105	0.41105	0.43207	-0.43207	-0.4662	0.4662	-0.48464	0.48464	0.49987	-0.49987	-0.50403	0.50403	-0.52024	0.52024	-0.53592	0.53592	-0.54301	0.54301	0.58053	-0.58053	-0.62039	0.62039	-0.63047	0.63047	-0.65514	0.65514	-0.66646	0.66646	-0.67743	0.67743	-0.6894	0.6894	-0.6979	0.6979	-0.7128	0.7128	0.72288	-0.72288	-0.7389	0.7389	0.74655	-0.74655	-0.75669	0.75669	-0.77122	0.77122	-0.78615	0.78615	-0.79455	0.79455	0.81365	-0.81365	0.82905	-0.82905	-0.83407	0.83407	-0.84437	0.84437	0.86004	-0.86004	-0.87175	0.87175	-0.87711	0.87711	0.89684	-0.89684	-0.90248	0.90248	-0.90683	0.90683	-0.91843	0.91843	-0.92246	0.92246	0.93084	-0.93084	-0.94706	0.94706	-0.95286	0.95286	-0.96281	0.96281	-0.96867	0.96867	0.97461	-0.97461	0.98386	-0.98386	0.99196	-0.99196	0.99473	-0.99473	-1.0065	1.0065	-1.0188	1.0188	-1.0207	1.0207	1.0372	-1.0372	1.0443	-1.0443	-1.0521	1.0521	-1.0563	1.0563	-1.0614	1.0614	1.069	-1.069	-1.0791	1.0791	-1.0841	1.0841	-1.0902	1.0902	-1.0979	1.0979	-1.1085	1.1085	-1.1185	1.1185	-1.1253	1.1253	-1.133	1.133	-1.1401	1.1401	-1.1456	1.1456	1.1565	-1.1565	1.1694	-1.1694	-1.1782	1.1782	-1.1861	1.1861	1.1911	-1.1911	-1.201	1.201	-1.2075	1.2075	1.2155	-1.2155	-1.2197	1.2197	-1.2281	1.2281	1.2377	-1.2377	-1.2416	1.2416	-1.2469	1.2469	1.26	-1.26	1.2621	-1.2621	1.2719	-1.2719	1.2786	-1.2786	1.2896	-1.2896	-1.2977	1.2977	-1.3021	1.3021	-1.307	1.307	1.3127	-1.3127	-1.3246	1.3246	-1.3298	1.3298	-1.3337	1.3337	1.3443	-1.3443	-1.3541	1.3541	-1.3623	1.3623	1.3683	-1.3683	-1.3749	1.3749	-1.3855	1.3855	-1.3966	1.3966	-1.4022	1.4022	1.4101	-1.4101	-1.417	1.417	-1.4234	1.4234	1.4286	-1.4286	-1.4367	1.4367	-1.4536	1.4536	-1.4589	1.4589	-1.4631	1.4631	-1.4737	1.4737	1.4788	-1.4788	-1.4833	1.4833	-1.493	1.493	1.4997	-1.4997	-1.505	1.505	1.5114	-1.5114	1.5189	-1.5189	1.5336	-1.5336	-1.5354	1.5354	1.5492	-1.5492	-1.5529	1.5529	1.5648	-1.5648	-1.5713	1.5713	-1.579	1.579	1.5853	-1.5853	-1.5891	1.5891	-1.6001	1.6001	1.6083	-1.6083	-1.6118	1.6118	-1.621	1.621	1.63	-1.63	-1.6388	1.6388	-1.6451	1.6451	-1.6519	1.6519	-1.6605	1.6605	-1.6756	1.6756	1.6797	-1.6797	-1.6887	1.6887	-1.6965	1.6965	-1.7045	1.7045	-1.7093	1.7093	-1.7158	1.7158	-1.7289	1.7289	-1.7391	1.7391	-1.7478	1.7478	-1.7585	1.7585	1.7611	-1.7611	1.7705	-1.7705	1.776	-1.776	1.781	-1.781	-1.79	1.79	-1.7924	1.7924	1.8041	-1.8041	-1.8072	1.8072	1.8158	-1.8158	-1.8193	1.8193	-1.8292	1.8292	1.8361	-1.8361	-1.8406	1.8406	-1.8461	1.8461	1.8572	-1.8572	-1.8605	1.8605	1.8679	-1.8679	-1.876	1.876	-1.8806	1.8806	1.8899	-1.8899	-1.8994	1.8994	-1.9062	1.9062	-1.9104	1.9104	-1.9261	1.9261	1.9326	-1.9326	1.94	-1.94	-1.9426	1.9426	-1.9544	1.9544	-1.9648	1.9648	-1.9691	1.9691	-1.9751	1.9751	-1.9864	1.9864	1.9911	-1.9911	-1.9999	1.9999	-2.0082	2.0082	-2.0135	2.0135	-2.0224	2.0224	2.0265	-2.0265	2.0341	-2.0341	-2.0438	2.0438	2.0476	-2.0476	2.059	-2.059	2.0681	-2.0681	2.0814	-2.0814	-2.0844	2.0844	2.0917	-2.0917	-2.1004	2.1004	2.1106	-2.1106	-2.1201	2.1201	2.1234	-2.1234	2.1312	-2.1312	
0.42105	-6.7145e-16	-0.26867	0.26867	-0.28268	0.28268	0.32264	-0.32264	0.35478	-0.35478	-0.38286	0.38286	-0.39469	0.39469	-0.40906	0.40906	0.42903	-0.42903	0.46893	-0.46893	-0.47999	0.47999	-0.49665	0.49665	-0.50661	0.50661	-0.5207	0.5207	-0.53918	0.53918	0.54674	-0.54674	-0.58174	0.58174	-0.62001	0.62001	0.6283	-0.6283	-0.65335	0.65335	0.66484	-0.66484	-0.67486	0.67486	-0.68647	0.68647	-0.7002	0.7002	-0.71403	0.71403	-0.72387	0.72387	-0.74033	0.74033	-0.74786	0.74786	-0.75772	0.75772	0.76974	-0.76974	0.78595	-0.78595	-0.79604	0.79604	-0.8115	0.8115	-0.82778	0.82778	-0.83647	0.83647	0.84401	-0.84401	0.85887	-0.85887	-0.87142	0.87142	-0.87728	0.87728	-0.89666	0.89666	-0.90196	0.90196	0.90526	-0.90526	-0.91761	0.91761	-0.9231	0.9231	0.93017	-0.93017	-0.94633	0.94633	-0.95366	0.95366	-0.96316	0.96316	-0.96787	0.96787	-0.97494	0.97494	0.98488	-0.98488	-0.99251	0.99251	-0.99471	0.99471	-1.0072	1.0072	-1.0188	1.0188	1.0215	-1.0215	-1.038	1.038	-1.0448	1.0448	-1.0514	1.0514	-1.0545	1.0545	1.0621	-1.0621	1.0696	-1.0696	-1.0794	1.0794	-1.0843	1.0843	1.0907	-1.0907	-1.098	1.098	-1.1097	1.1097	1.1179	-1.1179	-1.1258	1.1258	1.1325	-1.1325	1.1392	-1.1392	-1.145	1.145	1.1559	-1.1559	-1.1695	1.1695	-1.1787	1.1787	-1.1867	1.1867	1.1926	-1.1926	-1.2017	1.2017	-1.208	1.208	1.2153	-1.2153	-1.22	1.22	-1.2278	1.2278	-1.2388	1.2388	-1.2414	1.2414	-1.2476	1.2476	-1.2598	1.2598	1.2626	-1.2626	-1.2718	1.2718	1.2785	-1.2785	-1.2897	1.2897	-1.2972	1.2972	1.3024	-1.3024	1.3066	-1.3066	1.3126	-1.3126	1.3244	-1.3244	-1.3296	1.3296	-1.3328	1.3328	-1.3453	1.3453	-1.3536	1.3536	1.3621	-1.3621	-1.3682	1.3682	-1.3744	1.3744	-1.3856	1.3856	-1.3958	1.3958	-1.4017	1.4017	-1.41	1.41	-1.417	1.417	-1.4227	1.4227	1.4286	-1.4286	1.4359	-1.4359	1.4536	-1.4536	-1.4582	1.4582	1.463	-1.463	-1.4731	1.4731	1.4784	-1.4784	-1.4834	1.4834	-1.4927	1.4927	-1.4986	1.4986	-1.5042	1.5042	1.5106	-1.5106	1.5183	-1.5183	-1.5326	1.5326	1.5355	-1.5355	-1.5486	1.5486	-1.5519	1.5519	1.5636	-1.5636	-1.5705	1.5705	1.5782	-1.5782	-1.5856	1.5856	-1.5881	1.5881	-1.5994	1.5994	-1.6083	1.6083	-1.6119	1.6119	1.621	-1.621	1.6296	-1.6296	-1.6389	1.6389	1.6447	-1.6447	-1.6522	1.6522	-1.6595	1.6595	-1.675	1.675	1.6793	-1.6793	1.6883	-1.6883	-1.6966	1.6966	1.7047	-1.7047	-1.7093	1.7093	1.716	-1.716	1.729	-1.729	-1.7384	1.7384	-1.7486	1.7486	-1.7581	1.7581	1.7624	-1.7624	-1.7715	1.7715	1.7756	-1.7756	-1.7812	1.7812	-1.7907	1.7907	-1.7932	1.7932	-1.8042	1.8042	-1.8082	1.8082	1.8166	-1.8166	-1.8198	1.8198	-1.829	1.829	1.8371	-1.8371	-1.8402	1.8402	-1.8455	1.8455	-1.8575	1.8575	-1.8604	1.8604	1.8684	-1.8684	-1.8761	1.8761	1.8811	-1.8811	1.8909	-1.8909	1.9003	-1.9003	-1.9066	1.9066	-1.911	1.911	-1.9265	1.9265	1.9335	-1.9335	1.9402	-1.9402	-1.9423	1.9423	1.9554	-1.9554	-1.9644	1.9644	-1.9689	1.9689	1.9748	-1.9748	-1.9868	1.9868	1.9921	-1.9921	-1.9999	1.9999	2.008	-2.008	2.0134	-2.0134	-2.0224	2.0224	-2.0267	2.0267	2.0341	-2.0341	-2.0444	2.0444	2.0477	-2.0477	-2.059	2.059	2.0684	-2.0684	-2.0815	2.0815	-2.0846	2.0846	-2.0917	2.0917	2.1004	-2.1004	-2.111	2.111	2.1204	-2.1204	-2.1235	2.1235	-2.1306	2.1306	
0.42105	0.02	-0.2674	0.2674	-0.28158	0.28158	-0.32085	0.32085	0.35161	-0.35161	0.37871	-0.37871	0.38899	-0.38899	-0.40561	0.40561	0.42514	-0.42514	-0.46769	0.46769	0.47761	-0.47761	0.49493	-0.49493	-0.50782	0.50782	-0.52178	0.52178	-0.5428	0.5428	0.55077	-0.55077	0.58257	-0.58257	-0.61902	0.61902	-0.62623	0.62623	0.6498	-0.6498	0.66213	-0.66213	0.67227	-0.67227	-0.68387	0.68387	-0.70194	0.70194	-0.71514	0.71514	0.72402	-0.72402	-0.7414	0.7414	0.74762	-0.74762	0.75904	-0.75904	-0.76882	0.76882	0.78546	-0.78546	-0.79734	0.79734	-0.80882	0.80882	0.82657	-0.82657	-0.83854	0.83854	-0.84384	0.84384	-0.8577	0.8577	-0.87084	0.87084	-0.87721	0.87721	-0.89621	0.89621	0.90116	-0.90116	-0.90374	0.90374	-0.91583	0.91583	-0.92416	0.92416	-0.92923	0.92923	-0.94545	0.94545	-0.95422	0.95422	-0.96341	0.96341	0.96702	-0.96702	-0.97492	0.97492	-0.98538	0.98538	-0.99283	0.99283	-0.99473	0.99473	1.0075	-1.0075	1.0182	-1.0182	-1.0223	1.0223	1.0384	-1.0384	-1.0455	1.0455	1.0502	-1.0502	-1.0532	1.0532	-1.0626	1.0626	1.0704	-1.0704	-1.0797	1.0797	1.0845	-1.0845	-1.0911	1.0911	-1.098	1.098	-1.1104	1.1104	-1.1172	1.1172	-1.1264	1.1264	-1.1319	1.1319	1.1382	-1.1382	1.1446	-1.1446	-1.1553	1.1553	-1.1694	1.1694	1.1788	-1.1788	-1.187	1.187	-1.1938	1.1938	1.202	-1.202	-1.2086	1.2086	-1.2144	1.2144	-1.2206	1.2206	-1.2274	1.2274	-1.2393	1.2393	-1.2411	1.2411	-1.2481	1.2481	-1.2595	1.2595	-1.2631	1.2631	-1.2717	1.2717	-1.2779	1.2779	1.2896	-1.2896	-1.2966	1.2966	-1.3027	1.3027	-1.3062	1.3062	1.3123	-1.3123	1.3241	-1.3241	1.3295	-1.3295	1.3319	-1.3319	1.3462	-1.3462	-1.3531	1.3531	-1.3613	1.3613	-1.3681	1.3681	1.374	-1.374	1.3857	-1.3857	1.3949	-1.3949	-1.4008	1.4008	1.4104	-1.4104	-1.4169	1.4169	1.4219	-1.4219	-1.4287	1.4287	-1.4351	1.4351	-1.453	1.453	-1.4577	1.4577	1.4629	-1.4629	1.4723	-1.4723	-1.478	1.478	-1.4834	1.4834	-1.4922	1.4922	-1.4977	1.4977	1.5033	-1.5033	1.51	-1.51	1.5177	-1.5177	-1.5316	1.5316	1.5355	-1.5355	-1.5477	1.5477	-1.551	1.551	1.5625	-1.5625	-1.5695	1.5695	1.5773	-1.5773	1.5859	-1.5859	-1.5872	1.5872	-1.5987	1.5987	1.6081	-1.6081	-1.6122	1.6122	1.621	-1.621	-1.6291	1.6291	1.6386	-1.6386	-1.6443	1.6443	-1.6526	1.6526	-1.6584	1.6584	-1.6741	1.6741	-1.6787	1.6787	-1.6878	1.6878	1.6965	-1.6965	-1.7048	1.7048	-1.7092	1.7092	1.7162	-1.7162	-1.729	1.729	-1.7377	1.7377	-1.7492	1.7492	1.7575	-1.7575	1.7634	-1.7634	-1.772	1.772	-1.7752	1.7752	1.7814	-1.7814	-1.7911	1.7911	-1.7938	1.7938	1.804	-1.804	-1.809	1.809	1.8168	-1.8168	-1.8203	1.8203	-1.8285	1.8285	1.8374	-1.8374	1.8398	-1.8398	-1.8447	1.8447	1.8573	-1.8573	-1.8605	1.8605	-1.8689	1.8689	1.8762	-1.8762	-1.8814	1.8814	-1.8919	1.8919	1.9009	-1.9009	1.9069	-1.9069	1.9117	-1.9117	1.9267	-1.9267	-1.9345	1.9345	1.9403	-1.9403	1.9421	-1.9421	-1.9562	1.9562	1.9638	-1.9638	-1.9687	1.9687	-1.9747	1.9747	1.9871	-1.9871	-1.993	1.993	-1.9998	1.9998	2.0078	-2.0078	2.0131	-2.0131	-2.0225	2.0225	2.0272	-2.0272	2.0342	-2.0342	2.045	-2.045	-2.0478	2.0478	2.0589	-2.0589	-2.0686	2.0686	-2.0817	2.0817	2.0847	-2.0847	2.0917	-2.0917	2.1004	-2.1004	-2.1113	2.1113	2.1206	-2.1206	-2.1238	2.1238	-2.13	2.13	
0.42105	0.04	-0.26505	0.26505	-0.27942	0.27942	0.31771	-0.31771	0.34698	-0.34698	-0.37299	0.37299	0.38207	-0.38207	-0.40072	0.40072	0.4205	-0.4205	-0.46007	0.46007	-0.48017	0.48017	0.49433	-0.49433	-0.50757	0.50757	0.52349	-0.52349	-0.54646	0.54646	0.55489	-0.55489	-0.5826	0.5826	-0.61752	0.61752	0.6244	-0.6244	-0.6444	0.6444	-0.65886	0.65886	-0.66986	0.66986	-0.68187	0.68187	-0.70287	0.70287	0.71577	-0.71577	-0.72335	0.72335	-0.74184	0.74184	-0.74637	0.74637	-0.75965	0.75965	-0.76906	0.76906	0.78467	-0.78467	-0.79821	0.79821	-0.80596	0.80596	-0.82553	0.82553	-0.8399	0.8399	0.84394	-0.84394	-0.85666	0.85666	-0.87007	0.87007	0.87685	-0.87685	0.89551	-0.89551	-0.89989	0.89989	-0.90248	0.90248	-0.91354	0.91354	-0.92486	0.92486	-0.92838	0.92838	0.94453	-0.94453	-0.95448	0.95448	0.96354	-0.96354	0.96609	-0.96609	-0.97459	0.97459	0.98547	-0.98547	-0.99266	0.99266	0.99494	-0.99494	-1.0076	1.0076	-1.0173	1.0173	-1.023	1.023	1.0384	-1.0384	-1.0459	1.0459	1.0486	-1.0486	-1.053	1.053	-1.0628	1.0628	-1.0713	1.0713	-1.08	1.08	1.0845	-1.0845	-1.0913	1.0913	1.0981	-1.0981	-1.1106	1.1106	1.1165	-1.1165	-1.1267	1.1267	-1.1314	1.1314	-1.1375	1.1375	-1.1444	1.1444	-1.1548	1.1548	-1.1693	1.1693	1.1786	-1.1786	-1.187	1.187	-1.1946	1.1946	-1.202	1.202	-1.2094	1.2094	1.2132	-1.2132	-1.2213	1.2213	1.2267	-1.2267	-1.2385	1.2385	-1.2414	1.2414	-1.2482	1.2482	1.2591	-1.2591	1.2633	-1.2633	1.2715	-1.2715	1.2769	-1.2769	1.2891	-1.2891	1.2959	-1.2959	1.3027	-1.3027	-1.306	1.306	1.312	-1.312	-1.3236	1.3236	1.3293	-1.3293	-1.3313	1.3313	-1.3469	1.3469	1.3525	-1.3525	-1.3601	1.3601	1.3677	-1.3677	-1.3736	1.3736	1.3857	-1.3857	1.3939	-1.3939	-1.3996	1.3996	-1.4109	1.4109	1.4165	-1.4165	1.4212	-1.4212	1.4287	-1.4287	-1.4343	1.4343	1.4521	-1.4521	1.4574	-1.4574	1.4627	-1.4627	1.4715	-1.4715	1.4775	-1.4775	-1.4835	1.4835	1.4914	-1.4914	-1.4971	1.4971	-1.5022	1.5022	-1.5095	1.5095	1.5171	-1.5171	-1.5306	1.5306	-1.5354	1.5354	-1.5466	1.5466	1.5501	-1.5501	1.5615	-1.5615	1.5684	-1.5684	-1.5763	1.5763	-1.5858	1.5858	-1.5864	1.5864	-1.598	1.598	1.6078	-1.6078	-1.6124	1.6124	-1.6209	1.6209	1.6283	-1.6283	-1.638	1.638	-1.6439	1.6439	1.6529	-1.6529	1.6573	-1.6573	-1.6729	1.6729	-1.678	1.678	-1.6873	1.6873	-1.6963	1.6963	-1.7049	1.7049	-1.7089	1.7089	-1.7162	1.7162	1.729	-1.729	1.7368	-1.7368	1.7496	-1.7496	-1.7567	1.7567	1.764	-1.764	1.7717	-1.7717	-1.775	1.775	-1.7813	1.7813	-1.7912	1.7912	-1.7943	1.7943	-1.8035	1.8035	-1.8092	1.8092	-1.8165	1.8165	-1.8206	1.8206	-1.8278	1.8278	1.8367	-1.8367	1.8397	-1.8397	1.8442	-1.8442	1.8569	-1.8569	-1.8607	1.8607	-1.8692	1.8692	1.8761	-1.8761	1.8816	-1.8816	-1.8929	1.8929	1.9012	-1.9012	-1.9073	1.9073	-1.9123	1.9123	-1.9266	1.9266	-1.9352	1.9352	-1.9403	1.9403	-1.9421	1.9421	-1.9568	1.9568	-1.9632	1.9632	1.9685	-1.9685	-1.9749	1.9749	1.9873	-1.9873	1.9938	-1.9938	-1.9997	1.9997	-2.0076	2.0076	-2.0127	2.0127	-2.0227	2.0227	-2.028	2.028	-2.0345	2.0345	-2.0455	2.0455	2.048	-2.048	-2.059	2.059	-2.0688	2.0688	2.082	-2.082	-2.0848	2.0848	-2.0919	2.0919	2.1004	-2.1004	2.1115	-2.1115	-2.1206	2.1206	2.1242	-2.1242	-2.1297	2.1297	
0.42105	0.06	-0.26164	0.26164	0.2762	-0.2762	0.31329	-0.31329	0.34101	-0.34101	0.36588	-0.36588	0.37416	-0.37416	-0.39446	0.39446	0.41511	-0.41511	-0.45035	0.45035	0.48331	-0.48331	0.49459	-0.49459	-0.50608	0.50608	-0.52574	0.52574	0.54982	-0.54982	0.55876	-0.55876	-0.58157	0.58157	0.61582	-0.61582	-0.62273	0.62273	-0.63752	0.63752	-0.65531	0.65531	-0.66785	0.66785	-0.68029	0.68029	-0.70288	0.70288	-0.71558	0.71558	-0.72203	0.72203	0.74055	-0.74055	-0.74545	0.74545	-0.75933	0.75933	-0.77025	0.77025	0.78347	-0.78347	-0.79796	0.79796	-0.80387	0.80387	0.82464	-0.82464	-0.84032	0.84032	-0.84429	0.84429	0.85579	-0.85579	-0.86913	0.86913	-0.87615	0.87615	-0.89455	0.89455	0.8983	-0.8983	0.90142	-0.90142	0.91092	-0.91092	-0.92427	0.92427	0.92845	-0.92845	0.9436	-0.9436	-0.9544	0.9544	0.96349	-0.96349	0.96515	-0.96515	-0.97406	0.97406	0.98525	-0.98525	-0.9921	0.9921	0.99521	-0.99521	-1.0073	1.0073	1.0161	-1.0161	-1.0234	1.0234	-1.0378	1.0378	-1.0453	1.0453	-1.0475	1.0475	1.0536	-1.0536	-1.0627	1.0627	-1.0723	1.0723	-1.0805	1.0805	1.0845	-1.0845	1.0913	-1.0913	1.0982	-1.0982	1.1103	-1.1103	-1.1156	1.1156	1.1267	-1.1267	-1.1311	1.1311	1.137	-1.137	-1.1441	1.1441	-1.1543	1.1543	1.1691	-1.1691	1.1782	-1.1782	1.1866	-1.1866	-1.1949	1.1949	1.2018	-1.2018	-1.2101	1.2101	-1.2119	1.2119	-1.2218	1.2218	-1.2259	1.2259	1.237	-1.237	-1.2419	1.2419	-1.2478	1.2478	-1.2588	1.2588	1.2632	-1.2632	-1.2713	1.2713	-1.2758	1.2758	-1.2881	1.2881	-1.2952	1.2952	-1.3023	1.3023	-1.3062	1.3062	1.3117	-1.3117	1.3231	-1.3231	1.329	-1.329	1.3309	-1.3309	1.3471	-1.3471	1.352	-1.352	-1.359	1.359	-1.3672	1.3672	-1.3732	1.3732	1.3856	-1.3856	-1.3929	1.3929	-1.3982	1.3982	-1.4112	1.4112	-1.4159	1.4159	-1.4207	1.4207	-1.4286	1.4286	1.4336	-1.4336	-1.4509	1.4509	-1.4571	1.4571	-1.4624	1.4624	-1.4705	1.4705	1.477	-1.477	-1.4835	1.4835	1.4903	-1.4903	1.4967	-1.4967	-1.501	1.501	1.5091	-1.5091	1.5165	-1.5165	-1.5296	1.5296	1.5351	-1.5351	-1.5452	1.5452	-1.5494	1.5494	1.5605	-1.5605	-1.5672	1.5672	1.5754	-1.5754	1.5851	-1.5851	-1.5861	1.5861	-1.5973	1.5973	-1.6074	1.6074	1.6127	-1.6127	1.6207	-1.6207	-1.6274	1.6274	1.6371	-1.6371	1.6434	-1.6434	1.6531	-1.6531	1.6563	-1.6563	1.6716	-1.6716	1.6772	-1.6772	1.6866	-1.6866	-1.6959	1.6959	-1.7048	1.7048	1.7083	-1.7083	1.7162	-1.7162	-1.729	1.729	1.7358	-1.7358	-1.7496	1.7496	-1.7558	1.7558	-1.7643	1.7643	-1.7708	1.7708	-1.7749	1.7749	-1.7811	1.7811	-1.791	1.791	1.7946	-1.7946	-1.8029	1.8029	-1.8091	1.8091	-1.8159	1.8159	-1.8207	1.8207	-1.8267	1.8267	-1.8352	1.8352	1.8395	-1.8395	1.844	-1.844	1.8562	-1.8562	1.8611	-1.8611	1.8693	-1.8693	-1.8759	1.8759	-1.8817	1.8817	1.8938	-1.8938	1.9012	-1.9012	1.9077	-1.9077	-1.9129	1.9129	-1.9263	1.9263	-1.9355	1.9355	-1.9404	1.9404	1.9423	-1.9423	-1.957	1.957	1.9627	-1.9627	-1.9682	1.9682	-1.9753	1.9753	1.9874	-1.9874	1.9946	-1.9946	1.9994	-1.9994	2.0075	-2.0075	2.0122	-2.0122	-2.0228	2.0228	2.029	-2.029	2.0348	-2.0348	-2.046	2.046	-2.0483	2.0483	2.0591	-2.0591	-2.069	2.069	-2.0821	2.0821	-2.0847	2.0847	2.0921	-2.0921	2.1004	-2.1004	-2.1117	2.1117	2.1205	-2.1205	2.1244	-2.1244	-2.1296	2.1296	
