# disorder/μ phi/π evs ...
0	-1.04	-0.16839	0.16839	-0.24738	0.24738	-0.2999	0.2999	-0.30656	0.30656	-0.36328	0.36328	-0.38853	0.38853	-0.39125	0.39125	-0.40717	0.40717	-0.42646	0.42646	-0.45672	0.45672	-0.46013	0.46013	0.48956	-0.48956	-0.4997	0.4997	-0.50599	0.50599	-0.5186	0.5186	0.54841	-0.54841	-0.56205	0.56205	0.58076	-0.58076	-0.59026	0.59026	-0.60865	0.60865	0.61627	-0.61627	-0.62118	0.62118	-0.63594	0.63594	0.63926	-0.63926	-0.64767	0.64767	0.6501	-0.6501	-0.68916	0.68916	-0.69803	0.69803	0.69846	-0.69846	0.72438	-0.72438	-0.7329	0.7329	-0.73814	0.73814	0.74582	-0.74582	-0.7469	0.7469	0.7539	-0.7539	-0.75642	0.75642	-0.75954	0.75954	-0.76863	0.76863	-0.77525	0.77525	0.79108	-0.79108	0.80742	-0.80742	0.82167	-0.82167	-0.84111	0.84111	-0.84174	0.84174	-0.87007	0.87007	-0.88929	0.88929	-0.91525	0.91525	0.92321	-0.92321	0.93604	-0.93604	-0.93737	0.93737	0.96224	-0.96224	0.98209	-0.98209	-1.0143	1.0143	-1.0226	1.0226	1.0379	-1.0379	-1.0817	1.0817	-1.1464	1.1464	1.1493	-1.1493	1.1817	-1.1817	-1.1872	1.1872	1.2256	-1.2256	1.2564	-1.2564	-1.2847	1.2847	1.3249	-1.3249	-1.333	1.333	1.3525	-1.3525	1.4121	-1.4121	1.4195	-1.4195	1.4799	-1.4799	-1.5379	1.5379	-1.5512	1.5512	1.5659	-1.5659	-1.5679	1.5679	1.5767	-1.5767	1.5773	-1.5773	1.6045	-1.6045	1.6082	-1.6082	-1.6509	1.6509	-1.6578	1.6578	1.6774	-1.6774	-1.7251	1.7251	-1.7333	1.7333	-1.7435	1.7435	-1.7443	1.7443	1.749	-1.749	-1.7731	1.7731	-1.8067	1.8067	1.8247	-1.8247	-1.832	1.832	-1.8344	1.8344	1.8389	-1.8389	1.8482	-1.8482	1.8533	-1.8533	1.8592	-1.8592	-1.8706	1.8706	1.9034	-1.9034	1.9065	-1.9065	1.9266	-1.9266	1.9331	-1.9331	1.9414	-1.9414	
0	-1.02	-0.1927	0.1927	0.22479	-0.22479	-0.29991	0.29991	-0.30656	0.30656	0.3633	-0.3633	0.38851	-0.38851	0.4132	-0.4132	-0.42652	0.42652	-0.42866	0.42866	0.45677	-0.45677	-0.46017	0.46017	-0.47005	0.47005	-0.49827	0.49827	-0.50096	0.50096	-0.50598	0.50598	-0.56927	0.56927	0.57105	-0.57105	0.57837	-0.57837	0.5903	-0.5903	-0.60658	0.60658	-0.62737	0.62737	-0.6439	0.6439	0.64652	-0.64652	-0.64919	0.64919	-0.64946	0.64946	0.66747	-0.66747	-0.67063	0.67063	-0.68983	0.68983	-0.69735	0.69735	0.72726	-0.72726	0.72971	-0.72971	-0.7368	0.7368	-0.73725	0.73725	0.74689	-0.74689	-0.74929	0.74929	-0.75591	0.75591	-0.75793	0.75793	-0.76386	0.76386	-0.77797	0.77797	-0.79096	0.79096	-0.79391	0.79391	0.8131	-0.8131	-0.82132	0.82132	0.84109	-0.84109	0.86443	-0.86443	-0.89035	0.89035	0.91366	-0.91366	-0.92412	0.92412	0.93605	-0.93605	0.93737	-0.93737	-0.96232	0.96232	-0.97834	0.97834	1.01	-1.01	1.022	-1.022	1.0383	-1.0383	-1.0818	1.0818	1.1465	-1.1465	1.1493	-1.1493	1.1815	-1.1815	1.1872	-1.1872	1.2256	-1.2256	1.2563	-1.2563	-1.2848	1.2848	1.3249	-1.3249	1.333	-1.333	1.3508	-1.3508	1.4122	-1.4122	1.4196	-1.4196	-1.4799	1.4799	-1.5369	1.5369	1.5505	-1.5505	1.566	-1.566	1.5676	-1.5676	1.5746	-1.5746	-1.5774	1.5774	-1.6083	1.6083	1.6098	-1.6098	-1.6509	1.6509	1.6578	-1.6578	1.6777	-1.6777	-1.7251	1.7251	1.7333	-1.7333	-1.7435	1.7435	-1.744	1.744	1.749	-1.749	1.7731	-1.7731	-1.8067	1.8067	1.8253	-1.8253	1.8319	-1.8319	-1.8344	1.8344	-1.839	1.839	-1.8486	1.8486	-1.8531	1.8531	-1.8562	1.8562	1.8706	-1.8706	1.9034	-1.9034	1.9066	-1.9066	1.9266	-1.9266	1.9322	-1.9322	-1.9397	1.9397	
0	-1	0.20143	-0.20143	-0.21658	0.21658	-0.29992	0.29992	-0.30656	0.30656	0.3633	-0.3633	-0.38851	0.38851	-0.42657	0.42657	-0.43427	0.43427	0.44597	-0.44597	-0.44724	0.44724	0.45679	-0.45679	-0.46018	0.46018	-0.47671	0.47671	0.50141	-0.50141	-0.50598	0.50598	-0.57438	0.57438	0.57872	-0.57872	-0.58888	0.58888	-0.59031	0.59031	0.60503	-0.60503	-0.62606	0.62606	0.64686	-0.64686	0.64933	-0.64933	-0.65491	0.65491	-0.65553	0.65553	-0.66843	0.66843	-0.6776	0.6776	-0.68423	0.68423	-0.68844	0.68844	-0.70291	0.70291	0.72462	-0.72462	-0.73223	0.73223	-0.73968	0.73968	-0.74584	0.74584	-0.74693	0.74693	-0.75596	0.75596	0.75783	-0.75783	-0.7775	0.7775	-0.78846	0.78846	-0.79094	0.79094	-0.79449	0.79449	-0.79955	0.79955	-0.8214	0.8214	-0.84108	0.84108	-0.86446	0.86446	-0.89122	0.89122	0.91435	-0.91435	-0.9263	0.9263	0.93605	-0.93605	0.93737	-0.93737	-0.96234	0.96234	0.97576	-0.97576	-1.0077	1.0077	-1.0216	1.0216	1.0388	-1.0388	1.0818	-1.0818	-1.1467	1.1467	1.1493	-1.1493	-1.1814	1.1814	1.1872	-1.1872	1.2256	-1.2256	1.2562	-1.2562	-1.285	1.285	-1.3249	1.3249	-1.333	1.333	1.3492	-1.3492	-1.4122	1.4122	1.4195	-1.4195	1.4799	-1.4799	1.5359	-1.5359	1.5497	-1.5497	1.5661	-1.5661	-1.5669	1.5669	1.5731	-1.5731	1.5776	-1.5776	-1.6083	1.6083	-1.615	1.615	1.6509	-1.6509	1.6578	-1.6578	1.6779	-1.6779	1.7251	-1.7251	1.7333	-1.7333	-1.7433	1.7433	1.7437	-1.7437	1.749	-1.749	-1.7731	1.7731	-1.8067	1.8067	1.8259	-1.8259	1.8319	-1.8319	-1.8344	1.8344	1.839	-1.839	1.8489	-1.8489	-1.853	1.853	-1.8532	1.8532	-1.8706	1.8706	1.9035	-1.9035	-1.9068	1.9068	1.9266	-1.9266	-1.9314	1.9314	1.9382	-1.9382	
0	-0.98	0.17759	-0.17759	0.23982	-0.23982	-0.29992	0.29992	-0.30657	0.30657	0.3633	-0.3633	0.38851	-0.38851	0.42018	-0.42018	0.4266	-0.4266	0.45325	-0.45325	0.45453	-0.45453	0.45681	-0.45681	-0.46017	0.46017	0.46084	-0.46084	0.50151	-0.50151	-0.50598	0.50598	0.57059	-0.57059	0.58773	-0.58773	0.59029	-0.59029	0.5937	-0.5937	-0.60368	0.60368	-0.61742	0.61742	-0.64533	0.64533	0.64672	-0.64672	0.64937	-0.64937	0.65041	-0.65041	-0.66218	0.66218	-0.67323	0.67323	0.67401	-0.67401	-0.67599	0.67599	-0.70969	0.70969	0.72455	-0.72455	-0.74035	0.74035	0.74248	-0.74248	-0.74654	0.74654	-0.74695	0.74695	-0.7566	0.7566	-0.75779	0.75779	-0.76165	0.76165	0.79093	-0.79093	0.79297	-0.79297	-0.81069	0.81069	0.82237	-0.82237	-0.82565	0.82565	-0.84109	0.84109	-0.87151	0.87151	-0.89177	0.89177	0.91817	-0.91817	0.93005	-0.93005	0.93605	-0.93605	0.93737	-0.93737	-0.96231	0.96231	-0.97476	0.97476	1.0066	-1.0066	1.0214	-1.0214	1.0395	-1.0395	-1.0818	1.0818	-1.1468	1.1468	-1.1493	1.1493	-1.1813	1.1813	-1.1872	1.1872	1.2256	-1.2256	1.2562	-1.2562	1.2851	-1.2851	-1.3249	1.3249	1.333	-1.333	1.3478	-1.3478	-1.4122	1.4122	1.4195	-1.4195	1.4799	-1.4799	1.5348	-1.5348	1.5487	-1.5487	1.5656	-1.5656	-1.566	1.566	-1.5724	1.5724	1.5776	-1.5776	1.6083	-1.6083	1.6202	-1.6202	1.6509	-1.6509	-1.6578	1.6578	1.678	-1.678	-1.7251	1.7251	1.7333	-1.7333	1.7429	-1.7429	1.7436	-1.7436	-1.749	1.749	1.7731	-1.7731	-1.8067	1.8067	1.8264	-1.8264	-1.8319	1.8319	-1.8344	1.8344	-1.8391	1.8391	1.8491	-1.8491	-1.8501	1.8501	1.8529	-1.8529	-1.8707	1.8707	1.9034	-1.9034	1.9068	-1.9068	1.9266	-1.9266	-1.9307	1.9307	1.937	-1.937	
0	-0.96	-0.15346	0.15346	-0.26201	0.26201	-0.29992	0.29992	-0.30658	0.30658	0.36328	-0.36328	-0.38853	0.38853	-0.39365	0.39365	0.42661	-0.42661	-0.43247	0.43247	0.45677	-0.45677	-0.46014	0.46014	-0.46096	0.46096	-0.47465	0.47465	-0.50127	0.50127	-0.506	0.506	0.56979	-0.56979	-0.58161	0.58161	0.59026	-0.59026	0.59541	-0.59541	-0.60248	0.60248	-0.60279	0.60279	-0.63221	0.63221	0.63755	-0.63755	-0.6445	0.6445	-0.6446	0.6446	-0.64936	0.64936	0.65125	-0.65125	-0.66231	0.66231	0.6817	-0.6817	-0.71936	0.71936	0.72974	-0.72974	0.7364	-0.7364	0.74042	-0.74042	-0.74684	0.74684	-0.75754	0.75754	-0.75778	0.75778	0.76727	-0.76727	0.77037	-0.77037	-0.79095	0.79095	-0.80584	0.80584	0.81872	-0.81872	0.82694	-0.82694	0.84111	-0.84111	-0.85487	0.85487	-0.88645	0.88645	-0.89191	0.89191	0.92573	-0.92573	0.93572	-0.93572	0.93605	-0.93605	-0.93737	0.93737	0.96222	-0.96222	0.97553	-0.97553	1.0065	-1.0065	1.0214	-1.0214	1.0404	-1.0404	-1.0817	1.0817	-1.1468	1.1468	-1.1493	1.1493	-1.1814	1.1814	1.1872	-1.1872	1.2256	-1.2256	1.2562	-1.2562	-1.2852	1.2852	1.3249	-1.3249	-1.333	1.333	1.3466	-1.3466	-1.4121	1.4121	-1.4193	1.4193	-1.4799	1.4799	1.5337	-1.5337	1.5474	-1.5474	1.5639	-1.5639	-1.566	1.566	1.5721	-1.5721	1.5777	-1.5777	1.6082	-1.6082	1.6253	-1.6253	-1.6509	1.6509	-1.6578	1.6578	1.6782	-1.6782	1.7251	-1.7251	1.7333	-1.7333	1.7424	-1.7424	1.7436	-1.7436	-1.749	1.749	-1.7731	1.7731	1.8067	-1.8067	1.8269	-1.8269	1.832	-1.832	1.8344	-1.8344	-1.8391	1.8391	-1.8471	1.8471	1.8493	-1.8493	1.8528	-1.8528	1.8707	-1.8707	1.9034	-1.9034	-1.9068	1.9068	1.9266	-1.9266	-1.93	1.93	-1.9362	1.9362	
0	-0.94	-0.12918	0.12918	0.28234	-0.28234	-0.29992	0.29992	-0.30659	0.30659	0.36324	-0.36324	-0.36681	0.36681	-0.38855	0.38855	0.41156	-0.41156	-0.4266	0.4266	-0.45377	0.45377	-0.45688	0.45688	-0.46009	0.46009	0.48992	-0.48992	-0.50049	0.50049	0.50602	-0.50602	-0.56041	0.56041	0.57252	-0.57252	0.58387	-0.58387	-0.59018	0.59018	0.59965	-0.59965	0.60319	-0.60319	0.60591	-0.60591	-0.61945	0.61945	0.62081	-0.62081	0.64156	-0.64156	-0.64742	0.64742	-0.6494	0.6494	-0.65222	0.65222	0.68928	-0.68928	0.69485	-0.69485	0.74001	-0.74001	-0.74029	0.74029	-0.74677	0.74677	0.75738	-0.75738	-0.75846	0.75846	-0.76512	0.76512	0.78139	-0.78139	0.79061	-0.79061	0.79517	-0.79517	0.82054	-0.82054	-0.82393	0.82393	0.8325	-0.8325	-0.84116	0.84116	0.88424	-0.88424	0.89165	-0.89165	0.90766	-0.90766	0.93603	-0.93603	0.93665	-0.93665	0.93738	-0.93738	0.94361	-0.94361	0.96208	-0.96208	0.97835	-0.97835	1.0074	-1.0074	-1.0215	1.0215	1.0414	-1.0414	-1.0817	1.0817	-1.1468	1.1468	1.1493	-1.1493	1.1815	-1.1815	-1.1871	1.1871	-1.2255	1.2255	-1.2563	1.2563	1.2853	-1.2853	1.3249	-1.3249	-1.3331	1.3331	-1.3456	1.3456	1.4121	-1.4121	1.4191	-1.4191	1.4799	-1.4799	-1.5326	1.5326	-1.5458	1.5458	-1.5622	1.5622	-1.5659	1.5659	1.5721	-1.5721	1.5777	-1.5777	-1.6081	1.6081	1.6304	-1.6304	1.6509	-1.6509	-1.6577	1.6577	1.6782	-1.6782	1.7251	-1.7251	-1.7333	1.7333	1.7419	-1.7419	1.7436	-1.7436	-1.749	1.749	1.7731	-1.7731	1.8067	-1.8067	-1.8274	1.8274	-1.832	1.832	-1.8344	1.8344	1.8391	-1.8391	-1.8441	1.8441	-1.8493	1.8493	1.8528	-1.8528	-1.8707	1.8707	1.9034	-1.9034	1.9068	-1.9068	-1.9266	1.9266	1.9294	-1.9294	-1.9356	1.9356	
0	-0.92	0.10491	-0.10491	-0.29861	0.29861	-0.29991	0.29991	-0.3066	0.3066	0.34008	-0.34008	0.36319	-0.36319	0.38858	-0.38858	0.39392	-0.39392	0.42657	-0.42657	-0.43814	0.43814	-0.45674	0.45674	0.46002	-0.46002	-0.49834	0.49834	0.50143	-0.50143	0.50606	-0.50606	-0.53676	0.53676	0.56211	-0.56211	-0.56906	0.56906	0.58603	-0.58603	0.58999	-0.58999	-0.59279	0.59279	0.59799	-0.59799	0.59843	-0.59843	-0.60792	0.60792	-0.63232	0.63232	-0.6474	0.6474	0.64947	-0.64947	-0.65755	0.65755	0.66233	-0.66233	0.70085	-0.70085	-0.7401	0.7401	0.74665	-0.74665	0.75747	-0.75747	-0.75823	0.75823	0.75922	-0.75922	-0.79086	0.79086	-0.79208	0.79208	-0.79284	0.79284	0.8222	-0.8222	-0.82324	0.82324	-0.8355	0.8355	0.84122	-0.84122	0.84495	-0.84495	0.891	-0.891	-0.91333	0.91333	-0.93199	0.93199	0.93601	-0.93601	0.93738	-0.93738	-0.94915	0.94915	0.95395	-0.95395	-0.96189	0.96189	0.984	-0.984	-1.0097	1.0097	1.0219	-1.0219	1.0425	-1.0425	-1.0816	1.0816	1.1467	-1.1467	1.1493	-1.1493	-1.1818	1.1818	-1.187	1.187	1.2254	-1.2254	1.2564	-1.2564	1.2853	-1.2853	1.325	-1.325	1.3331	-1.3331	-1.3449	1.3449	1.412	-1.412	1.4188	-1.4188	-1.48	1.48	-1.5314	1.5314	-1.5438	1.5438	1.5608	-1.5608	-1.5657	1.5657	1.5723	-1.5723	1.5777	-1.5777	1.608	-1.608	-1.6354	1.6354	1.6509	-1.6509	1.6576	-1.6576	-1.6783	1.6783	-1.7251	1.7251	-1.7333	1.7333	1.7413	-1.7413	1.7436	-1.7436	1.749	-1.749	1.7731	-1.7731	-1.8066	1.8066	1.8278	-1.8278	1.832	-1.832	1.8344	-1.8344	-1.8391	1.8391	1.8411	-1.8411	-1.8493	1.8493	1.8528	-1.8528	1.8708	-1.8708	1.9033	-1.9033	-1.9066	1.9066	-1.9265	1.9265	1.9288	-1.9288	-1.9353	1.9353	
0	-0.9	-0.080807	0.080807	-0.2999	0.2999	-0.30366	0.30366	-0.30661	0.30661	-0.31602	0.31602	-0.36313	0.36313	-0.38449	0.38449	-0.38861	0.38861	-0.41739	0.41739	0.42654	-0.42654	0.45658	-0.45658	-0.45992	0.45992	-0.49078	0.49078	0.5061	-0.5061	0.50635	-0.50635	0.5169	-0.5169	-0.5386	0.5386	0.54437	-0.54437	-0.5642	0.5642	-0.5758	0.5758	0.58637	-0.58637	0.59	-0.59	0.59388	-0.59388	0.61212	-0.61212	-0.62457	0.62457	-0.63593	0.63593	-0.64758	0.64758	0.64957	-0.64957	-0.67153	0.67153	0.70455	-0.70455	-0.73988	0.73988	-0.7465	0.7465	0.75738	-0.75738	0.7598	-0.7598	-0.78149	0.78149	0.79088	-0.79088	-0.80187	0.80187	-0.81425	0.81425	0.82944	-0.82944	0.83766	-0.83766	-0.84131	0.84131	0.85179	-0.85179	0.86758	-0.86758	0.89006	-0.89006	0.93599	-0.93599	0.93739	-0.93739	0.94145	-0.94145	-0.95541	0.95541	0.96165	-0.96165	-0.96186	0.96186	-0.9672	0.9672	-0.99337	0.99337	1.0148	-1.0148	-1.0227	1.0227	1.0438	-1.0438	1.0814	-1.0814	-1.1465	1.1465	-1.1493	1.1493	1.1821	-1.1821	-1.1869	1.1869	1.2254	-1.2254	1.2566	-1.2566	-1.2854	1.2854	1.325	-1.325	1.3332	-1.3332	1.3443	-1.3443	-1.4119	1.4119	1.4185	-1.4185	-1.48	1.48	-1.5302	1.5302	1.5412	-1.5412	1.5596	-1.5596	1.5654	-1.5654	1.5725	-1.5725	-1.5776	1.5776	1.6079	-1.6079	-1.6403	1.6403	1.6509	-1.6509	1.6575	-1.6575	-1.6782	1.6782	-1.725	1.725	1.7332	-1.7332	-1.7407	1.7407	1.7436	-1.7436	1.749	-1.749	1.7731	-1.7731	-1.8066	1.8066	-1.828	1.828	-1.832	1.832	-1.8344	1.8344	-1.8382	1.8382	-1.8391	1.8391	-1.8492	1.8492	-1.8528	1.8528	1.8708	-1.8708	1.9032	-1.9032	-1.9065	1.9065	1.9265	-1.9265	-1.9283	1.9283	1.9354	-1.9354	
0	-0.88	0.057109	-0.057109	-0.28322	0.28322	-0.29989	0.29989	-0.30413	0.30413	-0.30664	0.30664	0.36305	-0.36305	-0.38833	0.38833	0.38866	-0.38866	0.39382	-0.39382	0.42647	-0.42647	0.45623	-0.45623	-0.45978	0.45978	0.47101	-0.47101	0.50182	-0.50182	-0.50612	0.50612	-0.50837	0.50837	-0.51475	0.51475	-0.51629	0.51629	0.53579	-0.53579	-0.55223	0.55223	0.58323	-0.58323	0.58872	-0.58872	0.58985	-0.58985	0.61477	-0.61477	0.61672	-0.61672	-0.62313	0.62313	0.64783	-0.64783	-0.6497	0.6497	-0.69	0.69	0.70652	-0.70652	0.73966	-0.73966	-0.74632	0.74632	0.75724	-0.75724	-0.76023	0.76023	-0.79088	0.79088	0.80708	-0.80708	-0.81052	0.81052	0.81914	-0.81914	-0.83607	0.83607	0.84138	-0.84138	0.85613	-0.85613	0.88039	-0.88039	0.88887	-0.88887	-0.89114	0.89114	0.93598	-0.93598	0.93741	-0.93741	-0.96136	0.96136	-0.96649	0.96649	-0.96682	0.96682	-0.98118	0.98118	-0.98461	0.98461	-1.0064	1.0064	-1.0241	1.0241	1.026	-1.026	1.0453	-1.0453	-1.0813	1.0813	1.1463	-1.1463	-1.1493	1.1493	-1.1825	1.1825	1.1868	-1.1868	-1.2253	1.2253	1.2569	-1.2569	1.2853	-1.2853	-1.3251	1.3251	1.3332	-1.3332	-1.3441	1.3441	-1.4118	1.4118	1.418	-1.418	1.48	-1.48	1.529	-1.529	1.5383	-1.5383	-1.5588	1.5588	1.5651	-1.5651	-1.5728	1.5728	1.5775	-1.5775	-1.6077	1.6077	-1.6452	1.6452	1.6509	-1.6509	-1.6574	1.6574	1.6782	-1.6782	-1.725	1.725	1.7332	-1.7332	-1.74	1.74	-1.7436	1.7436	1.7491	-1.7491	-1.7731	1.7731	-1.8065	1.8065	1.8281	-1.8281	1.8321	-1.8321	-1.8344	1.8344	-1.8355	1.8355	-1.8391	1.8391	1.849	-1.849	1.8529	-1.8529	1.8709	-1.8709	-1.9031	1.9031	-1.9062	1.9062	1.9264	-1.9264	1.9279	-1.9279	1.9357	-1.9357	
0	-0.86	-0.03414	0.03414	-0.25685	0.25685	-0.28877	0.28877	0.29987	-0.29987	-0.30666	0.30666	-0.36296	0.36296	-0.36864	0.36864	0.38872	-0.38872	-0.40193	0.40193	0.42636	-0.42636	0.44498	-0.44498	-0.45513	0.45513	-0.45967	0.45967	0.48418	-0.48418	-0.48861	0.48861	-0.495	0.495	-0.50312	0.50312	-0.50604	0.50604	-0.5101	0.5101	0.52812	-0.52812	0.56181	-0.56181	-0.58968	0.58968	0.59024	-0.59024	0.60669	-0.60669	0.61837	-0.61837	0.62808	-0.62808	0.64811	-0.64811	-0.64987	0.64987	0.70764	-0.70764	-0.71104	0.71104	-0.73945	0.73945	0.74611	-0.74611	0.75708	-0.75708	-0.76055	0.76055	0.79089	-0.79089	0.81788	-0.81788	0.8204	-0.8204	-0.83375	0.83375	-0.83661	0.83661	0.8415	-0.8415	-0.88401	0.88401	0.8875	-0.8875	0.9089	-0.9089	0.91525	-0.91525	0.93598	-0.93598	-0.93744	0.93744	-0.96104	0.96104	0.97248	-0.97248	-0.9872	0.9872	0.9946	-0.9946	1.0066	-1.0066	1.0263	-1.0263	1.0278	-1.0278	1.0441	-1.0441	1.0469	-1.0469	1.0811	-1.0811	1.146	-1.146	1.1494	-1.1494	-1.1831	1.1831	1.1866	-1.1866	1.2251	-1.2251	1.2572	-1.2572	1.2853	-1.2853	-1.3252	1.3252	-1.3333	1.3333	1.3442	-1.3442	1.4116	-1.4116	-1.4176	1.4176	-1.48	1.48	-1.5277	1.5277	1.5349	-1.5349	-1.5582	1.5582	1.5648	-1.5648	-1.5731	1.5731	-1.5774	1.5774	1.6075	-1.6075	-1.6501	1.6501	-1.651	1.651	-1.6572	1.6572	1.6781	-1.6781	-1.7249	1.7249	1.7331	-1.7331	1.7394	-1.7394	1.7435	-1.7435	1.7491	-1.7491	-1.7731	1.7731	-1.8064	1.8064	1.8278	-1.8278	-1.8321	1.8321	-1.8332	1.8332	-1.8344	1.8344	1.8391	-1.8391	1.8487	-1.8487	-1.853	1.853	-1.8709	1.8709	1.903	-1.903	-1.9059	1.9059	-1.9264	1.9264	1.9275	-1.9275	1.9363	-1.9363	
0	-0.84	-0.012406	0.012406	-0.2303	0.2303	0.27049	-0.27049	0.29985	-0.29985	-0.30668	0.30668	-0.34253	0.34253	0.36286	-0.36286	0.38878	-0.38878	0.41729	-0.41729	0.4197	-0.4197	0.42617	-0.42617	-0.44877	0.44877	-0.45891	0.45891	-0.45949	0.45949	-0.46628	0.46628	-0.47656	0.47656	0.47784	-0.47784	-0.5037	0.5037	0.50523	-0.50523	-0.50664	0.50664	-0.5352	0.5352	0.58948	-0.58948	-0.59108	0.59108	-0.60283	0.60283	0.6205	-0.6205	0.63719	-0.63719	-0.64842	0.64842	-0.65008	0.65008	-0.70829	0.70829	-0.73327	0.73327	-0.73925	0.73925	-0.74586	0.74586	-0.7569	0.7569	-0.76079	0.76079	-0.79089	0.79089	0.82113	-0.82113	0.82414	-0.82414	0.83719	-0.83719	0.84166	-0.84166	-0.86077	0.86077	-0.88599	0.88599	-0.91248	0.91248	0.9349	-0.9349	-0.93694	0.93694	-0.93886	0.93886	-0.93967	0.93967	-0.96074	0.96074	0.97705	-0.97705	-1.0015	1.0015	-1.0035	1.0035	1.0233	-1.0233	-1.042	1.042	1.0489	-1.0489	-1.0519	1.0519	-1.0663	1.0663	1.0809	-1.0809	1.1457	-1.1457	-1.1494	1.1494	-1.1838	1.1838	-1.1864	1.1864	1.225	-1.225	-1.2575	1.2575	-1.2852	1.2852	1.3253	-1.3253	1.3334	-1.3334	-1.3446	1.3446	1.4115	-1.4115	1.417	-1.417	1.48	-1.48	-1.5264	1.5264	1.5312	-1.5312	1.5578	-1.5578	1.5644	-1.5644	1.5734	-1.5734	1.5772	-1.5772	1.6073	-1.6073	-1.651	1.651	-1.6548	1.6548	1.657	-1.657	-1.678	1.678	-1.7249	1.7249	1.7331	-1.7331	1.7387	-1.7387	1.7435	-1.7435	1.7491	-1.7491	1.7731	-1.7731	1.8063	-1.8063	-1.8265	1.8265	1.8318	-1.8318	-1.8322	1.8322	-1.8344	1.8344	-1.839	1.839	1.8483	-1.8483	1.8532	-1.8532	-1.871	1.871	-1.9028	1.9028	1.9056	-1.9056	1.9263	-1.9263	-1.9271	1.9271	1.9372	-1.9372	
0	-0.82	0.0072825	-0.0072825	0.20405	-0.20405	0.2523	-0.2523	0.29982	-0.29982	0.30671	-0.30671	0.31588	-0.31588	0.36274	-0.36274	0.38885	-0.38885	0.38945	-0.38945	-0.42381	0.42381	0.4284	-0.4284	0.43231	-0.43231	0.43852	-0.43852	0.44968	-0.44968	0.45562	-0.45562	-0.45933	0.45933	0.46023	-0.46023	0.47911	-0.47911	0.50436	-0.50436	0.5066	-0.5066	0.50727	-0.50727	0.58925	-0.58925	-0.59146	0.59146	0.60046	-0.60046	0.62216	-0.62216	-0.64828	0.64828	0.64873	-0.64873	0.65035	-0.65035	-0.70867	0.70867	0.73903	-0.73903	0.74557	-0.74557	0.75532	-0.75532	0.75705	-0.75705	0.761	-0.761	-0.79089	0.79089	0.82167	-0.82167	0.8294	-0.8294	0.83847	-0.83847	0.84197	-0.84197	0.88391	-0.88391	-0.88825	0.88825	0.93576	-0.93576	0.93738	-0.93738	0.94094	-0.94094	0.95982	-0.95982	0.96426	-0.96426	0.96643	-0.96643	0.98074	-0.98074	1.0069	-1.0069	1.0139	-1.0139	1.0355	-1.0355	1.0508	-1.0508	1.068	-1.068	-1.0794	1.0794	-1.0806	1.0806	1.0905	-1.0905	-1.1453	1.1453	1.1494	-1.1494	1.1846	-1.1846	1.1862	-1.1862	1.2249	-1.2249	-1.2579	1.2579	1.2849	-1.2849	-1.3254	1.3254	1.3335	-1.3335	1.3455	-1.3455	1.4113	-1.4113	1.4164	-1.4164	1.48	-1.48	1.525	-1.525	-1.5273	1.5273	1.5576	-1.5576	1.5639	-1.5639	1.5737	-1.5737	1.577	-1.577	1.6071	-1.6071	1.651	-1.651	1.6568	-1.6568	1.6595	-1.6595	1.6778	-1.6778	1.7248	-1.7248	-1.733	1.733	-1.738	1.738	-1.7435	1.7435	1.7492	-1.7492	1.773	-1.773	-1.8062	1.8062	-1.8244	1.8244	1.8313	-1.8313	1.8323	-1.8323	-1.8344	1.8344	1.839	-1.839	-1.8478	1.8478	1.8534	-1.8534	-1.8711	1.8711	1.9026	-1.9026	-1.9051	1.9051	-1.9262	1.9262	1.9268	-1.9268	1.9384	-1.9384	
0	-0.8	-0.023624	0.023624	-0.17829	0.17829	-0.23635	0.23635	-0.28895	0.28895	-0.29979	0.29979	-0.30673	0.30673	0.36135	-0.36135	-0.3626	0.3626	-0.38894	0.38894	-0.39829	0.39829	-0.40531	0.40531	-0.4216	0.4216	-0.42633	0.42633	-0.43288	0.43288	-0.45445	0.45445	0.45767	-0.45767	-0.4591	0.4591	0.45919	-0.45919	-0.4791	0.4791	0.50373	-0.50373	-0.50669	0.50669	0.589	-0.589	0.59154	-0.59154	-0.59857	0.59857	-0.62344	0.62344	0.64902	-0.64902	-0.65071	0.65071	-0.65996	0.65996	-0.70884	0.70884	0.73885	-0.73885	-0.74525	0.74525	0.75638	-0.75638	0.76115	-0.76115	-0.77707	0.77707	-0.79089	0.79089	-0.82208	0.82208	0.83383	-0.83383	0.84051	-0.84051	0.84327	-0.84327	-0.88244	0.88244	-0.9147	0.9147	0.93575	-0.93575	-0.93741	0.93741	-0.95995	0.95995	0.96918	-0.96918	-0.98375	0.98375	-0.98893	0.98893	-0.99417	0.99417	-1.0125	1.0125	-1.0183	1.0183	1.0515	-1.0515	1.0539	-1.0539	1.0803	-1.0803	1.0958	-1.0958	1.1074	-1.1074	1.1158	-1.1158	1.1449	-1.1449	1.1494	-1.1494	-1.1855	1.1855	-1.186	1.186	-1.2247	1.2247	1.2584	-1.2584	-1.2846	1.2846	-1.3255	1.3255	-1.3336	1.3336	1.3468	-1.3468	1.4111	-1.4111	1.4158	-1.4158	1.48	-1.48	-1.523	1.523	-1.5236	1.5236	1.5575	-1.5575	1.5634	-1.5634	-1.574	1.574	-1.5768	1.5768	1.6068	-1.6068	1.651	-1.651	-1.6566	1.6566	-1.6641	1.6641	-1.6777	1.6777	-1.7247	1.7247	-1.7329	1.7329	1.7373	-1.7373	1.7434	-1.7434	1.7492	-1.7492	1.773	-1.773	1.806	-1.806	-1.8218	1.8218	1.8312	-1.8312	1.8324	-1.8324	-1.8344	1.8344	-1.8389	1.8389	1.8473	-1.8473	1.8535	-1.8535	-1.8712	1.8712	-1.9024	1.9024	-1.9047	1.9047	-1.9261	1.9261	-1.9265	1.9265	-1.9398	1.9398	
0	-0.78	-0.034693	0.034693	-0.15321	0.15321	-0.22486	0.22486	-0.26192	0.26192	-0.29975	0.29975	-0.30676	0.30676	-0.3333	0.3333	0.36244	-0.36244	0.37043	-0.37043	0.37815	-0.37815	-0.38903	0.38903	0.39369	-0.39369	-0.40903	0.40903	0.42606	-0.42606	-0.42981	0.42981	-0.45025	0.45025	-0.45885	0.45885	0.45888	-0.45888	0.47749	-0.47749	-0.50314	0.50314	-0.50681	0.50681	0.58872	-0.58872	-0.59139	0.59139	0.59684	-0.59684	0.62438	-0.62438	-0.6493	0.6493	0.65114	-0.65114	-0.67145	0.67145	0.70887	-0.70887	0.73869	-0.73869	-0.7449	0.7449	-0.75612	0.75612	-0.76131	0.76131	-0.7909	0.7909	-0.79533	0.79533	0.82243	-0.82243	0.83759	-0.83759	-0.84142	0.84142	-0.84921	0.84921	0.88059	-0.88059	-0.93571	0.93571	0.93742	-0.93742	0.94019	-0.94019	0.96058	-0.96058	-0.98579	0.98579	-0.99749	0.99749	-1.0136	1.0136	-1.0188	1.0188	-1.0206	1.0206	1.0221	-1.0221	-1.0557	1.0557	1.0713	-1.0713	-1.08	1.08	-1.1239	1.1239	-1.1355	1.1355	-1.1416	1.1416	1.1444	-1.1444	-1.1494	1.1494	1.1856	-1.1856	-1.1868	1.1868	1.2245	-1.2245	-1.2589	1.2589	-1.2843	1.2843	1.3257	-1.3257	-1.3337	1.3337	1.3487	-1.3487	-1.4108	1.4108	1.415	-1.415	-1.4801	1.4801	1.5185	-1.5185	1.5222	-1.5222	-1.5576	1.5576	1.5628	-1.5628	-1.5743	1.5743	1.5765	-1.5765	-1.6065	1.6065	1.651	-1.651	-1.6563	1.6563	1.6686	-1.6686	1.6775	-1.6775	-1.7247	1.7247	-1.7328	1.7328	-1.7367	1.7367	1.7434	-1.7434	1.7492	-1.7492	1.773	-1.773	1.8059	-1.8059	-1.8192	1.8192	1.8312	-1.8312	-1.8325	1.8325	1.8344	-1.8344	1.8389	-1.8389	1.8467	-1.8467	1.8537	-1.8537	-1.8712	1.8712	-1.9022	1.9022	1.9041	-1.9041	1.926	-1.926	1.9263	-1.9263	-1.9414	1.9414	
0	-0.76	0.038332	-0.038332	-0.12887	0.12887	0.2202	-0.2202	-0.23493	0.23493	-0.29969	0.29969	-0.30539	0.30539	-0.30678	0.30678	-0.34255	0.34255	-0.35096	0.35096	0.36226	-0.36226	-0.36603	0.36603	-0.38456	0.38456	0.38914	-0.38914	-0.40516	0.40516	-0.42223	0.42223	0.42591	-0.42591	-0.45858	0.45858	0.45877	-0.45877	-0.49626	0.49626	0.50264	-0.50264	-0.50695	0.50695	0.58841	-0.58841	0.59108	-0.59108	0.59517	-0.59517	-0.62504	0.62504	-0.64955	0.64955	-0.65167	0.65167	-0.68232	0.68232	-0.70878	0.70878	-0.73856	0.73856	0.74451	-0.74451	-0.75582	0.75582	-0.76148	0.76148	0.7909	-0.7909	-0.80814	0.80814	0.82284	-0.82284	-0.84082	0.84082	-0.84172	0.84172	-0.8614	0.8614	0.87865	-0.87865	0.93566	-0.93566	-0.93744	0.93744	0.95498	-0.95498	0.97118	-0.97118	0.98768	-0.98768	-1.0222	1.0222	1.025	-1.025	-1.026	1.026	-1.0382	1.0382	-1.0497	1.0497	1.059	-1.059	1.0797	-1.0797	1.0907	-1.0907	-1.144	1.144	-1.1495	1.1495	-1.1519	1.1519	1.1636	-1.1636	1.1676	-1.1676	1.1853	-1.1853	1.1882	-1.1882	1.2243	-1.2243	1.2595	-1.2595	-1.2837	1.2837	1.3258	-1.3258	1.3339	-1.3339	1.3512	-1.3512	1.4106	-1.4106	1.4143	-1.4143	1.4801	-1.4801	-1.5138	1.5138	-1.5207	1.5207	1.5577	-1.5577	-1.5621	1.5621	-1.5747	1.5747	1.5762	-1.5762	1.6062	-1.6062	1.651	-1.651	-1.6561	1.6561	-1.673	1.673	-1.6773	1.6773	-1.7246	1.7246	-1.7327	1.7327	1.736	-1.736	1.7434	-1.7434	1.7493	-1.7493	-1.773	1.773	1.8057	-1.8057	1.8165	-1.8165	1.8313	-1.8313	1.8326	-1.8326	1.8344	-1.8344	1.8388	-1.8388	1.8461	-1.8461	-1.8539	1.8539	1.8713	-1.8713	1.9019	-1.9019	-1.9035	1.9035	1.9259	-1.9259	-1.9261	1.9261	-1.9433	1.9433	
0	-0.74	0.033511	-0.033511	0.10522	-0.10522	-0.2081	0.2081	0.22363	-0.22363	-0.27765	0.27765	-0.29966	0.29966	-0.30677	0.30677	0.31485	-0.31485	0.32383	-0.32383	-0.33866	0.33866	0.35976	-0.35976	-0.36208	0.36208	-0.38065	0.38065	-0.38925	0.38925	-0.39434	0.39434	0.42571	-0.42571	-0.45828	0.45828	-0.45876	0.45876	0.50184	-0.50184	-0.5071	0.5071	-0.51504	0.51504	-0.58806	0.58806	-0.59063	0.59063	0.59349	-0.59349	-0.62546	0.62546	0.64979	-0.64979	0.65227	-0.65227	0.69228	-0.69228	0.70859	-0.70859	-0.7385	0.7385	0.74408	-0.74408	-0.75549	0.75549	0.76167	-0.76167	-0.7909	0.7909	0.81514	-0.81514	-0.8236	0.8236	-0.84194	0.84194	-0.84362	0.84362	-0.87664	0.87664	0.87927	-0.87927	0.9356	-0.9356	0.93745	-0.93745	0.95608	-0.95608	-0.98915	0.98915	-0.99426	0.99426	1.0237	-1.0237	1.0337	-1.0337	1.0524	-1.0524	-1.0627	1.0627	1.0634	-1.0634	-1.0769	1.0769	1.0796	-1.0796	-1.11	1.11	-1.1436	1.1436	-1.1495	1.1495	1.1797	-1.1797	-1.185	1.185	-1.1892	1.1892	1.1914	-1.1914	1.1944	-1.1944	-1.2241	1.2241	1.2601	-1.2601	-1.2831	1.2831	-1.326	1.326	1.334	-1.334	1.3544	-1.3544	-1.4103	1.4103	1.4134	-1.4134	1.4801	-1.4801	-1.5089	1.5089	-1.5192	1.5192	-1.558	1.558	1.5614	-1.5614	1.575	-1.575	-1.5759	1.5759	1.6058	-1.6058	-1.651	1.651	-1.6558	1.6558	1.6772	-1.6772	-1.6773	1.6773	-1.7245	1.7245	1.7326	-1.7326	-1.7353	1.7353	1.7433	-1.7433	1.7493	-1.7493	1.773	-1.773	-1.8055	1.8055	-1.8139	1.8139	1.8313	-1.8313	1.8327	-1.8327	1.8344	-1.8344	-1.8388	1.8388	-1.8453	1.8453	1.8541	-1.8541	1.8714	-1.8714	-1.9016	1.9016	1.9029	-1.9029	1.9258	-1.9258	-1.9259	1.9259	1.9454	-1.9454	
0	-0.72	-0.021392	0.021392	-0.082036	0.082036	-0.18158	0.18158	-0.2344	0.2344	-0.25017	0.25017	-0.2874	0.2874	0.29683	-0.29683	-0.29953	0.29953	-0.30618	0.30618	-0.31222	0.31222	-0.33485	0.33485	-0.35627	0.35627	0.36187	-0.36187	0.36674	-0.36674	-0.38938	0.38938	0.42549	-0.42549	-0.45795	0.45795	-0.4588	0.4588	0.50123	-0.50123	-0.50728	0.50728	-0.5331	0.5331	-0.58769	0.58769	-0.59006	0.59006	0.59178	-0.59178	0.62566	-0.62566	0.65003	-0.65003	-0.65294	0.65294	-0.70116	0.70116	-0.70832	0.70832	-0.73852	0.73852	-0.74362	0.74362	-0.75513	0.75513	0.76189	-0.76189	-0.79091	0.79091	0.8183	-0.8183	-0.82499	0.82499	-0.84214	0.84214	0.84608	-0.84608	0.87456	-0.87456	-0.90041	0.90041	-0.93554	0.93554	-0.93746	0.93746	0.95569	-0.95569	-0.99041	0.99041	-1.0165	1.0165	1.0251	-1.0251	1.0422	-1.0422	1.0699	-1.0699	1.0789	-1.0789	-1.079	1.079	1.0871	-1.0871	-1.1043	1.1043	-1.129	1.129	1.1435	-1.1435	1.1495	-1.1495	1.1847	-1.1847	-1.1914	1.1914	1.2072	-1.2072	1.219	-1.219	1.2202	-1.2202	1.2239	-1.2239	-1.2608	1.2608	-1.2824	1.2824	-1.3261	1.3261	1.3342	-1.3342	1.3584	-1.3584	-1.41	1.41	-1.4126	1.4126	-1.4801	1.4801	1.5037	-1.5037	1.5176	-1.5176	-1.5583	1.5583	-1.5607	1.5607	1.5754	-1.5754	1.5756	-1.5756	1.6054	-1.6054	-1.6511	1.6511	-1.6555	1.6555	-1.677	1.677	1.6815	-1.6815	1.7245	-1.7245	-1.7325	1.7325	-1.7347	1.7347	-1.7432	1.7432	1.7494	-1.7494	1.773	-1.773	-1.8053	1.8053	1.8113	-1.8113	-1.8313	1.8313	-1.8328	1.8328	-1.8343	1.8343	-1.8387	1.8387	1.8446	-1.8446	-1.8544	1.8544	1.8715	-1.8715	1.9013	-1.9013	-1.9022	1.9022	1.9257	-1.9257	-1.9258	1.9258	-1.9468	1.9468	
0	-0.7	0.0044545	-0.0044545	-0.059124	0.059124	-0.15557	0.15557	0.22299	-0.22299	-0.25048	0.25048	0.26025	-0.26025	0.27002	-0.27002	0.28426	-0.28426	-0.29966	0.29966	-0.30718	0.30718	-0.31	0.31	-0.33205	0.33205	-0.33948	0.33948	0.36164	-0.36164	0.38951	-0.38951	-0.42525	0.42525	-0.4576	0.4576	0.45887	-0.45887	0.50056	-0.50056	-0.50747	0.50747	-0.55061	0.55061	-0.58729	0.58729	-0.58939	0.58939	-0.59008	0.59008	-0.62568	0.62568	0.65026	-0.65026	0.65368	-0.65368	-0.70798	0.70798	-0.70882	0.70882	-0.73867	0.73867	-0.74312	0.74312	-0.75475	0.75475	0.76218	-0.76218	-0.79091	0.79091	-0.81959	0.81959	0.82681	-0.82681	0.84233	-0.84233	-0.84827	0.84827	0.87245	-0.87245	0.92285	-0.92285	0.93548	-0.93548	-0.93747	0.93747	-0.95501	0.95501	0.99167	-0.99167	1.0265	-1.0265	1.0347	-1.0347	1.0512	-1.0512	1.0785	-1.0785	1.0805	-1.0805	1.1042	-1.1042	-1.1113	1.1113	-1.1311	1.1311	1.1445	-1.1445	1.1474	-1.1474	-1.1495	1.1495	-1.1843	1.1843	-1.1935	1.1935	1.2236	-1.2236	-1.2342	1.2342	1.2458	-1.2458	1.2467	-1.2467	-1.2615	1.2615	1.2816	-1.2816	-1.3263	1.3263	-1.3343	1.3343	-1.3632	1.3632	1.4097	-1.4097	-1.4117	1.4117	-1.4802	1.4802	1.4984	-1.4984	1.516	-1.516	-1.5587	1.5587	1.5599	-1.5599	1.5752	-1.5752	1.5757	-1.5757	-1.605	1.605	1.6511	-1.6511	-1.6551	1.6551	-1.6769	1.6769	1.6856	-1.6856	1.7244	-1.7244	1.7324	-1.7324	-1.7341	1.7341	1.7432	-1.7432	-1.7494	1.7494	-1.773	1.773	1.8051	-1.8051	1.8089	-1.8089	-1.8312	1.8312	-1.8329	1.8329	1.8343	-1.8343	-1.8386	1.8386	-1.8437	1.8437	1.8546	-1.8546	-1.8717	1.8717	-1.9009	1.9009	-1.9014	1.9014	1.9255	-1.9255	-1.9257	1.9257	1.947	-1.947	
0	-0.68	-0.014808	0.014808	0.0364	-0.0364	0.13054	-0.13054	-0.19613	0.19613	-0.23344	0.23344	-0.24347	0.24347	-0.25792	0.25792	0.26996	-0.26996	-0.28539	0.28539	-0.29956	0.29956	-0.30714	0.30714	0.30802	-0.30802	-0.31262	0.31262	0.36139	-0.36139	-0.38966	0.38966	-0.425	0.425	-0.45721	0.45721	0.45897	-0.45897	-0.49983	0.49983	-0.50768	0.50768	0.56731	-0.56731	0.58686	-0.58686	-0.58852	0.58852	0.58861	-0.58861	-0.62552	0.62552	0.6505	-0.6505	-0.65448	0.65448	-0.70759	0.70759	-0.71516	0.71516	-0.73903	0.73903	0.74258	-0.74258	-0.75434	0.75434	-0.76255	0.76255	-0.79091	0.79091	0.82024	-0.82024	-0.82867	0.82867	0.84254	-0.84254	-0.85023	0.85023	0.87031	-0.87031	-0.93541	0.93541	0.93748	-0.93748	-0.94539	0.94539	-0.95419	0.95419	0.99329	-0.99329	1.028	-1.028	-1.0467	1.0467	-1.0606	1.0606	1.078	-1.078	1.0969	-1.0969	-1.1244	1.1244	-1.1353	1.1353	1.1495	-1.1495	1.15	-1.15	-1.1576	1.1576	1.1648	-1.1648	1.1839	-1.1839	-1.1959	1.1959	1.2234	-1.2234	1.2606	-1.2606	1.2624	-1.2624	1.2717	-1.2717	1.2736	-1.2736	-1.2807	1.2807	1.3265	-1.3265	1.3345	-1.3345	-1.3691	1.3691	1.4094	-1.4094	-1.4109	1.4109	1.4802	-1.4802	-1.4929	1.4929	1.5144	-1.5144	-1.5591	1.5591	1.5592	-1.5592	1.5748	-1.5748	-1.5761	1.5761	-1.6046	1.6046	-1.6511	1.6511	1.6548	-1.6548	-1.6767	1.6767	-1.6895	1.6895	1.7243	-1.7243	-1.7323	1.7323	-1.7334	1.7334	-1.7431	1.7431	-1.7495	1.7495	-1.773	1.773	1.8048	-1.8048	-1.8065	1.8065	1.8311	-1.8311	-1.8331	1.8331	-1.8342	1.8342	-1.8385	1.8385	1.8428	-1.8428	-1.8548	1.8548	-1.8718	1.8718	1.9004	-1.9004	1.9007	-1.9007	1.9254	-1.9254	-1.9256	1.9256	-1.9473	1.9473	
0	-0.66	-0.013941	0.013941	0.033619	-0.033619	-0.10794	0.10794	0.16964	-0.16964	-0.20701	0.20701	-0.2172	0.2172	-0.23183	0.23183	-0.26117	0.26117	-0.28421	0.28421	-0.28578	0.28578	-0.29192	0.29192	-0.29948	0.29948	-0.30717	0.30717	-0.36112	0.36112	0.38982	-0.38982	-0.42472	0.42472	-0.45679	0.45679	-0.45908	0.45908	0.49905	-0.49905	-0.5079	0.5079	-0.58112	0.58112	0.58639	-0.58639	-0.58774	0.58774	-0.58916	0.58916	0.62522	-0.62522	0.65075	-0.65075	0.65535	-0.65535	0.70716	-0.70716	-0.72011	0.72011	-0.73964	0.73964	0.742	-0.742	-0.7539	0.7539	-0.763	0.763	-0.79092	0.79092	-0.82075	0.82075	0.8305	-0.8305	-0.84275	0.84275	-0.85198	0.85198	-0.86817	0.86817	0.93534	-0.93534	-0.93749	0.93749	-0.95329	0.95329	-0.96643	0.96643	-0.99644	0.99644	1.0296	-1.0296	-1.0542	1.0542	1.0701	-1.0701	1.0776	-1.0776	1.1176	-1.1176	1.1324	-1.1324	-1.1496	1.1496	1.1591	-1.1591	-1.167	1.167	1.181	-1.181	-1.1837	1.1837	1.1837	-1.1837	-1.1987	1.1987	-1.2231	1.2231	-1.2632	1.2632	1.279	-1.279	-1.2875	1.2875	-1.2971	1.2971	-1.3002	1.3002	-1.3267	1.3267	-1.3347	1.3347	1.376	-1.376	1.409	-1.409	1.4101	-1.4101	-1.4802	1.4802	-1.4872	1.4872	1.5128	-1.5128	1.5582	-1.5582	-1.5597	1.5597	-1.5745	1.5745	-1.5766	1.5766	-1.6042	1.6042	1.6511	-1.6511	-1.6544	1.6544	-1.6766	1.6766	-1.6934	1.6934	-1.7243	1.7243	1.7322	-1.7322	1.7328	-1.7328	1.743	-1.743	1.7496	-1.7496	-1.773	1.773	1.8043	-1.8043	1.8045	-1.8045	1.8309	-1.8309	-1.8332	1.8332	-1.8341	1.8341	1.8384	-1.8384	1.8419	-1.8419	-1.855	1.855	-1.8719	1.8719	1.8996	-1.8996	1.9002	-1.9002	-1.9253	1.9253	1.9255	-1.9255	1.9474	-1.9474	
0	-0.64	-0.0080485	0.0080485	-0.044884	0.044884	-0.094091	0.094091	-0.14356	0.14356	0.18097	-0.18097	0.19129	-0.19129	-0.20612	0.20612	-0.23756	0.23756	-0.26009	0.26009	-0.26063	0.26063	-0.29941	0.29941	-0.30722	0.30722	-0.31448	0.31448	0.36082	-0.36082	-0.39	0.39	0.42441	-0.42441	-0.45634	0.45634	0.45921	-0.45921	-0.49821	0.49821	0.50815	-0.50815	-0.58273	0.58273	-0.58589	0.58589	-0.58677	0.58677	-0.60125	0.60125	0.62478	-0.62478	-0.65101	0.65101	0.65627	-0.65627	0.70673	-0.70673	-0.72366	0.72366	-0.74056	0.74056	0.74139	-0.74139	-0.75343	0.75343	-0.76355	0.76355	0.79092	-0.79092	-0.82129	0.82129	0.83228	-0.83228	-0.84298	0.84298	-0.85354	0.85354	0.86608	-0.86608	0.93527	-0.93527	0.9375	-0.9375	0.9523	-0.9523	0.98127	-0.98127	1.0056	-1.0056	1.0313	-1.0313	-1.0594	1.0594	1.0771	-1.0771	1.0798	-1.0798	-1.1338	1.1338	-1.1402	1.1402	1.1496	-1.1496	1.1817	-1.1817	1.1832	-1.1832	1.1913	-1.1913	-1.196	1.196	-1.202	1.202	-1.2093	1.2093	1.2229	-1.2229	-1.2642	1.2642	1.2783	-1.2783	1.3124	-1.3124	-1.322	1.322	1.3264	-1.3264	-1.327	1.327	-1.3349	1.3349	1.384	-1.384	-1.4087	1.4087	1.4095	-1.4095	-1.4803	1.4803	-1.4813	1.4813	1.5111	-1.5111	1.5572	-1.5572	-1.5602	1.5602	1.5741	-1.5741	1.5771	-1.5771	1.6037	-1.6037	-1.6512	1.6512	1.654	-1.654	1.6766	-1.6766	1.6971	-1.6971	1.7242	-1.7242	-1.732	1.732	-1.7323	1.7323	-1.743	1.743	1.7496	-1.7496	1.773	-1.773	-1.8022	1.8022	1.8042	-1.8042	1.8307	-1.8307	1.8334	-1.8334	1.834	-1.834	-1.8383	1.8383	-1.8408	1.8408	1.8553	-1.8553	1.872	-1.872	1.8987	-1.8987	1.8997	-1.8997	-1.9251	1.9251	1.9255	-1.9255	1.9475	-1.9475	
0	-0.62	0.029203	-0.029203	-0.036181	0.036181	0.10099	-0.10099	-0.11795	0.11795	0.15536	-0.15536	0.1658	-0.1658	0.18081	-0.18081	-0.21489	0.21489	-0.23461	0.23461	0.23732	-0.23732	-0.29933	0.29933	-0.30729	0.30729	-0.33805	0.33805	0.3605	-0.3605	-0.39019	0.39019	0.42408	-0.42408	-0.45586	0.45586	0.45935	-0.45935	-0.49731	0.49731	0.5084	-0.5084	0.58095	-0.58095	-0.58535	0.58535	-0.58571	0.58571	0.61587	-0.61587	0.62423	-0.62423	-0.65128	0.65128	0.65724	-0.65724	0.70634	-0.70634	-0.72598	0.72598	0.74074	-0.74074	-0.74169	0.74169	0.75294	-0.75294	0.76419	-0.76419	-0.79092	0.79092	-0.82192	0.82192	0.83405	-0.83405	-0.84323	0.84323	-0.85484	0.85484	-0.86414	0.86414	0.93519	-0.93519	-0.93751	0.93751	0.95126	-0.95126	-0.98685	0.98685	1.0238	-1.0238	1.033	-1.033	1.0636	-1.0636	-1.0766	1.0766	-1.0894	1.0894	-1.1336	1.1336	-1.1497	1.1497	-1.1633	1.1633	-1.1822	1.1822	1.2053	-1.2053	1.2061	-1.2061	-1.2096	1.2096	-1.2156	1.2156	1.2224	-1.2224	1.2347	-1.2347	-1.2653	1.2653	1.2772	-1.2772	1.3273	-1.3273	-1.3351	1.3351	1.3368	-1.3368	1.3465	-1.3465	1.3522	-1.3522	-1.3932	1.3932	-1.4083	1.4083	1.4093	-1.4093	1.4754	-1.4754	1.4803	-1.4803	-1.5095	1.5095	1.5563	-1.5563	-1.5608	1.5608	-1.5737	1.5737	-1.5776	1.5776	-1.6033	1.6033	1.6512	-1.6512	1.6536	-1.6536	-1.6766	1.6766	1.7006	-1.7006	1.7242	-1.7242	-1.7317	1.7317	1.7319	-1.7319	-1.7429	1.7429	1.7497	-1.7497	1.7731	-1.7731	1.8003	-1.8003	1.8039	-1.8039	1.8303	-1.8303	1.8336	-1.8336	1.8339	-1.8339	1.8383	-1.8383	1.8397	-1.8397	1.8555	-1.8555	1.8722	-1.8722	1.8977	-1.8977	1.8992	-1.8992	-1.9249	1.9249	1.9255	-1.9255	-1.9475	1.9475	
0	-0.6	0.016075	-0.016075	0.048829	-0.048829	0.092936	-0.092936	-0.11973	0.11973	-0.13023	0.13023	-0.14097	0.14097	0.15593	-0.15593	0.19379	-0.19379	0.20966	-0.20966	-0.21429	0.21429	-0.29924	0.29924	-0.30737	0.30737	0.36014	-0.36014	-0.36203	0.36203	0.39039	-0.39039	0.42372	-0.42372	0.45533	-0.45533	0.4595	-0.4595	0.49634	-0.49634	-0.50868	0.50868	-0.57877	0.57877	0.58455	-0.58455	-0.58478	0.58478	-0.62344	0.62344	0.63012	-0.63012	0.65156	-0.65156	0.65828	-0.65828	0.70607	-0.70607	-0.72733	0.72733	0.74005	-0.74005	0.74284	-0.74284	-0.75242	0.75242	0.76488	-0.76488	0.79093	-0.79093	0.82267	-0.82267	-0.83581	0.83581	-0.8435	0.8435	0.85568	-0.85568	0.86258	-0.86258	-0.93511	0.93511	0.93752	-0.93752	-0.95015	0.95015	0.98878	-0.98878	1.0348	-1.0348	-1.0451	1.0451	1.0673	-1.0673	1.076	-1.076	-1.0989	1.0989	1.1329	-1.1329	1.1497	-1.1497	-1.1818	1.1818	1.1861	-1.1861	1.2096	-1.2096	1.2217	-1.2217	1.2222	-1.2222	-1.2291	1.2291	1.2399	-1.2399	1.2594	-1.2594	1.2669	-1.2669	-1.2761	1.2761	-1.3277	1.3277	1.3353	-1.3353	-1.3595	1.3595	1.3703	-1.3703	-1.3776	1.3776	1.4032	-1.4032	-1.4079	1.4079	1.4103	-1.4103	-1.4694	1.4694	1.4803	-1.4803	1.5079	-1.5079	1.5553	-1.5553	1.5615	-1.5615	-1.5733	1.5733	1.5782	-1.5782	1.6028	-1.6028	1.6512	-1.6512	-1.6532	1.6532	-1.6766	1.6766	1.704	-1.704	-1.7241	1.7241	-1.7311	1.7311	1.7318	-1.7318	1.7428	-1.7428	1.7498	-1.7498	1.7731	-1.7731	-1.7986	1.7986	-1.8036	1.8036	1.8299	-1.8299	-1.8338	1.8338	1.8338	-1.8338	1.8382	-1.8382	1.8386	-1.8386	-1.8557	1.8557	1.8723	-1.8723	-1.8967	1.8967	1.8987	-1.8987	1.9248	-1.9248	1.9255	-1.9255	1.9473	-1.9473	
0	-0.58	-0.0061328	0.0061328	0.065381	-0.065381	-0.068923	0.068923	0.10549	-0.10549	0.11603	-0.11603	-0.1315	0.1315	0.14232	-0.14232	0.17566	-0.17566	-0.1853	0.1853	0.19156	-0.19156	-0.29915	0.29915	-0.30745	0.30745	-0.35976	0.35976	0.38617	-0.38617	0.39061	-0.39061	0.42333	-0.42333	-0.45477	0.45477	0.45967	-0.45967	0.49531	-0.49531	-0.50897	0.50897	0.57641	-0.57641	0.5833	-0.5833	0.58417	-0.58417	-0.62268	0.62268	-0.64334	0.64334	0.65185	-0.65185	0.65936	-0.65936	0.70604	-0.70604	0.72803	-0.72803	0.73932	-0.73932	0.74384	-0.74384	0.75187	-0.75187	0.76559	-0.76559	0.79093	-0.79093	-0.82354	0.82354	0.83757	-0.83757	-0.8438	0.8438	0.85567	-0.85567	0.86187	-0.86187	0.93502	-0.93502	-0.93752	0.93752	0.94898	-0.94898	-0.98971	0.98971	1.0366	-1.0366	1.0668	-1.0668	-1.0707	1.0707	1.0754	-1.0754	1.1081	-1.1081	1.132	-1.132	1.1497	-1.1497	-1.1813	1.1813	-1.2079	1.2079	1.2144	-1.2144	-1.2219	1.2219	-1.2323	1.2323	1.2518	-1.2518	-1.2638	1.2638	-1.2689	1.2689	1.2751	-1.2751	-1.284	1.284	-1.3282	1.3282	-1.3355	1.3355	-1.3783	1.3783	1.3931	-1.3931	-1.4024	1.4024	1.4075	-1.4075	-1.4127	1.4127	-1.4159	1.4159	-1.4635	1.4635	1.4804	-1.4804	-1.5065	1.5065	-1.5542	1.5542	-1.5622	1.5622	1.573	-1.573	1.579	-1.579	1.6023	-1.6023	-1.6512	1.6512	-1.6528	1.6528	1.6768	-1.6768	1.7072	-1.7072	-1.7241	1.7241	-1.7306	1.7306	1.7316	-1.7316	1.7427	-1.7427	1.7499	-1.7499	-1.7731	1.7731	-1.7971	1.7971	-1.8032	1.8032	1.8294	-1.8294	1.8336	-1.8336	1.834	-1.834	1.8373	-1.8373	1.8381	-1.8381	-1.856	1.856	-1.8725	1.8725	-1.8956	1.8956	1.8982	-1.8982	-1.9246	1.9246	-1.9255	1.9255	1.9469	-1.9469	
0	-0.56	-0.024852	0.024852	-0.049455	0.049455	-0.074789	0.074789	0.081364	-0.081364	0.093466	-0.093466	0.10756	-0.10756	-0.16159	0.16159	-0.16358	0.16358	0.1649	-0.1649	-0.16916	0.16916	-0.29904	0.29904	-0.30755	0.30755	0.35935	-0.35935	0.39084	-0.39084	-0.41031	0.41031	-0.4229	0.4229	-0.45417	0.45417	0.45984	-0.45984	0.49421	-0.49421	-0.50929	0.50929	-0.5739	0.5739	-0.58195	0.58195	0.58353	-0.58353	-0.62178	0.62178	0.65216	-0.65216	0.65543	-0.65543	0.66051	-0.66051	0.70649	-0.70649	-0.72831	0.72831	-0.73855	0.73855	-0.74459	0.74459	-0.7513	0.7513	-0.76627	0.76627	-0.79093	0.79093	-0.82452	0.82452	0.8393	-0.8393	-0.84417	0.84417	-0.85466	0.85466	0.86217	-0.86217	-0.93493	0.93493	0.93752	-0.93752	0.94777	-0.94777	0.99024	-0.99024	-1.0386	1.0386	-1.0741	1.0741	1.0749	-1.0749	-1.0878	1.0878	-1.1169	1.1169	1.1315	-1.1315	1.1498	-1.1498	1.1808	-1.1808	-1.2198	1.2198	1.2215	-1.2215	-1.2273	1.2273	1.2417	-1.2417	-1.2728	1.2728	1.2742	-1.2742	1.2744	-1.2744	-1.2871	1.2871	1.3079	-1.3079	1.329	-1.329	-1.3358	1.3358	-1.3891	1.3891	-1.4071	1.4071	1.4143	-1.4143	-1.424	1.424	-1.4267	1.4267	1.4277	-1.4277	1.4584	-1.4584	1.4804	-1.4804	-1.5052	1.5052	1.5531	-1.5531	-1.563	1.563	1.5727	-1.5727	1.5799	-1.5799	1.6017	-1.6017	1.6512	-1.6512	-1.6523	1.6523	1.677	-1.677	-1.7103	1.7103	-1.7242	1.7242	1.7301	-1.7301	-1.7315	1.7315	1.7426	-1.7426	-1.75	1.75	-1.7732	1.7732	1.7959	-1.7959	-1.8028	1.8028	1.8288	-1.8288	-1.8334	1.8334	-1.8342	1.8342	-1.8361	1.8361	1.838	-1.838	-1.8562	1.8562	1.8727	-1.8727	-1.8945	1.8945	-1.8976	1.8976	1.9244	-1.9244	1.9256	-1.9256	1.9464	-1.9464	
0	-0.54	-0.015679	0.015679	0.057864	-0.057864	0.058477	-0.058477	-0.064958	0.064958	-0.080118	0.080118	-0.084112	0.084112	0.13864	-0.13864	0.1471	-0.1471	0.1621	-0.1621	0.18773	-0.18773	-0.29893	0.29893	-0.30765	0.30765	0.3589	-0.3589	-0.39109	0.39109	-0.42244	0.42244	-0.43429	0.43429	0.45353	-0.45353	-0.46002	0.46002	-0.49304	0.49304	-0.50962	0.50962	0.57127	-0.57127	0.58051	-0.58051	0.58285	-0.58285	0.62079	-0.62079	0.65248	-0.65248	-0.6617	0.6617	-0.6659	0.6659	-0.70784	0.70784	-0.72833	0.72833	-0.73775	0.73775	-0.74505	0.74505	0.75071	-0.75071	-0.76687	0.76687	-0.79094	0.79094	0.82558	-0.82558	-0.84094	0.84094	0.84465	-0.84465	-0.85317	0.85317	-0.86305	0.86305	-0.93484	0.93484	0.93752	-0.93752	0.9465	-0.9465	0.99059	-0.99059	1.0406	-1.0406	-1.0742	1.0742	-1.0774	1.0774	1.107	-1.107	1.1242	-1.1242	-1.1334	1.1334	-1.1498	1.1498	1.1803	-1.1803	1.2212	-1.2212	-1.2259	1.2259	1.2415	-1.2415	-1.2499	1.2499	-1.2738	1.2738	-1.2811	1.2811	1.2963	-1.2963	-1.3086	1.3086	-1.3312	1.3312	-1.3313	1.3313	-1.336	1.336	-1.3925	1.3925	1.4066	-1.4066	-1.4306	1.4306	1.4372	-1.4372	1.4446	-1.4446	-1.4505	1.4505	1.4573	-1.4573	1.4805	-1.4805	-1.5043	1.5043	1.5521	-1.5521	-1.5637	1.5637	1.5724	-1.5724	1.5809	-1.5809	-1.6012	1.6012	1.6513	-1.6513	1.6519	-1.6519	1.6773	-1.6773	-1.7133	1.7133	1.7242	-1.7242	1.7295	-1.7295	-1.7313	1.7313	-1.7425	1.7425	1.7501	-1.7501	-1.7732	1.7732	-1.7949	1.7949	-1.8023	1.8023	1.8281	-1.8281	1.8331	-1.8331	-1.8343	1.8343	-1.8348	1.8348	1.838	-1.838	-1.8565	1.8565	-1.8728	1.8728	1.8933	-1.8933	-1.897	1.897	1.9242	-1.9242	-1.9256	1.9256	1.9456	-1.9456	
0	-0.52	-0.0051687	0.0051687	-0.03568	0.03568	0.043533	-0.043533	-0.061196	0.061196	0.068643	-0.068643	0.080211	-0.080211	-0.11659	0.11659	-0.12541	0.12541	0.17111	-0.17111	0.21047	-0.21047	-0.29881	0.29881	-0.30776	0.30776	0.35842	-0.35842	0.39136	-0.39136	0.42195	-0.42195	0.45284	-0.45284	-0.45799	0.45799	0.46022	-0.46022	0.49179	-0.49179	0.50997	-0.50997	0.56853	-0.56853	-0.57896	0.57896	-0.58213	0.58213	-0.6197	0.6197	0.65282	-0.65282	-0.66294	0.66294	0.67409	-0.67409	-0.71069	0.71069	0.72817	-0.72817	0.73691	-0.73691	0.74526	-0.74526	-0.75009	0.75009	-0.76736	0.76736	-0.79094	0.79094	0.82671	-0.82671	-0.84235	0.84235	-0.84539	0.84539	-0.85161	0.85161	-0.86417	0.86417	-0.93475	0.93475	0.93752	-0.93752	0.9452	-0.9452	0.99081	-0.99081	-1.0427	1.0427	-1.0736	1.0736	-1.0807	1.0807	1.1216	-1.1216	1.1259	-1.1259	1.1442	-1.1442	1.1499	-1.1499	1.1797	-1.1797	1.2209	-1.2209	1.2327	-1.2327	1.2487	-1.2487	-1.2571	1.2571	1.2738	-1.2738	-1.2955	1.2955	-1.3179	1.3179	-1.3223	1.3223	-1.3362	1.3362	-1.3409	1.3409	-1.3541	1.3541	-1.3929	1.3929	1.4062	-1.4062	1.4341	-1.4341	1.449	-1.449	-1.4646	1.4646	-1.4677	1.4677	-1.4738	1.4738	1.4805	-1.4805	-1.5041	1.5041	1.5509	-1.5509	1.5646	-1.5646	1.5722	-1.5722	1.5823	-1.5823	1.6007	-1.6007	1.6513	-1.6513	1.6514	-1.6514	-1.6778	1.6778	-1.7161	1.7161	-1.7243	1.7243	1.729	-1.729	1.7312	-1.7312	1.7423	-1.7423	1.7502	-1.7502	-1.7733	1.7733	1.7942	-1.7942	1.8018	-1.8018	-1.8272	1.8272	1.8328	-1.8328	-1.8332	1.8332	1.8348	-1.8348	1.8379	-1.8379	1.8567	-1.8567	1.873	-1.873	1.892	-1.892	1.8963	-1.8963	1.9241	-1.9241	-1.9257	1.9257	1.9447	-1.9447	
0	-0.5	0.008918	-0.008918	-0.022026	0.022026	0.031775	-0.031775	-0.038839	0.038839	-0.052705	0.052705	-0.0958	0.0958	-0.10273	0.10273	-0.10409	0.10409	-0.18577	0.18577	-0.23296	0.23296	-0.29868	0.29868	-0.30788	0.30788	-0.3579	0.3579	-0.39164	0.39164	0.42142	-0.42142	-0.45211	0.45211	0.46042	-0.46042	-0.48121	0.48121	0.49051	-0.49051	-0.51034	0.51034	0.56571	-0.56571	-0.5773	0.5773	0.58138	-0.58138	-0.61854	0.61854	-0.65317	0.65317	-0.66424	0.66424	0.6795	-0.6795	0.71551	-0.71551	-0.7279	0.7279	-0.73603	0.73603	-0.74524	0.74524	0.74944	-0.74944	-0.76775	0.76775	-0.79095	0.79095	-0.82788	0.82788	-0.84337	0.84337	0.84655	-0.84655	0.85022	-0.85022	-0.86539	0.86539	-0.93465	0.93465	-0.9375	0.9375	-0.94385	0.94385	-0.99095	0.99095	1.0449	-1.0449	-1.073	1.073	-1.084	1.084	-1.1245	1.1245	-1.1319	1.1319	-1.1499	1.1499	1.1612	-1.1612	1.1791	-1.1791	-1.2205	1.2205	-1.2403	1.2403	-1.2511	1.2511	1.263	-1.263	-1.2742	1.2742	-1.3139	1.3139	-1.3255	1.3255	1.3365	-1.3365	-1.3393	1.3393	1.3601	-1.3601	-1.3764	1.3764	-1.3922	1.3922	1.4058	-1.4058	-1.4297	1.4297	-1.4596	1.4596	-1.4805	1.4805	1.4846	-1.4846	-1.4848	1.4848	1.4964	-1.4964	-1.5056	1.5056	-1.5498	1.5498	-1.5654	1.5654	-1.5722	1.5722	-1.5841	1.5841	1.6001	-1.6001	-1.651	1.651	1.6513	-1.6513	-1.6784	1.6784	1.7187	-1.7187	-1.7244	1.7244	1.7286	-1.7286	1.731	-1.731	-1.7422	1.7422	-1.7504	1.7504	-1.7734	1.7734	-1.7938	1.7938	1.8013	-1.8013	-1.8263	1.8263	-1.8317	1.8317	1.8325	-1.8325	1.835	-1.835	-1.8379	1.8379	1.857	-1.857	-1.8732	1.8732	-1.8908	1.8908	-1.8956	1.8956	-1.9239	1.9239	-1.9258	1.9258	-1.9435	1.9435	
0	-0.48	0.0021773	-0.0021773	0.011215	-0.011215	-0.017395	0.017395	0.034934	-0.034934	0.052377	-0.052377	0.077205	-0.077205	0.083189	-0.083189	0.1251	-0.1251	-0.20266	0.20266	0.25512	-0.25512	-0.29853	0.29853	-0.308	0.308	0.35733	-0.35733	0.39195	-0.39195	-0.42084	0.42084	0.45133	-0.45133	0.46063	-0.46063	0.48895	-0.48895	0.50404	-0.50404	-0.51073	0.51073	0.56287	-0.56287	0.57554	-0.57554	0.58058	-0.58058	0.61729	-0.61729	-0.65353	0.65353	-0.66557	0.66557	0.68233	-0.68233	0.72201	-0.72201	-0.72754	0.72754	-0.73512	0.73512	0.74504	-0.74504	-0.74877	0.74877	-0.76802	0.76802	-0.79095	0.79095	0.82908	-0.82908	0.84402	-0.84402	0.84811	-0.84811	0.84918	-0.84918	0.86664	-0.86664	0.93455	-0.93455	0.93747	-0.93747	-0.94248	0.94248	0.99102	-0.99102	1.0471	-1.0471	1.0723	-1.0723	1.0873	-1.0873	1.1232	-1.1232	1.139	-1.139	1.1499	-1.1499	-1.1785	1.1785	1.1799	-1.1799	-1.2202	1.2202	-1.2485	1.2485	-1.2513	1.2513	1.2679	-1.2679	-1.2751	1.2751	1.3266	-1.3266	1.3337	-1.3337	-1.3368	1.3368	-1.3602	1.3602	1.3812	-1.3812	-1.3911	1.3911	-1.3977	1.3977	-1.4057	1.4057	1.4235	-1.4235	1.4679	-1.4679	-1.4806	1.4806	1.5007	-1.5007	1.5023	-1.5023	1.5127	-1.5127	1.5184	-1.5184	1.5487	-1.5487	1.5663	-1.5663	1.5724	-1.5724	1.5864	-1.5864	1.5996	-1.5996	1.6505	-1.6505	1.6513	-1.6513	-1.6793	1.6793	1.7213	-1.7213	1.7245	-1.7245	1.7282	-1.7282	1.7309	-1.7309	-1.742	1.742	1.7505	-1.7505	-1.7735	1.7735	-1.7937	1.7937	1.8007	-1.8007	1.8252	-1.8252	-1.8302	1.8302	1.8321	-1.8321	1.8353	-1.8353	-1.8379	1.8379	-1.8572	1.8572	1.8734	-1.8734	-1.8894	1.8894	1.8948	-1.8948	1.9237	-1.9237	-1.9258	1.9258	-1.9423	1.9423	
0	-0.46	-0.0043071	0.0043071	-0.013091	0.013091	-0.017137	0.017137	-0.03293	0.03293	-0.062717	0.062717	-0.064044	0.064044	-0.073835	0.073835	-0.14713	0.14713	0.22026	-0.22026	-0.27689	0.27689	-0.29837	0.29837	-0.30815	0.30815	0.35672	-0.35672	-0.39228	0.39228	-0.42022	0.42022	0.4505	-0.4505	0.46084	-0.46084	-0.48746	0.48746	-0.51114	0.51114	0.52573	-0.52573	0.56027	-0.56027	-0.57367	0.57367	0.57975	-0.57975	-0.61598	0.61598	-0.65391	0.65391	-0.66696	0.66696	0.68341	-0.68341	-0.72713	0.72713	-0.7293	0.7293	-0.73418	0.73418	-0.74469	0.74469	-0.74809	0.74809	-0.76819	0.76819	-0.79096	0.79096	-0.83028	0.83028	-0.84448	0.84448	-0.84868	0.84868	-0.84988	0.84988	-0.86792	0.86792	0.93445	-0.93445	-0.9374	0.9374	0.9411	-0.9411	0.99104	-0.99104	-1.0494	1.0494	1.0717	-1.0717	-1.0907	1.0907	1.1217	-1.1217	-1.1447	1.1447	-1.15	1.15	-1.1779	1.1779	1.1987	-1.1987	-1.2198	1.2198	1.2503	-1.2503	-1.2574	1.2574	1.2715	-1.2715	1.2768	-1.2768	1.3272	-1.3272	1.337	-1.337	-1.3538	1.3538	1.3807	-1.3807	-1.3896	1.3896	-1.4021	1.4021	-1.4044	1.4044	-1.4166	1.4166	-1.4197	1.4197	1.4731	-1.4731	-1.4806	1.4806	1.5092	-1.5092	1.5184	-1.5184	1.5293	-1.5293	-1.5397	1.5397	-1.5476	1.5476	1.5672	-1.5672	1.5729	-1.5729	-1.5897	1.5897	1.599	-1.599	1.65	-1.65	-1.6514	1.6514	1.6804	-1.6804	1.7237	-1.7237	-1.7247	1.7247	-1.7279	1.7279	-1.7307	1.7307	1.7419	-1.7419	1.7507	-1.7507	1.7736	-1.7736	1.7941	-1.7941	1.8001	-1.8001	1.824	-1.824	-1.8286	1.8286	1.8316	-1.8316	-1.8357	1.8357	-1.8379	1.8379	1.8574	-1.8574	-1.8736	1.8736	-1.8881	1.8881	-1.894	1.894	-1.9235	1.9235	-1.9259	1.9259	-1.9409	1.9409	
0	-0.44	0.0027356	-0.0027356	-0.01837	0.01837	0.024811	-0.024811	-0.042762	0.042762	-0.053716	0.053716	0.064495	-0.064495	-0.094961	0.094961	-0.16873	0.16873	0.2379	-0.2379	-0.2982	0.2982	-0.29821	0.29821	-0.3083	0.3083	0.35605	-0.35605	-0.39263	0.39263	-0.41955	0.41955	0.44962	-0.44962	0.46107	-0.46107	-0.48585	0.48585	-0.51157	0.51157	-0.54435	0.54435	-0.55991	0.55991	-0.57168	0.57168	0.57887	-0.57887	0.61461	-0.61461	0.6543	-0.6543	-0.66838	0.66838	0.68348	-0.68348	0.72667	-0.72667	-0.73321	0.73321	-0.73652	0.73652	-0.74421	0.74421	0.74738	-0.74738	-0.76828	0.76828	-0.79096	0.79096	0.83147	-0.83147	0.84486	-0.84486	-0.84893	0.84893	-0.85175	0.85175	0.86923	-0.86923	0.93435	-0.93435	-0.93725	0.93725	-0.93979	0.93979	0.99101	-0.99101	1.0518	-1.0518	-1.071	1.071	1.094	-1.094	-1.12	1.12	1.1496	-1.1496	-1.15	1.15	1.1773	-1.1773	-1.2166	1.2166	1.2195	-1.2195	1.2487	-1.2487	1.2671	-1.2671	1.2739	-1.2739	1.2794	-1.2794	1.3277	-1.3277	-1.3373	1.3373	-1.3737	1.3737	-1.3881	1.3881	-1.4008	1.4008	-1.4041	1.4041	1.4096	-1.4096	1.4227	-1.4227	-1.44	1.44	1.4754	-1.4754	-1.4807	1.4807	1.5169	-1.5169	1.5324	-1.5324	-1.5465	1.5465	-1.5479	1.5479	1.5604	-1.5604	1.5682	-1.5682	-1.5741	1.5741	1.5942	-1.5942	-1.5985	1.5985	-1.6495	1.6495	-1.6514	1.6514	-1.682	1.682	1.7248	-1.7248	1.7261	-1.7261	1.7278	-1.7278	-1.7306	1.7306	1.7417	-1.7417	-1.7508	1.7508	1.7738	-1.7738	1.7948	-1.7948	-1.7994	1.7994	-1.8226	1.8226	1.8269	-1.8269	1.8311	-1.8311	-1.836	1.836	-1.8379	1.8379	-1.8577	1.8577	1.8738	-1.8738	-1.8866	1.8866	-1.8931	1.8931	1.9233	-1.9233	1.9261	-1.9261	1.9394	-1.9394	
0	-0.42	-0.0049456	0.0049456	-0.022937	0.022937	-0.027189	0.027189	0.045047	-0.045047	-0.073973	0.073973	-0.077925	0.077925	-0.11559	0.11559	-0.18986	0.18986	0.25523	-0.25523	-0.298	0.298	-0.30847	0.30847	-0.31906	0.31906	-0.35533	0.35533	0.39301	-0.39301	0.41884	-0.41884	0.44869	-0.44869	0.4613	-0.4613	0.48415	-0.48415	-0.51202	0.51202	0.54935	-0.54935	0.56958	-0.56958	-0.57211	0.57211	0.57796	-0.57796	0.61318	-0.61318	-0.65471	0.65471	0.66984	-0.66984	0.68305	-0.68305	0.72618	-0.72618	-0.7322	0.7322	-0.74307	0.74307	0.74365	-0.74365	0.74666	-0.74666	0.76829	-0.76829	0.79096	-0.79096	0.83264	-0.83264	0.8452	-0.8452	0.85014	-0.85014	0.85368	-0.85368	0.87056	-0.87056	-0.93424	0.93424	0.93682	-0.93682	-0.93872	0.93872	0.99094	-0.99094	1.0541	-1.0541	-1.0703	1.0703	1.0974	-1.0974	-1.1183	1.1183	-1.1501	1.1501	-1.1539	1.1539	-1.1767	1.1767	-1.2192	1.2192	1.2332	-1.2332	-1.2466	1.2466	1.2754	-1.2754	-1.2778	1.2778	1.2824	-1.2824	1.328	-1.328	1.3376	-1.3376	-1.3863	1.3863	1.3934	-1.3934	1.4026	-1.4026	-1.4036	1.4036	1.4203	-1.4203	1.4427	-1.4427	-1.4598	1.4598	-1.4757	1.4757	-1.4808	1.4808	-1.525	1.525	1.5435	-1.5435	-1.5455	1.5455	-1.5647	1.5647	1.5693	-1.5693	-1.5773	1.5773	-1.5804	1.5804	1.5979	-1.5979	-1.6002	1.6002	-1.6491	1.6491	-1.6514	1.6514	-1.684	1.684	-1.7247	1.7247	-1.7281	1.7281	1.7284	-1.7284	-1.7305	1.7305	1.7415	-1.7415	1.751	-1.751	-1.7741	1.7741	1.796	-1.796	-1.7987	1.7987	1.8211	-1.8211	1.8251	-1.8251	-1.8306	1.8306	1.8364	-1.8364	1.8379	-1.8379	1.8579	-1.8579	1.874	-1.874	1.8852	-1.8852	-1.8922	1.8922	-1.9231	1.9231	1.9262	-1.9262	-1.9378	1.9378	
0	-0.4	0.0039047	-0.0039047	-0.018928	0.018928	-0.043365	0.043365	-0.064335	0.064335	-0.093637	0.093637	0.0955	-0.0955	-0.13568	0.13568	-0.2105	0.2105	0.27205	-0.27205	-0.29779	0.29779	-0.30865	0.30865	-0.3394	0.3394	-0.35455	0.35455	0.39341	-0.39341	0.41807	-0.41807	-0.4477	0.4477	-0.46154	0.46154	0.48233	-0.48233	-0.5125	0.5125	0.54696	-0.54696	0.56736	-0.56736	0.57702	-0.57702	-0.59043	0.59043	0.6117	-0.6117	0.65513	-0.65513	-0.67133	0.67133	0.68248	-0.68248	-0.72567	0.72567	-0.73117	0.73117	-0.74302	0.74302	0.74592	-0.74592	-0.74857	0.74857	-0.76825	0.76825	0.79097	-0.79097	0.83376	-0.83376	0.84552	-0.84552	0.85255	-0.85255	0.85563	-0.85563	-0.87194	0.87194	0.93412	-0.93412	-0.93584	0.93584	-0.93818	0.93818	0.99083	-0.99083	1.0566	-1.0566	1.0696	-1.0696	1.1008	-1.1008	1.1165	-1.1165	1.1501	-1.1501	-1.1577	1.1577	1.1761	-1.1761	-1.2188	1.2188	1.2443	-1.2443	1.2479	-1.2479	1.2767	-1.2767	-1.2853	1.2853	1.2897	-1.2897	-1.3283	1.3283	-1.3378	1.3378	1.3846	-1.3846	1.3958	-1.3958	-1.4031	1.4031	1.4124	-1.4124	1.4394	-1.4394	1.4621	-1.4621	1.4749	-1.4749	1.4783	-1.4783	1.4815	-1.4815	1.5325	-1.5325	-1.5445	1.5445	-1.5517	1.5517	1.5704	-1.5704	1.5733	-1.5733	-1.5888	1.5888	1.5974	-1.5974	1.5995	-1.5995	1.6076	-1.6076	-1.6486	1.6486	1.6514	-1.6514	-1.6866	1.6866	-1.7244	1.7244	1.729	-1.729	-1.7303	1.7303	1.7306	-1.7306	1.7412	-1.7412	1.7512	-1.7512	-1.7744	1.7744	-1.7977	1.7977	1.7979	-1.7979	-1.8195	1.8195	1.8233	-1.8233	1.83	-1.83	-1.8368	1.8368	-1.8379	1.8379	1.8581	-1.8581	-1.8742	1.8742	1.8837	-1.8837	1.8912	-1.8912	1.9229	-1.9229	-1.9263	1.9263	1.9361	-1.9361	
0	-0.38	0.014677	-0.014677	-0.035001	0.035001	-0.060391	0.060391	-0.083016	0.083016	0.11268	-0.11268	-0.11394	0.11394	-0.15519	0.15519	0.23062	-0.23062	0.28824	-0.28824	-0.29756	0.29756	-0.30885	0.30885	-0.35371	0.35371	-0.35921	0.35921	-0.39384	0.39384	0.41724	-0.41724	-0.44666	0.44666	0.46178	-0.46178	0.48041	-0.48041	-0.51299	0.51299	0.54353	-0.54353	0.56503	-0.56503	-0.57603	0.57603	-0.60811	0.60811	-0.61019	0.61019	-0.65556	0.65556	0.67286	-0.67286	0.68215	-0.68215	-0.72515	0.72515	-0.73012	0.73012	-0.74236	0.74236	0.74517	-0.74517	0.75278	-0.75278	-0.76817	0.76817	-0.79097	0.79097	0.83484	-0.83484	-0.84582	0.84582	0.8563	-0.8563	-0.85761	0.85761	-0.87342	0.87342	-0.93394	0.93394	-0.93457	0.93457	-0.93798	0.93798	0.99069	-0.99069	-1.059	1.059	1.0689	-1.0689	1.1042	-1.1042	1.1147	-1.1147	-1.1501	1.1501	1.1611	-1.1611	-1.1755	1.1755	-1.2185	1.2185	-1.2417	1.2417	-1.2602	1.2602	1.2779	-1.2779	1.2879	-1.2879	1.3029	-1.3029	1.3286	-1.3286	-1.3381	1.3381	1.3828	-1.3828	-1.3896	1.3896	1.4027	-1.4027	1.4309	-1.4309	-1.458	1.458	-1.4735	1.4735	-1.4807	1.4807	1.4809	-1.4809	-1.4975	1.4975	1.5387	-1.5387	-1.5438	1.5438	-1.5574	1.5574	1.5715	-1.5715	-1.5771	1.5771	1.5968	-1.5968	1.6052	-1.6052	-1.6157	1.6157	1.6179	-1.6179	1.6481	-1.6481	1.6514	-1.6514	-1.6898	1.6898	1.724	-1.724	-1.7302	1.7302	1.7305	-1.7305	-1.7327	1.7327	1.741	-1.741	1.7514	-1.7514	-1.7749	1.7749	1.7971	-1.7971	1.7999	-1.7999	1.8177	-1.8177	-1.8214	1.8214	-1.8293	1.8293	1.8372	-1.8372	-1.8379	1.8379	1.8583	-1.8583	-1.8745	1.8745	1.8821	-1.8821	-1.8902	1.8902	1.9227	-1.9227	1.9264	-1.9264	-1.9344	1.9344	
0	-0.36	-0.032743	0.032743	-0.051226	0.051226	-0.077155	0.077155	0.10102	-0.10102	0.13107	-0.13107	-0.13233	0.13233	0.17409	-0.17409	0.25022	-0.25022	-0.2973	0.2973	0.30371	-0.30371	-0.30907	0.30907	-0.35279	0.35279	-0.37845	0.37845	-0.3943	0.3943	-0.41635	0.41635	-0.44556	0.44556	0.46202	-0.46202	-0.47838	0.47838	-0.51351	0.51351	0.53974	-0.53974	0.56258	-0.56258	0.57502	-0.57502	0.60863	-0.60863	-0.62385	0.62385	-0.656	0.656	0.67446	-0.67446	0.68261	-0.68261	-0.72463	0.72463	-0.72905	0.72905	-0.74168	0.74168	0.74441	-0.74441	0.75563	-0.75563	-0.76805	0.76805	-0.79098	0.79098	-0.83587	0.83587	0.84612	-0.84612	-0.8596	0.8596	0.86136	-0.86136	-0.87515	0.87515	-0.93291	0.93291	0.93401	-0.93401	-0.9379	0.9379	-0.9905	0.9905	-1.0615	1.0615	-1.0682	1.0682	1.1075	-1.1075	1.1128	-1.1128	-1.1502	1.1502	1.1641	-1.1641	-1.1749	1.1749	-1.2181	1.2181	1.239	-1.239	1.2698	-1.2698	-1.2791	1.2791	-1.2902	1.2902	1.317	-1.317	1.3288	-1.3288	1.3384	-1.3384	1.3809	-1.3809	-1.3843	1.3843	-1.4022	1.4022	1.4486	-1.4486	1.4718	-1.4718	1.4761	-1.4761	-1.4808	1.4808	-1.499	1.499	1.5147	-1.5147	1.5434	-1.5434	-1.5437	1.5437	1.5613	-1.5613	1.5727	-1.5727	-1.5809	1.5809	1.5963	-1.5963	1.6217	-1.6217	1.6235	-1.6235	1.6355	-1.6355	-1.6477	1.6477	1.6515	-1.6515	1.6938	-1.6938	-1.7234	1.7234	1.73	-1.73	1.7328	-1.7328	1.7347	-1.7347	1.7407	-1.7407	-1.7516	1.7516	1.7755	-1.7755	1.7961	-1.7961	-1.8027	1.8027	-1.8157	1.8157	-1.8195	1.8195	1.8286	-1.8286	-1.8376	1.8376	-1.8379	1.8379	-1.8586	1.8586	1.8747	-1.8747	1.8806	-1.8806	-1.8891	1.8891	-1.9225	1.9225	-1.9266	1.9266	1.9326	-1.9326	
0	-0.34	0.050264	-0.050264	-0.067067	0.067067	-0.093379	0.093379	-0.11833	0.11833	-0.14881	0.14881	-0.15037	0.15037	0.19238	-0.19238	0.26927	-0.26927	-0.29701	0.29701	-0.30931	0.30931	-0.31836	0.31836	-0.3518	0.3518	-0.39478	0.39478	-0.39711	0.39711	0.41541	-0.41541	0.4444	-0.4444	0.46227	-0.46227	-0.47622	0.47622	-0.51404	0.51404	0.53574	-0.53574	0.56003	-0.56003	0.57397	-0.57397	-0.60706	0.60706	-0.6364	0.6364	0.65645	-0.65645	0.67614	-0.67614	-0.68479	0.68479	-0.7241	0.7241	-0.72797	0.72797	0.74101	-0.74101	0.74365	-0.74365	-0.75724	0.75724	0.76792	-0.76792	-0.79098	0.79098	0.83684	-0.83684	-0.84641	0.84641	0.86159	-0.86159	0.86722	-0.86722	0.87764	-0.87764	0.93142	-0.93142	0.93388	-0.93388	0.93786	-0.93786	-0.99028	0.99028	-1.0639	1.0639	-1.0676	1.0676	-1.1109	1.1109	-1.111	1.111	-1.1502	1.1502	-1.1669	1.1669	-1.1742	1.1742	1.2178	-1.2178	-1.2361	1.2361	-1.2769	1.2769	1.2802	-1.2802	1.2922	-1.2922	-1.329	1.329	-1.3315	1.3315	1.3386	-1.3386	-1.379	1.379	-1.3807	1.3807	-1.4017	1.4017	1.4647	-1.4647	1.4708	-1.4708	1.4808	-1.4808	1.4936	-1.4936	1.5164	-1.5164	-1.5295	1.5295	-1.5453	1.5453	-1.5466	1.5466	-1.564	1.564	-1.5739	1.5739	-1.5849	1.5849	1.5958	-1.5958	-1.6304	1.6304	1.6377	-1.6377	1.6472	-1.6472	-1.6515	1.6515	-1.652	1.652	-1.6982	1.6982	-1.7228	1.7228	-1.7299	1.7299	1.7361	-1.7361	-1.7365	1.7365	1.7404	-1.7404	1.7519	-1.7519	-1.7764	1.7764	-1.7951	1.7951	1.8061	-1.8061	1.8137	-1.8137	1.8175	-1.8175	-1.8278	1.8278	-1.8379	1.8379	-1.8381	1.8381	-1.8587	1.8587	-1.8749	1.8749	1.879	-1.879	1.888	-1.888	1.9223	-1.9223	1.9267	-1.9267	1.9309	-1.9309	
0	-0.32	-0.067217	0.067217	0.082306	-0.082306	-0.10894	0.10894	0.13493	-0.13493	0.16587	-0.16587	0.16791	-0.16791	0.21005	-0.21005	0.28778	-0.28778	-0.29668	0.29668	0.30958	-0.30958	0.33213	-0.33213	-0.35073	0.35073	0.3953	-0.3953	0.41421	-0.41421	0.41534	-0.41534	-0.44318	0.44318	-0.46252	0.46252	-0.47395	0.47395	-0.51459	0.51459	0.53156	-0.53156	0.55737	-0.55737	-0.5729	0.5729	0.60549	-0.60549	0.64452	-0.64452	-0.65691	0.65691	0.67782	-0.67782	-0.68979	0.68979	-0.72359	0.72359	-0.72688	0.72688	-0.74038	0.74038	0.74289	-0.74289	-0.75786	0.75786	-0.76777	0.76777	-0.79098	0.79098	-0.83774	0.83774	0.84669	-0.84669	0.86358	-0.86358	0.8722	-0.8722	0.88246	-0.88246	0.92989	-0.92989	0.93376	-0.93376	-0.93784	0.93784	-0.99003	0.99003	-1.0664	1.0664	1.0669	-1.0669	-1.1091	1.1091	1.1142	-1.1142	-1.1502	1.1502	1.1694	-1.1694	-1.1737	1.1737	-1.2175	1.2175	-1.2332	1.2332	1.2811	-1.2811	-1.2814	1.2814	1.2939	-1.2939	-1.3293	1.3293	1.3389	-1.3389	1.3449	-1.3449	-1.3772	1.3772	1.38	-1.38	-1.4012	1.4012	-1.467	1.467	1.4809	-1.4809	1.4826	-1.4826	-1.5106	1.5106	-1.5331	1.5331	1.5371	-1.5371	1.5487	-1.5487	-1.554	1.554	-1.5661	1.5661	1.5752	-1.5752	1.589	-1.589	1.5953	-1.5953	-1.6359	1.6359	1.6468	-1.6468	1.6515	-1.6515	-1.6529	1.6529	1.6674	-1.6674	1.7027	-1.7027	1.7221	-1.7221	-1.7298	1.7298	-1.738	1.738	-1.7401	1.7401	-1.7404	1.7404	1.7522	-1.7522	-1.7777	1.7777	-1.7941	1.7941	-1.8099	1.8099	-1.8118	1.8118	-1.8154	1.8154	-1.827	1.827	1.838	-1.838	1.8386	-1.8386	1.8589	-1.8589	1.8752	-1.8752	1.8774	-1.8774	1.8868	-1.8868	-1.9221	1.9221	1.9268	-1.9268	-1.9291	1.9291	
0	-0.3	-0.083578	0.083578	-0.096832	0.096832	0.12378	-0.12378	0.15078	-0.15078	0.18225	-0.18225	0.18485	-0.18485	-0.22708	0.22708	-0.29632	0.29632	0.30573	-0.30573	-0.30988	0.30988	0.34498	-0.34498	-0.34956	0.34956	0.39585	-0.39585	0.41329	-0.41329	-0.43257	0.43257	-0.44191	0.44191	0.46278	-0.46278	-0.47156	0.47156	-0.51516	0.51516	0.52724	-0.52724	-0.55463	0.55463	0.5718	-0.5718	-0.60392	0.60392	0.64812	-0.64812	0.65738	-0.65738	-0.67941	0.67941	-0.69744	0.69744	-0.72309	0.72309	-0.72578	0.72578	0.73982	-0.73982	0.74213	-0.74213	0.75794	-0.75794	-0.76762	0.76762	0.79099	-0.79099	-0.83858	0.83858	-0.84697	0.84697	0.86554	-0.86554	0.87509	-0.87509	0.89071	-0.89071	0.92836	-0.92836	-0.93366	0.93366	0.93782	-0.93782	0.98973	-0.98973	1.0662	-1.0662	-1.0688	1.0688	-1.1073	1.1073	1.1175	-1.1175	-1.1503	1.1503	-1.1716	1.1716	1.1731	-1.1731	1.2172	-1.2172	1.2301	-1.2301	-1.2825	1.2825	1.2826	-1.2826	1.2952	-1.2952	-1.3295	1.3295	1.3392	-1.3392	-1.3555	1.3555	1.3753	-1.3753	-1.3842	1.3842	-1.4007	1.4007	1.4649	-1.4649	1.4809	-1.4809	-1.4972	1.4972	-1.5269	1.5269	-1.5393	1.5393	1.5488	-1.5488	1.55	-1.55	-1.5677	1.5677	1.5679	-1.5679	1.5766	-1.5766	1.5928	-1.5928	-1.5948	1.5948	-1.6401	1.6401	1.6464	-1.6464	1.6515	-1.6515	1.6674	-1.6674	-1.6812	1.6812	1.7074	-1.7074	1.7215	-1.7215	-1.7297	1.7297	1.7391	-1.7391	1.7397	-1.7397	-1.7458	1.7458	1.7525	-1.7525	1.7797	-1.7797	-1.7929	1.7929	1.8087	-1.8087	-1.8132	1.8132	1.8154	-1.8154	1.8261	-1.8261	1.838	-1.838	-1.8391	1.8391	1.8591	-1.8591	-1.8754	1.8754	-1.8758	1.8758	1.8856	-1.8856	-1.9219	1.9219	-1.927	1.927	-1.9274	1.9274	
0	-0.28	-0.099322	0.099322	-0.11058	0.11058	0.13783	-0.13783	0.16588	-0.16588	-0.19792	0.19792	0.20116	-0.20116	0.24345	-0.24345	0.29592	-0.29592	-0.31019	0.31019	-0.32314	0.32314	0.34831	-0.34831	0.35683	-0.35683	0.39644	-0.39644	0.41214	-0.41214	-0.44058	0.44058	-0.44923	0.44923	-0.46305	0.46305	-0.46904	0.46904	-0.51574	0.51574	-0.52279	0.52279	-0.55185	0.55185	-0.57069	0.57069	0.60236	-0.60236	0.64854	-0.64854	-0.65784	0.65784	-0.68095	0.68095	-0.70584	0.70584	-0.72261	0.72261	-0.72469	0.72469	0.73936	-0.73936	-0.74137	0.74137	0.75813	-0.75813	-0.76746	0.76746	-0.79099	0.79099	0.83935	-0.83935	-0.84723	0.84723	0.86747	-0.86747	-0.87689	0.87689	0.90119	-0.90119	-0.92684	0.92684	-0.93356	0.93356	0.93782	-0.93782	0.9894	-0.9894	1.0656	-1.0656	1.0712	-1.0712	1.1054	-1.1054	-1.1207	1.1207	-1.1503	1.1503	-1.1724	1.1724	1.1737	-1.1737	1.2169	-1.2169	-1.227	1.227	1.2812	-1.2812	-1.2835	1.2835	1.2962	-1.2962	-1.3297	1.3297	1.3394	-1.3394	1.3625	-1.3625	1.3735	-1.3735	-1.3939	1.3939	-1.4003	1.4003	-1.4627	1.4627	1.4809	-1.4809	1.5099	-1.5099	1.5417	-1.5417	1.5427	-1.5427	1.5508	-1.5508	-1.5631	1.5631	1.5693	-1.5693	1.5785	-1.5785	1.5823	-1.5823	1.5943	-1.5943	1.5961	-1.5961	1.6433	-1.6433	-1.646	1.646	1.6515	-1.6515	1.6809	-1.6809	-1.6925	1.6925	-1.7128	1.7128	-1.721	1.721	1.7296	-1.7296	1.7393	-1.7393	1.7398	-1.7398	-1.7516	1.7516	1.7528	-1.7528	-1.7827	1.7827	-1.7916	1.7916	-1.8061	1.8061	-1.811	1.811	1.821	-1.821	1.8251	-1.8251	-1.838	1.838	1.8397	-1.8397	-1.8592	1.8592	-1.8742	1.8742	1.8756	-1.8756	-1.8843	1.8843	1.9217	-1.9217	1.9257	-1.9257	1.9272	-1.9272	
0	-0.26	0.11442	-0.11442	-0.12349	0.12349	-0.15105	0.15105	-0.1802	0.1802	-0.21289	0.21289	-0.21677	0.21677	0.25917	-0.25917	-0.29547	0.29547	-0.31055	0.31055	0.33999	-0.33999	0.34695	-0.34695	-0.36766	0.36766	0.39706	-0.39706	0.41091	-0.41091	-0.43921	0.43921	0.46297	-0.46297	0.46546	-0.46546	0.4664	-0.4664	-0.51634	0.51634	-0.51823	0.51823	0.54909	-0.54909	0.56957	-0.56957	0.60085	-0.60085	0.64708	-0.64708	-0.65831	0.65831	0.68245	-0.68245	-0.71285	0.71285	0.72215	-0.72215	-0.72361	0.72361	0.73902	-0.73902	0.74064	-0.74064	-0.75936	0.75936	0.76731	-0.76731	-0.79099	0.79099	-0.84005	0.84005	-0.84749	0.84749	-0.86936	0.86936	-0.87831	0.87831	0.91304	-0.91304	-0.92536	0.92536	0.93347	-0.93347	-0.93781	0.93781	0.98904	-0.98904	1.065	-1.065	1.0736	-1.0736	-1.1037	1.1037	1.1239	-1.1239	-1.1504	1.1504	1.1719	-1.1719	1.1754	-1.1754	1.2166	-1.2166	1.2239	-1.2239	-1.2773	1.2773	1.2846	-1.2846	-1.2969	1.2969	-1.3299	1.3299	-1.3397	1.3397	1.3679	-1.3679	-1.3718	1.3718	1.3998	-1.3998	-1.407	1.407	-1.4605	1.4605	1.481	-1.481	1.519	-1.519	1.5469	-1.5469	-1.5512	1.5512	1.5578	-1.5578	1.5696	-1.5696	1.5742	-1.5742	-1.5839	1.5839	-1.5938	1.5938	-1.5963	1.5963	-1.5987	1.5987	1.6453	-1.6453	-1.6459	1.6459	1.6516	-1.6516	-1.6936	1.6936	-1.7	1.7	1.7179	-1.7179	1.7227	-1.7227	-1.7295	1.7295	1.7389	-1.7389	-1.7399	1.7399	1.7532	-1.7532	1.757	-1.757	1.7872	-1.7872	1.7902	-1.7902	1.8034	-1.8034	-1.8087	1.8087	-1.824	1.824	1.8272	-1.8272	-1.8381	1.8381	1.8403	-1.8403	1.8593	-1.8593	1.8726	-1.8726	1.8758	-1.8758	1.883	-1.883	-1.9215	1.9215	1.9241	-1.9241	-1.9273	1.9273	
0	-0.24	-0.12885	0.12885	-0.13554	0.13554	-0.16341	0.16341	0.19373	-0.19373	0.22713	-0.22713	0.23164	-0.23164	-0.27422	0.27422	-0.29496	0.29496	-0.31095	0.31095	-0.34549	0.34549	-0.35627	0.35627	0.3774	-0.3774	-0.39772	0.39772	0.40962	-0.40962	-0.43779	0.43779	0.46344	-0.46344	-0.46364	0.46364	-0.4802	0.4802	0.51359	-0.51359	-0.51694	0.51694	0.54651	-0.54651	-0.56845	0.56845	-0.59938	0.59938	0.64451	-0.64451	-0.65877	0.65877	-0.68391	0.68391	-0.71692	0.71692	-0.72172	0.72172	0.72256	-0.72256	0.73883	-0.73883	0.73992	-0.73992	-0.76256	0.76256	0.76715	-0.76715	-0.791	0.791	-0.84068	0.84068	-0.84773	0.84773	-0.87119	0.87119	-0.87956	0.87956	0.92387	-0.92387	-0.92594	0.92594	0.93337	-0.93337	-0.93781	0.93781	-0.98863	0.98863	-1.0644	1.0644	1.0759	-1.0759	-1.1019	1.1019	1.1269	-1.1269	-1.1504	1.1504	1.1714	-1.1714	1.1769	-1.1769	-1.2163	1.2163	1.2207	-1.2207	-1.2714	1.2714	-1.2856	1.2856	1.2972	-1.2972	1.3301	-1.3301	-1.3399	1.3399	-1.3701	1.3701	-1.3733	1.3733	1.3994	-1.3994	-1.4212	1.4212	1.4582	-1.4582	1.481	-1.481	-1.5236	1.5236	-1.5513	1.5513	1.5558	-1.5558	1.5708	-1.5708	1.5722	-1.5722	1.5773	-1.5773	-1.5934	1.5934	-1.5954	1.5954	1.6006	-1.6006	-1.6096	1.6096	1.6452	-1.6452	-1.6473	1.6473	-1.6516	1.6516	-1.7042	1.7042	-1.7054	1.7054	-1.7183	1.7183	-1.7294	1.7294	-1.7308	1.7308	1.7384	-1.7384	1.7394	-1.7394	1.7536	-1.7536	1.7616	-1.7616	1.7887	-1.7887	1.7932	-1.7932	1.8005	-1.8005	-1.8063	1.8063	-1.8229	1.8229	1.834	-1.834	1.8381	-1.8381	-1.841	1.841	1.8593	-1.8593	-1.8711	1.8711	1.8761	-1.8761	1.8816	-1.8816	-1.9214	1.9214	-1.9226	1.9226	1.9275	-1.9275	
0	-0.22	-0.14258	0.14258	-0.1467	0.1467	-0.17486	0.17486	0.20644	-0.20644	-0.24063	0.24063	-0.24573	0.24573	0.28858	-0.28858	-0.29438	0.29438	-0.3114	0.3114	0.34392	-0.34392	-0.372	0.372	-0.38602	0.38602	0.39842	-0.39842	-0.40826	0.40826	-0.43633	0.43633	-0.46075	0.46075	0.46368	-0.46368	-0.49389	0.49389	0.50891	-0.50891	-0.51755	0.51755	0.54441	-0.54441	0.56734	-0.56734	-0.59798	0.59798	-0.64119	0.64119	0.65923	-0.65923	-0.68532	0.68532	-0.71757	0.71757	-0.72132	0.72132	-0.72153	0.72153	-0.73882	0.73882	-0.73922	0.73922	-0.76701	0.76701	0.76795	-0.76795	0.791	-0.791	-0.84124	0.84124	-0.84797	0.84797	0.87295	-0.87295	-0.8807	0.8807	-0.92251	0.92251	0.93329	-0.93329	-0.93781	0.93781	0.93957	-0.93957	-0.98818	0.98818	1.0638	-1.0638	1.0781	-1.0781	1.1002	-1.1002	1.1298	-1.1298	1.1504	-1.1504	1.1709	-1.1709	1.178	-1.178	1.216	-1.216	-1.2176	1.2176	1.2641	-1.2641	-1.2865	1.2865	1.2971	-1.2971	-1.3302	1.3302	1.3401	-1.3401	1.3685	-1.3685	1.3791	-1.3791	-1.399	1.399	-1.4357	1.4357	-1.4559	1.4559	1.481	-1.481	1.5253	-1.5253	-1.5513	1.5513	-1.567	1.567	1.5718	-1.5718	-1.5787	1.5787	-1.5859	1.5859	-1.593	1.593	-1.6018	1.6018	-1.608	1.608	-1.6221	1.6221	-1.6449	1.6449	1.6485	-1.6485	1.6516	-1.6516	1.7065	-1.7065	-1.7162	1.7162	-1.7176	1.7176	1.7293	-1.7293	-1.7378	1.7378	-1.7384	1.7384	-1.7399	1.7399	1.754	-1.754	-1.7656	1.7656	1.7871	-1.7871	1.7975	-1.7975	1.8006	-1.8006	-1.8039	1.8039	-1.8217	1.8217	-1.8381	1.8381	1.8413	-1.8413	-1.8416	1.8416	-1.8593	1.8593	1.8696	-1.8696	-1.8763	1.8763	1.8802	-1.8802	-1.9211	1.9211	-1.9213	1.9213	-1.9277	1.9277	
0	-0.2	-0.15558	0.15558	-0.15694	0.15694	-0.18538	0.18538	-0.21831	0.21831	-0.25337	0.25337	0.25897	-0.25897	-0.29373	0.29373	-0.30225	0.30225	-0.3119	0.3119	0.34224	-0.34224	0.38717	-0.38717	0.3935	-0.3935	0.39914	-0.39914	0.40683	-0.40683	-0.43485	0.43485	-0.45776	0.45776	0.4639	-0.4639	0.50422	-0.50422	-0.50556	0.50556	-0.51815	0.51815	0.54357	-0.54357	-0.56624	0.56624	-0.59667	0.59667	-0.63732	0.63732	0.65967	-0.65967	-0.68666	0.68666	0.71545	-0.71545	0.72054	-0.72054	-0.72095	0.72095	-0.73856	0.73856	-0.73901	0.73901	-0.76687	0.76687	0.77481	-0.77481	-0.791	0.791	-0.84173	0.84173	0.84818	-0.84818	0.87462	-0.87462	0.88176	-0.88176	-0.92119	0.92119	-0.9332	0.9332	0.93781	-0.93781	0.95384	-0.95384	0.98768	-0.98768	-1.0633	1.0633	1.0802	-1.0802	-1.0986	1.0986	1.1325	-1.1325	-1.1504	1.1504	1.1704	-1.1704	1.1787	-1.1787	-1.2145	1.2145	-1.2158	1.2158	-1.2559	1.2559	1.2874	-1.2874	1.2967	-1.2967	-1.3304	1.3304	-1.3404	1.3404	1.367	-1.367	1.3852	-1.3852	-1.3986	1.3986	-1.45	1.45	1.4537	-1.4537	1.4811	-1.4811	-1.5257	1.5257	-1.5512	1.5512	1.5726	-1.5726	-1.5787	1.5787	-1.5798	1.5798	-1.5926	1.5926	-1.5989	1.5989	1.6024	-1.6024	1.6201	-1.6201	1.6338	-1.6338	-1.6447	1.6447	-1.6493	1.6493	1.6516	-1.6516	-1.708	1.708	-1.7167	1.7167	-1.7258	1.7258	1.7292	-1.7292	-1.7369	1.7369	1.7371	-1.7371	1.7478	-1.7478	1.7546	-1.7546	1.7696	-1.7696	-1.7854	1.7854	1.7943	-1.7943	-1.8013	1.8013	1.8086	-1.8086	1.8205	-1.8205	1.8381	-1.8381	1.8423	-1.8423	1.8489	-1.8489	-1.8592	1.8592	-1.8682	1.8682	1.8765	-1.8765	1.8788	-1.8788	-1.9199	1.9199	1.9211	-1.9211	-1.9279	1.9279	
0	-0.18	-0.16623	0.16623	-0.1678	0.1678	-0.19493	0.19493	-0.22931	0.22931	-0.26533	0.26533	0.27131	-0.27131	-0.293	0.293	-0.31247	0.31247	0.3152	-0.3152	-0.34045	0.34045	0.39979	-0.39979	0.3999	-0.3999	0.40178	-0.40178	0.40536	-0.40536	-0.43335	0.43335	-0.45467	0.45467	-0.4641	0.4641	0.49959	-0.49959	-0.51362	0.51362	-0.51874	0.51874	0.54558	-0.54558	-0.56518	0.56518	0.59547	-0.59547	0.63298	-0.63298	-0.6601	0.6601	0.68792	-0.68792	-0.71143	0.71143	-0.7196	0.7196	-0.72062	0.72062	0.73794	-0.73794	0.73941	-0.73941	0.76674	-0.76674	0.78229	-0.78229	-0.791	0.791	-0.84215	0.84215	0.84839	-0.84839	0.87619	-0.87619	-0.88276	0.88276	-0.91994	0.91994	0.93313	-0.93313	0.93781	-0.93781	-0.96859	0.96859	-0.98714	0.98714	1.0628	-1.0628	1.0822	-1.0822	-1.0971	1.0971	-1.135	1.135	1.1505	-1.1505	1.1699	-1.1699	-1.1787	1.1787	1.2115	-1.2115	1.2156	-1.2156	1.2472	-1.2472	-1.2881	1.2881	1.2959	-1.2959	1.3305	-1.3305	1.3406	-1.3406	1.3656	-1.3656	1.3916	-1.3916	-1.3982	1.3982	-1.4515	1.4515	-1.464	1.464	-1.4811	1.4811	-1.5256	1.5256	-1.5511	1.5511	1.5733	-1.5733	1.5809	-1.5809	1.5902	-1.5902	1.5923	-1.5923	1.6025	-1.6025	-1.6111	1.6111	-1.6313	1.6313	-1.6445	1.6445	1.6447	-1.6447	-1.6499	1.6499	1.6516	-1.6516	-1.7089	1.7089	-1.7158	1.7158	1.7291	-1.7291	-1.7318	1.7318	-1.7364	1.7364	1.7375	-1.7375	-1.7536	1.7536	1.7551	-1.7551	-1.7746	1.7746	-1.7836	1.7836	1.791	-1.791	1.7987	-1.7987	1.8165	-1.8165	1.8192	-1.8192	1.8382	-1.8382	-1.8431	1.8431	-1.8567	1.8567	-1.859	1.859	1.867	-1.867	-1.8767	1.8767	-1.8773	1.8773	1.9188	-1.9188	1.9209	-1.9209	-1.9282	1.9282	
0	-0.16	-0.17457	0.17457	-0.1792	0.1792	-0.20348	0.20348	-0.23941	0.23941	0.27647	-0.27647	0.28265	-0.28265	-0.29217	0.29217	-0.3131	0.3131	-0.3274	0.3274	-0.33857	0.33857	0.40068	-0.40068	0.40384	-0.40384	0.4049	-0.4049	0.41584	-0.41584	-0.43185	0.43185	0.45151	-0.45151	0.46429	-0.46429	-0.49508	0.49508	-0.51672	0.51672	0.51932	-0.51932	0.55178	-0.55178	0.56416	-0.56416	0.59439	-0.59439	-0.62824	0.62824	-0.6605	0.6605	0.68908	-0.68908	-0.70613	0.70613	-0.71872	0.71872	-0.72032	0.72032	0.73736	-0.73736	0.74005	-0.74005	-0.76662	0.76662	-0.78982	0.78982	-0.79101	0.79101	-0.8425	0.8425	0.84857	-0.84857	0.87763	-0.87763	-0.88369	0.88369	0.91879	-0.91879	-0.93306	0.93306	0.93781	-0.93781	-0.98368	0.98368	0.98655	-0.98655	-1.0624	1.0624	1.0842	-1.0842	1.0957	-1.0957	1.1372	-1.1372	-1.1505	1.1505	1.1695	-1.1695	1.1779	-1.1779	1.2086	-1.2086	1.2154	-1.2154	-1.2386	1.2386	1.2888	-1.2888	-1.2948	1.2948	1.3306	-1.3306	1.3408	-1.3408	1.3644	-1.3644	-1.3979	1.3979	1.398	-1.398	-1.4494	1.4494	-1.4776	1.4776	1.4811	-1.4811	1.5253	-1.5253	1.5509	-1.5509	-1.5739	1.5739	-1.5819	1.5819	-1.592	1.592	1.5997	-1.5997	-1.6037	1.6037	-1.6225	1.6225	1.6405	-1.6405	-1.6452	1.6452	1.6508	-1.6508	-1.6515	1.6515	1.6548	-1.6548	1.7095	-1.7095	1.7149	-1.7149	1.7291	-1.7291	1.7301	-1.7301	1.7356	-1.7356	-1.7442	1.7442	1.7558	-1.7558	-1.7572	1.7572	1.7805	-1.7805	1.7817	-1.7817	-1.7876	1.7876	-1.7959	1.7959	1.8178	-1.8178	-1.824	1.824	-1.8382	1.8382	-1.8438	1.8438	1.8588	-1.8588	-1.8646	1.8646	1.8659	-1.8659	1.8759	-1.8759	1.8768	-1.8768	-1.9178	1.9178	-1.9208	1.9208	-1.9285	1.9285	
0	-0.14	-0.18193	0.18193	-0.18974	0.18974	-0.211	0.211	-0.24857	0.24857	0.28676	-0.28676	0.29125	-0.29125	0.29291	-0.29291	-0.31382	0.31382	0.3366	-0.3366	-0.33883	0.33883	0.40148	-0.40148	0.40232	-0.40232	-0.4088	0.4088	0.42935	-0.42935	-0.43039	0.43039	-0.44832	0.44832	0.46445	-0.46445	0.49079	-0.49079	-0.51612	0.51612	-0.51987	0.51987	0.56094	-0.56094	0.56321	-0.56321	-0.59345	0.59345	0.62311	-0.62311	-0.66088	0.66088	-0.69013	0.69013	0.69989	-0.69989	-0.71791	0.71791	0.72006	-0.72006	0.73683	-0.73683	-0.74091	0.74091	0.76651	-0.76651	0.79101	-0.79101	-0.79713	0.79713	-0.84277	0.84277	0.84874	-0.84874	0.87893	-0.87893	-0.88456	0.88456	0.91775	-0.91775	0.93299	-0.93299	0.93781	-0.93781	-0.9859	0.9859	0.99899	-0.99899	-1.0619	1.0619	1.0859	-1.0859	1.0944	-1.0944	1.1391	-1.1391	1.1505	-1.1505	1.1692	-1.1692	1.1758	-1.1758	1.2059	-1.2059	-1.2152	1.2152	-1.2305	1.2305	1.2892	-1.2892	-1.2934	1.2934	1.3308	-1.3308	1.3409	-1.3409	1.3633	-1.3633	-1.3976	1.3976	-1.4045	1.4045	1.4474	-1.4474	-1.4811	1.4811	1.4907	-1.4907	1.5249	-1.5249	-1.5507	1.5507	-1.5743	1.5743	1.583	-1.583	-1.5917	1.5917	1.6002	-1.6002	1.6127	-1.6127	-1.633	1.633	1.6431	-1.6431	1.6484	-1.6484	-1.6516	1.6516	-1.6548	1.6548	1.6638	-1.6638	1.7099	-1.7099	1.714	-1.714	-1.7266	1.7266	1.729	-1.729	-1.7347	1.7347	-1.751	1.751	-1.7565	1.7565	-1.7592	1.7592	-1.7797	1.7797	-1.7841	1.7841	-1.7869	1.7869	1.7932	-1.7932	1.8165	-1.8165	-1.8306	1.8306	-1.8382	1.8382	-1.8446	1.8446	-1.8583	1.8583	-1.865	1.865	-1.8724	1.8724	1.8745	-1.8745	1.877	-1.877	1.917	-1.917	-1.9207	1.9207	1.9289	-1.9289	
0	-0.12	0.18829	-0.18829	0.19933	-0.19933	-0.21747	0.21747	0.25676	-0.25676	-0.2902	0.2902	-0.29617	0.29617	0.30196	-0.30196	-0.31463	0.31463	-0.33457	0.33457	-0.34942	0.34942	0.40081	-0.40081	0.40228	-0.40228	0.41149	-0.41149	-0.42896	0.42896	-0.44224	0.44224	-0.44519	0.44519	0.4646	-0.4646	0.48683	-0.48683	0.51373	-0.51373	0.52037	-0.52037	-0.56233	0.56233	-0.57118	0.57118	-0.59267	0.59267	0.61764	-0.61764	0.66122	-0.66122	-0.69102	0.69102	0.69294	-0.69294	0.71718	-0.71718	-0.71985	0.71985	0.73635	-0.73635	0.74199	-0.74199	0.76641	-0.76641	-0.79101	0.79101	0.80407	-0.80407	-0.84298	0.84298	-0.84889	0.84889	0.88008	-0.88008	-0.88537	0.88537	0.91682	-0.91682	0.93294	-0.93294	0.93781	-0.93781	0.98519	-0.98519	-1.0144	1.0144	1.0616	-1.0616	1.0876	-1.0876	-1.0933	1.0933	1.1406	-1.1406	-1.1505	1.1505	1.1688	-1.1688	1.172	-1.172	1.2035	-1.2035	-1.215	1.215	-1.2236	1.2236	1.289	-1.289	1.2923	-1.2923	1.3309	-1.3309	1.3411	-1.3411	1.3624	-1.3624	1.3974	-1.3974	-1.4109	1.4109	1.4454	-1.4454	1.4812	-1.4812	-1.5032	1.5032	1.5245	-1.5245	-1.5505	1.5505	-1.5745	1.5745	-1.5841	1.5841	1.5915	-1.5915	-1.5988	1.5988	1.6226	-1.6226	1.6418	-1.6418	1.6439	-1.6439	-1.649	1.649	1.6516	-1.6516	1.6627	-1.6627	1.6718	-1.6718	-1.7102	1.7102	1.7133	-1.7133	-1.7224	1.7224	-1.729	1.729	1.7337	-1.7337	-1.7571	1.7571	1.7573	-1.7573	-1.7603	1.7603	-1.7776	1.7776	1.7805	-1.7805	-1.7903	1.7903	-1.793	1.793	1.8151	-1.8151	1.8361	-1.8361	1.8382	-1.8382	1.8453	-1.8453	-1.8578	1.8578	1.8643	-1.8643	-1.8732	1.8732	-1.8771	1.8771	1.88	-1.88	1.9165	-1.9165	1.9206	-1.9206	-1.9293	1.9293	
0	-0.1	-0.19365	0.19365	0.2079	-0.2079	-0.22285	0.22285	0.26392	-0.26392	-0.28908	0.28908	0.30456	-0.30456	-0.30967	0.30967	-0.31556	0.31556	-0.33251	0.33251	-0.35913	0.35913	0.39935	-0.39935	0.40306	-0.40306	-0.41298	0.41298	0.42763	-0.42763	0.44196	-0.44196	0.45475	-0.45475	-0.46471	0.46471	0.48333	-0.48333	0.51059	-0.51059	-0.52083	0.52083	-0.56155	0.56155	0.58152	-0.58152	-0.59206	0.59206	-0.61182	0.61182	-0.66152	0.66152	-0.68527	0.68527	-0.69186	0.69186	0.71654	-0.71654	-0.71968	0.71968	0.73594	-0.73594	0.74328	-0.74328	-0.76633	0.76633	-0.79101	0.79101	0.81062	-0.81062	-0.84311	0.84311	0.84902	-0.84902	-0.88107	0.88107	-0.88612	0.88612	0.91601	-0.91601	-0.93289	0.93289	0.93781	-0.93781	0.98442	-0.98442	-1.0298	1.0298	1.0613	-1.0613	1.089	-1.089	1.0922	-1.0922	1.1417	-1.1417	-1.1505	1.1505	1.1659	-1.1659	-1.1686	1.1686	-1.2014	1.2014	1.2149	-1.2149	1.2183	-1.2183	-1.2875	1.2875	1.2919	-1.2919	-1.3309	1.3309	-1.3412	1.3412	-1.3616	1.3616	1.3971	-1.3971	-1.4173	1.4173	-1.4435	1.4435	1.4812	-1.4812	1.5151	-1.5151	1.5241	-1.5241	1.5503	-1.5503	1.5746	-1.5746	-1.5853	1.5853	-1.5912	1.5912	1.5969	-1.5969	1.6318	-1.6318	-1.6428	1.6428	-1.649	1.649	-1.6514	1.6514	1.6516	-1.6516	-1.6703	1.6703	1.6789	-1.6789	-1.7103	1.7103	-1.7127	1.7127	-1.7176	1.7176	-1.7289	1.7289	1.7326	-1.7326	1.7582	-1.7582	-1.7609	1.7609	-1.7621	1.7621	1.7755	-1.7755	1.7768	-1.7768	1.7875	-1.7875	-1.7985	1.7985	-1.8138	1.8138	1.8383	-1.8383	-1.8402	1.8402	1.846	-1.846	1.8572	-1.8572	1.8637	-1.8637	-1.872	1.872	-1.8772	1.8772	-1.8873	1.8873	-1.9161	1.9161	1.9205	-1.9205	1.9299	-1.9299	
0	-0.08	-0.198	0.198	-0.21533	0.21533	-0.22714	0.22714	-0.27001	0.27001	-0.28791	0.28791	0.31179	-0.31179	0.31587	-0.31587	-0.3167	0.3167	-0.33046	0.33046	-0.36785	0.36785	0.39799	-0.39799	-0.40379	0.40379	0.41329	-0.41329	-0.42642	0.42642	0.43899	-0.43899	0.46481	-0.46481	0.46659	-0.46659	-0.48044	0.48044	-0.50715	0.50715	-0.52123	0.52123	0.56088	-0.56088	0.59157	-0.59157	-0.5916	0.5916	0.6057	-0.6057	0.66177	-0.66177	-0.67712	0.67712	0.69249	-0.69249	0.716	-0.716	0.71957	-0.71957	-0.7356	0.7356	0.74476	-0.74476	-0.76626	0.76626	0.79101	-0.79101	-0.81674	0.81674	-0.84317	0.84317	-0.84912	0.84912	0.88187	-0.88187	-0.8868	0.8868	-0.91535	0.91535	0.93285	-0.93285	0.93781	-0.93781	-0.98357	0.98357	-1.0451	1.0451	-1.061	1.061	-1.0904	1.0904	1.0913	-1.0913	1.1422	-1.1422	-1.1506	1.1506	-1.1578	1.1578	1.1683	-1.1683	-1.1996	1.1996	1.2147	-1.2147	1.2148	-1.2148	1.2851	-1.2851	1.292	-1.292	1.331	-1.331	-1.3413	1.3413	-1.3609	1.3609	1.3969	-1.3969	-1.4236	1.4236	1.4416	-1.4416	1.4812	-1.4812	1.5237	-1.5237	-1.5262	1.5262	-1.5501	1.5501	1.5746	-1.5746	-1.5867	1.5867	-1.5911	1.5911	-1.5946	1.5946	-1.6401	1.6401	-1.6428	1.6428	1.6487	-1.6487	1.6516	-1.6516	1.6587	-1.6587	1.6769	-1.6769	-1.6849	1.6849	1.7104	-1.7104	-1.7123	1.7123	-1.7124	1.7124	1.7289	-1.7289	1.7314	-1.7314	-1.7593	1.7593	-1.7612	1.7612	-1.7662	1.7662	-1.7731	1.7731	1.7734	-1.7734	-1.7847	1.7847	1.8031	-1.8031	-1.8125	1.8125	1.8383	-1.8383	1.8428	-1.8428	-1.8467	1.8467	-1.8566	1.8566	1.8633	-1.8633	-1.8708	1.8708	-1.8773	1.8773	-1.894	1.894	-1.916	1.916	1.9204	-1.9204	1.9308	-1.9308	
0	-0.06	-0.20132	0.20132	-0.22148	0.22148	-0.23031	0.23031	-0.27494	0.27494	-0.28675	0.28675	0.3167	-0.3167	-0.31906	0.31906	0.32043	-0.32043	0.32849	-0.32849	-0.37546	0.37546	0.39679	-0.39679	-0.40444	0.40444	0.41244	-0.41244	-0.42538	0.42538	-0.43628	0.43628	-0.46487	0.46487	0.47785	-0.47785	0.47831	-0.47831	-0.50372	0.50372	-0.52155	0.52155	0.56034	-0.56034	-0.59124	0.59124	0.59935	-0.59935	-0.60114	0.60114	0.66198	-0.66198	0.66847	-0.66847	0.69296	-0.69296	0.71557	-0.71557	0.71951	-0.71951	0.73533	-0.73533	0.74639	-0.74639	-0.76622	0.76622	-0.79101	0.79101	-0.82246	0.82246	-0.84316	0.84316	0.84921	-0.84921	0.88248	-0.88248	-0.88742	0.88742	0.91483	-0.91483	-0.93282	0.93282	0.93781	-0.93781	-0.98263	0.98263	-1.06	1.06	1.0608	-1.0608	-1.0906	1.0906	-1.0917	1.0917	1.1423	-1.1423	1.1479	-1.1479	1.1506	-1.1506	-1.1681	1.1681	-1.1982	1.1982	1.2125	-1.2125	-1.2147	1.2147	-1.2823	1.2823	-1.2922	1.2922	1.3311	-1.3311	-1.3414	1.3414	1.3604	-1.3604	-1.3968	1.3968	-1.4297	1.4297	1.4398	-1.4398	1.4812	-1.4812	-1.5234	1.5234	-1.5364	1.5364	-1.55	1.55	1.5745	-1.5745	1.5882	-1.5882	-1.5909	1.5909	1.5919	-1.5919	-1.6427	1.6427	1.6476	-1.6476	1.6483	-1.6483	1.6517	-1.6517	-1.6649	1.6649	-1.6821	1.6821	-1.6897	1.6897	-1.7068	1.7068	1.7105	-1.7105	-1.7121	1.7121	-1.7289	1.7289	-1.7303	1.7303	1.7604	-1.7604	-1.7612	1.7612	1.7693	-1.7693	1.7695	-1.7695	1.7714	-1.7714	-1.782	1.782	-1.8068	1.8068	1.8114	-1.8114	-1.8383	1.8383	1.8437	-1.8437	1.8473	-1.8473	1.856	-1.856	1.863	-1.863	1.8699	-1.8699	-1.8773	1.8773	-1.8999	1.8999	1.9162	-1.9162	-1.9203	1.9203	-1.9321	1.9321	
0	-0.04	-0.20361	0.20361	0.22618	-0.22618	-0.23236	0.23236	-0.27867	0.27867	-0.28571	0.28571	-0.31831	0.31831	-0.32319	0.32319	0.32345	-0.32345	-0.32672	0.32672	-0.3818	0.3818	-0.39581	0.39581	0.40496	-0.40496	0.41046	-0.41046	-0.42458	0.42458	-0.43396	0.43396	0.4649	-0.4649	0.47708	-0.47708	0.4885	-0.4885	-0.50053	0.50053	-0.52178	0.52178	-0.55994	0.55994	-0.59028	0.59028	0.5935	-0.5935	-0.61012	0.61012	-0.65935	0.65935	-0.66213	0.66213	0.69326	-0.69326	0.71526	-0.71526	0.7195	-0.7195	-0.73513	0.73513	0.74813	-0.74813	0.76619	-0.76619	-0.79101	0.79101	-0.82779	0.82779	0.84308	-0.84308	0.84927	-0.84927	0.88289	-0.88289	-0.88796	0.88796	0.91447	-0.91447	-0.9328	0.9328	0.93781	-0.93781	-0.98158	0.98158	-1.0607	1.0607	1.0744	-1.0744	1.09	-1.09	1.0931	-1.0931	-1.1367	1.1367	-1.1418	1.1418	-1.1506	1.1506	-1.168	1.168	1.1972	-1.1972	-1.2113	1.2113	-1.2146	1.2146	1.2791	-1.2791	1.2924	-1.2924	-1.3311	1.3311	1.3415	-1.3415	1.3601	-1.3601	-1.3967	1.3967	1.4356	-1.4356	1.4381	-1.4381	-1.4812	1.4812	-1.5232	1.5232	-1.5453	1.5453	1.5498	-1.5498	1.5746	-1.5746	-1.5889	1.5889	1.5898	-1.5898	-1.5908	1.5908	1.6427	-1.6427	-1.6478	1.6478	1.6516	-1.6516	-1.6539	1.6539	-1.6695	1.6695	1.6859	-1.6859	1.6934	-1.6934	1.7009	-1.7009	-1.7108	1.7108	-1.7121	1.7121	-1.7289	1.7289	-1.7292	1.7292	-1.761	1.761	1.7615	-1.7615	1.7659	-1.7659	1.7695	-1.7695	1.7715	-1.7715	1.7796	-1.7796	-1.8095	1.8095	-1.8104	1.8104	1.8383	-1.8383	-1.843	1.843	-1.8478	1.8478	1.8556	-1.8556	1.8628	-1.8628	-1.8692	1.8692	-1.8773	1.8773	1.9046	-1.9046	1.9168	-1.9168	-1.9203	1.9203	1.934	-1.934	
0	-0.02	-0.20486	0.20486	-0.22921	0.22921	-0.23328	0.23328	0.28113	-0.28113	-0.28493	0.28493	-0.31931	0.31931	0.32409	-0.32409	0.32535	-0.32535	0.32685	-0.32685	-0.38667	0.38667	0.39512	-0.39512	-0.4053	0.4053	0.40737	-0.40737	0.42405	-0.42405	0.43217	-0.43217	0.46489	-0.46489	0.47683	-0.47683	0.49782	-0.49782	-0.49846	0.49846	-0.52192	0.52192	0.5597	-0.5597	-0.58496	0.58496	-0.59198	0.59198	0.61847	-0.61847	0.64983	-0.64983	-0.66222	0.66222	0.69339	-0.69339	0.71507	-0.71507	-0.71956	0.71956	0.73501	-0.73501	0.74994	-0.74994	-0.7662	0.7662	-0.79101	0.79101	-0.83276	0.83276	0.84293	-0.84293	0.84931	-0.84931	0.8831	-0.8831	-0.88844	0.88844	0.91426	-0.91426	0.93278	-0.93278	0.93781	-0.93781	0.98039	-0.98039	-1.0606	1.0606	1.0862	-1.0862	1.0894	-1.0894	1.0963	-1.0963	-1.1247	1.1247	1.141	-1.141	1.1506	-1.1506	-1.1679	1.1679	-1.1965	1.1965	-1.2108	1.2108	-1.2146	1.2146	1.2758	-1.2758	1.2925	-1.2925	-1.3311	1.3311	1.3415	-1.3415	1.3599	-1.3599	1.3966	-1.3966	-1.4364	1.4364	-1.4414	1.4414	-1.4812	1.4812	-1.5231	1.5231	1.5497	-1.5497	1.5525	-1.5525	-1.5752	1.5752	1.5856	-1.5856	-1.5908	1.5908	1.5916	-1.5916	-1.6426	1.6426	-1.6472	1.6472	-1.6516	1.6516	1.6589	-1.6589	-1.6726	1.6726	1.6882	-1.6882	-1.6947	1.6947	1.6959	-1.6959	-1.7111	1.7111	1.7122	-1.7122	1.7285	-1.7285	1.7289	-1.7289	-1.7607	1.7607	1.7625	-1.7625	1.7627	-1.7627	1.7681	-1.7681	1.7726	-1.7726	1.7776	-1.7776	1.8097	-1.8097	1.811	-1.811	-1.8383	1.8383	1.841	-1.841	-1.8481	1.8481	1.8552	-1.8552	1.8626	-1.8626	-1.8687	1.8687	1.8773	-1.8773	1.9081	-1.9081	1.9177	-1.9177	1.9203	-1.9203	1.9367	-1.9367	
0	-6.7145e-16	-0.20507	0.20507	-0.23039	0.23039	0.23306	-0.23306	0.28228	-0.28228	-0.28455	0.28455	-0.31961	0.31961	0.32308	-0.32308	0.3249	-0.3249	-0.32873	0.32873	-0.38984	0.38984	0.3948	-0.3948	0.40322	-0.40322	-0.40543	0.40543	-0.42386	0.42386	-0.43105	0.43105	0.46483	-0.46483	0.47757	-0.47757	-0.4958	0.4958	0.50757	-0.50757	-0.52197	0.52197	-0.55963	0.55963	-0.57816	0.57816	0.592	-0.592	0.62613	-0.62613	0.63996	-0.63996	-0.66225	0.66225	0.69334	-0.69334	-0.715	0.715	-0.71968	0.71968	-0.73498	0.73498	-0.75177	0.75177	0.76623	-0.76623	-0.79101	0.79101	-0.83739	0.83739	0.84272	-0.84272	0.84932	-0.84932	-0.88311	0.88311	0.88884	-0.88884	-0.91422	0.91422	-0.93278	0.93278	-0.93781	0.93781	0.97905	-0.97905	-1.0605	1.0605	1.0887	-1.0887	1.0908	-1.0908	-1.1057	1.1057	-1.1125	1.1125	1.1401	-1.1401	1.1506	-1.1506	-1.1679	1.1679	-1.196	1.196	-1.2105	1.2105	1.2146	-1.2146	-1.2722	1.2722	-1.2925	1.2925	-1.3311	1.3311	1.3415	-1.3415	-1.3598	1.3598	-1.3966	1.3966	-1.4346	1.4346	1.4471	-1.4471	1.4812	-1.4812	-1.5231	1.5231	1.5496	-1.5496	1.5571	-1.5571	-1.5772	1.5772	1.582	-1.582	1.5908	-1.5908	-1.5936	1.5936	-1.6426	1.6426	-1.6466	1.6466	-1.6516	1.6516	1.6623	-1.6623	1.6738	-1.6738	-1.6887	1.6887	1.6891	-1.6891	1.697	-1.697	1.7112	-1.7112	1.7124	-1.7124	-1.7281	1.7281	-1.7289	1.7289	-1.7599	1.7599	-1.7601	1.7601	1.7628	-1.7628	1.7676	-1.7676	-1.7727	1.7727	-1.7763	1.7763	-1.8093	1.8093	-1.8114	1.8114	-1.8377	1.8377	1.8383	-1.8383	-1.8482	1.8482	1.855	-1.855	-1.8626	1.8626	-1.8685	1.8685	-1.8773	1.8773	1.9103	-1.9103	-1.9188	1.9188	-1.9203	1.9203	1.9401	-1.9401	
0	0.02	-0.20425	0.20425	-0.22965	0.22965	-0.23172	0.23172	0.28208	-0.28208	-0.28464	0.28464	-0.319	0.319	-0.32024	0.32024	-0.32562	0.32562	-0.32898	0.32898	0.39125	-0.39125	-0.39474	0.39474	-0.39805	0.39805	-0.40533	0.40533	-0.42401	0.42401	-0.43068	0.43068	0.46474	-0.46474	0.47924	-0.47924	-0.49469	0.49469	0.5155	-0.5155	0.52191	-0.52191	0.55971	-0.55971	0.57152	-0.57152	-0.5921	0.5921	0.62988	-0.62988	0.63306	-0.63306	0.66222	-0.66222	0.69312	-0.69312	-0.71506	0.71506	-0.71987	0.71987	0.73502	-0.73502	-0.75354	0.75354	-0.76631	0.76631	0.79101	-0.79101	0.84169	-0.84169	-0.84246	0.84246	0.84931	-0.84931	0.88291	-0.88291	-0.88917	0.88917	-0.91433	0.91433	-0.93279	0.93279	-0.93781	0.93781	-0.97748	0.97748	1.0606	-1.0606	-1.087	1.087	1.0918	-1.0918	1.1011	-1.1011	1.1166	-1.1166	-1.1402	1.1402	1.1506	-1.1506	-1.1679	1.1679	-1.1956	1.1956	-1.2105	1.2105	1.2146	-1.2146	1.2687	-1.2687	-1.2924	1.2924	1.3311	-1.3311	1.3415	-1.3415	1.3599	-1.3599	-1.3966	1.3966	1.4329	-1.4329	-1.4525	1.4525	1.4812	-1.4812	1.5232	-1.5232	-1.5495	1.5495	-1.5587	1.5587	1.578	-1.578	1.5807	-1.5807	1.5908	-1.5908	-1.5958	1.5958	-1.6427	1.6427	-1.6459	1.6459	-1.6516	1.6516	-1.6636	1.6636	-1.673	1.673	-1.683	1.683	-1.689	1.689	-1.6969	1.6969	-1.7112	1.7112	-1.7122	1.7122	-1.7282	1.7282	-1.7289	1.7289	1.7578	-1.7578	1.7593	-1.7593	-1.7621	1.7621	-1.7684	1.7684	1.7718	-1.7718	1.7756	-1.7756	-1.8091	1.8091	1.8104	-1.8104	1.8336	-1.8336	1.8382	-1.8382	-1.8481	1.8481	-1.855	1.855	-1.8625	1.8625	1.8686	-1.8686	-1.8772	1.8772	1.9117	-1.9117	-1.9197	1.9197	1.9203	-1.9203	1.9442	-1.9442	
0	0.04	-0.2024	0.2024	0.22702	-0.22702	-0.22927	0.22927	-0.28052	0.28052	-0.28518	0.28518	-0.31567	0.31567	-0.31794	0.31794	-0.32674	0.32674	-0.32787	0.32787	0.39086	-0.39086	0.392	-0.392	0.39479	-0.39479	-0.405	0.405	-0.42449	0.42449	0.43108	-0.43108	0.4646	-0.4646	0.48173	-0.48173	-0.49459	0.49459	-0.52144	0.52144	0.52182	-0.52182	-0.55996	0.55996	-0.56589	0.56589	0.59184	-0.59184	0.61995	-0.61995	-0.63924	0.63924	-0.66213	0.66213	0.69272	-0.69272	-0.71524	0.71524	-0.72012	0.72012	0.73514	-0.73514	0.75522	-0.75522	-0.76643	0.76643	-0.79101	0.79101	0.84215	-0.84215	-0.8457	0.8457	-0.84927	0.84927	0.88252	-0.88252	0.88943	-0.88943	-0.91461	0.91461	-0.9328	0.9328	0.93781	-0.93781	0.97563	-0.97563	1.0607	-1.0607	-1.0806	1.0806	-1.092	1.092	-1.0944	1.0944	1.1234	-1.1234	-1.1443	1.1443	1.1506	-1.1506	1.1679	-1.1679	-1.1952	1.1952	1.2106	-1.2106	-1.2146	1.2146	-1.2651	1.2651	-1.2922	1.2922	-1.3311	1.3311	1.3415	-1.3415	1.3601	-1.3601	-1.3967	1.3967	1.4312	-1.4312	-1.4578	1.4578	1.4812	-1.4812	-1.5233	1.5233	1.5493	-1.5493	1.5581	-1.5581	1.5739	-1.5739	1.5848	-1.5848	-1.5908	1.5908	-1.5984	1.5984	1.6427	-1.6427	1.6451	-1.6451	-1.6516	1.6516	-1.6625	1.6625	-1.6704	1.6704	1.6779	-1.6779	1.6881	-1.6881	1.6954	-1.6954	1.711	-1.711	1.7115	-1.7115	1.7287	-1.7287	1.7289	-1.7289	-1.7564	1.7564	-1.7583	1.7583	-1.7609	1.7609	1.77	-1.77	1.77	-1.77	-1.7758	1.7758	-1.808	1.808	-1.8093	1.8093	-1.829	1.829	-1.8382	1.8382	-1.8478	1.8478	1.8552	-1.8552	1.8625	-1.8625	1.869	-1.869	-1.8771	1.8771	-1.9127	1.9127	-1.9202	1.9202	-1.9205	1.9205	1.9486	-1.9486	
0	0.06	0.19952	-0.19952	-0.22265	0.22265	-0.22571	0.22571	0.27764	-0.27764	-0.28604	0.28604	-0.30953	0.30953	-0.31681	0.31681	0.32427	-0.32427	-0.32902	0.32902	-0.38468	0.38468	0.38889	-0.38889	0.39509	-0.39509	-0.4045	0.4045	-0.42526	0.42526	-0.43222	0.43222	0.46442	-0.46442	0.48487	-0.48487	0.49553	-0.49553	-0.52149	0.52149	0.52416	-0.52416	-0.56036	0.56036	0.56274	-0.56274	-0.59019	0.59019	0.61119	-0.61119	-0.64463	0.64463	0.66198	-0.66198	0.69215	-0.69215	0.71554	-0.71554	-0.72042	0.72042	0.73534	-0.73534	0.75672	-0.75672	0.7666	-0.7666	-0.79101	0.79101	-0.84181	0.84181	0.84922	-0.84922	0.84942	-0.84942	0.88193	-0.88193	-0.88962	0.88962	0.91504	-0.91504	0.93283	-0.93283	0.9378	-0.9378	-0.97339	0.97339	-1.0608	1.0608	-1.0693	1.0693	-1.0919	1.0919	-1.0929	1.0929	1.1243	-1.1243	-1.1506	1.1506	-1.1535	1.1535	-1.1681	1.1681	-1.1947	1.1947	1.2108	-1.2108	-1.2147	1.2147	1.2617	-1.2617	1.292	-1.292	1.331	-1.331	-1.3414	1.3414	1.3605	-1.3605	1.3968	-1.3968	1.4293	-1.4293	-1.4629	1.4629	-1.4812	1.4812	-1.5236	1.5236	-1.5491	1.5491	1.556	-1.556	-1.5695	1.5695	-1.5886	1.5886	1.5909	-1.5909	-1.6011	1.6011	-1.6428	1.6428	-1.6443	1.6443	1.6516	-1.6516	1.659	-1.659	-1.6661	1.6661	-1.6733	1.6733	-1.6862	1.6862	-1.6927	1.6927	-1.7103	1.7103	1.7107	-1.7107	1.7289	-1.7289	1.7295	-1.7295	1.756	-1.756	-1.7568	1.7568	1.7597	-1.7597	-1.7671	1.7671	1.7718	-1.7718	-1.7767	1.7767	-1.8043	1.8043	-1.8097	1.8097	-1.8241	1.8241	-1.8382	1.8382	-1.8474	1.8474	1.8555	-1.8555	-1.8625	1.8625	1.8696	-1.8696	1.8769	-1.8769	-1.9135	1.9135	1.9203	-1.9203	-1.921	1.921	1.953	-1.953	
0	0.08	-0.19561	0.19561	-0.21675	0.21675	-0.22108	0.22108	0.27348	-0.27348	-0.2871	0.2871	0.30197	-0.30197	-0.31572	0.31572	-0.31968	0.31968	-0.33093	0.33093	0.37666	-0.37666	0.38476	-0.38476	0.3958	-0.3958	-0.40386	0.40386	0.42627	-0.42627	0.43399	-0.43399	0.46422	-0.46422	0.48849	-0.48849	-0.49739	0.49739	-0.52115	0.52115	0.52212	-0.52212	0.5609	-0.5609	0.56337	-0.56337	-0.58499	0.58499	0.60573	-0.60573	0.64918	-0.64918	-0.66177	0.66177	0.69142	-0.69142	0.71596	-0.71596	-0.72078	0.72078	0.73562	-0.73562	-0.75801	0.75801	-0.7668	0.7668	-0.79101	0.79101	0.84145	-0.84145	0.84914	-0.84914	-0.85288	0.85288	0.88118	-0.88118	-0.88973	0.88973	0.91562	-0.91562	0.93286	-0.93286	0.9378	-0.9378	-0.97063	0.97063	-1.0571	1.0571	1.061	-1.061	1.0914	-1.0914	-1.0929	1.0929	1.1224	-1.1224	-1.1506	1.1506	1.1647	-1.1647	-1.1682	1.1682	-1.1939	1.1939	1.2109	-1.2109	1.2148	-1.2148	-1.2586	1.2586	1.2916	-1.2916	-1.331	1.331	1.3413	-1.3413	-1.361	1.361	1.3969	-1.3969	1.4275	-1.4275	-1.4678	1.4678	1.4812	-1.4812	-1.5239	1.5239	-1.5486	1.5486	1.553	-1.553	1.5651	-1.5651	1.5911	-1.5911	-1.5919	1.5919	-1.6038	1.6038	-1.6429	1.6429	1.6435	-1.6435	-1.6516	1.6516	-1.6538	1.6538	-1.6602	1.6602	-1.6686	1.6686	-1.6832	1.6832	-1.6887	1.6887	1.7089	-1.7089	-1.7103	1.7103	1.7289	-1.7289	1.7306	-1.7306	1.7549	-1.7549	1.7565	-1.7565	1.7586	-1.7586	-1.7632	1.7632	1.7738	-1.7738	-1.7782	1.7782	-1.7993	1.7993	1.8104	-1.8104	-1.8192	1.8192	-1.8382	1.8382	1.8468	-1.8468	-1.856	1.856	-1.8625	1.8625	1.8705	-1.8705	1.8767	-1.8767	1.9143	-1.9143	1.9203	-1.9203	1.9212	-1.9212	1.9532	-1.9532	
0	0.1	-0.1907	0.1907	-0.2095	0.2095	-0.21538	0.21538	-0.26808	0.26808	-0.28822	0.28822	0.29314	-0.29314	0.31347	-0.31347	-0.31492	0.31492	-0.33292	0.33292	-0.36775	0.36775	-0.37893	0.37893	-0.39678	0.39678	-0.40313	0.40313	-0.42746	0.42746	0.43625	-0.43625	0.46401	-0.46401	-0.49236	0.49236	0.49999	-0.49999	0.51598	-0.51598	0.52075	-0.52075	-0.56158	0.56158	0.56716	-0.56716	0.57578	-0.57578	0.60412	-0.60412	-0.65284	0.65284	-0.66152	0.66152	0.69054	-0.69054	0.71649	-0.71649	-0.7212	0.7212	-0.73597	0.73597	0.75905	-0.75905	-0.767	0.767	-0.79101	0.79101	-0.84109	0.84109	0.84904	-0.84904	0.85608	-0.85608	0.88026	-0.88026	-0.88978	0.88978	0.91635	-0.91635	-0.93291	0.93291	-0.9378	0.9378	0.96713	-0.96713	-1.0451	1.0451	1.0613	-1.0613	1.0906	-1.0906	-1.0934	1.0934	1.1195	-1.1195	-1.1505	1.1505	-1.1684	1.1684	1.1757	-1.1757	-1.193	1.193	1.211	-1.211	1.2149	-1.2149	-1.2559	1.2559	-1.2911	1.2911	1.3309	-1.3309	1.3412	-1.3412	-1.3616	1.3616	-1.3971	1.3971	1.4255	-1.4255	-1.4725	1.4725	-1.4812	1.4812	-1.5244	1.5244	1.5475	-1.5475	-1.5491	1.5491	-1.5609	1.5609	1.5913	-1.5913	1.5945	-1.5945	-1.6064	1.6064	1.6426	-1.6426	1.6431	-1.6431	1.648	-1.648	-1.6516	1.6516	1.6529	-1.6529	-1.6629	1.6629	-1.6789	1.6789	-1.6835	1.6835	1.7079	-1.7079	-1.7097	1.7097	-1.7289	1.7289	1.7317	-1.7317	-1.7523	1.7523	1.7576	-1.7576	-1.7577	1.7577	1.7585	-1.7585	1.7758	-1.7758	-1.7803	1.7803	-1.7933	1.7933	1.8112	-1.8112	-1.8141	1.8141	1.8382	-1.8382	-1.8461	1.8461	-1.8566	1.8566	1.8625	-1.8625	1.8715	-1.8715	1.8766	-1.8766	-1.915	1.915	1.9204	-1.9204	-1.9214	1.9214	1.9532	-1.9532	
0	0.12	-0.18478	0.18478	0.20108	-0.20108	-0.20867	0.20867	-0.26151	0.26151	-0.28319	0.28319	-0.28933	0.28933	-0.30627	0.30627	-0.31395	0.31395	-0.33493	0.33493	0.35799	-0.35799	0.37161	-0.37161	0.39796	-0.39796	-0.40235	0.40235	-0.42878	0.42878	0.43885	-0.43885	-0.46378	0.46378	0.49619	-0.49619	0.50315	-0.50315	-0.50744	0.50744	-0.52028	0.52028	0.56237	-0.56237	0.56421	-0.56421	0.57284	-0.57284	-0.60446	0.60446	-0.65558	0.65558	-0.66122	0.66122	-0.68952	0.68952	-0.71712	0.71712	-0.72166	0.72166	0.73638	-0.73638	0.75982	-0.75982	-0.76714	0.76714	-0.79101	0.79101	-0.84075	0.84075	-0.84891	0.84891	-0.85904	0.85904	-0.87921	0.87921	0.88976	-0.88976	0.91721	-0.91721	0.93296	-0.93296	-0.9378	0.9378	-0.96266	0.96266	1.034	-1.034	1.0616	-1.0616	1.0896	-1.0896	1.0942	-1.0942	1.1162	-1.1162	-1.1505	1.1505	1.1687	-1.1687	1.1837	-1.1837	1.1941	-1.1941	-1.2111	1.2111	-1.215	1.215	1.2536	-1.2536	1.2905	-1.2905	-1.3308	1.3308	-1.3411	1.3411	1.3624	-1.3624	-1.3973	1.3973	-1.4234	1.4234	-1.477	1.477	1.4812	-1.4812	-1.5249	1.5249	-1.5445	1.5445	-1.5454	1.5454	1.5577	-1.5577	-1.5915	1.5915	-1.5967	1.5967	-1.6085	1.6085	-1.6418	1.6418	1.6418	-1.6418	1.6431	-1.6431	1.6447	-1.6447	-1.6516	1.6516	-1.6561	1.6561	-1.6732	1.6732	1.6771	-1.6771	1.7074	-1.7074	1.7088	-1.7088	1.7289	-1.7289	-1.7328	1.7328	1.7489	-1.7489	-1.7525	1.7525	1.7567	-1.7567	1.7598	-1.7598	-1.7779	1.7779	1.7826	-1.7826	-1.787	1.787	-1.8089	1.8089	1.8123	-1.8123	1.8381	-1.8381	-1.8454	1.8454	-1.8574	1.8574	1.8626	-1.8626	1.8728	-1.8728	-1.8763	1.8763	1.9157	-1.9157	-1.9205	1.9205	-1.9215	1.9215	-1.9532	1.9532	
0	0.14	-0.17788	0.17788	-0.19159	0.19159	0.20095	-0.20095	-0.25383	0.25383	-0.27223	0.27223	0.29037	-0.29037	0.29782	-0.29782	0.31316	-0.31316	-0.33692	0.33692	-0.34741	0.34741	0.36299	-0.36299	-0.39927	0.39927	-0.40155	0.40155	0.43018	-0.43018	-0.44169	0.44169	-0.46354	0.46354	0.49613	-0.49613	-0.50103	0.50103	-0.50669	0.50669	-0.51976	0.51976	0.55209	-0.55209	-0.56326	0.56326	0.57891	-0.57891	-0.60562	0.60562	-0.65731	0.65731	-0.66087	0.66087	0.68837	-0.68837	-0.71784	0.71784	0.72217	-0.72217	-0.73686	0.73686	0.76034	-0.76034	0.76713	-0.76713	0.79101	-0.79101	0.84046	-0.84046	0.84877	-0.84877	-0.86178	0.86178	-0.87804	0.87804	0.88967	-0.88967	0.91819	-0.91819	-0.93302	0.93302	0.9378	-0.9378	0.95696	-0.95696	1.0242	-1.0242	-1.0619	1.0619	-1.0884	1.0884	1.0952	-1.0952	-1.1126	1.1126	-1.1505	1.1505	-1.169	1.169	-1.1842	1.1842	1.2014	-1.2014	1.2111	-1.2111	1.2152	-1.2152	1.252	-1.252	-1.2899	1.2899	1.3307	-1.3307	1.3409	-1.3409	1.3633	-1.3633	-1.3976	1.3976	-1.4212	1.4212	-1.4811	1.4811	1.4813	-1.4813	1.5255	-1.5255	-1.5392	1.5392	1.5417	-1.5417	1.5557	-1.5557	-1.5917	1.5917	-1.5984	1.5984	-1.6101	1.6101	1.635	-1.635	-1.6357	1.6357	1.6408	-1.6408	-1.6436	1.6436	-1.6482	1.6482	1.6516	-1.6516	1.666	-1.666	1.6696	-1.6696	-1.7066	1.7066	1.7084	-1.7084	1.729	-1.729	-1.7338	1.7338	-1.7447	1.7447	-1.7458	1.7458	1.7559	-1.7559	-1.7622	1.7622	-1.7799	1.7799	1.7805	-1.7805	-1.7851	1.7851	-1.8035	1.8035	1.8135	-1.8135	1.8381	-1.8381	1.8446	-1.8446	-1.8582	1.8582	1.8626	-1.8626	-1.8741	1.8741	1.8761	-1.8761	1.9163	-1.9163	-1.9206	1.9206	-1.9215	1.9215	1.9532	-1.9532	
0	0.16	-0.17	0.17	-0.18114	0.18114	-0.19226	0.19226	-0.2451	0.2451	0.26034	-0.26034	-0.28832	0.28832	-0.29134	0.29134	-0.31248	0.31248	0.33607	-0.33607	-0.33884	0.33884	0.35324	-0.35324	-0.40066	0.40066	-0.40075	0.40075	-0.43164	0.43164	-0.44466	0.44466	0.46329	-0.46329	-0.48547	0.48547	0.50328	-0.50328	-0.51047	0.51047	-0.51921	0.51921	-0.54009	0.54009	-0.56422	0.56422	0.5852	-0.5852	-0.60717	0.60717	-0.65798	0.65798	-0.6605	0.6605	0.68712	-0.68712	-0.71864	0.71864	-0.72272	0.72272	0.73739	-0.73739	-0.76063	0.76063	0.76687	-0.76687	-0.791	0.791	0.84023	-0.84023	0.84861	-0.84861	-0.8643	0.8643	0.87678	-0.87678	-0.88952	0.88952	-0.91928	0.91928	-0.93309	0.93309	-0.93779	0.93779	-0.94989	0.94989	1.0159	-1.0159	1.0623	-1.0623	1.0869	-1.0869	-1.0964	1.0964	1.1088	-1.1088	1.1505	-1.1505	1.1694	-1.1694	-1.181	1.181	1.2108	-1.2108	-1.2111	1.2111	1.2154	-1.2154	1.2509	-1.2509	1.2891	-1.2891	-1.3306	1.3306	-1.3408	1.3408	-1.3643	1.3643	1.3979	-1.3979	-1.4189	1.4189	1.4811	-1.4811	-1.4853	1.4853	-1.5261	1.5261	1.5331	-1.5331	-1.5367	1.5367	1.5549	-1.5549	-1.592	1.592	1.5997	-1.5997	1.6112	-1.6112	-1.6246	1.6246	1.6296	-1.6296	-1.6393	1.6393	1.6397	-1.6397	1.6438	-1.6438	-1.6515	1.6515	-1.6578	1.6578	-1.6611	1.6611	1.7043	-1.7043	-1.7092	1.7092	1.729	-1.729	1.7347	-1.7347	1.738	-1.738	-1.7397	1.7397	1.7552	-1.7552	1.765	-1.765	1.774	-1.774	1.7819	-1.7819	1.7877	-1.7877	-1.7982	1.7982	1.8147	-1.8147	-1.838	1.838	-1.8438	1.8438	-1.8591	1.8591	-1.8628	1.8628	1.8754	-1.8754	1.8759	-1.8759	1.9169	-1.9169	1.9207	-1.9207	-1.9216	1.9216	1.9532	-1.9532	
0	0.18	-0.16117	0.16117	-0.1698	0.1698	-0.18263	0.18263	-0.23538	0.23538	0.24759	-0.24759	0.27786	-0.27786	-0.2922	0.2922	-0.31188	0.31188	0.32397	-0.32397	-0.34069	0.34069	-0.34246	0.34246	-0.39996	0.39996	0.40209	-0.40209	0.43313	-0.43313	0.44765	-0.44765	-0.46304	0.46304	0.47347	-0.47347	0.50323	-0.50323	-0.51437	0.51437	-0.51863	0.51863	-0.53025	0.53025	-0.56524	0.56524	0.59146	-0.59146	0.60897	-0.60897	0.6575	-0.6575	0.66009	-0.66009	0.68577	-0.68577	0.71952	-0.71952	-0.7233	0.7233	-0.73797	0.73797	-0.76066	0.76066	-0.76632	0.76632	-0.791	0.791	-0.84008	0.84008	-0.84844	0.84844	0.8666	-0.8666	-0.87545	0.87545	-0.88931	0.88931	0.92048	-0.92048	-0.93317	0.93317	0.93779	-0.93779	0.94151	-0.94151	1.0093	-1.0093	1.0628	-1.0628	-1.0852	1.0852	-1.0977	1.0977	1.105	-1.105	1.1505	-1.1505	-1.1697	1.1697	1.1766	-1.1766	1.2109	-1.2109	-1.2156	1.2156	1.2196	-1.2196	-1.2504	1.2504	1.2883	-1.2883	1.3304	-1.3304	-1.3406	1.3406	1.3654	-1.3654	1.3982	-1.3982	1.4165	-1.4165	-1.4811	1.4811	1.4889	-1.4889	-1.5263	1.5263	1.5268	-1.5268	1.531	-1.531	1.5546	-1.5546	-1.5923	1.5923	1.6004	-1.6004	1.6119	-1.6119	1.6132	-1.6132	-1.6234	1.6234	1.6298	-1.6298	1.6382	-1.6382	-1.6439	1.6439	-1.649	1.649	1.6503	-1.6503	1.6527	-1.6527	-1.7004	1.7004	1.7106	-1.7106	1.7291	-1.7291	1.7293	-1.7293	-1.7345	1.7345	1.7356	-1.7356	1.7546	-1.7546	-1.7673	1.7673	-1.7679	1.7679	1.7838	-1.7838	-1.7903	1.7903	-1.7933	1.7933	-1.816	1.816	1.838	-1.838	-1.8431	1.8431	-1.8598	1.8598	-1.8632	1.8632	-1.8756	1.8756	-1.8768	1.8768	-1.9173	1.9173	-1.9208	1.9208	-1.9218	1.9218	-1.9532	1.9532	
0	0.2	-0.1514	0.1514	-0.15763	0.15763	0.17211	-0.17211	0.2247	-0.2247	-0.23407	0.23407	0.26649	-0.26649	-0.29298	0.29298	0.31117	-0.31117	-0.31134	0.31134	0.33074	-0.33074	-0.34244	0.34244	-0.3992	0.3992	-0.40352	0.40352	0.43462	-0.43462	0.45046	-0.45046	0.46085	-0.46085	0.46278	-0.46278	0.49682	-0.49682	-0.51803	0.51803	-0.51832	0.51832	0.5262	-0.5262	0.5663	-0.5663	0.59759	-0.59759	0.61091	-0.61091	-0.65577	0.65577	-0.65966	0.65966	0.68433	-0.68433	0.72045	-0.72045	-0.72391	0.72391	-0.7386	0.7386	0.76033	-0.76033	-0.76552	0.76552	-0.791	0.791	0.84	-0.84	0.84825	-0.84825	0.8687	-0.8687	-0.8741	0.8741	-0.88905	0.88905	0.92175	-0.92175	0.93214	-0.93214	0.93325	-0.93325	-0.93779	0.93779	1.0042	-1.0042	-1.0633	1.0633	-1.0833	1.0833	-1.0991	1.0991	1.1011	-1.1011	1.1504	-1.1504	-1.1702	1.1702	-1.1714	1.1714	1.2107	-1.2107	1.2158	-1.2158	1.2274	-1.2274	-1.2505	1.2505	1.2874	-1.2874	1.3303	-1.3303	1.3404	-1.3404	1.3667	-1.3667	-1.3986	1.3986	1.4142	-1.4142	-1.4811	1.4811	-1.492	1.492	1.5191	-1.5191	-1.5249	1.5249	-1.5276	1.5276	1.5547	-1.5547	-1.5927	1.5927	-1.6005	1.6005	-1.6011	1.6011	-1.6122	1.6122	-1.6156	1.6156	1.6212	-1.6212	-1.6346	1.6346	1.6408	-1.6408	-1.6408	1.6408	1.6448	-1.6448	1.6517	-1.6517	-1.6944	1.6944	1.7124	-1.7124	1.7197	-1.7197	-1.7292	1.7292	-1.73	1.73	1.7364	-1.7364	1.754	-1.754	-1.76	1.76	1.7708	-1.7708	-1.7856	1.7856	-1.789	1.789	-1.7929	1.7929	1.8172	-1.8172	1.8379	-1.8379	-1.8424	1.8424	1.8602	-1.8602	-1.864	1.864	1.8754	-1.8754	1.8783	-1.8783	-1.9175	1.9175	-1.921	1.921	-1.9222	1.9222	-1.9532	1.9532	
0	0.22	-0.14072	0.14072	0.14467	-0.14467	-0.16072	0.16072	0.21311	-0.21311	-0.2198	0.2198	-0.25427	0.25427	-0.29367	0.29367	0.29769	-0.29769	-0.31087	0.31087	0.31815	-0.31815	-0.34409	0.34409	-0.39847	0.39847	-0.40494	0.40494	0.4361	-0.4361	-0.44634	0.44634	-0.45443	0.45443	0.46252	-0.46252	0.48462	-0.48462	-0.51742	0.51742	-0.52225	0.52225	0.52729	-0.52729	0.56739	-0.56739	0.60353	-0.60353	0.61296	-0.61296	0.65269	-0.65269	-0.65922	0.65922	-0.68284	0.68284	0.72144	-0.72144	0.72453	-0.72453	-0.73926	0.73926	0.75939	-0.75939	-0.76467	0.76467	-0.791	0.791	-0.84	0.84	0.84805	-0.84805	-0.87059	0.87059	-0.87274	0.87274	0.88874	-0.88874	0.92222	-0.92222	-0.92311	0.92311	0.93334	-0.93334	0.93779	-0.93779	1.0002	-1.0002	-1.0638	1.0638	-1.0812	1.0812	1.0972	-1.0972	1.1006	-1.1006	-1.1504	1.1504	1.1654	-1.1654	-1.1706	1.1706	1.2104	-1.2104	-1.2161	1.2161	1.2337	-1.2337	1.2514	-1.2514	-1.2864	1.2864	-1.3301	1.3301	1.3402	-1.3402	1.368	-1.368	1.3989	-1.3989	-1.4119	1.4119	-1.481	1.481	-1.4936	1.4936	-1.5123	1.5123	1.5187	-1.5187	1.5284	-1.5284	-1.5549	1.5549	1.5881	-1.5881	-1.593	1.593	1.5998	-1.5998	1.6048	-1.6048	-1.6117	1.6117	1.615	-1.615	1.6261	-1.6261	1.6294	-1.6294	-1.6382	1.6382	-1.6449	1.6449	1.6517	-1.6517	1.6861	-1.6861	-1.7092	1.7092	-1.7144	1.7144	1.7265	-1.7265	1.7292	-1.7292	1.737	-1.737	-1.7519	1.7519	1.7536	-1.7536	-1.7738	1.7738	-1.7856	1.7856	-1.7873	1.7873	1.7955	-1.7955	-1.8185	1.8185	1.8379	-1.8379	-1.8417	1.8417	-1.8604	1.8604	1.8651	-1.8651	1.8751	-1.8751	-1.8797	1.8797	-1.9174	1.9174	1.9211	-1.9211	1.9227	-1.9227	1.9532	-1.9532	
0	0.24	-0.12915	0.12915	-0.13098	0.13098	-0.14851	0.14851	0.20063	-0.20063	-0.20484	0.20484	-0.24123	0.24123	-0.28358	0.28358	-0.29429	0.29429	0.30475	-0.30475	-0.31045	0.31045	0.34564	-0.34564	0.39777	-0.39777	0.40632	-0.40632	0.43248	-0.43248	-0.43755	0.43755	0.45702	-0.45702	0.46225	-0.46225	-0.46985	0.46985	-0.51681	0.51681	-0.52611	0.52611	0.53032	-0.53032	0.56851	-0.56851	0.60925	-0.60925	-0.61508	0.61508	-0.64816	0.64816	0.65876	-0.65876	-0.68129	0.68129	-0.72246	0.72246	0.72518	-0.72518	0.73995	-0.73995	0.75753	-0.75753	-0.76404	0.76404	0.79099	-0.79099	-0.84004	0.84004	-0.84785	0.84785	-0.87141	0.87141	-0.87229	0.87229	-0.88838	0.88838	-0.9122	0.9122	-0.92452	0.92452	-0.93343	0.93343	0.93779	-0.93779	-0.99721	0.99721	-1.0643	1.0643	-1.0788	1.0788	1.0933	-1.0933	1.1021	-1.1021	-1.1504	1.1504	-1.1588	1.1588	-1.1711	1.1711	1.21	-1.21	1.2163	-1.2163	1.2381	-1.2381	1.253	-1.253	1.2854	-1.2854	-1.33	1.33	1.3399	-1.3399	1.3695	-1.3695	-1.3993	1.3993	-1.41	1.41	1.481	-1.481	1.4913	-1.4913	-1.5084	1.5084	-1.5125	1.5125	-1.5291	1.5291	-1.5553	1.5553	1.5744	-1.5744	1.5924	-1.5924	-1.5935	1.5935	-1.5973	1.5973	-1.6093	1.6093	1.6099	-1.6099	-1.6172	1.6172	1.6179	-1.6179	-1.637	1.637	1.6452	-1.6452	1.6516	-1.6516	-1.676	1.676	-1.6977	1.6977	1.7165	-1.7165	1.7238	-1.7238	-1.7293	1.7293	1.7377	-1.7377	1.743	-1.743	-1.7531	1.7531	-1.7767	1.7767	-1.7829	1.7829	1.7888	-1.7888	1.798	-1.798	1.8197	-1.8197	-1.8378	1.8378	-1.841	1.841	-1.8605	1.8605	1.8664	-1.8664	1.8748	-1.8748	1.8811	-1.8811	-1.9172	1.9172	-1.9213	1.9213	1.9234	-1.9234	1.9532	-1.9532	
0	0.26	-0.11658	0.11658	-0.11672	0.11672	0.13552	-0.13552	-0.18731	0.18731	0.18923	-0.18923	0.22739	-0.22739	0.26887	-0.26887	-0.29057	0.29057	-0.29484	0.29484	-0.31007	0.31007	-0.34708	0.34708	0.39711	-0.39711	-0.40766	0.40766	-0.41766	0.41766	-0.43897	0.43897	-0.4538	0.4538	0.45983	-0.45983	-0.46199	0.46199	-0.51621	0.51621	-0.52989	0.52989	0.53396	-0.53396	0.56963	-0.56963	-0.61473	0.61473	0.61728	-0.61728	-0.64209	0.64209	0.6583	-0.6583	-0.67971	0.67971	0.72351	-0.72351	0.72583	-0.72583	-0.74067	0.74067	-0.75468	0.75468	-0.76368	0.76368	-0.79099	0.79099	-0.84009	0.84009	-0.84763	0.84763	-0.87012	0.87012	0.87379	-0.87379	-0.88798	0.88798	-0.90248	0.90248	-0.92598	0.92598	0.93354	-0.93354	0.93779	-0.93779	0.99482	-0.99482	1.0649	-1.0649	-1.0763	1.0763	1.0895	-1.0895	1.1038	-1.1038	1.1503	-1.1503	-1.1517	1.1517	1.1716	-1.1716	-1.2095	1.2095	-1.2166	1.2166	-1.2403	1.2403	-1.2553	1.2553	1.2843	-1.2843	-1.3298	1.3298	1.3397	-1.3397	1.3711	-1.3711	1.3998	-1.3998	-1.4085	1.4085	1.481	-1.481	-1.4835	1.4835	-1.5064	1.5064	1.5087	-1.5087	-1.5296	1.5296	-1.5557	1.5557	1.56	-1.56	-1.5793	1.5793	-1.5908	1.5908	-1.5938	1.5938	-1.6041	1.6041	-1.6046	1.6046	1.6053	-1.6053	1.6136	-1.6136	-1.6363	1.6363	-1.6456	1.6456	1.6516	-1.6516	1.6646	-1.6646	1.6854	-1.6854	1.7186	-1.7186	-1.7212	1.7212	-1.7294	1.7294	-1.7339	1.7339	1.7382	-1.7382	1.7527	-1.7527	1.7795	-1.7795	-1.7809	1.7809	1.7903	-1.7903	-1.8005	1.8005	-1.8209	1.8209	1.8378	-1.8378	1.8404	-1.8404	-1.8604	1.8604	-1.8678	1.8678	-1.8746	1.8746	1.8825	-1.8825	1.9169	-1.9169	-1.9215	1.9215	-1.9242	1.9242	1.9532	-1.9532	
0	0.28	-0.10151	0.10151	-0.10346	0.10346	0.12181	-0.12181	-0.17302	0.17302	-0.17316	0.17316	0.21279	-0.21279	-0.25362	0.25362	-0.27563	0.27563	-0.29533	0.29533	-0.30974	0.30974	0.34842	-0.34842	0.39649	-0.39649	-0.40217	0.40217	0.40895	-0.40895	-0.43692	0.43692	0.44035	-0.44035	-0.46173	0.46173	0.46257	-0.46257	0.51561	-0.51561	0.53356	-0.53356	-0.53777	0.53777	-0.57075	0.57075	0.61915	-0.61915	-0.62032	0.62032	0.63438	-0.63438	-0.65783	0.65783	-0.67811	0.67811	0.72459	-0.72459	-0.72648	0.72648	-0.74141	0.74141	0.75097	-0.75097	-0.7635	0.7635	0.79099	-0.79099	-0.84008	0.84008	0.84742	-0.84742	0.86887	-0.86887	-0.8751	0.8751	-0.88755	0.88755	0.89341	-0.89341	-0.92747	0.92747	0.93365	-0.93365	-0.93779	0.93779	-0.99292	0.99292	1.0656	-1.0656	-1.0735	1.0735	-1.0857	1.0857	-1.1055	1.1055	-1.1441	1.1441	-1.1503	1.1503	1.1722	-1.1722	1.209	-1.209	-1.2169	1.2169	-1.2406	1.2406	1.2576	-1.2576	1.2832	-1.2832	1.3296	-1.3296	-1.3395	1.3395	-1.3727	1.3727	1.4002	-1.4002	1.4076	-1.4076	1.473	-1.473	1.4809	-1.4809	-1.5005	1.5005	1.5108	-1.5108	-1.5297	1.5297	1.5449	-1.5449	-1.5561	1.5561	1.5657	-1.5657	-1.5793	1.5793	1.5901	-1.5901	-1.5945	1.5945	1.6009	-1.6009	-1.6013	1.6013	-1.6103	1.6103	1.6361	-1.6361	1.646	-1.646	-1.6516	1.6516	-1.6526	1.6526	1.6722	-1.6722	-1.7159	1.7159	-1.7208	1.7208	1.7271	-1.7271	-1.7295	1.7295	1.7387	-1.7387	1.7524	-1.7524	1.7793	-1.7793	1.7822	-1.7822	1.7917	-1.7917	-1.8029	1.8029	1.8221	-1.8221	-1.8377	1.8377	1.8397	-1.8397	1.8603	-1.8603	-1.8694	1.8694	1.8743	-1.8743	-1.8838	1.8838	-1.9164	1.9164	1.9216	-1.9216	-1.9251	1.9251	1.9532	-1.9532	
0	0.3	0.085785	-0.085785	-0.089429	0.089429	0.10743	-0.10743	0.15624	-0.15624	-0.15821	0.15821	-0.19745	0.19745	-0.23789	0.23789	0.25996	-0.25996	-0.29577	0.29577	-0.30944	0.30944	-0.34966	0.34966	-0.38603	0.38603	-0.3959	0.3959	-0.41017	0.41017	0.41938	-0.41938	-0.44168	0.44168	-0.46147	0.46147	-0.46523	0.46523	0.51503	-0.51503	-0.53711	0.53711	-0.5416	0.5416	0.57186	-0.57186	-0.62148	0.62148	-0.62498	0.62498	0.62524	-0.62524	-0.65736	0.65736	-0.6765	0.6765	0.72567	-0.72567	-0.72714	0.72714	-0.74215	0.74215	-0.74649	0.74649	-0.7634	0.7634	-0.79098	0.79098	-0.83996	0.83996	-0.84719	0.84719	0.86755	-0.86755	0.87621	-0.87621	0.88533	-0.88533	0.88708	-0.88708	-0.92899	0.92899	0.93377	-0.93377	0.93779	-0.93779	0.99136	-0.99136	-1.0662	1.0662	1.0704	-1.0704	1.0819	-1.0819	-1.1072	1.1072	1.1362	-1.1362	1.1503	-1.1503	1.1727	-1.1727	-1.2083	1.2083	1.2172	-1.2172	1.2394	-1.2394	-1.2596	1.2596	1.282	-1.282	1.3294	-1.3294	1.3392	-1.3392	-1.3743	1.3743	-1.4007	1.4007	-1.4075	1.4075	1.4609	-1.4609	-1.4809	1.4809	1.4948	-1.4948	-1.5134	1.5134	-1.5286	1.5286	-1.5292	1.5292	-1.5522	1.5522	1.5567	-1.5567	-1.5653	1.5653	-1.5759	1.5759	-1.5949	1.5949	-1.5969	1.5969	-1.5982	1.5982	-1.6058	1.6058	-1.6364	1.6364	1.641	-1.641	1.6464	-1.6464	1.6515	-1.6515	-1.6583	1.6583	1.7066	-1.7066	1.7227	-1.7227	1.7244	-1.7244	1.7296	-1.7296	1.7391	-1.7391	1.7521	-1.7521	1.7781	-1.7781	1.7848	-1.7848	-1.7929	1.7929	-1.8052	1.8052	-1.8231	1.8231	-1.8377	1.8377	-1.8392	1.8392	-1.8601	1.8601	-1.871	1.871	1.8741	-1.8741	-1.8851	1.8851	1.9158	-1.9158	1.9218	-1.9218	-1.9261	1.9261	1.9532	-1.9532	
0	0.32	-0.069445	0.069445	-0.074687	0.074687	-0.092496	0.092496	0.13896	-0.13896	-0.14249	0.14249	-0.18137	0.18137	-0.22177	0.22177	-0.24359	0.24359	0.29616	-0.29616	-0.30917	0.30917	0.35081	-0.35081	-0.36927	0.36927	-0.39534	0.39534	0.40124	-0.40124	0.41134	-0.41134	-0.44295	0.44295	0.46121	-0.46121	0.46778	-0.46778	0.51446	-0.51446	-0.54053	0.54053	0.54537	-0.54537	0.57295	-0.57295	0.61388	-0.61388	-0.62367	0.62367	-0.63008	0.63008	-0.65689	0.65689	-0.67489	0.67489	0.72677	-0.72677	-0.72778	0.72778	0.7413	-0.7413	-0.74293	0.74293	-0.76335	0.76335	-0.79098	0.79098	-0.83966	0.83966	0.84696	-0.84696	0.86583	-0.86583	-0.87711	0.87711	-0.87873	0.87873	-0.88659	0.88659	0.93049	-0.93049	-0.93391	0.93391	-0.9378	0.9378	-0.99006	0.99006	1.0668	-1.0668	1.0671	-1.0671	1.0783	-1.0783	-1.109	1.109	-1.1281	1.1281	-1.1502	1.1502	-1.1733	1.1733	1.2076	-1.2076	-1.2175	1.2175	1.2364	-1.2364	1.2612	-1.2612	-1.2808	1.2808	1.3292	-1.3292	-1.3389	1.3389	-1.376	1.376	-1.4011	1.4011	-1.4084	1.4084	1.4476	-1.4476	1.4809	-1.4809	-1.4894	1.4894	-1.5129	1.5129	-1.5161	1.5161	-1.5235	1.5235	1.5415	-1.5415	-1.5501	1.5501	-1.5571	1.5571	-1.5615	1.5615	-1.5928	1.5928	1.5931	-1.5931	-1.5953	1.5953	1.6009	-1.6009	1.6305	-1.6305	-1.6371	1.6371	1.6435	-1.6435	-1.6469	1.6469	1.6515	-1.6515	1.6955	-1.6955	-1.7231	1.7231	-1.7247	1.7247	1.7298	-1.7298	-1.7395	1.7395	-1.7518	1.7518	-1.7772	1.7772	1.7873	-1.7873	1.7941	-1.7941	1.8075	-1.8075	-1.8242	1.8242	1.8376	-1.8376	1.8386	-1.8386	1.8599	-1.8599	1.8726	-1.8726	1.8738	-1.8738	-1.8864	1.8864	-1.9152	1.9152	1.922	-1.922	-1.9271	1.9271	-1.9533	1.9533	
0	0.34	0.052511	-0.052511	-0.059351	0.059351	-0.077132	0.077132	-0.12128	0.12128	0.12601	-0.12601	0.16457	-0.16457	-0.20537	0.20537	0.22652	-0.22652	-0.29651	0.29651	-0.30892	0.30892	-0.35184	0.35184	0.35192	-0.35192	-0.38255	0.38255	-0.39482	0.39482	-0.41245	0.41245	-0.44417	0.44417	0.46096	-0.46096	0.47022	-0.47022	-0.51391	0.51391	-0.5438	0.5438	0.54903	-0.54903	-0.57402	0.57402	0.60112	-0.60112	-0.62582	0.62582	0.63472	-0.63472	0.65642	-0.65642	0.67329	-0.67329	0.72786	-0.72786	-0.7284	0.7284	0.73553	-0.73553	0.74368	-0.74368	-0.76332	0.76332	-0.79097	0.79097	0.83913	-0.83913	-0.84671	0.84671	0.86305	-0.86305	0.87438	-0.87438	0.87781	-0.87781	-0.88608	0.88608	-0.93194	0.93194	0.93412	-0.93412	0.93781	-0.93781	-0.98897	0.98897	1.0634	-1.0634	-1.0675	1.0675	1.0747	-1.0747	1.1107	-1.1107	1.1198	-1.1198	1.1502	-1.1502	1.1739	-1.1739	1.2068	-1.2068	-1.2178	1.2178	-1.2315	1.2315	1.2625	-1.2625	1.2795	-1.2795	1.329	-1.329	1.3387	-1.3387	1.3776	-1.3776	1.4016	-1.4016	-1.4103	1.4103	-1.4334	1.4334	1.4808	-1.4808	-1.4842	1.4842	1.4959	-1.4959	1.5117	-1.5117	-1.5187	1.5187	1.5338	-1.5338	1.5339	-1.5339	1.5493	-1.5493	1.5576	-1.5576	-1.5822	1.5822	1.5896	-1.5896	1.5958	-1.5958	1.5978	-1.5978	1.6212	-1.6212	-1.628	1.628	-1.6382	1.6382	1.6473	-1.6473	1.6515	-1.6515	1.6843	-1.6843	-1.7227	1.7227	1.7265	-1.7265	1.7299	-1.7299	-1.7399	1.7399	-1.7515	1.7515	1.7764	-1.7764	-1.7896	1.7896	1.7952	-1.7952	-1.8097	1.8097	-1.8251	1.8251	1.8375	-1.8375	-1.8381	1.8381	-1.8597	1.8597	-1.8736	1.8736	1.8742	-1.8742	-1.8876	1.8876	-1.9145	1.9145	1.9222	-1.9222	1.9282	-1.9282	1.9533	-1.9533	
0	0.36	-0.035005	0.035005	-0.043647	0.043647	0.061585	-0.061585	-0.10333	0.10333	-0.1088	0.1088	0.14708	-0.14708	0.18887	-0.18887	-0.20877	0.20877	0.29683	-0.29683	-0.3087	0.3087	0.33389	-0.33389	-0.35285	0.35285	-0.36337	0.36337	0.39433	-0.39433	0.41349	-0.41349	-0.44534	0.44534	-0.46072	0.46072	0.47256	-0.47256	-0.51338	0.51338	0.54692	-0.54692	-0.55257	0.55257	0.57506	-0.57506	-0.58677	0.58677	-0.62794	0.62794	0.63916	-0.63916	-0.65597	0.65597	0.67171	-0.67171	-0.72831	0.72831	-0.72894	0.72894	-0.72983	0.72983	0.74444	-0.74444	0.7633	-0.7633	-0.79097	0.79097	-0.83833	0.83833	0.84643	-0.84643	-0.85908	0.85908	-0.8724	0.8724	-0.8783	0.8783	-0.88554	0.88554	-0.93315	0.93315	-0.93455	0.93455	-0.93784	0.93784	-0.98803	0.98803	-1.0592	1.0592	-1.0682	1.0682	1.0713	-1.0713	-1.1114	1.1114	-1.1125	1.1125	-1.1502	1.1502	-1.1745	1.1745	-1.206	1.206	1.2181	-1.2181	-1.2247	1.2247	-1.2636	1.2636	1.2783	-1.2783	1.3288	-1.3288	1.3384	-1.3384	-1.3791	1.3791	-1.4021	1.4021	-1.4131	1.4131	1.4182	-1.4182	1.4784	-1.4784	1.4794	-1.4794	1.4808	-1.4808	-1.4961	1.4961	1.5167	-1.5167	-1.5213	1.5213	-1.5216	1.5216	1.544	-1.544	1.5579	-1.5579	1.568	-1.568	1.5863	-1.5863	1.5956	-1.5956	-1.5964	1.5964	-1.6118	1.6118	1.6121	-1.6121	-1.6395	1.6395	-1.6478	1.6478	1.6515	-1.6515	-1.6736	1.6736	1.7224	-1.7224	-1.7281	1.7281	-1.73	1.73	1.7402	-1.7402	-1.7513	1.7513	1.7758	-1.7758	-1.7918	1.7918	-1.7962	1.7962	1.8118	-1.8118	-1.8261	1.8261	-1.8375	1.8375	-1.8376	1.8376	1.8595	-1.8595	-1.8734	1.8734	-1.8758	1.8758	1.8887	-1.8887	1.9138	-1.9138	1.9224	-1.9224	1.9293	-1.9293	1.9533	-1.9533	
0	0.38	0.016951	-0.016951	-0.028132	0.028132	-0.046382	0.046382	0.085415	-0.085415	0.09088	-0.09088	0.12891	-0.12891	0.17253	-0.17253	0.19037	-0.19037	-0.29712	0.29712	-0.3085	0.3085	0.3153	-0.3153	-0.3437	0.3437	0.35376	-0.35376	-0.39387	0.39387	0.41448	-0.41448	-0.44644	0.44644	0.46048	-0.46048	0.47478	-0.47478	-0.51286	0.51286	-0.54984	0.54984	0.55598	-0.55598	0.57098	-0.57098	-0.57608	0.57608	0.63002	-0.63002	0.6434	-0.6434	0.65552	-0.65552	0.67017	-0.67017	-0.72194	0.72194	0.72981	-0.72981	0.73001	-0.73001	0.74519	-0.74519	0.76328	-0.76328	-0.79097	0.79097	0.83725	-0.83725	0.84612	-0.84612	0.8548	-0.8548	-0.87188	0.87188	0.87857	-0.87857	0.88497	-0.88497	0.93376	-0.93376	0.93553	-0.93553	0.93791	-0.93791	0.98722	-0.98722	1.0545	-1.0545	1.068	-1.068	1.0689	-1.0689	1.1031	-1.1031	1.1142	-1.1142	-1.1501	1.1501	-1.1751	1.1751	-1.2051	1.2051	1.216	-1.216	-1.2185	1.2185	-1.2646	1.2646	1.2769	-1.2769	-1.3285	1.3285	1.3381	-1.3381	-1.3806	1.3806	1.4022	-1.4022	-1.4026	1.4026	-1.4165	1.4165	1.4604	-1.4604	-1.4744	1.4744	1.4796	-1.4796	-1.4807	1.4807	1.4988	-1.4988	-1.5052	1.5052	1.5236	-1.5236	-1.5431	1.5431	1.5517	-1.5517	1.5577	-1.5577	1.5831	-1.5831	-1.5936	1.5936	1.5955	-1.5955	-1.5969	1.5969	1.6021	-1.6021	1.6409	-1.6409	-1.6482	1.6482	1.6515	-1.6515	1.6641	-1.6641	-1.7223	1.7223	-1.7296	1.7296	1.7302	-1.7302	1.7405	-1.7405	1.7511	-1.7511	-1.7753	1.7753	1.7939	-1.7939	-1.7971	1.7971	-1.8138	1.8138	1.8269	-1.8269	1.8372	-1.8372	-1.8374	1.8374	-1.8593	1.8593	1.8731	-1.8731	-1.8775	1.8775	-1.8898	1.8898	1.913	-1.913	-1.9226	1.9226	1.9304	-1.9304	1.9533	-1.9533	
0	0.4	0.0016288	-0.0016288	-0.01459	0.01459	-0.033043	0.033043	-0.068214	0.068214	-0.072271	0.072271	0.11007	-0.11007	0.15681	-0.15681	0.17131	-0.17131	0.29612	-0.29612	-0.29738	0.29738	-0.30832	0.30832	-0.3236	0.3236	0.3546	-0.3546	0.39344	-0.39344	0.41541	-0.41541	-0.44749	0.44749	-0.46026	0.46026	-0.4769	0.4769	-0.51237	0.51237	0.55111	-0.55111	0.55533	-0.55533	0.55924	-0.55924	0.57706	-0.57706	0.63207	-0.63207	-0.64744	0.64744	0.65509	-0.65509	0.66867	-0.66867	-0.71439	0.71439	-0.73039	0.73039	0.73106	-0.73106	0.74594	-0.74594	0.76327	-0.76327	-0.79096	0.79096	-0.83588	0.83588	-0.84572	0.84572	-0.85089	0.85089	-0.8721	0.8721	-0.87862	0.87862	-0.88436	0.88436	-0.93401	0.93401	0.93668	-0.93668	0.93817	-0.93817	-0.98652	0.98652	-1.049	1.049	-1.0647	1.0647	1.0696	-1.0696	-1.0951	1.0951	1.116	-1.116	1.1501	-1.1501	-1.1757	1.1757	-1.2042	1.2042	-1.2056	1.2056	1.2188	-1.2188	1.2657	-1.2657	-1.2756	1.2756	-1.3283	1.3283	1.3378	-1.3378	-1.3819	1.3819	1.3853	-1.3853	1.403	-1.403	1.4203	-1.4203	-1.4418	1.4418	-1.4603	1.4603	-1.4717	1.4717	-1.4803	1.4803	1.4806	-1.4806	-1.4873	1.4873	1.5253	-1.5253	1.5345	-1.5345	-1.5435	1.5435	1.5562	-1.5562	1.5781	-1.5781	1.5817	-1.5817	1.5902	-1.5902	1.592	-1.592	1.5974	-1.5974	1.6422	-1.6422	-1.6487	1.6487	1.6514	-1.6514	1.6564	-1.6564	-1.7223	1.7223	1.7303	-1.7303	-1.731	1.731	1.7408	-1.7408	1.7509	-1.7509	1.7749	-1.7749	-1.7959	1.7959	-1.7979	1.7979	-1.8158	1.8158	-1.8277	1.8277	-1.8368	1.8368	1.8374	-1.8374	-1.8591	1.8591	1.8729	-1.8729	-1.8791	1.8791	-1.8908	1.8908	-1.9121	1.9121	-1.9228	1.9228	-1.9316	1.9316	-1.9533	1.9533	
0	0.42	-0.0090671	0.0090671	-0.020714	0.020714	-0.025954	0.025954	-0.052995	0.052995	-0.054127	0.054127	-0.090592	0.090592	-0.14245	0.14245	-0.15163	0.15163	0.27636	-0.27636	-0.29762	0.29762	-0.3031	0.3031	-0.30815	0.30815	-0.35537	0.35537	0.39304	-0.39304	0.41628	-0.41628	-0.44849	0.44849	0.46004	-0.46004	-0.47891	0.47891	-0.5119	0.5119	-0.5348	0.5348	-0.55589	0.55589	0.56236	-0.56236	-0.578	0.578	-0.63406	0.63406	0.6513	-0.6513	-0.65466	0.65466	-0.66721	0.66721	-0.70625	0.70625	-0.73096	0.73096	0.73209	-0.73209	0.74667	-0.74667	-0.76325	0.76325	-0.79096	0.79096	-0.83424	0.83424	-0.84505	0.84505	-0.84776	0.84776	-0.87275	0.87275	-0.87845	0.87845	0.88371	-0.88371	-0.93417	0.93417	-0.93731	0.93731	-0.939	0.939	-0.98589	0.98589	-1.0427	1.0427	1.0616	-1.0616	1.0702	-1.0702	1.0876	-1.0876	1.1177	-1.1177	1.15	-1.15	-1.1764	1.1764	1.1936	-1.1936	-1.2032	1.2032	-1.2192	1.2192	-1.2667	1.2667	-1.2742	1.2742	-1.328	1.328	-1.3376	1.3376	1.3677	-1.3677	-1.3832	1.3832	-1.4035	1.4035	-1.4227	1.4227	1.424	-1.424	-1.442	1.442	1.461	-1.461	-1.4681	1.4681	1.4684	-1.4684	-1.4807	1.4807	1.5143	-1.5143	-1.5288	1.5288	1.5442	-1.5442	-1.5489	1.5489	-1.5684	1.5684	1.5766	-1.5766	-1.578	1.578	-1.5901	1.5901	-1.598	1.598	-1.6428	1.6428	1.6492	-1.6492	-1.651	1.651	1.6514	-1.6514	-1.7223	1.7223	-1.7304	1.7304	-1.7323	1.7323	-1.741	1.741	-1.7507	1.7507	-1.7746	1.7746	1.7977	-1.7977	-1.7987	1.7987	-1.8178	1.8178	-1.8285	1.8285	-1.8364	1.8364	1.8373	-1.8373	-1.8588	1.8588	-1.8727	1.8727	1.8807	-1.8807	-1.8918	1.8918	1.9112	-1.9112	1.923	-1.923	-1.9327	1.9327	1.9533	-1.9533	
0	0.44	0.016677	-0.016677	-0.022481	0.022481	-0.03308	0.03308	-0.040283	0.040283	-0.052179	0.052179	0.070493	-0.070493	0.13074	-0.13074	-0.13137	0.13137	-0.25602	0.25602	0.28224	-0.28224	0.29783	-0.29783	-0.308	0.308	-0.35609	0.35609	0.39266	-0.39266	0.4171	-0.4171	-0.44943	0.44943	0.45983	-0.45983	-0.48081	0.48081	-0.51145	0.51145	-0.51531	0.51531	0.5584	-0.5584	0.56533	-0.56533	0.57891	-0.57891	-0.63601	0.63601	-0.65424	0.65424	0.65495	-0.65495	0.66582	-0.66582	-0.69753	0.69753	0.73152	-0.73152	0.7331	-0.7331	-0.74739	0.74739	-0.76323	0.76323	0.79095	-0.79095	0.83238	-0.83238	-0.8434	0.8434	0.84611	-0.84611	0.87367	-0.87367	-0.87805	0.87805	-0.88298	0.88298	0.9343	-0.9343	-0.93748	0.93748	0.9403	-0.9403	0.98534	-0.98534	1.0352	-1.0352	1.0585	-1.0585	-1.0709	1.0709	-1.0808	1.0808	-1.1194	1.1194	1.15	-1.15	1.177	-1.177	1.1803	-1.1803	-1.2021	1.2021	-1.2195	1.2195	-1.2677	1.2677	-1.2727	1.2727	-1.3278	1.3278	-1.3373	1.3373	-1.3493	1.3493	1.3844	-1.3844	1.4031	-1.4031	1.404	-1.404	1.4203	-1.4203	1.4298	-1.4298	-1.4411	1.4411	1.4486	-1.4486	1.466	-1.466	-1.4807	1.4807	1.4949	-1.4949	1.5301	-1.5301	1.5333	-1.5333	-1.5452	1.5452	-1.5614	1.5614	-1.5654	1.5654	-1.5754	1.5754	1.5883	-1.5883	-1.5985	1.5985	-1.6411	1.6411	-1.649	1.649	-1.6498	1.6498	-1.6514	1.6514	-1.7224	1.7224	-1.7306	1.7306	1.7335	-1.7335	1.7413	-1.7413	1.7506	-1.7506	1.7743	-1.7743	1.7995	-1.7995	1.7995	-1.7995	1.8196	-1.8196	-1.8292	1.8292	-1.836	1.836	-1.8373	1.8373	-1.8586	1.8586	1.8725	-1.8725	1.8822	-1.8822	-1.8927	1.8927	1.9103	-1.9103	1.9232	-1.9232	-1.9339	1.9339	-1.9533	1.9533	
0	0.46	0.012571	-0.012571	-0.014857	0.014857	-0.030549	0.030549	-0.049822	0.049822	-0.060315	0.060315	-0.065244	0.065244	-0.11047	0.11047	-0.12378	0.12378	-0.23514	0.23514	-0.26109	0.26109	-0.29803	0.29803	-0.30786	0.30786	-0.35675	0.35675	-0.3923	0.3923	0.41787	-0.41787	-0.45032	0.45032	0.45963	-0.45963	-0.48262	0.48262	-0.49477	0.49477	-0.51102	0.51102	0.56085	-0.56085	0.56815	-0.56815	0.57978	-0.57978	-0.63791	0.63791	0.65385	-0.65385	0.65836	-0.65836	0.66456	-0.66456	-0.6882	0.6882	-0.73206	0.73206	-0.73407	0.73407	0.74809	-0.74809	0.76321	-0.76321	0.79095	-0.79095	-0.83038	0.83038	0.84115	-0.84115	0.8455	-0.8455	-0.87477	0.87477	-0.87739	0.87739	-0.88217	0.88217	0.93442	-0.93442	0.93754	-0.93754	0.94169	-0.94169	-0.98484	0.98484	-1.0267	1.0267	-1.0555	1.0555	1.0716	-1.0716	-1.0746	1.0746	-1.121	1.121	1.15	-1.15	-1.1659	1.1659	1.1776	-1.1776	-1.2011	1.2011	1.2199	-1.2199	-1.2686	1.2686	-1.2712	1.2712	-1.3274	1.3274	-1.3302	1.3302	-1.337	1.337	-1.3831	1.3831	-1.3855	1.3855	-1.4013	1.4013	-1.4043	1.4043	1.4206	-1.4206	-1.4283	1.4283	-1.4313	1.4313	1.4651	-1.4651	1.4745	-1.4745	1.4806	-1.4806	-1.5145	1.5145	-1.5299	1.5299	1.5463	-1.5463	-1.5463	1.5463	1.565	-1.565	-1.573	1.573	-1.5866	1.5866	-1.5991	1.5991	-1.6379	1.6379	1.6497	-1.6497	1.6504	-1.6504	-1.6514	1.6514	-1.7225	1.7225	1.7307	-1.7307	-1.7346	1.7346	1.7415	-1.7415	1.7504	-1.7504	-1.774	1.774	1.8001	-1.8001	-1.8011	1.8011	-1.8214	1.8214	1.8298	-1.8298	1.8357	-1.8357	1.8372	-1.8372	-1.8583	1.8583	-1.8723	1.8723	1.8838	-1.8838	1.8936	-1.8936	-1.9093	1.9093	-1.9234	1.9234	-1.935	1.935	-1.9533	1.9533	
0	0.48	-0.0082754	0.0082754	0.011332	-0.011332	0.028861	-0.028861	0.047174	-0.047174	-0.08079	0.08079	-0.083657	0.083657	-0.089043	0.089043	0.12365	-0.12365	0.21371	-0.21371	0.23975	-0.23975	-0.29821	0.29821	-0.30774	0.30774	-0.35736	0.35736	0.39197	-0.39197	-0.41859	0.41859	-0.45115	0.45115	0.45944	-0.45944	0.47338	-0.47338	-0.48434	0.48434	0.51062	-0.51062	0.5632	-0.5632	-0.57083	0.57083	0.58061	-0.58061	0.63975	-0.63975	0.65346	-0.65346	0.66113	-0.66113	0.66381	-0.66381	0.67828	-0.67828	-0.73258	0.73258	0.73502	-0.73502	0.74878	-0.74878	-0.76318	0.76318	0.79094	-0.79094	0.82831	-0.82831	0.83902	-0.83902	0.84512	-0.84512	0.87599	-0.87599	0.87642	-0.87642	0.88128	-0.88128	-0.93453	0.93453	0.93756	-0.93756	0.94309	-0.94309	0.98438	-0.98438	1.0171	-1.0171	1.0524	-1.0524	-1.0693	1.0693	1.0723	-1.0723	-1.1226	1.1226	-1.1499	1.1499	-1.1507	1.1507	1.1782	-1.1782	-1.1999	1.1999	1.2202	-1.2202	1.2689	-1.2689	-1.2702	1.2702	1.3104	-1.3104	-1.3271	1.3271	-1.3368	1.3368	-1.3626	1.3626	1.3809	-1.3809	-1.3864	1.3864	1.3995	-1.3995	-1.4031	1.4031	-1.4089	1.4089	-1.4324	1.4324	1.4535	-1.4535	-1.4659	1.4659	-1.4806	1.4806	1.4945	-1.4945	1.5206	-1.5206	-1.5389	1.5389	-1.5474	1.5474	-1.5652	1.5652	1.5708	-1.5708	-1.585	1.585	-1.5996	1.5996	-1.6346	1.6346	-1.6504	1.6504	-1.6513	1.6513	1.6515	-1.6515	1.7226	-1.7226	1.7309	-1.7309	1.7356	-1.7356	1.7417	-1.7417	-1.7503	1.7503	1.7738	-1.7738	-1.8007	1.8007	1.8027	-1.8027	1.8232	-1.8232	-1.8304	1.8304	-1.8353	1.8353	1.8372	-1.8372	-1.8581	1.8581	1.8722	-1.8722	-1.8853	1.8853	1.8944	-1.8944	-1.9082	1.9082	1.9236	-1.9236	-1.9362	1.9362	1.9533	-1.9533	
0	0.5	0.0061836	-0.0061836	-0.015331	0.015331	-0.030951	0.030951	-0.066062	0.066062	-0.067223	0.067223	-0.10169	0.10169	-0.10408	0.10408	-0.13104	0.13104	-0.19176	0.19176	-0.21838	0.21838	-0.29837	0.29837	-0.30762	0.30762	-0.35792	0.35792	-0.39166	0.39166	0.41927	-0.41927	-0.45126	0.45126	-0.45194	0.45194	-0.45927	0.45927	-0.48596	0.48596	-0.51023	0.51023	0.56543	-0.56543	-0.57336	0.57336	0.58141	-0.58141	0.64154	-0.64154	-0.65309	0.65309	-0.66128	0.66128	0.66559	-0.66559	-0.66774	0.66774	-0.73308	0.73308	0.73593	-0.73593	-0.74944	0.74944	-0.76314	0.76314	-0.79094	0.79094	0.82624	-0.82624	0.83709	-0.83709	0.84479	-0.84479	0.87505	-0.87505	-0.87729	0.87729	-0.88031	0.88031	-0.93463	0.93463	-0.93757	0.93757	0.94447	-0.94447	0.98396	-0.98396	1.0065	-1.0065	1.0494	-1.0494	-1.0645	1.0645	-1.0729	1.0729	1.1241	-1.1241	1.1348	-1.1348	1.1499	-1.1499	-1.1788	1.1788	-1.1988	1.1988	-1.2206	1.2206	1.2672	-1.2672	-1.2707	1.2707	1.29	-1.29	1.3266	-1.3266	-1.3365	1.3365	-1.3417	1.3417	-1.3603	1.3603	-1.3779	1.3779	1.3848	-1.3848	-1.3869	1.3869	1.406	-1.406	1.4318	-1.4318	-1.4319	1.4319	1.4678	-1.4678	-1.4747	1.4747	-1.4805	1.4805	1.5027	-1.5027	1.5389	-1.5389	-1.5485	1.5485	-1.5656	1.5656	1.5689	-1.5689	1.5833	-1.5833	-1.6002	1.6002	-1.6316	1.6316	1.651	-1.651	-1.6513	1.6513	-1.6531	1.6531	-1.7228	1.7228	1.731	-1.731	1.7366	-1.7366	-1.7418	1.7418	-1.7501	1.7501	-1.7736	1.7736	-1.8013	1.8013	1.8041	-1.8041	-1.8249	1.8249	-1.8309	1.8309	1.835	-1.835	-1.8372	1.8372	-1.8578	1.8578	1.872	-1.872	-1.8867	1.8867	-1.8952	1.8952	1.9071	-1.9071	-1.9238	1.9238	-1.9373	1.9373	1.9533	-1.9533	
0	0.52	0.015242	-0.015242	-0.025595	0.025595	0.045379	-0.045379	-0.053026	0.053026	-0.086962	0.086962	-0.12299	0.12299	-0.12558	0.12558	0.14448	-0.14448	0.16931	-0.16931	0.19728	-0.19728	-0.29852	0.29852	-0.30751	0.30751	-0.35844	0.35844	0.39138	-0.39138	0.4199	-0.4199	0.42853	-0.42853	-0.45268	0.45268	-0.45909	0.45909	-0.48749	0.48749	0.50986	-0.50986	-0.56754	0.56754	-0.57576	0.57576	-0.58216	0.58216	0.64328	-0.64328	0.65272	-0.65272	-0.65658	0.65658	-0.66027	0.66027	0.66844	-0.66844	-0.73354	0.73354	0.73681	-0.73681	0.75008	-0.75008	-0.76311	0.76311	-0.79094	0.79094	0.8242	-0.8242	0.83532	-0.83532	0.8445	-0.8445	-0.87316	0.87316	-0.87862	0.87862	-0.87931	0.87931	0.93474	-0.93474	0.93757	-0.93757	-0.94581	0.94581	-0.98356	0.98356	0.99505	-0.99505	-1.0462	1.0462	1.0604	-1.0604	1.0736	-1.0736	-1.1186	1.1186	-1.1255	1.1255	1.1498	-1.1498	-1.1794	1.1794	-1.1976	1.1976	1.2209	-1.2209	1.2648	-1.2648	1.2691	-1.2691	1.2714	-1.2714	-1.3204	1.3204	1.3257	-1.3257	-1.3362	1.3362	1.3397	-1.3397	1.3562	-1.3562	-1.3627	1.3627	-1.3868	1.3868	-1.4062	1.4062	-1.4096	1.4096	1.4301	-1.4301	-1.4524	1.4524	1.4734	-1.4734	1.4805	-1.4805	1.4826	-1.4826	-1.5402	1.5402	1.5497	-1.5497	1.5658	-1.5658	1.5674	-1.5674	-1.5818	1.5818	-1.6007	1.6007	1.6288	-1.6288	1.6513	-1.6513	1.6515	-1.6515	-1.6547	1.6547	-1.7229	1.7229	-1.7312	1.7312	1.7375	-1.7375	1.742	-1.742	1.75	-1.75	-1.7735	1.7735	-1.8018	1.8018	-1.8055	1.8055	-1.8265	1.8265	1.8314	-1.8314	1.8348	-1.8348	-1.8372	1.8372	-1.8576	1.8576	1.8719	-1.8719	1.8881	-1.8881	1.8959	-1.8959	1.906	-1.906	-1.924	1.924	-1.9383	1.9383	1.9533	-1.9533	
0	0.54	0.018823	-0.018823	-0.03946	0.03946	0.041668	-0.041668	0.075854	-0.075854	-0.10917	0.10917	0.14468	-0.14468	0.1457	-0.1457	-0.14809	0.14809	-0.16196	0.16196	-0.17739	0.17739	-0.29866	0.29866	-0.30742	0.30742	-0.35893	0.35893	0.39111	-0.39111	-0.40531	0.40531	-0.42049	0.42049	-0.45337	0.45337	-0.45893	0.45893	0.48895	-0.48895	0.50952	-0.50952	0.56954	-0.56954	-0.57801	0.57801	0.58288	-0.58288	0.64479	-0.64479	0.64496	-0.64496	-0.65238	0.65238	0.65917	-0.65917	0.67128	-0.67128	0.73398	-0.73398	0.73765	-0.73765	0.7507	-0.7507	-0.76306	0.76306	-0.79093	0.79093	-0.82221	0.82221	0.83367	-0.83367	-0.84422	0.84422	-0.87061	0.87061	-0.87828	0.87828	-0.87996	0.87996	0.93483	-0.93483	-0.93757	0.93757	-0.94711	0.94711	-0.98296	0.98296	0.98317	-0.98317	1.0428	-1.0428	1.0566	-1.0566	-1.0742	1.0742	1.1023	-1.1023	-1.1269	1.1269	1.1498	-1.1498	-1.18	1.18	1.1962	-1.1962	1.2212	-1.2212	1.2477	-1.2477	1.2612	-1.2612	-1.2719	1.2719	-1.2987	1.2987	-1.3198	1.3198	-1.322	1.322	1.3358	-1.3358	1.3367	-1.3367	1.3401	-1.3401	1.3855	-1.3855	-1.3868	1.3868	-1.4066	1.4066	-1.4262	1.4262	-1.4336	1.4336	1.4615	-1.4615	1.4783	-1.4783	1.4804	-1.4804	1.5416	-1.5416	1.5508	-1.5508	1.5647	-1.5647	-1.5673	1.5673	1.5802	-1.5802	-1.6013	1.6013	-1.6262	1.6262	-1.6513	1.6513	-1.6519	1.6519	-1.6563	1.6563	-1.7231	1.7231	-1.7313	1.7313	1.7383	-1.7383	1.7422	-1.7422	1.7499	-1.7499	-1.7734	1.7734	1.8023	-1.8023	1.8068	-1.8068	-1.8281	1.8281	-1.8319	1.8319	1.8345	-1.8345	-1.8371	1.8371	1.8573	-1.8573	-1.8717	1.8717	1.8895	-1.8895	1.8966	-1.8966	1.9047	-1.9047	1.9242	-1.9242	1.9393	-1.9393	-1.953	1.953	
0	0.56	-0.0035252	0.0035252	0.054143	-0.054143	-0.063935	0.063935	0.099237	-0.099237	0.12288	-0.12288	0.13237	-0.13237	-0.1553	0.1553	0.16673	-0.16673	0.17413	-0.17413	-0.18205	0.18205	-0.29879	0.29879	0.30733	-0.30733	0.35937	-0.35937	-0.3817	0.3817	0.39086	-0.39086	0.42105	-0.42105	-0.45402	0.45402	0.45878	-0.45878	-0.49032	0.49032	0.50919	-0.50919	-0.57142	0.57142	0.58012	-0.58012	0.58356	-0.58356	-0.63237	0.63237	-0.64658	0.64658	-0.65204	0.65204	0.6581	-0.6581	-0.67401	0.67401	-0.7344	0.7344	-0.73846	0.73846	-0.75129	0.75129	0.76301	-0.76301	0.79093	-0.79093	0.82028	-0.82028	-0.83213	0.83213	0.84396	-0.84396	0.86723	-0.86723	-0.87719	0.87719	0.88129	-0.88129	0.93493	-0.93493	0.93756	-0.93756	0.94837	-0.94837	0.97038	-0.97038	0.98278	-0.98278	1.0387	-1.0387	1.0532	-1.0532	1.0748	-1.0748	-1.0864	1.0864	-1.1281	1.1281	-1.1498	1.1498	1.1805	-1.1805	1.1945	-1.1945	-1.2216	1.2216	1.2262	-1.2262	1.255	-1.255	-1.272	1.272	1.2767	-1.2767	-1.3023	1.3023	-1.3057	1.3057	-1.3166	1.3166	1.3293	-1.3293	1.3358	-1.3358	1.3635	-1.3635	1.3807	-1.3807	1.4071	-1.4071	-1.4124	1.4124	1.4269	-1.4269	-1.4396	1.4396	1.4804	-1.4804	1.4839	-1.4839	1.5431	-1.5431	1.5519	-1.5519	-1.5632	1.5632	1.5679	-1.5679	-1.5788	1.5788	1.6018	-1.6018	-1.6238	1.6238	1.6512	-1.6512	1.6524	-1.6524	-1.658	1.658	-1.7232	1.7232	-1.7315	1.7315	-1.7391	1.7391	1.7423	-1.7423	-1.7498	1.7498	-1.7733	1.7733	-1.8028	1.8028	1.808	-1.808	-1.8296	1.8296	-1.8323	1.8323	-1.8342	1.8342	1.8371	-1.8371	1.8571	-1.8571	-1.8716	1.8716	-1.8908	1.8908	1.8973	-1.8973	-1.9034	1.9034	1.9244	-1.9244	1.9402	-1.9402	1.9527	-1.9527	
0	0.58	0.027451	-0.027451	0.065608	-0.065608	-0.087815	0.087815	0.099016	-0.099016	-0.12314	0.12314	-0.14289	0.14289	-0.15634	0.15634	0.18912	-0.18912	-0.19667	0.19667	0.20388	-0.20388	0.29891	-0.29891	-0.30725	0.30725	0.35782	-0.35782	0.35978	-0.35978	-0.39062	0.39062	-0.42157	0.42157	-0.45463	0.45463	0.45864	-0.45864	-0.49161	0.49161	0.50888	-0.50888	0.57318	-0.57318	0.5821	-0.5821	0.5842	-0.5842	0.61932	-0.61932	0.64814	-0.64814	0.65171	-0.65171	0.65708	-0.65708	-0.67662	0.67662	-0.73478	0.73478	0.73923	-0.73923	-0.75186	0.75186	0.76296	-0.76296	0.79092	-0.79092	-0.8184	0.8184	0.83066	-0.83066	0.8437	-0.8437	0.86287	-0.86287	-0.87596	0.87596	0.88258	-0.88258	-0.93502	0.93502	0.93755	-0.93755	-0.94958	0.94958	0.95747	-0.95747	0.98236	-0.98236	1.0334	-1.0334	1.05	-1.05	1.0719	-1.0719	-1.0754	1.0754	-1.1291	1.1291	-1.1497	1.1497	-1.1811	1.1811	1.191	-1.191	-1.2062	1.2062	-1.2219	1.2219	-1.2438	1.2438	1.2543	-1.2543	-1.2715	1.2715	-1.2829	1.2829	-1.2898	1.2898	1.2929	-1.2929	-1.3279	1.3279	-1.3356	1.3356	-1.3398	1.3398	1.3679	-1.3679	1.4018	-1.4018	1.4075	-1.4075	-1.4171	1.4171	-1.424	1.424	-1.4804	1.4804	1.4898	-1.4898	1.5445	-1.5445	1.553	-1.553	-1.5617	1.5617	-1.5685	1.5685	1.5774	-1.5774	-1.6023	1.6023	1.6214	-1.6214	1.6512	-1.6512	1.6528	-1.6528	1.6595	-1.6595	-1.7234	1.7234	1.7316	-1.7316	-1.7398	1.7398	1.7424	-1.7424	1.7497	-1.7497	1.7732	-1.7732	1.8032	-1.8032	1.8091	-1.8091	1.8311	-1.8311	1.8327	-1.8327	1.834	-1.834	1.8372	-1.8372	-1.8569	1.8569	1.8715	-1.8715	-1.8921	1.8921	1.8979	-1.8979	1.9021	-1.9021	1.9246	-1.9246	-1.941	1.941	-1.9523	1.9523	
0	0.6	0.051947	-0.051947	-0.067041	0.067041	-0.074833	0.074833	-0.11234	0.11234	0.14049	-0.14049	-0.14752	0.14752	0.18093	-0.18093	-0.21184	0.21184	-0.221	0.221	-0.22698	0.22698	-0.29902	0.29902	-0.30718	0.30718	0.33382	-0.33382	-0.36016	0.36016	-0.3904	0.3904	-0.42205	0.42205	-0.4552	0.4552	0.45852	-0.45852	0.49283	-0.49283	-0.50859	0.50859	-0.5748	0.5748	0.58394	-0.58394	-0.5848	0.5848	-0.60567	0.60567	-0.64965	0.64965	-0.6514	0.6514	0.65612	-0.65612	0.6791	-0.6791	-0.73513	0.73513	-0.73996	0.73996	0.7524	-0.7524	-0.7629	0.7629	0.79092	-0.79092	-0.81655	0.81655	0.82927	-0.82927	-0.84346	0.84346	-0.8573	0.8573	-0.87449	0.87449	-0.88382	0.88382	-0.93511	0.93511	-0.93754	0.93754	0.94442	-0.94442	0.95073	-0.95073	-0.98189	0.98189	1.0259	-1.0259	1.047	-1.047	-1.06	1.06	-1.076	1.076	1.1298	-1.1298	-1.1497	1.1497	-1.1771	1.1771	-1.1816	1.1816	1.1964	-1.1964	-1.2222	1.2222	1.2266	-1.2266	-1.2316	1.2316	-1.2588	1.2588	1.2681	-1.2681	1.2705	-1.2705	1.284	-1.284	-1.3157	1.3157	-1.3273	1.3273	1.3353	-1.3353	1.3477	-1.3477	1.394	-1.394	1.3973	-1.3973	-1.4079	1.4079	1.4217	-1.4217	-1.4803	1.4803	1.4959	-1.4959	1.5458	-1.5458	1.5541	-1.5541	-1.5603	1.5603	1.5692	-1.5692	1.576	-1.576	-1.6028	1.6028	1.6191	-1.6191	-1.6512	1.6512	1.6533	-1.6533	-1.6611	1.6611	-1.7236	1.7236	1.7317	-1.7317	-1.7405	1.7405	-1.7425	1.7425	1.7496	-1.7496	-1.7731	1.7731	1.8036	-1.8036	1.8102	-1.8102	-1.8325	1.8325	1.833	-1.833	1.8338	-1.8338	-1.8372	1.8372	1.8566	-1.8566	1.8714	-1.8714	-1.8933	1.8933	1.8984	-1.8984	1.9006	-1.9006	-1.9247	1.9247	-1.9416	1.9416	1.9521	-1.9521	
0	0.62	0.04974	-0.04974	-0.056419	0.056419	-0.0772	0.0772	-0.13739	0.13739	-0.15127	0.15127	-0.17237	0.17237	-0.20603	0.20603	-0.23486	0.23486	-0.24605	0.24605	-0.25103	0.25103	-0.29912	0.29912	-0.30711	0.30711	-0.30988	0.30988	-0.36051	0.36051	-0.3902	0.3902	0.42251	-0.42251	-0.45573	0.45573	0.4584	-0.4584	-0.49398	0.49398	-0.50832	0.50832	-0.57615	0.57615	-0.58537	0.58537	-0.58565	0.58565	-0.59154	0.59154	-0.65108	0.65108	-0.65111	0.65111	-0.65522	0.65522	0.68145	-0.68145	-0.73545	0.73545	0.74065	-0.74065	0.75292	-0.75292	-0.76283	0.76283	-0.79091	0.79091	0.81471	-0.81471	0.82793	-0.82793	-0.84323	0.84323	-0.85029	0.85029	-0.87253	0.87253	-0.88497	0.88497	0.93148	-0.93148	0.93519	-0.93519	-0.93753	0.93753	-0.95184	0.95184	-0.98134	0.98134	-1.0154	1.0154	-1.0442	1.0442	1.0515	-1.0515	1.0765	-1.0765	1.1293	-1.1293	-1.1496	1.1496	-1.1566	1.1566	1.1821	-1.1821	-1.1939	1.1939	-1.2055	1.2055	-1.2085	1.2085	1.2224	-1.2224	-1.2342	1.2342	-1.2435	1.2435	-1.2688	1.2688	1.2817	-1.2817	-1.2912	1.2912	-1.3245	1.3245	-1.327	1.327	-1.3351	1.3351	1.3704	-1.3704	1.3949	-1.3949	1.4083	-1.4083	1.4198	-1.4198	1.4803	-1.4803	-1.502	1.502	-1.5471	1.5471	-1.555	1.555	-1.5591	1.5591	-1.5698	1.5698	1.5747	-1.5747	-1.6033	1.6033	-1.6168	1.6168	-1.6512	1.6512	1.6537	-1.6537	-1.6625	1.6625	1.7237	-1.7237	-1.7319	1.7319	-1.7411	1.7411	1.7426	-1.7426	1.7496	-1.7496	1.7731	-1.7731	-1.8039	1.8039	-1.8113	1.8113	-1.8333	1.8333	1.8336	-1.8336	-1.8339	1.8339	-1.8372	1.8372	1.8564	-1.8564	1.8712	-1.8712	1.8945	-1.8945	1.899	-1.899	1.8991	-1.8991	1.9249	-1.9249	-1.9421	1.9421	-1.9518	1.9518	
0	0.64	-0.024722	0.024722	-0.039084	0.039084	-0.10266	0.10266	0.1629	-0.1629	-0.1695	0.1695	0.19764	-0.19764	0.23156	-0.23156	-0.25816	0.25816	-0.27166	0.27166	-0.2755	0.2755	0.28658	-0.28658	-0.29921	0.29921	-0.30705	0.30705	-0.36083	0.36083	0.39001	-0.39001	0.42293	-0.42293	-0.45622	0.45622	0.45829	-0.45829	0.49506	-0.49506	-0.50806	0.50806	-0.57426	0.57426	0.57992	-0.57992	-0.58591	0.58591	-0.58723	0.58723	-0.65079	0.65079	0.65247	-0.65247	-0.65438	0.65438	0.68367	-0.68367	-0.73575	0.73575	-0.74131	0.74131	0.75341	-0.75341	-0.76276	0.76276	-0.79091	0.79091	0.81286	-0.81286	-0.82666	0.82666	-0.84161	0.84161	0.84301	-0.84301	-0.86967	0.86967	-0.88603	0.88603	0.91905	-0.91905	-0.93527	0.93527	-0.93752	0.93752	0.95289	-0.95289	0.98067	-0.98067	1.0032	-1.0032	-1.0415	1.0415	1.0459	-1.0459	-1.077	1.077	1.1227	-1.1227	-1.1409	1.1409	-1.1496	1.1496	-1.1825	1.1825	-1.1826	1.1826	-1.1853	1.1853	-1.1922	1.1922	1.2093	-1.2093	1.2179	-1.2179	-1.2231	1.2231	-1.2663	1.2663	1.2672	-1.2672	-1.2811	1.2811	1.2998	-1.2998	1.3267	-1.3267	1.3349	-1.3349	1.3465	-1.3465	-1.3929	1.3929	-1.4087	1.4087	1.4183	-1.4183	-1.4803	1.4803	-1.5081	1.5081	-1.5483	1.5483	-1.5558	1.5558	1.5581	-1.5581	-1.5705	1.5705	1.5735	-1.5735	-1.6038	1.6038	1.6146	-1.6146	1.6511	-1.6511	1.6541	-1.6541	-1.664	1.664	1.7239	-1.7239	-1.732	1.732	1.7417	-1.7417	-1.7428	1.7428	-1.7495	1.7495	-1.773	1.773	1.8042	-1.8042	-1.8123	1.8123	1.8334	-1.8334	-1.8335	1.8335	-1.8351	1.8351	1.8373	-1.8373	-1.8562	1.8562	1.8712	-1.8712	1.8957	-1.8957	1.8975	-1.8975	1.8995	-1.8995	1.9251	-1.9251	-1.9425	1.9425	1.9515	-1.9515	
0	0.66	0.00073421	-0.00073421	-0.019658	0.019658	-0.12859	0.12859	-0.18885	0.18885	-0.19098	0.19098	-0.22333	0.22333	-0.2569	0.2569	0.2634	-0.2634	0.28173	-0.28173	0.29777	-0.29777	0.2993	-0.2993	-0.30168	0.30168	-0.307	0.307	-0.36113	0.36113	-0.38984	0.38984	0.42332	-0.42332	-0.45668	0.45668	-0.4582	0.4582	-0.49608	0.49608	-0.50782	0.50782	0.56008	-0.56008	-0.57986	0.57986	-0.58641	0.58641	-0.58867	0.58867	-0.65049	0.65049	-0.65361	0.65361	-0.65378	0.65378	-0.68578	0.68578	0.736	-0.736	-0.74193	0.74193	-0.75387	0.75387	-0.76267	0.76267	0.79091	-0.79091	-0.81098	0.81098	-0.82543	0.82543	0.83109	-0.83109	-0.8428	0.8428	0.86511	-0.86511	0.88693	-0.88693	-0.90784	0.90784	-0.93535	0.93535	0.93751	-0.93751	-0.95388	0.95388	0.97977	-0.97977	0.99057	-0.99057	1.0389	-1.0389	-1.0418	1.0418	-1.0775	1.0775	-1.1037	1.1037	-1.1367	1.1367	-1.1496	1.1496	-1.1586	1.1586	-1.1616	1.1616	1.182	-1.182	1.1837	-1.1837	-1.1924	1.1924	-1.1924	1.1924	-1.2231	1.2231	1.2411	-1.2411	-1.2658	1.2658	-1.2742	1.2742	-1.2811	1.2811	-1.3222	1.3222	-1.3265	1.3265	-1.3347	1.3347	-1.3907	1.3907	1.409	-1.409	1.4173	-1.4173	-1.4802	1.4802	-1.5142	1.5142	-1.5493	1.5493	-1.5559	1.5559	1.5579	-1.5579	-1.5711	1.5711	-1.5724	1.5724	-1.6042	1.6042	-1.6123	1.6123	-1.6511	1.6511	-1.6545	1.6545	1.6653	-1.6653	-1.724	1.724	-1.7321	1.7321	-1.7422	1.7422	1.7429	-1.7429	1.7494	-1.7494	1.773	-1.773	-1.8045	1.8045	-1.8133	1.8133	-1.8332	1.8332	1.8337	-1.8337	1.8364	-1.8364	-1.8374	1.8374	-1.8559	1.8559	1.8711	-1.8711	1.8958	-1.8958	-1.8967	1.8967	1.8999	-1.8999	1.9252	-1.9252	-1.9428	1.9428	1.9513	-1.9513	
0	0.68	0.00017535	-0.00017535	-0.02653	0.02653	0.15491	-0.15491	0.21406	-0.21406	0.21521	-0.21521	0.24065	-0.24065	-0.24939	0.24939	0.28396	-0.28396	0.29939	-0.29939	0.30554	-0.30554	0.30697	-0.30697	0.32433	-0.32433	0.32773	-0.32773	0.3614	-0.3614	0.38967	-0.38967	0.42369	-0.42369	0.45711	-0.45711	0.45812	-0.45812	0.49704	-0.49704	-0.5076	0.5076	0.54399	-0.54399	0.58098	-0.58098	-0.58687	0.58687	-0.58999	0.58999	0.65018	-0.65018	0.65292	-0.65292	-0.65498	0.65498	0.68776	-0.68776	0.73623	-0.73623	0.74251	-0.74251	0.75431	-0.75431	-0.76258	0.76258	-0.7909	0.7909	0.80904	-0.80904	0.81865	-0.81865	0.82426	-0.82426	0.84261	-0.84261	0.8577	-0.8577	-0.88764	0.88764	0.89884	-0.89884	-0.93542	0.93542	0.9375	-0.9375	0.95481	-0.95481	0.9785	-0.9785	-0.97876	0.97876	1.0361	-1.0361	1.0386	-1.0386	1.078	-1.078	1.0812	-1.0812	-1.1343	1.1343	1.1346	-1.1346	1.1378	-1.1378	1.1495	-1.1495	1.159	-1.159	1.1664	-1.1664	-1.1836	1.1836	1.1907	-1.1907	1.2157	-1.2157	1.2234	-1.2234	1.2481	-1.2481	-1.2646	1.2646	1.2812	-1.2812	-1.2977	1.2977	1.3262	-1.3262	1.3345	-1.3345	-1.3883	1.3883	-1.4094	1.4094	-1.4167	1.4167	1.4802	-1.4802	-1.5202	1.5202	-1.5503	1.5503	-1.5553	1.5553	1.5585	-1.5585	-1.5714	1.5714	1.5717	-1.5717	1.6047	-1.6047	-1.6101	1.6101	1.6511	-1.6511	1.6548	-1.6548	1.6666	-1.6666	-1.7241	1.7241	1.7323	-1.7323	-1.7427	1.7427	1.743	-1.743	1.7494	-1.7494	-1.773	1.773	1.8048	-1.8048	1.8142	-1.8142	-1.8331	1.8331	1.8339	-1.8339	1.8375	-1.8375	1.8376	-1.8376	-1.8557	1.8557	1.871	-1.871	1.894	-1.894	1.8978	-1.8978	1.9003	-1.9003	1.9254	-1.9254	-1.943	1.943	-1.9511	1.9511	
0	0.7	0.017874	-0.017874	-0.052623	0.052623	-0.18159	0.18159	0.22069	-0.22069	0.23803	-0.23803	-0.24196	0.24196	-0.27576	0.27576	-0.2995	0.2995	-0.30697	0.30697	-0.31046	0.31046	0.32956	-0.32956	-0.35131	0.35131	0.35433	-0.35433	-0.36165	0.36165	-0.38952	0.38952	-0.42403	0.42403	-0.4575	0.4575	-0.45805	0.45805	-0.49794	0.49794	-0.5074	0.5074	-0.52719	0.52719	-0.58212	0.58212	-0.58731	0.58731	-0.59117	0.59117	0.64988	-0.64988	0.65231	-0.65231	-0.65606	0.65606	-0.68962	0.68962	-0.73642	0.73642	-0.74305	0.74305	-0.75472	0.75472	-0.76247	0.76247	-0.7909	0.7909	-0.80437	0.80437	0.80701	-0.80701	-0.82311	0.82311	0.84242	-0.84242	-0.84668	0.84668	0.88807	-0.88807	-0.89269	0.89269	-0.93549	0.93549	-0.93749	0.93749	-0.95567	0.95567	-0.96831	0.96831	0.97658	-0.97658	1.0326	-1.0326	-1.0358	1.0358	-1.0585	1.0585	-1.0785	1.0785	-1.1102	1.1102	1.1138	-1.1138	1.1234	-1.1234	-1.1399	1.1399	1.1441	-1.1441	-1.1496	1.1496	-1.184	1.184	-1.1894	1.1894	1.1903	-1.1903	-1.2215	1.2215	-1.2236	1.2236	-1.2636	1.2636	1.273	-1.273	1.2815	-1.2815	1.3261	-1.3261	1.3343	-1.3343	-1.3857	1.3857	-1.4097	1.4097	1.4164	-1.4164	-1.4802	1.4802	-1.526	1.526	-1.5511	1.5511	1.5546	-1.5546	1.5592	-1.5592	-1.5704	1.5704	1.5724	-1.5724	-1.6051	1.6051	1.6078	-1.6078	1.6511	-1.6511	1.6552	-1.6552	-1.6678	1.6678	-1.7243	1.7243	1.7324	-1.7324	-1.7429	1.7429	-1.7433	1.7433	-1.7493	1.7493	1.773	-1.773	1.8051	-1.8051	1.8151	-1.8151	-1.8329	1.8329	-1.834	1.834	-1.8376	1.8376	-1.8387	1.8387	1.8555	-1.8555	1.8709	-1.8709	-1.8921	1.8921	1.8988	-1.8988	1.9007	-1.9007	-1.9255	1.9255	1.9431	-1.9431	1.9508	-1.9508	
0	0.72	-0.032669	0.032669	-0.078972	0.078972	-0.20427	0.20427	-0.2086	0.2086	0.26255	-0.26255	0.26905	-0.26905	-0.29898	0.29898	-0.30253	0.30253	-0.30753	0.30753	0.33721	-0.33721	-0.35377	0.35377	0.36188	-0.36188	-0.37865	0.37865	0.38139	-0.38139	0.38939	-0.38939	0.42435	-0.42435	-0.45787	0.45787	0.458	-0.458	0.49879	-0.49879	-0.50721	0.50721	-0.50978	0.50978	-0.58319	0.58319	0.58771	-0.58771	0.59221	-0.59221	0.64956	-0.64956	-0.65177	0.65177	-0.65699	0.65699	-0.69135	0.69135	-0.73657	0.73657	-0.74355	0.74355	0.7551	-0.7551	-0.76235	0.76235	-0.78839	0.78839	0.79089	-0.79089	0.80486	-0.80486	-0.822	0.822	0.83249	-0.83249	0.84225	-0.84225	-0.88807	0.88807	-0.88894	0.88894	-0.93555	0.93555	-0.93748	0.93748	0.95639	-0.95639	0.95947	-0.95947	-0.9734	0.9734	-1.0276	1.0276	1.0333	-1.0333	1.0367	-1.0367	1.0789	-1.0789	-1.0873	1.0873	-1.0896	1.0896	-1.0995	1.0995	-1.1131	1.1131	-1.1417	1.1417	1.1495	-1.1495	1.1644	-1.1644	1.1844	-1.1844	-1.1886	1.1886	1.1945	-1.1945	1.2239	-1.2239	1.2482	-1.2482	-1.2626	1.2626	1.2819	-1.2819	1.3259	-1.3259	1.3342	-1.3342	1.3829	-1.3829	1.41	-1.41	1.4164	-1.4164	-1.4801	1.4801	1.5314	-1.5314	-1.5519	1.5519	1.5542	-1.5542	-1.56	1.56	1.5696	-1.5696	-1.5729	1.5729	1.6055	-1.6055	1.6056	-1.6056	1.6511	-1.6511	1.6555	-1.6555	-1.669	1.669	-1.7244	1.7244	1.7325	-1.7325	-1.743	1.743	-1.7437	1.7437	-1.7493	1.7493	-1.773	1.773	-1.8053	1.8053	1.816	-1.816	-1.8328	1.8328	-1.8341	1.8341	-1.8377	1.8377	-1.8397	1.8397	-1.8553	1.8553	1.8708	-1.8708	-1.8902	1.8902	1.8997	-1.8997	1.9011	-1.9011	-1.9256	1.9256	-1.943	1.943	1.9503	-1.9503	
0	0.74	0.041657	-0.041657	0.10553	-0.10553	0.19385	-0.19385	-0.23592	0.23592	0.28739	-0.28739	-0.29646	0.29646	-0.2995	0.2995	-0.30664	0.30664	-0.33004	0.33004	0.3621	-0.3621	0.36411	-0.36411	0.37815	-0.37815	0.38926	-0.38926	-0.40633	0.40633	-0.40883	0.40883	0.42465	-0.42465	-0.45797	0.45797	-0.4582	0.4582	-0.4918	0.4918	0.4996	-0.4996	-0.50703	0.50703	0.58417	-0.58417	0.58808	-0.58808	0.59312	-0.59312	0.64922	-0.64922	0.65131	-0.65131	-0.65767	0.65767	0.69296	-0.69296	-0.73667	0.73667	0.74402	-0.74402	-0.75546	0.75546	0.76221	-0.76221	-0.77092	0.77092	0.79089	-0.79089	0.80254	-0.80254	0.81615	-0.81615	0.82088	-0.82088	0.84208	-0.84208	-0.88673	0.88673	-0.88738	0.88738	0.93562	-0.93562	0.93747	-0.93747	0.95181	-0.95181	-0.95733	0.95733	0.9677	-0.9677	-1.0176	1.0176	1.0188	-1.0188	-1.0311	1.0311	-1.0652	1.0652	1.0678	-1.0678	-1.0729	1.0729	1.0793	-1.0793	1.086	-1.086	-1.1387	1.1387	-1.1416	1.1416	1.1495	-1.1495	-1.1672	1.1672	1.1847	-1.1847	-1.1877	1.1877	-1.2234	1.2234	-1.2241	1.2241	-1.2617	1.2617	-1.2822	1.2822	-1.3257	1.3257	-1.334	1.334	1.38	-1.38	1.4103	-1.4103	1.4165	-1.4165	1.4801	-1.4801	-1.5363	1.5363	-1.5525	1.5525	1.5543	-1.5543	1.5608	-1.5608	-1.5689	1.5689	-1.5735	1.5735	-1.6033	1.6033	1.6059	-1.6059	-1.651	1.651	-1.6558	1.6558	-1.67	1.67	-1.7245	1.7245	-1.7326	1.7326	1.7431	-1.7431	1.744	-1.744	1.7492	-1.7492	1.773	-1.773	1.8055	-1.8055	1.8168	-1.8168	1.8327	-1.8327	1.8342	-1.8342	-1.8378	1.8378	-1.8407	1.8407	-1.8551	1.8551	-1.8708	1.8708	-1.8881	1.8881	1.9006	-1.9006	1.9014	-1.9014	1.9258	-1.9258	-1.9429	1.9429	-1.9488	1.9488	
0	0.76	0.04225	-0.04225	-0.13223	0.13223	-0.19196	0.19196	-0.2635	0.2635	-0.29958	0.29958	0.30668	-0.30668	-0.31237	0.31237	0.32415	-0.32415	-0.3573	0.3573	0.36232	-0.36232	-0.38915	0.38915	0.3911	-0.3911	-0.40264	0.40264	0.42494	-0.42494	0.43427	-0.43427	-0.43657	0.43657	-0.45798	0.45798	-0.45851	0.45851	-0.47332	0.47332	-0.50036	0.50036	0.50687	-0.50687	0.58506	-0.58506	-0.58842	0.58842	0.5939	-0.5939	0.64889	-0.64889	0.65093	-0.65093	0.65796	-0.65796	-0.69442	0.69442	0.73673	-0.73673	0.74445	-0.74445	-0.75215	0.75215	0.75578	-0.75578	-0.76205	0.76205	-0.79089	0.79089	-0.79861	0.79861	0.8	-0.8	-0.81973	0.81973	0.84193	-0.84193	0.88542	-0.88542	0.88551	-0.88551	0.93567	-0.93567	-0.93745	0.93745	-0.94567	0.94567	-0.9578	0.9578	0.95793	-0.95793	1.0035	-1.0035	1.0037	-1.0037	1.0289	-1.0289	-1.0407	1.0407	1.0455	-1.0455	1.0546	-1.0546	-1.0585	1.0585	-1.0796	1.0796	1.1131	-1.1131	1.1396	-1.1396	-1.142	1.142	-1.1495	1.1495	-1.1851	1.1851	1.1869	-1.1869	-1.1987	1.1987	1.2243	-1.2243	-1.2609	1.2609	1.2825	-1.2825	-1.3256	1.3256	1.3339	-1.3339	-1.3771	1.3771	1.4106	-1.4106	1.4168	-1.4168	-1.4801	1.4801	-1.5401	1.5401	-1.5529	1.5529	1.5554	-1.5554	-1.5615	1.5615	1.5683	-1.5683	-1.5741	1.5741	-1.601	1.601	1.6062	-1.6062	-1.651	1.651	1.6561	-1.6561	-1.671	1.671	1.7246	-1.7246	-1.7327	1.7327	-1.7432	1.7432	1.7443	-1.7443	1.7492	-1.7492	1.773	-1.773	-1.8057	1.8057	-1.8176	1.8176	1.8326	-1.8326	1.8343	-1.8343	1.8379	-1.8379	1.8417	-1.8417	-1.8549	1.8549	-1.8707	1.8707	-1.8859	1.8859	-1.9014	1.9014	-1.9017	1.9017	1.9259	-1.9259	-1.9427	1.9427	-1.9474	1.9474	
0	0.78	-0.033943	0.033943	-0.159	0.159	-0.19905	0.19905	0.2913	-0.2913	-0.29964	0.29964	-0.30667	0.30667	-0.33733	0.33733	-0.35208	0.35208	0.36244	-0.36244	0.38496	-0.38496	0.38905	-0.38905	0.41806	-0.41806	0.42488	-0.42488	0.42758	-0.42758	-0.4539	0.4539	0.45806	-0.45806	-0.45879	0.45879	0.4624	-0.4624	-0.46504	0.46504	-0.5011	0.5011	-0.50673	0.50673	0.58585	-0.58585	0.58873	-0.58873	0.59455	-0.59455	-0.64855	0.64855	-0.65061	0.65061	-0.65763	0.65763	0.69573	-0.69573	0.73231	-0.73231	0.73674	-0.73674	-0.74485	0.74485	0.75608	-0.75608	-0.76186	0.76186	0.78069	-0.78069	-0.79088	0.79088	0.79719	-0.79719	-0.81848	0.81848	0.84178	-0.84178	-0.88147	0.88147	-0.88467	0.88467	0.93572	-0.93572	-0.93744	0.93744	-0.94053	0.94053	-0.94414	0.94414	-0.95833	0.95833	-0.9827	0.9827	-0.99467	0.99467	1.0161	-1.0161	-1.0177	1.0177	-1.0265	1.0265	-1.0308	1.0308	-1.0474	1.0474	1.08	-1.08	1.0879	-1.0879	1.112	-1.112	-1.1426	1.1426	-1.1494	1.1494	-1.1743	1.1743	1.1854	-1.1854	1.1861	-1.1861	1.2245	-1.2245	-1.2602	1.2602	1.2828	-1.2828	-1.3255	1.3255	-1.3337	1.3337	-1.3743	1.3743	-1.4108	1.4108	1.4171	-1.4171	-1.4801	1.4801	1.5424	-1.5424	-1.5533	1.5533	1.558	-1.558	-1.5622	1.5622	1.5679	-1.5679	-1.5746	1.5746	1.5987	-1.5987	1.6065	-1.6065	-1.651	1.651	1.6564	-1.6564	-1.672	1.672	1.7247	-1.7247	1.7328	-1.7328	1.7432	-1.7432	1.7446	-1.7446	1.7492	-1.7492	-1.773	1.773	-1.8059	1.8059	1.8184	-1.8184	1.8325	-1.8325	-1.8343	1.8343	1.8381	-1.8381	-1.8426	1.8426	1.8547	-1.8547	1.8707	-1.8707	1.8836	-1.8836	1.902	-1.902	1.9021	-1.9021	-1.926	1.926	-1.9423	1.9423	-1.9461	1.9461	
0	0.8	0.018798	-0.018798	-0.18573	0.18573	-0.21306	0.21306	0.29968	-0.29968	-0.30665	0.30665	0.31931	-0.31931	-0.36213	0.36213	-0.3626	0.3626	-0.38016	0.38016	0.38894	-0.38894	-0.41283	0.41283	0.42539	-0.42539	0.43465	-0.43465	-0.44501	0.44501	-0.45197	0.45197	0.45821	-0.45821	0.45905	-0.45905	0.49057	-0.49057	-0.49309	0.49309	-0.50184	0.50184	-0.5066	0.5066	0.58653	-0.58653	-0.58901	0.58901	-0.59512	0.59512	-0.64822	0.64822	0.65035	-0.65035	0.6562	-0.6562	0.69681	-0.69681	0.71169	-0.71169	-0.73667	0.73667	0.74521	-0.74521	0.75636	-0.75636	-0.76162	0.76162	0.76325	-0.76325	-0.79088	0.79088	0.79404	-0.79404	-0.81697	0.81697	-0.84164	0.84164	-0.87366	0.87366	-0.88431	0.88431	0.93052	-0.93052	-0.93576	0.93576	0.93607	-0.93607	-0.93743	0.93743	-0.95503	0.95503	0.96213	-0.96213	0.98843	-0.98843	0.99	-0.99	-0.99143	0.99143	1.0029	-1.0029	-1.0236	1.0236	1.0435	-1.0435	-1.0634	1.0634	-1.0803	1.0803	-1.0848	1.0848	1.1431	-1.1431	1.1494	-1.1494	1.1503	-1.1503	1.1853	-1.1853	1.1858	-1.1858	-1.2247	1.2247	1.2595	-1.2595	-1.2831	1.2831	1.3254	-1.3254	-1.3336	1.3336	1.3714	-1.3714	-1.4111	1.4111	1.4175	-1.4175	1.48	-1.48	-1.5433	1.5433	-1.5535	1.5535	-1.5619	1.5619	-1.5629	1.5629	-1.5676	1.5676	1.5751	-1.5751	1.5963	-1.5963	-1.6068	1.6068	1.651	-1.651	-1.6566	1.6566	1.6728	-1.6728	-1.7248	1.7248	1.7329	-1.7329	-1.7433	1.7433	1.7448	-1.7448	1.7491	-1.7491	-1.773	1.773	1.806	-1.806	-1.8192	1.8192	1.8324	-1.8324	-1.8343	1.8343	-1.8382	1.8382	1.8434	-1.8434	-1.8545	1.8545	-1.8707	1.8707	1.8812	-1.8812	1.9023	-1.9023	1.9029	-1.9029	-1.9261	1.9261	-1.9416	1.9416	-1.9451	1.9451	
0	0.82	-0.00061236	0.00061236	-0.21221	0.21221	-0.2314	0.2314	-0.29972	0.29972	-0.30663	0.30663	-0.34743	0.34743	-0.36274	0.36274	0.38659	-0.38659	-0.38886	0.38886	-0.40811	0.40811	-0.41509	0.41509	-0.42571	0.42571	0.4408	-0.4408	-0.45859	0.45859	-0.45932	0.45932	-0.47155	0.47155	0.47666	-0.47666	-0.50261	0.50261	-0.50648	0.50648	0.51847	-0.51847	-0.52153	0.52153	0.5871	-0.5871	0.58926	-0.58926	-0.59575	0.59575	-0.6479	0.6479	-0.65013	0.65013	-0.65285	0.65285	-0.68997	0.68997	0.69833	-0.69833	-0.73652	0.73652	-0.74553	0.74553	-0.74737	0.74737	-0.7566	0.7566	-0.76134	0.76134	-0.79043	0.79043	-0.79087	0.79087	0.8148	-0.8148	0.8415	-0.8415	0.86099	-0.86099	-0.88423	0.88423	-0.92037	0.92037	-0.92814	0.92814	0.93536	-0.93536	-0.93579	0.93579	-0.93742	0.93742	-0.96037	0.96037	-0.96097	0.96097	0.96674	-0.96674	0.97478	-0.97478	-0.98392	0.98392	-1.0187	1.0187	-1.0406	1.0406	1.0412	-1.0412	1.0594	-1.0594	-1.0806	1.0806	1.1269	-1.1269	-1.1437	1.1437	-1.1494	1.1494	1.1847	-1.1847	-1.186	1.186	1.2249	-1.2249	1.2589	-1.2589	-1.2834	1.2834	-1.3253	1.3253	1.3335	-1.3335	-1.3687	1.3687	-1.4113	1.4113	-1.4179	1.4179	1.48	-1.48	1.5433	-1.5433	1.5535	-1.5535	1.5634	-1.5634	-1.5667	1.5667	1.5674	-1.5674	-1.5757	1.5757	1.5939	-1.5939	-1.6071	1.6071	1.651	-1.651	-1.6569	1.6569	1.6736	-1.6736	1.7249	-1.7249	-1.733	1.733	1.7433	-1.7433	-1.745	1.745	1.7491	-1.7491	1.773	-1.773	1.8062	-1.8062	1.82	-1.82	-1.8323	1.8323	1.8344	-1.8344	-1.8383	1.8383	1.8442	-1.8442	-1.8544	1.8544	-1.8706	1.8706	1.8787	-1.8787	-1.9025	1.9025	-1.9035	1.9035	1.9262	-1.9262	1.9407	-1.9407	-1.9444	1.9444	
0	0.84	-0.022491	0.022491	-0.23804	0.23804	-0.25236	0.25236	-0.29976	0.29976	-0.30661	0.30661	0.36286	-0.36286	-0.37561	0.37561	-0.38879	0.38879	-0.39536	0.39536	0.41047	-0.41047	-0.42548	0.42548	0.43576	-0.43576	-0.4593	0.4593	0.46011	-0.46011	0.46903	-0.46903	-0.49771	0.49771	-0.50126	0.50126	-0.5036	0.5036	-0.50638	0.50638	-0.54514	0.54514	-0.55005	0.55005	-0.58753	0.58753	0.58948	-0.58948	0.59713	-0.59713	-0.64601	0.64601	0.64764	-0.64764	-0.64995	0.64995	0.66938	-0.66938	-0.69897	0.69897	-0.73433	0.73433	-0.73626	0.73626	-0.74582	0.74582	-0.75682	0.75682	-0.76098	0.76098	-0.7862	0.7862	0.79087	-0.79087	0.81078	-0.81078	-0.84117	0.84117	-0.84556	0.84556	-0.88437	0.88437	-0.90303	0.90303	-0.91392	0.91392	-0.93057	0.93057	-0.93238	0.93238	0.93573	-0.93573	0.9374	-0.9374	0.94213	-0.94213	-0.94649	0.94649	-0.9607	0.9607	0.97698	-0.97698	-1.0074	1.0074	-1.021	1.021	1.0393	-1.0393	-1.0408	1.0408	-1.0808	1.0808	1.1044	-1.1044	1.1442	-1.1442	1.1494	-1.1494	-1.1841	1.1841	1.1863	-1.1863	-1.225	1.225	1.2584	-1.2584	1.2836	-1.2836	-1.3252	1.3252	1.3334	-1.3334	1.366	-1.366	1.4115	-1.4115	-1.4182	1.4182	-1.48	1.48	1.5429	-1.5429	-1.5535	1.5535	-1.5639	1.5639	1.5673	-1.5673	1.5714	-1.5714	-1.5765	1.5765	1.5914	-1.5914	1.6073	-1.6073	1.651	-1.651	1.6571	-1.6571	-1.6744	1.6744	-1.7249	1.7249	1.7331	-1.7331	-1.7434	1.7434	-1.7451	1.7451	1.7491	-1.7491	-1.7731	1.7731	-1.8063	1.8063	1.8207	-1.8207	1.8322	-1.8322	1.8344	-1.8344	1.8384	-1.8384	1.845	-1.845	1.8542	-1.8542	-1.8706	1.8706	-1.8761	1.8761	1.9027	-1.9027	-1.9041	1.9041	1.9263	-1.9263	1.9396	-1.9396	1.944	-1.944	
0	0.86	-0.04578	0.04578	0.26235	-0.26235	-0.27501	0.27501	-0.2998	0.2998	-0.3066	0.3066	0.36297	-0.36297	-0.37636	0.37636	0.38872	-0.38872	-0.40373	0.40373	-0.42583	0.42583	-0.43349	0.43349	-0.45297	0.45297	-0.45958	0.45958	-0.47155	0.47155	0.49518	-0.49518	-0.5062	0.5062	0.50666	-0.50666	0.52319	-0.52319	0.52571	-0.52571	-0.56678	0.56678	-0.57852	0.57852	-0.58782	0.58782	0.58968	-0.58968	0.60251	-0.60251	-0.63326	0.63326	-0.64717	0.64717	0.64965	-0.64965	0.65157	-0.65157	-0.69972	0.69972	0.72528	-0.72528	-0.73583	0.73583	-0.74608	0.74608	0.75701	-0.75701	-0.76053	0.76053	-0.78086	0.78086	-0.79086	0.79086	0.80189	-0.80189	-0.83198	0.83198	-0.84147	0.84147	0.87551	-0.87551	-0.88495	0.88495	-0.90339	0.90339	-0.90972	0.90972	-0.91767	0.91767	-0.91776	0.91776	0.92784	-0.92784	0.936	-0.936	0.9374	-0.9374	-0.96105	0.96105	-0.96579	0.96579	-0.98579	0.98579	-1.0072	1.0072	-1.0315	1.0315	1.0388	-1.0388	-1.0811	1.0811	-1.0832	1.0832	-1.1447	1.1447	1.1494	-1.1494	-1.1835	1.1835	-1.1865	1.1865	-1.2252	1.2252	-1.2579	1.2579	1.2838	-1.2838	-1.3251	1.3251	1.3333	-1.3333	1.3634	-1.3634	-1.4116	1.4116	1.4185	-1.4185	-1.48	1.48	-1.5423	1.5423	-1.5533	1.5533	-1.5644	1.5644	-1.5674	1.5674	1.5748	-1.5748	-1.5788	1.5788	1.589	-1.589	1.6076	-1.6076	1.6509	-1.6509	1.6573	-1.6573	1.675	-1.675	1.725	-1.725	1.7331	-1.7331	1.7434	-1.7434	1.7451	-1.7451	1.749	-1.749	1.7731	-1.7731	-1.8064	1.8064	-1.8214	1.8214	1.8321	-1.8321	-1.8344	1.8344	-1.8385	1.8385	1.8456	-1.8456	1.854	-1.854	-1.8706	1.8706	-1.8735	1.8735	1.9029	-1.9029	-1.9047	1.9047	1.9264	-1.9264	-1.9384	1.9384	-1.9437	1.9437	
0	0.88	0.06987	-0.06987	-0.28294	0.28294	0.29874	-0.29874	-0.29983	0.29983	-0.30659	0.30659	0.36012	-0.36012	0.36306	-0.36306	-0.38866	0.38866	-0.42601	0.42601	-0.43159	0.43159	0.45518	-0.45518	-0.4557	0.4557	0.45975	-0.45975	0.49772	-0.49772	-0.50344	0.50344	-0.50623	0.50623	0.5278	-0.5278	-0.54765	0.54765	-0.54986	0.54986	-0.57487	0.57487	-0.58795	0.58795	0.58985	-0.58985	-0.60676	0.60676	-0.61293	0.61293	-0.62057	0.62057	-0.637	0.637	0.64733	-0.64733	-0.64974	0.64974	-0.70056	0.70056	-0.72042	0.72042	-0.73517	0.73517	-0.7463	0.7463	0.75716	-0.75716	-0.75994	0.75994	-0.77231	0.77231	0.78799	-0.78799	0.79086	-0.79086	-0.82502	0.82502	-0.84133	0.84133	0.84798	-0.84798	0.87481	-0.87481	-0.88544	0.88544	-0.8892	0.8892	-0.89352	0.89352	0.90534	-0.90534	0.92547	-0.92547	0.93598	-0.93598	0.93739	-0.93739	0.95081	-0.95081	0.95924	-0.95924	0.96138	-0.96138	0.99918	-0.99918	-1.0278	1.0278	1.0381	-1.0381	1.0637	-1.0637	1.0812	-1.0812	1.1451	-1.1451	1.1493	-1.1493	-1.1831	1.1831	1.1867	-1.1867	1.2253	-1.2253	1.2575	-1.2575	-1.284	1.284	-1.325	1.325	-1.3332	1.3332	-1.361	1.361	-1.4118	1.4118	-1.4188	1.4188	-1.48	1.48	1.5415	-1.5415	-1.553	1.553	1.5648	-1.5648	-1.5674	1.5674	1.5759	-1.5759	-1.5834	1.5834	1.5865	-1.5865	1.6078	-1.6078	-1.6509	1.6509	1.6574	-1.6574	-1.6756	1.6756	-1.725	1.725	-1.7332	1.7332	1.7435	-1.7435	1.745	-1.745	1.749	-1.749	-1.7731	1.7731	1.8065	-1.8065	-1.8221	1.8221	1.8321	-1.8321	1.8344	-1.8344	1.8386	-1.8386	-1.8463	1.8463	1.8539	-1.8539	1.8706	-1.8706	1.8707	-1.8707	-1.903	1.903	-1.9051	1.9051	1.9264	-1.9264	-1.9372	1.9372	-1.9436	1.9436	
0	0.9	0.09439	-0.09439	0.2933	-0.2933	-0.29985	0.29985	-0.30657	0.30657	-0.32263	0.32263	-0.35358	0.35358	-0.36313	0.36313	0.38862	-0.38862	0.42616	-0.42616	0.45629	-0.45629	0.45851	-0.45851	-0.46	0.46	-0.47474	0.47474	-0.50542	0.50542	-0.50633	0.50633	-0.52601	0.52601	-0.55585	0.55585	0.57058	-0.57058	0.57082	-0.57082	0.5735	-0.5735	-0.58795	0.58795	0.58999	-0.58999	-0.59262	0.59262	-0.625	0.625	0.6344	-0.6344	0.64592	-0.64592	0.64718	-0.64718	0.64964	-0.64964	0.70148	-0.70148	0.71909	-0.71909	-0.73416	0.73416	0.74649	-0.74649	0.75557	-0.75557	0.75736	-0.75736	-0.7592	0.7592	-0.77772	0.77772	-0.79084	0.79084	-0.82046	0.82046	-0.82099	0.82099	-0.84124	0.84124	0.84683	-0.84683	0.86055	-0.86055	0.86988	-0.86988	-0.88619	0.88619	-0.89948	0.89948	0.92172	-0.92172	0.93289	-0.93289	0.936	-0.936	0.93607	-0.93607	0.93738	-0.93738	0.96167	-0.96167	-0.99427	0.99427	1.0258	-1.0258	1.0377	-1.0377	-1.0465	1.0465	1.0814	-1.0814	-1.1455	1.1455	1.1493	-1.1493	1.1826	-1.1826	-1.1868	1.1868	1.2254	-1.2254	-1.2571	1.2571	1.2842	-1.2842	1.325	-1.325	-1.3332	1.3332	1.3587	-1.3587	-1.4119	1.4119	1.4191	-1.4191	1.48	-1.48	-1.5407	1.5407	1.5527	-1.5527	-1.5652	1.5652	-1.5676	1.5676	-1.5764	1.5764	1.584	-1.584	1.5886	-1.5886	1.6079	-1.6079	1.6509	-1.6509	-1.6575	1.6575	1.6762	-1.6762	1.7251	-1.7251	1.7332	-1.7332	1.7435	-1.7435	1.7449	-1.7449	1.749	-1.749	1.7731	-1.7731	1.8066	-1.8066	1.8228	-1.8228	1.832	-1.832	1.8344	-1.8344	-1.8387	1.8387	-1.8468	1.8468	1.8537	-1.8537	1.8679	-1.8679	-1.8706	1.8706	1.9031	-1.9031	-1.9056	1.9056	1.9265	-1.9265	1.9361	-1.9361	-1.9434	1.9434	
0	0.92	-0.1191	0.1191	-0.28604	0.28604	-0.29987	0.29987	-0.30657	0.30657	-0.34595	0.34595	0.36319	-0.36319	0.36442	-0.36442	0.38858	-0.38858	0.42628	-0.42628	-0.45653	0.45653	-0.45998	0.45998	-0.48264	0.48264	-0.49037	0.49037	-0.50601	0.50601	-0.51006	0.51006	0.55412	-0.55412	0.55823	-0.55823	0.57425	-0.57425	0.58426	-0.58426	0.58811	-0.58811	0.59012	-0.59012	-0.59129	0.59129	0.59625	-0.59625	-0.61689	0.61689	-0.64705	0.64705	-0.64958	0.64958	0.66066	-0.66066	0.67371	-0.67371	0.70212	-0.70212	-0.72077	0.72077	-0.73187	0.73187	-0.73482	0.73482	-0.74664	0.74664	-0.75737	0.75737	-0.75827	0.75827	-0.77156	0.77156	-0.79081	0.79081	0.79346	-0.79346	-0.81045	0.81045	-0.82673	0.82673	0.83193	-0.83193	0.84116	-0.84116	-0.84715	0.84715	-0.88708	0.88708	-0.89055	0.89055	0.89991	-0.89991	0.92445	-0.92445	-0.92524	0.92524	0.93601	-0.93601	-0.93738	0.93738	0.96191	-0.96191	-0.99031	0.99031	1.0244	-1.0244	-1.0322	1.0322	-1.0376	1.0376	-1.0815	1.0815	-1.1458	1.1458	-1.1493	1.1493	1.1822	-1.1822	1.187	-1.187	-1.2255	1.2255	-1.2568	1.2568	1.2844	-1.2844	1.3249	-1.3249	-1.3331	1.3331	1.3565	-1.3565	-1.412	1.412	1.4193	-1.4193	-1.48	1.48	1.5398	-1.5398	1.5523	-1.5523	-1.5655	1.5655	-1.5677	1.5677	1.5768	-1.5768	1.5815	-1.5815	-1.5939	1.5939	1.608	-1.608	-1.6509	1.6509	-1.6577	1.6577	-1.6766	1.6766	1.7251	-1.7251	-1.7333	1.7333	-1.7435	1.7435	-1.7448	1.7448	1.749	-1.749	1.7731	-1.7731	1.8066	-1.8066	-1.8235	1.8235	-1.832	1.832	1.8344	-1.8344	-1.8388	1.8388	1.8474	-1.8474	1.8536	-1.8536	-1.8651	1.8651	1.8706	-1.8706	-1.9032	1.9032	-1.9059	1.9059	-1.9265	1.9265	1.935	-1.935	-1.9434	1.9434	
0	0.94	0.14381	-0.14381	-0.26848	0.26848	-0.29989	0.29989	-0.30656	0.30656	0.36324	-0.36324	-0.36877	0.36877	-0.38479	0.38479	0.38855	-0.38855	-0.42638	0.42638	-0.45665	0.45665	0.46007	-0.46007	0.49597	-0.49597	0.49748	-0.49748	-0.50601	0.50601	-0.52366	0.52366	-0.54033	0.54033	0.5629	-0.5629	0.57709	-0.57709	0.59019	-0.59019	-0.59302	0.59302	-0.6086	0.6086	-0.61177	0.61177	0.61251	-0.61251	-0.61747	0.61747	-0.64708	0.64708	0.64959	-0.64959	-0.68343	0.68343	0.70072	-0.70072	-0.70268	0.70268	0.71132	-0.71132	0.72562	-0.72562	-0.73168	0.73168	-0.74676	0.74676	-0.75722	0.75722	0.75737	-0.75737	-0.76784	0.76784	-0.76785	0.76785	-0.78456	0.78456	0.79064	-0.79064	-0.80363	0.80363	-0.8227	0.8227	0.82589	-0.82589	0.84115	-0.84115	-0.87097	0.87097	-0.87967	0.87967	-0.8882	0.8882	-0.91883	0.91883	-0.92329	0.92329	-0.93603	0.93603	-0.93737	0.93737	0.9621	-0.9621	-0.98629	0.98629	-1.0214	1.0214	-1.0233	1.0233	1.0377	-1.0377	-1.0816	1.0816	-1.1461	1.1461	-1.1493	1.1493	1.1819	-1.1819	1.1871	-1.1871	1.2255	-1.2255	-1.2566	1.2566	1.2846	-1.2846	1.3249	-1.3249	1.3331	-1.3331	1.3544	-1.3544	-1.4121	1.4121	1.4194	-1.4194	1.4799	-1.4799	-1.5389	1.5389	1.5518	-1.5518	-1.5657	1.5657	1.5679	-1.5679	-1.577	1.577	-1.579	1.579	1.5992	-1.5992	-1.6081	1.6081	1.6509	-1.6509	1.6577	-1.6577	-1.677	1.677	-1.7251	1.7251	1.7333	-1.7333	1.7435	-1.7435	1.7445	-1.7445	1.749	-1.749	-1.7731	1.7731	-1.8067	1.8067	1.8241	-1.8241	-1.832	1.832	1.8344	-1.8344	1.8389	-1.8389	-1.8478	1.8478	1.8534	-1.8534	-1.8622	1.8622	-1.8706	1.8706	1.9033	-1.9033	1.9062	-1.9062	-1.9265	1.9265	-1.934	1.934	1.9433	-1.9433	
0	0.96	-0.16839	0.16839	-0.24738	0.24738	-0.2999	0.2999	-0.30656	0.30656	0.36328	-0.36328	-0.38853	0.38853	0.39125	-0.39125	0.40717	-0.40717	0.42646	-0.42646	0.45672	-0.45672	-0.46013	0.46013	-0.48956	0.48956	0.4997	-0.4997	-0.50599	0.50599	-0.5186	0.5186	0.54841	-0.54841	0.56205	-0.56205	0.58076	-0.58076	-0.59026	0.59026	-0.60865	0.60865	-0.61627	0.61627	-0.62118	0.62118	0.63594	-0.63594	-0.63926	0.63926	0.64767	-0.64767	-0.6501	0.6501	-0.68916	0.68916	0.69803	-0.69803	0.69846	-0.69846	-0.72438	0.72438	0.7329	-0.7329	0.73814	-0.73814	0.74582	-0.74582	0.7469	-0.7469	0.7539	-0.7539	-0.75642	0.75642	-0.75954	0.75954	0.76863	-0.76863	0.77525	-0.77525	0.79108	-0.79108	-0.80742	0.80742	0.82167	-0.82167	0.84111	-0.84111	-0.84174	0.84174	-0.87007	0.87007	-0.88929	0.88929	0.91525	-0.91525	0.92321	-0.92321	0.93604	-0.93604	-0.93737	0.93737	-0.96224	0.96224	0.98209	-0.98209	1.0143	-1.0143	-1.0226	1.0226	1.0379	-1.0379	1.0817	-1.0817	-1.1464	1.1464	1.1493	-1.1493	1.1817	-1.1817	-1.1872	1.1872	-1.2256	1.2256	1.2564	-1.2564	1.2847	-1.2847	1.3249	-1.3249	-1.333	1.333	1.3525	-1.3525	1.4121	-1.4121	-1.4195	1.4195	-1.4799	1.4799	1.5379	-1.5379	1.5512	-1.5512	-1.5659	1.5659	1.5679	-1.5679	-1.5767	1.5767	-1.5773	1.5773	1.6045	-1.6045	1.6082	-1.6082	1.6509	-1.6509	1.6578	-1.6578	1.6774	-1.6774	-1.7251	1.7251	-1.7333	1.7333	-1.7435	1.7435	-1.7443	1.7443	1.749	-1.749	-1.7731	1.7731	-1.8067	1.8067	1.8247	-1.8247	-1.832	1.832	1.8344	-1.8344	1.8389	-1.8389	-1.8482	1.8482	-1.8533	1.8533	-1.8592	1.8592	1.8706	-1.8706	1.9034	-1.9034	1.9065	-1.9065	1.9266	-1.9266	1.9331	-1.9331	-1.9414	1.9414	
0	0.98	0.1927	-0.1927	0.22479	-0.22479	-0.29991	0.29991	-0.30656	0.30656	0.3633	-0.3633	0.38851	-0.38851	-0.4132	0.4132	0.42652	-0.42652	0.42866	-0.42866	0.45677	-0.45677	-0.46017	0.46017	0.47005	-0.47005	-0.49827	0.49827	-0.50096	0.50096	0.50598	-0.50598	-0.56927	0.56927	0.57105	-0.57105	-0.57837	0.57837	-0.5903	0.5903	-0.60658	0.60658	-0.62737	0.62737	0.6439	-0.6439	0.64652	-0.64652	0.64919	-0.64919	-0.64946	0.64946	-0.66747	0.66747	-0.67063	0.67063	0.68983	-0.68983	-0.69735	0.69735	-0.72726	0.72726	-0.72971	0.72971	-0.7368	0.7368	-0.73725	0.73725	0.74689	-0.74689	-0.74929	0.74929	0.75591	-0.75591	-0.75793	0.75793	-0.76386	0.76386	0.77797	-0.77797	-0.79096	0.79096	-0.79391	0.79391	-0.8131	0.8131	0.82132	-0.82132	-0.84109	0.84109	-0.86443	0.86443	-0.89035	0.89035	-0.91366	0.91366	0.92412	-0.92412	-0.93605	0.93605	0.93737	-0.93737	-0.96232	0.96232	0.97834	-0.97834	1.01	-1.01	1.022	-1.022	1.0383	-1.0383	-1.0818	1.0818	-1.1465	1.1465	1.1493	-1.1493	-1.1815	1.1815	-1.1872	1.1872	1.2256	-1.2256	1.2563	-1.2563	1.2848	-1.2848	1.3249	-1.3249	-1.333	1.333	-1.3508	1.3508	1.4122	-1.4122	-1.4196	1.4196	1.4799	-1.4799	1.5369	-1.5369	-1.5505	1.5505	1.566	-1.566	1.5676	-1.5676	1.5746	-1.5746	1.5774	-1.5774	1.6083	-1.6083	-1.6098	1.6098	1.6509	-1.6509	-1.6578	1.6578	1.6777	-1.6777	-1.7251	1.7251	1.7333	-1.7333	-1.7435	1.7435	1.744	-1.744	1.749	-1.749	1.7731	-1.7731	1.8067	-1.8067	1.8253	-1.8253	-1.8319	1.8319	-1.8344	1.8344	-1.839	1.839	-1.8486	1.8486	1.8531	-1.8531	1.8562	-1.8562	1.8706	-1.8706	1.9034	-1.9034	1.9066	-1.9066	1.9266	-1.9266	-1.9322	1.9322	-1.9397	1.9397	
0	1	0.20143	-0.20143	0.21658	-0.21658	-0.29992	0.29992	-0.30656	0.30656	-0.3633	0.3633	-0.38851	0.38851	0.42657	-0.42657	0.43427	-0.43427	0.44597	-0.44597	0.44724	-0.44724	0.45679	-0.45679	-0.46018	0.46018	0.47671	-0.47671	-0.50141	0.50141	-0.50598	0.50598	-0.57438	0.57438	0.57872	-0.57872	0.58888	-0.58888	0.59031	-0.59031	0.60503	-0.60503	0.62606	-0.62606	-0.64686	0.64686	-0.64933	0.64933	-0.65491	0.65491	-0.65553	0.65553	0.66843	-0.66843	-0.6776	0.6776	0.68423	-0.68423	0.68844	-0.68844	0.70291	-0.70291	0.72462	-0.72462	0.73223	-0.73223	-0.73968	0.73968	-0.74584	0.74584	0.74693	-0.74693	-0.75596	0.75596	-0.75783	0.75783	-0.7775	0.7775	-0.78846	0.78846	-0.79094	0.79094	-0.79449	0.79449	-0.79955	0.79955	0.8214	-0.8214	-0.84108	0.84108	-0.86445	0.86445	-0.89122	0.89122	0.91435	-0.91435	0.9263	-0.9263	-0.93605	0.93605	-0.93737	0.93737	-0.96234	0.96234	-0.97576	0.97576	1.0077	-1.0077	1.0216	-1.0216	1.0388	-1.0388	1.0818	-1.0818	1.1467	-1.1467	-1.1493	1.1493	1.1814	-1.1814	1.1872	-1.1872	-1.2256	1.2256	-1.2562	1.2562	-1.285	1.285	-1.3249	1.3249	1.333	-1.333	1.3492	-1.3492	-1.4122	1.4122	1.4195	-1.4195	1.4799	-1.4799	1.5359	-1.5359	-1.5497	1.5497	-1.5661	1.5661	1.5669	-1.5669	-1.5731	1.5731	1.5776	-1.5776	-1.6083	1.6083	-1.615	1.615	1.6509	-1.6509	-1.6578	1.6578	1.6779	-1.6779	-1.7251	1.7251	1.7333	-1.7333	1.7433	-1.7433	1.7437	-1.7437	1.749	-1.749	-1.7731	1.7731	-1.8067	1.8067	1.8259	-1.8259	-1.8319	1.8319	-1.8344	1.8344	-1.839	1.839	-1.8489	1.8489	-1.853	1.853	-1.8532	1.8532	1.8706	-1.8706	-1.9035	1.9035	1.9068	-1.9068	1.9266	-1.9266	-1.9314	1.9314	1.9382	-1.9382	
0	1.02	-0.17759	0.17759	0.23981	-0.23981	-0.29992	0.29992	0.30657	-0.30657	-0.3633	0.3633	0.38851	-0.38851	0.42018	-0.42018	0.4266	-0.4266	-0.45325	0.45325	0.45453	-0.45453	-0.45681	0.45681	-0.46017	0.46017	0.46083	-0.46083	0.50151	-0.50151	-0.50598	0.50598	0.57059	-0.57059	0.58773	-0.58773	0.59029	-0.59029	0.5937	-0.5937	0.60368	-0.60368	-0.61742	0.61742	-0.64533	0.64533	0.64672	-0.64672	0.64937	-0.64937	-0.65041	0.65041	0.66218	-0.66218	0.67323	-0.67323	-0.67401	0.67401	-0.67599	0.67599	0.70969	-0.70969	0.72455	-0.72455	-0.74035	0.74035	-0.74248	0.74248	-0.74654	0.74654	-0.74695	0.74695	-0.7566	0.7566	0.75779	-0.75779	-0.76165	0.76165	-0.79093	0.79093	-0.79297	0.79297	-0.81069	0.81069	-0.82237	0.82237	-0.82565	0.82565	-0.84109	0.84109	0.87151	-0.87151	-0.89177	0.89177	0.91817	-0.91817	-0.93005	0.93005	0.93605	-0.93605	-0.93737	0.93737	-0.96231	0.96231	0.97476	-0.97476	1.0066	-1.0066	1.0214	-1.0214	-1.0395	1.0395	1.0818	-1.0818	1.1468	-1.1468	-1.1493	1.1493	1.1813	-1.1813	1.1872	-1.1872	-1.2256	1.2256	1.2562	-1.2562	-1.2851	1.2851	-1.3249	1.3249	-1.333	1.333	1.3478	-1.3478	-1.4122	1.4122	-1.4195	1.4195	-1.4799	1.4799	-1.5348	1.5348	1.5487	-1.5487	1.5656	-1.5656	-1.566	1.566	-1.5724	1.5724	-1.5776	1.5776	1.6083	-1.6083	1.6202	-1.6202	-1.6509	1.6509	-1.6578	1.6578	1.678	-1.678	-1.7251	1.7251	1.7333	-1.7333	-1.7429	1.7429	1.7436	-1.7436	1.749	-1.749	-1.7731	1.7731	1.8067	-1.8067	1.8264	-1.8264	-1.8319	1.8319	-1.8344	1.8344	-1.8391	1.8391	-1.8491	1.8491	1.8501	-1.8501	-1.8529	1.8529	-1.8707	1.8707	1.9034	-1.9034	1.9068	-1.9068	1.9266	-1.9266	1.9307	-1.9307	-1.937	1.937	
0	1.04	-0.15346	0.15346	-0.26201	0.26201	0.29992	-0.29992	-0.30658	0.30658	0.36328	-0.36328	-0.38853	0.38853	-0.39365	0.39365	-0.42661	0.42661	0.43247	-0.43247	0.45677	-0.45677	0.46014	-0.46014	0.46096	-0.46096	0.47465	-0.47465	0.50127	-0.50127	-0.506	0.506	-0.56979	0.56979	-0.58161	0.58161	-0.59026	0.59026	0.59541	-0.59541	0.60248	-0.60248	-0.60279	0.60279	-0.63221	0.63221	-0.63755	0.63755	0.6445	-0.6445	-0.6446	0.6446	-0.64936	0.64936	0.65125	-0.65125	0.66231	-0.66231	-0.6817	0.6817	-0.71936	0.71936	-0.72974	0.72974	0.7364	-0.7364	-0.74042	0.74042	-0.74684	0.74684	-0.75754	0.75754	-0.75778	0.75778	-0.76727	0.76727	-0.77037	0.77037	-0.79095	0.79095	-0.80584	0.80584	-0.81872	0.81872	0.82694	-0.82694	0.84111	-0.84111	-0.85487	0.85487	-0.88645	0.88645	-0.89191	0.89191	0.92573	-0.92573	0.93572	-0.93572	0.93605	-0.93605	0.93737	-0.93737	-0.96222	0.96222	-0.97553	0.97553	1.0065	-1.0065	1.0214	-1.0214	-1.0404	1.0404	-1.0817	1.0817	-1.1468	1.1468	1.1493	-1.1493	1.1814	-1.1814	-1.1872	1.1872	1.2256	-1.2256	-1.2562	1.2562	1.2852	-1.2852	1.3249	-1.3249	-1.333	1.333	-1.3466	1.3466	-1.4121	1.4121	1.4193	-1.4193	1.4799	-1.4799	1.5337	-1.5337	1.5474	-1.5474	1.5639	-1.5639	1.566	-1.566	1.5721	-1.5721	1.5777	-1.5777	-1.6082	1.6082	1.6253	-1.6253	-1.6509	1.6509	-1.6578	1.6578	-1.6782	1.6782	-1.7251	1.7251	1.7333	-1.7333	1.7424	-1.7424	1.7436	-1.7436	1.749	-1.749	-1.7731	1.7731	-1.8067	1.8067	1.8269	-1.8269	1.832	-1.832	-1.8344	1.8344	1.8391	-1.8391	-1.8471	1.8471	1.8493	-1.8493	-1.8528	1.8528	1.8707	-1.8707	-1.9034	1.9034	-1.9068	1.9068	-1.9266	1.9266	1.93	-1.93	-1.9362	1.9362	

0.21053	-1.04	0.13462	-0.13462	0.2219	-0.2219	0.30343	-0.30343	0.30649	-0.30649	0.3159	-0.3159	0.35343	-0.35343	0.37565	-0.37565	0.39183	-0.39183	0.4183	-0.4183	0.43787	-0.43787	0.45003	-0.45003	0.46499	-0.46499	0.48043	-0.48043	-0.49618	0.49618	0.50895	-0.50895	-0.52401	0.52401	-0.5332	0.5332	0.54877	-0.54877	-0.57186	0.57186	-0.58211	0.58211	0.59475	-0.59475	0.60206	-0.60206	-0.60958	0.60958	-0.6167	0.6167	0.63271	-0.63271	0.64874	-0.64874	0.65762	-0.65762	0.68227	-0.68227	0.70034	-0.70034	0.7056	-0.7056	0.7227	-0.7227	0.74379	-0.74379	-0.75105	0.75105	0.76027	-0.76027	0.78611	-0.78611	-0.79224	0.79224	-0.80279	0.80279	-0.80761	0.80761	0.81885	-0.81885	0.8349	-0.8349	0.84204	-0.84204	0.85491	-0.85491	-0.86124	0.86124	0.8764	-0.8764	0.89883	-0.89883	-0.90352	0.90352	0.91719	-0.91719	0.92602	-0.92602	0.94437	-0.94437	-0.96216	0.96216	0.96943	-0.96943	1.0007	-1.0007	1.0185	-1.0185	1.0358	-1.0358	1.045	-1.045	-1.088	1.088	-1.1211	1.1211	-1.1519	1.1519	1.1808	-1.1808	-1.232	1.232	1.238	-1.238	1.2541	-1.2541	1.2687	-1.2687	1.3041	-1.3041	1.3322	-1.3322	-1.3525	1.3525	1.3826	-1.3826	1.4334	-1.4334	1.4871	-1.4871	1.5148	-1.5148	-1.5335	1.5335	-1.5565	1.5565	1.5769	-1.5769	1.5897	-1.5897	1.6002	-1.6002	-1.6095	1.6095	1.6198	-1.6198	1.6354	-1.6354	-1.6959	1.6959	1.7108	-1.7108	-1.7218	1.7218	1.7413	-1.7413	1.748	-1.748	1.7524	-1.7524	1.7625	-1.7625	-1.7869	1.7869	1.7978	-1.7978	-1.8051	1.8051	1.8143	-1.8143	1.8195	-1.8195	-1.8349	1.8349	1.8441	-1.8441	-1.8602	1.8602	-1.8695	1.8695	-1.8801	1.8801	1.8888	-1.8888	1.8973	-1.8973	1.908	-1.908	-1.9225	1.9225	1.9432	-1.9432	
0.21053	-1.02	0.15128	-0.15128	0.20875	-0.20875	0.30383	-0.30383	0.30681	-0.30681	0.32514	-0.32514	-0.3574	0.3574	0.37987	-0.37987	0.39354	-0.39354	-0.41751	0.41751	0.43508	-0.43508	0.44681	-0.44681	0.46593	-0.46593	0.48116	-0.48116	-0.49646	0.49646	0.50947	-0.50947	0.52923	-0.52923	0.53916	-0.53916	0.55384	-0.55384	0.57248	-0.57248	-0.58512	0.58512	0.59737	-0.59737	0.60702	-0.60702	0.61021	-0.61021	0.62278	-0.62278	0.63309	-0.63309	0.6514	-0.6514	0.65942	-0.65942	0.68458	-0.68458	0.70408	-0.70408	0.71254	-0.71254	0.71907	-0.71907	-0.74056	0.74056	0.75073	-0.75073	0.75727	-0.75727	0.77772	-0.77772	-0.78994	0.78994	0.80014	-0.80014	0.80169	-0.80169	-0.81444	0.81444	0.8291	-0.8291	0.84016	-0.84016	0.8535	-0.8535	0.85847	-0.85847	0.87193	-0.87193	-0.89665	0.89665	0.90192	-0.90192	0.91526	-0.91526	0.92547	-0.92547	0.94282	-0.94282	0.96094	-0.96094	0.96901	-0.96901	0.99755	-0.99755	1.0131	-1.0131	1.0355	-1.0355	1.0452	-1.0452	1.088	-1.088	1.121	-1.121	-1.1517	1.1517	1.1807	-1.1807	-1.2321	1.2321	1.2379	-1.2379	-1.2541	1.2541	1.2687	-1.2687	1.3039	-1.3039	1.3321	-1.3321	1.3522	-1.3522	-1.3816	1.3816	1.4335	-1.4335	1.4868	-1.4868	1.5143	-1.5143	-1.533	1.533	1.5575	-1.5575	1.5766	-1.5766	1.5904	-1.5904	1.6001	-1.6001	1.6111	-1.6111	-1.6198	1.6198	1.6353	-1.6353	-1.6964	1.6964	1.7108	-1.7108	1.7219	-1.7219	1.7412	-1.7412	1.748	-1.748	1.7525	-1.7525	1.7626	-1.7626	1.7866	-1.7866	1.7976	-1.7976	1.8051	-1.8051	1.814	-1.814	1.8194	-1.8194	1.8342	-1.8342	-1.844	1.844	1.8601	-1.8601	-1.869	1.869	1.8796	-1.8796	1.8886	-1.8886	1.8973	-1.8973	1.9079	-1.9079	-1.922	1.922	1.9429	-1.9429	
0.21053	-1	0.15916	-0.15916	-0.20132	0.20132	0.30392	-0.30392	0.30691	-0.30691	0.33078	-0.33078	-0.35909	0.35909	0.38226	-0.38226	0.39313	-0.39313	0.41445	-0.41445	0.43125	-0.43125	0.4447	-0.4447	0.46672	-0.46672	0.4811	-0.4811	0.4964	-0.4964	0.50953	-0.50953	0.53128	-0.53128	-0.54132	0.54132	0.5568	-0.5568	-0.57259	0.57259	0.5863	-0.5863	0.59854	-0.59854	0.60769	-0.60769	0.61007	-0.61007	0.62522	-0.62522	0.63225	-0.63225	0.6508	-0.6508	0.6609	-0.6609	0.68303	-0.68303	0.70278	-0.70278	0.70902	-0.70902	0.72636	-0.72636	0.74185	-0.74185	0.75182	-0.75182	0.7563	-0.7563	0.77311	-0.77311	-0.78904	0.78904	0.79668	-0.79668	0.8005	-0.8005	-0.81171	0.81171	0.82781	-0.82781	-0.84396	0.84396	-0.854	0.854	-0.85789	0.85789	-0.87079	0.87079	-0.89636	0.89636	0.90167	-0.90167	0.91566	-0.91566	0.92593	-0.92593	0.94344	-0.94344	0.96043	-0.96043	0.96913	-0.96913	0.99542	-0.99542	1.0104	-1.0104	1.0358	-1.0358	1.0456	-1.0456	-1.0881	1.0881	1.1209	-1.1209	1.1515	-1.1515	1.1808	-1.1808	1.2321	-1.2321	1.238	-1.238	1.2541	-1.2541	1.2688	-1.2688	1.3038	-1.3038	1.332	-1.332	1.352	-1.352	1.3807	-1.3807	1.4334	-1.4334	1.4864	-1.4864	-1.5138	1.5138	1.5326	-1.5326	1.5584	-1.5584	1.576	-1.576	-1.5907	1.5907	1.6	-1.6	1.6131	-1.6131	1.62	-1.62	1.6352	-1.6352	1.6968	-1.6968	1.7108	-1.7108	-1.7219	1.7219	-1.7411	1.7411	1.7479	-1.7479	-1.7526	1.7526	1.7627	-1.7627	1.7864	-1.7864	1.7972	-1.7972	1.8051	-1.8051	1.8137	-1.8137	1.8193	-1.8193	1.8335	-1.8335	-1.844	1.844	1.8601	-1.8601	-1.8687	1.8687	-1.8791	1.8791	1.8884	-1.8884	1.8972	-1.8972	1.9079	-1.9079	-1.9214	1.9214	1.9426	-1.9426	
0.21053	-0.98	0.15091	-0.15091	0.20717	-0.20717	0.3039	-0.3039	0.30683	-0.30683	0.33187	-0.33187	-0.35915	0.35915	0.38177	-0.38177	-0.38864	0.38864	0.40792	-0.40792	0.42975	-0.42975	0.44517	-0.44517	-0.46751	0.46751	0.48055	-0.48055	-0.49604	0.49604	0.50939	-0.50939	0.52937	-0.52937	-0.53926	0.53926	0.55697	-0.55697	-0.57241	0.57241	-0.58537	0.58537	0.5981	-0.5981	0.60524	-0.60524	0.60902	-0.60902	0.62244	-0.62244	0.62932	-0.62932	0.64862	-0.64862	0.66065	-0.66065	0.67331	-0.67331	0.69944	-0.69944	0.70929	-0.70929	0.73105	-0.73105	0.74925	-0.74925	0.75131	-0.75131	0.75927	-0.75927	0.77309	-0.77309	-0.79103	0.79103	-0.7959	0.7959	0.80152	-0.80152	0.81178	-0.81178	0.82931	-0.82931	0.84972	-0.84972	0.85591	-0.85591	0.86116	-0.86116	-0.87509	0.87509	0.89761	-0.89761	0.90292	-0.90292	0.91801	-0.91801	0.92768	-0.92768	0.94582	-0.94582	-0.96073	0.96073	0.9698	-0.9698	0.99478	-0.99478	1.0101	-1.0101	1.0365	-1.0365	1.0463	-1.0463	1.0881	-1.0881	1.1209	-1.1209	1.1513	-1.1513	-1.1809	1.1809	-1.2322	1.2322	1.2381	-1.2381	1.2541	-1.2541	-1.2688	1.2688	1.3038	-1.3038	1.332	-1.332	-1.3518	1.3518	1.38	-1.38	-1.4334	1.4334	1.4861	-1.4861	1.5133	-1.5133	1.5321	-1.5321	1.5592	-1.5592	1.5752	-1.5752	1.5908	-1.5908	-1.5997	1.5997	1.6153	-1.6153	1.6204	-1.6204	1.6352	-1.6352	1.6972	-1.6972	-1.7108	1.7108	1.722	-1.722	1.7409	-1.7409	1.7478	-1.7478	1.7527	-1.7527	-1.7628	1.7628	-1.7861	1.7861	1.7968	-1.7968	-1.805	1.805	-1.8134	1.8134	1.8192	-1.8192	1.8328	-1.8328	-1.844	1.844	1.86	-1.86	1.8684	-1.8684	1.8786	-1.8786	-1.8883	1.8883	1.8971	-1.8971	1.9078	-1.9078	-1.9209	1.9209	1.9424	-1.9424	
0.21053	-0.96	0.13372	-0.13372	0.21893	-0.21893	0.30377	-0.30377	-0.30649	0.30649	0.32812	-0.32812	0.35672	-0.35672	0.37499	-0.37499	-0.38634	0.38634	0.39925	-0.39925	0.42929	-0.42929	0.44744	-0.44744	0.46828	-0.46828	0.47962	-0.47962	0.49535	-0.49535	0.50891	-0.50891	0.52336	-0.52336	0.5332	-0.5332	0.5532	-0.5532	-0.57188	0.57188	-0.5818	0.5818	-0.59562	0.59562	0.60071	-0.60071	0.60637	-0.60637	0.61613	-0.61613	0.6242	-0.6242	0.64524	-0.64524	-0.65796	0.65796	0.66164	-0.66164	0.69857	-0.69857	0.71063	-0.71063	-0.73099	0.73099	0.74925	-0.74925	0.7608	-0.7608	0.76404	-0.76404	0.77828	-0.77828	0.79429	-0.79429	0.79798	-0.79798	-0.80512	0.80512	0.81645	-0.81645	0.83327	-0.83327	0.85237	-0.85237	0.86165	-0.86165	0.86665	-0.86665	0.88496	-0.88496	0.90047	-0.90047	-0.90587	0.90587	0.92207	-0.92207	0.93138	-0.93138	-0.94963	0.94963	-0.96195	0.96195	0.97129	-0.97129	0.99607	-0.99607	1.0121	-1.0121	1.0379	-1.0379	1.0473	-1.0473	1.0883	-1.0883	1.1209	-1.1209	1.1512	-1.1512	1.181	-1.181	1.2322	-1.2322	1.2382	-1.2382	-1.2541	1.2541	1.269	-1.269	1.3038	-1.3038	1.3319	-1.3319	-1.3516	1.3516	1.3793	-1.3793	1.4333	-1.4333	1.4857	-1.4857	1.5128	-1.5128	1.5316	-1.5316	1.5599	-1.5599	-1.5742	1.5742	1.5907	-1.5907	-1.5993	1.5993	-1.617	1.617	1.6215	-1.6215	1.6354	-1.6354	1.6976	-1.6976	-1.7108	1.7108	1.722	-1.722	-1.7408	1.7408	1.7477	-1.7477	-1.7528	1.7528	-1.7628	1.7628	1.7859	-1.7859	-1.7964	1.7964	1.805	-1.805	1.8131	-1.8131	1.8192	-1.8192	-1.8322	1.8322	1.844	-1.844	-1.8599	1.8599	-1.8683	1.8683	1.8781	-1.8781	1.8882	-1.8882	1.8971	-1.8971	1.9078	-1.9078	-1.9205	1.9205	-1.9422	1.9422	
0.21053	-0.94	0.11366	-0.11366	0.22989	-0.22989	0.30313	-0.30313	0.30567	-0.30567	0.32019	-0.32019	0.34879	-0.34879	0.36852	-0.36852	0.38512	-0.38512	0.39088	-0.39088	0.42884	-0.42884	0.44873	-0.44873	0.46839	-0.46839	0.47818	-0.47818	0.49402	-0.49402	0.50746	-0.50746	0.51418	-0.51418	0.52429	-0.52429	0.5446	-0.5446	-0.57011	0.57011	0.57526	-0.57526	-0.58862	0.58862	0.59453	-0.59453	-0.60179	0.60179	0.61102	-0.61102	0.61899	-0.61899	0.63842	-0.63842	0.65203	-0.65203	0.65737	-0.65737	0.69862	-0.69862	0.71152	-0.71152	0.73142	-0.73142	0.74904	-0.74904	0.7635	-0.7635	-0.77381	0.77381	0.78633	-0.78633	0.79786	-0.79786	-0.80292	0.80292	-0.81101	0.81101	-0.82652	0.82652	0.8402	-0.8402	0.85347	-0.85347	0.86999	-0.86999	0.87295	-0.87295	0.89455	-0.89455	0.90586	-0.90586	0.91203	-0.91203	0.92762	-0.92762	-0.93752	0.93752	-0.95452	0.95452	0.96425	-0.96425	0.97428	-0.97428	0.9996	-0.9996	1.0161	-1.0161	1.0404	-1.0404	-1.0489	1.0489	-1.0885	1.0885	-1.1209	1.1209	1.1511	-1.1511	1.1812	-1.1812	-1.2323	1.2323	1.2384	-1.2384	1.2542	-1.2542	1.2691	-1.2691	1.3038	-1.3038	-1.3318	1.3318	1.3513	-1.3513	1.3787	-1.3787	1.4332	-1.4332	1.4853	-1.4853	-1.5122	1.5122	-1.5311	1.5311	1.5604	-1.5604	1.573	-1.573	1.5906	-1.5906	1.5989	-1.5989	-1.6178	1.6178	1.6235	-1.6235	-1.6357	1.6357	1.698	-1.698	1.7108	-1.7108	1.7221	-1.7221	1.7406	-1.7406	1.7476	-1.7476	1.753	-1.753	-1.7627	1.7627	1.7856	-1.7856	1.7958	-1.7958	-1.8049	1.8049	-1.8128	1.8128	1.8193	-1.8193	-1.8316	1.8316	-1.844	1.844	-1.8599	1.8599	1.8682	-1.8682	1.8777	-1.8777	1.8881	-1.8881	-1.897	1.897	1.9078	-1.9078	-1.92	1.92	1.9421	-1.9421	
0.21053	-0.92	-0.092509	0.092509	0.23718	-0.23718	0.29844	-0.29844	0.30474	-0.30474	0.31198	-0.31198	0.33595	-0.33595	0.36561	-0.36561	0.37932	-0.37932	0.38784	-0.38784	0.42835	-0.42835	0.4469	-0.4469	0.46678	-0.46678	0.47572	-0.47572	0.49048	-0.49048	0.50196	-0.50196	0.50592	-0.50592	0.51511	-0.51511	-0.53169	0.53169	0.5603	-0.5603	-0.5709	0.5709	-0.57647	0.57647	0.58482	-0.58482	0.59952	-0.59952	0.60873	-0.60873	0.61394	-0.61394	0.63292	-0.63292	0.64758	-0.64758	0.65513	-0.65513	0.69892	-0.69892	0.71194	-0.71194	-0.73509	0.73509	0.74937	-0.74937	0.76457	-0.76457	0.78055	-0.78055	0.79119	-0.79119	0.80346	-0.80346	-0.81054	0.81054	0.8203	-0.8203	0.83905	-0.83905	0.84921	-0.84921	0.85674	-0.85674	0.87544	-0.87544	0.88415	-0.88415	0.90049	-0.90049	-0.90996	0.90996	0.92449	-0.92449	0.93465	-0.93465	-0.94547	0.94547	-0.95964	0.95964	0.96803	-0.96803	0.98042	-0.98042	-1.0058	1.0058	1.0216	-1.0216	1.0441	-1.0441	1.052	-1.052	1.0888	-1.0888	-1.121	1.121	1.1511	-1.1511	1.1815	-1.1815	1.2323	-1.2323	1.2387	-1.2387	1.2543	-1.2543	-1.2693	1.2693	1.3039	-1.3039	1.3317	-1.3317	1.3511	-1.3511	-1.3783	1.3783	1.4331	-1.4331	1.4849	-1.4849	-1.5117	1.5117	-1.5306	1.5306	1.5607	-1.5607	1.5717	-1.5717	-1.5904	1.5904	1.5985	-1.5985	-1.618	1.618	-1.626	1.626	1.6363	-1.6363	1.6983	-1.6983	1.7108	-1.7108	1.7221	-1.7221	-1.7404	1.7404	1.7475	-1.7475	-1.7531	1.7531	1.7626	-1.7626	-1.7854	1.7854	-1.7952	1.7952	1.8048	-1.8048	1.8126	-1.8126	1.8193	-1.8193	1.831	-1.831	1.844	-1.844	1.8598	-1.8598	1.8681	-1.8681	1.8773	-1.8773	1.8881	-1.8881	-1.897	1.897	1.9077	-1.9077	1.9196	-1.9196	1.942	-1.942	
0.21053	-0.9	0.070968	-0.070968	0.23861	-0.23861	0.28545	-0.28545	0.30425	-0.30425	0.30852	-0.30852	-0.32177	0.32177	-0.36357	0.36357	-0.37259	0.37259	-0.38747	0.38747	-0.42765	0.42765	0.44048	-0.44048	0.46235	-0.46235	0.47057	-0.47057	0.48332	-0.48332	0.4928	-0.4928	-0.499	0.499	0.5076	-0.5076	-0.51839	0.51839	-0.5445	0.5445	-0.5572	0.5572	-0.57035	0.57035	0.57489	-0.57489	-0.59817	0.59817	0.60711	-0.60711	-0.61118	0.61118	0.6313	-0.6313	0.64362	-0.64362	0.65414	-0.65414	0.69929	-0.69929	0.71222	-0.71222	-0.74093	0.74093	0.75099	-0.75099	0.76544	-0.76544	-0.78438	0.78438	-0.79335	0.79335	0.8072	-0.8072	0.81953	-0.81953	-0.83343	0.83343	-0.84942	0.84942	0.85619	-0.85619	0.86708	-0.86708	0.88212	-0.88212	-0.89603	0.89603	-0.90638	0.90638	-0.91523	0.91523	-0.93518	0.93518	0.94481	-0.94481	0.9532	-0.9532	-0.96432	0.96432	-0.97312	0.97312	-0.99185	0.99185	-1.0149	1.0149	1.0278	-1.0278	-1.048	1.048	-1.0591	1.0591	1.0894	-1.0894	1.1212	-1.1212	1.1511	-1.1511	-1.1819	1.1819	-1.2323	1.2323	1.2391	-1.2391	-1.2544	1.2544	1.2696	-1.2696	1.3041	-1.3041	1.3317	-1.3317	-1.3509	1.3509	-1.3779	1.3779	1.433	-1.433	1.4845	-1.4845	-1.5111	1.5111	-1.5301	1.5301	1.5607	-1.5607	-1.5703	1.5703	-1.5902	1.5902	1.598	-1.598	1.618	-1.618	1.6284	-1.6284	-1.6373	1.6373	-1.6987	1.6987	-1.7108	1.7108	1.7222	-1.7222	1.7402	-1.7402	-1.7474	1.7474	1.7532	-1.7532	-1.7625	1.7625	-1.7851	1.7851	1.7946	-1.7946	-1.8047	1.8047	1.8123	-1.8123	-1.8194	1.8194	1.8304	-1.8304	1.8441	-1.8441	1.8598	-1.8598	-1.8681	1.8681	-1.8769	1.8769	1.888	-1.888	-1.897	1.897	1.9077	-1.9077	-1.9191	1.9191	-1.9419	1.9419	
0.21053	-0.88	0.049508	-0.049508	0.23279	-0.23279	0.26908	-0.26908	0.30166	-0.30166	0.30636	-0.30636	0.30989	-0.30989	0.36078	-0.36078	-0.36835	0.36835	0.3873	-0.3873	0.42474	-0.42474	0.43116	-0.43116	0.45017	-0.45017	0.46481	-0.46481	0.47686	-0.47686	-0.4798	0.4798	0.48851	-0.48851	0.4995	-0.4995	-0.51246	0.51246	0.52631	-0.52631	0.5396	-0.5396	0.55832	-0.55832	-0.57329	0.57329	0.59686	-0.59686	0.6059	-0.6059	0.61053	-0.61053	0.6318	-0.6318	-0.64172	0.64172	0.65387	-0.65387	0.69968	-0.69968	0.71253	-0.71253	0.74483	-0.74483	0.75616	-0.75616	0.7668	-0.7668	0.7868	-0.7868	0.79524	-0.79524	0.80986	-0.80986	0.82537	-0.82537	-0.84969	0.84969	0.85251	-0.85251	0.86445	-0.86445	0.88276	-0.88276	0.88795	-0.88795	-0.90821	0.90821	-0.9127	0.9127	-0.92551	0.92551	0.94383	-0.94383	0.95642	-0.95642	0.9588	-0.9588	-0.97037	0.97037	-0.97877	0.97877	-1.0084	1.0084	1.0237	-1.0237	1.0377	-1.0377	1.0518	-1.0518	1.0708	-1.0708	-1.0906	1.0906	1.1215	-1.1215	-1.1512	1.1512	1.1823	-1.1823	-1.2322	1.2322	1.2396	-1.2396	1.2545	-1.2545	1.2699	-1.2699	1.3043	-1.3043	1.3317	-1.3317	1.3506	-1.3506	1.3777	-1.3777	1.4328	-1.4328	-1.4841	1.4841	1.5104	-1.5104	1.5295	-1.5295	1.5604	-1.5604	1.5691	-1.5691	-1.59	1.59	-1.5976	1.5976	1.6179	-1.6179	1.6303	-1.6303	1.6389	-1.6389	1.699	-1.699	1.7109	-1.7109	1.7222	-1.7222	1.74	-1.74	1.7473	-1.7473	-1.7533	1.7533	1.7623	-1.7623	1.7848	-1.7848	-1.7939	1.7939	1.8046	-1.8046	1.8121	-1.8121	-1.8195	1.8195	-1.83	1.83	-1.8441	1.8441	1.8598	-1.8598	-1.8682	1.8682	-1.8766	1.8766	1.888	-1.888	-1.8969	1.8969	1.9077	-1.9077	-1.9187	1.9187	-1.9419	1.9419	
0.21053	-0.86	-0.028605	0.028605	0.22016	-0.22016	0.25219	-0.25219	-0.28807	0.28807	0.30501	-0.30501	0.30766	-0.30766	-0.35653	0.35653	0.36623	-0.36623	-0.38698	0.38698	-0.41189	0.41189	0.42798	-0.42798	0.43188	-0.43188	0.45615	-0.45615	0.46296	-0.46296	0.47034	-0.47034	0.4761	-0.4761	0.49515	-0.49515	-0.50406	0.50406	-0.51203	0.51203	0.52345	-0.52345	0.54654	-0.54654	-0.57306	0.57306	-0.59567	0.59567	0.60487	-0.60487	-0.61068	0.61068	0.63254	-0.63254	0.64333	-0.64333	0.65403	-0.65403	0.70011	-0.70011	0.71287	-0.71287	-0.74602	0.74602	-0.76182	0.76182	0.77066	-0.77066	0.78865	-0.78865	0.79804	-0.79804	-0.81206	0.81206	0.82959	-0.82959	0.85238	-0.85238	-0.86474	0.86474	0.87393	-0.87393	0.89048	-0.89048	-0.90064	0.90064	-0.9129	0.9129	0.92845	-0.92845	0.93747	-0.93747	0.95599	-0.95599	-0.96047	0.96047	-0.96813	0.96813	0.97769	-0.97769	0.98703	-0.98703	-1.0254	1.0254	-1.03	1.03	-1.0526	1.0526	1.059	-1.059	-1.0827	1.0827	-1.0955	1.0955	-1.1222	1.1222	1.1514	-1.1514	-1.1828	1.1828	1.2322	-1.2322	1.2402	-1.2402	1.2546	-1.2546	1.2703	-1.2703	1.3045	-1.3045	1.3317	-1.3317	-1.3504	1.3504	-1.3776	1.3776	1.4326	-1.4326	1.4837	-1.4837	1.5097	-1.5097	-1.529	1.529	1.5596	-1.5596	-1.568	1.568	1.5899	-1.5899	-1.5972	1.5972	1.6177	-1.6177	-1.6316	1.6316	-1.6412	1.6412	-1.6993	1.6993	-1.7109	1.7109	1.7223	-1.7223	-1.7397	1.7397	-1.7471	1.7471	1.7534	-1.7534	-1.762	1.762	-1.7846	1.7846	-1.7932	1.7932	1.8044	-1.8044	-1.8119	1.8119	1.8196	-1.8196	1.8296	-1.8296	-1.8442	1.8442	1.8598	-1.8598	-1.8682	1.8682	-1.8764	1.8764	1.8879	-1.8879	-1.8969	1.8969	1.9077	-1.9077	-1.9183	1.9183	1.9419	-1.9419	
0.21053	-0.84	0.0088839	-0.0088839	0.2029	-0.2029	0.23566	-0.23566	-0.27044	0.27044	0.30455	-0.30455	0.30727	-0.30727	0.34947	-0.34947	0.36494	-0.36494	0.38568	-0.38568	-0.3959	0.3959	-0.41126	0.41126	0.42654	-0.42654	0.43865	-0.43865	-0.44318	0.44318	0.46578	-0.46578	0.46838	-0.46838	0.48175	-0.48175	0.49122	-0.49122	-0.50521	0.50521	0.51556	-0.51556	0.5377	-0.5377	-0.57297	0.57297	-0.59468	0.59468	-0.60395	0.60395	0.61104	-0.61104	0.63277	-0.63277	0.64769	-0.64769	0.6549	-0.6549	0.70059	-0.70059	-0.71323	0.71323	-0.7464	0.7464	0.76392	-0.76392	-0.77679	0.77679	-0.79027	0.79027	-0.80286	0.80286	-0.81417	0.81417	0.83357	-0.83357	-0.85311	0.85311	-0.86941	0.86941	0.88705	-0.88705	0.8982	-0.8982	-0.90678	0.90678	0.92427	-0.92427	-0.93999	0.93999	-0.95591	0.95591	0.96136	-0.96136	0.97123	-0.97123	0.97657	-0.97657	-0.98671	0.98671	0.99985	-0.99985	-1.031	1.031	-1.0421	1.0421	-1.0666	1.0666	1.0771	-1.0771	1.0874	-1.0874	1.1092	-1.1092	-1.124	1.124	-1.1518	1.1518	-1.1835	1.1835	-1.2321	1.2321	1.2409	-1.2409	1.2548	-1.2548	-1.2708	1.2708	-1.3049	1.3049	-1.3318	1.3318	-1.3502	1.3502	-1.3777	1.3777	1.4324	-1.4324	-1.4832	1.4832	-1.509	1.509	-1.5284	1.5284	1.5582	-1.5582	1.5674	-1.5674	-1.5897	1.5897	1.5968	-1.5968	-1.6175	1.6175	1.6324	-1.6324	1.644	-1.644	1.6996	-1.6996	1.711	-1.711	1.7223	-1.7223	-1.7395	1.7395	1.747	-1.747	-1.7535	1.7535	-1.7617	1.7617	1.7843	-1.7843	-1.7925	1.7925	1.8043	-1.8043	-1.8117	1.8117	1.8198	-1.8198	-1.8292	1.8292	1.8442	-1.8442	-1.8598	1.8598	-1.8683	1.8683	-1.8763	1.8763	-1.8879	1.8879	1.8968	-1.8968	1.9077	-1.9077	-1.9179	1.9179	1.942	-1.942	
0.21053	-0.82	0.0087297	-0.0087297	-0.18319	0.18319	0.22025	-0.22025	0.25104	-0.25104	0.30411	-0.30411	0.30704	-0.30704	0.33776	-0.33776	0.36356	-0.36356	0.37519	-0.37519	0.38537	-0.38537	0.39309	-0.39309	0.41562	-0.41562	0.41812	-0.41812	0.43094	-0.43094	0.45385	-0.45385	0.45995	-0.45995	0.46633	-0.46633	0.48179	-0.48179	0.50181	-0.50181	0.51367	-0.51367	0.53259	-0.53259	-0.57289	0.57289	-0.59389	0.59389	0.60313	-0.60313	0.61147	-0.61147	0.63288	-0.63288	0.65126	-0.65126	0.65828	-0.65828	0.70119	-0.70119	0.71361	-0.71361	0.74656	-0.74656	0.76479	-0.76479	-0.78096	0.78096	-0.79167	0.79167	0.80884	-0.80884	0.817	-0.817	0.83832	-0.83832	0.85376	-0.85376	0.87341	-0.87341	0.88961	-0.88961	0.90755	-0.90755	0.91766	-0.91766	0.93056	-0.93056	-0.95632	0.95632	-0.96231	0.96231	-0.97515	0.97515	0.97915	-0.97915	-0.98924	0.98924	1.0025	-1.0025	1.0142	-1.0142	1.0353	-1.0353	1.0491	-1.0491	1.0845	-1.0845	1.0911	-1.0911	1.0992	-1.0992	1.1203	-1.1203	1.1336	-1.1336	-1.1527	1.1527	1.1843	-1.1843	-1.232	1.232	1.2418	-1.2418	-1.2551	1.2551	1.2713	-1.2713	1.3052	-1.3052	1.332	-1.332	-1.35	1.35	-1.3779	1.3779	1.4321	-1.4321	1.4827	-1.4827	1.5081	-1.5081	-1.5277	1.5277	1.5565	-1.5565	-1.567	1.567	-1.5896	1.5896	-1.5965	1.5965	-1.6172	1.6172	1.6329	-1.6329	-1.647	1.647	-1.6999	1.6999	1.7111	-1.7111	1.7224	-1.7224	1.7392	-1.7392	1.7469	-1.7469	1.7537	-1.7537	-1.7614	1.7614	1.7841	-1.7841	-1.7918	1.7918	-1.8041	1.8041	1.8115	-1.8115	-1.8199	1.8199	-1.829	1.829	1.8443	-1.8443	1.8598	-1.8598	1.8684	-1.8684	1.8762	-1.8762	1.8879	-1.8879	1.8968	-1.8968	-1.9077	1.9077	1.9174	-1.9174	1.9421	-1.9421	
0.21053	-0.8	0.022842	-0.022842	-0.16247	0.16247	0.20728	-0.20728	0.23037	-0.23037	0.30323	-0.30323	0.30666	-0.30666	-0.32172	0.32172	0.35427	-0.35427	0.36302	-0.36302	0.36842	-0.36842	-0.38861	0.38861	0.39182	-0.39182	-0.39961	0.39961	0.42757	-0.42757	0.43481	-0.43481	0.43955	-0.43955	0.46489	-0.46489	0.47632	-0.47632	0.50078	-0.50078	0.51316	-0.51316	0.53092	-0.53092	-0.5728	0.5728	-0.59326	0.59326	0.60245	-0.60245	0.61196	-0.61196	0.63307	-0.63307	0.65241	-0.65241	-0.66449	0.66449	0.70194	-0.70194	0.71405	-0.71405	0.74663	-0.74663	0.7654	-0.7654	0.78308	-0.78308	0.79284	-0.79284	-0.8126	0.8126	0.82123	-0.82123	0.84419	-0.84419	-0.85452	0.85452	-0.87932	0.87932	0.89012	-0.89012	0.90804	-0.90804	0.93245	-0.93245	0.93781	-0.93781	-0.96405	0.96405	0.97167	-0.97167	0.98198	-0.98198	-0.99382	0.99382	-1.0093	1.0093	1.0195	-1.0195	1.0284	-1.0284	-1.0433	1.0433	1.0541	-1.0541	1.0887	-1.0887	-1.1116	1.1116	1.1159	-1.1159	1.1295	-1.1295	-1.1494	1.1494	-1.1575	1.1575	1.1856	-1.1856	-1.232	1.232	1.2429	-1.2429	-1.2553	1.2553	-1.272	1.272	1.3057	-1.3057	-1.3322	1.3322	-1.3499	1.3499	-1.3784	1.3784	1.4319	-1.4319	-1.4823	1.4823	-1.5072	1.5072	-1.5271	1.5271	1.5544	-1.5544	-1.5668	1.5668	-1.5895	1.5895	-1.5961	1.5961	-1.6169	1.6169	1.6334	-1.6334	-1.6501	1.6501	1.7002	-1.7002	-1.7112	1.7112	1.7224	-1.7224	-1.7389	1.7389	1.7467	-1.7467	1.7538	-1.7538	-1.7611	1.7611	-1.7838	1.7838	1.7911	-1.7911	1.804	-1.804	1.8112	-1.8112	1.8201	-1.8201	1.8288	-1.8288	-1.8443	1.8443	-1.8598	1.8598	1.8686	-1.8686	1.8763	-1.8763	1.8878	-1.8878	-1.8967	1.8967	1.9078	-1.9078	1.917	-1.917	1.9422	-1.9422	
0.21053	-0.78	-0.031595	0.031595	-0.14149	0.14149	0.19841	-0.19841	0.20902	-0.20902	0.29716	-0.29716	0.30496	-0.30496	0.30828	-0.30828	-0.3333	0.3333	-0.34651	0.34651	0.35994	-0.35994	0.36759	-0.36759	0.38033	-0.38033	0.3889	-0.3889	-0.41192	0.41192	0.41406	-0.41406	0.43076	-0.43076	0.46437	-0.46437	0.47393	-0.47393	0.50044	-0.50044	0.51318	-0.51318	0.53208	-0.53208	-0.5727	0.5727	0.59275	-0.59275	0.60192	-0.60192	0.61255	-0.61255	-0.63338	0.63338	0.65285	-0.65285	0.67099	-0.67099	0.70292	-0.70292	0.71462	-0.71462	0.74668	-0.74668	0.76595	-0.76595	-0.78416	0.78416	0.79387	-0.79387	0.81435	-0.81435	0.82503	-0.82503	0.8494	-0.8494	0.85578	-0.85578	-0.88829	0.88829	-0.89062	0.89062	0.90865	-0.90865	0.93357	-0.93357	-0.95232	0.95232	-0.9694	0.9694	-0.98205	0.98205	0.98615	-0.98615	-1.0146	1.0146	1.0266	-1.0266	1.0334	-1.0334	1.0457	-1.0457	1.0559	-1.0559	1.061	-1.061	-1.0905	1.0905	1.1195	-1.1195	-1.1361	1.1361	1.149	-1.149	-1.1549	1.1549	1.1756	-1.1756	1.1885	-1.1885	-1.232	1.232	1.2442	-1.2442	1.2557	-1.2557	1.2729	-1.2729	1.3062	-1.3062	1.3326	-1.3326	1.3498	-1.3498	-1.3791	1.3791	1.4316	-1.4316	1.4818	-1.4818	1.5061	-1.5061	1.5264	-1.5264	1.5523	-1.5523	1.5667	-1.5667	1.5894	-1.5894	-1.5958	1.5958	1.6166	-1.6166	1.6337	-1.6337	1.6532	-1.6532	-1.7004	1.7004	-1.7114	1.7114	-1.7225	1.7225	1.7386	-1.7386	-1.7466	1.7466	-1.7539	1.7539	1.7607	-1.7607	-1.7836	1.7836	1.7905	-1.7905	-1.8038	1.8038	-1.8109	1.8109	1.8202	-1.8202	-1.8288	1.8288	1.8444	-1.8444	-1.8598	1.8598	-1.8687	1.8687	1.8764	-1.8764	1.8878	-1.8878	-1.8967	1.8967	1.9078	-1.9078	-1.9166	1.9166	1.9424	-1.9424	
0.21053	-0.76	0.033355	-0.033355	0.1207	-0.1207	0.18531	-0.18531	0.19724	-0.19724	0.27792	-0.27792	0.2997	-0.2997	0.30627	-0.30627	0.31344	-0.31344	0.32545	-0.32545	-0.34141	0.34141	0.35034	-0.35034	-0.36885	0.36885	0.38681	-0.38681	0.39056	-0.39056	0.39203	-0.39203	0.42983	-0.42983	0.46422	-0.46422	0.47312	-0.47312	0.50024	-0.50024	0.5134	-0.5134	0.53544	-0.53544	-0.5726	0.5726	0.59229	-0.59229	0.60157	-0.60157	0.61325	-0.61325	0.63382	-0.63382	0.65315	-0.65315	0.67668	-0.67668	0.70415	-0.70415	0.71543	-0.71543	0.74673	-0.74673	0.76653	-0.76653	-0.78474	0.78474	-0.79483	0.79483	0.81542	-0.81542	0.82767	-0.82767	0.85202	-0.85202	-0.85781	0.85781	0.88967	-0.88967	0.90041	-0.90041	0.91157	-0.91157	0.9341	-0.9341	-0.95735	0.95735	0.97674	-0.97674	0.99187	-0.99187	0.99504	-0.99504	1.0285	-1.0285	-1.0398	1.0398	1.0545	-1.0545	1.0584	-1.0584	1.0705	-1.0705	1.0766	-1.0766	1.0935	-1.0935	1.1211	-1.1211	1.1528	-1.1528	1.1616	-1.1616	1.1735	-1.1735	1.1886	-1.1886	1.2019	-1.2019	1.2321	-1.2321	-1.246	1.246	1.2561	-1.2561	1.274	-1.274	1.3068	-1.3068	1.3332	-1.3332	1.3497	-1.3497	1.3801	-1.3801	1.4313	-1.4313	1.4813	-1.4813	-1.5049	1.5049	1.5257	-1.5257	1.5501	-1.5501	1.5667	-1.5667	1.5893	-1.5893	-1.5955	1.5955	1.6163	-1.6163	-1.634	1.634	-1.6563	1.6563	-1.7007	1.7007	1.7115	-1.7115	1.7225	-1.7225	1.7383	-1.7383	1.7465	-1.7465	-1.754	1.754	1.7604	-1.7604	-1.7833	1.7833	-1.7899	1.7899	-1.8036	1.8036	-1.8106	1.8106	1.8204	-1.8204	1.8288	-1.8288	1.8445	-1.8445	-1.8597	1.8597	1.8688	-1.8688	1.8766	-1.8766	1.8877	-1.8877	1.8966	-1.8966	1.9078	-1.9078	-1.9162	1.9162	-1.9427	1.9427	
0.21053	-0.74	0.028061	-0.028061	0.10044	-0.10044	0.16289	-0.16289	0.19993	-0.19993	-0.25658	0.25658	0.28275	-0.28275	0.29714	-0.29714	0.30526	-0.30526	0.31123	-0.31123	0.31763	-0.31763	0.33112	-0.33112	0.36058	-0.36058	0.36621	-0.36621	0.37299	-0.37299	0.38867	-0.38867	0.42952	-0.42952	0.46422	-0.46422	0.47305	-0.47305	0.5	-0.5	0.51364	-0.51364	0.54027	-0.54027	0.5725	-0.5725	0.59181	-0.59181	-0.60149	0.60149	0.6141	-0.6141	0.63445	-0.63445	0.65343	-0.65343	0.68113	-0.68113	0.70551	-0.70551	0.71665	-0.71665	0.74682	-0.74682	0.76716	-0.76716	-0.78506	0.78506	0.79576	-0.79576	0.8162	-0.8162	0.82955	-0.82955	0.85297	-0.85297	0.85978	-0.85978	0.88931	-0.88931	0.90503	-0.90503	0.92404	-0.92404	0.9346	-0.9346	0.9587	-0.9587	-0.97974	0.97974	1	-1	-1.0106	1.0106	-1.0323	1.0323	1.0588	-1.0588	1.0677	-1.0677	1.0759	-1.0759	-1.0843	1.0843	-1.0974	1.0974	1.101	-1.101	-1.1226	1.1226	1.1563	-1.1563	1.1784	-1.1784	-1.1913	1.1913	-1.2039	1.2039	1.2229	-1.2229	-1.2329	1.2329	1.2488	-1.2488	1.2567	-1.2567	1.2756	-1.2756	1.3074	-1.3074	1.3339	-1.3339	1.3498	-1.3498	-1.3814	1.3814	1.431	-1.431	-1.4807	1.4807	-1.5035	1.5035	1.525	-1.525	-1.548	1.548	1.5667	-1.5667	1.5892	-1.5892	1.5953	-1.5953	-1.616	1.616	1.6342	-1.6342	1.6592	-1.6592	-1.701	1.701	1.7117	-1.7117	-1.7226	1.7226	1.738	-1.738	1.7463	-1.7463	-1.7541	1.7541	1.76	-1.76	1.783	-1.783	-1.7894	1.7894	1.8034	-1.8034	-1.8103	1.8103	1.8205	-1.8205	1.8289	-1.8289	-1.8445	1.8445	-1.8597	1.8597	1.8689	-1.8689	1.877	-1.877	-1.8877	1.8877	-1.8966	1.8966	1.9079	-1.9079	1.9158	-1.9158	1.943	-1.943	
0.21053	-0.72	-0.017753	0.017753	-0.081326	0.081326	-0.13996	0.13996	0.20362	-0.20362	-0.23703	0.23703	-0.26178	0.26178	-0.27558	0.27558	0.29116	-0.29116	0.30286	-0.30286	-0.30879	0.30879	-0.31283	0.31283	0.34027	-0.34027	-0.34444	0.34444	0.36781	-0.36781	-0.38857	0.38857	0.42934	-0.42934	-0.46425	0.46425	0.47332	-0.47332	0.4997	-0.4997	-0.51384	0.51384	-0.54577	0.54577	-0.57241	0.57241	-0.59127	0.59127	-0.60175	0.60175	-0.61509	0.61509	-0.63534	0.63534	-0.65377	0.65377	0.68426	-0.68426	0.70678	-0.70678	-0.71839	0.71839	0.74695	-0.74695	0.76785	-0.76785	0.78524	-0.78524	-0.79668	0.79668	0.81684	-0.81684	-0.83102	0.83102	-0.85338	0.85338	-0.86123	0.86123	-0.88879	0.88879	0.90579	-0.90579	0.93355	-0.93355	-0.9434	0.9434	-0.95924	0.95924	-0.98106	0.98106	-1.0076	1.0076	1.0246	-1.0246	-1.0358	1.0358	1.0701	-1.0701	-1.0817	1.0817	-1.0951	1.0951	1.096	-1.096	-1.1134	1.1134	1.1215	-1.1215	-1.1254	1.1254	1.1602	-1.1602	-1.1839	1.1839	-1.2122	1.2122	1.2232	-1.2232	1.2357	-1.2357	-1.2423	1.2423	1.2556	-1.2556	1.2579	-1.2579	-1.278	1.278	1.3082	-1.3082	-1.3349	1.3349	-1.3499	1.3499	-1.3832	1.3832	-1.4307	1.4307	-1.4802	1.4802	1.5018	-1.5018	1.5243	-1.5243	1.5461	-1.5461	1.5666	-1.5666	-1.589	1.589	1.5952	-1.5952	-1.6157	1.6157	-1.6344	1.6344	-1.6621	1.6621	-1.7013	1.7013	-1.7119	1.7119	1.7227	-1.7227	-1.7377	1.7377	1.7462	-1.7462	-1.7541	1.7541	1.7597	-1.7597	-1.7827	1.7827	1.789	-1.789	1.8033	-1.8033	-1.81	1.81	1.8206	-1.8206	1.829	-1.829	1.8446	-1.8446	1.8597	-1.8597	-1.8689	1.8689	-1.8774	1.8774	-1.8876	1.8876	1.8965	-1.8965	1.9079	-1.9079	1.9154	-1.9154	-1.9434	1.9434	
0.21053	-0.7	0.0060397	-0.0060397	0.064885	-0.064885	0.11717	-0.11717	-0.19634	0.19634	-0.22178	0.22178	0.24367	-0.24367	0.25662	-0.25662	0.26846	-0.26846	0.28584	-0.28584	0.30466	-0.30466	-0.30814	0.30814	-0.31962	0.31962	0.32321	-0.32321	0.36649	-0.36649	0.38858	-0.38858	-0.42923	0.42923	0.46426	-0.46426	0.47372	-0.47372	0.49934	-0.49934	0.51401	-0.51401	0.55114	-0.55114	-0.57237	0.57237	0.5906	-0.5906	0.60241	-0.60241	0.61622	-0.61622	-0.6366	0.6366	0.65425	-0.65425	-0.68629	0.68629	0.70773	-0.70773	0.72057	-0.72057	-0.74717	0.74717	0.76861	-0.76861	-0.78534	0.78534	0.7976	-0.7976	-0.81738	0.81738	0.83227	-0.83227	0.85359	-0.85359	-0.86226	0.86226	0.88819	-0.88819	-0.90598	0.90598	0.93383	-0.93383	0.95861	-0.95861	-0.96359	0.96359	0.98189	-0.98189	-1.0147	1.0147	1.0334	-1.0334	1.0412	-1.0412	1.0776	-1.0776	-1.0938	1.0938	-1.1064	1.1064	1.1169	-1.1169	1.1239	-1.1239	1.1368	-1.1368	1.1445	-1.1445	1.1659	-1.1659	-1.187	1.187	-1.2267	1.2267	-1.2349	1.2349	1.2473	-1.2473	-1.2553	1.2553	-1.2609	1.2609	-1.272	1.272	-1.2834	1.2834	1.3092	-1.3092	1.3363	-1.3363	1.3503	-1.3503	1.3856	-1.3856	1.4304	-1.4304	-1.4797	1.4797	-1.5	1.5	-1.5236	1.5236	1.5444	-1.5444	1.5665	-1.5665	-1.5888	1.5888	-1.5951	1.5951	1.6154	-1.6154	-1.6347	1.6347	1.6648	-1.6648	-1.7016	1.7016	1.7122	-1.7122	1.7227	-1.7227	1.7374	-1.7374	1.746	-1.746	-1.7542	1.7542	1.7594	-1.7594	1.7823	-1.7823	1.7886	-1.7886	-1.8031	1.8031	-1.8097	1.8097	-1.8207	1.8207	-1.8292	1.8292	-1.8446	1.8446	-1.8596	1.8596	1.8689	-1.8689	-1.8779	1.8779	1.8875	-1.8875	1.8964	-1.8964	1.908	-1.908	-1.915	1.915	-1.9438	1.9438	
0.21053	-0.68	0.0010968	-0.0010968	0.055064	-0.055064	0.095374	-0.095374	0.17793	-0.17793	0.20271	-0.20271	0.22303	-0.22303	-0.23866	0.23866	-0.25677	0.25677	-0.26825	0.26825	0.29283	-0.29283	0.29821	-0.29821	0.30915	-0.30915	0.31386	-0.31386	-0.36577	0.36577	-0.38864	0.38864	0.42915	-0.42915	0.46425	-0.46425	0.47416	-0.47416	0.49892	-0.49892	0.51416	-0.51416	-0.55576	0.55576	0.57239	-0.57239	0.58977	-0.58977	0.60345	-0.60345	0.61743	-0.61743	0.63834	-0.63834	0.65502	-0.65502	0.68751	-0.68751	0.70833	-0.70833	0.72291	-0.72291	0.74747	-0.74747	0.76944	-0.76944	-0.78539	0.78539	-0.79851	0.79851	-0.81786	0.81786	0.8334	-0.8334	0.85368	-0.85368	-0.863	0.863	0.88754	-0.88754	0.90602	-0.90602	0.93372	-0.93372	-0.95908	0.95908	0.98138	-0.98138	0.98426	-0.98426	1.0209	-1.0209	1.0387	-1.0387	1.0476	-1.0476	1.0816	-1.0816	-1.1051	1.1051	1.1166	-1.1166	1.1287	-1.1287	1.1396	-1.1396	1.1568	-1.1568	1.1643	-1.1643	-1.1752	1.1752	1.1914	-1.1914	-1.2291	1.2291	1.2447	-1.2447	1.2545	-1.2545	-1.2655	1.2655	1.2758	-1.2758	1.2873	-1.2873	1.2988	-1.2988	1.3109	-1.3109	1.3386	-1.3386	-1.351	1.351	-1.3887	1.3887	-1.4301	1.4301	1.4791	-1.4791	1.4979	-1.4979	-1.523	1.523	1.5429	-1.5429	1.5664	-1.5664	1.5885	-1.5885	1.5951	-1.5951	1.6151	-1.6151	-1.6349	1.6349	1.6673	-1.6673	1.7019	-1.7019	1.7124	-1.7124	-1.7228	1.7228	-1.7371	1.7371	1.7459	-1.7459	1.7542	-1.7542	1.7591	-1.7591	1.7819	-1.7819	1.7883	-1.7883	1.8028	-1.8028	-1.8093	1.8093	1.8207	-1.8207	1.8294	-1.8294	-1.8447	1.8447	1.8596	-1.8596	1.8688	-1.8688	1.8784	-1.8784	-1.8874	1.8874	1.8963	-1.8963	1.9081	-1.9081	-1.9146	1.9146	1.9443	-1.9443	
0.21053	-0.66	-0.0025692	0.0025692	0.053197	-0.053197	0.07908	-0.07908	-0.15703	0.15703	0.18026	-0.18026	0.20006	-0.20006	-0.21512	0.21512	0.23868	-0.23868	0.25665	-0.25665	0.27403	-0.27403	0.2927	-0.2927	0.30898	-0.30898	0.31477	-0.31477	0.36523	-0.36523	0.38873	-0.38873	-0.4291	0.4291	0.46424	-0.46424	0.47462	-0.47462	0.49846	-0.49846	0.5143	-0.5143	-0.55928	0.55928	0.57248	-0.57248	-0.58879	0.58879	0.60475	-0.60475	0.61859	-0.61859	0.64052	-0.64052	0.65634	-0.65634	-0.68817	0.68817	0.70868	-0.70868	0.72511	-0.72511	0.74786	-0.74786	0.77032	-0.77032	-0.78544	0.78544	-0.79942	0.79942	0.81829	-0.81829	0.83446	-0.83446	0.85369	-0.85369	0.86354	-0.86354	0.88685	-0.88685	0.90603	-0.90603	0.93349	-0.93349	0.95902	-0.95902	0.98259	-0.98259	-1.0032	1.0032	1.026	-1.026	1.0438	-1.0438	-1.0537	1.0537	-1.0842	1.0842	1.1114	-1.1114	1.1254	-1.1254	-1.1397	1.1397	1.161	-1.161	-1.1738	1.1738	-1.1781	1.1781	-1.1898	1.1898	-1.2015	1.2015	1.2304	-1.2304	1.2494	-1.2494	1.257	-1.257	1.2736	-1.2736	1.2926	-1.2926	1.3047	-1.3047	-1.3139	1.3139	1.3201	-1.3201	1.3428	-1.3428	-1.3522	1.3522	-1.3927	1.3927	1.4298	-1.4298	1.4785	-1.4785	1.4957	-1.4957	1.5225	-1.5225	1.5417	-1.5417	1.5663	-1.5663	-1.5883	1.5883	1.5951	-1.5951	1.6148	-1.6148	-1.635	1.635	1.6696	-1.6696	1.7023	-1.7023	1.7127	-1.7127	1.723	-1.723	-1.7368	1.7368	-1.7458	1.7458	1.7542	-1.7542	-1.7589	1.7589	1.7816	-1.7816	1.7881	-1.7881	1.8026	-1.8026	1.809	-1.809	1.8207	-1.8207	-1.8297	1.8297	1.8448	-1.8448	1.8595	-1.8595	1.8687	-1.8687	1.879	-1.879	-1.8873	1.8873	1.8962	-1.8962	1.9081	-1.9081	1.9143	-1.9143	1.9448	-1.9448	
0.21053	-0.64	-0.012829	0.012829	-0.041579	0.041579	-0.082543	0.082543	0.13646	-0.13646	0.15717	-0.15717	-0.1773	0.1773	-0.1912	0.1912	0.21743	-0.21743	0.23742	-0.23742	-0.25228	0.25228	0.29861	-0.29861	0.30936	-0.30936	0.32307	-0.32307	-0.36479	0.36479	0.38886	-0.38886	0.42907	-0.42907	0.46423	-0.46423	0.47512	-0.47512	0.49795	-0.49795	0.51445	-0.51445	-0.56162	0.56162	-0.57262	0.57262	0.58767	-0.58767	0.60615	-0.60615	0.61957	-0.61957	0.64284	-0.64284	-0.65859	0.65859	0.68846	-0.68846	0.70887	-0.70887	0.72697	-0.72697	0.74836	-0.74836	0.77122	-0.77122	0.78549	-0.78549	-0.80032	0.80032	0.81869	-0.81869	0.83548	-0.83548	0.85366	-0.85366	-0.86391	0.86391	0.88615	-0.88615	0.90602	-0.90602	0.9332	-0.9332	-0.95887	0.95887	0.98288	-0.98288	-1.0205	1.0205	1.0313	-1.0313	1.0492	-1.0492	1.06	-1.06	-1.0863	1.0863	-1.1143	1.1143	1.1291	-1.1291	1.1579	-1.1579	1.1765	-1.1765	1.1839	-1.1839	-1.1927	1.1927	1.2069	-1.2069	1.2183	-1.2183	1.2332	-1.2332	1.2536	-1.2536	-1.2588	1.2588	-1.2782	1.2782	1.3069	-1.3069	-1.3134	1.3134	1.3317	-1.3317	1.3364	-1.3364	1.3506	-1.3506	1.3574	-1.3574	-1.3977	1.3977	1.4297	-1.4297	1.478	-1.478	1.4933	-1.4933	1.5222	-1.5222	-1.5407	1.5407	1.5662	-1.5662	-1.588	1.588	1.5953	-1.5953	1.6146	-1.6146	1.6352	-1.6352	1.6718	-1.6718	-1.7027	1.7027	-1.713	1.713	1.7231	-1.7231	1.7365	-1.7365	1.7456	-1.7456	-1.7541	1.7541	1.7587	-1.7587	1.7812	-1.7812	1.7879	-1.7879	1.8024	-1.8024	1.8087	-1.8087	-1.8207	1.8207	1.83	-1.83	1.8448	-1.8448	-1.8595	1.8595	1.8685	-1.8685	1.8796	-1.8796	1.8872	-1.8872	1.896	-1.896	1.9082	-1.9082	1.9139	-1.9139	-1.9455	1.9455	
0.21053	-0.62	0.017065	-0.017065	0.028958	-0.028958	0.096363	-0.096363	0.11748	-0.11748	0.13454	-0.13454	0.15599	-0.15599	0.16765	-0.16765	-0.19669	0.19669	0.21709	-0.21709	0.23058	-0.23058	0.30163	-0.30163	0.30954	-0.30954	0.33916	-0.33916	-0.36441	0.36441	0.38904	-0.38904	-0.42908	0.42908	0.46423	-0.46423	0.47572	-0.47572	0.49741	-0.49741	0.5146	-0.5146	0.56292	-0.56292	-0.57276	0.57276	0.58645	-0.58645	0.60753	-0.60753	0.62029	-0.62029	0.64479	-0.64479	0.66214	-0.66214	0.68848	-0.68848	0.70899	-0.70899	0.72843	-0.72843	0.74895	-0.74895	0.77212	-0.77212	-0.78557	0.78557	-0.8012	0.8012	0.81907	-0.81907	0.83649	-0.83649	0.85359	-0.85359	-0.86415	0.86415	0.88548	-0.88548	0.90603	-0.90603	0.93286	-0.93286	0.95867	-0.95867	-0.98306	0.98306	1.0287	-1.0287	1.0422	-1.0422	1.0548	-1.0548	1.0681	-1.0681	1.0889	-1.0889	1.1162	-1.1162	1.1313	-1.1313	-1.177	1.177	1.182	-1.182	1.1936	-1.1936	-1.2102	1.2102	1.2245	-1.2245	-1.2315	1.2315	1.2419	-1.2419	1.2584	-1.2584	-1.2632	1.2632	-1.2821	1.2821	1.3108	-1.3108	1.323	-1.323	-1.3455	1.3455	1.3539	-1.3539	-1.359	1.359	-1.3744	1.3744	1.4042	-1.4042	1.4297	-1.4297	1.4775	-1.4775	-1.4911	1.4911	1.5221	-1.5221	-1.5401	1.5401	1.566	-1.566	-1.5877	1.5877	1.5955	-1.5955	1.6144	-1.6144	1.6354	-1.6354	-1.6737	1.6737	-1.7032	1.7032	-1.7133	1.7133	1.7233	-1.7233	-1.7363	1.7363	-1.7455	1.7455	1.7539	-1.7539	1.7587	-1.7587	1.7808	-1.7808	-1.7878	1.7878	-1.8021	1.8021	-1.8083	1.8083	1.8206	-1.8206	1.8303	-1.8303	-1.8448	1.8448	1.8594	-1.8594	1.8683	-1.8683	1.8802	-1.8802	-1.887	1.887	1.8958	-1.8958	1.9082	-1.9082	1.9137	-1.9137	1.9462	-1.9462	
0.21053	-0.6	0.0021043	-0.0021043	0.033897	-0.033897	0.098381	-0.098381	-0.10675	0.10675	0.11661	-0.11661	0.13889	-0.13889	0.14502	-0.14502	0.17761	-0.17761	0.1992	-0.1992	0.20953	-0.20953	0.30278	-0.30278	0.30965	-0.30965	-0.35808	0.35808	-0.36436	0.36436	-0.38935	0.38935	-0.42913	0.42913	0.46427	-0.46427	0.47652	-0.47652	0.49684	-0.49684	0.51476	-0.51476	0.56345	-0.56345	0.57281	-0.57281	0.58514	-0.58514	0.60881	-0.60881	0.62075	-0.62075	0.64612	-0.64612	0.66694	-0.66694	0.68833	-0.68833	0.70911	-0.70911	0.72949	-0.72949	-0.74961	0.74961	0.77298	-0.77298	-0.78571	0.78571	0.80206	-0.80206	0.81943	-0.81943	0.8375	-0.8375	0.85348	-0.85348	0.86429	-0.86429	0.88484	-0.88484	-0.90605	0.90605	0.93248	-0.93248	-0.95842	0.95842	0.98316	-0.98316	1.0317	-1.0317	-1.0519	1.0519	-1.0614	1.0614	1.0791	-1.0791	-1.0927	1.0927	-1.1177	1.1177	-1.1331	1.1331	1.1845	-1.1845	-1.194	1.194	-1.2019	1.2019	-1.2255	1.2255	-1.2365	1.2365	-1.2453	1.2453	-1.2524	1.2524	1.2629	-1.2629	1.2761	-1.2761	1.2873	-1.2873	1.3132	-1.3132	1.3283	-1.3283	1.3503	-1.3503	1.3696	-1.3696	-1.3788	1.3788	1.3948	-1.3948	1.4125	-1.4125	-1.4302	1.4302	1.4771	-1.4771	-1.4891	1.4891	1.5224	-1.5224	-1.5397	1.5397	1.5659	-1.5659	1.5874	-1.5874	1.5958	-1.5958	1.6142	-1.6142	1.6356	-1.6356	1.6754	-1.6754	-1.7037	1.7037	1.7137	-1.7137	-1.7234	1.7234	1.7362	-1.7362	1.7453	-1.7453	1.7538	-1.7538	-1.7587	1.7587	1.7805	-1.7805	1.7877	-1.7877	1.8018	-1.8018	1.808	-1.808	-1.8206	1.8206	1.8305	-1.8305	-1.8449	1.8449	-1.8594	1.8594	-1.868	1.868	1.8808	-1.8808	1.8869	-1.8869	-1.8956	1.8956	1.9082	-1.9082	1.9134	-1.9134	1.9469	-1.9469	
0.21053	-0.58	0.0065876	-0.0065876	0.041286	-0.041286	0.081017	-0.081017	-0.090164	0.090164	-0.1102	0.1102	0.12418	-0.12418	0.13434	-0.13434	0.16199	-0.16199	0.1882	-0.1882	0.19052	-0.19052	0.30333	-0.30333	0.30974	-0.30974	-0.3633	0.3633	0.37806	-0.37806	0.39031	-0.39031	0.42929	-0.42929	0.46437	-0.46437	0.4777	-0.4777	0.49625	-0.49625	-0.51494	0.51494	-0.56343	0.56343	0.57269	-0.57269	-0.58379	0.58379	0.60999	-0.60999	0.621	-0.621	0.6469	-0.6469	0.67245	-0.67245	0.68809	-0.68809	0.70933	-0.70933	0.73021	-0.73021	0.75033	-0.75033	0.77378	-0.77378	-0.78592	0.78592	-0.80289	0.80289	0.81978	-0.81978	0.8385	-0.8385	0.85333	-0.85333	-0.86433	0.86433	0.88426	-0.88426	0.90608	-0.90608	0.93207	-0.93207	0.95815	-0.95815	0.98318	-0.98318	1.0337	-1.0337	-1.0571	1.0571	-1.0675	1.0675	1.09	-1.09	-1.1006	1.1006	-1.1197	1.1197	1.1348	-1.1348	1.1866	-1.1866	1.2036	-1.2036	-1.2108	1.2108	1.2373	-1.2373	1.2465	-1.2465	-1.2557	1.2557	-1.2631	1.2631	-1.2722	1.2722	1.2888	-1.2888	-1.2998	1.2998	1.3165	-1.3165	1.3315	-1.3315	1.3523	-1.3523	1.3856	-1.3856	1.3987	-1.3987	1.4148	-1.4148	-1.4238	1.4238	1.4323	-1.4323	1.477	-1.477	-1.4876	1.4876	1.523	-1.523	1.5396	-1.5396	-1.5657	1.5657	-1.5872	1.5872	1.5961	-1.5961	1.6142	-1.6142	1.6357	-1.6357	1.677	-1.677	1.7043	-1.7043	-1.714	1.714	1.7236	-1.7236	-1.7361	1.7361	1.7451	-1.7451	-1.7536	1.7536	1.7587	-1.7587	-1.7802	1.7802	-1.7876	1.7876	1.8015	-1.8015	1.8078	-1.8078	1.8205	-1.8205	-1.8308	1.8308	-1.8449	1.8449	1.8593	-1.8593	1.8676	-1.8676	1.8813	-1.8813	-1.8868	1.8868	1.8954	-1.8954	1.9081	-1.9081	1.9133	-1.9133	1.9477	-1.9477	
0.21053	-0.56	0.0010494	-0.0010494	-0.0507	0.0507	-0.064587	0.064587	-0.071916	0.071916	-0.093569	0.093569	-0.10714	0.10714	0.1284	-0.1284	-0.15211	0.15211	-0.17699	0.17699	-0.19131	0.19131	0.30365	-0.30365	0.30985	-0.30985	0.36298	-0.36298	-0.38785	0.38785	0.40001	-0.40001	-0.42969	0.42969	0.46454	-0.46454	0.47961	-0.47961	0.49569	-0.49569	0.51513	-0.51513	0.56304	-0.56304	-0.5724	0.5724	-0.58241	0.58241	-0.61105	0.61105	-0.62111	0.62111	0.64733	-0.64733	0.67795	-0.67795	0.6879	-0.6879	-0.70978	0.70978	0.73065	-0.73065	0.7511	-0.7511	-0.77449	0.77449	-0.78622	0.78622	0.80369	-0.80369	0.82012	-0.82012	-0.83951	0.83951	-0.85317	0.85317	0.8643	-0.8643	0.88375	-0.88375	0.90614	-0.90614	-0.93162	0.93162	0.95785	-0.95785	-0.98313	0.98313	-1.0353	1.0353	1.0605	-1.0605	-1.0719	1.0719	-1.0964	1.0964	-1.1111	1.1111	-1.1252	1.1252	1.1373	-1.1373	-1.1885	1.1885	-1.2081	1.2081	-1.217	1.217	-1.2491	1.2491	1.2545	-1.2545	-1.2589	1.2589	-1.2789	1.2789	-1.2832	1.2832	-1.2988	1.2988	-1.3174	1.3174	1.3235	-1.3235	-1.335	1.335	1.3539	-1.3539	-1.3983	1.3983	-1.4141	1.4141	-1.4315	1.4315	-1.4385	1.4385	-1.4409	1.4409	-1.4774	1.4774	1.487	-1.487	-1.5243	1.5243	-1.5399	1.5399	1.5656	-1.5656	1.5869	-1.5869	-1.5966	1.5966	1.6142	-1.6142	-1.6359	1.6359	1.6783	-1.6783	-1.7049	1.7049	-1.7144	1.7144	1.7238	-1.7238	-1.7362	1.7362	1.745	-1.745	1.7533	-1.7533	-1.7589	1.7589	-1.7799	1.7799	-1.7876	1.7876	-1.8012	1.8012	-1.8075	1.8075	-1.8204	1.8204	1.8311	-1.8311	-1.8449	1.8449	-1.8593	1.8593	1.8673	-1.8673	-1.8817	1.8817	-1.8866	1.8866	1.8951	-1.8951	1.9081	-1.9081	-1.9132	1.9132	1.9485	-1.9485	
0.21053	-0.54	-0.011702	0.011702	0.037087	-0.037087	0.050748	-0.050748	-0.070257	0.070257	-0.077709	0.077709	0.092848	-0.092848	0.11446	-0.11446	0.13838	-0.13838	0.17932	-0.17932	0.20454	-0.20454	0.30387	-0.30387	0.30998	-0.30998	-0.36259	0.36259	0.38882	-0.38882	0.41597	-0.41597	-0.43105	0.43105	0.46481	-0.46481	0.48283	-0.48283	0.49531	-0.49531	-0.51535	0.51535	0.56236	-0.56236	-0.57193	0.57193	-0.58104	0.58104	0.61198	-0.61198	0.62116	-0.62116	0.64754	-0.64754	0.68239	-0.68239	0.68822	-0.68822	0.71062	-0.71062	0.73088	-0.73088	0.75193	-0.75193	0.77512	-0.77512	-0.78662	0.78662	-0.80446	0.80446	-0.82046	0.82046	0.84053	-0.84053	0.85299	-0.85299	0.86422	-0.86422	0.88332	-0.88332	0.90622	-0.90622	0.93116	-0.93116	-0.95754	0.95754	0.98302	-0.98302	-1.0368	1.0368	1.0633	-1.0633	1.0751	-1.0751	1.1015	-1.1015	-1.1154	1.1154	-1.1344	1.1344	1.1441	-1.1441	-1.1907	1.1907	-1.2104	1.2104	1.221	-1.221	1.2528	-1.2528	1.2606	-1.2606	1.2699	-1.2699	1.2857	-1.2857	-1.301	1.301	1.3071	-1.3071	1.3285	-1.3285	1.3387	-1.3387	1.3431	-1.3431	-1.3565	1.3565	1.4066	-1.4066	1.4215	-1.4215	-1.4461	1.4461	1.4548	-1.4548	-1.4581	1.4581	1.479	-1.479	-1.488	1.488	1.5266	-1.5266	1.5408	-1.5408	1.5656	-1.5656	1.5868	-1.5868	1.5972	-1.5972	1.6143	-1.6143	1.6361	-1.6361	1.6796	-1.6796	1.7056	-1.7056	1.7148	-1.7148	1.724	-1.724	-1.7363	1.7363	1.7448	-1.7448	1.7531	-1.7531	-1.7591	1.7591	1.7798	-1.7798	-1.7876	1.7876	-1.8009	1.8009	-1.8072	1.8072	1.8202	-1.8202	-1.8313	1.8313	-1.8449	1.8449	1.8593	-1.8593	-1.8668	1.8668	-1.8821	1.8821	-1.8864	1.8864	-1.8948	1.8948	1.9079	-1.9079	1.9131	-1.9131	1.9493	-1.9493	
0.21053	-0.52	0.015217	-0.015217	0.022557	-0.022557	0.038927	-0.038927	0.053842	-0.053842	0.069227	-0.069227	0.086779	-0.086779	0.11024	-0.11024	-0.12134	0.12134	0.19085	-0.19085	0.22221	-0.22221	0.30406	-0.30406	0.31013	-0.31013	-0.36216	0.36216	0.38921	-0.38921	0.42496	-0.42496	0.43676	-0.43676	0.46518	-0.46518	0.48773	-0.48773	0.49601	-0.49601	0.51558	-0.51558	0.56148	-0.56148	-0.57133	0.57133	-0.5797	0.5797	0.61276	-0.61276	0.62128	-0.62128	0.64761	-0.64761	0.68423	-0.68423	0.69013	-0.69013	0.71206	-0.71206	0.73096	-0.73096	-0.75282	0.75282	0.77567	-0.77567	-0.78713	0.78713	-0.8052	0.8052	-0.82081	0.82081	-0.84154	0.84154	0.8528	-0.8528	0.86412	-0.86412	-0.88299	0.88299	-0.90632	0.90632	0.93067	-0.93067	0.9572	-0.9572	0.98285	-0.98285	1.0382	-1.0382	1.0658	-1.0658	-1.0775	1.0775	-1.1057	1.1057	1.1168	-1.1168	-1.1389	1.1389	1.1585	-1.1585	1.1936	-1.1936	1.2114	-1.2114	1.2243	-1.2243	1.255	-1.255	1.2621	-1.2621	1.2825	-1.2825	1.2917	-1.2917	1.3126	-1.3126	1.3183	-1.3183	-1.3373	1.3373	-1.3509	1.3509	-1.3561	1.3561	-1.3665	1.3665	1.4111	-1.4111	1.4251	-1.4251	1.4601	-1.4601	1.4712	-1.4712	1.4741	-1.4741	1.4842	-1.4842	1.4921	-1.4921	1.5304	-1.5304	-1.5424	1.5424	1.5656	-1.5656	-1.5867	1.5867	1.5979	-1.5979	1.6146	-1.6146	1.6362	-1.6362	-1.6807	1.6807	-1.7062	1.7062	-1.7152	1.7152	-1.7243	1.7243	1.7365	-1.7365	1.7446	-1.7446	1.7529	-1.7529	1.7593	-1.7593	1.7797	-1.7797	1.7875	-1.7875	-1.8005	1.8005	1.807	-1.807	1.8201	-1.8201	1.8315	-1.8315	-1.8449	1.8449	1.8592	-1.8592	1.8663	-1.8663	1.8823	-1.8823	1.8862	-1.8862	1.8945	-1.8945	1.9077	-1.9077	1.9131	-1.9131	1.9499	-1.9499	
0.21053	-0.5	0.00090784	-0.00090784	0.012516	-0.012516	0.032945	-0.032945	0.048229	-0.048229	0.060348	-0.060348	0.072903	-0.072903	-0.1021	0.1021	0.1277	-0.1277	-0.20566	0.20566	0.24134	-0.24134	0.30425	-0.30425	0.31031	-0.31031	-0.36172	0.36172	0.38951	-0.38951	0.42696	-0.42696	0.44496	-0.44496	0.46562	-0.46562	0.49073	-0.49073	0.50242	-0.50242	0.51586	-0.51586	0.5605	-0.5605	0.57062	-0.57062	0.57841	-0.57841	0.61334	-0.61334	0.62159	-0.62159	0.64761	-0.64761	-0.68417	0.68417	-0.69258	0.69258	0.7142	-0.7142	0.73094	-0.73094	0.75378	-0.75378	0.77616	-0.77616	0.78774	-0.78774	-0.80593	0.80593	0.82117	-0.82117	0.84256	-0.84256	-0.85262	0.85262	0.86403	-0.86403	0.88275	-0.88275	-0.90645	0.90645	-0.93017	0.93017	-0.95686	0.95686	-0.98262	0.98262	1.0395	-1.0395	-1.0679	1.0679	-1.0797	1.0797	-1.1092	1.1092	-1.1174	1.1174	-1.1425	1.1425	-1.1727	1.1727	1.1983	-1.1983	-1.2118	1.2118	1.2272	-1.2272	1.2568	-1.2568	-1.2635	1.2635	1.288	-1.288	-1.2999	1.2999	-1.3171	1.3171	-1.3326	1.3326	1.3502	-1.3502	-1.3544	1.3544	-1.3724	1.3724	-1.3844	1.3844	-1.4134	1.4134	1.428	-1.428	1.4682	-1.4682	-1.4818	1.4818	1.4872	-1.4872	1.4969	-1.4969	1.5019	-1.5019	1.5365	-1.5365	1.5454	-1.5454	1.566	-1.566	1.5867	-1.5867	1.5988	-1.5988	-1.6151	1.6151	1.6364	-1.6364	1.6817	-1.6817	-1.7069	1.7069	1.7156	-1.7156	1.7245	-1.7245	1.7368	-1.7368	1.7444	-1.7444	-1.7527	1.7527	-1.7596	1.7596	1.7797	-1.7797	1.7875	-1.7875	1.8001	-1.8001	-1.8068	1.8068	-1.8199	1.8199	1.8316	-1.8316	1.8449	-1.8449	1.8593	-1.8593	-1.8658	1.8658	1.8825	-1.8825	-1.886	1.886	-1.8941	1.8941	1.9075	-1.9075	-1.9131	1.9131	1.9504	-1.9504	
0.21053	-0.48	0.0015346	-0.0015346	0.017787	-0.017787	0.024265	-0.024265	-0.04077	0.04077	0.059832	-0.059832	-0.074294	0.074294	0.087888	-0.087888	0.1469	-0.1469	0.22175	-0.22175	-0.26082	0.26082	0.30448	-0.30448	0.31053	-0.31053	-0.36127	0.36127	0.38982	-0.38982	0.42755	-0.42755	0.45028	-0.45028	0.46602	-0.46602	0.49069	-0.49069	0.51426	-0.51426	0.51691	-0.51691	-0.55963	0.55963	-0.56988	0.56988	0.57724	-0.57724	0.61363	-0.61363	0.62224	-0.62224	0.64757	-0.64757	0.6836	-0.6836	-0.69423	0.69423	0.71688	-0.71688	0.73087	-0.73087	-0.7548	0.7548	0.77661	-0.77661	-0.78844	0.78844	-0.80665	0.80665	-0.82156	0.82156	0.84359	-0.84359	-0.85245	0.85245	0.86399	-0.86399	0.88262	-0.88262	-0.90662	0.90662	0.92967	-0.92967	-0.95651	0.95651	0.98234	-0.98234	-1.0408	1.0408	-1.0698	1.0698	-1.0818	1.0818	1.1117	-1.1117	1.1177	-1.1177	-1.1463	1.1463	1.1826	-1.1826	1.2051	-1.2051	-1.2136	1.2136	-1.2298	1.2298	-1.2586	1.2586	1.2649	-1.2649	1.2909	-1.2909	1.3056	-1.3056	1.3201	-1.3201	1.3468	-1.3468	1.3554	-1.3554	-1.3677	1.3677	-1.3882	1.3882	-1.4015	1.4015	1.4162	-1.4162	1.4313	-1.4313	1.4716	-1.4716	-1.4874	1.4874	1.4982	-1.4982	1.5115	-1.5115	-1.5163	1.5163	-1.5446	1.5446	1.5514	-1.5514	-1.5668	1.5668	-1.587	1.587	1.6001	-1.6001	1.6159	-1.6159	1.6366	-1.6366	1.6828	-1.6828	1.7077	-1.7077	-1.7161	1.7161	-1.7247	1.7247	-1.7373	1.7373	1.7442	-1.7442	-1.7525	1.7525	-1.76	1.76	-1.7798	1.7798	1.7875	-1.7875	1.7997	-1.7997	1.8066	-1.8066	1.8197	-1.8197	-1.8317	1.8317	1.8448	-1.8448	1.8593	-1.8593	-1.8652	1.8652	1.8825	-1.8825	1.8857	-1.8857	-1.8937	1.8937	1.9073	-1.9073	-1.9131	1.9131	1.9504	-1.9504	
0.21053	-0.46	-0.00011396	0.00011396	-0.016407	0.016407	0.026277	-0.026277	-0.048823	0.048823	0.054238	-0.054238	-0.07841	0.07841	-0.095265	0.095265	0.16671	-0.16671	-0.23827	0.23827	-0.28008	0.28008	0.30484	-0.30484	0.31082	-0.31082	0.36083	-0.36083	-0.39016	0.39016	0.42788	-0.42788	0.45312	-0.45312	0.46631	-0.46631	-0.48996	0.48996	-0.51614	0.51614	0.52922	-0.52922	0.55945	-0.55945	-0.56926	0.56926	-0.57631	0.57631	0.61363	-0.61363	-0.62341	0.62341	-0.64753	0.64753	0.68286	-0.68286	0.69503	-0.69503	0.71968	-0.71968	-0.73081	0.73081	-0.75586	0.75586	0.77707	-0.77707	-0.7892	0.7892	-0.80737	0.80737	-0.82199	0.82199	-0.84461	0.84461	0.85233	-0.85233	-0.86404	0.86404	-0.8826	0.8826	-0.90682	0.90682	0.92916	-0.92916	-0.95615	0.95615	0.982	-0.982	-1.042	1.042	-1.0714	1.0714	1.0839	-1.0839	-1.1136	1.1136	1.1178	-1.1178	1.1502	-1.1502	1.1881	-1.1881	1.2075	-1.2075	1.223	-1.223	1.2323	-1.2323	1.2603	-1.2603	-1.2666	1.2666	-1.2931	1.2931	1.3093	-1.3093	-1.3217	1.3217	1.3556	-1.3556	-1.3631	1.3631	-1.3849	1.3849	1.3996	-1.3996	-1.4128	1.4128	1.4255	-1.4255	1.4372	-1.4372	-1.474	1.474	-1.4917	1.4917	-1.506	1.506	-1.5233	1.5233	-1.5325	1.5325	1.5534	-1.5534	1.5612	-1.5612	1.5697	-1.5697	-1.5876	1.5876	-1.6018	1.6018	-1.6173	1.6173	-1.6369	1.6369	1.6839	-1.6839	1.7084	-1.7084	1.7165	-1.7165	1.725	-1.725	1.7378	-1.7378	-1.744	1.744	1.7524	-1.7524	1.7604	-1.7604	-1.78	1.78	-1.7875	1.7875	-1.7992	1.7992	1.8065	-1.8065	-1.8194	1.8194	-1.8318	1.8318	1.8447	-1.8447	1.8594	-1.8594	-1.8645	1.8645	1.8824	-1.8824	-1.8855	1.8855	-1.8932	1.8932	1.907	-1.907	1.9132	-1.9132	-1.9501	1.9501	
0.21053	-0.44	0.0017034	-0.0017034	0.012949	-0.012949	0.037101	-0.037101	-0.049831	0.049831	0.068232	-0.068232	0.086423	-0.086423	0.11381	-0.11381	0.18636	-0.18636	0.25471	-0.25471	0.2981	-0.2981	0.30601	-0.30601	0.31128	-0.31128	0.36042	-0.36042	-0.39057	0.39057	0.42818	-0.42818	0.45459	-0.45459	0.46646	-0.46646	-0.48902	0.48902	0.51646	-0.51646	0.53984	-0.53984	-0.56119	0.56119	0.56933	-0.56933	-0.57623	0.57623	-0.61337	0.61337	0.62525	-0.62525	0.64752	-0.64752	0.68209	-0.68209	0.69522	-0.69522	0.72221	-0.72221	0.7308	-0.7308	0.75689	-0.75689	0.77754	-0.77754	-0.79002	0.79002	-0.80811	0.80811	0.8225	-0.8225	0.84561	-0.84561	0.85228	-0.85228	0.86423	-0.86423	0.8827	-0.8827	0.90707	-0.90707	-0.92865	0.92865	-0.95578	0.95578	-0.9816	0.9816	1.043	-1.043	1.0728	-1.0728	1.0861	-1.0861	-1.1149	1.1149	1.1178	-1.1178	1.1541	-1.1541	-1.1915	1.1915	1.207	-1.207	1.2322	-1.2322	-1.2378	1.2378	1.2623	-1.2623	1.2685	-1.2685	1.2953	-1.2953	1.3121	-1.3121	1.3227	-1.3227	-1.3568	1.3568	1.3767	-1.3767	-1.3982	1.3982	1.4085	-1.4085	-1.4197	1.4197	-1.4389	1.4389	-1.4486	1.4486	-1.4773	1.4773	1.4951	-1.4951	-1.5112	1.5112	-1.5313	1.5313	1.5482	-1.5482	1.5613	-1.5613	1.5701	-1.5701	-1.5789	1.5789	-1.5891	1.5891	-1.6041	1.6041	1.6196	-1.6196	1.6373	-1.6373	-1.6851	1.6851	1.7092	-1.7092	-1.7171	1.7171	1.7252	-1.7252	1.7385	-1.7385	1.7438	-1.7438	-1.7523	1.7523	-1.7609	1.7609	1.7804	-1.7804	1.7875	-1.7875	1.7987	-1.7987	1.8063	-1.8063	1.8191	-1.8191	1.8319	-1.8319	-1.8446	1.8446	1.8595	-1.8595	-1.8638	1.8638	-1.8822	1.8822	1.8852	-1.8852	-1.8928	1.8928	-1.9067	1.9067	1.9132	-1.9132	-1.9495	1.9495	
0.21053	-0.42	0.00089303	-0.00089303	0.02248	-0.02248	0.044909	-0.044909	0.062433	-0.062433	0.086431	-0.086431	0.10169	-0.10169	-0.13262	0.13262	-0.20557	0.20557	0.27074	-0.27074	0.30455	-0.30455	0.31126	-0.31126	0.31878	-0.31878	0.36015	-0.36015	0.39107	-0.39107	0.42855	-0.42855	-0.45533	0.45533	0.46648	-0.46648	0.48794	-0.48794	0.51675	-0.51675	-0.5438	0.5438	0.56326	-0.56326	-0.57055	0.57055	0.58018	-0.58018	0.61293	-0.61293	0.62803	-0.62803	0.64764	-0.64764	0.68137	-0.68137	0.69502	-0.69502	0.72424	-0.72424	-0.73092	0.73092	-0.75782	0.75782	0.77804	-0.77804	0.79084	-0.79084	-0.80887	0.80887	0.82309	-0.82309	0.84656	-0.84656	-0.85232	0.85232	0.86461	-0.86461	-0.88295	0.88295	-0.90738	0.90738	0.92817	-0.92817	-0.95542	0.95542	0.98116	-0.98116	1.0441	-1.0441	1.0742	-1.0742	1.0885	-1.0885	1.1157	-1.1157	1.1177	-1.1177	1.1577	-1.1577	-1.194	1.194	-1.2059	1.2059	1.2346	-1.2346	-1.2481	1.2481	-1.2648	1.2648	1.2714	-1.2714	1.2975	-1.2975	1.3147	-1.3147	-1.3237	1.3237	1.3577	-1.3577	1.3841	-1.3841	1.4071	-1.4071	-1.4194	1.4194	1.4276	-1.4276	-1.4512	1.4512	1.4631	-1.4631	-1.4834	1.4834	-1.4981	1.4981	1.5149	-1.5149	1.5367	-1.5367	1.5594	-1.5594	-1.5682	1.5682	1.58	-1.58	-1.5887	1.5887	1.5952	-1.5952	1.6074	-1.6074	1.6234	-1.6234	1.6379	-1.6379	1.6866	-1.6866	1.7101	-1.7101	1.7177	-1.7177	-1.7255	1.7255	1.7392	-1.7392	1.7437	-1.7437	-1.7524	1.7524	-1.7615	1.7615	1.7809	-1.7809	-1.7874	1.7874	-1.7982	1.7982	1.8063	-1.8063	-1.8188	1.8188	-1.8319	1.8319	1.8444	-1.8444	-1.8596	1.8596	-1.8631	1.8631	-1.8819	1.8819	-1.8849	1.8849	1.8923	-1.8923	1.9064	-1.9064	1.9132	-1.9132	1.9486	-1.9486	
0.21053	-0.4	0.011837	-0.011837	0.037103	-0.037103	0.058071	-0.058071	0.079472	-0.079472	0.10481	-0.10481	0.11902	-0.11902	0.15116	-0.15116	-0.22415	0.22415	-0.28594	0.28594	0.30568	-0.30568	0.31211	-0.31211	-0.33536	0.33536	0.36029	-0.36029	0.39175	-0.39175	0.42909	-0.42909	0.45568	-0.45568	0.4664	-0.4664	0.48678	-0.48678	0.51702	-0.51702	0.54353	-0.54353	0.56307	-0.56307	-0.57054	0.57054	-0.58939	0.58939	0.61243	-0.61243	0.63205	-0.63205	0.64808	-0.64808	0.68089	-0.68089	0.69458	-0.69458	0.72569	-0.72569	0.73121	-0.73121	-0.75858	0.75858	0.77853	-0.77853	-0.79166	0.79166	0.80965	-0.80965	0.8238	-0.8238	0.84741	-0.84741	0.8525	-0.8525	-0.86522	0.86522	0.88339	-0.88339	0.90777	-0.90777	0.92771	-0.92771	-0.95506	0.95506	-0.98066	0.98066	1.045	-1.045	1.0754	-1.0754	1.0909	-1.0909	1.1159	-1.1159	1.1179	-1.1179	1.1609	-1.1609	1.1961	-1.1961	-1.2048	1.2048	1.2359	-1.2359	1.2551	-1.2551	1.2675	-1.2675	1.2758	-1.2758	1.2999	-1.2999	1.3174	-1.3174	1.3255	-1.3255	1.3588	-1.3588	-1.3846	1.3846	1.4152	-1.4152	1.4277	-1.4277	-1.4408	1.4408	1.461	-1.461	1.4785	-1.4785	1.4923	-1.4923	1.502	-1.502	1.5179	-1.5179	1.5407	-1.5407	1.563	-1.563	1.5771	-1.5771	-1.5889	1.5889	1.5947	-1.5947	1.6076	-1.6076	1.6123	-1.6123	-1.6295	1.6295	1.6393	-1.6393	1.6883	-1.6883	1.711	-1.711	1.7185	-1.7185	-1.7259	1.7259	-1.74	1.74	1.7436	-1.7436	-1.7525	1.7525	1.7622	-1.7622	-1.7815	1.7815	-1.7874	1.7874	1.7977	-1.7977	1.8062	-1.8062	1.8185	-1.8185	1.832	-1.832	-1.8442	1.8442	-1.8597	1.8597	-1.8623	1.8623	1.8815	-1.8815	1.8846	-1.8846	1.8918	-1.8918	1.9061	-1.9061	1.9132	-1.9132	1.9475	-1.9475	
0.21053	-0.38	0.026844	-0.026844	0.053023	-0.053023	0.073484	-0.073484	0.096847	-0.096847	0.12292	-0.12292	0.1368	-0.1368	0.16927	-0.16927	0.24187	-0.24187	0.29882	-0.29882	0.30784	-0.30784	0.31355	-0.31355	0.34924	-0.34924	0.36243	-0.36243	-0.39274	0.39274	0.42994	-0.42994	0.4558	-0.4558	0.46627	-0.46627	0.48554	-0.48554	0.51726	-0.51726	0.54174	-0.54174	0.562	-0.562	-0.5698	0.5698	-0.598	0.598	0.61207	-0.61207	0.63704	-0.63704	0.64947	-0.64947	-0.68093	0.68093	0.69403	-0.69403	0.72663	-0.72663	0.73166	-0.73166	-0.75912	0.75912	0.77897	-0.77897	-0.79244	0.79244	-0.81047	0.81047	0.82462	-0.82462	0.8481	-0.8481	0.85284	-0.85284	0.8661	-0.8661	0.88408	-0.88408	-0.90825	0.90825	0.92729	-0.92729	-0.95471	0.95471	0.98013	-0.98013	1.0458	-1.0458	1.0767	-1.0767	1.0933	-1.0933	1.1156	-1.1156	1.1185	-1.1185	1.1638	-1.1638	-1.1974	1.1974	1.2042	-1.2042	1.2369	-1.2369	-1.2587	1.2587	1.2696	-1.2696	-1.281	1.281	1.3024	-1.3024	1.3198	-1.3198	-1.3292	1.3292	-1.3604	1.3604	-1.3824	1.3824	1.4181	-1.4181	1.4396	-1.4396	1.4521	-1.4521	-1.4712	1.4712	1.4938	-1.4938	1.498	-1.498	-1.5111	1.5111	1.5208	-1.5208	-1.5441	1.5441	-1.5646	1.5646	1.5817	-1.5817	-1.5961	1.5961	1.6022	-1.6022	1.6169	-1.6169	1.6221	-1.6221	-1.6362	1.6362	-1.6438	1.6438	-1.6904	1.6904	1.712	-1.712	-1.7194	1.7194	1.7262	-1.7262	-1.7408	1.7408	-1.7437	1.7437	1.7527	-1.7527	1.763	-1.763	1.7823	-1.7823	1.7874	-1.7874	1.7972	-1.7972	-1.8062	1.8062	1.8181	-1.8181	-1.832	1.832	1.844	-1.844	-1.8598	1.8598	-1.8615	1.8615	1.8809	-1.8809	1.8843	-1.8843	1.8912	-1.8912	1.9058	-1.9058	1.9132	-1.9132	1.9464	-1.9464	
0.21053	-0.36	-0.042815	0.042815	0.068921	-0.068921	-0.08925	0.08925	-0.11393	0.11393	-0.14059	0.14059	0.15447	-0.15447	-0.18687	0.18687	0.25833	-0.25833	0.30455	-0.30455	0.31222	-0.31222	0.3197	-0.3197	0.35495	-0.35495	-0.37105	0.37105	-0.39443	0.39443	-0.43137	0.43137	0.4558	-0.4558	0.46612	-0.46612	-0.48424	0.48424	0.51743	-0.51743	0.53934	-0.53934	0.56061	-0.56061	-0.56888	0.56888	0.6034	-0.6034	0.61228	-0.61228	0.641	-0.641	0.65297	-0.65297	0.68212	-0.68212	0.69355	-0.69355	0.72731	-0.72731	0.73216	-0.73216	-0.75944	0.75944	0.77934	-0.77934	-0.79316	0.79316	-0.81129	0.81129	-0.82557	0.82557	0.84861	-0.84861	0.85332	-0.85332	0.86723	-0.86723	0.88512	-0.88512	-0.90887	0.90887	0.92696	-0.92696	0.95437	-0.95437	-0.97955	0.97955	1.0464	-1.0464	-1.0779	1.0779	1.0957	-1.0957	1.1151	-1.1151	-1.1191	1.1191	-1.1662	1.1662	1.1973	-1.1973	-1.2048	1.2048	-1.2375	1.2375	1.2606	-1.2606	1.2711	-1.2711	1.2849	-1.2849	1.3044	-1.3044	1.3216	-1.3216	1.3351	-1.3351	-1.3628	1.3628	1.3799	-1.3799	1.4189	-1.4189	-1.4491	1.4491	1.4618	-1.4618	-1.4847	1.4847	1.5	-1.5	1.5082	-1.5082	-1.5203	1.5203	-1.5277	1.5277	-1.5475	1.5475	-1.5658	1.5658	1.5837	-1.5837	-1.6005	1.6005	1.6089	-1.6089	-1.6252	1.6252	1.6331	-1.6331	-1.6413	1.6413	-1.6542	1.6542	1.6928	-1.6928	-1.7131	1.7131	1.7207	-1.7207	1.7267	-1.7267	-1.7415	1.7415	1.7439	-1.7439	1.7531	-1.7531	1.7639	-1.7639	1.7831	-1.7831	-1.7875	1.7875	-1.7968	1.7968	-1.8063	1.8063	-1.8178	1.8178	1.832	-1.832	-1.8437	1.8437	-1.8597	1.8597	-1.861	1.861	-1.8803	1.8803	1.884	-1.884	-1.8907	1.8907	-1.9055	1.9055	1.9131	-1.9131	1.9452	-1.9452	
0.21053	-0.34	0.058874	-0.058874	0.084404	-0.084404	0.10477	-0.10477	0.13052	-0.13052	0.15771	-0.15771	0.17181	-0.17181	0.20388	-0.20388	0.27275	-0.27275	0.30661	-0.30661	0.31522	-0.31522	-0.33111	0.33111	0.35628	-0.35628	-0.38107	0.38107	0.39777	-0.39777	0.43381	-0.43381	0.45576	-0.45576	0.46605	-0.46605	0.4829	-0.4829	0.5175	-0.5175	0.53668	-0.53668	0.55903	-0.55903	-0.56792	0.56792	0.60542	-0.60542	0.61353	-0.61353	-0.64267	0.64267	0.65751	-0.65751	0.68502	-0.68502	0.69372	-0.69372	0.72797	-0.72797	0.73265	-0.73265	-0.75956	0.75956	0.77963	-0.77963	0.79385	-0.79385	0.81212	-0.81212	0.82661	-0.82661	-0.84893	0.84893	0.85389	-0.85389	0.86852	-0.86852	-0.88659	0.88659	0.9097	-0.9097	0.92673	-0.92673	-0.95404	0.95404	0.97893	-0.97893	1.047	-1.047	-1.0792	1.0792	1.0981	-1.0981	1.1144	-1.1144	1.1198	-1.1198	1.1682	-1.1682	1.196	-1.196	-1.2064	1.2064	1.238	-1.238	-1.2619	1.2619	1.2722	-1.2722	1.287	-1.287	1.3055	-1.3055	-1.3231	1.3231	1.3412	-1.3412	1.3661	-1.3661	1.3789	-1.3789	-1.4192	1.4192	-1.4528	1.4528	-1.4743	1.4743	-1.4987	1.4987	1.5024	-1.5024	-1.5174	1.5174	1.5272	-1.5272	-1.5399	1.5399	1.5521	-1.5521	1.5671	-1.5671	1.5848	-1.5848	-1.6034	1.6034	1.6138	-1.6138	1.631	-1.631	-1.6429	1.6429	-1.6494	1.6494	1.6667	-1.6667	1.6955	-1.6955	1.7143	-1.7143	1.7222	-1.7222	1.7272	-1.7272	1.7422	-1.7422	1.7445	-1.7445	1.7537	-1.7537	-1.765	1.765	-1.7837	1.7837	-1.7878	1.7878	-1.7965	1.7965	-1.8064	1.8064	1.8174	-1.8174	-1.832	1.832	-1.8434	1.8434	-1.859	1.859	-1.8609	1.8609	1.8796	-1.8796	1.8837	-1.8837	1.8902	-1.8902	-1.9051	1.9051	1.9131	-1.9131	1.944	-1.944	
0.21053	-0.32	-0.07469	0.07469	0.099301	-0.099301	0.1198	-0.1198	-0.14651	0.14651	0.17422	-0.17422	0.18868	-0.18868	0.22025	-0.22025	0.28385	-0.28385	0.30829	-0.30829	-0.31998	0.31998	-0.34172	0.34172	0.35789	-0.35789	-0.38712	0.38712	-0.40338	0.40338	-0.43786	0.43786	0.45578	-0.45578	0.46621	-0.46621	0.48156	-0.48156	0.51735	-0.51735	-0.534	0.534	-0.55731	0.55731	-0.56695	0.56695	-0.60544	0.60544	0.61524	-0.61524	0.6432	-0.6432	0.6602	-0.6602	-0.6877	0.6877	0.69671	-0.69671	0.72884	-0.72884	0.73314	-0.73314	-0.75955	0.75955	0.77992	-0.77992	-0.79453	0.79453	-0.81295	0.81295	0.82771	-0.82771	0.8491	-0.8491	0.85451	-0.85451	0.86984	-0.86984	-0.88857	0.88857	-0.91081	0.91081	-0.92671	0.92671	0.95374	-0.95374	0.97828	-0.97828	-1.0475	1.0475	-1.0805	1.0805	1.1004	-1.1004	-1.1138	1.1138	1.1206	-1.1206	1.1698	-1.1698	1.1942	-1.1942	1.2084	-1.2084	1.2382	-1.2382	1.2628	-1.2628	1.2727	-1.2727	1.2876	-1.2876	-1.3059	1.3059	1.3245	-1.3245	-1.3457	1.3457	1.3679	-1.3679	1.3829	-1.3829	1.4192	-1.4192	1.454	-1.454	-1.4869	1.4869	-1.5024	1.5024	1.5153	-1.5153	-1.5206	1.5206	1.5359	-1.5359	-1.5514	1.5514	-1.5595	1.5595	1.5693	-1.5693	-1.5857	1.5857	-1.6055	1.6055	1.6175	-1.6175	1.6333	-1.6333	-1.6527	1.6527	-1.6594	1.6594	1.6792	-1.6792	1.6983	-1.6983	-1.7155	1.7155	-1.724	1.724	1.728	-1.728	1.7428	-1.7428	-1.7452	1.7452	1.7546	-1.7546	1.7665	-1.7665	-1.7841	1.7841	-1.7883	1.7883	-1.7965	1.7965	-1.8067	1.8067	1.8171	-1.8171	1.8321	-1.8321	-1.843	1.843	1.8581	-1.8581	1.8612	-1.8612	-1.8788	1.8788	-1.8833	1.8833	-1.8897	1.8897	1.9047	-1.9047	1.9132	-1.9132	1.9429	-1.9429	
0.21053	-0.3	-0.090096	0.090096	0.11352	-0.11352	0.1342	-0.1342	0.16185	-0.16185	0.19006	-0.19006	0.205	-0.205	0.23589	-0.23589	0.29073	-0.29073	0.30973	-0.30973	0.32781	-0.32781	-0.34886	0.34886	0.36235	-0.36235	0.39033	-0.39033	0.4089	-0.4089	-0.44348	0.44348	0.45608	-0.45608	0.46706	-0.46706	-0.48033	0.48033	0.51682	-0.51682	0.53156	-0.53156	0.55548	-0.55548	0.56601	-0.56601	0.60473	-0.60473	0.61676	-0.61676	0.64333	-0.64333	0.66076	-0.66076	0.68796	-0.68796	0.70294	-0.70294	0.73006	-0.73006	0.73383	-0.73383	-0.75951	0.75951	0.78039	-0.78039	-0.79524	0.79524	-0.81377	0.81377	-0.82884	0.82884	-0.84917	0.84917	0.85512	-0.85512	0.87101	-0.87101	0.891	-0.891	-0.91232	0.91232	-0.92704	0.92704	-0.95348	0.95348	-0.97759	0.97759	1.0479	-1.0479	-1.0818	1.0818	1.1024	-1.1024	1.1132	-1.1132	-1.1215	1.1215	-1.1712	1.1712	1.192	-1.192	-1.2105	1.2105	1.2382	-1.2382	1.2635	-1.2635	1.2726	-1.2726	1.2871	-1.2871	1.3058	-1.3058	1.3257	-1.3257	-1.3485	1.3485	-1.3673	1.3673	1.3923	-1.3923	1.4193	-1.4193	1.4543	-1.4543	1.4962	-1.4962	1.5061	-1.5061	1.5226	-1.5226	-1.5297	1.5297	-1.5419	1.5419	-1.5616	1.5616	1.5664	-1.5664	-1.5763	1.5763	-1.5867	1.5867	1.6072	-1.6072	1.6207	-1.6207	1.6345	-1.6345	-1.6607	1.6607	1.6702	-1.6702	-1.6908	1.6908	-1.7013	1.7013	1.7168	-1.7168	1.7255	-1.7255	1.7294	-1.7294	1.7435	-1.7435	-1.7461	1.7461	1.7558	-1.7558	1.7685	-1.7685	1.784	-1.784	-1.789	1.789	-1.7971	1.7971	1.8072	-1.8072	-1.8169	1.8169	1.8322	-1.8322	-1.8426	1.8426	-1.857	1.857	-1.8615	1.8615	-1.878	1.878	1.8829	-1.8829	1.8892	-1.8892	1.9043	-1.9043	1.9133	-1.9133	1.9418	-1.9418	
0.21053	-0.28	-0.10499	0.10499	0.12701	-0.12701	0.1479	-0.1479	0.17649	-0.17649	0.2052	-0.2052	0.2207	-0.2207	0.25074	-0.25074	0.29433	-0.29433	0.31096	-0.31096	0.33655	-0.33655	-0.35344	0.35344	0.36978	-0.36978	-0.39292	0.39292	0.41259	-0.41259	0.44856	-0.44856	0.45698	-0.45698	0.4695	-0.4695	-0.47963	0.47963	0.51568	-0.51568	0.52967	-0.52967	0.55356	-0.55356	-0.56512	0.56512	0.60375	-0.60375	0.61795	-0.61795	0.64329	-0.64329	0.66004	-0.66004	0.68726	-0.68726	-0.70881	0.70881	0.73124	-0.73124	0.73527	-0.73527	-0.75957	0.75957	0.78134	-0.78134	-0.79601	0.79601	-0.8146	0.8146	0.82995	-0.82995	0.84914	-0.84914	0.85572	-0.85572	0.87196	-0.87196	0.8936	-0.8936	0.91424	-0.91424	0.92803	-0.92803	0.95327	-0.95327	0.97689	-0.97689	1.0481	-1.0481	-1.0831	1.0831	-1.1042	1.1042	1.1128	-1.1128	-1.1225	1.1225	1.1723	-1.1723	1.1897	-1.1897	1.2126	-1.2126	1.2381	-1.2381	1.264	-1.264	1.2717	-1.2717	1.2859	-1.2859	1.3055	-1.3055	-1.3266	1.3266	1.3505	-1.3505	1.3666	-1.3666	1.4035	-1.4035	1.4197	-1.4197	1.4543	-1.4543	-1.4997	1.4997	1.5128	-1.5128	1.5251	-1.5251	-1.5422	1.5422	1.5475	-1.5475	1.5658	-1.5658	1.5756	-1.5756	-1.5867	1.5867	-1.5888	1.5888	1.6088	-1.6088	1.6235	-1.6235	1.6354	-1.6354	-1.6667	1.6667	1.681	-1.681	-1.6993	1.6993	-1.7058	1.7058	1.7185	-1.7185	-1.7266	1.7266	-1.7315	1.7315	-1.7445	1.7445	-1.747	1.747	1.7573	-1.7573	-1.7711	1.7711	1.7836	-1.7836	-1.7895	1.7895	1.7983	-1.7983	1.8079	-1.8079	1.8169	-1.8169	1.8323	-1.8323	-1.8421	1.8421	-1.8559	1.8559	1.8619	-1.8619	1.8771	-1.8771	1.8824	-1.8824	1.8889	-1.8889	1.9038	-1.9038	-1.9135	1.9135	1.9408	-1.9408	
0.21053	-0.26	0.11931	-0.11931	0.13973	-0.13973	0.16084	-0.16084	0.1904	-0.1904	0.2196	-0.2196	0.23574	-0.23574	-0.26463	0.26463	0.29626	-0.29626	0.31222	-0.31222	0.34178	-0.34178	0.36067	-0.36067	0.37721	-0.37721	-0.39605	0.39605	0.41477	-0.41477	0.45091	-0.45091	0.45808	-0.45808	0.47272	-0.47272	0.48169	-0.48169	0.51379	-0.51379	0.52859	-0.52859	0.55159	-0.55159	-0.5643	0.5643	0.60264	-0.60264	0.61882	-0.61882	-0.64319	0.64319	0.65862	-0.65862	-0.68629	0.68629	0.71272	-0.71272	0.73181	-0.73181	0.73751	-0.73751	0.75987	-0.75987	0.78322	-0.78322	0.79688	-0.79688	0.81547	-0.81547	0.83103	-0.83103	0.84904	-0.84904	0.8563	-0.8563	0.87267	-0.87267	0.896	-0.896	0.91629	-0.91629	0.93028	-0.93028	-0.95316	0.95316	-0.97616	0.97616	-1.0484	1.0484	1.0845	-1.0845	-1.1054	1.1054	1.1127	-1.1127	1.1236	-1.1236	-1.1731	1.1731	1.1873	-1.1873	1.2146	-1.2146	-1.2377	1.2377	1.2643	-1.2643	1.2698	-1.2698	1.2845	-1.2845	1.3049	-1.3049	1.3271	-1.3271	1.3523	-1.3523	-1.3662	1.3662	1.4135	-1.4135	1.4218	-1.4218	1.4543	-1.4543	1.5008	-1.5008	-1.5176	1.5176	-1.5289	1.5289	-1.5497	1.5497	-1.5573	1.5573	1.5682	-1.5682	1.5828	-1.5828	-1.5933	1.5933	1.5983	-1.5983	1.6106	-1.6106	1.626	-1.626	1.6365	-1.6365	1.6713	-1.6713	-1.6906	1.6906	-1.7035	1.7035	1.7118	-1.7118	1.7208	-1.7208	1.7281	-1.7281	1.7334	-1.7334	1.7459	-1.7459	1.748	-1.748	1.7588	-1.7588	1.7743	-1.7743	1.7831	-1.7831	-1.7896	1.7896	1.8	-1.8	-1.8089	1.8089	-1.8173	1.8173	-1.8326	1.8326	1.8415	-1.8415	1.8548	-1.8548	-1.8624	1.8624	-1.8763	1.8763	1.8819	-1.8819	-1.8886	1.8886	1.9034	-1.9034	1.9138	-1.9138	1.9399	-1.9399	
0.21053	-0.24	-0.13298	0.13298	0.15165	-0.15165	0.17295	-0.17295	0.20354	-0.20354	0.23323	-0.23323	0.25002	-0.25002	0.27727	-0.27727	0.2975	-0.2975	0.31379	-0.31379	0.34307	-0.34307	0.37063	-0.37063	0.38349	-0.38349	-0.40032	0.40032	0.41617	-0.41617	0.45158	-0.45158	0.45849	-0.45849	0.47302	-0.47302	0.48889	-0.48889	0.51138	-0.51138	0.52839	-0.52839	0.54961	-0.54961	-0.56361	0.56361	0.60149	-0.60149	0.61938	-0.61938	0.64305	-0.64305	0.65681	-0.65681	0.6852	-0.6852	-0.71479	0.71479	0.73193	-0.73193	0.73934	-0.73934	0.76035	-0.76035	0.7863	-0.7863	-0.79794	0.79794	-0.81642	0.81642	0.83207	-0.83207	0.8489	-0.8489	0.85685	-0.85685	0.87318	-0.87318	0.89793	-0.89793	0.91795	-0.91795	0.93441	-0.93441	-0.95327	0.95327	0.97542	-0.97542	1.0485	-1.0485	-1.0857	1.0857	1.1059	-1.1059	1.113	-1.113	-1.125	1.125	1.1738	-1.1738	1.1847	-1.1847	-1.2166	1.2166	1.2371	-1.2371	1.2633	-1.2633	1.2677	-1.2677	-1.2834	1.2834	1.3042	-1.3042	1.3272	-1.3272	-1.3541	1.3541	1.3666	-1.3666	1.4171	-1.4171	-1.4299	1.4299	1.4546	-1.4546	-1.5015	1.5015	1.5197	-1.5197	1.5323	-1.5323	1.5564	-1.5564	1.5645	-1.5645	-1.5746	1.5746	1.5851	-1.5851	-1.6024	1.6024	1.6074	-1.6074	-1.6135	1.6135	1.6285	-1.6285	1.6384	-1.6384	-1.6749	1.6749	1.6973	-1.6973	1.7075	-1.7075	-1.7158	1.7158	1.7228	-1.7228	-1.7316	1.7316	-1.735	1.735	-1.7473	1.7473	1.7497	-1.7497	1.7603	-1.7603	1.7775	-1.7775	-1.7827	1.7827	-1.7896	1.7896	1.8019	-1.8019	1.8102	-1.8102	-1.8184	1.8184	1.833	-1.833	1.8409	-1.8409	1.8537	-1.8537	-1.8628	1.8628	1.8755	-1.8755	1.8813	-1.8813	1.8884	-1.8884	-1.9029	1.9029	1.9143	-1.9143	1.939	-1.939	
0.21053	-0.22	-0.14593	0.14593	0.16277	-0.16277	0.18422	-0.18422	-0.21588	0.21588	0.24605	-0.24605	0.26343	-0.26343	0.28795	-0.28795	0.29877	-0.29877	0.31614	-0.31614	0.34278	-0.34278	-0.3791	0.3791	0.39012	-0.39012	0.40542	-0.40542	-0.41742	0.41742	0.45173	-0.45173	0.45835	-0.45835	0.47198	-0.47198	0.49675	-0.49675	0.50949	-0.50949	0.52903	-0.52903	-0.54768	0.54768	0.56317	-0.56317	0.60033	-0.60033	0.61961	-0.61961	0.64291	-0.64291	0.65476	-0.65476	0.68406	-0.68406	0.71564	-0.71564	0.73177	-0.73177	0.74003	-0.74003	0.76078	-0.76078	0.79033	-0.79033	-0.79938	0.79938	0.8175	-0.8175	-0.83304	0.83304	-0.84872	0.84872	0.85739	-0.85739	0.87354	-0.87354	0.89934	-0.89934	0.91896	-0.91896	-0.9402	0.9402	0.95393	-0.95393	0.97468	-0.97468	-1.0487	1.0487	-1.0869	1.0869	1.1059	-1.1059	1.1138	-1.1138	-1.1264	1.1264	1.1742	-1.1742	-1.1822	1.1822	-1.2184	1.2184	1.2361	-1.2361	1.2597	-1.2597	1.267	-1.267	1.2825	-1.2825	-1.3035	1.3035	1.327	-1.327	1.3556	-1.3556	1.3677	-1.3677	1.4178	-1.4178	-1.4392	1.4392	-1.4563	1.4563	1.5022	-1.5022	1.5207	-1.5207	1.5345	-1.5345	-1.5613	1.5613	1.5699	-1.5699	-1.584	1.584	-1.5867	1.5867	1.6097	-1.6097	-1.6134	1.6134	1.62	-1.62	-1.6309	1.6309	-1.6418	1.6418	1.6779	-1.6779	1.7004	-1.7004	1.7122	-1.7122	1.7189	-1.7189	1.7238	-1.7238	-1.7352	1.7352	1.7367	-1.7367	1.748	-1.748	1.7528	-1.7528	1.7622	-1.7622	1.7792	-1.7792	1.7833	-1.7833	-1.7896	1.7896	1.8036	-1.8036	1.8118	-1.8118	1.8203	-1.8203	1.8336	-1.8336	-1.8403	1.8403	-1.8527	1.8527	1.8633	-1.8633	-1.8749	1.8749	-1.8807	1.8807	1.8884	-1.8884	1.9025	-1.9025	1.9149	-1.9149	1.9383	-1.9383	
0.21053	-0.2	-0.15809	0.15809	0.17309	-0.17309	0.19458	-0.19458	0.2274	-0.2274	0.25801	-0.25801	0.27574	-0.27574	0.29491	-0.29491	0.30134	-0.30134	0.32009	-0.32009	0.34194	-0.34194	0.38358	-0.38358	0.39868	-0.39868	0.41036	-0.41036	0.41934	-0.41934	0.45185	-0.45185	0.45792	-0.45792	0.47069	-0.47069	0.49953	-0.49953	0.51155	-0.51155	0.5306	-0.5306	-0.54594	0.54594	-0.56315	0.56315	0.59923	-0.59923	0.61947	-0.61947	0.64275	-0.64275	0.65261	-0.65261	0.68289	-0.68289	0.71565	-0.71565	0.73133	-0.73133	0.73983	-0.73983	-0.76095	0.76095	0.79422	-0.79422	0.80166	-0.80166	-0.81883	0.81883	0.83396	-0.83396	0.84852	-0.84852	0.85791	-0.85791	0.8738	-0.8738	0.90032	-0.90032	0.9195	-0.9195	0.94581	-0.94581	0.95653	-0.95653	0.97397	-0.97397	1.0489	-1.0489	1.088	-1.088	1.1056	-1.1056	1.1147	-1.1147	1.128	-1.128	1.1743	-1.1743	1.1797	-1.1797	-1.22	1.22	1.2347	-1.2347	1.2546	-1.2546	1.2672	-1.2672	1.282	-1.282	-1.3027	1.3027	1.3266	-1.3266	1.3568	-1.3568	-1.3697	1.3697	1.4182	-1.4182	1.4447	-1.4447	1.4615	-1.4615	1.5029	-1.5029	-1.5213	1.5213	1.5357	-1.5357	1.5629	-1.5629	1.5773	-1.5773	-1.5866	1.5866	-1.5943	1.5943	-1.6131	1.6131	1.6191	-1.6191	1.6275	-1.6275	1.634	-1.634	-1.647	1.647	1.6806	-1.6806	1.7017	-1.7017	-1.7149	1.7149	1.721	-1.721	1.7271	-1.7271	1.7362	-1.7362	-1.7394	1.7394	1.7484	-1.7484	1.7559	-1.7559	1.7655	-1.7655	-1.7789	1.7789	1.7851	-1.7851	1.7896	-1.7896	1.8048	-1.8048	1.8135	-1.8135	-1.8229	1.8229	1.8344	-1.8344	1.8396	-1.8396	1.8519	-1.8519	-1.8637	1.8637	1.8745	-1.8745	1.8801	-1.8801	1.8884	-1.8884	1.9023	-1.9023	1.9157	-1.9157	1.9378	-1.9378	
0.21053	-0.18	-0.16936	0.16936	0.18263	-0.18263	0.20401	-0.20401	0.23805	-0.23805	0.269	-0.269	0.28624	-0.28624	0.29821	-0.29821	0.30527	-0.30527	0.32607	-0.32607	0.34107	-0.34107	0.38587	-0.38587	0.40615	-0.40615	0.41461	-0.41461	0.42313	-0.42313	0.45222	-0.45222	0.45737	-0.45737	0.46948	-0.46948	0.49718	-0.49718	-0.51636	0.51636	0.53311	-0.53311	0.54468	-0.54468	0.56391	-0.56391	0.59823	-0.59823	0.61889	-0.61889	0.64258	-0.64258	0.65047	-0.65047	0.6817	-0.6817	0.71493	-0.71493	0.73056	-0.73056	0.73931	-0.73931	0.76087	-0.76087	0.79688	-0.79688	0.80509	-0.80509	0.82056	-0.82056	0.83484	-0.83484	-0.84833	0.84833	0.8584	-0.8584	-0.874	0.874	0.90098	-0.90098	0.9198	-0.9198	-0.94855	0.94855	0.96305	-0.96305	0.97347	-0.97347	1.0491	-1.0491	1.089	-1.089	-1.105	1.105	1.1156	-1.1156	1.1297	-1.1297	1.1737	-1.1737	1.1775	-1.1775	1.2212	-1.2212	1.2326	-1.2326	1.2494	-1.2494	1.2675	-1.2675	1.2816	-1.2816	1.3018	-1.3018	1.326	-1.326	1.3576	-1.3576	1.3722	-1.3722	1.4187	-1.4187	1.4464	-1.4464	-1.4697	1.4697	1.5039	-1.5039	1.5217	-1.5217	1.5366	-1.5366	-1.5634	1.5634	1.5844	-1.5844	1.5876	-1.5876	-1.6017	1.6017	-1.6158	1.6158	1.6243	-1.6243	-1.632	1.632	1.6405	-1.6405	1.6532	-1.6532	1.6832	-1.6832	1.7023	-1.7023	1.7159	-1.7159	1.721	-1.721	1.7322	-1.7322	1.737	-1.737	1.7414	-1.7414	1.7488	-1.7488	1.7577	-1.7577	1.7701	-1.7701	1.7783	-1.7783	1.7865	-1.7865	-1.79	1.79	1.8055	-1.8055	1.8153	-1.8153	1.8257	-1.8257	1.8354	-1.8354	1.8391	-1.8391	-1.8515	1.8515	1.864	-1.864	-1.8742	1.8742	-1.8795	1.8795	1.8886	-1.8886	-1.9021	1.9021	1.9165	-1.9165	1.9374	-1.9374	
0.21053	-0.16	0.17963	-0.17963	0.19145	-0.19145	0.21248	-0.21248	-0.24781	0.24781	0.2788	-0.2788	0.29276	-0.29276	0.30279	-0.30279	0.30865	-0.30865	0.33229	-0.33229	-0.34132	0.34132	0.38742	-0.38742	-0.40971	0.40971	0.41885	-0.41885	-0.42886	0.42886	-0.4532	0.4532	0.45684	-0.45684	0.4686	-0.4686	0.49363	-0.49363	0.5197	-0.5197	0.53546	-0.53546	0.54452	-0.54452	-0.56602	0.56602	-0.59741	0.59741	0.61782	-0.61782	-0.64237	0.64237	0.64844	-0.64844	0.6805	-0.6805	0.71347	-0.71347	0.72949	-0.72949	0.73893	-0.73893	0.76062	-0.76062	0.79853	-0.79853	0.80878	-0.80878	-0.82287	0.82287	0.83567	-0.83567	-0.84818	0.84818	0.85887	-0.85887	0.87417	-0.87417	0.90142	-0.90142	0.91997	-0.91997	-0.94936	0.94936	0.96999	-0.96999	-0.97531	0.97531	1.0494	-1.0494	-1.0898	1.0898	1.1043	-1.1043	-1.1165	1.1165	-1.1313	1.1313	1.1719	-1.1719	1.1764	-1.1764	-1.2215	1.2215	1.2297	-1.2297	1.2451	-1.2451	-1.2679	1.2679	-1.2814	1.2814	1.3009	-1.3009	1.3252	-1.3252	-1.3581	1.3581	1.3751	-1.3751	-1.4193	1.4193	1.4467	-1.4467	1.4779	-1.4779	-1.5055	1.5055	-1.5221	1.5221	1.5374	-1.5374	-1.5635	1.5635	-1.5876	1.5876	1.5913	-1.5913	1.6068	-1.6068	-1.6189	1.6189	-1.6285	1.6285	1.6359	-1.6359	1.6484	-1.6484	1.6596	-1.6596	-1.6857	1.6857	1.7025	-1.7025	-1.7162	1.7162	1.7206	-1.7206	1.7351	-1.7351	1.7391	-1.7391	-1.7428	1.7428	1.7494	-1.7494	-1.7587	1.7587	1.7733	-1.7733	-1.7789	1.7789	-1.7874	1.7874	-1.7907	1.7907	1.8058	-1.8058	1.817	-1.817	-1.8282	1.8282	1.8362	-1.8362	1.839	-1.839	1.8516	-1.8516	1.8641	-1.8641	-1.8742	1.8742	-1.879	1.879	1.8887	-1.8887	1.9023	-1.9023	1.9174	-1.9174	1.9373	-1.9373	
0.21053	-0.14	0.18872	-0.18872	0.19962	-0.19962	0.21995	-0.21995	0.25664	-0.25664	0.28659	-0.28659	0.29597	-0.29597	0.30785	-0.30785	0.31344	-0.31344	0.33459	-0.33459	-0.34577	0.34577	0.38872	-0.38872	0.41069	-0.41069	-0.4223	0.4223	0.43451	-0.43451	0.45482	-0.45482	0.45682	-0.45682	0.46863	-0.46863	0.48986	-0.48986	-0.52143	0.52143	-0.53616	0.53616	0.54553	-0.54553	0.56989	-0.56989	0.59692	-0.59692	0.6162	-0.6162	0.64204	-0.64204	0.64668	-0.64668	0.67926	-0.67926	0.71118	-0.71118	0.72831	-0.72831	0.73889	-0.73889	0.76029	-0.76029	0.79974	-0.79974	0.8118	-0.8118	0.82575	-0.82575	-0.83652	0.83652	0.8481	-0.8481	0.85932	-0.85932	0.87433	-0.87433	0.90171	-0.90171	0.92009	-0.92009	-0.94959	0.94959	0.97064	-0.97064	0.98445	-0.98445	-1.0499	1.0499	1.0905	-1.0905	-1.1035	1.1035	1.1174	-1.1174	1.1329	-1.1329	1.1691	-1.1691	1.176	-1.176	-1.2193	1.2193	1.2278	-1.2278	-1.2423	1.2423	-1.2683	1.2683	1.2811	-1.2811	1.2999	-1.2999	-1.3244	1.3244	-1.3585	1.3585	1.3781	-1.3781	1.42	-1.42	1.4466	-1.4466	-1.4846	1.4846	-1.5081	1.5081	-1.5223	1.5223	1.5383	-1.5383	-1.5635	1.5635	1.5886	-1.5886	1.5955	-1.5955	-1.6096	1.6096	-1.6224	1.6224	-1.6316	1.6316	-1.6414	1.6414	1.6557	-1.6557	1.6655	-1.6655	-1.6882	1.6882	1.7026	-1.7026	1.7158	-1.7158	-1.7204	1.7204	1.7355	-1.7355	1.7417	-1.7417	1.744	-1.744	1.7506	-1.7506	1.7595	-1.7595	1.7735	-1.7735	1.7814	-1.7814	1.7879	-1.7879	-1.7921	1.7921	1.8059	-1.8059	1.8183	-1.8183	1.83	-1.83	-1.8363	1.8363	1.8393	-1.8393	1.8524	-1.8524	1.8641	-1.8641	1.8743	-1.8743	1.8787	-1.8787	1.889	-1.889	-1.9027	1.9027	1.9184	-1.9184	1.9377	-1.9377	
0.21053	-0.12	0.1965	-0.1965	0.2072	-0.2072	0.2264	-0.2264	-0.2645	0.2645	0.29047	-0.29047	0.30052	-0.30052	0.31032	-0.31032	0.32027	-0.32027	0.33419	-0.33419	-0.35267	0.35267	0.39001	-0.39001	0.41075	-0.41075	-0.42443	0.42443	0.4381	-0.4381	0.45508	-0.45508	0.45873	-0.45873	-0.47093	0.47093	0.48615	-0.48615	-0.52216	0.52216	-0.53584	0.53584	0.54645	-0.54645	0.57498	-0.57498	0.59705	-0.59705	0.61403	-0.61403	0.64144	-0.64144	0.64535	-0.64535	0.67798	-0.67798	-0.70809	0.70809	0.72726	-0.72726	0.73917	-0.73917	0.75991	-0.75991	-0.80077	0.80077	0.81401	-0.81401	0.82882	-0.82882	-0.83745	0.83745	0.84817	-0.84817	0.85975	-0.85975	0.87451	-0.87451	-0.90189	0.90189	0.92018	-0.92018	0.94965	-0.94965	0.97002	-0.97002	-0.99508	0.99508	-1.0506	1.0506	1.091	-1.091	1.1027	-1.1027	-1.1182	1.1182	-1.1344	1.1344	1.1657	-1.1657	-1.1756	1.1756	-1.2142	1.2142	-1.2278	1.2278	1.2405	-1.2405	1.2687	-1.2687	1.2808	-1.2808	1.2989	-1.2989	1.3235	-1.3235	1.3587	-1.3587	-1.381	1.381	1.421	-1.421	-1.4463	1.4463	1.4892	-1.4892	1.5116	-1.5116	-1.5225	1.5225	-1.5396	1.5396	1.5634	-1.5634	1.5894	-1.5894	1.5984	-1.5984	1.6109	-1.6109	-1.6255	1.6255	-1.635	1.635	1.6476	-1.6476	1.6619	-1.6619	-1.6709	1.6709	-1.6907	1.6907	1.7026	-1.7026	1.7148	-1.7148	-1.7206	1.7206	1.7353	-1.7353	-1.7426	1.7426	1.7451	-1.7451	1.7524	-1.7524	-1.7604	1.7604	1.7727	-1.7727	-1.7831	1.7831	1.7882	-1.7882	1.7943	-1.7943	1.806	-1.806	1.8192	-1.8192	1.8311	-1.8311	1.8364	-1.8364	-1.8393	1.8393	-1.8537	1.8537	1.864	-1.864	1.8744	-1.8744	-1.8786	1.8786	1.8892	-1.8892	-1.9033	1.9033	1.9194	-1.9194	1.9385	-1.9385	
0.21053	-0.1	0.20289	-0.20289	0.21414	-0.21414	0.23181	-0.23181	0.27132	-0.27132	0.29132	-0.29132	0.30623	-0.30623	0.31228	-0.31228	0.32572	-0.32572	0.33417	-0.33417	0.35935	-0.35935	0.39143	-0.39143	0.4104	-0.4104	0.42531	-0.42531	0.43965	-0.43965	0.45471	-0.45471	0.4601	-0.4601	0.47664	-0.47664	0.48269	-0.48269	-0.52225	0.52225	0.53543	-0.53543	0.54678	-0.54678	0.57983	-0.57983	0.59836	-0.59836	0.61139	-0.61139	0.64044	-0.64044	-0.64458	0.64458	0.67659	-0.67659	0.70437	-0.70437	0.72641	-0.72641	0.73972	-0.73972	0.75954	-0.75954	0.80168	-0.80168	-0.81565	0.81565	0.83146	-0.83146	0.83858	-0.83858	-0.84849	0.84849	0.86019	-0.86019	0.87472	-0.87472	0.90199	-0.90199	0.92026	-0.92026	0.94964	-0.94964	-0.96924	0.96924	-1.0055	1.0055	-1.0518	1.0518	1.0913	-1.0913	1.1017	-1.1017	-1.1189	1.1189	-1.1356	1.1356	1.1619	-1.1619	1.1752	-1.1752	1.2083	-1.2083	-1.2283	1.2283	1.2394	-1.2394	1.2691	-1.2691	-1.2806	1.2806	1.298	-1.298	1.3226	-1.3226	1.3589	-1.3589	1.3838	-1.3838	-1.4221	1.4221	-1.4461	1.4461	-1.4919	1.4919	-1.5156	1.5156	1.5227	-1.5227	1.5415	-1.5415	1.5632	-1.5632	-1.5903	1.5903	1.6002	-1.6002	-1.6114	1.6114	1.6272	-1.6272	-1.6395	1.6395	-1.6533	1.6533	-1.6669	1.6669	-1.6756	1.6756	1.6928	-1.6928	1.7028	-1.7028	1.7136	-1.7136	-1.7211	1.7211	1.7349	-1.7349	1.7425	-1.7425	1.7458	-1.7458	1.7541	-1.7541	1.7613	-1.7613	1.7721	-1.7721	-1.7838	1.7838	1.7882	-1.7882	1.7965	-1.7965	-1.8064	1.8064	-1.8197	1.8197	1.8314	-1.8314	1.8366	-1.8366	-1.839	1.839	1.8551	-1.8551	-1.8638	1.8638	-1.8743	1.8743	-1.8786	1.8786	-1.8893	1.8893	-1.904	1.904	1.9205	-1.9205	1.9398	-1.9398	
0.21053	-0.08	0.20793	-0.20793	0.2203	-0.2203	0.23614	-0.23614	-0.27707	0.27707	0.29118	-0.29118	0.31057	-0.31057	0.31494	-0.31494	0.32763	-0.32763	0.33645	-0.33645	0.36512	-0.36512	0.39307	-0.39307	-0.40983	0.40983	0.42507	-0.42507	-0.44002	0.44002	0.45434	-0.45434	0.46062	-0.46062	0.47942	-0.47942	0.48453	-0.48453	-0.52195	0.52195	0.53529	-0.53529	0.54667	-0.54667	0.5829	-0.5829	0.60126	-0.60126	0.60871	-0.60871	0.63906	-0.63906	0.64426	-0.64426	0.67501	-0.67501	0.70033	-0.70033	0.72579	-0.72579	0.74046	-0.74046	0.75919	-0.75919	-0.8025	0.8025	0.81695	-0.81695	0.83326	-0.83326	0.8399	-0.8399	-0.84918	0.84918	0.86066	-0.86066	0.87497	-0.87497	0.90204	-0.90204	0.92035	-0.92035	-0.94962	0.94962	-0.96841	0.96841	-1.0151	1.0151	1.0538	-1.0538	1.0915	-1.0915	1.1006	-1.1006	-1.1195	1.1195	1.1364	-1.1364	1.1576	-1.1576	1.1748	-1.1748	1.2029	-1.2029	-1.2289	1.2289	1.2387	-1.2387	-1.2695	1.2695	1.2802	-1.2802	1.297	-1.297	-1.3215	1.3215	1.359	-1.359	1.3862	-1.3862	1.4233	-1.4233	1.4461	-1.4461	-1.4934	1.4934	-1.5188	1.5188	1.523	-1.523	1.5441	-1.5441	1.5631	-1.5631	-1.591	1.591	-1.6014	1.6014	1.6117	-1.6117	1.6281	-1.6281	-1.6443	1.6443	-1.658	1.658	-1.6709	1.6709	1.6795	-1.6795	1.6941	-1.6941	1.7031	-1.7031	1.7122	-1.7122	1.7217	-1.7217	1.7346	-1.7346	1.742	-1.742	1.7463	-1.7463	1.7551	-1.7551	1.7622	-1.7622	1.772	-1.772	1.784	-1.784	1.7879	-1.7879	1.7979	-1.7979	-1.8073	1.8073	-1.82	1.82	1.8311	-1.8311	-1.8368	1.8368	-1.8388	1.8388	-1.8561	1.8561	-1.8635	1.8635	1.8741	-1.8741	1.8787	-1.8787	-1.8895	1.8895	1.9046	-1.9046	1.9221	-1.9221	1.9415	-1.9415	
0.21053	-0.06	0.2117	-0.2117	0.22544	-0.22544	0.23939	-0.23939	0.2817	-0.2817	0.29072	-0.29072	0.31293	-0.31293	0.31813	-0.31813	0.32761	-0.32761	0.33957	-0.33957	-0.36974	0.36974	-0.39495	0.39495	0.4091	-0.4091	0.42382	-0.42382	-0.43983	0.43983	0.45402	-0.45402	0.46113	-0.46113	0.47672	-0.47672	0.49267	-0.49267	-0.52158	0.52158	0.53545	-0.53545	0.54637	-0.54637	0.58383	-0.58383	0.60267	-0.60267	0.60903	-0.60903	0.63739	-0.63739	0.64421	-0.64421	0.67315	-0.67315	0.69633	-0.69633	0.72533	-0.72533	0.74133	-0.74133	0.75889	-0.75889	-0.80324	0.80324	0.81807	-0.81807	0.83424	-0.83424	0.84112	-0.84112	0.8503	-0.8503	0.86121	-0.86121	-0.87528	0.87528	-0.90206	0.90206	0.92043	-0.92043	-0.94961	0.94961	0.96755	-0.96755	1.023	-1.023	1.0568	-1.0568	-1.0914	1.0914	-1.0994	1.0994	1.1201	-1.1201	1.1366	-1.1366	1.1531	-1.1531	1.1743	-1.1743	-1.1985	1.1985	-1.2294	1.2294	1.2383	-1.2383	1.2698	-1.2698	1.2797	-1.2797	1.2962	-1.2962	1.3205	-1.3205	-1.3591	1.3591	1.3884	-1.3884	1.4247	-1.4247	1.4462	-1.4462	-1.4942	1.4942	1.5205	-1.5205	-1.5239	1.5239	-1.5472	1.5472	1.563	-1.563	1.5914	-1.5914	-1.6022	1.6022	1.6121	-1.6121	1.6286	-1.6286	-1.6488	1.6488	-1.6614	1.6614	-1.6743	1.6743	1.6824	-1.6824	-1.6946	1.6946	1.7037	-1.7037	-1.711	1.711	-1.7225	1.7225	1.7342	-1.7342	-1.7411	1.7411	-1.7467	1.7467	1.7557	-1.7557	1.7627	-1.7627	-1.7723	1.7723	1.7839	-1.7839	1.7875	-1.7875	-1.7984	1.7984	1.8083	-1.8083	-1.82	1.82	1.8306	-1.8306	1.8363	-1.8363	1.8391	-1.8391	1.8565	-1.8565	-1.8632	1.8632	1.8738	-1.8738	-1.8786	1.8786	1.8897	-1.8897	1.9049	-1.9049	1.9241	-1.9241	1.9434	-1.9434	
0.21053	-0.04	0.21428	-0.21428	0.22931	-0.22931	0.24153	-0.24153	0.28516	-0.28516	0.29017	-0.29017	0.31455	-0.31455	0.31996	-0.31996	0.328	-0.328	0.34162	-0.34162	0.37316	-0.37316	-0.39697	0.39697	0.40825	-0.40825	-0.42166	0.42166	0.43938	-0.43938	0.45374	-0.45374	0.462	-0.462	0.47451	-0.47451	-0.50029	0.50029	-0.52158	0.52158	0.53588	-0.53588	0.54605	-0.54605	0.58313	-0.58313	0.60021	-0.60021	-0.61395	0.61395	0.63539	-0.63539	-0.64432	0.64432	-0.6709	0.6709	0.69274	-0.69274	0.725	-0.725	0.74229	-0.74229	0.75863	-0.75863	-0.80391	0.80391	-0.81905	0.81905	0.83468	-0.83468	0.84198	-0.84198	0.8517	-0.8517	0.86191	-0.86191	0.87565	-0.87565	0.90204	-0.90204	-0.92052	0.92052	0.94961	-0.94961	0.96666	-0.96666	1.0289	-1.0289	1.0608	-1.0608	1.0909	-1.0909	1.0983	-1.0983	-1.1205	1.1205	-1.1358	1.1358	-1.1491	1.1491	1.1739	-1.1739	1.1953	-1.1953	1.2297	-1.2297	-1.2382	1.2382	1.2702	-1.2702	1.2791	-1.2791	1.2954	-1.2954	1.3194	-1.3194	1.3591	-1.3591	-1.3903	1.3903	1.4259	-1.4259	1.4468	-1.4468	-1.4945	1.4945	-1.521	1.521	1.5252	-1.5252	1.5503	-1.5503	1.5629	-1.5629	1.5912	-1.5912	1.603	-1.603	-1.6128	1.6128	-1.6288	1.6288	1.6523	-1.6523	-1.6637	1.6637	-1.677	1.677	1.6841	-1.6841	1.6943	-1.6943	-1.7041	1.7041	1.7101	-1.7101	-1.7233	1.7233	1.734	-1.734	1.7401	-1.7401	-1.7469	1.7469	1.7558	-1.7558	1.7629	-1.7629	1.7728	-1.7728	1.7836	-1.7836	1.787	-1.787	1.7982	-1.7982	1.8092	-1.8092	1.8197	-1.8197	1.8299	-1.8299	1.8354	-1.8354	1.8396	-1.8396	1.8561	-1.8561	1.863	-1.863	-1.8737	1.8737	-1.8784	1.8784	1.8899	-1.8899	1.9049	-1.9049	1.9265	-1.9265	1.9453	-1.9453	
0.21053	-0.02	0.21572	-0.21572	0.23173	-0.23173	0.24253	-0.24253	-0.28738	0.28738	0.28974	-0.28974	0.31583	-0.31583	0.32015	-0.32015	0.32903	-0.32903	0.34211	-0.34211	0.37551	-0.37551	-0.39882	0.39882	-0.40735	0.40735	-0.41868	0.41868	-0.43888	0.43888	0.4535	-0.4535	0.46324	-0.46324	0.47298	-0.47298	-0.50644	0.50644	-0.52261	0.52261	0.53661	-0.53661	0.54582	-0.54582	0.58102	-0.58102	0.59762	-0.59762	0.61926	-0.61926	0.63305	-0.63305	0.64456	-0.64456	0.66829	-0.66829	0.68988	-0.68988	0.72477	-0.72477	0.74327	-0.74327	0.75844	-0.75844	0.80448	-0.80448	-0.81995	0.81995	0.8348	-0.8348	0.84248	-0.84248	0.85307	-0.85307	0.86282	-0.86282	-0.87611	0.87611	0.90201	-0.90201	-0.92062	0.92062	0.94963	-0.94963	0.96573	-0.96573	1.0327	-1.0327	-1.0651	1.0651	1.0893	-1.0893	-1.0981	1.0981	-1.1206	1.1206	1.1335	-1.1335	-1.1469	1.1469	1.1737	-1.1737	1.193	-1.193	1.2299	-1.2299	-1.2382	1.2382	1.2705	-1.2705	1.2783	-1.2783	1.2948	-1.2948	1.3184	-1.3184	1.3592	-1.3592	1.3918	-1.3918	-1.427	1.427	-1.4477	1.4477	-1.4946	1.4946	1.5209	-1.5209	1.5263	-1.5263	1.553	-1.553	1.5629	-1.5629	1.5903	-1.5903	-1.6037	1.6037	1.6139	-1.6139	1.6289	-1.6289	1.6546	-1.6546	1.6651	-1.6651	1.6787	-1.6787	-1.6847	1.6847	-1.6934	1.6934	-1.704	1.704	1.7095	-1.7095	-1.7241	1.7241	1.7338	-1.7338	-1.739	1.739	1.7471	-1.7471	1.7558	-1.7558	-1.7632	1.7632	1.7732	-1.7732	-1.7832	1.7832	1.7865	-1.7865	1.7976	-1.7976	1.8096	-1.8096	-1.8192	1.8192	1.8291	-1.8291	1.8344	-1.8344	1.8399	-1.8399	1.8551	-1.8551	-1.8628	1.8628	1.8736	-1.8736	-1.8781	1.8781	-1.8901	1.8901	1.9047	-1.9047	1.9291	-1.9291	-1.9471	1.9471	
0.21053	-6.7145e-16	0.21604	-0.21604	0.23255	-0.23255	0.24235	-0.24235	-0.28823	0.28823	0.28965	-0.28965	0.31637	-0.31637	0.32013	-0.32013	0.32964	-0.32964	0.34101	-0.34101	0.37693	-0.37693	0.40002	-0.40002	0.40655	-0.40655	0.41501	-0.41501	-0.43852	0.43852	0.45331	-0.45331	0.46444	-0.46444	0.47258	-0.47258	0.51026	-0.51026	-0.52508	0.52508	-0.53785	0.53785	0.54577	-0.54577	0.57762	-0.57762	0.59576	-0.59576	0.6231	-0.6231	0.63099	-0.63099	0.64489	-0.64489	0.66561	-0.66561	0.68783	-0.68783	0.72461	-0.72461	0.74425	-0.74425	0.75831	-0.75831	-0.80496	0.80496	0.82076	-0.82076	0.8347	-0.8347	0.84276	-0.84276	0.85416	-0.85416	-0.86397	0.86397	-0.87665	0.87665	0.90196	-0.90196	0.92072	-0.92072	0.94967	-0.94967	0.96476	-0.96476	-1.035	1.035	1.0682	-1.0682	1.0863	-1.0863	1.0992	-1.0992	1.1204	-1.1204	1.1305	-1.1305	1.1466	-1.1466	1.1737	-1.1737	-1.1917	1.1917	-1.2299	1.2299	1.2384	-1.2384	1.2707	-1.2707	-1.2773	1.2773	1.2945	-1.2945	1.3173	-1.3173	1.3592	-1.3592	1.3931	-1.3931	-1.4279	1.4279	1.4491	-1.4491	-1.4946	1.4946	1.5206	-1.5206	-1.5272	1.5272	-1.555	1.555	1.563	-1.563	1.5888	-1.5888	1.6042	-1.6042	-1.6155	1.6155	1.629	-1.629	1.6556	-1.6556	1.6657	-1.6657	-1.6793	1.6793	-1.6843	1.6843	-1.6923	1.6923	-1.7035	1.7035	-1.709	1.709	1.7247	-1.7247	1.7337	-1.7337	-1.738	1.738	1.747	-1.747	1.7557	-1.7557	1.7635	-1.7635	1.7732	-1.7732	1.7826	-1.7826	1.7861	-1.7861	1.797	-1.797	1.8095	-1.8095	-1.8181	1.8181	-1.8283	1.8283	-1.8334	1.8334	1.8402	-1.8402	-1.8536	1.8536	1.8626	-1.8626	1.8738	-1.8738	1.8779	-1.8779	1.8903	-1.8903	1.9045	-1.9045	1.9315	-1.9315	1.9488	-1.9488	
0.21053	0.02	0.21528	-0.21528	0.23173	-0.23173	0.24096	-0.24096	-0.28787	0.28787	0.2898	-0.2898	0.31573	-0.31573	0.32092	-0.32092	0.32911	-0.32911	0.33853	-0.33853	0.3776	-0.3776	0.3998	-0.3998	-0.40617	0.40617	-0.41094	0.41094	0.43841	-0.43841	0.45318	-0.45318	0.46494	-0.46494	-0.47385	0.47385	0.51208	-0.51208	0.52796	-0.52796	-0.53997	0.53997	0.54605	-0.54605	0.57333	-0.57333	0.59462	-0.59462	0.62227	-0.62227	0.63187	-0.63187	0.64529	-0.64529	0.6633	-0.6633	0.68654	-0.68654	0.7245	-0.7245	0.74517	-0.74517	-0.75826	0.75826	0.80535	-0.80535	0.82148	-0.82148	0.83444	-0.83444	0.8429	-0.8429	0.85491	-0.85491	-0.86528	0.86528	0.87729	-0.87729	0.90189	-0.90189	0.92084	-0.92084	-0.94974	0.94974	0.96374	-0.96374	-1.0362	1.0362	1.0683	-1.0683	1.0831	-1.0831	-1.1013	1.1013	-1.1196	1.1196	1.1281	-1.1281	1.1478	-1.1478	1.1739	-1.1739	1.191	-1.191	1.23	-1.23	1.2386	-1.2386	1.2707	-1.2707	-1.2764	1.2764	1.2943	-1.2943	1.3163	-1.3163	-1.3592	1.3592	1.3942	-1.3942	1.4283	-1.4283	1.451	-1.451	1.4944	-1.4944	-1.5201	1.5201	-1.5278	1.5278	1.5561	-1.5561	1.5632	-1.5632	-1.5869	1.5869	1.6043	-1.6043	1.6174	-1.6174	1.629	-1.629	1.6552	-1.6552	-1.6653	1.6653	1.6786	-1.6786	1.6834	-1.6834	-1.691	1.691	1.7027	-1.7027	1.7084	-1.7084	1.725	-1.725	-1.7337	1.7337	-1.7371	1.7371	-1.7468	1.7468	1.7555	-1.7555	1.764	-1.764	1.7727	-1.7727	-1.782	1.782	1.7858	-1.7858	1.7963	-1.7963	1.8088	-1.8088	-1.8164	1.8164	1.8275	-1.8275	1.8323	-1.8323	1.8402	-1.8402	1.852	-1.852	1.8625	-1.8625	-1.874	1.874	1.8777	-1.8777	1.8905	-1.8905	1.9044	-1.9044	1.9336	-1.9336	1.9502	-1.9502	
0.21053	0.04	0.21343	-0.21343	0.2293	-0.2293	0.23837	-0.23837	0.28647	-0.28647	0.28997	-0.28997	0.3144	-0.3144	0.32185	-0.32185	0.3272	-0.3272	0.33516	-0.33516	0.37758	-0.37758	-0.3975	0.3975	-0.40548	0.40548	0.40777	-0.40777	-0.43863	0.43863	0.45313	-0.45313	0.46473	-0.46473	0.47664	-0.47664	-0.51296	0.51296	0.52977	-0.52977	0.54225	-0.54225	-0.54723	0.54723	0.56903	-0.56903	0.59381	-0.59381	0.61783	-0.61783	-0.6345	0.6345	0.64561	-0.64561	-0.66188	0.66188	0.68584	-0.68584	0.72443	-0.72443	0.746	-0.746	-0.75827	0.75827	0.80564	-0.80564	0.82211	-0.82211	0.83406	-0.83406	0.84296	-0.84296	0.85536	-0.85536	-0.86662	0.86662	0.87803	-0.87803	0.9018	-0.9018	0.92097	-0.92097	0.94983	-0.94983	-0.96263	0.96263	-1.0368	1.0368	1.0644	-1.0644	1.081	-1.081	1.1034	-1.1034	1.1185	-1.1185	-1.1268	1.1268	1.1504	-1.1504	1.1744	-1.1744	1.1909	-1.1909	1.2299	-1.2299	1.2389	-1.2389	1.2703	-1.2703	-1.2755	1.2755	1.2944	-1.2944	1.3153	-1.3153	-1.3591	1.3591	1.3951	-1.3951	-1.4285	1.4285	1.4534	-1.4534	-1.4941	1.4941	-1.5195	1.5195	-1.5284	1.5284	-1.5565	1.5565	1.5633	-1.5633	-1.5848	1.5848	-1.6041	1.6041	-1.619	1.619	1.6291	-1.6291	1.6537	-1.6537	1.6639	-1.6639	-1.6768	1.6768	1.6818	-1.6818	1.6893	-1.6893	1.7015	-1.7015	-1.7076	1.7076	-1.7249	1.7249	1.7336	-1.7336	1.7365	-1.7365	1.7464	-1.7464	1.7552	-1.7552	1.7644	-1.7644	1.7718	-1.7718	-1.7812	1.7812	1.7857	-1.7857	-1.7957	1.7957	1.8072	-1.8072	-1.8145	1.8145	-1.8267	1.8267	-1.8312	1.8312	1.84	-1.84	1.8504	-1.8504	1.8624	-1.8624	1.8744	-1.8744	1.8776	-1.8776	-1.8908	1.8908	1.9044	-1.9044	1.9353	-1.9353	1.9516	-1.9516	
0.21053	0.06	0.21051	-0.21051	0.22536	-0.22536	0.23465	-0.23465	-0.28384	0.28384	0.29025	-0.29025	0.31266	-0.31266	0.32075	-0.32075	0.32503	-0.32503	0.33181	-0.33181	0.37683	-0.37683	-0.39289	0.39289	0.40274	-0.40274	-0.40757	0.40757	-0.43916	0.43916	0.45319	-0.45319	0.46428	-0.46428	0.48027	-0.48027	-0.51341	0.51341	-0.53051	0.53051	0.54253	-0.54253	0.54969	-0.54969	0.56618	-0.56618	0.59279	-0.59279	0.61241	-0.61241	0.63666	-0.63666	0.64565	-0.64565	0.6616	-0.6616	0.68561	-0.68561	0.72439	-0.72439	0.74672	-0.74672	0.75833	-0.75833	-0.80584	0.80584	0.82263	-0.82263	0.83355	-0.83355	-0.84297	0.84297	0.8556	-0.8556	-0.86786	0.86786	0.87889	-0.87889	0.90167	-0.90167	-0.92112	0.92112	0.94993	-0.94993	0.96142	-0.96142	-1.0365	1.0365	1.0578	-1.0578	-1.0797	1.0797	1.1046	-1.1046	-1.1178	1.1178	1.126	-1.126	1.1541	-1.1541	-1.175	1.175	1.1914	-1.1914	1.2299	-1.2299	1.2392	-1.2392	1.2694	-1.2694	1.2751	-1.2751	1.2947	-1.2947	1.3143	-1.3143	-1.3591	1.3591	1.3957	-1.3957	1.4283	-1.4283	-1.456	1.456	1.4936	-1.4936	1.5188	-1.5188	1.5288	-1.5288	1.556	-1.556	1.5632	-1.5632	-1.5827	1.5827	1.6036	-1.6036	1.6201	-1.6201	1.6292	-1.6292	-1.6513	1.6513	-1.6612	1.6612	1.674	-1.674	1.6798	-1.6798	1.6874	-1.6874	1.7001	-1.7001	-1.7066	1.7066	1.7245	-1.7245	1.7333	-1.7333	1.7363	-1.7363	1.7458	-1.7458	1.7548	-1.7548	-1.7646	1.7646	1.7705	-1.7705	1.7803	-1.7803	1.7857	-1.7857	-1.7951	1.7951	1.8043	-1.8043	-1.8128	1.8128	1.8257	-1.8257	-1.8301	1.8301	1.8398	-1.8398	1.8491	-1.8491	1.8624	-1.8624	1.8749	-1.8749	1.8776	-1.8776	1.8911	-1.8911	1.9044	-1.9044	1.9367	-1.9367	1.9528	-1.9528	
0.21053	0.08	0.2065	-0.2065	0.22003	-0.22003	0.22988	-0.22988	0.27993	-0.27993	0.29054	-0.29054	0.31	-0.31	0.31616	-0.31616	0.32304	-0.32304	0.33022	-0.33022	0.37519	-0.37519	0.38643	-0.38643	-0.40005	0.40005	-0.40801	0.40801	0.43994	-0.43994	0.45341	-0.45341	0.46383	-0.46383	0.48426	-0.48426	0.51336	-0.51336	-0.53073	0.53073	0.5406	-0.5406	-0.55139	0.55139	0.56654	-0.56654	0.59059	-0.59059	0.60753	-0.60753	0.63812	-0.63812	0.64531	-0.64531	0.66234	-0.66234	0.68574	-0.68574	-0.72436	0.72436	0.74732	-0.74732	0.7584	-0.7584	0.80595	-0.80595	0.82304	-0.82304	-0.83294	0.83294	0.84295	-0.84295	0.85572	-0.85572	-0.86895	0.86895	0.87984	-0.87984	0.90149	-0.90149	0.92128	-0.92128	-0.95003	0.95003	0.96006	-0.96006	1.0347	-1.0347	-1.0509	1.0509	-1.0786	1.0786	1.1047	-1.1047	1.1174	-1.1174	-1.1254	1.1254	1.1582	-1.1582	1.1758	-1.1758	1.1925	-1.1925	1.2298	-1.2298	1.2395	-1.2395	-1.2681	1.2681	1.275	-1.275	1.2953	-1.2953	1.3134	-1.3134	-1.359	1.359	1.3963	-1.3963	1.4279	-1.4279	1.4589	-1.4589	1.4931	-1.4931	1.518	-1.518	-1.5291	1.5291	1.5547	-1.5547	1.5628	-1.5628	-1.5808	1.5808	1.6028	-1.6028	1.6205	-1.6205	1.6295	-1.6295	1.648	-1.648	1.6573	-1.6573	1.6704	-1.6704	-1.6771	1.6771	1.6849	-1.6849	1.6982	-1.6982	1.7057	-1.7057	1.7237	-1.7237	1.7327	-1.7327	1.7365	-1.7365	1.7451	-1.7451	1.7542	-1.7542	1.7641	-1.7641	1.7692	-1.7692	1.7794	-1.7794	-1.7857	1.7857	1.7943	-1.7943	1.8005	-1.8005	1.8115	-1.8115	1.8243	-1.8243	1.8292	-1.8292	1.8397	-1.8397	1.8482	-1.8482	1.8623	-1.8623	1.8754	-1.8754	1.8778	-1.8778	1.8914	-1.8914	1.9045	-1.9045	1.9376	-1.9376	1.9538	-1.9538	
0.21053	0.1	0.20139	-0.20139	0.21348	-0.21348	0.22409	-0.22409	0.27478	-0.27478	0.29064	-0.29064	0.3044	-0.3044	0.31197	-0.31197	-0.31912	0.31912	0.33085	-0.33085	0.3724	-0.3724	0.37883	-0.37883	-0.39765	0.39765	-0.40853	0.40853	0.44088	-0.44088	0.45382	-0.45382	0.46344	-0.46344	-0.48829	0.48829	0.51233	-0.51233	0.53077	-0.53077	-0.53723	0.53723	0.55211	-0.55211	-0.56932	0.56932	0.58645	-0.58645	0.60467	-0.60467	0.63904	-0.63904	0.64466	-0.64466	0.66363	-0.66363	0.68615	-0.68615	-0.72435	0.72435	0.74779	-0.74779	0.75843	-0.75843	-0.80597	0.80597	-0.82332	0.82332	0.83219	-0.83219	-0.84292	0.84292	0.85576	-0.85576	-0.86985	0.86985	0.88086	-0.88086	0.90125	-0.90125	0.92146	-0.92146	-0.95007	0.95007	0.95851	-0.95851	-1.0302	1.0302	1.0461	-1.0461	-1.0773	1.0773	1.104	-1.104	-1.1172	1.1172	-1.1249	1.1249	1.1622	-1.1622	1.1769	-1.1769	1.1944	-1.1944	-1.2297	1.2297	1.2397	-1.2397	1.2665	-1.2665	1.2751	-1.2751	1.296	-1.296	-1.3125	1.3125	1.3589	-1.3589	1.3967	-1.3967	-1.4274	1.4274	1.4619	-1.4619	-1.4924	1.4924	-1.5171	1.5171	-1.5292	1.5292	1.5526	-1.5526	1.5622	-1.5622	1.5792	-1.5792	1.6018	-1.6018	-1.6202	1.6202	1.6296	-1.6296	-1.6439	1.6439	-1.6526	1.6526	-1.666	1.666	1.6737	-1.6737	1.6818	-1.6818	-1.6959	1.6959	-1.705	1.705	-1.7226	1.7226	-1.7319	1.7319	1.7369	-1.7369	1.7442	-1.7442	1.7533	-1.7533	1.7625	-1.7625	1.7683	-1.7683	-1.7782	1.7782	-1.7856	1.7856	1.792	-1.792	-1.7978	1.7978	1.8103	-1.8103	-1.8228	1.8228	-1.8286	1.8286	-1.8397	1.8397	1.8476	-1.8476	-1.8624	1.8624	1.8759	-1.8759	1.878	-1.878	1.8917	-1.8917	1.9047	-1.9047	1.9384	-1.9384	1.9546	-1.9546	
0.21053	0.12	0.19515	-0.19515	0.20589	-0.20589	0.21733	-0.21733	-0.26843	0.26843	0.29005	-0.29005	0.29602	-0.29602	0.30841	-0.30841	0.31493	-0.31493	0.3321	-0.3321	0.36792	-0.36792	-0.3708	0.3708	0.3956	-0.3956	0.40911	-0.40911	0.44184	-0.44184	0.45441	-0.45441	0.4631	-0.4631	0.49199	-0.49199	-0.50959	0.50959	-0.53074	0.53074	0.53404	-0.53404	0.55278	-0.55278	0.57042	-0.57042	0.58284	-0.58284	0.60386	-0.60386	0.6396	-0.6396	0.64385	-0.64385	0.66499	-0.66499	0.68676	-0.68676	-0.72433	0.72433	0.74815	-0.74815	-0.75836	0.75836	-0.80592	0.80592	-0.82347	0.82347	0.83131	-0.83131	0.84287	-0.84287	0.85577	-0.85577	-0.87055	0.87055	-0.88192	0.88192	0.90094	-0.90094	0.92166	-0.92166	0.94998	-0.94998	0.95679	-0.95679	-1.0228	1.0228	-1.044	1.044	1.0758	-1.0758	1.1028	-1.1028	1.1169	-1.1169	1.1246	-1.1246	-1.1651	1.1651	1.1782	-1.1782	1.1972	-1.1972	1.2296	-1.2296	1.2401	-1.2401	1.2649	-1.2649	1.2754	-1.2754	1.2969	-1.2969	1.3117	-1.3117	-1.3588	1.3588	1.3969	-1.3969	1.4266	-1.4266	-1.4649	1.4649	-1.4916	1.4916	-1.516	1.516	1.5291	-1.5291	1.5495	-1.5495	-1.5615	1.5615	1.5779	-1.5779	1.6005	-1.6005	1.6193	-1.6193	1.6291	-1.6291	-1.6389	1.6389	1.6475	-1.6475	-1.661	1.661	1.6692	-1.6692	-1.6779	1.6779	-1.6932	1.6932	1.7047	-1.7047	1.7214	-1.7214	-1.731	1.731	1.7373	-1.7373	1.743	-1.743	1.7518	-1.7518	1.76	-1.76	1.7679	-1.7679	1.7763	-1.7763	-1.7847	1.7847	-1.7892	1.7892	1.7971	-1.7971	1.8087	-1.8087	1.8212	-1.8212	1.8283	-1.8283	-1.8398	1.8398	-1.8473	1.8473	-1.8625	1.8625	1.8764	-1.8764	1.8784	-1.8784	-1.892	1.892	1.905	-1.905	1.9389	-1.9389	1.9551	-1.9551	
0.21053	0.14	0.18775	-0.18775	0.19744	-0.19744	0.20963	-0.20963	0.26096	-0.26096	0.28441	-0.28441	0.2901	-0.2901	0.30364	-0.30364	0.31207	-0.31207	0.3331	-0.3331	0.3606	-0.3606	0.36384	-0.36384	0.39396	-0.39396	0.40973	-0.40973	0.44273	-0.44273	0.45514	-0.45514	0.46279	-0.46279	0.49432	-0.49432	0.50542	-0.50542	0.53007	-0.53007	0.53276	-0.53276	0.5536	-0.5536	0.56534	-0.56534	0.58455	-0.58455	0.60421	-0.60421	0.63991	-0.63991	0.64302	-0.64302	0.6661	-0.6661	0.68753	-0.68753	0.72432	-0.72432	0.74841	-0.74841	0.75811	-0.75811	0.8058	-0.8058	0.82349	-0.82349	0.83027	-0.83027	0.84283	-0.84283	0.85577	-0.85577	-0.87109	0.87109	0.88297	-0.88297	0.90054	-0.90054	0.92185	-0.92185	0.94947	-0.94947	0.95505	-0.95505	1.0146	-1.0146	1.0431	-1.0431	1.0741	-1.0741	1.1014	-1.1014	1.1164	-1.1164	1.1243	-1.1243	1.1668	-1.1668	1.1796	-1.1796	1.2009	-1.2009	-1.2295	1.2295	1.2404	-1.2404	1.2633	-1.2633	1.2757	-1.2757	1.2981	-1.2981	-1.311	1.311	1.3587	-1.3587	1.397	-1.397	1.4258	-1.4258	-1.4679	1.4679	1.4906	-1.4906	1.5147	-1.5147	1.5287	-1.5287	1.5458	-1.5458	1.5608	-1.5608	1.5769	-1.5769	1.599	-1.599	1.6177	-1.6177	-1.627	1.627	1.6333	-1.6333	1.6426	-1.6426	1.6555	-1.6555	-1.6638	1.6638	1.6729	-1.6729	-1.6906	1.6906	1.7045	-1.7045	1.7201	-1.7201	1.7298	-1.7298	1.7372	-1.7372	1.7416	-1.7416	1.7497	-1.7497	1.7574	-1.7574	1.7668	-1.7668	1.7734	-1.7734	1.7829	-1.7829	-1.7883	1.7883	-1.7969	1.7969	1.8069	-1.8069	1.8199	-1.8199	1.8283	-1.8283	1.8401	-1.8401	-1.8471	1.8471	1.8627	-1.8627	-1.877	1.877	-1.879	1.879	1.8923	-1.8923	1.9053	-1.9053	1.9392	-1.9392	1.9555	-1.9555	
0.21053	0.16	0.17915	-0.17915	0.18828	-0.18828	0.20101	-0.20101	0.25241	-0.25241	0.27336	-0.27336	0.28616	-0.28616	0.29897	-0.29897	0.3102	-0.3102	0.33298	-0.33298	0.35236	-0.35236	0.35697	-0.35697	-0.39272	0.39272	-0.41036	0.41036	0.44342	-0.44342	-0.45587	0.45587	0.46252	-0.46252	0.49169	-0.49169	0.50355	-0.50355	0.52881	-0.52881	0.53307	-0.53307	0.55435	-0.55435	0.55789	-0.55789	-0.58877	0.58877	0.60514	-0.60514	0.64	-0.64	0.64224	-0.64224	-0.66673	0.66673	0.68838	-0.68838	0.7243	-0.7243	0.7486	-0.7486	0.75761	-0.75761	-0.80564	0.80564	-0.82339	0.82339	0.82908	-0.82908	0.84279	-0.84279	0.85578	-0.85578	-0.87148	0.87148	-0.88397	0.88397	0.90003	-0.90003	0.92202	-0.92202	0.94796	-0.94796	0.95378	-0.95378	1.0067	-1.0067	-1.0427	1.0427	1.0723	-1.0723	1.0997	-1.0997	-1.1158	1.1158	1.1242	-1.1242	1.1674	-1.1674	1.1808	-1.1808	1.2049	-1.2049	-1.2295	1.2295	-1.2409	1.2409	1.2618	-1.2618	1.276	-1.276	1.2993	-1.2993	1.3102	-1.3102	1.3585	-1.3585	-1.3969	1.3969	-1.4249	1.4249	1.4708	-1.4708	1.4893	-1.4893	-1.5132	1.5132	-1.5277	1.5277	1.5418	-1.5418	-1.56	1.56	-1.5759	1.5759	1.5974	-1.5974	1.6146	-1.6146	1.6224	-1.6224	-1.6289	1.6289	1.6381	-1.6381	-1.6499	1.6499	-1.6574	1.6574	-1.6667	1.6667	1.6881	-1.6881	1.7041	-1.7041	-1.7187	1.7187	1.7282	-1.7282	1.7358	-1.7358	1.7401	-1.7401	1.7475	-1.7475	1.7546	-1.7546	-1.764	1.764	1.7711	-1.7711	-1.7814	1.7814	-1.7884	1.7884	1.7965	-1.7965	-1.8053	1.8053	1.819	-1.819	1.8285	-1.8285	-1.8404	1.8404	-1.8471	1.8471	1.863	-1.863	-1.8776	1.8776	1.8796	-1.8796	1.8927	-1.8927	1.9057	-1.9057	1.9395	-1.9395	1.9557	-1.9557	
0.21053	0.18	0.16936	-0.16936	0.1785	-0.1785	0.19149	-0.19149	0.24285	-0.24285	0.2611	-0.2611	0.27909	-0.27909	0.29591	-0.29591	0.30858	-0.30858	0.32991	-0.32991	0.34556	-0.34556	0.35008	-0.35008	-0.3918	0.3918	0.41096	-0.41096	0.44376	-0.44376	0.45632	-0.45632	0.46232	-0.46232	0.48392	-0.48392	0.50459	-0.50459	0.52723	-0.52723	0.53347	-0.53347	0.55071	-0.55071	0.55584	-0.55584	-0.59329	0.59329	0.60641	-0.60641	0.63984	-0.63984	0.64162	-0.64162	0.66673	-0.66673	0.68926	-0.68926	-0.72431	0.72431	0.7487	-0.7487	0.75681	-0.75681	-0.80544	0.80544	-0.82313	0.82313	0.82776	-0.82776	0.84274	-0.84274	0.85579	-0.85579	-0.87174	0.87174	0.88488	-0.88488	0.89942	-0.89942	0.92214	-0.92214	0.94514	-0.94514	0.95327	-0.95327	-0.99978	0.99978	-1.0423	1.0423	1.0704	-1.0704	-1.0978	1.0978	1.1151	-1.1151	1.1241	-1.1241	1.1672	-1.1672	1.1817	-1.1817	1.2088	-1.2088	-1.2297	1.2297	1.2414	-1.2414	1.2607	-1.2607	-1.2762	1.2762	-1.3008	1.3008	1.3096	-1.3096	1.3583	-1.3583	1.3966	-1.3966	-1.4239	1.4239	1.4734	-1.4734	-1.4879	1.4879	-1.5114	1.5114	1.5257	-1.5257	1.5382	-1.5382	1.559	-1.559	1.5749	-1.5749	1.5957	-1.5957	-1.6082	1.6082	1.6177	-1.6177	1.6248	-1.6248	1.6336	-1.6336	-1.6447	1.6447	1.6502	-1.6502	1.6594	-1.6594	-1.686	1.686	-1.7031	1.7031	-1.7169	1.7169	1.7254	-1.7254	1.7326	-1.7326	1.7392	-1.7392	1.7457	-1.7457	1.7516	-1.7516	1.7606	-1.7606	-1.7697	1.7697	-1.7802	1.7802	-1.7888	1.7888	1.7956	-1.7956	-1.8043	1.8043	-1.8184	1.8184	-1.8288	1.8288	1.8407	-1.8407	1.8473	-1.8473	1.8633	-1.8633	1.8782	-1.8782	1.8803	-1.8803	-1.893	1.893	1.906	-1.906	1.9396	-1.9396	1.9557	-1.9557	
0.21053	0.2	0.15844	-0.15844	0.16812	-0.16812	0.18111	-0.18111	-0.23233	0.23233	0.24798	-0.24798	0.26958	-0.26958	0.29328	-0.29328	0.30684	-0.30684	0.32306	-0.32306	-0.33827	0.33827	0.34667	-0.34667	0.3911	-0.3911	-0.41147	0.41147	0.44346	-0.44346	0.45614	-0.45614	0.46201	-0.46201	0.47485	-0.47485	0.50499	-0.50499	0.52459	-0.52459	0.53362	-0.53362	0.54725	-0.54725	0.5568	-0.5568	-0.59759	0.59759	0.60791	-0.60791	0.63941	-0.63941	0.6412	-0.6412	0.66598	-0.66598	0.69015	-0.69015	0.72434	-0.72434	0.74872	-0.74872	0.75569	-0.75569	0.8052	-0.8052	0.82267	-0.82267	0.82639	-0.82639	0.84267	-0.84267	0.85581	-0.85581	0.87191	-0.87191	-0.88563	0.88563	0.89868	-0.89868	0.92216	-0.92216	0.94145	-0.94145	0.95322	-0.95322	-0.99407	0.99407	-1.042	1.042	1.0683	-1.0683	1.0958	-1.0958	1.1143	-1.1143	-1.1241	1.1241	-1.1664	1.1664	1.1824	-1.1824	1.2118	-1.2118	1.2304	-1.2304	1.2419	-1.2419	-1.2598	1.2598	1.2764	-1.2764	1.3022	-1.3022	1.3091	-1.3091	1.3581	-1.3581	1.3962	-1.3962	-1.423	1.423	1.4757	-1.4757	-1.4863	1.4863	1.5093	-1.5093	1.5224	-1.5224	1.5354	-1.5354	-1.558	1.558	1.5737	-1.5737	1.5936	-1.5936	-1.5991	1.5991	1.6128	-1.6128	1.6208	-1.6208	1.6284	-1.6284	1.6396	-1.6396	1.6433	-1.6433	-1.6515	1.6515	-1.6838	1.6838	-1.7009	1.7009	1.7137	-1.7137	1.7218	-1.7218	1.729	-1.729	1.7384	-1.7384	-1.7443	1.7443	1.7486	-1.7486	1.758	-1.758	-1.7679	1.7679	1.7793	-1.7793	1.7894	-1.7894	1.7946	-1.7946	-1.8042	1.8042	1.818	-1.818	1.8293	-1.8293	1.841	-1.841	1.8475	-1.8475	-1.8637	1.8637	1.8789	-1.8789	-1.881	1.881	1.8934	-1.8934	1.9064	-1.9064	1.9398	-1.9398	1.9556	-1.9556	
0.21053	0.22	0.14651	-0.14651	0.1571	-0.1571	0.16989	-0.16989	0.22089	-0.22089	0.23413	-0.23413	0.25858	-0.25858	0.2891	-0.2891	0.30481	-0.30481	0.31492	-0.31492	0.32964	-0.32964	0.34646	-0.34646	-0.39055	0.39055	-0.41175	0.41175	-0.44191	0.44191	0.45488	-0.45488	-0.45953	0.45953	0.46826	-0.46826	0.50291	-0.50291	0.52157	-0.52157	-0.53418	0.53418	-0.54691	0.54691	0.55784	-0.55784	-0.60141	0.60141	0.60961	-0.60961	0.63871	-0.63871	0.64093	-0.64093	0.66444	-0.66444	0.69103	-0.69103	0.72442	-0.72442	0.74856	-0.74856	0.75429	-0.75429	0.80494	-0.80494	-0.8219	0.8219	0.8251	-0.8251	-0.84257	0.84257	0.85583	-0.85583	-0.87199	0.87199	-0.88614	0.88614	0.89786	-0.89786	-0.92198	0.92198	0.93747	-0.93747	0.95337	-0.95337	-0.9896	0.9896	-1.0415	1.0415	1.0663	-1.0663	1.0936	-1.0936	-1.1135	1.1135	1.1241	-1.1241	1.165	-1.165	1.1829	-1.1829	1.2138	-1.2138	1.2315	-1.2315	-1.2425	1.2425	1.2592	-1.2592	1.2766	-1.2766	1.3036	-1.3036	1.3088	-1.3088	1.3579	-1.3579	1.3956	-1.3956	-1.422	1.422	1.4771	-1.4771	1.4848	-1.4848	-1.5068	1.5068	-1.518	1.518	1.5334	-1.5334	1.5567	-1.5567	-1.5724	1.5724	-1.5862	1.5862	1.594	-1.594	-1.6055	1.6055	-1.6174	1.6174	1.6223	-1.6223	1.6329	-1.6329	-1.6381	1.6381	1.6441	-1.6441	1.6814	-1.6814	1.697	-1.697	1.7075	-1.7075	1.7195	-1.7195	1.7257	-1.7257	1.7377	-1.7377	-1.7425	1.7425	1.7468	-1.7468	-1.7558	1.7558	1.7656	-1.7656	-1.7789	1.7789	1.7901	-1.7901	-1.7936	1.7936	1.8046	-1.8046	1.8177	-1.8177	-1.8299	1.8299	1.8413	-1.8413	1.8479	-1.8479	1.8641	-1.8641	-1.8795	1.8795	-1.8818	1.8818	1.8938	-1.8938	1.9068	-1.9068	1.9398	-1.9398	-1.9555	1.9555	
0.21053	0.24	-0.13371	0.13371	0.14539	-0.14539	0.15788	-0.15788	-0.20857	0.20857	0.2196	-0.2196	0.24648	-0.24648	0.28165	-0.28165	0.30249	-0.30249	0.30696	-0.30696	0.32199	-0.32199	0.34713	-0.34713	0.3901	-0.3901	0.41156	-0.41156	0.438	-0.438	-0.44935	0.44935	0.45592	-0.45592	0.46732	-0.46732	0.49825	-0.49825	0.51983	-0.51983	0.53553	-0.53553	0.5482	-0.5482	0.55888	-0.55888	-0.6046	0.6046	0.61149	-0.61149	0.63767	-0.63767	0.6408	-0.6408	-0.66211	0.66211	0.69192	-0.69192	0.72458	-0.72458	0.74802	-0.74802	0.75283	-0.75283	0.80463	-0.80463	0.82071	-0.82071	0.82405	-0.82405	0.84242	-0.84242	0.85585	-0.85585	-0.87201	0.87201	-0.88629	0.88629	0.89701	-0.89701	-0.92145	0.92145	0.93384	-0.93384	0.95361	-0.95361	-0.98621	0.98621	-1.0409	1.0409	-1.0643	1.0643	-1.0913	1.0913	1.1126	-1.1126	1.1242	-1.1242	1.1632	-1.1632	1.1832	-1.1832	-1.2148	1.2148	1.2328	-1.2328	-1.2431	1.2431	-1.2588	1.2588	1.2766	-1.2766	1.3045	-1.3045	1.309	-1.309	1.3576	-1.3576	1.3949	-1.3949	-1.4211	1.4211	1.4766	-1.4766	1.484	-1.484	1.5037	-1.5037	-1.5133	1.5133	1.532	-1.532	1.555	-1.555	-1.5708	1.5708	-1.5748	1.5748	-1.5918	1.5918	-1.5965	1.5965	1.6123	-1.6123	-1.6159	1.6159	1.6262	-1.6262	1.6312	-1.6312	1.6399	-1.6399	1.678	-1.678	-1.6915	1.6915	-1.6989	1.6989	1.7185	-1.7185	-1.7228	1.7228	1.7359	-1.7359	-1.7405	1.7405	1.7462	-1.7462	-1.7538	1.7538	1.7633	-1.7633	1.779	-1.779	1.7908	-1.7908	1.7931	-1.7931	-1.8052	1.8052	1.8174	-1.8174	-1.8306	1.8306	1.8416	-1.8416	1.8484	-1.8484	1.8646	-1.8646	-1.8802	1.8802	1.8826	-1.8826	1.8941	-1.8941	1.9072	-1.9072	1.9399	-1.9399	1.9552	-1.9552	
0.21053	0.26	0.12012	-0.12012	0.13298	-0.13298	0.14511	-0.14511	0.1954	-0.1954	0.20445	-0.20445	0.23343	-0.23343	0.27086	-0.27086	0.29553	-0.29553	0.30252	-0.30252	0.31695	-0.31695	0.34802	-0.34802	0.38968	-0.38968	0.41016	-0.41016	0.43127	-0.43127	0.4404	-0.4404	0.45495	-0.45495	0.46818	-0.46818	0.49292	-0.49292	0.5191	-0.5191	0.5375	-0.5375	-0.55015	0.55015	-0.5599	0.5599	0.60705	-0.60705	0.61349	-0.61349	0.63592	-0.63592	0.6409	-0.6409	0.65924	-0.65924	-0.69281	0.69281	0.72482	-0.72482	0.74665	-0.74665	0.75176	-0.75176	0.80426	-0.80426	-0.81915	0.81915	0.82323	-0.82323	-0.84221	0.84221	0.85586	-0.85586	0.87198	-0.87198	0.88593	-0.88593	0.89629	-0.89629	-0.92037	0.92037	0.9311	-0.9311	-0.9539	0.9539	0.9837	-0.9837	1.04	-1.04	1.0625	-1.0625	-1.0888	1.0888	-1.1117	1.1117	-1.1242	1.1242	-1.161	1.161	1.1833	-1.1833	1.2151	-1.2151	-1.234	1.234	1.2436	-1.2436	1.2588	-1.2588	1.2764	-1.2764	1.3048	-1.3048	1.3098	-1.3098	1.3573	-1.3573	1.394	-1.394	-1.4202	1.4202	-1.474	1.474	1.4837	-1.4837	1.4998	-1.4998	1.5093	-1.5093	1.5307	-1.5307	-1.5519	1.5519	1.5632	-1.5632	-1.5695	1.5695	-1.5841	1.5841	1.5915	-1.5915	1.6034	-1.6034	-1.6097	1.6097	-1.6209	1.6209	1.6246	-1.6246	1.6375	-1.6375	1.6722	-1.6722	1.6849	-1.6849	-1.6904	1.6904	-1.7181	1.7181	1.7205	-1.7205	1.7317	-1.7317	-1.7399	1.7399	-1.7461	1.7461	-1.7519	1.7519	-1.7614	1.7614	1.7795	-1.7795	1.7915	-1.7915	1.7929	-1.7929	1.8061	-1.8061	1.8172	-1.8172	1.8313	-1.8313	1.8419	-1.8419	-1.8489	1.8489	1.8651	-1.8651	-1.8809	1.8809	1.8834	-1.8834	-1.8945	1.8945	-1.9076	1.9076	1.9399	-1.9399	1.955	-1.955	
0.21053	0.28	0.10583	-0.10583	0.11988	-0.11988	0.13163	-0.13163	0.18141	-0.18141	-0.18874	0.18874	0.21953	-0.21953	0.25792	-0.25792	0.28366	-0.28366	0.30137	-0.30137	0.31413	-0.31413	-0.34887	0.34887	0.38921	-0.38921	0.40558	-0.40558	0.42431	-0.42431	0.43058	-0.43058	0.45472	-0.45472	-0.46936	0.46936	0.48852	-0.48852	0.51871	-0.51871	0.53981	-0.53981	0.55235	-0.55235	-0.56088	0.56088	-0.60871	0.60871	0.61546	-0.61546	0.63295	-0.63295	0.64135	-0.64135	0.65631	-0.65631	0.69373	-0.69373	-0.72515	0.72515	-0.74429	0.74429	0.75129	-0.75129	-0.80378	0.80378	0.81744	-0.81744	-0.82251	0.82251	0.84193	-0.84193	0.85586	-0.85586	0.87193	-0.87193	0.88496	-0.88496	0.89585	-0.89585	-0.91878	0.91878	0.92947	-0.92947	-0.95421	0.95421	0.98184	-0.98184	1.0388	-1.0388	1.0608	-1.0608	1.0861	-1.0861	1.1108	-1.1108	1.1243	-1.1243	1.1585	-1.1585	1.1834	-1.1834	-1.2149	1.2149	1.2349	-1.2349	1.2439	-1.2439	1.2588	-1.2588	1.276	-1.276	1.3046	-1.3046	1.3109	-1.3109	1.3569	-1.3569	1.3932	-1.3932	1.4194	-1.4194	1.47	-1.47	1.4821	-1.4821	-1.496	1.496	1.5064	-1.5064	-1.5293	1.5293	-1.5434	1.5434	1.5565	-1.5565	1.5664	-1.5664	1.5737	-1.5737	-1.5863	1.5863	1.5958	-1.5958	-1.6005	1.6005	1.6172	-1.6172	1.6195	-1.6195	1.6353	-1.6353	1.6639	-1.6639	1.675	-1.675	1.6856	-1.6856	-1.7171	1.7171	-1.7186	1.7186	1.7263	-1.7263	1.7401	-1.7401	1.7462	-1.7462	1.7504	-1.7504	-1.7602	1.7602	-1.7802	1.7802	1.7919	-1.7919	1.7932	-1.7932	-1.807	1.807	1.817	-1.817	1.8321	-1.8321	1.8422	-1.8422	1.8495	-1.8495	1.8656	-1.8656	1.8816	-1.8816	-1.8842	1.8842	-1.8948	1.8948	1.908	-1.908	1.9399	-1.9399	1.9547	-1.9547	
0.21053	0.3	0.090928	-0.090928	0.1061	-0.1061	0.1175	-0.1175	-0.16662	0.16662	0.17251	-0.17251	0.20482	-0.20482	-0.24368	0.24368	0.2701	-0.2701	0.30064	-0.30064	0.31241	-0.31241	0.34955	-0.34955	0.3883	-0.3883	0.3966	-0.3966	-0.41675	0.41675	0.4229	-0.4229	0.45485	-0.45485	-0.47055	0.47055	0.48551	-0.48551	0.51839	-0.51839	0.54226	-0.54226	0.55459	-0.55459	0.5618	-0.5618	0.60935	-0.60935	0.61724	-0.61724	0.62842	-0.62842	0.64219	-0.64219	0.65392	-0.65392	0.69468	-0.69468	0.72553	-0.72553	0.74123	-0.74123	0.75117	-0.75117	-0.80315	0.80315	-0.81572	0.81572	0.82181	-0.82181	0.84159	-0.84159	0.85585	-0.85585	-0.87187	0.87187	-0.88346	0.88346	0.89571	-0.89571	-0.91702	0.91702	0.9287	-0.9287	0.95453	-0.95453	-0.98047	0.98047	1.0372	-1.0372	1.0593	-1.0593	1.0834	-1.0834	1.1097	-1.1097	1.1243	-1.1243	1.1558	-1.1558	-1.1833	1.1833	1.2145	-1.2145	1.2354	-1.2354	1.2442	-1.2442	1.2586	-1.2586	1.2753	-1.2753	1.3043	-1.3043	1.3119	-1.3119	1.3564	-1.3564	1.3924	-1.3924	1.4187	-1.4187	-1.4647	1.4647	1.4777	-1.4777	-1.4938	1.4938	1.5043	-1.5043	1.5267	-1.5267	-1.5317	1.5317	-1.5522	1.5522	1.5576	-1.5576	1.5686	-1.5686	1.5762	-1.5762	1.5881	-1.5881	1.5941	-1.5941	-1.6132	1.6132	-1.6161	1.6161	1.6327	-1.6327	1.6544	-1.6544	-1.6633	1.6633	1.6826	-1.6826	1.7131	-1.7131	1.718	-1.718	1.7223	-1.7223	1.7405	-1.7405	1.7463	-1.7463	1.7493	-1.7493	-1.7594	1.7594	1.781	-1.781	1.792	-1.792	1.7939	-1.7939	-1.8079	1.8079	-1.8169	1.8169	1.8328	-1.8328	1.8425	-1.8425	-1.8501	1.8501	1.8662	-1.8662	-1.8824	1.8824	1.8851	-1.8851	-1.8952	1.8952	1.9083	-1.9083	1.9399	-1.9399	1.9543	-1.9543	
0.21053	0.32	0.075486	-0.075486	0.091715	-0.091715	0.10279	-0.10279	0.15106	-0.15106	0.15582	-0.15582	0.18936	-0.18936	0.22862	-0.22862	0.25542	-0.25542	0.29998	-0.29998	0.31117	-0.31117	0.34978	-0.34978	0.38201	-0.38201	0.38995	-0.38995	-0.40402	0.40402	-0.42116	0.42116	0.45516	-0.45516	0.47162	-0.47162	0.48374	-0.48374	0.51806	-0.51806	0.54469	-0.54469	0.55673	-0.55673	-0.56265	0.56265	0.60809	-0.60809	0.61876	-0.61876	0.62315	-0.62315	0.6434	-0.6434	0.6524	-0.6524	0.69564	-0.69564	0.72591	-0.72591	0.73775	-0.73775	0.7512	-0.7512	-0.80232	0.80232	0.81412	-0.81412	-0.82111	0.82111	0.84118	-0.84118	0.85581	-0.85581	-0.87181	0.87181	-0.88163	0.88163	0.8958	-0.8958	0.91541	-0.91541	0.9284	-0.9284	-0.95487	0.95487	-0.97945	0.97945	1.0352	-1.0352	-1.0579	1.0579	1.0806	-1.0806	-1.1085	1.1085	1.1243	-1.1243	-1.1529	1.1529	1.1831	-1.1831	1.2138	-1.2138	1.2355	-1.2355	1.2442	-1.2442	1.2582	-1.2582	1.2744	-1.2744	1.304	-1.304	-1.3127	1.3127	1.3559	-1.3559	1.3916	-1.3916	1.418	-1.418	-1.4578	1.4578	1.472	-1.472	1.4926	-1.4926	1.5024	-1.5024	1.5153	-1.5153	1.5277	-1.5277	1.5417	-1.5417	1.5501	-1.5501	1.5648	-1.5648	-1.5669	1.5669	1.5763	-1.5763	1.5927	-1.5927	-1.6076	1.6076	-1.6137	1.6137	1.6298	-1.6298	1.6446	-1.6446	1.6514	-1.6514	-1.6797	1.6797	-1.7068	1.7068	1.7176	-1.7176	1.7206	-1.7206	1.741	-1.741	1.7464	-1.7464	1.7485	-1.7485	1.7588	-1.7588	-1.7818	1.7818	-1.792	1.792	1.7947	-1.7947	-1.8088	1.8088	1.8167	-1.8167	-1.8334	1.8334	1.8427	-1.8427	-1.8508	1.8508	1.8668	-1.8668	1.8831	-1.8831	-1.8859	1.8859	1.8955	-1.8955	1.9086	-1.9086	1.9399	-1.9399	1.954	-1.954	
0.21053	0.34	0.05962	-0.05962	0.076848	-0.076848	0.087615	-0.087615	0.13476	-0.13476	0.13876	-0.13876	0.17317	-0.17317	0.21302	-0.21302	0.23986	-0.23986	0.29919	-0.29919	0.31009	-0.31009	0.34878	-0.34878	0.36982	-0.36982	0.38658	-0.38658	0.39181	-0.39181	0.42081	-0.42081	0.45556	-0.45556	0.47248	-0.47248	0.48292	-0.48292	0.51772	-0.51772	-0.54691	0.54691	-0.55857	0.55857	0.5634	-0.5634	0.603	-0.603	-0.61929	0.61929	0.62025	-0.62025	0.64483	-0.64483	0.65169	-0.65169	0.69663	-0.69663	0.72609	-0.72609	0.73412	-0.73412	0.7513	-0.7513	-0.80128	0.80128	0.81268	-0.81268	0.8204	-0.8204	0.84071	-0.84071	0.85576	-0.85576	0.87177	-0.87177	-0.8797	0.8797	-0.89603	0.89603	0.91407	-0.91407	0.92836	-0.92836	-0.9552	0.9552	0.97867	-0.97867	1.0327	-1.0327	1.0568	-1.0568	1.0777	-1.0777	1.1071	-1.1071	1.1242	-1.1242	1.1499	-1.1499	1.1828	-1.1828	-1.2127	1.2127	1.2352	-1.2352	1.244	-1.244	1.2573	-1.2573	1.2733	-1.2733	1.3038	-1.3038	1.3132	-1.3132	1.3554	-1.3554	1.3906	-1.3906	1.4173	-1.4173	-1.449	1.449	1.4665	-1.4665	-1.4902	1.4902	-1.4984	1.4984	1.5039	-1.5039	1.5246	-1.5246	-1.5284	1.5284	-1.5414	1.5414	-1.5562	1.5562	1.5633	-1.5633	1.5669	-1.5669	1.5908	-1.5908	-1.601	1.601	1.6112	-1.6112	1.6266	-1.6266	1.634	-1.634	1.6413	-1.6413	-1.6763	1.6763	-1.7007	1.7007	1.7171	-1.7171	1.72	-1.72	1.7416	-1.7416	1.7465	-1.7465	1.7481	-1.7481	1.7584	-1.7584	-1.7826	1.7826	1.7921	-1.7921	-1.7954	1.7954	1.8097	-1.8097	1.8166	-1.8166	-1.8341	1.8341	1.843	-1.843	-1.8514	1.8514	1.8675	-1.8675	-1.8837	1.8837	1.8867	-1.8867	1.8958	-1.8958	1.909	-1.909	1.9398	-1.9398	1.9537	-1.9537	
0.21053	0.36	-0.043522	0.043522	0.061729	-0.061729	0.072152	-0.072152	0.11781	-0.11781	0.12139	-0.12139	0.1563	-0.1563	0.19712	-0.19712	0.22353	-0.22353	0.29798	-0.29798	0.30897	-0.30897	0.34366	-0.34366	0.36011	-0.36011	0.37326	-0.37326	0.38961	-0.38961	0.42086	-0.42086	0.456	-0.456	0.47309	-0.47309	0.4828	-0.4828	0.51737	-0.51737	0.54866	-0.54866	0.55969	-0.55969	0.56409	-0.56409	-0.59445	0.59445	0.61784	-0.61784	0.62141	-0.62141	0.64627	-0.64627	0.65167	-0.65167	0.69761	-0.69761	-0.7253	0.7253	0.73115	-0.73115	0.75143	-0.75143	-0.80003	0.80003	0.81141	-0.81141	0.81971	-0.81971	0.84019	-0.84019	0.8557	-0.8557	-0.87173	0.87173	0.87784	-0.87784	0.89631	-0.89631	0.91301	-0.91301	0.92844	-0.92844	-0.95553	0.95553	0.97807	-0.97807	-1.0298	1.0298	1.0559	-1.0559	1.0747	-1.0747	1.1054	-1.1054	-1.1241	1.1241	1.1471	-1.1471	1.1824	-1.1824	1.2112	-1.2112	1.2343	-1.2343	1.2437	-1.2437	1.2559	-1.2559	1.2723	-1.2723	1.3036	-1.3036	1.3134	-1.3134	1.3548	-1.3548	1.3891	-1.3891	1.4166	-1.4166	1.4387	-1.4387	-1.4615	1.4615	-1.4803	1.4803	1.4934	-1.4934	-1.4989	1.4989	1.5115	-1.5115	-1.5219	1.5219	1.532	-1.532	-1.5462	1.5462	1.5579	-1.5579	-1.5634	1.5634	-1.5858	1.5858	-1.596	1.596	-1.6076	1.6076	-1.6205	1.6205	1.6257	-1.6257	1.6336	-1.6336	-1.6721	1.6721	1.696	-1.696	-1.7166	1.7166	1.7198	-1.7198	-1.7421	1.7421	1.7464	-1.7464	1.748	-1.748	1.758	-1.758	1.7833	-1.7833	1.7923	-1.7923	1.7962	-1.7962	1.8106	-1.8106	-1.8165	1.8165	1.8346	-1.8346	1.8433	-1.8433	-1.8521	1.8521	1.8681	-1.8681	-1.8844	1.8844	-1.8875	1.8875	-1.8961	1.8961	1.9092	-1.9092	1.9398	-1.9398	1.9533	-1.9533	
0.21053	0.38	0.027629	-0.027629	0.046862	-0.046862	0.056776	-0.056776	0.10032	-0.10032	0.10381	-0.10381	0.13877	-0.13877	0.18118	-0.18118	0.20653	-0.20653	0.29581	-0.29581	0.30744	-0.30744	0.33259	-0.33259	0.35286	-0.35286	0.36147	-0.36147	0.38916	-0.38916	-0.42106	0.42106	0.45645	-0.45645	0.47348	-0.47348	0.48315	-0.48315	0.517	-0.517	0.54892	-0.54892	0.55928	-0.55928	-0.56493	0.56493	-0.58568	0.58568	0.61712	-0.61712	0.6226	-0.6226	0.64749	-0.64749	0.65229	-0.65229	0.69857	-0.69857	0.72224	-0.72224	0.73015	-0.73015	0.75156	-0.75156	0.79864	-0.79864	0.81027	-0.81027	0.81905	-0.81905	0.83964	-0.83964	0.85561	-0.85561	-0.87168	0.87168	0.87615	-0.87615	0.89657	-0.89657	0.91217	-0.91217	0.92859	-0.92859	0.95586	-0.95586	0.97758	-0.97758	1.0264	-1.0264	1.055	-1.055	1.0717	-1.0717	-1.1035	1.1035	1.1239	-1.1239	1.1444	-1.1444	1.1818	-1.1818	1.2088	-1.2088	1.2331	-1.2331	1.243	-1.243	-1.2542	1.2542	1.2714	-1.2714	1.3036	-1.3036	-1.3132	1.3132	-1.3541	1.3541	1.3861	-1.3861	1.4159	-1.4159	-1.4281	1.4281	-1.4558	1.4558	1.4667	-1.4667	-1.4891	1.4891	1.4933	-1.4933	-1.4967	1.4967	1.5119	-1.5119	1.5274	-1.5274	-1.5358	1.5358	-1.5526	1.5526	1.5608	-1.5608	1.5775	-1.5775	1.5931	-1.5931	1.6011	-1.6011	1.6119	-1.6119	1.6225	-1.6225	-1.6274	1.6274	1.6676	-1.6676	-1.693	1.693	1.7161	-1.7161	1.7198	-1.7198	1.7425	-1.7425	-1.7462	1.7462	1.7481	-1.7481	1.7578	-1.7578	1.7841	-1.7841	1.7924	-1.7924	-1.7969	1.7969	1.8115	-1.8115	1.8164	-1.8164	1.8351	-1.8351	-1.8435	1.8435	1.8528	-1.8528	1.8688	-1.8688	-1.885	1.885	-1.8883	1.8883	1.8963	-1.8963	1.9095	-1.9095	1.9398	-1.9398	1.953	-1.953	
0.21053	0.4	0.013231	-0.013231	0.03352	-0.03352	0.042631	-0.042631	0.082449	-0.082449	-0.086288	0.086288	0.12064	-0.12064	0.16555	-0.16555	0.18894	-0.18894	0.29127	-0.29127	0.30458	-0.30458	0.32088	-0.32088	0.33944	-0.33944	0.35873	-0.35873	-0.38888	0.38888	-0.42132	0.42132	0.45688	-0.45688	0.47367	-0.47367	0.48381	-0.48381	-0.51662	0.51662	0.54428	-0.54428	-0.55832	0.55832	-0.56599	0.56599	-0.58011	0.58011	0.61657	-0.61657	0.62375	-0.62375	-0.64838	0.64838	0.65345	-0.65345	-0.69948	0.69948	0.71768	-0.71768	0.73037	-0.73037	0.75169	-0.75169	-0.79715	0.79715	0.80922	-0.80922	0.81844	-0.81844	0.83906	-0.83906	0.8555	-0.8555	0.87152	-0.87152	0.87475	-0.87475	0.8968	-0.8968	0.91151	-0.91151	-0.92878	0.92878	-0.95618	0.95618	0.97715	-0.97715	-1.0225	1.0225	1.0542	-1.0542	-1.0687	1.0687	1.1014	-1.1014	-1.1236	1.1236	-1.142	1.142	-1.181	1.181	1.2054	-1.2054	1.2315	-1.2315	1.2421	-1.2421	-1.2527	1.2527	1.2706	-1.2706	1.3036	-1.3036	-1.3129	1.3129	-1.3534	1.3534	1.3805	-1.3805	-1.415	1.415	1.418	-1.418	-1.4445	1.4445	1.4578	-1.4578	-1.4766	1.4766	-1.4821	1.4821	-1.4902	1.4902	1.5009	-1.5009	1.5236	-1.5236	-1.5288	1.5288	1.5453	-1.5453	1.5577	-1.5577	1.5695	-1.5695	-1.5867	1.5867	-1.5951	1.5951	1.6062	-1.6062	1.6187	-1.6187	1.6238	-1.6238	-1.6635	1.6635	1.691	-1.691	-1.7156	1.7156	-1.7198	1.7198	1.7428	-1.7428	1.7461	-1.7461	1.7483	-1.7483	1.7576	-1.7576	1.7847	-1.7847	1.7926	-1.7926	1.7976	-1.7976	-1.8123	1.8123	1.8164	-1.8164	-1.8356	1.8356	-1.8438	1.8438	-1.8534	1.8534	1.8695	-1.8695	1.8856	-1.8856	1.889	-1.889	1.8965	-1.8965	1.9097	-1.9097	-1.9397	1.9397	1.9527	-1.9527	
