# phi/π evs ...
-1.04	-0.01028344334	0.01028344334	-0.03700605879	0.03700605879	0.06514194015	-0.06514194015	0.1123005195	-0.1123005195	-0.1728480102	0.1728480102	-0.1767204654	0.1767204654	-0.1919156684	0.1919156684	-0.2744473883	0.2744473883	-0.2840035002	0.2840035002	0.289172738	-0.289172738	-0.3022117475	0.3022117475	-0.3291563905	0.3291563905	0.39433358	-0.39433358	0.5847588879	-0.5847588879	0.6047782407	-0.6047782407	0.6127646798	-0.6127646798	0.618360748	-0.618360748	-0.6725810198	0.6725810198	0.6794253793	-0.6794253793	0.7114416149	-0.7114416149	0.8027399732	-0.8027399732	-0.819722769	0.819722769	0.9336012173	-0.9336012173	1.014175381	-1.014175381	-1.037301939	1.037301939	-1.074830892	1.074830892	1.146552686	-1.146552686	-1.174444225	1.174444225	-1.220449437	1.220449437	-1.241408844	1.241408844	-1.251993052	1.251993052	1.290502286	-1.290502286	1.345338331	-1.345338331	-1.347392517	1.347392517	1.384557217	-1.384557217	1.421435181	-1.421435181	1.455318422	-1.455318422	-1.490069402	1.490069402	1.504390809	-1.504390809	1.634164755	-1.634164755	-1.676788202	1.676788202	-1.744944278	1.744944278	-1.762214983	1.762214983	-1.831590021	1.831590021	-1.86524507	1.86524507	1.876636372	-1.876636372	-1.932079094	1.932079094	-1.973561252	1.973561252	2.043428963	-2.043428963	-2.070165814	2.070165814	2.094650851	-2.094650851	2.108361981	-2.108361981	-2.126388211	2.126388211	-2.176729154	2.176729154	2.178687376	-2.178687376	2.180955546	-2.180955546	2.185891381	-2.185891381	2.191507828	-2.191507828	2.268461231	-2.268461231	2.272947603	-2.272947603	
-1.03	0.01028825583	-0.01028825583	-0.03701658085	0.03701658085	-0.06413796088	0.06413796088	0.1123204431	-0.1123204431	-0.1727670522	0.1727670522	0.1766276214	-0.1766276214	-0.1923388372	0.1923388372	0.2744055354	-0.2744055354	-0.2806322577	0.2806322577	0.2892217279	-0.2892217279	-0.3059346325	0.3059346325	0.3292528337	-0.3292528337	-0.3943177096	0.3943177096	0.5849226322	-0.5849226322	-0.6048613503	0.6048613503	0.6132436711	-0.6132436711	0.6183905491	-0.6183905491	-0.6708787595	0.6708787595	0.6825762915	-0.6825762915	0.7082500363	-0.7082500363	0.8028379271	-0.8028379271	0.8197792886	-0.8197792886	-0.9335254922	0.9335254922	1.014198471	-1.014198471	-1.037791896	1.037791896	-1.074479664	1.074479664	-1.14633573	1.14633573	1.17445066	-1.17445066	-1.22505587	1.22505587	-1.236242375	1.236242375	-1.255934705	1.255934705	-1.29166928	1.29166928	1.345515275	-1.345515275	-1.347234699	1.347234699	-1.387832656	1.387832656	1.418160765	-1.418160765	-1.451377199	1.451377199	-1.489908686	1.489908686	1.504397625	-1.504397625	-1.634162782	1.634162782	-1.675636278	1.675636278	1.745003367	-1.745003367	-1.762132687	1.762132687	-1.83228061	1.83228061	-1.865560888	1.865560888	1.876656709	-1.876656709	-1.933310518	1.933310518	1.973560904	-1.973560904	2.043352047	-2.043352047	-2.070199524	2.070199524	2.097838005	-2.097838005	-2.108311737	2.108311737	2.123237056	-2.123237056	-2.176547948	2.176547948	-2.17857055	2.17857055	2.180615392	-2.180615392	2.185821757	-2.185821757	2.191093776	-2.191093776	2.268478756	-2.268478756	2.272914699	-2.272914699	
-1.02	-0.01029628496	0.01029628496	-0.03702669175	0.03702669175	0.06326119893	-0.06326119893	-0.112231197	0.112231197	-0.1727058069	0.1727058069	-0.176555069	0.176555069	-0.1927424739	0.1927424739	-0.274234078	0.274234078	-0.2773339878	0.2773339878	0.289266905	-0.289266905	-0.3096364531	0.3096364531	-0.329433072	0.329433072	-0.3943055662	0.3943055662	-0.5851113728	0.5851113728	0.6049359841	-0.6049359841	0.6138024996	-0.6138024996	0.6184564964	-0.6184564964	-0.6692537915	0.6692537915	-0.685682568	0.685682568	-0.7051166396	0.7051166396	-0.8029305809	0.8029305809	-0.8198224697	0.8198224697	-0.9334676417	0.9334676417	-1.014216818	1.014216818	-1.038207917	1.038207917	-1.073979713	1.073979713	-1.146131495	1.146131495	-1.174455908	1.174455908	-1.229578559	1.229578559	-1.231128013	1.231128013	-1.259433671	1.259433671	-1.292433745	1.292433745	-1.345672192	1.345672192	-1.347097811	1.347097811	1.390918264	-1.390918264	-1.415076185	1.415076185	-1.447858157	1.447858157	1.489791787	-1.489791787	1.504401519	-1.504401519	-1.634161301	1.634161301	-1.674907926	1.674907926	-1.745048704	1.745048704	-1.762070169	1.762070169	-1.83304182	1.83304182	-1.865865985	1.865865985	1.876672194	-1.876672194	-1.934587027	1.934587027	-1.973560615	1.973560615	2.04329377	-2.04329377	-2.070225381	2.070225381	-2.100964947	2.100964947	-2.108273137	2.108273137	-2.120135284	2.120135284	-2.176354477	2.176354477	2.178391171	-2.178391171	-2.180334687	2.180334687	2.185765434	-2.185765434	-2.190694942	2.190694942	-2.268492794	2.268492794	2.272883967	-2.272883967	
-1.01	-0.01030747436	0.01030747436	-0.03703638692	0.03703638692	0.0625135191	-0.0625135191	0.1120325446	-0.1120325446	0.172665223	-0.172665223	-0.1765028693	0.1765028693	-0.1931349324	0.1931349324	-0.2729206117	0.2729206117	-0.2751282173	0.2751282173	0.289310124	-0.289310124	-0.3132528242	0.3132528242	-0.3297460457	0.3297460457	-0.3942971633	0.3942971633	0.5853237993	-0.5853237993	-0.6049994744	0.6049994744	0.6144226081	-0.6144226081	0.6185746178	-0.6185746178	-0.6677137854	0.6677137854	-0.6886663519	0.6886663519	-0.7021166292	0.7021166292	0.8030179959	-0.8030179959	-0.8198522328	0.8198522328	-0.933427757	0.933427757	1.014230442	-1.014230442	-1.038553768	1.038553768	-1.073319797	1.073319797	1.14593914	-1.14593914	1.174460482	-1.174460482	-1.226084616	1.226084616	-1.23401053	1.23401053	-1.262432248	1.262432248	1.292787746	-1.292787746	1.34579585	-1.34579585	-1.3469955	1.3469955	-1.393624543	1.393624543	1.41237094	-1.41237094	1.444830613	-1.444830613	1.489705888	-1.489705888	1.504402359	-1.504402359	1.634160312	-1.634160312	1.674608182	-1.674608182	1.745079944	-1.745079944	-1.762027783	1.762027783	-1.83387567	1.83387567	-1.86615978	1.86615978	-1.876682818	1.876682818	-1.935906386	1.935906386	1.973560384	-1.973560384	2.043254212	-2.043254212	-2.070243315	2.070243315	2.103953036	-2.103953036	2.108246254	-2.108246254	2.117161579	-2.117161579	-2.17614831	2.17614831	2.178145849	-2.178145849	2.180116944	-2.180116944	2.185720913	-2.185720913	2.190313026	-2.190313026	2.268503268	-2.268503268	2.272855373	-2.272855373	
-1	-0.01032174511	0.01032174511	-0.0370456537	0.0370456537	0.0618964033	-0.0618964033	0.1117245916	-0.1117245916	0.1726460508	-0.1726460508	-0.1764710619	0.1764710619	-0.1935238415	0.1935238415	-0.269722851	0.269722851	-0.2747643798	0.2747643798	0.2893522782	-0.2893522782	-0.3166787089	0.3166787089	-0.3302831022	0.3302831022	0.3942925107	-0.3942925107	0.5855589433	-0.5855589433	0.605049534	-0.605049534	0.61507334	-0.61507334	0.6187722711	-0.6187722711	-0.6662644926	0.6662644926	0.6912383026	-0.6912383026	0.6995386669	-0.6995386669	0.8031002573	-0.8031002573	-0.8198685233	0.8198685233	0.9334059018	-0.9334059018	1.01423936	-1.01423936	1.038832931	-1.038832931	-1.072487836	1.072487836	-1.145757766	1.145757766	1.174464734	-1.174464734	-1.221130388	1.221130388	-1.238343763	1.238343763	1.26487544	-1.26487544	1.292727806	-1.292727806	1.345866975	-1.345866975	1.346947212	-1.346947212	-1.395527181	1.395527181	1.410469341	-1.410469341	-1.442357986	1.442357986	-1.489643054	1.489643054	1.504400162	-1.504400162	1.634159818	-1.634159818	1.674739103	-1.674739103	1.745096844	-1.745096844	1.762005778	-1.762005778	-1.834784141	1.834784141	-1.86644182	1.86644182	1.876688573	-1.876688573	-1.937266314	1.937266314	1.973560213	-1.973560213	-2.043233433	2.043233433	-2.070253279	2.070253279	2.106496437	-2.106496437	-2.108231137	2.108231137	2.114621787	-2.114621787	-2.17592919	2.17592919	2.177842438	-2.177842438	2.179953981	-2.179953981	2.185687083	-2.185687083	2.189949555	-2.189949555	2.26851012	-2.26851012	2.272828855	-2.272828855	
-0.99	-0.01033899675	0.01033899675	0.03705447094	-0.03705447095	0.06141095867	-0.06141095867	0.1113077748	-0.1113077748	0.1726489052	-0.1726489052	0.1764596647	-0.1764596647	-0.1939160657	0.1939160657	-0.2662055824	0.2662055824	-0.2746848174	0.2746848174	0.2893938549	-0.2893938549	0.3197373311	-0.3197373311	-0.3312085076	0.3312085076	-0.3942916144	0.3942916144	0.5858161454	-0.5858161454	-0.6050844026	0.6050844026	0.6157067485	-0.6157067485	0.6190932586	-0.6190932586	-0.6649112704	0.6649112704	0.6921627738	-0.6921627738	-0.6986181482	0.6986181482	0.8031774737	-0.8031774737	-0.8198713116	0.8198713116	-0.9334021124	0.9334021124	-1.014243585	1.014243585	-1.03904862	1.03904862	-1.071471029	1.071471029	-1.145586427	1.145586427	-1.17446891	1.17446891	-1.216283351	1.216283351	-1.242568282	1.242568282	-1.266715537	1.266715537	1.292254395	-1.292254395	1.345870149	-1.345870149	1.346968172	-1.346968172	-1.395943096	1.395943096	1.410054471	-1.410054471	-1.440496199	1.440496199	-1.489598285	1.489598285	-1.504395034	1.504395034	1.634159818	-1.634159818	-1.675299702	1.675299702	-1.745099272	1.745099272	1.762004289	-1.762004289	-1.83576916	1.83576916	-1.866711772	1.866711772	-1.876689456	1.876689456	-1.938664493	1.938664493	1.973560099	-1.973560099	-2.043231471	2.043231471	2.070255246	-2.070255246	2.107308582	-2.107308582	-2.108227813	2.108227813	-2.113802452	2.113802452	-2.175697064	2.175697064	-2.177495381	2.177495381	2.179830702	-2.179830702	2.185663085	-2.185663085	2.189605852	-2.189605852	2.268513311	-2.268513311	2.27280432	-2.27280432	
-0.98	0.0103591089	-0.0103591089	-0.03706280891	0.03706280891	-0.06105791646	0.06105791646	0.1107828609	-0.1107828609	-0.1726743111	0.1726743111	-0.1764686735	0.1764686735	-0.1943176977	0.1943176977	-0.2626165966	0.2626165966	-0.2746488098	0.2746488098	0.2894351468	-0.2894351468	-0.3221861817	0.3221861817	-0.3327532003	0.3327532003	-0.3942944767	0.3942944767	-0.5860950078	0.5860950078	0.605102872	-0.605102872	0.6162625351	-0.6162625351	-0.6195929418	0.6195929418	-0.663659345	0.663659345	-0.6904162111	0.6904162111	-0.7003785157	0.7003785157	-0.8032497778	0.8032497778	0.819860593	-0.819860593	0.9334163972	-0.9334163972	-1.014243131	1.014243131	-1.039203804	1.039203804	-1.070256058	1.070256058	-1.145424122	1.145424122	-1.174473173	1.174473173	-1.211561444	1.211561444	-1.246670065	1.246670065	-1.267918419	1.267918419	-1.291371598	1.291371598	-1.345809682	1.345809682	1.347053427	-1.347053427	-1.394647424	1.394647424	-1.411351194	1.411351194	-1.439290586	1.439290586	1.489568465	-1.489568465	-1.50438714	1.50438714	-1.634160314	1.634160314	1.676285974	-1.676285974	-1.745087209	1.745087209	-1.762023333	1.762023333	-1.836832584	1.836832584	-1.866969411	1.866969411	-1.876685466	1.876685466	-1.940098582	1.940098582	1.973560045	-1.973560045	-2.043248347	2.043248347	-2.070249211	2.070249211	2.105474585	-2.105474585	2.108236286	-2.108236286	2.115618406	-2.115618406	-2.175452099	2.175452099	-2.177118607	2.177118607	-2.179732301	2.179732301	2.185648225	-2.185648225	2.18928302	-2.18928302	-2.26851282	2.26851282	-2.272781638	2.272781638	
-0.97	-0.01038194357	0.01038194357	-0.03707062941	0.03707062941	0.06083762317	-0.06083762317	0.1101509561	-0.1101509561	0.1727227348	-0.1727227348	-0.1764980619	0.1764980619	-0.1947340713	0.1947340713	-0.2589944345	0.2589944345	0.2746247938	-0.2746247938	-0.2894763432	0.2894763432	-0.3238748252	0.3238748252	-0.3350568628	0.3350568628	-0.3943010967	0.3943010967	-0.5863953398	0.5863953398	0.6051042349	-0.6051042349	0.616697368	-0.616697368	0.6203090554	-0.6203090554	-0.6625138629	0.6625138629	-0.6876371077	0.6876371077	0.703181222	-0.703181222	0.8033173254	-0.8033173254	-0.8198363881	0.8198363881	0.9334487374	-0.9334487374	1.014238006	-1.014238006	-1.039301217	1.039301217	-1.06882936	1.06882936	-1.145269796	1.145269796	-1.174477619	1.174477619	-1.2069824	1.2069824	-1.250625608	1.250625608	-1.268473084	1.268473084	-1.290086838	1.290086838	1.345704568	-1.345704568	-1.347182892	1.347182892	-1.39224205	1.39224205	-1.413757623	1.413757623	-1.438772365	1.438772365	-1.489551798	1.489551798	1.50437669	-1.50437669	-1.634161306	1.634161306	1.677691029	-1.677691029	-1.745060755	1.745060755	1.762062807	-1.762062807	-1.837976193	1.837976193	-1.867214608	1.867214608	-1.876676604	1.876676604	-1.941566224	1.941566224	1.973560049	-1.973560049	-2.043284058	2.043284058	2.07023519	-2.07023519	-2.102655319	2.102655319	-2.108256538	2.108256538	2.118408682	-2.118408682	-2.1751947	2.1751947	2.176722207	-2.176722207	2.17964765	-2.17964765	2.185641908	-2.185641908	2.188981925	-2.188981925	2.268508648	-2.268508648	-2.272760646	2.272760646	
-0.96	-0.01040734803	0.01040734803	-0.0370778863	0.0370778863	0.06075002401	-0.06075002401	0.109413525	-0.109413525	-0.1727946056	0.1727946056	-0.176547781	0.176547781	-0.1951697879	0.1951697879	-0.2553543439	0.2553543439	-0.2746043777	0.2746043777	-0.289517575	0.289517575	-0.3249158538	0.3249158538	-0.3379968956	0.3379968956	-0.3943114704	0.3943114704	0.5867171015	-0.5867171015	-0.6050881978	0.6050881978	0.6170135406	-0.6170135406	-0.6212332122	0.6212332122	-0.6614798844	0.6614798844	-0.6846002688	0.6846002688	-0.706251436	0.706251436	-0.8033802958	0.8033802958	-0.8197987425	0.8197987425	-0.9334990864	0.9334990864	-1.014228221	1.014228221	-1.039343382	1.039343382	-1.067177505	1.067177505	-1.145122332	1.145122332	-1.174482292	1.174482292	-1.20256346	1.20256346	-1.254385311	1.254385311	-1.268411365	1.268411365	1.288410593	-1.288410593	-1.345571717	1.345571717	-1.347338242	1.347338242	-1.389299672	1.389299672	-1.416701062	1.416701062	-1.438955709	1.438955709	1.489547503	-1.489547503	-1.504363919	1.504363919	-1.634162794	1.634162794	-1.679505308	1.679505308	1.745020119	-1.745020119	1.762122495	-1.762122495	-1.839201664	1.839201664	-1.86744732	1.86744732	-1.876662877	1.876662877	-1.943065065	1.943065065	-1.973560113	1.973560113	-2.043338581	2.043338581	2.07021322	-2.07021322	2.099581137	-2.099581137	2.108288529	-2.108288529	-2.121442795	2.121442795	-2.174925523	2.174925523	2.176312453	-2.176312453	-2.179569327	2.179569327	-2.185643599	2.185643599	-2.188703193	2.188703193	2.268500816	-2.268500816	-2.272741141	2.272741141	
-0.95	0.01043515813	-0.01043515813	-0.03708452622	0.03708452622	-0.0607946374	0.0607946374	-0.1085724196	0.1085724196	-0.1728903297	0.1728903297	-0.1766177598	0.1766177598	-0.195628752	0.195628752	-0.2517061866	0.2517061866	-0.2745844107	0.2745844107	-0.2895589377	0.2895589377	-0.3255470591	0.3255470591	-0.3413261989	0.3413261989	0.3943255906	-0.3943255906	0.5870603521	-0.5870603521	-0.6050547881	0.6050547881	-0.6172438527	0.6172438527	0.6223261849	-0.6223261849	-0.6605623567	0.6605623567	-0.6814770673	0.6814770673	-0.7094177747	0.7094177747	-0.8034388912	0.8034388912	-0.8197477267	0.8197477267	0.9335673704	-0.9335673704	-1.01421378	1.01421378	-1.039332626	1.039332626	-1.065287649	1.065287649	-1.144980539	1.144980539	-1.174487183	1.174487183	-1.198320963	1.198320963	-1.257810121	1.257810121	-1.267872649	1.267872649	-1.286356075	1.286356075	-1.345420921	1.345420921	-1.347508157	1.347508157	-1.386098572	1.386098572	-1.419903227	1.419903227	-1.439836283	1.439836283	-1.489555696	1.489555696	-1.504349088	1.504349088	-1.63416478	1.63416478	-1.681716871	1.681716871	-1.744965617	1.744965617	-1.762202071	1.762202071	-1.840510565	1.840510565	-1.867667577	1.867667577	-1.876644291	1.876644291	-1.944592757	1.944592757	-1.973560236	1.973560236	-2.043411872	2.043411872	-2.070183359	2.070183359	-2.096414033	2.096414033	-2.108332194	2.108332194	-2.124558567	2.124558567	-2.174645473	2.174645473	-2.175892835	2.175892835	-2.179492613	2.179492613	-2.185652798	2.185652798	-2.188447212	2.188447212	-2.268489365	2.268489365	2.272722885	-2.272722885	
-0.94	-0.01046520187	0.01046520187	-0.03709048961	0.03709048961	0.0609705172	-0.0609705172	0.1076299227	-0.1076299227	0.1730102974	-0.1730102974	0.1767079047	-0.1767079047	-0.1961142119	0.1961142119	-0.2480579521	0.2480579521	-0.2745634495	0.2745634495	0.2896005048	-0.2896005048	0.3259489664	-0.3259489664	-0.34485561	0.34485561	-0.3943434475	0.3943434475	0.5874252028	-0.5874252028	0.6050042711	-0.6050042711	0.6174213951	-0.6174213951	0.623548264	-0.623548264	-0.6597660739	0.6597660739	-0.6783178601	0.6783178601	-0.7126298821	0.7126298821	-0.8034933367	0.8034933367	-0.8196834356	0.8196834356	-0.9336534887	0.9336534887	1.014194691	-1.014194691	-1.039271089	1.039271089	-1.063148059	1.063148059	-1.144843133	1.144843133	1.174492236	-1.174492236	-1.194269836	1.194269836	-1.260385198	1.260385198	-1.267389483	1.267389483	-1.283938895	1.283938895	1.345257074	-1.345257074	-1.347686343	1.347686343	-1.382761241	1.382761241	-1.423241628	1.423241628	-1.441391711	1.441391711	1.48957742	-1.48957742	-1.504332475	1.504332475	-1.634167263	1.634167263	-1.684311741	1.684311741	1.744897662	-1.744897662	-1.762301107	1.762301107	-1.841904332	1.841904332	-1.867875473	1.867875473	-1.876620858	1.876620858	-1.946146971	1.946146971	1.973560418	-1.973560418	-2.043503863	2.043503863	-2.070145685	2.070145685	-2.09320221	2.09320221	-2.108387449	2.108387449	2.12770755	-2.12770755	-2.17435571	2.17435571	2.175465017	-2.175465017	2.179414556	-2.179414556	2.185669022	-2.185669022	2.188214145	-2.188214145	2.268474355	-2.268474355	2.272705599	-2.272705599	
-0.93	-0.01049730315	0.01049730315	-0.03709571201	0.03709571202	0.06127619757	-0.06127619757	0.1065888088	-0.1065888088	0.1731548866	-0.1731548866	-0.1768181002	0.1768181002	-0.1966288035	0.1966288035	-0.2444167589	0.2444167589	-0.2745407424	0.2745407424	0.289642335	-0.289642335	0.3262235435	-0.3262235435	-0.3484751778	0.3484751778	-0.3943650281	0.3943650281	-0.5878117778	0.5878117778	-0.604937081	0.604937081	0.6175687358	-0.6175687358	0.6248701897	-0.6248701897	-0.6590956296	0.6590956296	-0.6751421065	0.6751421065	-0.7158683077	0.7158683077	0.8035438795	-0.8035438795	-0.8196059883	0.8196059883	0.9337573137	-0.9337573137	-1.014170957	1.014170957	-1.039160747	1.039160747	-1.060748683	1.060748683	1.144708705	-1.144708705	-1.174497339	1.174497339	-1.190423046	1.190423046	-1.260751285	1.260751285	-1.268353567	1.268353567	1.281176713	-1.281176713	1.345082641	-1.345082641	1.347869267	-1.347869267	-1.379345365	1.379345365	1.426658579	-1.426658579	1.443583818	-1.443583818	-1.489614821	1.489614821	1.504314379	-1.504314379	1.634170243	-1.634170243	-1.687274279	1.687274279	1.744816751	-1.744816751	-1.76241909	1.76241909	-1.843384259	1.843384259	-1.868071157	1.868071157	-1.876592592	1.876592592	-1.94772541	1.94772541	-1.973560662	1.973560662	-2.043614466	2.043614466	-2.070100298	2.070100298	-2.08996445	2.08996445	-2.108454186	2.108454186	2.130870631	-2.130870631	-2.174057641	2.174057641	2.1750295	-2.1750295	-2.179333331	2.179333331	2.185691796	-2.185691796	2.188003955	-2.188003955	-2.268455866	2.268455866	-2.272688966	2.272688966	
-0.92	-0.01053128542	0.01053128542	0.03710012549	-0.03710012549	0.06170961159	-0.06170961159	0.1054524316	-0.1054524316	0.1733244615	-0.1733244615	-0.1769482087	0.1769482087	-0.1971745968	0.1971745968	-0.2407892126	0.2407892126	-0.2745158609	0.2745158609	0.2896844775	-0.2896844775	-0.3264252481	0.3264252481	-0.3521231104	0.3521231104	-0.3943903172	0.3943903173	0.5882201835	-0.5882201835	-0.6048537682	0.6048537682	0.6176994659	-0.6176994659	0.6262716968	-0.6262716968	-0.6585553629	0.6585553629	0.6719588482	-0.6719588482	0.719124028	-0.719124028	-0.8035907885	0.8035907885	0.8195155273	-0.8195155273	0.933878692	-0.933878692	1.014142581	-1.014142581	-1.039003415	1.039003415	-1.058081708	1.058081708	-1.144575674	1.144575674	1.174502321	-1.174502321	1.186791044	-1.186791044	-1.258844213	1.258844213	-1.270872403	1.270872403	-1.27808891	1.27808891	-1.344899073	1.344899073	-1.348054841	1.348054841	-1.375880704	1.375880704	1.43012432	-1.43012432	1.446361998	-1.446361998	1.489671541	-1.489671541	1.504295127	-1.504295127	-1.634173721	1.634173721	1.690587563	-1.690587563	1.744723453	-1.744723453	1.762555431	-1.762555431	-1.844951473	1.844951473	-1.868254822	1.868254822	1.876559508	-1.876559508	-1.94932581	1.94932581	-1.973560966	1.973560966	-2.04374357	2.04374357	-2.070047314	2.070047314	-2.086709524	2.086709524	2.10853228	-2.10853228	-2.134038598	2.134038598	-2.173752917	2.173752917	-2.174586038	2.174586038	-2.179247834	2.179247834	2.185720654	-2.185720654	2.187816433	-2.187816433	2.268433992	-2.268433992	2.272672634	-2.272672634	
-0.91	0.0105669751	-0.0105669751	-0.0371036602	0.0371036602	0.06226796958	-0.06226796958	-0.1042248517	0.1042248517	-0.1735193691	0.1735193691	-0.1770980708	0.1770980708	-0.1977531423	0.1977531423	-0.237181555	0.237181555	-0.2744885449	0.2744885449	-0.2897269743	0.2897269743	-0.3265840117	0.3265840117	-0.3557627938	0.3557627938	-0.3944192968	0.3944192968	0.5886504847	-0.5886504847	-0.6047549594	0.6047549594	-0.6178215539	0.6178215539	-0.6277382287	0.6277382287	-0.6581492948	0.6581492948	-0.668772874	0.668772874	-0.7223922853	0.7223922853	-0.8036343532	0.8036343532	-0.8194122181	0.8194122181	-0.9340174443	0.9340174443	-1.014109565	1.014109565	-1.038800764	1.038800764	-1.055142057	1.055142057	-1.144442223	1.144442223	-1.174506936	1.174506936	-1.183381277	1.183381277	-1.255808765	1.255808765	-1.273851199	1.273851199	-1.274696273	1.274696273	-1.344707463	1.344707463	-1.348241758	1.348241758	-1.372383916	1.372383916	-1.433622191	1.433622191	-1.449666705	1.449666705	-1.489753456	1.489753456	-1.504275088	1.504275088	-1.634177697	1.634177697	-1.694233764	1.694233764	1.744618395	-1.744618395	-1.762709479	1.762709479	-1.846606926	1.846606926	-1.868426701	1.868426701	-1.876521628	1.876521628	-1.950945955	1.950945955	1.973561332	-1.973561332	2.04389104	-2.04389104	-2.069986869	2.069986869	-2.083442078	2.083442078	2.108621583	-2.108621583	2.137206206	-2.137206206	-2.173443445	2.173443445	-2.17413391	2.17413391	-2.179157424	2.179157424	-2.185755135	2.185755135	-2.187651238	2.187651238	-2.268408843	2.268408843	-2.272656217	2.272656217	
-0.9	-0.01060420463	0.01060420463	-0.03710624606	0.03710624606	-0.06294757411	0.06294757411	-0.1029110267	0.1029110267	-0.1737399336	0.1737399336	0.1772675058	-0.1772675058	-0.1983655179	0.1983655179	-0.2335997349	0.2335997349	-0.274458629	0.274458629	0.2897698631	-0.2897698631	-0.3267171475	0.3267171475	-0.3593708955	0.3593708955	-0.3944519464	0.3944519464	-0.5891026876	0.5891026876	-0.6046413276	0.6046413276	0.6179396939	-0.6179396939	0.6292586388	-0.6292586388	-0.6578810487	0.6578810487	-0.6655870049	0.6655870049	-0.7256703222	0.7256703222	0.8036748831	-0.8036748831	0.8192962483	-0.8192962483	-0.9341733661	0.9341733661	-1.01407191	1.01407191	-1.038554327	1.038554327	-1.051927773	1.051927773	-1.144306201	1.144306201	-1.174510841	1.174510841	-1.180197823	1.180197823	-1.252103608	1.252103608	-1.271020746	1.271020746	-1.27688407	1.27688407	1.344508807	-1.344508807	1.348429152	-1.348429152	-1.368864976	1.368864976	-1.43714222	1.43714222	-1.453432026	1.453432026	-1.48987005	1.48987005	1.504254708	-1.504254708	-1.634182172	1.634182172	-1.698194494	1.698194494	-1.744502249	1.744502249	1.762880537	-1.762880537	-1.848351372	1.848351372	-1.868587054	1.868587054	-1.876478973	1.876478974	-1.952583679	1.952583679	-1.973561761	1.973561761	-2.04405672	2.04405672	2.069919116	-2.069919116	-2.080164816	2.080164816	2.108721931	-2.108721931	-2.140369918	2.140369918	-2.173131415	2.173131415	2.173672088	-2.173672088	-2.17906177	2.17906177	-2.185794784	2.185794784	2.18750794	-2.18750794	2.268380539	-2.268380539	-2.272639302	2.272639302	
-0.89	-0.0106428151	0.0106428151	0.03710781437	-0.03710781437	-0.06374353331	0.06374353331	0.1015171003	-0.1015171003	0.1739864499	-0.1739864499	-0.1774563121	0.1774563121	-0.1990123747	0.1990123747	-0.2300494492	0.2300494492	-0.2744260053	0.2744260053	0.2898131778	-0.2898131778	-0.3268352073	0.3268352073	-0.3629315226	0.3629315226	-0.394488243	0.394488243	-0.5895767287	0.5895767287	-0.6045135709	0.6045135709	0.6180566736	-0.6180566736	0.6308238563	-0.6308238563	-0.6577536857	0.6577536857	-0.6624031573	0.6624031573	0.7289564179	-0.7289564179	-0.803712706	0.803712706	-0.8191678269	0.8191678269	-0.9343462287	0.9343462287	-1.014029614	1.014029614	-1.03826551	1.03826551	-1.048440238	1.048440238	-1.144164989	1.144164989	-1.174513566	1.174513566	-1.177241201	1.177241201	-1.247895581	1.247895581	-1.267085227	1.267085227	-1.279856677	1.279856677	1.344304062	-1.344304062	-1.348616425	1.348616425	-1.365330196	1.365330196	-1.440678093	1.440678093	1.457586201	-1.457586201	-1.490037046	1.490037046	1.504234568	-1.504234568	-1.634187146	1.634187146	-1.702451121	1.702451121	1.744375716	-1.744375716	-1.763067877	1.763067877	-1.850185355	1.850185355	-1.868736169	1.868736169	-1.876431572	1.876431572	-1.954236877	1.954236877	1.973562254	-1.973562254	2.044240432	-2.044240432	2.069844224	-2.069844224	-2.07687943	2.07687943	-2.108833141	2.108833141	2.143526857	-2.143526857	-2.172819373	2.172819373	2.173199351	-2.173199351	2.178960741	-2.178960741	2.18583916	-2.18583916	2.187386064	-2.187386064	-2.268349213	2.268349213	2.272621451	-2.272621451	
-0.88	-0.01068265817	0.01068265817	-0.03710829939	0.03710829939	0.06464930749	-0.06464930749	0.1000508572	-0.1000508572	0.1742591761	-0.1742591761	0.1776642674	-0.1776642674	-0.199693982	0.199693982	-0.2265361692	0.2265361692	0.2743906023	-0.2743906023	0.2898569496	-0.2898569496	0.3269449368	-0.3269449368	-0.3664332874	0.3664332874	-0.3945281614	0.3945281614	0.5900724683	-0.5900724683	-0.604372396	0.604372396	-0.6181741449	0.6181741449	-0.6324261379	0.6324261379	-0.6577681738	0.6577681738	0.6592242652	-0.6592242652	0.7322494312	-0.7322494312	0.8037481664	-0.8037481664	-0.8190271833	0.8190271833	0.9345357794	-0.9345357794	1.013982676	-1.013982676	-1.03793559	1.03793559	-1.044684194	1.044684194	-1.14401531	1.14401531	1.174508398	-1.174508398	-1.174514461	1.174514461	1.243276323	-1.243276323	-1.26291345	1.26291345	-1.2827275	1.2827275	-1.344094138	1.344094138	-1.348803152	1.348803152	1.361783758	-1.361783758	1.444225629	-1.444225629	-1.462048458	1.462048458	1.490281716	-1.490281716	1.504215507	-1.504215507	-1.63419262	1.63419262	1.706985037	-1.706985037	1.744239514	-1.744239514	1.763270747	-1.763270747	-1.852109191	1.852109191	1.86887435	-1.86887435	1.876379452	-1.876379452	-1.955903505	1.955903505	-1.973562812	1.973562812	2.044441972	-2.044441972	-2.069762377	2.069762377	2.073587046	-2.073587046	2.108955014	-2.108955014	2.146674141	-2.146674141	-2.172510381	2.172510381	2.172714371	-2.172714371	2.178854344	-2.178854344	2.185887831	-2.185887831	2.187285148	-2.187285148	-2.268315002	2.268315002	2.272602216	-2.272602216	
-0.87	-0.01072359758	0.01072359758	-0.03710763981	0.03710763981	0.06565597433	-0.06565597433	-0.09852245565	0.09852245565	0.1745583267	-0.1745583267	-0.1778911297	0.1778911297	-0.2004102707	0.2004102707	-0.2230651635	0.2230651635	-0.274352373	0.274352373	0.289901208	-0.289901208	-0.3270508331	0.3270508331	-0.369867771	0.369867771	-0.3945716739	0.3945716739	-0.5905896874	0.5905896874	0.6042185073	-0.6042185073	-0.6182930637	0.6182930637	-0.6340586411	0.6340586411	-0.656040276	0.656040276	-0.6579375615	0.6579375615	-0.7355485652	0.7355485652	-0.8037816232	0.8037816232	-0.8188745664	0.8188745664	-0.9347417425	0.9347417425	-1.01393109	1.01393109	-1.037565731	1.037565731	-1.040667587	1.040667587	-1.143852975	1.143852975	-1.171993114	1.171993114	-1.174512612	1.174512612	-1.238311405	1.238311405	-1.258529945	1.258529945	-1.285477499	1.285477499	-1.34387987	1.34387987	-1.348989019	1.348989019	-1.35822854	1.35822854	-1.447781948	1.447781948	-1.46671882	1.46671882	-1.490654197	1.490654197	1.50419888	-1.50419888	-1.634198597	1.634198597	-1.711777889	1.711777889	1.744094369	-1.744094369	-1.76348839	1.76348839	-1.854122951	1.854122951	-1.869001916	1.869001916	-1.876322648	1.876322648	-1.957581591	1.957581591	-1.973563437	1.973563437	2.044661118	-2.044661118	2.069673771	-2.069673771	-2.070288449	2.070288449	2.109087337	-2.109087337	2.149808269	-2.149808269	-2.172208354	2.172208354	2.172215775	-2.172215775	-2.178742676	2.178742676	2.185940386	-2.185940386	-2.187204797	2.187204797	2.268278052	-2.268278052	-2.272581149	2.272581149	
-0.86	-0.01076550989	0.01076550989	0.03710578002	-0.03710578002	0.06675100784	-0.06675100784	0.09694564309	-0.09694564309	-0.1748840654	0.1748840654	0.1781366373	-0.1781366373	0.2011608734	-0.2011608734	-0.2196415195	0.2196415195	-0.2743112876	0.2743112876	-0.289945981	0.289945981	0.3271560075	-0.3271560075	-0.3732286837	0.3732286837	0.3946187505	-0.3946187505	0.5911280873	-0.5911280873	-0.6040525979	0.6040525979	-0.6184139491	0.6184139491	0.6357151719	-0.6357151719	0.652868796	-0.652868796	-0.6582463968	0.6582463968	0.7388532377	-0.7388532377	0.803813447	-0.803813447	-0.8187102435	0.8187102435	-0.9349638199	0.9349638199	1.013874851	-1.013874851	-1.03640123	1.03640123	-1.037156974	1.037156974	-1.143672525	1.143672525	-1.169686228	1.169686228	1.174506714	-1.174506714	-1.233053685	1.233053685	-1.253960098	1.253960098	-1.288096311	1.288096311	1.343662	-1.343662	1.349173791	-1.349173791	1.354666591	-1.354666591	1.451345003	-1.451345003	1.471453112	-1.471453112	1.491252514	-1.491252514	1.504187166	-1.504187166	1.634205078	-1.634205078	-1.716811759	1.716811759	1.743941002	-1.743941002	1.763720047	-1.763720047	-1.856226448	1.856226448	-1.869119195	1.869119195	1.876261196	-1.876261196	-1.959269234	1.959269234	-1.97356413	1.97356413	-2.044897621	2.044897621	2.066984212	-2.066984212	-2.069578616	2.069578616	2.109229882	-2.109229882	-2.152924194	2.152924194	2.171702193	-2.171702193	-2.171918768	2.171918768	2.178625892	-2.178625892	2.185996428	-2.185996428	2.187144766	-2.187144766	-2.268238509	2.268238509	-2.272557823	2.272557823	
-0.85	-0.01080828481	0.01080828481	-0.03710267122	0.03710267122	0.06791619586	-0.06791619586	-0.09533983028	0.09533983028	-0.1752364999	0.1752364999	-0.1784005099	0.1784005099	-0.2019451645	0.2019451645	-0.2162701656	0.2162701656	-0.274267329	0.274267329	0.2899912953	-0.2899912953	-0.3272626842	0.3272626842	-0.3765113862	0.3765113862	-0.3946693588	0.3946693588	0.5916872918	-0.5916872918	0.6038753447	-0.6038753447	-0.61853704	0.61853704	-0.6373900289	0.6373900289	0.649700744	-0.649700744	-0.6587050864	0.6587050864	-0.7421630053	0.7421630053	-0.8038440164	0.8038440164	0.8185344993	-0.8185344993	0.9352016915	-0.9352016915	-1.013813952	1.013813952	-1.031898353	1.031898353	-1.036710246	1.036710246	-1.143466756	1.143466756	-1.16757645	1.16757645	1.17449484	-1.17449484	-1.227548115	1.227548115	1.249230308	-1.249230308	-1.290577564	1.290577564	-1.343441167	1.343441167	-1.34935729	1.34935729	-1.351099409	1.351099409	-1.454913296	1.454913296	-1.476009201	1.476009201	1.492274838	-1.492274838	-1.50418561	1.50418561	-1.634212068	1.634212068	-1.722069304	1.722069304	1.743780124	-1.743780124	1.76396497	-1.76396497	-1.85841922	1.85841922	-1.869226522	1.869226522	-1.87619514	1.87619514	-1.960964614	1.960964614	-1.973564893	1.973564893	2.045151212	-2.045151212	-2.063674771	2.063674771	-2.069477132	2.069477132	2.10938241	-2.10938241	2.156013514	-2.156013514	2.1711723	-2.1711723	-2.171650305	2.171650305	-2.178504179	2.178504179	-2.186055584	2.186055584	2.187105053	-2.187105053	2.26819652	-2.26819652	2.272531853	-2.272531853	
-0.84	-0.01085182498	0.01085182498	-0.03709827228	0.03709827228	-0.06912401329	0.06912401329	-0.09373370554	0.09373370554	-0.1756156764	0.1756156764	-0.1786824489	0.1786824489	-0.2027622955	0.2027622955	-0.2129558955	0.2129558955	-0.2742204896	0.2742204896	-0.2900371766	0.2900371766	0.3273725004	-0.3273725004	-0.3797126055	0.3797126055	0.3947234643	-0.3947234643	0.5922668496	-0.5922668496	-0.6036874044	0.6036874044	-0.618662394	0.618662394	0.6390779023	-0.6390779023	0.6465376757	-0.6465376757	-0.6593125594	0.6593125594	-0.7454775168	0.7454775168	-0.8038737138	0.8038737138	-0.8183476349	0.8183476349	-0.9354550164	0.9354550164	-1.013748382	1.013748382	-1.027174081	1.027174081	-1.036226354	1.036226354	-1.143226078	1.143226078	-1.165651126	1.165651126	-1.174474036	1.174474036	-1.221834232	1.221834232	-1.244368256	1.244368256	-1.29291702	1.29291702	-1.343217909	1.343217909	-1.347528116	1.347528116	1.349539377	-1.349539377	-1.458485703	1.458485703	-1.479976466	1.479976466	-1.494084303	1.494084303	-1.504207736	1.504207736	1.634219571	-1.634219571	-1.727533855	1.727533855	1.743612426	-1.743612426	1.764222429	-1.764222429	-1.860700517	1.860700517	-1.869324236	1.869324236	-1.876124526	1.876124526	-1.962665988	1.962665988	1.973565727	-1.973565727	-2.045421601	2.045421601	-2.060360467	2.060360467	2.069369549	-2.069369549	-2.109544669	2.109544669	-2.159060107	2.159060107	2.170624858	-2.170624858	-2.171419015	2.171419015	-2.178377748	2.178377748	2.1861175	-2.1861175	2.187086055	-2.187086055	-2.268152232	2.268152232	2.272502927	-2.272502927	
-0.83	-0.01089604531	0.01089604531	0.03709255038	-0.03709255039	0.07033127383	-0.07033127384	0.09217156735	-0.09217156735	0.1760215763	-0.1760215763	0.1789821382	-0.1789821382	-0.203611229	0.203611229	-0.2097033935	0.2097033936	0.27417077	-0.27417077	0.29008365	-0.29008365	0.3274866945	-0.3274866945	-0.3828302582	0.3828302582	-0.3947810299	0.3947810299	0.592866238	-0.592866238	0.6034894117	-0.6034894117	0.6187899511	-0.6187899511	0.6407738048	-0.6407738048	0.6433800528	-0.6433800528	-0.6600679738	0.6600679738	0.7487964836	-0.7487964836	0.8039029197	-0.8039029197	0.8181499663	-0.8181499663	0.9357234331	-0.9357234331	-1.013678127	1.013678127	1.022244904	-1.022244904	-1.035705978	1.035705978	-1.142937671	1.142937671	1.163897183	-1.163897183	-1.17443955	1.17443955	1.215948155	-1.215948155	1.2394033	-1.2394033	-1.295111731	1.295111731	1.342992677	-1.342992677	1.343953575	-1.343953575	1.349719944	-1.349719944	1.462061363	-1.462061363	-1.482884732	1.482884732	1.497073646	-1.497073646	1.504301402	-1.504301402	1.634227595	-1.634227595	-1.733189487	1.733189487	-1.743438578	1.743438578	1.764491712	-1.764491712	-1.863069283	1.863069283	-1.869412677	1.869412677	-1.876049414	1.876049414	-1.964371701	1.964371701	1.973566636	-1.973566636	-2.045708474	2.045708474	2.057041576	-2.057041576	-2.069256107	2.069256107	2.109716398	-2.109716398	2.162027584	-2.162027584	2.170058748	-2.170058748	2.17126059	-2.17126059	-2.178246816	2.178246816	2.186181845	-2.186181845	2.187088812	-2.187088812	-2.268105787	2.268105787	-2.272470844	2.272470844	
-0.82	-0.01094087211	0.01094087211	0.03708548141	-0.03708548141	0.07146844804	-0.07146844804	0.09072398717	-0.09072398717	-0.1764541134	0.1764541134	0.1792992451	-0.1792992451	-0.2044907702	0.2044907702	-0.2065172628	0.2065172628	-0.2741181772	0.2741181772	-0.2901307398	0.2901307398	-0.3276062266	0.3276062266	-0.3858633327	0.3858633327	-0.3948420164	0.3948420164	-0.5934848667	0.5934848667	-0.6032819798	0.6032819798	-0.6189195757	0.6189195757	-0.6402281892	0.6402281892	-0.6424730224	0.6424730224	-0.6609697434	0.6609697434	0.7521196597	-0.7521196597	0.8039320059	-0.8039320059	-0.8179418236	0.8179418236	-0.9360065599	0.9360065599	-1.013603171	1.013603171	-1.017128179	1.017128179	-1.035149668	1.035149668	-1.142584418	1.142584418	-1.162302174	1.162302174	1.174383255	-1.174383255	1.209925055	-1.209925055	1.234366976	-1.234366976	-1.297159628	1.297159628	1.34037646	-1.34037646	-1.342765842	1.342765842	-1.349898902	1.349898902	-1.465639603	1.465639603	-1.48466324	1.48466324	-1.500977302	1.500977302	1.504777254	-1.504777254	-1.63423615	1.63423615	1.739021061	-1.739021061	1.74325922	-1.74325922	-1.764772137	1.764772137	-1.865524137	1.865524137	-1.869492186	1.869492186	-1.87596988	1.87596988	-1.966080184	1.966080184	1.973567622	-1.973567622	-2.046011497	2.046011497	-2.053718329	2.053718329	2.069137049	-2.069137049	-2.109897329	2.109897329	-2.16481616	2.16481616	2.169473003	-2.169473003	-2.17127303	2.17127303	2.1781116	-2.1781116	2.186248311	-2.186248311	-2.187115441	2.187115441	-2.268057322	2.268057322	-2.272435557	2.272435557	
-0.81	-0.01098624186	0.01098624186	-0.03707705011	0.03707705011	0.07242449614	-0.07242449614	0.08950295491	-0.08950295491	0.1769131327	-0.1769131327	-0.1796334207	0.1796334207	-0.203402053	0.203402053	-0.2053995945	0.2053995945	-0.2740627238	0.2740627238	0.2901784697	-0.2901784697	-0.3277318592	0.3277318592	-0.3888118035	0.3888118035	0.3949063822	-0.3949063822	0.5941220803	-0.5941220803	0.6030657024	-0.6030657024	0.6190510845	-0.6190510845	0.6370823431	-0.6370823431	-0.6441710777	0.6441710777	-0.6620154189	0.6620154189	-0.7554468271	0.7554468271	0.8039613271	-0.8039613271	-0.8177235495	0.8177235495	-0.9363039959	0.9363039959	-1.011841708	1.011841708	1.013523492	-1.013523492	-1.03455783	1.03455783	-1.142143616	1.142143616	1.16085539	-1.16085539	1.174290084	-1.174290084	1.203803426	-1.203803426	1.229293616	-1.229293616	-1.299059296	1.299059296	1.336797305	-1.336797305	1.342537714	-1.342537714	-1.35007618	1.35007618	1.469219885	-1.469219885	-1.485675448	1.485675448	-1.503224502	1.503224502	1.507820359	-1.507820359	1.634245248	-1.634245248	1.743074965	-1.743074965	-1.745014232	1.745014232	-1.765063049	1.765063049	-1.868063332	1.868063332	-1.869563101	1.869563101	1.875886048	-1.875886048	-1.96778996	1.96778996	-1.973568687	1.973568687	-2.046330315	2.046330315	2.050390922	-2.050390922	-2.069012628	2.069012628	-2.110087185	2.110087185	-2.167114491	2.167114491	2.168866843	-2.168866843	-2.171763953	2.171763953	-2.177972313	2.177972313	2.186316611	-2.186316611	2.187169988	-2.187169988	2.268006969	-2.268006969	-2.272397223	2.272397223	
-0.8	-0.01103209999	0.01103209999	-0.03706725009	0.0370672501	-0.0730370648	0.0730370648	-0.08867165822	0.08867165822	-0.1773984097	0.1773984097	-0.1799843005	0.1799843005	-0.2003622897	0.2003622897	-0.2063362738	0.2063362738	-0.2740044281	0.2740044281	-0.2902268631	0.2902268631	-0.3278642115	0.3278642115	-0.3916765608	0.3916765608	-0.3949740834	0.3949740834	0.5947771594	-0.5947771594	-0.6028411581	0.6028411581	-0.6191842666	0.6191842666	-0.6339427427	0.6339427427	0.6458637008	-0.6458637008	-0.6632016418	0.6632016418	-0.7587777852	0.7587777852	-0.8039912104	0.8039912104	-0.8174954984	0.8174954984	-0.9366153207	0.9366153207	-1.006403384	1.006403384	-1.013439062	1.013439062	-1.033930711	1.033930711	-1.141585591	1.141585591	-1.159548937	1.159548937	-1.174128992	1.174128992	-1.197634726	1.197634726	1.224221044	-1.224221044	-1.300809841	1.300809841	-1.333216547	1.333216547	-1.342308548	1.342308548	-1.350251719	1.350251719	-1.472801777	1.472801777	-1.48626913	1.48626913	-1.503567102	1.503567102	1.513311804	-1.513311804	-1.634254906	1.634254906	-1.742886393	1.742886393	-1.751155454	1.751155454	-1.765363822	1.765363822	-1.869625759	1.869625759	-1.870684626	1.870684626	-1.875798207	1.875798207	-1.969499642	1.969499642	-1.973569835	1.973569835	-2.046664554	2.046664554	-2.047059529	2.047059529	2.0688831	-2.0688831	2.110285682	-2.110285682	2.168239703	-2.168239703	-2.16835493	2.16835493	-2.173293547	2.173293547	-2.177829159	2.177829159	-2.18638648	2.18638648	-2.187260202	2.187260202	-2.267954852	2.267954852	-2.272356244	2.272356244	
-0.79	-0.01107839946	0.01107839946	0.0370560836	-0.0370560836	0.07312247701	-0.07312247701	-0.08841446734	0.08841446734	-0.1779096511	0.1779096511	0.1803515049	-0.1803515049	-0.1974025031	0.1974025031	-0.2072992998	0.2072992998	0.2739433131	-0.2739433131	-0.2902759425	0.2902759425	-0.3280037974	0.3280037974	-0.3944593468	0.3944593468	-0.3950450736	0.3950450736	0.5954493176	-0.5954493176	-0.6026089203	0.6026089203	-0.6193188962	0.6193188962	0.6308095972	-0.6308095972	-0.6475468062	0.6475468062	-0.6645241173	0.6645241173	0.7621123414	-0.7621123414	0.8040219432	-0.8040219432	-0.8172580352	0.8172580352	-0.9369400946	0.9369400946	-1.000830951	1.000830951	1.013349849	-1.013349849	-1.033268375	1.033268375	-1.140872512	1.140872512	1.158378553	-1.158378553	1.17382622	-1.17382622	1.191510629	-1.191510629	1.219191246	-1.219191246	-1.302410814	1.302410814	-1.329634541	1.329634541	-1.342078558	1.342078558	1.350425468	-1.350425468	1.476384919	-1.476384919	-1.48663837	1.48663837	-1.503634199	1.503634199	-1.519411675	1.519411675	-1.634265149	1.634265149	-1.742694054	1.742694054	-1.757431961	1.757431961	1.765673864	-1.765673864	-1.869680493	1.869680493	-1.873384266	1.873384266	-1.87570782	1.87570782	-1.971207942	1.971207942	-1.973571069	1.973571069	-2.043724303	2.043724303	-2.047013818	2.047013818	-2.068748722	2.068748722	-2.110492534	2.110492534	2.167591262	-2.167591262	2.168691073	-2.168691073	-2.175692888	2.175692888	2.17768233	-2.17768233	2.186457674	-2.186457674	2.187401657	-2.187401657	-2.267901087	2.267901087	2.272313319	-2.272313319	
-0.78	-0.01112509949	0.01112509949	0.03704356113	-0.03704356113	0.07257217765	-0.07257217765	0.0888404638	-0.0888404638	0.1784464963	-0.1784464963	0.1807346389	-0.1807346389	-0.1945272564	0.1945272564	-0.2082871043	0.2082871043	0.2738794069	-0.2738794069	0.2903257303	-0.2903257303	0.3281510523	-0.3281510523	0.3951193041	-0.3951193041	-0.3971626911	0.3971626911	0.5961376894	-0.5961376894	0.6023695752	-0.6023695752	0.6194547419	-0.6194547419	0.6276831031	-0.6276831031	0.649216474	-0.649216474	-0.6659775995	0.6659775995	0.7654503013	-0.7654503013	0.8040537577	-0.8040537577	-0.8170115338	0.8170115338	0.9372778587	-0.9372778587	0.9951418364	-0.9951418364	-1.013255809	1.013255809	-1.032570682	1.032570682	-1.139957957	1.139957957	1.157343778	-1.157343778	1.173172097	-1.173172097	1.185656671	-1.185656671	-1.214250873	1.214250873	-1.303862152	1.303862152	1.326051588	-1.326051588	-1.341847926	1.341847926	-1.350597385	1.350597385	1.479969015	-1.479969015	-1.486880197	1.486880197	1.503639528	-1.503639528	1.525794638	-1.525794638	1.634276007	-1.634276007	1.742498464	-1.742498464	1.763831733	-1.763831733	1.765992616	-1.765992616	1.869727637	-1.869727637	1.875587727	-1.875587727	-1.876186776	1.876186776	-1.972913669	1.972913669	1.973572395	-1.973572395	2.040385388	-2.040385388	2.047377695	-2.047377695	2.068609758	-2.068609758	2.110707449	-2.110707449	2.166921475	-2.166921475	-2.168683969	2.168683969	2.177532009	-2.177532009	2.178367125	-2.178367125	2.186529966	-2.186529966	2.187628365	-2.187628365	2.267845781	-2.267845781	2.272269464	-2.272269464	
-0.77	-0.01117216422	0.01117216422	-0.03702970099	0.03702970099	-0.0714264308	0.0714264308	-0.089909718	0.089909718	-0.1790085191	0.1790085191	-0.1811332898	0.1811332898	-0.1917411728	0.1917411728	-0.2092980781	0.2092980781	-0.2738127424	0.2738127424	-0.2903762482	0.2903762482	0.3283063531	-0.3283063531	-0.395196724	0.395196724	-0.3997898436	0.3997898436	0.5968412988	-0.5968412988	0.6021237601	-0.6021237601	0.6195915734	-0.6195915734	0.6245634487	-0.6245634487	-0.650868933	0.650868933	-0.667555886	0.667555886	0.7687914585	-0.7687914585	0.8040868145	-0.8040868145	-0.8167563763	0.8167563763	0.9376281345	-0.9376281345	0.9893530658	-0.9893530658	-1.013156887	1.013156887	-1.03183725	1.03183725	-1.13878797	1.13878797	1.156447048	-1.156447048	-1.171509688	1.171509688	-1.180743994	1.180743994	-1.209451267	1.209451267	-1.305164138	1.305164138	-1.322467939	1.322467939	1.341616807	-1.341616807	1.350767433	-1.350767433	-1.48355381	1.48355381	-1.48704458	1.48704458	-1.503620557	1.503620557	1.53236053	-1.53236053	1.634287523	-1.634287523	1.742300109	-1.742300109	1.76631955	-1.76631955	1.770343469	-1.770343469	-1.86976752	1.86976752	1.875501657	-1.875501657	-1.879025436	1.879025436	-1.973573815	1.973573815	-1.974615732	1.974615732	2.037042915	-2.037042915	-2.047755756	2.047755756	-2.068466471	2.068466471	2.110930132	-2.110930132	2.166230596	-2.166230596	-2.168562905	2.168562905	2.177378365	-2.177378365	-2.181004999	2.181004999	2.186603152	-2.186603152	2.188022453	-2.188022453	-2.267789034	2.267789034	2.272226023	-2.272226023	
-0.76	-0.01121956153	0.01121956153	-0.03701452869	0.03701452869	0.06981986042	-0.06981986042	-0.09148772501	0.09148772501	-0.1795952302	0.1795952302	0.1815470176	-0.1815470176	-0.1890489676	0.1890489676	-0.2103305875	0.2103305875	-0.2737433577	0.2737433577	-0.2904275175	0.2904275175	0.3284700318	-0.3284700318	-0.3952772796	0.3952772796	-0.402344702	0.402344702	-0.5975589748	0.5975589748	0.6018722545	-0.6018722545	-0.6197291651	0.6197291651	-0.6214508168	0.6214508168	0.6525005471	-0.6525005471	-0.6692518201	0.6692518201	-0.7721355798	0.7721355798	0.8041211841	-0.8041211841	-0.8164929518	0.8164929518	-0.9379904227	0.9379904227	-0.9834812519	0.9834812519	-1.013053013	1.013053013	-1.031067413	1.031067413	-1.137304161	1.137304161	1.155691551	-1.155691551	1.167722478	-1.167722478	1.177902008	-1.177902008	1.204847619	-1.204847619	-1.306317371	1.306317371	1.318883813	-1.318883813	-1.341385338	1.341385338	-1.350935579	1.350935579	-1.487139088	1.487139088	1.487158909	-1.487158909	-1.503588405	1.503588405	1.539059675	-1.539059675	-1.634299753	1.634299753	1.742099443	-1.742099443	1.766654171	-1.766654171	-1.776956533	1.776956533	-1.869800473	1.869800473	-1.875397531	1.875397531	-1.881948972	1.881948972	-1.973575336	1.973575336	-1.976313144	1.976313144	-2.033697013	2.033697013	-2.048147554	2.048147554	-2.068319122	2.068319122	2.111160287	-2.111160287	2.165519203	-2.165519203	-2.168400715	2.168400715	2.177221555	-2.177221555	2.183329916	-2.183329916	2.186677042	-2.186677042	-2.188787785	2.188787785	2.267730939	-2.267730939	2.27218465	-2.27218465	
-0.75	-0.01126726203	0.01126726203	0.03699807629	-0.03699807629	0.06788706679	-0.06788706679	0.09343976713	-0.09343976713	0.1802060803	-0.1802060803	-0.1819753046	0.1819753046	-0.1864555163	0.1864555163	0.2113829883	-0.2113829883	0.2736712962	-0.2736712962	0.2904795589	-0.2904795589	-0.3286423868	0.3286423868	0.3953609151	-0.3953609151	-0.4048317335	0.4048317335	0.5982891007	-0.5982891007	0.601616237	-0.601616237	0.618345387	-0.618345387	-0.6198672995	0.6198672995	0.6541078029	-0.6541078029	-0.6710572989	0.6710572989	-0.7754823822	0.7754823822	0.8041568291	-0.8041568291	0.8162216552	-0.8162216552	0.9383642027	-0.9383642027	0.9775426332	-0.9775426332	1.012944094	-1.012944094	-1.030260165	1.030260165	-1.13544877	1.13544877	1.15507843	-1.15507843	1.16218053	-1.16218053	1.17677255	-1.17677255	1.200496775	-1.200496775	-1.307322735	1.307322735	1.315299398	-1.315299398	1.341153641	-1.341153641	-1.351101793	1.351101793	-1.487239173	1.487239173	1.490724659	-1.490724659	1.503547344	-1.503547344	1.545861963	-1.545861963	-1.634312778	1.634312778	1.741896893	-1.741896893	-1.766996016	1.766996016	-1.783660914	1.783660914	-1.869826832	1.869826832	-1.875288451	1.875288451	-1.884940557	1.884940557	1.973576963	-1.973576963	-1.978005022	1.978005022	-2.030347807	2.030347807	2.048552629	-2.048552629	-2.068167977	2.068167977	2.111397617	-2.111397617	2.164788227	-2.164788227	2.168224882	-2.168224882	2.177061724	-2.177061724	2.184972067	-2.184972067	2.186751461	-2.186751461	-2.19026673	2.19026673	-2.267671584	2.267671584	-2.27214725	2.27214725	
-0.74	-0.0113152381	0.0113152381	0.03698038174	-0.03698038174	0.0657250275	-0.0657250275	0.09566849565	-0.09566849566	0.1808404629	-0.1808404629	0.182416931	-0.182416931	-0.183966491	0.183966491	0.2124536385	-0.2124536385	-0.273596607	0.273596607	0.2905323926	-0.2905323926	0.3288236907	-0.3288236907	0.395447572	-0.395447572	-0.4072558916	0.4072558916	-0.5990286928	0.5990286928	0.6013582131	-0.6013582131	0.6152473373	-0.6152473373	0.6200057688	-0.6200057688	0.6556872991	-0.6556872991	-0.6729632873	0.6729632873	0.778831495	-0.778831495	0.8041935939	-0.8041935939	0.8159428862	-0.8159428862	-0.9387489302	0.9387489302	0.9715531624	-0.9715531624	1.012830012	-1.012830012	1.029414096	-1.029414096	-1.133170805	1.133170805	-1.154604552	1.154604552	-1.155944584	1.155944584	-1.176306071	1.176306071	-1.196453383	1.196453383	-1.308181377	1.308181377	1.311714861	-1.311714861	1.340921826	-1.340921826	1.35126605	-1.35126605	-1.487295237	1.487295237	-1.494310358	1.494310358	-1.503499237	1.503499237	-1.552746922	1.552746922	1.634326705	-1.634326705	1.741692856	-1.741692856	1.767344655	-1.767344655	1.790447175	-1.790447175	-1.869846939	1.869846939	1.875175117	-1.875175117	-1.887995395	1.887995395	-1.973578703	1.973578703	-1.979690589	1.979690589	-2.026995424	2.026995424	-2.048970505	2.048970505	-2.068013296	2.068013296	-2.111641822	2.111641822	2.164038967	-2.164038967	-2.168047822	2.168047822	-2.176899008	2.176899008	2.185869416	-2.185869416	2.186826252	-2.186826252	2.192508892	-2.192508892	-2.267611054	2.267611054	2.272115902	-2.272115902	
-0.73	-0.01136346312	0.01136346312	0.03696148816	-0.03696148816	0.06339616371	-0.06339616371	0.09811085169	-0.09811085169	0.1814977177	-0.1814977177	-0.1815808238	0.1815808238	-0.1828775181	0.1828775181	0.2135409094	-0.2135409094	0.2735193453	-0.2735193453	0.2905860383	-0.2905860383	0.3290141964	-0.3290141964	-0.3955371893	0.3955371893	-0.4096225282	0.4096225282	-0.5997682503	0.5997682503	0.6011071706	-0.6011071706	-0.6121568457	0.6121568457	0.620144376	-0.620144376	0.6572357371	-0.6572357371	-0.6749598342	0.6749598342	0.7821823879	-0.7821823879	0.8042312165	-0.8042312165	0.8156570484	-0.8156570484	0.9391440353	-0.9391440353	0.9655286315	-0.9655286315	1.012710605	-1.012710605	-1.028527299	1.028527299	-1.130431963	1.130431963	1.149446371	-1.149446371	1.154261899	-1.154261899	1.176081607	-1.176081607	-1.192764591	1.192764591	1.308130352	-1.308130352	-1.308894681	1.308894681	1.340689993	-1.340689993	1.351428327	-1.351428327	-1.487333485	1.487333485	-1.497896034	1.497896034	1.503444928	-1.503444928	1.559699508	-1.559699508	-1.63434169	1.63434169	1.741487703	-1.741487703	-1.767699686	1.767699686	-1.797306393	1.797306393	-1.869861152	1.869861152	1.875057748	-1.875057748	-1.891108784	1.891108784	-1.973580565	1.973580565	-1.981369174	1.981369174	2.02364	-2.02364	2.049400699	-2.049400699	2.067855339	-2.067855339	-2.111892607	2.111892607	2.163273116	-2.163273116	2.167875966	-2.167875966	2.176733534	-2.176733534	2.186353631	-2.186353631	2.18690127	-2.18690127	2.19517609	-2.19517609	-2.267549432	2.267549432	2.272092747	-2.272092747	
-0.72	-0.01141191087	0.01141191087	-0.03694144316	0.03694144316	0.0609398001	-0.0609398001	-0.1007265983	0.1007265983	-0.1793141705	0.1793141705	0.1821771337	-0.1821771337	-0.1833460653	0.1833460653	-0.2146431942	0.2146431942	-0.2734395729	0.2734395729	0.2906405149	-0.2906405149	-0.3292141425	0.3292141425	-0.3956297036	0.3956297036	-0.4119373021	0.4119373021	0.6004218696	-0.6004218696	0.6009484716	-0.6009484716	-0.6090740909	0.6090740909	-0.6202829353	0.6202829353	-0.6587499124	0.6587499124	-0.6770360901	0.6770360901	-0.785534224	0.785534224	0.8042694019	-0.8042694019	0.815364548	-0.815364548	0.9395489189	-0.9395489189	-0.9594848306	0.9594848306	1.012585655	-1.012585655	-1.027597272	1.027597272	-1.12721126	1.12721126	-1.142831968	1.142831968	-1.154038642	1.154038642	-1.175963695	1.175963695	-1.189464353	1.189464353	1.304546005	-1.304546005	-1.309464249	1.309464249	1.340458239	-1.340458239	1.351588601	-1.351588601	-1.487358215	1.487358215	-1.501481554	1.501481554	1.503384769	-1.503384769	-1.566708015	1.566708015	1.634357958	-1.634357958	-1.74128178	1.74128178	1.768060741	-1.768060741	-1.804230103	1.804230103	-1.869869858	1.869869858	-1.874936475	1.874936475	-1.894275724	1.894275724	1.973582555	-1.973582555	-1.983040211	1.983040211	2.020281685	-2.020281685	2.049842716	-2.049842716	2.067694364	-2.067694364	-2.112149675	2.112149675	2.162492775	-2.162492775	-2.167712989	2.167712989	-2.176565418	2.176565418	-2.186663399	2.186663399	2.186976383	-2.186976383	2.198025813	-2.198025813	-2.267486807	2.267486807	-2.272079871	2.272079871	
-0.71	-0.01146055501	0.01146055501	-0.03692029813	0.03692029813	0.05838109174	-0.05838109174	-0.1034893912	0.1034893912	-0.1771651278	0.1771651278	-0.1828779524	0.1828779524	-0.1838287254	0.1838287254	-0.2157589166	0.2157589166	-0.2733573588	0.2733573588	0.2906958409	-0.2906958409	0.3294237564	-0.3294237564	-0.3957250489	0.3957250489	-0.4142060863	0.4142060863	0.6004403346	-0.6004403346	-0.6014307664	0.6014307664	0.6059992535	-0.6059992535	-0.6204212726	0.6204212726	-0.6602267076	0.6602267076	-0.6791803254	0.6791803254	-0.7888855242	0.7888855242	0.8043080676	-0.8043080676	-0.8150657932	0.8150657932	0.9399629487	-0.9399629487	0.953437734	-0.953437734	-1.012454859	1.012454859	-1.026620781	1.026620781	-1.123507451	1.123507451	-1.136163463	1.136163463	1.153921045	-1.153921045	1.175900997	-1.175900997	-1.186569101	1.186569101	-1.300961943	1.300961943	-1.309891874	1.309891874	1.340226654	-1.340226654	-1.351746854	1.351746854	-1.487372426	1.487372426	1.503318857	-1.503318857	1.505066793	-1.505066793	-1.573762891	1.573762891	-1.634375844	1.634375844	-1.741075411	1.741075411	-1.768427481	1.768427481	-1.811210228	1.811210228	-1.869873493	1.869873493	-1.874811402	1.874811402	-1.897490845	1.897490845	1.973584686	-1.973584686	-1.984703226	1.984703226	2.016920666	-2.016920666	2.050296054	-2.050296054	2.067530625	-2.067530625	2.112412729	-2.112412729	2.161700467	-2.161700467	-2.167561139	2.167561139	-2.176394771	2.176394771	2.186897611	-2.186897611	2.187051469	-2.187051469	-2.200956702	2.200956702	2.267423268	-2.267423268	2.272079183	-2.272079183	
-0.7	-0.01150936878	0.01150936878	-0.03689810762	0.03689810762	-0.05573657152	0.05573657152	0.1063812339	-0.1063812339	-0.1751400168	0.1751400168	-0.1835993712	0.1835993712	-0.1843240094	0.1843240094	-0.2168865368	0.2168865368	0.2732727803	-0.2732727803	0.2907520337	-0.2907520337	-0.3296432576	0.3296432576	-0.3958231567	0.3958231567	-0.4164348737	0.4164348737	-0.6001891876	0.6001891876	0.6021879287	-0.6021879287	-0.6029325167	0.6029325167	-0.6205592248	0.6205592248	-0.6616630859	0.6616630859	-0.6813799458	0.6813799458	-0.79223328	0.79223328	0.8043481223	-0.8043481223	-0.8147611932	0.8147611932	0.9403854529	-0.9403854529	-0.9474037142	0.9474037142	-1.012317786	1.012317786	-1.025593709	1.025593709	-1.119338541	1.119338541	1.12947505	-1.12947505	-1.153895258	1.153895258	-1.175870519	1.175870519	-1.184076422	1.184076422	1.297378281	-1.297378281	-1.310179523	1.310179523	1.339995324	-1.339995324	-1.351903067	1.351903067	1.487378268	-1.487378268	1.503247154	-1.503247154	1.508651639	-1.508651639	1.580855991	-1.580855991	1.634395872	-1.634395872	1.740868899	-1.740868899	-1.7687996	1.7687996	1.818238992	-1.818238992	-1.869872585	1.869872585	-1.874682625	1.874682625	-1.90074838	1.90074838	1.973586968	-1.973586968	-1.986357813	1.986357813	-2.01355719	2.01355719	2.05076021	-2.05076021	2.067364373	-2.067364373	2.112681479	-2.112681479	2.160899155	-2.160899155	-2.167421848	2.167421848	2.176221696	-2.176221696	2.187096712	-2.187096712	-2.187126418	2.187126418	-2.203926589	2.203926589	-2.267358911	2.267358911	2.272092306	-2.272092306	
-0.69	-0.01155832467	0.01155832467	0.03687492874	-0.03687492874	-0.05301741365	0.05301741365	0.1093892222	-0.1093892222	-0.1732443007	0.1732443007	0.1843405465	-0.1843405465	-0.18483135	0.18483135	-0.218024557	0.218024557	0.2731859232	-0.2731859232	-0.29080911	0.29080911	0.3298728602	-0.3298728602	-0.3959239557	0.3959239557	-0.4186296846	0.4186296846	-0.599874067	0.599874067	0.5999108206	-0.5999108206	-0.6029769674	0.6029769674	-0.6206966404	0.6206966404	-0.6630560855	0.6630560855	-0.683621505	0.683621505	-0.7955700742	0.7955700742	0.8043942127	-0.8043942127	-0.8144511572	0.8144511572	0.9408157126	-0.9408157126	-0.9413997816	0.9413997816	-1.012173803	1.012173803	-1.024510872	1.024510872	-1.11473838	1.11473838	-1.122790431	1.122790431	-1.153948513	1.153948513	1.175860567	-1.175860567	1.181967271	-1.181967271	-1.293795127	1.293795127	-1.310329315	1.310329315	1.339764334	-1.339764334	1.352057225	-1.352057225	-1.48737733	1.48737733	1.503169546	-1.503169546	-1.512235985	1.512235985	1.587980005	-1.587980005	1.634418891	-1.634418891	1.740662525	-1.740662525	1.769176823	-1.769176823	-1.825308795	1.825308795	-1.86986783	1.86986783	1.874550242	-1.874550242	-1.904042156	1.904042156	1.973589415	-1.973589415	-1.988003567	1.988003567	2.010191648	-2.010191648	-2.051234677	2.051234677	2.067195855	-2.067195855	-2.112955633	2.112955633	-2.16009225	2.16009225	-2.167296036	2.167296036	2.176046292	-2.176046292	2.18720113	-2.18720113	2.187279076	-2.187279076	-2.206915813	2.206915813	-2.267293839	2.267293839	2.272120484	-2.272120484	
-0.68	-0.01160739435	0.01160739435	-0.03685082055	0.03685082055	0.05023135704	-0.05023135704	0.1125036314	-0.1125036314	-0.1714834076	0.1714834076	-0.1851005962	0.1851005962	-0.1853502567	0.1853502567	-0.2191715258	0.2191715258	0.2730968834	-0.2730968834	-0.2908670856	0.2908670856	-0.3301127749	0.3301127749	-0.3960273722	0.3960273722	-0.4207964759	0.4207964759	-0.5968240948	0.5968240948	0.5996232653	-0.5996232653	-0.603779242	0.603779242	-0.6208333781	0.6208333781	-0.6644028147	0.6644028147	-0.6858907128	0.6858907128	-0.7988711429	0.7988711429	-0.8044675062	0.8044675062	0.8141360939	-0.8141360939	-0.9354438501	0.9354438501	-0.9412529518	0.9412529518	1.012021945	-1.012021945	-1.023365825	1.023365825	-1.10975131	1.10975131	-1.116129368	1.116129368	-1.154069691	1.154069691	-1.175864592	1.175864592	-1.180210726	1.180210726	1.29021258	-1.29021258	-1.310343498	1.310343498	-1.339533767	1.339533767	1.352209311	-1.352209311	1.487370805	-1.487370805	-1.503085883	1.503085883	-1.515819728	1.515819728	1.595127872	-1.595127872	1.634446386	-1.634446386	1.740456555	-1.740456555	-1.769558909	1.769558909	-1.832412001	1.832412001	-1.869860261	1.869860261	-1.874414349	1.874414349	-1.907365582	1.907365582	1.973592042	-1.973592042	-1.989639886	1.989639886	-2.006824781	2.006824781	-2.051718954	2.051718954	2.067025313	-2.067025313	-2.113234904	2.113234904	-2.159283619	2.159283619	-2.16718428	2.16718428	-2.175868654	2.175868654	2.187275512	-2.187275512	-2.187453945	2.187453945	2.209914112	-2.209914112	-2.267228159	2.267228159	-2.272164518	2.272164518	
-0.67	-0.01165654858	0.01165654858	0.0368258436	-0.0368258436	0.04738386702	-0.04738386702	0.1157167679	-0.1157167679	-0.1698627646	0.1698627646	-0.1858786026	0.1858786026	0.1858802583	-0.1858802583	0.2203260414	-0.2203260414	0.2730057681	-0.2730057681	0.290925975	-0.290925975	0.3303632103	-0.3303632103	-0.3961333297	0.3961333297	-0.4229410529	0.4229410529	-0.593782795	0.593782795	0.5993302051	-0.5993302051	0.6045904535	-0.6045904535	-0.620969307	0.620969307	-0.665700448	0.665700448	-0.6881724394	0.6881724394	0.8019900838	-0.8019900838	0.8047098	-0.8047098	-0.8138164103	0.8138164103	-0.9295550284	0.9295550284	0.9416963236	-0.9416963236	1.011860673	-1.011860673	-1.022150696	1.022150696	-1.104426479	1.104426479	-1.109510722	1.109510722	-1.154249463	1.154249463	1.17587865	-1.17587865	-1.178769535	1.178769535	1.286630739	-1.286630739	-1.310224433	1.310224433	1.339303705	-1.339303705	-1.352359312	1.352359312	-1.487359616	1.487359616	1.502996003	-1.502996003	1.519402774	-1.519402774	1.602291876	-1.602291876	-1.634481167	1.634481167	1.74025124	-1.74025124	1.76994565	-1.76994565	-1.839540481	1.839540481	-1.869851659	1.869851659	1.874275044	-1.874275044	-1.910711643	1.910711643	-1.973594868	1.973594868	-1.991265266	1.991265266	-2.003458394	2.003458394	2.052212543	-2.052212543	2.066852985	-2.066852985	-2.113519008	2.113519008	2.158477595	-2.158477595	-2.167086909	2.167086909	-2.175688873	2.175688873	2.18734948	-2.18734948	2.187626354	-2.187626354	-2.212915601	2.212915601	-2.267161982	2.267161982	-2.272224727	2.272224727	
-0.66	-0.01170575723	0.01170575723	-0.03680005944	0.03680005944	-0.04447886241	0.04447886241	0.1190222523	-0.1190222523	-0.1683877851	0.1683877851	0.1864208927	-0.1864208927	-0.1866736154	0.1866736154	-0.2214867541	0.2214867541	-0.2729126968	0.2729126968	-0.2909857917	0.2909857917	0.3306243746	-0.3306243746	-0.3962417492	0.3962417492	-0.4250689862	0.4250689862	-0.5907503676	0.5907503676	-0.5990330133	0.5990330133	0.6054086098	-0.6054086098	-0.621104306	0.621104306	-0.6669462227	0.6669462227	-0.6904507129	0.6904507129	-0.8037473513	0.8037473513	0.8062948201	-0.8062948201	0.8134925117	-0.8134925117	-0.9237539319	0.9237539319	-0.9421448915	0.9421448915	-1.011687387	1.011687387	-1.020856173	1.020856173	-1.098813125	1.098813125	-1.102954207	1.102954207	-1.154480188	1.154480188	-1.175900219	1.175900219	-1.177604922	1.177604922	1.283049696	-1.283049696	-1.309974573	1.309974573	1.339074229	-1.339074229	1.352507216	-1.352507216	1.487344484	-1.487344484	1.502899747	-1.502899747	-1.522985029	1.522985029	-1.609461608	1.609461608	-1.634529273	1.634529273	-1.740046816	1.740046816	1.770336881	-1.770336881	1.846684403	-1.846684403	-1.869845718	1.869845718	-1.874132429	1.874132429	-1.914072889	1.914072889	-1.973597915	1.973597915	-1.992873653	1.992873653	2.00009902	-2.00009902	2.052714962	-2.052714962	-2.066679105	2.066679105	2.113807664	-2.113807664	2.157678975	-2.157678975	-2.167004062	2.167004062	-2.175507037	2.175507037	-2.187422957	2.187422957	-2.187799212	2.187799212	2.215916628	-2.215916628	-2.267095422	2.267095422	-2.272300941	2.272300941	
-0.65	-0.01175498937	0.01175498937	-0.03677353021	0.03677353021	0.04151918937	-0.04151918937	-0.1224145491	0.1224145491	-0.1670638555	0.1670638555	-0.1869717071	0.1869717071	-0.1874846534	0.1874846534	-0.2226523682	0.2226523682	-0.2728178032	0.2728178032	-0.2910465474	0.2910465474	-0.3308964764	0.3308964764	-0.3963525489	0.3963525489	-0.4271855327	0.4271855327	-0.587727018	0.587727018	-0.5987324209	0.5987324209	0.6062323614	-0.6062323614	-0.6212382631	0.6212382631	-0.668137436	0.668137436	-0.6927087137	0.6927087137	-0.8039791108	0.8039791108	-0.8093791433	0.8093791433	0.8131648004	-0.8131648004	-0.9180630096	0.9180630096	-0.9425976054	0.9425976054	-1.011497355	1.011497355	-1.019471962	1.019471962	1.092957447	-1.092957447	-1.096481659	1.096481659	-1.154755716	1.154755716	-1.175927607	1.175927607	-1.176679908	1.176679908	-1.279469543	1.279469543	-1.309596446	1.309596446	-1.338845421	1.338845421	1.352653009	-1.352653009	-1.487325986	1.487325986	-1.502796968	1.502796968	-1.526566402	1.526566402	1.616617486	-1.616617486	-1.634606325	1.634606325	1.739843507	-1.739843507	1.770732477	-1.770732477	-1.853827894	1.853827894	-1.869852332	1.869852332	1.873986609	-1.873986609	-1.917441435	1.917441435	-1.973601209	1.973601209	-1.994404891	1.994404891	-1.996807488	1.996807488	-2.05322574	2.05322574	-2.066503902	2.066503902	-2.114100596	2.114100596	2.156893025	-2.156893025	-2.166935727	2.166935727	2.175323232	-2.175323232	-2.187495872	2.187495872	-2.187974266	2.187974266	-2.218914777	2.218914777	2.267028591	-2.267028591	2.272392506	-2.272392506	
-0.64	-0.01180421338	0.01180421338	-0.03674631831	0.03674631831	0.03850694404	-0.03850694405	0.1258886303	-0.1258886303	-0.165896335	0.165896335	-0.1875322603	0.1875322603	-0.1883107074	0.1883107074	-0.2238216425	0.2238216425	-0.2727212373	0.2727212373	-0.2911082524	0.2911082524	-0.3311797258	0.3311797258	0.3964656445	-0.3964656445	-0.4292955611	0.4292955611	-0.5847129578	0.5847129578	0.5984289202	-0.5984289202	0.6070606001	-0.6070606001	0.6213710747	-0.6213710747	-0.6692714436	0.6692714436	-0.6949287636	0.6949287636	0.8039549697	-0.8039549697	-0.8126842408	0.8126842408	-0.8128336752	0.8128336752	-0.9125068668	0.9125068668	-0.9430532671	0.9430532671	1.011281089	-1.011281089	-1.017988714	1.017988714	1.086900997	-1.086900997	-1.090118134	1.090118134	-1.155071165	1.155071165	-1.175959632	1.175959632	-1.175961143	1.175961143	-1.27589037	1.27589037	-1.309092638	1.309092638	-1.338617362	1.338617362	-1.352796682	1.352796682	-1.487304588	1.487304588	-1.502687541	1.502687541	1.530146805	-1.530146805	-1.623700328	1.623700328	-1.634767875	1.634767875	1.739641531	-1.739641531	-1.771132361	1.771132361	1.860924408	-1.860924408	-1.869912183	1.869912183	1.873837692	-1.873837692	-1.920808951	1.920808951	-1.973604779	1.973604779	-1.993201615	1.993201615	-1.996242051	1.996242051	2.053744432	-2.053744432	-2.066327597	2.066327597	2.11439753	-2.11439753	2.156125478	-2.156125478	-2.166881768	2.166881768	2.175137543	-2.175137543	2.187568161	-2.187568161	2.188152579	-2.188152579	-2.221908354	2.221908354	-2.266961599	2.266961599	2.27249833	-2.27249833	
-0.63	-0.01185339712	0.01185339712	-0.03544370206	0.03544370206	0.03671848605	-0.03671848605	-0.129439699	0.129439699	-0.1648905891	0.1648905891	0.1881021272	-0.1881021272	-0.1891507423	0.1891507423	-0.2249933912	0.2249933912	-0.2726231674	0.2726231674	-0.291170915	0.291170915	0.331474335	-0.331474335	-0.3965809488	0.3965809488	-0.4314034831	0.4314034831	0.5817084054	-0.5817084054	0.5981228965	-0.5981228965	-0.6078923302	0.6078923302	0.6215026455	-0.6215026455	-0.6703456575	0.6703456575	-0.6970923139	0.6970923139	0.8038400666	-0.8038400666	0.8124995313	-0.8124995313	0.8160341894	-0.8160341894	0.9071125543	-0.9071125543	0.9435104833	-0.9435104833	-1.011016946	1.011016946	-1.016404693	1.016404693	1.080680186	-1.080680186	-1.0838929	1.0838929	-1.15542273	1.15542273	-1.175419595	1.175419595	-1.175995439	1.175995439	1.272312264	-1.272312264	-1.308465776	1.308465776	-1.338390134	1.338390134	-1.352938224	1.352938224	1.487280674	-1.487280674	1.502571369	-1.502571369	-1.53372615	1.53372615	1.630332275	-1.630332275	-1.6353884	1.6353884	1.739441097	-1.739441097	-1.771536514	1.771536514	-1.867489973	1.867489973	-1.870503442	1.870503442	1.873685789	-1.873685789	-1.924166662	1.924166662	-1.973608663	1.973608663	-1.989880174	1.989880174	-1.997787492	1.997787492	-2.054270616	2.054270616	-2.066150411	2.066150411	-2.114698198	2.114698198	2.155382526	-2.155382526	-2.166841939	2.166841939	2.174950055	-2.174950055	-2.187639763	2.187639763	2.188334797	-2.188334797	2.224896111	-2.224896111	2.26689455	-2.26689455	2.272616931	-2.272616931	
-0.62	-0.01190250815	0.01190250815	-0.03233068832	0.03233068832	-0.03669009545	0.03669009545	-0.1330629072	0.1330629072	-0.1640520869	0.1640520869	0.1886809053	-0.1886809053	0.1900036985	-0.1900036985	-0.2261664834	0.2261664834	-0.2725237833	0.2725237833	0.2912345413	-0.2912345413	-0.3317805192	0.3317805192	0.3966983722	-0.3966983722	-0.4335131898	0.4335131898	-0.5787135861	0.5787135861	-0.5978146791	0.5978146791	-0.6087266192	0.6087266192	-0.6216328877	0.6216328877	-0.6713575458	0.6713575458	-0.6991799328	0.6991799328	0.8036495208	-0.8036495208	-0.8121627592	0.8121627592	-0.8194010974	0.8194010974	0.9019097724	-0.9019097724	0.9439675998	-0.9439675998	-1.010646766	1.010646766	-1.014749501	1.014749501	-1.074326486	1.074326486	-1.077840276	1.077840276	-1.155807503	1.155807503	-1.175030539	1.175030539	-1.176034392	1.176034392	-1.268735316	1.268735316	-1.307718515	1.307718515	-1.33816382	1.33816382	-1.353077625	1.353077625	-1.487254564	1.487254564	1.502448385	-1.502448385	-1.537304348	1.537304348	-1.63361119	1.63361119	-1.639366841	1.639366841	-1.739242417	1.739242417	1.771944985	-1.771944985	-1.869333311	1.869333311	-1.873531015	1.873531015	-1.875811586	1.875811586	-1.92750535	1.92750535	-1.973612906	1.973612906	-1.986509269	1.986509269	-1.999376512	1.999376512	-2.054803904	2.054803904	-2.065972557	2.065972557	-2.115002335	2.115002335	2.154670809	-2.154670809	-2.166815903	2.166815903	2.174760852	-2.174760852	2.187710625	-2.187710625	2.188521286	-2.188521286	-2.227877085	2.227877085	-2.266827541	2.266827541	-2.272746517	2.272746517	
-0.61	-0.01195151398	0.01195151398	0.02916890711	-0.02916890711	-0.03666120798	0.03666120798	0.1367529809	-0.1367529809	-0.1633866281	0.1633866281	0.1892682233	-0.1892682233	-0.1908684946	0.1908684946	0.2273398423	-0.2273398423	-0.2724232991	0.2724232991	0.2912991346	-0.2912991346	0.3320984968	-0.3320984968	-0.3968178223	0.3968178223	-0.4356279922	0.4356279922	0.5757287328	-0.5757287328	0.5975045663	-0.5975045663	0.6095625755	-0.6095625755	0.6217617208	-0.6217617208	-0.6723046321	0.6723046321	-0.7011712987	0.7011712987	0.8033766811	-0.8033766811	-0.8118237446	0.8118237446	-0.8227768796	0.8227768796	-0.8969309118	0.8969309118	-0.9444226058	0.9444226058	-1.009993242	1.009993242	-1.01316647	1.01316647	-1.067866969	1.067866969	-1.072000063	1.072000063	-1.156223336	1.156223336	-1.174773167	1.174773167	-1.176075999	1.176075999	-1.265159614	1.265159614	-1.306853523	1.306853523	1.337938504	-1.337938504	-1.353214878	1.353214878	-1.48722653	1.48722653	1.502318553	-1.502318553	-1.540881312	1.540881312	-1.634091424	1.634091424	-1.646145774	1.646145774	-1.739045703	1.739045703	-1.772357903	1.772357903	-1.869446254	1.869446254	-1.873373489	1.873373489	1.882838923	-1.882838923	-1.930815357	1.930815357	-1.973617563	1.973617563	-1.983128346	1.983128346	-2.000971384	2.000971384	2.055343945	-2.055343945	2.065794245	-2.065794245	-2.11530968	2.11530968	2.153997401	-2.153997401	-2.16680324	2.16680324	-2.174570017	2.174570017	2.187780697	-2.187780697	2.188712223	-2.188712223	2.2308505	-2.2308505	2.266760664	-2.266760664	2.272885072	-2.272885072	
-0.6	-0.01200038236	0.01200038236	0.02595924427	-0.02595924427	-0.03663188444	0.03663188444	0.1405035888	-0.1405035888	-0.162900854	0.162900854	0.1898637544	-0.1898637544	-0.1917440289	0.1917440289	-0.2285124445	0.2285124445	-0.2723219574	0.2723219574	0.2913646956	-0.2913646956	0.3324284902	-0.3324284902	-0.3969392039	0.3969392039	-0.4377505665	0.4377505665	0.5727540869	-0.5727540869	-0.5971928362	0.5971928362	0.6103993384	-0.6103993384	0.6218890707	-0.6218890708	-0.6731844963	0.6731844963	-0.7030452045	0.7030452045	0.8030083458	-0.8030083458	-0.8114828676	0.8114828676	-0.8261583128	0.8261583128	-0.8922108208	0.8922108208	0.9448729948	-0.9448729948	-1.008666848	1.008666848	-1.01200632	1.01200632	-1.061324976	1.061324976	-1.066417157	1.066417157	-1.156668722	1.156668722	1.174630063	-1.174630063	1.176119875	-1.176119875	-1.261585248	1.261585248	-1.305873471	1.305873471	1.337714269	-1.337714269	1.353349974	-1.353349974	-1.487196802	1.487196802	1.502181873	-1.502181873	1.544456953	-1.544456953	-1.634233678	1.634233678	1.653261485	-1.653261485	1.738851178	-1.738851178	-1.772775501	1.772775501	-1.869447147	1.869447147	1.873213334	-1.873213334	1.889961114	-1.889961114	1.9340866	-1.9340866	-1.973622702	1.973622702	-1.97974269	1.97974269	-2.002568906	2.002568906	2.05589043	-2.05589043	2.06561568	-2.06561568	-2.115619977	2.115619977	2.153369789	-2.153369789	2.166803457	-2.166803457	2.174377635	-2.174377635	2.187849931	-2.187849931	2.188907645	-2.188907645	2.23381571	-2.23381571	-2.266694	2.266694	-2.273030453	2.273030453	
-0.59	-0.01204908172	0.01204908172	-0.0227025486	0.0227025486	0.03660218485	-0.03660218485	0.1443060531	-0.1443060531	-0.1626034298	0.1626034298	0.1904672339	-0.1904672339	-0.1926291811	0.1926291811	-0.2296833182	0.2296833182	0.2722200343	-0.2722200343	0.2914312213	-0.2914312213	0.3327707259	-0.3327707259	-0.3970624194	0.3970624194	-0.4398829034	0.4398829034	0.5697898984	-0.5697898984	0.596879754	-0.596879754	0.611236073	-0.611236073	0.6220148701	-0.6220148701	-0.6739947751	0.6739947751	-0.7047795836	0.7047795836	0.8025286293	-0.8025286293	-0.8111405029	0.8111405029	0.8295438257	-0.8295438257	0.8877861604	-0.8877861604	0.9453155551	-0.9453155551	-1.006523984	1.006523984	1.011371084	-1.011371084	1.054720785	-1.054720785	1.061139741	-1.061139741	-1.157142703	1.157142703	1.174586657	-1.174586657	1.176165711	-1.176165711	1.25801231	-1.25801231	-1.304781018	1.304781018	-1.337491201	1.337491201	1.353482906	-1.353482906	-1.487165581	1.487165581	1.50203838	-1.50203838	1.548031179	-1.548031179	1.634305807	-1.634305807	-1.660443105	1.660443105	1.738659088	-1.738659088	1.773198141	-1.773198141	-1.86941994	1.86941994	1.873050677	-1.873050677	-1.897087996	1.897087996	-1.937308583	1.937308583	-1.973628409	1.973628409	-1.976353874	1.976353874	-2.00417002	2.00417002	2.056443097	-2.056443097	-2.065437064	2.065437064	2.115932973	-2.115932973	2.152795839	-2.152795839	-2.166815997	2.166815997	2.17418379	-2.17418379	-2.187918285	2.187918285	-2.189107482	2.189107482	-2.236772155	2.236772155	-2.266627625	2.266627625	-2.273180492	2.273180492	
-0.58	-0.01209758167	0.01209758167	0.01939969737	-0.01939969737	0.03657216837	-0.03657216837	-0.1481462498	0.1481462498	-0.1625080477	0.1625080477	-0.1910784872	0.1910784872	0.1935228141	-0.1935228141	0.2308515414	-0.2308515414	-0.2721178449	0.2721178449	0.2914987047	-0.2914987047	-0.3331254351	0.3331254351	-0.3971873684	0.3971873684	-0.4420262593	0.4420262593	0.5668364267	-0.5668364267	0.5965655757	-0.5965655757	0.6120719668	-0.6120719668	-0.6221390575	0.6221390575	-0.6747331635	0.6747331635	-0.7063515735	0.7063515735	0.8019210957	-0.8019210957	-0.8107970186	0.8107970186	0.8329325298	-0.8329325298	0.8836942018	-0.8836942018	0.9457460473	-0.9457460473	-1.003796261	1.003796261	1.010988962	-1.010988962	-1.048072224	1.048072224	-1.056215494	1.056215494	-1.157644786	1.157644786	1.174630725	-1.174630725	-1.176213249	1.176213249	-1.254440896	1.254440896	-1.303578807	1.303578807	1.337269386	-1.337269386	1.353613668	-1.353613668	1.487133041	-1.487133041	1.501888143	-1.501888143	1.5516039	-1.5516039	-1.634352759	1.634352759	1.667642583	-1.667642583	1.738469719	-1.738469719	1.77362635	-1.77362635	1.869380256	-1.869380256	-1.872885647	1.872885647	-1.904197407	1.904197407	-1.940470431	1.940470431	-1.972962581	1.972962581	1.973634793	-1.973634793	-2.005777072	2.005777072	2.057001731	-2.057001731	-2.065258599	2.065258599	2.116248419	-2.116248419	2.152283758	-2.152283758	-2.166840243	2.166840243	2.173988569	-2.173988569	2.187985721	-2.187985721	2.189311574	-2.189311574	2.239719335	-2.239719335	2.266561608	-2.266561608	2.273333094	-2.273333094	
-0.57	-0.01214585391	0.01214585391	-0.01605164862	0.01605164862	0.0365418934	-0.0365418934	0.1519957275	-0.1519957275	-0.1626422089	0.1626422089	-0.1916974722	0.1916974722	-0.1944237759	0.1944237759	-0.2320162399	0.2320162399	-0.2720157505	0.2720157505	0.2915671345	-0.2915671345	0.3334928535	-0.3334928535	-0.397313948	0.397313948	-0.4441811115	0.4441811115	-0.5638939415	0.5638939415	-0.5962505509	0.5962505509	0.6129062286	-0.6129062286	-0.6222615775	0.6222615775	-0.6753974172	0.6753974172	-0.707737638	0.707737638	-0.8011708759	0.8011708759	-0.8104527766	0.8104527766	0.8363238564	-0.8363238564	-0.8799709645	0.8799709645	-0.9461586913	0.9461586913	-1.000610166	1.000610166	-1.010701015	1.010701015	-1.041395223	1.041395223	-1.051685783	1.051685783	-1.15817488	1.15817488	-1.174751965	1.174751965	-1.176262274	1.176262274	-1.250871102	1.250871102	-1.302269452	1.302269452	1.337048911	-1.337048911	1.353742252	-1.353742252	1.487099339	-1.487099339	-1.501731267	1.501731267	-1.55517502	1.55517502	1.634387944	-1.634387944	1.674843223	-1.674843223	1.738283419	-1.738283419	-1.774060877	1.774060877	-1.86933319	1.86933319	-1.87271838	1.87271838	-1.91127726	1.91127726	-1.943560927	1.943560927	-1.969569191	1.969569191	-1.973641994	1.973641994	-2.007393338	2.007393338	2.057566163	-2.057566163	2.065080484	-2.065080484	2.116566067	-2.116566067	2.151842043	-2.151842043	2.166875529	-2.166875529	-2.17379206	2.17379206	-2.188052201	2.188052201	2.189519688	-2.189519688	2.242656793	-2.242656793	2.266496011	-2.266496011	2.27348632	-2.27348632	
-0.56	0.01219387361	-0.01219387361	-0.01265948308	0.01265948308	-0.03651141763	0.03651141763	0.1557804632	-0.1557804632	-0.1630783553	0.1630783553	0.1923243471	-0.1923243471	-0.1953309014	0.1953309014	0.2331765847	-0.2331765847	-0.2719141677	0.2719141677	0.291636494	-0.291636494	0.3338732217	-0.3338732217	0.3974420527	-0.3974420527	0.446347113	-0.446347113	0.5609627229	-0.5609627229	0.595934924	-0.595934924	0.6137380871	-0.6137380871	0.6223823808	-0.6223823808	-0.6759853542	0.6759853542	-0.708913781	0.708913781	0.8002671193	-0.8002671193	-0.8101081319	0.8101081319	0.8397173981	-0.8397173981	0.8766487107	-0.8766487107	0.9465453237	-0.9465453237	-0.9970041569	0.9970041569	-1.010451697	1.010451697	1.034704281	-1.034704281	-1.047578892	1.047578892	-1.158733231	1.158733231	1.174941641	-1.174941641	-1.176312602	1.176312602	1.247303028	-1.247303028	1.300855531	-1.300855531	1.336829864	-1.336829864	1.353868653	-1.353868653	1.487064612	-1.487064612	1.501567888	-1.501567888	1.55874444	-1.55874444	1.634416716	-1.634416716	1.682036051	-1.682036051	-1.738100657	1.738100657	-1.774502768	1.774502768	-1.869280966	1.869280966	1.872549014	-1.872549014	-1.918317728	1.918317728	1.946568559	-1.946568559	-1.966173961	1.966173961	1.973650196	-1.973650196	-2.009022982	2.009022982	2.058136269	-2.058136269	-2.064902925	2.064902925	2.116885675	-2.116885675	2.151479423	-2.151479423	-2.166921143	2.166921143	2.173594351	-2.173594351	-2.188117692	2.188117692	2.189731522	-2.189731522	2.245584099	-2.245584099	2.266430889	-2.266430889	2.273638457	-2.273638457	
-0.55	0.009224437677	-0.009224437677	-0.01224162218	0.01224162218	-0.03648079834	0.03648079834	0.1592527999	-0.1592527999	0.1640617833	-0.1640617833	0.1929595839	-0.1929595839	0.1962430136	-0.1962430136	0.2343317894	-0.2343317894	-0.2718135792	0.2718135792	-0.2917067608	0.2917067608	0.3342667852	-0.3342667852	0.3975715744	-0.3975715744	0.448523049	-0.448523049	0.5580430625	-0.5580430625	0.5956189359	-0.5956189359	0.6145667897	-0.6145667897	0.6225014241	-0.6225014241	0.6764948584	-0.6764948584	0.7098558916	-0.7098558916	0.799205645	-0.799205645	-0.8097634321	0.8097634321	0.8431128285	-0.8431128285	0.8737530143	-0.8737530143	0.9468939586	-0.9468939587	0.9930045286	-0.9930045286	1.01021994	-1.01021994	1.028012886	-1.028012886	-1.043904523	1.043904523	-1.159320373	1.159320373	1.175192301	-1.175192301	1.176364072	-1.176364072	1.24373678	-1.24373678	1.299339583	-1.299339583	1.336612334	-1.336612334	1.353992866	-1.353992866	1.487028985	-1.487028985	1.501398176	-1.501398176	1.56231206	-1.56231206	1.634441621	-1.634441621	1.689214354	-1.689214354	1.737922107	-1.737922107	1.774953474	-1.774953474	-1.869224763	1.869224763	1.872377692	-1.872377692	1.925309211	-1.925309211	-1.949481583	1.949481583	1.962777097	-1.962777097	-1.973659646	1.973659646	-2.010671176	2.010671176	2.058711956	-2.058711956	-2.064726135	2.064726135	2.117207	-2.117207	2.151204771	-2.151204771	-2.166976336	2.166976336	2.173395532	-2.173395532	-2.188182163	2.188182163	2.189946707	-2.189946707	2.248500845	-2.248500845	-2.266366294	2.266366294	-2.273788061	2.273788061	
-0.54	0.005747934086	-0.005747934086	-0.01228909311	0.01228909311	0.03645009284	-0.03645009284	-0.1617636239	0.1617636239	0.1662382394	-0.1662382394	0.1936041667	-0.1936041667	0.1971589262	-0.1971589262	0.2354811078	-0.2354811078	0.2717145478	-0.2717145478	0.2917779054	-0.2917779054	0.3346737947	-0.3346737947	-0.3977024026	0.3977024026	0.4507067924	-0.4507067924	0.5551352643	-0.5551352643	0.5953028246	-0.5953028246	0.6153916017	-0.6153916017	0.6226186714	-0.6226186714	0.6769238826	-0.6769238826	0.7105402703	-0.7105402703	0.7979913325	-0.7979913325	0.8094190178	-0.8094190178	0.8465098511	-0.8465098511	0.8712998609	-0.8712998609	0.9471862264	-0.9471862264	-0.9886525105	0.9886525105	1.009996452	-1.009996452	1.021333889	-1.021333889	1.040651984	-1.040651984	1.159937079	-1.159937079	1.175497546	-1.175497546	1.176416541	-1.176416541	1.240172468	-1.240172468	1.297724098	-1.297724098	1.336396411	-1.336396411	1.354114887	-1.354114887	1.486992572	-1.486992572	1.50122233	-1.50122233	1.565877774	-1.565877774	-1.634464018	1.634464018	1.696371686	-1.696371686	-1.737748839	1.737748839	1.775415024	-1.775415024	-1.869165297	1.869165297	1.872204562	-1.872204562	1.93224149	-1.93224149	1.952288098	-1.952288098	1.959378783	-1.959378783	-1.973670677	1.973670677	-2.012344309	2.012344309	2.059293141	-2.059293141	-2.064550351	2.064550351	2.117529801	-2.117529801	2.151027023	-2.151027023	-2.167040325	2.167040325	-2.173195696	2.173195696	2.188245585	-2.188245585	2.190164817	-2.190164817	2.251406632	-2.251406632	-2.266302275	2.266302275	-2.273933976	2.273933976	
-0.53	0.00223160878	-0.002231608781	-0.01233630615	0.01233630615	0.03641935925	-0.03641935925	-0.1632574938	0.1632574938	0.1696584002	-0.1696584002	-0.1942599608	0.1942599608	0.1980774447	-0.1980774447	0.2366238306	-0.2366238306	0.2716177336	-0.2716177336	0.291849891	-0.291849891	0.3350945054	-0.3350945054	0.3978344244	-0.3978344244	-0.452895258	0.452895258	0.5522396453	-0.5522396453	0.5949868259	-0.5949868259	-0.6162118036	0.6162118036	0.6227340946	-0.6227340946	-0.6772704519	0.6772704519	-0.7109443834	0.7109443834	0.79663961	-0.79663961	0.8090752216	-0.8090752216	0.8499081512	-0.8499081512	0.8692933949	-0.8692933949	0.9473926121	-0.9473926121	-0.9840133984	0.9840133984	1.009776596	-1.009776596	1.014679853	-1.014679853	-1.037792939	1.037792939	-1.160584309	1.160584309	1.175851859	-1.175851859	1.176469881	-1.176469881	1.236610208	-1.236610208	1.296011518	-1.296011518	1.336182184	-1.336182184	1.35423471	-1.35423471	-1.486955476	1.486955476	1.501040578	-1.501040578	1.569441471	-1.569441471	1.634484697	-1.634484697	1.703500565	-1.703500565	1.737582741	-1.737582741	-1.775890273	1.775890273	-1.869103062	1.869103062	-1.872029776	1.872029776	-1.939103127	1.939103127	-1.954976121	1.954976121	-1.955979232	1.955979232	1.973683758	-1.973683758	-2.014050298	2.014050298	2.059879717	-2.059879717	2.064375853	-2.064375853	2.117853837	-2.117853837	2.150955061	-2.150955061	2.1671123	-2.1671123	2.172994938	-2.172994938	2.18830793	-2.18830793	2.190385362	-2.190385362	2.254301066	-2.254301066	2.266238876	-2.266238876	-2.274075335	2.274075335	
-0.52	0.001322634879	-0.001322634879	-0.01238334905	0.01238334905	0.03638865784	-0.03638865784	0.1644713723	-0.1644713723	0.1735783843	-0.1735783843	0.1949304478	-0.1949304478	0.1989973691	-0.1989973691	0.2377592822	-0.2377592822	0.2715239169	-0.2715239169	0.2919226717	-0.2919226717	0.3355291772	-0.3355291772	0.3979675245	-0.3979675245	0.4550843546	-0.4550843546	0.5493565362	-0.5493565362	0.5946711738	-0.5946711738	0.6170266887	-0.6170266887	0.6228476765	-0.6228476765	0.6775326681	-0.6775326681	0.7110478828	-0.7110478828	0.7951764521	-0.7951764521	0.8087323681	-0.8087323681	0.8533073106	-0.8533073106	0.8677248963	-0.8677248963	0.9474632511	-0.9474632511	0.9791823019	-0.9791823019	-1.008063396	1.008063396	1.00955784	-1.00955784	-1.03528743	1.03528743	-1.161263174	1.161263174	1.176250469	-1.176250469	1.176523973	-1.176523973	1.233050122	-1.233050122	1.294204227	-1.294204227	1.335969746	-1.335969746	1.354352331	-1.354352331	1.486917793	-1.486917793	1.500853173	-1.500853173	1.573003036	-1.573003036	-1.634504144	1.634504144	1.710590698	-1.710590698	1.737427609	-1.737427609	1.776383306	-1.776383306	1.869038424	-1.869038424	1.87185349	-1.87185349	-1.945880653	1.945880653	1.952578968	-1.952578968	-1.957533657	1.957533657	1.973699559	-1.973699559	-2.015798986	2.015798986	2.060471479	-2.060471479	2.064203022	-2.064203022	2.118178863	-2.118178863	2.150997596	-2.150997596	-2.167191428	2.167191428	2.172793355	-2.172793355	2.188369173	-2.188369173	2.190607796	-2.190607796	2.257183757	-2.257183757	-2.266176137	2.266176137	2.274211533	-2.274211533	
-0.51	0.004912459136	-0.004912459136	-0.01243053859	0.01243053859	-0.03635805333	0.03635805333	-0.1657222263	0.1657222263	0.1776705325	-0.1776705325	-0.1956223249	0.1956223249	0.1999174951	-0.1999174951	0.2388868181	-0.2388868181	-0.2714340266	0.2714340266	-0.2919961923	0.2919961923	0.3359780743	-0.3359780743	0.3981015853	-0.3981015853	-0.4572689344	0.4572689344	0.5464862828	-0.5464862828	-0.5943561013	0.5943561013	0.6178355578	-0.6178355578	0.6229594155	-0.6229594156	-0.6777087139	0.6777087139	-0.7108338853	0.7108338853	0.7936366326	-0.7936366326	-0.8083907736	0.8083907736	0.8567065583	-0.8567065583	-0.8665733666	0.8665733666	0.9473098104	-0.9473098104	-0.9742965357	0.9742965357	-1.001497541	1.001497541	1.009338705	-1.009338705	-1.03309066	1.03309066	-1.161974881	1.161974881	-1.176578711	1.176578711	-1.176689244	1.176689244	1.22949234	-1.22949234	-1.292304556	1.292304556	-1.335759188	1.335759188	1.354467748	-1.354467748	1.486879613	-1.486879613	-1.500660392	1.500660392	1.576562347	-1.576562347	1.634522672	-1.634522672	-1.717624756	1.717624756	1.737292578	-1.737292578	1.776900098	-1.776900098	-1.868971677	1.868971677	-1.871675867	1.871675867	1.949174083	-1.949174083	1.952562721	-1.952562721	1.959948744	-1.959948744	1.973719071	-1.973719071	-2.017602679	2.017602679	-2.061067968	2.061067968	-2.064032473	2.064032473	2.118504637	-2.118504637	2.151163025	-2.151163025	-2.16727686	2.16727686	2.172591046	-2.172591046	2.188429292	-2.188429292	2.190831508	-2.190831508	2.260054309	-2.260054309	2.2661141	-2.2661141	-2.274342201	2.274342201	
-0.5	0.008534042651	-0.008534042651	-0.01247946544	0.01247946544	0.03632761912	-0.03632761913	-0.1670980244	0.1670980244	0.1818285004	-0.1818285004	0.1963493907	-0.1963493907	-0.2008366167	0.2008366167	0.2400058213	-0.2400058213	0.2713491785	-0.2713491785	0.292070386	-0.292070386	0.3364414648	-0.3364414648	-0.398236487	0.398236487	-0.4594427388	0.4594427388	0.5436292467	-0.5436292467	0.5940418401	-0.5940418401	0.6186377087	-0.6186377087	0.6230693349	-0.6230693349	-0.6777968574	0.6777968574	0.7102904467	-0.7102904467	0.7920604638	-0.7920604638	-0.808050746	0.808050746	0.8601035714	-0.8601035714	0.8658083273	-0.8658083273	0.9467717763	-0.9467717763	0.969564329	-0.969564329	0.9949961061	-0.9949961061	-1.00911829	1.00911829	-1.031158479	1.031158479	-1.162720699	1.162720699	-1.176633992	1.176633992	1.17716462	-1.17716462	1.225937003	-1.225937003	-1.290314775	1.290314775	1.335550602	-1.335550602	1.354580956	-1.354580956	-1.486841018	1.486841018	1.500462533	-1.500462533	-1.580119277	1.580119277	1.634540492	-1.634540492	1.724562492	-1.724562492	-1.73720681	1.73720681	-1.777449618	1.777449618	-1.86890307	1.86890307	-1.871497072	1.871497072	-1.94577282	1.94577282	-1.959122801	1.959122801	-1.962209424	1.962209424	-1.973743812	1.973743812	-2.01947682	2.01947682	2.061668016	-2.061668016	-2.063865478	2.063865478	-2.11883091	2.11883091	2.151459279	-2.151459279	-2.167367734	2.167367734	2.172388113	-2.172388113	2.188488265	-2.188488265	2.191055832	-2.191055832	-2.262912323	2.262912323	2.2660528	-2.2660528	2.274467164	-2.274467164	
-0.49	0.01212558563	-0.01212558563	-0.01258948359	0.01258948359	-0.03629744563	0.03629744563	-0.1686277171	0.1686277171	0.1859863935	-0.1859863935	0.1971433964	-0.1971433964	-0.2017535284	0.2017535284	-0.2411156992	0.2411156992	-0.271270725	0.271270725	-0.292145174	0.292145174	-0.3369196199	0.3369196199	-0.3983721076	0.3983721076	-0.4615983414	0.4615983414	-0.5407858067	0.5407858067	-0.5937286213	0.5937286213	-0.6194324164	0.6194324164	-0.6231775025	0.6231775025	-0.6777954569	0.6777954569	-0.7094120807	0.7094120807	-0.7904896838	0.7904896838	-0.8077125841	0.8077125841	-0.8634798968	0.8634798968	-0.8654067311	0.8654067311	-0.9455716766	0.9455716766	-0.9653064529	0.9653064529	-0.988574143	0.988574143	-1.008896027	1.008896027	-1.029450777	1.029450777	-1.163501902	1.163501902	-1.176689723	1.176689723	-1.177673547	1.177673547	-1.222384263	1.222384263	-1.288237096	1.288237096	-1.335344081	1.335344081	-1.354691953	1.354691953	1.486802088	-1.486802088	1.500259915	-1.500259915	-1.583673689	1.583673689	-1.634557748	1.634557748	-1.731226397	1.731226397	-1.737331831	1.737331831	1.778045802	-1.778045802	-1.868832818	1.868832818	-1.87131728	1.87131728	-1.942369583	1.942369583	-1.964303546	1.964303546	-1.965544319	1.965544319	1.973776212	-1.973776212	-2.021440809	2.021440809	-2.062267945	2.062267945	-2.063705746	2.063705746	2.119157432	-2.119157432	-2.151893671	2.151893671	-2.167463182	2.167463182	2.172184662	-2.172184662	-2.188546071	2.188546071	-2.191280037	2.191280037	-2.26575739	2.26575739	-2.265992275	2.265992275	-2.274586397	2.274586398	
-0.48	0.01255327328	-0.01255327328	-0.01589173454	0.01589173454	-0.03626765765	0.03626765765	-0.1703223067	0.1703223067	0.1900420248	-0.1900420248	0.1980896723	-0.1980896723	0.202667027	-0.202667027	0.2422158803	-0.2422158803	-0.2712003221	0.2712003221	0.2922204635	-0.2922204635	0.3374128133	-0.3374128133	0.3985083232	-0.3985083232	-0.463727088	0.463727088	0.5379563597	-0.5379563597	0.5934166755	-0.5934166755	0.6202188862	-0.6202188863	0.6232840765	-0.6232840765	-0.6777029658	0.6777029658	-0.7082010999	0.7082010999	0.7889633411	-0.7889633411	0.8073765777	-0.8073765777	-0.8651872825	0.8651872825	0.8669690485	-0.8669690485	0.9433369987	-0.9433369987	-0.9619329332	0.9619329332	-0.9822484644	0.9822484644	1.008671562	-1.008671562	-1.027932986	1.027932986	-1.16431972	1.16431972	-1.176745811	1.176745811	1.178213458	-1.178213458	-1.218834286	1.218834286	-1.286073669	1.286073669	-1.335139718	1.335139718	1.354800735	-1.354800735	-1.486762895	1.486762895	1.500052872	-1.500052872	1.587225439	-1.587225439	-1.634574541	1.634574541	1.735631375	-1.735631375	-1.739628182	1.739628182	-1.778711179	1.778711179	-1.868761117	1.868761117	1.871136668	-1.871136668	-1.938965681	1.938965681	-1.966218233	1.966218233	-1.971798976	1.971798976	1.973820341	-1.973820341	-2.023518925	2.023518925	2.062848707	-2.062848707	-2.063572246	2.063572246	-2.119483948	2.119483948	2.152472726	-2.152472726	-2.167562329	2.167562329	2.171980799	-2.171980799	2.188602693	-2.188602693	2.191503335	-2.191503335	2.265932558	-2.265932558	2.26858909	-2.26858909	-2.274699994	2.274699994	
-0.47	0.01260163519	-0.01260163519	-0.01959875309	0.01959875309	-0.03623845585	0.03623845585	-0.1721859583	0.1721859583	-0.1937205261	0.1937205261	-0.199452336	0.199452336	-0.2035759144	0.2035759144	-0.2433058113	0.2433058113	-0.2711400198	0.2711400198	-0.292296146	0.292296146	-0.3379213202	0.3379213202	-0.398645008	0.398645008	-0.4658190351	0.4658190351	-0.5351413222	0.5351413222	-0.5931062327	0.5931062327	-0.6209961326	0.6209961326	-0.6233894263	0.6233894263	-0.6775179382	0.6775179382	-0.7066685255	0.7066685255	-0.7875144326	0.7875144326	-0.8070430065	0.8070430065	-0.8653240334	0.8653240334	-0.8703448822	0.8703448822	-0.9398423072	0.9398423072	-0.9597007874	0.9597007874	-0.9760382816	0.9760382816	-1.008444676	1.008444676	-1.026576298	1.026576298	-1.165175282	1.165175282	-1.176802172	1.176802172	-1.178782254	1.178782254	-1.215287256	1.215287256	-1.283826587	1.283826587	-1.334937607	1.334937607	-1.3549073	1.3549073	1.486723511	-1.486723511	1.499841752	-1.499841752	-1.590774374	1.590774374	-1.634590942	1.634590942	-1.736138878	1.736138878	-1.745694233	1.745694233	-1.779483912	1.779483912	-1.868688144	1.868688144	-1.870955423	1.870955423	1.935561379	-1.935561379	-1.967938594	1.967938594	-1.973883377	1.973883377	-1.97785381	1.97785381	-2.025741185	2.025741185	2.063205476	-2.063205476	-2.063669591	2.063669591	-2.119810203	2.119810203	-2.153202026	2.153202026	-2.167664301	2.167664301	2.171776635	-2.171776635	-2.188658114	2.188658114	2.191724878	-2.191724878	-2.265873685	2.265873685	-2.27140699	2.27140699	-2.274808124	2.274808124	
-0.46	-0.01264635777	0.01264635777	-0.02333154768	0.02333154768	-0.0362102313	0.0362102313	-0.1742197046	0.1742197046	0.1964018947	-0.1964018947	0.2018429395	-0.2018429395	0.2044789997	-0.2044789997	0.2443849537	-0.2443849537	-0.2710923867	0.2710923867	-0.292372096	0.292372096	-0.338445416	0.338445416	0.3987820342	-0.3987820342	-0.467862889	0.467862889	0.5323411319	-0.5323411319	-0.5927975226	0.5927975226	0.6217625858	-0.6217625858	0.6234945245	-0.6234945245	-0.6772390336	0.6772390336	-0.7048343563	0.7048343563	0.7861677738	-0.7861677738	0.8067121405	-0.8067121405	-0.8656252035	0.8656252035	-0.8737439974	0.8737439974	0.9352494423	-0.9352494423	-0.958474343	0.958474343	-0.9699659897	0.9699659897	-1.008215246	1.008215246	-1.025357197	1.025357197	-1.166069544	1.166069544	1.176858721	-1.176858721	1.179378311	-1.179378311	1.211743384	-1.211743384	-1.28149788	1.28149788	1.334737841	-1.334737841	1.355011647	-1.355011647	-1.486684002	1.486684002	1.499626917	-1.499626917	-1.594320331	1.594320331	1.634607003	-1.634607003	1.736111887	-1.736111887	-1.75209709	1.75209709	1.780431885	-1.780431885	-1.868614066	1.868614066	-1.870773739	1.870773739	-1.932156884	1.932156884	-1.969444944	1.969444944	1.973978569	-1.973978569	-1.983669758	1.983669758	-2.028143786	2.028143786	2.063129857	-2.063129857	2.064205799	-2.064205799	-2.120135937	2.120135937	2.154086063	-2.154086063	-2.167768229	2.167768229	2.171572286	-2.171572286	2.188712319	-2.188712319	2.191943758	-2.191943758	2.265815686	-2.265815686	-2.27421064	2.27421064	-2.274911015	2.274911015	
-0.45	-0.01268975188	0.01268975188	0.02708373858	-0.02708373858	-0.03618396744	0.03618396745	-0.1764229071	0.1764229071	-0.1979395946	0.1979395946	-0.2053751017	0.2053751017	-0.2054002564	0.2054002564	-0.245452781	0.245452781	-0.2710606835	0.2710606835	-0.2924481686	0.2924481686	0.3389853751	-0.3389853751	-0.3989192728	0.3989192728	-0.4698459497	0.4698459497	0.529556249	-0.529556249	0.5924907747	-0.5924907747	0.6225143288	-0.6225143288	-0.6236027087	0.6236027087	-0.6768650225	0.6768650225	-0.7027271095	0.7027271095	-0.7849392367	0.7849392367	-0.8063842386	0.8063842386	-0.8660527766	0.8660527766	-0.8771465385	0.8771465385	-0.9299172296	0.9299172296	0.9579163082	-0.9579163082	-0.964058125	0.964058125	-1.007983218	1.007983218	-1.024256705	1.024256705	-1.167003208	1.167003208	-1.176915379	1.176915379	1.180000498	-1.180000498	1.208202915	-1.208202915	-1.279089523	1.279089523	1.334540513	-1.334540513	1.355113772	-1.355113772	1.486644432	-1.486644432	1.499408736	-1.499408736	1.597863134	-1.597863134	1.63462276	-1.63462276	-1.736007758	1.736007758	-1.758251858	1.758251858	1.781680577	-1.781680577	-1.868539035	1.868539035	-1.87059182	1.87059182	-1.928752401	1.928752401	-1.970707746	1.970707746	-1.974130428	1.974130428	1.989202251	-1.989202251	-2.030768438	2.030768438	-2.062984501	2.062984501	-2.064817672	2.064817672	-2.120460891	2.120460891	2.155128109	-2.155128109	-2.167873247	2.167873247	2.171367868	-2.171367868	2.188765296	-2.188765296	2.192159012	-2.192159012	-2.265758596	2.265758596	2.275008921	-2.275008921	-2.276999573	2.276999573	
-0.44	0.01273222771	-0.01273222771	-0.03084796326	0.03084796326	-0.03616336757	0.03616336757	-0.1787939089	0.1787939089	-0.1989463955	0.1989463955	-0.2062630516	0.2062630516	-0.2095035669	0.2095035669	-0.2465087759	0.2465087759	-0.2710491086	0.2710491086	0.2925241977	-0.2925241977	-0.3395414688	0.3395414688	0.3990565927	-0.3990565927	-0.4717540636	0.4717540636	-0.5267871582	0.5267871582	-0.5921862182	0.5921862182	-0.6232303039	0.6232303039	-0.6237344743	0.6237344743	-0.676394792	0.676394792	-0.7003827063	0.7003827063	-0.7838361888	0.7838361888	-0.806059548	0.806059548	-0.8665482786	0.8665482786	-0.8805500719	0.8805500719	-0.9241370642	0.9241370642	-0.9577530032	0.9577530032	-0.9583465022	0.9583465022	-1.007748594	1.007748594	-1.023259588	1.023259588	-1.167976616	1.167976616	-1.176972067	1.176972067	-1.180648219	1.180648219	-1.204666152	1.204666152	-1.276603432	1.276603432	-1.334345719	1.334345719	-1.355213674	1.355213674	-1.486604863	1.486604863	-1.499187589	1.499187589	-1.601402595	1.601402595	-1.634638239	1.634638239	-1.73588126	1.73588126	-1.763872637	1.763872637	-1.783459015	1.783459015	-1.868463197	1.868463197	-1.870409879	1.870409879	-1.925348146	1.925348146	-1.971684682	1.971684682	-1.974377776	1.974377776	-1.994403924	1.994403924	-2.033659622	2.033659622	-2.062830378	2.062830378	2.065443505	-2.065443505	-2.120784804	2.120784804	-2.156330109	2.156330109	-2.167978495	2.167978495	-2.171163503	2.171163503	-2.188817035	2.188817035	-2.192369622	2.192369622	-2.265702445	2.265702445	-2.275102113	2.275102113	-2.2797733	2.2797733	
-0.43	-0.01277390143	0.01277390143	-0.03458149614	0.03458149614	0.03618763581	-0.03618763581	-0.1813303469	0.1813303469	0.1997623463	-0.1997623463	-0.207141695	0.207141695	-0.2138040398	0.2138040398	-0.2475524278	0.2475524278	-0.2710631513	0.2710631513	0.2925999936	-0.2925999936	0.3401139635	-0.3401139635	0.399193862	-0.399193862	0.473571594	-0.473571594	0.5240343706	-0.5240343706	-0.5918840819	0.5918840819	0.6236891504	-0.6236891504	0.6241106347	-0.6241106347	-0.6758273511	0.6758273511	-0.6978429078	0.6978429078	0.782858779	-0.782858779	-0.8057383035	0.8057383035	-0.8670477018	0.8670477018	-0.8839537703	0.8839537703	-0.9180867033	0.9180867033	0.9528694801	-0.9528694801	-0.9578213115	0.9578213115	1.007511413	-1.007511413	-1.022353628	1.022353628	-1.168989623	1.168989623	1.17702871	-1.17702871	1.181321463	-1.181321463	1.2011335	-1.2011335	-1.27404147	1.27404147	1.334153551	-1.334153551	-1.355311352	1.355311352	1.486565352	-1.486565352	1.49896386	-1.49896386	1.604938513	-1.604938513	1.634653457	-1.634653457	-1.73574666	1.73574666	1.768590445	-1.768590445	1.786119752	-1.786119752	-1.868386687	1.868386687	1.870228147	-1.870228147	1.921944348	-1.921944348	-1.972345317	1.972345317	1.974749139	-1.974749139	1.999230294	-1.999230294	-2.036858904	2.036858904	2.062675042	-2.062675042	2.066074837	-2.066074837	2.121107419	-2.121107419	2.157692617	-2.157692617	-2.168083126	2.168083126	2.170959317	-2.170959317	2.188867529	-2.188867529	2.192574518	-2.192574518	2.265647266	-2.265647266	-2.275190861	2.275190861	2.282531312	-2.282531312	
-0.42	-0.01281480833	0.01281480833	0.03603533066	-0.03603533066	0.03850218871	-0.03850218871	-0.1840292883	0.1840292883	0.2004979748	-0.2004979748	0.2080098949	-0.2080098949	-0.2181809009	0.2181809009	0.2485832301	-0.2485832301	0.2711101078	-0.2711101078	-0.2926753407	0.2926753407	0.3407031182	-0.3407031182	-0.3993309473	0.3993309473	-0.4752814181	0.4752814181	0.5212984259	-0.5212984259	0.5915845945	-0.5915845945	0.6238306438	-0.6238306438	0.6247908806	-0.6247908806	-0.6751618362	0.6751618362	-0.6951535687	0.6951535687	0.7820016505	-0.7820016505	0.8054207256	-0.8054207256	-0.8674816241	0.8674816241	0.8873571654	-0.8873571654	0.9118689746	-0.9118689746	0.9476731863	-0.9476731863	0.9580306047	-0.9580306047	1.007271753	-1.007271753	-1.021528999	1.021528999	-1.170041416	1.170041416	-1.177085233	1.177085233	1.182020831	-1.182020831	1.197605571	-1.197605571	-1.271405448	1.271405448	-1.333964104	1.333964104	1.355406804	-1.355406804	1.486525958	-1.486525958	1.498737938	-1.498737938	1.60847067	-1.60847067	1.634668427	-1.634668427	-1.735609289	1.735609289	1.772096212	-1.772096212	-1.789964288	1.789964288	-1.868309631	1.868309631	1.870046872	-1.870046872	-1.918541253	1.918541253	1.972730994	-1.972730994	1.975202874	-1.975202874	-2.003648107	2.003648107	-2.040396566	2.040396566	2.062520515	-2.062520515	-2.066708574	2.066708574	2.121428478	-2.121428478	2.159214762	-2.159214762	-2.168186302	2.168186302	2.170755438	-2.170755438	2.188916777	-2.188916777	-2.192772585	2.192772585	2.265593088	-2.265593088	-2.275275431	2.275275431	-2.285273073	2.285273073	
-0.41	-0.01285495439	0.01285495439	-0.0360358542	0.0360358542	-0.04227693485	0.04227693485	-0.1868872302	0.1868872302	0.2011932595	-0.2011932595	-0.2088665338	0.2088665338	-0.2225817162	0.2225817162	0.2496006782	-0.2496006782	-0.2711998448	0.2711998448	-0.2927499949	0.2927499949	0.3413091816	-0.3413091816	0.3994677143	-0.3994677143	-0.4768649627	0.4768649627	0.5185798951	-0.5185798951	-0.5912879842	0.5912879842	0.6239316985	-0.6239316985	0.625497775	-0.625497775	-0.6743975175	0.6743975175	-0.6923629523	0.6923629523	-0.7812557141	0.7812557141	0.8051070189	-0.8051070189	-0.867774606	0.867774606	-0.8907598962	0.8907598962	-0.9055454161	0.9055454161	-0.9428123048	0.9428123048	-0.9583296211	0.9583296211	-1.00702972	1.00702972	-1.020777761	1.020777761	-1.171130281	1.171130281	-1.177141562	1.177141562	1.182747427	-1.182747427	1.194083507	-1.194083507	-1.268697124	1.268697124	-1.33377747	1.33377747	1.355500029	-1.355500029	-1.486486734	1.486486734	1.498510215	-1.498510215	-1.611998829	1.611998829	-1.634683156	1.634683156	1.735471595	-1.735471595	1.774458078	-1.774458078	-1.794919709	1.794919709	-1.868232145	1.868232145	-1.869866325	1.869866325	-1.91513913	1.91513913	-1.972940744	1.972940744	-1.975641223	1.975641223	-2.007643923	2.007643923	-2.044283007	2.044283007	2.06236761	-2.06236761	2.067342699	-2.067342699	2.12174773	-2.12174773	2.160894251	-2.160894251	-2.168287194	2.168287194	2.170552003	-2.170552003	-2.188964783	2.188964783	-2.192962663	2.192962663	2.265539942	-2.265539942	-2.275356073	2.275356073	-2.287998019	2.287998019	
-0.4	-0.01289433321	0.01289433321	-0.03601465421	0.03601465421	0.04607645731	-0.04607645731	-0.189899895	0.189899895	0.2018658697	-0.2018658697	-0.2097105162	0.2097105162	-0.2269732282	0.2269732282	-0.2506042681	0.2506042681	-0.271345943	0.271345943	-0.2928236806	0.2928236806	0.3419323892	-0.3419323892	0.399604028	-0.399604028	-0.4783022949	0.4783022949	-0.5158793831	0.5158793831	-0.5909944788	0.5909944788	0.6240238181	-0.6240238181	0.6261993005	-0.6261993005	-0.6735338043	0.6735338043	-0.6895202668	0.6895202668	-0.7806097267	0.7806097267	0.8047973695	-0.8047973695	-0.8678455069	0.8678455069	0.8941616332	-0.8941616332	0.8991551166	-0.8991551166	0.9383496839	-0.9383496839	0.958688044	-0.958688044	-1.006785446	1.006785446	-1.020093453	1.020093453	-1.172253238	1.172253238	1.177197628	-1.177197628	-1.183501797	1.183501797	-1.190570371	1.190570371	-1.265918214	1.265918214	1.333593744	-1.333593744	-1.355591026	1.355591026	-1.486447734	1.486447734	1.498281081	-1.498281081	-1.615522736	1.615522736	1.634697648	-1.634697648	-1.735334864	1.735334864	-1.776036995	1.776036995	-1.800621325	1.800621325	-1.868154335	1.868154335	1.869686818	-1.869686818	-1.911738273	1.911738273	-1.97305416	1.97305416	-1.975987363	1.975987363	-2.0112288	2.0112288	-2.048504042	2.048504042	-2.062216746	2.062216746	-2.067975485	2.067975485	-2.122064924	2.122064924	2.162727418	-2.162727418	-2.168384989	2.168384989	2.170349155	-2.170349155	2.189011561	-2.189011561	2.193143561	-2.193143561	2.26548786	-2.26548786	2.275433024	-2.275433024	-2.290705557	2.290705557	
-0.39	-0.01293293257	0.01293293257	-0.03598997858	0.03598997858	0.04987855129	-0.04987855129	-0.1930614937	0.1930614937	0.2025260881	-0.2025260881	-0.2105407708	0.2105407708	0.231325466	-0.231325466	0.2515934942	-0.2515934942	0.2715674159	-0.2715674159	0.2928960881	-0.2928960881	-0.3425729588	0.3425729588	0.3997397527	-0.3997397527	-0.4795722829	0.4795722829	0.5131975329	-0.5131975329	0.5907043055	-0.5907043055	0.6241113431	-0.6241113431	0.6268906077	-0.6268906077	-0.6725702522	0.6725702522	-0.6866744862	0.6866744862	0.7800515438	-0.7800515438	-0.8044919412	0.8044919412	-0.867610031	0.867610031	-0.8927245135	0.8927245135	0.8975620483	-0.8975620483	0.9343536362	-0.9343536362	-0.9590870383	0.9590870383	1.006539085	-1.006539085	-1.019470769	1.019470769	-1.173405369	1.173405369	-1.177253359	1.177253359	1.184271303	-1.184271303	1.18708442	-1.18708442	-1.263070387	1.263070387	1.333413017	-1.333413017	1.355679795	-1.355679795	-1.486409008	1.486409008	-1.498050928	1.498050928	-1.619042114	1.619042114	1.634711904	-1.634711904	-1.735199846	1.735199846	1.77715807	-1.77715807	1.806740693	-1.806740693	-1.868076292	1.868076292	1.869508713	-1.869508713	1.908339005	-1.908339005	-1.973112844	1.973112844	-1.976203831	1.976203831	-2.014436225	2.014436225	2.053022958	-2.053022958	-2.062068187	2.062068187	2.068605301	-2.068605301	2.122379814	-2.122379814	2.164709293	-2.164709293	2.168478882	-2.168478882	2.170147051	-2.170147051	2.189057139	-2.189057139	2.193314057	-2.193314057	-2.265436871	2.265436871	2.275506501	-2.275506501	-2.291748566	2.291748566	
-0.38	-0.01297073753	0.01297073753	-0.03596437641	0.03596437641	-0.05367658431	0.05367658431	-0.1963619569	0.1963619569	-0.203184498	0.203184498	-0.2113562526	0.2113562526	-0.2356042812	0.2356042812	0.2525678489	-0.2525678489	-0.2718912662	0.2718912662	0.29296687	-0.29296687	0.343231087	-0.343231087	-0.3998747525	0.3998747525	-0.4806528459	0.4806528459	0.5105350292	-0.5105350292	0.590417691	-0.590417691	0.6241954404	-0.6241954404	0.6275700217	-0.6275700217	-0.6715065697	0.6715065697	-0.6838734378	0.6838734378	0.7795690169	-0.7795690169	-0.80419087	0.80419087	-0.8669867691	0.8669867691	0.8862725705	-0.8862725705	-0.9009607991	0.9009607991	-0.9308917251	0.9308917251	-0.9595143397	0.9595143397	-1.006290812	1.006290812	-1.018905305	1.018905305	-1.174577874	1.174577874	1.177308687	-1.177308687	1.183463499	-1.183463499	1.185227642	-1.185227642	-1.260155274	1.260155274	1.333235382	-1.333235382	1.355766334	-1.355766334	-1.486370607	1.486370607	-1.497820146	1.497820146	1.622556659	-1.622556659	-1.634725924	1.634725924	1.735067008	-1.735067008	1.77801585	-1.77801585	1.813080015	-1.813080015	-1.867998091	1.867998091	-1.869332455	1.869332455	1.904941688	-1.904941688	-1.973134943	1.973134943	-1.976277841	1.976277841	-2.017314353	2.017314353	-2.057788255	2.057788255	-2.061922119	2.061922119	2.069230571	-2.069230571	2.122692157	-2.122692157	2.166833669	-2.166833669	2.168568084	-2.168568084	-2.169945917	2.169945917	2.189101568	-2.189101568	2.193472911	-2.193472911	-2.265387006	2.265387006	2.275576704	-2.275576704	2.292386362	-2.292386362	
-0.37	-0.01300773185	0.01300773185	-0.0359386013	0.0359386013	-0.0574655948	0.0574655948	-0.1997721051	0.1997721051	0.2038687941	-0.2038687941	-0.212155945	0.212155945	-0.2397657266	0.2397657266	-0.2535268213	0.2535268213	-0.2723561351	0.2723561351	0.2930356382	-0.2930356382	0.343906944	-0.343906944	-0.4000088914	0.4000088914	-0.4815213072	0.4815213072	-0.5078926045	0.5078926045	-0.5901348612	0.5901348612	-0.6242765244	0.6242765244	0.6282366151	-0.6282366151	-0.6703426269	0.6703426269	-0.68116309	0.68116309	-0.7791505708	0.7791505708	-0.8038942566	0.8038942566	-0.8659071124	0.8659071124	-0.8798136377	0.8798136377	-0.9043575176	0.9043575176	-0.9280206877	0.9280206877	-0.959961611	0.959961611	-1.006040821	1.006040821	-1.018393359	1.018393359	-1.175745525	1.175745525	-1.177363543	1.177363543	-1.180041659	1.180041659	-1.186062761	1.186062761	-1.257174469	1.257174469	-1.333060932	1.333060932	-1.355850643	1.355850643	-1.486332578	1.486332578	-1.497589121	1.497589121	-1.626066041	1.626066041	-1.634739705	1.634739705	-1.734936661	1.734936661	1.778715261	-1.778715261	-1.819531021	1.819531021	-1.867919784	1.867919784	-1.869158627	1.869158627	-1.90154673	1.90154673	-1.973125851	1.973125851	-1.976210409	1.976210409	-2.019916626	2.019916626	-2.06177869	2.06177869	-2.062743012	2.062743012	-2.069849771	2.069849771	-2.123001712	2.123001712	-2.168651815	2.168651815	2.169092049	-2.169092049	2.169747211	-2.169747211	-2.189144939	2.189144939	-2.193618877	2.193618877	2.265338295	-2.265338295	-2.275643816	2.275643816	-2.293013666	2.293013666	
-0.36	-0.01304389876	0.01304389876	0.03591296361	-0.03591296361	0.06124094187	-0.06124094187	-0.2030682708	0.2030682708	0.20480006	-0.20480006	-0.212938861	0.212938861	0.2437505067	-0.2437505067	0.2544698972	-0.2544698972	-0.273016958	0.273016958	0.2931019604	-0.2931019604	0.3446006679	-0.3446006679	-0.4001420334	0.4001420334	-0.4821548614	0.4821548614	-0.5052710461	0.5052710461	-0.589856041	0.589856041	0.6243547527	-0.6243547527	0.6288897052	-0.6288897052	-0.6690784652	0.6690784652	-0.6785869595	0.6785869595	0.7787855227	-0.7787855227	0.8036021539	-0.8036021539	-0.8643271771	0.8643271771	0.8733591131	-0.8733591131	-0.9077517972	0.9077517972	-0.9257743686	0.9257743686	0.9604229581	-0.9604229581	1.005789318	-1.005789318	-1.017931777	1.017931777	-1.176164445	1.176164445	-1.177338885	1.177338885	1.17741786	-1.17741786	1.187001317	-1.187001317	-1.254129535	1.254129535	1.332889756	-1.332889756	1.355932722	-1.355932722	-1.486294969	1.486294969	1.497358234	-1.497358234	1.629569899	-1.6295699	-1.634753243	1.634753243	1.734809023	-1.734809023	1.779313494	-1.779313494	1.826032895	-1.826032895	1.867841388	-1.867841388	1.868988051	-1.868988051	1.898154598	-1.898154598	1.973081863	-1.973081863	1.976012506	-1.976012506	-2.022294391	2.022294391	2.061638025	-2.061638025	2.067832247	-2.067832247	2.070461452	-2.070461452	2.123308243	-2.123308243	2.168729312	-2.168729312	2.169545339	-2.169545339	2.171482076	-2.171482076	2.189187408	-2.189187408	2.19375071	-2.19375071	2.26529077	-2.26529077	2.275708	-2.275708	2.293627857	-2.293627857	
-0.35	-0.0130792215	0.0130792215	0.03588762011	-0.03588762011	0.06499801768	-0.06499801768	-0.2047039937	0.2047039937	-0.207521524	0.207521524	-0.2137040454	0.2137040454	0.2474793019	-0.2474793019	0.255396559	-0.255396559	-0.2739491931	0.2739491931	0.2931653562	-0.2931653562	-0.345312359	0.345312359	-0.4002740433	0.4002740433	-0.4825311561	0.4825311561	0.502671205	-0.502671205	-0.5895814543	0.5895814543	0.6244301696	-0.6244301696	0.6295286995	-0.6295286995	-0.6677143096	0.6677143096	-0.6761855645	0.6761855645	0.7784642129	-0.7784642129	-0.8033145487	0.8033145487	-0.8622372611	0.8622372611	-0.8669184637	0.8669184637	0.9111431702	-0.9111431702	0.9241541569	-0.9241541569	0.9608940616	-0.9608940616	1.005536527	-1.005536527	-1.017517826	1.017517826	-1.17293833	1.17293833	-1.177471572	1.177471572	-1.17827892	1.17827892	1.188016613	-1.188016613	-1.251022007	1.251022007	1.332721945	-1.332721945	-1.35601257	1.35601257	1.486257824	-1.486257824	1.497127861	-1.497127861	-1.633067836	1.633067836	1.634766534	-1.634766534	1.73468425	-1.73468425	-1.779843139	1.779843139	1.832548873	-1.832548873	-1.867762871	1.867762871	1.868822004	-1.868822004	-1.894765842	1.894765842	1.972988877	-1.972988877	-1.975706185	1.975706185	-2.02449283	2.02449283	-2.061500233	2.061500233	2.071064255	-2.071064255	-2.073006969	2.073006969	2.123611512	-2.123611512	-2.168799828	2.168799828	2.1693479	-2.1693479	-2.173987381	2.173987381	2.189229265	-2.189229265	2.193867188	-2.193867188	-2.26524446	2.26524446	-2.275769403	2.275769403	-2.294226335	2.294226335	
-0.34	0.01311368348	-0.01311368348	-0.03586266229	0.03586266229	0.06873216103	-0.06873216103	-0.2054229858	0.2054229858	0.211285838	-0.211285838	-0.2144505753	0.2144505753	0.2508534703	-0.2508534703	-0.2563062859	0.2563062859	-0.2752478756	0.2752478756	0.2932252932	-0.2932252932	-0.3460420725	0.3460420725	-0.4004047864	0.4004047864	-0.4826289747	0.4826289747	-0.5000940092	0.5000940092	-0.5893113237	0.5893113237	0.6245027572	-0.6245027572	0.6301530305	-0.6301530305	-0.6662505854	0.6662505854	-0.6739958777	0.6739958777	0.778178006	-0.778178006	0.8030313314	-0.8030313314	-0.8596639718	0.8596639718	-0.8604998924	0.8604998924	-0.9145310409	0.9145310409	-0.9231268158	0.9231268158	-0.9613716484	0.9613716484	1.005282684	-1.005282684	-1.017149098	1.017149098	-1.169473917	1.169473917	1.177524614	-1.177524614	-1.179445499	1.179445499	-1.189118885	1.189118885	-1.247853397	1.247853397	-1.332557588	1.332557588	1.356090188	-1.356090188	1.486221187	-1.486221187	-1.496898374	1.496898374	-1.634779571	1.634779571	1.636559413	-1.636559413	1.734562461	-1.734562461	-1.780323704	1.780323704	-1.839054186	1.839054186	-1.867684117	1.867684117	-1.868662718	1.868662718	1.891381131	-1.891381131	1.972816894	-1.972816894	-1.975329889	1.975329889	-2.026549626	2.026549626	2.061365412	-2.061365412	-2.071656927	2.071656927	2.078225481	-2.078225481	-2.123911283	2.123911283	-2.168862634	2.168862634	2.169151646	-2.169151646	-2.176601646	2.176601646	2.189271079	-2.189271079	-2.19396712	2.19396712	2.265199398	-2.265199398	-2.275828157	2.275828157	-2.294806531	2.294806531	
-0.33	-0.0131472685	0.0131472685	-0.0358381497	0.0358381497	0.07243862601	-0.07243862601	-0.2060447048	0.2060447048	-0.2151775612	0.2151775612	-0.2152696438	0.2152696438	0.2537699578	-0.2537699578	0.2571985549	-0.2571985549	-0.2770125658	0.2770125658	0.2932811834	-0.2932811834	-0.3467898109	0.3467898109	0.4005341293	-0.4005341293	-0.4824289896	0.4824289896	-0.4975404777	0.4975404777	0.5890458704	-0.5890458704	0.6245724536	-0.6245724536	-0.6307621165	0.6307621165	-0.6646879405	0.6646879405	-0.6720507623	0.6720507623	-0.7779192104	0.7779192104	0.8027522441	-0.8027522441	-0.8541108101	0.8541108101	-0.8566635976	0.8566635976	0.9179143633	-0.9179143633	-0.922631352	0.922631352	0.9618531593	-0.9618531593	-1.005028035	1.005028035	-1.016823434	1.016823434	-1.166000195	1.166000195	-1.177576921	1.177576921	-1.180596834	1.180596834	-1.190321573	1.190321573	1.244625199	-1.244625199	-1.332396775	1.332396775	1.356165574	-1.356165574	1.486185101	-1.486185101	-1.496670136	1.496670136	1.63479235	-1.63479235	1.640044147	-1.640044147	-1.734443748	1.734443748	-1.780767404	1.780767404	1.84552888	-1.84552888	-1.867604861	1.867604861	1.868514739	-1.868514739	-1.888001325	1.888001325	-1.972514382	1.972514382	-1.974943943	1.974943943	-2.028495267	2.028495267	2.061233655	-2.061233655	-2.07223833	2.07223833	2.083453054	-2.083453054	2.124207323	-2.124207323	-2.168917031	2.168917031	2.168956977	-2.168956977	2.179313874	-2.179313874	-2.189314094	2.189314094	-2.194049373	2.194049373	2.265155616	-2.265155616	-2.275884381	2.275884381	-2.295365904	2.295365904	
-0.32	-0.01317996085	0.01317996085	0.03581412445	-0.03581412446	0.07611256955	-0.07611256955	-0.2066367543	0.2066367543	0.2158841473	-0.2158841473	-0.2194012569	0.2194012569	0.2561553398	-0.2561553398	0.2580728414	-0.2580728414	0.2793132186	-0.2793132186	0.2933323787	-0.2933323787	0.3475555159	-0.3475555159	-0.4006619399	0.4006619399	-0.481914538	0.481914538	0.4950117374	-0.4950117374	0.5887853142	-0.5887853142	0.6246391574	-0.6246391574	-0.6313553268	0.6313553268	0.6630272776	-0.6630272776	0.670378408	-0.670378408	0.7776809485	-0.7776809485	0.8024767898	-0.8024767898	0.8477582175	-0.8477582175	-0.8533100539	0.8533100539	0.9212867344	-0.9212867344	-0.922595912	0.922595912	0.9623365333	-0.9623365333	1.004772841	-1.004772841	-1.01653886	1.01653886	-1.16252922	1.16252922	1.17762843	-1.17762843	-1.181708473	1.181708473	-1.191637653	1.191637653	-1.241338897	1.241338897	-1.332239592	1.332239592	1.356238731	-1.356238731	-1.486149608	1.486149608	1.496443502	-1.496443502	-1.634804862	1.634804862	1.643521502	-1.643521502	-1.734328183	1.734328183	-1.781182188	1.781182188	1.851950222	-1.851950222	-1.867524555	1.867524555	1.868389454	-1.868389454	1.884627612	-1.884627612	-1.972020797	1.972020797	-1.974617882	1.974617882	-2.030354043	2.030354043	-2.061105045	2.061105046	-2.072807443	2.072807443	2.08866089	-2.08866089	-2.124499395	2.124499395	2.1687641	-2.1687641	2.168962356	-2.168962356	2.182111029	-2.182111029	2.189361581	-2.189361581	-2.19411289	2.19411289	2.265113145	-2.265113145	-2.27593818	2.27593818	2.295901948	-2.295901948	
-0.31	-0.01321174532	0.01321174532	0.03579061835	-0.03579061835	0.0797490467	-0.0797490467	0.2072113672	-0.2072113672	0.216569512	-0.216569512	-0.2236642305	0.2236642305	-0.258001494	0.258001494	0.2589286203	-0.2589286203	-0.282154455	0.282154455	0.2933781668	-0.2933781668	0.3483390585	-0.3483390585	0.4007880881	-0.4007880881	-0.4810723638	0.4810723638	-0.4925090326	0.4925090326	0.5885298728	-0.5885298728	0.6247027245	-0.6247027245	0.631931938	-0.631931938	-0.6612698031	0.6612698031	-0.6690018108	0.6690018108	-0.777457	0.777457	0.8022040602	-0.8022040602	0.8414490845	-0.8414490845	-0.8496826835	0.8496826835	-0.9229048133	0.9229048133	0.9246815229	-0.9246815229	-0.9628200629	0.9628200629	-1.004517372	1.004517372	-1.016293535	1.016293535	1.15906422	-1.15906422	1.177679078	-1.177679078	-1.182767366	1.182767366	1.193077435	-1.193077435	-1.237995966	1.237995966	1.332086125	-1.332086125	-1.356309656	1.356309656	1.486114747	-1.486114747	1.496218821	-1.496218821	-1.634817102	1.634817102	1.646990884	-1.646990884	-1.734215825	1.734215825	1.781573396	-1.781573396	1.858269331	-1.858269331	-1.867442035	1.867442035	1.86832677	-1.86832677	-1.881261854	1.881261854	-1.971307886	1.971307886	-1.974389037	1.974389037	-2.032145203	2.032145203	-2.060979664	2.060979664	-2.073363362	2.073363362	2.09382492	-2.09382492	2.124787264	-2.124787264	2.168573202	-2.168573202	-2.168998003	2.168998003	2.184971386	-2.184971386	-2.189425448	2.189425448	2.194156716	-2.194156716	2.265072018	-2.265072018	2.275989645	-2.275989645	-2.296412196	2.296412196	
-0.3	-0.0132426073	0.0132426073	0.03576765655	-0.03576765655	0.08334300974	-0.08334300974	0.2077721421	-0.2077721421	-0.2172328669	0.2172328669	-0.228050642	0.228050642	0.2593691672	-0.2593691672	0.2597653674	-0.2597653674	0.2854719616	-0.2854719616	-0.2934177667	0.2934177667	-0.3491402291	0.3491402291	0.4009124459	-0.4009124459	-0.4798932637	0.4798932637	-0.4900337157	0.4900337157	-0.5882797621	0.5882797621	0.6247629575	-0.6247629575	-0.6324910705	0.6324910705	-0.6594171021	0.6594171021	-0.6679383575	0.6679383575	0.7772416308	-0.7772416308	-0.801932382	0.801932382	0.8351908553	-0.8351908553	-0.845857491	0.845857491	-0.9235326241	0.9235326241	-0.9280465349	0.9280465349	0.963302296	-0.963302296	-1.004261913	1.004261913	1.016085714	-1.016085714	1.1556068	-1.1556068	-1.177728802	1.177728802	-1.183766109	1.183766109	-1.194647117	1.194647117	-1.234597881	1.234597881	-1.33193646	1.33193646	1.356378351	-1.356378351	1.486080557	-1.486080557	1.495996431	-1.495996431	-1.634829061	1.634829061	-1.650451628	1.650451628	-1.734106723	1.734106723	-1.781944713	1.781944713	-1.864202735	1.864202735	-1.86735458	1.86735458	-1.868602567	1.868602567	1.877907533	-1.877907533	-1.970395408	1.970395408	-1.974246729	1.974246729	-2.033884021	2.033884021	2.060857588	-2.060857588	2.073905293	-2.073905293	-2.098924686	2.098924686	2.125070695	-2.125070695	-2.168384467	2.168384467	-2.169023451	2.169023451	2.187793243	-2.187793243	-2.189597627	2.189597627	2.194180027	-2.194180027	-2.26503227	2.26503227	-2.276038861	2.276038861	-2.296894226	2.296894226	
-0.29	-0.01327253275	0.01327253275	-0.03574525972	0.03574525972	0.0868893095	-0.0868893095	0.2083203164	-0.2083203164	-0.2178734565	0.2178734565	-0.232554815	0.232554815	0.2603555427	-0.2603555427	0.2605825604	-0.2605825604	-0.2891649146	0.2891649146	0.2934503247	-0.2934503247	0.3499587258	-0.3499587258	0.4010348881	-0.4010348881	-0.4783725878	0.4783725878	0.4875872013	-0.4875872013	0.588035196	-0.588035196	0.6248195889	-0.6248195889	0.6330315843	-0.6330315843	-0.6574712624	0.6574712624	-0.6671995754	0.6671995754	0.7770294139	-0.7770294139	-0.801658522	0.801658522	0.8289923613	-0.8289923613	-0.8419025793	0.8419025793	-0.924383695	0.924383695	0.9314090467	-0.9314090467	0.9637819657	-0.9637819657	1.00400676	-1.00400676	-1.015913712	1.015913712	-1.152158125	1.152158125	-1.177777541	1.177777541	-1.184702142	1.184702142	-1.196348393	1.196348393	-1.231146123	1.231146123	1.33179068	-1.33179068	1.356444817	-1.356444817	1.486047077	-1.486047077	1.495776663	-1.495776663	1.634840733	-1.634840733	-1.653902994	1.653902994	1.734000918	-1.734000918	-1.782298732	1.782298732	1.867094533	-1.867094533	-1.867254489	1.867254489	1.871865914	-1.871865914	1.874573183	-1.874573183	-1.969319936	1.969319936	-1.974163404	1.974163404	-2.03558268	2.03558268	-2.060738888	2.060738888	2.074432547	-2.074432547	2.103942379	-2.103942379	2.12534945	-2.12534945	2.168198081	-2.168198081	2.169038304	-2.169038304	2.18921302	-2.18921302	2.19123207	-2.19123207	-2.194182164	2.194182164	-2.264993936	2.264993936	2.2760859	-2.2760859	-2.297345665	2.297345665	
-0.28	-0.01330150823	0.01330150823	0.0357234453	-0.0357234453	0.09038269833	-0.09038269834	0.2088562568	-0.2088562568	0.2184905566	-0.2184905566	-0.2371717803	0.2371717803	0.2610579671	-0.2610579671	0.2613796794	-0.2613796794	0.293132285	-0.293132285	-0.2934749094	0.2934749094	0.3507941426	-0.3507941426	-0.4011552925	0.4011552925	-0.4765105405	0.4765105405	0.4851708843	-0.4851708843	0.5877963859	-0.5877963859	-0.6248722518	0.6248722518	0.6335518977	-0.6335518977	0.6554350866	-0.6554350866	-0.6667910971	0.6667910971	0.7768150436	-0.7768150436	0.801375631	-0.801375631	0.8228659684	-0.8228659684	-0.8378768181	0.8378768181	-0.9254042813	0.9254042813	0.9347650374	-0.9347650374	0.964257941	-0.964257941	-1.003752227	1.003752227	-1.015775874	1.015775874	-1.148719245	1.148719245	1.177825233	-1.177825233	-1.185576761	1.185576761	-1.198179119	1.198179119	1.227642188	-1.227642188	-1.331648866	1.331648866	-1.356509052	1.356509052	-1.486014342	1.486014342	1.495559836	-1.495559836	1.63485211	-1.63485211	-1.657344148	1.657344148	1.733898443	-1.733898443	-1.782637308	1.782637308	-1.867110128	1.867110128	-1.867309197	1.867309197	1.871291361	-1.871291361	-1.877745861	1.877745861	-1.968111981	1.968111981	-1.974117487	1.974117487	-2.037250975	2.037250975	-2.060623633	2.060623633	2.074944527	-2.074944527	-2.108862044	2.108862044	2.125623293	-2.125623293	2.168014233	-2.168014233	2.169042355	-2.169042355	2.189358681	-2.189358681	2.194162671	-2.194162671	2.194191406	-2.194191406	-2.264957051	2.264957051	-2.276130825	2.276130825	-2.2977642	2.2977642	
-0.27	-0.01332952089	0.01332952089	0.03570222825	-0.03570222825	-0.09381783459	0.09381783459	0.2093799414	-0.2093799414	-0.219083473	0.219083473	-0.2418966426	0.2418966426	0.2615558858	-0.2615558858	0.2621562076	-0.2621562076	0.2934905076	-0.2934905076	0.2972910337	-0.2972910337	-0.3516459558	0.3516459558	0.4012735405	-0.4012735405	-0.4743122124	0.4743122124	0.4827860701	-0.4827860701	-0.5875635406	0.5875635406	0.6249204339	-0.6249204339	-0.6340496464	0.6340496464	-0.6533124821	0.6533124821	-0.6667128634	0.6667128634	0.7765931441	-0.7765931441	0.8010668427	-0.8010668427	-0.8168340534	0.8168340534	-0.8338303927	0.8338303927	-0.9265480772	0.9265480772	-0.9381131509	0.9381131509	0.96472919	-0.96472919	-1.003498646	1.003498646	-1.015670554	1.015670554	1.145291222	-1.145291222	-1.177871818	1.177871818	-1.186393753	1.186393753	-1.200134549	1.200134549	-1.224087592	1.224087592	-1.331511101	1.331511101	1.356571059	-1.356571059	1.485982389	-1.485982389	1.495346262	-1.495346262	-1.634863184	1.634863184	1.660774155	-1.660774155	-1.73379933	1.73379933	-1.782961782	1.782961782	-1.866625783	1.866625783	-1.867248981	1.867248981	-1.868358797	1.868358797	1.883833716	-1.883833716	1.966793349	-1.966793349	-1.974096027	1.974096027	-2.03889685	2.03889685	-2.06051189	2.06051189	2.075440717	-2.075440717	2.113668903	-2.113668903	-2.125891985	2.125891985	2.167833117	-2.167833117	2.169035683	-2.169035683	2.189413194	-2.189413194	-2.19412134	2.19412134	-2.197283543	2.197283543	-2.264921653	2.264921653	2.276173696	-2.276173696	-2.298147587	2.298147587	
-0.26	-0.0133565585	0.0133565585	0.03568162166	-0.03568162166	0.09718928843	-0.09718928843	0.2098911503	-0.2098911503	-0.2196515386	0.2196515386	-0.2467239231	0.2467239231	-0.2619087044	0.2619087044	0.2629116312	-0.2629116312	0.2934960197	-0.2934960197	-0.3015786957	0.3015786957	0.3525135092	-0.3525135092	0.4013895177	-0.4013895177	-0.4717872721	0.4717872721	-0.4804339958	0.4804339958	-0.5873368665	0.5873368665	-0.6249634019	0.6249634019	0.6345209954	-0.6345209954	-0.651109228	0.651109228	-0.6669595534	0.6669595534	0.7763580699	-0.7763580699	-0.8006787268	0.8006787268	-0.8109556137	0.8109556137	-0.8298061857	0.8298061857	-0.9277773922	0.9277773922	-0.9414522058	0.9414522058	-0.9651947532	0.9651947532	-1.003246368	1.003246368	-1.01559609	1.01559609	1.141875187	-1.141875187	-1.177917233	1.177917233	-1.187158082	1.187158082	-1.202208602	1.202208602	-1.22048388	1.22048388	-1.331377461	1.331377461	-1.356630837	1.356630837	1.485951251	-1.485951251	1.495136241	-1.495136241	1.634873948	-1.634873948	-1.664191955	1.664191955	-1.733703603	1.733703603	-1.783273133	1.783273133	-1.864209307	1.864209307	-1.867138014	1.867138014	-1.867368777	1.867368777	-1.8898987	1.8898987	-1.965380074	1.965380074	1.974091824	-1.974091824	-2.040526808	2.040526808	2.060403721	-2.060403721	2.075920674	-2.075920674	2.118348758	-2.118348758	-2.126155286	2.126155286	2.167654932	-2.167654932	2.169018796	-2.169018796	2.189449827	-2.189449827	-2.194058259	2.194058259	-2.200426422	2.200426422	2.264887781	-2.264887781	2.27621456	-2.27621456	-2.298493659	2.298493659	
-0.25	-0.01338260938	0.01338260938	-0.03566163701	0.03566163701	0.1004915492	-0.1004915492	0.210389552	-0.210389552	-0.2201941111	0.2201941111	-0.2516456676	0.2516456676	-0.2621613927	0.2621613927	0.263645438	-0.263645438	0.2934902556	-0.2934902556	-0.3059495553	0.3059495553	0.3533959986	-0.3533959986	0.4015031143	-0.4015031143	-0.4689493364	0.4689493364	0.4781159676	-0.4781159676	-0.587116567	0.587116567	-0.6250000712	0.6250000712	0.6349591121	-0.6349591121	-0.6488346362	0.6488346362	-0.6675212031	0.6675212031	0.776103699	-0.776103699	-0.7999487715	0.7999487715	0.8054988389	-0.8054988389	0.8258413748	-0.8258413748	-0.9290618856	0.9290618856	-0.9447809511	0.9447809511	-0.9656537224	0.9656537224	1.002995768	-1.002995768	-1.015550792	1.015550792	-1.138472389	1.138472389	1.177961416	-1.177961416	-1.187874906	1.187874906	-1.204394816	1.204394816	-1.21683264	1.21683264	-1.331248025	1.331248025	-1.356688386	1.356688386	-1.485920962	1.485920962	-1.494930064	1.494930064	1.634884395	-1.634884395	1.667596348	-1.667596348	1.733611285	-1.733611285	-1.783572071	1.783572071	1.860999344	-1.860999344	-1.867011483	1.867011483	-1.867183932	1.867183932	-1.895898497	1.895898497	-1.963884917	1.963884917	-1.974101041	1.974101041	-2.042146227	2.042146227	-2.060299187	2.060299187	-2.076384016	2.076384016	-2.122887414	2.122887414	2.126412958	-2.126412958	2.167479878	-2.167479878	-2.168992855	2.168992855	2.189479048	-2.189479048	2.19397387	-2.19397387	-2.203601148	2.203601148	2.264855475	-2.264855475	-2.276253463	2.276253463	-2.298800344	2.298800344	
-0.24	-0.01340766243	0.01340766243	0.03564228451	-0.03564228451	0.1037190345	-0.1037190345	0.2108747477	-0.2108747477	-0.2207105696	0.2207105696	-0.2566401396	0.2566401396	0.2623604701	-0.2623604701	0.2643571155	-0.2643571155	-0.2934719299	0.2934719299	0.3103698948	-0.3103698948	0.3542924549	-0.3542924549	0.4016142259	-0.4016142259	0.4658151682	-0.4658151682	0.4758335266	-0.4758335266	0.5869028426	-0.5869028426	0.6250287727	-0.6250287727	0.6353503632	-0.6353503632	-0.6465055926	0.6465055926	0.668383952	-0.668383952	0.7758232252	-0.7758232252	0.7973341061	-0.7973341061	0.8020124366	-0.8020124366	-0.8219689427	0.8219689427	-0.9303772268	0.9303772268	-0.9480979954	0.9480979954	-0.9661052249	0.9661052249	1.002747244	-1.002747244	-1.015532919	1.015532919	1.135084223	-1.135084223	-1.178004301	1.178004301	1.188548998	-1.188548998	-1.206686908	1.206686908	-1.213135508	1.213135508	1.331122868	-1.331122868	1.356743707	-1.356743707	-1.485891553	1.485891553	1.49472801	-1.49472801	1.634894517	-1.634894517	1.670985969	-1.670985969	1.733522396	-1.733522396	-1.783859116	1.783859116	1.857721017	-1.857721017	-1.866879805	1.866879805	-1.867080571	1.867080571	1.901814762	-1.901814762	-1.962318932	1.962318932	-1.974121851	1.974121851	-2.04375959	2.04375959	2.060198347	-2.060198347	2.076830415	-2.076830415	-2.12666476	2.12666476	2.127270053	-2.127270053	-2.167308163	2.167308163	-2.168960009	2.168960009	2.189503832	-2.189503832	2.193869034	-2.193869034	2.206796705	-2.206796705	-2.264824777	2.264824777	-2.276290443	2.276290443	2.299065676	-2.299065676	
-0.23	-0.0134317071	0.0134317071	-0.03562357323	0.03562357323	-0.1068661008	0.1068661008	-0.2113462953	0.2113462953	0.2212003105	-0.2212003105	-0.2613802792	0.2613802792	-0.2628493483	0.2628493483	-0.2650461465	0.2650461465	-0.2934396584	0.2934396584	-0.3148141379	0.3148141379	-0.3552017255	0.3552017255	-0.4017227536	0.4017227536	-0.4624038798	0.4624038798	0.4735885379	-0.4735885379	0.5866958905	-0.5866958905	0.625046806	-0.625046806	-0.6356633601	0.6356633601	-0.6441579633	0.6441579633	-0.6695308442	0.6695308442	0.7755089648	-0.7755089648	0.7922995938	-0.7922995938	-0.8010375838	0.8010375838	0.8182189769	-0.8182189769	-0.931703931	0.931703931	-0.9514017636	0.9514017636	-0.966548411	0.966548411	1.002501223	-1.002501223	-1.015540667	1.015540667	-1.131712269	1.131712269	1.178045819	-1.178045819	-1.189184481	1.189184481	-1.209079039	1.209079039	-1.209394185	1.209394185	1.331002062	-1.331002062	1.356796802	-1.356796802	1.485863055	-1.485863055	1.494530349	-1.494530349	-1.634904307	1.634904307	1.674359256	-1.674359256	1.733436954	-1.733436954	-1.784134637	1.784134637	-1.854436451	1.854436451	-1.866747225	1.866747225	-1.866998194	1.866998194	1.907634078	-1.907634078	-1.960692532	1.960692532	-1.974153748	1.974153748	-2.045370668	2.045370668	-2.060101256	2.060101256	2.077259585	-2.077259585	2.12691045	-2.12691045	2.131480487	-2.131480487	2.167139997	-2.167139997	-2.168923905	2.168923905	2.189525329	-2.189525329	-2.1937451	2.1937451	2.210004302	-2.210004302	-2.264795731	2.264795731	2.276325537	-2.276325537	-2.299287817	2.299287817	
-0.22	-0.01345473339	0.01345473339	-0.03560551126	0.03560551126	-0.1099270561	0.1099270561	-0.2118037241	0.2118037241	-0.2216627432	0.2216627432	-0.2623398862	0.2623398862	-0.2657120037	0.2657120037	-0.2671648434	0.2671648434	-0.2933919542	0.2933919542	-0.3192621054	0.3192621054	0.3561224551	-0.3561224551	-0.4018286053	0.4018286053	-0.4587362294	0.4587362294	-0.4713831852	0.4713831852	-0.5864959051	0.5864959051	-0.625049521	0.625049521	-0.6358119168	0.6358119168	-0.641884563	0.641884563	-0.6709426203	0.6709426203	-0.7751522146	0.7751522146	-0.7867945308	0.7867945308	0.8006312678	-0.8006312678	-0.8146197066	0.8146197066	-0.9330264092	0.9330264092	-0.9546904567	0.9546904567	-0.9669824446	0.9669824446	-1.002258161	1.002258161	-1.015572158	1.015572158	-1.128358331	1.128358331	-1.178085889	1.178085889	-1.189784773	1.189784773	-1.205610453	1.205610453	-1.211565863	1.211565863	-1.330885679	1.330885679	-1.35684767	1.35684767	-1.485835498	1.485835498	-1.49433734	1.49433734	-1.634913757	1.634913757	-1.677714418	1.677714418	1.733354974	-1.733354974	-1.784398898	1.784398898	-1.851159404	1.851159404	1.866615856	-1.866615856	-1.866924894	1.866924894	-1.91334314	1.91334314	-1.959016483	1.959016483	-1.974197255	1.974197255	-2.046982653	2.046982653	2.060007967	-2.060007967	2.077671282	-2.077671282	-2.127149787	2.127149787	-2.135500167	2.135500167	-2.166975595	2.166975595	-2.168890485	2.168890485	2.189544059	-2.189544059	2.193603991	-2.193603991	-2.213216176	2.213216176	2.264768384	-2.264768384	2.276358774	-2.276358774	2.299465083	-2.299465083	
-0.21	-0.0134767318	0.0134767318	0.03558810582	-0.03558810582	-0.1128961744	0.1128961744	0.2122465445	-0.2122465445	-0.2220972848	0.2220972848	0.2624183789	-0.2624183789	0.2663541414	-0.2663541414	-0.2724142345	0.2724142345	-0.2933272248	0.2933272248	-0.3236971518	0.3236971518	-0.3570530642	0.3570530642	-0.4019316959	0.4019316959	-0.4548340106	0.4548340106	-0.4692199259	0.4692199259	-0.5863030771	0.5863030771	0.625028238	-0.625028238	-0.635530071	0.635530071	0.6399622205	-0.6399622205	-0.6725984431	0.6725984431	-0.7747432282	0.7747432282	-0.7812673205	0.7812673205	0.8003516507	-0.8003516507	-0.8111982331	0.8111982331	-0.9343322144	0.9343322144	-0.9579620072	0.9579620072	-0.9674064949	0.9674064949	-1.002018545	1.002018545	-1.015625418	1.015625418	-1.125024478	1.125024478	1.178124414	-1.178124414	-1.190352624	1.190352624	-1.201786195	1.201786195	-1.214142496	1.214142496	-1.330773789	1.330773789	-1.356896311	1.356896311	-1.485808911	1.485808911	-1.494149231	1.494149231	-1.634922862	1.634922862	-1.681049392	1.681049392	1.73327647	-1.73327647	-1.784652076	1.784652076	-1.847895828	1.847895828	-1.866486917	1.866486917	-1.866856834	1.866856834	1.918926099	-1.918926099	-1.957303349	1.957303349	1.974253859	-1.974253859	2.048598259	-2.048598259	2.059918534	-2.059918534	2.078065292	-2.078065292	2.127382529	-2.127382529	-2.139306802	2.139306802	2.166815177	-2.166815177	-2.168869195	2.168869195	2.189560285	-2.189560285	2.193448286	-2.193448286	-2.216425217	2.216425217	-2.264742782	2.264742782	-2.276390185	2.276390185	-2.299595969	2.299595969	
-0.2	-0.01349769334	0.01349769334	0.03557136335	-0.03557136336	0.1157677125	-0.1157677125	-0.2126742538	0.2126742538	0.2225033541	-0.2225033541	-0.2624362258	0.2624362258	0.2669719838	-0.2669719838	-0.2777810376	0.2777810376	-0.2932437694	0.2932437694	-0.3281049136	0.3281049136	-0.3579917273	0.3579917273	-0.4020319479	0.4020319479	-0.4507195251	0.4507195251	0.4671014554	-0.4671014554	-0.586117594	0.586117594	-0.6249649601	0.6249649601	-0.634312242	0.634312242	-0.6389169181	0.6389169181	-0.6744765217	0.6744765217	-0.7742714238	0.7742714238	-0.7758025085	0.7758025085	0.8001210703	-0.8001210703	-0.8079808739	0.8079808739	-0.9356114489	0.9356114489	-0.961214026	0.961214026	0.9678197305	-0.9678197305	1.001782895	-1.001782895	-1.015698374	1.015698374	1.121713099	-1.121713099	-1.178161257	1.178161257	-1.190890208	1.190890208	1.197923434	-1.197923434	-1.216804428	1.216804428	-1.330666457	1.330666457	1.356942728	-1.356942728	1.48578332	-1.48578332	1.49396626	-1.49396626	1.634931613	-1.634931613	-1.684361788	1.684361788	1.733201454	-1.733201454	1.784894282	-1.784894282	-1.844649749	1.844649749	-1.866361195	1.866361195	-1.866792426	1.866792426	1.924361012	-1.924361012	-1.955570402	1.955570402	-1.974326155	1.974326155	-2.050219808	2.050219808	2.059833005	-2.059833005	2.078441428	-2.078441428	2.127608431	-2.127608431	-2.142872405	2.142872405	2.166658969	-2.166658969	-2.168874789	2.168874789	-2.189574146	2.189574146	-2.193281319	2.193281319	2.219624821	-2.219624821	2.264718976	-2.264718976	2.276419797	-2.276419797	2.299679185	-2.299679185	
-0.19	-0.01351760948	0.01351760948	-0.0355552896	0.0355552896	0.1185359285	-0.1185359285	-0.2130863418	0.2130863418	-0.2228803653	0.2228803653	0.2624265289	-0.2624265289	0.2675649102	-0.2675649102	-0.2832342221	0.2832342221	-0.2931397783	0.2931397783	0.3324724648	-0.3324724648	0.3589363496	-0.3589363496	-0.4021292923	0.4021292923	-0.4464151424	0.4464151425	0.4650306972	-0.4650306972	-0.5859396401	0.5859396401	-0.6248169007	0.6248169007	-0.6322544233	0.6322544233	0.6386980819	-0.6386980819	-0.6765546132	0.6765546132	-0.7704296549	0.7704296549	-0.7737259862	0.7737259862	-0.7999172026	0.7999172026	-0.8049929926	0.8049929926	-0.9368563021	0.9368563021	0.9644437389	-0.9644437389	0.968221315	-0.968221315	1.001551764	-1.001551764	-1.015788827	1.015788827	-1.11842697	1.11842697	1.178196193	-1.178196193	-1.191399215	1.191399215	-1.194024393	1.194024393	-1.219547434	1.219547434	1.330563748	-1.330563748	-1.356986919	1.356986919	-1.485758752	1.485758752	1.493788654	-1.493788654	-1.634940005	1.634940005	-1.68764883	1.68764883	-1.733129938	1.733129938	-1.785125581	1.785125581	-1.841424752	1.841424752	-1.86623925	1.86623925	-1.866730903	1.866730903	-1.929611922	1.929611922	-1.953846956	1.953846956	1.974418191	-1.974418191	-2.051849283	2.051849283	-2.059751429	2.059751429	2.078799531	-2.078799531	-2.12782725	2.12782725	2.146160628	-2.146160628	-2.166507201	2.166507201	2.168929861	-2.168929861	2.189585716	-2.189585716	2.193107272	-2.193107272	2.22280881	-2.22280881	-2.264697017	2.264697017	-2.276447638	2.276447638	-2.299713706	2.299713706	
-0.18	-0.01353647218	0.01353647218	0.03553988961	-0.03553988961	0.1211951034	-0.1211951034	0.213482294	-0.213482294	0.2232277203	-0.2232277203	-0.2623990562	0.2623990562	0.2681322342	-0.2681322342	-0.2887647101	0.2887647101	-0.2930133333	0.2930133333	0.3367877371	-0.3367877371	0.359884542	-0.359884542	-0.4022236687	0.4022236687	-0.4419429579	0.4419429579	0.4630108125	-0.4630108125	0.5857693958	-0.5857693958	0.6244653707	-0.6244653707	0.6299712524	-0.6299712524	0.6388126359	-0.6388126359	-0.6788104001	0.6788104001	0.7651650006	-0.7651650006	0.7730970477	-0.7730970477	0.7997314276	-0.7997314276	-0.8022581558	0.8022581558	-0.938060687	0.938060687	0.9676479088	-0.9676479088	0.9686104033	-0.9686104033	-1.001325738	1.001325738	-1.015894449	1.015894449	1.115169325	-1.115169325	-1.178228754	1.178228754	-1.190091675	1.190091675	-1.191880948	1.191880948	-1.222367499	1.222367499	1.330465725	-1.330465725	1.357028886	-1.357028886	1.485735231	-1.485735231	1.493616629	-1.493616629	-1.634948032	1.634948032	-1.690907274	1.690907274	-1.733061933	1.733061933	1.785345996	-1.785345996	-1.838224526	1.838224526	-1.866121507	1.866121507	-1.866671856	1.866671856	1.934605351	-1.934605351	1.952197104	-1.952197104	1.974536135	-1.974536135	-2.05348838	2.05348838	2.059673851	-2.059673851	2.079139461	-2.079139461	2.128038737	-2.128038737	2.149123684	-2.149123684	2.166360108	-2.166360108	2.169067822	-2.169067822	2.189595038	-2.189595038	2.19293127	-2.19293127	2.225971384	-2.225971384	2.264676959	-2.264676959	2.276473735	-2.276473735	-2.29969882	2.29969882	
-0.17	0.01355427382	-0.01355427382	-0.03552516788	0.03552516788	-0.1237395632	0.1237395632	0.2138615952	-0.2138615952	-0.2235448001	0.2235448001	-0.2623591132	0.2623591132	0.2686731782	-0.2686731782	-0.292862412	0.292862412	-0.2943668618	0.2943668618	0.3410391176	-0.3410391176	-0.3608335968	0.3608335968	-0.4023150258	0.4023150258	-0.4373245495	0.4373245495	0.4610452219	-0.4610452219	-0.5856070381	0.5856070381	-0.6235795077	0.6235795077	-0.6280200702	0.6280200702	0.6390372282	-0.6390372282	-0.6812217495	0.6812217495	-0.7600205597	0.7600205597	-0.7723775683	0.7723775683	-0.7995597674	0.7995597674	-0.7997965239	0.7997965239	-0.9392199544	0.9392199544	-0.9689861392	0.9689861392	-0.97082274	0.97082274	-1.001105436	1.001105436	-1.016012757	1.016012757	-1.11194396	1.11194396	-1.178257602	1.178257602	-1.186128904	1.186128904	-1.192336398	1.192336398	-1.225260747	1.225260747	1.330372446	-1.330372446	-1.357068629	1.357068629	-1.485712783	1.485712783	1.49345039	-1.49345039	1.634955686	-1.634955686	-1.694133316	1.694133316	1.732997446	-1.732997446	1.785555523	-1.785555523	1.835053143	-1.835053143	1.866008309	-1.866008309	-1.86661505	1.86661505	-1.939140181	1.939140181	-1.950808594	1.950808594	1.974689437	-1.974689437	-2.055138538	2.055138538	-2.059600316	2.059600316	-2.079461098	2.079461098	-2.128242645	2.128242645	-2.151700552	2.151700552	2.166217933	-2.166217933	-2.169334613	2.169334613	2.189602135	-2.189602135	-2.192759451	2.192759451	2.229107067	-2.229107067	2.264658855	-2.264658855	-2.276498119	2.276498119	-2.299634204	2.299634204	
-0.16	0.01357100719	-0.01357100719	-0.03551112829	0.03551112829	0.1261637053	-0.1261637053	-0.2142237324	0.2142237324	-0.2238309557	0.2238309557	-0.2623103185	0.2623103185	0.2691868381	-0.2691868381	-0.2926848954	0.2926848954	-0.3000359389	0.3000359389	0.3452151634	-0.3452151634	-0.3617804617	0.3617804617	-0.4024033213	0.4024033213	-0.4325808303	0.4325808303	-0.4591376315	0.4591376315	-0.5854527405	0.5854527405	-0.6217346783	0.6217346783	-0.6269014404	0.6269014404	-0.6392993238	0.6392993238	-0.6837668687	0.6837668687	-0.7550068738	0.7550068738	-0.7715657973	0.7715657973	-0.7976226042	0.7976226042	-0.7994001594	0.7994001594	-0.9403306655	0.9403306655	-0.9693476547	0.9693476547	-0.9739637609	0.9739637609	-1.000891509	1.000891509	-1.016141096	1.016141096	-1.108755344	1.108755344	-1.178275983	1.178275983	-1.1821453	1.1821453	-1.192766308	1.192766308	-1.228223389	1.228223389	-1.330283969	1.330283969	-1.35710615	1.35710615	-1.485691428	1.485691428	-1.493290134	1.493290134	-1.634962963	1.634962963	-1.697322471	1.697322471	1.732936487	-1.732936487	-1.785754133	1.785754133	-1.831915258	1.831915258	1.865899945	-1.865899945	-1.86656034	1.86656034	-1.942503956	1.942503956	-1.950374412	1.950374412	-1.974892917	1.974892917	-2.056800969	2.056800969	-2.059530866	2.059530866	2.079764344	-2.079764344	2.12843872	-2.12843872	-2.153821228	2.153821228	2.166080925	-2.166080925	-2.169784438	2.169784438	-2.189607026	2.189607026	-2.192598997	2.192598997	2.232210673	-2.232210673	-2.264642761	2.264642761	2.276520827	-2.276520827	-2.299520002	2.299520002	
-0.15	-0.01358666549	0.01358666549	0.03549777423	-0.03549777423	0.1284620249	-0.1284620249	0.2145681975	-0.2145681975	-0.2240854966	0.2240854966	0.2622553964	-0.2622553964	0.2696721398	-0.2696721398	-0.2924785826	0.2924785826	-0.3057674704	0.3057674704	0.3493043984	-0.3493043984	-0.3627217154	0.3627217154	0.4024885215	-0.4024885215	-0.4277319815	0.4277319815	0.4572920583	-0.4572920583	-0.5853066723	0.5853066723	-0.6191430193	0.6191430193	0.6264340222	-0.6264340222	-0.6395718085	0.6395718085	-0.6864243759	0.6864243759	0.7501340462	-0.7501340462	-0.7706678032	0.7706678032	0.7957428975	-0.7957428975	0.7992514452	-0.7992514452	-0.9413904095	0.9413904095	0.9696940694	-0.9696940694	0.9770656779	-0.9770656779	1.000684638	-1.000684638	-1.016276621	1.016276621	-1.105608769	1.105608769	-1.177878798	1.177878798	-1.17854863	1.17854863	1.193171233	-1.193171233	-1.231251687	1.231251687	-1.330200347	1.330200347	-1.357141448	1.357141448	1.485671189	-1.485671189	-1.493136045	1.493136045	-1.634969857	1.634969857	1.700469426	-1.700469426	-1.732879062	1.732879062	-1.785941783	1.785941783	-1.828816297	1.828816297	1.865796667	-1.865796667	-1.866507632	1.866507632	-1.9433115	1.9433115	1.9522504	-1.9522504	1.9751705	-1.9751705	-2.058476673	2.058476673	-2.05946554	2.05946554	2.080049114	-2.080049114	2.128626704	-2.128626704	-2.155424124	2.155424124	2.16594934	-2.16594934	2.17046245	-2.17046245	-2.189609726	2.189609726	2.192458073	-2.192458073	2.235277252	-2.235277252	2.26462873	-2.26462873	-2.276541901	2.276541901	-2.299356929	2.299356929	
-0.14	0.01360124229	-0.01360124229	0.03548510858	-0.03548510858	-0.1306291443	0.1306291443	-0.2148944899	0.2148944899	-0.2243076785	0.2243076785	-0.2621965063	0.2621965063	0.2701277808	-0.2701277808	-0.2922412141	0.2922412141	-0.311557025	0.311557025	-0.3532951704	0.3532951704	-0.3636535443	0.3636535443	-0.4025705997	0.4025705997	-0.4227974532	0.4227974532	-0.4555128552	0.4555128552	-0.5851689985	0.5851689985	-0.616205235	0.616205235	-0.626233073	0.626233073	0.6398427091	-0.6398427091	-0.6891733076	0.6891733076	-0.7454121943	0.7454121943	-0.7696991869	0.7696991869	0.7941543261	-0.7941543261	-0.7991129369	0.7991129369	-0.9423976561	0.9423976561	-0.970024492	0.970024492	-0.9801221967	0.9801221967	-1.000485529	1.000485529	-1.016416267	1.016416267	1.102510526	-1.102510526	-1.174025683	1.174025683	-1.17838216	1.17838216	-1.193551572	1.193551572	-1.234341927	1.234341927	-1.330121633	1.330121633	-1.357174523	1.357174523	-1.485652086	1.485652086	1.492988296	-1.492988296	1.634976363	-1.634976363	1.703567863	-1.703567863	-1.732825178	1.732825178	1.786118415	-1.786118415	1.825762658	-1.825762658	1.865698695	-1.865698695	-1.866456861	1.866456861	-1.942251203	1.942251203	1.955702246	-1.955702246	-1.975561937	1.975561937	-2.059404375	2.059404375	-2.060166452	2.060166452	-2.080315343	2.080315343	-2.128806333	2.128806333	-2.156485335	2.156485335	2.165823445	-2.165823445	-2.171375733	2.171375733	2.189610261	-2.189610261	-2.192345595	2.192345595	-2.238302043	2.238302043	-2.264616814	2.264616814	-2.276561393	2.276561393	-2.299146394	2.299146394	
-0.13	0.01361473154	-0.01361473154	0.03547313375	-0.03547313375	-0.1326598437	0.1326598437	-0.2152021196	0.2152021196	-0.2244966897	0.2244966897	-0.2621354147	0.2621354147	0.2705521549	-0.2705521549	-0.2919705099	0.2919705099	-0.3174001003	0.3174001003	0.3571755536	-0.3571755536	0.3645717207	-0.3645717207	-0.4026495337	0.4026495337	-0.4177960186	0.4177960186	0.4538047294	-0.4538047294	0.5850398792	-0.5850398792	-0.6130939984	0.6130939984	0.6261362407	-0.6261362407	0.6401060233	-0.6401060233	-0.691993082	0.691993082	-0.7408516677	0.7408516677	-0.7686851193	0.7686851193	0.7928443053	-0.7928443053	-0.7989842093	0.7989842093	-0.9433516354	0.9433516354	-0.9703380225	0.9703380225	-0.9831258007	0.9831258007	-1.000294913	1.000294913	-1.016556722	1.016556722	1.099468131	-1.099468131	-1.16996816	1.16996816	-1.178397538	1.178397538	-1.193907612	1.193907612	-1.237490402	1.237490402	1.330047875	-1.330047875	1.357205378	-1.357205378	-1.485634138	1.485634138	1.492847054	-1.492847054	1.634982476	-1.634982476	1.706610234	-1.706610234	1.732774842	-1.732774842	-1.786283964	1.786283964	1.822761945	-1.822761945	1.86560623	-1.86560623	-1.866407977	1.866407977	-1.940601518	1.940601518	-1.959377766	1.959377766	1.976134033	-1.976134033	-2.059347406	2.059347406	-2.061870918	2.061870918	-2.080562979	2.080562979	-2.128977334	2.128977334	-2.157037169	2.157037169	2.165703513	-2.165703513	-2.17247533	2.17247533	2.189608662	-2.189608662	-2.192270723	2.192270723	2.241280413	-2.241280413	-2.264607065	2.264607065	2.276579372	-2.276579372	-2.29889064	2.29889064	
-0.12	-0.0136271275	0.0136271275	-0.03546185168	0.03546185168	0.1345490933	-0.1345490933	0.2154906095	-0.2154906095	-0.2246516336	0.2246516336	0.2620735976	-0.2620735976	0.2709432539	-0.2709432539	-0.2916642264	0.2916642264	-0.3232920474	0.3232920474	0.3609332922	-0.3609332922	0.3654715851	-0.3654715851	0.4027253007	-0.4027253007	-0.4127458695	0.4127458695	0.4521727563	-0.4521727563	-0.5849194676	0.5849194676	-0.6098745081	0.6098745081	-0.6260862936	0.6260862936	0.6403584601	-0.6403584601	-0.6948634437	0.6948634437	-0.7364631569	0.7364631569	-0.7676584529	0.7676584529	0.7917927056	-0.7917927056	-0.7988649932	0.7988649932	0.9442522381	-0.9442522381	0.9706337558	-0.9706337558	0.9860674803	-0.9860674803	1.000113536	-1.000113536	-1.016694396	1.016694396	1.096490591	-1.096490591	-1.16588613	1.16588613	-1.178418337	1.178418337	-1.194239548	1.194239548	-1.240693398	1.240693398	1.329979118	-1.329979118	-1.357234011	1.357234011	1.485617362	-1.485617362	1.49271247	-1.49271247	1.63498819	-1.63498819	-1.709587487	1.709587487	1.732728059	-1.732728059	1.78643836	-1.78643836	-1.819823252	1.819823252	-1.865519453	1.865519453	-1.866360941	1.866360941	-1.938751549	1.938751549	-1.96277271	1.96277271	1.976994276	-1.976994276	-2.05929466	2.05929466	-2.063590488	2.063590488	2.080791989	-2.080791989	-2.129139425	2.129139425	-2.157153772	2.157153772	2.16558983	-2.16558983	2.173671575	-2.173671575	2.189604978	-2.189604978	2.192241934	-2.192241934	2.244207794	-2.244207794	-2.264599531	2.264599531	2.276595924	-2.276595924	-2.298592902	2.298592902	
