# phi/π evs ...
-1.04	-0.04726933518	0.04726933518	0.1306330017	-0.1306330017	-0.2255298178	0.2255298178	0.2542613463	-0.2542613463	0.2991840213	-0.2991840213	0.3549780485	-0.3549780485	0.4133172565	-0.4133172565	-0.4509212819	0.4509212819	-0.4846355854	0.4846355854	-0.4908604694	0.4908604694	0.5444643237	-0.5444643237	-0.6129937742	0.6129937742	-0.6474193495	0.6474193495	-0.6863519893	0.6863519893	-0.7629433525	0.7629433526	0.8324364467	-0.8324364467	-0.8961928499	0.89619285	-0.9256669096	0.9256669096	-1.102664917	1.102664917	-1.111949246	1.111949246	-1.112135759	1.112135759	-1.161306944	1.161306944	1.18251582	-1.18251582	1.189709705	-1.189709705	-1.207224443	1.207224443	-1.330284129	1.330284129	1.33982485	-1.33982485	-1.538282788	1.538282788	-1.545802488	1.545802488	-1.554195674	1.554195674	1.572041394	-1.572041394	-1.573318367	1.573318367	-1.581832752	1.581832752	-1.65285673	1.65285673	1.679628171	-1.679628171	1.699289806	-1.699289806	1.730715506	-1.730715506	-1.756847951	1.756847951	-1.782861849	1.782861849	-1.823519434	1.823519434	1.831530455	-1.831530455	-1.860677174	1.860677174	-1.867843999	1.867843999	-1.948970012	1.948970012	-2.015765583	2.015765583	2.03809105	-2.03809105	-2.049126174	2.049126174	-2.088400947	2.088400947	2.109074232	-2.109074232	-2.111545914	2.111545914	-2.142412366	2.142412366	2.164855103	-2.164855103	-2.266607528	2.266607528	-2.279396814	2.279396814	-2.284369795	2.284369795	-2.425159125	2.425159125	2.473862243	-2.473862243	-2.474341436	2.474341436	-2.490451101	2.490451101	2.528590366	-2.528590366	
-1.03	-0.05294156464	0.05294156464	-0.1223714324	0.1223714324	0.2286891469	-0.2286891469	0.2511361298	-0.2511361298	-0.300599282	0.300599282	0.3579904029	-0.3579904029	0.4211777897	-0.4211777897	0.4541081306	-0.4541081306	-0.4814460554	0.4814460554	-0.4847392476	0.4847392476	0.5415635274	-0.5415635274	-0.6129502013	0.6129502013	-0.6474221361	0.6474221361	0.6849300059	-0.6849300059	0.7630661023	-0.7630661023	0.8330483032	-0.8330483032	0.8961851381	-0.8961851381	0.9256738009	-0.9256738009	1.103063236	-1.103063236	-1.111676081	1.111676081	1.112061969	-1.112061969	1.16445933	-1.16445933	-1.184731829	1.184731829	-1.186592078	1.186592078	-1.207239314	1.207239314	-1.330269589	1.330269589	1.336901968	-1.336901968	-1.538335689	1.538335689	1.545833536	-1.545833536	-1.554165963	1.554165963	-1.573214805	1.573214805	1.574705099	-1.574705099	1.582132197	-1.582132197	1.651888375	-1.651888375	-1.679797945	1.679797945	1.699407443	-1.699407443	1.731151282	-1.731151282	1.756901289	-1.756901289	-1.783838911	1.783838911	-1.821292048	1.821292048	-1.831525475	1.831525475	1.860682669	-1.860682669	1.867766478	-1.867766478	1.948984412	-1.948984412	-2.015534125	2.015534125	-2.037920966	2.037920966	2.049014595	-2.049014595	2.088721829	-2.088721829	2.110389792	-2.110389792	2.111621756	-2.111621756	2.142429202	-2.142429202	-2.164130267	2.164130267	-2.266592258	2.266592258	2.279473232	-2.279473232	2.284303416	-2.284303416	2.425163689	-2.425163689	2.473911005	-2.473911005	-2.474277857	2.474277857	-2.490424242	2.490424242	2.528545676	-2.528545676	
-1.02	0.05849653025	-0.05849653025	0.114098317	-0.114098317	-0.231753585	0.231753585	-0.2480959959	0.2480959959	0.3015856972	-0.3015856972	0.3603969051	-0.3603969051	0.429079504	-0.429079504	0.4570264532	-0.4570264532	-0.4784493169	0.4784493169	0.4788454628	-0.4788454628	0.5392506778	-0.5392506778	-0.6129166119	0.6129166119	-0.64742652	0.64742652	0.6839342929	-0.6839342929	0.7631557826	-0.7631557826	0.8335276169	-0.8335276169	0.8961792444	-0.8961792444	0.9256787393	-0.9256787393	-1.1033526	1.1033526	1.111457408	-1.111457408	1.112007927	-1.112007927	-1.167510617	1.167510617	1.183566173	-1.183566173	1.186877093	-1.186877093	-1.207250786	1.207250786	1.330258871	-1.330258871	1.333924039	-1.333924039	-1.538374976	1.538374976	-1.545857592	1.545857592	1.554143536	-1.554143536	1.573143295	-1.573143295	1.577037233	-1.577037233	-1.582722601	1.582722601	-1.650904828	1.650904828	1.67995783	-1.67995783	1.699491979	-1.699491979	1.731465477	-1.731465477	1.756938983	-1.756938983	-1.784763493	1.784763493	1.819027496	-1.819027496	1.831522421	-1.831522421	-1.860686473	1.860686473	1.867707534	-1.867707534	-1.948995476	1.948995476	-2.015353893	2.015353893	2.03777057	-2.03777057	-2.048923955	2.048923955	2.088933898	-2.088933898	-2.111223464	2.111223464	-2.112145227	2.112145227	2.142442716	-2.142442716	2.163415803	-2.163415803	-2.266581066	2.266581066	2.279530435	-2.279530435	2.284253589	-2.284253589	2.425166689	-2.425166689	-2.473946622	2.473946622	-2.47420935	2.47420935	2.490404418	-2.490404418	2.528497189	-2.528497189	
-1.01	-0.06391517772	0.06391517772	-0.1058172671	0.1058172671	0.2345666886	-0.2345666886	-0.2452974055	0.2452974055	0.3021359833	-0.3021359833	-0.362147727	0.362147727	0.4370152279	-0.4370152279	-0.4593911779	0.4593911779	0.472943393	-0.472943393	0.4761821506	-0.4761821506	-0.5375777564	0.5375777564	-0.6128907622	0.6128907622	-0.647432552	0.647432552	-0.6833718569	0.6833718569	0.7632123113	-0.7632123113	-0.8338733039	0.8338733039	0.8961751791	-0.8961751791	0.9256817113	-0.9256817113	-1.10353283	1.10353283	1.111294027	-1.111294027	1.111973715	-1.111973715	1.170290188	-1.170290188	-1.180802596	1.180802596	1.188949967	-1.188949967	-1.2072589	1.2072589	-1.330251979	1.330251979	-1.330892683	1.330892683	-1.538400518	1.538400518	1.545874674	-1.545874674	1.554128513	-1.554128513	1.573103984	-1.573103984	1.578741765	-1.578741765	1.583899404	-1.583899404	1.649907461	-1.649907461	1.680107965	-1.680107965	-1.699543337	1.699543337	1.731656746	-1.731656746	1.756960839	-1.756960839	1.785633202	-1.785633202	-1.81672774	1.81672774	-1.831521292	1.831521292	1.860688579	-1.860688579	1.867667257	-1.867667257	1.949003229	-1.949003229	-2.015225489	2.015225489	2.037639939	-2.037639939	2.048854304	-2.048854304	-2.089037059	2.089037059	2.111371836	-2.111371836	-2.113318603	2.113318603	-2.142452903	2.142452903	2.1627129	-2.1627129	2.266573957	-2.266573957	-2.279567147	2.279567147	2.284221582	-2.284221582	2.425168122	-2.425168122	2.473968974	-2.473968974	-2.474136103	2.474136103	-2.490391735	2.490391735	-2.528444938	2.528444938	
-1	-0.06917771458	0.06917771458	0.09753155284	-0.09753155284	0.236466538	-0.236466538	0.2434022886	-0.2434022886	0.3022458754	-0.3022458754	0.3632033975	-0.3632033975	0.4449784652	-0.4449784652	0.4606304028	-0.4606304028	0.467327323	-0.467327323	0.4749393347	-0.4749393347	-0.5365857654	0.5365857654	0.6128711391	-0.6128711391	0.6474402931	-0.6474402931	0.683246689	-0.683246689	0.7632356369	-0.7632356369	-0.8340845139	0.8340845139	0.8961729485	-0.8961729485	0.9256827082	-0.9256827082	-1.103603841	1.103603841	1.111186536	-1.111186536	1.111959391	-1.111959391	1.172083324	-1.172083324	1.179016064	-1.179016064	1.190948829	-1.190948829	1.207263711	-1.207263711	1.327809517	-1.327809517	1.330248917	-1.330248917	-1.53841223	1.53841223	-1.545884795	1.545884795	-1.554120973	1.554120973	1.573096955	-1.573096955	1.579689173	-1.579689173	1.585791526	-1.585791526	-1.648897515	1.648897515	-1.680248534	1.680248534	-1.699561473	1.699561473	-1.731724013	1.731724013	1.756966742	-1.756966742	1.786445694	-1.786445694	-1.814394703	1.814394703	-1.831522082	1.831522082	-1.860688983	1.860688983	1.867645709	-1.867645709	1.949007686	-1.949007686	-2.015149342	2.015149342	2.037529126	-2.037529126	2.048805668	-2.048805668	2.08903134	-2.08903134	2.111405091	-2.111405091	-2.114570675	2.114570675	2.14245976	-2.14245976	-2.162022737	2.162022737	-2.266570935	2.266570935	-2.279582487	2.279582487	2.284208273	-2.284208273	2.425167985	-2.425167985	2.473977987	-2.473977987	2.474058309	-2.474058309	-2.490386264	2.490386264	2.528388965	-2.528388965	
-0.99	0.07426353702	-0.07426353702	-0.08924420057	0.08924420057	-0.2358714126	0.2358714126	0.2439923701	-0.2439923701	-0.3019142734	0.3019142734	0.3635388206	-0.3635388206	0.4529632937	-0.4529632937	0.4601729149	-0.4601729149	0.4619114443	-0.4619114443	-0.4753962473	0.4753962473	0.5363008125	-0.5363008125	0.6128568102	-0.6128568102	0.6474498157	-0.6474498157	-0.683559629	0.683559629	-0.7632257386	0.7632257386	-0.8341606338	0.8341606338	-0.896172555	0.896172555	0.925681726	-0.925681726	1.103565645	-1.103565645	1.11113532	-1.11113532	1.111964991	-1.111964991	1.171351869	-1.171351869	1.179744744	-1.179744744	1.192872078	-1.192872078	1.2072653	-1.2072653	1.324676162	-1.324676162	1.330249687	-1.330249687	1.538410073	-1.538410073	1.545887958	-1.545887958	1.554120952	-1.554120952	1.573122224	-1.573122224	1.58015528	-1.58015528	1.588122525	-1.588122525	-1.647876117	1.647876117	1.680379766	-1.680379766	1.699546376	-1.699546376	1.731666458	-1.731666458	-1.75695666	1.75695666	-1.787198674	1.787198674	-1.812030289	1.812030289	1.83152478	-1.83152478	1.860687684	-1.860687684	-1.867642929	1.867642929	1.949008853	-1.949008853	2.015125712	-2.015125712	2.037438158	-2.037438158	2.048778049	-2.048778049	2.088916889	-2.088916889	2.111419567	-2.111419567	-2.115804174	2.115804174	2.142463282	-2.142463282	-2.161346474	2.161346474	2.266572003	-2.266572003	-2.279576073	2.279576073	-2.284214042	2.284214042	2.42516628	-2.42516628	2.47397363	-2.47397363	-2.473976159	2.473976159	-2.490388032	2.490388032	2.52832932	-2.52832932	
-0.98	-0.07915119663	0.07915119663	0.08095807211	-0.08095807211	0.2334306105	-0.2334306105	0.2464183504	-0.2464183504	0.3011432843	-0.3011432843	-0.3631461113	0.3631461113	-0.4567167477	0.4567167477	0.4582612505	-0.4582612505	0.460964281	-0.460964281	-0.4773089023	0.4773089023	0.5367313294	-0.5367313294	0.612847339	-0.612847339	0.6474612072	-0.6474612072	0.6843083347	-0.6843083347	-0.7631826264	0.7631826264	0.8341012894	-0.8341012894	-0.8961739971	0.8961739971	0.9256787657	-0.9256787657	1.103418346	-1.103418346	-1.111140557	1.111140557	1.111990526	-1.111990526	1.168878264	-1.168878264	1.182206216	-1.182206216	1.194718121	-1.194718121	1.207263787	-1.207263787	-1.321494239	1.321494239	1.330254286	-1.330254286	1.538394057	-1.538394057	1.545884163	-1.545884163	-1.55412844	1.55412844	-1.573179741	1.573179741	-1.580403318	1.580403318	-1.590628535	1.590628535	1.646844286	-1.646844286	-1.680501933	1.680501933	-1.699498071	1.699498071	-1.731483506	1.731483506	-1.75693064	1.75693064	-1.787889905	1.787889905	-1.80963638	1.80963638	1.831529372	-1.831529372	1.860684684	-1.860684684	1.867658926	-1.867658926	1.949006726	-1.949006726	-2.015154682	2.015154682	2.037367038	-2.037367038	2.048771424	-2.048771424	-2.088693979	2.088693979	2.111429056	-2.111429056	2.117004475	-2.117004475	2.14246346	-2.14246346	-2.160685253	2.160685253	2.266577159	-2.266577159	2.279548071	-2.279548071	2.284238725	-2.284238725	-2.425163006	2.425163006	2.473889849	-2.473889849	2.473955916	-2.473955916	2.490397028	-2.490397028	2.528266061	-2.528266061	
-0.97	-0.07267593197	0.07267593197	-0.08381841724	0.08381841724	0.230474397	-0.230474397	0.2493499569	-0.2493499569	0.2999381574	-0.2999381574	-0.3620355253	0.3620355253	-0.4517659593	0.4517659593	0.4555586723	-0.4555586723	-0.4689764118	0.4689764118	-0.4800119847	0.4800119847	-0.5378671526	0.5378671526	0.612842751	-0.612842751	0.6474745724	-0.6474745724	-0.6854873597	0.6854873597	-0.7631063411	0.7631063411	-0.8339063457	0.8339063457	-0.8961772692	0.8961772692	0.9256738329	-0.9256738329	1.103162148	-1.103162148	-1.111202204	1.111202204	-1.112035983	1.112035983	1.165918711	-1.165918711	-1.185144313	1.185144313	1.196485343	-1.196485343	1.207259355	-1.207259355	-1.318265373	1.318265373	1.330262712	-1.330262712	1.53836424	-1.53836424	1.5458734	-1.5458734	1.554143383	-1.554143383	1.573269391	-1.573269391	-1.580552276	1.580552276	-1.593189907	1.593189907	1.645802944	-1.645802944	-1.680615357	1.680615357	-1.699416617	1.699416617	1.73117482	-1.73117482	-1.756888807	1.756888807	-1.788517206	1.788517206	-1.80721485	1.80721485	-1.831535835	1.831535835	1.860679991	-1.860679991	1.867693686	-1.867693686	1.949001291	-1.949001291	-2.01523616	2.01523616	-2.03731574	2.03731574	2.048785746	-2.048785746	2.088363004	-2.088363004	-2.111437313	2.111437313	2.118167084	-2.118167084	-2.142460288	2.142460288	-2.160040193	2.160040193	2.2665864	-2.2665864	-2.279499169	2.279499169	2.284281634	-2.284281634	-2.425158169	2.425158169	2.47379957	-2.47379957	2.473924902	-2.473924902	-2.490413201	2.490413201	2.528199256	-2.528199256	
-0.96	0.06440050831	-0.06440050831	-0.0882421734	0.0882421734	-0.2273575857	0.2273575857	-0.2524323624	0.2524323624	-0.2983071177	0.2983071177	-0.3602342263	0.3602342263	0.4470799993	-0.4470799993	-0.4524792072	0.4524792072	-0.4769950258	0.4769950258	-0.483092252	0.483092252	0.5396807293	-0.5396807293	-0.6128435449	0.6128435449	-0.6474900388	0.6474900388	-0.6870883323	0.6870883323	-0.7629969543	0.7629969543	-0.8335759048	0.8335759048	-0.8961823619	0.8961823619	-0.925666938	0.925666938	-1.102797348	1.102797348	-1.11132	1.11132	-1.112101327	1.112101327	-1.162804194	1.162804194	-1.188228099	1.188228099	-1.198172071	1.198172071	-1.207252305	1.207252305	-1.314991195	1.314991195	-1.330274959	1.330274959	-1.538320724	1.538320724	-1.545855652	1.545855652	-1.554165684	1.554165684	1.573390994	-1.573390994	-1.580651319	1.580651319	-1.595756789	1.595756789	1.644752919	-1.644752919	-1.680720411	1.680720411	-1.699302104	1.699302104	-1.730740292	1.730740292	-1.756831357	1.756831357	-1.789078461	1.789078461	-1.804767569	1.804767569	1.831544146	-1.831544146	-1.860673614	1.860673614	-1.867747166	1.867747166	-1.948992527	1.948992527	2.015369879	-2.015369879	-2.037284212	2.037284212	2.048820945	-2.048820945	-2.087924482	2.087924482	-2.111445756	2.111445756	2.11928993	-2.11928993	-2.142453756	2.142453756	2.15941239	-2.15941239	-2.26659972	2.26659972	-2.279430502	2.279430502	2.284341641	-2.284341641	-2.425151773	2.425151773	-2.473705516	2.473705516	-2.473880689	2.473880689	-2.49043646	2.49043646	-2.528128979	2.528128979	
-0.95	0.05613455254	-0.05613455254	0.09239884416	-0.09239884416	-0.2241723592	0.2241723592	-0.2555733639	0.2555733639	0.2962611106	-0.2962611106	0.3577832147	-0.3577832147	-0.4426816261	0.4426816261	-0.4492094171	0.4492094171	0.485015763	-0.485015763	0.4863629526	-0.4863629526	0.5421301173	-0.5421301173	0.6128507512	-0.6128507512	-0.6475077622	0.6475077622	-0.6891002233	0.6891002233	0.7628545684	-0.7628545684	-0.8331103024	0.8331103024	-0.8961892617	0.8961892617	-0.9256580961	0.9256580961	-1.102324342	1.102324342	1.111493461	-1.111493461	-1.112186494	1.112186494	1.159622935	-1.159622935	-1.191369423	1.191369423	1.199776461	-1.199776461	1.207243151	-1.207243151	1.311673343	-1.311673343	1.330291019	-1.330291019	-1.53826366	1.53826366	-1.545830896	1.545830896	1.554195203	-1.554195203	1.573544302	-1.573544302	-1.580722652	1.580722652	1.598306256	-1.598306256	1.643694951	-1.643694951	-1.680817519	1.680817519	-1.699154662	1.699154662	1.730180047	-1.730180047	-1.756758539	1.756758539	-1.789571623	1.789571623	1.802296417	-1.802296417	1.831554273	-1.831554273	1.860665566	-1.860665566	-1.867819295	1.867819295	1.948980402	-1.948980402	2.015555401	-2.015555401	2.037272371	-2.037272371	-2.048876926	2.048876926	2.087379051	-2.087379051	2.111455038	-2.111455038	2.120371796	-2.120371796	-2.14244385	2.14244385	-2.158802912	2.158802912	2.266617111	-2.266617111	-2.279343519	2.279343519	2.284417303	-2.284417303	2.425143824	-2.425143824	-2.473607877	2.473607877	2.473823419	-2.473823419	-2.490466677	2.490466677	2.528055315	-2.528055315	
-0.94	0.04788090216	-0.04788090217	0.09626445592	-0.09626445592	0.2209508424	-0.2209508424	-0.2587408076	0.2587408076	0.2938134753	-0.2938134753	-0.3547331746	0.3547331746	0.4385940788	-0.4385940788	0.4458342879	-0.4458342879	-0.489739056	0.489739056	0.4930345147	-0.4930345147	-0.5451630103	0.5451630103	0.6128660521	-0.6128660521	0.6475279346	-0.6475279346	0.6915096812	-0.6915096812	-0.7626793168	0.7626793168	-0.8325101021	0.8325101021	-0.8961979515	0.8961979515	-0.925647327	0.925647327	-1.101743619	1.101743619	-1.111721876	1.111721876	-1.112291397	1.112291397	1.15640629	-1.15640629	-1.194537029	1.194537029	1.201296271	-1.201296271	-1.207232866	1.207232866	-1.308313466	1.308313466	1.330310881	-1.330310881	-1.538193236	1.538193236	-1.545799103	1.545799103	-1.554231762	1.554231762	1.573729008	-1.573729008	-1.58077742	1.58077742	1.600826402	-1.600826402	-1.642629693	1.642629693	1.680907161	-1.680907161	-1.698974453	1.698974453	1.729494437	-1.729494437	1.756670646	-1.756670646	-1.789994714	1.789994714	1.79980329	-1.79980329	-1.831566184	1.831566184	1.860655864	-1.860655864	1.867909977	-1.867909977	1.948964875	-1.948964875	2.015792122	-2.015792122	2.037280104	-2.037280104	-2.048953569	2.048953569	2.086727467	-2.086727467	2.111465497	-2.111465497	2.12141186	-2.12141186	-2.142430558	2.142430558	-2.158212799	2.158212799	2.266638563	-2.266638563	2.279239857	-2.279239857	2.284506994	-2.284506994	-2.425134331	2.425134331	2.473506841	-2.473506841	2.473753276	-2.473753276	-2.49050369	2.49050369	2.527978356	-2.527978356	
-0.93	0.03964255249	-0.03964255249	-0.09981502814	0.09981502814	0.2177069017	-0.2177069017	0.2619207874	-0.2619207874	0.2909795694	-0.2909795694	-0.3511401147	0.3511401147	0.4348408759	-0.4348408759	0.4423958955	-0.4423958955	0.4931784672	-0.4931784672	0.5010473784	-0.5010473784	0.548720887	-0.548720887	0.6128919843	-0.6128919844	0.6475507959	-0.6475507959	-0.6943014132	0.6943014132	-0.7624713634	0.7624713634	0.8317760884	-0.8317760884	-0.8962084102	0.8962084102	0.925634655	-0.925634655	-1.101055763	1.101055763	1.112004297	-1.112004297	-1.112415925	1.112415925	1.153168056	-1.153168056	1.197717266	-1.197717266	1.202728225	-1.202728225	1.207223512	-1.207223512	1.304913224	-1.304913224	1.330334534	-1.330334534	-1.538109683	1.538109683	-1.545760235	1.545760235	-1.554275149	1.554275149	1.57394474	-1.57394474	1.580821741	-1.580821741	1.603310305	-1.603310305	1.641557714	-1.641557714	-1.680989878	1.680989878	-1.698761677	1.698761677	1.728684043	-1.728684043	-1.756567996	1.756567996	1.790345833	-1.790345833	1.797290115	-1.797290115	-1.831579842	1.831579842	-1.860644528	1.860644528	1.868019086	-1.868019086	1.948945901	-1.948945901	2.016079274	-2.016079274	2.037307262	-2.037307262	2.049050733	-2.049050733	2.085970607	-2.085970607	2.111477322	-2.111477322	2.122409528	-2.122409528	-2.142413861	2.142413861	2.157643062	-2.157643062	-2.266664062	2.266664062	-2.279121211	2.279121211	2.28460903	-2.28460903	2.425123305	-2.425123305	-2.47340259	2.47340259	2.473670475	-2.473670475	-2.490547303	2.490547303	2.527898201	-2.527898201	
-0.92	0.03142274392	-0.03142274392	-0.1030270331	0.1030270331	-0.2144474715	0.2144474715	-0.2651063144	0.2651063144	0.2877763669	-0.2877763669	0.3470615101	-0.3470615101	0.4314454206	-0.4314454206	-0.4389169406	0.4389169406	-0.4966584774	0.4966584774	0.5090506142	-0.5090506142	0.5527425317	-0.5527425317	-0.6129322724	0.6129322724	-0.6475766489	0.6475766489	-0.697458588	0.697458588	0.7622309028	-0.7622309028	-0.8309092575	0.8309092575	-0.8962206133	0.8962206133	-0.9256201089	0.9256201089	-1.10026145	1.10026145	1.112339527	-1.112339527	1.11255994	-1.11255994	-1.149915332	1.149915332	1.200903247	-1.200903247	1.204065958	-1.204065958	-1.207220306	1.207220306	-1.30147429	1.30147429	-1.330361963	1.330361963	-1.538013263	1.538013263	-1.545714247	1.545714247	1.554325118	-1.554325118	1.574191067	-1.574191067	1.580859229	-1.580859229	-1.605753494	1.605753494	-1.640479497	1.640479497	-1.681066273	1.681066273	1.698516571	-1.698516571	-1.727749666	1.727749666	-1.756450916	1.756450916	1.790623164	-1.790623164	1.79475886	-1.79475886	1.831595206	-1.831595206	1.860631579	-1.860631579	1.868146473	-1.868146473	-1.948923425	1.948923425	2.016415938	-2.016415938	2.037353655	-2.037353655	-2.04916825	2.04916825	2.085109465	-2.085109465	-2.111490625	2.111490625	2.12336436	-2.12336436	2.14239374	-2.14239374	-2.157094683	2.157094683	-2.266693594	2.266693594	-2.278989243	2.278989243	2.284721763	-2.284721763	2.425110756	-2.425110756	-2.473295305	2.473295305	2.473575269	-2.473575269	-2.490597293	2.490597293	2.527814958	-2.527814958	
-0.91	0.02322507475	-0.02322507475	-0.1058779783	0.1058779783	-0.2111764088	0.2111764088	-0.2682934552	0.2682934552	-0.2842220508	0.2842220508	-0.3425533374	0.3425533374	0.4284305092	-0.4284305092	-0.4354106082	0.4354106082	0.500165902	-0.500165902	0.5170405988	-0.5170405988	-0.5571664545	0.5571664545	-0.6129923732	0.6129923732	-0.6476058815	0.6476058815	0.7009632377	-0.7009632377	0.7619581604	-0.7619581604	0.8299108074	-0.8299108074	0.8962345326	-0.8962345326	-0.9256037219	0.9256037219	-1.099361445	1.099361445	-1.112723283	1.112723283	1.112726088	-1.112726088	-1.146652301	1.146652301	1.204091106	-1.204091106	1.205290984	-1.205290984	-1.207240644	1.207240644	1.297998357	-1.297998357	1.33039315	-1.33039315	-1.53790427	1.53790427	-1.545661088	1.545661088	1.554381396	-1.554381396	-1.574467497	1.574467497	-1.580892143	1.580892143	-1.608152793	1.608152793	1.639395442	-1.639395442	-1.681137017	1.681137017	1.698239407	-1.698239407	1.726692325	-1.726692325	-1.756319724	1.756319724	1.790824974	-1.790824974	-1.792211548	1.792211548	1.831612235	-1.831612235	-1.860617045	1.860617045	1.868291961	-1.868291961	-1.948897391	1.948897391	2.016801048	-2.016801048	-2.037419051	2.037419051	2.049305932	-2.049305932	2.084145153	-2.084145153	-2.111505476	2.111505476	2.124276029	-2.124276029	-2.142370174	2.142370174	2.156568611	-2.156568611	-2.266727141	2.266727141	2.278845515	-2.278845515	2.284843648	-2.284843648	-2.425096698	2.425096698	2.473185161	-2.473185161	-2.473467937	2.473467937	2.490653412	-2.490653412	-2.527728744	2.527728744	
-0.9	0.01505365369	-0.01505365369	-0.1083471148	0.1083471148	-0.2078960402	0.2078960402	-0.2714797723	0.2714797723	0.2803356199	-0.2803356199	0.337668095	-0.337668095	0.4258177558	-0.4258177558	-0.431885044	0.431885044	-0.5036926079	0.5036926079	0.5250137734	-0.5250137734	0.5619319689	-0.5619319689	-0.6130803838	0.6130803838	-0.6476389985	0.6476389985	-0.7047966411	0.7047966411	-0.7616533921	0.7616533921	-0.8287821261	0.8287821261	-0.8962501366	0.8962501366	-0.9255855313	0.9255855313	-1.098356603	1.098356603	-1.112905773	1.112905773	1.113162166	-1.113162166	1.143381811	-1.143381811	1.206313986	-1.206313986	1.207278493	-1.207278493	1.207372825	-1.207372825	-1.294487136	1.294487136	-1.330428078	1.330428078	-1.537783025	1.537783025	-1.545600699	1.545600699	1.55444369	-1.55444369	-1.574773485	1.574773485	-1.580921965	1.580921965	1.610505731	-1.610505731	-1.638305863	1.638305863	-1.681202851	1.681202851	-1.697930502	1.697930502	1.725513246	-1.725513246	-1.756174715	1.756174715	1.789650279	-1.789650279	-1.790949622	1.790949622	1.831630885	-1.831630885	-1.860600954	1.860600954	-1.868455347	1.868455347	1.948867734	-1.948867734	2.017233403	-2.017233403	2.037503164	-2.037503164	2.049463565	-2.049463565	2.083078903	-2.083078903	-2.111521915	2.111521915	2.125144309	-2.125144309	2.142343136	-2.142343136	-2.156065766	2.156065766	2.266764682	-2.266764682	-2.278691454	2.278691454	2.284973275	-2.284973275	2.425081146	-2.425081146	-2.473072326	2.473072326	-2.473348785	2.473348785	-2.490715389	2.490715389	-2.527639681	2.527639681	
-0.89	-0.006913314535	0.006913314535	-0.1104162735	0.1104162735	-0.2046078623	0.2046078623	0.2746635982	-0.2746635982	-0.2761365229	0.2761365229	-0.3324537063	0.3324537063	-0.4236269425	0.4236269425	-0.4283455663	0.4283455663	-0.507233321	0.507233321	-0.5329665754	0.5329665754	-0.5669787499	0.5669787499	0.6132086019	-0.6132086019	-0.6476766699	0.6476766699	-0.7089396734	0.7089396734	-0.7613168843	0.7613168843	-0.8275247798	0.8275247798	0.8962673904	-0.8962673904	-0.9255655788	0.9255655788	-1.097247862	1.097247862	-1.113107205	1.113107205	-1.113645481	1.113645481	-1.140106198	1.140106198	1.206805178	-1.206805178	1.207945687	-1.207945687	-1.210463877	1.210463877	-1.290942362	1.290942362	-1.330466723	1.330466723	-1.537649867	1.537649867	-1.545533014	1.545533014	-1.554511684	1.554511684	-1.575108428	1.575108428	-1.580949707	1.580949707	-1.612810236	1.612810236	-1.637210987	1.637210987	-1.681264592	1.681264592	1.69759021	-1.69759021	-1.724213844	1.724213844	-1.756016139	1.756016139	-1.787077246	1.787077246	-1.790995566	1.790995566	-1.831651109	1.831651109	1.860583338	-1.860583338	-1.868636406	1.868636406	1.948834391	-1.948834391	2.017711676	-2.017711676	-2.037605646	2.037605646	-2.049640913	2.049640913	2.081912075	-2.081912075	-2.111539966	2.111539966	-2.125969054	2.125969054	-2.142312598	2.142312598	2.15558703	-2.15558703	-2.266806195	2.266806195	-2.278528339	2.278528339	-2.285109388	2.285109388	2.425064117	-2.425064117	2.472956963	-2.472956963	-2.473218141	2.473218141	2.490782938	-2.490782938	2.527547901	-2.527547901	
-0.88	0.001190070756	-0.001190070757	0.112070831	-0.112070831	-0.201312891	0.201312891	-0.2716443329	0.2716443329	-0.2778436326	0.2778436326	-0.3269531213	0.3269531213	0.4218752448	-0.4218752448	0.4247959366	-0.4247959366	0.5107844758	-0.5107844758	0.5408953383	-0.5408953383	0.5722445105	-0.5722445105	-0.6133963088	0.6133963088	-0.6477198033	0.6477198033	-0.7133731136	0.7133731136	-0.760948954	0.760948954	-0.8261405002	0.8261405002	-0.8962862563	0.8962862563	0.9255439096	-0.9255439096	-1.096036242	1.096036242	1.113327355	-1.113327355	-1.114173037	1.114173037	1.136827905	-1.136827905	-1.20689132	1.20689132	-1.208831596	1.208831596	1.213646204	-1.213646204	-1.287365796	1.287365796	-1.330509064	1.330509064	1.537505156	-1.537505156	-1.545457959	1.545457959	-1.554585052	1.554585052	1.575471674	-1.575471674	1.58097608	-1.58097608	1.615064441	-1.615064441	-1.636110956	1.636110956	1.681323136	-1.681323136	-1.69721893	1.69721893	-1.722795716	1.722795716	-1.755844182	1.755844182	1.784494766	-1.784494766	1.790961365	-1.790961365	-1.83167286	1.83167286	-1.860564231	1.860564231	-1.868834886	1.868834886	1.948797294	-1.948797294	-2.018234427	2.018234427	2.037726073	-2.037726073	2.049837715	-2.049837715	-2.080646158	2.080646158	2.111559643	-2.111559643	2.126750195	-2.126750195	2.142278529	-2.142278529	-2.155133255	2.155133255	2.266851655	-2.266851655	-2.278357296	2.278357296	2.285250882	-2.285250882	-2.425045628	2.425045628	2.472839229	-2.472839229	-2.47307635	2.47307635	-2.490855758	2.490855758	2.52745354	-2.52745354	
-0.87	0.009249119956	-0.009249119957	0.1133008228	-0.1133008228	0.1980118475	-0.1980118475	0.2668784671	-0.2668784671	-0.2810186264	0.2810186264	0.3212044515	-0.3212044515	0.4205736951	-0.4205736951	-0.4212418966	0.4212418966	0.5143435758	-0.5143435758	0.5487961278	-0.5487961278	0.5776598619	-0.5776598619	0.6136749311	-0.6136749311	0.6477696608	-0.6477696608	0.7180779035	-0.7180779035	-0.7605499489	0.7605499489	-0.8246311721	0.8246311721	-0.8963066936	0.8963066936	0.9255205732	-0.9255205732	1.094722844	-1.094722844	-1.113565978	1.113565978	-1.11474051	1.11474051	-1.133550288	1.133550288	1.206889214	-1.206889214	1.209712957	-1.209712957	-1.21682471	1.21682471	1.283759227	-1.283759227	-1.330555073	1.330555073	1.537349261	-1.537349261	-1.545375452	1.545375452	1.554663456	-1.554663456	-1.57586252	1.57586252	-1.581001602	1.581001602	1.617266581	-1.617266581	-1.635005819	1.635005819	1.681379464	-1.681379464	1.696817112	-1.696817112	1.721260611	-1.721260611	-1.755658934	1.755658934	-1.781905312	1.781905312	-1.790845688	1.790845688	-1.83169609	1.83169609	1.860543669	-1.860543669	-1.869050518	1.869050518	1.948756377	-1.948756377	2.018800114	-2.018800114	2.037863926	-2.037863926	2.050053687	-2.050053687	-2.079282795	2.079282795	2.111580948	-2.111580948	2.127487732	-2.127487732	-2.142240895	2.142240895	2.154705252	-2.154705252	2.266901033	-2.266901033	-2.278179311	2.278179311	-2.285396797	2.285396797	2.425025698	-2.425025698	2.472719274	-2.472719274	-2.47292377	2.47292377	-2.490933539	2.490933539	2.527356744	-2.527356744	
-0.86	-0.01725420399	0.01725420399	-0.1141022564	0.1141022564	0.1947052649	-0.1947052649	0.2618579565	-0.2618579565	0.2841869094	-0.2841869094	-0.3152416236	0.3152416236	-0.4176709526	0.4176709526	0.4197471972	-0.4197471972	0.5179088192	-0.5179088192	-0.5566644408	0.5566644408	-0.5831382167	0.5831382167	0.6140979445	-0.6140979445	-0.6478280495	0.6478280495	-0.7230353576	0.7230353576	0.7601202477	-0.7601202477	-0.8229988221	0.8229988221	-0.8963286589	0.8963286589	0.9254956225	-0.9254956225	-1.093308848	1.093308848	-1.11382281	1.11382281	1.115340667	-1.115340667	-1.130279318	1.130279318	-1.206861868	1.206861868	-1.21052605	1.21052605	-1.219998819	1.219998819	-1.28012448	1.28012448	1.330604722	-1.330604722	-1.537182562	1.537182562	-1.545285406	1.545285406	1.554746554	-1.554746554	1.576280218	-1.576280218	-1.581026656	1.581026656	-1.619414914	1.619414914	-1.63389554	1.63389554	1.681434641	-1.681434641	-1.696385256	1.696385256	-1.719610417	1.719610417	-1.755460352	1.755460352	1.779311566	-1.779311566	-1.790647315	1.790647315	1.831720753	-1.831720753	-1.860521693	1.860521693	-1.869283006	1.869283006	-1.948711571	1.948711571	2.019407106	-2.019407106	2.038018567	-2.038018567	-2.050288519	2.050288519	-2.077823795	2.077823795	2.111603881	-2.111603881	-2.12818173	2.12818173	2.142199663	-2.142199663	-2.154303794	2.154303794	2.266954301	-2.266954301	-2.277995244	2.277995244	2.285546302	-2.285546302	2.42500435	-2.42500435	2.472597239	-2.472597239	-2.472760771	2.472760771	2.491015965	-2.491015965	-2.527257661	2.527257661	
-0.85	0.02519225602	-0.02519225602	0.1144787634	-0.1144787634	0.1913935509	-0.1913935509	-0.2566012641	0.2566012641	0.2873449948	-0.2873449948	0.3090961442	-0.3090961442	-0.4141029896	0.4141029896	0.4193836813	-0.4193836813	0.5214788711	-0.5214788711	-0.5644945952	0.5644945952	-0.5885565132	0.5885565132	0.614759981	-0.614759981	0.6478976521	-0.6478976521	0.728227324	-0.728227324	-0.7596602602	0.7596602602	0.8212456081	-0.8212456082	0.8963521063	-0.8963521063	0.9254691139	-0.9254691139	-1.091795506	1.091795506	-1.114097568	1.114097568	-1.11595838	1.11595838	-1.127028645	1.127028645	1.206822676	-1.206822676	1.211256857	-1.211256857	-1.223168071	1.223168071	-1.276463417	1.276463417	1.33065798	-1.33065798	-1.537005442	1.537005442	1.545187723	-1.545187723	1.554833999	-1.554833999	-1.576723975	1.576723975	-1.581051532	1.581051532	1.621507669	-1.621507669	1.632779989	-1.632779989	-1.681489819	1.681489819	1.695923923	-1.695923923	-1.717847137	1.717847137	-1.755248192	1.755248192	-1.776716494	1.776716494	-1.790365151	1.790365151	1.831746798	-1.831746798	-1.860498344	1.860498344	-1.869532037	1.869532037	-1.948662812	1.948662812	2.020053693	-2.020053693	2.038189201	-2.038189201	2.050541875	-2.050541875	-2.076271172	2.076271172	-2.111628432	2.111628432	2.128832313	-2.128832313	-2.142154796	2.142154796	-2.153929611	2.153929611	2.267011424	-2.267011424	2.277805839	-2.277805839	-2.285698681	2.285698681	2.424981606	-2.424981606	-2.472473259	2.472473259	-2.472587729	2.472587729	-2.491102717	2.491102717	-2.527156449	2.527156449	
-0.84	0.03304477002	-0.03304477002	-0.1144438985	0.1144438985	-0.1880770278	0.1880770278	-0.2511261518	0.2511261518	-0.2904799913	0.2904799913	0.3028051407	-0.3028051407	0.4105305003	-0.4105305003	0.4194937189	-0.4194937189	0.5250527191	-0.5250527191	0.5722783303	-0.5722783303	0.5937217837	-0.5937217837	-0.6158305529	0.6158305529	-0.6479826275	0.6479826275	0.7336362994	-0.7336362994	0.7591704282	-0.7591704282	0.8193738136	-0.8193738136	-0.8963769878	0.8963769878	-0.9254411071	0.9254411071	-1.090184143	1.090184143	1.114389951	-1.114389951	1.116549864	-1.116549864	-1.123840411	1.123840411	-1.206775913	1.206775913	-1.211900568	1.211900568	-1.226332088	1.226332088	1.272777944	-1.272777944	-1.330714815	1.330714815	-1.536818287	1.536818287	-1.5450823	1.5450823	1.554925446	-1.554925446	-1.577192956	1.577192956	-1.581076453	1.581076453	1.623543011	-1.623543011	-1.631658945	1.631658945	-1.681546234	1.681546234	-1.695433743	1.695433743	1.715972865	-1.715972865	1.755021895	-1.755021895	1.77412347	-1.77412347	-1.789998225	1.789998225	1.831774178	-1.831774178	-1.860473664	1.860473664	-1.869797281	1.869797281	1.948610036	-1.948610036	-2.020738099	2.020738099	-2.038374829	2.038374829	-2.050813385	2.050813385	2.074627195	-2.074627195	-2.111654592	2.111654592	2.129439661	-2.129439661	-2.142106259	2.142106259	2.153583385	-2.153583385	-2.267072368	2.267072368	2.277611744	-2.277611744	-2.285853319	2.285853319	-2.424957489	2.424957489	2.47234746	-2.47234746	2.472405025	-2.472405025	-2.491193475	2.491193475	2.527053268	-2.527053268	
-0.83	0.04078429372	-0.04078429372	-0.1140247482	0.1140247482	-0.1847559574	0.1847559574	-0.2454495903	0.2454495903	-0.2934176351	0.2934176351	-0.2965637947	0.2965637947	-0.4069548556	0.4069548556	-0.4200742376	0.4200742376	-0.5286295797	0.5286295797	-0.5800010746	0.5800010746	0.5983363582	-0.5983363582	-0.6175909061	0.6175909061	-0.6480897815	0.6480897815	-0.739245501	0.739245501	-0.7586512261	0.7586512261	-0.8173858462	0.8173858462	-0.8964032532	0.8964032532	-0.9254116651	0.9254116651	-1.088476156	1.088476156	1.114699638	-1.114699638	-1.116908486	1.116908486	-1.120919485	1.120919485	-1.206723333	1.206723333	1.21245499	-1.21245499	-1.229490541	1.229490541	-1.269070016	1.269070016	-1.330775191	1.330775191	-1.536621481	1.536621481	1.544969025	-1.544969025	-1.555020556	1.555020556	1.577686288	-1.577686288	-1.581101596	1.581101596	1.625519007	-1.625519007	-1.630532098	1.630532098	-1.681605202	1.681605202	-1.69491543	1.69491543	1.713989763	-1.713989763	1.754780384	-1.754780384	-1.771536483	1.771536483	-1.789545698	1.789545698	-1.831802843	1.831802843	-1.8604477	1.8604477	1.870078388	-1.870078388	1.948553184	-1.948553184	-2.021458496	2.021458496	-2.03857417	2.03857417	2.051102644	-2.051102644	2.072894463	-2.072894463	2.111682345	-2.111682345	-2.13000401	2.13000401	2.142054019	-2.142054019	-2.153265748	2.153265748	2.267137094	-2.267137094	-2.277413523	2.277413523	2.286009684	-2.286009684	2.424932026	-2.424932026	2.472213043	-2.472213043	-2.472219963	2.472219963	-2.491287924	2.491287924	-2.526948286	2.526948286	
-0.82	-0.04836800317	0.04836800317	0.1132682487	-0.1132682487	0.181430558	-0.181430558	0.2395877086	-0.2395877086	0.2895759975	-0.2895759975	0.2969720815	-0.2969720815	0.4033767658	-0.4033767658	0.4211182185	-0.4211182185	0.5322088346	-0.5322088346	0.5876296364	-0.5876296364	-0.6020579876	0.6020579876	0.6203832548	-0.6203832548	0.6482310411	-0.6482310411	0.7450388947	-0.7450388947	0.7581031624	-0.7581031624	0.8152842491	-0.8152842491	0.8964308506	-0.8964308506	0.9253808539	-0.9253808539	1.086673005	-1.086673005	1.115026297	-1.115026297	1.115887256	-1.115887256	1.119410997	-1.119410997	1.20666578	-1.20666578	1.212918935	-1.212918935	-1.232643126	1.232643126	1.265341653	-1.265341653	1.330839069	-1.330839069	1.536415404	-1.536415404	1.544847777	-1.544847777	1.555118992	-1.555118992	1.578203062	-1.578203062	1.5811271	-1.5811271	1.62743361	-1.62743361	-1.629399046	1.629399046	-1.681668101	1.681668101	-1.694369802	1.694369802	1.711900047	-1.711900047	1.754521677	-1.754521677	1.76896054	-1.76896054	-1.789006871	1.789006871	-1.831832746	1.831832746	1.860420499	-1.860420499	1.870374994	-1.870374994	1.948492199	-1.948492199	-2.022213014	2.022213014	-2.038785556	2.038785556	2.051409199	-2.051409199	2.071076026	-2.071076026	2.111711676	-2.111711676	-2.130525641	2.130525641	-2.141998045	2.141998045	2.152977276	-2.152977276	2.267205563	-2.267205563	2.277211669	-2.277211669	2.286167322	-2.286167322	2.424905242	-2.424905242	-2.472012165	2.472012165	2.472090877	-2.472090877	2.491385751	-2.491385751	-2.526841671	2.526841671	
-0.81	0.05572540624	-0.05572540624	-0.1122531722	0.1122531722	0.1781010162	-0.1781010162	0.2335557796	-0.2335557796	0.2829464646	-0.2829464646	0.3000541964	-0.3000541964	0.3997967547	-0.3997967547	0.4226145534	-0.4226145534	0.5357899874	-0.5357899874	0.5950562353	-0.5950562353	0.6048091365	-0.6048091365	-0.6243512257	0.6243512257	-0.6484292564	0.6484292564	-0.7510011751	0.7510011751	-0.7575267813	0.7575267813	-0.8130717335	0.8130717335	-0.8964597264	0.8964597264	0.9253487422	-0.9253487422	-1.084776219	1.084776219	-1.113115903	1.113115903	-1.115369573	1.115369573	-1.119683292	1.119683292	1.206603702	-1.206603702	1.213291716	-1.213291716	1.235789531	-1.235789531	-1.261594965	1.261594965	1.33090641	-1.33090641	-1.536200432	1.536200432	-1.544718429	1.544718429	1.555220428	-1.555220428	1.578742336	-1.578742336	-1.581153076	1.581153076	1.628259302	-1.628259302	1.629284633	-1.629284633	-1.681736349	1.681736349	-1.69379781	1.69379781	1.709705959	-1.709705959	1.75424208	-1.75424208	-1.766402474	1.766402474	-1.788381192	1.788381192	-1.831863838	1.831863838	-1.860392109	1.860392109	-1.870686719	1.870686719	-1.94842703	1.94842703	-2.022999754	2.022999754	2.039006762	-2.039006762	2.051732523	-2.051732523	2.069175569	-2.069175569	2.111742563	-2.111742563	-2.131004887	2.131004887	-2.141938312	2.141938312	2.152718486	-2.152718486	-2.26727773	2.26727773	-2.277006614	2.277006614	2.286325837	-2.286325837	2.424877167	-2.424877167	-2.471802771	2.471802771	2.471960307	-2.471960307	-2.491486651	2.491486651	2.526733599	-2.526733599	
-0.8	0.06273404806	-0.06273404806	-0.1111139347	0.1111139347	-0.1747674943	0.1747674943	0.2273682382	-0.2273682382	-0.2761754856	0.2761754856	-0.3031771654	0.3031771654	0.3962152384	-0.3962152384	0.4245484521	-0.4245484521	-0.5393726332	0.5393726332	0.601702991	-0.601702991	0.6073459576	-0.6073459576	-0.6292505117	0.6292505117	0.6487337023	-0.6487337023	-0.7569226662	0.7569226662	0.7571176764	-0.7571176764	-0.8107512598	0.8107512598	-0.8964898257	0.8964898257	0.9253154017	-0.9253154017	-1.082787386	1.082787386	-1.109940547	1.109940547	1.115729102	-1.115729102	-1.120388274	1.120388274	-1.206537353	1.206537353	1.213572945	-1.213572945	-1.238929362	1.238929362	1.25783222	-1.25783222	-1.330977169	1.330977169	-1.53597693	1.53597693	-1.544580843	1.544580843	-1.555324545	1.555324545	1.579303133	-1.579303133	1.581179617	-1.581179617	-1.627112295	1.627112295	1.631069744	-1.631069744	-1.681811359	1.681811359	1.693200582	-1.693200582	-1.707409755	1.707409755	-1.753934366	1.753934366	1.763872765	-1.763872765	-1.787668259	1.787668259	-1.83189607	1.83189607	-1.86036258	1.86036258	-1.871013171	1.871013171	1.948357629	-1.948357629	-2.023816794	2.023816794	-2.039234749	2.039234749	-2.05207197	2.05207197	-2.06719772	2.06719772	2.111774986	-2.111774986	-2.131442122	2.131442122	2.141874803	-2.141874803	-2.15248983	2.15248983	-2.267353549	2.267353549	-2.27679874	2.27679874	2.286484888	-2.286484888	-2.424847829	2.424847829	2.471585237	-2.471585237	-2.471828349	2.471828349	2.491590328	-2.491590328	2.526624247	-2.526624247	
-0.79	0.06917212337	-0.06917212337	0.1100873594	-0.1100873594	-0.1714301368	0.1714301368	-0.2210387323	0.2210387323	0.269312545	-0.269312545	-0.3063031861	0.3063031861	-0.3926325577	0.3926325577	0.4269020082	-0.4269020082	-0.5429564364	0.5429564364	0.6052962038	-0.6052962038	0.6122636607	-0.6122636607	0.6346205329	-0.6346205329	-0.6492684366	0.6492684366	-0.7562914428	0.7562914428	-0.7633741505	0.7633741505	0.8083262359	-0.8083262359	0.8965210925	-0.8965210925	0.9252809064	-0.9252809064	-1.080708156	1.080708156	-1.10667368	1.10667368	1.116104501	-1.116104501	1.121211441	-1.121211441	1.206466878	-1.206466878	-1.21376245	1.21376245	-1.242061834	1.242061834	-1.254056155	1.254056155	1.331051302	-1.331051302	-1.535745257	1.535745257	1.544434875	-1.544434876	-1.555431037	1.555431037	1.57988445	-1.57988445	1.581206796	-1.581206796	-1.625957374	1.625957374	-1.632786452	1.632786452	-1.681894469	1.681894469	1.692579489	-1.692579489	1.705013691	-1.705013691	1.753583185	-1.753583185	1.761390142	-1.761390142	1.786867829	-1.786867829	-1.831929393	1.831929393	1.860331963	-1.860331963	1.871353948	-1.871353948	1.948283954	-1.948283954	2.024662204	-2.024662204	2.039465242	-2.039465242	-2.052426675	2.052426675	-2.065148569	2.065148569	2.11180892	-2.11180892	-2.131837763	2.131837763	-2.141807507	2.141807507	-2.152291688	2.152291688	-2.267432973	2.267432973	2.276588386	-2.276588386	2.28664418	-2.28664418	-2.42481726	2.42481726	-2.471359935	2.471359935	2.47169509	-2.47169509	2.491696493	-2.491696493	2.526513797	-2.526513797	
-0.78	0.07464043896	-0.07464043896	0.109589992	-0.109589992	0.1680890739	-0.1680890739	0.2145802135	-0.2145802135	-0.2623739885	0.2623739885	-0.3094260698	0.3094260698	0.3890489973	-0.3890489973	0.4296548445	-0.4296548445	-0.5465411151	0.5465411151	-0.60645051	0.60645051	0.6191889684	-0.6191889684	-0.639840173	0.639840173	0.6503996637	-0.6503996637	0.7556337858	-0.7556337858	-0.769756204	0.769756204	-0.8058010449	0.8058010449	0.8965534699	-0.8965534699	-0.9252453331	0.9252453331	-1.078540236	1.078540236	1.103372325	-1.103372325	-1.116495375	1.116495375	-1.122093742	1.122093742	-1.206392358	1.206392358	-1.213860236	1.213860236	-1.245183017	1.245183017	1.250272727	-1.250272727	-1.33112876	1.33112876	1.535505759	-1.535505759	1.544280372	-1.544280372	-1.555539607	1.555539607	1.580485252	-1.580485252	-1.581234677	1.581234677	-1.624793819	1.624793819	1.634432114	-1.634432114	-1.681986831	1.681986831	-1.691936256	1.691936256	1.702520008	-1.702520008	-1.753151916	1.753151916	-1.758994714	1.758994714	-1.785979822	1.785979822	1.831963759	-1.831963759	-1.860300311	1.860300311	1.871708634	-1.871708634	-1.948205968	1.948205968	-2.025534054	2.025534054	-2.039692027	2.039692027	-2.052795287	2.052795287	2.063036638	-2.063036638	-2.111844339	2.111844339	2.132192265	-2.132192265	2.141736426	-2.141736426	-2.152124369	2.152124369	2.267515948	-2.267515948	2.276375855	-2.276375855	-2.286803453	2.286803453	-2.424785492	2.424785492	-2.471127231	2.471127231	2.471560612	-2.471560612	-2.491804871	2.491804871	2.526402429	-2.526402429	
-0.77	0.07851881997	-0.07851881997	0.1102609036	-0.1102609036	-0.164744425	0.164744425	-0.2080050849	0.2080050849	0.2553706853	-0.2553706853	-0.3125438079	0.3125438079	0.3854647991	-0.3854647991	0.4327847802	-0.4327847802	-0.550126429	0.550126429	0.6069617264	-0.6069617264	0.626456055	-0.626456055	0.6438192654	-0.6438192654	0.6530752165	-0.6530752165	-0.7549504275	0.7549504275	0.776247591	-0.776247591	0.8031827082	-0.8031827082	0.8965869004	-0.8965869004	0.9252087608	-0.9252087608	1.076285388	-1.076285388	-1.10005325	1.10005325	-1.116901316	1.116901316	-1.123016376	1.123016376	-1.206313827	1.206313827	1.213866473	-1.213866473	1.246432427	-1.246432427	-1.248344532	1.248344532	1.331209492	-1.331209492	1.535258774	-1.535258774	-1.544117172	1.544117172	-1.55564997	1.55564997	-1.581104478	1.581104478	1.58126331	-1.58126331	1.623620848	-1.623620848	1.636003933	-1.636003933	1.682089215	-1.682089215	-1.691273132	1.691273132	1.699930923	-1.699930923	-1.752542428	1.752542428	-1.756788217	1.756788217	-1.785004332	1.785004332	1.831999115	-1.831999115	1.860267675	-1.860267675	1.872076808	-1.872076808	-1.948123638	1.948123638	-2.026430421	2.026430421	2.039905728	-2.039905728	-2.053175174	2.053175174	2.060874892	-2.060874892	2.111881217	-2.111881217	-2.13250612	2.13250612	-2.14166157	2.14166157	-2.151988105	2.151988105	-2.267602422	2.267602422	2.27616142	-2.27616142	-2.286962481	2.286962481	-2.424752558	2.424752558	-2.470887483	2.470887483	-2.471424989	2.471424989	-2.491915193	2.491915193	-2.526290328	2.526290328	
-0.76	0.08021874305	-0.08021874305	-0.1127081931	0.1127081931	-0.1613963008	0.1613963008	-0.2013254533	0.2013254533	-0.2483113148	0.2483113148	0.3156554784	-0.3156554784	-0.3818801718	0.3818801718	-0.436268476	0.436268476	0.5537121705	-0.5537121705	-0.6072225074	0.6072225074	0.6337046749	-0.6337046749	-0.6458984321	0.6458984321	-0.6579107138	0.6579107138	0.754242171	-0.754242171	0.7828230787	-0.7828230787	-0.800487971	0.800487971	0.896621326	-0.896621326	0.9251712709	-0.9251712709	-1.073945431	1.073945431	1.096723086	-1.096723086	1.117321903	-1.117321903	1.123970679	-1.123970679	1.206231281	-1.206231281	-1.213781483	1.213781483	-1.242648966	1.242648966	-1.25143486	1.25143486	-1.331293444	1.331293444	-1.535004626	1.535004626	-1.543945103	1.543945103	1.555761856	-1.555761856	1.581292739	-1.581292739	1.581741037	-1.581741037	1.622437627	-1.622437627	-1.637498982	1.637498982	1.682201694	-1.682201694	1.690593183	-1.690593183	1.697248626	-1.697248626	1.751514408	-1.751514408	1.75501467	-1.75501467	-1.783941625	1.783941625	1.832035414	-1.832035414	1.860234111	-1.860234111	1.872458038	-1.872458038	-1.948036938	1.948036938	-2.027349399	2.027349399	2.040091617	-2.040091617	2.053559208	-2.053559208	-2.058686153	2.058686153	-2.111919523	2.111919523	2.132779853	-2.132779853	-2.141582963	2.141582963	2.151883049	-2.151883049	2.267692336	-2.267692336	2.275945327	-2.275945327	-2.287121068	2.287121068	2.424718492	-2.424718492	-2.470641044	2.470641044	-2.47128829	2.47128829	2.492027207	-2.492027207	2.52617768	-2.52617768	
-0.75	0.07972510841	-0.07972510841	-0.1169661913	0.1169661913	-0.1580448051	0.1580448051	0.1945536013	-0.1945536013	-0.2412032314	0.2412032314	-0.3187605455	0.3187605455	-0.3782952976	0.3782952976	-0.4400820216	0.4400820216	0.5572981577	-0.5572981577	-0.6073462952	0.6073462952	-0.6406248934	0.6406248934	0.6471849642	-0.6471849642	-0.663984804	0.663984804	-0.7535099109	0.7535099109	-0.7893928029	0.7893928029	-0.7977988957	0.7977988957	-0.8966566885	0.8966566885	-0.9251329473	0.9251329473	-1.071522233	1.071522233	-1.093384996	1.093384996	1.117756704	-1.117756704	1.124951466	-1.124951466	-1.206144679	1.206144679	-1.213605749	1.213605749	1.238840054	-1.238840054	-1.254538574	1.254538574	-1.331380561	1.331380561	-1.534743627	1.534743627	-1.543763987	1.543763987	-1.555875004	1.555875004	1.581323001	-1.581323001	1.582393809	-1.582393809	-1.621243293	1.621243293	1.638914226	-1.638914226	-1.6823231	1.6823231	-1.689900808	1.689900808	-1.694475272	1.694475272	-1.749847819	1.749847819	-1.753897905	1.753897905	1.782792157	-1.782792157	-1.832072602	1.832072602	-1.860199672	1.860199672	-1.872851887	1.872851887	1.947945846	-1.947945846	-2.028289104	2.028289104	2.040225535	-2.040225535	-2.05391374	2.05391374	-2.056529198	2.056529198	2.111959227	-2.111959227	-2.133014021	2.133014021	2.14150064	-2.14150064	-2.151809271	2.151809271	-2.267785631	2.267785631	2.275727802	-2.275727802	-2.287279036	2.287279036	-2.424683331	2.424683331	-2.470388257	2.470388257	-2.471150576	2.471150576	2.492140668	-2.492140668	2.526064669	-2.526064669	
-0.74	-0.07756869983	0.07756869983	0.1225215173	-0.1225215173	0.1546900362	-0.1546900362	0.1877030024	-0.1877030024	-0.2340528229	0.2340528229	-0.3218586394	0.3218586394	0.374710338	-0.374710338	0.4442014433	-0.4442014433	0.5608842298	-0.5608842298	0.6073823686	-0.6073823686	0.6453082626	-0.6453082626	0.6502651882	-0.6502651882	0.6705603933	-0.6705603933	0.7527546663	-0.7527546663	0.793773084	-0.793773084	0.7972919916	-0.7972919916	-0.8966929298	0.8966929298	0.9250938761	-0.9250938761	1.069017716	-1.069017716	-1.090040701	1.090040701	1.118205276	-1.118205276	-1.12595501	1.12595501	-1.20605394	1.20605394	-1.213339917	1.213339917	1.235027101	-1.235027101	1.257636645	-1.257636645	-1.331470782	1.331470782	1.534476077	-1.534476077	-1.543573634	1.543573634	1.555989167	-1.555989167	-1.581354125	1.581354125	1.58306164	-1.58306164	-1.620036962	1.620036962	-1.640246564	1.640246564	-1.682450048	1.682450048	1.689202655	-1.689202655	1.691612983	-1.691612983	-1.747752607	1.747752607	1.75323185	-1.75323185	-1.781556567	1.781556567	1.832110629	-1.832110629	-1.860164413	1.860164413	1.873257912	-1.873257912	1.947850347	-1.947850347	2.029247681	-2.029247681	-2.040266303	2.040266303	2.053760706	-2.053760706	2.054924243	-2.054924243	-2.112000296	2.112000296	2.13320921	-2.13320921	2.141414646	-2.141414646	-2.151766765	2.151766765	-2.267882244	2.267882244	-2.275509053	2.275509053	2.287436233	-2.287436233	2.42464711	-2.42464711	2.470129461	-2.470129461	2.471011903	-2.471011903	-2.492255347	2.492255347	2.52595148	-2.52595148	
-0.73	-0.07430328364	0.07430328364	-0.12883303	0.12883303	0.1513320878	-0.1513320878	0.1807908932	-0.1807908932	-0.2268657138	0.2268657138	0.32494947	-0.32494947	0.3711254379	-0.3711254379	0.4486031213	-0.4486031213	-0.5644702421	0.5644702421	-0.6073568128	0.6073568128	-0.6464588618	0.6464588618	-0.6566666124	0.6566666124	-0.67737031	0.67737031	0.7519776343	-0.7519776343	0.7913894807	-0.7913894807	-0.8035351092	0.8035351092	0.8967299919	-0.8967299919	0.9250541458	-0.9250541458	-1.066433849	1.066433849	1.086691238	-1.086691238	1.118667166	-1.118667166	-1.126978289	1.126978289	1.205958925	-1.205958925	1.212984815	-1.212984815	1.231213976	-1.231213976	1.260727689	-1.260727689	1.331564046	-1.331564046	1.534202261	-1.534202261	1.543373847	-1.543373847	1.556104108	-1.556104108	1.581386138	-1.581386138	1.583743338	-1.583743338	-1.618817764	1.618817764	-1.641492879	1.641492879	1.682575153	-1.682575153	1.68850935	-1.68850935	-1.688663843	1.688663843	1.745498225	-1.745498225	1.752750977	-1.752750977	-1.780235696	1.780235696	-1.832149441	1.832149441	1.860128389	-1.860128389	1.873675666	-1.873675666	1.947750429	-1.947750429	-2.030223308	2.030223308	2.040142495	-2.040142495	2.05200926	-2.05200926	2.055034538	-2.055034538	2.112042697	-2.112042697	-2.133366032	2.133366032	2.141325038	-2.141325038	-2.151755441	2.151755441	2.267982108	-2.267982108	2.27528927	-2.27528927	2.287592521	-2.287592521	2.424609869	-2.424609869	-2.469864984	2.469864984	-2.470872324	2.470872324	2.492371024	-2.492371024	2.525838298	-2.525838298	
-0.72	0.07029170218	-0.07029170218	-0.1355373277	0.1355373277	0.1479710497	-0.1479710497	0.173846394	-0.173846394	0.2196469028	-0.2196469028	0.3280327891	-0.3280327891	-0.3675407287	0.3675407287	-0.4532641158	0.4532641158	0.5680560633	-0.5680560633	0.6072850002	-0.6072850002	-0.6468481056	0.6468481056	-0.6636963927	0.6636963927	0.6843113478	-0.6843113478	0.7511802834	-0.7511802834	0.7883633269	-0.7883633269	0.8104008517	-0.8104008517	0.8967678174	-0.8967678174	-0.9250138477	0.9250138477	1.063772655	-1.063772655	1.083337279	-1.083337279	1.119141911	-1.119141911	-1.128018666	1.128018666	1.205859417	-1.205859417	1.212541479	-1.212541479	1.227403743	-1.227403743	-1.263811235	1.263811235	1.331660288	-1.331660288	1.533922452	-1.533922452	1.54316442	-1.54316442	1.556219602	-1.556219602	1.58141906	-1.58141906	-1.584437667	1.584437667	-1.617584861	1.617584861	-1.642650102	1.642650102	1.682683744	-1.682683744	1.685629909	-1.685629909	1.68783871	-1.68783871	-1.743200526	1.743200526	1.752343397	-1.752343397	1.778830584	-1.778830584	1.832188984	-1.832188984	-1.860091654	1.860091654	1.874104698	-1.874104698	1.947646085	-1.947646085	2.031214204	-2.031214204	-2.039735911	2.039735911	-2.050191537	2.050191537	-2.05544713	2.05544713	2.112086393	-2.112086393	-2.133485123	2.133485123	-2.141231878	2.141231878	2.151775133	-2.151775133	-2.268085154	2.268085154	2.275068633	-2.275068633	-2.287747778	2.287747778	2.424571644	-2.424571644	-2.46959515	2.46959515	-2.470731884	2.470731884	2.492487492	-2.492487492	-2.525725306	2.525725306	
-0.71	-0.06574592584	0.06574592584	-0.142372837	0.142372837	0.1446070086	-0.1446070086	-0.1669461683	0.1669461683	-0.2124008659	0.2124008659	-0.3311083712	0.3311083712	0.3639563312	-0.3639563312	-0.4581624053	0.4581624053	-0.5716415728	0.5716415728	-0.6071766215	0.6071766215	-0.6470703965	0.6470703965	-0.6707902813	0.6707902813	-0.6913343744	0.6913343744	0.7503645217	-0.7503645217	0.7851981433	-0.7851981433	-0.8173801129	0.8173801129	-0.8968063497	0.8968063497	-0.9249730756	0.9249730756	-1.061036199	1.061036199	-1.079979294	1.079979294	-1.11962904	1.11962904	1.129073728	-1.129073728	-1.205755067	1.205755067	-1.212011203	1.212011203	-1.223599407	1.223599407	1.266886998	-1.266886998	-1.331759439	1.331759439	1.533636909	-1.533636909	1.542945135	-1.542945135	-1.556335436	1.556335436	1.58145291	-1.58145291	1.585143328	-1.585143328	-1.616337492	1.616337492	1.643715289	-1.643715289	-1.682513208	1.682513208	-1.682748247	1.682748247	-1.687221272	1.687221272	-1.740904668	1.740904668	-1.751967925	1.751967925	1.777342485	-1.777342485	1.832229206	-1.832229206	-1.860054263	1.860054263	-1.874544555	1.874544555	-1.947537314	1.947537314	-2.032218631	2.032218631	2.038887419	-2.038887419	2.048726066	-2.048726066	-2.055903612	2.055903612	-2.112131348	2.112131348	-2.13356714	2.13356714	-2.141135238	2.141135238	-2.151825599	2.151825599	2.268191312	-2.268191312	2.274847309	-2.274847309	-2.287901894	2.287901894	2.424532477	-2.424532477	-2.469320274	2.469320274	2.470590628	-2.470590628	-2.492604555	2.492604555	2.525612683	-2.525612683	
-0.7	-0.06079236585	0.06079236585	-0.141240048	0.141240048	-0.1488255046	0.1488255046	0.1605032929	-0.1605032929	0.205131639	-0.205131639	0.3341760034	-0.3341760034	-0.3603723577	0.3603723577	-0.463277049	0.463277049	0.5752266585	-0.5752266585	-0.6070380753	0.6070380753	0.6472266581	-0.6472266581	0.6778595816	-0.6778595816	0.6984110463	-0.6984110463	-0.7495330233	0.7495330233	-0.7819334915	0.7819334915	0.824428176	-0.824428176	-0.8968455329	0.8968455329	-0.9249319264	0.9249319264	-1.0582266	1.0582266	-1.076617629	1.076617629	1.120128075	-1.120128075	-1.130141205	1.130141205	-1.205645315	1.205645315	1.211395626	-1.211395626	1.219804053	-1.219804053	-1.269954748	1.269954748	1.331861431	-1.331861431	-1.533345878	1.533345878	-1.542715768	1.542715768	-1.556451405	1.556451405	-1.581487702	1.581487702	1.585858945	-1.585858945	1.61507501	-1.61507501	-1.644685695	1.644685695	1.679315746	-1.679315746	-1.682721534	1.682721534	1.686706855	-1.686706855	1.738631566	-1.738631566	1.751607602	-1.751607602	1.775772867	-1.775772867	-1.832270051	1.832270051	-1.860016271	1.860016272	-1.874994782	1.874994782	1.947424119	-1.947424119	-2.033234896	2.033234896	2.03747718	-2.03747718	2.047756372	-2.047756372	-2.056381291	2.056381291	2.112177524	-2.112177524	2.133612763	-2.133612763	-2.141035192	2.141035192	2.151906528	-2.151906528	-2.268300505	2.268300505	-2.274625456	2.274625456	2.288054771	-2.288054771	-2.424492407	2.424492407	-2.469040663	2.469040663	-2.470448594	2.470448594	-2.492722029	2.492722029	2.525500608	-2.525500608	
-0.69	0.05551148305	-0.05551148306	-0.1378702487	0.1378702487	-0.1501874044	0.1501874044	0.1591689814	-0.1591689814	-0.1978428866	0.1978428866	0.3372354788	-0.3372354788	0.3567889135	-0.3567889135	0.4685882839	-0.4685882839	-0.578811215	0.578811215	-0.6068737308	0.6068737308	-0.6473489252	0.6473489252	-0.6848767153	0.6848767153	-0.7055216315	0.7055216315	-0.7486899185	0.7486899185	0.7785805876	-0.7785805876	0.8315290549	-0.8315290549	0.8968853124	-0.8968853124	-0.9248905004	0.9248905004	-1.055346023	1.055346023	-1.073252555	1.073252555	-1.12063853	1.12063853	-1.131218919	1.131218919	-1.205529206	1.205529206	1.210696907	-1.210696907	-1.216020898	1.216020898	1.273014275	-1.273014275	-1.331966187	1.331966187	1.533049588	-1.533049588	1.542476083	-1.542476083	-1.556567314	1.556567314	-1.581523446	1.581523446	-1.58658303	1.58658303	1.613796945	-1.613796945	1.645558864	-1.645558864	1.676039513	-1.676039513	1.682540649	-1.682540649	1.686360737	-1.686360737	1.736392999	-1.736392999	-1.75125456	1.75125456	1.774123425	-1.774123425	1.832311463	-1.832311463	-1.859977733	1.859977733	1.875454924	-1.875454924	-1.947306507	1.947306507	-2.034261355	2.034261355	2.03552743	-2.03552743	-2.047266864	2.047266864	2.056874525	-2.056874525	-2.112224881	2.112224881	2.133622686	-2.133622686	2.140931818	-2.140931818	-2.152017536	2.152017536	2.268412656	-2.268412656	2.274403226	-2.274403226	-2.288206323	2.288206323	2.424451477	-2.424451477	-2.468756621	2.468756621	2.470305822	-2.470305822	2.49283974	-2.49283974	-2.525389256	2.525389256	
-0.68	-0.04995834361	0.04995834361	-0.1344976884	0.1344976884	0.1441341621	-0.1441341621	-0.1652345928	0.1652345928	0.1905379593	-0.1905379593	0.340286593	-0.340286593	0.3532060987	-0.3532060987	-0.4740775692	0.4740775692	-0.5823951424	0.5823951424	0.6066866442	-0.6066866442	-0.64745119	0.64745119	-0.6918282821	0.6918282821	0.7126487011	-0.7126487011	-0.747842419	0.747842419	0.7751449929	-0.7751449929	-0.8386727615	0.8386727615	-0.8969256351	0.8969256351	-0.9248489017	0.9248489017	1.05239668	-1.05239668	1.06988429	-1.06988429	-1.12115991	1.12115991	-1.132304743	1.132304743	1.205405019	-1.205405019	1.209918109	-1.209918109	-1.212253323	1.212253323	-1.276065377	1.276065377	-1.332073633	1.332073633	1.532748255	-1.532748255	-1.542225836	1.542225836	-1.556682975	1.556682975	-1.581560152	1.581560152	-1.587313939	1.587313939	-1.61250308	1.61250308	1.646332697	-1.646332697	1.672686491	-1.672686491	-1.682160531	1.682160531	1.686229849	-1.686229849	-1.734196785	1.734196785	-1.75090482	1.75090482	-1.77239609	1.77239609	-1.832353388	1.832353388	1.859938703	-1.859938703	1.875924523	-1.875924523	-1.94718449	1.94718449	2.033166534	-2.033166534	-2.035296416	2.035296416	-2.0471325	2.0471325	2.057380999	-2.057380999	-2.112273378	2.112273378	-2.133597621	2.133597621	-2.140825192	2.140825192	2.152158181	-2.152158181	-2.268527683	2.268527683	-2.27418076	2.27418076	-2.288356468	2.288356468	-2.424409728	2.424409728	-2.468468444	2.468468444	-2.470162345	2.470162345	2.492957525	-2.492957525	2.525278799	-2.525278799	
-0.67	-0.04417319078	0.04417319078	0.1311224414	-0.1311224414	0.1371073139	-0.1371073139	0.1722387305	-0.1722387305	0.1832199442	-0.1832199442	-0.3433291416	0.3433291416	0.3496240093	-0.3496240093	0.4797275896	-0.4797275896	-0.5859783447	0.5859783447	0.6064789896	-0.6064789896	-0.6475407388	0.6475407388	0.6987053979	-0.6987053979	0.719770509	-0.719770509	0.7470052809	-0.7470052809	-0.7716305133	0.7716305133	-0.8458513664	0.8458513664	0.8969664493	-0.8969664493	0.9248072389	-0.9248072389	-1.049380835	1.049380835	1.066513018	-1.066513018	1.121691719	-1.121691719	-1.133396579	1.133396579	-1.205269346	1.205269346	1.208504901	-1.208504901	1.209064107	-1.209064107	1.27910785	-1.27910785	-1.332183688	1.332183688	1.532442077	-1.532442077	-1.541964774	1.541964774	1.556798209	-1.556798209	-1.581597825	1.581597825	1.588049796	-1.588049796	-1.61119355	1.61119355	1.647005514	-1.647005514	1.669258661	-1.669258661	1.681591359	-1.681591359	1.686305351	-1.686305351	-1.732048778	1.732048778	1.750556259	-1.750556259	1.770593034	-1.770593034	-1.83239577	1.83239577	-1.859899233	1.859899233	1.876403125	-1.876403125	1.947058083	-1.947058083	-2.030521894	2.030521894	2.036338538	-2.036338538	-2.047228209	2.047228209	2.057899403	-2.057899403	-2.112322971	2.112322971	2.133538291	-2.133538291	2.140715392	-2.140715392	2.152327957	-2.152327957	-2.268645502	2.268645502	2.273958197	-2.273958197	-2.288505135	2.288505135	2.424367203	-2.424367203	2.468176422	-2.468176422	2.470018198	-2.470018198	-2.493075231	2.493075231	2.525169402	-2.525169402	
-0.66	-0.03818707174	0.03818707174	0.1277445776	-0.1277445776	-0.1298947735	0.1298947735	-0.1758917103	0.1758917103	0.1793812067	-0.1793812067	0.3460427381	-0.3460427381	0.3463629181	-0.3463629181	-0.4855222277	0.4855222277	0.5895607291	-0.5895607291	-0.6062523289	0.6062523289	-0.6476218065	0.6476218065	0.7055007848	-0.7055007848	0.7268446679	-0.7268446679	0.7462160679	-0.7462160679	-0.7680402578	0.7680402578	0.8530579035	-0.8530579035	0.8970077055	-0.8970077055	0.924765626	-0.924765626	-1.046300799	1.046300799	1.063138902	-1.063138902	1.122233451	-1.122233451	-1.134492319	1.134492319	1.204779434	-1.204779434	-1.205114562	1.205114562	1.208144127	-1.208144127	1.282141491	-1.282141491	-1.332296269	1.332296269	-1.532131237	1.532131237	1.541692634	-1.541692634	1.556912841	-1.556912841	-1.581636468	1.581636468	-1.588788369	1.588788369	1.609869004	-1.609869004	1.647576095	-1.647576095	-1.66575801	1.66575801	-1.68088073	1.68088073	1.686540406	-1.686540406	-1.729953725	1.729953725	1.750207725	-1.750207725	1.768716684	-1.768716684	1.832438553	-1.832438553	-1.859859377	1.859859377	1.876890274	-1.876890274	1.946927306	-1.946927306	2.027679433	-2.027679433	2.037386236	-2.037386236	-2.047470018	2.047470018	-2.058428815	2.058428815	2.112373618	-2.112373618	2.133445432	-2.133445432	2.14060249	-2.14060249	-2.152526305	2.152526305	2.268766026	-2.268766026	2.273735669	-2.273735669	2.288652258	-2.288652258	2.424323947	-2.424323947	2.467880841	-2.467880841	-2.469873415	2.469873415	2.493192715	-2.493192715	-2.525061229	2.525061229	
-0.65	0.0320249794	-0.0320249794	0.1226048418	-0.1226048418	0.1243641607	-0.1243641607	-0.1685559503	0.1685559503	-0.1865459704	0.1865459704	-0.3424623759	0.3424623759	-0.3493877128	0.3493877128	-0.4914465146	0.4914465146	-0.593142205	0.593142205	0.6060077875	-0.6060077875	-0.6476970472	0.6476970472	-0.7122075341	0.7122075341	-0.7337339915	0.7337339915	-0.7456088592	0.7456088592	-0.7643770104	0.7643770104	-0.8602859644	0.8602859644	-0.8970493563	0.8970493563	-0.9247241833	0.9247241833	-1.043158938	1.043158938	1.059762088	-1.059762088	1.122784597	-1.122784597	1.135589811	-1.135589811	1.201080991	-1.201080991	-1.204920464	1.204920464	-1.207180102	1.207180102	-1.285166092	1.285166092	1.332411291	-1.332411291	1.5318159	-1.5318159	-1.541409142	1.541409142	-1.5570267	1.5570267	1.581676081	-1.581676081	1.58952687	-1.58952687	1.608530833	-1.608530833	1.648043684	-1.648043684	1.662186542	-1.662186542	-1.680074417	1.680074417	-1.686889394	1.686889394	1.727915663	-1.727915663	-1.74985861	1.74985861	1.766769732	-1.766769732	1.832481682	-1.832481682	-1.859819188	1.859819188	-1.877385518	1.877385518	-1.946792183	1.946792183	2.024690898	-2.024690898	-2.038438078	2.038438078	-2.047807972	2.047807972	-2.058968487	2.058968487	2.112425274	-2.112425274	2.133319789	-2.133319789	2.140486559	-2.140486559	-2.152752616	2.152752616	-2.268889164	2.268889164	-2.273513305	2.273513305	2.288797778	-2.288797778	2.424280003	-2.424280003	-2.467581981	2.467581981	-2.46972803	2.46972803	-2.493309841	2.493309841	2.524954436	-2.524954436	
-0.64	-0.02570770081	0.02570770081	0.1152704728	-0.1152704728	0.1209812456	-0.1209812456	0.1612152226	-0.1612152226	-0.1936950883	0.1936950883	-0.3388830119	0.3388830119	-0.3524033118	0.3524033118	-0.497486565	0.497486565	-0.5967226831	0.5967226831	-0.605746172	0.605746172	-0.647768219	0.647768219	-0.7188180985	0.7188180985	-0.7396298716	0.7396298716	-0.7459910408	0.7459910408	-0.7606433868	0.7606433868	-0.8675295091	0.8675295091	-0.8970913572	0.8970913572	-0.924683039	0.924683039	-1.039957669	1.039957669	-1.056382708	1.056382708	-1.123344646	1.123344646	-1.136686815	1.136686815	-1.197413965	1.197413965	-1.204622562	1.204622562	-1.20623838	1.20623838	-1.288181439	1.288181439	-1.332528665	1.332528665	-1.53149621	1.53149621	-1.541114018	1.541114018	-1.55713962	1.55713962	-1.581716663	1.581716663	1.590261595	-1.590261595	-1.607181563	1.607181563	-1.648407969	1.648407969	-1.658546281	1.658546281	-1.679203099	1.679203099	-1.687321186	1.687321186	-1.725938108	1.725938108	-1.749508627	1.749508627	-1.764755148	1.764755148	-1.832525102	1.832525102	-1.859778715	1.859778715	-1.877888404	1.877888404	-1.946652739	1.946652739	2.021587433	-2.021587433	-2.039492687	2.039492687	2.048212645	-2.048212645	-2.059517756	2.059517756	-2.11247789	2.11247789	-2.133162115	2.133162115	2.140367665	-2.140367665	2.153006232	-2.153006232	-2.269014822	2.269014822	-2.27329123	2.27329123	-2.28894164	2.28894164	2.424235417	-2.424235417	2.467280119	-2.467280119	-2.469582075	2.469582075	-2.493426485	2.493426485	-2.524849175	2.524849175	
-0.63	0.01925296552	-0.01925296552	-0.1079071167	0.1079071167	-0.1175958732	0.1175958732	-0.1538719955	0.1538719955	-0.2008098595	0.2008098595	-0.3353047348	0.3353047348	-0.3554094955	0.3554094955	-0.5036295033	0.5036295033	-0.6003020749	0.6003020749	-0.6054680511	0.6054680511	-0.6478365366	0.6478365366	-0.7253220496	0.7253220496	-0.7416300524	0.7416300524	0.7502673082	-0.7502673082	-0.7568419113	0.7568419114	-0.8747827602	0.8747827602	-0.8971336663	0.8971336663	-0.9246423302	0.9246423302	1.036699465	-1.036699465	-1.05300089	1.05300089	-1.123913079	1.123913079	-1.137780931	1.137780931	1.193783147	-1.193783147	-1.204039399	1.204039399	-1.205502402	1.205502402	1.291187316	-1.291187316	-1.332648299	1.332648299	-1.531172291	1.531172291	-1.54080697	1.54080697	1.557251435	-1.557251435	1.581758207	-1.581758207	1.590987265	-1.590987265	-1.605825545	1.605825545	-1.648669028	1.648669028	-1.654839284	1.654839284	-1.678285354	1.678285354	-1.687816191	1.687816191	-1.724024156	1.724024156	1.74915769	-1.74915769	1.76267619	-1.76267619	-1.832568757	1.832568757	1.859738011	-1.859738011	-1.878398483	1.878398483	-1.946509007	1.946509007	-2.018388609	2.018388609	-2.040548739	2.040548739	-2.048666154	2.048666154	2.060076009	-2.060076009	-2.112531421	2.112531421	2.13297317	-2.13297317	-2.140245872	2.140245872	-2.153286454	2.153286454	2.269142903	-2.269142903	-2.273069565	2.273069565	-2.289083795	2.289083795	2.424190234	-2.424190234	2.466975527	-2.466975527	-2.469435588	2.469435588	-2.493542528	2.493542528	2.524745592	-2.524745592	
-0.62	0.01267620183	-0.01267620183	-0.100524324	0.100524324	0.1142080617	-0.1142080617	-0.1465286996	0.1465286996	-0.2078785715	0.2078785715	-0.3317276332	0.3317276332	0.3584060387	-0.3584060387	0.5098633832	-0.5098633832	-0.6038802919	0.6038802919	-0.6051738124	0.6051738124	-0.6479028684	0.6479028684	-0.7316949309	0.7316949309	0.7412934465	-0.7412934465	-0.7529750607	0.7529750607	-0.7568957126	0.7568957126	-0.8820401318	0.8820401318	0.8971762457	-0.8971762457	0.924602206	-0.924602206	-1.033386856	1.033386856	-1.049616754	1.049616754	1.124489377	-1.124489377	-1.138869503	1.138869503	1.190193836	-1.190193836	-1.203053105	1.203053105	-1.205092147	1.205092147	1.294183496	-1.294183496	1.332770097	-1.332770097	-1.530844241	1.530844241	1.540487699	-1.540487699	1.557361976	-1.557361976	1.581800706	-1.581800706	1.591695748	-1.591695748	1.60447026	-1.60447026	1.648827244	-1.648827244	1.651067649	-1.651067649	1.677332471	-1.677332471	-1.688361603	1.688361603	-1.72217652	1.72217652	-1.748805841	1.748805841	-1.760536424	1.760536424	1.832612596	-1.832612596	-1.859697124	1.859697124	-1.878915309	1.878915309	-1.946361021	1.946361021	-2.01510747	2.01510747	2.041604967	-2.041604967	2.049157131	-2.049157131	-2.060642658	2.060642658	2.112585816	-2.112585816	-2.132753715	2.132753715	2.140121239	-2.140121239	-2.153592543	2.153592543	2.269273307	-2.269273307	-2.27284843	2.27284843	-2.289224198	2.289224198	2.424144501	-2.424144501	2.466668473	-2.466668473	-2.469288605	2.469288605	-2.493657861	2.493657861	2.524643827	-2.524643827	
-0.61	-0.005991069664	0.005991069665	0.09312913963	-0.09312913963	-0.1108177902	0.1108177902	-0.1391877989	0.1391877989	0.2148927014	-0.2148927014	-0.3281517963	0.3281517963	-0.3613927089	0.3613927089	0.5161771052	-0.5161771052	-0.604863704	0.604863704	-0.607457245	0.607457245	0.6479678521	-0.6479678521	-0.7377273688	0.7377273688	-0.7407633766	0.7407633766	-0.7490452937	0.7490452937	-0.7639351251	0.7639351251	-0.889296175	0.889296175	-0.8972190614	0.8972190614	0.9245628294	-0.9245628294	-1.030022435	1.030022435	-1.046230419	1.046230419	1.125073017	-1.125073017	-1.139949477	1.139949477	-1.186651992	1.186651992	-1.201825336	1.201825336	-1.204848187	1.204848187	1.297169747	-1.297169747	-1.332893962	1.332893962	-1.530512132	1.530512132	-1.540155898	1.540155898	1.557471073	-1.557471073	1.581844148	-1.581844148	1.592373398	-1.592373398	-1.603129006	1.603129006	1.647233526	-1.647233526	-1.648883203	1.648883203	-1.676351624	1.676351624	-1.688948315	1.688948315	-1.72039756	1.72039756	1.748453204	-1.748453204	-1.758339735	1.758339735	-1.832656564	1.832656564	1.859656104	-1.859656104	1.879438437	-1.879438437	1.946208818	-1.946208818	2.011753275	-2.011753275	-2.042660156	2.042660156	2.049678002	-2.049678002	-2.061217131	2.061217131	2.112641025	-2.112641025	-2.132504516	2.132504516	2.139993825	-2.139993825	2.153923723	-2.153923723	2.269405931	-2.269405931	-2.272627941	2.272627941	2.289362805	-2.289362805	2.424098263	-2.424098263	-2.466359225	2.466359225	2.469141165	-2.469141165	-2.493772382	2.493772382	2.524544011	-2.524544011	
-0.6	0.0007901292818	-0.000790129282	-0.0857273533	0.0857273533	-0.1074249669	0.1074249669	0.1318518962	-0.1318518962	0.2218454048	-0.2218454049	-0.3245773144	0.3245773144	0.3643692663	-0.3643692663	-0.5225603328	0.5225603328	0.604537864	-0.604537864	0.611032844	-0.611032844	0.6480319667	-0.6480319667	0.7392508473	-0.7392508473	0.744505914	-0.744505914	0.7450550755	-0.7450550755	0.771080995	-0.771080995	0.8965455317	-0.8965455317	-0.8972620847	0.8972620847	0.9245243816	-0.9245243816	-1.026608856	1.026608856	-1.042841999	1.042841999	-1.125663474	1.125663474	-1.141017169	1.141017169	-1.183164487	1.183164487	1.200469109	-1.200469109	1.20465985	-1.20465985	1.300145829	-1.300145829	1.333019793	-1.333019793	1.530176006	-1.530176006	1.539811248	-1.539811248	1.557578547	-1.557578547	1.581888519	-1.581888519	1.592995204	-1.592995204	1.601826773	-1.601826773	-1.643339132	1.643339132	1.648837575	-1.648837575	1.675347642	-1.675347642	-1.689569239	1.689569239	1.718689284	-1.718689284	1.748099963	-1.748099963	-1.756090345	1.756090345	1.832700609	-1.832700609	-1.859614997	1.859614997	-1.879967428	1.879967428	-1.946052441	1.946052441	-2.008333008	2.008333008	-2.043713144	2.043713144	-2.050223478	2.050223478	-2.061798869	2.061798869	2.112696996	-2.112696996	2.13222634	-2.13222634	-2.139863684	2.139863684	2.15427919	-2.15427919	-2.269540667	2.269540667	-2.272408214	2.272408214	2.289499578	-2.289499578	2.424051568	-2.424051568	2.466048045	-2.466048045	2.468993312	-2.468993312	-2.493885995	2.493885995	-2.524446271	2.524446271	
-0.59	-0.007656092321	0.007656092322	0.07832404144	-0.07832404144	0.1040293601	-0.1040293601	0.1245239175	-0.1245239175	0.2287308009	-0.2287308009	0.3210042797	-0.3210042797	-0.3673354628	0.3673354628	0.5290034075	-0.5290034075	-0.6041963429	0.6041963429	0.6146069972	-0.6146069972	-0.6480955788	0.6480955788	-0.7383845724	0.7383845724	-0.7410069005	0.7410069005	-0.7504624601	0.7504624601	-0.7782658114	0.7782658114	-0.8973052929	0.8973052929	-0.9037828917	0.9037828917	-0.924487066	0.924487066	-1.023148845	1.023148845	1.039451609	-1.039451609	-1.126260221	1.126260221	-1.142067898	1.142067898	1.179739483	-1.179739483	1.199022197	-1.199022197	-1.204491821	1.204491821	1.303111493	-1.303111493	-1.333147485	1.333147485	1.529835866	-1.529835866	1.539453427	-1.539453427	-1.557684206	1.557684206	1.5819338	-1.5819338	-1.593511509	1.593511509	-1.600613532	1.600613532	1.639386768	-1.639386768	1.648690994	-1.648690994	1.674323991	-1.674323991	-1.690218432	1.690218432	1.717053355	-1.717053355	1.747746339	-1.747746339	-1.753792828	1.753792828	1.832744681	-1.832744681	-1.859573851	1.859573851	1.880501842	-1.880501842	-1.945891935	1.945891935	2.004852246	-2.004852246	2.044762822	-2.044762822	-2.050789697	2.050789697	2.062387318	-2.062387318	-2.112753676	2.112753676	2.131919954	-2.131919954	2.139730869	-2.139730869	2.154658109	-2.154658109	2.269677406	-2.269677406	2.272189361	-2.272189361	-2.289634482	2.289634482	2.424004463	-2.424004463	-2.465735192	2.465735192	2.46884509	-2.46884509	2.493998611	-2.493998611	2.524350726	-2.524350726	
-0.58	-0.0145961348	0.0145961348	0.07092383367	-0.07092383367	-0.1006304328	0.1006304328	-0.1172074734	0.1172074734	-0.2355435905	0.2355435905	-0.3174327863	0.3174327863	-0.3702910415	0.3702910415	-0.5354972641	0.5354972641	-0.6038391212	0.6038391212	-0.6181796104	0.6181796104	-0.6481589734	0.6481589734	-0.7369033181	0.7369033181	-0.7374005233	0.7374005233	-0.7563777219	0.7563777219	-0.7854660053	0.7854660053	-0.8973486709	0.8973486709	0.9110029512	-0.9110029512	-0.9244511146	0.9244511146	1.019645197	-1.019645197	-1.036059366	1.036059366	-1.12686273	1.12686273	-1.143095358	1.143095358	-1.17638708	1.17638708	-1.197499323	1.197499323	-1.20433194	1.20433194	-1.306066481	1.306066481	-1.333276931	1.333276931	-1.529491674	1.529491674	-1.539082103	1.539082103	-1.557787845	1.557787845	-1.581979967	1.581979967	1.59382152	-1.59382152	-1.599590736	1.599590736	-1.635378842	1.635378842	-1.648443941	1.648443941	-1.673283303	1.673283303	1.690890651	-1.690890651	-1.715491092	1.715491092	-1.747392578	1.747392578	-1.75145213	1.75145213	-1.832788729	1.832788729	-1.85953271	1.85953271	1.881041245	-1.881041245	-1.945727348	1.945727348	2.001315672	-2.001315672	-2.045808131	2.045808131	2.051373717	-2.051373717	2.062981928	-2.062981928	2.112811009	-2.112811009	-2.131586121	2.131586121	2.139595432	-2.139595432	-2.155059619	2.155059619	-2.269816034	2.269816034	-2.271971495	2.271971495	-2.289767484	2.289767484	-2.423956995	2.423956995	-2.465420927	2.465420927	-2.468696549	2.468696549	2.494110147	-2.494110147	2.524257486	-2.524257486	
-0.57	0.02159967276	-0.02159967276	0.06353105819	-0.06353105819	-0.09722687848	0.09722687848	-0.1099076983	0.1099076983	-0.2422788329	0.2422788329	-0.3138629317	0.3138629317	-0.3732357356	0.3732357356	0.5420333432	-0.5420333432	-0.6034661221	0.6034661221	-0.6217505869	0.6217505869	-0.6482223746	0.6482223746	-0.7327469637	0.7327469637	-0.7363773627	0.7363773627	0.76217718	-0.76217718	0.7926705123	-0.7926705123	-0.8973922133	0.8973922133	0.9182003704	-0.9182003704	-0.9244167959	0.9244167959	-1.016100785	1.016100785	-1.032665386	1.032665386	-1.12747047	1.12747047	-1.144090523	1.144090523	-1.173120436	1.173120436	1.195908165	-1.195908165	-1.204175195	1.204175195	1.309010526	-1.309010526	-1.333408022	1.333408022	-1.529143343	1.529143343	-1.538696936	1.538696936	-1.557889232	1.557889232	-1.582026994	1.582026994	1.593755734	-1.593755734	1.598928883	-1.598928883	1.631317917	-1.631317917	-1.648096634	1.648096634	1.6722277	-1.6722277	-1.691581127	1.691581127	-1.714003472	1.714003472	1.747038946	-1.747038946	-1.749073582	1.749073582	-1.832832705	1.832832705	1.859491619	-1.859491619	-1.881585206	1.881585206	-1.945558733	1.945558733	1.997727382	-1.997727382	-2.046848061	2.046848061	2.051973208	-2.051973208	2.063582156	-2.063582156	2.112868941	-2.112868941	-2.131225604	2.131225604	-2.139457425	2.139457425	-2.15548284	2.15548284	-2.269956436	2.269956436	-2.271754727	2.271754727	2.289898552	-2.289898552	2.423909213	-2.423909213	-2.465105505	2.465105505	-2.468547743	2.468547743	2.494220526	-2.494220526	-2.524166657	2.524166657	
-0.56	0.02865531317	-0.02865531317	0.05614982885	-0.05614982885	0.09381495497	-0.09381495497	0.1026337129	-0.1026337129	0.2489318056	-0.2489318056	-0.3102948166	0.3102948166	0.3761692681	-0.3761692681	0.5486035	-0.5486035	0.603077222	-0.603077222	0.6253198268	-0.6253198268	-0.6482859605	0.6482859605	0.7285405971	-0.7285405971	0.7353312515	-0.7353312515	0.7678441416	-0.7678441416	0.7998728562	-0.7998728562	0.8974359272	-0.8974359272	0.9243844256	-0.9243844256	0.9253697296	-0.9253697296	1.012518567	-1.012518567	-1.029269787	1.029269787	1.128082911	-1.128082911	1.14503962	-1.14503962	1.169957815	-1.169957815	1.19425386	-1.19425386	1.204019203	-1.204019203	1.311943349	-1.311943349	1.333540643	-1.333540643	1.528790723	-1.528790723	1.538297584	-1.538297584	1.557988102	-1.557988102	1.582074847	-1.582074847	-1.593185766	1.593185766	-1.59875765	1.59875765	1.627206768	-1.627206768	1.64764894	-1.64764894	1.671158968	-1.671158968	1.692285453	-1.692285453	-1.712591132	1.712591132	1.746662918	-1.746662918	1.746685719	-1.746685719	1.832876562	-1.832876562	-1.85945062	1.85945062	1.882133297	-1.882133297	1.945386147	-1.945386147	-1.994091093	1.994091093	-2.047881651	2.047881651	2.052586256	-2.052586256	-2.064187459	2.064187459	2.112927412	-2.112927412	-2.13083916	2.13083916	2.1393169	-2.1393169	-2.155926871	2.155926871	2.270098492	-2.270098492	2.271539166	-2.271539166	2.290027659	-2.290027659	2.423861164	-2.423861164	2.464789183	-2.464789183	2.468398731	-2.468398731	2.494329677	-2.494329677	2.524078333	-2.524078333	
-0.55	-0.03574883026	0.03574883026	-0.04878410202	0.04878410202	-0.09037937645	0.09037937645	-0.09540966408	0.09540966408	-0.2554979117	0.2554979117	-0.3067285464	0.3067285464	-0.3790913509	0.3790913509	-0.5551999036	0.5551999036	-0.6026722592	0.6026722592	-0.6288872263	0.6288872263	-0.6483498737	0.6483498737	-0.7242871554	0.7242871554	-0.7342688516	0.7342688516	0.7733693233	-0.7733693233	0.8070685147	-0.8070685147	-0.8974798365	0.8974798365	-0.9243543816	0.9243543816	-0.9325054817	0.9325054817	-1.008901586	1.008901586	-1.025872692	1.025872692	1.128699522	-1.128699522	-1.145920225	1.145920225	-1.166926528	1.166926528	-1.192540501	1.192540501	1.203862718	-1.203862718	-1.31486466	1.31486466	-1.33367468	1.33367468	-1.528433592	1.528433592	-1.537883696	1.537883696	-1.558084141	1.558084141	-1.582123486	1.582123486	-1.59219492	1.59219492	-1.598995223	1.598995223	1.623048519	-1.623048519	-1.647100301	1.647100301	-1.670078683	1.670078683	-1.69299952	1.69299952	1.71125438	-1.71125438	-1.744226288	1.744226288	-1.74633318	1.74633318	-1.832920254	1.832920254	1.859409756	-1.859409756	1.882685092	-1.882685092	-1.945209651	1.945209651	-1.990410264	1.990410264	-2.048907987	2.048907987	-2.053211237	2.053211237	-2.064797298	2.064797298	2.112986363	-2.112986363	-2.130427541	2.130427541	-2.139173912	2.139173912	-2.156390798	2.156390798	-2.27024208	2.27024208	-2.271324921	2.271324921	-2.290154779	2.290154779	-2.423812896	2.423812896	2.464472212	-2.464472212	2.468249574	-2.468249574	-2.494437533	2.494437533	-2.523992605	2.523992605	
-0.54	0.04143771688	-0.04143771688	-0.0428575109	0.0428575109	0.08675589609	-0.08675589609	-0.08841772232	0.08841772232	-0.261972616	0.261972616	0.3031642322	-0.3031642322	0.3820016838	-0.3820016838	0.5618149225	-0.5618149225	0.6022510404	-0.6022510404	0.6324526773	-0.6324526773	-0.6484142285	0.6484142285	-0.7199898243	0.7199898243	0.7331939272	-0.7331939272	-0.7787452684	0.7787452684	-0.8142538538	0.8142538538	0.8975239883	-0.8975239883	0.9243271238	-0.9243271239	0.9396019	-0.9396019	-1.005252982	1.005252982	1.022474224	-1.022474224	1.129319769	-1.129319769	1.146693455	-1.146693455	-1.164070767	1.164070767	1.190771701	-1.190771701	1.203705043	-1.203705043	1.317774157	-1.317774157	-1.333810012	1.333810012	-1.528071639	1.528071639	-1.537454918	1.537454918	1.558176971	-1.558176971	-1.582172865	1.582172865	1.590959322	-1.590959322	1.599466908	-1.599466908	-1.618846929	1.618846929	-1.646449677	1.646449677	-1.668988279	1.668988279	1.693719485	-1.693719485	1.709993203	-1.709993203	-1.741770267	1.741770267	1.745981617	-1.745981617	-1.832963737	1.832963737	-1.859369067	1.859369067	-1.883240171	1.883240171	1.945029309	-1.945029309	1.98668819	-1.98668819	-2.049926198	2.049926198	2.053846736	-2.053846736	2.065411136	-2.065411136	2.113045734	-2.113045734	-2.129991494	2.129991494	-2.139028516	2.139028516	-2.156873692	2.156873692	-2.270387073	2.270387073	2.2711121	-2.2711121	2.290279886	-2.290279886	2.423764459	-2.423764459	2.464154848	-2.464154848	-2.468100341	2.468100341	2.494544031	-2.494544031	-2.523909553	2.523909553	
-0.53	0.0341144265	-0.0341144265	0.04992923752	-0.04992923752	0.08084121965	-0.08084121965	-0.08380902375	0.08380902376	-0.268351398	0.268351398	-0.2996019938	0.2996019938	0.3848999536	-0.3848999536	0.5684409834	-0.5684409834	0.6018133467	-0.6018133467	-0.6360160665	0.6360160665	-0.6484791169	0.6484791169	0.7156521406	-0.7156521406	-0.7321090459	0.7321090459	-0.7839651013	0.7839651013	-0.8214256171	0.8214256171	0.8975684623	-0.8975684623	-0.9243032232	0.9243032232	0.9466530202	-0.9466530202	1.001575998	-1.001575998	-1.019074515	1.019074515	1.129943121	-1.129943121	-1.147288576	1.147288576	1.161467047	-1.161467047	1.18895085	-1.18895085	1.203545771	-1.203545771	-1.320671525	1.320671525	1.333946519	-1.333946519	1.527704442	-1.527704442	-1.537010893	1.537010893	-1.558266116	1.558266116	1.582222929	-1.582222929	-1.589597464	1.589597464	1.600054827	-1.600054827	-1.614607204	1.614607204	-1.645695523	1.645695523	-1.667889101	1.667889101	-1.694441737	1.694441737	-1.708807283	1.708807283	-1.739301866	1.739301866	-1.745631318	1.745631318	-1.833006968	1.833006968	-1.859328591	1.859328591	1.883798113	-1.883798113	-1.944845191	1.944845191	-1.982928063	1.982928063	2.050935459	-2.050935459	2.054491485	-2.054491485	-2.066028438	2.066028438	-2.113105461	2.113105461	-2.129531758	2.129531758	-2.138880771	2.138880771	-2.157374618	2.157374618	-2.270533343	2.270533343	-2.27090081	2.27090081	-2.290402957	2.290402957	-2.4237159	2.4237159	2.46383734	-2.46383734	-2.467951105	2.467951105	-2.494649115	2.494649115	2.52382925	-2.52382925	
-0.52	-0.0268179245	0.0268179245	0.05676135061	-0.05676135061	-0.07409275523	0.07409275523	-0.08032500865	0.08032500865	-0.2746297115	0.2746297115	0.2960419687	-0.2960419687	0.3877858337	-0.3877858337	-0.5750703873	0.5750703873	0.6013589386	-0.6013589386	0.6395772751	-0.6395772751	-0.6485446125	0.6485446125	0.711278141	-0.711278141	0.7310161923	-0.7310161923	0.7890221402	-0.7890221402	-0.8285806319	0.8285806319	0.8976133866	-0.8976133866	0.9242834022	-0.9242834022	-0.9536525746	0.9536525746	-0.9978739844	0.9978739844	-1.015673697	1.015673697	-1.130569045	1.130569045	-1.147577639	1.147577639	1.159249616	-1.159249616	-1.187081221	1.187081221	1.203384665	-1.203384665	-1.323556434	1.323556434	-1.334084076	1.334084076	1.527331438	-1.527331438	1.536551262	-1.536551262	1.558350962	-1.558350962	1.582273613	-1.582273613	-1.588170395	1.588170395	-1.600694608	1.600694608	1.61033917	-1.61033917	-1.644835772	1.644835772	1.666782438	-1.666782438	1.695162868	-1.695162868	1.707696013	-1.707696013	-1.736828528	1.736828528	-1.745282571	1.745282571	1.833049905	-1.833049905	-1.859288368	1.859288368	1.884358503	-1.884358503	1.94465737	-1.94465737	1.979133008	-1.979133008	2.051934987	-2.051934987	-2.055144328	2.055144328	2.06664867	-2.06664867	-2.113165478	2.113165478	-2.129049064	2.129049064	2.13873074	-2.13873074	-2.15789263	2.15789263	2.270680758	-2.270680758	2.270691157	-2.270691157	2.290523972	-2.290523972	2.423667267	-2.423667267	2.463519942	-2.463519942	2.467801944	-2.467801944	2.494752731	-2.494752731	2.523751763	-2.523751763	
-0.51	-0.0195518716	0.0195518716	-0.0614882284	0.0614882284	-0.06943964459	0.06943964459	0.07689877321	-0.07689877321	-0.2808029112	0.2808029112	-0.2924843629	0.2924843629	0.3906589824	-0.3906589824	-0.5816950541	0.5816950541	0.6008875604	-0.6008875604	-0.6431361779	0.6431361779	-0.6486107736	0.6486107736	-0.7068725886	0.7068725886	0.729917036	-0.729917036	-0.7939097515	0.7939097515	-0.8357155921	0.8357155921	0.8976589638	-0.8976589638	0.9242685955	-0.9242685955	0.9605939166	-0.9605939166	0.9941504134	-0.9941504134	1.012271912	-1.012271912	1.131197008	-1.131197008	1.147365028	-1.147365028	-1.157620966	1.157620966	-1.185166026	1.185166026	1.203221592	-1.203221592	-1.326428541	1.326428541	-1.334222556	1.334222556	1.526951892	-1.526951892	1.536075666	-1.536075666	-1.558430693	1.558430693	1.582324841	-1.582324841	-1.586710152	1.586710152	1.601324441	-1.601324441	-1.60607988	1.60607988	-1.643867854	1.643867854	-1.665669553	1.665669553	1.695879629	-1.695879629	-1.706658517	1.706658517	1.734358137	-1.734358137	1.744935664	-1.744935664	-1.833092509	1.833092509	1.859248433	-1.859248433	1.884920928	-1.884920928	1.944465925	-1.944465925	-1.975306124	1.975306124	-2.052924037	2.052924037	2.055804193	-2.055804193	-2.067271304	2.067271304	2.113225717	-2.113225717	2.128544136	-2.128544136	-2.138578487	2.138578487	2.158426782	-2.158426782	2.270483249	-2.270483249	-2.270829184	2.270829184	-2.29064291	2.29064291	2.423618609	-2.423618609	-2.463202902	2.463202902	-2.467652943	2.467652943	-2.49485483	2.49485483	2.523677149	-2.523677149	
-0.5	0.0123199289	-0.0123199289	0.05762632849	-0.05762632849	0.07338414954	-0.07338414954	0.07350862084	-0.07350862084	0.2868648028	-0.2868648028	0.288930885	-0.288930885	0.3935190423	-0.3935190423	0.5883061433	-0.5883061433	0.6003989445	-0.6003989445	0.6466926425	-0.6466926425	-0.6486776456	0.6486776456	-0.7024413255	0.7024413255	0.7288130642	-0.7288130642	-0.7986212912	0.7986212912	0.8428268437	-0.8428268437	-0.8977055161	0.8977055161	0.9242600403	-0.9242600403	0.9674699338	-0.9674699338	-0.9904088847	0.9904088847	1.008869306	-1.008869306	-1.131826477	1.131826477	-1.14648965	1.14648965	1.156749713	-1.156749713	1.183208431	-1.183208431	-1.203056483	1.203056483	1.329287485	-1.329287485	-1.334361829	1.334361829	1.526564842	-1.526564842	1.535583745	-1.535583745	1.558504177	-1.558504177	1.582376521	-1.582376521	-1.585235414	1.585235414	-1.601077181	1.601077181	1.602685996	-1.602685996	1.642788733	-1.642788733	1.664551696	-1.664551696	1.696588876	-1.696588876	1.705693672	-1.705693672	1.731899007	-1.731899007	1.744590879	-1.744590879	1.833134742	-1.833134742	1.859208822	-1.859208822	1.885484975	-1.885484975	-1.944270941	1.944270941	1.971450502	-1.971450502	2.053901906	-2.053901906	2.056470071	-2.056470071	2.067895809	-2.067895809	-2.113286109	2.113286109	-2.12801769	2.12801769	2.138424084	-2.138424084	2.158976125	-2.158976125	2.27027719	-2.27027719	2.270978483	-2.270978483	2.290759753	-2.290759753	2.423569974	-2.423569974	2.462886472	-2.462886472	-2.46750419	2.46750419	2.494955365	-2.494955365	-2.52360546	2.52360546	
-0.49	-0.00512581574	0.00512581574	0.05093642947	-0.05093642947	0.07007253421	-0.07007253421	0.08024494973	-0.08024494973	-0.2853752061	0.2853752061	-0.2928171716	0.2928171716	-0.3963656387	0.3963656387	-0.5948934576	0.5948934576	-0.5998928149	0.5998928149	-0.648745263	0.648745263	-0.6502465282	0.6502465282	0.6979918469	-0.6979918469	-0.7277056535	0.7277056535	-0.8031500826	0.8031500826	-0.8499101073	0.8499101073	-0.8977535699	0.8977535699	-0.9242594176	0.9242594176	0.9742729466	-0.9742729466	-0.9866531383	0.9866531383	1.005466032	-1.005466032	1.132456919	-1.132456919	-1.145016923	1.145016923	1.156578696	-1.156578696	1.181211569	-1.181211569	-1.202889317	1.202889317	1.332132889	-1.332132889	1.334501763	-1.334501763	-1.526169039	1.526169039	1.535075144	-1.535075144	-1.558569791	1.558569791	1.582428547	-1.582428547	1.58375829	-1.58375829	1.597128401	-1.597128401	1.602979172	-1.602979172	1.641594972	-1.641594972	1.663430119	-1.663430119	1.697287485	-1.697287485	-1.704800134	1.704800134	1.729459893	-1.729459893	-1.744248498	1.744248498	1.833176566	-1.833176566	1.859169568	-1.859169568	-1.886050236	1.886050236	1.944072506	-1.944072506	1.967569244	-1.967569244	-2.054867926	2.054867926	2.057141	-2.057141	-2.068521659	2.068521659	2.113346577	-2.113346577	2.127470432	-2.127470432	2.138267605	-2.138267605	2.159539711	-2.159539711	2.270073085	-2.270073085	2.271128515	-2.271128515	2.290874482	-2.290874482	-2.42352141	2.42352141	2.462570901	-2.462570901	2.467355782	-2.467355782	-2.495054294	2.495054294	-2.523536738	2.523536738	
-0.48	0.002026544677	-0.002026544677	0.04393022497	-0.04393022497	-0.06666346398	0.06666346398	0.08743536563	-0.08743536563	-0.2818255111	0.2818255111	0.2986472251	-0.2986472251	-0.3991983786	0.3991983787	-0.5993688911	0.5993688911	-0.6014444512	0.6014444512	-0.6488136501	0.6488136502	-0.6537976849	0.6537976849	0.6935342749	-0.6935342749	-0.7265961113	0.7265961113	0.8074894141	-0.8074894141	-0.8569600443	0.8569600443	-0.8978040244	0.8978040244	-0.9242690779	0.9242690779	-0.9809945901	0.9809945901	-0.9828870685	0.9828870685	1.002062255	-1.002062255	-1.133087802	1.133087802	1.14318764	-1.14318764	1.156876207	-1.156876207	-1.179178527	1.179178527	-1.202720107	1.202720107	1.334642223	-1.334642223	-1.334964357	1.334964357	-1.525762852	1.525762852	-1.534549512	1.534549512	-1.558625096	1.558625096	-1.58228686	1.58228686	-1.582480791	1.582480791	-1.59278269	1.59278269	1.603657613	-1.603657613	1.640282821	-1.640282821	1.662306087	-1.662306087	-1.697972239	1.697972239	-1.70397636	1.70397636	-1.727050005	1.727050005	-1.743908794	1.743908794	-1.833217947	1.833217947	1.859130706	-1.859130706	-1.886616304	1.886616304	-1.943870715	1.943870715	-1.963665479	1.963665479	2.055821466	-2.055821466	2.05781606	-2.05781606	-2.069148329	2.069148329	-2.113407044	2.113407044	2.12690306	-2.12690306	2.138109132	-2.138109132	-2.160116597	2.160116597	-2.269871038	2.269871038	-2.271279136	2.271279136	-2.290987082	2.290987082	2.423472964	-2.423472964	-2.462256439	2.462256439	2.467207818	-2.467207818	-2.495151579	2.495151579	-2.523471021	2.523471021	
-0.47	-0.009132473529	0.009132473529	0.03685819432	-0.03685819432	0.06325521009	-0.06325521009	0.09473012374	-0.09473012374	0.2782784481	-0.2782784481	0.3043536393	-0.3043536393	0.4020168495	-0.4020168495	0.5988268916	-0.5988268916	-0.6079424778	0.6079424778	0.648882823	-0.648882823	0.6573459513	-0.6573459513	0.6890830959	-0.6890830959	0.7254857003	-0.7254857003	0.8116325495	-0.8116325495	0.8639694736	-0.8639694736	-0.8978585216	0.8978585216	-0.9242924194	0.9242924194	0.979114741	-0.979114741	-0.9876256769	0.9876256769	0.9986581458	-0.9986581458	-1.133718593	1.133718593	1.141216287	-1.141216287	-1.157437797	1.157437797	1.177112342	-1.177112342	1.202548889	-1.202548889	1.334783073	-1.334783073	1.337781473	-1.337781473	1.525344146	-1.525344146	1.534006504	-1.534006504	1.558666228	-1.558666228	-1.580824676	1.580824676	-1.5825331	1.5825331	1.588405043	-1.588405043	1.604365881	-1.604365881	-1.638848333	1.638848333	1.661180879	-1.661180879	1.698639646	-1.698639646	1.703220636	-1.703220636	-1.724679071	1.724679071	1.743572038	-1.743572038	1.83325885	-1.83325885	1.859092265	-1.859092265	1.887182771	-1.887182771	1.94366567	-1.94366567	1.959742376	-1.959742376	2.056761929	-2.056761929	2.058494362	-2.058494362	2.069775297	-2.069775297	-2.113467425	2.113467425	2.126316265	-2.126316265	2.13794875	-2.13794875	-2.160705844	2.160705844	-2.269671153	2.269671153	2.271430201	-2.271430201	2.291097538	-2.291097538	2.423424685	-2.423424685	2.461943335	-2.461943335	2.467060404	-2.467060404	-2.495247181	2.495247181	2.523408338	-2.523408338	
-0.46	0.01618262799	-0.01618262799	0.0297819235	-0.0297819235	0.0598475465	-0.0598475465	0.1020717895	-0.1020717895	0.274734387	-0.274734387	0.3099313004	-0.3099313004	0.4048206173	-0.4048206173	0.5982665375	-0.5982665375	-0.6143634959	0.6143634959	0.6489527895	-0.6489527895	-0.6608911511	0.6608911511	0.6846604452	-0.6846604452	-0.7243756544	0.7243756544	0.8155727476	-0.8155727476	-0.8709277531	0.8709277531	-0.8979203659	0.8979203659	-0.9243345473	0.9243345473	-0.9753404167	0.9753404167	0.9941560092	-0.9941560092	0.9952539191	-0.9952539191	-1.134348757	1.134348757	1.139234895	-1.139234895	-1.158142558	1.158142558	1.17501598	-1.17501598	1.20237572	-1.20237572	1.334924173	-1.334924173	-1.340583799	1.340583799	1.524910105	-1.524910105	1.533445787	-1.533445787	-1.558686674	1.558686674	1.579362152	-1.579362152	-1.58258529	1.58258529	-1.584045705	1.584045705	-1.60508005	1.60508005	1.637287506	-1.637287506	-1.660055789	1.660055789	-1.699285656	1.699285656	1.702531102	-1.702531102	1.722357482	-1.722357482	-1.743238496	1.743238496	-1.833299244	1.833299244	1.859054276	-1.859054276	-1.887749231	1.887749231	-1.943457479	1.943457479	-1.955803151	1.955803151	-2.057688749	2.057688749	2.05917504	-2.05917504	2.070402041	-2.070402041	-2.113527629	2.113527629	2.125710732	-2.125710732	2.137786551	-2.137786551	2.161306521	-2.161306521	2.269473534	-2.269473534	2.271581561	-2.271581561	2.291205833	-2.291205833	2.42337662	-2.42337662	-2.461631838	2.461631838	-2.46691365	2.46691365	-2.495341068	2.495341068	-2.523348712	2.523348712	
-0.45	0.02233732284	-0.02233732284	0.02355767661	-0.02355767661	0.05644042256	-0.05644042256	0.1094386469	-0.1094386469	-0.271193542	0.271193542	0.3153751842	-0.3153751842	-0.407609225	0.407609225	0.5976875563	-0.5976875563	-0.6206694246	0.6206694246	-0.6490235499	0.6490235499	-0.6644330821	0.6644330821	-0.680302752	0.680302752	0.7232671879	-0.7232671879	-0.8193032898	0.8193032898	-0.8778167853	0.8778167853	-0.8979972513	0.8979972513	-0.924403492	0.9244034921	-0.9715685885	0.9715685885	-0.9918496577	0.9918496577	-1.000574372	1.000574372	-1.134977762	1.134977762	-1.137320542	1.137320542	-1.158925779	1.158925779	-1.17289232	1.17289232	1.202200675	-1.202200675	1.335065382	-1.335065382	1.343370874	-1.343370874	-1.524456982	1.524456982	-1.532867037	1.532867037	1.55867454	-1.55867454	1.577788287	-1.577788287	-1.579845689	1.579845689	-1.582637136	1.582637136	-1.60579341	1.60579341	-1.635596443	1.635596443	-1.658932125	1.658932125	1.699905192	-1.699905192	-1.701905776	1.701905776	-1.720096607	1.720096607	-1.742908427	1.742908427	-1.833339098	1.833339098	-1.859016769	1.859016769	1.888315281	-1.888315281	1.943246255	-1.943246255	1.951851078	-1.951851078	-2.058601394	2.058601394	-2.059857252	2.059857252	-2.071028043	2.071028043	2.113587556	-2.113587556	-2.125087139	2.125087139	2.137622636	-2.137622636	-2.161917707	2.161917707	-2.269278283	2.269278283	-2.271733067	2.271733067	-2.291311956	2.291311956	-2.423328815	2.423328815	-2.461322196	2.461322196	-2.466767675	2.466767675	-2.49543321	2.49543321	-2.523292159	2.523292159	
-0.44	0.01559860203	-0.01559860203	-0.0301895618	0.0301895618	-0.05303389741	0.05303389742	-0.1168195048	0.1168195048	-0.2676561183	0.2676561183	-0.3206802146	0.3206802146	-0.4103821907	0.4103821907	-0.597089686	0.597089686	-0.6267936545	0.6267936545	-0.6490950978	0.6490950978	-0.6679714504	0.6679714504	-0.6760752866	0.6760752866	-0.722161502	0.722161502	0.8228175171	-0.8228175171	-0.8845979721	0.8845979721	0.8981118336	-0.8981118336	0.9245126037	-0.9245126037	0.9678040427	-0.9678040428	-0.9884456928	0.9884456928	1.006867957	-1.006867957	1.135522204	-1.135522204	1.135605073	-1.135605073	-1.159752274	1.159752274	-1.170744131	1.170744131	-1.202023841	1.202023841	-1.335206557	1.335206557	-1.346142212	1.346142212	-1.523979736	1.523979736	1.532269949	-1.532269949	-1.558605795	1.558605795	-1.574902395	1.574902395	-1.577045815	1.577045815	-1.582688363	1.582688363	1.606502798	-1.606502798	-1.633771531	1.633771531	1.657811204	-1.657811204	-1.700491325	1.700491325	-1.70134258	1.70134258	1.717909455	-1.717909455	1.742582083	-1.742582083	-1.833378382	1.833378382	-1.858979771	1.858979771	-1.888880514	1.888880514	1.943032123	-1.943032123	-1.947889496	1.947889496	2.059499359	-2.059499359	2.060540175	-2.060540175	2.071652786	-2.071652786	2.113647093	-2.113647093	-2.124446165	2.124446165	2.137457108	-2.137457108	-2.162538491	2.162538491	2.269085502	-2.269085502	2.271884565	-2.271884565	-2.291415893	2.291415893	2.423281318	-2.423281318	2.461014658	-2.461014658	2.466622597	-2.466622597	-2.495523576	2.495523576	2.52323869	-2.52323869	
-0.43	-0.008571441616	0.008571441616	-0.03707481958	0.03707481958	-0.04962810021	0.04962810021	-0.1242072263	0.1242072263	-0.26412233	0.26412233	-0.3258412534	0.3258412534	-0.4131390058	0.4131390058	-0.5964726784	0.5964726784	-0.6326068305	0.6326068305	-0.6491674198	0.6491674198	-0.6715011641	0.6715011641	-0.6721110779	0.6721110779	-0.7210597885	0.7210597885	0.8261088745	-0.8261088745	0.8911412943	-0.8911412943	-0.8983674347	0.8983674347	-0.924685635	0.924685635	-0.964051974	0.964051974	-0.9850421986	0.9850421986	-1.013022556	1.013022556	-1.133875392	1.133875392	-1.136230157	1.136230157	-1.160601929	1.160601929	-1.168574053	1.168574053	-1.20184532	1.20184532	1.335347553	-1.335347553	1.348897301	-1.348897301	-1.523471491	1.523471491	1.531654233	-1.531654233	-1.558425128	1.558425128	-1.570848458	1.570848458	-1.575574336	1.575574336	-1.582738631	1.582738631	-1.607206266	1.607206266	-1.63180963	1.63180963	1.656694343	-1.656694343	-1.70083936	1.70083936	1.701033751	-1.701033751	-1.715812029	1.715812029	1.742259713	-1.742259713	-1.833417069	1.833417069	-1.858943309	1.858943309	-1.889444525	1.889444525	-1.942815211	1.942815211	-1.943921814	1.943921814	-2.060382169	2.060382169	2.061223001	-2.061223001	2.072275755	-2.072275755	-2.113706111	2.113706111	-2.123788488	2.123788488	-2.137290082	2.137290082	-2.163167977	2.163167977	-2.268895293	2.268895293	-2.272035901	2.272035901	2.291517632	-2.291517632	2.423234174	-2.423234174	-2.460709472	2.460709472	-2.466478543	2.466478543	-2.49561214	2.49561214	-2.523188309	2.523188309	
-0.42	-0.001565779905	0.001565779905	-0.04390394804	0.04390394805	0.04622324555	-0.04622324555	-0.1315965421	0.1315965421	0.2605924058	-0.2605924058	-0.3308531044	0.3308531044	-0.4158791323	0.4158791323	0.5958363042	-0.5958363042	0.6378320202	-0.6378320202	0.6492404962	-0.6492404962	0.6686696617	-0.6686696617	0.6750384141	-0.6750384141	0.7199632326	-0.7199632326	-0.8291709655	0.8291709655	-0.8963401662	0.8963401662	0.8998211525	-0.8998211525	-0.9249685116	0.9249685116	-0.9603182245	0.9603182245	0.9816394144	-0.9816394144	1.019022134	-1.019022134	1.132409433	-1.132409433	1.136852477	-1.136852477	-1.161462602	1.161462602	1.166384573	-1.166384573	1.201665225	-1.201665225	-1.335488224	1.335488224	1.351635597	-1.351635597	-1.522922736	1.522922736	1.531019623	-1.531019623	-1.557984699	1.557984699	1.566937556	-1.566937556	-1.57428719	1.57428719	1.582787508	-1.582787508	-1.607902431	1.607902431	1.629708259	-1.629708259	1.655582854	-1.655582854	-1.700393912	1.700393912	-1.70151586	1.70151586	-1.713826094	1.713826094	1.741941556	-1.741941556	-1.833455131	1.833455131	-1.858907407	1.858907407	-1.890006906	1.890006906	-1.93995152	1.93995152	1.942595659	-1.942595659	-2.061249375	2.061249375	-2.061904936	2.061904936	-2.072896435	2.072896435	2.113764454	-2.113764454	2.123114798	-2.123114798	2.137121678	-2.137121678	2.163805281	-2.163805281	2.268707756	-2.268707756	2.272186916	-2.272186916	2.291617162	-2.291617162	2.423187429	-2.423187429	2.460406886	-2.460406886	-2.466335643	2.466335643	2.495698879	-2.495698879	-2.523141016	2.523141016	
-0.41	0.005410070744	-0.005410070745	0.04281937921	-0.04281937921	0.05066841924	-0.05066841924	-0.1389831643	0.1389831643	0.2570665926	-0.2570665926	0.3357105234	-0.3357105234	0.4186020007	-0.4186020007	0.5951803569	-0.5951803569	-0.6418605694	0.6418605694	0.6493143005	-0.6493143005	0.6663767799	-0.6663767799	0.6785651176	-0.6785651176	0.7188730134	-0.7188730134	0.8319976167	-0.8319976167	-0.8975679339	0.8975679339	0.9049969973	-0.9049969973	0.9254591057	-0.9254591057	0.9566098438	-0.9566098438	0.9782375971	-0.9782375971	1.024848706	-1.024848706	-1.131151153	1.131151153	1.137471496	-1.137471496	1.162326589	-1.162326589	1.164178001	-1.164178001	-1.201483683	1.201483683	1.335628421	-1.335628421	1.354356526	-1.354356526	1.522320109	-1.522320109	1.530365881	-1.530365881	1.556873925	-1.556873925	1.563702556	-1.563702556	-1.573084971	1.573084971	1.582834446	-1.582834446	1.608590214	-1.608590214	-1.62746578	1.62746578	1.654478034	-1.654478034	1.700003994	-1.700003994	1.70190897	-1.70190897	1.711984798	-1.711984798	1.741627848	-1.741627848	1.833492545	-1.833492545	1.858872091	-1.858872091	-1.890567247	1.890567247	1.935982185	-1.935982185	1.942373614	-1.942373614	-2.062100553	2.062100553	2.0625852	-2.0625852	2.073514316	-2.073514316	2.113821935	-2.113821935	-2.122425807	2.122425807	2.136952023	-2.136952023	-2.164449535	2.164449535	-2.268522992	2.268522992	-2.272337454	2.272337454	2.291714471	-2.291714471	2.423141128	-2.423141128	2.460107146	-2.460107146	2.466194031	-2.466194031	2.49578377	-2.49578377	2.523096804	-2.523096804	
-0.4	-0.01235210075	0.01235210075	-0.03941695575	0.03941695575	-0.05736317947	0.05736317947	-0.1463633746	0.1463633746	-0.2535451575	0.2535451575	-0.3404082303	0.3404082303	0.4213070074	-0.4213070074	-0.5945046579	0.5945046579	-0.6436708787	0.6436708787	-0.6493888	0.6493888	-0.6662468917	0.6662468917	-0.6820876319	0.6820876319	-0.717790305	0.717790305	-0.8345829539	0.8345829539	-0.8977994094	0.8977994094	-0.910685022	0.910685022	-0.9263850126	0.9263850126	-0.9529366045	0.9529366045	-0.9748370238	0.9748370238	-1.030482244	1.030482244	1.130126764	-1.130126764	-1.138086676	1.138086676	1.161956447	-1.161956447	1.163188794	-1.163188794	-1.201300829	1.201300829	1.335767997	-1.335767997	-1.357059479	1.357059479	1.521644561	-1.521644561	-1.529692798	1.529692798	-1.554487809	1.554487809	-1.561786495	1.561786495	-1.57195813	1.57195813	-1.582878733	1.582878733	-1.609268732	1.609268732	-1.62508157	1.62508157	-1.653381164	1.653381164	-1.699667354	1.699667354	1.702161569	-1.702161569	-1.710343306	1.710343306	-1.741318816	1.741318817	-1.833529285	1.833529285	-1.858837382	1.858837382	-1.891125138	1.891125138	1.932017468	-1.932017468	1.942149233	-1.942149233	-2.062935304	2.062935304	2.063263026	-2.063263026	-2.074128887	2.074128887	2.113878307	-2.113878307	2.121722263	-2.121722263	-2.136781255	2.136781255	2.165099887	-2.165099887	-2.2683411	2.2683411	-2.272487352	2.272487352	-2.291809551	2.291809551	-2.423095317	2.423095317	-2.459810499	2.459810499	-2.466053845	2.466053845	-2.495866791	2.495866791	2.523055662	-2.523055662	
-0.39	-0.01925715307	0.01925715308	0.03601615897	-0.03601615897	-0.06398408331	0.06398408331	-0.1537338127	0.1537338127	0.250028391	-0.250028391	0.3449409248	-0.3449409248	0.423993511	-0.423993511	0.5938090618	-0.5938090618	0.6427741387	-0.6427741387	0.6494639553	-0.6494639553	-0.6687686661	0.6687686661	0.6856055291	-0.6856055291	-0.716716276	0.716716276	-0.8369214909	0.8369214909	-0.8979061014	0.8979061014	0.9154935089	-0.9154935089	0.9282510219	-0.9282510219	0.9493160587	-0.9493160587	0.9714379947	-0.9714379947	1.035900762	-1.035900762	1.129362749	-1.129362749	1.138697475	-1.138697475	1.159721805	-1.159721805	-1.164045731	1.164045731	1.201116812	-1.201116812	1.3359068	-1.3359068	1.359743809	-1.359743809	1.52086862	-1.52086862	1.5290002	-1.5290002	1.551069711	-1.551069711	1.560981099	-1.560981099	1.570908469	-1.570908469	1.58291942	-1.58291942	1.60993723	-1.60993723	-1.622556177	1.622556177	1.652293498	-1.652293498	1.699381735	-1.699381735	-1.702185344	1.702185344	-1.708992689	1.708992689	1.741014682	-1.741014682	1.833565329	-1.833565329	1.858803304	-1.858803304	1.891680164	-1.891680164	-1.928061122	1.928061122	1.941922686	-1.941922686	-2.063753252	2.063753252	2.063937657	-2.063937657	2.074739639	-2.074739639	2.113933243	-2.113933243	2.12100499	-2.12100499	-2.136609518	2.136609518	-2.165755504	2.165755504	-2.268162178	2.268162178	2.27263645	-2.27263645	-2.29190239	2.29190239	2.423050038	-2.423050038	2.459517191	-2.459517191	2.465915226	-2.465915226	-2.495947925	2.495947925	-2.523017575	2.523017575	
-0.38	0.02612232357	-0.02612232357	0.03261730253	-0.03261730253	-0.07052700832	0.07052700832	-0.1610913562	0.1610913562	0.24651661	-0.24651661	-0.3493033038	0.3493033038	-0.4266608296	0.4266608296	-0.5930934615	0.5930934615	0.6399918148	-0.6399918148	-0.6495397205	0.6495397205	-0.6731206279	0.6731206279	-0.6891184693	0.6891184693	-0.7156520892	0.7156520892	-0.8390082327	0.8390082327	-0.8979769882	0.8979769882	0.9186725385	-0.9186725385	-0.9316709299	0.9316709299	0.945797313	-0.945797313	-0.9680408363	0.9680408363	-1.041080673	1.041080673	-1.128886025	1.128886025	-1.139303346	1.139303346	1.157475731	-1.157475731	-1.164894964	1.164894964	-1.200931791	1.200931791	-1.336044679	1.336044679	1.362408828	-1.362408828	-1.51995255	1.51995255	-1.528287955	1.528287955	-1.547299791	1.547299791	1.560650851	-1.560650851	-1.569940473	1.569940473	-1.582955224	1.582955224	1.610595049	-1.610595049	-1.619891478	1.619891478	-1.651216265	1.651216265	1.6991449	-1.6991449	1.701865645	-1.701865645	-1.708049408	1.708049408	1.740715661	-1.740715661	1.833600656	-1.833600656	-1.858769876	1.858769876	-1.892231905	1.892231905	1.924116996	-1.924116996	-1.941694149	1.941694149	2.064554042	-2.064554042	-2.064608349	2.064608349	2.075346064	-2.075346064	-2.113986269	2.113986269	-2.120274935	2.120274935	-2.136436966	2.136436966	-2.16641557	2.16641557	2.267986324	-2.267986324	2.272784584	-2.272784584	-2.291992981	2.291992981	-2.423005336	2.423005336	-2.459227467	2.459227467	2.465778318	-2.465778318	-2.496027153	2.496027153	2.522982523	-2.522982523	
-0.37	0.02922072865	-0.02922072865	0.03294476444	-0.03294476444	0.07698783083	-0.07698783083	0.1684330478	-0.1684330478	0.2430101613	-0.2430101613	-0.3534900811	0.3534900811	-0.4293082366	0.4293082366	0.5923577945	-0.5923577945	-0.6362602482	0.6362602482	-0.6496160428	0.6496160428	-0.6783666613	0.6783666613	-0.6926261024	0.6926261024	0.7145989006	-0.7145989006	-0.8408387935	0.8408387935	-0.8980325428	0.8980325428	-0.9203213648	0.9203213648	-0.9362222622	0.9362222622	-0.9426848178	0.9426848178	-0.964645904	0.964645904	-1.045997589	1.045997589	-1.128723448	1.128723448	1.139903739	-1.139903739	1.155219633	-1.155219633	-1.165734776	1.165734776	-1.200745936	1.200745936	1.336181482	-1.336181482	1.365053803	-1.365053803	-1.518839728	1.518839728	-1.527555978	1.527555978	1.543530597	-1.543530597	1.560503934	-1.560503934	1.569059406	-1.569059406	-1.582984349	1.582984349	1.611241604	-1.611241604	1.617090849	-1.617090849	-1.650150669	1.650150669	1.698954634	-1.698954634	1.7011503	-1.7011503	1.707566495	-1.707566495	1.740421959	-1.740421959	-1.833635244	1.833635244	1.858737119	-1.858737119	1.892779937	-1.892779937	-1.920189042	1.920189042	1.941463815	-1.941463815	2.065274366	-2.065274366	-2.06533734	2.06533734	2.075947656	-2.075947656	2.114036664	-2.114036664	-2.119533281	2.119533281	2.136263761	-2.136263761	-2.167079288	2.167079288	2.267813635	-2.267813635	2.27293159	-2.27293159	2.292081315	-2.292081315	2.422961254	-2.422961254	2.45894157	-2.45894157	-2.465643269	2.465643269	2.496104459	-2.496104459	2.522950482	-2.522950482	
-0.36	-0.02582681482	0.02582681482	0.03972159236	-0.03972159236	-0.08336237597	0.08336237598	-0.1757560472	0.1757560472	-0.2395094251	0.2395094251	-0.3574960098	0.3574960098	-0.4319349567	0.4319349567	-0.5916020495	0.5916020495	-0.6320655205	0.6320655205	0.6496928627	-0.6496928627	-0.6840211667	0.6840211667	-0.6961280526	0.6961280526	-0.7135578584	0.7135578584	0.8424095316	-0.8424095316	-0.898079873	0.898079873	0.9211411142	-0.9211411142	-0.9374584479	0.9374584479	-0.9437182456	0.9437182456	-0.9612535867	0.9612535867	-1.050627689	1.050627689	1.128900595	-1.128900595	1.140498086	-1.140498086	-1.152954666	1.152954666	-1.16656397	1.16656397	-1.200559429	1.200559429	1.336317058	-1.336317058	-1.367677951	1.367677951	1.517453436	-1.517453436	-1.526804236	1.526804236	1.539944861	-1.539944861	-1.560438256	1.560438256	-1.568270677	1.568270677	-1.583004209	1.583004209	1.611876366	-1.611876366	-1.614159418	1.614159418	-1.649097882	1.649097882	-1.698808762	1.698808762	1.700127727	-1.700127727	-1.707455474	1.707455474	1.740133781	-1.740133781	-1.833669075	1.833669075	-1.85870505	1.85870505	-1.893323832	1.893323832	-1.916281316	1.916281316	1.941231886	-1.941231886	-2.065934985	2.065934985	-2.066102831	2.066102831	-2.076543909	2.076543909	2.114083241	-2.114083241	2.118781667	-2.118781667	2.136090075	-2.136090075	2.167745882	-2.167745882	-2.267644205	2.267644205	-2.273077303	2.273077303	2.292167383	-2.292167383	2.422917833	-2.422917833	2.458659743	-2.458659743	-2.465510228	2.465510228	-2.496179829	2.496179829	-2.522921424	2.522921424	
-0.35	0.02243597791	-0.02243597791	-0.04644983397	0.04644983397	0.0896463963	-0.0896463963	-0.1830575981	0.1830575981	0.2360148201	-0.2360148201	-0.3613159065	0.3613159065	0.4345401612	-0.4345401612	-0.5908262727	0.5908262727	0.6276266203	-0.6276266203	0.6497701135	-0.6497701135	-0.6898659067	0.6898659067	0.6996239148	-0.6996239148	0.7125301014	-0.7125301015	-0.8437176984	0.8437176984	0.8981220585	-0.8981220585	0.9215828347	-0.9215828347	0.9344868428	-0.9344868428	0.949336953	-0.949336953	0.9578643108	-0.9578643108	1.054949758	-1.054949758	1.129439814	-1.129439814	-1.141085795	1.141085795	-1.150681744	1.150681744	-1.167381755	1.167381755	-1.200372463	1.200372463	-1.336451255	1.336451255	1.370280437	-1.370280437	1.515701265	-1.515701265	1.526032755	-1.526032755	-1.536678942	1.536678942	1.560413891	-1.560413891	1.567579552	-1.567579552	1.583010933	-1.583010933	-1.611104485	1.611104485	1.612498858	-1.612498858	-1.648059055	1.648059055	-1.698705156	1.698705156	1.698942204	-1.698942204	1.707571162	-1.707571162	1.739851319	-1.739851319	-1.833702131	1.833702131	1.858673687	-1.858673687	1.893863154	-1.893863154	-1.912397983	1.912397983	1.940998578	-1.940998578	-2.066589493	2.066589493	2.066850218	-2.066850218	2.077134319	-2.077134319	-2.114123848	2.114123848	-2.118022674	2.118022674	2.13591609	-2.13591609	-2.168414595	2.168414595	-2.267478131	2.267478131	2.273221557	-2.273221557	2.292251179	-2.292251179	2.422875115	-2.422875115	-2.458382228	2.458382228	2.465379347	-2.465379347	-2.49625325	2.49625325	2.522895319	-2.522895319	
-0.34	0.01904867878	-0.01904867878	0.05312638733	-0.05312638733	-0.09583556022	0.09583556022	0.1903350028	-0.1903350028	0.2325268079	-0.2325268079	0.3649446766	-0.3649446766	0.437122963	-0.437122963	0.5900305759	-0.5900305759	0.623048372	-0.623048372	-0.649847721	0.649847721	0.6957970799	-0.6957970799	0.7031132599	-0.7031132599	0.7115167583	-0.7115167583	0.8447616015	-0.8447616015	0.8981606237	-0.8981606237	0.9218398525	-0.9218398525	-0.9311581735	0.9311581735	0.954478545	-0.954478545	0.955495557	-0.955495557	1.058947805	-1.058947805	1.130357623	-1.130357623	1.141666188	-1.141666188	1.148401598	-1.148401598	1.168187683	-1.168187683	-1.200185243	1.200185243	1.336583919	-1.336583919	1.372860365	-1.372860365	1.513496224	-1.513496224	1.525241631	-1.525241631	1.533841935	-1.533841935	1.560413008	-1.560413008	1.566990986	-1.566990986	-1.582998452	1.582998452	-1.60793633	1.60793633	-1.613108646	1.613108646	-1.64703531	1.64703531	1.69769872	-1.69769872	1.698641742	-1.698641742	1.707806917	-1.707806917	1.739574764	-1.739574764	1.833734393	-1.833734393	1.858643047	-1.858643047	1.89439746	-1.89439746	-1.908543318	1.908543318	1.940764121	-1.940764121	2.067237186	-2.067237186	2.06757922	-2.06757922	2.077718383	-2.077718383	2.114154135	-2.114154135	2.117261076	-2.117261076	2.135741997	-2.135741997	2.169084693	-2.169084693	2.267315504	-2.267315504	2.273364185	-2.273364185	-2.292332694	2.292332694	2.42283314	-2.42283314	2.458109262	-2.458109262	2.465250778	-2.465250778	2.496324709	-2.496324709	2.522872134	-2.522872134	
-0.33	-0.01566542782	0.01566542782	-0.05974799102	0.05974799102	-0.1019254451	0.1019254451	0.197585603	-0.197585603	0.2290458998	-0.2290458998	0.3683773431	-0.3683773431	0.4396824103	-0.4396824103	-0.5892151445	0.5892151445	-0.6183863339	0.6183863339	-0.6499256037	0.6499256037	0.7017603919	-0.7017603919	-0.7065956748	0.7065956748	-0.7105189452	0.7105189452	0.8455407765	-0.8455407765	-0.8981963847	0.8981963847	0.9219915982	-0.9219915982	-0.9278191495	0.9278191495	-0.951096807	0.951096807	-0.9617664822	0.9617664822	1.062613928	-1.062613928	1.131661833	-1.131661833	1.1422382	-1.1422382	1.146115091	-1.146115091	1.168981622	-1.168981622	-1.199997987	1.199997987	1.3367149	-1.3367149	1.375416774	-1.375416774	-1.510793481	1.510793481	-1.524431031	1.524431031	-1.531491966	1.531491966	1.560426932	-1.560426932	1.56650951	-1.56650951	-1.582956733	1.582956733	1.604669874	-1.604669874	1.613705331	-1.613705331	-1.64602775	1.64602775	-1.696455155	1.696455155	1.698616506	-1.698616506	1.708102567	-1.708102567	-1.739304297	1.739304297	-1.833765847	1.833765847	-1.858613143	1.858613143	1.894926299	-1.894926299	1.904721707	-1.904721707	-1.940528762	1.940528762	2.067877372	-2.067877372	-2.068289574	2.068289574	-2.078295597	2.078295597	2.114163895	-2.114163895	2.116507487	-2.116507487	-2.135567998	2.135567998	2.169755459	-2.169755459	-2.267156418	2.267156418	-2.273505022	2.273505022	2.292411923	-2.292411923	-2.422791949	2.422791949	-2.457841085	2.457841085	-2.465124675	2.465124675	2.496394195	-2.496394195	2.522851833	-2.522851833	
-0.32	-0.01228679152	0.01228679152	0.06631119661	-0.06631119661	0.1079115325	-0.1079115325	0.2048067639	-0.2048067639	-0.2255726635	0.2255726635	0.3716090748	-0.3716090748	-0.4422174803	0.4422174803	-0.588380246	0.588380246	0.6136731337	-0.6136731337	-0.6500036723	0.6500036723	-0.7077243954	0.7077243954	-0.7095377649	0.7095377649	-0.7100710969	0.7100710969	-0.8460561591	0.8460561591	-0.8982297899	0.8982297899	-0.9220460279	0.9220460279	-0.9245523521	0.9245523521	0.9477196695	-0.9477196695	0.9680571296	-0.9680571296	-1.065950797	1.065950797	1.133349022	-1.133349022	-1.142795071	1.142795071	1.143828549	-1.143828549	-1.16976376	1.16976376	-1.199810923	1.199810923	1.336844046	-1.336844046	-1.377948634	1.377948634	1.507616081	-1.507616081	-1.523601208	1.523601208	-1.529615322	1.529615322	-1.560451323	1.560451323	-1.566139195	1.566139195	-1.582868051	1.582868051	1.601328266	-1.601328266	1.61428855	-1.61428855	-1.645037452	1.645037452	1.695241001	-1.695241001	-1.698627501	1.698627501	-1.708425822	1.708425822	-1.739040094	1.739040094	-1.833796475	1.833796475	-1.85858399	1.85858399	-1.895449209	1.895449209	-1.900937652	1.900937652	1.940292762	-1.940292762	2.068509368	-2.068509368	-2.068981031	2.068981031	-2.078865459	2.078865459	2.114124581	-2.114124581	2.115790848	-2.115790848	-2.135394304	2.135394304	2.170426202	-2.170426202	-2.267000962	2.267000962	-2.273643902	2.273643902	-2.292488858	2.292488858	-2.42275158	2.42275158	-2.45757793	2.45757793	2.465001194	-2.465001194	-2.496461697	2.496461697	2.522834377	-2.522834377	
-0.31	-0.008913400243	0.008913400243	0.07281234268	-0.07281234268	-0.1137892058	0.1137892058	-0.2119958604	0.2119958604	0.2221077313	-0.2221077313	-0.3746352167	0.3746352167	-0.4447270723	0.4447270723	-0.5875262398	0.5875262398	-0.6089298768	0.6089298768	-0.6500818294	0.6500818294	0.7085743046	-0.7085743046	0.7135085971	-0.7135085971	0.7137003076	-0.7137003076	-0.8463102469	0.8463102469	-0.8982610684	0.8982610684	-0.9209948406	0.9209948406	-0.9224024847	0.9224024847	0.9443477688	-0.9443477688	0.9743280767	-0.9743280767	1.068973014	-1.068973014	-1.13540309	1.13540309	1.141509466	-1.141509466	-1.143368674	1.143368674	1.170534655	-1.170534655	-1.199624292	1.199624292	-1.336971208	1.336971208	-1.380454832	1.380454832	1.504042493	-1.504042493	-1.52275251	1.52275251	-1.528140955	1.528140955	1.560484048	-1.560484048	-1.565883708	1.565883708	-1.582698566	1.582698566	1.597951195	-1.597951195	1.614857974	-1.614857974	-1.644065474	1.644065474	-1.694070901	1.694070901	1.698672852	-1.698672852	-1.708758853	1.708758853	-1.738782325	1.738782325	-1.833826264	1.833826264	-1.858555599	1.858555599	-1.895965721	1.895965721	-1.89719577	1.89719577	-1.940056398	1.940056398	2.069132501	-2.069132501	2.069653355	-2.069653355	-2.079427467	2.079427467	-2.113949403	2.113949403	-2.115198332	2.115198332	-2.135221136	2.135221136	2.171096251	-2.171096251	-2.266849226	2.266849226	-2.273780658	2.273780658	-2.292563494	2.292563494	-2.422712071	2.422712071	-2.457320032	2.457320032	-2.464880489	2.464880489	-2.496527207	2.496527207	-2.522819725	2.522819725	
-0.3	0.005545957406	-0.005545957406	-0.07924752891	0.07924752891	-0.1195537483	0.1195537483	-0.2186518099	0.2186518099	-0.2191502657	0.2191502657	0.3774513209	-0.3774513209	0.4472099988	-0.4472099988	0.5866535873	-0.5866535874	-0.604171505	0.604171505	0.6501599696	-0.6501599696	0.7076296346	-0.7076296346	0.7169908736	-0.7169908736	-0.7195921663	0.7195921663	0.8463072346	-0.8463072346	-0.8982902894	0.8982902894	0.9179077563	-0.9179077563	-0.9223179991	0.9223179991	0.9409818138	-0.9409818138	-0.980556941	0.980556941	1.071706806	-1.071706806	-1.13779545	1.13779545	1.139204111	-1.139204111	1.143911958	-1.143911958	-1.171295309	1.171295309	1.199438349	-1.199438349	1.337096237	-1.337096237	1.382934172	-1.382934172	-1.500170015	1.500170015	1.521885384	-1.521885384	1.526978054	-1.526978054	1.560524033	-1.560524033	-1.565746481	1.565746481	1.582377923	-1.582377923	1.594615156	-1.594615156	-1.615413301	1.615413301	1.643112854	-1.643112854	1.692951737	-1.692951737	-1.698750756	1.698750756	-1.70909133	1.70909133	1.738531153	-1.738531153	1.833855199	-1.833855199	-1.85852798	1.85852798	-1.893500789	1.893500789	1.896475353	-1.896475353	1.939819966	-1.939819966	-2.06974611	2.06974611	-2.070306323	2.070306323	2.079981121	-2.079981121	2.113496161	-2.113496161	2.114872511	-2.114872511	2.135048728	-2.135048728	-2.171764955	2.171764955	2.266701297	-2.266701297	2.273915125	-2.273915125	2.292635825	-2.292635825	2.42267346	-2.42267346	2.457067621	-2.457067621	-2.464762716	2.464762716	2.496590716	-2.496590716	2.522807836	-2.522807836	
-0.29	-0.002185250407	0.002185250407	0.08561258971	-0.08561258971	0.1252003438	-0.1252003438	-0.2152056922	0.2152056922	-0.2262673398	0.2262673398	-0.3800531778	0.3800531778	0.4496649768	-0.4496649768	-0.5857628636	0.5857628636	0.5994095132	-0.5994095132	-0.6502379792	0.6502379792	-0.7067048066	0.7067048066	-0.7204391171	0.7204391171	0.7254692563	-0.7254692563	-0.8460531048	0.8460531048	-0.8983173588	0.8983173588	0.9147632797	-0.9147632797	0.9223301139	-0.9223301139	-0.9376225974	0.9376225974	0.9867284508	-0.9867284508	1.074188005	-1.074188005	1.136888364	-1.136888364	1.14048687	-1.14048687	1.144448177	-1.144448177	1.172047314	-1.172047314	-1.199253358	1.199253358	1.337218985	-1.337218985	1.385385357	-1.385385357	-1.496086514	1.496086514	-1.521000395	1.521000395	-1.52604481	1.52604481	1.560570516	-1.560570516	-1.565730943	1.565730943	1.581750972	-1.581750972	-1.591481637	1.591481637	1.615954262	-1.615954262	1.642180609	-1.642180609	-1.691886188	1.691886188	1.698859488	-1.698859488	1.709416967	-1.709416967	1.738286735	-1.738286735	-1.833883268	1.833883268	-1.858501142	1.858501142	1.889857553	-1.889857553	-1.89697761	1.89697761	1.939583781	-1.939583781	2.070349542	-2.070349542	2.070939724	-2.070939724	2.08052592	-2.08052592	-2.112810922	2.112810922	2.114767677	-2.114767677	-2.134877321	2.134877321	2.172431688	-2.172431688	-2.266557263	2.266557263	2.274047139	-2.274047139	-2.292705846	2.292705846	2.422635782	-2.422635782	2.456820923	-2.456820923	-2.464648029	2.464648029	-2.496652216	2.496652216	2.522798666	-2.522798666	
-0.28	-0.001167836479	0.001167836479	0.09190306662	-0.09190306662	0.1307240769	-0.1307240769	-0.2117702711	0.2117702711	0.23334442	-0.23334442	0.3824368465	-0.3824368465	0.4520906175	-0.4520906175	-0.5848547689	0.5848547689	-0.5946534216	0.5946534216	-0.6503157358	0.6503157358	-0.705800852	0.705800852	-0.7238761743	0.7238761743	-0.7313014792	0.7313014792	0.8455556563	-0.8455556563	-0.8983419347	0.8983419347	-0.9116613889	0.9116613889	-0.9223439259	0.9223439259	-0.9342710093	0.9342710093	0.9928306217	-0.9928306217	1.076458818	-1.076458818	1.134564237	-1.134564237	1.143430441	-1.143430441	-1.144974449	1.144974449	-1.172793087	1.172793087	-1.199069599	1.199069599	1.337339308	-1.337339308	-1.387806988	1.387806988	1.491860673	-1.491860673	1.520098235	-1.520098235	-1.525278451	1.525278451	-1.560622554	1.560622554	1.565840718	-1.565840718	1.580507132	-1.580507132	1.588867651	-1.588867651	1.616480619	-1.616480619	-1.641269735	1.641269735	1.690874569	-1.690874569	1.698997402	-1.698997402	1.70973178	-1.70973178	-1.738049221	1.738049221	-1.833910457	1.833910457	-1.858475088	1.858475088	1.886271017	-1.886271017	1.897471987	-1.897471987	1.939348176	-1.939348176	2.070942158	-2.070942158	-2.071553358	2.071553358	2.081061363	-2.081061363	2.112027911	-2.112027911	2.114749955	-2.114749955	-2.134707169	2.134707169	2.173095844	-2.173095844	-2.266417207	2.266417207	-2.274176537	2.274176537	2.292773551	-2.292773551	2.422599074	-2.422599074	2.456580163	-2.456580163	-2.464536583	2.464536583	-2.4967117	2.4967117	2.522792171	-2.522792171	
-0.27	-0.004512306748	0.004512306748	-0.09811417927	0.09811417928	0.1361199366	-0.1361199366	-0.2083465558	0.2083465558	-0.2403788112	0.2403788112	-0.3845986855	0.3845986855	0.4544854146	-0.4544854146	-0.583930143	0.583930143	-0.589911625	0.589911625	-0.6503931086	0.6503931086	-0.7049187807	0.7049187807	-0.7273014479	0.7273014479	-0.7370836094	0.7370836094	-0.8448244505	0.8448244505	-0.8983631394	0.8983631394	0.9086105297	-0.9086105297	0.9223534402	-0.9223534402	0.9309280517	-0.9309280517	-0.9988529628	0.9988529628	1.078564222	-1.078564222	-1.132231866	1.132231866	-1.145489876	1.145489876	1.146574763	-1.146574763	-1.173536244	1.173536244	-1.198887362	1.198887362	-1.337457064	1.337457064	-1.390197545	1.390197545	1.487543228	-1.487543228	-1.519179736	1.519179736	-1.524634187	1.524634187	-1.56067881	1.56067881	-1.566079663	1.566079663	-1.578306207	1.578306207	-1.58711985	1.58711985	1.616992162	-1.616992162	-1.640381207	1.640381207	-1.689915837	1.689915837	1.699162935	-1.699162935	-1.710033159	1.710033159	1.737818757	-1.737818757	-1.833936755	1.833936755	-1.858449818	1.858449818	-1.882746245	1.882746245	1.897957961	-1.897957961	1.939113507	-1.939113507	-2.071523326	2.071523326	-2.072147033	2.072147033	-2.081586951	2.081586951	-2.111202999	2.111202999	2.114763817	-2.114763817	-2.134538535	2.134538535	-2.173756838	2.173756838	-2.266281212	2.266281212	-2.274303157	2.274303157	-2.292838935	2.292838935	2.422563369	-2.422563369	2.456345562	-2.456345562	-2.46442853	2.46442853	-2.496769162	2.496769162	2.522788304	-2.522788304	
-0.26	0.007847033355	-0.007847033355	0.1042407944	-0.1042407944	0.1413828195	-0.1413828195	-0.2049356927	0.2049356927	0.247367777	-0.247367777	0.3865353806	-0.3865353806	-0.4568477316	0.4568477316	-0.5829899789	0.5829899789	-0.5851919095	0.5851919095	-0.6504699581	0.6504699581	-0.7040595789	0.7040595789	0.7307138952	-0.7307138952	0.7428117794	-0.7428117794	-0.8438706669	0.8438706669	-0.8983785309	0.8983785309	0.9056126658	-0.9056126658	0.922358531	-0.922358531	0.9275948576	-0.9275948576	-1.004785496	1.004785496	1.080548742	-1.080548742	1.12989141	-1.12989141	-1.145993786	1.145993786	1.149866525	-1.149866525	1.174282238	-1.174282238	-1.198706949	1.198706949	-1.337572114	1.337572114	1.392555376	-1.392555376	1.483171403	-1.483171403	-1.518245883	1.518245883	-1.52408089	1.52408089	-1.560737623	1.560737623	-1.566451682	1.566451682	-1.575215613	1.575215613	1.586177236	-1.586177236	1.617488713	-1.617488713	-1.639515978	1.639515978	-1.689008164	1.689008164	1.699354605	-1.699354605	-1.710319355	1.710319355	1.737595481	-1.737595481	-1.83396215	1.83396215	-1.858425324	1.858425324	-1.879288406	1.879288406	-1.898434998	1.898434998	1.938880147	-1.938880147	2.072092427	-2.072092427	2.072720567	-2.072720567	2.082102186	-2.082102186	2.110354843	-2.110354843	-2.114790937	2.114790937	-2.134371693	2.134371693	-2.17441411	2.17441411	-2.266149359	2.266149359	2.27442684	-2.27442684	2.292901995	-2.292901995	-2.422528701	2.422528701	-2.456117336	2.456117336	2.464324022	-2.464324022	-2.496824596	2.496824596	-2.522787019	2.522787019	
-0.25	-0.0111707368	0.0111707368	0.1102773924	-0.1102773924	0.1465075361	-0.1465075361	0.2015389897	-0.2015389897	-0.2543085307	0.2543085307	0.388243973	-0.388243973	0.4591757873	-0.4591757873	-0.5805017853	0.5805017853	0.5820354393	-0.5820354393	0.6505461362	-0.6505461362	0.7032242085	-0.7032242085	0.7341122653	-0.7341122653	-0.7484829084	0.7484829084	0.8427068632	-0.8427068632	-0.8983788776	0.8983788776	-0.9026742179	0.9026742179	0.9223599071	-0.9223599071	0.9242727129	-0.9242727129	-1.010618126	1.010618126	1.082454049	-1.082454049	1.127543392	-1.127543392	1.146485559	-1.146485559	1.153251796	-1.153251796	-1.175039437	1.175039437	1.198528675	-1.198528675	1.33768432	-1.33768432	1.394878685	-1.394878685	1.478773113	-1.478773113	-1.517297836	1.517297836	1.523596979	-1.523596979	-1.560797256	1.560797256	1.566960399	-1.566960399	-1.571582481	1.571582481	-1.585699019	1.585699019	1.617970131	-1.617970131	1.638674977	-1.638674977	-1.688149289	1.688149289	-1.699571016	1.699571016	1.710589182	-1.710589182	1.737379527	-1.737379527	1.83398663	-1.83398663	1.858401583	-1.858401583	-1.875902777	1.875902777	-1.898902545	1.898902545	1.938648495	-1.938648495	2.072648854	-2.072648854	2.073273785	-2.073273785	-2.082606569	2.082606569	2.109490823	-2.109490823	2.114824262	-2.114824262	-2.134206927	2.134206927	-2.175067119	2.175067119	-2.266021727	2.266021727	2.274547427	-2.274547427	2.292962725	-2.292962725	2.422495103	-2.422495103	-2.455895698	2.455895698	2.464223208	-2.464223208	2.496877997	-2.496877997	-2.522788269	2.522788269	
-0.24	0.01448195882	-0.01448195882	0.1162180308	-0.1162180308	-0.1514888174	0.1514888174	-0.1981579479	0.1981579479	-0.2611982269	0.2611982269	-0.3897218828	0.3897218828	-0.4614676398	0.4614676398	-0.5758487116	0.5758487116	-0.5810678736	0.5810678736	-0.6506214865	0.6506214865	0.7024136053	-0.7024136053	0.7374951116	-0.7374951116	-0.7540944575	0.7540944575	-0.8413466486	0.8413466486	-0.8982852381	0.8982852381	0.8998703304	-0.8998703304	0.9209630831	-0.9209630831	0.9223583262	-0.9223583262	-1.016340166	1.016340166	1.084317499	-1.084317499	1.12518897	-1.12518897	-1.146964589	1.146964589	-1.156675596	1.156675596	1.175821006	-1.175821006	-1.198352865	1.198352865	-1.337793551	1.337793551	1.397165515	-1.397165515	-1.474370092	1.474370092	-1.51633694	1.51633694	-1.523167355	1.523167355	1.560856176	-1.560856176	-1.567608817	1.567608817	-1.56764965	1.56764965	-1.58544858	1.58544858	1.618436306	-1.618436306	-1.637859109	1.637859109	-1.687336728	1.687336728	-1.699810856	1.699810856	-1.710841838	1.710841838	1.73717102	-1.73717102	1.834010185	-1.834010185	1.858378543	-1.858378543	-1.872594746	1.872594746	-1.899360036	1.899360036	1.93841897	-1.93841897	2.073192008	-2.073192008	2.073806517	-2.073806517	-2.083099604	2.083099604	2.108614464	-2.108614464	-2.114860586	2.114860586	-2.134044528	2.134044528	-2.175715345	2.175715345	-2.265898392	2.265898392	-2.274664763	2.274664763	-2.293021122	2.293021122	2.422462604	-2.422462604	-2.455680856	2.455680856	-2.464126234	2.464126234	-2.496929361	2.496929361	2.522792008	-2.522792008	
-0.23	-0.01777903062	0.01777903062	0.1220563039	-0.1220563039	0.1563213248	-0.1563213248	0.1947943012	-0.1947943012	0.2680339528	-0.2680339528	-0.3909669313	0.3909669313	-0.4637211688	0.4637211688	-0.5712402574	0.5712402574	-0.5800888372	0.5800888372	-0.650695844	0.650695844	-0.7016286777	0.7016286777	0.7408607698	-0.7408607698	0.759644279	-0.759644279	0.8398042876	-0.8398042876	0.8966756014	-0.8966756014	-0.8986188965	0.8986188965	-0.9176676449	0.9176676449	0.9223544461	-0.9223544461	1.021939889	-1.021939889	-1.086171465	1.086171465	-1.122830243	1.122830243	-1.147430275	1.147430275	1.160079211	-1.160079211	1.176648253	-1.176648253	-1.198179855	1.198179855	-1.337899679	1.337899679	-1.399413725	1.399413725	-1.46998005	1.46998005	1.515364749	-1.515364749	1.522781306	-1.522781306	1.560913228	-1.560913228	1.563535273	-1.563535273	-1.568399107	1.568399107	1.585313864	-1.585313864	-1.618887172	1.618887172	-1.637069253	1.637069253	-1.686567915	1.686567915	1.7000729	-1.7000729	-1.711076791	1.711076791	1.736970084	-1.736970084	1.834032802	-1.834032802	-1.858356085	1.858356085	1.869369841	-1.869369841	-1.899806884	1.899806884	1.938192016	-1.938192016	-2.073721307	2.073721307	-2.074318598	2.074318598	2.083580796	-2.083580796	2.107727741	-2.107727741	-2.114898251	2.114898251	-2.1338848	2.1338848	2.176358292	-2.176358292	-2.26577943	2.26577943	-2.274778696	2.274778696	2.293077182	-2.293077182	2.422431236	-2.422431236	-2.455473015	2.455473015	2.464033245	-2.464033245	-2.496978683	2.496978683	2.522798186	-2.522798186	
-0.22	0.02106003443	-0.02106003443	-0.1277852941	0.1277852941	-0.1609996603	0.1609996603	0.1914500698	-0.1914500698	-0.2748127199	0.2748127199	-0.3919773589	0.3919773589	0.4659340555	-0.4659340555	-0.5666842216	0.5666842216	0.5791001122	-0.5791001122	-0.6507690358	0.6507690358	-0.700870306	0.700870306	0.7442073225	-0.7442073225	-0.7651305108	0.7651305108	-0.8380942599	0.8380942599	0.8939090314	-0.8939090314	0.8985569211	-0.8985569211	0.9143883251	-0.9143883251	0.9223488087	-0.9223488087	1.027404048	-1.027404048	-1.088043239	1.088043239	-1.120470661	1.120470661	1.147882019	-1.147882019	1.163394463	-1.163394463	-1.177556455	1.177556455	1.198009993	-1.198009993	1.338002579	-1.338002579	1.40162098	-1.40162098	-1.465618111	1.465618111	1.514383046	-1.514383046	1.522431107	-1.522431107	-1.559297288	1.559297288	1.560967675	-1.560967675	-1.569332536	1.569332536	1.585242881	-1.585242881	1.619322705	-1.619322705	1.636306263	-1.636306263	-1.685840286	1.685840286	-1.700356014	1.700356014	1.711293712	-1.711293712	1.736776834	-1.736776834	-1.834054472	1.834054472	1.8583339	-1.8583339	1.86623384	-1.86623384	1.900242488	-1.900242488	1.937968099	-1.937968099	-2.074236175	2.074236175	-2.074809866	2.074809866	2.084049652	-2.084049652	2.106831917	-2.106831917	-2.114936304	2.114936304	2.133728054	-2.133728054	-2.176995483	2.176995483	-2.265664912	2.265664912	2.274889076	-2.274889076	2.293130902	-2.293130902	2.422401028	-2.422401028	2.455272371	-2.455272371	-2.463944383	2.463944383	-2.497025959	2.497025959	-2.522806757	2.522806757	
-0.21	-0.02432275678	0.02432275678	-0.1333975111	0.1333975111	-0.1655183801	0.1655183801	0.1881276348	-0.1881276348	0.2815314551	-0.2815314551	0.3927518395	-0.3927518395	0.4681037618	-0.4681037618	0.5621887273	-0.5621887274	0.5781037293	-0.5781037293	-0.6508408813	0.6508408813	-0.7001393408	0.7001393408	-0.7475325536	0.7475325536	-0.7705514984	0.7705514984	0.8362308064	-0.8362308064	-0.8911103053	0.8911103053	-0.8985563327	0.8985563327	0.9111273478	-0.9111273478	-0.9223418545	0.9223418545	-1.032717273	1.032717273	1.089955291	-1.089955291	-1.118115574	1.118115574	1.148319219	-1.148319219	-1.166534405	1.166534405	-1.178603917	1.178603917	-1.197843634	1.197843634	1.338102134	-1.338102134	1.403784721	-1.403784721	-1.461297789	1.461297789	-1.513393861	1.513393861	1.522111101	-1.522111101	1.554967476	-1.554967476	1.56101913	-1.56101913	-1.570409507	1.570409507	-1.585209661	1.585209661	1.619742933	-1.619742933	-1.635570963	1.635570963	-1.685151334	1.685151334	1.700659152	-1.700659152	1.711492419	-1.711492419	1.736591379	-1.736591379	-1.834075181	1.834075181	-1.858310923	1.858310923	-1.863193321	1.863193321	1.900666229	-1.900666229	1.937747708	-1.937747708	2.074736052	-2.074736052	2.075280162	-2.075280162	-2.084505682	2.084505682	2.105927896	-2.105927896	2.114974156	-2.114974156	2.133574606	-2.133574606	2.177626462	-2.177626462	2.265554909	-2.265554909	-2.274995757	2.274995757	-2.293182277	2.293182277	2.422372007	-2.422372007	-2.455079118	2.455079118	-2.463859787	2.463859787	-2.497071186	2.497071186	2.522817674	-2.522817674	
-0.2	0.02756463146	-0.02756463146	0.1388848012	-0.1388848012	0.1698720094	-0.1698720094	0.1848298531	-0.1848298531	-0.2881869927	0.2881869927	0.3932894908	-0.3932894908	-0.4702275058	0.4702275058	-0.5577622976	0.5577622976	0.5771019923	-0.5771019923	-0.6509111931	0.6509111931	-0.6994366025	0.6994366025	0.7508338916	-0.7508338916	0.7759057334	-0.7759057334	-0.8342274892	0.8342274892	0.8883283079	-0.8883283079	0.8985659923	-0.8985659923	-0.9078872915	0.9078872915	0.9223339408	-0.9223339408	1.037861271	-1.037861271	-1.091925692	1.091925692	-1.115773023	1.115773023	1.148741273	-1.148741273	1.169384399	-1.169384399	-1.179880476	1.179880476	-1.197681141	1.197681141	1.33819823	-1.33819823	-1.405902144	1.405902144	1.457031631	-1.457031631	-1.512399502	1.512399502	-1.521817083	1.521817083	-1.550565614	1.550565614	1.561067454	-1.561067454	1.571629641	-1.571629641	-1.585200092	1.585200092	1.620147942	-1.620147942	-1.634864149	1.634864149	-1.68449865	1.68449865	-1.70098136	1.70098136	1.711672855	-1.711672855	1.736413824	-1.736413824	-1.834094917	1.834094917	-1.858279944	1.858279944	-1.860261037	1.860261037	1.90107747	-1.90107747	1.937531358	-1.937531358	-2.075220391	2.075220391	2.075729323	-2.075729323	-2.084948397	2.084948397	2.105016383	-2.105016383	-2.115011411	2.115011411	-2.133424784	2.133424784	-2.178250794	2.178250794	2.26544949	-2.26544949	-2.275098596	2.275098596	-2.293231305	2.293231305	2.4223442	-2.4223442	-2.454893443	2.454893443	-2.46377959	2.46377959	2.497114362	-2.497114362	-2.52283089	2.52283089	
-0.19	0.03078266961	-0.03078266961	-0.1442381831	0.1442381831	-0.17405506	0.17405506	-0.181560261	0.181560261	-0.2947760653	0.2947760653	0.39358988	-0.39358988	-0.4723022373	0.4723022373	-0.5534139183	0.5534139183	0.5760975033	-0.5760975033	-0.6509797772	0.6509797772	-0.6987628799	0.6987628799	-0.7541083393	0.7541083393	-0.7811918027	0.7811918027	0.8320967909	-0.8320967909	-0.8855694854	0.8855694854	-0.8985785894	0.8985785894	-0.9046711593	0.9046711593	-0.9223253588	0.9223253588	1.042813683	-1.042813683	1.09396861	-1.09396861	-1.113454861	1.113454861	-1.149147578	1.149147578	-1.171813845	1.171813845	-1.18149531	1.18149531	-1.197522886	1.197522886	1.338290761	-1.338290761	-1.407970177	1.407970177	1.452831676	-1.452831676	-1.511402575	1.511402575	-1.521545883	1.521545883	1.546105506	-1.546105506	1.561112664	-1.561112664	1.572991862	-1.572991862	-1.585205913	1.585205913	1.620537891	-1.620537891	-1.634186585	1.634186585	-1.683879934	1.683879934	-1.701321779	1.701321779	-1.71183506	1.71183506	-1.736244269	1.736244269	1.834113663	-1.834113663	1.857359034	-1.857359034	-1.858324469	1.858324469	-1.901475557	1.901475557	1.937319584	-1.937319584	2.075688656	-2.075688656	2.076157188	-2.076157188	-2.085377315	2.085377315	2.104097972	-2.104097972	2.115047794	-2.115047794	2.133278917	-2.133278917	2.178868062	-2.178868062	2.265348718	-2.265348718	-2.275197455	2.275197455	-2.293277982	2.293277982	2.422317633	-2.422317633	2.454715527	-2.454715527	-2.463703923	2.463703923	-2.497155482	2.497155482	-2.522846357	2.522846357	
-0.18	0.03397337386	-0.03397337386	0.1494474655	-0.1494474655	-0.1780620493	0.1780620493	-0.1783235144	0.1783235144	0.3012952952	-0.3012952952	0.3936530247	-0.3936530247	-0.4743246103	0.4743246103	-0.5491530903	0.5491530903	0.5750931903	-0.5750931903	-0.651046434	0.651046434	-0.6981189299	0.6981189299	-0.7573523878	0.7573523878	0.7864083452	-0.7864083452	0.8298497725	-0.8298497725	-0.8828367465	0.8828367465	0.8985920222	-0.8985920222	-0.9014824658	0.9014824658	-0.9223163471	0.9223163471	1.047546439	-1.047546439	-1.09609479	1.09609479	-1.111178405	1.111178405	-1.149537532	1.149537532	-1.17373895	1.17373895	-1.183513714	1.183513714	1.197369246	-1.197369246	-1.338379626	1.338379626	1.409985449	-1.409985449	-1.448709766	1.448709766	-1.510406012	1.510406012	1.521295086	-1.521295086	-1.541597734	1.541597734	1.561154856	-1.561154856	-1.57449445	1.57449445	-1.585221962	1.585221962	-1.620913022	1.620913022	1.633539007	-1.633539007	1.683293011	-1.683293011	-1.701679647	1.701679647	1.71197916	-1.71197916	-1.736082807	1.736082807	1.834131402	-1.834131402	-1.854661754	1.854661755	1.858275594	-1.858275594	1.901859821	-1.901859821	-1.937112943	1.937112943	2.076140326	-2.076140326	-2.076563588	2.076563588	2.085791956	-2.085791956	2.10317319	-2.10317319	-2.115083098	2.115083098	-2.133137342	2.133137342	2.179477871	-2.179477871	2.265252657	-2.265252657	2.275292198	-2.275292198	2.293322306	-2.293322306	-2.42229233	2.42229233	-2.454545546	2.454545546	-2.463632915	2.463632915	2.497194546	-2.497194546	-2.52286403	2.52286403	
-0.17	0.03713263245	-0.03713263245	-0.154500059	0.154500059	-0.1751266598	0.1751266598	-0.1818875223	0.1818875223	0.3077411857	-0.3077411857	0.3934793893	-0.3934793893	0.4762909554	-0.4762909554	-0.5449898709	0.5449898709	-0.5740923345	0.5740923345	-0.6511109595	0.6511109595	0.6975054762	-0.6975054762	0.7605619101	-0.7605619101	0.791554013	-0.791554013	0.8274958014	-0.8274958014	-0.8801335987	0.8801335987	-0.8983253434	0.8983253434	-0.8986054681	0.8986054681	-0.9223071021	0.9223071021	-1.052023327	1.052023327	-1.098311993	1.098311993	1.108968871	-1.108968871	1.149910533	-1.149910533	-1.175191857	1.175191857	-1.185887572	1.185887572	1.197220599	-1.197220599	1.33846473	-1.33846473	1.411944268	-1.411944268	-1.444677768	1.444677768	-1.509413099	1.509413099	1.521062827	-1.521062827	1.537051022	-1.537051022	-1.561194158	1.561194158	-1.576135077	1.576135077	1.585244833	-1.585244833	-1.621273683	1.621273683	-1.632922117	1.632922117	1.682735832	-1.682735832	1.702054305	-1.702054305	1.712105356	-1.712105356	1.735929528	-1.735929528	-1.834148109	1.834148109	1.852053283	-1.852053283	1.858254745	-1.858254745	-1.902229577	1.902229577	1.936912015	-1.936912015	2.076574895	-2.076574895	2.076948344	-2.076948344	2.086191847	-2.086191847	2.102242528	-2.102242528	2.115117165	-2.115117165	2.133000398	-2.133000398	-2.180079844	2.180079844	2.265161367	-2.265161367	2.275382698	-2.275382698	2.293364275	-2.293364275	2.422268315	-2.422268315	2.454383667	-2.454383667	-2.463566686	2.463566686	2.497231551	-2.497231551	2.522883864	-2.522883864	
-0.16	0.04025558851	-0.04025558851	-0.1593755076	0.1593755076	-0.1719847177	0.1719847177	-0.1855260754	0.1855260754	-0.3141101123	0.3141101123	0.3930698767	-0.3930698767	-0.4781972516	0.4781972516	0.5409349046	-0.5409349046	-0.573098598	0.573098598	-0.6511731461	0.6511731461	-0.6969232089	0.6969232089	-0.7637320294	0.7637320294	0.7966274367	-0.7966274367	0.8250423596	-0.8250423596	-0.877465115	0.877465115	0.8952046735	-0.8952046735	0.898618542	-0.898618542	-0.9222977869	0.9222977869	-1.056196492	1.056196492	-1.10062538	1.10062538	-1.10686289	1.10686289	1.150265983	-1.150265983	-1.176289374	1.176289374	-1.188486286	1.188486286	-1.197077331	1.197077331	1.338545988	-1.338545988	-1.413842587	1.413842587	1.440747731	-1.440747731	-1.5084275	1.5084275	-1.520847657	1.520847657	-1.532472961	1.532472961	1.561230703	-1.561230703	-1.577910816	1.577910816	-1.585272168	1.585272168	-1.621620353	1.621620353	-1.632336584	1.632336584	1.682206474	-1.682206474	-1.702445197	1.702445197	-1.712213919	1.712213919	-1.735784513	1.735784513	-1.834163752	1.834163752	1.849563425	-1.849563425	1.858237567	-1.858237567	-1.902584129	1.902584129	1.936717395	-1.936717395	2.076991871	-2.076991871	2.077311269	-2.077311269	-2.08657652	2.08657652	2.101306459	-2.101306459	2.115149869	-2.115149869	-2.132868426	2.132868426	-2.180673622	2.180673622	2.265074905	-2.265074905	-2.275468827	2.275468827	2.293403885	-2.293403885	2.42224561	-2.42224561	-2.454230051	2.454230051	-2.463505356	2.463505356	2.497266494	-2.497266494	-2.522905813	2.522905813	
-0.15	0.04333647857	-0.04333647857	-0.1639900552	0.1639900552	-0.1689762717	0.1689762717	-0.188972382	0.188972382	-0.3203983135	0.3203983135	0.3924258158	-0.3924258158	0.4800390992	-0.4800390992	-0.5369994421	0.5369994421	-0.572116051	0.572116051	-0.6512327844	0.6512327844	-0.6963727834	0.6963727834	-0.7668569568	0.7668569568	-0.8016271934	0.8016271934	-0.8224949349	0.8224949349	0.8748382295	-0.8748382295	-0.8921262496	0.8921262496	0.8986310408	-0.8986310408	0.9222885372	-0.9222885372	1.060001652	-1.060001652	1.103037831	-1.103037831	1.104913308	-1.104913308	1.150603289	-1.150603289	-1.177148793	1.177148793	-1.191180694	1.191180694	-1.196939823	1.196939823	1.338623318	-1.338623318	1.415675983	-1.415675983	1.436931992	-1.436931992	-1.507453286	1.507453286	-1.520648437	1.520648437	-1.52787042	1.52787042	1.561264614	-1.561264614	-1.579818127	1.579818127	-1.585302263	1.585302263	1.621953681	-1.621953681	-1.631783044	1.631783044	-1.681703134	1.681703134	-1.702851878	1.702851878	-1.712305185	1.712305185	1.735647843	-1.735647843	-1.834178284	1.834178284	-1.847199459	1.847199459	-1.858222155	1.858222155	1.90292277	-1.90292277	-1.936529699	1.936529699	2.077390777	-2.077390777	2.077652156	-2.077652156	-2.086945517	2.086945517	-2.100365454	2.100365454	2.115181106	-2.115181106	-2.132741767	2.132741767	2.181258867	-2.181258867	2.264993326	-2.264993326	-2.275550468	2.275550468	-2.293441135	2.293441135	-2.422224234	2.422224234	-2.454084852	2.454084852	2.463449036	-2.463449036	-2.497299375	2.497299375	2.522929833	-2.522929833	
-0.14	-0.0463684331	0.0463684331	0.1654378326	-0.1654378326	0.1690024865	-0.1690024865	-0.1922212206	0.1922212206	-0.3266018818	0.3266018818	0.3915489446	-0.3915489446	-0.4818116953	0.4818116953	0.533195344	-0.533195344	0.5711491948	-0.5711491948	-0.651289664	0.651289664	-0.6958548199	0.6958548199	0.7699297908	-0.7699297909	0.8065517768	-0.8065517768	0.819857	-0.819857	0.8722617868	-0.8722617868	0.8890969773	-0.8890969773	-0.8986428476	0.8986428476	-0.9222794667	0.9222794667	-1.063352625	1.063352625	1.103194691	-1.103194691	-1.105550212	1.105550212	-1.150921863	1.150921863	-1.177851647	1.177851647	1.193879104	-1.193879104	-1.196808458	1.196808458	-1.338696647	1.338696647	-1.417439627	1.417439627	-1.433243243	1.433243243	1.506494945	-1.506494945	1.520464269	-1.520464269	-1.523249799	1.523249799	-1.561295997	1.561295997	1.581852827	-1.581852827	1.585333841	-1.585333841	-1.622274535	1.622274535	-1.631262099	1.631262099	1.681224127	-1.681224127	1.703274019	-1.703274019	-1.712379554	1.712379554	-1.735519589	1.735519589	-1.834191629	1.834191629	1.844967133	-1.844967133	-1.85820804	1.85820804	1.903244784	-1.903244784	-1.93634955	1.93634955	2.077771155	-2.077771155	2.077970775	-2.077970775	2.087298387	-2.087298387	2.099419993	-2.099419993	-2.115210786	2.115210786	-2.132620761	2.132620761	-2.181835255	2.181835255	2.264916682	-2.264916682	-2.275627505	2.275627505	2.293476023	-2.293476023	-2.422204208	2.422204208	-2.453948216	2.453948216	2.463397836	-2.463397836	-2.497330191	2.497330191	2.522955882	-2.522955882	
-0.13	-0.04934323129	0.0493432313	0.1626137699	-0.1626137699	-0.1731644634	0.1731644634	-0.195267504	0.195267504	0.3327167548	-0.3327167548	0.3904413893	-0.3904413894	-0.4835098147	0.4835098147	0.5295350674	-0.5295350674	-0.5702029807	0.5702029807	-0.651343576	0.651343576	-0.6953699024	0.6953699024	-0.7729422704	0.7729422704	-0.8113995698	0.8113995698	-0.8171300828	0.8171300828	-0.8697464472	0.8697464472	0.8861251217	-0.8861251217	-0.8986538905	0.8986538905	-0.922270671	0.922270671	1.066138173	-1.066138173	1.101806527	-1.101806527	1.108161577	-1.108161577	-1.151221129	1.151221129	-1.178447753	1.178447753	1.196523104	-1.196523104	1.196683613	-1.196683613	1.338765907	-1.338765907	-1.419128272	1.419128272	-1.429694559	1.429694559	-1.505557394	1.505557394	1.518617194	-1.518617194	1.520294439	-1.520294439	-1.561324945	1.561324945	-1.584010034	1.584010034	-1.585365913	1.585365913	-1.622584078	1.622584078	-1.630774316	1.630774316	1.680767874	-1.680767874	1.703711419	-1.703711419	1.712437489	-1.712437489	-1.73539982	1.73539982	-1.834203657	1.834203657	1.842871792	-1.842871792	-1.858195051	1.858195051	-1.903549455	1.903549455	-1.936177585	1.936177585	2.07813256	-2.07813256	2.078266866	-2.078266866	-2.087634691	2.087634691	2.098470578	-2.098470578	2.115238836	-2.115238836	-2.132505744	2.132505744	2.182402481	-2.182402481	-2.264845021	2.264845021	-2.275699831	2.275699831	2.293508546	-2.293508546	-2.422185551	2.422185551	-2.453820282	2.453820282	2.463351857	-2.463351857	-2.497358942	2.497358942	2.522983915	-2.522983915	
-0.12	-0.05225100169	0.05225100169	0.159705376	-0.159705376	0.1772718021	-0.1772718021	-0.1981063102	0.1981063102	0.3387387061	-0.3387387061	-0.3891056418	0.3891056418	0.4851277993	-0.4851277993	-0.5260316311	0.5260316311	0.5692828193	-0.5692828193	-0.6513943138	0.6513943138	-0.6949185781	0.6949185781	-0.7758844741	0.7758844741	0.8143139272	-0.8143139272	-0.8161688188	0.8161688188	0.867304481	-0.867304481	-0.8832206079	0.8832206079	-0.8986641224	0.8986641224	0.9222622307	-0.9222622307	1.068229214	-1.068229214	1.100866058	-1.100866058	1.110869331	-1.110869331	1.151500525	-1.151500525	1.178966834	-1.178966834	-1.196565661	1.196565661	1.199075855	-1.199075855	1.338831036	-1.338831036	-1.420736243	1.420736243	1.426299394	-1.426299394	-1.504645935	1.504645935	1.513978553	-1.513978553	1.520138377	-1.520138377	1.561351532	-1.561351532	1.585397689	-1.585397689	1.586284071	-1.586284071	-1.622883869	1.622883869	-1.630320224	1.630320224	-1.680332896	1.680332896	-1.704164006	1.704164006	1.712479514	-1.712479514	1.7352886	-1.7352886	1.834214122	-1.834214122	-1.840918619	1.840918619	-1.858183113	1.858183113	1.903836066	-1.903836066	1.936014444	-1.936014444	2.07847457	-2.07847457	2.078540127	-2.078540127	-2.087954001	2.087954001	2.097517747	-2.097517747	2.115265189	-2.115265189	2.132397046	-2.132397046	2.182960258	-2.182960258	2.264778389	-2.264778389	-2.275767343	2.275767343	2.293538702	-2.293538702	2.422168278	-2.422168278	-2.45370118	2.45370118	-2.463311198	2.463311198	-2.497385626	2.497385626	2.523013893	-2.523013893	
-0.11	0.05507986152	-0.05507986152	0.1568583524	-0.1568583524	-0.1811774141	0.1811774141	-0.2007329145	0.2007329145	-0.3446633366	0.3446633366	-0.3875445328	0.3875445328	0.4866595593	-0.4866595593	0.5226985554	-0.5226985554	0.5683945784	-0.5683945784	0.651441676	-0.651441676	0.6945013564	-0.6945013564	0.7787444575	-0.7787444575	-0.8114067456	0.8114067456	-0.8208576108	0.8208576108	-0.8649494658	0.8649494658	-0.8803953835	0.8803953835	-0.8986735108	0.8986735108	0.9222542138	-0.9222542138	1.069508281	-1.069508281	-1.100478909	1.100478909	-1.113669339	1.113669339	1.151759509	-1.151759509	1.179426952	-1.179426952	1.196454966	-1.196454966	-1.201513605	1.201513605	1.338891977	-1.338891977	1.422257433	-1.422257433	-1.423071548	1.423071548	1.50376602	-1.50376602	-1.509339976	1.509339976	1.519995626	-1.519995626	1.561375818	-1.561375818	1.585428524	-1.585428524	1.588668331	-1.588668331	1.623176019	-1.623176019	1.629900319	-1.629900319	-1.679917808	1.679917808	-1.704631854	1.704631854	1.712506216	-1.712506216	1.735185987	-1.735185987	1.834222478	-1.834222478	-1.83911283	1.83911283	1.858172189	-1.858172189	1.904103906	-1.904103906	1.935860766	-1.935860766	-2.078790203	2.078790203	2.078796778	-2.078796778	2.088255902	-2.088255902	-2.096562088	2.096562088	2.115289786	-2.115289786	2.132294989	-2.132294989	-2.183508313	2.183508313	-2.26471683	2.26471683	2.275829944	-2.275829944	2.293566491	-2.293566491	-2.422152406	2.422152406	2.453591031	-2.453591031	-2.463275949	2.463275949	2.497410242	-2.497410242	2.523045773	-2.523045773	
-0.1	-0.0578154918	0.0578154918	-0.1541008836	0.1541008836	-0.1848537514	0.1848537514	-0.203142822	0.203142822	-0.3504860658	0.3504860658	0.3857612046	-0.3857612046	-0.4880985929	0.4880985929	0.5195497734	-0.5195497734	0.5675445619	-0.5675445619	-0.6514854675	0.6514854675	-0.6941187081	0.6941187081	-0.7815078268	0.7815078268	-0.8084055532	0.8084055532	-0.8254638519	0.8254638519	-0.862695898	0.862695898	-0.8776638455	0.8776638455	-0.8986820324	0.8986820324	-0.9222466778	0.9222466779	-1.069920345	1.069920345	1.100688351	-1.100688351	-1.116555995	1.116555995	1.151997561	-1.151997561	-1.17983945	1.17983945	-1.196351881	1.196351881	1.203820763	-1.203820763	1.338948672	-1.338948672	1.420025095	-1.420025095	-1.423685332	1.423685332	-1.502919974	1.502919974	-1.50471103	1.50471103	-1.519865821	1.519865821	-1.561397854	1.561397854	-1.58545788	1.58545788	1.591155054	-1.591155054	-1.623463422	1.623463422	1.629515058	-1.629515058	1.679521311	-1.679521311	1.705115195	-1.705115195	1.712518244	-1.712518244	-1.735092035	1.735092035	1.834227237	-1.834227237	-1.837460314	1.837460314	-1.85816226	1.85816226	-1.904352278	1.904352278	-1.935717182	1.935717182	-2.079016664	2.079016664	-2.0790988	2.0790988	-2.088539995	2.088539995	-2.095604264	2.095604264	2.115312577	-2.115312577	2.132199885	-2.132199885	-2.184046389	2.184046389	-2.264660381	2.264660381	-2.275887546	2.275887546	-2.29359191	2.29359191	-2.422137949	2.422137949	2.453489948	-2.453489948	-2.463246197	2.463246197	2.497432789	-2.497432789	-2.523079517	2.523079517	
-0.09	-0.06044065505	0.06044065505	-0.151453854	0.151453854	-0.1882831966	0.1882831966	0.2053318005	-0.2053318005	-0.356202123	0.356202123	0.3837590828	-0.3837590828	-0.4894380285	0.4894380285	0.5165995084	-0.5165995084	-0.566739467	0.566739467	-0.6515255024	0.6515255025	-0.6937710644	0.6937710644	-0.7841572548	0.7841572548	0.8053065705	-0.8053065705	0.8299852484	-0.8299852484	-0.8605587397	0.8605587397	-0.8750433241	0.8750433241	-0.8986896696	0.8986896696	-0.9222396715	0.9222396715	-1.069509891	1.069509891	-1.101438356	1.101438356	-1.119522242	1.119522242	-1.152214194	1.152214194	1.180211694	-1.180211694	-1.196256748	1.196256748	-1.205987198	1.205987198	1.339001067	-1.339001067	-1.417174271	1.417174271	-1.42501307	1.42501307	1.500071456	-1.500071456	-1.502140268	1.502140268	-1.519748664	1.519748664	-1.561417677	1.561417677	1.585485303	-1.585485303	-1.593734984	1.593734984	1.623750111	-1.623750111	-1.629164859	1.629164859	1.67914218	-1.67914218	-1.70561443	1.70561443	1.712516307	-1.712516307	-1.735006793	1.735006793	-1.834222437	1.834222437	1.835971134	-1.835971134	-1.858153313	1.858153313	1.904580503	-1.904580503	1.935584312	-1.935584312	-2.079218984	2.079218984	2.079380271	-2.079380271	2.088805897	-2.088805897	2.094645033	-2.094645033	2.115333514	-2.115333514	-2.132112033	2.132112033	2.184574243	-2.184574243	-2.264609081	2.264609081	-2.275940065	2.275940065	-2.293614958	2.293614958	-2.42212492	2.42212492	2.453398037	-2.453398037	-2.463222021	2.463222021	-2.497453266	2.497453266	2.523115084	-2.523115084	
-0.08	-0.06293468189	0.06293468189	0.1489393057	-0.1489393057	-0.1914502778	0.1914502778	0.2072959133	-0.2072959133	-0.3618065404	0.3618065404	0.3815418472	-0.3815418472	-0.490670696	0.490670696	-0.5138621172	0.5138621172	-0.5659863109	0.5659863109	-0.6515616055	0.6515616055	-0.693458816	0.693458816	-0.7866719679	0.7866719679	0.8021056681	-0.8021056681	-0.8344192908	0.8344192908	-0.8585529237	0.8585529237	0.8725545955	-0.8725545955	-0.8986964084	0.8986964084	-0.9222332355	0.9222332355	-1.068404444	1.068404444	-1.102590221	1.102590221	-1.122559552	1.122559552	-1.152408961	1.152408961	-1.180548618	1.180548618	-1.196169891	1.196169891	-1.208006791	1.208006791	-1.339049104	1.339049104	-1.414533337	1.414533337	-1.426233486	1.426233486	1.4954682	-1.4954682	-1.50139246	1.50139246	1.519643918	-1.519643918	-1.56143532	1.56143532	-1.585510404	1.585510404	1.596396813	-1.596396813	1.624041815	-1.624041815	-1.628850105	1.628850105	1.678779266	-1.678779266	-1.706130153	1.706130153	1.712501178	-1.712501178	-1.734930306	1.734930306	-1.834145685	1.834145685	1.834711457	-1.834711457	1.858145344	-1.858145344	-1.904787928	1.904787928	-1.935462755	1.935462755	-2.079396506	2.079396506	-2.079640849	2.079640849	2.089053243	-2.089053243	-2.093685288	2.093685288	-2.115352556	2.115352556	2.132031718	-2.132031718	-2.18509165	2.18509165	-2.264562963	2.264562963	2.275987426	-2.275987426	-2.293635634	2.293635634	2.422113331	-2.422113331	-2.453315391	2.453315391	-2.463203495	2.463203495	-2.497471672	2.497471672	2.523152436	-2.523152436	
-0.07	-0.06527298765	0.06527298765	0.1465824543	-0.1465824543	0.1943403316	-0.1943403316	0.2090315507	-0.2090315507	-0.3672941447	0.3672941447	-0.3791134041	0.3791134042	-0.4917892333	0.4917892333	-0.5113518957	0.5113518957	-0.5652923238	0.5652923238	-0.6515936145	0.6515936145	-0.693182312	0.693182312	-0.7890272646	0.7890272646	-0.7987988193	0.7987988193	0.8387632395	-0.8387632395	-0.8566928544	0.8566928544	0.8702223639	-0.8702223639	0.8987022375	-0.8987022375	0.9222274043	-0.9222274043	-1.066760313	1.066760313	1.103976999	-1.103976999	-1.125657854	1.125657854	-1.152581464	1.152581464	1.180853601	-1.180853601	1.19609162	-1.19609162	-1.2098767	1.2098767	-1.339092717	1.339092718	1.412116396	-1.412116396	1.427339242	-1.427339242	-1.490882841	1.490882841	1.500707669	-1.500707669	1.519551391	-1.519551391	-1.561450808	1.561450808	-1.585532846	1.585532846	-1.599126284	1.599126284	-1.624346866	1.624346866	1.628571135	-1.628571135	-1.678431479	1.678431479	1.706663166	-1.706663166	1.712473687	-1.712473687	1.734862614	-1.734862614	-1.833356497	1.833356497	1.834325186	-1.834325186	1.858138348	-1.858138348	-1.904973935	1.904973935	-1.93535308	1.93535308	-2.079548393	2.079548393	2.079880215	-2.079880215	2.089281688	-2.089281688	-2.092726106	2.092726106	-2.115369668	2.115369668	2.131959205	-2.131959205	-2.185598394	2.185598394	-2.264522055	2.264522055	2.276029559	-2.276029559	2.293653936	-2.293653936	2.422103193	-2.422103193	2.453242097	-2.453242097	-2.463190687	2.463190687	-2.497488007	2.497488007	-2.523191537	2.523191537	
-0.06	0.06742673576	-0.06742673576	-0.1444124657	0.1444124657	-0.1969392899	0.1969392899	-0.2105354608	0.2105354608	0.3726595517	-0.3726595517	0.3764778594	-0.3764778594	-0.4927862312	0.4927862312	0.5090828494	-0.5090828494	0.5646648021	-0.5646648021	0.6516213823	-0.6516213823	0.6929418594	-0.6929418594	0.7911941864	-0.7911941864	-0.795382524	0.795382524	0.8430141135	-0.8430141135	-0.8549919419	0.8549919419	0.8680755903	-0.8680755903	-0.8987071475	0.8987071475	0.9222222061	-0.9222222061	1.064718334	-1.064718334	-1.105447975	1.105447975	-1.128805413	1.128805413	1.152731365	-1.152731365	-1.181128978	1.181128978	-1.196022224	1.196022224	-1.211597035	1.211597035	1.339131837	-1.339131837	1.409937176	-1.409937176	1.428322964	-1.428322964	1.486324044	-1.486324044	-1.500089996	1.500089996	1.519470927	-1.519470927	1.561464158	-1.561464158	1.58555234	-1.58555234	1.601904693	-1.601904693	1.624677696	-1.624677696	-1.628328253	1.628328253	-1.678097791	1.678097791	-1.707214508	1.707214508	1.712434722	-1.712434722	1.734803754	-1.734803754	1.832368443	-1.832368443	-1.834301785	1.834301785	-1.858132324	1.858132324	1.905137947	-1.905137947	1.935255821	-1.935255821	-2.079673561	2.079673561	2.080098076	-2.080098076	2.089490908	-2.089490908	-2.091768814	2.091768814	2.115384814	-2.115384814	2.131894741	-2.131894741	2.186094275	-2.186094275	2.264486385	-2.264486385	2.276066404	-2.276066404	2.293669865	-2.293669865	2.422094514	-2.422094514	2.453178231	-2.453178231	-2.463183657	2.463183657	-2.49750227	2.49750227	2.523232348	-2.523232348	
-0.05	0.0693628421	-0.0693628421	0.1424626122	-0.1424626122	0.1992337787	-0.1992337787	0.2118047779	-0.2118047779	0.3736394927	-0.3736394927	0.3778971601	-0.3778971601	0.4936544196	-0.4936544196	0.5070684317	-0.5070684317	0.5641109221	-0.5641109221	0.6516447785	-0.6516447785	0.6927377214	-0.6927377214	0.7918541646	-0.7918541646	0.7931395355	-0.7931395355	0.8471686814	-0.8471686814	-0.853462207	0.853462207	0.8661474756	-0.8661474756	-0.89871113	0.89871113	0.9222176644	-0.9222176644	-1.062387748	1.062387748	1.106885016	-1.106885016	1.131988648	-1.131988648	1.152858394	-1.152858394	-1.181376326	1.181376326	1.195961971	-1.195961971	1.213170817	-1.213170817	1.339166378	-1.339166378	-1.408008793	1.408008793	1.429177433	-1.429177433	1.481797747	-1.481797747	1.499546166	-1.499546166	1.519402401	-1.519402401	-1.561475388	1.561475388	-1.585568637	1.585568637	1.604706377	-1.604706377	1.625053338	-1.625053338	-1.628121718	1.628121718	1.677777227	-1.677777227	-1.707785481	1.707785481	1.712385225	-1.712385225	-1.734753758	1.734753758	1.831526681	-1.831526681	1.834298722	-1.834298722	-1.858127272	1.858127272	1.905279439	-1.905279439	1.935171465	-1.935171465	-2.079770578	2.079770578	2.080294163	-2.080294163	2.089680603	-2.089680603	2.090815093	-2.090815093	2.115397967	-2.115397967	2.131838549	-2.131838549	2.186579103	-2.186579103	2.264455976	-2.264455976	2.276097906	-2.276097906	2.293683418	-2.293683418	-2.422087303	2.422087303	2.453123859	-2.453123859	-2.46318246	2.46318246	-2.49751446	2.49751446	2.523274835	-2.523274835	
-0.04	-0.07104459973	0.07104459973	-0.1407697153	0.1407697153	-0.2012113325	0.2012113325	0.212837048	-0.212837048	0.3706027338	-0.3706027338	0.383001148	-0.383001148	-0.494386889	0.494386889	-0.5053212577	0.5053212577	-0.5636375163	0.5636375163	-0.6516636918	0.6516636918	0.6925701171	-0.6925701171	0.7882122662	-0.7882122662	-0.7948265226	0.7948265226	0.8512234545	-0.8512234545	-0.852113987	0.852113987	0.8644748138	-0.8644748138	0.8987141778	-0.8987141778	0.9222137976	-0.9222137976	1.059847949	-1.059847949	1.108201086	-1.108201086	-1.135191897	1.135191897	-1.15296236	1.15296236	-1.181596629	1.181596629	-1.195911103	1.195911103	-1.214604111	1.214604111	-1.339196244	1.339196244	-1.406343471	1.406343471	-1.429895802	1.429895802	-1.477309665	1.477309665	1.499082813	-1.499082813	-1.519345714	1.519345714	1.56148451	-1.56148451	-1.585581525	1.585581525	1.607494517	-1.607494517	1.625503623	-1.625503623	-1.627951752	1.627951752	1.677468859	-1.677468859	-1.708377684	1.708377684	1.71232619	-1.71232619	1.734712652	-1.734712652	1.830850094	-1.830850094	1.83429931	-1.83429931	-1.858123191	1.858123191	-1.905397942	1.905397942	-1.935100451	1.935100451	-2.079837525	2.079837525	2.080468233	-2.080468233	2.089850497	-2.089850497	2.08986712	-2.08986712	-2.115409101	2.115409101	-2.131790829	2.131790829	2.187052703	-2.187052703	-2.264430848	2.264430848	-2.276124019	2.276124019	-2.293694596	2.293694596	2.422081565	-2.422081565	-2.453079039	2.453079039	2.463187144	-2.463187144	-2.497524578	2.497524578	2.523318962	-2.523318962	
-0.03	0.07243325076	-0.07243325076	0.1393726062	-0.1393726062	-0.2028606567	0.2028606567	-0.2136302524	0.2136302524	0.3673721412	-0.3673721412	-0.3879654704	0.3879654704	0.4949773413	-0.4949773413	-0.5038528041	0.5038528041	0.5632508226	-0.5632508226	-0.6516780309	0.6516780309	0.6924392202	-0.6924392202	0.7844566458	-0.7844566458	0.7962163707	-0.7962163707	0.8509557572	-0.8509557572	-0.855174678	0.855174678	0.8630963936	-0.8630963936	-0.8987162842	0.8987162842	-0.9222106201	0.9222106201	-1.05715571	1.05715571	-1.109333283	1.109333283	1.13839712	-1.13839712	1.153043157	-1.153043157	-1.181790328	1.181790328	1.195869835	-1.195869835	-1.215906327	1.215906327	1.339221324	-1.339221324	-1.404952273	1.404952273	1.430471845	-1.430471845	-1.472865506	1.472865506	-1.498706022	1.498706022	1.519300785	-1.519300785	-1.561491531	1.561491531	1.585590826	-1.585590826	1.610214511	-1.610214511	1.626075777	-1.626075777	-1.627818531	1.627818531	-1.677171807	1.677171807	1.708993053	-1.708993053	1.712258653	-1.712258653	1.734680463	-1.734680463	-1.830343285	1.830343285	-1.834300694	1.834300694	-1.858120081	1.858120081	1.905493055	-1.905493055	1.935043152	-1.935043152	2.07987178	-2.07987178	2.080620074	-2.080620074	-2.088927784	2.088927784	2.090000337	-2.090000337	2.115418193	-2.115418193	-2.131751752	2.131751752	-2.187514908	2.187514908	2.264411017	-2.264411017	2.276144706	-2.276144706	-2.293703397	2.293703397	-2.422077307	2.422077307	2.453043817	-2.453043817	2.46319775	-2.46319775	-2.497532621	2.497532621	2.523364694	-2.523364694	
-0.02	0.073490755	-0.073490755	0.1383093732	-0.1383093732	-0.2041719059	0.2041719059	-0.2141828265	0.2141828265	0.3639523813	-0.3639523813	-0.3927838585	0.3927838585	0.4954203522	-0.4954203522	0.5026731083	-0.5026731083	0.5629562207	-0.5629562207	-0.651687726	0.651687726	-0.6923451585	0.6923451585	0.7805884487	-0.7805884487	0.797271119	-0.797271119	0.8499940685	-0.8499940685	0.8590182761	-0.8590182761	0.8620502502	-0.8620502502	-0.898717443	0.898717443	-0.9222081424	0.9222081424	-1.054352111	1.054352111	1.110236188	-1.110236188	1.141583544	-1.141583544	1.153100765	-1.153100765	-1.181957302	1.181957302	1.195838356	-1.195838356	1.217090636	-1.217090636	1.339241495	-1.339241495	1.403844813	-1.403844813	1.430900208	-1.430900208	-1.468471027	1.468471027	-1.498421025	1.498421025	1.519267551	-1.519267551	-1.561496461	1.561496461	-1.585596393	1.585596393	1.612785469	-1.612785469	1.62684291	-1.62684291	-1.627722193	1.627722193	-1.676885228	1.676885228	-1.709633904	1.709633904	1.712183692	-1.712183692	-1.734657209	1.734657209	1.830008402	-1.830008402	-1.834302009	1.834302009	1.858117944	-1.858117944	1.905564446	-1.905564446	-1.93499988	1.93499988	-2.079869708	2.079869708	2.080749499	-2.080749499	2.088000993	-2.088000993	2.090129899	-2.090129899	2.115425224	-2.115425224	-2.131721463	2.131721463	-2.187965562	2.187965562	2.264396497	-2.264396497	2.276159935	-2.276159935	-2.293709821	2.293709821	2.422074531	-2.422074531	-2.45301823	2.45301823	-2.463214311	2.463214311	-2.49753859	2.49753859	-2.523411998	2.523411998	
-0.01	-0.0741837039	0.0741837039	0.1376134575	-0.1376134575	-0.2051369534	0.2051369534	0.214493675	-0.214493675	0.36034821	-0.36034821	0.3974498222	-0.3974498222	0.4957116244	-0.4957116244	-0.5017904841	0.5017904841	-0.5627579782	0.5627579782	-0.6516927302	0.6516927302	-0.6922880126	0.6922880126	0.7766100886	-0.7766100886	0.797957564	-0.797957564	-0.849233588	0.849233588	-0.8613687598	0.8613687598	0.8627508182	-0.8627508182	-0.8987176485	0.8987176485	-0.9222063712	0.9222063712	1.051467695	-1.051467695	-1.110876956	1.110876956	1.144727288	-1.144727288	1.153135245	-1.153135245	-1.182096773	1.182096773	-1.195816816	1.195816816	1.218174489	-1.218174489	1.339256623	-1.339256623	1.40302899	-1.40302899	1.431176652	-1.431176652	1.464132054	-1.464132054	-1.498231943	1.498231943	-1.519245964	1.519245964	-1.561499305	1.561499305	1.585598111	-1.585598111	1.61509647	-1.61509647	-1.62766283	1.62766283	-1.627907721	1.627907721	-1.676608323	1.676608323	-1.710302986	1.710302986	1.712102418	-1.712102418	1.734642909	-1.734642909	-1.82984658	1.82984658	-1.834302933	1.834302933	1.85811678	-1.85811678	-1.905611865	1.905611865	1.934970871	-1.934970871	-2.079826221	2.079826221	2.080856355	-2.080856355	-2.087092125	2.087092125	2.090238986	-2.090238986	2.11543018	-2.11543018	2.131700075	-2.131700075	-2.18840452	2.18840452	-2.264387297	2.264387297	2.276169685	-2.276169685	2.293713868	-2.293713868	2.42207324	-2.42207324	2.453002305	-2.453002305	-2.463236857	2.463236857	-2.497542485	2.497542485	2.523460841	-2.523460841	
1.289891889e-15	0.07448779242	-0.07448779242	-0.1373091858	0.1373091858	0.205749631	-0.205749631	0.2145621833	-0.2145621833	0.3565644549	-0.3565644549	-0.4019566545	0.4019566545	-0.4958482066	0.4958482066	0.5012112707	-0.5012112707	0.5626590311	-0.5626590311	-0.6516930199	0.6516930199	0.6922678156	-0.6922678156	0.7725251125	-0.7725251125	0.7982517311	-0.7982517311	-0.8486772182	0.8486772182	-0.8610775687	0.8610775687	-0.866366125	0.866366125	-0.8987168951	0.8987168951	-0.9222053096	0.9222053096	-1.048525995	1.048525995	-1.111232024	1.111232024	1.147800993	-1.147800993	1.15314673	-1.15314673	-1.182207121	1.182207121	-1.195805332	1.195805332	-1.2191802	1.2191802	1.339266571	-1.339266571	1.402510756	-1.402510756	1.431298251	-1.431298251	1.459854498	-1.459854498	-1.498141567	1.498141567	-1.519235986	1.519235986	-1.561500067	1.561500067	1.585595893	-1.585595893	1.617026864	-1.617026864	-1.627640493	1.627640493	1.629382152	-1.629382152	-1.676340327	1.676340327	1.711003538	-1.711003538	1.712015969	-1.712015969	-1.734637579	1.734637579	-1.829858263	1.829858263	-1.834303355	1.834303355	1.858116591	-1.858116591	1.905635142	-1.905635142	1.934956283	-1.934956283	-2.079734179	2.079734179	2.080940517	-2.080940517	2.086208618	-2.086208618	-2.090327429	2.090327429	2.115433047	-2.115433047	-2.131687671	2.131687671	-2.188831645	2.188831645	2.264383422	-2.264383422	-2.276173939	2.276173939	2.293715537	-2.293715537	-2.422073435	2.422073435	2.452996058	-2.452996058	2.463265405	-2.463265405	2.497544305	-2.497544305	2.523511188	-2.523511188	
0.01	0.07439170394	-0.07439170394	0.1374078889	-0.1374078889	-0.2060059216	0.2060059216	0.2143882231	-0.2143882231	0.3526059983	-0.3526059983	-0.40629744	0.40629744	-0.4958286536	0.4958286536	0.5009396325	-0.5009396325	0.5626608235	-0.5626608235	-0.6516885949	0.6516885949	-0.6922845516	0.6922845516	0.7683380186	-0.7683380186	0.7981427215	-0.7981427215	0.8483262673	-0.8483262673	0.8611863723	-0.8611863723	0.8698606505	-0.8698606505	-0.8987151776	0.8987151776	0.9222049575	-0.9222049575	1.045545854	-1.045545854	1.111284974	-1.111284974	1.150773558	-1.150773558	-1.153135408	1.153135408	1.182285631	-1.182285631	-1.195803982	1.195803982	1.220135498	-1.220135498	-1.339271204	1.339271204	1.402293928	-1.402293928	1.43126352	-1.43126352	-1.455644377	1.455644377	1.498151204	-1.498151204	-1.519237592	1.519237592	1.561498751	-1.561498751	1.58558968	-1.58558968	1.618503923	-1.618503923	-1.62765519	1.62765519	1.631329694	-1.631329694	1.676080509	-1.676080509	1.711739353	-1.711739353	1.711925504	-1.711925504	1.734641229	-1.734641229	-1.83004329	1.83004329	-1.834303295	1.834303295	-1.858117379	1.858117379	1.905634194	-1.905634194	1.934956195	-1.934956195	2.079583713	-2.079583713	-2.081001894	2.081001894	2.085360655	-2.085360655	-2.090395085	2.090395085	2.115433817	-2.115433817	2.1316843	-2.1316843	2.189246808	-2.189246808	-2.264384876	2.264384876	2.276172693	-2.276172693	2.293714829	-2.293714829	2.422075117	-2.422075117	2.452999496	-2.452999496	-2.463299971	2.463299971	-2.497544049	2.497544049	2.523563009	-2.523563009	
0.02	0.07389910476	-0.07389910476	0.1379059086	-0.1379059086	0.2059040896	-0.2059040896	-0.2139721545	0.2139721545	0.3484777613	-0.3484777613	0.4104650671	-0.4104650671	0.4956531078	-0.4956531078	-0.5009774234	0.5009774234	0.5627632259	-0.5627632259	-0.6516794791	0.6516794791	0.6923381548	-0.6923381548	0.7640540526	-0.7640540526	0.7976346366	-0.7976346366	0.848180647	-0.848180647	-0.8616913138	0.8616913138	0.8732291724	-0.8732291724	0.8987124908	-0.8987124908	0.9222053111	-0.9222053111	1.042542938	-1.042542938	1.111025132	-1.111025132	1.153101502	-1.153101502	-1.153610091	1.153610091	1.182328151	-1.182328151	1.195812799	-1.195812799	-1.221073928	1.221073928	1.339270398	-1.339270398	1.402380062	-1.402380062	1.431072444	-1.431072444	-1.451507858	1.451507858	-1.4982606	1.4982606	1.519250767	-1.519250767	-1.561495359	1.561495359	1.585579442	-1.585579442	1.619549903	-1.619549903	-1.627706885	1.627706885	-1.633718257	1.633718257	1.675828173	-1.675828173	1.711832194	-1.711832194	1.712514853	-1.712514853	-1.734653873	1.734653873	1.830400884	-1.830400884	-1.834302911	1.834302911	1.858119145	-1.858119145	-1.905609026	1.905609026	-1.934970605	1.934970605	2.079361816	-2.079361816	2.081040425	-2.081040425	2.084561572	-2.084561572	2.090441842	-2.090441842	2.115432483	-2.115432483	-2.131689979	2.131689979	2.189649887	-2.189649887	2.264391658	-2.264391658	-2.276165947	2.276165947	-2.293711743	2.293711743	2.422078283	-2.422078283	-2.453012616	2.453012616	2.463340559	-2.463340559	2.497541717	-2.497541717	2.52361627	-2.52361627	
0.03	0.07302798486	-0.07302798486	-0.1387852578	0.1387852578	-0.2054447384	0.2054447384	-0.2133148222	0.2133148222	0.3441846873	-0.3441846873	0.4144522439	-0.4144522439	-0.4953232913	0.4953232913	-0.5013241265	0.5013241265	0.5629645426	-0.5629645426	-0.6516657193	0.6516657193	-0.6924285082	0.6924285082	-0.7596790041	0.7596790041	0.7967458404	-0.7967458404	-0.8482390736	0.8482390736	-0.8625740469	0.8625740469	-0.8764664803	0.8764664803	-0.8987088293	0.8987088293	-0.9222063633	0.9222063633	-1.039530744	1.039530744	-1.110446622	1.110446622	1.153045251	-1.153045251	-1.156272262	1.156272262	-1.182328743	1.182328743	1.195831775	-1.195831775	-1.222034873	1.222034873	1.339264047	-1.339264047	-1.402768396	1.402768396	1.430726373	-1.430726373	1.447451333	-1.447451333	1.49846796	-1.49846796	-1.519275504	1.519275504	1.561489893	-1.561489893	1.585565172	-1.585565172	1.620255139	-1.620255139	-1.627795499	1.627795499	1.636447015	-1.636447015	-1.675582656	1.675582656	1.71173722	-1.71173722	1.71333516	-1.71333516	-1.73467552	1.73467552	-1.830929549	1.830929549	-1.834302615	1.834302615	-1.858121892	1.858121892	-1.90555973	1.90555973	1.934999428	-1.934999428	2.079053082	-2.079053082	-2.081056085	2.081056085	2.083827121	-2.083827121	2.090467616	-2.090467616	2.115429042	-2.115429042	2.131704693	-2.131704693	2.19004077	-2.19004077	2.264403763	-2.264403763	2.276153712	-2.276153712	-2.29370628	2.29370628	-2.42208293	2.42208293	2.453035402	-2.453035402	-2.463387168	2.463387168	-2.49753731	2.49753731	-2.523670941	2.523670941	
0.04	0.07180760394	-0.07180760394	0.1400166747	-0.1400166747	-0.20463079	0.20463079	-0.2124175477	0.2124175477	-0.3397317274	0.3397317274	-0.4182515207	0.4182515207	0.4948424101	-0.4948424101	0.5019768735	-0.5019768735	-0.5632616083	0.5632616083	0.6516473853	-0.6516473853	-0.6925554408	0.6925554408	-0.7552190164	0.7552190164	0.795505852	-0.795505852	0.8484992592	-0.8484992592	0.8638050568	-0.8638050568	0.8795671827	-0.8795671827	0.8987041882	-0.8987041882	0.9222081034	-0.9222081034	-1.036521244	1.036521244	-1.109547676	1.109547676	1.152966895	-1.152966895	-1.158719208	1.158719208	1.182279436	-1.182279436	1.195860853	-1.195860853	1.223062893	-1.223062893	-1.339252074	1.339252074	-1.403455874	1.403455874	1.43022771	-1.43022771	-1.443481621	1.443481621	1.498770042	-1.498770042	1.519311808	-1.519311808	1.561482355	-1.561482355	1.58554689	-1.58554689	-1.620717495	1.620717495	1.62792091	-1.62792091	-1.639406888	1.639406888	1.675343327	-1.675343327	1.711641762	-1.711641762	-1.714206172	1.714206172	1.734706184	-1.734706184	1.831626648	-1.831626648	1.834303508	-1.834303508	-1.858125624	1.858125624	1.905486485	-1.905486485	1.935042497	-1.935042497	-2.078642931	2.078642931	-2.081048881	2.081048881	-2.083172247	2.083172247	2.09047235	-2.09047235	2.115423494	-2.115423494	2.131728391	-2.131728391	-2.190419347	2.190419347	-2.264421184	2.264421184	2.276136005	-2.276136005	-2.293698439	2.293698439	-2.422089054	2.422089054	2.453067831	-2.453067831	-2.46343979	2.46343979	2.497530825	-2.497530825	2.52372699	-2.52372699	
0.05	-0.07027415511	0.07027415511	0.141563958	-0.141563958	0.2034673893	-0.2034673893	0.2112821167	-0.2112821167	0.3351238247	-0.3351238247	0.421855316	-0.421855316	0.4942149821	-0.4942149821	0.5029305415	-0.5029305415	0.5636499599	-0.5636499599	-0.6516245681	0.6516245681	0.6927187238	-0.6927187238	0.7506804207	-0.7506804207	-0.793950993	0.793950993	-0.8489580845	0.8489580845	-0.8653480229	0.8653480229	0.8825257177	-0.8825257177	-0.8986985621	0.8986985621	-0.9222105171	0.9222105171	1.03352532	-1.03352532	1.108330087	-1.108330087	1.152866662	-1.152866662	-1.160909064	1.160909064	1.182170349	-1.182170349	-1.195899931	1.195899931	1.22420607	-1.22420607	1.339234431	-1.339234431	1.404437237	-1.404437237	-1.4295792	1.4295792	1.439606483	-1.439606483	-1.499162338	1.499162338	-1.519359692	1.519359692	-1.561472746	1.561472746	1.585524639	-1.585524639	1.621011576	-1.621011576	-1.628082956	1.628082956	1.642511261	-1.642511261	1.675109589	-1.675109589	1.711547001	-1.711547001	1.715134641	-1.715134641	1.734745881	-1.734745881	1.832486427	-1.832486427	1.834309371	-1.834309371	-1.858130345	1.858130345	-1.905389549	1.905389549	1.935099571	-1.935099571	2.078123437	-2.078123437	2.081018853	-2.081018853	-2.082605262	2.082605262	-2.090456018	2.090456018	2.115415842	-2.115415842	-2.131760992	2.131760992	-2.190785517	2.190785517	2.264443909	-2.264443909	-2.276112851	2.276112851	-2.293688222	2.293688222	2.42209665	-2.42209665	-2.453109868	2.453109868	2.46349841	-2.46349841	2.497522264	-2.497522264	-2.523784387	2.523784387	
0.06	0.06846645034	-0.06846645034	0.1433882803	-0.1433882803	0.2019617399	-0.2019617399	0.2099107623	-0.2099107623	0.3303659006	-0.3303659006	-0.4252559508	0.4252559508	0.4934466108	-0.4934466108	-0.5041779211	0.5041779211	0.5641240637	-0.5641240637	0.6515973792	-0.6515973792	0.6929180648	-0.6929180648	0.7460695976	-0.7460695976	-0.7921200906	0.7921200906	0.8496117471	-0.8496117471	0.8671641178	-0.8671641178	0.8853363767	-0.8853363767	0.8986919456	-0.8986919456	0.9222135858	-0.9222135858	1.030553048	-1.030553048	-1.106798739	1.106798739	1.152744773	-1.152744773	-1.162800943	1.162800943	1.181990584	-1.181990584	1.195948863	-1.195948863	-1.225513139	1.225513139	1.339211104	-1.339211104	1.405705193	-1.405705193	-1.428782016	1.428782016	-1.435836293	1.435836293	-1.499639295	1.499639295	-1.519419182	1.519419182	-1.561461066	1.561461066	1.585498483	-1.585498483	1.621187026	-1.621187026	1.628281429	-1.628281429	-1.645697629	1.645697629	1.674880875	-1.674880875	1.711454105	-1.711454105	-1.716128224	1.716128224	1.734794634	-1.734794634	-1.833481982	1.833481982	1.834344713	-1.834344713	-1.858136061	1.858136061	1.905269263	-1.905269263	1.935170334	-1.935170334	-2.077498281	2.077498281	-2.080966076	2.080966076	2.082122891	-2.082122891	-2.090418617	2.090418617	2.115406092	-2.115406092	2.131802382	-2.131802382	-2.191139182	2.191139182	2.264471923	-2.264471923	-2.276084286	2.276084286	2.293675629	-2.293675629	2.42210571	-2.42210571	2.45316147	-2.45316147	2.463563003	-2.463563003	-2.497511626	2.497511626	2.523843099	-2.523843099	
0.07	0.0664225244	-0.0664225244	-0.1454515806	0.1454515806	-0.2001228846	0.2001228846	-0.2083061442	0.2083061442	-0.3254628414	0.3254628414	-0.4284456877	0.4284456877	-0.4925437281	0.4925437281	0.5057099412	-0.5057099412	-0.5646775725	0.5646775725	0.6515659483	-0.6515659483	-0.693153096	0.693153096	-0.7413928685	0.7413928685	-0.7900511156	0.7900511156	0.8504558877	-0.8504558877	-0.8692153698	0.8692153698	-0.887993333	0.887993333	0.898684333	-0.898684333	0.9222172871	-0.9222172871	1.027613865	-1.027613865	1.104961172	-1.104961172	-1.152601437	1.152601437	1.164356771	-1.164356771	1.18173033	-1.18173033	1.196007457	-1.196007457	1.227029527	-1.227029527	-1.339182112	1.339182112	-1.407250627	1.407250627	1.427828318	-1.427828318	1.432191197	-1.432191197	-1.500194577	1.500194577	-1.519490317	1.519490317	1.561447317	-1.561447317	1.585468507	-1.585468507	1.621275591	-1.621275591	-1.628516082	1.628516082	-1.648920508	1.648920508	-1.674656655	1.674656655	1.711364235	-1.711364235	1.717195521	-1.717195521	1.734852478	-1.734852478	-1.834166411	1.834166411	-1.834853649	1.834853649	1.85814278	-1.85814278	1.905126036	-1.905126036	1.935254405	-1.935254405	2.076782031	-2.076782031	-2.080890659	2.080890659	-2.081711001	2.081711001	2.090360174	-2.090360174	2.115394253	-2.115394253	-2.131852418	2.131852418	-2.191480249	2.191480249	2.264505208	-2.264505208	2.27605035	-2.27605035	-2.293660659	2.293660659	2.422116227	-2.422116227	-2.453222581	2.453222581	2.463633539	-2.463633539	-2.497498911	2.497498911	2.523903096	-2.523903096	
0.08	-0.06417746312	0.06417746312	0.1477187305	-0.1477187305	-0.1979614466	0.1979614466	0.2064713249	-0.2064713249	-0.3204194858	0.3204194858	0.4314167785	-0.4314167785	0.4915133327	-0.4915133327	-0.5075159365	0.5075159365	-0.5653035887	0.5653035887	-0.6515304218	0.6515304218	-0.693423355	0.693423355	0.7366564179	-0.7366564179	0.7877790458	-0.7877790458	-0.8514856943	0.8514856943	0.8714668	-0.8714668	-0.8904906737	0.8904906737	-0.8986757185	0.8986757185	-0.9222215936	0.9222215936	1.02471668	-1.02471668	-1.102827179	1.102827179	1.152436867	-1.152436867	1.165542162	-1.165542162	1.181384419	-1.181384419	-1.196075485	1.196075485	-1.228792907	1.228792907	-1.339147509	1.339147509	1.409062865	-1.409062865	-1.426649091	1.426649091	1.428752989	-1.428752989	-1.500821319	1.500821319	-1.519573153	1.519573153	-1.561431499	1.561431499	-1.585434814	1.585434814	1.621297635	-1.621297635	-1.628786626	1.628786626	-1.65214492	1.65214492	1.67443643	-1.67443643	1.711278538	-1.711278538	1.718346059	-1.718346059	-1.734919471	1.734919471	-1.834226408	1.834226408	1.836146319	-1.836146319	-1.858150517	1.858150517	-1.904960343	1.904960343	-1.935351345	1.935351345	2.075994259	-2.075994259	-2.080792744	2.080792744	2.081350476	-2.081350476	2.090280738	-2.090280738	2.115380337	-2.115380337	2.131910927	-2.131910927	2.191808629	-2.191808629	-2.264543743	2.264543743	-2.276011093	2.276011093	-2.293643315	2.293643315	-2.422128189	2.422128189	-2.453293137	2.453293137	-2.463709979	2.463709979	2.497484118	-2.497484118	2.523964348	-2.523964348	
0.09	0.0617623296	-0.0617623296	-0.1501585963	0.1501585963	0.1954893525	-0.1954893525	-0.2044097428	0.2044097428	0.3152406148	-0.3152406148	0.4341615182	-0.4341615182	-0.4903627433	0.4903627433	-0.5095839397	0.5095839397	0.5659949112	-0.5659949112	-0.6514909604	0.6514909604	0.6937282467	-0.6937282467	0.7318662524	-0.7318662524	0.7853348189	-0.7853348189	-0.8526959874	0.8526959874	-0.8738874688	0.8738874688	0.8928224357	-0.8928224357	-0.8986660958	0.8986660958	-0.922226473	0.922226473	1.021869913	-1.021869913	-1.100408431	1.100408431	1.152251285	-1.152251285	1.166325786	-1.166325786	1.180956785	-1.180956785	1.196152678	-1.196152678	-1.230829357	1.230829357	-1.339107374	1.339107374	1.411129952	-1.411129952	1.424621618	-1.424621618	1.426157365	-1.426157365	-1.501512371	1.501512371	1.51966776	-1.51966776	1.561413613	-1.561413613	-1.585397523	1.585397523	1.621266501	-1.621266501	1.629092732	-1.629092732	-1.655342107	1.655342107	1.67421974	-1.67421974	-1.711198143	1.711198143	1.719590211	-1.719590211	1.734995706	-1.734995706	-1.834231375	1.834231375	-1.837649811	1.837649811	-1.858159288	1.858159288	-1.904772718	1.904772718	-1.935460659	1.935460659	-2.075153726	2.075153726	-2.080672505	2.080672505	2.081023042	-2.081023042	2.090180386	-2.090180386	2.115364358	-2.115364358	2.131977707	-2.131977707	2.192124236	-2.192124236	2.264587502	-2.264587502	2.275966571	-2.275966571	2.293623597	-2.293623597	2.422141588	-2.422141588	2.453373065	-2.453373065	-2.463792279	2.463792279	-2.497467248	2.497467248	2.524026823	-2.524026823	
0.1	0.05920387901	-0.05920387901	0.1527443024	-0.1527443024	-0.1927195577	0.1927195577	0.2021251828	-0.2021251828	0.3099309415	-0.3099309415	-0.4366723071	0.4366723071	0.4890993818	-0.4890993818	0.5119009811	-0.5119009811	0.5667442535	-0.5667442535	0.6514477368	-0.6514477368	0.6940669681	-0.6940669681	-0.7270282131	0.7270282131	-0.7827450653	0.7827450653	0.8540812912	-0.8540812912	-0.8764507439	0.8764507439	-0.8949826454	0.8949826454	-0.898655458	0.898655458	0.9222318869	-0.9222318869	-1.0190815	1.0190815	1.097718137	-1.097718137	1.152044935	-1.152044935	-1.166677917	1.166677917	1.180464045	-1.180464045	-1.196238738	1.196238738	-1.233151197	1.233151197	1.339061808	-1.339061808	1.413438942	-1.413438942	-1.421531573	1.421531573	1.424631583	-1.424631583	1.502260512	-1.502260512	1.519774235	-1.519774235	1.561393659	-1.561393659	1.585356769	-1.585356769	1.621191169	-1.621191169	1.62943403	-1.62943403	1.658487026	-1.658487026	-1.674006162	1.674006162	-1.711124163	1.711124163	-1.720939013	1.720939013	1.735081339	-1.735081339	1.834227341	-1.834227341	-1.839314258	1.839314258	1.858169122	-1.858169122	1.904563744	-1.904563744	1.935581812	-1.935581812	-2.074275626	2.074275626	2.080530149	-2.080530149	-2.080714025	2.080714025	-2.090059216	2.090059216	2.115346335	-2.115346335	2.132052534	-2.132052534	-2.192426985	2.192426985	-2.264636458	2.264636458	2.275916849	-2.275916849	2.293601505	-2.293601505	2.422156409	-2.422156409	2.453462281	-2.453462281	-2.463880385	2.463880385	-2.4974483	2.4974483	-2.524090491	2.524090491	
0.11	-0.05652474883	0.05652474883	-0.1554529914	0.1554529914	-0.1896658062	0.1896658062	-0.1996217458	0.1996217458	0.3044951042	-0.3044951042	-0.43894172	0.43894172	-0.4877305942	0.4877305942	-0.5144533814	0.5144533814	-0.5675444229	0.5675444229	-0.6514009332	0.6514009332	-0.6944383412	0.6944383412	0.7221480899	-0.7221480899	0.780032308	-0.780032308	0.855635891	-0.855635891	0.8791340998	-0.8791340998	0.8969653612	-0.8969653612	-0.8986437977	0.8986437977	-0.9222377907	0.9222377907	1.016358852	-1.016358852	1.094770743	-1.094770743	-1.15181809	1.15181809	-1.166570614	1.166570614	-1.17993517	1.17993517	-1.196333339	1.196333339	1.23575712	-1.23575712	-1.339010931	1.339010931	1.415976176	-1.415976176	1.41836941	-1.41836941	1.42319786	-1.42319786	1.503058624	-1.503058624	-1.5198927	1.5198927	-1.561371637	1.561371637	-1.585312698	1.585312698	-1.62107786	1.62107786	1.629810112	-1.629810112	-1.661557021	1.661557021	1.673795309	-1.673795309	1.711057695	-1.711057695	-1.722403844	1.722403844	1.735176637	-1.735176637	-1.834219722	1.834219722	1.841130106	-1.841130106	1.858180064	-1.858180064	-1.904334043	1.904334043	-1.935714231	1.935714231	-2.073371315	2.073371315	2.080365913	-2.080365913	2.080412617	-2.080412617	-2.08991735	2.08991735	-2.115326287	2.115326287	2.132135159	-2.132135159	2.192716795	-2.192716795	-2.264690578	2.264690578	2.275861999	-2.275861999	-2.293577042	2.293577042	2.42217264	-2.42217264	2.453560693	-2.453560693	2.463974236	-2.463974236	-2.497427275	2.497427275	2.52415532	-2.52415532	
0.12	-0.05374388547	0.05374388547	-0.1582652749	0.1582652749	-0.1863424821	0.1863424821	0.1969038169	-0.1969038169	0.2989376599	-0.29893766	0.4409625824	-0.4409625824	0.4862635122	-0.4862635122	-0.5172270255	0.5172270255	-0.5683884608	0.5683884608	-0.6513507383	0.6513507383	0.6948404015	-0.6948404015	0.7172319909	-0.7172319909	-0.7772153927	0.7772153927	-0.8573538827	0.8573538827	-0.8819186878	0.8819186878	-0.8986311067	0.8986311067	0.8987647193	-0.8987647193	-0.9222441323	0.9222441323	1.01370878	-1.01370878	-1.091581693	1.091581693	-1.151571057	1.151571057	-1.165982271	1.165982271	-1.179404725	1.179404725	-1.196436129	1.196436129	-1.238634362	1.238634362	-1.338954878	1.338954878	1.415302209	-1.415302209	-1.418727544	1.418727544	-1.421701347	1.421701347	-1.503899828	1.503899828	-1.52002331	1.52002331	1.561347549	-1.561347549	-1.585265469	1.585265469	-1.620931003	1.620931003	-1.630220529	1.630220529	1.664531258	-1.664531258	1.673586839	-1.673586839	1.710999817	-1.710999817	-1.723995916	1.723995916	-1.735282081	1.735282081	-1.834209962	1.834209962	1.843091488	-1.843091488	-1.858192189	1.858192189	-1.904084275	1.904084275	-1.935857316	1.935857316	-2.07244904	2.07244904	2.08011116	-2.08011116	-2.080180066	2.080180066	-2.08975493	2.08975493	-2.115304238	2.115304238	2.132225314	-2.132225314	2.192993585	-2.192993585	-2.264749828	2.264749828	-2.275802099	2.275802099	-2.293550208	2.293550208	2.422190266	-2.422190266	-2.453668198	2.453668198	-2.464073764	2.464073764	-2.497404172	2.497404172	-2.524221278	2.524221278	
0.13	-0.05087705273	0.05087705273	-0.1611643615	0.1611643615	0.1827647293	-0.1827647293	0.1939760324	-0.1939760324	0.2932630803	-0.2932630803	0.4427280532	-0.4427280532	0.4847049522	-0.4847049522	-0.5202076085	0.5202076085	-0.5692697432	0.5692697432	-0.6512973442	0.6512973442	0.6952691852	-0.6952691852	0.7122875181	-0.7122875181	-0.7743099975	0.7743099975	-0.8592292141	0.8592292141	0.8847888261	-0.8847888261	0.898617376	-0.898617376	0.9003749818	-0.9003749818	0.9222508508	-0.9222508508	1.011137386	-1.011137386	-1.08816725	1.08816725	1.151304179	-1.151304179	-1.16490574	1.16490574	1.17890138	-1.17890138	-1.196546741	1.196546741	1.241762049	-1.241762049	1.338893788	-1.338893788	1.412358195	-1.412358195	-1.420125469	1.420125469	1.421678713	-1.421678713	1.504777584	-1.504777584	-1.52016626	1.52016626	1.561321395	-1.561321395	-1.585215246	1.585215246	1.620753838	-1.620753838	1.630664797	-1.630664797	-1.66739067	1.66739067	-1.673380453	1.673380453	1.710951588	-1.710951588	1.725725503	-1.725725503	-1.735398594	1.735398594	1.834198608	-1.834198608	1.845193147	-1.845193147	-1.858205633	1.858205633	-1.903815122	1.903815122	1.936010446	-1.936010446	2.071514796	-2.071514796	-2.079804283	2.079804283	2.079972903	-2.079972903	-2.089572121	2.089572121	2.115280212	-2.115280212	2.132322711	-2.132322711	2.193257276	-2.193257276	-2.264814169	2.264814169	-2.275737236	2.275737236	2.293521004	-2.293521004	2.422209271	-2.422209271	2.453784686	-2.453784686	2.464178894	-2.464178894	-2.497378993	2.497378993	-2.524288335	2.524288335	
0.14	0.04793733521	-0.04793733521	0.1641341255	-0.1641341255	0.1789496681	-0.1789496681	0.1908432477	-0.1908432477	0.2874757484	-0.2874757484	0.4442317126	-0.4442317126	0.4830613491	-0.4830613491	0.5233808486	-0.5233808486	0.5701820483	-0.5701820483	0.651240943	-0.651240943	0.6957140769	-0.6957140769	0.7073283899	-0.7073283899	0.771329135	-0.771329135	-0.8612557205	0.8612557205	-0.8877314972	0.8877314972	-0.8986025952	0.8986025952	0.9017905883	-0.9017905883	0.9222578755	-0.9222578755	1.008649906	-1.008649906	1.084544384	-1.084544384	1.151017835	-1.151017835	-1.163353903	1.163353903	1.178438783	-1.178438783	1.196664791	-1.196664791	1.245114709	-1.245114709	1.33882781	-1.33882781	1.409548308	-1.409548308	-1.418470247	1.418470247	1.424815322	-1.424815322	-1.505685753	1.505685753	1.520321798	-1.520321798	-1.561293177	1.561293177	-1.585162204	1.585162204	1.620548795	-1.620548795	-1.631142392	1.631142392	-1.670118237	1.670118237	1.673175894	-1.673175894	1.710914049	-1.710914049	-1.727600681	1.727600681	1.735528137	-1.735528137	-1.834185913	1.834185913	-1.847429796	1.847429796	-1.858220661	1.858220661	-1.903527286	1.903527286	1.936172987	-1.936172987	2.07057303	-2.07057303	2.079488207	-2.079488207	-2.079744748	2.079744748	2.089369105	-2.089369105	2.11525424	-2.11525424	-2.132427047	2.132427047	2.193507788	-2.193507788	-2.264883561	2.264883561	-2.2756675	2.2756675	-2.293489433	2.293489433	-2.422229637	2.422229637	-2.453910036	2.453910036	2.464289542	-2.464289542	2.497351737	-2.497351737	-2.524356458	2.524356458	
0.15	-0.04493559464	0.04493559464	0.16714914	-0.16714914	-0.1749257297	0.1749257297	0.1875105053	-0.1875105053	-0.2815799579	0.2815799579	0.4454676538	-0.4454676538	-0.4813387175	0.4813387175	-0.5267326649	0.5267326649	0.5711195951	-0.5711195951	-0.6511817217	0.6511817217	-0.6961288451	0.6961288451	0.7024033798	-0.7024033798	0.7682836069	-0.7682836069	-0.8634271562	0.8634271562	-0.8907358919	0.8907358919	-0.8985867527	0.8985867527	0.9030062077	-0.9030062077	-0.9222651237	0.9222651237	-1.006250512	1.006250512	1.080730745	-1.080730745	1.150712441	-1.150712441	-1.161357274	1.161357274	-1.178014972	1.178014972	-1.196789884	1.196789884	1.248665236	-1.248665236	1.338757093	-1.338757093	1.406879172	-1.406879172	1.416739237	-1.416739237	1.428123147	-1.428123147	-1.506618633	1.506618633	1.520490234	-1.520490234	-1.561262895	1.561262895	1.585106521	-1.585106521	-1.62031774	1.62031774	-1.631652752	1.631652752	-1.672699466	1.672699466	-1.672972958	1.672972958	-1.710888225	1.710888225	1.729624736	-1.729624736	-1.735675569	1.735675569	-1.834172012	1.834172012	-1.849795767	1.849795767	-1.858237871	1.858237871	-1.903221482	1.903221482	1.936344301	-1.936344301	2.069627137	-2.069627137	-2.079160245	2.079160245	-2.079495949	2.079495949	-2.089146084	2.089146084	2.11522635	-2.11522635	-2.132538006	2.132538006	-2.193745042	2.193745042	2.26495796	-2.26495796	-2.275592992	2.275592992	2.293455496	-2.293455496	-2.422251345	2.422251345	2.454044122	-2.454044122	-2.464405617	2.464405617	-2.497322404	2.497322404	-2.524425615	2.524425615	
0.16	0.04188086382	-0.04188086382	0.1697435386	-0.1697435386	0.171163258	-0.171163258	-0.1839830039	0.1839830039	0.2755799127	-0.2755799127	-0.4464305759	0.4464305759	-0.479542635	0.479542635	0.5302493195	-0.5302493195	0.5720770603	-0.5720770603	-0.6511198572	0.6511198572	-0.6958849137	0.6958849137	-0.6981430256	0.6981430256	0.7651823965	-0.7651823965	-0.8657372223	0.8657372223	-0.8937930153	0.8937930153	-0.8985698352	0.8985698352	-0.9040167948	0.9040167948	-0.9222724989	0.9222724989	-1.003942053	1.003942053	1.07674473	-1.07674473	1.150388445	-1.150388445	-1.158955618	1.158955618	1.177618604	-1.177618604	-1.196921618	1.196921618	-1.252387005	1.252387005	-1.338681788	1.338681788	-1.404355695	1.404355695	-1.414936872	1.414936872	1.43158822	-1.43158822	-1.507570982	1.507570982	-1.520671954	1.520671954	-1.561230552	1.561230552	-1.585048377	1.585048377	-1.62006214	1.62006214	-1.63219528	1.63219528	1.672771489	-1.672771489	-1.675122922	1.675122922	1.710875122	-1.710875122	-1.731787545	1.731787545	-1.735856573	1.735856573	-1.834156982	1.834156982	1.852284243	-1.852284243	-1.858258932	1.858258932	-1.902898429	1.902898429	-1.936523747	1.936523747	2.068679808	-2.068679808	-2.078818467	2.078818467	2.07922688	-2.07922688	-2.08890328	2.08890328	-2.115196578	2.115196578	-2.132655261	2.132655261	2.193968958	-2.193968958	-2.265037317	2.265037317	2.275513816	-2.275513816	-2.293419195	2.293419195	-2.422274376	2.422274376	-2.454186806	2.454186806	-2.464527021	2.464527021	2.497290996	-2.497290996	2.524495772	-2.524495772	
0.17	0.03878067688	-0.03878067688	-0.1660575133	0.1660575133	0.1735275735	-0.1735275735	0.1802660684	-0.1802660684	-0.269479729	0.269479729	0.4471158775	-0.4471158775	-0.4776782426	0.4776782426	0.5339175267	-0.5339175267	0.5730495782	-0.5730495782	0.651055506	-0.651055506	0.6918495822	-0.6918495822	0.6976813985	-0.6976813985	0.7620329964	-0.7620329965	0.868179591	-0.868179591	0.8968953491	-0.8968953491	-0.8985518274	0.8985518274	0.90481765	-0.90481765	-0.9222798874	0.9222798874	1.001725718	-1.001725718	1.072605647	-1.072605647	-1.150046321	1.150046321	1.156189707	-1.156189707	-1.177235894	1.177235894	1.197059587	-1.197059587	-1.256255148	1.256255148	-1.338602047	1.338602047	-1.401981788	1.401981788	1.413067692	-1.413067692	1.435196911	-1.435196911	1.50853801	-1.50853801	1.520867447	-1.520867447	-1.56119615	1.56119615	-1.584987956	1.584987956	-1.619783174	1.619783174	-1.632769342	1.632769342	1.672571384	-1.672571384	1.677380685	-1.677380685	-1.710875727	1.710875727	-1.734007997	1.734007997	-1.736154658	1.736154658	1.834140874	-1.834140874	1.854882995	-1.854882995	1.85829084	-1.85829084	1.902558849	-1.902558849	-1.936710691	1.936710691	2.067733258	-2.067733258	2.078461466	-2.078461466	2.078937935	-2.078937935	2.088640929	-2.088640929	-2.115164958	2.115164958	2.132778478	-2.132778478	-2.194179456	2.194179456	2.265121582	-2.265121582	2.275430083	-2.275430083	2.293380532	-2.293380532	2.422298708	-2.422298708	2.454337944	-2.454337944	-2.464653648	2.464653648	2.497257514	-2.497257514	-2.524566897	2.524566897	
0.18	0.03564134149	-0.03564134149	-0.161430518	0.161430518	-0.176365122	0.176365122	0.1766854174	-0.1766854174	0.2632834374	-0.2632834374	0.447519746	-0.447519746	-0.475750256	0.475750256	-0.5377245324	0.5377245324	0.5740327284	-0.5740327284	0.6509887901	-0.6509887901	-0.6868653936	0.6868653936	-0.6981767359	0.6981767359	-0.7588416802	0.7588416802	0.8707479274	-0.8707479274	-0.8985327116	0.8985327116	0.9000365462	-0.9000365462	0.9054045071	-0.9054045071	-0.9222871556	0.9222871556	0.9996006109	-0.9996006109	1.068334014	-1.068334014	-1.149686569	1.149686569	-1.153096567	1.153096567	-1.176854697	1.176854697	1.197203384	-1.197203384	1.260247191	-1.260247191	1.33851802	-1.33851802	1.399760596	-1.399760596	-1.411136072	1.411136072	-1.438935984	1.438935984	-1.509515369	1.509515369	1.521077324	-1.521077324	-1.56115969	1.56115969	-1.58492544	1.58492544	-1.619481813	1.619481813	-1.633374266	1.633374266	1.672372598	-1.672372598	1.679468606	-1.679468606	-1.710891011	1.710891011	-1.735578195	1.735578195	1.737276621	-1.737276621	1.834123722	-1.834123722	1.857489699	-1.857489699	-1.858430622	1.858430622	1.902203458	-1.902203458	-1.936904506	1.936904506	-2.06678938	2.06678938	2.07808821	-2.07808821	-2.078629529	2.078629529	-2.088359287	2.088359287	-2.115131528	2.115131528	-2.132907315	2.132907315	2.194376453	-2.194376453	-2.265210703	2.265210703	-2.27534191	2.27534191	-2.293339509	2.293339509	-2.422324319	2.422324319	-2.454497386	2.454497386	-2.464785386	2.464785386	2.497221957	-2.497221957	2.524638954	-2.524638954	
0.19	0.03246816092	-0.03246816092	0.1566033216	-0.1566033216	0.1722856601	-0.1722856601	0.1799026233	-0.1799026233	0.256994987	-0.256994987	0.4476392414	-0.4476392414	-0.4737629859	0.4737629859	-0.5416581667	0.5416581667	-0.5750225155	0.5750225155	-0.650919768	0.650919768	0.6817853228	-0.6817853228	-0.6987762741	0.6987762741	0.7556137223	-0.7556137223	-0.8734359081	0.8734359081	0.8985124673	-0.8985124673	0.9032109225	-0.9032109225	-0.9057738702	0.9057738702	-0.9222941447	0.9222941447	-0.9975631962	0.9975631962	1.063951998	-1.063951998	-1.14930971	1.14930971	-1.149707942	1.149707942	1.17646583	-1.17646583	1.197352601	-1.197352601	1.264343247	-1.264343247	1.338429858	-1.338429858	1.397694573	-1.397694573	-1.409146133	1.409146133	1.442792614	-1.442792614	1.510499136	-1.510499136	-1.521302354	1.521302354	-1.561121176	1.561121176	-1.584861012	1.584861012	-1.61915887	1.61915887	1.634009345	-1.634009345	1.672175142	-1.672175142	-1.681386284	1.681386284	1.710921924	-1.710921924	-1.736013255	1.736013255	1.739702712	-1.739702712	1.83410555	-1.83410555	1.858232696	-1.858232696	1.860544589	-1.860544589	-1.901832966	1.901832966	-1.937104582	1.937104582	-2.06584986	2.06584986	2.077697934	-2.077697934	2.078302097	-2.078302097	2.088058625	-2.088058625	-2.115096329	2.115096329	2.133041427	-2.133041427	2.194559866	-2.194559866	2.265304624	-2.265304624	-2.275249417	2.275249417	2.293296128	-2.293296128	2.422351186	-2.422351186	-2.45466497	2.45466497	2.464922113	-2.464922113	2.497184328	-2.497184328	2.52471191	-2.52471191	
0.2	0.02926561421	-0.02926561421	-0.151604214	0.151604214	0.1680332265	-0.1680332265	0.1831576991	-0.1831576991	0.2506182504	-0.2506182504	0.4474723705	-0.4474723705	-0.4717203629	0.4717203629	0.5457068747	-0.5457068747	0.5760153441	-0.5760153441	-0.6508483743	0.6508483743	-0.6766647663	0.6766647663	0.6994243206	-0.6994243206	0.7523535775	-0.7523535775	-0.8762372374	0.8762372374	0.8984910708	-0.8984910708	-0.905912471	0.905912471	0.9064238665	-0.9064238665	0.9223006652	-0.9223006652	-0.9956065809	0.9956065809	-1.059484053	1.059484053	-1.146050468	1.146050468	1.148916281	-1.148916281	-1.176062934	1.176062934	1.197506836	-1.197506836	1.268525943	-1.268525943	-1.338337709	1.338337709	-1.39578549	1.39578549	1.407101708	-1.407101708	-1.446754369	1.446754369	1.511485788	-1.511485788	1.521543512	-1.521543512	-1.561080611	1.561080611	1.584794852	-1.584794852	1.618815045	-1.618815045	-1.634673837	1.634673837	1.671979089	-1.671979089	1.683136765	-1.683136765	-1.7109694	1.7109694	1.73624547	-1.73624547	1.742492728	-1.742492728	1.834086378	-1.834086378	1.85828237	-1.85828237	-1.863456979	1.863456979	-1.901448073	1.901448073	-1.937310323	1.937310323	-2.064916244	2.064916244	-2.077290072	2.077290072	-2.07795609	2.07795609	2.087739233	-2.087739233	-2.115059403	2.115059403	2.133180467	-2.133180467	-2.194729611	2.194729611	2.265403285	-2.265403285	2.275152733	-2.275152733	2.293250392	-2.293250392	2.422379283	-2.422379283	2.454840531	-2.454840531	-2.465063701	2.465063701	2.497144629	-2.497144629	-2.524785729	2.524785729	
0.21	-0.02603750193	0.02603750193	-0.1464471806	0.1464471806	-0.1636133912	0.1636133912	0.1864434928	-0.1864434928	-0.2441570298	0.2441570298	-0.4470181483	0.4470181483	-0.469625966	0.469625966	0.5498597286	-0.5498597286	-0.5770079902	0.5770079902	-0.6507742705	0.6507742705	-0.6715152036	0.6715152036	-0.7001087528	0.7001087528	0.749065026	-0.749065026	0.8791456595	-0.8791456595	-0.8984684949	0.8984684949	0.9058415493	-0.9058415493	-0.9096474574	0.9096474574	-0.9223064891	0.9223064891	-0.9937195913	0.9937195913	1.054957782	-1.054957782	1.142146464	-1.142146464	-1.148506831	1.148506831	1.17564186	-1.17564186	-1.197665688	1.197665688	1.272780218	-1.272780218	1.338241724	-1.338241724	1.394034418	-1.394034418	-1.405006348	1.405006348	-1.450809163	1.450809163	-1.512472171	1.512472171	-1.521802035	1.521802035	-1.561038001	1.561038001	-1.584727136	1.584727136	1.618450951	-1.618450951	1.635366963	-1.635366963	1.671784575	-1.671784575	-1.684725993	1.684725993	-1.71103435	1.71103435	1.736447473	-1.736447473	1.745463361	-1.745463361	-1.83406622	1.83406622	1.858310767	-1.858310767	-1.866490359	1.866490359	1.901049465	-1.901049465	-1.937521151	1.937521151	-2.063989997	2.063989997	-2.076864206	2.076864206	2.077591972	-2.077591972	-2.087401414	2.087401414	2.115020794	-2.115020794	-2.13332409	2.13332409	-2.194885598	2.194885598	-2.265506625	2.265506625	-2.27505199	2.27505199	-2.293202303	2.293202303	2.422408585	-2.422408585	2.455023896	-2.455023896	-2.465210015	2.465210015	-2.49710286	2.49710286	-2.524860375	2.524860375	
0.22	0.02278706426	-0.02278706426	-0.1411433194	0.1411433194	0.1590317319	-0.1590317319	0.1897556573	-0.1897556573	0.2376150646	-0.2376150646	0.4462766437	-0.4462766438	0.4674830533	-0.4674830533	-0.554106426	0.554106426	0.5779975713	-0.5779975713	-0.6506964042	0.6506964042	0.6663406789	-0.6663406789	0.7008249987	-0.7008249987	0.7457512907	-0.7457512907	-0.8821549662	0.8821549662	-0.8984447101	0.8984447101	0.9055381919	-0.9055381919	0.9128990458	-0.9128990458	0.92231134	-0.92231134	0.9918855949	-0.9918855949	1.050405074	-1.050405074	1.138014794	-1.138014794	1.148081921	-1.148081921	1.175200044	-1.175200044	1.197828766	-1.197828766	1.277093068	-1.277093068	-1.33814205	1.33814205	1.392441704	-1.392441704	1.402863348	-1.402863348	1.454945176	-1.454945176	-1.513455478	1.513455478	1.522079509	-1.522079509	1.560993349	-1.560993349	1.584658035	-1.584658035	1.618067133	-1.618067133	-1.636087909	1.636087909	1.671591799	-1.671591799	1.686162127	-1.686162127	-1.711117667	1.711117667	1.736644663	-1.736644663	1.748576434	-1.748576434	1.83404509	-1.83404509	1.858335316	-1.858335316	1.869621918	-1.869621918	1.900637814	-1.900637814	1.937736511	-1.937736511	-2.063072536	2.063072536	2.076420031	-2.076420031	-2.077210223	2.077210223	2.08704549	-2.08704549	2.114980549	-2.114980549	2.133471949	-2.133471949	2.19502774	-2.19502774	-2.26561458	2.26561458	2.274947322	-2.274947322	2.293151865	-2.293151865	2.422439064	-2.422439064	2.455214885	-2.455214885	2.465360912	-2.465360912	2.497059023	-2.497059023	2.524935811	-2.524935811	
0.23	-0.01951707666	0.01951707666	-0.135702462	0.135702462	0.1542938164	-0.1542938164	-0.1930909424	0.1930909424	0.2309960414	-0.2309960414	-0.4452490079	0.4452490079	-0.4652945941	0.4652945941	-0.5584372757	0.5584372757	-0.5789815163	0.5789815163	-0.6506112777	0.6506112777	-0.6611449678	0.6611449678	-0.7015706354	0.7015706354	0.7424151321	-0.7424151321	0.885258997	-0.885258997	-0.8984196873	0.8984196873	-0.9050061287	0.9050061287	0.9161703948	-0.9161703948	-0.9223148799	0.9223148799	-0.9900810406	0.9900810406	-1.045863555	1.045863555	-1.133671609	1.133671609	-1.147642119	1.147642119	1.174736002	-1.174736002	-1.197995687	1.197995687	-1.281453275	1.281453275	-1.338038836	1.338038836	1.391006934	-1.391006934	-1.400675787	1.400675787	-1.459150727	1.459150727	-1.514433218	1.514433218	-1.522377974	1.522377974	1.560946662	-1.560946662	1.584587718	-1.584587718	-1.617664091	1.617664091	1.636835823	-1.636835823	-1.671401029	1.671401029	-1.687454805	1.687454805	-1.71122022	1.71122022	-1.736843926	1.736843926	1.751810888	-1.751810888	1.834023001	-1.834023001	1.858358971	-1.858358971	-1.872843345	1.872843345	1.900213776	-1.900213776	-1.937955869	1.937955869	-2.062165264	2.062165264	-2.075957333	2.075957333	2.076811334	-2.076811334	-2.086671798	2.086671798	-2.114938715	2.114938715	2.133623704	-2.133623704	-2.195155943	2.195155943	-2.265727083	2.265727083	2.274838871	-2.274838871	2.293099081	-2.293099081	2.422470693	-2.422470693	-2.455413313	2.455413313	-2.465516243	2.465516243	-2.497013122	2.497013122	2.525011998	-2.525011998	
0.24	0.01622992755	-0.01622992755	0.1301335926	-0.1301335926	0.1494051892	-0.1494051892	0.1964467117	-0.1964467117	0.22430361	-0.22430361	-0.4439374818	0.4439374818	0.4630633003	-0.4630633003	0.5628431764	-0.5628431764	0.5799575345	-0.5799575345	0.6505013922	-0.6505013922	-0.6559445389	0.6559445389	-0.7023440291	0.7023440291	-0.7390589261	0.7390589261	0.8884516242	-0.8884516242	0.8983934107	-0.8983934107	-0.9042444453	0.9042444453	-0.919458915	0.919458915	0.9223166912	-0.9223166912	-0.9882737585	0.9882737585	1.041378288	-1.041378288	1.129130934	-1.129130934	1.147187998	-1.147187998	1.174248971	-1.174248971	1.198166074	-1.198166074	1.285851159	-1.285851159	1.337932231	-1.337932231	1.389728869	-1.389728869	1.398446595	-1.398446595	-1.463414099	1.463414099	-1.515403192	1.515403192	1.522700088	-1.522700088	1.560897947	-1.560897947	1.584516345	-1.584516345	1.617242286	-1.617242286	1.637609821	-1.637609821	-1.671212598	1.671212598	1.68861447	-1.68861447	1.711342859	-1.711342859	1.737047814	-1.737047814	-1.755149269	1.755149269	1.833999963	-1.833999963	1.858382645	-1.858382645	1.876148409	-1.876148409	1.89977799	-1.89977799	1.938178713	-1.938178713	-2.061269587	2.061269587	2.075475966	-2.075475966	-2.076395805	2.076395805	2.086280692	-2.086280692	2.114895342	-2.114895342	2.133779017	-2.133779017	-2.195270113	2.195270113	2.265844066	-2.265844066	2.274726781	-2.274726781	2.293043953	-2.293043953	-2.422503441	2.422503441	2.455618989	-2.455618989	-2.465675851	2.465675851	-2.496965159	2.496965159	2.525088899	-2.525088899	
0.25	-0.01292768166	0.01292768166	-0.1244450054	0.1244450054	0.1443713595	-0.1443713595	-0.1998207152	0.1998207152	-0.2175414244	0.2175414244	-0.4423453857	0.4423453857	-0.4607916582	0.4607916582	0.5673155878	-0.5673155878	-0.580923584	0.580923584	-0.6499181047	0.6499181047	0.6511862095	-0.6511862095	0.7031438808	-0.7031438808	0.7356847267	-0.7356847267	-0.891726682	0.891726682	-0.8983659371	0.8983659371	-0.9032526997	0.9032526997	-0.9223162531	0.9223162531	-0.9227625024	0.9227625024	0.9864212213	-0.9864212213	-1.037003555	1.037003555	-1.124405118	1.124405118	1.146720134	-1.146720134	-1.17373866	1.17373866	-1.198339564	1.198339564	1.290278357	-1.290278357	1.337822384	-1.337822384	1.388605331	-1.388605331	1.39617869	-1.39617869	-1.467723294	1.467723294	-1.516363463	1.516363463	1.523049342	-1.523049342	-1.560847214	1.560847214	-1.584444073	1.584444073	1.616802155	-1.616802155	-1.638408981	1.638408981	-1.671026909	1.671026909	-1.689651793	1.689651793	1.711486409	-1.711486409	-1.737257442	1.737257442	-1.758575381	1.758575381	1.833975986	-1.833975986	-1.858406706	1.858406706	1.879531476	-1.879531476	-1.899331077	1.899331077	1.938404557	-1.938404557	2.060386934	-2.060386934	-2.074975848	2.074975848	-2.075964147	2.075964147	2.085872541	-2.085872541	2.114850482	-2.114850482	2.133937559	-2.133937559	2.195370154	-2.195370154	-2.265965458	2.265965458	2.2746112	-2.2746112	2.292986486	-2.292986486	2.42253728	-2.42253728	2.455831714	-2.455831714	2.465839571	-2.465839571	-2.496915137	2.496915137	2.525166473	-2.525166473	
0.26	0.009612131829	-0.009612131829	0.1186443875	-0.1186443875	-0.1391977924	0.1391977924	0.2032106938	-0.2032106938	0.2107134457	-0.2107134457	0.4404770896	-0.4404770896	-0.458481956	0.458481956	-0.5718464987	0.5718464987	0.5818778387	-0.5818778387	0.645225535	-0.645225535	0.6505034915	-0.6505034915	0.7039690458	-0.7039690458	0.7322943178	-0.7322943178	-0.8950774907	0.8950774907	-0.8983378458	0.8983378458	0.9020310659	-0.9020310659	-0.9223129102	0.9223129102	0.9260793542	-0.9260793542	0.9844692922	-0.9844692922	1.032804174	-1.032804174	-1.119505172	1.119505172	1.146239105	-1.146239105	-1.173205087	1.173205087	-1.198515804	1.198515804	1.294727624	-1.294727624	1.337709445	-1.337709445	1.38763291	-1.38763291	1.393875297	-1.393875297	1.472065682	-1.472065682	-1.51731234	1.51731234	-1.523430382	1.523430382	1.560794473	-1.560794473	-1.584371051	1.584371051	-1.616344114	1.616344114	-1.639232345	1.639232345	-1.670844432	1.670844432	-1.690577241	1.690577241	-1.71165167	1.71165167	1.737473335	-1.737473335	1.762073866	-1.762073866	-1.833951082	1.833951082	1.85843133	-1.85843133	1.882987168	-1.882987168	-1.898873644	1.898873644	1.938632935	-1.938632935	2.059518766	-2.059518766	2.074456943	-2.074456943	2.075516875	-2.075516875	2.085447731	-2.085447731	2.114804188	-2.114804188	2.134099006	-2.134099006	2.195455965	-2.195455965	-2.266091183	2.266091183	2.274492278	-2.274492278	2.292926682	-2.292926682	2.422572176	-2.422572176	-2.456051288	2.456051288	2.466007232	-2.466007232	-2.496863059	2.496863059	2.525244681	-2.525244681	
0.27	0.006284841502	-0.006284841502	-0.1127388735	0.1127388735	-0.1338899033	0.1338899033	-0.2038178032	0.2038178032	-0.2066204641	0.2066204641	-0.4383379687	0.4383379687	-0.4561363079	0.4561363079	-0.5764283911	0.5764283911	0.5828186497	-0.5828186497	-0.6399275683	0.6399275683	-0.6503897572	0.6503897572	-0.7048184515	0.7048184515	0.7288892557	-0.7288892557	-0.8982689865	0.8982689865	-0.8985380594	0.8985380594	0.9005803576	-0.9005803576	-0.9223058312	0.9223058312	0.9294079051	-0.9294079051	0.9823524923	-0.9823524923	-1.028855346	1.028855346	1.114441025	-1.114441025	1.14574549	-1.14574549	-1.172648462	1.172648462	-1.19869445	1.19869445	-1.299192672	1.299192672	-1.337593564	1.337593564	1.386805989	-1.386805989	1.391540955	-1.391540955	1.476427508	-1.476427508	1.518248348	-1.518248348	-1.523849468	1.523849468	1.560739737	-1.560739737	-1.584297421	1.584297421	-1.615868567	1.615868567	-1.640078919	1.640078919	-1.670665709	1.670665709	-1.69140077	1.69140077	-1.711839421	1.711839421	1.737695741	-1.737695741	1.765630188	-1.765630188	-1.833925261	1.833925261	1.858456606	-1.858456606	-1.886510269	1.886510269	-1.898406276	1.898406276	1.938863407	-1.938863407	2.058666592	-2.058666592	-2.073919259	2.073919259	2.075054514	-2.075054514	2.085006665	-2.085006665	-2.114756514	2.114756514	-2.134263042	2.134263042	2.195527444	-2.195527444	-2.266221168	2.266221168	-2.27437017	2.27437017	2.292864546	-2.292864546	2.422608098	-2.422608098	2.456277502	-2.456277502	-2.466178658	2.466178658	-2.49680893	2.49680893	2.525323479	-2.525323479	
0.28	-0.002947179811	0.002947179811	-0.1067350914	0.1067350914	0.128453054	-0.128453054	-0.1968696947	0.1968696947	0.2100369862	-0.2100369862	0.4359343461	-0.4359343461	0.4537566717	-0.4537566717	0.5810542037	-0.5810542037	-0.5837444979	0.5837444979	-0.634564904	0.634564904	-0.6503013352	0.6503013352	-0.7056910577	0.7056910577	-0.7254709041	0.7254709041	-0.8982693655	0.8982693655	-0.8989020292	0.8989020292	-0.9019921079	0.9019921079	-0.922293959	0.922293959	-0.9327467867	0.9327467867	-0.9799973288	0.9799973288	1.025239504	-1.025239504	-1.109221724	1.109221724	1.145239865	-1.145239865	-1.172069118	1.172069118	-1.198875173	1.198875173	1.30366802	-1.30366802	1.337474892	-1.337474892	1.386112125	-1.386112125	1.389186171	-1.389186171	-1.480793177	1.480793177	-1.519170214	1.519170214	-1.524315163	1.524315163	-1.560683022	1.560683022	-1.584223319	1.584223319	1.615375911	-1.615375911	-1.640947672	1.640947672	-1.670491347	1.670491347	-1.69213164	1.69213164	1.712050413	-1.712050413	1.737924759	-1.737924759	-1.769230677	1.769230677	-1.833898535	1.833898535	-1.858482584	1.858482584	-1.890095685	1.890095685	-1.897929545	1.897929545	1.939095557	-1.939095557	-2.057831971	2.057831971	-2.073362846	2.073362846	-2.07457759	2.07457759	-2.084549762	2.084549762	2.114707516	-2.114707516	-2.13442936	2.13442936	-2.195584485	2.195584485	-2.266355334	2.266355334	-2.274245032	2.274245032	-2.292800083	2.292800083	2.422645012	-2.422645012	-2.456510147	2.456510147	2.466353663	-2.466353663	-2.496752754	2.496752754	2.525402827	-2.525402827	
0.29	-0.0003996494457	0.0003996494458	-0.1006392013	0.1006392013	-0.1228925534	0.1228925534	0.1898638266	-0.1898638266	0.2134679041	-0.2134679041	-0.4332734258	0.4332734258	-0.4513448611	0.4513448611	-0.5846539224	0.5846539224	0.5857172932	-0.5857172932	0.6291534926	-0.6291534926	-0.6502192271	0.6502192271	-0.7065858348	0.7065858348	-0.7220404633	0.7220404633	-0.8969981657	0.8969981657	-0.8982357877	0.8982357877	-0.905536238	0.905536238	0.9222759668	-0.9222759668	0.936094797	-0.936094797	0.9773301253	-0.9773301253	-1.022038754	1.022038754	1.10385558	-1.10385558	-1.144722809	1.144722809	1.17146746	-1.17146746	-1.199057655	1.199057655	-1.308148875	1.308148875	-1.337353581	1.337353581	1.385487881	-1.385487881	1.38687165	-1.38687165	1.485144196	-1.485144196	-1.520076846	1.520076846	-1.524839347	1.524839347	-1.560624348	1.560624348	1.584148874	-1.584148874	1.614866538	-1.614866538	-1.641837536	1.641837536	1.670322022	-1.670322022	1.692778319	-1.692778319	-1.712285375	1.712285375	1.738160401	-1.738160401	-1.772862554	1.772862554	1.833870913	-1.833870913	1.858509289	-1.858509289	1.893738436	-1.893738436	-1.897444006	1.897444006	1.939328988	-1.939328988	2.057016522	-2.057016522	2.072787786	-2.072787786	2.074086637	-2.074086637	-2.084077459	2.084077459	-2.11465725	2.11465725	-2.134597662	2.134597662	2.195626983	-2.195626983	-2.2664936	2.2664936	-2.274117024	2.274117024	2.292733296	-2.292733296	-2.422682883	2.422682883	2.456749005	-2.456749005	-2.466532056	2.466532056	2.496694536	-2.496694536	-2.525482679	2.525482679	
0.3	0.003754583685	-0.003754583685	-0.09445693244	0.09445693244	-0.1172136606	0.1172136606	-0.1828057811	0.1828057811	-0.2169101707	0.2169101707	-0.4303632172	0.4303632172	-0.4489025526	0.4489025526	0.5855453993	-0.5855453993	-0.5904113964	0.5904113964	-0.6236941515	0.6236941515	-0.6501396895	0.6501396895	-0.7075017531	0.7075017531	-0.7185989949	0.7185989949	-0.8948714656	0.8948714656	0.8981993299	-0.8981993299	-0.9091320457	0.9091320457	0.9222502944	-0.9222502944	-0.9394508749	0.9394508749	-0.9742891569	0.9742891569	1.019323171	-1.019323171	1.098350288	-1.098350288	1.144194893	-1.144194893	-1.17084393	1.17084393	1.199241591	-1.199241591	1.312631025	-1.312631025	-1.337229784	1.337229784	1.384099503	-1.384099503	-1.385427668	1.385427668	1.489457619	-1.489457619	-1.520967314	1.520967314	1.525438745	-1.525438745	1.560563741	-1.560563741	-1.584074209	1.584074209	1.614340842	-1.614340842	-1.642747403	1.642747403	1.67015848	-1.67015848	-1.693348456	1.693348456	-1.712545007	1.712545007	-1.738402629	1.738402629	-1.776513917	1.776513917	-1.833842409	1.833842409	-1.858536735	1.858536735	-1.896950196	1.896950196	1.897433651	-1.897433651	-1.93956333	1.93956333	-2.056221928	2.056221928	2.0721942	-2.0721942	-2.073582189	2.073582189	-2.083590206	2.083590206	-2.114605775	2.114605775	-2.13476766	2.13476766	-2.195654826	2.195654826	2.266635886	-2.266635886	-2.273986305	2.273986305	-2.29266419	2.29266419	2.422721677	-2.422721677	-2.456993858	2.456993858	-2.46671364	2.46671364	-2.496634282	2.496634282	-2.525562991	2.525562991	
0.31	0.007116681432	-0.007116681433	0.08819361679	-0.08819361679	0.1114215925	-0.1114215925	-0.1756993506	0.1756993506	-0.2203627139	0.2203627139	-0.4272124516	0.4272124516	0.4464312923	-0.4464312923	0.5864170922	-0.5864170922	0.5951305915	-0.5951305915	0.6181855685	-0.6181855685	-0.650061551	0.650061551	-0.708437776	0.708437776	0.7151474418	-0.7151474418	-0.8925252168	0.8925252168	-0.8981602024	0.8981602024	-0.9127701018	0.9127701018	0.9222156462	-0.9222156462	-0.9428140805	0.9428140805	0.9708377579	-0.9708377579	-1.017138411	1.017138411	1.092713019	-1.092713019	1.143656691	-1.143656691	-1.170198989	1.170198989	-1.199426689	1.199426689	1.317110739	-1.317110739	-1.337103654	1.337103654	1.381739759	-1.381739759	-1.385057308	1.385057308	1.493703756	-1.493703756	1.52184084	-1.52184084	-1.526137181	1.526137181	1.560501232	-1.560501232	1.583999439	-1.583999439	1.61379922	-1.61379922	-1.643676125	1.643676125	1.670001529	-1.670001529	1.693848904	-1.693848904	1.712829987	-1.712829987	1.738651364	-1.738651364	-1.780173701	1.780173701	-1.833813033	1.833813033	-1.858564925	1.858564925	-1.896448642	1.896448642	-1.901176566	1.901176566	1.939798229	-1.939798229	2.05544994	-2.05544994	-2.071582243	2.071582243	-2.073064785	2.073064785	-2.083088474	2.083088474	2.114553151	-2.114553151	-2.134939077	2.134939077	2.195667904	-2.195667904	2.266782108	-2.266782108	2.273853039	-2.273853039	2.29259277	-2.29259277	2.422761356	-2.422761356	2.457244482	-2.457244482	2.466898212	-2.466898212	2.496571998	-2.496571998	2.525643717	-2.525643717	
0.32	0.01048510547	-0.01048510547	0.08185422124	-0.08185422124	0.1055215359	-0.1055215359	0.1685483187	-0.1685483187	-0.2238246644	0.2238246644	-0.4238304943	0.4238304943	-0.4439325008	0.4439325008	0.5872662471	-0.5872662471	-0.5998692589	0.5998692589	0.6126268142	-0.6126268142	0.64998437	-0.64998437	-0.7093928568	0.7093928568	-0.7116866467	0.7116866467	-0.8899632691	0.8899632691	-0.8981180864	0.8981180864	-0.9164348016	0.9164348016	-0.9221745959	0.9221745959	-0.946183578	0.946183578	-0.9669729567	0.9669729567	-1.015498351	1.015498351	-1.086950494	1.086950494	1.143108772	-1.143108772	1.169533097	-1.169533097	-1.19961267	1.19961267	-1.321584678	1.321584678	1.336975344	-1.336975344	-1.379268058	1.379268058	1.384896414	-1.384896414	1.497842963	-1.497842963	-1.522696777	1.522696777	-1.526968755	1.526968755	-1.560436865	1.560436865	-1.583924674	1.583924674	1.613242074	-1.613242074	-1.644622511	1.644622511	-1.669852043	1.669852043	-1.694285763	1.694285763	-1.713140967	1.713140967	-1.738906507	1.738906507	-1.783831613	1.783831613	-1.8337828	1.8337828	1.858593858	-1.858593858	-1.895939853	1.895939853	1.904962527	-1.904962527	-1.940033356	1.940033356	2.054702376	-2.054702376	2.070952103	-2.070952103	2.072534963	-2.072534963	2.082572747	-2.082572747	2.114499436	-2.114499436	-2.135111645	2.135111645	2.195666102	-2.195666102	-2.26693218	2.26693218	-2.273717389	2.273717389	2.292519042	-2.292519042	-2.422801883	2.422801883	-2.457500652	2.457500652	2.467085561	-2.467085561	2.496507691	-2.496507691	-2.525724809	2.525724809	
0.33	0.01385910865	-0.01385910865	0.07544337764	-0.07544337764	-0.09951866523	0.09951866523	-0.1613565695	0.1613565695	-0.2272952642	0.2272952642	0.4202272521	-0.4202272521	-0.4414074815	0.4414074815	-0.5880873695	0.5880873695	-0.6046220424	0.6046220424	0.6070196848	-0.6070196848	0.6499079743	-0.6499079743	-0.7082173671	0.7082173671	-0.7103659372	0.7103659372	0.8871900026	-0.8871900026	-0.8980724248	0.8980724248	-0.920053222	0.920053222	-0.9221820326	0.9221820326	0.9495586212	-0.9495586212	-0.9627265086	0.9627265086	-1.014386534	1.014386534	-1.081069044	1.081069044	1.142551701	-1.142551701	-1.168846708	1.168846708	-1.199799265	1.199799265	1.326049804	-1.326049804	1.336845008	-1.336845008	-1.376755718	1.376755718	-1.384868428	1.384868428	1.50182164	-1.50182164	-1.523534603	1.523534603	-1.527981812	1.527981812	-1.560370695	1.560370695	-1.583850014	1.583850014	-1.612669814	1.612669814	-1.645585323	1.645585323	-1.669710964	1.669710964	-1.694664445	1.694664445	-1.713478574	1.713478574	-1.739167937	1.739167937	-1.78747806	1.78747806	-1.833751722	1.833751722	-1.858623529	1.858623529	1.895424329	-1.895424329	1.90878699	-1.90878699	1.9402684	-1.9402684	-2.053981123	2.053981123	-2.070304007	2.070304007	2.071993266	-2.071993266	2.082043528	-2.082043528	2.114444692	-2.114444692	2.135285106	-2.135285106	2.195649305	-2.195649305	-2.267086015	2.267086015	-2.273579521	2.273579521	-2.29244301	2.29244301	-2.422843221	2.422843221	2.457762136	-2.457762136	-2.467275472	2.467275472	-2.496441369	2.496441369	-2.52580622	2.52580622	
0.34	0.01723802195	-0.01723802196	-0.06896541105	0.06896541105	-0.09341816878	0.09341816879	0.1541281422	-0.1541281422	0.2307738412	-0.2307738412	0.4164130812	-0.4164130812	0.4388574298	-0.4388574298	0.5888647781	-0.5888647781	0.6013763524	-0.6013763524	0.6093838091	-0.6093838091	0.649832307	-0.649832307	0.7047402891	-0.7047402891	-0.7113559469	0.7113559469	-0.8842102947	0.8842102947	-0.8980223863	0.8980223863	-0.9217806543	0.9217806543	-0.9240543142	0.9240543142	0.9529385415	-0.9529385415	-0.9581615615	0.9581615615	1.013764928	-1.013764928	-1.075074658	1.075074658	1.141986043	-1.141986043	1.168140262	-1.168140262	1.199986221	-1.199986221	1.330503287	-1.330503287	1.336712801	-1.336712801	1.374213449	-1.374213449	1.384957007	-1.384957007	1.505568795	-1.505568795	-1.524353903	1.524353903	1.529242336	-1.529242336	-1.560302802	1.560302802	-1.583775557	1.583775557	1.612082865	-1.612082865	-1.646563271	1.646563271	1.669579295	-1.669579295	-1.694989743	1.694989743	-1.713843411	1.713843411	1.739435516	-1.739435516	1.791104076	-1.791104076	-1.833719814	1.833719814	1.858653929	-1.858653929	1.894902553	-1.894902553	-1.91264552	1.91264552	-1.940503067	1.940503067	-2.053288135	2.053288135	-2.069638223	2.069638223	2.071440235	-2.071440235	2.081501334	-2.081501334	2.114388981	-2.114388981	2.135459215	-2.135459215	2.195617397	-2.195617397	-2.267243525	2.267243525	2.273439599	-2.273439599	2.292364682	-2.292364682	2.422885329	-2.422885329	-2.458028704	2.458028704	-2.467467723	2.467467723	-2.496373041	2.496373041	-2.525887898	2.525887898	
0.35	0.02062124435	-0.02062124435	-0.0624243665	0.0624243665	0.08722528427	-0.08722528427	0.1468672861	-0.1468672861	0.234259795	-0.234259795	0.4123986986	-0.4123986986	0.4362834435	-0.4362834435	0.5895192233	-0.5895192233	0.5957728502	-0.5957728502	0.6141496076	-0.6141496076	-0.6497573656	0.6497573656	0.7012560411	-0.7012560411	-0.7123618042	0.7123618042	-0.881029487	0.881029487	-0.8979667316	0.8979667316	-0.921683587	0.921683587	0.9276724062	-0.9276724062	0.9533757429	-0.9533757429	-0.9563227382	0.9563227382	1.013584929	-1.013584929	1.068973022	-1.068973022	1.141412357	-1.141412357	1.167414183	-1.167414183	1.200173295	-1.200173295	1.334942391	-1.334942391	1.336578878	-1.336578878	-1.371645029	1.371645029	1.385152485	-1.385152485	-1.508997429	1.508997429	-1.525154362	1.525154362	-1.530832533	1.530832533	-1.560233298	1.560233298	1.583701394	-1.583701394	1.611481661	-1.611481661	-1.64755501	1.64755501	1.669458107	-1.669458107	1.695265906	-1.695265906	-1.714236055	1.714236055	-1.739709097	1.739709097	-1.794701242	1.794701242	1.833687091	-1.833687091	1.858685047	-1.858685047	1.894375003	-1.894375003	1.916533793	-1.916533793	1.940737083	-1.940737083	-2.05262543	2.05262543	2.068955062	-2.068955062	-2.070876413	2.070876413	2.080946699	-2.080946699	2.114332364	-2.114332364	2.135633735	-2.135633735	-2.195570261	2.195570261	2.26740462	-2.26740462	-2.273297791	2.273297791	2.292284063	-2.292284063	-2.422928169	2.422928169	-2.458300121	2.458300121	-2.467662088	2.467662088	2.496302717	-2.496302717	2.525969794	-2.525969794	
0.36	-0.02400823416	0.02400823416	-0.05582403433	0.05582403433	-0.08094534934	0.08094534934	-0.1395785292	0.1395785292	-0.2377525862	0.2377525862	-0.4081951013	0.4081951013	0.4336865332	-0.4336865332	-0.5887222725	0.5887222725	0.5915347473	-0.5915347473	0.6189146228	-0.6189146228	0.6496831746	-0.6496831746	0.6977652075	-0.6977652075	0.713382416	-0.713382416	0.8776533535	-0.8776533535	-0.8979035544	0.8979035544	0.9214234596	-0.9214234596	0.9312507714	-0.9312507714	-0.9485399671	0.9485399671	-0.9597106693	0.9597106693	1.013796252	-1.013796252	1.06276956	-1.06276956	-1.140831202	1.140831202	-1.166668878	1.166668878	-1.200360257	1.200360257	1.336443391	-1.336443391	-1.33936433	1.33936433	-1.369052565	1.369052565	-1.385446792	1.385446792	1.512018323	-1.512018323	-1.525935752	1.525935752	-1.532836987	1.532836987	-1.560162353	1.560162353	1.583627609	-1.583627609	1.610866655	-1.610866655	-1.648559128	1.648559128	-1.669348539	1.669348539	1.695496699	-1.695496699	-1.714657063	1.714657063	1.739988517	-1.739988517	1.798261625	-1.798261625	-1.833653569	1.833653569	1.858716871	-1.858716871	-1.893842144	1.893842144	1.920447592	-1.920447592	1.940970191	-1.940970191	2.051995079	-2.051995079	2.068254884	-2.068254884	2.070302343	-2.070302343	2.080380173	-2.080380173	2.114274905	-2.114274905	-2.135808441	2.135808441	-2.195507777	2.195507777	-2.267569209	2.267569209	-2.273154263	2.273154263	2.292201159	-2.292201159	2.422971699	-2.422971699	-2.45857615	2.45857615	-2.467858334	2.467858334	-2.496230406	2.496230406	2.526051854	-2.526051854	
0.37	0.02739850171	-0.02739850171	0.0491679745	-0.0491679745	0.07458387277	-0.07458387277	0.1322667676	-0.1322667676	0.2412517289	-0.2412517289	0.4038134951	-0.4038134951	0.4310676328	-0.4310676328	0.5835402169	-0.5835402169	0.5915932785	-0.5915932785	0.6236741256	-0.6236741256	0.6496097713	-0.6496097713	0.6942683444	-0.6942683444	-0.7144166798	0.7144166798	0.8740880723	-0.8740880723	0.8978297832	-0.8978297832	0.9209809544	-0.9209809544	-0.9343664894	0.9343664894	-0.9441403491	0.9441403491	0.9631018447	-0.9631018447	1.01435218	-1.01435218	-1.056469455	1.056469455	1.140243133	-1.140243133	1.165904737	-1.165904737	1.200546888	-1.200546888	1.336306497	-1.336306497	-1.343766047	1.343766047	1.366437634	-1.366437634	1.385832558	-1.385832558	-1.514569755	1.514569755	1.526697926	-1.526697926	1.535312881	-1.535312881	1.560090236	-1.560090236	1.583554281	-1.583554281	1.610238322	-1.610238322	1.649574133	-1.649574133	1.669251805	-1.669251805	1.695685475	-1.695685475	1.715106963	-1.715106963	1.740273607	-1.740273607	1.801777709	-1.801777709	1.833619264	-1.833619264	1.858749385	-1.858749385	1.893304433	-1.893304433	-1.924382809	1.924382809	1.941202148	-1.941202148	-2.051399201	2.051399201	2.06753811	-2.06753811	2.069718569	-2.069718569	-2.079802321	2.079802321	2.114216667	-2.114216667	2.135983118	-2.135983118	2.19542983	-2.19542983	2.267737199	-2.267737199	2.273009182	-2.273009182	2.292115979	-2.292115979	2.423015878	-2.423015878	2.458856552	-2.458856552	2.468056225	-2.468056225	2.496156121	-2.496156121	2.526134026	-2.526134026	
0.38	-0.03079160307	0.03079160307	-0.04245954072	0.04245954072	0.06814663702	-0.06814663702	-0.1249373862	0.1249373862	0.2447567835	-0.2447567835	0.3992652361	-0.3992652361	0.4284276082	-0.4284276082	0.5776803278	-0.5776803278	-0.5922391092	0.5922391092	0.6284234122	-0.6284234122	0.649537199	-0.649537199	0.690766002	-0.690766002	0.7154634843	-0.7154634843	0.8703402024	-0.8703402024	0.8977401563	-0.8977401563	0.9202055101	-0.9202055101	0.9349973274	-0.9349973274	0.9423895457	-0.9423895457	0.9664958193	-0.9664958193	1.015211743	-1.015211743	1.05007768	-1.05007768	1.139648703	-1.139648703	-1.165122133	1.165122133	1.200732982	-1.200732982	1.336168349	-1.336168349	1.348143775	-1.348143775	1.363801823	-1.363801823	1.386303061	-1.386303061	-1.51664732	1.51664732	1.52744081	-1.52744081	1.538260054	-1.538260054	1.560017405	-1.560017405	-1.583481485	1.583481485	1.609597159	-1.609597159	1.650598444	-1.650598444	1.669169201	-1.669169201	-1.695835231	1.695835231	1.715586263	-1.715586263	1.740564187	-1.740564187	-1.805242348	1.805242348	1.833584194	-1.833584194	-1.858782574	1.858782574	-1.892762318	1.892762318	-1.928335442	1.928335442	1.941432729	-1.941432729	-2.050839945	2.050839945	2.066805225	-2.066805225	2.069125633	-2.069125633	2.079213723	-2.079213723	2.114157713	-2.114157713	2.136157561	-2.136157561	2.1953363	-2.1953363	2.267908495	-2.267908495	2.272862714	-2.272862714	2.292028528	-2.292028528	2.423060664	-2.423060664	2.459141087	-2.459141087	2.468255518	-2.468255518	2.496079874	-2.496079874	2.526216253	-2.526216253	
0.39	0.03418713455	-0.03418713455	-0.0357019057	0.0357019057	-0.06163984924	0.06163984924	0.1175964282	-0.1175964282	0.2482673512	-0.2482673512	0.3945617863	-0.3945617863	0.4257672653	-0.4257672653	0.5716840315	-0.5716840315	-0.5929291684	0.5929291684	-0.6331577252	0.6331577252	-0.6494655028	0.6494655028	0.6872587591	-0.6872587591	0.7165217111	-0.7165217111	0.8664166683	-0.8664166683	0.8976249005	-0.8976249005	0.918771326	-0.918771326	0.9320398727	-0.9320398727	-0.9447547178	0.9447547178	0.969892188	-0.969892188	1.016340019	-1.016340019	-1.043599019	1.043599019	1.139048463	-1.139048463	-1.164321429	1.164321429	-1.200918341	1.200918341	1.3360291	-1.3360291	1.352491505	-1.352491505	1.361148031	-1.361148031	1.386852489	-1.386852489	-1.518305637	1.518305637	-1.528164389	1.528164389	-1.541619065	1.541619065	1.559944718	-1.559944718	-1.583409289	1.583409289	-1.608943692	1.608943692	1.651630365	-1.651630365	1.669102121	-1.669102121	-1.695948658	1.695948658	1.716095447	-1.716095447	1.740860067	-1.740860067	1.808648714	-1.808648714	1.833548379	-1.833548379	1.85881642	-1.85881642	-1.892216241	1.892216241	1.932301593	-1.932301593	1.941661721	-1.941661721	-2.050319471	2.050319471	2.066056798	-2.066056798	-2.068524081	2.068524081	2.078614973	-2.078614973	2.114098108	-2.114098108	2.136331575	-2.136331575	2.195227071	-2.195227071	-2.268083004	2.268083004	2.272715025	-2.272715025	2.291938816	-2.291938816	2.423106014	-2.423106014	2.459429513	-2.459429513	2.468455967	-2.468455967	2.496001679	-2.496001679	-2.52629848	2.52629848	
0.4	-0.02889809075	0.02889809075	0.03758472779	-0.03758472779	-0.05507037092	0.05507037092	0.1102508409	-0.1102508409	0.2517830692	-0.2517830692	0.3897146833	-0.3897146833	0.4230873567	-0.4230873567	-0.5655955785	0.5655955785	0.5936179796	-0.5936179796	-0.6378721361	0.6378721361	0.6493947276	-0.6493947276	-0.6837472895	0.6837472895	-0.7175902362	0.7175902362	-0.8623247541	0.8623247541	-0.8974637662	0.8974637662	-0.9161793924	0.9161793924	-0.9290000536	0.9290000536	0.9482716094	-0.9482716094	-0.9732905806	0.9732905806	1.017707534	-1.017707534	-1.037038085	1.037038085	-1.138442962	1.138442962	-1.163502977	1.163502977	1.201102781	-1.201102781	-1.335888902	1.335888902	1.356770258	-1.356770258	1.358510695	-1.358510695	-1.387476478	1.387476478	-1.519629926	1.519629926	-1.528868709	1.528868709	1.545299015	-1.545299015	-1.559874	1.559874	1.583337761	-1.583337761	1.608278487	-1.608278487	-1.652668057	1.652668057	-1.669052077	1.669052077	-1.696028194	1.696028194	-1.716634972	1.716634972	-1.741161049	1.741161049	-1.811990265	1.811990265	1.833511838	-1.833511838	1.858850904	-1.858850904	-1.891666638	1.891666638	1.936277464	-1.936277464	-1.941888925	1.941888925	-2.049839925	2.049839925	2.0652935	-2.0652935	2.067914455	-2.067914455	2.078006679	-2.07800668	2.114037915	-2.114037915	-2.136504976	2.136504976	2.195102029	-2.195102029	-2.268260628	2.268260628	-2.272566281	2.272566281	-2.29184685	2.29184685	2.423151885	-2.423151885	2.459721587	-2.459721587	2.468657322	-2.468657322	-2.495921552	2.495921552	-2.526380649	2.526380649	
0.41	-0.02205100756	0.02205100756	-0.04098404253	0.04098404253	-0.04844608285	0.04844608285	-0.1029088433	0.1029088433	-0.2553036064	0.2553036064	-0.3847355256	0.3847355257	-0.420388587	0.420388587	0.5594247626	-0.5594247626	-0.5942949327	0.5942949327	-0.6425613409	0.6425613409	-0.6493249167	0.6493249167	-0.6802325055	0.6802325055	-0.7186679315	0.7186679315	-0.858072111	0.858072111	-0.8972078692	0.8972078693	-0.9122400571	0.9122400571	-0.9270338501	0.9270338501	-0.9520403798	0.9520403798	-0.9766906584	0.9766906584	1.019289384	-1.019289384	-1.030399341	1.030399341	-1.137832747	1.137832747	-1.162667122	1.162667122	-1.201286127	1.201286127	-1.335747908	1.335747908	-1.355746873	1.355746873	1.361116105	-1.361116105	1.388173061	-1.388173061	-1.520704949	1.520704949	-1.529553862	1.529553862	-1.549206658	1.549206658	-1.559809962	1.559809962	-1.583266959	1.583266959	-1.607602154	1.607602154	-1.653709504	1.653709504	-1.669020731	1.669020731	-1.696076061	1.696076061	-1.717205272	1.717205272	-1.741466928	1.741466928	1.815260712	-1.815260712	-1.833474591	1.833474591	-1.858886005	1.858886005	-1.891113941	1.891113941	-1.94025936	1.94025936	-1.942114156	1.942114156	-2.049403405	2.049403405	2.064516123	-2.064516123	-2.067297302	2.067297302	-2.077389464	2.077389464	2.1139772	-2.1139772	-2.136677586	2.136677586	2.194961061	-2.194961061	-2.268441271	2.268441271	-2.272416644	2.272416644	-2.29175264	2.29175264	-2.423198233	2.423198233	-2.460017065	2.460017065	-2.468859328	2.468859328	-2.495839509	2.495839509	-2.5264627	2.5264627	
0.42	-0.01516353502	0.01516353502	0.04177641261	-0.04177641261	0.04438483635	-0.04438483635	0.09558050289	-0.09558050289	0.2588286598	-0.2588286598	0.3796359736	-0.3796359736	-0.4176716176	0.4176716176	0.5531748449	-0.5531748449	-0.5949563449	0.5949563449	-0.6472192118	0.6472192118	0.6492561108	-0.6492561108	0.6767159325	-0.6767159325	-0.7197536659	0.7197536659	0.853666781	-0.853666781	0.8967108886	-0.8967108886	-0.9074711558	0.9074711558	-0.9259471924	0.9259471924	0.9558973204	-0.9558973204	0.98009211	-0.98009211	1.021064355	-1.021064355	-1.023687112	1.023687112	1.137218366	-1.137218366	1.161814206	-1.161814206	-1.201468212	1.201468212	-1.335606268	1.335606268	1.353040334	-1.353040334	1.365334443	-1.365334443	-1.388944324	1.388944324	-1.521599512	1.521599512	-1.530219987	1.530219987	-1.553252477	1.553252477	1.559769592	-1.559769592	1.583196941	-1.583196941	-1.60691537	1.60691537	1.654752459	-1.654752459	-1.669009934	1.669009934	-1.69609431	1.69609431	1.717806753	-1.717806753	1.741777489	-1.741777489	1.818454	-1.818454	1.833436662	-1.833436662	1.858921702	-1.858921702	1.890558575	-1.890558575	1.942337239	-1.942337239	-1.944243676	1.944243676	-2.049011909	2.049011909	2.063725624	-2.063725624	2.066673165	-2.066673165	2.076763961	-2.076763961	2.113916026	-2.113916026	2.136849241	-2.136849241	-2.194804056	2.194804056	2.268624834	-2.268624834	-2.272266279	2.272266279	2.291656194	-2.291656194	2.423245013	-2.423245013	2.460315701	-2.460315701	-2.469061729	2.469061729	-2.495755568	2.495755568	2.526544572	-2.526544572	
0.43	-0.008238711234	0.008238711234	-0.03507368739	0.03507368739	0.04778668658	-0.04778668658	0.08827867802	-0.08827867802	0.2623579514	-0.2623579514	0.374427765	-0.374427765	0.4149370711	-0.4149370711	0.5468473192	-0.5468473192	-0.595600676	0.595600676	-0.649188348	0.649188348	-0.651837494	0.651837494	-0.6732009204	0.6732009204	0.7208463073	-0.7208463073	0.8491172432	-0.8491172432	-0.8954273561	0.8954273561	0.9028756709	-0.9028756709	0.9253417512	-0.9253417512	-0.9597939327	0.9597939328	-0.9834946483	0.9834946483	1.016905604	-1.016905604	1.023014162	-1.023014162	1.136600364	-1.136600364	1.160944574	-1.160944574	1.201648882	-1.201648882	1.335464131	-1.335464131	-1.350309553	1.350309553	1.369489001	-1.369489001	-1.389799454	1.389799454	-1.522364253	1.522364253	1.53086726	-1.53086726	1.557251488	-1.557251488	1.55988351	-1.55988351	1.583127761	-1.583127761	-1.606218902	1.606218902	-1.655794374	1.655794374	-1.669021793	1.669021793	-1.696084853	1.696084853	-1.718439794	1.718439794	-1.742092511	1.742092511	1.821564291	-1.821564291	-1.833398072	1.833398072	-1.858957972	1.858957972	-1.890000964	1.890000964	-1.942558012	1.942558012	1.948226905	-1.948226905	2.048667274	-2.048667274	2.062923167	-2.062923167	-2.066042591	2.066042591	2.076130816	-2.076130816	2.113854458	-2.113854458	-2.137019781	2.137019781	2.194630908	-2.194630908	2.268811219	-2.268811219	2.272115348	-2.272115348	2.291557523	-2.291557523	2.42329218	-2.42329218	2.46061725	-2.46061725	-2.469264263	2.469264263	2.49566975	-2.49566975	-2.526626205	2.526626205	
0.44	-0.00128041705	0.001280417051	0.02835492279	-0.0283549228	0.05118944407	-0.05118944407	0.08102064336	-0.08102064336	0.2658912256	-0.2658912256	0.3691227473	-0.3691227473	0.412185534	-0.412185534	0.5404431803	-0.5404431803	0.5962272375	-0.5962272375	0.6491216634	-0.6491216634	0.6564001102	-0.6564001102	0.6696982236	-0.6696982236	0.7219447234	-0.7219447234	0.8444324871	-0.8444324872	0.8920162599	-0.8920162599	0.9000576482	-0.9000576483	0.9249833422	-0.9249833423	0.9637096703	-0.9637096704	0.9868980081	-0.9868980081	1.010058917	-1.010058917	1.025122835	-1.025122835	1.135979287	-1.135979287	1.160058573	-1.160058573	1.201827988	-1.201827988	1.335321646	-1.335321646	1.347560333	-1.347560333	1.373543472	-1.373543472	1.39076051	-1.39076051	1.523034916	-1.523034916	1.53149589	-1.53149589	1.559202691	-1.559202691	1.562113184	-1.562113184	1.583059468	-1.583059468	1.605513647	-1.605513647	1.656832313	-1.656832313	1.669058753	-1.669058753	1.696049498	-1.696049498	-1.719104744	1.719104744	1.742411762	-1.742411762	1.824585959	-1.824585959	1.833358848	-1.833358848	1.858994791	-1.858994791	1.889441527	-1.889441527	-1.942776322	1.942776322	1.952205628	-1.952205628	2.048371091	-2.048371091	2.062110196	-2.062110196	2.065406127	-2.065406127	2.075490687	-2.075490687	2.113792559	-2.113792559	2.137189059	-2.137189059	-2.194441515	2.194441515	2.269000327	-2.269000327	2.271964009	-2.271964009	-2.291456636	2.291456636	2.423339688	-2.423339688	2.460921464	-2.460921464	-2.469466667	2.469466667	2.495582076	-2.495582076	2.526707534	-2.526707534	
0.45	-0.005702491514	0.005702491514	-0.02164923891	0.02164923891	0.05459284774	-0.05459284774	0.07383106159	-0.07383106159	0.2694282463	-0.2694282463	0.3637329257	-0.3637329257	0.4094175603	-0.4094175603	0.5339633504	-0.5339633504	-0.5968357403	0.5968357403	-0.6490560892	0.6490560892	0.6608284336	-0.6608284336	0.6662805801	-0.6662805801	0.7230477832	-0.7230477832	0.8396221247	-0.8396221247	0.8866124983	-0.8866124983	0.8990125098	-0.8990125098	0.924759277	-0.924759277	0.9676333474	-0.9676333474	0.9903019433	-0.9903019433	-1.003151059	1.003151059	1.027376245	-1.027376245	1.135355678	-1.135355678	-1.159156563	1.159156563	-1.202005394	1.202005394	1.335178959	-1.335178959	-1.344794089	1.344794089	1.37744235	-1.37744235	-1.391873339	1.391873339	1.523636442	-1.523636442	-1.532106115	1.532106115	1.559282641	-1.559282641	1.566253176	-1.566253176	-1.582992109	1.582992109	1.604800713	-1.604800713	-1.657862824	1.657862824	1.669123714	-1.669123714	-1.695989978	1.695989978	1.719801918	-1.719801918	1.742735005	-1.742735005	1.827513586	-1.827513586	1.833319015	-1.833319015	1.859032133	-1.859032133	1.888880683	-1.888880683	1.942992026	-1.942992026	1.95617651	-1.95617651	2.048124575	-2.048124575	-2.061288535	2.061288535	2.06476432	-2.06476432	-2.07484424	2.07484424	2.113730395	-2.113730395	-2.137356934	2.137356934	2.19423578	-2.19423578	2.269192056	-2.269192056	-2.271812423	2.271812423	-2.291353546	2.291353546	-2.423387492	2.423387492	-2.461228097	2.461228097	2.469668676	-2.469668676	-2.495492569	2.495492569	-2.526788494	2.526788494	
0.46	-0.01255481682	0.01255481682	0.01514480768	-0.01514480768	0.05799668032	-0.05799668032	0.06674780304	-0.06674780304	0.2729687955	-0.2729687955	0.358270528	-0.358270528	0.406633674	-0.406633674	0.527408841	-0.527408841	-0.5974261075	0.5974261075	0.6489916544	-0.6489916544	0.6622300913	-0.6622300913	0.6658337124	-0.6658337124	-0.7241543581	0.7241543581	0.8346965513	-0.8346965513	-0.8804432756	0.8804432756	0.8985807787	-0.8985807787	0.9246141458	-0.9246141458	0.9715576423	-0.9715576423	0.9937062152	-0.9937062152	0.9961859649	-0.9961859649	1.029761734	-1.029761734	1.134730083	-1.134730083	1.158238912	-1.158238912	1.202180969	-1.202180969	-1.335036214	1.335036214	1.342011616	-1.342011616	-1.381088797	1.381088797	1.393225965	-1.393225965	1.524186302	-1.524186302	-1.532698199	1.532698199	-1.559231389	1.559231389	-1.570541698	1.570541698	-1.582925729	1.582925729	1.60408156	-1.60408156	-1.658881782	1.658881782	1.669220183	-1.669220183	-1.695907982	1.695907982	1.720531598	-1.720531598	1.743061994	-1.743061994	1.830341967	-1.830341967	-1.833278599	1.833278599	1.859069972	-1.859069972	1.888318847	-1.888318847	1.943204992	-1.943204992	1.960136303	-1.960136303	2.047928397	-2.047928397	-2.060460544	2.060460544	2.06411772	-2.06411772	2.074192154	-2.074192154	2.113668029	-2.113668029	-2.137523272	2.137523272	2.194013611	-2.194013611	2.269386305	-2.269386305	2.271660746	-2.271660746	2.291248264	-2.291248264	2.423435544	-2.423435544	2.461536902	-2.461536902	-2.469870021	2.469870021	2.495401254	-2.495401254	-2.526869019	2.526869019	
0.47	0.008312673565	-0.008312673567	-0.01986346005	0.01986346005	-0.05983427876	0.05983427876	-0.06140074576	0.06140074576	-0.276512671	0.276512671	-0.352748087	0.352748087	-0.4038343713	0.4038343713	-0.5207808164	0.5207808164	-0.5979983841	0.5979983841	-0.6489283855	0.6489283855	-0.6589077716	0.6589077716	-0.6700472617	0.6700472617	-0.7252633225	0.7252633225	-0.8296671762	0.8296671762	-0.8739640276	0.8739640276	-0.8983455836	0.8983455836	-0.9245187187	0.9245187187	-0.975477082	0.975477082	0.9891674492	-0.9891674492	-0.9971106549	0.9971106549	-1.03226784	1.03226784	-1.134103049	1.134103049	-1.157306008	1.157306008	-1.202354591	1.202354591	-1.334893555	1.334893555	-1.339213532	1.339213532	-1.384327748	1.384327748	1.394965073	-1.394965073	-1.524696869	1.524696869	-1.533272425	1.533272425	-1.559155172	1.559155172	-1.574855234	1.574855234	-1.582860367	1.582860367	1.603358294	-1.603358294	-1.659884192	1.659884192	-1.669352468	1.669352468	1.695805185	-1.695805185	-1.721294025	1.721294025	1.743392475	-1.743392475	-1.833066124	1.833066124	-1.83323763	1.83323763	-1.859108279	1.859108279	-1.887756434	1.887756434	1.943415094	-1.943415094	-1.964081834	1.964081834	-2.047782423	2.047782423	-2.059629348	2.059629348	-2.063466878	2.063466878	-2.073535114	2.073535114	2.113605525	-2.113605525	-2.137687949	2.137687949	-2.193774923	2.193774923	-2.269582973	2.269582973	-2.271509131	2.271509131	-2.291140803	2.291140803	-2.423483799	2.423483799	-2.46184763	2.46184763	2.470070435	-2.470070435	-2.495308161	2.495308161	-2.526949041	2.526949041	
0.48	-0.001966830423	0.001966830424	0.02692578386	-0.02692578386	0.05320798814	-0.05320798814	0.06480486893	-0.06480486893	0.2800596846	-0.2800596846	-0.3471785424	0.3471785424	-0.4010201227	0.4010201227	0.5140806151	-0.5140806151	-0.5985526903	0.5985526903	-0.6488663057	0.6488663057	0.6554006292	-0.6554006292	0.6743730311	-0.6743730311	-0.7263735548	0.7263735548	0.8245467486	-0.8245467486	0.8673150229	-0.8673150229	-0.8981906733	0.8981906733	0.9244564327	-0.9244564327	-0.9793871817	0.9793871817	-0.9820993693	0.9820993693	1.000515008	-1.000515008	1.034884085	-1.034884085	1.133475121	-1.133475121	-1.156358256	1.156358256	-1.202526146	1.202526146	1.334751122	-1.334751122	-1.336400367	1.336400367	-1.38698364	1.38698364	-1.397258206	1.397258206	-1.525177029	1.525177029	-1.533829094	1.533829094	1.559069128	-1.559069128	-1.579163528	1.579163528	-1.582796063	1.582796063	1.602634331	-1.602634331	-1.660863966	1.660863966	1.669525888	-1.669525888	-1.695683277	1.695683277	-1.722089399	1.722089399	-1.743726186	1.743726186	-1.833196137	1.833196137	1.835681315	-1.835681315	-1.859147026	1.859147026	-1.88719386	1.88719386	1.943622215	-1.943622215	-1.968010008	1.968010008	2.047685328	-2.047685328	2.058799191	-2.058799191	2.062812347	-2.062812347	2.072873813	-2.072873813	2.113542945	-2.113542945	-2.137850847	2.137850847	-2.193519638	2.193519638	-2.269781956	2.269781956	-2.271357732	2.271357732	-2.291031175	2.291031175	2.423532209	-2.423532209	2.462160034	-2.462160034	-2.470269646	2.470269646	-2.495213318	2.495213318	2.527028491	-2.527028491	
0.49	0.003944173531	-0.003944173532	-0.03402973149	0.03402973149	0.04711237037	-0.04711237037	0.06820889774	-0.06820889774	0.2836096611	-0.2836096611	0.341575363	-0.341575363	0.398191375	-0.398191375	0.5073097532	-0.5073097532	-0.5990891941	0.5990891941	0.6488054361	-0.6488054361	0.6518675763	-0.6518675763	0.6786412122	-0.6786412122	0.7274839377	-0.7274839377	0.8193498187	-0.8193498187	-0.8605531704	0.8605531704	-0.8980753028	0.8980753028	-0.924417297	0.924417297	0.9749854576	-0.9749854576	0.9832840334	-0.9832840335	1.003919113	-1.003919113	1.037600818	-1.037600818	-1.132846847	1.132846847	1.155396086	-1.155396086	1.202695526	-1.202695526	1.333572606	-1.333572606	-1.334609055	1.334609055	-1.388996657	1.388996657	1.400157507	-1.400157507	1.525633255	-1.525633255	1.53436852	-1.53436852	1.558977615	-1.558977615	1.582732853	-1.582732853	1.583446438	-1.583446438	1.601916125	-1.601916125	1.66181373	-1.66181373	1.669746974	-1.669746974	1.695543995	-1.695543995	1.722917872	-1.722917872	-1.744062857	1.744062857	1.833154153	-1.833154153	1.838183056	-1.838183056	1.859186181	-1.859186181	1.886631537	-1.886631537	1.943826246	-1.943826246	1.971917804	-1.971917804	2.047634	-2.047634	2.057976011	-2.057976011	2.062154683	-2.062154683	2.072208952	-2.072208952	2.113480353	-2.113480353	-2.138011854	2.138011854	2.193247689	-2.193247689	-2.269983154	2.269983154	-2.271206699	2.271206699	2.290919396	-2.290919396	2.423580726	-2.423580726	2.462473865	-2.462473865	2.470467386	-2.470467386	2.495116759	-2.495116759	2.527107298	-2.527107299	
0.5	0.008861465714	-0.008861465715	-0.04116062751	0.04116062751	-0.04209952554	0.04209952554	0.07161270823	-0.07161270823	0.2871624369	-0.2871624369	0.3359526922	-0.3359526922	-0.395348553	0.395348553	0.5004699198	-0.5004699198	-0.5996080938	0.5996080938	0.6483244348	-0.6483244348	-0.6487457949	0.6487457949	-0.6828225594	0.6828225594	-0.728593358	0.728593358	-0.8140933931	0.8140933931	-0.8537075275	0.8537075275	0.8979820207	-0.8979820207	0.924394959	-0.924394959	0.9678294403	-0.9678294403	-0.9871640913	0.9871640913	1.007322792	-1.007322792	1.040409092	-1.040409092	1.132218777	-1.132218777	1.154419954	-1.154419954	1.20286263	-1.20286263	1.330730697	-1.330730697	-1.33446749	1.33446749	1.390484929	-1.390484929	1.403537522	-1.403537522	1.526070328	-1.526070328	1.53489103	-1.53489103	-1.558882363	1.558882363	-1.582670771	1.582670771	-1.587679605	1.587679605	-1.60121859	1.60121859	-1.662724762	1.662724762	1.670023514	-1.670023514	1.695389157	-1.695389157	1.723779545	-1.723779545	1.744402212	-1.744402212	1.83311171	-1.83311171	-1.840567145	1.840567145	-1.859225713	1.859225713	-1.88606988	1.88606988	1.944027084	-1.944027084	1.975802267	-1.975802267	2.047622607	-2.047622607	-2.057168331	2.057168331	2.061494442	-2.061494442	2.071541236	-2.071541236	-2.113417811	2.113417811	-2.138170866	2.138170866	-2.192959014	2.192959014	-2.27018646	2.27018646	2.271056179	-2.271056179	-2.290805481	2.290805481	2.423629303	-2.423629303	-2.462788874	2.462788874	2.470663384	-2.470663384	2.495018518	-2.495018518	2.52718539	-2.52718539	
0.51	0.01162349154	-0.01162349154	0.03933587864	-0.03933587865	-0.04831430466	0.04831430466	0.07501621547	-0.07501621547	-0.2907178583	0.2907178583	0.3303255189	-0.3303255189	0.3924920609	-0.3924920609	0.4935629691	-0.4935629691	0.6001096063	-0.6001096063	0.6447754197	-0.6447754197	0.6486873984	-0.6486873984	-0.6868959547	0.6868959547	0.7297007067	-0.7297007067	0.8087978715	-0.8087978715	0.846795504	-0.846795504	-0.8979022105	0.8979022105	-0.9243851957	0.9243851957	0.9606350216	-0.9606350216	-0.9910240497	0.9910240497	1.010725882	-1.010725882	1.04330057	-1.04330057	1.131591464	-1.131591464	1.153430345	-1.153430345	1.203027365	-1.203027365	1.327875061	-1.327875061	1.334326562	-1.334326562	1.391619109	-1.391619109	1.40722063	-1.40722063	1.526491823	-1.526491823	1.535396959	-1.535396959	1.55878421	-1.55878421	1.58260985	-1.58260985	-1.591809307	1.591809307	1.600587992	-1.600587992	1.663587307	-1.663587307	1.670364245	-1.670364245	-1.695220698	1.695220698	1.724674462	-1.724674462	1.744743965	-1.744743965	1.833068842	-1.833068842	1.842829682	-1.842829682	1.859265588	-1.859265588	-1.885509301	1.885509301	1.944224632	-1.944224632	1.979660511	-1.979660511	-2.047641135	2.047641135	2.056388696	-2.056388696	-2.060832185	2.060832185	2.070871376	-2.070871376	2.113355382	-2.113355382	2.138327785	-2.138327785	2.192653565	-2.192653565	2.270391772	-2.270391772	2.270906318	-2.270906318	2.290689444	-2.290689444	-2.423677893	2.423677893	2.463104813	-2.463104813	2.47085737	-2.47085737	2.494918633	-2.494918633	-2.527262694	2.527262694	
0.52	0.01094296804	-0.01094296804	-0.04011644618	0.04011644618	0.05548810495	-0.05548810495	-0.07841939656	0.07841939656	0.2942757812	-0.2942757812	-0.3247098768	0.3247098768	-0.389622284	0.389622284	-0.4865909131	0.4865909131	-0.6005939586	0.6005939586	0.6412221949	-0.6412221949	-0.6486302603	0.6486302603	-0.6908379918	0.6908379918	-0.7308048769	0.7308048769	-0.8034883948	0.8034883949	0.839828778	-0.839828778	-0.8978311607	0.8978311607	-0.924385092	0.924385092	-0.9534058963	0.9534058963	-0.9948607711	0.9948607711	1.014128224	-1.014128224	-1.046267451	1.046267451	-1.130965461	1.130965461	1.152427775	-1.152427775	-1.203189642	1.203189642	1.325006094	-1.325006094	-1.334186402	1.334186402	-1.392522223	1.392522223	-1.411077205	1.411077205	1.526900439	-1.526900439	-1.535886648	1.535886648	-1.558683621	1.558683621	-1.582550118	1.582550118	1.595596626	-1.595596626	1.600256891	-1.600256891	1.66439153	-1.66439153	-1.670777895	1.670777895	1.695040712	-1.695040712	-1.725602606	1.725602606	-1.745087824	1.745087824	-1.833025585	1.833025585	1.844967103	-1.844967103	1.859305771	-1.859305771	-1.884950213	1.884950213	-1.944418799	1.944418799	-1.983489709	1.983489709	2.047673189	-2.047673189	2.055655836	-2.055655836	-2.060168475	2.060168475	-2.070200086	2.070200086	-2.113293125	2.113293125	-2.13848252	2.13848252	2.192331304	-2.192331304	-2.270598985	2.270598985	-2.270757258	2.270757258	-2.290571305	2.290571305	2.423726446	-2.423726446	-2.463421432	2.463421432	2.471049076	-2.471049076	-2.494817147	2.494817147	2.527339133	-2.527339134	
0.53	-0.007263199414	0.007263199415	0.04400762852	-0.04400762852	0.0626797084	-0.06267970841	0.08182234251	-0.08182234251	-0.2978360697	0.2978360697	0.3191230752	-0.3191230752	-0.3867395898	0.3867395898	0.4795559158	-0.4795559158	-0.6010613809	0.6010613809	0.6376655927	-0.6376655927	-0.6485743927	0.6485743927	0.6946192981	-0.6946192981	-0.7319047624	0.7319047624	0.798196794	-0.798196794	0.8328158614	-0.8328158614	-0.8977660933	0.8977660933	-0.9243925689	0.9243925689	0.9461457624	-0.9461457624	-0.9986712398	0.9986712398	-1.017529672	1.017529672	1.049302415	-1.049302415	-1.130341328	1.130341328	1.151412797	-1.151412797	-1.203349378	1.203349378	1.322124173	-1.322124173	-1.33404714	1.33404714	-1.393264226	1.393264226	1.415031057	-1.415031057	-1.527298233	1.527298233	1.536360441	-1.536360441	1.558580889	-1.558580889	1.582491603	-1.582491604	1.597614011	-1.597614011	1.601647104	-1.601647104	1.665129283	-1.665129283	-1.671271413	1.671271413	1.694851502	-1.694851502	1.726563893	-1.726563893	-1.745433488	1.745433488	1.832981978	-1.832981978	-1.8469762	1.8469762	1.859346228	-1.859346228	-1.884393028	1.884393028	-1.944609501	1.944609501	-1.987287097	1.987287097	2.047693097	-2.047693097	-2.054997525	2.054997525	2.059503877	-2.059503877	2.069528083	-2.069528083	-2.113231102	2.113231102	2.138634983	-2.138634983	-2.191992205	2.191992205	-2.270609138	2.270609138	-2.270807993	2.270807993	2.29045108	-2.29045108	2.423774916	-2.423774916	2.463738483	-2.463738483	2.471238235	-2.471238235	-2.494714102	2.494714102	2.527414633	-2.527414633	
0.54	-0.002037824398	0.002037824398	-0.04956745554	0.04956745555	-0.06988673261	0.06988673261	-0.08522538961	0.08522538961	-0.3013985953	0.3013985953	-0.3135839638	0.3135839638	-0.3838443294	0.3838443294	-0.4724602905	0.4724602905	-0.6015121004	0.6015121004	-0.6341061056	0.6341061056	-0.6485198054	0.6485198054	-0.6982012269	0.6982012269	-0.7329992529	0.7329992529	-0.7929643987	0.7929643987	-0.8257633657	0.8257633657	-0.8977052737	0.8977052737	-0.9244061009	0.9244061009	-0.9388583331	0.9388583331	-1.002452532	1.002452532	-1.020930084	1.020930084	-1.052398567	1.052398567	-1.129719627	1.129719627	-1.150386001	1.150386001	-1.203506497	1.203506497	-1.319229656	1.319229656	1.333908903	-1.333908903	-1.393882212	1.393882212	-1.419039239	1.419039239	-1.527686783	1.527686783	-1.536818685	1.536818685	-1.558476211	1.558476211	-1.582434334	1.582434334	-1.597452453	1.597452453	-1.60516222	1.60516222	-1.665796315	1.665796315	-1.671847765	1.671847765	-1.694655635	1.694655635	-1.727558164	1.727558164	-1.74578065	1.74578065	1.83293806	-1.83293806	-1.848854151	1.848854151	-1.85938692	1.85938692	-1.883838157	1.883838157	1.944796657	-1.944796657	-1.991049966	1.991049966	-2.047663534	2.047663534	-2.054452934	2.054452934	-2.058838962	2.058838962	-2.068856086	2.068856086	-2.113169373	2.113169373	-2.138785095	2.138785095	-2.191636254	2.191636254	-2.270462096	2.270462096	-2.27101869	2.27101869	-2.29032879	2.29032879	-2.423823254	2.423823254	-2.464055716	2.464055716	-2.471424583	2.471424583	-2.494609548	2.494609548	-2.527489115	2.527489115	
0.55	-0.003833660576	0.003833660576	0.05591027167	-0.05591027167	-0.07710624581	0.07710624581	-0.08862951485	0.08862951485	0.3049632363	-0.3049632363	0.3081132329	-0.3081132329	0.3809368382	-0.3809368382	-0.4653065013	0.4653065013	-0.6019463367	0.6019463367	0.6305440641	-0.6305440641	0.648466507	-0.648466507	0.7015316856	-0.7015316856	0.7340872273	-0.7340872273	-0.7878460268	0.7878460268	-0.8186766965	0.8186766965	0.8976475702	-0.8976475702	0.92442454	-0.92442454	-0.9315473504	0.9315473504	1.006201795	-1.006201795	1.024329327	-1.024329327	1.055549408	-1.055549408	1.129100926	-1.129100926	1.149348018	-1.149348018	-1.203660927	1.203660927	1.316322884	-1.316322884	1.333771815	-1.333771815	1.394395521	-1.394395521	-1.423076932	1.423076932	-1.528067301	1.528067301	1.537261729	-1.537261729	1.55836974	-1.55836974	1.582378332	-1.582378332	1.596836494	-1.596836494	-1.609072372	1.609072372	1.666393859	-1.666393859	1.672504348	-1.672504348	-1.694456008	1.694456008	-1.728585185	1.728585185	1.746128995	-1.746128995	1.832893872	-1.832893872	1.850598546	-1.850598546	1.859427809	-1.859427809	1.883286005	-1.883286005	1.944980191	-1.944980191	1.99477566	-1.99477566	2.047537645	-2.047537645	-2.054070475	2.054070475	2.058174301	-2.058174301	2.068184814	-2.068184814	2.113107997	-2.113107997	2.138932778	-2.138932778	2.191263455	-2.191263455	2.270316265	-2.270316265	-2.271230971	2.271230971	2.290204456	-2.290204456	2.423871412	-2.423871412	2.46437288	-2.46437288	-2.471607858	2.471607858	-2.494503536	2.494503536	2.527562501	-2.527562501	
0.56	0.009945976418	-0.009945976418	0.06264710853	-0.06264710853	-0.0843331482	0.0843331482	0.09203791451	-0.09203791451	0.3027337489	-0.3027337489	0.3085298769	-0.3085298769	0.3780174376	-0.3780174376	-0.4580971704	0.4580971704	0.6023642964	-0.6023642964	-0.6269797121	0.6269797121	-0.6484145039	0.6484145039	0.70453963	-0.70453963	-0.7351675418	0.7351675418	-0.7829154107	0.7829154107	0.8115604695	-0.8115604695	0.897592219	-0.897592219	0.9242165976	-0.9242165976	-0.9244470021	0.9244470021	1.009916233	-1.009916233	1.02772727	-1.02772727	1.058748794	-1.058748794	1.128485802	-1.128485802	-1.148299518	1.148299518	1.2038126	-1.2038126	1.313404181	-1.313404181	-1.333635998	1.333635998	-1.394814059	1.394814059	-1.42712913	1.42712913	-1.528440723	1.528440723	1.537689919	-1.537689919	1.558261596	-1.558261596	-1.582323622	1.582323622	1.596123502	-1.596123502	1.613014778	-1.613014778	-1.666928533	1.666928533	1.673233087	-1.673233087	-1.69425593	1.69425593	-1.729644635	1.729644635	1.7464782	-1.7464782	-1.832849455	1.832849455	1.85220741	-1.85220741	1.859468854	-1.859468854	1.882736976	-1.882736976	1.945160031	-1.945160031	1.998461576	-1.998461576	-2.047271383	2.047271383	-2.053895441	2.053895441	2.05751047	-2.05751047	2.067514985	-2.067514985	2.113047033	-2.113047033	2.139077963	-2.139077963	2.190873824	-2.190873824	-2.270171776	2.270171776	-2.271444728	2.271444728	2.2900781	-2.2900781	2.423919343	-2.423919343	2.464689724	-2.464689724	2.471787803	-2.471787803	2.494396122	-2.494396122	2.527634709	-2.527634709	
0.57	0.016105468	-0.016105468	-0.0696034423	0.0696034423	-0.09154932117	0.09154932117	-0.0954668329	0.0954668329	-0.2974709197	0.2974709197	-0.3120984064	0.3120984064	-0.3750864351	0.3750864351	-0.4508350916	0.4508350916	0.6027661681	-0.6027661681	-0.6234132434	0.6234132434	-0.6483638016	0.6483638016	-0.7071283731	0.7071283731	-0.7362390087	0.7362390087	0.7782718504	-0.7782718504	-0.8044187875	0.8044187875	0.8975386916	-0.8975386916	-0.9168699138	0.9168699138	-0.9244727922	0.9244727922	-1.013593097	1.013593097	-1.031123791	1.031123791	1.061990905	-1.061990905	-1.12787484	1.12787484	-1.14724122	1.14724122	-1.203961455	1.203961455	-1.310473859	1.310473859	-1.333501571	1.333501571	-1.395142648	1.395142648	1.43118629	-1.43118629	-1.528807767	1.528807767	-1.5381036	1.5381036	1.558151885	-1.558151885	-1.582270225	1.582270225	-1.595376004	1.595376004	1.61692123	-1.61692123	1.667410532	-1.667410532	-1.674022253	1.674022253	-1.694059216	1.694059216	1.730736106	-1.730736106	-1.746827936	1.746827936	-1.832804856	1.832804856	-1.853679216	1.853679216	-1.859510016	1.859510016	-1.882191467	1.882191467	-1.945336109	1.945336109	-2.002105157	2.002105157	-2.046843066	2.046843066	2.053950427	-2.053950427	-2.056848048	2.056848048	-2.066847319	2.066847319	-2.112986538	2.112986538	2.139220583	-2.139220583	-2.190467396	2.190467396	2.270028758	-2.270028758	-2.271659853	2.271659853	-2.289949745	2.289949745	2.423966997	-2.423966997	2.465005996	-2.465005996	-2.471964162	2.471964162	-2.494287367	2.494287367	2.527705659	-2.527705659	
0.58	-0.02220296941	0.02220296941	0.07669244216	-0.07669244216	0.09832806704	-0.09832806704	0.09934110751	-0.09934110751	0.2923530798	-0.2923530798	-0.3156687191	0.3156687191	0.3721441262	-0.3721441262	0.4435232533	-0.4435232533	0.6031521172	-0.6031521172	0.6198448198	-0.6198448198	0.6483144039	-0.6483144039	0.7091694205	-0.7091694205	-0.7373003576	0.7373003576	0.7740463598	-0.7740463598	-0.7972554496	0.7972554496	-0.8974866152	0.8974866152	0.9095112086	-0.9095112086	-0.9245013531	0.9245013531	-1.017229678	1.017229678	1.03451877	-1.03451877	1.065270223	-1.065270223	1.127268637	-1.127268637	-1.146173889	1.146173889	1.204107433	-1.204107433	1.307532216	-1.307532216	1.333368649	-1.333368649	1.39538331	-1.39538331	1.435242036	-1.435242036	1.529168978	-1.529168978	-1.538503112	1.538503112	1.558040704	-1.558040704	-1.582218159	1.582218159	1.59461265	-1.59461265	1.620766964	-1.620766964	-1.6678512	1.6678512	-1.674858896	1.674858896	-1.693870304	1.693870304	-1.731859093	1.731859093	1.747177866	-1.747177866	-1.832760118	1.832760118	-1.855012909	1.855012909	-1.859551251	1.859551251	1.881649868	-1.881649868	1.945508362	-1.945508362	2.005703891	-2.005703891	-2.046261978	2.046261978	2.054226719	-2.054226719	-2.056187618	2.056187618	-2.066182528	2.066182528	2.112926569	-2.112926569	2.139360577	-2.139360577	-2.190044223	2.190044223	2.269887334	-2.269887334	-2.271876239	2.271876239	-2.289819419	2.289819419	2.424014328	-2.424014328	-2.465321445	2.465321445	-2.472136688	2.472136688	-2.494177334	2.494177334	-2.527775268	2.527775268	
0.59	-0.02816442769	0.02816442769	-0.0838659854	0.0838659854	-0.1021244054	0.1021244054	0.1062038599	-0.1062038599	0.2874118709	-0.2874118709	-0.319240713	0.319240713	-0.3691907941	0.3691907941	0.436164872	-0.436164872	-0.6035222798	0.6035222798	-0.6162745824	0.6162745824	-0.6482663133	0.6482663133	-0.7105020337	0.7105020337	-0.7383501583	0.7383501583	0.7704020928	-0.7704020928	0.7900741482	-0.7900741482	-0.8974357239	0.8974357239	0.9021444774	-0.9021444774	-0.92453223	0.92453223	-1.0208233	1.0208233	1.037912093	-1.037912093	1.068581501	-1.068581501	1.126667806	-1.126667806	-1.145098337	1.145098337	-1.204250479	1.204250479	-1.304579537	1.304579537	1.333237346	-1.333237346	1.395536531	-1.395536531	1.4392919	-1.4392919	-1.529524771	1.529524771	-1.538888793	1.538888793	-1.557928146	1.557928146	-1.582167445	1.582167445	-1.593841221	1.593841221	1.624537473	-1.624537473	-1.668261132	1.668261132	-1.675730744	1.675730744	-1.693694393	1.693694393	-1.733012995	1.733012995	1.747527648	-1.747527648	1.832715291	-1.832715291	-1.856207905	1.856207905	-1.859592515	1.859592515	-1.881112558	1.881112558	1.945676729	-1.945676729	2.009255313	-2.009255313	2.045556896	-2.045556896	-2.054695751	2.054695751	2.055529766	-2.055529766	2.065521326	-2.065521326	2.112867181	-2.112867181	-2.139497886	2.139497886	-2.189604376	2.189604376	-2.269747628	2.269747628	-2.272093774	2.272093774	-2.289687148	2.289687148	2.424061288	-2.424061288	2.465635816	-2.465635816	2.472305135	-2.472305135	-2.494066094	2.494066094	2.527843452	-2.527843452	
0.6	0.03393051235	-0.03393051235	-0.09109462936	0.09109462936	-0.1055466002	0.1055466002	0.1134449551	-0.1134449551	0.2826825821	-0.2826825821	-0.3228142899	0.3228142899	-0.3662267116	0.3662267116	0.4287634399	-0.4287634399	-0.6038767563	0.6038767563	0.6127026579	-0.6127026579	-0.6482195314	0.6482195314	0.710948547	-0.710948547	-0.7393866575	0.7393866575	0.7675190228	-0.7675190228	0.782878723	-0.782878723	0.8947738182	-0.8947738182	-0.8973858272	0.8973858272	-0.924565045	0.924565045	1.024371322	-1.024371322	1.041303647	-1.041303647	1.071919738	-1.071919738	-1.126072983	1.126072983	-1.14401543	1.14401543	-1.204390544	1.204390544	1.301616096	-1.301616096	-1.333107772	1.333107772	1.395601964	-1.395601964	1.443332605	-1.443332605	-1.529875448	1.529875448	1.539260974	-1.539260974	-1.557814302	1.557814302	-1.582118098	1.582118098	1.593065819	-1.593065819	1.628221126	-1.628221126	1.668649211	-1.668649211	-1.676627182	1.676627182	1.693537601	-1.693537601	1.734197105	-1.734197105	-1.747876931	1.747876931	1.832670424	-1.832670424	-1.857264099	1.857264099	-1.859633764	1.859633764	-1.880579903	1.880579903	-1.945841153	1.945841153	2.012756995	-2.012756995	-2.044759494	2.044759494	-2.054875082	2.054875082	2.055325708	-2.055325708	2.06486442	-2.06486442	2.112808431	-2.112808431	2.139632457	-2.139632457	2.189147945	-2.189147945	2.269609756	-2.269609756	-2.272312349	2.272312349	-2.289552963	2.289552963	2.424107829	-2.424107829	-2.465948854	2.465948854	2.472469267	-2.472469267	-2.493953721	2.493953721	2.527910125	-2.527910125	
0.61	0.03944739813	-0.03944739813	0.09835866968	-0.09835866968	0.1089465964	-0.1089465964	-0.1207105499	0.1207105499	0.2782043871	-0.2782043871	0.3263893545	-0.3263893545	0.363252141	-0.363252141	-0.4213227932	0.4213227932	0.6042156033	-0.6042156033	-0.6091291623	0.6091291623	-0.6481740583	0.6481740583	-0.7103548028	0.7103548028	-0.7404073846	0.7404073846	-0.7655535052	0.7655535052	-0.7756736245	0.7756736245	0.8874034491	-0.8874034491	0.8973367894	-0.8973367894	-0.9245994792	0.9245994792	-1.027871131	1.027871131	-1.044693323	1.044693323	1.075280152	-1.075280152	1.125484834	-1.125484834	-1.142926086	1.142926086	1.204527581	-1.204527581	-1.298642157	1.298642157	1.332980034	-1.332980034	-1.395578847	1.395578847	-1.447361636	1.447361636	-1.530221223	1.530221223	-1.53961998	1.53961998	-1.557699266	1.557699266	-1.582070134	1.582070134	-1.59228903	1.59228903	-1.631806785	1.631806785	-1.669022376	1.669022376	-1.67753948	1.67753948	1.69340716	-1.69340716	1.73541061	-1.73541061	-1.74822536	1.74822536	-1.832625567	1.832625567	1.858181857	-1.858181857	1.859674952	-1.859674952	-1.880052255	1.880052255	1.94600158	-1.94600158	2.016206547	-2.016206547	-2.043895755	2.043895755	-2.05422416	2.05422416	-2.056090117	2.056090117	2.064212513	-2.064212513	2.112750372	-2.112750372	-2.139764241	2.139764241	2.188675044	-2.188675044	2.269473836	-2.269473836	2.272531853	-2.272531853	-2.289416895	2.289416895	2.424153906	-2.424153906	-2.466260301	2.466260301	-2.472628852	2.472628852	-2.493840297	2.493840297	-2.527975203	2.527975203	
0.62	-0.0446623211	0.0446623211	0.1056437997	-0.1056437997	0.1123393679	-0.1123393679	0.1279837232	-0.1279837232	0.2740203898	-0.2740203898	0.3299658138	-0.3299658138	0.360267335	-0.360267335	-0.4138472055	0.4138472055	-0.6045388237	0.6045388237	0.6055542044	-0.6055542044	0.6481298931	-0.6481298931	0.7086464456	-0.7086464456	-0.7414080455	0.7414080455	0.7645819852	-0.7645819852	0.7684650808	-0.7684650808	-0.8800377277	0.8800377277	-0.8972885149	0.8972885149	-0.9246352594	0.9246352594	1.031320142	-1.031320142	1.048081014	-1.048081014	1.078658146	-1.078658146	1.124904069	-1.124904069	1.141831279	-1.141831279	-1.204661547	1.204661547	1.295657974	-1.295657974	1.332854236	-1.332854236	1.39546625	-1.39546625	-1.451376987	1.451376987	-1.530562241	1.530562241	-1.539966129	1.539966129	1.557583131	-1.557583131	-1.582023567	1.582023567	1.591512735	-1.591512735	1.635282775	-1.635282775	-1.669385803	1.669385803	1.678460636	-1.678460636	1.693311623	-1.693311623	-1.736652589	1.736652589	1.748572572	-1.748572572	-1.832580773	1.832580773	1.858962009	-1.858962009	-1.85971603	1.85971603	1.879529953	-1.879529953	1.946157958	-1.946157958	2.019601616	-2.019601616	2.042984645	-2.042984645	2.053577599	-2.053577599	2.056969182	-2.056969182	2.063566302	-2.063566302	2.112693057	-2.112693057	2.139893189	-2.139893189	-2.188185808	2.188185808	-2.269339978	2.269339978	-2.272752172	2.272752172	2.28927898	-2.28927898	2.42419947	-2.42419947	2.4665699	-2.4665699	-2.472783666	2.472783666	-2.493725907	2.493725907	2.528038598	-2.528038598	
0.63	-0.04952149707	0.04952149707	0.112938843	-0.112938843	-0.1157279716	0.1157279716	-0.135259393	0.135259393	0.270177353	-0.270177353	0.333543577	-0.333543577	-0.3572725377	0.3572725377	-0.4063415193	0.4063415193	0.6019778872	-0.6019778872	0.6048463555	-0.6048463555	0.6480870341	-0.6480870341	0.7058632881	-0.7058632881	-0.7423785511	0.7423785511	-0.7612651202	0.7612651202	-0.7645666331	0.7645666331	-0.8726811718	0.8726811718	-0.8972409387	0.8972409387	-0.9246721476	0.9246721476	-1.034715802	1.034715802	-1.051466614	1.051466614	1.082049276	-1.082049276	1.124331464	-1.124331464	-1.14073204	1.14073204	-1.2047924	1.2047924	-1.29266379	1.29266379	1.332730481	-1.332730481	1.395263231	-1.395263231	-1.45537699	1.45537699	-1.530898582	1.530898582	-1.540299734	1.540299734	-1.557465999	1.557465999	-1.581978413	1.581978413	1.590738448	-1.590738448	-1.6386363	1.6386363	-1.669743212	1.669743212	-1.679385063	1.679385063	-1.693261085	1.693261085	1.737922007	-1.737922007	1.748918201	-1.748918201	-1.832536097	1.832536097	-1.859605825	1.859605825	1.859756951	-1.859756951	1.879013318	-1.879013318	1.946310242	-1.946310242	2.022939878	-2.022939878	-2.042039536	2.042039536	2.052936002	-2.052936002	2.057948382	-2.057948382	2.062926479	-2.062926479	2.112636538	-2.112636538	-2.14001926	2.14001926	-2.187680395	2.187680395	-2.269208291	2.269208291	2.272973192	-2.272973192	2.289139255	-2.289139255	-2.424244476	2.424244476	2.466877388	-2.466877388	2.472933493	-2.472933493	-2.493610645	2.493610645	2.528100222	-2.528100222	
0.64	0.05396947929	-0.05396947929	-0.1191133789	0.1191133789	0.1202344909	-0.1202344909	-0.1425344416	0.1425344416	-0.2667249543	0.2667249543	0.3371225544	-0.3371225544	-0.3542679849	0.3542679849	-0.3988113296	0.3988113296	0.5984003097	-0.5984003097	-0.6051380565	0.6051380565	-0.6480454779	0.6480454779	0.7021406193	-0.7021406193	-0.7432812901	0.7432812901	0.7541133495	-0.7541133495	0.7653740396	-0.7653740396	-0.8653384815	0.8653384815	-0.8971940192	0.8971940192	-0.9247099341	0.9247099341	1.038055586	-1.038055586	1.054850018	-1.054850018	1.085449196	-1.085449196	-1.123767891	1.123767891	1.139629461	-1.139629461	-1.204920104	1.204920104	1.289659842	-1.289659842	-1.332608867	1.332608867	1.394968925	-1.394968925	-1.459360214	1.459360214	-1.531230278	1.531230278	-1.540621097	1.540621097	1.557347972	-1.557347972	1.581934682	-1.581934682	1.589967489	-1.589967489	-1.641853057	1.641853057	-1.670097187	1.670097187	1.680308287	-1.680308287	-1.69326739	1.69326739	1.739217715	-1.739217715	1.749261872	-1.749261872	-1.832491594	1.832491594	-1.859797664	1.859797664	-1.860114989	1.860114989	-1.878502659	1.878502659	1.946458386	-1.946458386	2.026219038	-2.026219038	-2.041069912	2.041069912	-2.052299985	2.052299985	2.059016788	-2.059016788	2.062293728	-2.062293728	2.112580867	-2.112580867	2.140142413	-2.140142413	2.187158991	-2.187158991	-2.269078882	2.269078882	2.273194796	-2.273194796	2.28899776	-2.28899776	2.424288879	-2.424288879	2.467182503	-2.467182503	2.473078126	-2.473078126	-2.49349461	2.49349461	2.528159987	-2.528159987	
0.65	0.05794962645	-0.05794962645	0.1224959564	-0.1224959564	0.1275225583	-0.1275225583	-0.1498061712	0.1498061712	-0.2637143947	0.2637143947	0.3407026572	-0.3407026572	0.3512539047	-0.3512539047	0.3912632463	-0.3912632463	0.5948215681	-0.5948215681	-0.6054136851	0.6054136851	-0.6480052201	0.6480052201	0.6976550513	-0.6976550513	0.7437273205	-0.7437273205	0.7474008125	-0.7474008125	0.7668293723	-0.7668293723	0.8580145651	-0.8580145651	0.8971477331	-0.8971477331	0.9247484316	-0.9247484316	1.041337002	-1.041337002	1.058231122	-1.058231122	1.088853591	-1.088853591	1.123214376	-1.123214376	1.138524692	-1.138524692	1.205044625	-1.205044625	1.286646358	-1.286646358	-1.332489488	1.332489488	1.394582601	-1.394582601	1.463325392	-1.463325392	1.531557319	-1.531557319	1.540930514	-1.540930514	1.55722916	-1.55722916	1.581892388	-1.581892388	1.589201065	-1.589201065	-1.644917004	1.644917004	1.670449447	-1.670449447	1.681226684	-1.681226684	-1.693344271	1.693344271	1.740538453	-1.740538453	1.749603208	-1.749603208	-1.832447321	1.832447321	1.85983812	-1.85983812	1.860491569	-1.860491569	1.877998276	-1.877998276	1.946602351	-1.946602351	2.029436816	-2.029436816	2.040082687	-2.040082687	-2.051670174	2.051670174	2.060165774	-2.060165774	-2.061668731	2.061668731	-2.112526094	2.112526094	2.140262611	-2.140262611	-2.186621804	2.186621804	2.268951852	-2.268951852	-2.273416866	2.273416866	2.288854542	-2.288854542	2.424332632	-2.424332632	2.467484977	-2.467484977	2.473217365	-2.473217365	2.49337791	-2.49337791	-2.528217804	2.528217804	
0.66	0.06140557621	-0.06140557621	-0.1258758428	0.1258758428	0.1347955211	-0.1347955211	-0.1570718313	0.1570718313	-0.2611962002	0.2611962002	-0.3442837969	0.3442837969	-0.3482305182	0.3482305182	0.3837052705	-0.3837052705	0.5912417568	-0.5912417568	-0.6056728752	0.6056728752	-0.6479662549	0.6479662549	0.6925765381	-0.6925765381	0.7390897131	-0.7390897131	-0.7457567008	0.7457567008	-0.7687643585	0.7687643585	-0.8507145674	0.8507145674	-0.8971020717	0.8971020717	-0.9247874705	0.9247874705	-1.044557589	1.044557589	-1.06160982	1.06160982	1.092258061	-1.092258061	-1.122672198	1.122672198	-1.137418951	1.137418951	-1.20516593	1.20516593	-1.283623558	1.283623558	-1.332372438	1.332372438	-1.394103694	1.394103694	1.467271375	-1.467271375	-1.531879655	1.531879655	-1.541228273	1.541228273	-1.55710968	1.55710968	-1.581851541	1.581851541	1.588440316	-1.588440316	-1.647810306	1.647810306	-1.670801061	1.670801061	-1.68213727	1.68213727	-1.693507346	1.693507346	-1.741882845	1.741882845	-1.749941827	1.749941827	-1.832403337	1.832403337	-1.859878267	1.859878267	-1.860737968	1.860737968	-1.87750047	1.87750047	1.946742098	-1.946742098	2.032590933	-2.032590933	2.039083093	-2.039083093	2.051047227	-2.051047227	-2.06105216	2.06105216	2.061388162	-2.061388162	-2.112472267	2.112472267	2.14037982	-2.14037982	2.186069075	-2.186069075	2.268827301	-2.268827301	-2.273639281	2.273639281	2.288709646	-2.288709646	2.424375692	-2.424375692	-2.46778454	2.46778454	-2.473351023	2.473351023	-2.493260658	2.493260658	-2.528273584	2.528273584	
0.67	-0.06428364692	0.06428364692	-0.129253075	0.129253075	-0.142046214	0.142046214	0.1643283475	-0.1643283475	-0.2592171276	0.2592171276	-0.34519804	0.34519804	-0.3478658847	0.3478658847	-0.3761473492	0.3761473492	-0.5876609696	0.5876609696	-0.6059151034	0.6059151034	-0.6479285742	0.6479285742	0.6870455675	-0.6870455675	0.7320442289	-0.7320442289	-0.7465077391	0.7465077391	-0.7710400945	0.7710400945	-0.8434439034	0.8434439034	-0.8970570377	0.8970570377	0.9248268959	-0.9248268959	-1.047714924	1.047714924	1.064986004	-1.064986004	1.095657925	-1.095657925	-1.122143071	1.122143071	1.136313516	-1.136313516	-1.20528399	1.20528399	-1.280591655	1.280591655	1.332257806	-1.332257806	-1.39353182	1.39353182	-1.4711971	1.4711971	-1.532197208	1.532197208	-1.541514651	1.541514651	-1.556989656	1.556989656	-1.581812155	1.581812155	1.587686343	-1.587686343	1.650513569	-1.650513569	-1.671152615	1.671152615	-1.683037551	1.683037551	-1.69377385	1.69377385	1.743249403	-1.743249403	1.750277342	-1.750277342	-1.832359702	1.832359702	-1.859918053	1.859918053	-1.860856885	1.860856885	1.877009548	-1.877009548	1.946877595	-1.946877595	-2.035679075	2.035679075	-2.038075266	2.038075266	-2.050431858	2.050431858	2.060444688	-2.060444688	-2.062677675	2.062677675	2.112419434	-2.112419434	-2.140494007	2.140494007	2.18550107	-2.18550107	-2.268705325	2.268705325	-2.273861918	2.273861918	2.288563127	-2.288563127	2.424418013	-2.424418013	2.468080919	-2.468080919	-2.473478921	2.473478921	-2.493142977	2.493142977	2.528327236	-2.528327236	
0.68	-0.06653598478	0.06653598479	0.1326276394	-0.1326276394	0.1492676232	-0.1492676232	0.1715720522	-0.1715720522	-0.2578162167	0.2578162167	0.3421566789	-0.3421566789	-0.3514488307	0.3514488307	0.3686022076	-0.3686022076	-0.5840793002	0.5840793002	-0.6061396434	0.6061396434	-0.6478921677	0.6478921677	-0.6811697757	0.6811697757	-0.7248716582	0.7248716582	0.7473759191	-0.7473759191	0.7735504236	-0.7735504236	0.8362083013	-0.8362083013	-0.8970126436	0.8970126436	0.9248665648	-0.9248665648	1.050806618	-1.050806618	-1.068359564	1.068359564	-1.099047839	1.099047839	1.121629517	-1.121629517	-1.135209737	1.135209737	-1.205398779	1.205398779	-1.277550857	1.277550857	-1.332145678	1.332145678	-1.392866787	1.392866787	1.475101565	-1.475101565	-1.532509869	1.532509869	-1.541789919	1.541789919	1.556869218	-1.556869218	1.58177424	-1.58177424	-1.586940228	1.586940228	-1.653006494	1.653006494	1.671504335	-1.671504335	1.683925399	-1.683925399	1.694161961	-1.694161961	1.744636529	-1.744636529	1.750609362	-1.750609362	1.832316477	-1.832316477	-1.859957424	1.859957424	-1.860851263	1.860851263	-1.87652584	1.87652584	1.947008813	-1.947008813	-2.037062611	2.037062611	2.038698787	-2.038698787	-2.049824941	2.049824941	2.059846993	-2.059846993	2.064028603	-2.064028603	-2.112367643	2.112367643	-2.140605143	2.140605143	-2.184918086	2.184918086	-2.268586015	2.268586015	-2.274084648	2.274084648	-2.288415042	2.288415042	2.424459554	-2.424459554	-2.468373835	2.468373835	-2.473600892	2.473600892	2.493024998	-2.493024998	2.52837867	-2.52837867	
0.69	0.06812408321	-0.06812408321	0.1359994947	-0.1359994947	-0.1564527353	0.1564527353	0.1787983247	-0.1787983247	0.2570201963	-0.2570201963	0.3391066376	-0.3391066376	0.3550325431	-0.3550325431	0.3610866287	-0.3610866287	-0.5804968435	0.5804968435	-0.6063455054	0.6063455054	-0.6478570214	0.6478570214	0.6750290099	-0.6750290099	0.7176825855	-0.7176825855	0.7482538273	-0.7482538273	0.7762168526	-0.7762168526	0.8290138638	-0.8290138638	-0.8969689094	0.8969689094	-0.9249063436	0.9249063436	1.053830325	-1.053830325	1.071730383	-1.071730383	1.102420966	-1.102420966	1.121135679	-1.121135679	1.13410903	-1.13410903	-1.20551027	1.20551027	1.274501365	-1.274501365	1.332036139	-1.332036139	1.392108587	-1.392108587	1.478983816	-1.478983816	1.532817505	-1.532817505	-1.542054338	1.542054338	-1.556748508	1.556748508	-1.581737808	1.581737808	-1.586203034	1.586203034	-1.655269089	1.655269089	-1.671856182	1.671856182	1.684798976	-1.684798976	1.694689569	-1.694689569	1.746042517	-1.746042517	1.750937494	-1.750937494	1.832273726	-1.832273726	1.859996328	-1.859996328	1.860724234	-1.860724234	-1.876049707	1.876049707	1.947135725	-1.947135725	2.036048053	-2.036048053	2.041647104	-2.041647104	-2.049227858	2.049227858	2.05925977	-2.05925977	2.065435597	-2.065435597	-2.112316939	2.112316939	2.140713201	-2.140713201	2.184320453	-2.184320453	2.268469463	-2.268469463	-2.274307341	2.274307341	-2.288265455	2.288265455	2.42450027	-2.42450027	-2.468663006	2.468663006	2.473716779	-2.473716779	2.492906862	-2.492906862	2.528427798	-2.528427798	
0.7	-0.06902210562	0.06902210562	0.1393685836	-0.1393685836	-0.1635944228	0.1635944228	0.1860010554	-0.1860010554	-0.2568385685	0.2568385685	-0.336048113	0.336048113	-0.3536234769	0.3536234769	-0.3586169276	0.3586169276	0.5769136966	-0.5769136966	-0.6065313497	0.6065313497	-0.6478231158	0.6478231158	-0.6686820956	0.6686820956	-0.7104995928	0.7104995928	-0.7491225607	0.7491225607	0.7789817218	-0.7789817218	-0.821867174	0.821867174	-0.8969258618	0.8969258618	0.9249461072	-0.9249461072	-1.056783738	1.056783738	-1.075098338	1.075098338	-1.105766933	1.105766933	1.120669353	-1.120669353	-1.133012885	1.133012885	-1.205618442	1.205618442	1.271443375	-1.271443375	-1.331929268	1.331929268	-1.391257396	1.391257396	-1.482842937	1.482842937	-1.533119961	1.533119961	-1.542308158	1.542308158	-1.556627675	1.556627675	1.581702874	-1.581702874	1.585475821	-1.585475821	-1.657283464	1.657283464	-1.67220792	1.67220792	-1.685656664	1.685656664	-1.695372479	1.695372479	-1.747465559	1.747465559	1.751261342	-1.751261342	-1.83223151	1.83223151	-1.860034709	1.860034709	-1.860479076	1.860479076	1.875581552	-1.875581552	-1.94725831	1.94725831	-2.035034193	2.035034193	-2.044518427	2.044518427	-2.04864459	2.04864459	-2.058683764	2.058683764	-2.066893551	2.066893551	2.112267367	-2.112267367	2.140818157	-2.140818157	-2.183708531	2.183708531	2.268355753	-2.268355753	-2.274529861	2.274529861	2.288114433	-2.288114433	2.424540121	-2.424540121	-2.468948144	2.468948144	2.473826439	-2.473826439	-2.492788717	2.492788717	2.528474527	-2.528474527	
0.71	-0.06921934969	0.06921934969	0.1427348389	-0.1427348389	0.1706853515	-0.1706853515	-0.1931717991	0.1931717991	0.2572586256	-0.2572586256	-0.3329812934	0.3329812934	-0.3462449859	0.3462449859	-0.3622018862	0.3622018862	-0.5733299596	0.5733299596	-0.6066953649	0.6066953649	-0.6477904225	0.6477904225	0.6621727044	-0.6621727044	-0.7033333851	0.7033333851	-0.7499757608	0.7499757608	-0.7818021444	0.7818021444	0.8147755339	-0.8147755339	-0.8968835326	0.8968835326	0.9249857372	-0.9249857372	-1.059664597	1.059664597	-1.078463293	1.078463293	1.109065866	-1.109065866	-1.120247945	1.120247945	1.131922867	-1.131922867	-1.205723272	1.205723272	-1.26837708	1.26837708	-1.331825143	1.331825143	1.390313562	-1.390313562	1.486678039	-1.486678039	-1.533417059	1.533417059	-1.542551624	1.542551624	1.556506878	-1.556506878	-1.58166945	1.58166945	1.584759643	-1.584759643	-1.659036032	1.659036032	-1.672559172	1.672559172	-1.686497021	1.686497021	-1.696222193	1.696222193	1.748903744	-1.748903744	-1.751580506	1.751580506	1.832189896	-1.832189896	-1.860072512	1.860072512	-1.860119164	1.860119164	-1.875121824	1.875121824	-1.947376552	1.947376552	2.034023415	-2.034023415	2.04725253	-2.04725253	-2.048133619	2.048133619	2.058119866	-2.058119866	2.068397524	-2.068397524	-2.112218971	2.112218971	-2.140919987	2.140919987	2.183082715	-2.183082715	-2.268244969	2.268244969	-2.274752067	2.274752067	-2.287962056	2.287962056	2.424579064	-2.424579064	-2.469228957	2.469228957	2.47392974	-2.47392974	-2.492670722	2.492670722	-2.528518769	2.528518769	
0.72	0.06872129141	-0.06872129141	0.1460981869	-0.1460981869	-0.1777179014	0.1777179014	-0.2002983717	0.2002983717	0.2582402493	-0.2582402493	0.3299063486	-0.3299063486	0.3389982649	-0.3389982649	-0.3657873165	0.3657873165	-0.569745737	0.569745737	-0.6068350905	0.6068350905	-0.6477588985	0.6477588985	-0.6555337805	0.6555337805	-0.6961922394	0.6961922394	-0.7508103858	0.7508103858	-0.7846448737	0.7846448737	-0.8077477206	0.8077477206	-0.8968419581	0.8968419581	-0.9250251208	0.9250251208	-1.062470686	1.062470686	-1.081825097	1.081825097	-1.112266326	1.112266326	1.119920521	-1.119920521	-1.130840624	1.130840624	-1.205824743	1.205824743	-1.265302666	1.265302666	1.331723839	-1.331723839	-1.389277597	1.389277597	1.490488255	-1.490488255	-1.533708604	1.533708604	-1.542784968	1.542784968	-1.556386286	1.556386286	-1.581637553	1.581637553	-1.584055548	1.584055548	-1.660519679	1.660519679	-1.672909459	1.672909459	-1.687318747	1.687318747	-1.697243743	1.697243743	-1.75035507	1.75035507	-1.751894587	1.751894587	-1.832148948	1.832148948	1.859647939	-1.859647939	1.860109684	-1.860109684	-1.874671021	1.874671021	1.947490439	-1.947490439	-2.033017963	2.033017963	2.047448708	-2.047448708	-2.050093443	2.050093443	-2.057569438	2.057569438	2.069942709	-2.069942709	2.112171792	-2.112171792	-2.14101867	2.14101867	2.182443436	-2.182443436	-2.268137191	2.268137191	-2.274973811	2.274973811	-2.287808406	2.287808406	-2.42461706	2.42461706	2.469505146	-2.469505146	-2.474026562	2.474026562	-2.492553048	2.492553048	2.528560435	-2.528560435	
0.73	-0.06754895146	0.06754895146	-0.1494585495	0.1494585495	-0.184684098	0.184684098	-0.2073624014	0.2073624014	0.2597095144	-0.2597095144	-0.3268233706	0.3268233706	0.3319547799	-0.3319547799	0.3693731096	-0.3693731096	0.5661611389	-0.5661611389	0.6069471539	-0.6069471539	-0.6477284736	0.6477284736	0.6487906957	-0.6487906957	-0.6890844445	0.6890844445	0.7516245896	-0.7516245896	-0.7874793089	0.7874793089	0.8007978789	-0.8007978789	-0.8968011784	0.8968011784	0.9250641503	-0.9250641503	1.065199842	-1.065199842	-1.085183571	1.085183571	1.115175944	-1.115175944	-1.119877169	1.119877169	1.129767887	-1.129767887	-1.205922835	1.205922835	-1.262220318	1.262220318	-1.331625428	1.331625428	1.388150163	-1.388150163	-1.494272739	1.494272739	-1.533994382	1.533994382	1.543008415	-1.543008415	-1.556266081	1.556266081	-1.581607203	1.581607203	-1.583364585	1.583364585	1.661735246	-1.661735246	1.673258236	-1.673258236	-1.688120658	1.688120658	1.698434206	-1.698434206	-1.751817443	1.751817443	-1.752203183	1.752203183	-1.832108732	1.832108732	1.859068875	-1.859068875	-1.860146168	1.860146168	-1.874229682	1.874229682	-1.947599961	1.947599961	-2.032019986	2.032019986	-2.046902781	2.046902781	2.052723852	-2.052723852	2.057036047	-2.057036047	-2.071524414	2.071524414	-2.112125873	2.112125873	2.141114187	-2.141114187	2.18179116	-2.18179116	-2.268032495	2.268032495	-2.275194937	2.275194937	-2.287653579	2.287653579	2.424654069	-2.424654069	-2.469776404	2.469776404	-2.474116801	2.474116801	-2.492435874	2.492435874	-2.528599435	2.528599435	
0.74	-0.06573673095	0.06573673095	-0.1528158447	0.1528158447	0.1915755479	-0.191575548	0.2143347773	-0.2143347773	0.2615489938	-0.2615489938	0.3237315109	-0.3237315109	0.3252275752	-0.3252275752	0.3729591492	-0.3729591492	-0.5625762831	0.5625762831	0.6070268687	-0.6070268687	-0.6419634534	0.6419634534	0.6476990236	-0.6476990236	0.6820194475	-0.6820194475	0.7524170507	-0.7524170507	0.7902122298	-0.7902122298	0.7940086396	-0.7940086396	0.8967612366	-0.8967612366	0.9251027223	-0.9251027223	1.067849949	-1.067849949	1.0885385	-1.0885385	1.117027431	-1.117027431	1.120882974	-1.120882974	1.128706492	-1.128706492	1.206017533	-1.206017533	-1.259130216	1.259130216	1.331529978	-1.331529978	1.386932058	-1.386932058	-1.498030658	1.498030658	1.534274162	-1.534274162	-1.543222181	1.543222181	1.556146454	-1.556146454	-1.58157842	1.58157842	1.582687798	-1.582687798	1.662691786	-1.662691786	-1.673604911	1.673604911	1.688901665	-1.688901665	-1.69978244	1.69978244	1.75250589	-1.75250589	-1.753288687	1.753288687	-1.832069314	1.832069314	-1.858385458	1.858385458	1.860181909	-1.860181909	1.873798374	-1.873798374	1.947705118	-1.947705118	2.031031577	-2.031031577	2.046357764	-2.046357764	2.055249168	-2.055249168	2.056551538	-2.056551538	2.073138051	-2.073138051	2.112081253	-2.112081253	-2.141206521	2.141206521	-2.18112639	2.18112639	-2.267930955	2.267930955	2.275415283	-2.275415283	2.287497679	-2.287497679	2.424690053	-2.424690053	-2.470042422	2.470042422	-2.474200364	2.474200364	2.492319392	-2.492319392	2.528635684	-2.528635684	
0.75	-0.06332920557	0.06332920557	0.1561699867	-0.1561699867	-0.1983833793	0.1983833793	0.2211665578	-0.2211665578	0.2635822305	-0.2635822305	0.3189904262	-0.3189904262	0.3206375993	-0.3206375993	0.3765453094	-0.3765453094	0.5589912964	-0.5589912964	-0.6070676082	0.6070676082	0.6350682213	-0.6350682213	-0.6476703036	0.6476703036	0.6750088627	-0.6750088627	0.7531867144	-0.7531867144	-0.7869831406	0.7869831406	0.7932343033	-0.7932343033	0.8967221783	-0.8967221783	0.9251407373	-0.9251407373	-1.070418948	1.070418948	1.091889605	-1.091889605	-1.117375331	1.117375331	-1.123381259	1.123381259	1.127658393	-1.127658393	-1.206108821	1.206108821	1.25603254	-1.25603254	1.331437556	-1.331437556	1.385624206	-1.385624206	1.501761195	-1.501761195	1.534547699	-1.534547699	1.543426472	-1.543426472	1.55602761	-1.55602761	1.581551232	-1.581551232	1.582026225	-1.582026225	-1.663405458	1.663405458	1.673948868	-1.673948868	-1.689660761	1.689660761	-1.701270197	1.701270197	1.752802306	-1.752802306	1.754766548	-1.754766548	1.832030762	-1.832030762	-1.857601175	1.857601175	-1.860216852	1.860216852	-1.873377685	1.873377685	1.947805911	-1.947805911	-2.030054792	2.030054792	2.04582239	-2.04582239	2.055936456	-2.055936456	-2.057839308	2.057839308	2.074779146	-2.074779146	2.112037973	-2.112037973	2.141295655	-2.141295655	2.180449667	-2.180449667	2.267832642	-2.267832642	-2.275634672	2.275634672	-2.287340823	2.287340823	2.424724973	-2.424724973	-2.470302879	2.470302879	-2.474277173	2.474277173	-2.492203805	2.492203805	2.528669093	-2.528669093	
0.76	-0.06037752014	0.06037752014	0.1595208862	-0.1595208862	-0.2050981836	0.2050981836	-0.2277693371	0.2277693371	-0.2655552419	0.2655552419	-0.3135442794	0.3135442794	0.3175313819	-0.3175313819	-0.3801314525	0.3801314525	0.5554063176	-0.5554063176	0.6070597944	-0.6070597944	-0.628118406	0.628118406	0.64764175	-0.64764175	-0.6680678582	0.6680678582	0.7539326784	-0.7539326784	-0.7803222104	0.7803222104	-0.7959418885	0.7959418885	0.8966840511	-0.8966840511	0.9251780991	-0.9251780991	-1.072904834	1.072904834	1.095236506	-1.095236506	1.117189647	-1.117189647	1.126399953	-1.126399953	-1.126625702	1.126625702	1.206196688	-1.206196688	1.252927468	-1.252927468	1.331348225	-1.331348225	1.384227645	-1.384227645	-1.505463539	1.505463539	1.534814728	-1.534814728	1.543621486	-1.543621486	1.555909765	-1.555909765	1.5813809	-1.5813809	1.581525669	-1.581525669	1.663897418	-1.663897418	-1.67428948	1.67428948	1.690397007	-1.690397007	1.702874229	-1.702874229	1.753092028	-1.753092028	1.756248702	-1.756248702	1.831993143	-1.831993143	-1.856719498	1.856719498	1.860250941	-1.860250941	1.872968205	-1.872968205	1.947902347	-1.947902347	-2.029091674	2.029091674	2.045298568	-2.045298568	-2.055461377	2.055461377	2.060221002	-2.060221002	2.076443339	-2.076443339	2.111996071	-2.111996071	2.141381576	-2.141381576	2.179761572	-2.179761572	2.267737624	-2.267737624	2.27585292	-2.27585292	2.287183142	-2.287183142	2.424758795	-2.424758795	2.47055745	-2.47055745	-2.474347164	2.474347164	-2.492089327	2.492089327	2.528699579	-2.528699579	
0.77	-0.05693596931	0.05693596931	-0.1628684492	0.1628684492	0.2117099604	-0.2117099604	-0.2339696504	0.2339696504	0.2671484743	-0.2671484743	0.3093206875	-0.3093206875	-0.3144190825	0.3144190825	-0.3837174256	0.3837174256	0.5518215001	-0.5518215001	-0.6069892189	0.6069892189	0.6211254137	-0.6211254137	-0.6476117033	0.6476117033	-0.6612177434	0.6612177434	0.7546541369	-0.7546541369	-0.7737276858	0.7737276858	-0.7986330249	0.7986330249	-0.8966469043	0.8966469043	-0.925214715	0.925214715	1.075305663	-1.075305663	-1.098578639	1.098578639	-1.116875728	1.116875728	1.125610769	-1.125610769	1.129531695	-1.129531695	-1.20628112	1.20628112	-1.249815176	1.249815176	-1.331262045	1.331262045	1.382743511	-1.382743511	1.509136893	-1.509136893	-1.535074973	1.535074973	-1.543807412	1.543807412	-1.555793149	1.555793149	1.58075285	-1.58075285	-1.581501769	1.581501769	-1.664191367	1.664191367	-1.674626124	1.674626124	-1.691109527	1.691109527	-1.704568747	1.704568747	1.75337465	-1.75337465	1.757732761	-1.757732761	-1.831956522	1.831956522	-1.855743879	1.855743879	-1.860284123	1.860284123	-1.872570514	1.872570514	-1.947994439	1.947994439	-2.028144253	2.028144253	-2.044787246	2.044787246	-2.054982385	2.054982385	-2.062536434	2.062536434	2.078126394	-2.078126394	2.111955584	-2.111955584	-2.141464269	2.141464269	2.179062723	-2.179062723	-2.267645964	2.267645964	2.276069824	-2.276069824	2.287024784	-2.287024784	2.424791482	-2.424791482	-2.470805803	2.470805803	-2.474410287	2.474410287	-2.491976184	2.491976184	2.528727059	-2.528727059	
0.78	-0.05305915767	0.05305915767	-0.1662125768	0.1662125768	0.2182080643	-0.2182080643	0.2394007291	-0.2394007291	0.2681415459	-0.2681415459	0.306851219	-0.306851219	-0.311300262	0.311300262	-0.3873030577	0.3873030577	-0.5482370156	0.5482370156	-0.6068341641	0.6068341641	0.6140991982	-0.6140991982	-0.6475722302	0.6475722302	0.6544941432	-0.6544941432	-0.7553503518	0.7553503518	-0.7672408509	0.7672408509	-0.8012685141	0.8012685141	-0.8966107881	0.8966107881	0.925250495	-0.925250495	1.077619546	-1.077619546	-1.101915086	1.101915086	1.116525339	-1.116525339	1.124616342	-1.124616342	1.132682763	-1.132682763	-1.206362107	1.206362107	1.246695843	-1.246695843	-1.331179073	1.331179073	1.381173027	-1.381173027	1.512780462	-1.512780462	-1.535328141	1.535328141	-1.54398443	1.54398443	-1.555678002	1.555678002	1.580143089	-1.580143089	1.58147958	-1.58147958	-1.664311364	1.664311364	-1.674958186	1.674958186	-1.691797499	1.691797499	1.706327606	-1.706327606	1.753649771	-1.753649771	-1.759216279	1.759216279	-1.831920967	1.831920967	1.854677736	-1.854677736	-1.860316341	1.860316341	-1.872185172	1.872185172	1.948082204	-1.948082204	-2.027214563	2.027214563	2.044289111	-2.044289111	-2.054515391	2.054515391	2.064768241	-2.064768241	2.079824205	-2.079824205	2.11191655	-2.11191655	2.141543724	-2.141543724	-2.178353781	2.178353781	2.267557724	-2.267557724	-2.276285166	2.276285166	2.286865915	-2.286865915	-2.424823	2.424823	-2.471047595	2.471047595	-2.474466508	2.474466508	-2.491864615	2.491864615	-2.52875145	2.52875145	
0.79	0.04879990918	-0.04879990918	0.1695531634	-0.1695531634	0.2245811534	-0.2245811534	0.2432956395	-0.2432956395	0.2688827428	-0.2688827428	-0.3064992154	0.3064992154	0.3081754321	-0.3081754321	-0.3908881542	0.3908881542	-0.544653059	0.544653059	0.6065603344	-0.6065603344	-0.607048662	0.607048662	-0.647230875	0.647230875	-0.6482304348	0.6482304348	0.7560206361	-0.7560206361	-0.7608772078	0.7608772078	0.8038368176	-0.8038368176	0.8965757538	-0.8965757538	-0.9252853521	0.9252853521	-1.079844662	1.079844662	-1.10524418	1.10524418	-1.116166477	1.116166477	1.123645961	-1.123645961	1.135823246	-1.135823246	1.206439639	-1.206439639	-1.243569649	1.243569649	1.331099366	-1.331099366	-1.379517497	1.379517497	-1.516393458	1.516393458	-1.535573928	1.535573928	-1.544152712	1.544152712	1.555564581	-1.555564581	1.579552621	-1.579552621	-1.581459159	1.581459159	1.664280244	-1.664280244	1.675285071	-1.675285071	1.692460149	-1.692460149	1.708125895	-1.708125895	-1.753916986	1.753916986	-1.760696762	1.760696762	1.831886543	-1.831886543	1.85352445	-1.85352445	-1.860347544	1.860347544	-1.871812717	1.871812717	-1.948165666	1.948165666	2.026304638	-2.026304638	2.043804747	-2.043804747	-2.054062986	2.054062986	2.066912495	-2.066912495	-2.081532804	2.081532804	-2.111879006	2.111879006	-2.14161993	2.14161993	-2.177635447	2.177635447	-2.267472963	2.267472963	2.276498708	-2.276498708	2.286706724	-2.286706724	2.424853316	-2.424853316	-2.471282479	2.471282479	2.474515804	-2.474515804	2.49175487	-2.49175487	2.528772675	-2.528772675	
0.8	-0.04420791674	0.04420791674	0.1728900957	-0.1728900957	0.2308171437	-0.2308171437	-0.2444895071	0.2444895071	0.2705712291	-0.2705712291	0.3050440466	-0.3050440467	0.3081786157	-0.3081786157	-0.3944724916	0.3944724916	0.5410698542	-0.5410698542	0.5999819564	-0.5999819564	-0.6061118273	0.6061118273	-0.6414771816	0.6414771816	0.6476003868	-0.6476003868	-0.7546499581	0.7546499581	-0.7566643446	0.7566643446	-0.8063303451	0.8063303451	-0.8965418531	0.8965418531	-0.9253192023	0.9253192023	1.081979249	-1.081979249	1.108562398	-1.108562398	1.115810368	-1.115810368	1.122705059	-1.122705059	1.138940045	-1.138940045	-1.206513707	1.206513707	-1.240436779	1.240436779	1.331022975	-1.331022975	1.377778286	-1.377778286	-1.51997509	1.51997509	-1.535812013	1.535812013	-1.54431242	1.54431242	1.555453154	-1.555453154	1.578982433	-1.578982433	1.581440577	-1.581440577	-1.664118692	1.664118692	1.675606209	-1.675606209	-1.693096749	1.693096749	-1.70994087	1.70994087	1.754175891	-1.754175891	-1.762171669	1.762171669	-1.831853316	1.831853316	-1.85228735	1.85228735	1.860377678	-1.860377678	1.871453653	-1.871453653	1.948244854	-1.948244854	2.025416516	-2.025416516	2.043334683	-2.043334683	2.05362624	-2.05362624	2.06896686	-2.06896686	2.083248368	-2.083248368	2.111842986	-2.111842986	-2.141692877	2.141692877	2.176908462	-2.176908462	-2.267391737	2.267391737	2.276710188	-2.276710188	2.286547426	-2.286547426	2.424882399	-2.424882399	2.4715101	-2.4715101	2.47455817	-2.47455817	-2.49164721	2.49164721	-2.528790658	2.528790658	
0.81	0.03932901787	-0.03932901787	0.1762232507	-0.1762232507	0.2369031674	-0.2369031674	0.2424797093	-0.2424797093	0.2740951058	-0.2740951058	0.301908969	-0.301908969	-0.3114518428	0.3114518428	0.3980558091	-0.3980558091	0.5374876619	-0.5374876619	0.5929067108	-0.5929067108	0.6053955594	-0.6053955594	0.6354541169	-0.6354541169	0.6475624587	-0.6475624587	0.7485723421	-0.7485723421	0.7572808681	-0.7572808681	0.8087429536	-0.8087429536	0.8965091378	-0.8965091378	0.9253519642	-0.9253519642	1.084021615	-1.084021615	1.111860501	-1.111860501	1.115462468	-1.115462468	1.12180481	-1.12180481	-1.142025869	1.142025869	1.206584304	-1.206584304	1.237297424	-1.237297424	1.330949949	-1.330949949	1.375956821	-1.375956821	1.523524566	-1.523524566	1.536042066	-1.536042066	1.544463711	-1.544463711	1.555344001	-1.555344001	1.578433496	-1.578433496	1.581423922	-1.581423922	1.663844856	-1.663844856	1.675921056	-1.675921056	1.693706614	-1.693706614	1.711752344	-1.711752344	1.754426083	-1.754426083	-1.763638423	1.763638423	-1.83182135	1.83182135	1.850969707	-1.850969707	-1.860406691	1.860406691	1.871108456	-1.871108456	1.948319799	-1.948319799	-2.024552235	2.024552235	2.042879414	-2.042879415	2.053205831	-2.053205831	2.070929435	-2.070929435	2.084967221	-2.084967221	2.111808527	-2.111808527	2.141762557	-2.141762557	2.17617361	-2.17617361	2.267314098	-2.267314098	2.276919316	-2.276919316	-2.286388264	2.286388264	2.424910217	-2.424910217	-2.471730096	2.471730096	2.474593615	-2.474593615	2.49154191	-2.49154191	-2.528805324	2.528805324	
0.82	0.03420494294	-0.03420494294	0.179552493	-0.179552493	-0.238071111	0.238071111	0.2428255401	-0.2428255401	0.2790668724	-0.2790668724	0.2987722914	-0.2987722914	0.3158533965	-0.3158533965	-0.4016377987	0.4016377987	-0.5339067902	0.5339067902	0.585830213	-0.585830213	-0.6042585224	0.6042585224	-0.6299023141	0.6299023141	0.6475384769	-0.6475384769	-0.7426581642	0.7426581642	-0.7578696301	0.7578696301	0.8110693061	-0.8110693061	0.8964776595	-0.8964776595	-0.9253835593	0.9253835593	-1.085970133	1.085970133	1.115103729	-1.115103729	-1.11512583	1.11512583	1.120981926	-1.120981926	1.145075861	-1.145075861	1.206651422	-1.206651422	-1.234151783	1.234151783	1.330880335	-1.330880335	1.374054573	-1.374054573	1.527041083	-1.527041083	1.536263743	-1.536263743	1.544606732	-1.544606732	1.555237416	-1.555237416	1.577906758	-1.577906758	1.581409306	-1.581409306	-1.66347433	1.66347433	1.676229102	-1.676229102	-1.694289095	1.694289095	1.71354272	-1.71354272	-1.754667154	1.754667154	1.765094417	-1.765094417	1.831790708	-1.831790708	1.849574723	-1.849574723	-1.860434532	1.860434532	-1.870777573	1.870777573	-1.948390543	1.948390543	2.023713833	-2.023713833	2.04243941	-2.04243941	2.052802297	-2.052802297	-2.072798509	2.072798509	2.086685843	-2.086685843	2.111775665	-2.111775665	2.141828963	-2.141828963	2.175431714	-2.175431714	2.267240097	-2.267240097	2.277125767	-2.277125767	2.286229521	-2.286229521	2.424936741	-2.424936741	2.471942097	-2.471942097	-2.47462216	2.47462216	2.491439251	-2.491439251	2.528816604	-2.528816604	
0.83	0.02887338717	-0.02887338718	0.1828776712	-0.1828776712	0.2322520029	-0.2322520029	-0.2485697392	0.2485697392	0.2847863697	-0.2847863697	0.2956467028	-0.2956467028	0.3210393633	-0.3210393633	-0.405218091	0.405218091	-0.530327608	0.530327608	-0.5787595543	0.5787595543	0.6024736753	-0.6024736753	0.625069135	-0.625069135	-0.6475188828	0.6475188828	-0.736921963	0.736921963	-0.7584300844	0.7584300844	0.8133046128	-0.8133046128	0.8964474692	-0.8964474692	-0.9254139119	0.9254139119	-1.087823249	1.087823249	-1.114802362	1.114802362	-1.118016155	1.118016155	1.12051429	-1.12051429	1.148086339	-1.148086339	1.206715057	-1.206715057	-1.231000069	1.231000069	-1.330814177	1.330814177	1.372073056	-1.372073056	-1.530523818	1.530523818	1.536476691	-1.536476691	-1.544741625	1.544741625	-1.555133702	1.555133702	1.577403144	-1.577403144	-1.581396872	1.581396872	1.663020335	-1.663020335	1.67652987	-1.67652987	1.694843584	-1.694843584	1.71529681	-1.71529681	-1.754898696	1.754898696	-1.766537017	1.766537017	-1.831761451	1.831761451	1.848105527	-1.848105527	-1.860461153	1.860461153	1.870461423	-1.870461423	1.948457127	-1.948457127	-2.022903339	2.022903339	2.042015114	-2.042015114	-2.052416099	2.052416099	2.074572485	-2.074572485	2.088400864	-2.088400864	-2.111744438	2.111744438	-2.141892087	2.141892087	2.174683638	-2.174683638	2.26716978	-2.26716978	-2.277329177	2.277329177	-2.286071517	2.286071517	-2.424961943	2.424961943	2.47214573	-2.47214573	2.474643843	-2.474643843	2.491339529	-2.491339529	-2.528824432	2.528824432	
0.84	0.02336828325	-0.02336828325	-0.1861986134	0.1861986134	-0.2256226134	0.2256226134	0.2541203959	-0.2541203959	-0.2905889468	0.2905889468	-0.2927798571	0.2927798571	0.3267858958	-0.3267858958	-0.408796237	0.408796237	-0.5267505641	0.5267505641	0.5717017504	-0.5717017504	-0.5997952162	0.5997952162	-0.6212145527	0.6212145527	-0.647501818	0.647501818	-0.7313790724	0.7313790724	-0.7589617142	0.7589617142	-0.8154444954	0.8154444954	-0.8964186172	0.8964186172	0.9254429494	-0.9254429494	-1.08957948	1.08957948	1.11449337	-1.11449337	1.118690058	-1.118690058	1.122311571	-1.122311571	-1.151054247	1.151054247	-1.206775202	1.206775202	1.227842512	-1.227842512	-1.330751517	1.330751517	-1.370013814	1.370013814	1.533971921	-1.533971921	1.536680547	-1.536680547	-1.544868526	1.544868526	-1.555033176	1.555033176	1.576923553	-1.576923553	-1.581386801	1.581386801	1.662494008	-1.662494008	-1.676822917	1.676822917	1.695369507	-1.695369507	1.717001564	-1.717001564	1.755120299	-1.755120299	-1.767963572	1.767963572	1.831733639	-1.831733639	-1.846565164	1.846565164	-1.860486505	1.860486505	-1.8701604	1.8701604	1.9485196	-1.9485196	2.022122771	-2.022122771	-2.04160695	2.04160695	-2.052047655	2.052047655	-2.076249855	2.076249855	2.090109074	-2.090109074	2.111714885	-2.111714885	-2.141951925	2.141951925	-2.173930287	2.173930287	-2.267103191	2.267103191	-2.277529135	2.277529135	-2.285914626	2.285914626	2.424985797	-2.424985797	2.472340618	-2.472340618	2.474658714	-2.474658714	2.491243046	-2.491243046	-2.528828745	2.528828745	
0.85	-0.01772018284	0.01772018284	-0.1895151199	0.1895151199	-0.2185016815	0.2185016815	-0.2594613076	0.2594613076	0.2891829279	-0.2891829279	0.2972493467	-0.2972493467	-0.3329495801	0.3329495801	-0.4123716815	0.4123716815	-0.5231762128	0.5231762128	-0.5646638459	0.5646638459	-0.5961303037	0.5961303037	-0.6184461603	0.6184461603	-0.6474866745	0.6474866745	0.7260456328	-0.7260456328	0.759464031	-0.759464031	-0.8174849038	0.8174849038	0.8963911529	-0.8963911529	0.9254706021	-0.9254706021	-1.091237416	1.091237416	-1.114199813	1.114199813	1.118067136	-1.118067136	-1.125433995	1.125433995	-1.153976903	1.153976903	-1.206831854	1.206831854	-1.224679368	1.224679368	-1.330692394	1.330692394	-1.367878418	1.367878418	-1.53687494	1.53687494	1.537384483	-1.537384483	-1.544987578	1.544987578	1.554936161	-1.554936161	-1.576468852	1.576468852	-1.581379329	1.581379329	-1.6619047	1.6619047	-1.67710784	1.67710784	-1.695866325	1.695866325	1.718645778	-1.718645778	1.755331546	-1.755331546	-1.769371416	1.769371416	1.831707329	-1.831707329	-1.844956594	1.844956594	1.860510543	-1.860510543	1.869874876	-1.869874876	-1.948578014	1.948578014	2.021374122	-2.021374122	-2.041215318	2.041215318	-2.051697351	2.051697351	2.077829186	-2.077829186	-2.091807413	2.091807413	-2.111687046	2.111687046	-2.142008471	2.142008471	2.173172605	-2.173172605	-2.267040374	2.267040374	2.277725172	-2.277725172	-2.285759278	2.285759278	2.425008277	-2.425008277	-2.472526378	2.472526378	-2.474666838	2.474666838	-2.491150111	2.491150111	2.528829485	-2.528829485	
0.86	-0.01195668448	0.01195668448	-0.1928269527	0.1928269527	-0.2110633841	0.2110633841	-0.2645754733	0.2645754733	-0.2860569432	0.2860569432	-0.3034492764	0.3034492764	-0.3394359	0.3394359	-0.4159437267	0.4159437267	-0.5196052505	0.5196052505	-0.5576530065	0.5576530065	-0.5916485214	0.5916485214	-0.6166109293	0.6166109293	-0.6474731978	0.6474731978	-0.7209385645	0.7209385645	-0.7599365745	0.7599365745	-0.8194220626	0.8194220626	-0.8963651242	0.8963651242	-0.9254968036	0.9254968036	-1.092795726	1.092795726	-1.113922433	1.113922433	-1.117342449	1.117342449	-1.128688377	1.128688377	-1.156851855	1.156851855	-1.206885011	1.206885011	-1.221510927	1.221510927	-1.330636845	1.330636845	1.365668462	-1.365668462	-1.537059493	1.537059493	-1.540760472	1.540760472	-1.54509898	1.54509898	1.55484299	-1.55484299	-1.576039875	1.576039875	-1.581374766	1.581374766	-1.66126027	1.66126027	-1.67738427	1.67738427	-1.696333536	1.696333536	-1.720219816	1.720219816	-1.755532018	1.755532018	-1.770757876	1.770757876	-1.831682576	1.831682576	-1.843282687	1.843282687	-1.860533221	1.860533221	-1.869605201	1.869605201	-1.948632426	1.948632426	-2.020659359	2.020659359	-2.040840597	2.040840597	-2.051365542	2.051365542	-2.07930912	2.07930912	-2.093492975	2.093492975	-2.11166097	2.11166097	-2.142061722	2.142061722	-2.172411572	2.172411572	-2.266981366	2.266981366	-2.277916755	2.277916755	2.285605971	-2.285605971	-2.425029359	2.425029359	-2.472702628	2.472702628	2.474668292	-2.474668292	-2.491061041	2.491061041	2.528826598	-2.528826598	
0.87	-0.006102867886	0.006102867888	0.1961338048	-0.1961338048	-0.2034088926	0.2034088926	-0.2694451581	0.2694451581	-0.2828952137	0.2828952137	-0.3096220956	0.3096220956	0.3461798265	-0.3461798265	0.4195114799	-0.4195114799	0.5160385684	-0.5160385684	-0.5506766048	0.5506766048	-0.5866492421	0.5866492421	0.6154284417	-0.6154284417	-0.6474612659	0.6474612659	-0.7160755065	0.7160755065	0.7603789124	-0.7603789124	-0.8212524352	0.8212524352	0.8963405771	-0.8963405771	0.9255214907	-0.9255214907	1.094253155	-1.094253155	1.113661833	-1.113661833	1.116624098	-1.116624098	-1.131968418	1.131968418	-1.159676814	1.159676814	1.206934669	-1.206934669	1.218337528	-1.218337528	-1.330584902	1.330584902	-1.363385551	1.363385551	-1.537233828	1.537233828	-1.544097785	1.544097785	1.545203896	-1.545203896	1.554754	-1.554754	-1.575637421	1.575637421	-1.58137353	1.58137353	-1.660567341	1.660567341	-1.677651879	1.677651879	-1.696770667	1.696770667	-1.721715367	1.721715367	1.755721285	-1.755721285	-1.772120275	1.772120275	-1.831659432	1.831659432	-1.841546224	1.841546224	-1.860554499	1.860554499	1.869351706	-1.869351706	-1.948682895	1.948682895	2.019980408	-2.019980408	2.040483146	-2.040483146	-2.051052562	2.051052562	-2.080688377	2.080688377	-2.095162997	2.095162997	2.111636709	-2.111636709	-2.142111672	2.142111673	2.171648205	-2.171648205	-2.266926205	2.266926205	-2.278103271	2.278103271	2.285455285	-2.285455285	2.425049021	-2.425049021	2.472868988	-2.472868988	-2.474663167	2.474663167	2.490976153	-2.490976153	-2.528820035	2.528820035	
0.88	-0.0001817116984	0.0001817116985	0.1956003299	-0.1956003299	-0.1994355559	0.1994355559	-0.2740519935	0.2740519935	0.2797220059	-0.2797220059	0.3156904008	-0.3156904008	-0.3531345509	0.3531345509	0.4230737756	-0.4230737756	0.5124773291	-0.5124773291	-0.5437423001	0.5437423001	-0.5813948167	0.5813948167	-0.6146582004	0.6146582004	-0.647450816	0.647450816	-0.7114747182	0.7114747182	0.7607906402	-0.7607906402	0.8229726998	-0.8229726998	-0.8963175563	0.8963175563	-0.9255446035	0.9255446035	-1.095608529	1.095608529	-1.113418517	1.113418517	1.115933329	-1.115933329	1.135254569	-1.135254569	-1.162449604	1.162449604	-1.206980829	1.206980829	-1.21515958	1.21515958	-1.330536598	1.330536598	-1.361031306	1.361031306	1.537397565	-1.537397565	-1.545297027	1.545297027	-1.547400637	1.547400637	-1.554669531	1.554669531	-1.575262246	1.575262246	-1.581376188	1.581376188	1.65983152	-1.65983152	-1.677910376	1.677910376	1.69717728	-1.69717728	1.723125234	-1.723125234	1.755898916	-1.755898916	1.77345594	-1.77345594	-1.831637947	1.831637947	-1.839749897	1.839749898	-1.860574335	1.860574335	1.869114705	-1.869114705	-1.948729483	1.948729483	-2.019339145	2.019339145	2.040143301	-2.040143301	2.050758717	-2.050758717	2.081965752	-2.081965752	-2.096814861	2.096814861	-2.111614331	2.111614331	-2.142158321	2.142158321	-2.170883555	2.170883555	-2.266874922	2.266874922	2.278284016	-2.278284016	-2.285307895	2.285307895	-2.425067242	2.425067242	-2.473025078	2.473025078	2.474651565	-2.474651565	-2.490895767	2.490895767	-2.528809752	2.528809752	
0.89	-0.005785517088	0.005785517089	-0.1876786764	0.1876786764	-0.202731288	0.202731288	-0.2765420332	0.2765420332	-0.278377117	0.278377117	-0.3216053611	0.3216053611	-0.3602649288	0.3602649288	-0.4266290588	0.4266290588	-0.5089230839	0.5089230839	-0.5368581178	0.5368581178	-0.5760678155	0.5760678155	-0.6141428852	0.6141428852	-0.6474418162	0.6474418162	-0.7071549389	0.7071549389	0.7611713817	-0.7611713817	-0.8245797349	0.8245797349	0.8962961038	-0.8962961038	0.9255660861	-0.9255660861	-1.096860759	1.096860759	-1.113192914	1.113192914	-1.115278127	1.115278127	-1.138540391	1.138540391	-1.165168137	1.165168137	-1.207023489	1.207023489	-1.211977595	1.211977595	-1.330491962	1.330491962	-1.358607352	1.358607352	-1.537550324	1.537550324	-1.545386099	1.545386099	-1.55065999	1.55065999	-1.554589923	1.554589923	-1.574915066	1.574915066	-1.581383538	1.581383538	-1.659057582	1.659057582	1.678159509	-1.678159509	1.697552972	-1.697552972	-1.724443168	1.724443168	1.756064469	-1.756064469	-1.774762201	1.774762201	-1.831618166	1.831618166	-1.837896309	1.837896309	-1.860592693	1.860592693	1.868894492	-1.868894492	-1.948772253	1.948772253	2.018737386	-2.018737386	2.039821373	-2.039821373	-2.050484293	2.050484293	-2.08314012	2.08314012	-2.098446073	2.098446073	-2.111593923	2.111593923	-2.142201664	2.142201664	-2.170118705	2.170118705	-2.266827551	2.266827551	-2.278458177	2.278458177	-2.285164584	2.285164584	-2.425084002	2.425084002	2.473170527	-2.473170527	-2.4746336	2.4746336	-2.490820203	2.490820204	2.528795713	-2.528795713	
0.9	-0.01177890669	0.01177890669	-0.1796711586	0.1796711586	-0.2060207256	0.2060207256	-0.2733572674	0.2733572674	0.2824013569	-0.2824013569	-0.3273241878	0.3273241878	0.3675435731	-0.3675435731	-0.4301752026	0.4301752026	-0.5053779533	0.5053779533	-0.5300325273	0.5300325273	0.5707917972	-0.5707917972	-0.6137880924	0.6137880924	0.647434252	-0.647434252	-0.7031352022	0.7031352022	-0.7615207888	0.7615207888	-0.8260706107	0.8260706107	-0.8962762596	0.8962762596	-0.9255858857	0.9255858857	1.098008837	-1.098008837	1.112985398	-1.112985398	-1.114662894	1.114662894	-1.141822811	1.141822811	1.167830395	-1.167830395	-1.207062651	1.207062651	-1.208792238	1.208792238	1.33045102	-1.33045102	-1.356115322	1.356115322	-1.537691734	1.537691734	1.545467335	-1.545467335	-1.553877963	1.553877963	-1.554515513	1.554515513	1.57459655	-1.57459655	1.581396723	-1.581396723	1.658249619	-1.658249619	-1.678399064	1.678399064	-1.697897369	1.697897369	-1.725663728	1.725663728	-1.756217499	1.756217499	1.7760364	-1.7760364	-1.831600132	1.831600132	1.835987976	-1.835987976	-1.860609536	1.860609536	-1.868691344	1.868691344	-1.948811271	1.948811271	2.018176874	-2.018176874	-2.039517654	2.039517654	2.050229551	-2.050229551	-2.084210443	2.084210443	2.100054254	-2.100054254	-2.111575604	2.111575604	-2.1422417	2.1422417	-2.169354764	2.169354764	-2.266784119	2.266784119	-2.278624821	2.278624821	-2.285026256	2.285026256	2.425099284	-2.425099284	-2.473304971	2.473304971	2.474609399	-2.474609399	-2.490749775	2.490749775	2.528777884	-2.528777884	
0.91	0.01777957734	-0.01777957734	0.1715973419	-0.1715973419	-0.2093029755	0.2093029755	-0.2701691228	0.2701691228	0.2861054649	-0.2861054649	0.3328047632	-0.3328047632	0.3749484555	-0.3749484555	0.4337092152	-0.4337092152	-0.5018449198	0.5018449198	0.5232745209	-0.5232745209	-0.565656629	0.565656629	0.6135375105	-0.6135375105	0.6474281204	-0.6474281204	-0.6994346022	0.6994346022	-0.7618385419	0.7618385419	-0.8274425857	0.8274425857	-0.896258061	0.8962580611	-0.925603954	0.925603954	1.099051844	-1.099051844	1.112796294	-1.112796294	-1.114090694	1.114090694	-1.14509978	1.14509978	1.170434418	-1.170434418	1.205604407	-1.205604407	-1.207098317	1.207098317	1.330413796	-1.330413796	-1.353556848	1.353556848	-1.537821434	1.537821434	1.545541172	-1.545541172	1.554446632	-1.554446632	1.5570519	-1.5570519	1.574307318	-1.574307318	1.581417449	-1.581417449	-1.657411162	1.657411162	1.678628867	-1.678628867	1.698210131	-1.698210131	-1.726782172	1.726782172	1.756357555	-1.756357555	1.777275896	-1.777275896	1.831583883	-1.831583883	-1.834027335	1.834027335	-1.860624832	1.860624832	1.86850552	-1.86850552	1.948846599	-1.948846599	-2.017659269	2.017659269	-2.039232411	2.039232411	2.04999473	-2.04999473	2.085175771	-2.085175771	-2.101637105	2.101637105	2.111559557	-2.111559557	2.142278427	-2.142278427	2.168592868	-2.168592868	2.266744652	-2.266744652	-2.278782879	2.278782879	-2.284893959	2.284893959	-2.425113072	2.425113072	2.47342806	-2.47342806	2.474579096	-2.474579096	-2.490684786	2.490684786	2.52875624	-2.52875624	
0.92	0.02376938943	-0.02376938943	-0.1634715327	0.1634715327	0.2125768438	-0.2125768438	0.2669790869	-0.2669790869	-0.2894703972	0.2894703972	-0.3380031588	0.3380031588	0.3824613879	-0.3824613879	-0.4372267484	0.4372267484	0.4983283157	-0.4983283157	0.5165936962	-0.5165936962	-0.5607351102	0.5607351102	0.6133567205	-0.6133567205	0.6474234265	-0.6474234265	0.696072011	-0.696072011	0.7621243504	-0.7621243504	0.8286931071	-0.8286931071	0.8962415426	-0.8962415426	-0.9256202462	0.9256202462	1.099988949	-1.099988949	-1.112625888	1.112625888	-1.113563961	1.113563961	-1.148369411	1.148369411	1.172978297	-1.172978297	-1.202415377	1.202415377	1.207130492	-1.207130492	1.330380313	-1.330380313	1.350933565	-1.350933565	1.537939073	-1.537939073	-1.545607731	1.545607731	-1.554383597	1.554383597	-1.560178526	1.560178526	1.574047938	-1.574047938	1.581448357	-1.581448357	-1.65654528	1.65654528	-1.678848781	1.678848781	-1.698490952	1.698490952	-1.727794363	1.727794363	1.75648419	-1.75648419	1.778478062	-1.778478062	-1.831569453	1.831569453	1.832016741	-1.832016741	-1.860638552	1.860638552	1.868337261	-1.868337261	1.948878302	-1.948878302	2.017186134	-2.017186134	2.038965888	-2.038965888	2.049780045	-2.049780045	-2.086035244	2.086035244	-2.10319235	2.10319235	2.111546076	-2.111546076	2.142311843	-2.142311843	-2.167834177	2.167834177	-2.266709174	2.266709174	-2.278931135	2.278931135	-2.284768886	2.284768886	2.425125349	-2.425125349	2.473539459	-2.473539459	2.474542836	-2.474542836	-2.490625532	2.490625532	2.528730762	-2.528730762	
0.93	-0.02973068001	0.02973068001	-0.1553045645	0.1553045645	0.2158405398	-0.2158405398	0.2637891217	-0.2637891217	0.292477641	-0.292477641	0.3428722802	-0.3428722802	0.390067032	-0.390067032	0.4407212354	-0.4407212354	0.4948346788	-0.4948346788	0.5100003424	-0.5100003424	-0.5560924508	0.5560924508	0.6132239807	-0.6132239807	0.6474201821	-0.6474201821	-0.6930657509	0.693065751	-0.7623779527	0.7623779527	-0.8298198137	0.8298198137	-0.8962267356	0.8962267356	0.9256347218	-0.9256347218	1.100819409	-1.100819409	1.11247443	-1.11247443	1.113084756	-1.113084756	1.15162945	-1.15162945	-1.17546017	1.17546017	1.199227057	-1.199227057	1.207159182	-1.207159182	1.330350588	-1.330350588	1.348247106	-1.348247106	1.538044321	-1.538044321	-1.545667087	1.545667087	1.554326714	-1.554326714	-1.563252938	1.563252938	1.573818925	-1.573818925	1.581493757	-1.581493757	1.655654661	-1.655654661	-1.679058707	1.679058707	1.698739555	-1.698739555	1.728696703	-1.728696703	1.756596961	-1.756596961	1.779640298	-1.779640298	1.829958479	-1.829958479	-1.831556873	1.831556873	1.860650668	-1.860650668	1.868186789	-1.868186789	1.94890644	-1.94890644	-2.016758927	2.016758927	2.038718306	-2.038718306	2.049585691	-2.049585691	-2.086788102	2.086788102	-2.104717611	2.104717611	2.111535694	-2.111535694	-2.142341947	2.142341947	-2.167079864	2.167079864	-2.266677705	2.266677705	-2.279068221	2.279068221	2.284652386	-2.284652386	2.425136104	-2.425136104	2.473638853	-2.473638853	2.474500776	-2.474500776	-2.49057229	2.49057229	2.528701437	-2.528701437	
0.94	0.03564602455	-0.03564602455	0.1471048894	-0.1471048894	-0.2190912103	0.2190912103	-0.2606021887	0.2606021887	0.295109581	-0.295109581	0.3473612567	-0.3473612567	-0.3977522315	0.3977522315	0.4441822959	-0.4441822959	0.4913743323	-0.4913743323	-0.5035055372	0.5035055372	0.5517913561	-0.5517913561	-0.613125101	0.613125101	-0.6474184047	0.6474184047	-0.6904332278	0.6904332278	-0.7625991163	0.7625991163	0.8308205409	-0.8308205409	-0.8962136686	0.8962136686	-0.9256473447	0.9256473447	-1.101542576	1.101542576	1.112342137	-1.112342137	1.112654881	-1.112654881	-1.154876657	1.154876657	-1.177878215	1.177878215	-1.196042477	1.196042477	1.207184395	-1.207184395	-1.33032464	1.33032464	-1.345499102	1.345499102	-1.538136871	1.538136871	-1.545719299	1.545719299	1.554276264	-1.554276264	1.566267082	-1.566267082	1.573620737	-1.573620737	-1.581561124	1.581561124	1.654741672	-1.654741672	1.679258586	-1.679258586	-1.698955698	1.698955698	1.729486069	-1.729486069	1.75669544	-1.75669544	1.780760026	-1.780760026	1.827854764	-1.827854764	-1.831546167	1.831546167	-1.860661157	1.860661157	-1.868054305	1.868054305	-1.94893107	1.94893107	2.016378986	-2.016378986	-2.038489862	2.038489862	2.049411835	-2.049411835	-2.087433687	2.087433687	-2.106210088	2.106210088	2.111529494	-2.111529494	-2.142368736	2.142368736	2.16633112	-2.16633112	-2.266650265	2.266650265	2.279192624	-2.279192624	2.284545952	-2.284545952	-2.425145325	2.425145325	-2.473725951	2.473725951	2.474453075	-2.474453075	2.490525318	-2.490525318	2.528668261	-2.528668261	
0.95	0.04149802141	-0.04149802141	0.1388792882	-0.1388792882	0.2223239731	-0.2223239731	-0.2574232426	0.2574232426	-0.2973498938	0.2973498938	0.3514155518	-0.3514155518	0.4055055485	-0.4055055485	-0.4475925905	0.4475925905	0.487964484	-0.487964484	-0.4971212751	0.4971212751	-0.5478943949	0.5478943949	-0.6130505502	0.6130505502	-0.6474181174	0.6474181174	0.6881905368	-0.6881905368	-0.7627876386	0.7627876386	-0.8316933266	0.8316933266	-0.8962023663	0.8962023663	0.925658083	-0.925658083	1.102157894	-1.102157894	1.112229195	-1.112229195	-1.112275919	1.112275919	1.158105716	-1.158105716	-1.180230649	1.180230649	1.192866824	-1.192866824	-1.207206143	1.207206143	-1.330302483	1.330302483	1.342691182	-1.342691182	-1.538216442	1.538216442	-1.545764419	1.545764419	1.554232507	-1.554232507	-1.569206362	1.569206362	-1.573453773	1.573453773	-1.581664479	1.581664479	1.653808417	-1.653808417	-1.679448399	1.679448399	-1.699139173	1.699139173	-1.730159767	1.730159767	1.756779226	-1.756779226	1.7818347	-1.7818347	-1.825707748	1.825707748	1.831537356	-1.831537356	1.860669998	-1.860669998	1.86793999	-1.86793999	1.948952245	-1.948952245	2.016047518	-2.016047518	2.038280729	-2.038280729	2.049258623	-2.049258623	-2.087971444	2.087971444	2.107665563	-2.107665563	2.111530103	-2.111530103	-2.14239221	2.14239221	-2.165589142	2.165589142	-2.266626868	2.266626868	-2.279302718	2.279302718	2.284451197	-2.284451197	2.425153001	-2.425153001	-2.473800491	2.473800491	2.474399904	-2.474399904	2.490484853	-2.490484853	-2.528631234	2.528631234	
0.96	-0.04726909699	0.04726909699	-0.1306333451	0.1306333451	0.2255296852	-0.2255296852	0.2542614773	-0.2542614773	-0.2991839537	0.2991839537	-0.3549779113	0.3549779113	0.4133169304	-0.4133169304	0.4509211458	-0.4509211458	-0.4846357216	0.4846357216	0.4908607272	-0.4908607272	-0.5444644558	0.5444644558	-0.6129937762	0.6129937762	0.6474193494	-0.6474193494	-0.6863520572	0.6863520572	0.7629433468	-0.7629433468	-0.8324364185	0.8324364185	0.8961928503	-0.8961928503	0.9256669092	-0.9256669092	-1.102664898	1.102664898	-1.111949259	1.111949259	1.112135762	-1.112135762	1.161306812	-1.161306812	1.182515727	-1.182515727	1.189709836	-1.189709836	1.207224442	-1.207224442	1.33028413	-1.33028413	-1.33982497	1.33982497	-1.538282785	1.538282785	-1.545802486	1.545802486	-1.554195675	1.554195675	-1.572041279	1.572041279	1.573318372	-1.573318372	1.581832743	-1.581832743	-1.65285677	1.65285677	-1.679628163	1.679628163	1.699289801	-1.699289801	-1.730715486	1.730715486	1.756847948	-1.756847948	1.782861808	-1.782861808	-1.823519526	1.823519526	1.831530456	-1.831530456	1.860677173	-1.860677173	-1.867844003	1.867844003	1.948970012	-1.948970012	2.015765594	-2.015765594	2.038091057	-2.038091057	2.049126179	-2.049126179	-2.088400931	2.088400931	-2.109074175	2.109074175	2.111545913	-2.111545913	2.142412366	-2.142412366	2.164855133	-2.164855133	2.266607529	-2.266607529	2.27939681	-2.27939681	2.284369798	-2.284369798	2.425159125	-2.425159125	2.473862241	-2.473862241	-2.474341439	2.474341439	2.490451102	-2.490451102	2.528590368	-2.528590368	
0.97	0.05294133093	-0.05294133094	0.1223717764	-0.1223717764	0.2286890169	-0.2286890169	0.2511362586	-0.2511362586	-0.300599232	0.300599232	0.3579902898	-0.3579902898	0.4211774617	-0.4211774617	-0.4541080023	0.4541080023	-0.481446184	0.481446184	0.4847394991	-0.4847394991	0.5415636362	-0.5415636362	-0.6129502029	0.6129502029	-0.647422136	0.647422136	0.6849300563	-0.6849300563	0.7630660979	-0.7630660979	-0.8330482805	0.8330482805	0.8961851384	-0.8961851384	0.9256738007	-0.9256738007	-1.103063222	1.103063222	1.111676091	-1.111676091	-1.112061972	1.112061972	-1.164459201	1.164459201	-1.184731738	1.184731738	-1.186592206	1.186592206	-1.207239313	1.207239313	-1.33026959	1.33026959	1.336902091	-1.336902091	1.538335687	-1.538335687	1.545833535	-1.545833535	-1.554165964	1.554165964	1.573214809	-1.573214809	-1.574704993	1.574704993	-1.582132181	1.582132181	1.651888416	-1.651888416	1.679797938	-1.679797938	-1.699407439	1.699407439	1.731151266	-1.731151266	1.756901288	-1.756901288	-1.783838872	1.783838872	-1.821292141	1.821292141	-1.831525476	1.831525476	1.860682669	-1.860682669	-1.867766481	1.867766481	-1.948984411	1.948984411	-2.015534133	2.015534133	2.037920972	-2.037920972	2.049014599	-2.049014599	2.088721818	-2.088721818	-2.110389742	2.110389742	2.111621749	-2.111621749	-2.142429202	2.142429202	-2.164130297	2.164130297	-2.266592259	2.266592259	2.279473229	-2.279473229	2.284303419	-2.284303419	2.425163689	-2.425163689	-2.473911004	2.473911004	2.47427786	-2.47427786	-2.490424243	2.490424243	2.528545678	-2.528545678	
0.98	0.05849630181	-0.05849630181	-0.1140986614	0.1140986614	0.2317534609	-0.2317534609	-0.2480961192	0.2480961192	-0.3015856652	0.3015856652	-0.3603968183	0.3603968183	0.4290791744	-0.4290791744	0.4570263405	-0.4570263405	-0.478449459	0.478449459	-0.4788456786	0.4788456786	0.539250761	-0.539250761	-0.6129166131	0.6129166131	-0.6474265198	0.6474265198	-0.6839343254	0.6839343254	-0.7631557795	0.7631557795	0.8335275998	-0.8335275998	-0.8961792446	0.8961792446	0.9256787392	-0.9256787392	-1.10335259	1.10335259	-1.111457416	1.111457416	1.112007929	-1.112007929	1.167510494	-1.167510494	1.183566296	-1.183566296	-1.186877005	1.186877005	-1.207250786	1.207250786	-1.330258871	1.330258871	1.333924164	-1.333924164	-1.538374975	1.538374975	-1.545857591	1.545857591	-1.554143537	1.554143537	1.573143297	-1.573143297	-1.577037147	1.577037147	1.582722566	-1.582722566	1.650904869	-1.650904869	-1.679957823	1.679957823	1.699491976	-1.699491976	-1.731465467	1.731465467	1.756938982	-1.756938982	1.784763456	-1.784763456	-1.819027591	1.819027591	-1.831522421	1.831522421	1.860686473	-1.860686473	1.867707537	-1.867707537	1.948995475	-1.948995475	-2.0153539	2.0153539	-2.037770575	2.037770575	-2.048923958	2.048923958	2.088933892	-2.088933892	2.111223449	-2.111223449	-2.112145185	2.112145185	-2.142442715	2.142442715	-2.163415832	2.163415832	-2.266581066	2.266581066	-2.279530433	2.279530433	2.28425359	-2.28425359	2.425166689	-2.425166689	-2.47394662	2.47394662	2.474209353	-2.474209353	-2.490404418	2.490404418	2.528497191	-2.528497191	
0.99	-0.06391495536	0.06391495536	0.1058176118	-0.1058176118	0.2345665823	-0.2345665823	0.2452975114	-0.2452975114	0.3021359696	-0.3021359696	-0.3621476684	0.3621476684	0.4370148971	-0.4370148971	-0.4593910979	0.4593910979	0.4729436304	-0.4729436304	-0.4761822309	0.4761822309	0.5375778121	-0.5375778121	-0.6128907632	0.6128907632	-0.6474325517	0.6474325517	0.6833718712	-0.6833718712	-0.7632123096	0.7632123096	0.8338732923	-0.8338732923	-0.8961751792	0.8961751792	-0.9256817112	0.9256817112	1.103532825	-1.103532825	1.111294033	-1.111294033	-1.111973716	1.111973716	-1.170290084	1.170290084	1.1808027	-1.1808027	1.188949882	-1.188949882	-1.207258899	1.207258899	-1.330251979	1.330251979	1.33089281	-1.33089281	-1.538400517	1.538400517	-1.545874673	1.545874673	-1.554128513	1.554128513	-1.573103985	1.573103985	-1.57874171	1.57874171	-1.583899339	1.583899339	-1.649907503	1.649907503	1.680107959	-1.680107959	-1.699543335	1.699543335	1.731656741	-1.731656741	1.756960838	-1.756960838	-1.785633167	1.785633167	-1.816727836	1.816727836	-1.831521292	1.831521292	1.860688579	-1.860688579	1.867667258	-1.867667258	-1.949003228	1.949003228	2.015225493	-2.015225493	2.037639944	-2.037639944	2.048854306	-2.048854306	2.089037057	-2.089037057	-2.111371834	2.111371834	-2.113318551	2.113318551	-2.142452903	2.142452903	-2.162712929	2.162712929	-2.266573957	2.266573957	-2.279567146	2.279567146	-2.284221583	2.284221583	2.425168122	-2.425168122	-2.473968973	2.473968973	-2.474136106	2.474136106	-2.490391736	2.490391736	-2.52844494	2.52844494	
1	-0.06917749915	0.06917749915	0.09753189765	-0.09753189766	0.2364665011	-0.2364665011	0.2434023255	-0.2434023255	0.30224588	-0.30224588	-0.3632033684	0.3632033684	0.4449781333	-0.4449781333	-0.4606303846	0.4606303846	0.4673275527	-0.4673275527	0.474939353	-0.474939353	0.5365857921	-0.5365857921	0.6128711398	-0.6128711398	-0.6474402927	0.6474402927	-0.6832466851	0.6832466851	0.7632356366	-0.7632356366	-0.8340845079	0.8340845079	0.8961729485	-0.8961729485	0.9256827082	-0.9256827082	-1.10360384	1.10360384	-1.111186539	1.111186539	1.111959391	-1.111959391	1.172083294	-1.172083294	1.179016094	-1.179016094	1.190948747	-1.190948747	1.207263711	-1.207263711	1.327809646	-1.327809646	-1.330248917	1.330248917	1.538412229	-1.538412229	1.545884794	-1.545884794	-1.554120973	1.554120973	1.573096954	-1.573096954	-1.579689146	1.579689146	1.585791435	-1.585791435	-1.648897558	1.648897558	-1.680248529	1.680248529	-1.699561473	1.699561473	-1.731724013	1.731724013	1.756966742	-1.756966742	1.786445661	-1.786445661	-1.814394801	1.814394801	-1.831522082	1.831522082	-1.860688983	1.860688983	-1.86764571	1.86764571	1.949007685	-1.949007685	2.015149344	-2.015149344	-2.03752913	2.03752913	2.048805669	-2.048805669	-2.089031343	2.089031343	2.11140509	-2.11140509	2.114570623	-2.114570623	2.14245976	-2.14245976	2.162022765	-2.162022765	2.266570935	-2.266570935	2.279582487	-2.279582487	2.284208274	-2.284208274	2.425167985	-2.425167985	2.473977987	-2.473977987	-2.474058312	2.474058312	-2.490386264	2.490386264	2.528388967	-2.528388967	
1.01	0.07426332937	-0.07426332937	0.08924454539	-0.08924454539	-0.23587149	0.23587149	-0.2439922931	0.2439922931	-0.3019142964	0.3019142964	-0.3635388218	0.3635388218	0.4529629611	-0.4529629611	-0.460172969	0.460172969	0.4619116652	-0.4619116652	-0.4753961933	0.4753961933	0.5363008095	-0.5363008095	-0.6128568107	0.6128568107	-0.6474498153	0.6474498153	-0.6835596069	0.6835596069	-0.7632257397	0.7632257397	-0.8341606334	0.8341606334	-0.896172555	0.896172555	0.9256817261	-0.9256817261	-1.103565648	1.103565648	-1.111135321	1.111135321	1.11196499	-1.11196499	1.17135195	-1.17135195	1.179744664	-1.179744664	1.192872	-1.192872	-1.2072653	1.2072653	1.324676293	-1.324676293	1.330249687	-1.330249687	-1.538410073	1.538410073	-1.545887958	1.545887958	-1.554120952	1.554120952	1.573122222	-1.573122222	1.580155267	-1.580155267	-1.588122423	1.588122423	-1.64787616	1.64787616	-1.68037976	1.68037976	-1.699546378	1.699546378	-1.731666463	1.731666463	-1.756956661	1.756956661	-1.787198644	1.787198644	1.812030388	-1.812030388	-1.83152478	1.83152478	1.860687684	-1.860687684	1.867642928	-1.867642928	1.949008853	-1.949008853	2.015125712	-2.015125712	2.037438162	-2.037438162	-2.04877805	2.04877805	-2.088916896	2.088916896	2.111419566	-2.111419566	-2.115804124	2.115804124	-2.142463282	2.142463282	2.161346501	-2.161346501	2.266572003	-2.266572003	-2.279576074	2.279576074	2.284214042	-2.284214042	-2.42516628	2.42516628	2.473973631	-2.473973631	2.473976163	-2.473976163	-2.490388031	2.490388031	2.528329322	-2.528329322	
1.02	0.07915099769	-0.07915099769	-0.08095841682	0.08095841682	0.2334307271	-0.2334307271	0.2464182346	-0.2464182346	0.3011433255	-0.3011433255	0.3631461428	-0.3631461428	0.4567169589	-0.4567169589	0.4582613505	-0.4582613505	-0.4609639478	0.4609639478	0.4773088022	-0.4773088022	0.5367312967	-0.5367312967	-0.6128473393	0.6128473393	-0.6474612067	0.6474612067	-0.6843082946	0.6843082946	0.7631826289	-0.7631826289	-0.8341012947	0.8341012947	0.896173997	-0.896173997	0.9256787659	-0.9256787659	-1.103418354	1.103418354	-1.111140556	1.111140556	1.111990524	-1.111990524	1.168878381	-1.168878381	1.1822061	-1.1822061	1.194718045	-1.194718045	-1.207263787	1.207263787	-1.321494372	1.321494372	-1.330254286	1.330254286	1.538394058	-1.538394058	1.545884163	-1.545884163	1.55412844	-1.55412844	1.573179738	-1.573179738	1.58040331	-1.58040331	-1.590628429	1.590628429	1.646844329	-1.646844329	1.680501928	-1.680501928	-1.699498074	1.699498074	-1.731483516	1.731483516	1.756930641	-1.756930641	-1.787889877	1.787889877	1.80963648	-1.80963648	1.831529372	-1.831529372	1.860684684	-1.860684684	1.867658925	-1.867658925	1.949006726	-1.949006726	-2.01515468	2.01515468	2.03736704	-2.03736704	2.048771424	-2.048771424	-2.088693991	2.088693991	2.111429056	-2.111429056	2.117004426	-2.117004426	2.14246346	-2.14246346	2.16068528	-2.16068528	2.266577159	-2.266577159	2.279548072	-2.279548072	2.284238724	-2.284238724	2.425163006	-2.425163006	-2.473889852	2.473889852	2.473955917	-2.473955917	-2.490397027	2.490397027	-2.528266064	2.528266064	
1.03	0.07267627646	-0.07267627646	-0.08381822795	0.08381822795	0.2304745243	-0.2304745243	-0.2493498307	0.2493498307	-0.2999382164	0.2999382164	0.3620355862	-0.3620355862	0.4517661599	-0.4517661599	-0.4555587945	0.4555587945	-0.4689760782	0.4689760782	-0.4800118625	0.4800118625	-0.537867091	0.537867091	-0.6128427511	0.6128427511	-0.6474745718	0.6474745718	0.6854873018	-0.6854873018	-0.7631063449	0.7631063449	0.8339063567	-0.8339063567	-0.896177269	0.896177269	-0.9256738331	0.9256738331	-1.103162161	1.103162161	-1.1112022	1.1112022	-1.112035981	1.112035981	1.165918838	-1.165918838	1.185144187	-1.185144187	1.196485272	-1.196485272	-1.207259356	1.207259356	-1.318265508	1.318265508	-1.330262712	1.330262712	1.538364241	-1.538364241	1.5458734	-1.5458734	-1.554143383	1.554143383	-1.573269387	1.573269387	-1.580552271	1.580552271	1.5931898	-1.5931898	-1.645802987	1.645802987	1.680615353	-1.680615353	1.699416621	-1.699416621	1.731174835	-1.731174835	-1.756888809	1.756888809	-1.788517181	1.788517181	1.807214951	-1.807214951	1.831535835	-1.831535835	1.860679991	-1.860679991	1.867693684	-1.867693684	1.949001292	-1.949001292	2.015236155	-2.015236155	-2.037315742	2.037315742	-2.048785745	2.048785745	2.08836302	-2.08836302	2.111437312	-2.111437312	2.118167036	-2.118167036	2.142460289	-2.142460289	2.16004022	-2.16004022	2.266586399	-2.266586399	-2.279499172	2.279499172	-2.284281632	2.284281632	-2.425158169	2.425158169	2.473799574	-2.473799574	-2.473924903	2.473924903	-2.4904132	2.4904132	2.528199259	-2.528199259	
1.04	0.06440085246	-0.06440085246	-0.08824199473	0.08824199473	-0.2273577171	0.2273577171	-0.2524322326	0.2524322326	0.2983071943	-0.2983071943	-0.3602343151	0.3602343151	-0.4470801885	0.4470801885	0.4524793401	-0.4524793401	-0.4769946921	0.4769946921	0.4830921191	-0.4830921191	-0.5396806403	0.5396806403	-0.6128435447	0.6128435447	-0.6474900381	0.6474900381	-0.6870882571	0.6870882571	-0.7629969595	0.7629969595	-0.8335759214	0.8335759214	-0.8961823616	0.8961823616	-0.9256669383	0.9256669383	-1.102797366	1.102797366	-1.111319994	1.111319994	-1.112101324	1.112101324	1.162804325	-1.162804325	-1.188227969	1.188227969	1.198172002	-1.198172002	-1.207252305	1.207252305	1.314991332	-1.314991332	-1.330274958	1.330274958	-1.538320727	1.538320727	-1.545855653	1.545855653	-1.554165683	1.554165683	1.573390988	-1.573390988	-1.580651316	1.580651316	1.595756683	-1.595756683	-1.644752962	1.644752963	1.680720407	-1.680720407	-1.69930211	1.69930211	-1.730740312	1.730740312	-1.75683136	1.75683136	-1.789078439	1.789078439	1.804767671	-1.804767671	-1.831544145	1.831544145	1.860673614	-1.860673614	-1.867747163	1.867747163	1.948992528	-1.948992528	2.015369872	-2.015369872	-2.037284213	2.037284213	-2.048820943	2.048820943	-2.087924503	2.087924503	2.111445756	-2.111445756	-2.119289884	2.119289884	2.142453756	-2.142453756	-2.159412416	2.159412416	-2.266599719	2.266599719	-2.279430505	2.279430505	2.284341639	-2.284341639	-2.425151773	2.425151773	-2.47370552	2.47370552	2.473880691	-2.473880691	-2.490436459	2.490436459	2.528128982	-2.528128982	

