# phi/π evs ...
-1.04	0.01885130233	-0.01885130233	-0.05577669787	0.05577669787	0.07987722113	-0.07987722113	0.08317938594	-0.08317938594	0.1953085083	-0.1953085083	0.1971853086	-0.1971853086	0.2230879882	-0.2230879882	-0.2538800035	0.2538800035	0.2700410945	-0.2700410945	0.285738038	-0.285738038	0.3272714293	-0.3272714293	0.3670459395	-0.3670459395	0.4877606776	-0.4877606776	0.5860867066	-0.5860867066	0.617797414	-0.617797414	-0.6558381906	0.6558381906	-0.6853384554	0.6853384554	0.6987182582	-0.6987182582	0.7116860138	-0.7116860138	0.7249735447	-0.7249735447	0.8886100286	-0.8886100286	0.9133103725	-0.9133103725	1.026673596	-1.026673596	1.07079843	-1.07079843	-1.070959494	1.070959494	1.107226011	-1.107226011	1.156169173	-1.156169173	-1.190760421	1.190760421	-1.192774389	1.192774389	1.223679371	-1.223679371	1.244846314	-1.244846314	1.267787049	-1.267787049	-1.291244567	1.291244567	1.327793629	-1.327793629	1.368231119	-1.368231119	1.438801426	-1.438801426	1.441354606	-1.441354606	1.580867445	-1.580867445	1.582307513	-1.582307513	-1.599207357	1.599207357	1.727837691	-1.727837691	1.818655789	-1.818655789	-1.838617395	1.838617395	1.855829827	-1.855829827	1.894649926	-1.894649926	1.970282783	-1.970282783	-1.97536035	1.97536035	-2.001484437	2.001484437	-2.032859564	2.032859564	2.067231853	-2.067231853	-2.140255022	2.140255022	2.16383978	-2.16383978	2.201810676	-2.201810676	2.230199412	-2.230199412	2.257516338	-2.257516338	2.269319685	-2.269319685	-2.272865279	2.272865279	2.27878453	-2.27878453	-2.353018786	2.353018786	2.362619901	-2.362619901	
-1.03	0.01984426445	-0.01984426445	-0.05577311131	0.05577311131	0.07975921094	-0.07975921094	-0.08319119138	0.08319119138	0.1943459834	-0.1943459834	-0.1971913592	0.1971913592	-0.2234244951	0.2234244951	-0.2577273996	0.2577273996	-0.2699481822	0.2699481822	-0.2825530868	0.2825530868	0.3283098476	-0.3283098476	-0.3670622615	0.3670622615	-0.4877461891	0.4877461891	0.589240924	-0.589240924	-0.614608315	0.614608315	-0.6569671388	0.6569671388	0.685365104	-0.685365104	-0.698781573	0.698781573	-0.7116532402	0.7116532402	-0.7225679304	0.7225679304	0.8886887607	-0.8886887607	-0.9133670778	0.9133670778	-1.026608934	1.026608934	-1.068251423	1.068251423	-1.073272678	1.073272678	-1.107296654	1.107296654	-1.160614191	1.160614191	1.19343244	-1.19343244	1.1936991	-1.1936991	1.221732964	-1.221732964	-1.243810634	1.243810634	-1.267732598	1.267732598	-1.294510564	1.294510564	-1.32452806	1.32452806	-1.364377115	1.364377115	1.438977749	-1.438977749	-1.441166222	1.441166222	-1.579702631	1.579702631	-1.582309657	1.582309657	-1.599165984	1.599165984	-1.727835844	1.727835844	-1.818606876	1.818606876	-1.838670331	1.838670331	-1.855751795	1.855751795	-1.896304145	1.896304145	-1.970303239	1.970303239	1.97560523	-1.97560523	2.00466634	-2.00466634	-2.029709635	2.029709635	-2.067231521	2.067231521	-2.140181565	2.140181565	-2.163873358	2.163873358	-2.201760129	2.201760129	-2.229571875	2.229571875	-2.256917657	2.256917657	2.26938016	-2.26938016	-2.27290313	2.27290313	2.278761234	-2.278761234	2.352315574	-2.352315574	-2.36257558	2.36257558	
-1.02	0.02071040643	-0.02071040643	-0.0557710776	0.0557710776	-0.07967070898	0.07967070898	-0.08320091592	0.08320091592	0.1931960247	-0.1931960247	0.197187458	-0.197187458	0.2236954092	-0.2236954092	-0.26145366	0.26145366	-0.2698713803	0.2698713803	0.2794020005	-0.2794020005	0.3295857426	-0.3295857426	-0.3670751201	0.3670751201	0.4877353719	-0.4877353719	-0.5923437454	0.5923437454	-0.611480412	0.611480412	-0.6581691553	0.6581691553	0.6854251183	-0.6854251183	-0.6988303287	0.6988303287	-0.7116297588	0.7116297588	0.7202084006	-0.7202084006	0.8887594667	-0.8887594667	-0.9134103554	0.9134103554	-1.026559999	1.026559999	1.065287807	-1.065287807	-1.075524539	1.075524539	1.10735268	-1.10735268	-1.164683835	1.164683835	-1.194033064	1.194033064	-1.196122143	1.196122143	1.219929391	-1.219929391	1.243018429	-1.243018429	-1.26768193	1.26768193	-1.297579669	1.297579669	1.321459487	-1.321459487	-1.361003242	1.361003242	-1.439138159	1.439138159	-1.440994413	1.440994413	-1.578955831	1.578955831	-1.582310908	1.582310908	1.599119622	-1.599119622	1.727834457	-1.727834457	-1.818612063	1.818612063	1.838710726	-1.838710726	-1.855693259	1.855693259	1.897963933	-1.897963933	-1.970318839	1.970318839	1.975862601	-1.975862601	-2.00778655	2.00778655	2.026613379	-2.026613379	-2.067231222	2.067231222	-2.140126476	2.140126476	-2.163899033	2.163899033	2.201721197	-2.201721197	-2.228942507	2.228942507	2.256310143	-2.256310143	2.26943892	-2.26943892	2.272931491	-2.272931491	-2.27874386	2.27874386	2.351597712	-2.351597712	2.362535693	-2.362535693	
-1.01	-0.02144861119	0.02144861119	-0.05577060858	0.05577060858	-0.07961164646	0.07961164646	-0.08320854501	0.08320854501	0.191857864	-0.191857864	-0.1971736765	0.1971736765	-0.2239236128	0.2239236128	-0.2650157588	0.2650157588	-0.269805331	0.269805331	0.2762977	-0.2762977	0.3311156725	-0.3311156725	-0.3670845113	0.3670845113	0.4877282348	-0.4877282348	0.5953143374	-0.5953143374	-0.6084945299	0.6084945299	-0.6594376637	0.6594376637	-0.6855190855	0.6855190855	-0.6988643421	0.6988643421	-0.7116158073	0.7116158073	-0.7178988153	0.7178988153	-0.8888221259	0.8888221259	0.9134401318	-0.9134401318	1.026527081	-1.026527081	1.062070198	-1.062070198	1.077561915	-1.077561915	-1.107396585	1.107396585	1.168301361	-1.168301361	1.193742987	-1.193742987	1.1988374	-1.1988374	1.218350337	-1.218350337	-1.242418185	1.242418185	-1.267637472	1.267637472	1.300253892	-1.300253892	-1.318785885	1.318785885	-1.358162112	1.358162112	-1.439273067	1.439273067	-1.440848148	1.440848148	1.5786322	-1.5786322	1.58231124	-1.58231124	1.599068596	-1.599068596	-1.727833533	1.727833533	1.818673523	-1.818673523	-1.838738285	1.838738285	-1.855654551	1.855654551	1.89962634	-1.89962634	-1.970329574	1.970329574	-1.976133489	1.976133489	2.010759682	-2.010759682	2.023655964	-2.023655964	-2.067230956	2.067230956	2.140089808	-2.140089808	-2.163916735	2.163916735	-2.201693945	2.201693945	-2.228309642	2.228309642	-2.255694903	2.255694903	2.269496266	-2.269496266	2.272950176	-2.272950176	-2.278732596	2.278732596	-2.350868634	2.350868634	-2.36249897	2.36249897	
-1	0.0220578883	-0.0220578883	-0.05577171363	0.05577171363	0.07958196773	-0.07958196773	0.08321406862	-0.08321406862	0.1903320174	-0.1903320174	0.1971500998	-0.1971500998	0.2241240695	-0.2241240695	0.2683819686	-0.2683819686	-0.269726376	0.269726376	0.2732701827	-0.2732701827	0.3329126491	-0.3329126491	-0.3670904313	0.3670904313	-0.4877247839	0.4877247839	0.5978384942	-0.5978384942	0.6059648686	-0.6059648686	-0.6607661196	0.6607661196	0.6856475832	-0.6856475832	-0.6988835121	0.6988835121	0.7116115583	-0.7116115583	0.715643116	-0.715643116	0.8888767249	-0.8888767249	-0.9134563573	0.9134563573	1.026510392	-1.026510392	1.058602148	-1.058602148	1.079393711	-1.079393711	1.107430076	-1.107430076	1.171377601	-1.171377601	-1.192827883	1.192827883	-1.201600698	1.201600698	1.217035916	-1.217035916	1.24196847	-1.24196847	1.267601956	-1.267601956	-1.302093479	1.302093479	-1.316946999	1.316946999	-1.355903575	1.355903575	-1.439367371	1.439367371	-1.440742064	1.440742064	1.578734051	-1.578734051	1.582310629	-1.582310629	-1.599013243	1.599013243	-1.727833073	1.727833073	1.818793437	-1.818793437	-1.838752838	1.838752838	1.8556359	-1.8556359	1.901288448	-1.901288448	-1.970335438	1.970335438	1.97641883	-1.97641883	-2.013249369	2.013249369	-2.021173679	2.021173679	2.067230723	-2.067230723	2.14007159	-2.14007159	-2.163926416	2.163926416	2.201678413	-2.201678413	2.227671561	-2.227671561	2.255073018	-2.255073018	-2.269552468	2.269552468	-2.272959059	2.272959059	2.278727566	-2.278727566	2.350131572	-2.350131572	-2.362464358	2.362464358	
-0.99	0.022537376	-0.022537376	-0.0557743996	0.0557743996	0.07958163767	-0.07958163767	0.08321748129	-0.08321748129	-0.1886204534	0.1886204534	0.1971168475	-0.1971168475	0.2243068143	-0.2243068143	-0.2693418668	0.2693418668	0.27061703	-0.27061703	-0.2715304848	0.2715304848	-0.3349844901	0.3349844901	-0.3670928771	0.3670928771	0.4877250228	-0.4877250228	0.5986181883	-0.5986181883	0.6051894535	-0.6051894535	-0.6621480087	0.6621480087	0.6858111948	-0.6858111948	-0.6988878252	0.6988878252	0.7116171152	-0.7116171152	-0.7134453204	0.7134453204	-0.8889232561	0.8889232561	0.9134590068	-0.9134590068	1.02651007	-1.02651007	1.054889142	-1.054889142	1.081029464	-1.081029464	-1.107454348	1.107454348	-1.173818092	1.173818092	-1.191327615	1.191327615	-1.204445815	1.204445815	1.21597707	-1.21597707	1.241637155	-1.241637155	1.267578093	-1.267578093	1.302417319	-1.302417319	1.316623933	-1.316623933	1.354271349	-1.354271349	-1.439402674	1.439402674	1.440694205	-1.440694205	-1.579260781	1.579260781	1.582309058	-1.582309058	-1.598953914	1.598953914	1.727833078	-1.727833078	-1.818973981	1.818973981	-1.83875435	1.83875435	1.855637425	-1.855637425	1.902947365	-1.902947365	1.970336427	-1.970336427	1.976719489	-1.976719489	2.013898338	-2.013898338	-2.02052384	2.02052384	2.067230522	-2.067230522	-2.14007183	2.14007183	2.16392805	-2.16392805	2.201674616	-2.201674616	-2.227026502	2.227026502	2.254445542	-2.254445542	2.269607766	-2.269607766	-2.272958084	2.272958084	2.278728832	-2.278728832	2.349389593	-2.349389593	2.362430988	-2.362430988	
-0.98	0.02288634377	-0.02288634377	-0.05577867092	0.05577867092	-0.0796106473	0.0796106473	0.08321878208	-0.08321878208	-0.1867267197	0.1867267197	-0.1970740875	0.1970740875	-0.2244787265	0.2244787265	-0.2670119714	0.2670119714	-0.2699814614	0.2699814614	-0.2744490177	0.2744490177	-0.3373324336	0.3373324336	-0.3670918459	0.3670918459	-0.487728952	0.487728952	0.5967837855	-0.5967837855	-0.6070379189	0.6070379189	-0.6635768373	0.6635768373	0.686010529	-0.686010529	-0.6988773618	0.6988773618	-0.7113095146	0.7113095146	-0.7116325114	0.7116325114	0.8889617162	-0.8889617162	0.91344808	-0.91344808	-1.026526188	1.026526188	-1.05093847	1.05093847	-1.082478987	1.082478987	-1.107470249	1.107470249	-1.175537011	1.175537011	1.189313186	-1.189313186	1.207408107	-1.207408107	-1.215127128	1.215127128	-1.24139968	1.24139968	1.267568141	-1.267568141	-1.30104994	1.30104994	1.317992153	-1.317992153	-1.353299453	1.353299453	-1.439368601	1.439368601	1.440714682	-1.440714682	-1.580208882	1.580208882	-1.582306516	1.582306516	-1.598890963	1.598890963	1.72783355	-1.72783355	1.819217317	-1.819217317	-1.838742924	1.838742924	1.855659131	-1.855659131	-1.904600228	1.904600228	-1.970332541	1.970332541	-1.977036255	1.977036255	-2.011972111	2.011972111	-2.022441089	2.022441089	-2.067230354	2.067230354	-2.140090514	2.140090514	2.163921631	-2.163921631	-2.201682546	2.201682546	2.226372667	-2.226372667	2.253813497	-2.253813497	-2.26966237	2.26966237	2.272947262	-2.272947262	-2.278736384	2.278736384	2.348645627	-2.348645627	2.36239815	-2.36239815	
-0.97	-0.02310419588	0.02310419588	-0.05578452965	0.05578452965	0.07966901712	-0.07966901712	0.08321797457	-0.08321797457	0.1846560139	-0.1846560139	0.1970220437	-0.1970220437	0.2246446056	-0.2246446056	0.2641552239	-0.2641552239	0.2699467061	-0.2699467061	0.2771344918	-0.2771344918	0.3399503495	-0.3399503495	0.3670873358	-0.3670873358	0.48773657	-0.48773657	0.5939867008	-0.5939867008	0.6098588536	-0.6098588536	0.6650461133	-0.6650461133	0.6862462432	-0.6862462432	-0.6988522995	0.6988522995	0.7092398437	-0.7092398437	0.7116577101	-0.7116577101	0.8889921036	-0.8889921036	0.913423601	-0.913423601	-1.026558759	1.026558759	1.046759034	-1.046759034	1.083752047	-1.083752047	-1.107478388	1.107478388	1.176473775	-1.176473775	1.186865091	-1.186865091	1.210511768	-1.210511768	1.214425231	-1.214425231	1.241237382	-1.241237382	1.26757347	-1.26757347	-1.29860985	1.29860985	-1.32043315	1.32043315	1.353009026	-1.353009026	-1.439272976	1.439272976	1.440795474	-1.440795474	1.581572056	-1.581572056	-1.582302996	1.582302996	-1.598824752	1.598824752	-1.727834489	1.727834489	1.819525573	-1.819525573	-1.838718816	1.838718816	-1.85570091	1.85570091	1.906244205	-1.906244205	1.970323781	-1.970323781	1.977369802	-1.977369802	2.009138343	-2.009138343	-2.025258096	2.025258096	-2.067230218	2.067230218	-2.140127602	2.140127602	2.163907176	-2.163907176	-2.201702169	2.201702169	2.225708232	-2.225708232	-2.253177876	2.253177876	2.269716469	-2.269716469	2.272926673	-2.272926673	-2.278750149	2.278750149	2.34790249	-2.34790249	2.362365267	-2.362365267	
-0.96	0.02319047608	-0.02319047608	-0.05579197559	0.05579197559	-0.07975679787	0.07975679787	0.08321506676	-0.08321506676	0.1824151866	-0.1824151866	0.1969609985	-0.1969609985	0.2248078417	-0.2248078417	0.2613065173	-0.2613065173	0.2699779996	-0.2699779997	0.2795923303	-0.2795923303	0.3428247797	-0.3428247797	-0.3670793448	0.3670793448	0.4877478721	-0.4877478721	-0.5909453211	0.5909453211	0.612933877	-0.612933877	0.6665493184	-0.6665493184	-0.6865190727	0.6865190727	-0.6988129178	0.6988129178	0.7072404981	-0.7072404981	0.7116926082	-0.7116926082	0.8890144162	-0.8890144162	0.9133856189	-0.9133856189	1.026607732	-1.026607732	-1.04236111	1.04236111	1.084858069	-1.084858069	1.107479193	-1.107479193	-1.176604419	1.176604419	-1.184054674	1.184054674	1.213761149	-1.213761149	-1.21381636	1.21381636	1.241136154	-1.241136154	-1.267594251	1.267594251	-1.295652281	1.295652281	1.32339169	-1.32339169	1.353406192	-1.353406192	1.439134076	-1.439134076	1.440918163	-1.440918163	1.582298496	-1.582298496	-1.583341404	1.583341404	1.598755644	-1.598755644	-1.727835894	1.727835894	-1.819900829	1.819900829	-1.838682432	1.838682432	-1.855762543	1.855762543	1.907876491	-1.907876491	-1.970310154	1.970310154	1.977720618	-1.977720618	-2.006067094	2.006067094	2.028305352	-2.028305352	-2.067230115	2.067230115	-2.140183029	2.140183029	-2.163884723	2.163884723	-2.201733424	2.201733424	2.225031355	-2.225031355	2.252539636	-2.252539636	2.269770228	-2.269770228	2.272896463	-2.272896463	-2.278769986	2.278769986	-2.3471629	2.3471629	2.362331873	-2.362331873	
-0.95	0.02314487367	-0.02314487367	-0.05580100643	0.05580100643	-0.07987406852	0.07987406852	-0.08321007099	0.08321007099	0.1800126754	-0.1800126754	-0.1968912935	0.1968912935	0.224970847	-0.224970847	0.2584989753	-0.2584989753	-0.2700407752	0.2700407752	0.2818351381	-0.2818351381	-0.345935826	0.345935826	0.3670678718	-0.3670678718	-0.4877628515	0.4877628515	0.5878206596	-0.5878206596	0.6161019855	-0.6161019855	0.6680798691	-0.6680798691	-0.6868298643	0.6868298643	0.6987596015	-0.6987596015	0.7053156983	-0.7053156983	-0.711737041	0.711737041	0.8890286477	-0.8890286477	-0.913334207	0.913334207	1.026672998	-1.026672998	1.0377561	-1.0377561	-1.085805874	1.085805874	-1.107472955	1.107472955	1.175942503	-1.175942503	-1.180935956	1.180935956	1.213260528	-1.213260528	1.217140734	-1.217140734	-1.241085433	1.241085433	1.267629411	-1.267629411	-1.292444135	1.292444135	1.326600875	-1.326600875	-1.354481455	1.354481455	1.438968049	-1.438968049	-1.441066508	1.441066508	1.58229302	-1.58229302	-1.585505696	1.585505696	1.598684001	-1.598684001	1.727837766	-1.727837766	1.820345093	-1.820345093	1.83863434	-1.83863434	-1.855843711	1.855843711	1.909494319	-1.909494319	-1.970291667	1.970291667	-1.978088839	1.978088839	-2.002909965	2.002909965	2.031432198	-2.031432198	-2.067230044	2.067230044	2.140256705	-2.140256705	-2.163854332	2.163854332	-2.201776227	2.201776227	-2.224340189	2.224340189	2.251899702	-2.251899702	-2.269823791	2.269823791	2.272856836	-2.272856836	2.278795696	-2.278795696	-2.346429497	2.346429497	2.362297599	-2.362297599	
-0.94	-0.02296723055	0.02296723055	-0.05581161791	0.05581161791	-0.08002093158	0.08002093158	0.08320300376	-0.08320300376	-0.1774583707	0.1774583707	0.1968133261	-0.1968133261	0.2251353406	-0.2251353406	-0.2557367312	0.2557367312	-0.2701280147	0.2701280147	-0.2838808947	0.2838808947	0.3492586809	-0.3492586809	0.3670529158	-0.3670529158	0.4877814988	-0.4877814988	0.5846609614	-0.5846609614	0.6193149463	-0.6193149463	0.669631066	-0.669631066	0.6871796176	-0.6871796176	-0.6986928477	0.6986928477	0.7034696743	-0.7034696743	0.7117907898	-0.7117907898	0.8890347831	-0.8890347831	0.9132694631	-0.9132694631	-1.026754386	1.026754386	1.032956268	-1.032956268	1.08660344	-1.08660344	1.107459854	-1.107459854	1.174531363	-1.174531363	-1.177545793	1.177545793	1.212733372	-1.212733372	-1.220621826	1.220621826	1.241077413	-1.241077413	1.26767685	-1.26767685	1.289103303	-1.289103303	1.329942816	-1.329942816	1.356210778	-1.356210778	1.438785358	-1.438785358	1.441229996	-1.441229996	1.582286576	-1.582286576	1.588051678	-1.588051678	1.59861018	-1.59861018	1.727840102	-1.727840102	1.820860263	-1.820860263	1.838575279	-1.838575279	1.855944001	-1.855944001	1.911094957	-1.911094957	-1.970268331	1.970268331	1.978473932	-1.978473932	1.999714393	-1.999714393	2.034592836	-2.034592836	2.067230006	-2.067230006	-2.140348517	2.140348517	2.163816081	-2.163816081	2.201830467	-2.201830467	-2.223632893	2.223632893	2.25125896	-2.25125896	2.269877285	-2.269877285	2.272808051	-2.272808051	2.278827029	-2.278827029	-2.345704842	2.345704842	2.362262155	-2.362262155	
-0.93	0.02265754919	-0.02265754919	-0.0558238041	0.0558238041	-0.08019750592	0.08019750592	-0.08319388558	0.08319388558	0.1747634256	-0.1747634256	-0.1967275449	0.1967275449	-0.2253025429	0.2253025429	0.2530180435	-0.2530180435	0.2702373229	-0.2702373229	-0.2857509455	0.2857509455	0.3527654575	-0.3527654575	-0.3670344764	0.3670344764	-0.487803802	0.487803802	-0.581485101	0.581485101	-0.6225539006	0.6225539006	0.6711960312	-0.6711960312	0.6875695297	-0.6875695297	-0.698613276	0.698613276	0.7017066426	-0.7017066426	-0.7118535904	0.7118535904	0.8890327933	-0.8890327933	-0.9131915085	0.9131915085	-1.026851663	1.026851663	-1.027974495	1.027974495	1.087257676	-1.087257676	-1.107439972	1.107439972	1.172433357	-1.172433357	-1.173907686	1.173907686	1.212222871	-1.212222871	-1.22417061	1.22417061	1.241106421	-1.241106421	-1.267733865	1.267733865	1.285685634	-1.285685634	1.333361672	-1.333361672	1.358558076	-1.358558076	-1.438592196	1.438592196	-1.441402427	1.441402427	-1.582279176	1.582279176	-1.59096443	1.59096443	1.598534532	-1.598534532	-1.727842902	1.727842902	1.821448097	-1.821448097	-1.838506177	1.838506177	-1.856062919	1.856062919	1.912675716	-1.912675716	-1.97024016	1.97024016	1.978873953	-1.978873953	1.996501556	-1.996501556	2.037769165	-2.037769165	-2.06723	2.06723	-2.140458321	2.140458321	-2.16377007	2.16377007	-2.201896003	2.201896003	2.22290765	-2.22290765	2.250618259	-2.250618259	2.26993082	-2.26993082	-2.272750408	2.272750408	-2.278863692	2.278863692	2.344991429	-2.344991429	2.36222532	-2.36222532	
-0.92	0.02221600087	-0.02221600087	-0.05583755761	0.05583755761	-0.08040391779	0.08040391779	0.08318274067	-0.08318274067	0.171940026	-0.171940026	-0.1966344434	0.1966344434	0.2254733112	-0.2254733112	-0.250338856	0.250338856	-0.2703675963	0.2703675963	0.2874681059	-0.2874681059	-0.3564269711	0.3564269711	-0.3670125535	0.3670125535	0.4878297468	-0.4878297468	-0.5783019152	0.5783019152	-0.62581003	0.62581003	-0.6727676327	0.6727676327	-0.6880010414	0.6880010414	-0.6985216479	0.6985216479	0.7000307771	-0.7000307771	0.711925143	-0.711925143	0.8890226279	-0.8890226279	0.9131004877	-0.9131004877	1.022824061	-1.022824061	-1.026964527	1.026964527	-1.087774181	1.087774181	-1.107413294	1.107413294	1.169720507	-1.169720507	1.170036151	-1.170036151	-1.211725381	1.211725381	1.227753952	-1.227753952	-1.241168404	1.241168404	-1.267797614	1.267797614	-1.282220103	1.282220103	-1.336828482	1.336828482	-1.361478566	1.361478566	-1.438392244	1.438392244	1.441580159	-1.441580159	1.58227084	-1.58227084	1.594227725	-1.594227725	1.598457393	-1.598457393	-1.727846163	1.727846163	1.822110147	-1.822110147	-1.838428179	1.838428179	1.856199903	-1.856199903	1.91423396	-1.91423396	-1.970207171	1.970207171	1.979283663	-1.979283663	1.993286382	-1.993286382	-2.040952642	2.040952642	2.067230026	-2.067230026	2.14058595	-2.14058595	2.163716419	-2.163716419	2.201972672	-2.201972672	2.222162679	-2.222162679	-2.249978409	2.249978409	2.26998449	-2.26998449	2.272684241	-2.272684241	2.278905361	-2.278905361	2.344291679	-2.344291679	2.362186931	-2.362186931	
-0.91	0.02164293364	-0.02164293364	-0.05585286996	0.05585286996	0.08064029054	-0.08064029054	0.0831695967	-0.0831695967	0.1690011389	-0.1690011389	0.196534552	-0.196534552	0.2256482378	-0.2256482378	0.2476938759	-0.2476938759	-0.2705181977	0.2705181977	-0.2890551048	0.2890551048	0.3602142251	-0.3602142251	-0.3669871475	0.3669871475	-0.4878593162	0.4878593162	0.5751160991	-0.5751160991	0.6290786608	-0.6290786608	0.6743384012	-0.6743384012	0.6884758754	-0.6884758754	0.6984189015	-0.6984189015	0.6984461763	-0.6984461763	0.7120051237	-0.7120051237	0.8890042061	-0.8890042061	-0.9129965678	0.9129965678	1.017518454	-1.017518454	1.027092601	-1.027092601	-1.088156968	1.088156968	1.107379707	-1.107379707	1.165940361	-1.165940361	-1.16646796	1.16646796	-1.211242257	1.211242257	-1.23134227	1.23134227	-1.241260509	1.241260509	1.267865506	-1.267865506	1.278723004	-1.278723004	-1.340326968	1.340326968	-1.364922332	1.364922332	-1.438187795	1.438187795	1.441760988	-1.441760988	1.582261589	-1.582261589	1.597824386	-1.597824386	1.598379086	-1.598379086	1.727849882	-1.727849882	1.822847687	-1.822847687	1.838342703	-1.838342703	1.856354338	-1.856354338	1.915767113	-1.915767113	1.970169383	-1.970169383	1.979688697	-1.979688697	1.990088952	-1.990088952	-2.044138701	2.044138701	-2.067230085	2.067230085	2.140731205	-2.140731205	2.163655265	-2.163655265	-2.202060279	2.202060279	-2.221396251	2.221396251	2.249340179	-2.249340179	-2.270038377	2.270038377	2.27260991	-2.27260991	2.278951686	-2.278951686	2.343607943	-2.343607943	2.362146875	-2.362146875	
-0.9	-0.02093887936	0.02093887936	-0.05586973193	0.05586973193	0.08090673379	-0.08090673379	0.08315448441	-0.08315448441	0.165960258	-0.165960258	0.1964284301	-0.1964284301	0.2258277212	-0.2258277212	0.2450771015	-0.2450771015	0.2706886832	-0.2706886832	0.2905334658	-0.2905334658	0.3640994913	-0.3640994913	0.366958259	-0.366958259	0.4878924912	-0.4878924912	0.5719303954	-0.5719303954	0.6323570748	-0.6323570748	-0.6759004465	0.6759004465	-0.6889960458	0.6889960458	0.6969568245	-0.6969568245	-0.6983062115	0.6983062115	0.7120931954	-0.7120931954	-0.8889774047	0.8889774047	0.9128799378	-0.9128799378	1.012071225	-1.012071225	-1.027235427	1.027235427	1.088408111	-1.088408111	-1.107338986	1.107338986	1.161626789	-1.161626789	1.162750081	-1.162750081	1.210777396	-1.210777396	1.234910353	-1.234910353	1.241380736	-1.241380736	1.267935444	-1.267935444	1.275204146	-1.275204146	1.34384735	-1.34384735	-1.368837557	1.368837557	1.437980391	-1.437980391	1.441943529	-1.441943529	-1.582251454	1.582251454	1.598299915	-1.598299915	1.601736625	-1.601736625	1.727854058	-1.727854058	1.823661589	-1.823661589	-1.838251526	1.838251526	1.85652557	-1.85652557	1.917272667	-1.917272667	-1.970126819	1.970126819	-1.980041952	1.980041952	1.986960194	-1.986960194	2.04732466	-2.04732466	2.067230177	-2.067230177	2.140893862	-2.140893862	2.163586762	-2.163586762	-2.202158598	2.202158598	2.220606713	-2.220606713	2.248704297	-2.248704297	2.270092549	-2.270092549	2.272527786	-2.272527786	2.279002306	-2.279002306	-2.342942495	2.342942495	2.362105079	-2.362105079	
-0.89	0.02010455931	-0.02010455931	-0.05588813406	0.05588813406	-0.08120333278	0.08120333278	0.08313743716	-0.08313743716	0.1628311621	-0.1628311621	0.196316657	-0.196316657	0.2260120205	-0.2260120205	0.242482173	-0.242482173	0.2708786947	-0.2708786947	0.2919228147	-0.2919228147	0.3669258893	-0.3669258893	0.3680569866	-0.3680569866	-0.48792925	0.48792925	0.5687465319	-0.5687465319	0.6356435717	-0.6356435717	-0.6774453933	0.6774453933	-0.6895637997	0.6895637997	0.6955665472	-0.6955665472	0.6981850997	-0.6981850997	0.7121890199	-0.7121890199	0.8889420427	-0.8889420427	0.9127508075	-0.9127508075	-1.006495881	1.006495881	1.027392451	-1.027392451	1.088527276	-1.088527276	-1.107290756	1.107290756	-1.157100961	1.157100961	-1.158638533	1.158638533	-1.210335581	1.210335581	-1.238437125	1.238437125	1.241527676	-1.241527676	1.268005918	-1.268005918	1.271669778	-1.271669778	-1.34738342	1.34738342	1.373173089	-1.373173089	1.437771172	-1.437771172	1.442126882	-1.442126882	-1.582240469	1.582240469	1.598220164	-1.598220164	1.605946347	-1.605946347	1.727858685	-1.727858685	-1.824552142	1.824552142	1.83815694	-1.83815694	1.856712921	-1.856712921	1.918748199	-1.918748199	-1.970079505	1.970079505	-1.980123977	1.980123977	-1.98412238	1.98412238	-2.050508823	2.050508823	2.0672303	-2.0672303	-2.141073666	2.141073666	2.163511082	-2.163511082	2.202267372	-2.202267372	-2.219792505	2.219792505	2.248071448	-2.248071448	2.270147064	-2.270147064	2.272438251	-2.272438251	-2.279056851	2.279056851	2.342297526	-2.342297526	2.362061505	-2.362061505	
-0.88	0.01914088776	-0.01914088776	-0.05590806712	0.05590806712	0.08153013854	-0.08153013854	-0.08311849037	0.08311849037	0.1596276991	-0.1596276991	0.1961998236	-0.1961998236	0.2262012964	-0.2262012964	0.2399026388	-0.2399026388	-0.2710879113	0.2710879113	0.2932405377	-0.2932405377	-0.3668900399	0.3668900399	-0.3720632171	0.3720632171	0.4879695684	-0.4879695684	0.5655656671	-0.5655656671	0.6389370232	-0.6389370232	0.6789643729	-0.6789643729	0.6901814102	-0.6901814102	0.6942789603	-0.6942789603	0.6980576348	-0.6980576348	-0.7122922694	0.7122922694	0.8888978608	-0.8888978608	0.912609407	-0.912609407	1.000805817	-1.000805817	1.027563002	-1.027563002	1.088511047	-1.088511047	1.107234447	-1.107234447	1.152368498	-1.152368498	1.154201839	-1.154201839	1.209921479	-1.209921479	1.241700295	-1.241700295	1.241905011	-1.241905011	-1.268076	1.268076	1.268124091	-1.268124091	1.350931056	-1.350931056	1.377880236	-1.377880236	1.437561104	-1.437561104	-1.442310444	1.442310444	1.582228675	-1.582228675	1.598140087	-1.598140087	1.610435422	-1.610435422	-1.727863761	1.727863761	1.825518754	-1.825518754	1.838062025	-1.838062025	-1.856915699	1.856915699	1.920191385	-1.920191385	1.97002747	-1.97002747	-1.978929048	1.978929048	-1.982583461	1.982583461	-2.053690047	2.053690047	-2.067230457	2.067230457	2.141270333	-2.141270333	-2.163428408	2.163428408	-2.202386303	2.202386303	2.218952184	-2.218952184	2.247442275	-2.247442275	2.270201967	-2.270201967	2.272341683	-2.272341683	2.279114954	-2.279114954	2.341675133	-2.341675133	-2.362016145	2.362016145	
-0.87	0.01804897335	-0.01804897335	-0.05592952281	0.05592952281	-0.08188715938	0.08188715938	-0.08309768088	0.08309768088	-0.1563636017	0.1563636017	0.1960785238	-0.1960785238	0.2263956426	-0.2263956426	0.2373321644	-0.2373321644	-0.2713160252	0.2713160252	0.2945016945	-0.2945016945	-0.3668507129	0.3668507129	0.3760970808	-0.3760970808	-0.4880134201	0.4880134201	-0.5623886218	0.5623886218	-0.6422366418	0.6422366418	-0.680448128	0.680448128	0.6908506727	-0.6908506727	0.6930974128	-0.6930974128	0.6979268168	-0.6979268168	-0.7124026393	0.7124026393	0.8888444937	-0.8888444937	-0.9124559853	0.9124559853	0.9950142891	-0.9950142891	-1.027746275	1.027746275	1.088351969	-1.088351969	1.107169197	-1.107169197	1.147435673	-1.147435673	1.149506103	-1.149506103	1.209539081	-1.209539081	1.241897768	-1.241897768	1.245299246	-1.245299246	-1.264570044	1.264570044	1.268145295	-1.268145295	-1.354487415	1.354487415	1.382913821	-1.382913821	1.437351138	-1.437351138	1.442493812	-1.442493812	-1.58221612	1.58221612	1.598059915	-1.598059915	1.615185913	-1.615185913	-1.727869281	1.727869281	1.826559427	-1.826559427	1.837971133	-1.837971133	-1.857133217	1.857133217	1.92160001	-1.92160001	-1.969970744	1.969970744	-1.976207927	1.976207927	1.98259452	-1.98259452	-2.056867522	2.056867522	-2.067230647	2.067230647	2.141483545	-2.141483545	-2.163338941	2.163338941	2.202515051	-2.202515051	2.218084452	-2.218084452	2.246817374	-2.246817374	2.270257297	-2.270257297	2.272238455	-2.272238455	2.279176256	-2.279176256	2.341077313	-2.341077313	-2.361969015	2.361969015	
-0.86	0.01683011812	-0.01683011812	-0.05595249447	0.05595249447	-0.08227435397	0.08227435397	0.08307504608	-0.08307504608	0.1530523395	-0.1530523395	0.1959533463	-0.1959533463	0.2265951108	-0.2265951108	0.2347646951	-0.2347646951	0.2715627296	-0.2715627296	0.2957190971	-0.2957190971	-0.3668079108	0.3668079108	-0.3801398156	0.3801398156	0.488060776	-0.488060776	0.559216006	-0.559216006	0.645541853	-0.645541853	-0.6818873112	0.6818873112	0.6915718159	-0.6915718159	-0.692024923	0.692024923	0.6977973533	-0.6977973533	0.7125198603	-0.7125198603	0.8887814335	-0.8887814335	0.9122908093	-0.9122908093	0.9891344292	-0.9891344292	-1.027941289	1.027941289	1.088037153	-1.088037153	-1.107093701	1.107093701	1.142309621	-1.142309621	-1.144616752	1.144616752	1.20919146	-1.20919146	1.242119332	-1.242119332	1.248607237	-1.248607237	1.261009874	-1.261009874	1.268213889	-1.268213889	1.358050472	-1.358050472	1.388232613	-1.388232613	1.437142389	-1.437142389	1.442676718	-1.442676718	-1.58220286	1.58220286	1.597979844	-1.597979844	1.620180257	-1.620180257	1.72787524	-1.72787524	1.827669821	-1.827669821	1.837890809	-1.837890809	1.8573648	-1.8573648	1.922971985	-1.922971985	1.969909363	-1.969909363	1.973080655	-1.973080655	1.98303709	-1.98303709	2.060040643	-2.060040643	-2.067230869	2.067230869	2.141712957	-2.141712957	2.163242892	-2.163242892	2.202653214	-2.202653214	2.217188187	-2.217188187	-2.246197297	2.246197297	2.27031308	-2.27031308	-2.27212893	2.27212893	-2.279240407	2.279240407	-2.340505952	2.340505952	2.36192015	-2.36192015	
-0.85	0.01548581414	-0.01548581414	-0.05597697803	0.05597697803	-0.08269162629	0.08269162629	0.08305062294	-0.08305062294	-0.1497070054	0.1497070054	0.195824868	-0.195824868	-0.2267997295	0.2267997295	0.2321945773	-0.2321945773	-0.2718277117	0.2718277117	-0.2969034816	0.2969034816	0.3667616365	-0.3667616365	-0.3841748622	0.3841748622	-0.4881116048	0.4881116048	-0.5560482937	0.5560482937	0.6488522212	-0.6488522212	-0.6832730519	0.6832730519	0.6910641069	-0.6910641069	-0.6923412376	0.6923412376	-0.69767734	0.69767734	0.7126437114	-0.7126437114	0.8887079782	-0.8887079782	0.912114163	-0.912114163	-0.9831792946	0.9831792946	-1.028146839	1.028146839	-1.087546277	1.087546277	-1.107005923	1.107005923	1.136998348	-1.136998348	1.139601322	-1.139601322	1.208880721	-1.208880721	-1.242364093	1.242364093	-1.251817973	1.251817973	-1.257445495	1.257445495	-1.26828237	1.26828237	-1.361618742	1.361618742	-1.393799242	1.393799242	-1.436936366	1.436936366	1.44285901	-1.44285901	1.58218896	-1.58218896	1.597900039	-1.597900039	1.625401414	-1.625401414	1.727881632	-1.727881632	1.828841436	-1.828841436	-1.837831571	1.837831571	-1.857609803	1.857609803	-1.924305362	1.924305362	-1.969843364	1.969843364	-1.969851594	1.969851594	-1.983608162	1.983608162	-2.063208939	2.063208939	-2.067231125	2.067231125	2.141958186	-2.141958186	-2.163140483	2.163140483	-2.202800314	2.202800314	2.216262484	-2.216262484	2.245582549	-2.245582549	-2.270369337	2.270369337	-2.272013455	2.272013455	2.279307073	-2.279307073	2.33996281	-2.33996281	-2.361869601	2.361869601	
-0.84	0.01401773836	-0.01401773836	-0.05600297305	0.05600297305	-0.08302444667	0.08302444667	-0.0831388224	0.0831388224	0.1463402341	-0.1463402341	-0.1956936469	0.1956936469	0.2270095189	-0.2270095189	0.2296166454	-0.2296166454	-0.2721106487	0.2721106487	0.2980637259	-0.2980637259	-0.3667118935	0.3667118935	-0.3881876894	0.3881876894	-0.4881658726	0.4881658726	0.5528858685	-0.5528858685	0.6521674031	-0.6521674031	-0.6845978068	0.6845978068	0.690217101	-0.690217101	-0.6931467166	0.6931467166	0.6975821812	-0.6975821812	-0.712774035	0.712774035	0.8886231607	-0.8886231607	0.9119263459	-0.9119263459	-0.9771619607	0.9771619607	-1.028361424	1.028361424	-1.086848808	1.086848808	-1.106902565	1.106902565	-1.131510616	1.131510616	-1.134533444	1.134533444	1.208608064	-1.208608064	1.242630606	-1.242630606	-1.253879046	1.253879046	-1.254921417	1.254921417	1.268351998	-1.268351998	-1.365191111	1.365191111	1.399579619	-1.399579619	1.436735416	-1.436735416	-1.443040642	1.443040642	-1.582174495	1.582174495	-1.597820628	1.597820628	-1.630832975	1.630832975	1.727888453	-1.727888453	1.830057938	-1.830057938	-1.837811558	1.837811558	1.857867614	-1.857867614	1.925598346	-1.925598346	-1.966582951	1.966582951	-1.969772787	1.969772787	-1.9842467	1.9842467	2.066372032	-2.066372032	-2.067231413	2.067231413	-2.14221882	2.14221882	-2.163031945	2.163031945	-2.202955761	2.202955761	2.215306706	-2.215306706	2.244973588	-2.244973588	2.27042608	-2.27042608	-2.271892362	2.271892362	-2.279375937	2.279375937	2.339449517	-2.339449517	2.361817432	-2.361817432	
-0.83	-0.01242774569	0.01242774569	-0.05603048409	0.05603048409	-0.08299654912	0.08299654912	0.08361572893	-0.08361572893	0.1429641486	-0.1429641486	0.1955602173	-0.1955602173	0.2270262785	-0.2270262785	0.2272245022	-0.2272245022	-0.2724112062	0.2724112062	-0.2992070776	0.2992070776	0.366658686	-0.366658686	0.3921656121	-0.3921656121	-0.4882235431	0.4882235431	-0.5497290518	0.5497290518	0.6554871187	-0.6554871187	0.6858563609	-0.6858563609	0.6894854772	-0.6894854772	-0.6939567932	0.6939567932	0.6975441888	-0.6975441888	-0.7129107528	0.7129107528	0.8885256473	-0.8885256473	-0.911727672	0.911727672	0.9710956613	-0.9710956613	-1.028583139	1.028583139	1.08590043	-1.08590043	-1.106777984	1.106777984	1.125855772	-1.125855772	-1.129498261	1.129498261	1.208373907	-1.208373907	1.242915284	-1.242915284	-1.250314561	1.250314561	1.257907596	-1.257907596	-1.268425283	1.268425283	1.368766723	-1.368766723	1.405541652	-1.405541652	1.436543673	-1.436543673	-1.44322171	1.44322171	1.582159551	-1.582159551	-1.597741704	1.597741704	1.636459234	-1.636459234	-1.727895695	1.727895695	1.831287559	-1.831287559	-1.837864096	1.837864096	-1.85813768	1.85813768	1.926849295	-1.926849295	-1.963293838	1.963293838	-1.969697677	1.969697677	1.984934599	-1.984934599	-2.067231736	2.067231736	2.069529602	-2.069529602	-2.142494407	2.142494407	-2.16291752	2.16291752	-2.203118794	2.203118794	2.214320565	-2.214320565	2.244370824	-2.244370824	2.270483313	-2.270483313	2.271765963	-2.271765963	2.279446701	-2.279446701	2.338967554	-2.338967554	-2.361763718	2.361763718	
-0.82	-0.01071786126	0.01071786126	-0.05605952232	0.05605952232	0.08296695664	-0.08296695664	-0.08412207304	0.08412207304	0.139590329	-0.139590329	0.1954250847	-0.1954250847	0.224419434	-0.224419434	0.2274447139	-0.2274447139	-0.2727290366	0.2727290366	0.3003393752	-0.3003393752	0.3666020184	-0.3666020184	-0.3960976202	0.3960976202	0.4882845776	-0.4882845776	0.5465781225	-0.5465781225	0.6588111305	-0.6588111305	0.6870466565	-0.6870466565	0.6888701522	-0.6888701522	0.6946988793	-0.6946988793	0.6976336222	-0.6976336222	0.7130538852	-0.7130538852	0.888413591	-0.888413591	0.9115184687	-0.9115184687	0.9649939893	-0.9649939893	1.028809514	-1.028809514	-1.084639268	1.084639268	-1.106621812	1.106621812	1.120043567	-1.120043567	1.124599386	-1.124599386	1.208178032	-1.208178032	1.243200632	-1.243200632	1.246769795	-1.246769795	-1.260764527	1.260764527	1.268507803	-1.268507803	1.372344909	-1.372344909	1.411652349	-1.411652349	1.436369479	-1.436369479	1.443402535	-1.443402535	-1.582144227	1.582144227	-1.597663321	1.597663321	1.642265238	-1.642265238	1.727903353	-1.727903353	1.832468665	-1.832468665	1.838052103	-1.838052103	1.85841951	-1.85841951	1.928056722	-1.928056722	1.959992094	-1.959992094	-1.969618079	1.969618079	1.985664893	-1.985664893	-2.067232093	2.067232093	2.072681373	-2.072681373	-2.142784461	2.142784461	2.162797454	-2.162797454	2.203288377	-2.203288377	2.213304244	-2.213304244	2.243774616	-2.243774616	2.270541033	-2.270541033	2.271634554	-2.271634554	2.279519084	-2.279519084	2.33851825	-2.33851825	2.36170854	-2.36170854	
-0.81	0.008890272308	-0.008890272308	-0.05609010758	0.05609010758	0.08293568731	-0.08293568731	0.08465752366	-0.08465752366	0.1362297994	-0.1362297994	0.1952887231	-0.1952887231	0.2217926632	-0.2217926632	0.2276702063	-0.2276702063	0.273063779	-0.273063779	0.301465252	-0.301465252	-0.3665418962	0.3665418962	0.3999742254	-0.3999742254	0.4883489347	-0.4883489347	0.5434333294	-0.5434333294	0.6621392293	-0.6621392293	-0.6881700311	0.6881700311	0.688371291	-0.688371291	0.6952446863	-0.6952446863	-0.6979729958	0.6979729958	0.7132035756	-0.7132035756	0.8882844137	-0.8882844137	0.911299075	-0.911299075	0.9588711799	-0.9588711799	1.029037258	-1.029037258	1.082984051	-1.082984051	1.106413201	-1.106413201	-1.114083979	1.114083979	-1.119967342	1.119967342	1.208019728	-1.208019728	1.242843447	-1.242843447	1.243888066	-1.243888066	1.263470987	-1.263470987	1.268615266	-1.268615266	-1.375925136	1.375925136	1.417869594	-1.417869594	1.436232952	-1.436232952	-1.443583922	1.443583922	1.582128639	-1.582128639	1.597585495	-1.597585495	1.64823681	-1.64823681	1.72791142	-1.72791142	1.833493695	-1.833493695	1.838484105	-1.838484105	1.858712708	-1.858712708	-1.929219258	1.929219258	1.956681692	-1.956681692	1.969534045	-1.969534045	1.986434381	-1.986434381	2.067232484	-2.067232484	2.075827101	-2.075827101	-2.143088457	2.143088457	-2.162672	2.162672	-2.203462991	2.203462991	2.212258621	-2.212258621	2.243185274	-2.243185274	-2.270599232	2.270599232	-2.27149841	2.27149841	2.279592826	-2.279592826	-2.338102766	2.338102766	2.361651985	-2.361651985	
-0.8	-0.00694732043	0.00694732043	-0.05612227093	0.05612227093	0.08290274728	-0.08290274729	0.08522169368	-0.08522169368	0.1328930279	-0.1328930279	0.1951515716	-0.1951515716	0.2191431134	-0.2191431134	0.2279010532	-0.2279010532	0.2734150588	-0.2734150588	0.3025883181	-0.3025883181	0.366478325	-0.366478325	0.4037873305	-0.4037873305	0.4884165706	-0.4884165706	0.5402949002	-0.5402949002	-0.6654712199	0.6654712199	0.687988207	-0.687988207	0.6892305773	-0.6892305773	-0.6955061001	0.6955061001	0.6986418106	-0.6986418106	0.7133601199	-0.7133601199	0.8881344757	-0.8881344757	0.9110698409	-0.9110698409	0.9527425178	-0.9527425178	1.029261852	-1.029261852	1.080839061	-1.080839061	1.106105496	-1.106105496	1.107987063	-1.107987063	1.11577089	-1.11577089	1.207897924	-1.207897924	1.239499582	-1.239499582	1.24401352	-1.24401352	1.265956228	-1.265956228	1.268813652	-1.268813652	-1.379506969	1.379506969	1.424109409	-1.424109409	1.436197528	-1.436197528	1.443767954	-1.443767954	1.58211292	-1.58211292	-1.597508204	1.597508204	-1.654360555	1.654360555	-1.727919888	1.727919888	1.834236509	-1.834236509	-1.839286844	1.839286844	1.859016997	-1.859016997	1.930335574	-1.930335574	1.95336513	-1.95336513	1.969445626	-1.969445626	-1.987241332	1.987241332	-2.067232909	2.067232909	2.078966563	-2.078966563	2.143405829	-2.143405829	2.162541414	-2.162541414	2.203640206	-2.203640206	2.211185719	-2.211185719	2.242603057	-2.242603057	2.270657893	-2.270657893	2.271357789	-2.271357789	-2.279667686	2.279667686	2.337722091	-2.337722091	2.361594144	-2.361594144	
-0.79	-0.0048914952	0.0048914952	-0.05615605785	0.05615605785	0.0828681258	-0.0828681258	0.08581414282	-0.08581414282	0.1295899365	-0.1295899365	0.1950140333	-0.1950140333	0.2164685216	-0.2164685216	0.2281373532	-0.2281373532	0.2737824882	-0.2737824882	0.3037113194	-0.3037113194	-0.3664113117	0.3664113117	0.407530117	-0.407530117	0.4884874388	-0.4884874388	0.5371630478	-0.5371630478	-0.6688069064	0.6688069064	-0.6877192614	0.6877192614	0.6902335877	-0.6902335877	-0.6955492326	0.6955492326	0.6995640193	-0.6995640193	-0.7135240053	0.7135240053	0.8879585614	-0.8879585614	0.9108311254	-0.9108311254	-0.9466249375	0.9466249375	-1.029476878	1.029476878	1.078112389	-1.078112389	1.101762823	-1.101762823	1.105585176	-1.105585176	1.112240982	-1.112240982	1.207811304	-1.207811304	1.235940372	-1.235940372	1.244374727	-1.244374727	1.267782486	-1.267782486	-1.269536611	1.269536611	1.383090054	-1.383090054	1.430033495	-1.430033495	1.436578682	-1.436578682	-1.443961363	1.443961363	1.582097228	-1.582097228	-1.597431389	1.597431389	1.660623849	-1.660623849	1.72792875	-1.72792875	-1.834659349	1.834659349	1.840498254	-1.840498254	-1.859332267	1.859332267	-1.931404167	1.931404167	-1.950044515	1.950044515	-1.969352879	1.969352879	1.988084621	-1.988084621	2.06723337	-2.06723337	2.08209955	-2.08209955	-2.143735968	2.143735968	2.162405958	-2.162405958	2.203815705	-2.203815705	2.210089692	-2.210089692	2.24202817	-2.24202817	2.270716997	-2.270716997	-2.271212929	2.271212929	2.279743441	-2.279743441	2.337377031	-2.337377031	2.36153511	-2.36153511	
-0.78	0.002725429888	-0.002725429888	-0.05619153253	0.05619153253	-0.08283178842	0.08283178842	-0.08643438088	0.08643438088	0.1263299185	-0.1263299185	-0.1948764743	0.1948764743	0.2137672028	-0.2137672028	0.228379231	-0.228379231	-0.2741656665	0.2741656665	-0.3048362763	0.3048362763	0.3663408634	-0.3663408634	0.4111969514	-0.4111969514	0.4885614905	-0.4885614905	0.5340379752	-0.5340379752	0.6721460668	-0.6721460668	0.6875617694	-0.6875617694	0.691183017	-0.691183017	0.6954811205	-0.6954811205	0.700623811	-0.700623811	0.7136959608	-0.7136959608	-0.8877490532	0.8877490532	0.9105832954	-0.9105832954	0.9405379433	-0.9405379433	-1.029672838	1.029672838	1.074748098	-1.074748098	1.095421119	-1.095421119	-1.104616554	1.104616554	1.10969548	-1.10969548	1.2077584	-1.2077584	1.232365771	-1.232365771	1.244771566	-1.244771566	1.268346013	-1.268346013	1.27138436	-1.27138436	-1.386674093	1.386674093	-1.433693375	1.433693375	-1.439273323	1.439273323	1.444201653	-1.444201653	-1.582081748	1.582081748	1.597354956	-1.597354956	-1.667014818	1.667014818	1.727937998	-1.727937998	1.834840998	-1.834840998	-1.842039212	1.842039212	-1.859658651	1.859658651	1.932422739	-1.932422739	1.946722563	-1.946722563	-1.969255862	1.969255862	1.988963344	-1.988963344	-2.067233867	2.067233867	2.085225865	-2.085225865	-2.14407822	2.14407822	2.162265893	-2.162265893	2.203980752	-2.203980752	2.208979379	-2.208979379	2.241460767	-2.241460767	-2.270776514	2.270776514	2.271064053	-2.271064053	2.279819884	-2.279819884	2.337068206	-2.337068206	2.361474978	-2.361474978	
-0.77	-0.0004519004314	0.0004519004314	-0.05622878329	0.05622878329	0.08279366754	-0.08279366754	-0.08708187126	0.08708187126	-0.1231218599	0.1231218599	0.1947392234	-0.1947392234	0.211038036	-0.211038036	-0.2286268382	0.2286268382	-0.2745641804	0.2745641804	0.3059646008	-0.3059646008	-0.3662669884	0.3662669884	-0.4147833041	0.4147833041	-0.488638674	0.488638674	-0.5309198784	0.5309198784	-0.6754883962	0.6754883962	0.6875119356	-0.6875119356	0.6920768506	-0.6920768506	-0.6953708029	0.6953708029	0.7017491	-0.7017491	0.7138770215	-0.7138770215	-0.8874945684	0.8874945684	-0.9103267246	0.9103267246	0.9345050752	-0.9345050752	-1.029835018	1.029835018	-1.070756823	1.070756823	-1.088971594	1.088971594	1.103075967	-1.103075967	-1.108276855	1.108276855	1.207737663	-1.207737663	-1.228786521	1.228786521	-1.245193071	1.245193071	1.268515262	-1.268515262	1.273485441	-1.273485441	-1.390258832	1.390258832	-1.43436218	1.43436218	1.443770367	-1.443770367	1.445714451	-1.445714451	-1.5820667	1.5820667	1.597278777	-1.597278777	-1.67352231	1.67352231	1.727947624	-1.727947624	-1.83487737	1.83487737	1.8438128	-1.8438128	-1.859996658	1.859996658	-1.933386025	1.933386025	-1.943404962	1.943404962	-1.969154639	1.969154639	1.989876645	-1.989876645	-2.0672344	2.0672344	-2.088345319	2.088345319	2.144431883	-2.144431883	-2.162121484	2.162121484	-2.204114569	2.204114569	2.207875934	-2.207875934	-2.240900945	2.240900945	-2.270836413	2.270836413	-2.270911367	2.270911367	-2.279896826	2.279896826	2.336796043	-2.336796043	-2.361413844	2.361413844	
-0.76	0.001926171063	-0.001926171063	-0.05626792986	0.05626792986	-0.08275364901	0.08275364901	0.08775603446	-0.08775603446	-0.1199741675	0.1199741675	0.1946025728	-0.1946025728	0.2082804502	-0.2082804502	0.228880353	-0.228880353	-0.2749776048	0.2749776048	0.3070971984	-0.3070971984	0.3661896956	-0.3661896956	0.4182856775	-0.4182856775	-0.4887189351	0.4887189351	0.52780895	-0.52780895	-0.6788333366	0.6788333366	0.6875649021	-0.6875649021	0.6928949671	-0.6928949671	-0.6952733575	0.6952733575	-0.7028995403	0.7028995403	0.7140686133	-0.7140686133	0.887177635	-0.887177635	0.9100617913	-0.9100617913	0.9285563421	-0.9285563421	-1.02993937	1.02993937	1.0662225	-1.0662225	1.082423631	-1.082423631	1.101320804	-1.101320804	-1.107580855	1.107580855	1.207747523	-1.207747523	1.225205209	-1.225205209	-1.245636393	1.245636393	1.268613105	-1.268613105	1.275514459	-1.275514459	1.393844056	-1.393844056	-1.434377191	1.434377191	-1.444311315	1.444311315	1.451910116	-1.451910116	1.582052349	-1.582052349	1.597202695	-1.597202695	1.68013586	-1.68013586	1.72795762	-1.72795762	1.834830452	-1.834830452	1.845755111	-1.845755111	-1.86034741	1.86034741	1.93427431	-1.93427431	1.940111938	-1.940111938	1.969049275	-1.969049275	1.990823623	-1.990823623	2.06723497	-2.06723497	2.091457728	-2.091457728	2.144796202	-2.144796202	2.161972993	-2.161972993	-2.204157854	2.204157854	2.206839328	-2.206839328	2.240348748	-2.240348748	-2.270755063	2.270755063	2.270896655	-2.270896655	-2.279974093	2.279974093	-2.336560772	2.336560772	-2.361351803	2.361351803	
-0.75	0.004405706647	-0.004405706647	-0.05630913323	0.05630913323	-0.08271155285	0.08271155285	-0.08845625154	0.08845625154	0.1168948012	-0.1168948012	-0.194466779	0.194466779	-0.2054944124	0.2054944124	-0.2291399796	0.2291399796	-0.2754055031	0.2754055031	-0.3082345526	0.3082345526	0.3661089951	-0.3661089951	0.4217015396	-0.4217015396	-0.4888022168	0.4888022168	-0.5247053803	0.5247053803	-0.682179345	0.682179345	0.6877153564	-0.6877153564	-0.6935611151	0.6935611151	-0.695284706	0.695284706	-0.7040496387	0.7040496387	-0.7142726567	0.7142726567	-0.88677063	0.88677063	-0.9097888778	0.9097888778	0.9227324005	-0.9227324005	-1.029944136	1.029944136	-1.061285322	1.061285322	-1.075786326	1.075786326	-1.099683296	1.099683296	-1.107188388	1.107188388	1.207786409	-1.207786409	-1.221622904	1.221622904	1.24610019	-1.24610019	-1.268688915	1.268688915	1.277419973	-1.277419973	-1.397429575	1.397429575	-1.434254394	1.434254394	-1.444519933	1.444519933	-1.45863928	1.45863928	-1.582039015	1.582039015	1.597126523	-1.597126523	-1.686845649	1.686845649	-1.727967977	1.727967977	-1.834734204	1.834734204	1.847828877	-1.847828877	-1.860713103	1.860713103	1.934903661	-1.934903661	-1.937028073	1.937028073	-1.968939839	1.968939839	1.991803288	-1.991803288	-2.067235578	2.067235578	-2.094562908	2.094562908	-2.145170366	2.145170366	-2.161820685	2.161820685	-2.203935738	2.203935738	-2.206045397	2.206045397	2.239804161	-2.239804161	-2.270595318	2.270595318	-2.270957196	2.270957196	-2.280051525	2.280051525	2.336362427	-2.336362427	-2.361288949	2.361288949	
-0.74	-0.006983454439	0.006983454439	-0.05635260907	0.05635260907	0.08266710487	-0.08266710488	-0.08918186728	0.08918186728	0.1138913156	-0.1138913156	-0.1943320642	0.1943320642	0.2026804194	-0.2026804194	0.2294059473	-0.2294059473	-0.2758474284	0.2758474284	-0.3093767981	0.3093767981	-0.3660248977	0.3660248977	0.425029259	-0.425029259	-0.4888884595	0.4888884595	-0.5216093598	0.5216093598	0.6855177214	-0.6855177214	0.6879635817	-0.6879635818	-0.6939076328	0.6939076328	-0.6955847083	0.6955847083	0.7051808172	-0.7051808172	0.7144916893	-0.7144916893	0.8862285928	-0.8862285928	-0.9095083681	0.9095083681	-0.9170918633	0.9170918633	-1.029771871	1.029771871	1.056128103	-1.056128103	1.069068476	-1.069068476	-1.098248137	1.098248137	-1.10691972	1.10691972	1.207852726	-1.207852726	-1.218040288	1.218040288	-1.246583561	1.246583561	1.268755378	-1.268755378	-1.279187642	1.279187642	1.401015222	-1.401015222	-1.434083767	1.434083767	1.444699362	-1.444699362	-1.465500244	1.465500244	-1.582027092	1.582027092	1.597050054	-1.597050054	-1.693642468	1.693642468	1.727978688	-1.727978688	1.834607162	-1.834607162	-1.85000988	1.85000988	1.861097983	-1.861097983	-1.933084018	1.933084018	1.936344231	-1.936344231	-1.968826404	1.968826404	1.992814544	-1.992814544	-2.067236224	2.067236224	2.097660681	-2.097660681	-2.145553504	2.145553504	2.16166482	-2.16166482	-2.203221334	2.203221334	2.205722309	-2.205722309	2.239267114	-2.239267114	2.270432299	-2.270432299	2.271017987	-2.271017987	2.280128973	-2.280128973	2.336200843	-2.336200843	2.361225375	-2.361225375	
-0.73	0.009655958959	-0.009655958959	-0.05639864649	0.05639864649	0.08261989425	-0.08261989425	-0.08993219321	0.08993219321	0.110970915	-0.110970915	-0.1941986181	0.1941986181	0.1998394931	-0.1998394931	0.2296785091	-0.2296785091	0.2763029236	-0.2763029236	-0.3105237818	0.3105237818	0.3659374155	-0.3659374155	-0.4282680385	0.4282680385	-0.4889776008	0.4889776008	0.5185210801	-0.5185210801	-0.6881580555	0.6881580555	0.6889898907	-0.6889898907	0.6939186812	-0.6939186812	-0.696197305	0.696197305	0.7062779113	-0.7062779113	0.7147289898	-0.7147289898	0.885476886	-0.885476886	-0.9092206467	0.9092206467	-0.9117237665	0.9117237665	-1.029270525	1.029270525	1.050995501	-1.050995501	1.062278589	-1.062278589	-1.096999406	1.096999406	-1.106707448	1.106707448	1.207944612	-1.207944612	1.214458213	-1.214458213	-1.247085763	1.247085763	1.268817155	-1.268817155	1.280811554	-1.280811554	1.404600849	-1.404600849	1.433891301	-1.433891301	1.444869098	-1.444869098	1.472439797	-1.472439797	-1.582017072	1.582017072	-1.596973061	1.596973061	1.700517673	-1.700517673	-1.727989742	1.727989742	1.834459927	-1.834459927	-1.852277207	1.852277207	-1.861510589	1.861510589	1.929853918	-1.929853918	-1.937022841	1.937022841	1.968709043	-1.968709043	-1.993856188	1.993856188	-2.06723691	2.06723691	2.100750865	-2.100750865	2.145944678	-2.145944678	2.161505657	-2.161505657	-2.202146519	2.202146519	2.205739793	-2.205739793	-2.238737475	2.238737475	-2.270266159	2.270266159	2.271078975	-2.271078975	2.280206303	-2.280206303	2.336075658	-2.336075658	2.361161174	-2.361161174	
-0.72	-0.01241951519	0.01241951519	-0.05644763476	0.05644763476	0.08256930853	-0.08256930853	-0.09070651026	0.09070651026	-0.1081405315	0.1081405315	0.1940666001	-0.1940666001	0.1969731828	-0.1969731828	0.2299579403	-0.2299579403	-0.2767715223	0.2767715223	-0.3116751141	0.3116751141	-0.3658465615	0.3658465615	-0.4314178443	0.4314178443	-0.4890695757	0.4890695757	-0.5154407355	0.5154407355	-0.6886032972	0.6886032972	-0.6922794423	0.6922794423	-0.6937703974	0.6937703974	0.6969519612	-0.6969519612	-0.7073274919	0.7073274919	-0.7149886607	0.7149886607	-0.8843930444	0.8843930444	-0.9067658484	0.9067658484	0.9089260966	-0.9089260966	-1.028141647	1.028141647	-1.046259541	1.046259541	-1.055424898	1.055424898	1.095900043	-1.095900043	-1.10652344	1.10652344	-1.208057568	1.208057568	-1.210880187	1.210880187	-1.247606122	1.247606122	-1.268876366	1.268876366	-1.282288705	1.282288705	1.408186321	-1.408186321	-1.433687152	1.433687152	-1.445033617	1.445033617	-1.479436264	1.479436264	1.582009574	-1.582009574	1.596895305	-1.596895305	1.707463145	-1.707463145	1.728001133	-1.728001133	-1.834298917	1.834298917	-1.854603629	1.854603629	1.861969613	-1.861969613	-1.926530994	1.926530994	1.937747383	-1.937747383	-1.968587837	1.968587837	-1.994926917	1.994926917	-2.067237637	2.067237637	-2.103833279	2.103833279	2.146342877	-2.146342877	2.161343454	-2.161343454	-2.200920294	2.200920294	-2.205890787	2.205890787	2.238215056	-2.238215056	-2.270097041	2.270097041	-2.271140101	2.271140101	-2.28028339	2.28028339	-2.335986316	2.335986316	2.361096436	-2.361096436	
-0.71	-0.01527009925	0.01527009925	-0.05650010223	0.05650010223	-0.0825144318	0.0825144318	-0.09150407117	0.09150407117	0.1054069428	-0.1054069428	0.1939361408	-0.1939361408	0.1940835728	-0.1940835728	0.230244537	-0.230244537	0.2772527496	-0.2772527496	-0.3128302131	0.3128302131	-0.3657523502	0.3657523502	0.4344793291	-0.4344793291	0.4891643162	-0.4891643162	-0.512368524	0.512368524	0.6890375887	-0.6890375887	-0.6935588249	0.6935588249	-0.6956343061	0.6956343061	0.6977565824	-0.6977565824	0.7083170723	-0.7083170723	-0.7152755715	0.7152755715	0.882794248	-0.882794248	0.902417202	-0.902417202	0.908625097	-0.908625097	-1.0259051	1.0259051	1.042456126	-1.042456126	-1.048515387	1.048515387	1.094915224	-1.094915224	-1.106354365	1.106354365	1.207257356	-1.207257356	1.208239528	-1.208239528	-1.248143984	1.248143984	1.268934125	-1.268934125	-1.283617455	1.283617455	1.411771514	-1.411771514	-1.433476109	1.433476109	1.445194489	-1.445194489	-1.486476765	1.486476765	-1.582005398	1.582005398	1.596816539	-1.596816539	1.714471251	-1.714471251	1.72801285	-1.72801285	-1.834128239	1.834128239	-1.856936364	1.856936364	-1.862521261	1.862521261	1.923186455	-1.923186455	1.938447903	-1.938447903	1.968462867	-1.968462867	1.996025339	-1.996025339	-2.067238406	2.067238406	-2.106907739	2.106907739	-2.14674701	2.14674701	-2.161178461	2.161178461	2.199623929	-2.199623929	2.206096305	-2.206096305	-2.237699604	2.237699604	-2.269925081	2.269925081	2.271201301	-2.271201301	2.280360118	-2.280360118	2.335932069	-2.335932069	2.361031251	-2.361031251	
-0.7	0.01820326435	-0.01820326435	-0.05655677443	0.05655677443	0.08245388119	-0.08245388119	-0.09232410254	0.09232410254	0.1027769582	-0.1027769582	0.1911732983	-0.1911732983	0.1938073453	-0.1938073453	0.2305386143	-0.2305386143	-0.2777461227	0.2777461227	-0.3139883404	0.3139883404	0.3656547971	-0.3656547971	0.4374537477	-0.4374537477	0.4892617516	-0.4892617516	0.5093046483	-0.5093046483	0.6895026553	-0.6895026553	-0.6933169645	0.6933169645	-0.6985809638	0.6985809638	0.6989969863	-0.6989969863	0.7092349702	-0.7092349702	0.7155949984	-0.7155949984	0.8804768297	-0.8804768297	0.8988988834	-0.8988988834	0.9083180212	-0.9083180212	1.022195181	-1.022195181	-1.039992543	1.039992543	-1.041557832	1.041557832	-1.094017339	1.094017339	1.106193211	-1.106193211	-1.203697485	1.203697485	1.208381908	-1.208381908	1.248698707	-1.248698707	1.268991074	-1.268991074	-1.284796962	1.284796962	1.415356315	-1.415356315	1.433260741	-1.433260741	-1.445352395	1.445352395	-1.493551874	1.493551874	1.582005592	-1.582005592	1.596736516	-1.596736516	1.721534801	-1.721534801	-1.728024886	1.728024886	-1.833950653	1.833950653	-1.859141724	1.859141724	1.863293632	-1.863293632	-1.919832064	1.919832064	-1.939114012	1.939114012	1.96833422	-1.96833422	-1.997149994	1.997149994	-2.067239217	2.067239217	-2.10997406	2.10997406	2.147155897	-2.147155897	2.161010928	-2.161010928	-2.198286843	2.198286843	2.206329569	-2.206329569	2.237190807	-2.237190807	2.269750404	-2.269750404	2.271262508	-2.271262508	2.280436382	-2.280436382	-2.335911978	2.335911978	2.360965705	-2.360965705	
-0.69	0.02121398368	-0.02121398368	-0.05661866326	0.05661866326	-0.08238553735	0.08238553735	-0.09316580672	0.09316580672	0.1002577226	-0.1002577226	-0.1882455691	0.1882455691	0.1936802946	-0.1936802946	0.2308405055	-0.2308405055	-0.2782511516	0.2782511516	-0.3151486321	0.3151486321	-0.3655539194	0.3655539194	-0.4403428638	0.4403428638	-0.4893618081	0.4893618081	-0.5062493171	0.5062493171	-0.6899842698	0.6899842698	-0.6930575188	0.6930575188	0.699414362	-0.699414362	-0.7023638961	0.7023638961	0.710070871	-0.710070871	-0.7159517434	0.7159517434	0.8773523659	-0.8773523659	0.8963179166	-0.8963179166	-0.9080052339	0.9080052339	1.017203476	-1.017203476	-1.034559844	1.034559844	-1.038708251	1.038708251	-1.093185748	1.093185748	-1.106035978	1.106035978	-1.200117331	1.200117331	-1.208567247	1.208567247	-1.249269647	1.249269647	-1.269047613	1.269047613	1.285826941	-1.285826941	-1.418940616	1.418940616	1.433042564	-1.433042564	-1.445507674	1.445507674	-1.500653708	1.500653708	-1.582011563	1.582011563	1.596654999	-1.596654999	-1.728037232	1.728037232	1.728647015	-1.728647015	-1.833768101	1.833768101	1.860910831	-1.860910831	-1.864590467	1.864590467	-1.916471468	1.916471468	1.939743541	-1.939743541	-1.968201983	1.968201983	1.998299373	-1.998299373	-2.067240074	2.067240074	-2.11303205	2.11303205	-2.147568259	2.147568259	-2.160841099	2.160841099	-2.1969228	2.1969228	-2.20657982	2.20657982	-2.236688287	2.236688287	-2.269573131	2.269573131	-2.271323648	2.271323648	-2.280512082	2.280512082	2.335924924	-2.335924924	2.360899885	-2.360899885	
-0.68	0.02429640912	-0.02429640912	-0.0566872085	0.0566872085	0.0823060882	-0.0823060882	0.0940283633	-0.0940283633	0.09785722883	-0.09785722883	-0.1853042021	0.1853042021	0.1935550483	-0.1935550483	0.2311505596	-0.2311505596	0.2787673396	-0.2787673396	-0.3163101241	0.3163101241	0.3654497355	-0.3654497355	0.4431488488	-0.4431488488	0.4894644093	-0.4894644093	0.5032027463	-0.5032027463	0.6904634655	-0.6904634655	-0.692786347	0.692786347	-0.7002522525	0.7002522525	-0.7057341235	0.7057341235	0.7108171192	-0.7108171192	0.716348631	-0.716348631	0.8735516162	-0.8735516162	-0.8945634127	0.8945634127	0.9076870868	-0.9076870868	-1.011404836	1.011404836	1.027528928	-1.027528928	-1.038151822	1.038151822	1.092405387	-1.092405387	-1.105880232	1.105880232	-1.196536079	1.196536079	1.208775781	-1.208775781	-1.249856151	1.249856151	1.269104001	-1.269104001	-1.286707535	1.286707535	-1.422524316	1.422524316	1.432822548	-1.432822548	1.445660512	-1.445660512	1.50777499	-1.50777499	-1.582025248	1.582025248	-1.596571766	1.596571766	1.72804988	-1.72804988	-1.735801485	1.735801485	-1.833581997	1.833581997	-1.862023421	1.862023421	-1.866627053	1.866627053	-1.913106212	1.913106212	-1.940336505	1.940336505	1.96806625	-1.96806625	1.999471938	-1.999471938	-2.067240977	2.067240977	-2.116081517	2.116081517	2.147982708	-2.147982708	2.160669212	-2.160669212	-2.195540308	2.195540308	-2.206841937	2.206841937	2.236191605	-2.236191605	2.269393373	-2.269393373	-2.271384645	2.271384645	-2.280587127	2.280587127	2.335969604	-2.335969604	2.360833876	-2.360833876	
-0.67	0.02744349088	-0.02744349088	-0.05676451043	0.05676451043	0.08221023833	-0.08221023833	-0.09491093046	0.09491093046	0.0955852009	-0.0955852009	0.1823536645	-0.1823536645	0.193431647	-0.193431647	0.2314691411	-0.2314691411	-0.2792941842	0.2792941842	-0.3174717735	0.3174717735	0.3653422655	-0.3653422655	0.445874171	-0.445874171	-0.4895694757	0.4895694757	-0.5001651601	0.5001651601	-0.6909187159	0.6909187159	-0.6925065936	0.6925065936	-0.7010923454	0.7010923454	-0.7091072854	0.7091072854	0.7114703971	-0.7114703971	-0.7167846848	0.7167846848	-0.8693292468	0.8693292468	0.8934018504	-0.8934018504	0.9073639148	-0.9073639148	-1.005147195	1.005147195	1.020472547	-1.020472547	1.037993282	-1.037993282	1.091665377	-1.091665377	-1.105724417	1.105724417	-1.192954997	1.192954997	1.209005786	-1.209005786	-1.25045756	1.25045756	1.26916041	-1.26916041	-1.287439247	1.287439247	1.426107319	-1.426107319	1.432601351	-1.432601351	1.445811014	-1.445811014	1.514908387	-1.514908387	1.582049392	-1.582049392	1.596486627	-1.596486627	1.728062822	-1.728062822	1.742992142	-1.742992142	-1.833393412	1.833393412	-1.862727625	1.862727625	1.869150253	-1.869150253	-1.909737095	1.909737095	1.940893725	-1.940893725	-1.967927116	1.967927116	-2.000666142	2.000666142	-2.067241928	2.067241928	2.11912226	-2.11912226	2.148397736	-2.148397736	-2.160495501	2.160495501	-2.194145941	2.194145941	-2.207113128	2.207113128	2.235700253	-2.235700253	2.269211238	-2.269211238	-2.271445418	2.271445418	2.280661433	-2.280661433	2.336044543	-2.336044543	2.360767763	-2.360767763	
-0.66	-0.03064635731	0.03064635731	-0.05685372897	0.05685372897	0.08208931941	-0.08208931941	-0.09345463861	0.09345463861	0.09581264614	-0.09581264614	0.1793991268	-0.1793991268	0.1933101142	-0.1933101142	0.2317966278	-0.2317966278	-0.2798311776	0.2798311776	0.3186324755	-0.3186324755	0.3652315313	-0.3652315313	0.4485214773	-0.4485214773	0.4896769251	-0.4896769251	0.4971367931	-0.4971367931	0.6913264145	-0.6913264145	-0.6922201616	0.6922201616	-0.7019332123	0.7019332123	-0.7120329084	0.7120329084	-0.7124831615	0.7124831615	0.717253844	-0.717253844	0.8649176031	-0.8649176031	-0.8926232218	0.8926232218	0.9070360287	-0.9070360287	-0.9986197455	0.9986197455	1.013398214	-1.013398214	1.038057456	-1.038057456	1.090957922	-1.090957922	1.105567499	-1.105567499	1.189374463	-1.189374463	1.209256562	-1.209256562	1.251073206	-1.251073206	1.269216959	-1.269216959	1.288022883	-1.288022883	1.429689532	-1.429689532	1.432379447	-1.432379447	1.445959242	-1.445959242	1.522045806	-1.522045806	1.582088022	-1.582088022	1.596399441	-1.596399441	-1.728076052	1.728076052	-1.750213225	1.750213225	1.833203176	-1.833203176	-1.86326762	1.86326762	1.87191075	-1.87191075	1.906364597	-1.906364597	1.941416384	-1.941416384	1.967784681	-1.967784681	-2.001880449	2.001880449	-2.067242929	2.067242929	2.122154077	-2.122154077	2.148811699	-2.148811699	2.160320194	-2.160320194	-2.192745592	2.192745592	-2.207391682	2.207391682	2.235213657	-2.235213657	2.269026828	-2.269026828	2.271505882	-2.271505882	-2.280734917	2.280734917	2.336148092	-2.336148092	2.360701628	-2.360701628	
-0.65	0.03389325887	-0.03389325887	-0.05695980221	0.05695980221	0.08192887898	-0.08192887898	0.09148448784	-0.09148448784	-0.09673262896	0.09673262896	0.176446528	-0.176446528	0.1931904586	-0.1931904586	0.2321334101	-0.2321334101	-0.2803778073	0.2803778073	-0.319791078	0.319791078	-0.3651175563	0.3651175563	-0.4510934663	0.4510934663	-0.489786672	0.489786672	-0.4941178929	0.4941178929	-0.6916611958	0.6916611958	0.6919283191	-0.6919283191	0.7027737477	-0.7027737477	-0.7125121329	0.7125121329	-0.7158615953	0.7158615953	0.7177451416	-0.7177451416	0.8604804676	-0.8604804676	0.8920870741	-0.8920870741	0.9067037069	-0.9067037069	0.9919229155	-0.9919229155	1.006313586	-1.006313586	1.038255085	-1.038255085	-1.090277472	1.090277472	1.105408769	-1.105408769	1.185794676	-1.185794676	1.209527712	-1.209527712	-1.251702406	1.251702406	1.269273723	-1.269273723	1.28845952	-1.28845952	-1.432157195	1.432157195	1.433270864	-1.433270864	1.446105235	-1.446105235	1.529177397	-1.529177397	1.582147293	-1.582147293	1.596310142	-1.596310142	1.728089563	-1.728089563	-1.757459248	1.757459248	1.833011949	-1.833011949	1.863739778	-1.863739778	-1.874806818	1.874806818	1.902989042	-1.902989042	1.941905843	-1.941905843	-1.967639048	1.967639048	2.003113352	-2.003113352	2.067243982	-2.067243982	-2.125176757	2.125176757	2.149222808	-2.149222808	-2.160143511	2.160143511	-2.19134502	2.19134502	2.207676454	-2.207676454	2.234731177	-2.234731177	2.268840242	-2.268840242	2.271565948	-2.271565948	2.280807505	-2.280807505	2.336278433	-2.336278433	2.360635555	-2.360635555	
-0.64	-0.0371676736	0.0371676736	-0.05709081322	0.05709081322	-0.08170485035	0.08170485035	0.08970390797	-0.08970390797	-0.09766997905	0.09766997905	-0.1735026521	0.1735026521	0.193072676	-0.193072676	-0.2324798898	0.2324798898	-0.2809335567	0.2809335567	-0.3209463931	0.3209463931	-0.3650003662	0.3650003662	-0.4535927546	0.4535927546	0.489898628	-0.489898628	0.4911087241	-0.4911087241	-0.6916319792	0.6916319792	0.691896332	-0.691896332	0.7036129308	-0.7036129308	0.7129190618	-0.7129190618	0.7182444269	-0.7182444269	-0.7192424584	0.7192424584	0.8561269589	-0.8561269589	-0.8917082498	0.8917082498	-0.9063671817	0.9063671817	-0.9851134103	0.9851134103	0.9992266043	-0.9992266043	-1.038538544	1.038538544	-1.089620128	1.089620128	-1.105247727	1.105247727	1.182215775	-1.182215775	-1.209819028	1.209819028	-1.252344469	1.252344469	1.269330754	-1.269330754	1.28875047	-1.28875047	1.431934878	-1.431934878	1.436851225	-1.436851225	-1.446249016	1.446249016	1.536289822	-1.536289822	-1.582237083	1.582237083	-1.596218782	1.596218782	-1.728103348	1.728103348	1.764724978	-1.764724978	-1.832820272	1.832820272	1.86418001	-1.86418001	1.87779694	-1.87779694	1.89961067	-1.89961067	-1.942363558	1.942363558	-1.967490323	1.967490323	2.004363389	-2.004363389	-2.06724509	2.06724509	2.128190083	-2.128190083	-2.14962911	2.14962911	-2.15996567	2.15996567	-2.189950109	2.189950109	2.207966607	-2.207966607	-2.234252103	2.234252103	-2.268651573	2.268651573	-2.271625525	2.271625525	-2.280879126	2.280879126	2.336433582	-2.336433582	2.360569628	-2.360569628	
-0.63	0.04044469369	-0.04044469369	-0.05726075418	0.05726075418	0.08137930293	-0.08137930293	0.08815726862	-0.08815726862	0.09862377874	-0.09862377874	0.1705752172	-0.1705752172	-0.1929567514	0.1929567514	-0.2328364789	0.2328364789	0.2814979056	-0.2814979056	-0.3220972054	0.3220972054	-0.3648799884	0.3648799884	0.4560217334	-0.4560217334	0.4881095755	-0.4881095755	-0.490012702	0.490012702	-0.6913318425	0.6913318425	0.6920042837	-0.6920042837	0.7044497025	-0.7044497025	0.7132658444	-0.7132658444	0.7187367005	-0.7187367005	0.7226256365	-0.7226256365	0.851932334	-0.851932334	0.8914355151	-0.8914355151	0.9060266189	-0.9060266189	-0.9782258776	0.9782258776	-0.992145662	0.992145662	-1.038880745	1.038880745	1.088983207	-1.088983207	1.105084018	-1.105084018	1.178637874	-1.178637874	1.210130449	-1.210130449	1.252998693	-1.252998693	1.26938808	-1.26938808	1.288897258	-1.288897258	1.431712727	-1.431712727	1.440430527	-1.440430527	-1.446390599	1.446390599	1.543362876	-1.543362876	-1.582374237	1.582374237	-1.596125616	1.596125616	1.728117404	-1.728117404	-1.7720054	1.7720054	1.83262859	-1.83262859	1.864603492	-1.864603492	1.880860045	-1.880860045	1.896229674	-1.896229674	1.942791026	-1.942791026	1.967338617	-1.967338617	2.005629159	-2.005629159	2.067246255	-2.067246255	2.131193831	-2.131193831	2.150028482	-2.150028482	2.159786878	-2.159786878	-2.188567008	2.188567008	2.208261492	-2.208261492	-2.233775652	2.233775652	-2.268460913	2.268460913	-2.271684517	2.271684517	2.28094971	-2.28094971	-2.336611391	2.336611391	2.360503929	-2.360503929	
-0.62	0.04368366837	-0.04368366837	-0.05749547047	0.05749547047	0.08090279842	-0.08090279842	0.08690309336	-0.08690309336	-0.09959309316	0.09959309316	0.1676729751	-0.1676729751	0.1928426603	-0.1928426603	0.2332035991	-0.2332035991	-0.2820703309	0.2820703309	0.3232422798	-0.3232422798	-0.3647564527	0.3647564527	0.4583824153	-0.4583824153	-0.4851207753	0.4851207753	-0.4901287994	0.4901287994	-0.6910284749	0.6910284749	0.6919574454	-0.6919574454	0.7052828855	-0.7052828855	0.713563909	-0.713563909	0.7192079949	-0.7192079949	0.7260110221	-0.7260110221	-0.8479517404	0.8479517404	0.8912369841	-0.8912369841	0.9056820859	-0.9056820859	0.9712831682	-0.9712831682	-0.9850798344	0.9850798344	1.039265288	-1.039265288	1.088364932	-1.088364932	1.104917383	-1.104917383	1.175061078	-1.175061078	1.210462045	-1.210462045	1.253664363	-1.253664363	1.26944571	-1.26944571	1.288901594	-1.288901594	1.431490939	-1.431490939	-1.444008683	1.444008683	1.446529992	-1.446529992	1.550362146	-1.550362146	-1.582589692	1.582589692	1.596031263	-1.596031263	1.728131726	-1.728131726	1.779295702	-1.779295702	-1.832437278	1.832437278	1.865017451	-1.865017451	1.883982699	-1.883982699	-1.892846217	1.892846217	1.943189753	-1.943189753	1.967184043	-1.967184043	2.00690933	-2.00690933	-2.06724748	2.06724748	2.13418777	-2.13418777	-2.150418623	2.150418623	-2.159607339	2.159607339	2.187202214	-2.187202214	2.208560573	-2.208560573	2.233300975	-2.233300975	2.268268351	-2.268268351	2.271742827	-2.271742827	2.281019192	-2.281019192	-2.336809541	2.336809541	2.360438544	-2.360438544	
-0.61	-0.04681247008	0.04681247008	-0.0578459561	0.0578459561	-0.08023922245	0.08023922245	0.08599154467	-0.08599154467	-0.1005769708	0.1005769708	0.1648058209	-0.1648058209	-0.1927303707	0.1927303707	-0.2335816805	0.2335816805	-0.282650307	0.282650307	-0.3243803657	0.3243803657	0.364629791	-0.364629791	0.4606762556	-0.4606762556	0.4821427255	-0.4821427255	-0.4902468229	0.4902468229	-0.6907223527	0.6907223527	0.6917291021	-0.6917291021	0.7061111096	-0.7061111096	0.7138229987	-0.7138229987	0.7196463703	-0.7196463703	-0.7293985107	0.7293985107	-0.844227636	0.844227636	-0.8910915801	0.8910915801	-0.9053334979	0.9053334979	0.9643014611	-0.9643014611	-0.9780391942	0.9780391942	-1.039681681	1.039681681	-1.087764199	1.087764199	-1.104747635	1.104747635	-1.171485486	1.171485486	-1.210814012	1.210814012	1.254340756	-1.254340756	-1.269503642	1.269503642	1.288765352	-1.288765352	-1.431269688	1.431269688	1.446667198	-1.446667198	-1.447585605	1.447585605	1.557221367	-1.557221367	-1.582945713	1.582945713	1.595937079	-1.595937079	-1.728146313	1.728146313	1.786591246	-1.786591246	1.83224666	-1.83224666	-1.865425652	1.865425652	1.887154604	-1.887154604	-1.889460446	1.889460446	1.94356124	-1.94356124	-1.967026719	1.967026719	-2.008202652	2.008202652	-2.067248768	2.067248768	-2.13717166	2.13717166	-2.150797045	2.150797045	2.15942725	-2.15942725	-2.185862615	2.185862615	-2.208863394	2.208863394	2.232827147	-2.232827147	-2.268073974	2.268073974	-2.271800355	2.271800355	2.281087509	-2.281087509	2.337025546	-2.337025546	2.360373559	-2.360373559	
-0.6	0.04969544962	-0.04969544962	-0.05841602822	0.05841602822	0.07940899289	-0.07940899289	-0.08542545965	0.08542545965	0.1015744439	-0.1015744439	-0.1619849085	0.1619849085	-0.1926198446	0.1926198446	0.2339711607	-0.2339711607	-0.2832373061	0.2832373061	-0.325510201	0.325510201	0.3645000378	-0.3645000378	-0.4629039105	0.4629039105	0.4791759994	-0.4791759994	0.490366672	-0.490366672	-0.6904138904	0.6904138904	0.6912945849	-0.6912945849	-0.7069327194	0.7069327194	0.7140509706	-0.7140509706	0.7200421788	-0.7200421788	-0.732787999	0.732787999	0.8407933215	-0.8407933215	-0.8909840542	0.8909840542	0.9049805231	-0.9049805231	-0.9572930324	0.9572930324	0.9710352585	-0.9710352585	-1.040122871	1.040122871	1.087180417	-1.087180417	1.104574637	-1.104574637	-1.167911195	1.167911195	-1.211186662	1.211186662	-1.255027137	1.255027137	1.269561859	-1.269561859	1.288490549	-1.288490549	-1.431049127	1.431049127	-1.446802219	1.446802219	-1.451161202	1.451161202	-1.563795958	1.563795958	1.583581347	-1.583581347	1.595846143	-1.595846143	1.728161166	-1.728161166	1.793887545	-1.793887545	-1.832057011	1.832057011	1.86583018	-1.86583018	-1.886072495	1.886072495	1.890366808	-1.890366808	-1.943906961	1.943906961	1.966866766	-1.966866766	2.009507964	-2.009507964	-2.067250122	2.067250122	2.140145251	-2.140145251	2.151161095	-2.151161095	2.159246801	-2.159246801	-2.184555509	2.184555509	-2.209169549	2.209169549	2.232353171	-2.232353171	-2.267877866	2.267877866	-2.271857	2.271857	2.281154596	-2.281154596	-2.337256741	2.337256741	2.360309061	-2.360309061	
-0.59	-0.05209663866	0.05209663866	-0.05939103203	0.05939103203	-0.07849798072	0.07849798072	0.08515939691	-0.08515939691	0.1025845289	-0.1025845289	0.1592227646	-0.1592227646	-0.192511039	0.192511039	0.2343724843	-0.2343724843	-0.2838307991	0.2838307991	0.3266305138	-0.3266305138	-0.36436723	0.36436723	-0.4650647334	0.4650647334	-0.476221697	0.476221697	-0.4904882433	0.4904882433	0.6901034585	-0.6901034585	0.6906325748	-0.6906325748	0.7077456369	-0.7077456369	-0.7142540369	0.7142540369	0.7203879439	-0.7203879439	-0.7361793831	0.7361793831	-0.8376742825	0.8376742825	-0.8909018445	0.8909018445	-0.9046224064	0.9046224064	0.9502679289	-0.9502679289	-0.9640816419	0.9640816419	1.040583909	-1.040583909	1.086613376	-1.086613376	-1.104398292	1.104398292	-1.1643383	1.1643383	1.211580421	-1.211580421	-1.255722763	1.255722763	1.269620332	-1.269620332	-1.288079327	1.288079327	1.430829398	-1.430829398	-1.446935055	1.446935055	1.454735384	-1.454735384	-1.569741996	1.569741996	-1.584830225	1.584830225	1.595766451	-1.595766451	-1.728176286	1.728176286	-1.801180248	1.801180248	-1.831868573	1.831868573	1.866232231	-1.866232231	1.882682493	-1.882682493	-1.893610899	1.893610899	1.944228359	-1.944228359	-1.966704309	1.966704309	-2.010824199	2.010824199	-2.067251547	2.067251547	2.143108286	-2.143108286	-2.151507973	2.151507973	-2.159066177	2.159066177	-2.183288592	2.183288592	2.209478668	-2.209478668	2.231877974	-2.231877974	2.267680111	-2.267680111	2.271912658	-2.271912658	2.281220393	-2.281220393	2.33750028	-2.33750028	2.360245143	-2.360245143	
-0.58	-0.0537723227	0.0537723227	-0.06093016143	0.06093016143	0.0776245667	-0.0776245667	0.08514757369	-0.08514757369	-0.103606227	0.103606227	0.1565333935	-0.1565333935	-0.1924039074	0.1924039074	0.2347861018	-0.2347861018	-0.2844302554	0.2844302554	0.327740023	-0.327740023	-0.3642314073	0.3642314073	0.4671545549	-0.4671545549	-0.4732835168	0.4732835168	-0.49061143	0.49061143	0.6897264596	-0.6897264596	-0.6897913951	0.6897913951	-0.7085471418	0.7085471418	0.7144372118	-0.7144372118	0.7206781213	-0.7206781213	-0.7395725576	0.7395725576	-0.8348883459	0.8348883459	0.8908327396	-0.8908327396	0.9042576125	-0.9042576125	-0.9432352117	0.9432352117	-0.9571950395	0.9571950395	1.04106118	-1.04106118	1.086063158	-1.086063158	-1.104218534	1.104218534	1.160766898	-1.160766898	1.211995821	-1.211995821	-1.256426881	1.256426881	1.26967902	-1.26967902	1.287533934	-1.287533934	-1.430610633	1.430610633	1.447065703	-1.447065703	-1.458308058	1.458308058	1.574353624	-1.574353624	-1.587368524	1.587368524	1.595725525	-1.595725525	-1.728191678	1.728191678	-1.808465116	1.808465116	-1.831681561	1.831681561	1.866632499	-1.866632499	-1.879290565	1.879290565	-1.896878622	1.896878622	-1.944526839	1.944526839	-1.966539476	1.966539476	2.012150391	-2.012150391	-2.067253045	2.067253045	-2.146060495	2.146060495	-2.151834791	2.151834791	2.158885559	-2.158885559	2.182069916	-2.182069916	2.209790408	-2.209790408	-2.231400411	2.231400411	-2.267480791	2.267480791	2.271967226	-2.271967226	-2.281284838	2.281284838	2.337753116	-2.337753116	2.360181899	-2.360181899	
-0.57	-0.05475917832	0.05475917832	-0.06285228204	0.06285228204	-0.07692609796	0.07692609796	-0.08538336236	0.08538336236	-0.1046385243	0.1046385243	0.1539323563	-0.1539323563	-0.1922984012	0.1922984012	-0.2352124685	0.2352124685	-0.285035144	0.285035144	0.3288374378	-0.3288374378	-0.3640926124	0.3640926124	0.4691151648	-0.4691151648	0.470418124	-0.470418124	-0.4907361225	0.4907361225	0.6885656108	-0.6885656108	-0.6894780141	0.6894780141	-0.7093335014	0.7093335014	-0.7146048763	0.7146048763	0.7209088966	-0.7209088966	0.7429674148	-0.7429674148	-0.8324452594	0.8324452594	-0.8907626533	0.8907626533	-0.9038830318	0.9038830318	0.9362043008	-0.9362043008	0.9503967577	-0.9503967577	1.041551955	-1.041551955	1.085530062	-1.085530062	-1.104035319	1.104035319	1.157197088	-1.157197088	-1.2124335	1.2124335	1.257138731	-1.257138731	-1.269737867	1.269737867	1.286856713	-1.286856713	-1.430392957	1.430392957	-1.447194161	1.447194161	1.46187913	-1.46187913	-1.577072646	1.577072646	1.591575689	-1.591575689	1.595900081	-1.595900081	-1.728207354	1.728207354	1.815738003	-1.815738003	-1.831496162	1.831496162	-1.86703138	1.86703138	1.875896833	-1.875896833	1.900161669	-1.900161669	1.94480376	-1.94480376	-1.966372401	1.966372401	2.013485673	-2.013485673	-2.067254621	2.067254621	2.149001598	-2.149001598	2.152138666	-2.152138666	-2.158705125	2.158705125	2.180907808	-2.180907808	-2.210104446	2.210104446	2.230919258	-2.230919258	-2.267279986	2.267279986	-2.272020601	2.272020601	2.281347869	-2.281347869	2.33801199	-2.33801199	-2.360119425	2.360119425	
-0.56	-0.05532090446	0.05532090446	0.06466101838	-0.06466101838	0.07657164808	-0.07657164808	0.08591477088	-0.08591477088	0.1056803925	-0.1056803925	0.151436808	-0.151436808	0.19219447	-0.19219447	-0.235652044	0.235652044	-0.2856449332	0.2856449332	-0.3299214558	0.3299214558	-0.3639508909	0.3639508909	-0.4673822465	0.4673822465	0.4711870668	-0.4711870668	0.4908622082	-0.4908622082	0.6871464295	-0.6871464295	0.689163611	-0.689163611	0.7100993242	-0.7100993242	0.7147615155	-0.7147615155	0.7210780872	-0.7210780872	0.7463638441	-0.7463638441	0.8303460917	-0.8303460917	0.8906728855	-0.8906728855	0.9034919694	-0.9034919694	0.9291873439	-0.9291873439	0.9437151714	-0.9437151714	-1.042054105	1.042054105	1.085014553	-1.085014553	1.103848621	-1.103848621	1.153628968	-1.153628968	1.212894195	-1.212894195	-1.257857548	1.257857548	1.2697968	-1.2697968	1.286050084	-1.286050084	-1.430176488	1.430176488	1.447320427	-1.447320427	1.465448501	-1.465448501	1.578403196	-1.578403196	1.594644718	-1.594644718	1.598591051	-1.598591051	1.728223327	-1.728223327	1.822994838	-1.822994838	1.831312546	-1.831312546	1.867429083	-1.867429083	1.872501421	-1.872501421	1.903451568	-1.903451568	1.94506044	-1.94506044	1.966203218	-1.966203218	2.014829285	-2.014829285	2.067256278	-2.067256278	2.151931303	-2.151931303	2.152416854	-2.152416854	2.158525049	-2.158525049	-2.179810731	2.179810731	-2.210420474	2.210420474	2.230433217	-2.230433217	2.267077777	-2.267077777	2.272072681	-2.272072681	-2.281409421	2.281409421	2.33827341	-2.33827341	2.360057826	-2.360057826	
-0.55	-0.05566400569	0.05566400569	0.06586930951	-0.06586930951	-0.07671770013	0.07671770013	0.08684844997	-0.08684844997	0.1067307891	-0.1067307891	0.1490654644	-0.1490654644	0.1920920633	-0.1920920633	0.2361052912	-0.2361052912	0.2862590914	-0.2862590914	0.3309907606	-0.3309907606	-0.3638062916	0.3638062916	-0.4644878865	0.4644878865	-0.4730541196	0.4730541196	-0.4909895711	0.4909895711	0.6854730234	-0.6854730234	0.6888484667	-0.6888484667	-0.7108364121	0.7108364121	-0.7149128179	0.7149128179	-0.7211851867	0.7211851867	0.7497617308	-0.7497617308	0.8285827077	-0.8285827077	0.8905360772	-0.8905360772	0.9030680399	-0.9030680399	0.9222055643	-0.9222055643	0.9371897812	-0.9371897812	1.042565917	-1.042565917	-1.084517213	1.084517213	1.103658433	-1.103658433	1.150062644	-1.150062644	1.213378738	-1.213378738	-1.258582559	1.258582559	1.269855722	-1.269855722	1.285116539	-1.285116539	1.429961342	-1.429961342	1.447444498	-1.447444498	-1.469016069	1.469016069	1.579072566	-1.579072566	1.594912481	-1.594912481	1.604732431	-1.604732431	-1.728239618	1.728239618	-1.830231609	1.830231609	1.831130863	-1.831130863	1.867825696	-1.867825696	-1.869104453	1.869104453	1.906739626	-1.906739626	1.945298153	-1.945298153	-1.966032069	1.966032069	2.01618057	-2.01618057	-2.067258022	2.067258022	-2.152666959	2.152666959	2.154849303	-2.154849303	-2.158345509	2.158345509	2.178787087	-2.178787087	2.210738196	-2.210738196	-2.229940909	2.229940909	-2.266874243	2.266874243	2.272123365	-2.272123365	-2.281469429	2.281469429	-2.338533619	2.338533619	2.359997208	-2.359997208	
-0.54	-0.05589335524	0.05589335524	0.06625177116	-0.06625177116	-0.07732307178	0.07732307178	0.08832696981	-0.08832696981	0.107788658	-0.107788658	0.1468384753	-0.1468384753	0.1919911309	-0.1919911309	0.2365726746	-0.2365726746	0.2868770873	-0.2868770873	0.3320440173	-0.3320440173	-0.3636588668	0.3636588668	0.4615951697	-0.4615951697	0.4748505447	-0.4748505447	0.4911180925	-0.4911180925	0.6835574246	-0.6835574246	0.6885328505	-0.6885328505	0.711531738	-0.711531738	0.715067477	-0.715067477	0.7212315808	-0.7212315808	0.7531609562	-0.7531609562	0.8271374524	-0.8271374524	0.8903096574	-0.8903096574	0.9025608234	-0.9025608234	0.9153137744	-0.9153137744	-0.9308780264	0.9308780264	1.043085981	-1.043085981	-1.084038708	1.084038708	1.103464759	-1.103464759	1.146498223	-1.146498223	1.213888055	-1.213888055	1.259312985	-1.259312985	1.269914501	-1.269914501	-1.28405864	1.28405864	1.429747631	-1.429747631	-1.447566369	1.447566369	1.472581729	-1.472581729	1.579443031	-1.579443031	1.594867639	-1.594867639	1.611471503	-1.611471503	1.728256256	-1.728256256	1.830951251	-1.830951251	1.837444337	-1.837444337	1.865706057	-1.865706057	1.86822123	-1.86822123	1.910016888	-1.910016888	1.945518134	-1.945518134	-1.965859098	1.965859098	-2.017538973	2.017538973	-2.067259858	2.067259858	-2.152887192	2.152887192	2.157755279	-2.157755279	2.158166681	-2.158166681	2.17784494	-2.17784494	2.211057324	-2.211057324	2.22944088	-2.22944088	-2.266669464	2.266669464	-2.272172556	2.272172556	-2.281527824	2.281527824	2.338788566	-2.338788566	2.359937685	-2.359937685	
-0.53	-0.05605885781	0.05605885781	0.06593045067	-0.06593045067	-0.07809548773	0.07809548773	0.09045008228	-0.09045008228	0.1088529298	-0.1088529298	0.1447771726	-0.1447771726	0.1918916237	-0.1918916237	0.2370546599	-0.2370546599	-0.2874983899	0.2874983899	0.333079868	-0.333079868	0.3635086721	-0.3635086721	0.4587133412	-0.4587133412	0.4765597955	-0.4765597955	0.4912476506	-0.4912476506	-0.6814193316	0.6814193316	0.6882170225	-0.6882170225	0.7121642226	-0.7121642226	-0.7152399809	0.7152399809	0.7212209772	-0.7212209772	0.756561396	-0.756561396	0.8259830575	-0.8259830575	0.8899250606	-0.8899250606	0.9017351651	-0.9017351651	-0.9087512001	0.9087512001	0.9248665772	-0.9248665772	-1.043613104	1.043613104	-1.083579763	1.083579763	1.103267615	-1.103267615	1.142935816	-1.142935816	1.214423158	-1.214423158	1.260048046	-1.260048046	-1.26997295	1.26997295	-1.282879026	1.282879026	1.429535463	-1.429535463	1.447686039	-1.447686039	1.476145369	-1.476145369	-1.579664501	1.579664501	1.59476678	-1.59476678	1.618400054	-1.618400054	-1.728273282	1.728273282	1.830773832	-1.830773832	1.844629062	-1.844629062	1.862306366	-1.862306366	-1.868615638	1.868615638	1.913274134	-1.913274134	1.945721584	-1.945721584	-1.965684451	1.965684451	2.018904043	-2.018904043	-2.067261788	2.067261788	2.153076708	-2.153076708	-2.157988748	2.157988748	-2.160648897	2.160648897	-2.176991684	2.176991684	2.21137758	-2.21137758	2.228931597	-2.228931597	2.266463516	-2.266463516	2.27222016	-2.27222016	2.281584534	-2.281584534	-2.339033861	2.339033861	2.359879375	-2.359879375	
-0.52	-0.05618533102	0.05618533102	-0.06514411687	0.06514411687	-0.07877362575	0.07877362575	0.09319390154	-0.09319390154	0.1099225227	-0.1099225227	0.1429036765	-0.1429036765	0.1917934947	-0.1917934947	0.2375517123	-0.2375517123	0.2881224693	-0.2881224693	-0.3340969256	0.3340969256	-0.363355767	0.363355767	-0.4558442798	0.4558442798	-0.4781709222	0.4781709222	0.4913781203	-0.4913781203	0.6790854315	-0.6790854315	-0.6879012351	0.6879012351	-0.7127013492	0.7127013492	-0.7154532825	0.7154532825	-0.7211601156	0.7211601156	0.7599629204	-0.7599629204	0.8250826631	-0.8250826631	-0.8892715042	0.8892715042	-0.8990256401	0.8990256401	0.9040871096	-0.9040871096	-0.9192883564	0.9192883564	1.044146258	-1.044146258	-1.083141134	1.083141134	-1.10306703	1.10306703	1.13937554	-1.13937554	-1.214985143	1.214985143	1.260786956	-1.260786956	-1.270030788	1.270030788	1.281580438	-1.281580438	1.429324945	-1.429324945	-1.447803505	1.447803505	1.479706874	-1.479706874	-1.579803396	1.579803396	1.594644499	-1.594644499	1.625415387	-1.625415387	-1.728290751	1.728290751	-1.830598719	1.830598719	1.851781794	-1.851781794	1.858905543	-1.858905543	1.86900884	-1.86900884	1.916501869	-1.916501869	-1.94590968	1.94590968	-1.965508281	1.965508281	2.02027543	-2.02027543	-2.06726382	2.06726382	-2.153235979	2.153235979	-2.157811894	2.157811894	2.163529806	-2.163529806	2.17623365	-2.17623365	-2.21169869	2.21169869	2.228411448	-2.228411448	2.266256478	-2.266256478	-2.272266089	2.272266089	2.281639481	-2.281639481	-2.339264726	2.339264726	2.359822403	-2.359822403	
-0.51	-0.0562856575	0.0562856575	0.06406052189	-0.06406052189	-0.07927783459	0.07927783459	0.09643531818	-0.09643531818	0.1109963428	-0.1109963428	0.1412403543	-0.1412403543	-0.191696699	0.191696699	0.238064295	-0.238064295	-0.2887487966	0.2887487966	0.3350937661	-0.3350937661	0.3632002149	-0.3632002149	-0.4529888914	0.4529888914	0.4796720811	-0.4796720811	0.4915093739	-0.4915093739	0.6765884202	-0.6765884202	-0.6875857343	0.6875857343	-0.7131015992	0.7131015992	-0.7157352839	0.7157352839	0.7210598439	-0.7210598439	0.7633653925	-0.7633653925	0.8243897638	-0.8243897638	0.8881797472	-0.8881797472	0.8931021001	-0.8931021001	-0.9026553385	0.9026553385	0.9143399422	-0.9143399422	1.044684536	-1.044684536	1.082723592	-1.082723592	-1.102863039	1.102863039	1.135817518	-1.135817518	1.215575188	-1.215575188	1.261528929	-1.261528929	-1.270087554	1.270087554	-1.280165799	1.280165799	-1.429116184	1.429116184	-1.447918762	1.447918762	-1.483266122	1.483266122	-1.579892417	1.579892417	-1.594510425	1.594510425	1.632473513	-1.632473513	1.728308738	-1.728308738	-1.830426015	1.830426015	-1.855503403	1.855503403	1.858898866	-1.858898866	-1.869400729	1.869400729	1.919690347	-1.919690347	1.946083586	-1.946083586	-1.965330744	1.965330744	2.021652884	-2.021652884	-2.067265957	2.067265957	2.153367176	-2.153367176	-2.157636308	2.157636308	2.166397635	-2.166397635	-2.17557571	2.17557571	-2.212020384	2.212020384	-2.227878743	2.227878743	2.266048426	-2.266048426	-2.27231026	2.27231026	-2.281692581	2.281692581	2.339475927	-2.339475927	-2.359766898	2.359766898	
-0.5	-0.05636612848	0.05636612848	0.06276682651	-0.06276682651	-0.07963010278	0.07963010278	-0.1000369269	0.1000369269	0.1120732849	-0.1120732849	0.1398091622	-0.1398091622	0.191601195	-0.191601195	0.238592868	-0.238592868	-0.289376844	0.289376844	0.3360689208	-0.3360689208	-0.3630420833	0.3630420833	-0.4501478485	0.4501478485	-0.4810497323	0.4810497323	-0.4916412805	0.4916412805	-0.673965857	0.673965857	0.6872707603	-0.6872707603	0.7133311937	-0.7133311937	-0.7161005453	0.7161005453	-0.7209366611	0.7209366611	0.7667686677	-0.7667686677	-0.8238478327	0.8238478327	-0.8863786032	0.8863786032	-0.8864353156	0.8864353156	-0.9020454193	0.9020454193	0.9102699554	-0.9102699554	1.045227128	-1.045227128	-1.082327908	1.082327908	1.102655688	-1.102655688	1.13226188	-1.13226188	1.216194543	-1.216194543	-1.262273179	1.262273179	-1.270142418	1.270142418	1.278638394	-1.278638394	-1.428909283	1.428909283	-1.448031809	1.448031809	1.486822984	-1.486822984	1.57994924	-1.57994924	1.594368351	-1.594368351	-1.639551312	1.639551312	-1.728327345	1.728327345	1.830255813	-1.830255813	1.852100746	-1.852100746	1.865975576	-1.865975576	-1.869791179	1.869791179	1.922829586	-1.922829586	1.946244476	-1.946244476	-1.965152	1.965152	2.023036249	-2.023036249	-2.067268203	2.067268203	2.153474492	-2.153474492	-2.157462173	2.157462173	-2.169251997	2.169251997	2.175020929	-2.175020929	2.212342398	-2.212342398	2.227331714	-2.227331714	2.265839435	-2.265839435	-2.2723526	2.2723526	2.281743744	-2.281743744	-2.339661703	2.339661703	-2.359712995	2.359712995	
-0.49	-0.0564275908	0.0564275908	-0.06130556065	0.06130556065	0.07987237313	-0.07987237313	-0.1038923159	0.1038923159	0.1131522332	-0.1131522332	0.1386309434	-0.1386309434	0.1915069445	-0.1915069445	0.2391378858	-0.2391378858	-0.2900060854	0.2900060854	0.3370208653	-0.3370208653	-0.3628814438	0.3628814438	-0.4473217617	0.4473217617	0.4822884566	-0.4822884566	0.4917737063	-0.4917737063	0.6712589822	-0.6712589822	0.6869565485	-0.6869565485	0.7133819435	-0.7133819435	0.7165303994	-0.7165303994	-0.7208147484	0.7208147484	0.7701725921	-0.7701725921	0.8233894056	-0.8233894056	0.8795205278	-0.8795205278	0.8838768292	-0.8838768292	0.9015955164	-0.9015955164	0.9072828782	-0.9072828782	-1.045773297	1.045773297	1.081954835	-1.081954835	1.102445032	-1.102445032	-1.128708762	1.128708762	1.216844533	-1.216844533	-1.263018916	1.263018916	1.270193651	-1.270193651	-1.277002384	1.277002384	1.428704346	-1.428704346	1.448142643	-1.448142643	-1.490377324	1.490377324	-1.579984172	1.579984172	1.594220139	-1.594220139	-1.64663494	1.64663494	-1.728346716	1.728346716	1.8300882	-1.8300882	1.84869725	-1.84869725	-1.870180054	1.870180054	1.873008245	-1.873008245	1.925909413	-1.925909413	1.946393562	-1.946393562	-1.964972212	1.964972212	2.024425466	-2.024425466	2.067270564	-2.067270564	2.153564351	-2.153564351	2.157289665	-2.157289665	2.172092482	-2.172092482	2.174570329	-2.174570329	-2.21266447	2.21266447	2.226768516	-2.226768516	2.26562958	-2.26562958	2.272393043	-2.272393043	2.28179287	-2.28179287	2.339815673	-2.339815673	2.35966083	-2.35966083	
-0.48	-0.05646000681	0.05646000681	-0.05970551522	0.05970551522	-0.08003900026	0.08003900026	0.1079287796	-0.1079287796	0.1142320623	-0.1142320623	0.1377248158	-0.1377248158	0.1914139134	-0.1914139134	0.2396997959	-0.2396997959	-0.2906359964	0.2906359964	0.3379480087	-0.3379480087	0.3627183727	-0.3627183727	0.4445112358	-0.4445112358	0.4833709588	-0.4833709588	0.4919065147	-0.4919065147	0.6685115868	-0.6685115868	0.6866433297	-0.6866433297	0.7132633292	-0.7132633292	0.716978775	-0.716978775	-0.7207280564	0.7207280564	0.7735770015	-0.7735770015	0.8229345519	-0.8229345519	0.8726373148	-0.8726373148	-0.8805475123	0.8805475123	0.9011997259	-0.9011997259	0.9053901795	-0.9053901795	-1.046322362	1.046322362	1.081605102	-1.081605102	1.102231133	-1.102231133	1.125158309	-1.125158309	-1.217526545	1.217526545	1.263765355	-1.263765355	1.270236885	-1.270236885	-1.275264551	1.275264551	1.428501474	-1.428501474	-1.448251261	1.448251261	1.493928997	-1.493928997	1.58000361	-1.58000361	1.594066868	-1.594066868	1.653715201	-1.653715201	1.728367053	-1.728367053	1.829923255	-1.829923255	1.845293172	-1.845293172	1.870567211	-1.870567211	1.879992474	-1.879992474	1.928919505	-1.928919505	1.946532142	-1.946532142	-1.964791548	1.964791548	2.025820568	-2.025820568	-2.067273044	2.067273044	2.153645417	-2.153645417	-2.157118944	2.157118944	2.174222829	-2.174222829	2.174918656	-2.174918656	2.212986341	-2.212986341	2.22618723	-2.22618723	-2.265418933	2.265418933	-2.272431535	2.272431535	2.281839847	-2.281839847	-2.339930724	2.339930724	-2.35961054	2.35961054	
-0.47	-0.05639062851	0.05639062851	-0.05804704622	0.05804704622	0.08015377088	-0.08015377088	0.112097128	-0.112097128	0.1153116378	-0.1153116378	0.1371078762	-0.1371078762	0.191322072	-0.191322072	0.2402790365	-0.2402790365	0.2912660544	-0.2912660544	0.3388486797	-0.3388486797	-0.3625529505	0.3625529505	0.4417168934	-0.4417168934	0.4842781987	-0.4842781987	0.4920395661	-0.4920395661	0.6657689777	-0.6657689777	0.6863313302	-0.6863313302	0.7129834877	-0.7129834877	0.717391316	-0.717391316	0.7207201925	-0.7207201925	0.7769817183	-0.7769817183	0.822389062	-0.822389062	0.8657610999	-0.8657610999	0.8767087953	-0.8767087953	0.9008294816	-0.9008294816	0.9043994489	-0.9043994489	1.046873691	-1.046873691	1.081279396	-1.081279396	1.102014063	-1.102014063	-1.121610676	1.121610676	1.218242031	-1.218242031	1.264511713	-1.264511713	1.270256835	-1.270256835	1.273442563	-1.273442563	-1.42830077	1.42830077	1.448357662	-1.448357662	1.49747785	-1.49747785	1.580011722	-1.580011722	-1.593909259	1.593909259	1.660785392	-1.660785392	1.728388644	-1.728388644	-1.829761051	1.829761051	1.841888687	-1.841888687	1.870952501	-1.870952501	1.886923709	-1.886923709	1.931849455	-1.931849455	1.946661671	-1.946661671	1.964610181	-1.964610181	2.027221675	-2.027221675	2.067275646	-2.067275646	2.153728407	-2.153728407	2.156950151	-2.156950151	2.173975388	-2.173975388	2.177730061	-2.177730061	2.213307753	-2.213307753	2.22558586	-2.22558586	-2.265207565	2.265207565	-2.272468034	2.272468034	2.281884551	-2.281884551	2.339998884	-2.339998884	2.359562258	-2.359562258	
-0.46	0.05555722407	-0.05555722407	-0.05699579064	0.05699579064	-0.08023250502	0.08023250502	0.1163617296	-0.1163617296	0.1163898179	-0.1163898179	-0.1367956263	0.1367956263	0.1912313953	-0.1912313953	0.2408760339	-0.2408760339	0.2918957389	-0.2918957389	0.3397211112	-0.3397211112	0.362385263	-0.362385263	0.4389393874	-0.4389393874	0.4849896544	-0.4849896544	0.4921727182	-0.4921727182	-0.663077036	0.663077036	0.6860207719	-0.6860207719	0.7125432286	-0.7125432286	0.7177200878	-0.7177200878	0.7208356881	-0.7208356881	0.7803865492	-0.7803865492	0.8216435429	-0.8216435429	0.8589060885	-0.8589060885	0.8726948993	-0.8726948993	0.9004742151	-0.9004742151	0.9040614281	-0.9040614281	-1.047426685	1.047426685	-1.080978364	1.080978364	-1.101793901	1.101793901	1.118066026	-1.118066026	1.218992496	-1.218992496	1.265257207	-1.265257207	-1.270151738	1.270151738	1.271640531	-1.271640531	1.428102334	-1.428102334	1.448461842	-1.448461842	1.501023719	-1.501023719	1.580011346	-1.580011346	1.593747853	-1.593747853	1.667840175	-1.667840175	1.728411918	-1.728411918	1.829601657	-1.829601657	1.838483974	-1.838483974	1.871335775	-1.871335775	1.893797023	-1.893797023	1.934688845	-1.934688845	1.9467839	-1.9467839	1.964428289	-1.964428289	2.028628998	-2.028628998	2.067278373	-2.067278373	2.153825691	-2.153825691	2.156783406	-2.156783406	-2.173823322	2.173823322	2.180526207	-2.180526207	2.213628451	-2.213628451	2.224962342	-2.224962342	2.264995542	-2.264995542	2.272502513	-2.272502513	-2.281926841	2.281926841	-2.340011174	2.340011174	2.359516109	-2.359516109	
-0.45	-0.05365459316	0.05365459316	-0.05685975117	0.05685975117	-0.08028573873	0.08028573873	-0.1174654539	0.1174654539	0.1206921868	-0.1206921868	0.136804028	-0.136804028	0.1911418635	-0.1911418635	-0.2414912004	0.2414912004	-0.2925245318	0.2925245318	-0.3405634224	0.3405634224	0.3622154005	-0.3622154005	0.4361794086	-0.4361794086	0.4854837346	-0.4854837346	-0.492305826	0.492305826	0.6604813402	-0.6604813402	0.6857118724	-0.6857118724	0.7119397685	-0.7119397685	-0.7179418684	0.7179418684	-0.7210979614	0.7210979614	0.7837912784	-0.7837912784	0.8205760728	-0.8205760728	0.8520807053	-0.8520807053	0.8688015441	-0.8688015441	-0.9001292402	0.9001292402	0.9041791569	-0.9041791569	1.047980777	-1.047980777	-1.080702595	1.080702595	1.101570735	-1.101570735	1.114524537	-1.114524537	-1.219779497	1.219779497	-1.26600106	1.26600106	1.269061874	-1.269061874	-1.270720487	1.270720487	1.427906267	-1.427906267	-1.4485638	1.4485638	1.504566427	-1.504566427	1.580004478	-1.580004478	1.593583097	-1.593583097	-1.674874894	1.674874894	1.728437529	-1.728437529	-1.829445136	1.829445136	1.835079223	-1.835079223	-1.871716886	1.871716886	1.900606866	-1.900606866	1.937427335	-1.937427335	1.9469011	-1.9469011	1.964246054	-1.964246054	2.030042829	-2.030042829	-2.067281228	2.067281228	2.153950742	-2.153950742	-2.156618814	2.156618814	-2.173760766	2.173760766	-2.183306574	2.183306574	-2.21394818	2.21394818	2.224314543	-2.224314543	-2.264782928	2.264782928	-2.272534962	2.272534962	-2.281966558	2.281966558	-2.339957441	2.339957441	-2.3594722	2.3594722	
-0.44	0.05146039669	-0.05146039669	-0.05686525852	0.05686525852	0.08032059892	-0.08032059892	0.1185373917	-0.1185373917	0.1250533389	-0.1250533389	0.1371558472	-0.1371558472	0.191053462	-0.191053462	-0.2421249306	0.2421249306	-0.2931519176	0.2931519176	0.3413735981	-0.3413735981	0.3620434588	-0.3620434588	-0.4334376921	0.4334376921	0.4857383568	-0.4857383568	0.4924387417	-0.4924387417	0.6580263079	-0.6580263079	-0.685404844	0.685404844	0.7111712456	-0.7111712456	0.718069933	-0.718069933	0.7214930054	-0.7214930054	0.7871956569	-0.7871956569	0.8190624443	-0.8190624443	-0.8452911379	0.8452911379	-0.8652596795	0.8652596795	-0.8997922415	0.8997922415	-0.9046243347	0.9046243347	1.048535423	-1.048535423	1.080452619	-1.080452619	-1.101344663	1.101344663	1.110986397	-1.110986397	1.220604632	-1.220604632	1.266742502	-1.266742502	-1.267030005	1.267030005	-1.270641935	1.270641935	1.427712668	-1.427712668	-1.448663535	1.448663535	1.508105786	-1.508105786	1.57999257	-1.57999257	1.593415383	-1.593415383	1.681885065	-1.681885065	-1.728466527	1.728466527	1.829291546	-1.829291546	1.831674635	-1.831674635	-1.87209569	1.87209569	1.907346595	-1.907346595	1.940054764	-1.940054764	1.947016529	-1.947016529	1.964063663	-1.964063663	2.031463549	-2.031463549	2.067284212	-2.067284212	-2.154117515	2.154117515	2.156456464	-2.156456464	-2.173781191	2.173781191	2.186070605	-2.186070605	-2.214266685	2.214266685	2.223640268	-2.223640268	2.264569784	-2.264569784	2.272565386	-2.272565386	2.282003517	-2.282003517	2.339826174	-2.339826174	-2.359430617	2.359430617	
-0.43	0.04909810206	-0.04909810206	-0.05689476782	0.05689476782	0.08034200072	-0.08034200072	0.1196044733	-0.1196044733	0.1293829816	-0.1293829816	0.1379010092	-0.1379010092	-0.1909661823	0.1909661823	0.2427775989	-0.2427775989	0.2937773832	-0.2937773832	0.3421494652	-0.3421494652	0.3618695387	-0.3618695387	-0.4307150216	0.4307150216	0.4857316928	-0.4857316928	-0.4925713148	0.4925713148	0.6557543185	-0.6557543185	0.6850998937	-0.6850998937	0.7102386518	-0.7102386518	-0.7181380987	0.7181380987	-0.7219833958	0.7219833958	0.7905993745	-0.7905993745	0.816996736	-0.816996736	-0.8385426407	0.8385426407	0.8622341918	-0.8622341918	0.8994620042	-0.8994620042	-0.9053182513	0.9053182513	-1.049090098	1.049090098	-1.080228901	1.080228901	-1.101115792	1.101115792	-1.107451808	1.107451808	1.221469537	-1.221469537	1.264798428	-1.264798428	1.267480765	-1.267480765	1.270664806	-1.270664806	-1.427521636	1.427521636	-1.448761045	1.448761045	1.511641594	-1.511641594	-1.5799767	1.5799767	1.593245078	-1.593245078	1.688865821	-1.688865821	1.728500694	-1.728500694	1.828270427	-1.828270427	1.829140944	-1.829140944	1.872472048	-1.872472048	-1.914007489	1.914007489	-1.942561267	1.942561267	1.947135407	-1.947135407	-1.963881311	1.963881311	2.032891616	-2.032891616	-2.067287326	2.067287326	2.154339814	-2.154339814	2.156296443	-2.156296443	-2.173877909	2.173877909	-2.188817698	2.188817698	2.214583713	-2.214583713	2.222937267	-2.222937267	2.264356162	-2.264356162	-2.272593815	2.272593815	2.282037508	-2.282037508	2.339604328	-2.339604328	2.359391412	-2.359391412	
-0.42	0.04659296739	-0.04659296739	-0.05693098757	0.05693098757	-0.0803533997	0.0803533997	0.1206655378	-0.1206655378	0.1335170765	-0.1335170765	0.1391905378	-0.1391905378	-0.1908800217	0.1908800217	0.2434495559	-0.2434495559	0.2944004187	-0.2944004187	0.3428886646	-0.3428886646	0.3616937465	-0.3616937465	0.4280122338	-0.4280122338	0.4854430658	-0.4854430658	0.4927033925	-0.4927033925	0.6537047974	-0.6537047974	-0.684797222	0.684797222	0.7091454389	-0.7091454389	0.7181768251	-0.7181768251	-0.7225325674	0.7225325674	0.7940019779	-0.7940019779	-0.814317756	0.814317756	-0.8318401049	0.8318401049	-0.8598169738	0.8598169738	0.8991378785	-0.8991378785	-0.9062124281	0.9062124281	1.049644291	-1.049644291	-1.080031832	1.080031832	1.100884236	-1.100884236	1.10392099	-1.10392099	1.222375877	-1.222375877	1.262450524	-1.262450524	-1.268215091	1.268215091	-1.2707079	1.2707079	-1.427333269	1.427333269	-1.448856329	1.448856329	1.515173631	-1.515173631	1.579957695	-1.579957695	1.593072528	-1.593072528	1.695811018	-1.695811018	1.728543307	-1.728543307	-1.82486683	1.82486683	1.828993382	-1.828993382	-1.87284583	1.87284583	-1.920576407	1.920576407	1.944937397	-1.944937397	-1.947267247	1.947267247	-1.963699198	1.963699198	2.034327572	-2.034327572	2.067290571	-2.067290571	-2.154630709	2.154630709	-2.156138841	2.156138841	2.174044522	-2.174044522	-2.191547198	2.191547198	2.21489901	-2.21489901	-2.222203248	2.222203248	2.264142108	-2.264142108	2.272620297	-2.272620297	2.282068281	-2.282068281	2.339277168	-2.339277168	2.359354596	-2.359354596	
-0.41	0.04395942192	-0.04395942192	-0.05696925483	0.05696925483	0.0803572693	-0.0803572693	0.1217194236	-0.1217194236	0.1370016111	-0.1370016111	0.1414644754	-0.1414644754	0.1907949836	-0.1907949836	-0.2441411241	0.2441411241	-0.2950205176	0.2950205176	0.34358862	-0.34358862	-0.361516194	0.361516194	0.4253302219	-0.4253302219	-0.4848539547	0.4848539547	0.4928348193	-0.4928348193	0.6519132747	-0.6519132747	0.6844970217	-0.6844970217	0.7078961974	-0.7078961974	0.718204891	-0.718204891	-0.7231144377	0.7231144377	-0.7974025247	0.7974025247	-0.8110272994	0.8110272994	-0.8251883477	0.8251883477	0.8580217773	-0.8580217773	0.8988195266	-0.8988195266	0.9072758512	-0.9072758512	-1.050197503	1.050197503	1.07986173	-1.07986173	1.10039418	-1.10039418	-1.100650122	1.100650122	-1.223325338	1.223325338	1.260001724	-1.260001724	-1.26894473	1.26894473	1.270757925	-1.270757925	1.427147665	-1.427147665	1.448949385	-1.448949385	1.518701661	-1.518701661	1.579936196	-1.579936196	-1.592898073	1.592898073	-1.702711191	1.702711191	1.728601079	-1.728601079	1.821464091	-1.821464091	1.82884891	-1.82884891	-1.873216918	1.873216918	1.927029302	-1.927029302	1.947174259	-1.947174259	1.947432333	-1.947432333	1.963517535	-1.963517535	-2.035772038	2.035772038	-2.067293944	2.067293944	2.155001992	-2.155001992	2.155983784	-2.155983784	-2.174275302	2.174275302	2.194258382	-2.194258382	2.215212322	-2.215212322	2.221435889	-2.221435889	2.26392766	-2.26392766	2.272644907	-2.272644907	2.282095547	-2.282095547	-2.338828173	2.338828173	2.359320124	-2.359320124	
-0.4	0.04121030893	-0.04121030893	-0.05700787634	0.05700787634	0.08035540968	-0.08035540968	0.1227649693	-0.1227649693	0.139503578	-0.139503578	0.145041023	-0.145041023	-0.190711078	0.190711078	-0.2448525945	0.2448525945	0.2956371768	-0.2956371768	0.3442465015	-0.3442465015	-0.3613369984	0.3613369984	0.4226699375	-0.4226699375	-0.4839490316	0.4839490316	0.4929654372	-0.4929654372	0.6504104642	-0.6504104642	-0.684199476	0.684199476	-0.7064954794	0.7064954794	0.718231725	-0.718231725	-0.7237122292	0.7237122292	0.8007967686	-0.8007967686	0.8071891451	-0.8071891451	0.8185922815	-0.8185922815	-0.856795545	0.856795545	0.8985067937	-0.8985067937	0.9084874077	-0.9084874077	1.050749247	-1.050749247	1.07971883	-1.07971883	1.096871634	-1.096871634	1.100413587	-1.100413587	1.224319618	-1.224319618	-1.257458083	1.257458083	1.269668939	-1.269668939	1.270810918	-1.270810918	1.426964921	-1.426964921	-1.449040213	1.449040213	1.522225429	-1.522225429	-1.579912712	1.579912712	1.592722047	-1.592722047	-1.709547508	1.709547508	1.728690148	-1.728690148	1.818062478	-1.818062478	1.828707575	-1.828707575	1.873585204	-1.873585204	1.933309009	-1.933309009	1.947683919	-1.947683919	1.949263644	-1.949263644	1.963336546	-1.963336546	-2.037225715	2.037225715	-2.067297445	2.067297445	-2.155463409	2.155463409	-2.155831774	2.155831774	-2.174565476	2.174565476	-2.196950437	2.196950437	2.215523395	-2.215523395	-2.220632868	2.220632868	-2.263712841	2.263712841	-2.272667746	2.272667746	-2.282118961	2.282118961	-2.338239084	2.338239084	2.359287893	-2.359287893	
-0.39	-0.0383584259	0.0383584259	-0.05704612744	0.05704612744	-0.080349152	0.080349152	-0.1238010159	0.1238010159	0.1415975372	-0.1415975372	0.1493302465	-0.1493302465	0.1906283214	-0.1906283214	0.2455842212	-0.2455842212	-0.2962498974	0.2962498974	0.3448591831	-0.3448591831	0.3611562827	-0.3611562827	0.4200323919	-0.4200323919	0.4827171379	-0.4827171379	0.4930950859	-0.4930950859	0.6492214385	-0.6492214385	-0.683904756	0.683904756	0.7049471269	-0.7049471269	-0.7182613325	0.7182613325	-0.7243151852	0.7243151852	0.8028119874	-0.8028119874	0.8042713691	-0.8042713691	0.8120570309	-0.8120570309	0.8560455776	-0.8560455776	-0.8981996356	0.8981996356	0.9098314973	-0.9098314973	1.051299038	-1.051299038	1.079603286	-1.079603286	1.09335363	-1.09335363	1.100174778	-1.100174778	1.225360417	-1.225360417	1.254823257	-1.254823257	1.270386986	-1.270386986	1.270865269	-1.270865269	1.426785133	-1.426785133	1.449128811	-1.449128811	1.525744654	-1.525744654	1.579887655	-1.579887655	-1.592544779	1.592544779	1.716267244	-1.716267244	1.728860544	-1.728860544	-1.814662282	1.814662282	1.828569424	-1.828569424	-1.873950599	1.873950599	1.939223013	-1.939223013	1.948210459	-1.948210459	1.951198159	-1.951198159	1.963156471	-1.963156471	2.038689383	-2.038689383	-2.067301071	2.067301071	-2.155679672	2.155679672	2.156026288	-2.156026288	-2.174911476	2.174911476	2.199622406	-2.199622406	2.215831974	-2.215831974	2.219791915	-2.219791915	2.263497662	-2.263497662	2.272688947	-2.272688947	2.282138112	-2.282138112	2.337490157	-2.337490157	2.359257729	-2.359257729	
-0.38	0.03541668247	-0.03541668247	-0.05708366644	0.05708366644	0.08033949609	-0.08033949609	0.1248264086	-0.1248264086	0.1437216364	-0.1437216364	0.1538783558	-0.1538783558	0.1905467371	-0.1905467371	0.2463362174	-0.2463362174	-0.2968581847	0.2968581847	0.3454231951	-0.3454231951	0.3609741756	-0.3609741756	-0.4174186546	0.4174186546	-0.4811520945	0.4811520945	-0.493223603	0.493223603	0.648364991	-0.648364991	0.6836130166	-0.6836130166	-0.7032540373	0.7032540373	0.7182949838	-0.7182949838	0.7249160783	-0.7249160783	0.7982098188	-0.7982098188	0.8055880289	-0.8055880289	0.8076171526	-0.8076171526	0.8556683572	-0.8556683572	-0.8978980785	0.8978980785	-0.9112954767	0.9112954767	-1.051846398	1.051846398	-1.079515165	1.079515165	-1.089840473	1.089840473	1.099933855	-1.099933855	1.226449431	-1.226449431	1.252100048	-1.252100048	1.270920187	-1.270920187	1.27109815	-1.27109815	1.426608396	-1.426608396	-1.449215179	1.449215179	-1.529259033	1.529259033	1.579861361	-1.579861361	1.5923666	-1.5923666	1.722623806	-1.722623806	1.729356124	-1.729356124	1.811263817	-1.811263817	1.828434504	-1.828434504	1.874313036	-1.874313036	1.943898573	-1.943898573	-1.949880461	1.949880461	-1.952971348	1.952971348	-1.962977573	1.962977573	-2.040163902	2.040163902	-2.06730482	2.06730482	2.15553311	-2.15553311	-2.156690791	2.156690791	-2.175311145	2.175311145	2.202273092	-2.202273092	-2.216137804	2.216137804	2.218910915	-2.218910915	-2.263282115	2.263282115	2.272708671	-2.272708671	2.282152505	-2.282152505	-2.336560754	2.336560754	2.35922939	-2.35922939	
-0.37	0.03239795747	-0.03239795747	-0.05712032323	0.05712032323	-0.08032720481	0.08032720481	-0.1258399985	0.1258399985	0.1460062468	-0.1460062469	0.1585393375	-0.1585393375	-0.1904663554	0.1904663554	0.2471087491	-0.2471087491	-0.2974615497	0.2974615497	-0.3459346688	0.3459346688	-0.3607908113	0.3607908113	0.4148298479	-0.4148298479	0.4792532517	-0.4792532517	-0.4933508237	0.4933508237	0.6478532663	-0.6478532663	-0.6833243907	0.6833243907	0.7014181879	-0.7014181879	-0.7183326908	0.7183326908	-0.7255096576	0.7255096576	0.7933046707	-0.7933046707	0.7991911124	-0.7991911124	0.8110086083	-0.8110086083	0.8555687139	-0.8555687139	-0.897602193	0.897602193	0.9128681661	-0.9128681661	1.052390854	-1.052390854	1.079454444	-1.079454444	-1.086332495	1.086332495	1.09969099	-1.09969099	1.227588335	-1.227588335	-1.249290877	1.249290877	-1.27097522	1.27097522	1.271801722	-1.271801722	1.426434806	-1.426434806	1.449299317	-1.449299317	1.532768235	-1.532768235	1.57983411	-1.57983411	1.592187836	-1.592187836	1.726891375	-1.726891375	1.731899898	-1.731899898	-1.807867425	1.807867425	1.82830286	-1.82830286	-1.874672469	1.874672469	-1.945873241	1.945873241	1.954151971	-1.954151971	-1.954577797	1.954577797	-1.96280016	1.96280016	2.041650213	-2.041650213	-2.067308688	2.067308688	-2.155388719	2.155388719	-2.157463333	2.157463333	-2.175763964	2.175763964	-2.204900783	2.204900783	2.21644063	-2.21644063	-2.217988186	2.217988186	2.263066168	-2.263066168	-2.272727119	2.272727119	2.282161537	-2.282161537	2.335430365	-2.335430365	2.359202569	-2.359202569	
-0.36	0.029314919	-0.029314919	-0.05715601157	0.05715601157	-0.08031286952	0.08031286952	-0.1268406447	0.1268406447	0.1484866312	-0.1484866312	0.1632624951	-0.1632624951	0.1903872136	-0.1903872136	0.2479019301	-0.2479019301	-0.2980595087	0.2980595087	0.3463892743	-0.3463892743	0.3606063295	-0.3606063295	0.4122671367	-0.4122671367	0.4770257209	-0.4770257209	-0.493476581	0.493476581	0.6476917134	-0.6476917134	-0.6830389784	0.6830389784	0.699440783	-0.699440783	0.7183739467	-0.7183739467	-0.7260916868	0.7260916868	0.7882230544	-0.7882230544	-0.7928726361	0.7928726361	-0.8144001217	0.8144001217	0.8556679277	-0.8556679277	0.8973120784	-0.8973120784	0.9145389918	-0.9145389918	-1.052931929	1.052931929	-1.079421009	1.079421009	-1.082830058	1.082830058	1.09944637	-1.09944637	-1.228778774	1.228778774	-1.246397962	1.246397962	1.271030081	-1.271030081	1.272497005	-1.272497005	-1.426264456	1.426264456	1.449381224	-1.449381224	-1.536271896	1.536271896	1.579806137	-1.579806137	1.592008811	-1.592008811	-1.727875952	1.727875952	1.73768295	-1.73768295	-1.804473479	1.804473479	1.828174541	-1.828174541	-1.875028887	1.875028887	1.946456233	-1.946456233	1.956013194	-1.956013194	1.959711183	-1.959711183	-1.962624602	1.962624602	-2.043149336	2.043149336	-2.067312674	2.067312674	-2.155247105	2.155247105	2.158343259	-2.158343259	2.176271296	-2.176271296	-2.207502391	2.207502391	-2.216740196	2.216740196	2.217023345	-2.217023345	2.262849759	-2.262849759	-2.272744525	2.272744525	-2.282164467	2.282164467	-2.334080104	2.334080104	2.3591769	-2.3591769	
-0.35	0.02617988013	-0.02617988013	-0.05719068889	0.05719068889	-0.08029695599	0.08029695599	-0.1278272161	0.1278272161	0.1511702824	-0.1511702824	0.1680252527	-0.1680252527	-0.1903093561	0.1903093561	0.2487158151	-0.2487158151	0.2986515852	-0.2986515852	0.3467821499	-0.3467821499	0.3604208754	-0.3604208754	0.4097317113	-0.4097317113	0.474480275	-0.474480275	0.4936007063	-0.4936007063	0.6478793689	-0.6478793689	0.6827568288	-0.6827568288	0.6973224487	-0.6973224487	0.7184180778	-0.7184180778	0.7266582791	-0.7266582791	-0.7830320936	0.7830320936	0.7866396335	-0.7866396335	0.8177892867	-0.8177892867	0.8559046839	-0.8559046839	0.8970278527	-0.8970278527	0.9162975224	-0.9162975224	1.053469149	-1.053469149	1.079333562	-1.079333562	1.079414652	-1.079414652	1.099200194	-1.099200194	1.230022356	-1.230022356	1.243423406	-1.243423406	1.271084571	-1.271084571	1.273183317	-1.273183317	-1.426097439	1.426097439	1.4494609	-1.4494609	1.539769617	-1.539769617	-1.579777644	1.579777644	1.59182985	-1.59182985	1.728128129	-1.728128129	1.744151633	-1.744151633	-1.801082389	1.801082389	1.828049598	-1.828049598	1.875382313	-1.875382313	-1.946697071	1.946697071	1.957274357	-1.957274357	-1.962451393	1.962451393	1.965503793	-1.965503793	2.044662372	-2.044662372	2.067316775	-2.067316775	2.155108402	-2.155108402	-2.159326899	2.159326899	2.176836702	-2.176836702	2.210069467	-2.210069467	2.2160213	-2.2160213	2.217036248	-2.217036248	-2.262632791	2.262632791	2.272761167	-2.272761167	-2.282160377	2.282160377	2.33249462	-2.33249462	2.35915198	-2.35915198	
-0.34	0.02300470511	-0.02300470511	-0.05722433641	0.05722433641	0.08027983692	-0.08027983692	0.1287985939	-0.1287985939	0.1540551579	-0.1540551579	0.1728150038	-0.1728150038	0.1902328346	-0.1902328346	-0.2495503931	0.2495503931	-0.2992373104	0.2992373104	0.347107824	-0.347107824	0.3602345995	-0.3602345995	0.4072247581	-0.4072247581	0.4716329569	-0.4716329569	0.4937230287	-0.4937230287	0.6484094266	-0.6484094266	0.682477902	-0.682477902	0.695063455	-0.695063455	0.7184644012	-0.7184644012	-0.7272053199	0.7272053199	0.7777836576	-0.7777836576	0.7805000728	-0.7805000728	0.8211751487	-0.8211751487	0.8562328687	-0.8562328687	0.8967496454	-0.8967496454	0.9181332519	-0.9181332519	-1.054002036	1.054002036	1.075843447	-1.075843447	1.079435068	-1.079435068	-1.098952677	1.098952677	1.231320629	-1.231320629	1.240369231	-1.240369231	1.27113854	-1.27113854	-1.27385999	1.27385999	1.425933846	-1.425933846	1.449538344	-1.449538344	1.543260958	-1.543260958	1.579748803	-1.579748803	1.591651271	-1.591651271	-1.728241357	1.728241357	1.750709272	-1.750709272	1.797694605	-1.797694605	1.827928088	-1.827928088	1.87573282	-1.87573282	1.946825483	-1.946825483	1.958359154	-1.958359154	-1.962281254	1.962281254	1.971295088	-1.971295088	2.0461905	-2.0461905	-2.067320991	2.067320991	2.154972701	-2.154972701	2.160406712	-2.160406712	2.177466315	-2.177466315	2.212549397	-2.212549397	2.215031057	-2.215031057	2.217328531	-2.217328531	-2.26241512	2.26241512	2.27277737	-2.27277737	2.282148111	-2.282148111	2.330664161	-2.330664161	2.359127388	-2.359127388	
-0.33	0.01980076162	-0.01980076162	-0.05725694868	0.05725694868	0.08026181504	-0.08026181504	0.129753673	-0.129753673	-0.1571355488	0.1571355488	0.1776232751	-0.1776232751	0.1901577079	-0.1901577079	0.2504055799	-0.2504055799	0.2998162247	-0.2998162247	0.3473601294	-0.3473601294	0.3600476569	-0.3600476569	-0.4047474171	0.4047474171	-0.4685044784	0.4685044784	-0.4938433756	0.4938433756	0.6492700113	-0.6492700113	-0.6822019813	0.6822019813	-0.6926639847	0.6926639847	0.7185122892	-0.7185122892	-0.7277277901	0.7277277901	0.7725186554	-0.7725186554	-0.774463306	0.774463306	-0.8245569706	0.8245569706	0.8566185566	-0.8566185566	0.896477593	-0.896477593	0.9200355409	-0.9200355409	-1.054530108	1.054530108	1.072360199	-1.072360199	1.079481853	-1.079481853	-1.098704051	1.098704051	1.232675079	-1.232675079	-1.237237411	1.237237411	1.271191868	-1.271191868	-1.274526374	1.274526374	1.425773767	-1.425773767	1.449613557	-1.449613557	-1.546745433	1.546745433	-1.579719765	1.579719765	1.591473393	-1.591473393	1.728308468	-1.728308468	1.757259605	-1.757259605	-1.794310621	1.794310621	1.827810077	-1.827810077	1.876080534	-1.876080534	1.94690316	-1.94690316	1.959266267	-1.959266267	-1.962115397	1.962115397	1.977018186	-1.977018186	2.047734975	-2.047734975	-2.067325322	2.067325322	2.154840081	-2.154840081	2.161570811	-2.161570811	2.178169252	-2.178169252	-2.21356697	2.21356697	-2.21542416	2.21542416	-2.217616793	2.217616793	2.26219654	-2.26219654	2.272793505	-2.272793505	2.282126203	-2.282126203	2.328586384	-2.328586384	2.359102711	-2.359102711	
-0.32	0.01657890894	-0.01657890894	-0.05728852787	0.05728852787	-0.08024313981	0.08024313981	0.1306913648	-0.1306913648	0.1604043044	-0.1604043044	-0.1824434986	0.1824434986	-0.1900840422	0.1900840422	0.25128121	-0.25128121	-0.3003878796	0.3003878796	0.3475321103	-0.3475321103	-0.3598602075	0.3598602075	-0.4023007174	0.4023007174	0.4651195107	-0.4651195107	0.4939615726	-0.4939615726	0.6504450471	-0.6504450471	-0.6819284283	0.6819284283	0.6901245607	-0.6901245607	0.7185611891	-0.7185611891	0.7282187265	-0.7282187265	-0.7672700478	0.7672700478	0.7685409247	-0.7685409247	0.8279340143	-0.8279340143	0.8570372025	-0.8570372025	-0.8962118354	0.8962118354	0.9219936515	-0.9219936515	1.055052877	-1.055052877	-1.068884355	1.068884355	1.079554503	-1.079554503	1.098454564	-1.098454564	1.234029886	-1.234029886	-1.234087106	1.234087106	-1.271244455	1.271244455	1.275181835	-1.275181835	-1.425617293	1.425617293	-1.449686538	1.449686538	1.550222503	-1.550222503	-1.579690662	1.579690662	1.591296528	-1.591296528	1.72835487	-1.72835487	1.763773552	-1.763773552	-1.790930984	1.790930984	1.827695647	-1.827695647	-1.876425657	1.876425657	-1.946952621	1.946952621	1.959994532	-1.959994532	-1.961956145	1.961956145	1.982645168	-1.982645168	2.049297124	-2.049297124	2.06732977	-2.06732977	-2.154710617	2.154710617	-2.162802582	2.162802582	-2.178958002	2.178958002	2.21251683	-2.21251683	-2.217802248	2.217802248	-2.217900785	2.217900785	2.261976772	-2.261976772	-2.272810001	2.272810001	-2.282092757	2.282092757	2.326267478	-2.326267478	-2.359077573	2.359077573	
-0.31	0.01334951135	-0.01334951135	-0.05731908049	0.05731908049	-0.08022401949	0.08022401949	0.1316105987	-0.1316105987	-0.1638537814	0.1638537814	-0.1872700319	0.1872700319	0.1900119108	-0.1900119108	-0.2521770278	0.2521770278	-0.3009518393	0.3009518393	0.3476159262	-0.3476159262	0.3596724153	-0.3596724153	0.3998854873	-0.3998854873	0.4615059727	-0.4615059727	0.4940774441	-0.4940774441	-0.651915109	0.651915109	-0.6816552856	0.6816552856	0.6874471298	-0.6874471298	-0.7186106241	0.7186106241	0.7286673033	-0.7286673033	0.7620652063	-0.7620652063	0.76274851	-0.76274851	0.83130546	-0.83130546	-0.8574713487	0.8574713487	0.8959525138	-0.8959525138	-0.9239968361	0.9239968361	-1.05556985	1.05556985	1.065416514	-1.065416514	-1.079652407	1.079652407	1.098204483	-1.098204483	1.230748573	-1.230748573	1.235558017	-1.235558017	-1.271296212	1.271296212	1.275825761	-1.275825761	-1.425464511	1.425464511	-1.449757288	1.449757288	1.55369157	-1.55369157	-1.57966161	1.57966161	-1.591120986	1.591120986	-1.728390176	1.728390176	1.770237535	-1.770237535	-1.787556303	1.787556303	-1.827584901	1.827584901	-1.876768474	1.876768474	1.946983974	-1.946983974	-1.960541186	1.960541186	1.961808644	-1.961808644	-1.988160312	1.988160312	-2.050878331	2.050878331	2.06733434	-2.06733434	-2.154584378	2.154584378	-2.164080548	2.164080548	-2.179848583	2.179848583	2.211299914	-2.211299914	2.218180263	-2.218180263	2.220260618	-2.220260618	2.261755438	-2.261755438	-2.272827346	2.272827346	-2.282045294	2.282045294	-2.323722301	2.323722301	-2.359051652	2.359051652	
-0.3	0.01012246766	-0.01012246766	-0.05734861546	0.05734861546	-0.08020463001	0.08020463001	0.1325103241	-0.1325103241	-0.1674762804	0.1674762804	-0.1899413942	0.1899413942	0.1920976738	-0.1920976738	0.2530926778	-0.2530926778	0.3015076838	-0.3015076838	-0.3476027535	0.3476027535	-0.3594844475	0.3594844475	0.3975022295	-0.3975022295	0.4576944028	-0.4576944029	-0.4941908125	0.4941908125	0.6536581527	-0.6536581527	0.6813739786	-0.6813739786	-0.6846405566	0.6846405566	0.7186601833	-0.7186601833	-0.7290547907	0.7290547907	-0.756927766	0.756927766	-0.7571095054	0.7571095054	-0.8346703446	0.8346703446	0.8579088637	-0.8579088637	0.8956997691	-0.8956997691	-0.92603445	0.92603445	1.056080521	-1.056080521	1.061957342	-1.061957342	1.079774849	-1.079774849	-1.097954094	1.097954094	-1.227395385	1.227395385	1.237089007	-1.237089007	1.271347061	-1.271347061	1.276457558	-1.276457558	1.425315508	-1.425315508	-1.449825807	1.449825807	1.557151967	-1.557151967	-1.579632715	1.579632715	1.59094707	-1.59094707	-1.728418799	1.728418799	1.776642828	-1.776642828	-1.784187251	1.784187251	-1.827477986	1.827477986	-1.877109386	1.877109386	1.947002454	-1.947002454	1.960897606	-1.960897606	1.961685033	-1.961685033	1.993552578	-1.993552578	-2.052480022	2.052480022	-2.067339037	2.067339037	2.154461434	-2.154461434	2.165378776	-2.165378776	2.180860198	-2.180860198	2.21000703	-2.21000703	2.21845499	-2.21845499	-2.222704659	2.222704659	2.261532036	-2.261532036	-2.272846099	2.272846099	2.281980517	-2.281980517	2.320973591	-2.320973591	2.359024705	-2.359024705	
-0.29	0.006907249612	-0.006907249612	-0.05737714293	0.05737714293	-0.08018512159	0.08018512159	0.133389513	-0.133389513	0.1712642522	-0.1712642522	0.1898725795	-0.1898725795	0.1969213981	-0.1969213981	0.2540276945	-0.2540276945	-0.3020550114	0.3020550114	0.3474826916	-0.3474826916	0.3592964746	-0.3592964746	-0.3951509556	0.3951509556	0.4537174769	-0.4537174769	-0.4943014995	0.4943014995	0.6556500361	-0.6556500361	-0.680952929	0.680952929	0.6818372156	-0.6818372156	0.7187095082	-0.7187095082	-0.7293450064	0.7293450064	-0.7516645937	0.7516645937	-0.7518791301	0.7518791301	0.8380274771	-0.8380274771	0.8583416466	-0.8583416466	-0.8954537403	0.8954537403	0.9280960679	-0.9280960679	1.056584377	-1.056584377	-1.058507585	1.058507585	1.079920996	-1.079920996	-1.097703703	1.097703703	1.223972239	-1.223972239	-1.238681148	1.238681148	-1.27139693	1.27139693	-1.277076658	1.277076658	-1.425170368	1.425170368	1.449892095	-1.449892095	1.560602948	-1.560602948	-1.579604071	1.579604071	1.590775079	-1.590775079	-1.728443039	1.728443039	-1.780824584	1.780824584	1.782982383	-1.782982383	1.82737511	-1.82737511	-1.877448934	1.877448934	-1.947011064	1.947011064	-1.96104942	1.96104942	-1.961604232	1.961604232	1.998812969	-1.998812969	2.05410364	-2.05410364	-2.067343869	2.067343869	2.154341848	-2.154341848	2.166668207	-2.166668207	-2.182013963	2.182013963	2.208646236	-2.208646236	2.218724742	-2.218724742	-2.225122476	2.225122476	2.261305897	-2.261305897	2.272866892	-2.272866892	-2.281893953	2.281893953	-2.3180506	2.3180506	2.358996575	-2.358996575	
-0.28	0.003712943922	-0.003712943922	-0.05740467358	0.05740467358	-0.08016562362	0.08016562362	-0.1342471609	0.1342471609	0.175210393	-0.175210393	-0.1898055611	0.1898055611	0.2017361919	-0.2017361919	0.2549814904	-0.2549814904	-0.3025934429	0.3025934429	-0.347244678	0.347244678	-0.3591086685	0.3591086685	-0.3928309757	0.3928309757	-0.4496097001	0.4496097001	0.4944093252	-0.4944093252	-0.6578647485	0.6578647485	-0.6784694689	0.6784694689	0.680961287	-0.680961287	-0.7187582719	0.7187582719	-0.7294590693	0.7294590693	0.7464967733	-0.7464967733	-0.7469397891	0.7469397891	0.8413752912	-0.8413752912	0.858764738	-0.858764738	0.895214564	-0.895214564	-0.9301715921	0.9301715921	-1.05506808	1.05506808	1.057080889	-1.057080889	1.0800899	-1.0800899	1.097453639	-1.097453639	1.220481069	-1.220481069	-1.240335367	1.240335367	1.271445751	-1.271445751	-1.277682521	1.277682521	-1.425029175	1.425029175	-1.449956152	1.449956152	1.564043676	-1.564043676	1.579575761	-1.579575761	1.590605305	-1.590605305	-1.728464213	1.728464213	-1.777469146	1.777469146	-1.789249593	1.789249593	1.827276606	-1.827276606	1.877787839	-1.877787839	1.947011669	-1.947011669	1.961022939	-1.961022939	1.961545385	-1.961545385	2.003933486	-2.003933486	2.055750597	-2.055750597	-2.067348847	2.067348847	-2.154225682	2.154225682	2.167919186	-2.167919186	2.183330454	-2.183330454	2.207218233	-2.207218233	-2.218989312	2.218989312	-2.2275095	2.2275095	2.261076137	-2.261076137	2.272890451	-2.272890451	-2.281779429	2.281779429	-2.314987694	2.314987694	-2.358967192	2.358967192	
-0.27	-0.0005482943187	0.0005482943188	0.05743121818	-0.05743121818	-0.0801462485	0.0801462485	0.1350822896	-0.1350822896	0.1793076824	-0.1793076824	0.1897404394	-0.1897404394	-0.2065369475	0.2065369475	-0.2559533436	0.2559533436	0.3031226259	-0.3031226259	0.3468764208	-0.3468764208	-0.3589212027	0.3589212027	0.3905406452	-0.3905406452	-0.4454072722	0.4454072722	0.4945141092	-0.4945141092	0.6602742599	-0.6602742599	0.6752607035	-0.6752607035	-0.680678098	0.680678098	0.718806141	-0.718806141	-0.7292039335	0.7292039335	0.7418026808	-0.7418026808	0.7421306278	-0.7421306278	-0.8447115351	0.8447115351	0.8591758506	-0.8591758506	-0.8949823736	0.8949823736	0.9322513456	-0.9322513456	1.051639767	-1.051639767	1.057569516	-1.057569516	-1.080280483	1.080280483	1.09720425	-1.09720425	-1.216923845	1.216923845	1.242052437	-1.242052437	1.271493461	-1.271493461	1.278274633	-1.278274633	1.424892012	-1.424892012	-1.450017979	1.450017979	1.567473208	-1.567473208	1.579547864	-1.579547864	1.590438034	-1.590438034	1.728483121	-1.728483121	1.774121887	-1.774121887	1.795437618	-1.795437618	1.827183044	-1.827183044	-1.87812706	1.87812706	-1.947005497	1.947005497	1.960897331	-1.960897331	1.961435556	-1.961435556	2.008906671	-2.008906671	2.057422214	-2.057422214	-2.067353983	2.067353983	2.154112995	-2.154112995	-2.169104986	2.169104986	2.184826255	-2.184826255	-2.205722213	2.205722213	-2.219248518	2.219248518	-2.229862645	2.229862645	2.260841583	-2.260841583	-2.272917599	2.272917599	2.281628243	-2.281628243	2.311823466	-2.311823466	2.358936571	-2.358936571	
-0.26	0.002578258902	-0.002578258902	-0.05745678727	0.05745678727	0.08012709454	-0.08012709454	0.135893948	-0.135893948	0.1835493914	-0.1835493914	0.1896773211	-0.1896773211	-0.211318382	0.211318382	0.2569423837	-0.2569423837	0.3036422408	-0.3036422408	-0.346364353	0.346364353	-0.3587342501	0.3587342501	-0.3882770858	0.3882770858	-0.4411480934	0.4411480934	-0.4946156703	0.4946156703	-0.662847861	0.662847861	0.6718981804	-0.6718981804	0.68041963	-0.68041963	0.7188526726	-0.7188526726	0.7281152525	-0.7281152525	0.737474425	-0.737474425	0.7380496759	-0.7380496759	0.8480325138	-0.8480325138	-0.8595755398	0.8595755398	0.8947572989	-0.8947572989	0.9343261474	-0.9343261474	-1.04822371	1.04822371	-1.058049701	1.058049701	-1.080491535	1.080491535	-1.096955913	1.096955913	-1.213302586	1.213302586	-1.243832956	1.243832956	1.271539999	-1.271539999	-1.278852519	1.278852519	1.424758957	-1.424758957	1.450077575	-1.450077575	-1.570890479	1.570890479	-1.57952045	1.57952045	1.590273546	-1.590273546	-1.728500282	1.728500282	-1.77078388	1.77078388	-1.801538788	1.801538788	1.827095503	-1.827095503	1.878467865	-1.878467865	-1.946993393	1.946993393	1.960709392	-1.960709392	1.961244815	-1.961244815	2.013725438	-2.013725438	2.059119629	-2.059119629	-2.067359289	2.067359289	2.154003845	-2.154003845	-2.170205363	2.170205363	2.186510449	-2.186510449	-2.204157027	2.204157027	-2.219502217	2.219502217	-2.232179142	2.232179142	-2.260600674	2.260600674	-2.272949279	2.272949279	2.281427879	-2.281427879	-2.308600782	2.308600782	2.358904794	-2.358904794	
-0.25	0.005658543324	-0.005658543324	-0.05748139106	0.05748139106	-0.0801082482	0.0801082482	-0.1366812144	0.1366812144	0.1879290737	-0.1879290737	-0.1896163188	0.1896163188	-0.2160749729	0.2160749729	-0.2579475767	0.2579475767	-0.3041520077	0.3041520077	0.3456936173	-0.3456936173	-0.3585479829	0.3585479829	-0.3860359224	0.3860359224	-0.4368718471	0.4368718471	0.4947138272	-0.4947138272	-0.6655507807	0.6655507807	-0.6684044244	0.6684044244	-0.680168108	0.680168108	-0.7188968679	0.7188968679	0.7255858603	-0.7255858603	-0.7329978262	0.7329978262	-0.7358477077	0.7358477077	-0.8513308395	0.8513308395	0.8599690071	-0.8599690071	-0.8945394654	0.8945394654	-0.9363873688	0.9363873688	-1.044821117	1.044821117	-1.058520866	1.058520866	-1.080721695	1.080721695	-1.096709024	1.096709024	-1.209619383	1.209619383	-1.245677333	1.245677333	-1.271585307	1.271585307	1.279415742	-1.279415742	-1.42463009	1.42463009	-1.450134943	1.450134943	-1.574294282	1.574294282	-1.579493583	1.579493583	1.59011211	-1.59011211	1.728516041	-1.728516041	-1.767456339	1.767456339	1.807543587	-1.807543587	1.827016344	-1.827016344	1.878811934	-1.878811934	1.946975961	-1.946975961	1.960433563	-1.960433563	-1.961006093	1.961006093	2.018383048	-2.018383048	2.060843677	-2.060843677	2.067364781	-2.067364781	-2.153898286	2.153898286	2.171208771	-2.171208771	2.188382427	-2.188382427	-2.202521541	2.202521541	-2.219750318	2.219750318	-2.234456177	2.234456177	-2.260351324	2.260351324	2.272986574	-2.272986574	-2.281160017	2.281160017	-2.305368097	2.305368097	2.358871997	-2.358871997	
-0.24	0.008684623767	-0.008684623767	-0.05750503928	0.05750503928	-0.08008978596	0.08008978596	-0.1374431973	0.1374431973	-0.18955755	0.18955755	-0.192440549	0.192440549	0.2208009006	-0.2208009006	-0.258967708	0.258967708	-0.3046516947	0.3046516947	-0.3448480831	0.3448480831	-0.3583625702	0.3583625702	0.3838111095	-0.3838111095	-0.4326200564	0.4326200564	-0.4948083988	0.4948083988	-0.6647896004	0.6647896004	-0.6683417107	0.6683417107	-0.6799193674	0.6799193674	-0.7189327899	0.7189327899	-0.7218227794	0.7218227794	0.728734219	-0.728734219	-0.7349966856	0.7349966856	-0.8545865991	0.8545865991	0.8603745926	-0.8603745926	0.8943289945	-0.8943289945	-0.9384269729	0.9384269729	-1.04143336	1.04143336	-1.058982415	1.058982415	-1.080969439	1.080969439	1.096464008	-1.096464008	-1.20587642	1.20587642	1.247585765	-1.247585765	1.27162933	-1.27162933	-1.279963914	1.279963914	-1.424505486	1.424505486	-1.450190081	1.450190081	-1.57768324	1.57768324	-1.579467323	1.579467323	-1.589953993	1.589953993	1.728530638	-1.728530638	-1.764140646	1.764140646	-1.813437677	1.813437677	-1.82695194	1.82695194	-1.8791615	1.8791615	1.946953635	-1.946953635	-1.960013928	1.960013928	1.96078305	-1.96078305	-2.022873186	2.022873186	-2.062594715	2.062594715	-2.067370474	2.067370474	2.15379637	-2.15379637	-2.172112362	2.172112362	-2.190431863	2.190431863	-2.200814794	2.200814794	-2.219992816	2.219992816	2.236690734	-2.236690734	-2.260090722	2.260090722	2.273030725	-2.273030725	2.280797543	-2.280797543	-2.302182295	2.302182295	-2.358838351	2.358838351	
-0.23	0.01164877701	-0.01164877701	-0.05752774117	0.05752774117	-0.08007177575	0.08007177575	-0.1381790371	0.1381790371	0.189501137	-0.189501137	0.1970778815	-0.1970778815	0.2254899955	-0.2254899955	-0.2600013633	0.2600013633	-0.3051411291	0.3051411291	-0.3438104023	0.3438104023	0.3581781774	-0.3581781774	0.3815949698	-0.3815949698	-0.4284359673	0.4284359673	-0.4948992043	0.4948992043	-0.6610634896	0.6610634896	0.6711686074	-0.6711686074	0.6796707653	-0.6796707653	-0.7174604462	0.7174604462	0.7190231202	-0.7190231202	-0.7247281861	0.7247281861	-0.734799837	0.734799837	0.8577126359	-0.8577126359	0.8608782293	-0.8608782293	0.8941260032	-0.8941260032	0.9404375388	-0.9404375388	-1.038062009	1.038062009	1.059433729	-1.059433729	1.08123306	-1.08123306	1.096221315	-1.096221315	1.202076001	-1.202076001	-1.249558222	1.249558222	1.271672016	-1.271672016	-1.280496708	1.280496708	-1.42438522	1.42438522	-1.45024299	1.45024299	-1.579441726	1.579441726	1.581055783	-1.581055783	1.58979945	-1.58979945	1.728544244	-1.728544244	1.76083838	-1.76083838	-1.819186925	1.819186925	-1.826927383	1.826927383	1.879519559	-1.879519559	-1.946926736	1.946926736	1.959436106	-1.959436106	-1.960598063	1.960598063	2.027190123	-2.027190123	-2.064372408	2.064372408	-2.067376385	2.067376385	-2.153698147	2.153698147	-2.172920066	2.172920066	-2.19264053	2.19264053	-2.199036086	2.199036086	2.220229827	-2.220229827	2.238879489	-2.238879489	-2.259815052	2.259815052	-2.27308317	2.27308317	2.280300592	-2.280300592	-2.299112968	2.299112968	-2.358356442	2.358356442	
-0.22	0.01454347204	-0.01454347204	-0.05754950544	0.05754950544	-0.08005427817	0.08005427817	0.1388879072	-0.1388879072	0.189447206	-0.189447206	-0.2018353568	0.2018353568	0.2301356854	-0.2301356854	0.2610469082	-0.2610469082	-0.3056202102	0.3056202102	0.3425621159	-0.3425621159	-0.3579949646	0.3579949646	0.3793786009	-0.3793786009	-0.4243640675	0.4243640675	-0.4949860647	0.4949860647	0.6572370145	-0.6572370145	0.6739617986	-0.6739617986	-0.6794193242	0.6794193242	-0.7130089071	0.7130089071	0.71904313	-0.71904313	-0.7210425486	0.7210425486	0.7348719026	-0.7348719026	0.8600615727	-0.8600615727	-0.8621262117	0.8621262117	-0.8939306035	0.8939306035	0.9424122734	-0.9424122734	-1.034708865	1.034708865	-1.059874165	1.059874165	-1.081510639	1.081510639	1.09598142	-1.09598142	1.19822059	-1.19822059	1.251594421	-1.251594421	1.271713313	-1.271713313	1.281013873	-1.281013873	-1.424269365	1.424269365	-1.450293671	1.450293671	-1.579416842	1.579416842	-1.584410106	1.584410106	1.589648728	-1.589648728	1.728556984	-1.728556984	-1.75755135	1.75755135	1.824529198	-1.824529198	-1.827194322	1.827194322	1.879890167	-1.879890167	1.946895492	-1.946895492	-1.958721074	1.958721074	-1.960438303	1.960438303	2.031328935	-2.031328935	-2.06617546	2.06617546	-2.067382531	2.067382531	2.153603665	-2.153603665	-2.173639869	2.173639869	-2.194984821	2.194984821	-2.197185047	2.197185047	2.220461657	-2.220461657	-2.241018742	2.241018742	-2.259519096	2.259519096	2.273145567	-2.273145567	-2.279613098	2.279613098	-2.296246579	2.296246579	2.357357713	-2.357357713	
-0.21	-0.01736135586	0.01736135586	-0.05757034027	0.05757034027	-0.08003734743	0.08003734743	-0.1395690148	0.1395690148	-0.1893958863	0.1893958863	-0.2067074573	0.2067074573	-0.2347309423	0.2347309423	0.262102465	-0.262102465	0.3060889256	-0.3060889256	-0.3410838438	0.3410838438	-0.3578130846	0.3578130846	0.3771528163	-0.3771528163	-0.4204490279	0.4204490279	0.495068803	-0.495068803	-0.6533225157	0.6533225157	0.6766232989	-0.6766232989	-0.6791607723	0.6791607723	-0.7085325178	0.7085325178	-0.7177691231	0.7177691231	-0.7190809413	0.7190809413	-0.7350608889	0.7350608889	-0.8608600527	0.8608600527	-0.8648907839	0.8648907839	-0.8937429031	0.8937429031	-0.9443450132	0.9443450132	-1.031376004	1.031376004	-1.060303052	1.060303052	1.081800014	-1.081800014	-1.095744825	1.095744825	1.194312847	-1.194312847	1.253693795	-1.253693795	-1.271753172	1.271753172	-1.281515254	1.281515254	-1.424157988	1.424157988	-1.450342125	1.450342125	1.579392719	-1.579392719	-1.58774413	1.58774413	1.589502068	-1.589502068	-1.728568948	1.728568948	-1.754281642	1.754281642	1.826374142	-1.826374142	-1.830830696	1.830830696	-1.880278882	1.880278882	1.946860066	-1.946860066	-1.957887642	1.957887642	-1.960293172	1.960293172	2.035285779	-2.035285779	-2.067388926	2.067388926	2.068001304	-2.068001304	-2.15351297	2.15351297	-2.174281377	2.174281377	2.195261694	-2.195261694	-2.197437831	2.197437831	-2.220688908	2.220688908	-2.243104334	2.243104334	-2.259195669	2.259195669	-2.273219843	2.273219843	2.278665543	-2.278665543	-2.293684813	2.293684813	-2.3563487	2.3563487	
-0.2	-0.02009524459	0.02009524459	-0.05759025336	0.05759025336	-0.08002103219	0.08002103219	0.1402216016	-0.1402216016	-0.1893473095	0.1893473095	-0.2116888382	0.2116888382	-0.2392682266	0.2392682266	0.2631658874	-0.2631658874	0.3065473715	-0.3065473715	-0.3393556238	0.3393556238	-0.3576326826	0.3576326826	-0.374909708	0.374909708	0.4167338979	-0.4167338979	0.4951472452	-0.4951472452	0.6493337048	-0.6493337048	-0.6788882923	0.6788882923	-0.6790127804	0.6790127804	-0.704114142	0.704114142	0.7150427698	-0.7150427698	-0.7191191837	0.7191191837	0.735303544	-0.735303544	0.8612513328	-0.8612513328	-0.8680274014	0.8680274014	0.8935630048	-0.8935630048	-0.9462302175	0.9462302175	-1.028065827	1.028065827	1.060719693	-1.060719693	1.082098737	-1.082098737	1.095512057	-1.095512057	1.190355683	-1.190355683	-1.255855457	1.255855457	1.271791545	-1.271791545	1.282000832	-1.282000832	-1.42405116	1.42405116	1.450388351	-1.450388351	1.5793694	-1.5793694	1.589359699	-1.589359699	-1.591055447	1.591055447	1.728580207	-1.728580207	1.751031668	-1.751031668	1.826440932	-1.826440932	-1.836102263	1.836102263	-1.880693428	1.880693428	1.946820562	-1.946820562	1.95694886	-1.95694886	-1.960157823	1.960157823	2.039058198	-2.039058198	2.067395587	-2.067395587	2.069845765	-2.069845765	-2.153426105	2.153426105	-2.174854151	2.174854151	2.193266488	-2.193266488	2.199970448	-2.199970448	-2.220912657	2.220912657	2.245131577	-2.245131577	-2.25883487	2.25883487	2.273308227	-2.273308227	2.277395268	-2.277395268	-2.291525734	2.291525734	2.355331507	-2.355331507	
-0.19	0.02273811989	-0.02273811989	-0.05760925191	0.05760925191	0.08000537625	-0.08000537625	0.1408449447	-0.1408449447	0.1893016083	-0.1893016083	0.2167743022	-0.2167743022	0.2437394284	-0.2437394284	0.2642347331	-0.2642347331	0.3069957775	-0.3069957775	-0.3373575074	0.3373575074	0.3574538944	-0.3574538944	0.3726447197	-0.3726447197	0.4132575497	-0.4132575497	-0.495221222	0.495221222	0.6452854817	-0.6452854817	-0.6785901707	0.6785901707	0.6809382069	-0.6809382069	0.6997914583	-0.6997914583	0.7130507407	-0.7130507407	0.7191564059	-0.7191564059	0.7355702057	-0.7355702057	-0.8615600861	0.8615600861	0.8712097979	-0.8712097979	0.8933910064	-0.8933910064	-0.9480629561	0.9480629561	-1.024781128	1.024781128	1.061123359	-1.061123359	1.082404016	-1.082404016	-1.095283666	1.095283666	1.186352324	-1.186352324	1.258078143	-1.258078143	1.271828388	-1.271828388	1.282470769	-1.282470769	1.423948943	-1.423948943	1.450432351	-1.450432351	-1.579346927	1.579346927	-1.589221845	1.589221845	1.59434126	-1.59434126	1.728590812	-1.728590812	1.747804232	-1.747804232	1.826409217	-1.826409217	1.841310597	-1.841310597	-1.881144705	1.881144705	1.946777035	-1.946777035	1.955914988	-1.955914988	1.960030142	-1.960030142	2.042645407	-2.042645407	2.067402525	-2.067402525	2.071702734	-2.071702734	2.153343114	-2.153343114	-2.175366815	2.175366815	-2.191200396	2.191200396	-2.202551332	2.202551332	2.22113475	-2.22113475	2.247095185	-2.247095185	2.258423183	-2.258423183	2.273413297	-2.273413297	2.275788338	-2.275788338	2.28982377	-2.28982377	2.354308523	-2.354308523	
-0.18	0.02528313008	-0.02528313008	-0.05762734267	0.05762734267	-0.07999041912	0.07999041912	0.1414383571	-0.1414383571	0.1892589157	-0.1892589157	0.2219587747	-0.2219587747	0.248135805	-0.248135805	0.2653062331	-0.2653062331	0.3074345382	-0.3074345382	0.3350705402	-0.3350705402	-0.3572768465	0.3572768465	0.3703588125	-0.3703588125	0.4100516552	-0.4100516552	0.4952905701	-0.4952905701	0.6411936826	-0.6411936826	0.6782447271	-0.6782447271	0.6821776331	-0.6821776331	0.6955966022	-0.6955966022	-0.712010837	0.712010837	0.7191922031	-0.7191922031	0.7358453874	-0.7358453874	-0.861834297	0.861834297	0.8743879637	-0.8743879637	0.8932270011	-0.8932270011	0.9498388931	-0.9498388931	-1.02152517	1.02152517	1.06151329	-1.06151329	1.082712648	-1.082712648	1.095060223	-1.095060223	-1.182306394	1.182306394	-1.260360125	1.260360125	1.271863656	-1.271863656	1.282925497	-1.282925497	1.423851402	-1.423851402	1.450474125	-1.450474125	1.579325338	-1.579325338	1.589088718	-1.589088718	1.597598299	-1.597598299	1.728600805	-1.728600805	-1.744602609	1.744602609	1.826359745	-1.826359745	-1.846350876	1.846350876	1.881648323	-1.881648323	1.9467295	-1.9467295	1.954795024	-1.954795024	1.959909181	-1.959909181	2.046048521	-2.046048521	2.06740975	-2.06740975	2.073563908	-2.073563908	2.153264036	-2.153264036	2.175826728	-2.175826728	2.18906496	-2.18906496	2.20514581	-2.20514581	-2.221358334	2.221358334	2.248989205	-2.248989205	-2.257942739	2.257942739	2.273538013	-2.273538013	2.273913016	-2.273913016	2.288558184	-2.288558184	-2.35328245	2.35328245	
-0.17	0.02772359606	-0.02772359606	-0.05764453199	0.05764453199	0.07997619653	-0.07997619653	0.1420011874	-0.1420011874	0.1892193636	-0.1892193636	-0.2272372773	0.2272372773	-0.2524479133	0.2524479133	0.2663772595	-0.2663772595	0.3078642509	-0.3078642509	-0.3324782047	0.3324782047	0.357101656	-0.357101656	0.3680600084	-0.3680600084	0.4071378235	-0.4071378235	0.4953551342	-0.4953551342	-0.6370747994	0.6370747994	-0.6778083197	0.6778083197	0.6825658159	-0.6825658159	0.6915767989	-0.6915767989	0.712084738	-0.712084738	0.7192263976	-0.7192263976	0.7361202723	-0.7361202723	0.8620873555	-0.8620873555	0.8775459217	-0.8775459217	0.8930710771	-0.8930710771	0.9515542659	-0.9515542659	1.018301779	-1.018301779	1.061888694	-1.061888694	-1.083020918	1.083020918	1.094842319	-1.094842319	1.17822202	-1.17822202	1.262699081	-1.262699081	1.271897309	-1.271897309	-1.283365847	1.283365847	-1.423758597	1.423758597	1.450513672	-1.450513672	1.579304668	-1.579304668	1.588960522	-1.588960522	-1.600822727	1.600822727	1.728610217	-1.728610217	1.74143064	-1.74143064	1.826305939	-1.826305939	-1.851177941	1.851177941	1.882226906	-1.882226906	-1.946677929	1.946677929	1.953597334	-1.953597334	-1.959794523	1.959794523	-2.049270661	2.049270661	2.067417271	-2.067417271	2.075418635	-2.075418635	2.15318891	-2.15318891	2.176239955	-2.176239955	2.186862365	-2.186862365	-2.207713654	2.207713654	2.221588792	-2.221588792	-2.250806974	2.250806974	2.257371747	-2.257371747	-2.271905354	2.271905354	-2.273685726	2.273685726	-2.287648628	2.287648628	2.352256332	-2.352256332	
-0.16	0.03005302132	-0.03005302132	-0.05766082581	0.05766082581	-0.07996274083	0.07996274084	0.1425328207	-0.1425328207	0.1891830814	-0.1891830814	0.2326048995	-0.2326048995	0.2566655391	-0.2566655391	0.2674442907	-0.2674442907	0.3082857632	-0.3082857632	0.3295682596	-0.3295682596	0.3569284322	-0.3569284322	-0.3657635664	0.3657635664	0.4045257111	-0.4045257111	-0.4954147694	0.4954147694	0.6329456953	-0.6329456953	0.6771855343	-0.6771855343	0.6821051118	-0.6821051118	0.6878278709	-0.6878278709	0.7132670349	-0.7132670349	-0.7192588881	0.7192588881	0.7363894821	-0.7363894821	0.862324953	-0.862324953	0.8806746896	-0.8806746896	-0.8929233178	0.8929233178	0.9532058638	-0.9532058638	1.01511547	-1.01511547	1.062248739	-1.062248739	1.083324482	-1.083324482	1.094630555	-1.094630555	1.174103967	-1.174103967	1.265091858	-1.265091858	1.271929307	-1.271929307	1.283793289	-1.283793289	1.423670584	-1.423670584	1.450550995	-1.450550995	1.57928495	-1.57928495	1.588837452	-1.588837452	1.60401002	-1.60401002	1.728619073	-1.728619073	1.738292854	-1.738292854	1.826251903	-1.826251903	-1.855744972	1.855744972	-1.882913353	1.882913353	1.94662226	-1.94662226	1.952329929	-1.952329929	1.959686004	-1.959686004	2.05231688	-2.05231688	-2.067425088	2.067425088	-2.077253936	2.077253936	-2.153117774	2.153117774	-2.17661141	2.17661141	-2.184595525	2.184595525	-2.210205425	2.210205425	-2.221835395	2.221835395	2.252541119	-2.252541119	-2.256688502	2.256688502	2.26992239	-2.26992239	2.273860152	-2.273860152	2.287000031	-2.287000031	2.351233586	-2.351233586	
-0.15	0.03226510595	-0.03226510595	-0.05767622974	0.05767622974	0.0799500814	-0.0799500814	0.1430326777	-0.1430326777	0.1891501948	-0.1891501948	0.2380567659	-0.2380567659	0.2607776228	-0.2607776228	-0.2685033759	0.2685033759	-0.3087002304	0.3087002304	-0.3263346704	0.3263346704	0.3567572801	-0.3567572801	0.3634904478	-0.3634904478	-0.4022127482	0.4022127482	0.4954693442	-0.4954693442	0.628823336	-0.628823336	-0.6761650659	0.6761650659	0.6809703215	-0.6809703215	0.6845602229	-0.6845602229	0.7153803105	-0.7153803105	0.7192896069	-0.7192896069	0.7366495482	-0.7366495482	0.8625502933	-0.8625502933	-0.8837669074	0.8837669074	-0.892783802	0.892783802	0.9547910041	-0.9547910041	1.011971585	-1.011971585	1.062592559	-1.062592559	1.083618205	-1.083618205	-1.094425539	1.094425539	1.169957815	-1.169957815	1.267534054	-1.267534054	1.271959611	-1.271959611	1.28421035	-1.28421035	1.423587419	-1.423587419	1.450586093	-1.450586093	1.579266215	-1.579266215	1.588719693	-1.588719693	1.607154819	-1.607154819	1.728627391	-1.728627391	1.735194613	-1.735194613	1.826199308	-1.826199308	-1.859992621	1.859992621	1.883754742	-1.883754742	-1.946562393	1.946562393	1.951000625	-1.951000625	-1.959583591	1.959583591	2.055193906	-2.055193906	-2.067433199	2.067433199	-2.079054697	2.079054697	-2.153050663	2.153050663	2.176945025	-2.176945025	-2.182268185	2.182268185	-2.21255706	2.21255706	2.222114072	-2.222114072	2.254183623	-2.254183623	-2.255882771	2.255882771	2.268102953	-2.268102953	-2.274065269	2.274065269	-2.286533068	2.286533068	2.350218032	-2.350218032	
-0.14	0.03435376404	-0.03435376404	-0.05769074906	0.05769074906	-0.07993824491	0.07993824491	0.143500215	-0.143500215	-0.1891208242	0.1891208242	0.243587996	-0.243587996	-0.2647721862	0.2647721862	0.2695500985	-0.2695500985	0.3091091835	-0.3091091835	0.3227791287	-0.3227791287	0.3565883049	-0.3565883049	-0.3612644503	0.3612644503	0.4001856007	-0.4001856007	-0.495518744	0.495518744	-0.6247245458	0.6247245458	0.6743991701	-0.6743991701	-0.6793981818	0.6793981818	0.6821204534	-0.6821204534	0.7181855688	-0.7181855688	-0.7193185039	0.7193185039	-0.7368981306	0.7368981306	-0.8627655588	0.8627655588	-0.8868151805	0.8868151805	0.8926526033	-0.8926526033	-0.9563075077	0.9563075077	-1.008876485	1.008876485	-1.062919247	1.062919247	1.083895946	-1.083895946	1.094227875	-1.094227875	-1.165790184	1.165790184	1.270019208	-1.270019208	1.271988186	-1.271988186	1.284621431	-1.284621431	-1.423509153	1.423509153	1.450618967	-1.450618967	-1.579248491	1.579248491	1.588607423	-1.588607423	-1.610250748	1.610250748	-1.728635187	1.728635187	-1.732142299	1.732142299	1.826148965	-1.826148965	1.86384496	-1.86384496	-1.884814738	1.884814738	1.946498192	-1.946498192	1.949617157	-1.949617157	1.959487317	-1.959487317	-2.057909678	2.057909678	-2.067441593	2.067441593	2.080804043	-2.080804043	-2.152987613	2.152987613	-2.177243947	2.177243947	2.179885024	-2.179885024	2.214683295	-2.214683295	2.222450851	-2.222450851	-2.254976018	2.254976018	2.255726027	-2.255726027	-2.266543584	2.266543584	-2.274305087	2.274305087	2.286191096	-2.286191096	2.349213919	-2.349213919	
-0.13	0.03631314414	-0.03631314414	-0.05770438876	0.05770438876	-0.07992725566	0.07992725566	0.1439349243	-0.1439349243	0.1890950833	-0.1890950833	-0.2491936485	0.2491936485	0.2686362698	-0.2686362698	0.2705795423	-0.2705795423	-0.3095146087	0.3095146087	0.3189116481	-0.3189116481	0.3564216212	-0.3564216212	0.3591089939	-0.3591089939	0.3984228985	-0.3984228985	0.4955628745	-0.4955628745	0.6206657889	-0.6206657889	0.671750018	-0.671750018	-0.6775929766	0.6775929766	0.6806456646	-0.6806456646	0.7193455399	-0.7193455399	0.7214765458	-0.7214765458	0.7371335908	-0.7371335908	0.8629724322	-0.8629724322	0.8898113296	-0.8898113296	0.8925297908	-0.8925297908	0.9577536742	-0.9577536742	1.005837766	-1.005837766	1.063227852	-1.063227852	1.084150278	-1.084150278	-1.094038156	1.094038156	1.16160904	-1.16160904	1.272014999	-1.272014999	1.272537119	-1.272537119	1.285034492	-1.285034492	-1.423435836	1.423435836	1.450649616	-1.450649616	-1.579231805	1.579231805	1.588500809	-1.588500809	1.613290187	-1.613290187	-1.728642473	1.728642473	-1.729143533	1.729143533	1.826101312	-1.826101312	-1.867214323	1.867214323	1.886168163	-1.886168163	1.946429487	-1.946429487	1.948187297	-1.948187297	-1.959397254	1.959397254	2.060472759	-2.060472759	-2.067450252	2.067450252	-2.082483835	2.082483835	-2.152928655	2.152928655	-2.177451796	2.177451796	-2.177510694	2.177510694	2.216476157	-2.216476157	-2.222880656	2.222880656	-2.254041578	2.254041578	-2.257159784	2.257159784	2.26528507	-2.26528507	2.274583264	-2.274583264	-2.285936115	2.285936115	2.348225957	-2.348225957	
-0.12	-0.03813765228	0.03813765228	-0.05771715358	0.05771715358	-0.07991713576	0.07991713576	0.1443363315	-0.1443363315	0.1890730773	-0.1890730773	0.2548686335	-0.2548686335	0.2715862596	-0.2715862596	-0.2723559022	0.2723559022	-0.3099190322	0.3099190322	0.3147499817	-0.3147499817	-0.3562573646	0.3562573646	-0.3570446077	0.3570446077	-0.3968984294	0.3968984294	0.4956016673	-0.4956016673	0.616662973	-0.616662973	-0.6685306511	0.6685306511	0.6757007183	-0.6757007183	0.6798229573	-0.6798229573	-0.7193706826	0.7193706826	0.7251054483	-0.7251054483	0.7373547472	-0.7373547472	0.8631723136	-0.8631723136	0.8924154289	-0.8924154289	-0.8927458983	0.8927458983	0.9591282573	-0.9591282573	-1.002864535	1.002864535	1.063517375	-1.063517375	-1.084372115	1.084372115	1.093856953	-1.093856953	1.157424085	-1.157424085	-1.272040017	1.272040017	1.275070074	-1.275070074	1.285464835	-1.285464835	-1.423367514	1.423367514	-1.450678042	1.450678042	-1.579216182	1.579216182	1.588400007	-1.588400007	1.616264001	-1.616264001	1.726207456	-1.726207456	-1.728649259	1.728649259	-1.826056612	1.826056612	-1.870024115	1.870024115	-1.887877882	1.887877882	1.946356071	-1.946356071	1.946719001	-1.946719001	-1.959313486	1.959313486	2.062891658	-2.062891658	-2.067459149	2.067459149	-2.084075209	2.084075209	-2.152873822	2.152873822	-2.174975482	2.174975482	-2.177747302	2.177747302	2.217829144	-2.217829144	2.223423327	-2.223423327	2.253206322	-2.253206322	-2.258476841	2.258476841	2.26431625	-2.26431625	-2.274902506	2.274902506	2.285743019	-2.285743019	2.347259332	-2.347259332	
-0.11	0.03982197697	-0.03982197697	-0.05772904803	0.05772904803	-0.07990790542	0.07990790542	0.1447039961	-0.1447039961	0.1890549011	-0.1890549011	0.2606075515	-0.2606075515	0.2725642469	-0.2725642469	0.2759161559	-0.2759161559	0.3103180116	-0.3103180116	-0.310325602	0.310325602	-0.3550876998	0.3550876998	-0.3560957087	0.3560957087	-0.3955840681	0.3955840681	-0.495635084	0.495635084	0.6127312637	-0.6127312637	0.6650688705	-0.6650688705	-0.6738188915	0.6738188915	0.6793258673	-0.6793258673	-0.7193939053	0.7193939053	0.7289731332	-0.7289731332	0.7375607262	-0.7375607262	0.8633664243	-0.8633664243	0.8923095769	-0.8923095769	-0.8956077182	0.8956077182	-0.9604304403	0.9604304403	0.9999677463	-0.9999677463	1.063786757	-1.063786757	1.084550207	-1.084550207	-1.093684806	1.093684806	1.153247281	-1.153247281	1.27206321	-1.27206321	1.277583573	-1.277583573	1.285944382	-1.285944382	1.423304231	-1.423304231	1.450704244	-1.450704244	-1.579201643	1.579201643	1.588305168	-1.588305168	-1.6191612	1.6191612	-1.72334506	1.72334506	1.728655552	-1.728655552	1.826015028	-1.826015028	-1.872247946	1.872247946	-1.889955446	1.889955446	1.945220592	-1.945220592	1.9462777	-1.9462777	-1.959236105	1.959236105	-2.065174161	2.065174161	2.067468243	-2.067468243	2.085559097	-2.085559097	2.152823142	-2.152823142	2.172464472	-2.172464472	-2.177955442	2.177955442	2.218701061	-2.218701061	2.224027628	-2.224027628	2.252625027	-2.252625027	2.259670413	-2.259670413	2.263596187	-2.263596187	2.275263776	-2.275263776	2.285595132	-2.285595132	2.346319719	-2.346319719	
-0.1	0.04136111559	-0.04136111559	-0.05774007642	0.05774007642	-0.07989958305	0.07989958305	-0.1450375095	0.1450375095	-0.189040638	0.189040638	0.2664043374	-0.2664043374	-0.2735069269	0.2735069269	-0.2793014355	0.2793014355	-0.3056435808	0.3056435808	0.3107381428	-0.3107381428	-0.3532505627	0.3532505627	-0.3559368878	0.3559368878	-0.3944520126	0.3944520126	-0.4956631223	0.4956631223	0.6088849005	-0.6088849005	0.6615315438	-0.6615315438	0.6720120049	-0.6720120049	-0.6789903109	0.6789903109	-0.7194151849	0.7194151849	0.7330134799	-0.7330134799	-0.7377508698	0.7377508698	-0.8635558612	0.8635558612	0.8922122898	-0.8922122898	-0.8983834614	0.8983834614	0.961659812	-0.961659812	0.9971605935	-0.9971605935	1.064034871	-1.064034871	-1.084670486	1.084670486	1.093522223	-1.093522223	-1.149093527	1.149093527	-1.272084552	1.272084552	1.280002366	-1.280002366	1.286545653	-1.286545653	-1.423246025	1.423246025	1.450728224	-1.450728224	1.579188209	-1.579188209	-1.58821643	1.58821643	-1.621968547	1.621968547	-1.720569585	1.720569585	1.728661359	-1.728661359	-1.825976668	1.825976668	-1.873933723	1.873933723	1.892336774	-1.892336774	1.943701001	-1.943701001	1.946194089	-1.946194089	1.959165192	-1.959165192	2.06732672	-2.06732672	-2.067477485	2.067477485	-2.086916652	2.086916652	2.152776645	-2.152776645	2.169928782	-2.169928782	-2.178136521	2.178136521	2.219148699	-2.219148699	-2.224558933	2.224558933	-2.252437305	2.252437305	2.260735877	-2.260735877	2.26307975	-2.26307975	-2.275665405	2.275665405	-2.285481229	2.285481229	2.345413279	-2.345413279	
-0.09	-0.04275040165	0.04275040165	-0.05775024288	0.05775024288	-0.0798921855	0.0798921855	0.1453364936	-0.1453364936	0.1890303574	-0.1890303574	-0.2722512878	0.2722512878	-0.2744071343	0.2744071343	-0.2824964663	0.2824964663	-0.3007563192	0.3007563192	-0.3111611402	0.3111611402	-0.3515421688	0.3515421688	-0.3557812261	0.3557812261	0.3934762288	-0.3934762288	0.495685821	-0.495685821	0.6051370013	-0.6051370013	-0.6579956803	0.6579956803	-0.6703235175	0.6703235175	0.6787437225	-0.6787437225	-0.7194345018	0.7194345018	0.7371813907	-0.7371813907	-0.7379246759	0.7379246759	-0.8637416289	0.8637416289	0.8921236178	-0.8921236178	-0.901057155	0.901057155	0.9628163436	-0.9628163436	-0.9944589695	0.9944589695	-1.064260496	1.064260496	-1.084715212	1.084715212	1.093369688	-1.093369688	-1.144981534	1.144981534	1.272104017	-1.272104017	1.282157554	-1.282157554	1.287434674	-1.287434674	-1.423192935	1.423192935	1.45074998	-1.45074998	1.579175899	-1.579175899	-1.588133924	1.588133924	-1.624670095	1.624670095	1.717896981	-1.717896981	-1.728666686	1.728666686	-1.825941609	1.825941609	-1.875182858	1.875182858	-1.894902685	1.894902685	1.94217009	-1.94217009	-1.946104914	1.946104914	-1.959100821	1.959100821	2.067486809	-2.067486809	2.069353921	-2.069353921	-2.088129553	2.088129553	-2.152734356	2.152734356	2.167380297	-2.167380297	-2.178291761	2.178291761	-2.219263877	2.219263877	-2.224891801	2.224891801	2.252723141	-2.252723141	2.261671588	-2.261671588	2.262734216	-2.262734216	-2.276102301	2.276102301	-2.285393666	2.285393666	-2.344546637	2.344546637	
-0.08	0.04398553221	-0.04398553221	-0.05775955139	0.05775955139	0.07988572816	-0.07988572816	0.1456005988	-0.1456005988	0.1890241132	-0.1890241132	0.2752570765	-0.2752570765	0.2781355259	-0.2781355259	-0.2854900061	0.2854900061	0.2956858944	-0.2956858944	0.3115995805	-0.3115995805	0.3499692423	-0.3499692423	0.3556291732	-0.3556291732	0.3926332148	-0.3926332148	0.4957032658	-0.4957032658	-0.6014993449	0.6014993449	0.6545015749	-0.6545015749	0.6687835378	-0.6687835378	0.6785521016	-0.6785521016	0.7194518387	-0.7194518387	-0.7380817576	0.7380817576	0.7414450208	-0.7414450208	0.8639246616	-0.8639246616	0.8920436063	-0.8920436063	-0.9036096619	0.9036096619	0.9639003673	-0.9639003673	-0.9918819688	0.9918819688	1.064462281	-1.064462281	-1.084661897	1.084661897	-1.093227698	1.093227698	1.1409349	-1.1409349	1.272121581	-1.272121581	-1.283777011	1.283777011	-1.288880561	1.288880561	-1.423144994	1.423144994	1.450769514	-1.450769514	1.57916473	-1.57916473	1.588057769	-1.588057769	-1.627246683	1.627246683	1.715346411	-1.715346411	-1.728671535	1.728671535	1.825909904	-1.825909904	-1.876106263	1.876106263	1.897522576	-1.897522576	1.94063907	-1.94063907	1.946009805	-1.946009805	-1.959043045	1.959043045	2.067496137	-2.067496137	-2.071258065	2.071258065	-2.089180179	2.089180179	2.152696298	-2.152696298	-2.164833048	2.164833048	2.178422275	-2.178422275	2.219110633	-2.219110633	-2.224993562	2.224993562	-2.253474279	2.253474279	2.262479345	-2.262479345	-2.262548129	2.262548129	2.276565519	-2.276565519	-2.285327219	2.285327219	2.343726834	-2.343726834	
-0.07	0.04506259475	-0.04506259475	-0.05776800579	0.05776800579	-0.07988022512	0.07988022512	-0.1458295011	0.1458295011	0.1890219418	-0.1890219418	0.2760481191	-0.2760481191	0.2840185886	-0.2840185886	-0.2882957162	0.2882957162	-0.2904610212	0.2904610212	-0.3120585277	0.3120585277	-0.3485372361	0.3485372361	-0.3554813462	0.3554813462	-0.3919022717	0.3919022717	-0.4957155936	0.4957155936	-0.5979821265	0.5979821265	-0.6510749586	0.6510749586	-0.6674135457	0.6674135457	-0.6783980458	0.6783980458	-0.7194671807	0.7194671807	-0.7382218166	0.7382218166	-0.7457809888	0.7457809888	0.8641058374	-0.8641058374	-0.8919722961	0.8919722961	0.9060181669	-0.9060181669	-0.9649125564	0.9649125564	-0.9894523924	0.9894523924	-1.06463868	1.06463868	1.084482075	-1.084482075	-1.093096811	1.093096811	-1.136983362	1.136983362	-1.272137224	1.272137224	-1.284771066	1.284771066	1.290969857	-1.290969857	-1.423102232	1.423102232	1.450786826	-1.450786826	-1.579154718	1.579154718	-1.587988079	1.587988079	-1.629675433	1.629675433	-1.712940756	1.712940756	-1.728675911	1.728675911	-1.825881592	1.825881592	-1.87679566	1.87679566	-1.900082709	1.900082709	1.939121027	-1.939121027	1.945908349	-1.945908349	1.958991894	-1.958991894	-2.067505375	2.067505375	2.073038831	-2.073038831	2.090051668	-2.090051668	2.152662492	-2.152662492	2.162303509	-2.162303509	2.17852912	-2.17852912	-2.218723733	2.218723733	-2.22491902	2.22491902	-2.254592372	2.254592372	-2.262540474	2.262540474	-2.263164338	2.263164338	2.27704241	-2.27704241	-2.285278371	2.285278371	-2.342961243	2.342961243	
-0.06	-0.04597809289	0.04597809289	-0.05777560984	0.05777560984	-0.07987568925	0.07987568925	0.1460228999	-0.1460228999	-0.1890238595	0.1890238595	-0.2767693175	0.2767693175	-0.285110305	0.285110305	0.2895304758	-0.2895304758	-0.2912589968	0.2912589968	0.3125422965	-0.3125422965	-0.347251035	0.347251035	-0.3553385763	0.3553385763	0.3912654664	-0.3912654664	-0.4957229954	0.4957229954	0.5945936836	-0.5945936836	-0.6477360252	0.6477360252	0.6662292696	-0.6662292696	-0.6782719026	0.6782719026	-0.7194805143	0.7194805143	0.738344624	-0.738344624	-0.7501714351	0.7501714351	0.864285992	-0.864285992	-0.8919097236	0.8919097236	-0.9082557527	0.9082557527	0.9658539096	-0.9658539096	-0.9871971624	0.9871971624	-1.064787846	1.064787846	-1.084140092	1.084140092	1.092977725	-1.092977725	-1.133164045	1.133164045	-1.272150927	1.272150927	-1.28535857	1.28535857	-1.29348047	1.29348047	-1.423064678	1.423064678	-1.450801914	1.450801914	-1.579145875	1.579145875	1.587924955	-1.587924955	1.631929331	-1.631929331	1.710707031	-1.710707031	1.728679816	-1.728679816	-1.825856701	1.825856701	-1.877317243	1.877317243	-1.902492092	1.902492092	-1.93763154	1.93763154	1.945800078	-1.945800078	-1.958947369	1.958947369	-2.067514416	2.067514416	2.074693023	-2.074693023	2.090727898	-2.090727898	-2.152632956	2.152632956	-2.159810885	2.159810885	-2.178613349	2.178613349	-2.218134261	2.218134261	-2.224755505	2.224755505	-2.255901541	2.255901541	2.26277771	-2.26277771	2.26373451	-2.26373451	-2.277517368	2.277517368	2.285244893	-2.285244893	2.34225745	-2.34225745	
-0.05	0.04672897034	-0.04672897034	-0.05778236718	0.05778236718	0.07987213235	-0.07987213235	0.1461805132	-0.1461805132	0.1890298608	-0.1890298608	0.2773804473	-0.2773804473	0.2796890652	-0.2796890652	0.2926136069	-0.2926136069	0.2964144617	-0.2964144617	0.3130531059	-0.3130531059	-0.3461153443	0.3461153443	0.3552019552	-0.3552019552	-0.3907074259	0.3907074259	0.4957257176	-0.4957257176	0.5913401991	-0.5913401991	0.6445034241	-0.6445034241	0.6652424595	-0.6652424595	0.6781679487	-0.6781679487	0.7194918281	-0.7194918281	-0.7384500066	0.7384500066	0.7546021872	-0.7546021872	0.8644659287	-0.8644659287	0.8918559204	-0.8918559204	0.9102912225	-0.9102912225	0.9667257421	-0.9667257421	-0.985147489	0.985147489	1.064907435	-1.064907435	1.083592413	-1.083592413	1.092871338	-1.092871338	-1.129522282	1.129522282	1.272162673	-1.272162673	1.285739658	-1.285739658	1.29620893	-1.29620893	1.423032355	-1.423032355	1.450814781	-1.450814781	1.579138215	-1.579138215	1.58786849	-1.58786849	1.633977062	-1.633977062	-1.708676552	1.708676552	1.728683253	-1.728683253	1.825835256	-1.825835256	-1.877716054	1.877716054	1.904677682	-1.904677682	1.936189287	-1.936189287	-1.945684476	1.945684476	1.958909441	-1.958909441	2.067523139	-2.067523139	2.076214388	-2.076214388	2.091193427	-2.091193427	2.152607703	-2.152607703	2.157377369	-2.157377369	-2.178676046	2.178676046	2.21738924	-2.21738924	2.224573714	-2.224573714	2.257161289	-2.257161289	2.263390385	-2.263390385	2.264199523	-2.264199523	2.277973035	-2.277973035	2.285225626	-2.285225626	2.341623085	-2.341623085	
