# phi/π evs ...
-1.04	0.07455353156	-0.07455353156	-0.1318135075	0.1318135075	-0.1478583477	0.1478583477	-0.160879969	0.160879969	-0.3976656185	0.3976656185	-0.4437449622	0.4437449622	-0.4908478359	0.4908478359	0.5162640267	-0.5162640267	-0.544312678	0.544312678	-0.554413024	0.554413024	-0.5568109718	0.5568109718	0.5783424142	-0.5783424142	-0.6377854189	0.6377854189	-0.6693970931	0.6693970931	-0.7442472503	0.7442472503	0.7840901184	-0.7840901184	-0.8027980568	0.8027980568	-0.8322351169	0.8322351169	1.005132962	-1.005132962	-1.018591378	1.018591378	-1.022519713	1.022519713	-1.11380193	1.11380193	-1.125711649	1.125711649	1.236741478	-1.236741478	1.254667961	-1.254667961	-1.278227076	1.278227076	-1.283392026	1.283392026	-1.445271513	1.445271513	-1.460658301	1.460658301	1.47506296	-1.47506296	-1.531161072	1.531161072	1.597816216	-1.597816216	1.603695318	-1.603695318	1.639264729	-1.639264729	1.662712134	-1.662712134	-1.676953583	1.676953583	-1.774256452	1.774256452	-1.792229329	1.792229329	-1.803380455	1.803380455	-1.805312168	1.805312168	-1.833633603	1.833633603	-1.856196843	1.856196843	-1.924864058	1.924864058	1.94464766	-1.94464766	1.96647174	-1.96647174	-2.017751082	2.017751082	2.102677431	-2.102677431	2.141640755	-2.141640755	-2.17129725	2.17129725	2.185188107	-2.185188107	-2.186201664	2.186201664	-2.19180786	2.19180786	2.194222338	-2.194222338	-2.235811359	2.235811359	2.331587469	-2.331587469	2.359658083	-2.359658083	2.390086265	-2.390086265	2.477694897	-2.477694897	2.496545633	-2.496545633	-2.566493383	2.566493383	
-1.03	0.08093415391	-0.08093415391	-0.134976462	0.134976462	-0.1398044911	0.1398044911	-0.1577497081	0.1577497081	0.39906321	-0.39906321	-0.446885753	0.446885753	-0.4987624715	0.4987624715	-0.5162623675	0.5162623675	-0.5475019941	0.5475019941	-0.5503843727	0.5503843727	0.5544135353	-0.5544135353	-0.5751469629	0.5751469629	-0.6347592432	0.6347592432	0.6695213022	-0.6695213022	-0.7447807552	0.7447807552	-0.7826772962	0.7826772962	-0.8027883374	0.8027883374	0.8322394195	-0.8322394195	-1.005513118	1.005513118	-1.018515762	1.018515762	1.022222728	-1.022222728	-1.113817071	1.113817071	-1.128224471	1.128224471	-1.23672686	1.23672686	1.257825682	-1.257825682	-1.274941094	1.274941094	-1.280268108	1.280268108	-1.445323699	1.445323699	-1.46062885	1.46062885	1.474963618	-1.474963618	-1.533777585	1.533777585	-1.598074507	1.598074507	-1.602721289	1.602721289	-1.639298866	1.639298866	1.662764818	-1.662764818	1.676951559	-1.676951559	-1.774195265	1.774195265	-1.792354144	1.792354144	-1.804312242	1.804312242	-1.805034842	1.805034842	-1.832850013	1.832850013	1.856212091	-1.856212091	1.924857401	-1.924857401	-1.944585159	1.944585159	-1.96640974	1.96640974	-2.017745948	2.017745948	-2.102423015	2.102423015	2.141564143	-2.141564143	-2.172340715	2.172340715	-2.185180297	2.185180297	-2.186285899	2.186285899	-2.191731516	2.191731516	-2.193670702	2.193670702	2.235825649	-2.235825649	2.331592081	-2.331592081	-2.359643413	2.359643413	-2.390077213	2.390077213	2.477694141	-2.477694141	2.496489793	-2.496489793	-2.566541324	2.566541324	
-1.02	-0.08721965831	0.08721965831	0.1317359358	-0.1317359358	-0.1380497075	0.1380497075	-0.1547005637	0.1547005637	0.4000313706	-0.4000313706	-0.4494307542	0.4494307542	-0.5066491739	0.5066491739	-0.5163070987	0.5163070987	-0.5440274283	0.5440274283	0.5504520469	-0.5504520469	-0.5544093751	0.5544093751	-0.5722111824	0.5722111824	-0.6323190759	0.6323190759	-0.6696128588	0.6696128588	-0.7451934184	0.7451934184	0.7816905072	-0.7816905072	-0.8027806445	0.8027806445	-0.8322422899	0.8322422899	-1.005785516	1.005785516	-1.018460008	1.018460008	1.021980648	-1.021980648	-1.113828549	1.113828549	-1.130680358	1.130680358	-1.236716073	1.236716073	-1.260886276	1.260886276	1.271619713	-1.271619713	-1.277230314	1.277230314	1.445362353	-1.445362353	-1.460606911	1.460606911	1.474896424	-1.474896424	1.536342118	-1.536342118	-1.598339695	1.598339695	-1.601741068	1.601741068	1.639326056	-1.639326056	1.662803896	-1.662803896	1.676949911	-1.676949911	-1.774151477	1.774151477	-1.79244462	1.79244462	-1.803095428	1.803095428	-1.80663374	1.80663374	-1.832124363	1.832124363	-1.856223647	1.856223647	-1.924852796	1.924852796	-1.94453339	1.94453339	-1.966359033	1.966359033	-2.017742616	2.017742616	2.102219557	-2.102219557	-2.141507308	2.141507308	2.173324326	-2.173324326	2.184996365	-2.184996365	-2.186351196	2.186351196	2.191672678	-2.191672678	-2.193179158	2.193179158	-2.235836493	2.235836493	-2.331595227	2.331595227	-2.359632765	2.359632765	-2.390059579	2.390059579	-2.477693829	2.477693829	2.496440507	-2.496440507	-2.566576489	2.566576489	
-1.01	-0.0933969792	0.0933969792	-0.1236577297	0.1236577297	-0.1408866315	0.1408866315	-0.1518776356	0.1518776356	0.400562904	-0.400562904	-0.4513275649	0.4513275649	-0.5140943088	0.5140943088	-0.5168103251	0.5168103251	-0.5377900222	0.5377900222	-0.5528525739	0.5528525739	-0.5544008405	0.5544008405	-0.5698093255	0.5698093255	-0.6305135998	0.6305135998	-0.6696716845	0.6696716845	-0.7454824859	0.7454824859	0.7811366029	-0.7811366029	-0.8027749699	0.8027749699	-0.832243692	0.832243692	-1.005949996	1.005949996	-1.018424184	1.018424184	1.021794303	-1.021794303	-1.113836416	1.113836416	-1.133077661	1.133077661	-1.23670912	1.23670912	1.263687104	-1.263687104	-1.268268694	1.268268694	1.274436822	-1.274436822	1.445387334	-1.445387334	-1.46059261	1.46059261	1.47486152	-1.47486152	1.53885289	-1.53885289	-1.598613206	1.598613206	-1.600755417	1.600755417	1.639346315	-1.639346315	-1.662829297	1.662829297	-1.676948636	1.676948636	-1.774125282	1.774125282	-1.792500954	1.792500954	-1.801683978	1.801683978	1.808174879	-1.808174879	1.831434729	-1.831434729	1.856231472	-1.856231472	-1.924850254	1.924850254	1.944492577	-1.944492577	1.966319416	-1.966319416	-2.017741083	2.017741083	-2.102067752	2.102067752	-2.14147031	2.14147031	2.174247653	-2.174247653	2.184643835	-2.184643835	-2.186396283	2.186396283	2.19163261	-2.19163261	-2.192741199	2.192741199	-2.235843891	2.235843891	2.331596902	-2.331596902	2.359626146	-2.359626146	-2.390033456	2.390033456	-2.47769396	2.47769396	2.496397943	-2.496397943	-2.566598769	2.566598769	
-1	-0.09945221416	0.09945221416	-0.1155725076	0.1155725076	-0.1428754138	0.1428754138	-0.1498933593	0.1498933593	0.4006536271	-0.4006536271	-0.4525332167	0.4525332167	0.5159640179	-0.5159640179	-0.5229027918	0.5229027918	-0.5316693522	0.5316693522	-0.5541624117	0.5541624117	-0.5543900238	0.5543900238	-0.56849995	0.56849995	-0.6293822115	0.6293822115	-0.6696977698	0.6696977698	-0.7456457267	0.7456457267	0.7810193744	-0.7810193744	-0.8027713048	0.8027713048	-0.8322436003	0.8322436003	1.0060065	-1.0060065	-1.018408339	1.018408339	-1.021664332	1.021664332	1.113840703	-1.113840703	-1.135414808	1.135414808	1.236706005	-1.236706005	-1.264789625	1.264789625	1.265661583	-1.265661583	1.272553947	-1.272553947	1.445398549	-1.445398549	1.460586033	-1.460586033	1.474858983	-1.474858983	-1.541307986	1.541307986	1.598896637	-1.598896637	-1.599765109	1.599765109	1.639359655	-1.639359655	1.662840975	-1.662840975	1.676947731	-1.676947731	-1.774116825	1.774116825	-1.792523274	1.792523274	-1.800100938	1.800100938	-1.809656098	1.809656098	-1.830758605	1.830758605	1.856235527	-1.856235527	1.92484978	-1.92484978	1.944462885	-1.944462885	1.966290725	-1.966290725	-2.017741345	2.017741345	-2.101968121	2.101968121	-2.141453188	2.141453188	2.175110359	-2.175110359	-2.184138568	2.184138568	-2.186420254	2.186420254	-2.191612219	2.191612219	-2.19234212	2.19234212	2.23584784	-2.23584784	-2.331597105	2.331597105	-2.359623561	2.359623561	2.389998943	-2.389998943	2.477694533	-2.477694533	2.496362254	-2.496362254	2.566608095	-2.566608095	
-0.99	0.105370532	-0.105370532	0.1074834281	-0.1074834281	0.1424256767	-0.1424256767	-0.1503379808	0.1503379808	0.4003025129	-0.4003025129	-0.4530187344	0.4530187344	0.5160955324	-0.5160955324	-0.5256822881	0.5256822881	0.5307396826	-0.5307396826	-0.5537877858	0.5537877858	0.5543829042	-0.5543829042	-0.5688753904	0.5688753904	-0.6289511823	0.6289511823	0.6696911739	-0.6696911739	-0.7456813877	0.7456813877	0.7813394188	-0.7813394188	-0.8027696391	0.8027696391	0.8322419996	-0.8322419996	1.005955067	-1.005955067	-1.018412496	1.018412496	-1.021591186	1.021591186	-1.113841425	1.113841425	1.137690293	-1.137690293	1.236706726	-1.236706726	1.261423696	-1.261423696	-1.26499878	1.26499878	1.273152778	-1.273152778	-1.445395958	1.445395958	-1.460587216	1.460587216	1.474888825	-1.474888825	-1.543705354	1.543705354	-1.59877093	1.59877093	1.599191767	-1.599191767	1.63936608	-1.63936608	1.662838908	-1.662838908	-1.676947196	1.676947196	1.77412621	-1.77412621	-1.792511676	1.792511676	-1.798368505	1.798368505	-1.811075302	1.811075302	-1.830074564	1.830074564	1.856235767	-1.856235767	1.924851377	-1.924851377	1.944444419	-1.944444419	-1.966272828	1.966272828	-2.017743393	2.017743393	-2.101921003	2.101921003	-2.141455954	2.141455954	2.175912196	-2.175912196	2.183501488	-2.183501488	-2.186422666	2.186422666	2.191611953	-2.191611953	2.191962287	-2.191962287	2.23584834	-2.23584834	-2.331595835	2.331595835	-2.35962501	2.35962501	2.389956147	-2.389956147	-2.477695549	2.477695549	2.496333575	-2.496333575	2.566604436	-2.566604436	
-0.98	-0.09939338256	0.09939338256	-0.1111360888	0.1111360888	-0.140032975	0.140032975	-0.1527159084	0.1527159084	-0.3995117292	0.3995117292	-0.452772606	0.452772606	-0.5161693105	0.5161693105	-0.5198454171	0.5198454171	0.5386201121	-0.5386201121	-0.5519278987	0.5519278987	0.5543970184	-0.5543970184	0.5707362254	-0.5707362254	-0.6292308176	0.6292308176	-0.6696520327	0.6696520327	-0.7455881506	0.7455881506	0.7820941191	-0.7820941191	-0.8027699615	0.8027699615	0.8322388847	-0.8322388847	1.005795838	-1.005795838	1.018436655	-1.018436655	1.021575112	-1.021575112	-1.113838595	1.113838595	-1.139902664	1.139902664	-1.236711281	1.236711281	-1.257971393	1.257971393	1.262555644	-1.262555644	-1.275577255	1.275577255	1.445379571	-1.445379571	-1.460596149	1.460596149	1.474950991	-1.474950991	1.546042782	-1.546042782	-1.597773674	1.597773674	-1.599500563	1.599500563	1.639365589	-1.639365589	1.662823102	-1.662823102	1.676947033	-1.676947033	1.774153499	-1.774153499	-1.792466253	1.792466253	-1.796506995	1.796506995	-1.812430441	1.812430441	-1.829363285	1.829363285	1.856232146	-1.856232146	-1.92485504	1.92485504	-1.944437228	1.944437228	-1.966265636	1.966265636	-2.017747222	2.017747222	-2.101926554	2.101926554	-2.1414786	2.1414786	-2.176653002	2.176653002	-2.182754371	2.182754371	-2.186403596	2.186403596	-2.191581352	2.191581352	-2.191631743	2.191631743	2.23584539	-2.23584539	-2.331593095	2.331593095	2.359630493	-2.359630493	2.389905183	-2.389905183	-2.477697006	2.477697006	-2.496312028	2.496312028	-2.566587799	2.566587799	
-0.97	-0.09130511665	0.09130511665	0.1167319573	-0.1167319573	0.1370886517	-0.1370886517	0.1556357771	-0.1556357771	0.3982865736	-0.3982865736	-0.4518022287	0.4518022287	-0.514176193	0.514176193	0.5162406701	-0.5162406701	0.5464035355	-0.5464035355	-0.5492503975	0.5492503975	-0.5545130771	0.5545130771	0.5734147411	-0.5734147411	-0.6302142842	0.6302142842	-0.6695805771	0.6695805771	-0.7453650895	0.7453650895	0.7832777378	-0.7832777378	-0.8027722591	0.8027722591	0.8322342604	-0.8322342604	1.005529052	-1.005529052	-1.018480794	1.018480794	-1.02161616	1.02161616	-1.113832218	1.113832218	1.142050527	-1.142050527	-1.236719666	1.236719666	-1.254485988	1.254485988	-1.259600328	1.259600328	1.278507353	-1.278507353	1.44534945	-1.44534945	1.460612774	-1.460612774	1.475045363	-1.475045363	-1.548317901	1.548317901	1.596774145	-1.596774145	-1.599825192	1.599825192	-1.639358173	1.639358173	1.662793587	-1.662793587	-1.676947244	1.676947244	1.774198713	-1.774198713	-1.792387102	1.792387102	-1.79453437	1.79453437	-1.813719496	1.813719496	-1.828608036	1.828608036	-1.85622461	1.85622461	-1.924860761	1.924860761	-1.944441301	1.944441301	-1.966269092	1.966269092	2.017752821	-2.017752821	-2.101984744	2.101984744	-2.141521093	2.141521093	2.177332698	-2.177332698	2.181916706	-2.181916706	-2.186363643	2.186363643	2.19118138	-2.19118138	2.191671012	-2.191671012	-2.235838988	2.235838988	2.331588886	-2.331588886	-2.359640007	2.359640007	2.38984617	-2.38984617	2.477698902	-2.477698902	-2.496297716	2.496297716	-2.566558235	2.566558235	
-0.96	-0.0832212775	0.0832212775	0.1221400751	-0.1221400751	0.1339758114	-0.1339758114	-0.1587144653	0.1587144653	0.3966353089	-0.3966353089	-0.4501329106	0.4501329106	-0.5086931009	0.5086931009	-0.5163153393	0.5163153393	0.5461828799	-0.5461828799	0.5528148123	-0.5528148123	0.5559944908	-0.5559944908	-0.576483311	0.576483311	-0.6318783909	0.6318783909	0.6694771659	-0.6694771659	-0.7450116321	0.7450116321	0.7848816135	-0.7848816135	0.8027765168	-0.8027765168	-0.8322281413	0.8322281413	1.005155052	-1.005155052	1.018544866	-1.018544866	1.021714174	-1.021714174	-1.113822301	1.113822301	1.144132547	-1.144132547	1.236731874	-1.236731874	-1.250971191	1.250971191	-1.256484531	1.256484531	1.281589102	-1.281589102	1.445305707	-1.445305707	1.460636988	-1.460636988	1.475171755	-1.475171755	1.550528173	-1.550528173	-1.595773155	1.595773155	-1.600168024	1.600168024	1.639343816	-1.639343816	1.662750419	-1.662750419	-1.676947836	1.676947836	-1.77426184	1.77426184	-1.792274335	1.792274335	1.792466152	-1.792466152	-1.814940469	1.814940469	-1.827794754	1.827794754	1.856213105	-1.856213105	1.924868525	-1.924868525	1.944456571	-1.944456571	-1.96628318	1.96628318	-2.017760179	2.017760179	-2.102095359	2.102095359	2.141583376	-2.141583376	2.177951287	-2.177951287	2.181004291	-2.181004291	-2.186303861	2.186303861	2.190748259	-2.190748259	2.191728733	-2.191728733	2.235829134	-2.235829134	-2.331583214	2.331583214	2.359653546	-2.359653546	2.389779234	-2.389779234	2.477701235	-2.477701235	2.496290726	-2.496290726	-2.566515829	2.566515829	
-0.95	-0.07514444988	0.07514444988	0.1273412199	-0.1273412199	0.1307922448	-0.1307922448	0.1618541663	-0.1618541663	0.3945689124	-0.3945689124	-0.4478047396	0.4478047396	0.5034157045	-0.5034157045	-0.5163908608	0.5163908608	-0.5429193437	0.5429193437	-0.5538298016	0.5538298016	0.5628609058	-0.5628609058	-0.5797479234	0.5797479234	-0.6341860868	0.6341860868	0.6693423481	-0.6693423481	-0.7445275256	0.7445275256	0.7868944427	-0.7868944427	-0.8027827182	0.8027827182	0.8322205519	-0.8322205519	1.004674276	-1.004674276	-1.0186288	1.0186288	1.021868801	-1.021868801	1.113808848	-1.113808848	-1.146147443	1.146147443	-1.236747895	1.236747895	-1.247428993	1.247428993	-1.253300224	1.253300224	-1.28473001	1.28473001	1.445248501	-1.445248501	-1.460668641	1.460668641	1.475329919	-1.475329919	-1.552670893	1.552670893	1.594771518	-1.594771518	-1.600531624	1.600531624	1.639322497	-1.639322497	1.66269368	-1.66269368	-1.676948815	1.676948815	1.774342829	-1.774342829	1.790315586	-1.790315586	-1.792128087	1.792128087	1.816091385	-1.816091385	1.826911887	-1.826911887	1.856197573	-1.856197573	-1.924878313	1.924878313	1.944482914	-1.944482914	1.966307921	-1.966307921	2.017769286	-2.017769286	2.102258003	-2.102258003	2.141665372	-2.141665372	2.178508848	-2.178508848	2.180029076	-2.180029076	-2.186225658	2.186225658	2.190271848	-2.190271848	-2.191803538	2.191803538	-2.235815828	2.235815828	2.331576084	-2.331576084	-2.359671102	2.359671102	2.389704503	-2.389704503	2.477704004	-2.477704004	2.496291126	-2.496291126	-2.566460706	2.566460706	
-0.94	-0.06707718778	0.06707718778	-0.1275715322	0.1275715322	-0.132315023	0.132315023	0.1650212833	-0.1650212833	0.3921007574	-0.3921007574	-0.444868189	0.444868189	0.4983646383	-0.4983646383	-0.5164628149	0.5164628149	-0.5395477986	0.5395477986	0.5539240059	-0.5539240059	-0.5706340221	0.5706340221	-0.5831205604	0.5831205604	-0.6370900204	0.6370900204	0.6691769815	-0.6691769815	-0.74391281	0.74391281	0.7893026231	-0.7893026231	-0.8027908448	0.8027908448	0.8322115271	-0.8322115271	-1.004087265	1.004087265	-1.018732506	1.018732506	-1.02207949	1.02207949	1.113791863	-1.113791863	-1.148093994	1.148093994	-1.236767717	1.236767717	-1.243861093	1.243861093	-1.250079552	1.250079552	1.287897739	-1.287897739	-1.445178037	1.445178037	1.460707547	-1.460707547	-1.475519544	1.475519544	-1.554743205	1.554743205	-1.593770056	1.593770056	-1.600918747	1.600918747	1.639294188	-1.639294188	1.662623476	-1.662623476	-1.67695019	1.67695019	1.774441593	-1.774441593	1.7880939	-1.7880939	-1.791948512	1.791948512	-1.817170285	1.817170285	-1.825950122	1.825950122	1.856177955	-1.856177955	-1.924890103	1.924890103	1.944520152	-1.944520152	-1.966343374	1.966343374	-2.017780127	2.017780127	-2.1024721	2.1024721	-2.141766977	2.141766977	2.178999621	-2.178999621	2.17900554	-2.17900554	-2.186130667	2.186130667	-2.189745516	2.189745516	-2.191893841	2.191893841	2.235799071	-2.235799071	2.331567504	-2.331567504	2.359692664	-2.359692664	2.389622111	-2.389622111	2.477707205	-2.477707205	-2.496298967	2.496298967	-2.566393028	2.566393028	
-0.93	-0.05902204425	0.05902204425	0.1243280255	-0.1243280255	0.1370400312	-0.1370400312	0.1682014458	-0.1682014458	0.3892462457	-0.3892462457	-0.4413794813	0.4413794813	-0.4935615493	0.4935615493	0.5165268388	-0.5165268388	0.5361116166	-0.5361116166	-0.5539380468	0.5539380468	0.5784706906	-0.5784706906	0.5865578453	-0.5865578453	-0.6405363103	0.6405363103	-0.6689824793	0.6689824793	-0.7431677969	0.7431677969	0.7920906376	-0.7920906376	-0.8028008765	0.8028008765	0.8322011121	-0.8322011121	1.003394658	-1.003394658	-1.018855865	1.018855865	-1.022345497	1.022345497	-1.113771349	1.113771349	-1.149971041	1.149971041	1.236791328	-1.236791328	-1.240269137	1.240269137	-1.246836415	1.246836415	-1.291078298	1.291078298	1.445094561	-1.445094561	-1.460753478	1.460753478	-1.475740259	1.475740259	-1.556742116	1.556742116	1.59276959	-1.59276959	-1.601332312	1.601332312	-1.639258854	1.639258854	-1.662539937	1.662539937	1.676951972	-1.676951972	-1.774558009	1.774558009	-1.785810613	1.785810613	-1.791735791	1.791735791	-1.818175228	1.818175228	-1.824902084	1.824902084	1.856154195	-1.856154195	-1.924903865	1.924903865	-1.944568053	1.944568053	-1.966389633	1.966389633	2.017792689	-2.017792689	2.102736904	-2.102736904	2.141888066	-2.141888066	-2.177921695	2.177921695	-2.179441598	2.179441598	-2.186020623	2.186020623	2.189165536	-2.189165536	-2.191997962	2.191997962	2.235778861	-2.235778861	2.331557483	-2.331557483	-2.359718221	2.359718221	2.389532195	-2.389532195	2.477710836	-2.477710836	-2.496314281	2.496314281	-2.566312987	2.566312987	
-0.92	-0.05098160103	0.05098160103	-0.1210688526	0.1210688526	-0.1414938323	0.1414938323	-0.1713875062	0.1713875062	0.3860224147	-0.3860224147	-0.4373965094	0.4373965094	-0.4890289814	0.4890289814	-0.5165794391	0.5165794391	-0.5326341016	0.5326341016	-0.5539343187	0.5539343187	0.586305808	-0.586305808	0.5900364707	-0.5900364707	-0.6444676689	0.6444676689	-0.6687613796	0.6687613796	-0.7422930531	0.7422930531	0.7952414542	-0.7952414542	-0.8028127916	0.8028127916	-0.8321893633	0.8321893633	1.002597192	-1.002597192	-1.018998742	1.018998742	1.022665899	-1.022665899	-1.113747309	1.113747309	1.151777487	-1.151777487	1.23665478	-1.23665478	1.236818711	-1.236818711	-1.243577769	1.243577769	-1.294264673	1.294264673	1.444998357	-1.444998357	-1.460806176	1.460806176	1.475991632	-1.475991632	-1.558664535	1.558664535	-1.591770943	1.591770943	-1.601775368	1.601775368	1.639216454	-1.639216454	1.662443219	-1.662443219	1.676954173	-1.676954173	-1.774691908	1.774691908	1.783473824	-1.783473824	-1.79149013	1.79149013	-1.819104294	1.819104294	-1.823762036	1.823762036	1.856126239	-1.856126239	1.924919566	-1.924919566	1.944626336	-1.944626336	-1.966446831	1.966446831	-2.017806956	2.017806956	-2.103051503	2.103051503	-2.14202849	2.14202849	2.176798831	-2.176798831	-2.179817342	2.179817342	-2.185897252	2.185897252	2.18853053	-2.18853053	2.192114229	-2.192114229	-2.235755199	2.235755199	2.331546032	-2.331546032	-2.359747756	2.359747756	-2.389434892	2.389434892	-2.477714893	2.477714893	-2.49633708	2.49633708	-2.566220807	2.566220807	
-0.91	-0.04295849982	0.04295849982	0.1177979577	-0.1177979577	0.1456532578	-0.1456532578	-0.1745754973	0.1745754973	0.3824475361	-0.3824475361	-0.4329757323	0.4329757323	-0.4847901935	0.4847901935	0.5166182204	-0.5166182204	-0.5291287393	0.5291287393	0.5539268899	-0.5539268899	0.5935429492	-0.5935429492	0.5941223116	-0.5941223116	0.6488248501	-0.6488248501	-0.6685188562	0.6685188562	0.7412893856	-0.7412893856	0.7987369234	-0.7987369234	-0.8028265673	0.8028265673	0.8321763488	-0.8321763488	1.001695699	-1.001695699	-1.019160974	1.019160974	-1.023039596	1.023039596	1.113719747	-1.113719747	1.153512302	-1.153512302	1.233019713	-1.233019713	1.236849847	-1.236849847	1.240307486	-1.240307486	-1.297452948	1.297452948	-1.444889738	1.444889738	1.460865356	-1.460865356	1.476273173	-1.476273173	-1.560507326	1.560507326	1.590774935	-1.590774935	-1.602251037	1.602251037	1.63916694	-1.63916694	1.662333498	-1.662333498	1.676956806	-1.676956806	1.774843061	-1.774843061	1.781090497	-1.781090497	-1.791211761	1.791211761	-1.819955579	1.819955579	1.82252562	-1.82252562	1.856094037	-1.856094037	-1.92493717	1.92493717	1.944694668	-1.944694668	-1.966515134	1.966515134	-2.017822914	2.017822914	2.103414829	-2.103414829	-2.142188077	2.142188077	2.175632753	-2.175632753	2.180133183	-2.180133183	-2.185762184	2.185762184	2.187841033	-2.187841033	2.192241053	-2.192241053	2.235728086	-2.235728086	2.331533163	-2.331533163	2.359781252	-2.359781252	-2.389330345	2.389330345	2.477719372	-2.477719372	2.496367359	-2.496367359	-2.566116741	2.566116741	
-0.9	-0.03495547676	0.03495547676	-0.1145177103	0.1145177103	-0.1494946764	0.1494946764	-0.1777630247	0.1777630247	0.3785407239	-0.3785407239	-0.4281701175	0.4281701175	0.4808688994	-0.4808688994	-0.5166418048	0.5166418048	0.525603826	-0.525603826	-0.5539204794	0.5539204794	-0.5970689826	0.5970689826	0.6019122306	-0.6019122306	-0.6535438001	0.6535438001	0.6682676569	-0.6682676569	-0.7401578267	0.7401578267	-0.8025581561	0.8025581561	-0.8028421802	0.8028421802	-0.8321621491	0.8321621491	-1.000691109	1.000691109	-1.01934238	1.01934238	-1.023465326	1.023465326	1.113688667	-1.113688667	1.155174524	-1.155174524	-1.229365674	1.229365674	1.236884717	-1.236884717	1.237027902	-1.237027902	-1.30064075	1.30064075	-1.444769047	1.444769047	-1.460930706	1.460930706	-1.476584339	1.476584339	-1.562267376	1.562267376	1.589782381	-1.589782381	1.602762445	-1.602762445	-1.639110259	1.639110259	1.662210974	-1.662210974	1.676959887	-1.676959887	1.775011051	-1.775011051	-1.778666797	1.778666797	-1.790900945	1.790900945	1.820727203	-1.820727203	-1.821189622	1.821189622	1.856057545	-1.856057545	-1.924956634	1.924956634	-1.94477267	1.94477267	1.966594743	-1.966594743	2.017840545	-2.017840545	2.103825669	-2.103825669	-2.142366634	2.142366634	-2.174423698	2.174423698	2.180389637	-2.180389637	2.185616892	-2.185616892	-2.187099163	2.187099163	-2.192376978	2.192376978	-2.235697524	2.235697524	2.33151889	-2.33151889	-2.359818688	2.359818688	-2.389218696	2.389218696	2.477724269	-2.477724269	-2.496405092	2.496405092	2.566001063	-2.566001063	
-0.89	-0.02697540227	0.02697540227	0.1112296302	-0.1112296302	0.1529943912	-0.1529943912	-0.1809485405	0.1809485405	0.3743215663	-0.3743215663	-0.4230279931	0.4230279931	-0.4772889222	0.4772889222	0.5166496181	-0.5166496181	-0.5220647297	0.5220647297	0.5539168824	-0.5539168824	0.6006092022	-0.6006092022	0.609670329	-0.609670329	0.6585344487	-0.6585344487	-0.6680505885	0.6680505885	0.7388996191	-0.7388996191	-0.8028596063	0.8028596063	-0.8066858672	0.8066858672	0.832146859	-0.832146859	-0.9995844446	0.9995844446	-1.019542757	1.019542757	1.023941675	-1.023941675	1.113654071	-1.113654071	1.156763266	-1.156763266	1.225694459	-1.225694459	1.23374052	-1.23374052	1.236923297	-1.236923297	-1.303826541	1.303826541	1.444636649	-1.444636649	1.461001899	-1.461001899	1.476924532	-1.476924532	-1.56394169	1.56394169	-1.588794091	1.588794091	1.603312627	-1.603312627	1.63904635	-1.63904635	1.662075869	-1.662075869	1.676963433	-1.676963433	1.775193276	-1.775193276	-1.776210277	1.776210277	-1.790557968	1.790557968	-1.819751788	1.819751788	-1.821417312	1.821417312	-1.856016725	1.856016725	-1.924977913	1.924977913	1.944859918	-1.944859918	-1.966685891	1.966685891	2.017859832	-2.017859832	-2.104282677	2.104282677	-2.142563942	2.142563942	-2.173170653	2.173170653	2.180587342	-2.180587342	-2.185462647	2.185462647	2.186308377	-2.186308377	-2.192520701	2.192520701	2.235663512	-2.235663512	-2.331503228	2.331503228	-2.359860043	2.359860043	-2.389100091	2.389100091	-2.47772958	2.47772958	-2.496450236	2.496450236	-2.565874071	2.565874071	
-0.88	-0.01902132888	0.01902132888	0.1079347459	-0.1079347459	-0.1561291455	0.1561291455	0.1841309854	-0.1841309854	0.3698097913	-0.3698097913	-0.4175925855	0.4175925855	-0.4740737552	0.4740737552	-0.5166416504	0.5166416504	0.5185150728	-0.5185150728	-0.553916729	0.553916729	0.6041599848	-0.6041599848	0.6173924047	-0.6173924047	-0.6634933707	0.6634933707	-0.6681284801	0.6681284801	-0.7375161997	0.7375161997	-0.8028788222	0.8028788222	0.8111006785	-0.8111006785	0.8321305881	-0.8321305881	-0.9983768226	0.9983768226	-1.019761881	1.019761881	-1.024467095	1.024467095	-1.113615964	1.113615964	-1.158277713	1.158277713	-1.222007929	1.222007929	-1.23044636	1.23044636	1.236965564	-1.236965564	-1.307009266	1.307009266	-1.444492927	1.444492927	-1.461078593	1.461078593	-1.477293106	1.477293106	-1.565527498	1.565527498	-1.587810866	1.587810866	-1.603904418	1.603904418	1.638975148	-1.638975148	1.661928422	-1.661928422	1.676967462	-1.676967462	-1.773712702	1.773712702	-1.77540227	1.77540227	-1.790183144	1.790183144	-1.818210661	1.818210661	-1.82202408	1.82202408	1.855971545	-1.855971545	1.925000958	-1.925000958	-1.944955946	1.944955946	-1.966788842	1.966788842	-2.017880756	2.017880756	-2.104784385	2.104784385	2.142779762	-2.142779762	-2.171871539	2.171871539	2.180727074	-2.180727074	-2.185300491	2.185300491	-2.185473285	2.185473285	-2.192671084	2.192671084	-2.235626053	2.235626053	2.331486193	-2.331486193	2.35990529	-2.35990529	2.388974675	-2.388974675	2.4777353	-2.4777353	-2.49650273	2.49650273	-2.56573608	2.56573608	
-0.87	-0.01109655061	0.01109655061	0.1046337863	-0.1046337863	-0.1588767388	0.1588767388	-0.1873095966	0.1873095966	0.3650249733	-0.3650249733	-0.4119020224	0.4119020224	0.4712460322	-0.4712460322	0.5149573877	-0.5149573877	-0.5166182457	0.5166182457	-0.5539201284	0.5539201284	-0.6077187975	0.6077187975	0.6250746652	-0.6250746652	-0.6661709959	0.6661709959	0.6707131437	-0.6707131437	-0.7360091824	0.7360091824	0.8028998059	-0.8028998059	-0.8157833736	0.8157833736	0.8321134641	-0.8321134641	-0.9970694517	0.9970694517	-1.019999507	1.019999507	-1.025039909	1.025039909	-1.113574351	1.113574351	1.159717133	-1.159717133	1.218308016	-1.218308016	-1.227146147	1.227146147	1.237011488	-1.237011488	1.310188163	-1.310188163	-1.444338276	1.444338276	1.461160436	-1.461160436	1.477689367	-1.477689367	-1.567022383	1.567022383	-1.586833495	1.586833495	1.604540324	-1.604540324	1.638896579	-1.638896579	1.661768896	-1.661768896	-1.676971994	1.676971994	-1.771196922	1.771196922	-1.775618951	1.775618951	-1.789776815	1.789776815	-1.816565455	1.816565455	-1.822545713	1.822545713	1.855921979	-1.855921979	1.925025717	-1.925025717	1.945060249	-1.945060249	-1.966903888	1.966903888	-2.017903299	2.017903299	-2.105329214	2.105329214	-2.143013829	2.143013829	-2.17052337	2.17052337	2.18080976	-2.18080976	-2.18459948	2.18459948	-2.18513123	2.18513123	-2.192827143	2.192827143	2.235585149	-2.235585149	-2.331467805	2.331467805	-2.359954403	2.359954403	-2.388842595	2.388842595	2.477741422	-2.477741422	-2.496562491	2.496562491	2.565587419	-2.565587419	
-0.86	-0.003204678957	0.003204678957	0.1013272891	-0.1013272891	0.161216741	-0.161216741	-0.1904837993	0.1904837993	0.3599862874	-0.3599862874	-0.4059896162	0.4059896162	-0.4688269166	0.4688269166	0.5113934996	-0.5113934996	0.5165799405	-0.5165799405	-0.5539269531	0.5539269531	-0.6112838147	0.6112838147	0.6327133957	-0.6327133957	0.666224733	-0.666224733	0.6761141589	-0.6761141589	-0.7343803417	0.7343803417	-0.8029225378	0.8029225378	0.8207151047	-0.8207151047	0.8320956344	-0.8320956344	0.9956636313	-0.9956636313	-1.020255373	1.020255373	-1.025658334	1.025658334	-1.113529235	1.113529235	-1.161080875	1.161080875	-1.214596727	1.214596727	1.223840416	-1.223840416	1.237061042	-1.237061042	-1.31336266	1.31336266	1.444173101	-1.444173101	-1.461247075	1.461247075	-1.478112576	1.478112576	-1.568424411	1.568424411	-1.585862756	1.585862756	-1.605222388	1.605222388	1.638810567	-1.638810567	1.661597569	-1.661597569	1.67697705	-1.67697705	1.768656767	-1.768656767	-1.775852822	1.775852822	-1.789339349	1.789339349	-1.814815947	1.814815947	-1.822980457	1.822980457	1.855868008	-1.855868008	1.925052134	-1.925052134	-1.945172283	1.945172283	-1.967031349	1.967031349	-2.017927442	2.017927442	2.10591549	-2.10591549	2.143265854	-2.143265854	-2.169122403	2.169122403	-2.180836482	2.180836482	-2.183693384	2.183693384	-2.184955439	2.184955439	-2.192988038	2.192988038	2.235540801	-2.235540801	2.331448083	-2.331448083	2.360007351	-2.360007351	-2.388703998	2.388703998	2.477747943	-2.477747943	-2.496629423	2.496629423	2.565428429	-2.565428429	
-0.85	0.004650257383	-0.004650257383	0.09801566509	-0.09801566509	-0.1631312854	0.1631312854	-0.1936531419	0.1936531419	-0.3547123117	0.3547123117	-0.3998842949	0.3998842949	0.4668354358	-0.4668354358	0.5078247595	-0.5078247595	0.5165273496	-0.5165273496	0.5539369755	-0.5539369755	-0.6148536855	0.6148536855	0.6403046025	-0.6403046025	0.66589178	-0.66589178	-0.6820659467	0.6820659467	-0.7326315948	0.7326315948	-0.8029470022	0.8029470022	0.8258775535	-0.8258775535	0.8320772703	-0.8320772703	-0.9941607511	0.9941607511	1.020529195	-1.020529195	-1.02632049	1.02632049	-1.113480622	1.113480622	1.162368377	-1.162368377	-1.210876159	1.210876159	1.220529576	-1.220529576	1.237114194	-1.237114194	-1.316532306	1.316532306	1.443997812	-1.443997812	1.461338152	-1.461338152	-1.478561954	1.478561954	-1.569732263	1.569732263	1.58489941	-1.58489941	-1.605952062	1.605952062	1.638717028	-1.638717028	1.661414736	-1.661414736	1.676982651	-1.676982651	-1.766096625	1.766096625	1.776102467	-1.776102467	-1.78887114	1.78887114	1.812962401	-1.812962401	-1.823326598	1.823326598	1.855809619	-1.855809619	1.925080152	-1.925080152	-1.945291475	1.945291475	1.967171565	-1.967171565	2.017953162	-2.017953162	2.106541457	-2.106541457	-2.143535521	2.143535521	2.167664306	-2.167664306	2.180808459	-2.180808459	2.182762068	-2.182762068	-2.18477349	2.18477349	2.193153056	-2.193153056	2.235493013	-2.235493013	2.331427047	-2.331427047	2.360064101	-2.360064101	-2.388559034	2.388559034	2.477754855	-2.477754855	-2.496703408	2.496703408	-2.565259458	2.565259458	
-0.84	0.0124636784	-0.0124636784	0.09469923867	-0.09469923867	0.1646059076	-0.1646059076	-0.1968172562	0.1968172562	0.3492208785	-0.3492208785	-0.3936110908	0.3936110908	0.4652877957	-0.4652877957	-0.5042521907	0.5042521907	0.5164610938	-0.5164610938	0.5539499378	-0.5539499378	-0.6184273866	0.6184273866	-0.6478430877	0.6478430877	-0.6654624454	0.6654624454	-0.6882548698	0.6882548698	-0.7307649849	0.7307649849	-0.8029731895	0.8029731895	0.8312530479	-0.8312530479	-0.8320585712	0.8320585712	0.9925622904	-0.9925622904	-1.020820673	1.020820673	-1.027024418	1.027024418	-1.113428518	1.113428518	1.16357917	-1.16357917	-1.207148498	1.207148498	1.217213952	-1.217213952	-1.23717091	1.23717091	-1.319696734	1.319696734	1.44381282	-1.44381282	1.461433312	-1.461433312	-1.479036684	1.479036684	-1.570945344	1.570945344	1.583944204	-1.583944204	-1.60673009	1.60673009	1.638615872	-1.638615872	-1.661220709	1.661220709	1.676988821	-1.676988821	1.763519744	-1.763519744	1.7763673	-1.7763673	-1.788372608	1.788372608	-1.811005494	1.811005494	-1.82358247	1.82358247	-1.855746804	1.855746804	-1.925109708	1.925109708	-1.94541722	1.94541722	-1.967324897	1.967324897	2.01798044	-2.01798044	-2.107205289	2.107205289	2.143822486	-2.143822486	2.166144352	-2.166144352	2.18072701	-2.18072701	2.181813061	-2.181813061	-2.18458561	2.18458561	2.19332159	-2.19332159	-2.235441787	2.235441787	2.331404721	-2.331404721	-2.360124618	2.360124618	2.388407851	-2.388407851	2.477762152	-2.477762152	2.496784315	-2.496784315	2.565080862	-2.565080862	
-0.83	0.02023026825	-0.02023026825	-0.09137827325	0.09137827325	-0.1656303959	0.1656303959	-0.1999758306	0.1999758306	0.3435289708	-0.3435289708	-0.3871916306	0.3871916306	0.4641967288	-0.4641967288	-0.500676585	0.500676585	0.516381755	-0.516381755	-0.5539655868	0.5539655868	0.6220041263	-0.6220041263	0.655317345	-0.655317345	0.6649907185	-0.6649907185	-0.6946132634	0.6946132634	-0.7287826647	0.7287826647	0.8030010984	-0.8030010984	0.8320397711	-0.8320397711	0.8368246416	-0.8368246416	-0.9908698177	0.9908698177	1.021129489	-1.021129489	1.02776809	-1.02776809	-1.113372928	1.113372928	1.164712878	-1.164712878	-1.203416035	1.203416035	1.213893807	-1.213893807	1.237231155	-1.237231155	-1.322855636	1.322855636	1.443618538	-1.443618538	-1.461532207	1.461532207	-1.479535914	1.479535914	1.572063872	-1.572063872	-1.582997861	1.582997861	-1.607556425	1.607556425	-1.638507005	1.638507005	1.661015814	-1.661015814	-1.676995583	1.676995583	-1.760929073	1.760929073	-1.776646768	1.776646768	1.787844202	-1.787844202	-1.808946279	1.808946279	-1.823746462	1.823746462	1.85567956	-1.85567956	1.92514074	-1.92514074	-1.945548886	1.945548886	1.967491722	-1.967491722	2.018009253	-2.018009253	2.107905104	-2.107905104	-2.144126368	2.144126368	2.164557635	-2.164557635	2.180593502	-2.180593502	2.180854126	-2.180854126	2.184391943	-2.184391943	-2.193493128	2.193493128	2.235387127	-2.235387127	2.331381127	-2.331381127	2.360188865	-2.360188865	2.388250599	-2.388250599	2.477769827	-2.477769827	-2.496871993	2.496871993	2.564893	-2.564893	
-0.82	-0.0279437157	0.0279437157	0.08805298857	-0.08805298857	0.1661996196	-0.1661996196	0.2031285935	-0.2031285935	0.33765266	-0.33765266	-0.3806445979	0.3806445979	-0.4635709292	0.4635709292	0.4970985671	-0.4970985671	0.5162898529	-0.5162898529	-0.5539836903	0.5539836903	0.6255832807	-0.6255832807	0.662580687	-0.662580687	-0.664633464	0.664633464	-0.7011086356	0.7011086356	-0.7266868811	0.7266868811	-0.8030307405	0.8030307405	-0.8320211465	0.8320211465	0.8425761597	-0.8425761597	0.9890849905	-0.9890849905	1.021455309	-1.021455309	-1.028549427	1.028549427	1.113313861	-1.113313861	-1.165769229	1.165769229	-1.199681172	1.199681172	-1.21056936	1.21056936	1.237294889	-1.237294889	1.326008744	-1.326008744	-1.443415372	1.443415372	-1.461634494	1.461634494	1.480058761	-1.480058761	-1.573088914	1.573088914	1.582061088	-1.582061088	1.608430182	-1.608430182	1.638390328	-1.638390328	1.660800389	-1.660800389	1.677002962	-1.677002962	-1.758327373	1.758327373	1.776940251	-1.776940251	-1.787286391	1.787286391	1.806786152	-1.806786152	-1.823817022	1.823817022	1.855607888	-1.855607888	1.925173184	-1.925173184	1.945685822	-1.945685822	-1.967672428	1.967672428	-2.018039579	2.018039579	-2.108638974	2.108638974	-2.144446739	2.144446739	2.162899312	-2.162899312	-2.179893024	2.179893024	2.180409288	-2.180409288	-2.184192625	2.184192625	2.193667231	-2.193667231	2.235329038	-2.235329038	2.331356291	-2.331356291	-2.3602568	2.3602568	2.38808743	-2.38808743	2.477777874	-2.477777874	-2.496966278	2.496966278	2.564696233	-2.564696233	
-0.81	0.03559634039	-0.03559634039	0.08472357225	-0.08472357225	-0.1663143187	0.1663143187	-0.2062753006	0.2062753006	0.3316070784	-0.3316070784	0.3739861504	-0.3739861504	0.4634146322	-0.4634146322	-0.4935186384	0.4935186384	0.5161858352	-0.5161858352	-0.5540040436	0.5540040436	0.6291643493	-0.6291643493	0.663792082	-0.663792082	0.6702338823	-0.6702338823	-0.7077189263	0.7077189263	-0.7244799601	0.7244799601	-0.8030621446	0.8030621446	-0.8320030276	0.8320030276	-0.8484922175	0.8484922175	-0.9872095566	0.9872095566	1.021797781	-1.021797781	1.029366308	-1.029366308	1.113251322	-1.113251322	1.166748053	-1.166748053	1.195946431	-1.195946431	1.207240801	-1.207240801	1.237362074	-1.237362074	-1.329155817	1.329155817	1.443203725	-1.443203725	-1.461739843	1.461739843	1.480604311	-1.480604311	1.574022387	-1.574022387	1.581134568	-1.581134568	1.609349645	-1.609349645	-1.63826574	1.63826574	-1.660574786	1.660574786	1.677010984	-1.677010984	1.755717274	-1.755717274	-1.777247004	1.777247004	-1.786699674	1.786699674	-1.804526856	1.804526856	1.823792665	-1.823792665	1.855531792	-1.855531792	-1.925206972	1.925206972	-1.94582736	1.94582736	-1.967867409	1.967867409	-2.018071392	2.018071392	-2.10940494	2.10940494	-2.144783103	2.144783103	2.161164849	-2.161164849	2.178937277	-2.178937277	2.180175646	-2.180175646	2.183987851	-2.183987851	-2.193843523	2.193843523	-2.235267523	2.235267523	-2.331330239	2.331330239	-2.36032838	2.36032838	2.387918496	-2.387918496	-2.477786284	2.477786284	2.49706699	-2.49706699	-2.56449092	2.56449092	
-0.8	-0.0431785419	0.0431785419	0.081390188	-0.081390188	0.1659818742	-0.1659818742	-0.2094157269	0.2094157269	0.3254064209	-0.3254064209	-0.3672302896	0.3672302896	-0.463727383	0.463727383	-0.4899372093	0.4899372093	0.5160700748	-0.5160700748	-0.5540264705	0.5540264705	0.6327469239	-0.6327469239	0.6632289656	-0.6632289656	0.6775139119	-0.6775139119	-0.7144268918	0.7144268918	-0.7221642938	0.7221642938	-0.8030953651	0.8030953651	0.8319858135	-0.8319858135	0.8545582166	-0.8545582166	0.9852453545	-0.9852453545	-1.022156539	1.022156539	1.030216586	-1.030216586	-1.113185322	1.113185322	-1.167649291	1.167649291	-1.192214473	1.192214473	-1.203908293	1.203908293	-1.237432666	1.237432666	1.332296639	-1.332296639	-1.442983993	1.442983993	1.461847932	-1.461847932	-1.48117163	1.48117163	1.574866996	-1.574866996	1.580218961	-1.580218961	-1.610312317	1.610312317	-1.638133134	1.638133134	1.660339368	-1.660339368	-1.677019675	1.677019675	1.753101298	-1.753101298	1.777566077	-1.777566077	-1.78608457	1.78608457	-1.802170517	1.802170517	-1.823671978	1.823671978	1.855451281	-1.855451281	-1.925242038	1.925242038	1.945972816	-1.945972816	1.968077061	-1.968077061	-2.018104669	2.018104669	-2.110201024	2.110201024	-2.145134852	2.145134852	-2.159350285	2.159350285	-2.177993948	2.177993948	-2.179893751	2.179893751	-2.183777919	2.183777919	-2.194021678	2.194021678	2.235202589	-2.235202589	-2.331302999	2.331302999	-2.360403559	2.360403559	2.387743949	-2.387743949	2.477795049	-2.477795049	-2.497173936	2.497173936	2.564277421	-2.564277421	
-0.79	0.05067796666	-0.05067796666	-0.07805298146	0.07805298146	0.1652171399	-0.1652171399	-0.2125496596	0.2125496596	0.3190639675	-0.3190639675	-0.3603891805	0.3603891805	-0.4645040202	0.4645040202	-0.4863546219	0.4863546219	0.5159428727	-0.5159428727	0.5540508216	-0.5540508216	0.6363306666	-0.6363306666	0.6626115321	-0.6626115321	-0.6847515	0.6847515	-0.7197423275	0.7197423275	-0.7212181754	0.7212181754	-0.8031304929	0.8031304929	0.8319699938	-0.8319699938	0.8607603224	-0.8607603224	0.9831943162	-0.9831943162	-1.022531203	1.022531203	1.031098095	-1.031098095	-1.113115868	1.113115868	1.168472997	-1.168472997	1.188488105	-1.188488105	1.200571982	-1.200571982	1.23750662	-1.23750662	-1.335431005	1.335431005	1.442756564	-1.442756564	1.461958452	-1.461958452	1.481759758	-1.481759758	-1.575626143	1.575626143	1.579314902	-1.579314902	-1.611315017	1.611315017	1.637992403	-1.637992403	1.660094504	-1.660094504	-1.677029061	1.677029061	1.75048189	-1.75048189	1.777896179	-1.777896179	1.785441626	-1.785441626	1.799719757	-1.799719757	-1.823453629	1.823453629	1.855366364	-1.855366364	1.925278311	-1.925278311	-1.946121502	1.946121502	-1.968301774	1.968301774	-2.018139384	2.018139384	-2.111025236	2.111025236	-2.145501161	2.145501161	2.157452503	-2.157452503	2.177069459	-2.177069459	2.179564664	-2.179564664	-2.183563242	2.183563242	-2.194201413	2.194201413	2.23513424	-2.23513424	2.3312746	-2.3312746	2.360482289	-2.360482289	2.387563946	-2.387563946	2.477804162	-2.477804162	-2.497286908	2.497286908	2.564056091	-2.564056091	
-0.78	0.05807821416	-0.05807821416	-0.07471208436	0.07471208436	0.1640435117	-0.1640435117	-0.2156768932	0.2156768932	0.312592123	-0.312592123	-0.3534734264	0.3534734264	0.4657348751	-0.4657348751	0.4827711704	-0.4827711704	-0.5158044631	0.5158044631	-0.5540769721	0.5540769721	0.6399152937	-0.6399152937	-0.6619602058	0.6619602058	0.6919237025	-0.6919237025	-0.7172165495	0.7172165495	-0.7280803993	0.7280803993	-0.8031676735	0.8031676735	0.831956178	-0.831956178	0.8670854276	-0.8670854276	0.981058469	-0.981058469	1.022921378	-1.022921378	-1.032008665	1.032008665	1.113042971	-1.113042971	1.169219343	-1.169219343	-1.184770301	1.184770301	1.197232001	-1.197232001	-1.23758389	1.23758389	1.338558722	-1.338558722	1.442521817	-1.442521817	1.462071109	-1.462071109	1.482367718	-1.482367718	-1.576303795	1.576303795	-1.578423004	1.578423004	1.612354004	-1.612354004	1.63784344	-1.63784344	1.659840574	-1.659840574	1.67703917	-1.67703917	1.747861431	-1.747861431	1.778235387	-1.778235387	-1.784771409	1.784771409	-1.797177951	1.797177951	1.823136369	-1.823136369	-1.855277054	1.855277054	-1.925315724	1.925315724	-1.946272728	1.946272728	-1.968541929	1.968541929	2.018175509	-2.018175509	-2.111875587	2.111875587	2.145880717	-2.145880717	2.155469623	-2.155469623	-2.176169463	2.176169463	-2.179189347	2.179189347	-2.183344333	2.183344333	-2.194382477	2.194382477	2.235062484	-2.235062484	2.331245071	-2.331245071	2.360564518	-2.360564518	2.387378641	-2.387378641	2.477813613	-2.477813613	2.497405687	-2.497405687	2.563827281	-2.563827281	
-0.77	-0.06535676994	0.06535676994	0.07136761775	-0.07136761775	0.1624945701	-0.1624945701	0.2187972249	-0.2187972249	0.3060024673	-0.3060024673	-0.3464923046	0.3464923046	0.4674061586	-0.4674061586	-0.4791871277	0.4791871277	0.5156550189	-0.5156550189	-0.5541048183	0.5541048183	0.6435005633	-0.6435005633	0.6612792573	-0.6612792573	0.6990233047	-0.6990233047	0.7145894809	-0.7145894809	-0.7350026051	0.7350026051	0.8032071351	-0.8032071351	-0.8319451396	0.8319451396	0.8735211049	-0.8735211049	0.9788399405	-0.9788399405	1.023326656	-1.023326656	1.032946128	-1.032946128	1.112966641	-1.112966641	1.169888624	-1.169888624	-1.181064217	1.181064217	-1.193888473	1.193888473	-1.237664426	1.237664426	-1.341679605	1.341679605	1.44228012	-1.44228012	1.462185619	-1.462185619	1.482994518	-1.482994518	-1.576904334	1.576904334	-1.577543853	1.577543853	-1.613425124	1.613425124	1.637686139	-1.637686139	1.659577965	-1.659577965	1.677050029	-1.677050029	1.745242257	-1.745242257	1.77858052	-1.77858052	1.784074512	-1.784074512	-1.79454984	1.79454984	-1.822719046	1.822719046	1.855183366	-1.855183366	1.925354204	-1.925354204	1.946425805	-1.946425805	-1.96879789	1.96879789	2.018213018	-2.018213018	-2.112750096	2.112750096	-2.146270838	2.146270838	2.153401943	-2.153401943	2.175298782	-2.175298782	2.178768704	-2.178768704	2.183121771	-2.183121771	-2.194564649	2.194564649	2.234987329	-2.234987329	2.331214444	-2.331214444	-2.360650191	2.360650191	-2.387188194	2.387188194	2.477823393	-2.477823393	2.497530043	-2.497530043	2.563591339	-2.563591339	
-0.76	-0.06801969431	0.06801969431	-0.0724816068	0.0724816068	0.1606168971	-0.1606168971	-0.2219104504	0.2219104504	0.2993058131	-0.2993058131	-0.3394539654	0.3394539654	-0.4695004145	0.4695004145	-0.4756028579	0.4756028579	0.5154946579	-0.5154946579	-0.5541342746	0.5541342746	-0.6470862666	0.6470862666	-0.660570596	0.660570596	0.7060451336	-0.7060451336	-0.7118636681	0.7118636681	-0.7419748214	0.7419748214	-0.8032492367	0.8032492367	-0.8319378803	0.8319378803	0.8800555497	-0.8800555497	0.9765409629	-0.9765409629	-1.023746618	1.023746618	1.033908326	-1.033908326	-1.112886892	1.112886892	-1.170481257	1.170481257	-1.177373216	1.177373216	-1.190541512	1.190541512	-1.237748176	1.237748176	-1.344793472	1.344793472	-1.442031835	1.442031835	-1.462301717	1.462301717	1.483639153	-1.483639153	1.576678013	-1.576678013	-1.577432409	1.577432409	-1.614523957	1.614523957	-1.6375204	1.6375204	-1.659307068	1.659307068	-1.677061665	1.677061665	-1.742626662	1.742626662	-1.778925553	1.778925553	-1.783351548	1.783351548	-1.791843093	1.791843093	-1.822200604	1.822200604	1.855085317	-1.855085317	-1.925393684	1.925393684	-1.946580055	1.946580055	1.969069998	-1.969069998	2.01825188	-2.01825188	-2.113646799	2.113646799	-2.146663511	2.146663511	2.151255896	-2.151255896	-2.174461394	2.174461394	-2.178303621	2.178303621	-2.182896162	2.182896162	-2.194747733	2.194747733	-2.234908781	2.234908781	-2.331182752	2.331182752	-2.360739253	2.360739253	2.386992764	-2.386992764	2.477833493	-2.477833493	-2.497659733	2.497659733	-2.563348606	2.563348606	
-0.75	-0.06466842025	0.06466842025	0.07940544037	-0.07940544037	0.1584751344	-0.1584751344	-0.2250163585	0.2250163585	0.2925122685	-0.2925122686	0.3323656034	-0.3323656034	-0.4719446066	0.4719446066	-0.4720713967	0.4720713967	0.5153234493	-0.5153234493	0.5541652707	-0.5541652707	-0.6506722208	0.6506722208	-0.6598354672	0.6598354672	-0.7090416762	0.7090416762	0.7129844075	-0.7129844075	-0.7489876487	0.7489876487	-0.8032945519	0.8032945519	-0.8319357275	0.8319357275	0.8866775165	-0.8866775165	0.9741638804	-0.9741638804	1.024180833	-1.024180833	1.034893121	-1.034893121	1.112803736	-1.112803736	-1.170997793	1.170997793	-1.173700891	1.173700891	-1.187191224	1.187191224	-1.237835087	1.237835087	1.347900146	-1.347900146	1.441777311	-1.441777311	1.462419147	-1.462419147	1.484300607	-1.484300607	-1.575826026	1.575826026	-1.577892792	1.577892792	1.615645953	-1.615645953	1.637346132	-1.637346132	1.659028279	-1.659028279	-1.677074105	1.677074105	-1.740016913	1.740016913	1.779256882	-1.779256882	-1.782603152	1.782603152	-1.78907304	1.78907304	-1.821580095	1.821580095	-1.854982923	1.854982923	1.925434091	-1.925434091	-1.946734812	1.946734812	1.969358564	-1.969358564	-2.018292067	2.018292067	-2.114563759	2.114563759	-2.147010174	2.147010174	2.14907923	-2.14907923	-2.173660481	2.173660481	2.177795003	-2.177795003	-2.182668096	2.182668096	-2.19493155	2.19493155	2.234826852	-2.234826852	2.331150026	-2.331150026	2.360831641	-2.360831641	-2.386792515	2.386792515	2.477843902	-2.477843902	-2.497794508	2.497794508	-2.563099418	2.563099418	
-0.74	0.06131389665	-0.06131389665	0.08605581729	-0.08605581729	-0.1561611615	0.1561611615	-0.2281147245	0.2281147245	0.2856313032	-0.2856313032	-0.3252336039	0.3252336039	-0.4684318484	0.4684318484	-0.4748774316	0.4748774316	0.5151414181	-0.5151414181	-0.5541977493	0.5541977493	-0.6542582639	0.6542582639	-0.6590748652	0.6590748652	0.7061260844	-0.7061260844	-0.7198363412	0.7198363412	-0.7560317678	0.7560317678	-0.8033440277	0.8033440277	0.8319404872	-0.8319404872	-0.8933762483	0.8933762483	0.9717111572	-0.9717111572	-1.024628857	1.024628857	-1.035898399	1.035898399	-1.112717189	1.112717189	1.170051096	-1.170051096	-1.171438912	1.171438912	-1.183837714	1.183837714	1.237925101	-1.237925101	-1.35099945	1.35099945	1.441516889	-1.441516889	1.462537671	-1.462537671	1.484977859	-1.484977859	-1.574988412	1.574988412	-1.578290251	1.578290251	1.616786549	-1.616786549	-1.637163258	1.637163258	1.658741999	-1.658741999	-1.677087378	1.677087378	1.737415249	-1.737415249	1.77953513	-1.77953513	-1.781829983	1.781829983	-1.786280846	1.786280846	-1.820856681	1.820856681	1.854876204	-1.854876204	-1.925475357	1.925475357	-1.946889432	1.946889432	-1.969663862	1.969663862	-2.018333545	2.018333545	-2.115499065	2.115499065	-2.146364979	2.146364979	-2.147817653	2.147817653	2.172898501	-2.172898501	-2.177243805	2.177243805	-2.182438124	2.182438124	-2.195115942	2.195115942	-2.23474155	2.23474155	2.331116302	-2.331116302	-2.360927295	2.360927295	2.386587612	-2.386587612	2.477854611	-2.477854611	2.497934108	-2.497934108	-2.562844105	2.562844105	
-0.73	-0.05795622068	0.05795622068	0.09231798518	-0.09231798518	-0.1538104966	0.1538104966	-0.2312053006	0.2312053006	0.278671818	-0.278671818	-0.3180636712	0.3180636712	-0.4648472936	0.4648472936	-0.4781121129	0.4781121129	-0.5149485507	0.5149485507	-0.5542316634	0.5542316634	0.6578442506	-0.6578442506	-0.6582896746	0.6582896746	-0.7031194829	0.7031194829	-0.7265960084	0.7265960084	-0.7630972261	0.7630972261	-0.8033993067	0.8033993067	0.8319546914	-0.8319546914	0.9001414006	-0.9001414006	0.9691853891	-0.9691853891	1.02509024	-1.02509024	-1.036922074	1.036922074	-1.112627265	1.112627265	1.16642798	-1.16642798	-1.171805428	1.171805428	-1.18048108	1.18048108	-1.23801816	1.23801816	-1.354091207	1.354091207	-1.441250899	1.441250899	1.462657062	-1.462657062	1.485669882	-1.485669882	-1.574165672	1.574165672	-1.578629447	1.578629447	-1.617941265	1.617941265	-1.636971726	1.636971726	1.658448627	-1.658448627	-1.677101509	1.677101509	1.734823882	-1.734823882	-1.779595704	1.779595704	-1.781032719	1.781032719	-1.783632956	1.783632956	1.820029641	-1.820029641	-1.854765182	1.854765182	-1.925517411	1.925517411	-1.947043295	1.947043295	-1.969986124	1.969986124	-2.018376284	2.018376284	-2.116450848	2.116450848	2.144080762	-2.144080762	-2.148118768	2.148118768	-2.172177284	2.172177284	-2.176651048	2.176651048	-2.182206733	2.182206733	-2.195300765	2.195300765	2.234652887	-2.234652887	2.331081615	-2.331081615	2.361026147	-2.361026147	2.386378223	-2.386378223	2.477865609	-2.477865609	-2.498078266	2.498078266	-2.562582991	2.562582991	
-0.72	-0.05459548645	0.05459548645	0.09800673116	-0.09800673116	0.1516297711	-0.1516297711	-0.2342877982	0.2342877982	0.271642221	-0.271642221	-0.310860946	0.310860946	-0.4612627154	0.4612627154	0.4816791256	-0.4816791256	0.5147447985	-0.5147447985	-0.5542669752	0.5542669752	-0.6574807291	0.6574807291	-0.6614300482	0.6614300482	-0.7000244724	0.7000244724	-0.7332582769	0.7332582769	-0.7701721774	0.7701721774	-0.8034634515	0.8034634515	-0.8319820152	0.8319820152	0.9069629577	-0.9069629577	0.9665893164	-0.9665893164	-1.02556452	1.02556452	-1.037962094	1.037962094	-1.112533982	1.112533982	-1.162836033	1.162836033	-1.172098295	1.172098295	-1.177121418	1.177121418	1.238114202	-1.238114202	-1.35717524	1.35717524	1.440979665	-1.440979665	-1.462777108	1.462777108	1.486375649	-1.486375649	-1.573358295	1.573358295	1.57891486	-1.57891486	-1.619105766	1.619105766	1.636771523	-1.636771523	-1.658148566	1.658148566	-1.677116527	1.677116527	1.732245002	-1.732245002	-1.77864811	1.77864811	-1.780212059	1.780212059	1.78192177	-1.78192177	1.819098375	-1.819098375	-1.854649876	1.854649876	-1.925560186	1.925560186	-1.947195812	1.947195812	-1.970325535	1.970325535	2.018420248	-2.018420248	-2.117417277	2.117417277	2.141584128	-2.141584128	-2.148556883	2.148556883	-2.171498136	2.171498136	-2.17601782	2.17601782	-2.181974346	2.181974346	-2.195485889	2.195485889	2.234560876	-2.234560876	-2.331046001	2.331046001	2.361128129	-2.361128129	-2.386164521	2.386164521	-2.477876886	2.477876886	-2.49822671	2.49822671	-2.562316394	2.562316394	
-0.71	-0.05123178583	0.05123178583	0.1028286344	-0.1028286344	0.1499338583	-0.1499338583	-0.2373618572	0.2373618572	0.2645505137	-0.2645505137	-0.3036301216	0.3036301216	0.4576783921	-0.4576783921	-0.4855533717	0.4855533717	0.5145300821	-0.5145300821	0.554303654	-0.554303654	-0.6566488404	0.6566488404	-0.6650155344	0.6650155344	-0.6968436654	0.6968436654	0.7398177675	-0.7398177675	-0.7772401848	0.7772401848	-0.8035428038	0.8035428038	-0.8320280153	0.8320280153	0.913831143	-0.913831143	0.9639258418	-0.9639258418	-1.026051227	1.026051227	-1.039016443	1.039016443	-1.11243736	1.11243736	-1.159280133	1.159280133	1.172318603	-1.172318603	-1.173758824	1.173758824	-1.238213163	1.238213163	-1.360251369	1.360251369	1.440703498	-1.440703498	-1.462897609	1.462897609	1.487094132	-1.487094132	1.572566758	-1.572566758	-1.579150728	1.579150728	1.620275898	-1.620275898	1.636562691	-1.636562691	-1.657842219	1.657842219	1.677132457	-1.677132457	-1.729680763	1.729680763	-1.776150069	1.776150069	-1.779368722	1.779368722	1.781691532	-1.781691532	-1.81806241	1.81806241	-1.85453031	1.85453031	-1.925603612	1.925603612	-1.947346429	1.947346429	1.970682224	-1.970682224	-2.018465404	2.018465404	-2.118396567	2.118396567	-2.138983889	2.138983889	2.14902447	-2.14902447	2.17086193	-2.17086193	-2.175345278	2.175345278	-2.181741319	2.181741319	2.195671197	-2.195671197	-2.23446553	2.23446553	-2.331009497	2.331009497	2.361233169	-2.361233169	-2.38594668	2.38594668	2.477888429	-2.477888429	-2.498379161	2.498379161	2.562044626	-2.562044626	
-0.7	0.04786520903	-0.04786520903	0.106365671	-0.106365671	0.1491617203	-0.1491617203	-0.2404269795	0.2404269795	0.2574043995	-0.2574043995	-0.2963755821	0.2963755821	-0.4540944675	0.4540944675	-0.4897100832	0.4897100832	-0.5143042939	0.5143042939	-0.5543416749	0.5543416749	0.655794813	-0.655794813	0.6686005939	-0.6686005939	-0.6935796915	0.6935796915	-0.7462688203	0.7462688203	-0.7842729858	0.7842729858	-0.8036527542	0.8036527542	0.8321015133	-0.8321015133	0.9207363191	-0.9207363191	0.9611980508	-0.9611980508	1.026549883	-1.026549883	-1.040083144	1.040083144	-1.11233742	1.11233742	-1.155765609	1.155765609	-1.170393391	1.170393391	-1.172467581	1.172467581	1.238314976	-1.238314976	-1.363319414	1.363319414	-1.440422704	1.440422704	1.46301838	-1.46301838	1.487824307	-1.487824307	1.57179153	-1.57179153	-1.579341014	1.579341014	-1.621447687	1.621447687	-1.636345359	1.636345359	1.657529986	-1.657529986	-1.677149326	1.677149326	1.727133285	-1.727133285	-1.773101654	1.773101654	-1.778503448	1.778503448	-1.781944194	1.781944194	-1.816921403	1.816921403	1.854406508	-1.854406508	-1.925647623	1.925647623	-1.947494628	1.947494628	1.971056264	-1.971056264	2.018511715	-2.018511715	-2.119386982	2.119386982	2.136293928	-2.136293928	-2.149509217	2.149509217	-2.170269197	2.170269197	2.174634634	-2.174634634	2.181507949	-2.181507949	-2.19585658	2.19585658	2.234366865	-2.234366865	2.330972141	-2.330972141	-2.361341193	2.361341193	-2.385724878	2.385724878	2.477900227	-2.477900227	-2.498535336	2.498535336	-2.561767993	2.561767993	
-0.69	-0.04449584519	0.04449584519	-0.1081743395	0.1081743395	0.1497767923	-0.1497767923	-0.2434823758	0.2434823758	0.2502114334	-0.2502114334	-0.2891016171	0.2891016171	-0.4505110576	0.4505110576	-0.4941250843	0.4941250843	0.5140673009	-0.5140673009	0.5543810182	-0.5543810182	-0.654919453	0.654919453	0.6721851134	-0.6721851134	-0.6902352068	0.6902352068	-0.7526054598	0.7526054598	-0.7912037116	0.7912037116	-0.80384168	0.80384168	-0.8322173688	0.8322173688	-0.9276688757	0.9276688757	-0.9584092394	0.9584092394	-1.027060005	1.027060005	-1.041160261	1.041160261	-1.112234184	1.112234184	-1.152298322	1.152298322	-1.167025212	1.167025212	-1.172546598	1.172546598	-1.23841957	1.23841957	1.366379188	-1.366379188	-1.44013758	1.44013758	1.463139244	-1.463139244	-1.488565153	1.488565153	-1.571033083	1.571033083	-1.579489389	1.579489389	-1.622617311	1.622617311	-1.636119795	1.636119795	1.657212265	-1.657212265	1.677167158	-1.677167158	1.724604635	-1.724604635	1.769866544	-1.769866544	-1.777616994	1.777616994	-1.782318169	1.782318169	1.815675144	-1.815675144	1.854278495	-1.854278495	-1.925692152	1.925692152	-1.947639937	1.947639937	-1.971447665	1.971447665	-2.018559143	2.018559143	-2.120386837	2.120386837	2.133519626	-2.133519626	-2.15000752	2.15000752	2.169720195	-2.169720195	-2.173887149	2.173887149	-2.181274485	2.181274485	-2.196041943	2.196041943	2.234264896	-2.234264896	-2.330933973	2.330933973	2.361452122	-2.361452122	-2.385499297	2.385499297	2.477912268	-2.477912268	-2.498694949	2.498694949	-2.561486796	2.561486796	
-0.68	-0.04112378283	0.04112378283	-0.1080493528	0.1080493528	-0.1520028052	0.1520028052	0.2429792593	-0.2429792593	0.2465265421	-0.2465265421	-0.2818128974	0.2818128974	0.446928267	-0.446928267	-0.4987750453	0.4987750453	-0.5138189474	0.5138189474	-0.5544216677	0.5544216677	0.6540235736	-0.6540235736	0.6757689651	-0.6757689651	-0.6868129206	0.6868129206	0.7588213553	-0.7588213553	-0.7977585131	0.7977585131	-0.8043532285	0.8043532285	0.8324025143	-0.8324025143	0.934619102	-0.934619102	0.9555629466	-0.9555629466	1.027581101	-1.027581101	1.042245899	-1.042245899	1.112127678	-1.112127678	-1.14888475	1.14888475	1.16365438	-1.16365438	1.172557158	-1.172557158	-1.238526874	1.238526874	-1.369430503	1.369430503	-1.439848415	1.439848415	1.463260039	-1.463260039	-1.489315658	1.489315658	1.570291895	-1.570291895	1.579599226	-1.579599226	1.623781016	-1.623781016	1.635886489	-1.635886489	1.65688945	-1.65688945	1.677185977	-1.677185977	-1.722096816	1.722096816	-1.766520084	1.766520084	-1.776710139	1.776710139	1.782740284	-1.782740284	1.814323556	-1.814323556	-1.854146298	1.854146298	-1.925737136	1.925737136	-1.947781927	1.947781927	1.971856369	-1.971856369	-2.018607649	2.018607649	-2.121394502	2.121394502	-2.130664585	2.130664585	-2.150517704	2.150517704	-2.169214972	2.169214972	-2.173104118	2.173104118	-2.181041136	2.181041136	-2.196227196	2.196227196	2.234159643	-2.234159643	2.330895031	-2.330895031	-2.361565876	2.361565876	-2.385270125	2.385270125	2.477924541	-2.477924541	-2.49885771	2.49885771	-2.56120133	2.56120133	
-0.67	-0.0377491103	0.0377491103	0.1061860762	-0.1061860762	-0.1556607592	0.1556607592	0.2357160354	-0.2357160354	-0.2495557892	0.2495557892	-0.2745159905	0.2745159905	-0.4433461939	0.4433461939	0.5036376568	-0.5036376568	-0.5135590562	0.5135590562	0.5544636108	-0.5544636108	-0.6531079979	0.6531079979	-0.6793518265	0.6793518265	-0.6833157897	0.6833157897	0.7649097673	-0.7649097673	-0.8020682214	0.8020682214	-0.8070001709	0.8070001709	0.8327103993	-0.8327103993	0.9415770381	-0.9415770381	0.9526629968	-0.9526629968	1.028112675	-1.028112675	-1.043338206	1.043338206	-1.112017928	1.112017928	-1.145532112	1.145532112	1.160280988	-1.160280988	-1.172500904	1.172500904	1.238636813	-1.238636813	-1.372473165	1.372473165	1.439555494	-1.439555494	1.463380613	-1.463380613	1.490074816	-1.490074816	-1.569568456	1.569568456	-1.579673604	1.579673604	1.624934963	-1.624934963	-1.6356463	1.6356463	-1.656561931	1.656561931	1.677205808	-1.677205808	1.719611744	-1.719611744	-1.763086186	1.763086186	-1.775783679	1.775783679	-1.783188895	1.783188895	-1.812866702	1.812866702	-1.854009944	1.854009944	-1.92578251	1.92578251	-1.947920216	1.947920216	1.972282254	-1.972282254	-2.018657194	2.018657194	2.122408402	-2.122408402	2.127731894	-2.127731894	-2.151038711	2.151038711	-2.16875341	2.16875341	2.172286861	-2.172286861	-2.180808075	2.180808075	-2.196412259	2.196412259	-2.234051124	2.234051124	-2.330855356	2.330855356	2.36168237	-2.36168237	2.38503755	-2.38503755	-2.477937032	2.477937032	2.499023329	-2.499023329	2.560911886	-2.560911886	
-0.66	-0.03437191616	0.03437191616	0.1030013019	-0.1030013019	-0.1603471822	0.1603471822	0.22843131	-0.22843131	-0.252556578	0.252556578	-0.2672270641	0.2672270641	0.4397649324	-0.4397649324	0.5086917269	-0.5086917269	0.5132874311	-0.5132874311	0.554506837	-0.554506837	0.6521735615	-0.6521735615	-0.6797448048	0.6797448048	0.6829354158	-0.6829354158	0.7708634719	-0.7708634719	-0.8030127329	0.8030127329	-0.8127818633	0.8127818633	0.8332591246	-0.8332591246	0.9485322972	-0.9485322972	0.9497135535	-0.9497135535	1.028654224	-1.028654224	-1.044435378	1.044435378	-1.111904964	1.111904964	1.142248508	-1.142248508	-1.156905133	1.156905133	-1.172379606	1.172379606	1.238749307	-1.238749307	1.375506977	-1.375506977	1.439259092	-1.439259092	1.463500822	-1.463500822	1.490841632	-1.490841632	1.568863282	-1.568863282	-1.579715322	1.579715322	-1.62607494	1.62607494	1.635400733	-1.635400733	1.656230092	-1.656230092	1.677226672	-1.677226672	-1.717151221	1.717151221	-1.759575885	1.759575885	-1.774838427	1.774838427	-1.783655352	1.783655352	-1.811304782	1.811304782	1.853869463	-1.853869463	-1.925828213	1.925828213	1.948054471	-1.948054472	-1.972725127	1.972725127	2.018707736	-2.018707736	2.123427016	-2.123427016	2.12472446	-2.12472446	2.151569732	-2.151569732	2.168335263	-2.168335263	2.171436713	-2.171436713	-2.180575456	2.180575456	-2.196597058	2.196597058	2.233939361	-2.233939361	2.330814989	-2.330814989	2.361801517	-2.361801517	-2.384801766	2.384801766	-2.477949729	2.477949729	-2.499191514	2.499191514	-2.560618751	2.560618751	
-0.65	0.03099228958	-0.03099228958	0.09888481879	-0.09888481879	-0.1656804446	0.1656804446	0.2211381031	-0.2211381031	0.2553954771	-0.2553954771	-0.2600819613	0.2600819613	0.4361845738	-0.4361845738	-0.5130038578	0.5130038578	-0.5139172102	0.5139172102	0.5545513381	-0.5545513381	0.6512211134	-0.6512211134	-0.6761060745	0.6761060745	0.6865164391	-0.6865164391	-0.7766746375	0.7766746375	-0.8032750663	0.8032750663	-0.8187259163	0.8187259163	-0.834335735	0.834335735	-0.9467191868	0.9467191868	0.9554738517	-0.9554738517	1.029205244	-1.029205244	-1.04553566	1.04553566	1.111788819	-1.111788819	-1.139043105	1.139043105	1.153526911	-1.153526911	-1.172195165	1.172195165	-1.238864276	1.238864276	-1.378531735	1.378531735	-1.438959481	1.438959481	1.463620535	-1.463620535	1.491615123	-1.491615123	1.56817692	-1.56817692	-1.57972691	1.57972691	1.627195798	-1.627195798	1.635152484	-1.635152484	1.655894307	-1.655894307	-1.677248589	1.677248589	1.714716895	-1.714716895	-1.755995969	1.755995969	-1.773875215	1.773875215	1.784135402	-1.784135402	-1.809638133	1.809638133	1.853724886	-1.853724886	1.925874184	-1.925874184	-1.948184408	1.948184408	-1.973184726	1.973184726	2.018759233	-2.018759233	2.121645123	-2.121645123	2.124448884	-2.124448884	-2.152110066	2.152110066	2.167960178	-2.167960178	-2.170555015	2.170555015	2.180343411	-2.180343411	-2.196781524	2.196781524	2.233824379	-2.233824379	2.330773972	-2.330773972	-2.361923228	2.361923228	-2.384562972	2.384562972	2.477962619	-2.477962619	-2.499361975	2.499361975	-2.560322205	2.560322205	
-0.64	0.02761032068	-0.02761032068	-0.09411359366	0.09411359366	-0.1713806599	0.1713806599	-0.2138588358	0.2138588358	-0.252291276	0.252291276	-0.2588641165	0.2588641165	0.4326052079	-0.4326052079	-0.5127081055	0.5127081055	-0.5192951777	0.5192951777	-0.5545971072	0.5545971072	0.650251517	-0.650251517	-0.6724006144	0.6724006144	-0.690096845	0.690096845	-0.7823345871	0.7823345871	-0.8034122346	0.8034122346	0.8236240456	-0.8236240456	0.8365896176	-0.8365896176	0.943684963	-0.943684963	0.9623897679	-0.9623897679	1.029765223	-1.029765223	-1.046637357	1.046637357	1.111669528	-1.111669528	-1.135926364	1.135926364	1.150146423	-1.150146423	-1.171949601	1.171949601	-1.238981635	1.238981635	-1.381547229	1.381547229	-1.438656927	1.438656927	1.463739629	-1.463739629	1.492394319	-1.492394319	-1.567509958	1.567509958	-1.579710649	1.579710649	-1.628290247	1.628290247	-1.634906629	1.634906629	1.655554945	-1.655554945	-1.67727158	1.67727158	1.712310219	-1.712310219	-1.75235161	1.75235161	-1.772894892	1.772894892	1.784626605	-1.784626605	-1.807867233	1.807867233	-1.853576245	1.853576245	-1.925920363	1.925920363	-1.948309788	1.948309788	-1.973660718	1.973660718	-2.01881164	2.01881164	2.118496694	-2.118496694	-2.125472599	2.125472599	2.152659068	-2.152659068	-2.167627723	2.167627723	2.169643109	-2.169643109	-2.180112061	2.180112061	-2.196965595	2.196965595	2.233706202	-2.233706202	2.330732345	-2.330732345	-2.362047408	2.362047408	2.384321369	-2.384321369	-2.477975689	2.477975689	2.499534421	-2.499534421	-2.560022528	2.560022528	
-0.63	0.02422610094	-0.02422610094	-0.08886772113	0.08886772113	0.1772319677	-0.1772319677	0.2066471427	-0.2066471427	-0.2450626652	0.2450626652	0.2617569004	-0.2617569004	-0.4290269235	0.4290269235	0.512399928	-0.512399928	0.5248077327	-0.5248077327	-0.5546441385	0.5546441385	0.6492656511	-0.6492656511	-0.6686320195	0.6686320195	0.6936762165	-0.6936762165	0.7878332184	-0.7878332184	-0.8035104235	0.8035104235	0.8266722549	-0.8266722549	-0.8407375806	0.8407375806	0.9406165611	-0.9406165611	0.9692668751	-0.9692668751	1.030333649	-1.030333649	1.047738844	-1.047738844	1.111547129	-1.111547129	-1.132910331	1.132910331	-1.146763774	1.146763774	-1.171645045	1.171645045	-1.239101297	1.239101297	-1.384553242	1.384553242	-1.438351692	1.438351692	1.463857988	-1.463857988	1.493178262	-1.493178262	1.566863039	-1.566863039	1.579668591	-1.579668591	1.629346059	-1.629346059	1.634673396	-1.634673396	1.655212363	-1.655212363	1.677295663	-1.677295663	1.709932384	-1.709932384	-1.748647378	1.748647378	-1.771898325	1.771898325	1.785127368	-1.785127368	-1.805992694	1.805992694	1.853423576	-1.853423576	1.925966695	-1.925966695	-1.948430423	1.948430423	-1.974152707	1.974152707	-2.018864914	2.018864914	2.115281973	-2.115281973	2.126496816	-2.126496816	-2.153216119	2.153216119	2.167337392	-2.167337392	-2.168702333	2.168702333	-2.179881515	2.179881515	2.197149213	-2.197149213	2.233584858	-2.233584858	2.330690153	-2.330690153	-2.36217396	2.36217396	-2.384077163	2.384077163	2.477988926	-2.477988926	2.499708564	-2.499708564	2.559719992	-2.559719992	
-0.62	0.02083972353	-0.02083972353	0.08326373996	-0.08326373996	-0.1829267711	0.1829267711	0.1997103858	-0.1997103858	-0.2377451387	0.2377451387	0.2647267394	-0.2647267394	0.4254498091	-0.4254498091	0.5120790648	-0.5120790648	0.530437873	-0.530437873	-0.5546924271	0.5546924271	0.6482644094	-0.6482644094	-0.6648038962	0.6648038962	0.6972544322	-0.6972544322	0.7931570005	-0.7931570005	0.8035968953	-0.8035968953	0.8281714763	-0.8281714763	0.8464531377	-0.8464531377	0.9375204326	-0.9375204326	0.9760903455	-0.9760903455	1.030910006	-1.030910006	1.048838598	-1.048838598	1.111421664	-1.111421664	-1.130009011	1.130009011	1.143379074	-1.143379074	-1.171283731	1.171283731	1.239223173	-1.239223173	-1.387549552	1.387549552	-1.438044032	1.438044032	1.463975507	-1.463975507	1.493966011	-1.493966011	-1.56623687	1.56623687	1.579602576	-1.579602576	-1.63033887	1.63033887	1.634475346	-1.634475346	1.654866904	-1.654866904	1.677320853	-1.677320853	-1.707584234	1.707584234	-1.744887724	1.744887724	1.770886396	-1.770886396	1.785636547	-1.785636547	-1.804015267	1.804015267	1.853266914	-1.853266914	1.926013122	-1.926013122	-1.948546168	1.948546168	-1.974660227	1.974660227	2.018919007	-2.018919007	2.112003751	-2.112003751	-2.127520241	2.127520241	2.153780613	-2.153780613	-2.167088624	2.167088624	2.167734013	-2.167734013	2.179651879	-2.179651879	-2.197332323	2.197332323	-2.233460378	2.233460378	2.330647439	-2.330647439	2.362302786	-2.362302786	2.383830564	-2.383830564	2.478002315	-2.478002315	2.499884118	-2.499884118	-2.55941487	2.55941487	
-0.61	-0.01745128382	0.01745128382	-0.07737936225	0.07737936225	-0.1866787657	0.1866787657	0.1947719801	-0.1947719801	-0.2304123554	0.2304123554	-0.2677017735	0.2677017735	-0.421873954	0.421873954	-0.5117452421	0.5117452421	-0.5361692909	0.5361692909	-0.5547419684	0.5547419684	-0.6472487015	0.6472487015	-0.660920274	0.660920274	-0.7008313945	0.7008313945	0.7982768196	-0.7982768196	-0.8036991581	0.8036991581	-0.8289066613	0.8289066613	-0.8529401658	0.8529401658	0.9344040252	-0.9344040252	-0.9828431591	0.9828431591	-1.031493777	1.031493777	-1.049935233	1.049935233	-1.111293178	1.111293178	-1.12723883	1.12723883	-1.139992443	1.139992443	-1.170867985	1.170867985	1.239347168	-1.239347168	1.390535928	-1.390535928	-1.4377342	1.4377342	-1.464092086	1.464092086	-1.49475664	1.49475664	-1.565632236	1.565632236	-1.579514248	1.579514248	-1.631213275	1.631213275	-1.634366259	1.634366259	-1.6545189	1.6545189	1.677347164	-1.677347164	-1.705266162	1.705266162	-1.741077284	1.741077284	-1.769860003	1.769860003	-1.786153248	1.786153248	-1.801935836	1.801935836	-1.853106299	1.853106299	-1.926059592	1.926059592	-1.948656924	1.948656924	-1.975182752	1.975182752	-2.018973873	2.018973873	2.108664822	-2.108664822	2.128541641	-2.128541641	-2.154351952	2.154351952	2.166739465	-2.166739465	-2.166880804	2.166880804	-2.179423252	2.179423252	-2.197514876	2.197514876	-2.233332795	2.233332795	-2.330604245	2.330604245	-2.362433783	2.362433783	2.383581786	-2.383581786	-2.478015844	2.478015844	-2.5000608	2.5000608	2.55910743	-2.55910743	
-0.6	-0.01406087985	0.01406087985	0.07126862362	-0.07126862362	0.1827021774	-0.1827021774	0.1975770979	-0.1975770979	0.2230760429	-0.2230760429	0.27067197	-0.27067197	0.4182994482	-0.4182994482	0.5113981737	-0.5113981737	0.5419860892	-0.5419860892	0.5547927579	-0.5547927579	0.6462194524	-0.6462194524	0.6569858388	-0.6569858388	0.70440701	-0.70440701	0.8028182852	-0.8028182852	-0.8041840964	0.8041840964	0.8293045006	-0.8293045006	0.8597654095	-0.8597654095	0.9312761163	-0.9312761163	0.9895054162	-0.9895054162	1.032084441	-1.032084441	-1.051027577	1.051027577	1.111161721	-1.111161721	-1.12461923	1.12461923	1.136604013	-1.136604013	1.170400208	-1.170400208	1.239473187	-1.239473187	1.393512131	-1.393512131	1.437422447	-1.437422447	1.464207634	-1.464207634	1.49554924	-1.49554924	-1.56505001	1.56505001	-1.579405076	1.579405076	1.631849623	-1.631849623	1.634464321	-1.634464321	1.654168661	-1.654168661	1.677374609	-1.677374609	-1.702977952	1.702977952	1.73722112	-1.73722112	1.76882006	-1.76882006	1.786676729	-1.786676729	-1.799755418	1.799755418	1.852941772	-1.852941772	-1.926106051	1.926106051	1.948762628	-1.948762628	1.975719695	-1.975719695	2.019029464	-2.019029464	2.105267978	-2.105267978	2.129559834	-2.129559834	-2.154929538	2.154929538	2.165719985	-2.165719985	2.166713275	-2.166713275	2.179195728	-2.179195728	-2.197696822	2.197696822	2.233202143	-2.233202143	2.330560616	-2.330560616	2.362566843	-2.362566843	2.383331046	-2.383331046	2.478029497	-2.478029497	2.500238332	-2.500238332	2.558797937	-2.558797937	
-0.59	-0.010668613	0.010668613	0.06497075477	-0.06497075477	-0.1758646904	0.1758646904	-0.2032309662	0.2032309662	-0.2157408731	0.2157408731	-0.2736342628	0.2736342628	-0.4147263836	0.4147263836	-0.5110375621	0.5110375621	-0.5478723678	0.5478723678	-0.554844791	0.554844791	-0.6451776029	0.6451776029	-0.6530062752	0.6530062752	-0.7079811854	0.7079811854	-0.8036292188	0.8036292188	-0.8081929578	0.8081929578	-0.8295402169	0.8295402169	-0.8667486744	0.8667486744	-0.92814735	0.92814735	-0.9960534595	0.9960534595	-1.032681479	1.032681479	-1.052114783	1.052114783	-1.111027347	1.111027347	-1.122173401	1.122173401	-1.133213939	1.133213939	-1.169882863	1.169882863	1.23960113	-1.23960113	1.396477913	-1.396477913	1.43710902	-1.43710902	1.464322065	-1.464322065	-1.496342918	1.496342918	1.564491166	-1.564491166	-1.579276365	1.579276365	-1.632116038	1.632116038	-1.634900084	1.634900084	1.653816481	-1.653816481	-1.677403198	1.677403198	-1.700718581	1.700718581	-1.733324978	1.733324978	-1.767767492	1.767767492	-1.78720634	1.78720634	-1.797475159	1.797475159	1.852773376	-1.852773376	-1.926152448	1.926152448	-1.948863259	1.948863259	-1.976270415	1.976270415	-2.019085729	2.019085729	-2.10181602	2.10181602	-2.130573696	2.130573696	-2.155512774	2.155512774	2.164676855	-2.164676855	2.166585334	-2.166585334	-2.178969404	2.178969404	-2.197878116	2.197878116	2.233068462	-2.233068462	2.330516596	-2.330516596	2.362701858	-2.362701858	-2.383078564	2.383078564	2.478043262	-2.478043262	-2.500416439	2.500416439	2.558486655	-2.558486655	
-0.58	0.007274589008	-0.007274589008	0.05851540039	-0.05851540039	0.1686600249	-0.1686600249	-0.2084097461	0.2084097461	0.2092211685	-0.2092211685	-0.2765872829	0.2765872829	-0.4111548539	0.4111548539	0.5106630994	-0.5106630994	-0.5538115931	0.5538115931	0.5548980629	-0.5548980629	0.644124109	-0.644124109	-0.6489888236	0.6489888236	0.7115538262	-0.7115538262	0.8037282527	-0.8037282527	0.8126931884	-0.8126931884	0.8296904451	-0.8296904451	-0.8738085462	0.8738085462	0.9250312076	-0.9250312076	1.002458763	-1.002458763	1.033284371	-1.033284371	1.05319652	-1.05319652	-1.110890113	1.110890113	-1.119929168	1.119929168	1.129822413	-1.129822413	-1.169318454	1.169318454	1.239730895	-1.239730895	-1.399433017	1.399433017	1.436794162	-1.436794162	1.4644353	-1.4644353	1.497136802	-1.497136802	-1.563956794	1.563956794	1.579129271	-1.579129271	1.632065375	-1.632065375	-1.635619496	1.635619496	-1.653462624	1.653462624	1.677432937	-1.677432937	1.698485924	-1.698485924	1.729395605	-1.729395605	-1.766703241	1.766703241	1.787741497	-1.787741497	-1.795096334	1.795096334	-1.852601159	1.852601159	-1.926198736	1.926198736	1.948958828	-1.948958828	-1.976834216	1.976834216	2.019142618	-2.019142618	-2.098311761	2.098311761	-2.131582151	2.131582151	-2.156101059	2.156101059	-2.163611335	2.163611335	-2.166496246	2.166496246	-2.178744372	2.178744372	2.198058713	-2.198058713	2.232931793	-2.232931793	2.33047223	-2.33047223	-2.362838716	2.362838716	2.382824564	-2.382824564	2.478057124	-2.478057124	-2.500594853	2.500594853	-2.558173846	2.558173846	
-0.57	0.003878919692	-0.003878919692	-0.05192576315	0.05192576315	-0.1613641556	0.1613641556	-0.2010849241	0.2010849241	-0.2152583791	0.2152583791	0.2795302376	-0.2795302376	0.4075849557	-0.4075849557	-0.5102744681	0.5102744681	-0.554952568	0.554952568	-0.5597855722	0.5597855722	0.6430599422	-0.6430599422	-0.6449432333	0.6449432333	0.7151248352	-0.7151248352	-0.8037924028	0.8037924028	-0.8169900479	0.8169900479	0.829794346	-0.829794346	-0.8809000292	0.8809000292	0.9219460744	-0.9219460744	1.008686563	-1.008686563	-1.033892595	1.033892595	-1.054273261	1.054273261	1.110750085	-1.110750085	1.117920005	-1.117920005	1.126429711	-1.126429711	1.168709507	-1.168709507	-1.239862377	1.239862377	-1.402377176	1.402377176	1.436478115	-1.436478115	-1.464547265	1.464547265	1.497930036	-1.497930036	-1.563448111	1.563448111	-1.578964813	1.578964813	1.631845353	-1.631845353	-1.636473756	1.636473756	1.653107324	-1.653107324	1.677463829	-1.677463829	-1.696276359	1.696276359	-1.725441166	1.725441166	1.765628257	-1.765628257	-1.78828166	1.78828166	-1.792620347	1.792620347	1.85242517	-1.85242517	-1.926244866	1.926244866	1.949049376	-1.949049376	-1.977410358	1.977410358	-2.01920008	2.01920008	2.094758026	-2.094758026	-2.132584175	2.132584175	2.15669379	-2.15669379	-2.162524666	2.162524666	-2.16644524	2.16644524	-2.178520725	2.178520725	-2.198238572	2.198238572	-2.232792181	2.232792181	2.330427562	-2.330427562	-2.3629773	2.3629773	-2.382569274	2.382569274	2.478071069	-2.478071069	-2.500773309	2.500773309	2.55785977	-2.55785977	
-0.56	0.0004817264693	-0.0004817264693	0.04522055922	-0.04522055922	0.1540405021	-0.1540405021	-0.1937683841	0.1937683841	-0.2212693137	0.2212693137	0.2824625691	-0.2824625691	-0.4040167888	0.4040167888	-0.5098713426	0.5098713426	0.5550083003	-0.5550083003	-0.5657726662	0.5657726662	-0.6408834781	0.6408834781	-0.641986089	0.641986089	0.7186941126	-0.7186941126	-0.8038470179	0.8038470179	-0.8210333229	0.8210333229	-0.8298788682	0.8298788682	-0.8879871452	0.8879871452	0.9189207295	-0.9189207295	-1.014694258	1.014694258	1.034505632	-1.034505632	-1.055346723	1.055346723	1.11060733	-1.11060733	1.116186043	-1.116186043	-1.123036324	1.123036324	1.168058548	-1.168058548	1.239995469	-1.239995469	-1.405310112	1.405310112	1.436161118	-1.436161118	1.464657893	-1.464657893	-1.498721785	1.498721785	1.562966467	-1.562966467	1.578783887	-1.578783887	-1.631540809	1.631540809	-1.637377045	1.637377045	1.652750773	-1.652750773	1.677495877	-1.677495877	-1.694084195	1.694084195	-1.721471827	1.721471827	1.764543502	-1.764543502	1.788826318	-1.788826318	-1.790048723	1.790048723	1.852245462	-1.852245462	-1.926290794	1.926290794	-1.949134971	1.949134971	-1.977998052	1.977998052	2.019258062	-2.019258062	2.091157664	-2.091157664	-2.133578792	2.133578792	-2.157290363	2.157290363	2.161418065	-2.161418065	2.166431512	-2.166431512	-2.178298555	2.178298555	2.19841765	-2.19841765	-2.232649675	2.232649675	2.330382637	-2.330382637	2.363117493	-2.363117493	2.382312923	-2.382312923	2.478085082	-2.478085082	-2.500951552	2.500951552	-2.557544685	2.557544685	
-0.55	0.00291685056	-0.00291685056	0.03841528076	-0.03841528076	0.1467129807	-0.1467129807	-0.1864619587	0.1864619587	-0.227222513	0.227222513	0.2853838261	-0.2853838261	0.4004504566	-0.4004504566	0.5094533899	-0.5094533899	0.5550652524	-0.5550652524	0.5717444424	-0.5717444424	-0.6368310401	0.6368310401	0.6409035509	-0.6409035509	0.7222615545	-0.7222615545	-0.8038972614	0.8038972614	0.8247703098	-0.8247703098	0.8299827774	-0.8299827774	-0.8950146569	0.8950146569	0.9160141447	-0.9160141447	1.020429725	-1.020429725	-1.035122964	1.035122964	-1.056420493	1.056420493	1.110461925	-1.110461925	-1.114774572	1.114774572	1.119643498	-1.119643498	-1.167368073	1.167368073	1.240130059	-1.240130059	-1.408231537	1.408231537	1.435843409	-1.435843409	1.46476712	-1.46476712	1.499511232	-1.499511232	1.562513364	-1.562513364	-1.578587267	1.578587267	1.631187346	-1.631187346	-1.638292873	1.638292873	1.652393112	-1.652393112	1.677529077	-1.677529077	1.69190087	-1.69190087	1.717500572	-1.717500572	1.763449942	-1.763449942	1.787383116	-1.787383116	1.789374984	-1.789374984	1.852062091	-1.852062091	1.926336475	-1.926336475	1.949215708	-1.949215708	-1.978596472	1.978596472	-2.019316511	2.019316511	2.087513548	-2.087513548	-2.134565072	2.134565072	2.15789017	-2.15789017	2.160292731	-2.160292731	2.166454231	-2.166454231	-2.178077954	2.178077954	2.198595906	-2.198595906	2.232504326	-2.232504326	2.330337502	-2.330337502	2.363259172	-2.363259172	-2.382055744	2.382055744	2.478099149	-2.478099149	-2.501129329	2.501129329	2.557228848	-2.557228848	
-0.54	-0.00631662212	0.00631662212	-0.03152305886	0.03152305886	0.1393939375	-0.1393939375	-0.1791674037	0.1791674037	-0.2330996614	0.2330996614	-0.2882936078	0.2882936078	-0.396886067	0.396886067	-0.5090202709	0.5090202709	0.555123416	-0.555123416	-0.5776588774	0.5776588774	-0.6328216462	0.6328216462	0.6398133436	-0.6398133436	-0.725827053	0.725827053	-0.8039449241	0.8039449241	0.8279905153	-0.8279905153	-0.8302986125	0.8302986125	-0.901790194	0.901790194	0.9134299101	-0.9134299101	1.025829995	-1.025829995	1.035744075	-1.035744075	-1.057500797	1.057500797	1.110313951	-1.110313951	-1.113736462	1.113736462	-1.116257342	1.116257342	-1.166640528	1.166640528	-1.240266034	1.240266034	-1.411141149	1.411141149	1.435525224	-1.435525224	-1.464874888	1.464874888	1.500297582	-1.500297582	-1.562090457	1.562090457	-1.578375621	1.578375621	-1.630800303	1.630800303	-1.639205089	1.639205089	1.652034407	-1.652034407	-1.677563421	1.677563421	-1.689713822	1.689713822	-1.713544343	1.713544343	-1.762348544	1.762348544	-1.784625306	1.784625306	1.789927189	-1.789927189	1.851875117	-1.851875117	1.926381867	-1.926381867	1.949291697	-1.949291697	-1.979204754	1.979204754	-2.019375372	2.019375372	2.083828583	-2.083828583	-2.135542126	2.135542126	-2.158492603	2.158492603	-2.159149843	2.159149843	-2.166512536	2.166512536	-2.177859015	2.177859015	2.198773297	-2.198773297	-2.23235619	2.23235619	-2.330292199	2.330292199	2.363402214	-2.363402214	2.381797972	-2.381797972	-2.478113256	2.478113256	2.501306397	-2.501306397	2.556912516	-2.556912516	
-0.53	0.009717192442	-0.009717192442	-0.02455539261	0.02455539261	-0.1320913282	0.1320913282	-0.1718864385	0.1718864385	-0.2388879176	0.2388879176	0.2911915357	-0.2911915357	-0.3933237327	0.3933237327	-0.5085716417	0.5085716417	-0.5551827813	0.5551827813	-0.5834453223	0.5834453223	-0.628920248	0.628920248	-0.6387164969	0.6387164969	0.7293904953	-0.7293904953	-0.8039908115	0.8039908115	-0.8294404359	0.8294404359	-0.8320569608	0.8320569608	-0.9067278226	0.9067278226	-0.9127712468	0.9127712468	-1.030821202	1.030821202	1.036368452	-1.036368452	-1.058597209	1.058597209	-1.110163498	1.110163498	-1.112712843	1.112712843	-1.11330148	1.11330148	-1.165878275	1.165878275	-1.24040328	1.24040328	-1.414038634	1.414038634	-1.435206797	1.435206797	-1.464981143	1.464981143	-1.501080059	1.501080059	-1.561699568	1.561699568	-1.578149513	1.578149513	-1.630386899	1.630386899	-1.640105737	1.640105737	1.651674629	-1.651674629	-1.6775989	1.6775989	1.687504984	-1.687504984	-1.709625575	1.709625575	-1.761240269	1.761240269	1.781777203	-1.781777203	-1.790482477	1.790482477	1.851684606	-1.851684606	-1.92642693	1.92642693	-1.94936307	1.94936307	-1.979821997	1.979821997	2.01943459	-2.01943459	2.080105716	-2.080105716	2.1365091	-2.1365091	2.157990563	-2.157990563	-2.159097057	2.159097057	-2.166605542	2.166605542	2.17764183	-2.17764183	-2.198949783	2.198949783	-2.232205329	2.232205329	2.330246776	-2.330246776	-2.363546489	2.363546489	-2.381539842	2.381539842	2.478127388	-2.478127388	-2.50148252	2.50148252	-2.556595944	2.556595944	
-0.52	0.01311556555	-0.01311556555	0.01752494885	-0.01752494885	0.1248111377	-0.1248111377	-0.1646207741	0.1646207741	-0.2445771668	0.2445771668	-0.2940772391	0.2940772391	-0.3897635719	0.3897635719	0.5081071551	-0.5081071551	0.5552433371	-0.5552433371	-0.5889682204	0.5889682204	-0.6252572568	0.6252572568	-0.6376140543	0.6376140543	-0.732951763	0.732951763	-0.8040353444	0.8040353444	0.8296478277	-0.8296478277	0.8347022519	-0.8347022519	0.9060744903	-0.9060744903	-0.9178139253	0.9178139253	-1.03532153	1.03532153	-1.036995586	1.036995586	-1.059722602	1.059722602	-1.109421785	1.109421785	-1.110010663	1.110010663	-1.113127439	1.113127439	-1.16508356	1.16508356	1.240541676	-1.240541676	-1.416923663	1.416923663	-1.434888361	1.434888361	1.465085833	-1.465085833	1.501857909	-1.501857909	-1.561342684	1.561342684	-1.577909409	1.577909409	-1.629950799	1.629950799	-1.640990485	1.640990485	1.651313607	-1.651313607	-1.677635494	1.677635494	-1.685248924	1.685248924	-1.70577409	1.70577409	-1.760126059	1.760126059	-1.778840862	1.778840862	-1.791040402	1.791040402	-1.851490625	1.851490625	1.926471624	-1.926471624	-1.949429969	1.949429969	-1.98044727	1.98044727	2.01949411	-2.01949411	2.076347935	-2.076347935	-2.137465171	2.137465171	-2.15681604	2.15681604	-2.159702929	2.159702929	2.166732335	-2.166732335	-2.177426493	2.177426493	-2.199125321	2.199125321	2.232051807	-2.232051807	2.330201277	-2.330201277	-2.363691869	2.363691869	2.381281594	-2.381281594	2.478141531	-2.478141531	-2.50165747	2.50165747	2.556279387	-2.556279387	
-0.51	0.0104234873	-0.0104234873	0.0165285191	-0.0165285191	0.1175583565	-0.1175583565	-0.1573721391	0.1573721391	-0.2501588219	0.2501588219	-0.296950346	0.296950346	-0.3862057092	0.3862057092	0.5076264624	-0.5076264624	-0.5553050703	0.5553050703	0.5939348288	-0.5939348288	-0.622120778	0.622120778	-0.6365070722	0.6365070722	0.7365107313	-0.7365107313	-0.8040787638	0.8040787638	0.8296965001	-0.8296965001	0.8371183505	-0.8371183505	0.903834114	-0.903834114	-0.9245816171	0.9245816171	1.037624974	-1.037624974	-1.03924952	1.03924952	-1.060891063	1.060891063	1.106030545	-1.106030545	-1.109855554	1.109855554	-1.113636166	1.113636166	1.164258487	-1.164258487	1.240681104	-1.240681104	-1.419795894	1.419795894	-1.434570146	1.434570146	1.465188912	-1.465188912	-1.502630399	1.502630399	-1.561021963	1.561021963	-1.57765568	1.57765568	1.629493949	-1.629493949	1.641856772	-1.641856772	1.650950966	-1.650950966	-1.677673183	1.677673183	-1.682911025	1.682911025	-1.702028984	1.702028984	-1.759006812	1.759006812	1.775818501	-1.775818501	1.791600526	-1.791600526	-1.851293247	1.851293247	1.926515913	-1.926515913	-1.94949255	1.94949255	1.981079611	-1.981079611	-2.019553874	2.019553874	2.072558285	-2.072558285	-2.138409534	2.138409534	-2.155627422	2.155627422	2.160309626	-2.160309626	2.166891974	-2.166891974	-2.177213098	2.177213098	-2.199299866	2.199299866	-2.231895694	2.231895694	-2.330155748	2.330155748	2.363838218	-2.363838218	-2.381023467	2.381023467	2.47815567	-2.47815567	-2.501831024	2.501831024	2.5559631	-2.5559631	
-0.5	-0.003284686792	0.003284686792	0.01993000782	-0.01993000782	0.1103374308	-0.1103374308	-0.1501423057	0.1501423057	0.2556252224	-0.2556252224	0.2998104772	-0.2998104772	0.3826502763	-0.3826502763	-0.5071292144	0.5071292144	0.5553679656	-0.5553679656	0.5976938176	-0.5976938176	-0.6201579757	0.6201579757	-0.6353966196	0.6353966196	0.7400672687	-0.7400672687	-0.8041212155	0.8041212155	-0.8297074357	0.8297074357	0.8391484518	-0.8391484518	0.9015332049	-0.9015332049	-0.9315792018	0.9315792018	1.038256119	-1.038256119	1.042539431	-1.042539431	-1.062112352	1.062112352	1.102634063	-1.102634063	-1.109698287	1.109698287	1.114789686	-1.114789686	-1.163404982	1.163404982	1.240821439	-1.240821439	-1.422654966	1.422654966	1.434252382	-1.434252382	-1.465290337	1.465290337	1.503396819	-1.503396819	1.560739733	-1.560739733	-1.577388606	1.577388606	-1.629017405	1.629017405	1.642702989	-1.642702989	-1.650586018	1.650586018	1.677711937	-1.677711937	1.680446886	-1.680446886	-1.698439328	1.698439328	-1.757883341	1.757883341	-1.772712541	1.772712541	-1.79216242	1.79216242	-1.851092551	1.851092551	-1.926559761	1.926559761	-1.949550977	1.949550977	1.981718024	-1.981718024	2.019613825	-2.019613825	2.068739869	-2.068739869	-2.139341381	2.139341381	2.154425873	-2.154425873	-2.160916566	2.160916566	-2.167083491	2.167083491	-2.177001736	2.177001736	2.199473375	-2.199473375	2.231737065	-2.231737065	-2.330110233	2.330110233	2.363985401	-2.363985401	2.380765703	-2.380765703	2.478169792	-2.478169792	2.502002971	-2.502002971	2.555647335	-2.555647335	
-0.49	-0.003898639503	0.003898639503	0.02333413505	-0.02333413505	0.1031524914	-0.1031524914	-0.1429331235	0.1429331235	-0.2609693013	0.2609693013	0.3026572429	-0.3026572429	0.3790974123	-0.3790974123	-0.5066150641	0.5066150641	-0.5554320059	0.5554320059	0.5991893407	-0.5991893407	-0.6204209692	0.6204209692	0.6342837772	-0.6342837772	-0.7436212358	0.7436212358	0.8041627897	-0.8041627897	-0.8297025512	0.8297025512	0.8407334755	-0.8407334755	0.8993827803	-0.8993827803	-0.9386286949	0.9386286949	1.038888533	-1.038888533	1.045161079	-1.045161079	-1.063383783	1.063383783	-1.09923652	1.09923652	1.10953899	-1.10953899	-1.116617802	1.116617802	-1.16252476	1.16252476	1.240962557	-1.240962557	1.425500504	-1.425500504	1.433935299	-1.433935299	1.465390068	-1.465390068	1.50415648	-1.50415648	-1.560498487	1.560498487	-1.577108379	1.577108379	1.628521717	-1.628521717	-1.643528075	1.643528075	-1.650217574	1.650217574	1.677751718	-1.677751718	-1.677805249	1.677805249	-1.695061434	1.695061434	1.756756282	-1.756756282	1.769525702	-1.769525702	-1.792725659	1.792725659	1.850888621	-1.850888621	-1.926603133	1.926603133	1.949605417	-1.949605417	-1.982361483	1.982361483	-2.019673906	2.019673906	-2.064895866	2.064895866	-2.140259863	2.140259863	2.153212611	-2.153212611	-2.161523189	2.161523189	-2.167305882	2.167305882	2.176792504	-2.176792504	-2.199645799	2.199645799	-2.231576	2.231576	-2.330064778	2.330064778	2.364133279	-2.364133279	-2.380508541	2.380508541	2.478183881	-2.478183881	-2.502173106	2.502173106	-2.555332346	2.555332346	
-0.48	0.01111829718	-0.01111829718	0.02673907192	-0.02673907192	0.09600748159	-0.09600748159	-0.1357465682	0.1357465682	0.2661843869	-0.2661843869	0.305490239	-0.305490239	-0.3755472655	0.3755472655	0.5060836684	-0.5060836684	-0.5554971715	0.5554971715	-0.5980589904	0.5980589904	-0.6232688521	0.6232688521	0.6331696366	-0.6331696366	-0.7471724844	0.7471724844	0.8042035423	-0.8042035423	-0.8296889699	0.8296889699	-0.8418315437	0.8418315437	0.8974574122	-0.8974574122	-0.9456864611	0.9456864611	-1.039521742	1.039521742	1.047134343	-1.047134343	-1.064685216	1.064685216	1.09583933	-1.09583933	1.109377802	-1.109377802	-1.119120573	1.119120573	1.161619299	-1.161619299	1.241104333	-1.241104333	1.428332112	-1.428332112	-1.433619123	1.433619123	1.465488066	-1.465488066	1.504908718	-1.504908718	-1.560300875	1.560300875	1.576815099	-1.576815099	1.628007143	-1.628007143	-1.64433131	1.64433131	1.649843604	-1.649843604	-1.674937049	1.674937049	1.677792481	-1.677792481	1.691950138	-1.691950138	-1.755625889	1.755625889	1.766261203	-1.766261203	1.793289822	-1.793289822	-1.850681545	1.850681545	-1.926645998	1.926645998	-1.949656046	1.949656046	-1.983008922	1.983008922	-2.019734057	2.019734057	2.061029534	-2.061029534	2.141164009	-2.141164009	2.151988985	-2.151988985	2.162128963	-2.162128963	-2.167558107	2.167558107	-2.176585494	2.176585494	-2.199817092	2.199817092	2.231412586	-2.231412586	2.330019427	-2.330019427	2.364281711	-2.364281711	2.380252226	-2.380252226	2.478197923	-2.478197923	2.502341232	-2.502341232	2.555018385	-2.555018385	
-0.47	0.01836792182	-0.01836792182	0.03014443823	-0.03014443823	0.08890623362	-0.08890623362	-0.128584819	0.128584819	0.2712640799	-0.2712640799	0.3083090448	-0.3083090448	0.3719999935	-0.3719999935	0.5055346905	-0.5055346905	0.5555634398	-0.5555634398	-0.5952147194	0.5952147194	-0.627786748	0.627786748	0.6320552997	-0.6320552997	0.7507208566	-0.7507208566	-0.8042435068	0.8042435068	0.8296698491	-0.8296698491	0.8424125183	-0.8424125183	0.8957975676	-0.8957975676	-0.9527355283	0.9527355283	1.040155286	-1.040155286	1.04852692	-1.04852692	-1.065983865	1.065983865	-1.092443674	1.092443674	-1.109214881	1.109214881	1.122263196	-1.122263196	1.160689808	-1.160689808	-1.241246636	1.241246636	1.431149375	-1.431149375	1.433304081	-1.433304081	-1.465584297	1.465584297	-1.505652894	1.505652894	1.560149694	-1.560149694	1.57650878	-1.57650878	-1.627473763	1.627473763	-1.645112198	1.645112198	1.649460579	-1.649460579	1.671809976	-1.671809976	1.677834168	-1.677834168	1.689144915	-1.689144915	-1.754491477	1.754491477	-1.762923326	1.762923326	1.793854493	-1.793854493	1.850471419	-1.850471419	-1.926688323	1.926688323	-1.949703039	1.949703039	1.983659237	-1.983659237	2.01979422	-2.01979422	2.057144232	-2.057144232	-2.142052529	2.142052529	2.150756673	-2.150756673	-2.162733391	2.162733391	2.167839084	-2.167839084	-2.176380801	2.176380801	-2.199987202	2.199987202	2.231246913	-2.231246913	2.329974225	-2.329974225	-2.364430552	2.364430552	-2.379996997	2.379996997	2.478211904	-2.478211904	-2.502507164	2.502507164	2.554705707	-2.554705707	
-0.46	0.02564145954	-0.02564145954	0.03354999486	-0.03354999486	0.08185251804	-0.08185251804	-0.1214503989	0.1214503989	0.2762021755	-0.2762021755	0.3111132206	-0.3111132206	-0.3684557651	0.3684557651	-0.5049678026	0.5049678026	-0.5556307858	0.5556307858	-0.591527182	0.591527182	0.6309418776	-0.6309418776	-0.6331014517	0.6331014517	-0.7542661838	0.7542661838	-0.8042827007	0.8042827007	0.8296468682	-0.8296468682	0.8424616005	-0.8424616005	0.8944221694	-0.8944221694	-0.959766961	0.959766961	-1.040788729	1.040788729	1.049435487	-1.049435487	1.067246911	-1.067246911	1.089051177	-1.089051177	-1.109050396	1.109050396	-1.125981519	1.125981519	1.159737207	-1.159737207	1.241389338	-1.241389338	-1.432990396	1.432990396	1.433951858	-1.433951858	1.465678727	-1.465678727	-1.50638839	1.50638839	-1.560047868	1.560047868	1.576189342	-1.576189342	-1.626921541	1.626921541	1.645870391	-1.645870391	1.649062071	-1.649062071	-1.668421605	1.668421605	-1.677876711	1.677876711	1.68665814	-1.68665814	-1.753349581	1.753349581	-1.759519256	1.759519256	1.794419257	-1.794419257	1.850258346	-1.850258346	1.92673008	-1.92673008	-1.949746573	1.949746573	-1.984311265	1.984311265	2.019854335	-2.019854335	-2.05324343	2.05324343	2.142923246	-2.142923246	2.149518248	-2.149518248	-2.163336025	2.163336025	-2.168147679	2.168147679	-2.176178519	2.176178519	-2.200156076	2.200156076	2.231079081	-2.231079081	2.329929217	-2.329929217	2.364579655	-2.364579655	2.379743098	-2.379743098	2.478225811	-2.478225811	2.502670721	-2.502670721	-2.554394563	2.554394563	
-0.45	0.03293271537	-0.03293271537	-0.03695552705	0.03695552705	0.07485007742	-0.07485007742	-0.1143464515	0.1143464515	-0.2809926137	0.2809926137	0.3139023055	-0.3139023055	-0.3649147607	0.3649147607	-0.5043826884	0.5043826884	0.5556991809	-0.5556991809	-0.587418678	0.587418678	-0.6298304895	0.6298304895	-0.6387884713	0.6387884713	0.7578082855	-0.7578082855	-0.8043211307	0.8043211307	-0.8296210125	0.8296210125	0.8419834428	-0.8419834428	0.8933287103	-0.8933287103	0.966774867	-0.966774867	1.041421667	-1.041421667	-1.04996327	1.04996327	-1.068451368	1.068451368	-1.085664785	1.085664785	-1.108884538	1.108884538	1.130193699	-1.130193699	-1.158762101	1.158762101	1.241532306	-1.241532306	-1.432678292	1.432678292	1.436739099	-1.436739099	1.465771328	-1.465771328	1.507114619	-1.507114619	1.559998433	-1.559998433	-1.575856613	1.575856613	1.626350378	-1.626350378	1.646605648	-1.646605648	-1.648635508	1.648635508	-1.664803395	1.664803395	1.677920025	-1.677920025	-1.684474353	1.684474353	-1.752185333	1.752185333	-1.756067711	1.756067711	1.794983701	-1.794983701	1.850042434	-1.850042434	-1.926771239	1.926771239	1.949786823	-1.949786823	1.984963777	-1.984963777	2.019914342	-2.019914342	2.049330741	-2.049330741	-2.143770963	2.143770963	2.148279309	-2.148279309	2.163936473	-2.163936473	-2.168482699	2.168482699	-2.175978743	2.175978743	2.200323658	-2.200323658	-2.230909195	2.230909195	2.329884445	-2.329884445	2.364728873	-2.364728873	-2.379490769	2.379490769	2.478239629	-2.478239629	2.502831735	-2.502831735	2.554085204	-2.554085204	
-0.44	0.04023466066	-0.04023466066	-0.0403608186	0.0403608186	0.06790265124	-0.06790265124	-0.1072773636	0.1072773636	-0.2856294494	0.2856294494	0.3166758151	-0.3166758151	0.3613771745	-0.3613771745	-0.5037790464	0.5037790464	0.5557685933	-0.5557685933	-0.5830756581	0.5830756581	0.6287222619	-0.6287222619	-0.6446595141	0.6446595141	-0.7613469675	0.7613469675	-0.8043587943	0.8043587943	-0.82959286	0.82959286	0.8410034123	-0.8410034123	-0.8924934657	0.8924934657	-0.9737546432	0.9737546432	1.042053741	-1.042053741	1.050205312	-1.050205312	-1.069583903	1.069583903	-1.082291163	1.082291163	1.10871752	-1.10871752	-1.134812688	1.134812688	1.157764774	-1.157764774	1.24167541	-1.24167541	-1.432367988	1.432367988	1.439510615	-1.439510615	-1.465862069	1.465862069	1.507831017	-1.507831017	1.560004507	-1.560004507	-1.575510325	1.575510325	1.625760129	-1.625760129	1.647317805	-1.647317805	1.648153571	-1.648153571	1.661019095	-1.661019095	1.677964006	-1.677964006	-1.682560458	1.682560458	-1.750894095	1.750894095	-1.752677312	1.752677312	-1.795547415	1.795547415	-1.8498238	1.8498238	-1.926811774	1.926811774	1.949823964	-1.949823964	1.985615449	-1.985615449	2.019974181	-2.019974181	-2.045409943	2.045409943	-2.144574868	2.144574868	2.147061075	-2.147061075	-2.164534408	2.164534408	2.16884289	-2.16884289	2.175781567	-2.175781567	-2.200489889	2.200489889	2.230737366	-2.230737366	-2.329839955	2.329839955	2.364878053	-2.364878053	-2.37924025	2.37924025	2.478253344	-2.478253344	-2.502990043	2.502990043	2.553777884	-2.553777884	
-0.43	-0.04376564136	0.04376564136	0.04753777328	-0.04753777328	0.06101399634	-0.06101399634	-0.1002503789	0.1002503789	-0.2901068362	0.2901068362	-0.3194332395	0.3194332395	-0.3578432154	0.3578432154	0.5031565933	-0.5031565933	-0.5558389874	0.5558389874	-0.5785869463	0.5785869463	-0.6276183269	0.6276183269	-0.6506242566	0.6506242566	0.7648820211	-0.7648820211	-0.8043956816	0.8043956816	-0.8295626588	0.8295626588	-0.8395647452	0.8395647452	0.8918750098	-0.8918750098	-0.9807022218	0.9807022218	1.042684659	-1.042684659	1.050242866	-1.050242866	-1.070627258	1.070627258	1.078950426	-1.078950426	-1.10854958	1.10854958	1.13975564	-1.13975564	1.156745182	-1.156745182	-1.241818516	1.241818516	1.432059706	-1.432059706	-1.442265894	1.442265894	1.465950924	-1.465950924	-1.508537048	1.508537048	1.560069265	-1.560069265	-1.575150106	1.575150106	-1.62515063	1.62515063	1.647547698	-1.647547698	-1.648006752	1.648006752	-1.657178624	1.657178624	-1.678008529	1.678008529	1.680878363	-1.680878363	1.748486176	-1.748486176	-1.750341886	1.750341886	1.796109986	-1.796109986	-1.849602569	1.849602569	-1.92685166	1.92685166	-1.949858167	1.949858167	1.986264826	-1.986264826	-2.020033792	2.020033792	2.04148503	-2.04148503	2.145108055	-2.145108055	2.146090865	-2.146090865	-2.165129577	2.165129577	-2.169226929	2.169226929	-2.175587084	2.175587084	-2.200654708	2.200654708	2.230563716	-2.230563716	2.329795789	-2.329795789	2.365027043	-2.365027043	2.37899178	-2.37899178	2.478266942	-2.478266942	-2.503145494	2.503145494	-2.553472852	2.553472852	
-0.42	-0.04716973313	0.04716973313	0.0541879196	-0.0541879196	0.05482484043	-0.05482484043	-0.09328076247	0.09328076247	0.29441902	-0.29441902	-0.3221740401	0.3221740401	0.3543131094	-0.3543131094	0.5025150677	-0.5025150677	-0.5559103238	0.5559103238	-0.5739994514	0.5739994514	0.6265198215	-0.6265198215	-0.6566346307	0.6566346307	0.7684132207	-0.7684132207	0.8044317755	-0.8044317755	0.8295302107	-0.8295302107	0.8377226106	-0.8377226106	0.8914206362	-0.8914206362	-0.987613672	0.987613672	-1.043314237	1.043314237	-1.050143188	1.050143188	-1.071488049	1.071488049	-1.07574335	1.07574335	1.108380991	-1.108380991	-1.144949086	1.144949086	-1.155702955	1.155702955	-1.24196149	1.24196149	1.431753661	-1.431753661	-1.445004394	1.445004394	1.466037869	-1.466037869	-1.509232205	1.509232205	-1.560195902	1.560195902	-1.574775478	1.574775478	1.624521711	-1.624521711	-1.646616254	1.646616254	-1.648672416	1.648672416	1.653521601	-1.653521601	-1.678053439	1.678053439	-1.679393295	1.679393295	1.744957325	-1.744957325	-1.749069972	1.749069972	-1.796671003	1.796671003	1.849378874	-1.849378874	1.926890872	-1.926890872	1.949889598	-1.949889598	-1.986910261	1.986910261	-2.020093113	2.020093113	2.037560274	-2.037560274	-2.144301812	2.144301812	2.146437804	-2.146437804	-2.1657218	2.1657218	-2.169633426	2.169633426	2.175395389	-2.175395389	2.200818049	-2.200818049	-2.230388371	2.230388371	2.329751989	-2.329751989	2.365175688	-2.365175688	-2.378745597	2.378745597	2.478280411	-2.478280411	2.503297944	-2.503297944	-2.553170361	2.553170361	
-0.41	0.04742796713	-0.04742796713	-0.05057311795	0.05057311795	0.06204793931	-0.06204793931	-0.08641479477	0.08641479477	0.298560341	-0.298560341	-0.3248976481	0.3248976481	-0.3507871011	0.3507871011	-0.5018542342	0.5018542342	-0.5559825587	0.5559825587	-0.569340488	0.569340488	0.6254278857	-0.6254278857	-0.6626625022	0.6626625022	-0.7719403222	0.7719403222	-0.8044670509	0.8044670509	0.8294942331	-0.8294942331	0.8355377476	-0.8355377476	0.8910735629	-0.8910735629	-0.9944849293	0.9944849293	1.043942456	-1.043942456	1.049961312	-1.049961312	-1.071134035	1.071134035	1.073710562	-1.073710562	-1.10821206	1.10821206	1.150330652	-1.150330652	-1.154637422	1.154637422	1.242104199	-1.242104199	1.431450069	-1.431450069	1.447725545	-1.447725545	1.466122878	-1.466122878	1.509916009	-1.509916009	-1.560387597	1.560387597	-1.574385848	1.574385848	1.623873204	-1.623873204	1.644809265	-1.644809265	-1.649314745	1.649314745	1.65062946	-1.65062946	-1.678076969	1.678076969	-1.678098542	1.678098542	1.741246689	-1.741246689	-1.747926893	1.747926893	1.797230053	-1.797230053	1.849152858	-1.849152858	1.926929387	-1.926929387	-1.949918422	1.949918422	-1.987549823	1.987549823	2.020152084	-2.020152084	2.033640327	-2.033640327	2.143077698	-2.143077698	-2.147180752	2.147180752	2.166310968	-2.166310968	-2.170060926	2.170060926	-2.175206576	2.175206576	2.200979845	-2.200979845	2.230211466	-2.230211466	2.329708599	-2.329708599	-2.365323831	2.365323831	2.378501937	-2.378501937	2.478293736	-2.478293736	-2.503447257	2.503447257	-2.552870659	2.552870659	
-0.4	0.04073859261	-0.04073859261	-0.05397494593	0.05397494593	-0.06893076176	0.06893076176	-0.07992742742	0.07992742742	-0.3025252413	0.3025252413	-0.3276034607	0.3276034607	-0.3472654566	0.3472654566	-0.5011738874	0.5011738874	-0.5560556437	0.5560556437	-0.5646274327	0.5646274327	-0.6243436612	0.6243436612	-0.6686900161	0.6686900161	-0.7754630607	0.7754630607	-0.8045014725	0.8045014725	0.8294486704	-0.8294486704	0.8330743254	-0.8330743254	-0.890778882	0.890778882	-1.001311537	1.001311537	-1.044569585	1.044569585	-1.049742173	1.049742173	-1.068304952	1.068304952	-1.074119934	1.074119934	-1.108043147	1.108043147	1.153547638	-1.153547638	-1.155848671	1.155848671	-1.242246509	1.242246509	-1.43114914	1.43114914	-1.450428737	1.450428737	1.46620593	-1.46620593	-1.51058801	1.51058801	-1.560647475	1.560647475	-1.573980498	1.573980498	1.623204958	-1.623204958	-1.641651148	1.641651148	1.649002665	-1.649002665	1.649933701	-1.649933701	-1.67690767	1.67690767	-1.678143599	1.678143599	-1.737456337	1.737456337	-1.746815253	1.746815253	-1.797786722	1.797786722	1.848924672	-1.848924672	-1.926967182	1.926967182	-1.949944795	1.949944795	1.988181146	-1.988181146	2.020210644	-2.020210644	-2.029730373	2.029730373	-2.141810746	2.141810746	-2.147945096	2.147945096	-2.166897034	2.166897034	-2.170507928	2.170507928	-2.175020737	2.175020737	-2.201140023	2.201140023	2.230033148	-2.230033148	2.32966566	-2.32966566	-2.365471314	2.365471314	-2.378261031	2.378261031	2.478306905	-2.478306905	-2.503593308	2.503593308	2.552573998	-2.552573998	
-0.39	0.03412331884	-0.03412331884	0.05737533903	-0.05737533903	-0.07085652908	0.07085652908	0.07843435399	-0.07843435399	-0.3063082772	0.3063082772	0.3302908382	-0.3302908382	-0.3437484663	0.3437484663	0.5004738575	-0.5004738575	-0.5561295256	0.5561295256	-0.5598722685	0.5598722685	0.6232682899	-0.6232682899	-0.6747050581	0.6747050581	-0.778981148	0.778981148	0.8045349898	-0.8045349899	0.829322189	-0.829322189	0.8304567641	-0.8304567641	0.8904873237	-0.8904873237	-1.008088301	1.008088301	1.045196408	-1.045196408	1.049522495	-1.049522495	-1.065019211	1.065019211	-1.074959311	1.074959311	-1.107874668	1.107874668	1.152432437	-1.152432437	1.161460828	-1.161460828	-1.242388286	1.242388286	-1.430851085	1.430851085	-1.453113327	1.453113327	1.466287004	-1.466287004	1.511247787	-1.511247787	1.560978553	-1.560978553	-1.573558579	1.573558579	1.622516844	-1.622516844	1.637651112	-1.637651112	1.648151438	-1.648151438	-1.650529239	1.650529239	-1.675869147	1.675869147	-1.678188304	1.678188304	-1.733605343	1.733605343	-1.74572088	1.74572088	1.79834059	-1.79834059	1.84869448	-1.84869448	1.927004238	-1.927004238	-1.949968872	1.949968872	-1.988801161	1.988801161	-2.020268732	2.020268732	2.025836404	-2.025836404	-2.140530202	2.140530202	-2.14870201	2.14870201	-2.167479995	2.167479995	-2.170972896	2.170972896	-2.174837964	2.174837964	2.201298508	-2.201298508	2.229853568	-2.229853568	2.329623214	-2.329623214	-2.365617978	2.365617978	2.378023113	-2.378023113	2.478319904	-2.478319904	2.503735978	-2.503735978	-2.552280626	2.552280626	
-0.38	0.0275862497	-0.0275862497	-0.06077388591	0.06077388591	-0.06488465601	0.06488465601	-0.08487533678	0.08487533678	0.3099041352	-0.3099041352	0.3329591012	-0.3329591012	-0.3402364488	0.3402364488	-0.4997540146	0.4997540147	-0.5550838908	0.5550838908	-0.556204146	0.556204146	-0.6222029124	0.6222029124	-0.6806989531	0.6806989531	0.7824942699	-0.7824942699	-0.8045675277	0.8045675277	0.8273580194	-0.8273580194	-0.8294882512	0.8294882512	0.8901569521	-0.8901569521	-1.014808684	1.014808684	1.045824712	-1.045824712	-1.049332322	1.049332322	-1.061667535	1.061667535	-1.075842927	1.075842927	-1.10770712	1.10770712	-1.151290506	1.151290506	1.167132537	-1.167132537	-1.242529398	1.242529398	1.430556109	-1.430556109	1.455778629	-1.455778629	-1.466366077	1.466366077	-1.511894947	1.511894947	1.5613837	-1.5613837	-1.573119093	1.573119093	-1.621808763	1.621808763	-1.633307335	1.633307335	1.647592904	-1.647592904	-1.651101297	1.651101297	-1.674949332	1.674949332	1.67823226	-1.67823226	-1.729702182	1.729702182	-1.744640483	1.744640483	-1.798891237	1.798891237	1.848462456	-1.848462456	-1.927040534	1.927040534	-1.949990799	1.949990799	1.989405636	-1.989405636	-2.020326288	2.020326288	2.021965685	-2.021965685	2.13924264	-2.13924264	2.149445343	-2.149445343	-2.168059871	2.168059871	2.171454287	-2.171454287	-2.17465835	2.17465835	-2.201455221	2.201455221	2.229672891	-2.229672891	2.329581301	-2.329581301	-2.365763662	2.365763662	2.377788409	-2.377788409	-2.478332721	2.478332721	-2.503875158	2.503875158	-2.55199079	2.55199079	
-0.37	0.0211314923	-0.0211314923	-0.05822601322	0.05822601322	-0.06417022748	0.06417022748	-0.0920389402	0.0920389402	-0.3133076494	0.3133076494	-0.335607526	0.335607526	-0.3367297579	0.3367297579	-0.4990142755	0.4990142755	-0.55026936	0.55026936	-0.5562794409	0.5562794409	-0.6211486659	0.6211486659	-0.6866652215	0.6866652215	-0.7860020824	0.7860020824	-0.8045989666	0.8045989666	-0.8243451789	0.8243451789	-0.8294193202	0.8294193202	0.8897534084	-0.8897534084	-1.021463507	1.021463507	-1.046458468	1.046458468	1.049196142	-1.049196142	-1.058297633	1.058297633	-1.076727106	1.076727106	-1.107541101	1.107541101	-1.150120478	1.150120478	1.172835403	-1.172835403	-1.242669713	1.242669713	1.430264414	-1.430264414	-1.458423912	1.458423912	1.466443131	-1.466443131	1.512529126	-1.512529126	-1.56186558	1.56186558	1.572660884	-1.572660884	-1.621080656	1.621080656	-1.628805009	1.628805009	1.647154174	-1.647154174	-1.651649776	1.651649776	-1.674139243	1.674139243	-1.678274948	1.678274948	-1.725752983	1.725752983	-1.74357346	1.74357346	1.799438238	-1.799438238	-1.848228784	1.848228784	-1.927076053	1.927076053	-1.950010718	1.950010718	-1.989988287	1.989988287	2.018127646	-2.018127646	-2.020383251	2.020383251	2.137950684	-2.137950684	-2.150172893	2.150172893	-2.168636674	2.168636674	-2.171950579	2.171950579	-2.174481986	2.174481986	-2.201610078	2.201610078	-2.229491288	2.229491288	2.32953996	-2.32953996	2.365908204	-2.365908204	2.377557145	-2.377557145	-2.478345343	2.478345343	2.504010746	-2.504010746	-2.551704738	2.551704738	
-0.36	0.01476324831	-0.01476324831	-0.05150900206	0.05150900206	-0.06756397658	0.06756397658	-0.09929645989	0.09929645989	-0.3165138137	0.3165138137	-0.333228796	0.333228796	-0.3382353408	0.3382353408	-0.4982546086	0.4982546086	-0.5454346202	0.5454346202	-0.5563553406	0.5563553406	0.6201066826	-0.6201066826	-0.6925988692	0.6925988692	-0.7895042084	0.7895042084	-0.8046290979	0.8046290979	-0.8211884748	0.8211884748	0.829378467	-0.829378467	-0.8892493452	0.8892493452	-1.028037482	1.028037482	-1.047107127	1.047107127	-1.049133305	1.049133305	-1.054922902	1.054922902	-1.077602419	1.077602419	1.107377347	-1.107377347	-1.148921074	1.148921074	-1.178545898	1.178545898	-1.242809102	1.242809102	1.429976199	-1.429976199	1.461048398	-1.461048398	-1.466518147	1.466518147	1.513149986	-1.513149986	-1.562426594	1.562426594	-1.57218262	1.57218262	-1.620332511	1.620332511	-1.624214478	1.624214478	1.646775085	-1.646775085	-1.652174518	1.652174518	-1.673432149	1.673432149	-1.678315663	1.678315663	1.721763392	-1.721763392	-1.742520124	1.742520124	-1.79998116	1.79998116	1.847993665	-1.847993665	-1.927110776	1.927110776	-1.950028764	1.950028764	1.990538983	-1.990538983	2.014335682	-2.014335682	2.02043956	-2.02043956	2.136655815	-2.136655815	2.150883599	-2.150883599	-2.169210384	2.169210384	-2.172460301	2.172460301	-2.174308962	2.174308962	-2.201762994	2.201762994	2.229308943	-2.229308943	-2.329499233	2.329499233	-2.366051441	2.366051441	2.377329543	-2.377329543	2.478357758	-2.478357758	-2.50414265	2.50414265	2.551422715	-2.551422715	
-0.35	0.008485844371	-0.008485844371	-0.04480733906	0.04480733906	0.07095470983	-0.07095470983	-0.1065741575	0.1065741575	0.31951776	-0.31951776	-0.3297340663	0.3297340663	-0.340841721	0.340841721	0.4974750418	-0.4974750418	-0.5405849346	0.5405849346	-0.5564317689	0.5564317689	0.6190780882	-0.6190780882	0.6984959618	-0.6984959618	-0.7930002333	0.7930002333	0.8046575114	-0.8046575114	0.8179383458	-0.8179383458	0.8293433232	-0.8293433232	0.8886235204	-0.8886235204	-1.034497327	1.034497327	1.047797304	-1.047797304	1.049153215	-1.049153215	-1.051555563	1.051555563	-1.078466394	1.078466394	-1.107216782	1.107216782	1.147691273	-1.147691273	1.184244291	-1.184244291	1.242947436	-1.242947436	1.429691656	-1.429691656	-1.463651253	1.463651253	1.466591107	-1.466591107	1.513757213	-1.513757213	-1.563068814	1.563068814	-1.571682776	1.571682776	1.619564367	-1.619564367	-1.619569017	1.619569017	1.646431076	-1.646431076	1.652675271	-1.652675271	-1.672822972	1.672822972	1.678353426	-1.678353426	-1.717739248	1.717739248	-1.741481171	1.741481171	-1.800519566	1.800519566	1.847757309	-1.847757309	1.927144686	-1.927144686	-1.950045067	1.950045067	-1.991039775	1.991039775	2.010611126	-2.010611126	2.020495156	-2.020495156	2.135359072	-2.135359072	2.151576846	-2.151576846	-2.169780918	2.169780918	-2.17298206	2.17298206	-2.174139367	2.174139367	-2.201913878	2.201913878	2.22912605	-2.22912605	2.329459156	-2.329459156	-2.366193211	2.366193211	-2.377105821	2.377105821	2.478369954	-2.478369954	-2.504270784	2.504270784	-2.551144964	2.551144964	
-0.34	0.002303798464	-0.002303798464	-0.03814271619	0.03814271619	-0.07434196192	0.07434196192	-0.1138506621	0.1138506621	-0.3223142918	0.3223142918	0.3262466699	-0.3262466699	-0.3434257842	0.3434257842	0.496675669	-0.496675669	-0.5357251632	0.5357251632	0.5565086436	-0.5565086436	0.6180639997	-0.6180639997	-0.7043533578	0.7043533578	0.7964896998	-0.7964896998	0.8046832495	-0.8046832495	0.8146223378	-0.8146223378	0.8293104798	-0.8293104798	-0.8878598285	0.8878598285	-1.040731945	1.040731945	1.048114352	-1.048114352	-1.048632304	1.048632304	-1.049353401	1.049353401	-1.079318563	1.079318563	1.107060597	-1.107060597	-1.146430563	1.146430563	1.1899138	-1.1899138	1.243084591	-1.243084591	-1.429410975	1.429410975	-1.466231586	1.466231586	1.466661991	-1.466661991	1.514350515	-1.514350515	-1.563793912	1.563793912	-1.571159612	1.571159612	-1.614887907	1.614887907	-1.618776329	1.618776329	1.646110606	-1.646110606	-1.65315165	1.65315165	-1.672307858	1.672307858	-1.678386825	1.678386825	1.713687002	-1.713687002	1.740457472	-1.740457472	-1.801053013	1.801053013	-1.847519942	1.847519942	-1.927177769	1.927177769	1.950059749	-1.950059749	-1.991455248	1.991455248	2.006992901	-2.006992901	-2.020549979	2.020549979	-2.134061288	2.134061288	2.152252222	-2.152252222	2.170348107	-2.170348107	2.173514571	-2.173514571	-2.173973291	2.173973291	-2.202062636	2.202062636	2.228942813	-2.228942813	2.32941977	-2.32941977	-2.366333349	2.366333349	-2.376886195	2.376886195	2.478381919	-2.478381919	2.50439507	-2.50439507	2.550871729	-2.550871729	
-0.33	0.00377795052	-0.003777950521	-0.03152571779	0.03152571779	-0.07772521961	0.07772521961	-0.1211162819	0.1211162819	-0.3227605265	0.3227605265	-0.3249056974	0.3249056974	-0.3459865838	0.3459865838	-0.4958566585	0.4958566585	-0.5308599465	0.5308599465	-0.5565858751	0.5565858751	-0.6170655235	0.6170655235	-0.7101685354	0.7101685354	0.7999721019	-0.7999721019	-0.8047033826	0.8047033826	-0.8112639273	0.8112639273	-0.8292789617	0.8292789617	-0.8869464041	0.8869464041	-1.044768789	1.044768789	-1.046056994	1.046056994	1.049577157	-1.049577157	-1.050287128	1.050287128	-1.080159181	1.080159181	1.106910373	-1.106910373	-1.145139277	1.145139277	1.195539933	-1.195539933	-1.243220445	1.243220445	-1.429134339	1.429134339	1.466730783	-1.466730783	1.468788442	-1.468788442	-1.514929622	1.514929622	-1.564603057	1.564603057	-1.570611152	1.570611152	-1.610184318	1.610184318	-1.617968572	1.617968572	1.645807651	-1.645807651	-1.65360307	1.65360307	1.671883887	-1.671883887	-1.678413739	1.678413739	1.709614174	-1.709614174	-1.739449984	1.739449984	-1.801581047	1.801581047	1.847281807	-1.847281807	1.92721001	-1.92721001	-1.950072926	1.950072926	-1.991706633	1.991706633	-2.003563411	2.003563411	-2.020603969	2.020603969	2.132763178	-2.132763178	-2.152909431	2.152909431	-2.170911675	2.170911675	-2.173810819	2.173810819	2.174056671	-2.174056671	-2.20220917	2.20220917	2.228759449	-2.228759449	-2.329381109	2.329381109	-2.366471694	2.366471694	2.376670875	-2.376670875	2.478393641	-2.478393641	-2.50451544	2.50451544	-2.550603249	2.550603249	
-0.32	0.009752714105	-0.009752714105	-0.02496501211	0.02496501211	-0.08110391484	0.08110391484	-0.128365144	0.128365144	-0.3192890237	0.3192890237	0.3272751342	-0.3272751342	-0.3485231033	0.3485231033	-0.4950182612	0.4950182612	0.5259938354	-0.5259938354	-0.5566633671	0.5566633671	-0.6160837539	0.6160837539	-0.7159394733	0.7159394733	0.8034468787	-0.8034468787	-0.8047024565	0.8047024565	0.8078956331	-0.8078956331	-0.8292484101	0.8292484101	0.8858748489	-0.8858748489	1.041400029	-1.041400029	-1.048424952	1.048424952	-1.049953548	1.049953548	-1.054797775	1.054797775	-1.080988847	1.080988847	1.106768272	-1.106768272	-1.143819067	1.143819067	1.201109976	-1.201109976	1.243354878	-1.243354878	-1.428861926	1.428861926	-1.466797466	1.466797466	-1.471320792	1.471320792	-1.515494279	1.515494279	1.565496779	-1.565496779	-1.570035154	1.570035154	-1.605468543	1.605468543	-1.617141352	1.617141352	-1.645518818	1.645518818	-1.654028649	1.654028649	1.671548867	-1.671548867	1.678430811	-1.678430811	-1.705530038	1.705530038	1.738459707	-1.738459707	1.802103208	-1.802103208	-1.84704316	1.84704316	-1.927241394	1.927241394	-1.95008471	1.95008471	1.991601596	-1.991601596	2.000518752	-2.000518752	-2.020657069	2.020657069	-2.131465391	2.131465391	-2.153548244	2.153548244	-2.171471227	2.171471227	-2.173652039	2.173652039	-2.174607338	2.174607338	-2.202353379	2.202353379	2.228576184	-2.228576184	2.329343212	-2.329343212	-2.366608081	2.366608081	-2.376460068	2.376460068	-2.478405109	2.478405109	2.504631829	-2.504631829	2.550339763	-2.550339763	
-0.31	0.01557705558	-0.01557705558	-0.01850461541	0.01850461541	0.08447741679	-0.08447741679	0.1355929347	-0.1355929347	0.3158238426	-0.3158238426	0.3294278388	-0.3294278388	0.3510342485	-0.3510342485	-0.4941608204	0.4941608204	-0.521131385	0.521131385	-0.5567410156	0.5567410156	0.615119771	-0.615119771	0.7216645676	-0.7216645676	0.8041470814	-0.8041470814	-0.8050654366	0.8050654366	0.8069134057	-0.8069134057	0.8292186779	-0.8292186779	-0.8846395883	0.8846395883	-1.038032905	1.038032905	1.049350124	-1.049350124	-1.050465855	1.050465855	-1.060635245	1.060635245	-1.081808393	1.081808393	-1.106637367	1.106637367	-1.142473612	1.142473612	1.206612599	-1.206612599	1.243487776	-1.243487776	1.428593908	-1.428593908	1.466862021	-1.466862021	-1.473827531	1.473827531	1.516044247	-1.516044247	-1.566474723	1.566474723	-1.569429084	1.569429084	1.600749639	-1.600749639	1.616295013	-1.616295013	1.645242085	-1.645242085	-1.654427064	1.654427064	1.671301193	-1.671301193	1.678432379	-1.678432379	1.701446892	-1.701446892	-1.737487661	1.737487661	-1.802619024	1.802619024	1.846804275	-1.846804275	1.927271909	-1.927271909	-1.950095204	1.950095204	1.990725649	-1.990725649	1.998277304	-1.998277304	2.02070922	-2.02070922	2.130168522	-2.130168522	2.154168484	-2.154168484	-2.172026242	2.172026242	2.173497034	-2.173497034	-2.175165694	2.175165694	2.20249516	-2.20249516	2.228393259	-2.228393259	2.329306113	-2.329306114	2.366742347	-2.366742347	-2.376253976	2.376253976	-2.478416312	2.478416312	2.504744184	-2.504744184	-2.550081506	2.550081506	
-0.3	-0.01198537005	0.01198537005	0.02141014432	-0.02141014432	-0.08784502258	0.08784502258	0.142796076	-0.142796076	0.3123673907	-0.3123673907	0.3313587294	-0.3313587294	-0.3535188396	0.3535188396	0.4932847816	-0.4932847816	-0.516277229	0.516277229	-0.5568187091	0.5568187091	0.6141746388	-0.6141746388	-0.7273425677	0.7273425677	0.8009631306	-0.8009631306	0.8048601912	-0.8048601912	0.8103709861	-0.8103709861	0.8291897047	-0.8291897047	-0.8832373464	0.8832373464	1.034670234	-1.034670234	1.050027039	-1.050027039	1.05111755	-1.05111755	-1.066585546	1.066585546	-1.082618876	1.082618876	-1.106522206	1.106522206	-1.141109685	1.141109685	1.212037555	-1.212037555	1.24361903	-1.24361903	1.428330449	-1.428330449	1.466924433	-1.466924433	-1.476307467	1.476307467	1.516579297	-1.516579297	1.567535171	-1.567535171	1.568790084	-1.568790084	-1.596036613	1.596036613	-1.615430003	1.615430003	1.644976196	-1.644976196	-1.654796306	1.654796306	1.671139755	-1.671139755	1.678408098	-1.678408098	1.697382726	-1.697382726	-1.73653487	1.73653487	-1.803128011	1.803128011	-1.846565444	1.846565444	1.927301541	-1.927301541	1.950104503	-1.950104503	1.988725436	-1.988725436	1.997196442	-1.997196442	-2.020760364	2.020760364	2.128873133	-2.128873133	-2.154770006	2.154770006	-2.172576074	2.172576074	2.173345889	-2.173345889	-2.175731008	2.175731008	-2.202634404	2.202634404	2.228210925	-2.228210925	2.329269849	-2.329269849	2.366874331	-2.366874331	2.376052798	-2.376052798	2.47842724	-2.47842724	-2.504852456	2.504852456	2.549828711	-2.549828711	
-0.29	-0.005619072351	0.005619072352	0.0270399937	-0.0270399937	-0.09120594636	0.09120594636	-0.1499713725	0.1499713725	0.3089205868	-0.3089205868	0.3330646564	-0.3330646564	0.3559756018	-0.3559756018	0.4923907039	-0.4923907039	0.5114361387	-0.5114361387	0.5568963281	-0.5568963281	0.6132494037	-0.6132494037	0.7329725266	-0.7329725266	0.7975773106	-0.7975773106	-0.8048644777	0.8048644777	-0.8138188393	0.8138188393	-0.8291614693	0.8291614693	0.881666721	-0.881666721	1.03131343	-1.03131343	-1.050628744	1.050628744	-1.05191188	1.05191188	-1.072448724	1.072448724	-1.083421618	1.083421618	1.106429853	-1.106429853	-1.139738829	1.139738829	1.217375446	-1.217375446	1.243748538	-1.243748538	1.428071708	-1.428071708	-1.466984683	1.466984683	1.478759314	-1.478759314	-1.51709921	1.51709921	1.568114935	-1.568114935	-1.568673852	1.568673852	1.591339996	-1.591339996	-1.614546883	1.614546883	1.644720351	-1.644720351	1.655133282	-1.655133282	1.671063875	-1.671063875	1.678336992	-1.678336992	-1.693367605	1.693367605	-1.735602355	1.735602355	1.803629677	-1.803629677	-1.846326978	1.846326978	1.92733028	-1.92733028	1.950112698	-1.950112698	-1.985913971	1.985913971	1.996967302	-1.996967302	-2.020810446	2.020810446	-2.127579755	2.127579755	-2.155352697	2.155352697	2.173119963	-2.173119963	2.173198684	-2.173198684	2.176302682	-2.176302682	2.202771	-2.202771	2.228029447	-2.228029447	2.329234451	-2.329234451	-2.367003871	2.367003871	2.375856725	-2.375856725	-2.478437882	2.478437882	2.504956603	-2.504956603	-2.549581608	2.549581608	
-0.28	-0.0006817953812	0.0006817953814	0.03255391692	-0.03255391692	0.09455930633	-0.09455930633	0.1571158391	-0.1571158391	0.3054843413	-0.3054843413	0.3345429584	-0.3345429584	0.3584031557	-0.3584031557	0.4914792717	-0.4914792717	0.5066130742	-0.5066130742	0.556973745	-0.556973745	0.6123450925	-0.6123450925	0.7385537592	-0.7385537592	0.7941963043	-0.7941963043	-0.8048817769	0.8048817769	0.8172560884	-0.8172560884	0.8291339693	-0.8291339693	-0.8799278399	0.8799278399	1.027963657	-1.027963657	1.051193739	-1.051193739	1.052850817	-1.052850817	-1.078147221	1.078147221	-1.084218272	1.084218272	-1.106371889	1.106371889	-1.138380101	1.138380101	1.222617538	-1.222617538	1.2438762	-1.2438762	-1.427817836	1.427817836	-1.467042754	1.467042754	1.481181676	-1.481181676	1.517603773	-1.517603773	1.567400019	-1.567400019	-1.569880326	1.569880326	-1.586675694	1.586675694	1.613646336	-1.613646336	1.644474029	-1.644474029	1.655433107	-1.655433107	1.671073263	-1.671073263	1.678170424	-1.678170424	-1.689461457	1.689461457	-1.734691126	1.734691126	-1.804123514	1.804123514	1.846089208	-1.846089208	-1.927358115	1.927358115	-1.95011987	1.95011987	1.9827562	-1.9827562	1.997129212	-1.997129212	2.02085941	-2.02085941	2.126288895	-2.126288895	2.155916464	-2.155916464	-2.173055501	2.173055501	2.173657043	-2.173657043	-2.176880247	2.176880247	2.202904835	-2.202904835	2.2278491	-2.2278491	2.329199954	-2.329199954	2.367130808	-2.367130808	-2.375665947	2.375665947	2.478448227	-2.478448227	-2.50505659	2.50505659	2.549340424	-2.549340424	
-0.27	-0.006906663045	0.006906663045	0.03794123724	-0.03794123724	0.09790410953	-0.09790410953	0.1642266082	-0.1642266082	0.3020596534	-0.3020596534	0.3357913997	-0.3357913997	0.3608000054	-0.3608000054	0.4905513084	-0.4905513084	-0.5018132305	0.5018132305	-0.5570508239	0.5570508239	0.6114627109	-0.6114627109	0.7440858048	-0.7440858048	0.790839494	-0.790839494	0.8049019835	-0.8049019835	-0.8206817447	0.8206817447	0.8291072109	-0.8291072109	0.8780220823	-0.8780220823	1.024622067	-1.024622067	1.051734661	-1.051734661	1.053934885	-1.053934885	-1.083608561	1.083608561	1.085010906	-1.085010906	-1.10636847	1.10636847	-1.137064665	1.137064665	-1.227755626	1.227755626	1.244001928	-1.244001928	1.427568977	-1.427568977	1.46709863	-1.46709863	-1.483573043	1.483573043	1.518092774	-1.518092774	-1.566641281	1.566641281	-1.571122736	1.571122736	-1.582080375	1.582080375	1.612729189	-1.612729189	1.64423689	-1.64423689	-1.655687802	1.655687802	-1.671167999	1.671167999	1.677776306	-1.677776306	1.685811205	-1.685811205	-1.733802176	1.733802176	-1.804609	1.804609	1.845852483	-1.845852483	1.927385035	-1.927385035	-1.95012609	1.95012609	1.979481617	-1.979481617	1.997457079	-1.997457079	2.0209072	-2.0209072	2.125001037	-2.125001037	-2.156461238	2.156461238	2.172916418	-2.172916418	2.174186362	-2.174186362	2.177463337	-2.177463337	-2.203035794	2.203035794	-2.227670174	2.227670174	2.32916639	-2.32916639	2.367254982	-2.367254982	2.375480646	-2.375480646	2.478458267	-2.478458267	2.50515239	-2.50515239	2.549105381	-2.549105381	
-0.26	-0.0130494332	0.0130494332	0.04319592623	-0.04319592623	-0.1012392335	0.1012392335	0.1713008745	-0.1713008745	-0.2986476447	0.2986476447	-0.3368081717	0.3368081717	-0.3631645255	0.3631645255	0.4896077906	-0.4896077906	0.4970420796	-0.4970420796	-0.5571274206	0.5571274206	-0.6106032418	0.6106032418	0.7495683925	-0.7495683925	0.7875176993	-0.7875176993	-0.8049228482	0.8049228482	0.8240946892	-0.8240946892	0.8290812034	-0.8290812034	-0.8759518535	0.8759518535	1.021289883	-1.021289883	1.052256591	-1.052256591	1.055163076	-1.055163076	-1.085802132	1.085802132	-1.088730723	1.088730723	-1.10645688	1.10645688	-1.135843591	1.135843591	-1.232781921	1.232781921	1.244125638	-1.244125638	1.427325266	-1.427325266	1.467152292	-1.467152292	1.485931774	-1.485931774	1.518566008	-1.518566008	-1.565834188	1.565834188	1.572235906	-1.572235906	-1.577723478	1.577723478	-1.611796419	1.611796419	1.644008715	-1.644008715	-1.655883749	1.655883749	1.671348508	-1.671348508	-1.676777011	1.676777011	1.682815447	-1.682815447	1.732936484	-1.732936484	-1.8050856	1.8050856	1.845617177	-1.845617177	-1.92741103	1.92741103	1.950131416	-1.950131416	1.976185907	-1.976185907	1.997859739	-1.997859739	-2.020953765	2.020953765	2.123716649	-2.123716649	-2.156986964	2.156986964	-2.172781511	2.172781511	-2.174706905	2.174706905	-2.178051671	2.178051671	-2.203163757	2.203163757	2.22749297	-2.22749297	2.32913379	-2.32913379	2.367376238	-2.367376238	-2.375301001	2.375301001	2.478467992	-2.478467992	-2.505243978	2.505243978	-2.5488767	2.5488767	
-0.25	-0.01910432082	0.01910432082	0.04831250511	-0.04831250511	0.1045634047	-0.1045634047	0.1783358595	-0.1783358595	-0.2952495857	0.2952495857	-0.3375919027	0.3375919027	0.3654949476	-0.3654949476	-0.4886498638	0.4886498638	-0.4923054112	0.4923054112	0.5572033826	-0.5572033826	-0.6097676441	0.6097676441	0.7550014085	-0.7550014085	0.7842397125	-0.7842397125	-0.8049435785	0.8049435785	0.8274936509	-0.8274936509	0.829055957	-0.829055957	0.8737204008	-0.8737204008	1.01796845	-1.01796845	1.052761768	-1.052761768	1.056532758	-1.056532758	-1.086595254	1.086595254	-1.093347313	1.093347313	-1.106708658	1.106708658	-1.134800853	1.134800853	-1.237688972	1.237688972	1.244247258	-1.244247258	-1.427086834	1.427086834	1.467203723	-1.467203723	-1.488256083	1.488256083	1.519023268	-1.519023268	-1.564973688	1.564973688	1.571528668	-1.571528668	-1.575299966	1.575299966	-1.610849175	1.610849175	1.643789363	-1.643789363	-1.655996367	1.655996367	1.671615565	-1.671615565	1.674608628	-1.674608628	1.681070569	-1.681070569	1.732095003	-1.732095003	-1.805552762	1.805552762	1.845383683	-1.845383683	-1.927436091	1.927436091	-1.950135892	1.950135892	1.972913723	-1.972913723	1.998297184	-1.998297184	2.02099905	-2.02099905	2.122436183	-2.122436183	-2.157493604	2.157493604	-2.172650855	2.172650855	-2.175217616	2.175217616	-2.178645032	2.178645032	2.203288606	-2.203288606	2.227317802	-2.227317802	2.329102184	-2.329102184	2.367494421	-2.367494421	-2.375127183	2.375127183	2.478477392	-2.478477392	2.505331339	-2.505331339	2.548654594	-2.548654594	
-0.24	-0.02506533738	0.02506533738	0.05328558317	-0.05328558317	-0.1078751722	0.1078751722	0.1853287865	-0.1853287865	-0.2918669226	0.2918669226	-0.3381416651	0.3381416651	0.3677893437	-0.3677893437	-0.4876093726	0.4876093726	-0.4876788597	0.4876788597	-0.557278549	0.557278549	-0.6089568509	0.6089568509	-0.760384863	0.760384863	0.7810134221	-0.7810134221	-0.8049638156	0.8049638156	0.8290314797	-0.8290314797	-0.8308771806	0.8308771806	0.8713316647	-0.8713316647	1.014659269	-1.014659269	1.053251168	-1.053251168	-1.058039527	1.058039527	-1.087394485	1.087394485	-1.097186172	1.097186172	-1.107250132	1.107250132	-1.13407262	1.13407262	1.242469598	-1.242469598	-1.244366723	1.244366723	-1.426853801	1.426853801	-1.467252904	1.467252904	-1.490544024	1.490544024	1.51946435	-1.51946435	-1.564054175	1.564054175	-1.567607409	1.567607409	-1.576206834	1.576206834	1.609888794	-1.609888794	-1.643578751	1.643578751	1.655978386	-1.655978386	-1.671546161	1.671546161	1.671970279	-1.671970279	-1.680357309	1.680357309	-1.731278667	1.731278667	-1.806009919	1.806009919	1.845152418	-1.845152418	-1.927460209	1.927460209	-1.950139536	1.950139536	1.969689585	-1.969689585	-1.998749657	1.998749657	2.021043004	-2.021043004	2.121160075	-2.121160075	-2.157981135	2.157981135	2.172524524	-2.172524524	-2.175717425	2.175717425	-2.179243236	2.179243236	-2.203410218	2.203410218	2.227144995	-2.227144995	2.329071601	-2.329071601	2.367609379	-2.367609379	2.374959361	-2.374959361	2.478486458	-2.478486458	-2.505414461	2.505414461	2.548439275	-2.548439275	
-0.23	-0.03092614171	0.03092614171	0.05810975993	-0.05810975993	0.111172876	-0.111172876	-0.1922768618	0.1922768618	0.2885013103	-0.2885013103	-0.3384569807	0.3384569807	0.3700456087	-0.3700456087	-0.4829605075	0.4829605075	0.4866963151	-0.4866963151	-0.5573527509	0.5573527509	-0.6081717687	0.6081717687	-0.7657188588	0.7657188588	0.777846156	-0.777846156	-0.8049833657	0.8049833657	0.8290077762	-0.8290077762	0.834243619	-0.834243619	0.8687901576	-0.8687901576	-1.011364042	1.011364042	1.053725139	-1.053725139	-1.059676994	1.059676994	1.088205221	-1.088205221	-1.099914181	1.099914181	-1.108198773	1.108198773	-1.133865461	1.133865461	-1.244483979	1.244483979	1.247116842	-1.247116842	1.426626285	-1.426626285	1.467299819	-1.467299819	1.492793474	-1.492793474	1.519889047	-1.519889047	1.563069458	-1.563069458	-1.563208271	1.563208271	1.577710976	-1.577710976	1.608916822	-1.608916822	1.643376836	-1.643376836	-1.655733623	1.655733623	-1.668299725	1.668299725	1.672414101	-1.672414101	1.680070819	-1.680070819	1.730488381	-1.730488381	-1.806456486	1.806456486	1.844923822	-1.844923822	1.927483376	-1.927483376	1.950142319	-1.950142319	1.966529229	-1.966529229	-1.999206315	1.999206315	-2.021085578	2.021085578	-2.11988875	2.11988875	-2.158449545	2.158449545	-2.172402587	2.172402587	2.176205265	-2.176205265	-2.179846118	2.179846118	-2.203528471	2.203528471	2.226974885	-2.226974885	2.32904207	-2.32904207	2.367720963	-2.367720963	-2.374797696	2.374797696	2.478495183	-2.478495183	-2.505493339	2.505493339	2.548230947	-2.548230947	
-0.22	-0.03667996687	0.03667996687	0.06277960248	-0.06277960248	0.1144546096	-0.1144546096	0.1991772598	-0.1991772598	-0.2851546503	0.2851546503	0.3385378211	-0.3385378211	-0.3722614409	0.3722614409	-0.4783657949	0.4783657949	-0.4857039924	0.4857039924	-0.5574258115	0.5574258115	0.6074132755	-0.6074132755	0.7710035579	-0.7710035579	-0.7747448252	0.7747448252	-0.8050021071	0.8050021071	-0.8289848453	0.8289848453	0.8375910587	-0.8375910587	0.8661008675	-0.8661008675	1.008084707	-1.008084707	-1.054183688	1.054183688	1.061436473	-1.061436473	-1.089034412	1.089034412	-1.10146355	1.10146355	-1.109354643	1.109354643	1.13443832	-1.13443832	-1.244598983	1.244598983	1.251623939	-1.251623939	1.426404396	-1.426404396	-1.467344448	1.467344448	-1.495002109	1.495002109	1.520297156	-1.520297156	1.55877996	-1.55877996	-1.562012742	1.562012742	1.579366428	-1.579366428	1.607935032	-1.607935032	1.643183603	-1.643183603	-1.655068542	1.655068542	1.66533735	-1.66533735	1.672948816	-1.672948816	-1.679946325	1.679946325	1.729725024	-1.729725024	-1.806891862	1.806891862	-1.844698359	1.844698359	-1.927505583	1.927505583	-1.950144131	1.950144131	1.963444212	-1.963444212	-1.999660656	1.999660656	-2.021126723	2.021126723	-2.118622622	2.118622622	-2.158898832	2.158898832	-2.172285115	2.172285115	-2.176680097	2.176680097	-2.180453505	2.180453505	-2.203643241	2.203643241	-2.226807821	2.226807821	-2.329013617	2.329013617	2.367829026	-2.367829026	-2.374642343	2.374642343	2.478503559	-2.478503559	-2.505567973	2.505567973	-2.548029812	2.548029812	
-0.21	-0.04231956955	0.04231956955	0.06728964556	-0.06728964556	-0.1177181729	0.1177181729	0.2060271097	-0.2060271097	-0.2818291373	0.2818291373	-0.338384604	0.338384604	0.3744343205	-0.3744343205	-0.4738326875	0.4738326875	-0.4847039017	0.4847039017	-0.5574975466	0.5574975466	0.6066822206	-0.6066822206	0.7717159949	-0.7717159949	-0.7762391505	0.7762391505	-0.805019952	0.805019952	-0.8289626779	0.8289626779	-0.8409172974	0.8409172974	-0.8632691821	0.8632691821	-1.004823493	1.004823493	1.054626619	-1.054626619	-1.063306547	1.063306547	-1.089891053	1.089891053	-1.102197448	1.102197448	-1.110145398	1.110145398	-1.135991721	1.135991721	-1.244711701	1.244711701	1.255984292	-1.255984292	-1.426188242	1.426188242	-1.467386774	1.467386774	-1.49716739	1.49716739	-1.520688471	1.520688471	-1.554387196	1.554387196	-1.560876634	1.560876634	-1.581110977	1.581110977	-1.606945449	1.606945449	-1.642999059	1.642999059	1.653682952	-1.653682952	-1.663059887	1.663059887	-1.673576539	1.673576539	-1.679893524	1.679893524	-1.728989446	1.728989446	-1.807315429	1.807315429	-1.844476515	1.844476515	-1.927526823	1.927526823	-1.950144666	1.950144666	1.960444043	-1.960444043	-2.000108476	2.000108476	2.021166391	-2.021166391	-2.117362096	2.117362096	-2.159329006	2.159329006	-2.172172174	2.172172174	-2.177140926	2.177140926	-2.181065205	2.181065205	-2.203754404	2.203754404	-2.22664416	2.22664416	-2.32898627	2.32898627	-2.367933426	2.367933426	-2.374493452	2.374493452	-2.478511576	2.478511576	-2.505638366	2.505638366	-2.547836065	2.547836065	
-0.2	-0.04783718874	0.04783718874	0.07163440103	-0.07163440103	0.120961016	-0.120961016	-0.2128234847	0.2128234847	0.2785273157	-0.2785273157	-0.3379981854	0.3379981854	-0.3765614859	0.3765614859	-0.4693691491	0.4693691491	0.4836983248	-0.4836983248	-0.5575677651	0.5575677651	-0.6059794228	0.6059794228	-0.7687659197	0.7687659197	-0.7814258224	0.7814258224	-0.8050368273	0.8050368273	0.828941252	-0.828941252	0.8442197809	-0.8442197809	-0.8603008329	0.8603008329	1.001582977	-1.001582977	1.055053616	-1.055053616	1.065272495	-1.065272495	-1.090786814	1.090786814	-1.102499859	1.102499859	-1.110188491	1.110188491	-1.138515623	1.138515623	-1.244822113	1.244822113	-1.260191453	1.260191453	-1.425977928	1.425977928	-1.46742678	1.46742678	1.499286533	-1.499286533	1.521062789	-1.521062789	-1.550053263	1.550053263	-1.559653163	1.559653163	-1.582923678	1.582923678	1.605950376	-1.605950376	1.642823226	-1.642823226	-1.651416276	1.651416276	1.661674076	-1.661674076	-1.674299705	1.674299705	-1.679877221	1.679877221	1.728282467	-1.728282467	-1.80772655	1.80772655	1.8442588	-1.8442588	-1.927547087	1.927547087	-1.950143074	1.950143074	1.957537513	-1.957537513	-2.000546882	2.000546882	2.021204537	-2.021204537	-2.11610757	2.11610757	-2.159740085	2.159740085	-2.172063828	2.172063828	-2.17758681	2.17758681	-2.181680994	2.181680994	2.203861837	-2.203861837	-2.22648427	2.22648427	2.328960052	-2.328960052	2.368034024	-2.368034024	-2.374351169	2.374351169	2.478519229	-2.478519229	-2.505704529	2.505704529	2.547649894	-2.547649894	
-0.19	-0.05322450961	0.05322450961	0.07580837243	-0.07580837243	-0.1241801702	0.1241801702	0.2195633908	-0.2195633908	-0.2752521492	0.2752521492	0.3373798474	-0.3373798474	-0.3786399088	0.3786399088	-0.4649836898	0.4649836898	0.4826898411	-0.4826898411	0.5576362696	-0.5576362696	0.60530567	-0.60530567	0.7659005566	-0.7659005566	0.7865637242	-0.7865637242	-0.8050526639	0.8050526639	0.8289205258	-0.8289205258	0.8474955342	-0.8474955342	0.8572018588	-0.8572018588	0.9983661506	-0.9983661506	1.055464287	-1.055464287	-1.067315564	1.067315564	1.091736824	-1.091736824	-1.10257037	1.10257037	1.109493285	-1.109493285	-1.141792446	1.141792446	1.244930205	-1.244930205	1.264239125	-1.264239125	-1.425773564	1.425773564	-1.467464448	1.467464448	1.501356486	-1.501356486	1.521419901	-1.521419901	-1.545792559	1.545792559	1.558333846	-1.558333846	-1.584792372	1.584792372	1.604952418	-1.604952418	1.642656139	-1.642656139	-1.648493823	1.648493823	1.660982181	-1.660982181	1.675121052	-1.675121052	1.679881375	-1.679881375	1.727604876	-1.727604876	-1.808124573	1.808124573	1.844045749	-1.844045749	1.927566367	-1.927566367	-1.950136411	1.950136411	1.954734743	-1.954734743	-2.00097377	2.00097377	-2.021241116	2.021241116	-2.114859433	2.114859433	-2.160132092	2.160132092	-2.17196014	2.17196014	2.178016868	-2.178016868	2.182300608	-2.182300608	-2.203965417	2.203965417	2.226328525	-2.226328525	2.328934988	-2.328934988	2.368130684	-2.368130684	2.37421563	-2.37421563	2.47852651	-2.47852651	-2.505766474	2.505766474	-2.547471483	2.547471483	
-0.18	-0.05847263206	0.05847263206	0.07980607311	-0.07980607311	0.1273721628	-0.1273721628	-0.2262437573	0.2262437573	0.2720071051	-0.2720071051	-0.3365312821	0.3365312821	-0.380666267	0.380666267	-0.4606853993	0.4606853993	0.4816813538	-0.4816813538	-0.5577028574	0.5577028574	0.6046617178	-0.6046617178	0.763125561	-0.763125561	-0.7916529408	0.7916529408	-0.8050673881	0.8050673881	0.8289004239	-0.8289004239	-0.850741075	0.850741075	-0.8539785909	0.8539785909	0.9951765127	-0.9951765127	1.055858184	-1.055858184	1.069412132	-1.069412132	1.09276056	-1.09276056	1.102477721	-1.102477721	-1.108254754	1.108254754	-1.14554977	1.14554977	1.245035976	-1.245035976	1.268121153	-1.268121153	1.425575263	-1.425575263	1.467499763	-1.467499763	-1.503373906	1.503373906	1.521759597	-1.521759597	1.541616972	-1.541616972	1.556909795	-1.556909795	-1.586707387	1.586707387	1.603954508	-1.603954508	1.642497842	-1.642497842	-1.645245322	1.645245322	1.660674752	-1.660674752	-1.676043595	1.676043595	1.679897691	-1.679897691	-1.72695743	1.72695743	-1.80850883	1.80850883	1.843837916	-1.843837916	-1.927584655	1.927584655	-1.95010573	1.95010573	1.95206136	-1.95206136	-2.001387538	2.001387538	-2.021276085	2.021276085	2.113618073	-2.113618073	-2.160505059	2.160505059	-2.171861171	2.171861171	2.178430281	-2.178430281	-2.182923747	2.182923747	2.20406502	-2.20406502	-2.226177307	2.226177307	2.328911101	-2.328911101	-2.368223276	2.368223276	2.374086967	-2.374086967	2.478533412	-2.478533412	2.505824219	-2.505824219	-2.547301008	2.547301008	
-0.17	-0.06357204478	0.06357204478	0.08362204716	-0.08362204716	-0.1305329122	0.1305329122	-0.2328614271	0.2328614271	-0.2687962599	0.2687962599	-0.3354545714	0.3354545714	-0.3826369167	0.3826369167	-0.4564839744	0.4564839744	0.4806761184	-0.4806761184	-0.5577673213	0.5577673213	-0.6040482892	0.6040482892	0.7604462684	-0.7604462684	-0.7966934627	0.7966934627	-0.8050809141	0.8050809141	-0.8288808101	0.8288808101	-0.8506376669	0.8506376669	-0.8539523089	0.8539523089	0.9920181707	-0.9920181707	1.056234829	-1.056234829	-1.071532917	1.071532917	-1.093882691	1.093882691	-1.102191775	1.102191775	-1.106714224	1.106714224	-1.149567592	1.149567592	1.24513943	-1.24513943	1.271831539	-1.271831539	-1.42538315	1.42538315	1.467532714	-1.467532714	-1.505335126	1.505335126	1.522081645	-1.522081645	1.537537732	-1.537537732	-1.555371878	1.555371878	-1.588659785	1.588659785	1.602959938	-1.602959938	-1.641879054	1.641879054	1.642348385	-1.642348385	-1.660560526	1.660560526	1.677070585	-1.677070585	-1.679921431	1.679921431	-1.726340851	1.726340851	-1.808878639	1.808878639	1.843635876	-1.843635876	-1.927601941	1.927601941	1.949290785	-1.949290785	-1.950283943	1.950283943	-2.001786918	2.001786918	2.021309404	-2.021309404	2.112383874	-2.112383874	-2.160859022	2.160859022	-2.171766978	2.171766978	2.178826296	-2.178826296	-2.183550071	2.183550071	-2.204160528	2.204160528	2.226031002	-2.226031002	2.328888413	-2.328888413	2.368311673	-2.368311673	-2.373965307	2.373965307	2.47853993	-2.47853993	-2.505877786	2.505877786	2.54713864	-2.54713864	
-0.16	-0.06851260625	0.06851260625	0.08725089285	-0.08725089285	-0.133657599	0.133657599	-0.239413147	0.239413147	-0.2656244281	0.2656244281	-0.3341521643	0.3341521643	-0.3845478642	0.3845478642	-0.4523897415	0.4523897415	0.4796777704	-0.4796777704	-0.5578294509	0.5578294509	-0.6034660734	0.6034660734	0.7578676634	-0.7578676634	-0.8016851582	0.8016851582	-0.8050931336	0.8050931336	-0.8288614262	0.8288614262	-0.8471860952	0.8471860952	-0.8571243993	0.8571243993	0.9888959729	-0.9888959729	1.056593718	-1.056593718	-1.073642619	1.073642619	-1.095133492	1.095133492	-1.101525936	1.101525936	1.105200257	-1.105200257	-1.153694984	1.153694984	1.245240573	-1.245240573	1.275364447	-1.275364447	-1.425197368	1.425197368	1.467563291	-1.467563291	-1.50723613	1.50723613	1.522385753	-1.522385753	1.533566117	-1.533566117	-1.553710942	1.553710942	-1.590640775	1.590640775	-1.601972385	1.601972385	1.638504168	-1.638504168	1.642207827	-1.642207827	-1.660545647	1.660545647	-1.678205465	1.678205465	1.679949667	-1.679949667	-1.72575583	1.72575583	1.809233303	-1.809233303	1.843440225	-1.843440225	-1.927618215	1.927618215	-1.94690352	1.94690352	-1.950196606	1.950196606	-2.002170876	2.002170876	-2.021341034	2.021341034	2.111157219	-2.111157219	2.161194022	-2.161194022	-2.171677618	2.171677618	2.179204217	-2.179204217	-2.184179205	2.184179205	-2.20425182	2.20425182	-2.225890002	2.225890002	2.328866944	-2.328866944	2.368395753	-2.368395753	-2.37385077	2.37385077	2.478546056	-2.478546056	2.505927201	-2.505927201	-2.54698454	2.54698454	
-0.15	-0.07328353514	0.07328353514	0.09068728835	-0.09068728835	-0.1367405058	0.1367405058	-0.2458955589	0.2458955589	0.2624973221	-0.2624973221	-0.3326268509	0.3326268509	0.3863947381	-0.3863947381	-0.4484136685	0.4484136685	0.478690352	-0.478690352	0.5578890338	-0.5578890338	0.6029157253	-0.6029157253	-0.7553943344	0.7553943344	0.8051039018	-0.8051039018	0.8066277483	-0.8066277483	0.8288417395	-0.8288417395	0.8436314304	-0.8436314304	-0.8602516061	0.8602516061	0.9858156697	-0.9858156697	1.056934333	-1.056934333	1.075700629	-1.075700629	-1.096548179	1.096548179	-1.100142592	1.100142592	1.104141139	-1.104141139	-1.157832149	1.157832149	1.245339411	-1.245339411	-1.278714223	1.278714223	-1.425018081	1.425018081	1.467591493	-1.467591493	1.509072526	-1.509072526	-1.522671376	1.522671376	-1.529713924	1.529713924	-1.551918103	1.551918103	-1.592641528	1.592641528	-1.600995937	1.600995937	1.63518069	-1.63518069	1.642076228	-1.642076228	1.66058419	-1.66058419	-1.679451799	1.679451799	1.67998046	-1.67998046	-1.725203021	1.725203021	-1.809572119	1.809572119	1.843251572	-1.843251572	1.927633465	-1.927633465	1.944564842	-1.944564842	-1.95018427	1.95018427	-2.002538543	2.002538543	2.021370936	-2.021370936	-2.109938488	2.109938488	-2.1615101	2.1615101	-2.171593145	2.171593145	-2.179563403	2.179563403	-2.184810752	2.184810752	-2.20433878	2.20433878	2.225754696	-2.225754696	2.328846714	-2.328846714	2.368475401	-2.368475401	2.373743467	-2.373743467	2.478551786	-2.478551786	-2.505972493	2.505972493	-2.546838865	2.546838865	
-0.14	-0.07787341272	0.07787341272	0.09392601938	-0.09392601938	-0.1397748203	0.1397748203	-0.2523051903	0.2523051903	-0.2594217496	0.2594217496	0.3308817347	-0.3308817347	0.3881727651	-0.3881727651	-0.4445673658	0.4445673658	0.4777183367	-0.4777183367	-0.5579458574	0.5579458574	0.6023978646	-0.6023978646	0.7530304147	-0.7530304147	-0.8051130146	0.8051130146	-0.811520783	0.811520783	0.8288204769	-0.8288204769	0.8399822844	-0.8399822844	-0.8633270872	0.8633270872	-0.982784112	0.982784112	1.05725614	-1.05725614	1.077663685	-1.077663685	-1.098046475	1.098046475	-1.098164309	1.098164309	-1.103590431	1.103590431	-1.161911506	1.161911506	-1.245435942	1.245435942	-1.281875413	1.281875413	-1.424845491	1.424845491	1.467617324	-1.467617324	1.510839522	-1.510839522	1.522936094	-1.522936094	-1.525995213	1.525995213	-1.549985093	1.549985093	-1.594653149	1.594653149	1.600035116	-1.600035116	-1.63194536	1.63194536	1.641953654	-1.641953654	1.660652397	-1.660652397	1.680012453	-1.680012453	-1.680813196	1.680813196	-1.724683042	1.724683042	-1.809894373	1.809894373	-1.843070541	1.843070541	1.927647675	-1.927647675	-1.942347311	1.942347311	-1.950179987	1.950179987	-2.002889172	2.002889172	-2.021399076	2.021399076	-2.108728068	2.108728068	-2.161807304	2.161807304	-2.171513611	2.171513611	-2.179903263	2.179903263	2.185444289	-2.185444289	2.204421296	-2.204421296	-2.225625475	2.225625475	2.32882774	-2.32882774	2.368550506	-2.368550506	-2.373643508	2.373643508	2.478557115	-2.478557115	2.506013695	-2.506013695	2.546701762	-2.546701762	
-0.13	-0.08227020062	0.08227020062	0.09696200867	-0.09696200867	0.1427523925	-0.1427523925	0.256405856	-0.256405856	0.2586384448	-0.2586384448	0.3289202034	-0.3289202034	-0.3898767496	0.3898767496	-0.4408630711	0.4408630711	-0.4767666477	0.4767666477	-0.55799971	0.55799971	-0.6019130748	0.6019130748	0.7507795073	-0.7507795073	-0.8051201678	0.8051201678	0.8163636206	-0.8163636206	-0.8287937292	0.8287937292	0.8362503032	-0.8362503032	-0.8663426547	0.8663426547	0.9798094957	-0.9798094957	1.057558597	-1.057558597	1.079490896	-1.079490896	-1.095535023	1.095535023	-1.100016797	1.100016797	1.103289426	-1.103289426	-1.165884887	1.165884887	1.245530142	-1.245530142	1.284842789	-1.284842789	1.424679841	-1.424679841	1.467640802	-1.467640802	-1.512531907	1.512531907	-1.52238181	1.52238181	1.523220134	-1.523220134	1.547904645	-1.547904645	-1.596666731	1.596666731	1.599094891	-1.599094891	-1.628822905	1.628822905	1.641840175	-1.641840175	1.660737245	-1.660737245	1.680044649	-1.680044649	1.682293212	-1.682293212	1.724196477	-1.724196477	-1.810199351	1.810199351	1.842897766	-1.842897766	-1.927660824	1.927660824	-1.940261959	1.940261959	-1.950178118	1.950178118	-2.003222116	2.003222116	-2.021425421	2.021425421	2.107526347	-2.107526347	-2.162085678	2.162085678	-2.171439066	2.171439066	-2.180223251	2.180223251	2.186079382	-2.186079382	-2.204499257	2.204499257	-2.225502726	2.225502726	-2.328810041	2.328810041	-2.368620961	2.368620961	-2.37355099	2.37355099	2.478562037	-2.478562037	-2.506050841	2.506050841	2.54657337	-2.54657337	
-0.12	-0.08646127772	0.08646127772	0.09979034686	-0.09979034686	-0.1456634387	0.1456634387	-0.2534594208	0.2534594208	-0.2648915935	0.2648915935	-0.3267458993	0.3267458993	0.3915010624	-0.3915010624	-0.4373136147	0.4373136147	-0.4758406694	0.4758406694	0.5580503832	-0.5580503832	0.6014619027	-0.6014619027	0.7486445909	-0.7486445909	-0.8051248825	0.8051248825	-0.8211554091	0.8211554091	0.8287413195	-0.8287413195	0.832463933	-0.832463933	-0.8692884762	0.8692884762	0.9769016603	-0.9769016603	1.057841147	-1.057841147	1.081150253	-1.081150253	-1.09278203	1.09278203	-1.102131448	1.102131448	-1.103091238	1.103091238	-1.169715832	1.169715832	1.24562196	-1.24562196	1.287611377	-1.287611377	-1.424521428	1.424521428	1.46766196	-1.46766196	-1.51414404	1.51414404	-1.518979009	1.518979009	1.523430657	-1.523430657	1.545670906	-1.545670906	-1.598180688	1.598180688	1.598673444	-1.598673444	-1.625830943	1.625830943	1.641735862	-1.641735862	1.660831271	-1.660831271	1.68007628	-1.68007628	-1.683895246	1.683895246	-1.72374387	1.72374387	-1.810486338	1.810486338	1.842733883	-1.842733883	1.927672884	-1.927672884	1.938315335	-1.938315335	-1.950177281	1.950177281	-2.003536802	2.003536802	2.021449937	-2.021449937	2.106333718	-2.106333718	-2.16234527	2.16234527	-2.171369558	2.171369558	2.180522859	-2.180522859	-2.18671559	2.18671559	-2.204572558	2.204572558	2.225386829	-2.225386829	2.328793632	-2.328793632	2.368686668	-2.368686668	-2.37346601	2.37346601	2.478566548	-2.478566548	2.506083971	-2.506083971	-2.546453823	2.546453823	
-0.11	-0.09043350001	0.09043350001	0.1024063245	-0.1024063245	0.1484961842	-0.1484961842	0.2505942147	-0.2505942147	0.271060765	-0.271060765	-0.3243626893	0.3243626893	0.3930396409	-0.3930396409	-0.4339323608	0.4339323608	0.4749462452	-0.4749462452	-0.5580976735	0.5580976735	0.6010448574	-0.6010448574	0.746627903	-0.746627903	0.8051263521	-0.8051263521	-0.8258950703	0.8258950703	0.8280936092	-0.8280936092	0.8292018505	-0.8292018505	-0.8721527157	0.8721527157	0.974072448	-0.974072448	1.05810321	-1.05810321	1.082624039	-1.082624039	-1.089861438	1.089861438	1.102941604	-1.102941604	1.10451959	-1.10451959	-1.173375071	1.173375071	-1.245711294	1.245711294	1.290176485	-1.290176485	1.424370618	-1.424370618	1.467680851	-1.467680851	1.51566985	-1.51566985	-1.515725039	1.515725039	1.523642242	-1.523642242	1.543279819	-1.543279819	1.597298384	-1.597298384	-1.600664664	1.600664664	-1.622982165	1.622982165	1.641640789	-1.641640789	-1.66093009	1.66093009	1.680106741	-1.680106741	1.685622419	-1.685622419	-1.72332573	1.72332573	1.810754628	-1.810754628	1.84257953	-1.84257953	1.927683811	-1.927683811	1.936512858	-1.936512858	-1.950176989	1.950176989	-2.003832721	2.003832721	2.021472597	-2.021472597	-2.105150581	2.105150581	-2.162586126	2.162586126	2.171305134	-2.171305134	2.180801619	-2.180801619	2.187352468	-2.187352468	2.204641097	-2.204641097	2.225278157	-2.225278157	2.328778528	-2.328778528	2.368747534	-2.368747534	-2.373388654	2.373388654	2.478570645	-2.478570645	-2.506113125	2.506113125	2.546343241	-2.546343241	
-0.1	-0.09417328731	0.09417328731	0.1048054647	-0.1048054647	-0.1512364425	0.1512364425	0.2478244209	-0.2478244209	0.2771419368	-0.2771419368	0.3217746364	-0.3217746364	0.3944860066	-0.3944860066	-0.4307331211	0.4307331211	-0.4740896596	0.4740896596	-0.5581413842	0.5581413842	0.6006624094	-0.6006624094	0.7447307947	-0.7447307947	-0.8051230969	0.8051230969	0.824464422	-0.824464422	0.8288604963	-0.8288604963	-0.8305812862	0.8305812862	-0.8749211101	0.8749211101	0.9713361278	-0.9713361278	1.05834417	-1.05834417	-1.08391036	1.08391036	1.086809455	-1.086809455	-1.102819492	1.102819492	1.107176578	-1.107176578	-1.176837899	1.176837899	1.24579798	-1.24579798	1.292533738	-1.292533738	-1.42422785	1.42422785	1.467697556	-1.467697556	-1.512651283	1.512651283	-1.517102852	1.517102852	1.52383656	-1.52383656	1.540729451	-1.540729451	-1.59645428	1.59645428	-1.602632096	1.602632096	1.620285339	-1.620285339	1.641555033	-1.641555033	1.661031128	-1.661031128	1.680135533	-1.680135533	1.68747745	-1.68747745	-1.722942525	1.722942525	1.811003525	-1.811003525	1.842435336	-1.842435336	-1.92769354	1.92769354	1.934859413	-1.934859413	-1.950177034	1.950177034	2.004109415	-2.004109415	-2.021493373	2.021493373	-2.103977348	2.103977348	-2.162808289	2.162808289	-2.171245838	2.171245838	2.181059094	-2.181059094	-2.187989575	2.187989575	-2.204704777	2.204704777	2.225177069	-2.225177069	2.328764742	-2.328764742	2.368803472	-2.368803472	-2.373319003	2.373319003	-2.478574324	2.478574324	2.506138347	-2.506138347	-2.546241741	2.546241741	
-0.09	-0.09766674067	0.09766674067	0.1069835562	-0.1069835562	-0.1538671355	0.1538671355	-0.2451671141	0.2451671141	-0.283130926	0.283130926	0.3189859723	-0.3189859723	-0.3958333055	0.3958333055	-0.4277300365	0.4277300365	0.4732775962	-0.4732775962	0.5581813279	-0.5581813279	0.6003149898	-0.6003149898	0.7429535496	-0.7429535496	0.8051120749	-0.8051120749	0.8204868872	-0.8204868872	0.8288192709	-0.8288192709	0.8352124886	-0.8352124886	-0.8775764874	0.8775764874	0.9687098764	-0.9687098764	1.058563331	-1.058563331	-1.083647545	1.083647545	-1.08502022	1.08502022	1.10271581	-1.10271581	-1.110084749	1.110084749	-1.180082648	1.180082648	-1.245881765	1.245881765	1.29467911	-1.29467911	1.424093651	-1.424093651	1.46771219	-1.46771219	1.509771979	-1.509771979	-1.518436181	1.518436181	1.524012559	-1.524012559	-1.538020222	1.538020222	1.595655052	-1.595655052	1.604567918	-1.604567918	-1.617745819	1.617745819	1.641478675	-1.641478675	1.661132933	-1.661132933	-1.680162242	1.680162242	-1.689462531	1.689462531	-1.722594684	1.722594684	-1.811232354	1.811232354	1.84230192	-1.84230192	-1.927701956	1.927701956	1.93335952	-1.93335952	1.95017732	-1.95017732	2.004366473	-2.004366473	2.02151224	-2.02151224	2.102814439	-2.102814439	-2.163011802	2.163011802	2.171191713	-2.171191713	2.181294884	-2.181294884	-2.188626476	2.188626476	-2.204763506	2.204763506	2.22508391	-2.22508391	2.328752287	-2.328752287	2.368854402	-2.368854402	-2.373257131	2.373257131	2.478577581	-2.478577581	-2.506159684	2.506159684	2.546149426	-2.546149426	
-0.08	-0.1008997931	0.1008997931	0.1089366857	-0.1089366857	-0.1563677823	0.1563677823	0.2426427728	-0.2426427728	0.2890233801	-0.2890233801	-0.3160010715	0.3160010715	-0.3970743772	0.3970743772	-0.4249374239	0.4249374239	-0.4725170678	0.4725170678	-0.5582173282	0.5582173282	-0.6000029894	0.6000029894	0.7412951563	-0.7412951563	-0.805085895	0.805085895	-0.816457889	0.816457889	0.8287990697	-0.8287990697	-0.8397868501	0.8397868501	-0.8800982543	0.8800982543	0.9662142917	-0.9662142917	1.058759843	-1.058759843	-1.08039066	1.08039066	-1.085972193	1.085972193	-1.102626272	1.102626272	-1.113218778	1.113218778	-1.183089814	1.183089814	1.245962285	-1.245962285	1.296608965	-1.296608965	-1.423968642	1.423968642	1.467724906	-1.467724906	-1.507100602	1.507100602	1.519662636	-1.519662636	-1.524169921	1.524169921	-1.535155024	1.535155024	1.594907679	-1.594907679	-1.60646491	1.60646491	-1.615365871	1.615365871	1.641411796	-1.641411796	-1.661234779	1.661234779	-1.680186519	1.680186519	-1.691579213	1.691579213	-1.722282598	1.722282598	-1.811440467	1.811440467	1.842179878	-1.842179878	1.927708852	-1.927708852	-1.932017417	1.932017417	-1.950177801	1.950177801	-2.004603524	2.004603524	-2.021529174	2.021529174	-2.101662288	2.101662288	2.163196703	-2.163196703	2.1711428	-2.1711428	2.181508621	-2.181508621	2.189262744	-2.189262744	-2.204817199	2.204817199	-2.224999006	2.224999006	2.328741173	-2.328741173	2.368900251	-2.368900251	2.373203106	-2.373203106	2.478580413	-2.478580413	2.506177182	-2.506177182	2.546066394	-2.546066394	
-0.07	-0.1038583952	0.1038583952	0.1106612701	-0.1106612701	-0.1587140128	0.1587140128	0.2402757648	-0.2402757648	0.2948147686	-0.2948147686	-0.3128244281	0.3128244281	0.3982018584	-0.3982018584	-0.4223695871	0.4223695871	-0.4718153114	0.4718153114	-0.5582492222	0.5582492222	0.5997267574	-0.5997267574	0.7397530194	-0.7397530194	-0.8050210259	0.8050210259	-0.8124270923	0.8124270923	-0.828785308	0.828785308	-0.8443022786	0.8443022786	-0.8824619108	0.8824619108	-0.9638738776	0.9638738776	1.058932526	-1.058932526	-1.077050727	1.077050727	-1.08678734	1.08678734	-1.102548746	1.102548746	1.116550786	-1.116550786	-1.185841598	1.185841598	-1.246039049	1.246039049	1.298320092	-1.298320092	1.423853533	-1.423853533	-1.467735907	1.467735907	-1.504650254	1.504650254	1.52077471	-1.52077471	1.524308482	-1.524308482	-1.532139247	1.532139247	-1.59421933	1.59421933	-1.608316573	1.608316573	1.613144986	-1.613144986	1.641354481	-1.641354481	-1.66133644	1.66133644	-1.680208063	1.680208063	-1.693828296	1.693828296	-1.722006615	1.722006615	-1.811627249	1.811627249	1.842069777	-1.842069777	-1.927713806	1.927713806	1.930837172	-1.930837172	-1.950178454	1.950178454	-2.004820236	2.004820236	-2.021544155	2.021544155	-2.100521343	2.100521343	-2.163363028	2.163363028	-2.171099137	2.171099137	2.181699968	-2.181699968	-2.189897961	2.189897961	-2.204865776	2.204865776	-2.224922663	2.224922663	2.328731412	-2.328731412	2.368940952	-2.368940952	2.373156989	-2.373156989	-2.478582819	2.478582819	2.506190891	-2.506190891	-2.54599273	2.54599273	
-0.06	-0.1065287352	0.1065287352	0.1121540865	-0.1121540865	-0.1608772214	0.1608772214	-0.2380946939	0.2380946939	-0.300500374	0.300500374	0.3094606349	-0.3094606349	0.399208326	-0.399208326	-0.4200405919	0.4200405919	-0.4711796448	0.4711796448	-0.5582768623	0.5582768623	-0.5994866013	0.5994866013	0.7383225916	-0.7383225916	-0.8047923702	0.8047923702	0.8085358331	-0.8085358331	-0.8287747971	0.8287747971	-0.8487564125	0.8487564125	0.8846387097	-0.8846387097	-0.9617173848	0.9617173848	1.05907942	-1.05907942	1.073638628	-1.073638628	-1.087485817	1.087485817	-1.102482144	1.102482144	1.120053743	-1.120053743	-1.188321697	1.188321697	-1.246111417	1.246111417	1.299809743	-1.299809743	-1.423749124	1.423749124	-1.467745442	1.467745442	-1.502433557	1.502433557	1.521764369	-1.521764369	1.52442813	-1.52442813	-1.52898095	1.52898095	-1.593597215	1.593597215	-1.610117224	1.610117224	-1.61108022	1.61108022	-1.641306817	1.641306817	1.661438038	-1.661438038	-1.68022662	1.68022662	-1.69620975	1.69620975	-1.721767043	1.721767043	1.811792128	-1.811792128	-1.841972151	1.841972151	-1.927715833	1.927715833	1.929823023	-1.929823023	-1.95017927	1.95017927	2.005016306	-2.005016306	2.021557166	-2.021557166	2.09939207	-2.09939207	-2.163510809	2.163510809	-2.171060763	2.171060763	-2.181868626	2.181868626	2.190531725	-2.190531725	2.204909164	-2.204909164	-2.224855161	2.224855161	-2.328723011	2.328723011	-2.368976448	2.368976448	-2.373118834	2.373118834	-2.478584796	2.478584797	2.506200863	-2.506200863	2.545928513	-2.545928513	
-0.05	-0.1088974905	0.1088974905	0.1134123011	-0.1134123011	-0.1628245496	0.1628245496	0.2361324169	-0.2361324169	0.3059143645	-0.3059143645	-0.3060752843	0.3060752843	0.4000864795	-0.4000864795	-0.4179640093	0.4179640093	-0.4706172824	0.4706172824	0.558300118	-0.558300118	-0.5992827852	0.5992827852	0.7369969021	-0.7369969021	-0.8032466418	0.8032466418	0.8059534946	-0.8059534946	-0.828766439	0.828766439	-0.8531466198	0.8531466198	-0.8865956514	0.8865956514	0.9597778161	-0.9597778161	1.059196436	-1.059196436	-1.070166343	1.070166343	-1.088085227	1.088085227	-1.102425913	1.102425913	1.123703134	-1.123703134	-1.190515261	1.190515261	-1.2461786	1.2461786	1.301075676	-1.301075676	-1.423656284	1.423656284	1.467753805	-1.467753805	-1.500462445	1.500462445	1.522619975	-1.522619975	1.524528783	-1.524528783	-1.525693836	1.525693836	-1.593048404	1.593048404	-1.6091666	1.6091666	1.61186207	-1.61186207	1.641268895	-1.641268895	-1.661539957	1.661539957	-1.680241972	1.680241972	1.698722657	-1.698722657	-1.721564145	1.721564145	1.811934583	-1.811934583	1.841887487	-1.841887487	1.927712082	-1.927712082	1.928980659	-1.928980659	-1.950180246	1.950180246	-2.005191466	2.005191466	2.021568189	-2.021568189	2.098274955	-2.098274955	-2.163640071	2.163640071	-2.171027712	2.171027712	2.182014332	-2.182014332	-2.191163642	2.191163642	-2.204947296	2.204947296	2.224796753	-2.224796753	2.328715978	-2.328715978	2.369006686	-2.369006686	-2.373088688	2.373088688	2.478586343	-2.478586343	2.506207151	-2.506207151	2.545873809	-2.545873809	
-0.04	-0.110952104	0.110952104	-0.1144334947	0.1144334947	0.1645194727	-0.1645194727	0.2344254573	-0.2344254573	-0.3021903525	0.3021903525	0.3115343853	-0.3115343853	-0.4008293626	0.4008293626	0.4161526329	-0.4161526329	0.4701351133	-0.4701351133	0.5583188782	-0.5583188782	0.5991155296	-0.5991155296	0.7357659512	-0.7357659512	-0.7995934485	0.7995934485	-0.8054884766	0.8054884766	-0.8287597555	0.8287597555	-0.8574699966	0.8574699966	0.8882960936	-0.8882960936	-0.9580918165	0.9580918165	-1.05927203	1.05927203	1.066652724	-1.066652724	-1.088600167	1.088600167	1.102379784	-1.102379784	-1.127477414	1.127477414	-1.192408952	1.192408952	-1.246239664	1.246239664	1.302116193	-1.302116193	1.423575926	-1.423575926	-1.467761327	1.467761327	1.498747949	-1.498747949	-1.522226807	1.522226807	-1.523396576	1.523396576	1.524610378	-1.524610378	-1.592579599	1.592579599	-1.607397553	1.607397553	-1.613547241	1.613547241	1.641240809	-1.641240809	-1.661642776	1.661642776	-1.680253937	1.680253937	1.701365185	-1.701365185	1.721398144	-1.721398144	-1.812054152	1.812054152	-1.84181622	1.84181622	-1.927690828	1.927690828	-1.928324206	1.928324206	-1.950181385	1.950181385	2.005345478	-2.005345478	-2.021577211	2.021577211	-2.097170504	2.097170504	2.163750838	-2.163750838	-2.171000016	2.171000016	-2.182136859	2.182136859	-2.191793332	2.191793332	-2.204980112	2.204980112	-2.224747664	2.224747664	-2.32871032	2.32871032	2.369031623	-2.369031623	2.373066592	-2.373066592	-2.478587458	2.478587458	-2.506209809	2.506209809	-2.545828676	2.545828676	
-0.03	-0.1126810772	0.1126810772	0.1152156856	-0.1152156856	-0.1659233164	0.1659233164	0.2330124877	-0.2330124877	0.2982933821	-0.2982933821	0.3168723537	-0.3168723537	-0.4014306125	0.4014306125	-0.414618181	0.414618181	0.4697394514	-0.4697394514	0.5583330523	-0.5583330523	0.5989850106	-0.5989850106	0.7346159402	-0.7346159402	-0.7956086672	0.7956086672	0.8053859554	-0.8053859554	0.8287545056	-0.8287545056	0.8617233697	-0.8617233697	-0.889701301	0.889701301	0.9566981238	-0.9566981238	-1.059252558	1.059252558	-1.063158399	1.063158399	-1.0890424	1.0890424	1.102343637	-1.102343637	-1.131357834	1.131357834	1.193991051	-1.193991051	1.246293567	-1.246293567	1.302930182	-1.302930182	-1.423508972	1.423508972	1.467768346	-1.467768346	1.497299971	-1.497299971	-1.518724709	1.518724709	1.523955023	-1.523955023	-1.524672868	1.524672868	1.592196897	-1.592196897	-1.605765348	1.605765348	1.615169801	-1.615169801	1.641222656	-1.641222656	1.661747228	-1.661747228	1.680262365	-1.680262365	1.704134591	-1.704134591	1.721269219	-1.721269219	-1.812150437	1.812150437	1.841758727	-1.841758727	1.927585054	-1.927585054	1.927922631	-1.927922631	1.950182689	-1.950182689	2.00547813	-2.00547813	-2.02158422	2.02158422	-2.096079248	2.096079248	-2.163843128	2.163843128	-2.170977704	2.170977704	2.182236022	-2.182236022	2.192420428	-2.192420428	-2.20500756	2.20500756	2.224708083	-2.224708083	2.32870604	-2.32870604	2.369051222	-2.369051222	-2.37305258	2.37305258	2.478588141	-2.478588141	-2.506208892	2.506208892	2.545793161	-2.545793161	
-0.02	-0.1140742651	0.1140742651	-0.1157573492	0.1157573492	-0.1669979597	0.1669979597	0.2319316271	-0.2319316271	-0.2942282705	0.2942282705	-0.3220836522	0.3220836522	0.4018847244	-0.4018847244	-0.4133709952	0.4133709952	-0.4694357703	0.4694357703	-0.5583425717	0.5583425717	-0.5988913594	0.5988913594	0.7335283085	-0.7335283085	0.7916192803	-0.7916192803	-0.8053441228	0.8053441228	-0.8287505545	0.8287505545	-0.8659032988	0.8659032988	-0.8907731891	0.8907731891	0.955634825	-0.955634825	1.058499474	-1.058499474	-1.060328749	1.060328749	-1.089421261	1.089421261	-1.102317426	1.102317426	-1.135328025	1.135328025	-1.195251589	1.195251589	-1.246339207	1.246339207	-1.303517164	1.303517164	1.423456306	-1.423456306	1.467775177	-1.467775177	-1.496127085	1.496127085	1.515099146	-1.515099146	-1.524391022	1.524391022	1.524716222	-1.524716222	-1.591905523	1.591905523	-1.60426151	1.60426151	-1.616727716	1.616727716	1.641214538	-1.641214538	-1.661854174	1.661854174	1.680267138	-1.680267138	-1.707027254	1.707027254	-1.721177505	1.721177505	-1.812223115	1.812223115	1.841715316	-1.841715316	-1.927354264	1.927354264	-1.927817911	1.927817911	-1.950184161	1.950184161	-2.005589238	2.005589238	-2.021589209	2.021589209	2.095001744	-2.095001744	-2.163916953	2.163916953	-2.170960803	2.170960803	-2.182311677	2.182311677	-2.193044575	2.193044575	-2.205029596	2.205029596	-2.224678167	2.224678167	2.328703143	-2.328703143	-2.369065454	2.369065454	2.373046678	-2.373046678	2.47858839	-2.47858839	-2.506204455	2.506204455	-2.545767302	2.545767302	
-0.01	-0.11512316	0.11512316	0.1160574325	-0.1160574325	-0.1677096949	0.1677096949	-0.2312165805	0.2312165805	0.2899998555	-0.2899998555	0.3271625243	-0.3271625243	0.4021873076	-0.4021873076	0.4124197538	-0.4124197538	-0.4692284475	0.4692284475	-0.5583473909	0.5583473909	0.5988346617	-0.5988346617	-0.7324785775	0.7324785775	0.7876973407	-0.7876973407	0.8053214172	-0.8053214172	0.8287478212	-0.8287478212	0.8700060809	-0.8700060809	-0.8914782191	0.8914782191	0.9549354617	-0.9549354617	-1.055400658	1.055400658	-1.059782684	1.059782684	-1.089744117	1.089744117	-1.102301137	1.102301137	-1.139373524	1.139373524	-1.196182476	1.196182476	-1.246375495	1.246375495	1.303877334	-1.303877334	1.423418722	-1.423418722	1.467782065	-1.467782065	1.49523636	-1.49523636	1.51138557	-1.51138557	1.524677948	-1.524677948	1.524740421	-1.524740421	-1.591709586	1.591709586	-1.602877197	1.602877197	1.61821981	-1.61821981	1.641216563	-1.641216563	-1.661964578	1.661964578	-1.680268166	1.680268166	-1.710038742	1.710038742	-1.721123092	1.721123092	1.812271942	-1.812271942	1.841686226	-1.841686226	-1.927209669	1.927209669	1.927799833	-1.927799833	-1.950185803	1.950185803	-2.005678647	2.005678647	2.02159217	-2.02159217	-2.093938577	2.093938577	-2.163972322	2.163972322	-2.170949335	2.170949335	2.182363723	-2.182363723	-2.193665429	2.193665429	-2.205046183	2.205046183	2.224658032	-2.224658032	2.328701632	-2.328701632	2.369074299	-2.369074299	-2.373048907	2.373048907	2.478588206	-2.478588206	-2.506196557	2.506196557	-2.545751126	2.545751126	
1.289891889e-15	-0.1158211457	0.1158211457	0.1161153657	-0.1161153657	-0.1680336863	0.1680336863	0.2308921798	-0.2308921798	-0.2856129837	0.2856129837	-0.3321029915	0.3321029915	-0.4023353105	0.4023353105	-0.4117712137	0.4117712137	-0.4691205392	0.4691205392	-0.5583474881	0.5583474881	-0.5988149579	0.5988149579	0.7314350668	-0.7314350668	0.7838910991	-0.7838910991	-0.8053066941	0.8053066941	-0.8287462537	0.8287462537	-0.874027755	0.874027755	-0.891791868	0.891791868	-0.9546245607	0.9546245607	1.051770707	-1.051770707	-1.059712431	1.059712431	-1.090016773	1.090016773	-1.102294762	1.102294762	-1.143481336	1.143481336	-1.196777595	1.196777595	1.246401448	-1.246401448	1.304011613	-1.304011613	1.423396873	-1.423396873	1.467789138	-1.467789138	-1.494633216	1.494633216	-1.507598605	1.507598605	1.524745463	-1.524745463	-1.524811442	1.524811442	-1.591611859	1.591611859	1.601603509	-1.601603509	-1.619645681	1.619645681	1.641228842	-1.641228842	-1.662079493	1.662079493	-1.68026539	1.68026539	-1.713163885	1.713163885	-1.721106025	1.721106025	-1.812296758	1.812296758	1.841671615	-1.841671615	1.927218566	-1.927218566	-1.927801612	1.927801612	-1.95018762	1.95018762	2.005746224	-2.005746224	-2.021593099	2.021593099	2.092890365	-2.092890365	-2.164009241	2.164009241	-2.170943318	2.170943318	-2.182392105	2.182392105	-2.194282657	2.194282657	-2.205057291	2.205057291	-2.224647761	2.224647761	2.328701507	-2.328701507	2.369077744	-2.369077744	2.373059279	-2.373059279	2.47858759	-2.47858759	2.506185255	-2.506185255	2.545744649	-2.545744649	
0.01	0.1159310679	-0.1159310679	-0.116163706	0.116163706	-0.1679579093	0.1679579093	0.2309704447	-0.2309704447	0.2810724984	-0.2810724984	-0.3368988526	0.3368988526	0.4023271876	-0.4023271876	-0.4114300008	0.4114300008	0.4691136145	-0.4691136145	-0.5583428658	0.5583428658	-0.5988322426	0.5988322426	0.7303576935	-0.7303576935	-0.7802496785	0.7802496785	-0.8052957569	0.8052957569	-0.8287458171	0.8287458171	-0.877964107	0.877964107	-0.8917025406	0.8917025406	0.9547137247	-0.9547137247	-1.048057954	1.048057954	1.059676561	-1.059676561	-1.090243812	1.090243812	1.102298279	-1.102298279	1.147639558	-1.147639558	-1.19703287	1.19703287	1.246416274	-1.246416274	1.303921704	-1.303921704	1.423391223	-1.423391223	1.467796373	-1.467796373	1.494321314	-1.494321314	1.503751642	-1.503751642	-1.52473136	1.52473136	-1.524789735	1.524789735	1.59161361	-1.59161361	-1.600431743	1.600431743	-1.621005612	1.621005612	1.641251491	-1.641251491	1.662200045	-1.662200045	1.680258777	-1.680258777	-1.716396878	1.716396878	-1.721126309	1.721126309	-1.812297489	1.812297489	1.841671564	-1.841671564	-1.927378255	1.927378255	1.927825967	-1.927825967	-1.950189611	1.950189611	2.005791865	-2.005791865	-2.021591994	2.021591994	2.091857758	-2.091857758	-2.164027709	2.164027709	-2.170942766	2.170942766	2.182396812	-2.182396812	2.194895937	-2.194895937	-2.205062901	2.205062901	-2.224647394	2.224647394	-2.328702769	2.328702769	2.369075784	-2.369075784	2.373077801	-2.373077801	-2.478586542	2.478586542	2.506170605	-2.506170605	2.545747879	-2.545747879	
0.02	0.1155049489	-0.1155049489	-0.1161485729	0.1161485729	-0.1674852608	0.1674852608	0.2314484716	-0.2314484716	-0.2763832285	0.2763832285	0.3415436836	-0.3415436836	0.4021629904	-0.4021629904	-0.4113984613	0.4113984613	-0.4692076662	0.4692076662	-0.5583335505	0.5583335505	-0.5988864651	0.5988864651	0.7291973189	-0.7291973189	0.7768284071	-0.7768284071	-0.8052866801	0.8052866801	-0.8287464865	0.8287464865	-0.881810668	0.881810668	-0.8912136217	0.8912136217	0.95519959	-0.95519959	-1.044310738	1.044310738	1.059633756	-1.059633756	-1.090428863	1.090428863	1.102311647	-1.102311647	-1.151837051	1.151837051	-1.196946295	1.196946295	-1.246419447	1.246419447	1.303610153	-1.303610153	1.423402012	-1.423402012	-1.467803572	1.467803572	-1.494302467	1.494302467	-1.499857551	1.499857551	-1.524612852	1.524612852	1.524698142	-1.524698142	-1.591714499	1.591714499	-1.599353595	1.599353595	-1.622300471	1.622300471	1.641284632	-1.641284632	-1.662327429	1.662327429	-1.680248323	1.680248323	-1.719731385	1.719731385	-1.721183899	1.721183899	-1.812274152	1.812274152	1.84168607	-1.84168607	-1.9276039	1.9276039	-1.927957262	1.927957262	-1.950191777	1.950191777	-2.005815489	2.005815489	2.021588857	-2.021588857	-2.090841445	2.090841445	-2.164027724	2.164027724	-2.170947686	2.170947686	2.182377883	-2.182377883	-2.195504955	2.195504955	-2.205062999	2.205062999	-2.224656932	2.224656932	-2.328705416	2.328705416	2.369068422	-2.369068422	2.373104472	-2.373104472	2.478585062	-2.478585062	-2.506152667	2.506152667	2.545760811	-2.545760811	
0.03	0.1148379059	-0.1148379059	-0.1157758025	0.1157758025	-0.1666330381	0.1666330381	-0.2323089542	0.2323089542	-0.2715499782	0.2715499782	-0.3460308412	0.3460308412	0.4018443683	-0.4018443683	-0.4116765863	0.4116765863	-0.4694011119	0.4694011119	-0.5583195926	0.5583195926	0.59897753	-0.59897753	-0.7278964599	0.7278964599	0.7736894602	-0.7736894602	-0.8052784575	0.8052784575	-0.8287482437	0.8287482437	-0.8855626522	0.8855626522	-0.8903429422	0.8903429422	0.9560644313	-0.9560644313	-1.040545686	1.040545686	1.059574558	-1.059574558	-1.09057481	1.09057481	-1.102334795	1.102334795	-1.156063159	1.156063159	-1.196517926	1.196517926	-1.246410766	1.246410766	-1.303080429	1.303080429	-1.423429234	1.423429234	1.467810384	-1.467810384	1.494576576	-1.494576576	1.495928715	-1.495928715	-1.524282443	1.524282443	-1.524645859	1.524645859	-1.591912529	1.591912529	-1.598361345	1.598361345	-1.623531609	1.623531609	1.641328395	-1.641328395	-1.662462896	1.662462896	1.680234047	-1.680234047	-1.721278711	1.721278711	-1.723160643	1.723160643	1.812226853	-1.812226853	1.841715051	-1.841715051	-1.927694935	1.927694935	-1.928395105	1.928395105	-1.950194116	1.950194116	-2.005817041	2.005817041	2.021583691	-2.021583691	-2.089842153	2.089842153	-2.16400928	2.16400928	-2.170958081	2.170958081	2.182335398	-2.182335398	2.196109406	-2.196109406	-2.205057581	2.205057581	2.224676337	-2.224676337	2.328709446	-2.328709446	2.369055668	-2.369055668	2.373139284	-2.373139284	2.478583154	-2.478583154	-2.506131498	2.506131498	2.545783431	-2.545783431	
0.04	0.1139313157	-0.1139313157	-0.1150477746	0.1150477746	-0.16542999	0.16542999	0.233523131	-0.233523131	-0.2665775184	0.2665775184	0.3503534677	-0.3503534677	0.4013744833	-0.4013744833	-0.4122620145	0.4122620145	-0.4696908842	0.4696908842	0.5583010655	-0.5583010655	0.5991052969	-0.5991052969	-0.7263924549	0.7263924549	-0.7708991879	0.7708991879	-0.8052705128	0.8052705128	-0.8287510743	0.8287510743	-0.8891011187	0.8891011187	-0.8892336145	0.8892336145	0.9572791766	-0.9572791766	-1.036773346	1.036773346	1.059495741	-1.059495741	-1.090683957	1.090683957	1.102367621	-1.102367621	-1.160307452	1.160307452	-1.195749845	1.195749845	-1.24639036	1.24639036	-1.302337013	1.302337013	1.423472642	-1.423472642	1.46781634	-1.46781634	1.491977001	-1.491977001	1.495141592	-1.495141592	-1.523801652	1.523801652	1.524574585	-1.524574585	-1.592203995	1.592203995	-1.597448065	1.597448065	-1.624700757	1.624700757	1.641382911	-1.641382911	-1.662607746	1.662607746	1.680215995	-1.680215995	-1.721410614	1.721410614	1.726677564	-1.726677564	1.812155786	-1.812155786	1.841758343	-1.841758343	-1.927714541	1.927714541	1.92907488	-1.92907488	-1.950196626	1.950196626	2.005796488	-2.005796488	-2.021576501	2.021576501	-2.088860653	2.088860653	-2.163972366	2.163972366	-2.170973949	2.170973949	-2.182269489	2.182269489	2.196708994	-2.196708994	-2.205046651	2.205046651	-2.224705531	2.224705531	2.328714855	-2.328714855	-2.369037542	2.369037542	2.373182222	-2.373182222	2.478580818	-2.478580818	2.506107157	-2.506107157	-2.545815716	2.545815716	
0.05	0.112787022	-0.112787022	-0.1139691133	0.1139691133	-0.1639120216	0.1639120216	-0.2350550763	0.2350550763	-0.2614705826	0.2614705826	0.3545044976	-0.3545044976	-0.4007578482	0.4007578482	-0.4131501134	0.4131501134	-0.4700725979	0.4700725979	-0.5582780649	0.5582780649	-0.599269582	0.599269582	-0.7246239074	0.7246239074	0.7685218815	-0.7685218815	-0.8052624919	0.8052624919	-0.8287549669	0.8287549669	-0.8875779556	0.8875779556	0.892764737	-0.892764737	0.9588077298	-0.9588077298	-1.033002523	1.033002523	1.059395994	-1.059395994	1.090758144	-1.090758144	-1.102409989	1.102409989	-1.164559471	1.164559471	-1.194646082	1.194646082	1.24635867	-1.24635867	-1.301385526	1.301385526	-1.423531762	1.423531762	-1.467820919	1.467820919	1.488013733	-1.488013733	-1.495993509	1.495993509	-1.523174929	1.523174929	1.524484424	-1.524484424	1.592583235	-1.592583235	-1.596608084	1.596608084	-1.625809932	1.625809932	1.64144832	-1.64144832	1.662763323	-1.662763323	-1.680194237	1.680194237	-1.721579436	1.721579436	-1.730274835	1.730274835	-1.812061233	1.812061233	1.841815705	-1.841815705	-1.927718623	1.927718623	1.929938791	-1.929938791	-1.950199303	1.950199303	2.005753825	-2.005753825	-2.021567296	2.021567296	2.08789776	-2.08789776	-2.163916971	2.163916971	-2.17099528	2.17099528	2.18218033	-2.18218033	2.197303426	-2.197303426	-2.205030221	2.205030221	-2.224744397	2.224744397	2.328721638	-2.328721638	-2.369014069	2.369014069	-2.373233265	2.373233265	2.478578057	-2.478578057	2.506079701	-2.506079701	2.54585763	-2.54585763	
0.06	0.1114073196	-0.1114073196	-0.1125465375	0.1125465375	-0.1621178598	0.1621178598	0.236866019	-0.236866019	-0.2562338738	0.2562338738	-0.3584766658	0.3584766658	-0.4000001121	0.4000001121	-0.4143341317	0.4143341317	0.4705407758	-0.4705407758	-0.5582507073	0.5582507073	0.5994701586	-0.5994701586	0.7225398911	-0.7225398911	-0.7666106712	0.7666106712	-0.805254166	0.805254166	-0.8287599118	0.8287599118	-0.8857597586	0.8857597586	-0.8962032037	0.8962032037	-0.9606112968	0.9606112968	1.029241433	-1.029241433	1.059274775	-1.059274775	-1.090798847	1.090798847	-1.102461729	1.102461729	-1.168808463	1.168808463	-1.193212514	1.193212514	-1.24631639	1.24631639	-1.300232879	1.300232879	-1.423605932	1.423605932	1.467823604	-1.467823604	1.484049688	-1.484049688	-1.497126405	1.497126405	1.522407803	-1.522407803	-1.524375524	1.524375524	-1.593041314	1.593041314	-1.595838525	1.595838525	-1.626861356	1.626861356	1.641524764	-1.641524764	-1.662931012	1.662931012	-1.680168862	1.680168862	-1.721784963	1.721784963	1.733944996	-1.733944996	-1.811943558	1.811943558	1.841886825	-1.841886825	-1.927717239	1.927717239	1.930974446	-1.930974446	-1.95020214	1.95020214	2.00568907	-2.00568907	-2.021556086	2.021556086	-2.086954339	2.086954339	-2.163843078	2.163843078	-2.17102206	2.17102206	2.18206814	-2.18206814	2.19789242	-2.19789242	-2.205008312	2.205008312	2.224792782	-2.224792782	2.328729788	-2.328729788	-2.368985284	2.368985284	2.373292383	-2.373292383	2.478574873	-2.478574873	2.506049188	-2.506049188	-2.545909129	2.545909129	
0.07	0.1097949338	-0.1097949338	-0.1107886505	0.1107886505	-0.1600856035	0.1600856035	-0.2389177144	0.2389177144	-0.2508721367	0.2508721367	0.3622625133	-0.3622625133	0.3991078208	-0.3991078208	-0.4158054126	0.4158054126	-0.4710891053	0.4710891053	-0.5582191282	0.5582191282	-0.5997067577	0.5997067577	0.7201091968	-0.7201091968	0.7651983346	-0.7651983346	0.8052453803	-0.8052453803	0.8287659003	-0.8287659003	0.8837015615	-0.8837015615	-0.8995265705	0.8995265705	0.9626518034	-0.9626518034	1.025498097	-1.025498097	1.059131908	-1.059131908	1.090807252	-1.090807252	1.102522637	-1.102522637	1.173043085	-1.173043085	-1.191456726	1.191456726	1.246264393	-1.246264393	1.298887483	-1.298887483	-1.423694347	1.423694347	1.467823942	-1.467823942	1.480095103	-1.480095103	-1.498532528	1.498532528	1.521506629	-1.521506629	1.524248089	-1.524248089	-1.593557518	1.593557518	-1.595148063	1.595148063	-1.627857386	1.627857386	1.641612389	-1.641612389	-1.663112227	1.663112227	1.680139982	-1.680139982	1.722026938	-1.722026938	1.737680515	-1.737680515	1.811803202	-1.811803202	1.841971325	-1.841971325	-1.92771299	1.92771299	1.93217649	-1.93217649	-1.950205131	1.950205131	2.005602263	-2.005602263	-2.021542885	2.021542885	-2.086031306	2.086031306	2.16375067	-2.16375067	-2.171054269	2.171054269	2.18193318	-2.18193318	-2.198475694	2.198475694	2.204980951	-2.204980951	-2.224850497	2.224850497	-2.328739299	2.328739299	-2.36895123	2.36895123	2.373359541	-2.373359541	2.47857127	-2.47857127	-2.506015675	2.506015675	-2.545970159	2.545970159	
0.08	0.1079529973	-0.1079529973	-0.1087056846	0.1087056846	-0.1578504929	0.1578504929	0.2411737073	-0.2411737073	-0.2453911205	0.2453911205	0.3658543871	-0.3658543871	0.3980881824	-0.3980881824	-0.4175536518	0.4175536518	0.4717107026	-0.4717107026	-0.5581834806	0.5581834806	0.5999790695	-0.5999790695	0.7173255795	-0.7173255795	-0.7642920814	0.7642920814	-0.8052360268	0.8052360268	0.8287729243	-0.8287729243	-0.8814386177	0.8814386177	0.9027290944	-0.9027290944	0.9648940922	-0.9648940922	-1.021780503	1.021780503	-1.058967425	1.058967425	-1.090784306	1.090784306	-1.102592474	1.102592474	-1.177251039	1.177251039	-1.189387838	1.189387838	-1.246203651	1.246203651	1.297359531	-1.297359531	-1.423796112	1.423796112	1.467821574	-1.467821574	-1.476159689	1.476159689	-1.500202429	1.500202429	1.520478326	-1.520478326	1.524102412	-1.524102412	-1.593986232	1.593986232	-1.594670269	1.594670269	-1.628800452	1.628800452	1.641711342	-1.641711342	-1.663308413	1.663308413	1.680107724	-1.680107724	-1.722305064	1.722305064	1.741473849	-1.741473849	1.811640681	-1.811640681	-1.842068765	1.842068765	-1.927706807	1.927706807	-1.933540843	1.933540843	-1.950208266	1.950208266	2.00549347	-2.00549347	-2.021527707	2.021527707	-2.085129631	2.085129631	-2.163639726	2.163639726	-2.171091882	2.171091882	-2.181775753	2.181775753	2.199052973	-2.199052973	-2.204948175	2.204948175	2.224917323	-2.224917323	2.328750162	-2.328750162	2.368911954	-2.368911954	2.373434696	-2.373434696	2.478567251	-2.478567251	-2.505979219	2.505979219	-2.546040653	2.546040653	
0.09	0.1058850242	-0.1058850242	-0.1063092173	0.1063092173	-0.1554437871	0.1554437871	-0.239786209	0.239786209	0.243611821	-0.243611821	0.3692444197	-0.3692444197	0.396948874	-0.396948874	-0.4195671841	0.4195671841	0.472398363	-0.472398363	0.5581439332	-0.5581439332	0.6002867443	-0.6002867443	0.7142064742	-0.7142064742	0.7638748572	-0.7638748572	-0.8052260277	0.8052260277	0.8287809763	-0.8287809763	-0.879002093	0.879002093	-0.9058049671	0.9058049671	0.9673070149	-0.9673070149	-1.018096678	1.018096678	-1.058781486	1.058781486	-1.090730768	1.090730768	-1.102670972	1.102670972	-1.181418627	1.181418627	-1.187016298	1.187016298	1.246135155	-1.246135155	1.295661377	-1.295661377	1.423910291	-1.423910291	1.467816245	-1.467816245	1.472252653	-1.472252653	-1.502125116	1.502125116	1.519330135	-1.519330135	-1.523938933	1.523938933	-1.593694318	1.593694318	1.595026451	-1.595026451	1.629693012	-1.629693012	1.641821767	-1.641821767	-1.663521038	1.663521038	1.680072234	-1.680072234	-1.722619006	1.722619006	1.745317485	-1.745317485	1.811456577	-1.811456577	-1.842178656	1.842178656	-1.927699097	1.927699097	1.935063585	-1.935063585	-1.950211535	1.950211535	2.005362783	-2.005362783	-2.021510571	2.021510571	-2.084250345	2.084250345	-2.16351022	2.16351022	-2.171134867	2.171134867	2.181596199	-2.181596199	-2.199623986	2.199623986	-2.204910029	2.204910029	-2.224993006	2.224993006	2.328762366	-2.328762366	-2.368867515	2.368867515	2.373517797	-2.373517797	2.47856282	-2.47856282	2.505939874	-2.505939874	2.546120539	-2.546120539	
0.1	0.1035948823	-0.1035948823	-0.1036118759	0.1036118759	-0.1528924456	0.1528924456	-0.2340774075	0.2340774075	0.2461894868	-0.2461894868	-0.3724244593	0.3724244593	-0.3956979324	0.3956979324	-0.4218332818	0.4218332818	-0.473144782	0.473144782	-0.5581006678	0.5581006678	-0.6006293931	0.6006293931	-0.7107862591	0.7107862591	-0.7639120913	0.7639120913	-0.8052153261	0.8052153261	-0.8287900487	0.8287900487	-0.8764188322	0.8764188322	-0.9087482704	0.9087482704	0.9698637306	-0.9698637306	-1.014454713	1.014454713	-1.058574342	1.058574342	-1.090647242	1.090647242	-1.102757828	1.102757828	-1.184353659	1.184353659	-1.185530167	1.185530167	-1.246059855	1.246059855	1.293808051	-1.293808051	-1.424035958	1.424035958	1.467807803	-1.467807803	-1.468382722	1.468382722	-1.504288187	1.504288187	-1.518069406	1.518069406	-1.523758342	1.523758342	-1.593162877	1.593162877	-1.595724066	1.595724066	-1.630537521	1.630537521	1.641943805	-1.641943805	1.663751589	-1.663751589	-1.680033672	1.680033672	-1.722968388	1.722968388	1.749203978	-1.749203978	-1.811251538	1.811251538	-1.842300464	1.842300464	-1.927690065	1.927690065	1.936740662	-1.936740662	-1.950214926	1.950214926	-2.005210314	2.005210314	2.021491496	-2.021491496	2.083394537	-2.083394537	-2.163362127	2.163362127	-2.171183189	2.171183189	-2.181394893	2.181394893	-2.200188462	2.200188462	-2.204866562	2.204866562	-2.225077267	2.225077267	2.328775901	-2.328775901	-2.368817977	2.368817977	-2.373608787	2.373608787	-2.47855798	2.47855798	-2.505897696	2.505897696	2.546209731	-2.546209731	
0.11	-0.1006270452	0.1006270452	0.1010867635	-0.1010867635	-0.1502192999	0.1502192999	-0.2282593832	0.2282593832	-0.248893532	0.248893532	-0.3753858706	0.3753858706	-0.3943438219	0.3943438219	-0.4243384485	0.4243384485	0.4739427386	-0.4739427386	-0.5580538776	0.5580538776	-0.601006589	0.601006589	-0.7071076561	0.7071076561	0.7643603029	-0.7643603029	-0.8052038794	0.8052038794	-0.8288001337	0.8288001337	-0.873711552	0.873711552	-0.9115529908	0.9115529908	0.9725415225	-0.9725415225	-1.010862771	1.010862771	-1.05834631	1.05834631	-1.090534204	1.090534204	-1.102852713	1.102852713	-1.18141234	1.18141234	1.189567227	-1.189567227	1.245978619	-1.245978619	-1.291817972	1.291817972	1.424172225	-1.424172225	-1.464558158	1.464558158	-1.467796179	1.467796179	-1.506677851	1.506677851	-1.516703419	1.516703419	1.52356182	-1.52356182	-1.592641998	1.592641998	-1.596502109	1.596502109	1.631336407	-1.631336407	-1.642077589	1.642077589	1.664001568	-1.664001568	-1.679992208	1.679992208	1.723352797	-1.723352797	1.753125971	-1.753125971	-1.811026274	1.811026274	1.842433619	-1.842433619	-1.927679825	1.927679825	1.938567807	-1.938567807	-1.950218427	1.950218427	-2.005036203	2.005036203	2.021470505	-2.021470505	2.082563361	-2.082563361	-2.163195415	2.163195415	2.17123681	-2.17123681	-2.181172244	2.181172244	-2.200746135	2.200746135	2.204817836	-2.204817836	2.225169804	-2.225169804	2.328790755	-2.328790755	-2.36876341	2.36876341	-2.373707603	2.373707603	2.478552738	-2.478552738	-2.505852738	2.505852738	2.546308137	-2.546308137	
0.12	-0.09736859214	0.09736859214	0.0983651542	-0.0983651542	-0.1474434708	0.1474434708	-0.2223378572	0.2223378572	0.2517033717	-0.2517033717	0.3781189579	-0.3781189579	0.3928959257	-0.3928959257	-0.4270686973	0.4270686973	0.474785238	-0.474785238	0.5580037647	-0.5580037647	0.6014178676	-0.6014178676	0.703214512	-0.703214512	0.7651743204	-0.7651743204	-0.8051916552	0.8051916552	-0.8288112237	0.8288112237	-0.8708992668	0.8708992668	0.9142130416	-0.9142130416	-0.975321374	0.975321374	-1.007329084	1.007329084	1.058097757	-1.058097757	-1.090392028	1.090392028	-1.102955267	1.102955267	-1.178205382	1.178205382	1.193507594	-1.193507594	1.245892204	-1.245892204	1.289713921	-1.289713921	1.424318275	-1.424318275	-1.46078678	1.46078678	-1.467781371	1.467781371	1.509278613	-1.509278613	1.51523925	-1.51523925	1.523351608	-1.523351608	1.592150713	-1.592150713	-1.597331259	1.597331259	1.632092059	-1.632092059	1.642223236	-1.642223236	1.664272489	-1.664272489	-1.679948025	1.679948025	-1.723771783	1.723771783	-1.757076207	1.757076207	1.810781553	-1.810781553	-1.842577522	1.842577522	-1.927668442	1.927668442	1.940540525	-1.940540525	-1.950222026	1.950222026	-2.004840612	2.004840612	-2.021447623	2.021447623	-2.08175804	2.08175804	-2.163010052	2.163010052	-2.171295685	2.171295685	2.180928691	-2.180928691	2.201296738	-2.201296738	2.204763914	-2.204763914	-2.22527029	2.22527029	2.328806913	-2.328806913	2.368703893	-2.368703893	2.373814172	-2.373814172	-2.478547096	2.478547096	-2.505805054	2.505805054	2.546415653	-2.546415653	
0.13	-0.09385061548	0.09385061548	0.09543480514	-0.09543480514	-0.1445808744	0.1445808744	-0.2163171686	0.2163171686	0.2546029422	-0.2546029422	0.3806110898	-0.3806110898	0.3913663823	-0.3913663823	-0.4300098025	0.4300098025	0.4756656166	-0.4756656166	0.5579505382	-0.5579505382	0.6018627277	-0.6018627277	0.699147286	-0.699147286	0.7663117909	-0.7663117909	-0.805178629	0.805178629	-0.8288233103	0.8288233103	-0.8679977973	0.8679977973	-0.9167222904	0.9167222904	-0.9781874615	0.9781874615	-1.003861936	1.003861936	1.057829094	-1.057829094	-1.090221007	1.090221007	1.103065102	-1.103065102	-1.174746219	1.174746219	-1.197323909	1.197323909	-1.245801254	1.245801254	1.287524358	-1.287524358	1.424473376	-1.424473376	-1.457075974	1.457075974	1.467763421	-1.467763421	-1.512071893	1.512071893	-1.513683666	1.513683666	1.523132625	-1.523132625	-1.591690604	1.591690604	1.598200337	-1.598200337	1.632806823	-1.632806823	1.642380847	-1.642380847	1.664565872	-1.664565872	1.679901313	-1.679901313	-1.724224859	1.724224859	-1.761047526	1.761047526	1.810518211	-1.810518211	1.842731556	-1.842731556	1.927655961	-1.927655961	1.942654097	-1.942654097	-1.950225717	1.950225717	-2.00462373	2.00462373	-2.021422877	2.021422877	2.080979864	-2.080979864	-2.162806003	2.162806003	-2.171359767	2.171359767	2.180664697	-2.180664697	-2.201840005	2.201840005	-2.204704871	2.204704871	-2.225378381	2.225378381	2.328824361	-2.328824361	2.368639511	-2.368639511	2.373928417	-2.373928417	2.478541062	-2.478541062	2.505754694	-2.505754694	2.546532168	-2.546532168	
