# phi/π evs ...
-1.04	-0.002665725009	0.002665725009	0.09376230959	-0.09376230959	0.1026946845	-0.1026946845	-0.1770510228	0.1770510228	-0.2641246792	0.2641246792	-0.266560459	0.266560459	-0.2972223494	0.2972223494	0.3595645614	-0.3595645614	-0.3656535485	0.3656535485	0.4130217698	-0.4130217698	-0.441062962	0.441062962	-0.4902408451	0.4902408451	-0.7982024729	0.7982024729	-0.8341318714	0.8341318714	-0.9500757672	0.9500757672	-0.9744766103	0.9744766103	1.002089398	-1.002089398	-1.011248825	1.011248825	-1.083046109	1.083046109	-1.112758197	1.112758197	-1.286084806	1.286084806	1.290344917	-1.290344917	-1.299232307	1.299232307	-1.308546789	1.308546789	-1.359042327	1.359042327	1.394070842	-1.394070842	-1.395701164	1.395701164	-1.444643079	1.444643079	-1.511762782	1.511762782	-1.517393351	1.517393351	-1.548350446	1.548350446	-1.644258571	1.644258571	-1.645622584	1.645622584	-1.674029315	1.674029315	-1.712465842	1.712465842	-1.726555521	1.726555521	1.733807988	-1.733807988	-1.742242101	1.742242101	1.770465489	-1.770465489	-1.813071386	1.813071386	-1.84206388	1.84206388	-1.8587764	1.8587764	-1.87437813	1.87437813	-1.894361512	1.894361512	-1.943663927	1.943663927	1.956645954	-1.956645954	1.998650983	-1.998650983	-2.054963539	2.054963539	-2.070663794	2.070663794	-2.078222585	2.078222585	-2.137279087	2.137279087	2.243485513	-2.243485513	-2.287728299	2.287728299	-2.298580067	2.298580067	-2.303583777	2.303583777	-2.359550202	2.359550202	2.407686296	-2.407686296	-2.466076078	2.466076078	-2.471860439	2.471860439	-2.505865334	2.505865334	
-1.03	0.0001253882004	-0.0001253882004	-0.08529695771	0.08529695771	-0.1041259863	0.1041259863	-0.1797387147	0.1797387147	-0.2672921526	0.2672921526	-0.2728870775	0.2728870775	-0.2940559319	0.2940559319	-0.3548521982	0.3548521982	-0.3629739645	0.3629739645	-0.4161699683	0.4161699683	-0.4379435835	0.4379435835	-0.4887841778	0.4887841778	-0.798230467	0.798230467	-0.8341287114	0.8341287114	-0.9501970715	0.9501970715	-0.9776185309	0.9776185309	-0.9990280393	0.9990280393	-1.011781196	1.011781196	-1.083038764	1.083038764	-1.112765454	1.112765454	-1.287248418	1.287248418	-1.290126712	1.290126712	-1.299167278	1.299167278	-1.309347514	1.309347514	-1.359070966	1.359070966	-1.394083813	1.394083813	1.395697074	-1.395697074	-1.443209376	1.443209376	-1.511880379	1.511880379	-1.517379001	1.517379001	-1.548946503	1.548946503	-1.644373485	1.644373485	-1.64863966	1.64863966	-1.674034821	1.674034821	1.711626332	-1.711626332	-1.726532836	1.726532836	1.732687436	-1.732687436	-1.741922395	1.741922395	-1.770294725	1.770294725	1.811764519	-1.811764519	1.842060831	-1.842060831	1.858724377	-1.858724377	-1.874443326	1.874443326	-1.894647244	1.894647244	-1.943715289	1.943715289	-1.956659561	1.956659561	-2.000055439	2.000055439	-2.054896145	2.054896145	-2.070216114	2.070216114	-2.078197879	2.078197879	-2.137294759	2.137294759	-2.243364227	2.243364227	2.287785747	-2.287785747	-2.298573532	2.298573532	-2.303550572	2.303550572	2.359449048	-2.359449048	-2.407705467	2.407705467	-2.466164741	2.466164741	-2.471784459	2.471784459	2.505913626	-2.505913626	
-1.02	0.002354271593	-0.002354271593	-0.07681205341	0.07681205341	0.1051326941	-0.1051326941	-0.1818170322	0.1818170322	-0.2701723648	0.2701723648	-0.2794361647	0.2794361647	-0.2911767721	0.2911767721	0.350426838	-0.350426838	-0.3609249867	0.3609249867	-0.4192153628	0.4192153628	0.434918482	-0.434918482	-0.4877531979	0.4877531979	0.7982514391	-0.7982514391	-0.8341266923	0.8341266923	-0.9502852068	0.9502852068	-0.9806473254	0.9806473254	-0.9960465785	0.9960465785	-1.012201871	1.012201871	1.083033232	-1.083033232	-1.112770658	1.112770658	-1.288281522	1.288281522	-1.289962612	1.289962612	-1.29911984	1.29911984	1.310078753	-1.310078753	1.35909254	-1.35909254	1.394093204	-1.394093204	-1.39569401	1.39569401	-1.441668414	1.441668414	-1.511964707	1.511964707	1.51736845	-1.51736845	-1.54941058	1.54941058	1.644388138	-1.644388138	-1.651678102	1.651678102	-1.67403806	1.67403806	1.710804426	-1.710804426	1.726454406	-1.726454406	1.731505325	-1.731505325	-1.741666466	1.741666466	-1.770155955	1.770155955	1.810431407	-1.810431407	1.842092805	-1.842092805	-1.858687722	1.858687722	-1.874491186	1.874491186	1.894836034	-1.894836034	-1.943753072	1.943753072	1.95666933	-1.95666933	-2.001491715	2.001491715	-2.054847164	2.054847164	2.069788813	-2.069788813	-2.078178724	2.078178724	2.137306163	-2.137306163	2.243269768	-2.243269768	2.287830002	-2.287830002	-2.298568692	2.298568692	-2.303524697	2.303524697	-2.359379664	2.359379664	2.407715857	-2.407715857	2.466238392	-2.466238392	2.471720564	-2.471720564	-2.505948422	2.505948422	
-1.01	-0.004729945461	0.004729945461	0.06832059788	-0.06832059788	0.1057067861	-0.1057067861	-0.1832329068	0.1832329068	-0.2724574252	0.2724574252	0.2861802911	-0.2861802911	-0.2888927596	0.2888927596	0.3463107838	-0.3463107838	0.3595527532	-0.3595527532	-0.4219766664	0.4219766664	0.4321685724	-0.4321685724	0.4871552115	-0.4871552115	-0.7982654074	0.7982654074	-0.8341258132	0.8341258132	-0.9503400922	0.9503400922	0.9833638288	-0.9833638288	0.9933566615	-0.9933566615	1.012497628	-1.012497628	1.083029526	-1.083029526	1.112773798	-1.112773798	-1.289181114	1.289181114	-1.289853316	1.289853316	1.299090215	-1.299090215	-1.310741818	1.310741818	-1.359107063	1.359107063	1.394099013	-1.394099013	-1.395691967	1.395691967	-1.440022191	1.440022191	-1.512015688	1.512015688	1.517361703	-1.517361703	-1.549741868	1.549741868	-1.644392676	1.644392676	1.654638487	-1.654638487	-1.674039001	1.674039001	1.710006692	-1.710006692	-1.726279821	1.726279821	1.730312549	-1.730312549	-1.741462536	1.741462536	1.770049111	-1.770049111	1.809079642	-1.809079642	-1.8421597	1.8421597	1.85866665	-1.85866665	-1.874522048	1.874522048	1.894927078	-1.894927078	1.943777205	-1.943777205	1.95667526	-1.95667526	2.002955767	-2.002955767	-2.054816669	2.054816669	2.069382891	-2.069382891	2.078164864	-2.078164864	-2.137313298	2.137313298	-2.24320225	2.24320225	-2.287860922	2.287860922	2.298565551	-2.298565551	2.303506288	-2.303506288	2.359342195	-2.359342195	-2.407717448	2.407717448	-2.466295918	2.466295918	-2.471669855	2.471669855	2.505969655	-2.505969655	
-1	0.006962242755	-0.006962242755	-0.05983367486	0.05983367486	0.1058433379	-0.1058433379	0.1839487122	-0.1839487122	-0.2735497739	0.2735497739	0.2878014529	-0.2878014529	-0.2930948455	0.2930948455	0.3425266256	-0.3425266256	-0.3588912274	0.3588912274	-0.4236827281	0.4236827281	0.4304647804	-0.4304647804	0.4869945423	-0.4869945423	0.798272383	-0.798272383	-0.8341260733	0.8341260733	-0.9503616768	0.9503616768	0.9849411735	-0.9849411735	-0.9917894128	0.9917894128	-1.012663678	1.012663678	1.083027651	-1.083027651	-1.112774868	1.112774868	1.289799331	-1.289799331	1.289944563	-1.289944563	-1.299078435	1.299078435	1.311337966	-1.311337966	1.359114544	-1.359114544	-1.394101238	1.394101238	-1.395690938	1.395690938	-1.438272781	1.438272781	1.512033275	-1.512033275	-1.517358761	1.517358761	-1.549939749	1.549939749	-1.644395455	1.644395455	1.657500809	-1.657500809	-1.674037618	1.674037618	-1.709242081	1.709242081	-1.725919122	1.725919122	-1.729207389	1.729207389	1.741300815	-1.741300815	-1.769974032	1.769974032	-1.807716445	1.807716445	-1.842261686	1.842261686	1.858661291	-1.858661291	-1.874536065	1.874536065	1.894919934	-1.894919934	1.943787641	-1.943787641	-1.956677346	1.956677346	-2.004443693	2.004443693	2.054804705	-2.054804705	-2.068999252	2.068999252	2.078156096	-2.078156096	2.137316164	-2.137316164	2.243161751	-2.243161751	-2.287878412	2.287878412	2.298564112	-2.298564112	-2.303495441	2.303495441	2.359336716	-2.359336716	-2.407710234	2.407710234	2.46633636	-2.46633636	-2.471633284	2.471633284	-2.505977286	2.505977286	
-0.99	0.00901667554	-0.00901667554	0.05136275887	-0.05136275887	0.1055406699	-0.1055406699	0.183944398	-0.183944398	-0.2729276268	0.2729276268	0.2884246344	-0.2884246344	-0.3001577381	0.3001577381	-0.3390968543	0.3390968543	0.3589587207	-0.3589587207	-0.422798923	0.422798923	-0.4313415848	0.4313415848	0.4872723858	-0.4872723858	-0.7982723706	0.7982723706	-0.8341274723	0.8341274723	-0.9503499402	0.9503499402	-0.9839362116	0.9839362116	0.9927893238	-0.9927893238	-1.012698361	1.012698361	-1.083027612	1.083027612	-1.112773864	1.112773864	-1.289800964	1.289800964	-1.290569658	1.290569658	-1.299084452	1.299084452	1.31186824	-1.31186824	-1.359114984	1.359114984	-1.394099874	1.394099874	-1.395690916	1.395690916	1.436422336	-1.436422336	-1.512017452	1.512017452	-1.517359622	1.517359622	-1.550003802	1.550003802	-1.644398595	1.644398595	-1.660248264	1.660248264	-1.674033893	1.674033893	-1.708522593	1.708522593	1.72522095	-1.72522095	1.728347328	-1.728347328	-1.741173581	1.741173581	1.769930465	-1.769930465	-1.806348723	1.806348723	-1.842399102	1.842399102	-1.858671697	1.858671697	-1.874533217	1.874533217	1.894814511	-1.894814511	-1.943784364	1.943784364	-1.956675589	1.956675589	2.005951745	-2.005951745	-2.054811292	2.054811292	2.068638718	-2.068638718	-2.078152259	2.078152259	2.137314761	-2.137314761	2.243148317	-2.243148317	-2.287882427	2.287882427	-2.298564375	2.298564375	2.303492209	-2.303492209	-2.359363241	2.359363241	2.407694223	-2.407694223	-2.466358982	2.466358982	-2.471611583	2.471611583	-2.505971299	2.505971299	
-0.98	0.01086546071	-0.01086546071	-0.04292209708	0.04292209708	0.1048003989	-0.1048003989	-0.183218747	0.183218747	-0.2709137149	0.2709137149	-0.2904395707	0.2904395707	-0.3073490978	0.3073490978	0.3360434	-0.3360434	-0.3597559379	0.3597559379	-0.4202645029	0.4202645029	-0.4338596346	0.4338596346	-0.4879867678	0.4879867678	-0.7982653677	0.7982653677	-0.8341300101	0.8341300101	-0.950304892	0.950304892	-0.9813837203	0.9813837203	-0.9953212575	0.9953212575	-1.01260194	1.01260194	-1.083029407	1.083029407	-1.112770788	1.112770788	-1.289858325	1.289858325	1.29105463	-1.29105463	-1.29910824	1.29910824	1.312333354	-1.312333354	-1.359108376	1.359108376	-1.39409492	1.39409492	-1.39569189	1.39569189	-1.434473067	1.434473067	1.511968233	-1.511968233	-1.517364281	1.517364281	-1.549933806	1.549933806	-1.644402876	1.644402876	1.662861573	-1.662861573	-1.674027831	1.674027831	-1.707864056	1.707864056	1.724109061	-1.724109061	-1.727812855	1.727812855	1.74107487	-1.74107487	1.769918062	-1.769918062	-1.804983104	1.804983104	-1.842572371	1.842572371	1.85869784	-1.85869784	-1.874513312	1.874513312	-1.894611064	1.894611064	-1.943767382	1.943767382	1.956669988	-1.956669988	-2.007476341	2.007476341	-2.054836423	2.054836423	-2.06830203	2.06830203	2.078153218	-2.078153218	-2.137309087	2.137309087	-2.243161959	2.243161959	2.287872968	-2.287872968	2.298566341	-2.298566341	2.303496599	-2.303496599	2.359421718	-2.359421718	-2.407669435	2.407669435	-2.46636333	2.46636333	-2.471605203	2.471605203	-2.505951706	2.505951706	
-0.97	0.0124909886	-0.0124909886	0.0345323565	-0.0345323565	0.1036273867	-0.1036273867	0.1817888911	-0.1817888911	-0.2681630533	0.2681630533	-0.2931912439	0.2931912439	0.3146509742	-0.3146509742	0.3333871025	-0.3333871025	-0.361266085	0.361266085	-0.4172825701	0.4172825701	0.4368157561	-0.4368157561	-0.4891326096	0.4891326096	-0.7982513653	0.7982513653	0.8341336869	-0.8341336869	0.9502265722	-0.9502265722	0.9784046924	-0.9784046924	0.9982618462	-0.9982618462	-1.012376907	1.012376907	1.083033032	-1.083033032	1.112765647	-1.112765647	1.28997132	-1.28997132	1.291398141	-1.291398141	1.29914989	-1.29914989	1.312733611	-1.312733611	-1.359094706	1.359094706	-1.394086373	1.394086373	-1.395693847	1.395693847	1.432427243	-1.432427243	-1.511885661	1.511885661	1.517372729	-1.517372729	1.549729745	-1.549729745	-1.64440865	1.64440865	-1.665317224	1.665317224	1.674019496	-1.674019496	-1.707286957	1.707286957	-1.72268705	1.72268705	1.727503165	-1.727503165	1.7410001	-1.7410001	1.769936381	-1.769936381	1.803625968	-1.803625968	1.842781938	-1.842781938	-1.858739616	1.858739616	-1.874475976	1.874475976	1.894310207	-1.894310207	1.943736727	-1.943736727	-1.956660543	1.956660543	2.009014066	-2.009014066	2.054880064	-2.054880064	-2.067989862	2.067989862	2.078158863	-2.078158863	-2.137299145	2.137299145	2.243202656	-2.243202656	-2.287850091	2.287850091	-2.298570008	2.298570008	-2.303508573	2.303508573	-2.359512032	2.359512032	2.407635905	-2.407635905	2.466349274	-2.466349274	2.471614272	-2.471614272	-2.505918544	2.505918544	
-0.96	0.01389302332	-0.01389302332	0.02622777109	-0.02622777109	0.1020295948	-0.1020295948	0.1796879451	-0.1796879451	-0.2650603317	0.2650603317	0.2962949598	-0.2962949598	0.3220470504	-0.3220470504	0.3311471354	-0.3311471354	-0.3634570321	0.3634570321	0.4141559852	-0.4141559852	-0.4399070351	0.4399070351	-0.4907018974	0.4907018974	0.7982303476	-0.7982303476	0.8341385031	-0.8341385031	-0.950115051	0.950115051	0.975283367	-0.975283367	-1.001320023	1.001320023	-1.01203043	1.01203043	-1.083038477	1.083038477	-1.11275845	1.11275845	1.290139658	-1.290139658	-1.291599279	1.291599279	-1.299209665	1.299209665	1.313068851	-1.313068851	1.35907395	-1.35907395	-1.39407423	1.39407423	1.395696771	-1.395696771	-1.430287182	1.430287182	-1.511769813	1.511769813	1.517384953	-1.517384953	1.54939181	-1.54939181	-1.64441609	1.64441609	-1.667586425	1.667586425	1.67400911	-1.67400911	1.706817136	-1.706817136	-1.72107481	1.72107481	1.727300074	-1.727300074	1.740945729	-1.740945729	1.76998488	-1.76998488	1.802283459	-1.802283459	-1.843028207	1.843028207	1.858796833	-1.858796833	-1.874420629	1.874420629	1.893912941	-1.893912941	-1.943692462	1.943692462	1.956647259	-1.956647259	-2.010561683	2.010561683	2.054942155	-2.054942155	2.067702817	-2.067702817	2.078169099	-2.078169099	-2.137284934	2.137284934	2.24327035	-2.24327035	2.287813898	-2.287813898	-2.298575373	2.298575373	-2.303528049	2.303528049	2.359634002	-2.359634002	2.407593679	-2.407593679	2.466317022	-2.466317022	-2.471638587	2.471638587	-2.505871878	2.505871878	
-0.95	-0.01510520767	0.01510520767	0.01807246706	-0.01807246706	0.1000178608	-0.1000178608	0.1769612281	-0.1769612281	-0.2617782562	0.2617782562	-0.2995780064	0.2995780064	0.3293404105	-0.3293404105	0.3295223677	-0.3295223677	0.3662849912	-0.3662849912	0.4109660445	-0.4109660445	-0.4430521331	0.4430521331	-0.4926839387	0.4926839387	-0.7982022916	0.7982022916	0.8341444595	-0.8341444595	-0.9499704288	0.9499704288	0.9720984332	-0.9720984332	1.004394924	-1.004394924	1.011585232	-1.011585232	-1.083045728	1.083045728	-1.112749212	1.112749212	1.290362849	-1.290362849	1.29165758	-1.29165758	-1.299287997	1.299287997	1.313338443	-1.313338443	1.359046079	-1.359046079	1.394058488	-1.394058488	-1.395700638	1.395700638	-1.428055243	1.428055243	-1.511620792	1.511620792	-1.517400937	1.517400937	-1.548920395	1.548920395	-1.644425287	1.644425287	-1.669634501	1.669634501	-1.673997399	1.673997399	-1.706485969	1.706485969	-1.719334713	1.719334713	1.727142149	-1.727142149	1.74090898	-1.74090898	1.770062913	-1.770062913	1.800961488	-1.800961488	1.843311506	-1.843311506	-1.858869214	1.858869214	1.874346442	-1.874346442	1.893420693	-1.893420693	1.943634672	-1.943634672	-1.956630137	1.956630137	2.012116123	-2.012116123	2.05502261	-2.05502261	2.067441433	-2.067441433	2.078183845	-2.078183845	2.137266456	-2.137266456	2.24336495	-2.24336495	2.287764538	-2.287764538	2.298582431	-2.298582431	-2.303554903	2.303554903	2.359787386	-2.359787386	-2.407542816	2.407542816	-2.466267095	2.466267095	-2.47167763	2.47167763	-2.505811795	2.505811795	
-0.94	-0.01020237419	0.01020237419	0.01623719535	-0.01623719535	0.09760562542	-0.09760562542	0.1736618703	-0.1736618703	0.2583960363	-0.2583960363	0.3029611656	-0.3029611656	0.3279810014	-0.3279810014	0.3370630648	-0.3370630648	0.3696988716	-0.3696988716	0.4077418673	-0.4077418673	0.4462218973	-0.4462218973	0.4950656912	-0.4950656912	-0.7981671678	0.7981671678	0.834151557	-0.834151557	-0.9497928358	0.9497928358	0.9688786645	-0.9688786645	1.007345055	-1.007345055	1.011154794	-1.011154794	-1.083054768	1.083054768	-1.112737954	1.112737954	1.290640215	-1.290640215	-1.291573081	1.291573081	-1.29938541	1.29938541	1.313541302	-1.313541302	1.359011053	-1.359011053	-1.394039145	1.394039145	1.395705418	-1.395705418	1.425733825	-1.425733825	-1.511438734	1.511438734	1.517420657	-1.517420657	1.548316099	-1.548316099	1.644436286	-1.644436286	1.671420296	-1.671420296	1.673987106	-1.673987106	-1.706329415	1.706329415	-1.717494739	1.717494739	1.727001821	-1.727001821	1.740887641	-1.740887641	1.770169728	-1.770169728	1.799665736	-1.799665736	-1.843632051	1.843632051	1.858956383	-1.858956383	-1.874252284	1.874252284	1.892835392	-1.892835392	1.943563468	-1.943563468	1.956609182	-1.956609182	-2.013674495	2.013674495	2.055121317	-2.055121317	2.067206182	-2.067206182	2.078203029	-2.078203029	2.137243713	-2.137243713	2.243486332	-2.243486332	2.28770221	-2.28770221	2.298591176	-2.298591176	-2.30358897	2.30358897	2.359971877	-2.359971877	2.407483389	-2.407483389	-2.466200284	2.466200284	-2.471730617	2.471730617	2.505738409	-2.505738409	
-0.93	-0.002939523523	0.002939523523	-0.01758912476	0.01758912476	0.0948086554	-0.0948086554	-0.1698465975	0.1698465975	-0.2549532367	0.2549532367	-0.3064048605	0.3064048605	-0.3270796273	0.3270796273	-0.3446561308	0.3446561308	-0.3736445007	0.3736445007	-0.4044962625	0.4044962625	-0.4494034927	0.4494034927	-0.4978321383	0.4978321383	-0.7981249397	0.7981249397	-0.8341597968	0.8341597968	-0.9495824322	0.9495824322	-0.9656368981	0.9656368981	-1.009147236	1.009147236	-1.011750416	1.011750416	-1.083065575	1.083065575	-1.112724698	1.112724698	1.290970895	-1.290970895	-1.291346395	1.291346395	-1.299502399	1.299502399	-1.313675942	1.313675942	1.358968822	-1.358968822	-1.394016197	1.394016197	-1.395711068	1.395711068	-1.423325366	1.423325366	-1.511223804	1.511223804	-1.517444086	1.517444086	-1.547579718	1.547579718	-1.644449105	1.644449105	-1.672887414	1.672887414	-1.673994591	1.673994591	-1.706385177	1.706385177	-1.71556788	1.71556788	-1.726866175	1.726866175	1.740879919	-1.740879919	1.770304457	-1.770304457	-1.798401635	1.798401635	-1.843989932	1.843989932	-1.859057853	1.859057853	-1.874136629	1.874136629	1.892159557	-1.892159557	-1.943478988	1.943478988	-1.9565844	1.9565844	-2.015234076	2.015234076	-2.055238138	2.055238138	-2.066997473	2.066997473	-2.078226585	2.078226585	-2.137216707	2.137216707	2.243634338	-2.243634338	-2.287627149	2.287627149	2.298601602	-2.298601602	2.30363005	-2.30363005	-2.360187112	2.360187112	-2.407415483	2.407415483	-2.466117584	2.466117584	-2.471796563	2.471796563	-2.505651858	2.505651858	
-0.92	-0.002962835319	0.002962835319	0.0198967601	-0.0198967601	-0.09164483629	0.09164483629	0.165572241	-0.165572241	-0.2514713694	0.2514713694	-0.30988756	0.30988756	-0.3266432393	0.3266432393	0.3522891752	-0.3522891752	-0.3780681413	0.3780681413	-0.4012357304	0.4012357304	0.4525904032	-0.4525904032	-0.5009666891	0.5009666891	0.7980755637	-0.7980755637	-0.8341691806	0.8341691806	-0.9493394075	0.9493394075	-0.9623797114	0.9623797114	-1.008761177	1.008761177	-1.014406961	1.014406961	-1.083078125	1.083078125	-1.112709471	1.112709471	1.290978755	-1.290978755	1.291353853	-1.291353853	-1.299639314	1.299639314	-1.313740551	1.313740551	-1.35891933	1.35891933	1.393989643	-1.393989643	-1.395717523	1.395717523	1.420832341	-1.420832341	-1.510976197	1.510976197	1.517471191	-1.517471191	1.546712244	-1.546712244	-1.644463743	1.644463743	-1.673754023	1.673754023	-1.674265172	1.674265172	-1.706687543	1.706687543	-1.713560515	1.713560515	-1.726728719	1.726728719	-1.74088433	1.74088433	-1.770466114	1.770466114	-1.797174368	1.797174368	-1.844385094	1.844385094	-1.859173004	1.859173004	-1.873997445	1.873997445	1.891396444	-1.891396444	1.943381392	-1.943381392	-1.956555798	1.956555798	2.016792307	-2.016792307	-2.055372912	2.055372912	-2.066815652	2.066815652	2.078254453	-2.078254453	2.137185439	-2.137185439	2.243808774	-2.243808774	-2.287539634	2.287539634	-2.2986137	2.2986137	-2.303677907	2.303677907	-2.360432665	2.360432665	-2.407339194	2.407339194	-2.466020127	2.466020127	-2.471874349	2.471874349	-2.505552304	2.505552304	
-0.91	-0.00644344154	0.006443441541	0.02420797958	-0.02420797958	0.08813418816	-0.08813418816	0.1608932106	-0.1608932106	-0.2479630053	0.2479630053	0.3133966639	-0.3133966639	0.3266747485	-0.3266747485	0.3599502227	-0.3599502227	0.3829190455	-0.3829190455	0.3979639526	-0.3979639526	-0.4557789574	0.4557789574	-0.5044515804	0.5044515804	-0.7980189895	0.7980189895	-0.8341797102	0.8341797102	-0.9490639808	0.9490639808	-0.9591108324	0.9591108324	-1.007829684	1.007829684	-1.017479226	1.017479226	-1.083092387	1.083092387	-1.112692306	1.112692306	-1.290471993	1.290471993	1.291787892	-1.291787892	-1.299796293	1.299796293	1.313733077	-1.313733077	-1.358862507	1.358862507	-1.393959479	1.393959479	-1.395724688	1.395724688	-1.418257276	1.418257276	1.510696137	-1.510696137	-1.517501928	1.517501928	1.545714856	-1.545714856	-1.644480188	1.644480188	-1.67382552	1.67382552	-1.674967177	1.674967177	1.707260678	-1.707260678	-1.71147591	1.71147591	-1.726586002	1.726586002	-1.740899628	1.740899628	1.770653576	-1.770653576	-1.795988849	1.795988849	1.844817332	-1.844817332	-1.859301058	1.859301058	-1.873832021	1.873832021	1.890550227	-1.890550227	1.943270863	-1.943270863	-1.956523383	1.956523383	-2.018346795	2.018346795	-2.055525452	2.055525452	-2.066661003	2.066661003	2.078286579	-2.078286579	-2.137149914	2.137149914	2.244009414	-2.244009414	2.287439976	-2.287439976	-2.298627459	2.298627459	-2.303732279	2.303732279	-2.360708057	2.360708057	2.407254632	-2.407254632	2.465909108	-2.465909108	-2.471962792	2.471962792	-2.505439934	2.505439934	
-0.9	-0.00750111779	0.00750111779	0.03051364447	-0.03051364447	0.08429949447	-0.08429949447	-0.1558599143	0.1558599143	-0.2444359404	0.2444359404	0.3169243288	-0.3169243288	-0.3271729218	0.3271729218	-0.3676275409	0.3676275409	0.388150949	-0.388150949	0.3946833319	-0.3946833319	-0.4589669139	0.4589669139	-0.5082682628	0.5082682628	0.7979551596	-0.7979551596	-0.8341913874	0.8341913874	-0.9487564	0.9487564	0.9558325448	-0.9558325448	-1.006699501	1.006699501	1.020619681	-1.020619681	-1.083108331	1.083108331	-1.112673237	1.112673237	1.289828454	-1.289828454	1.292271663	-1.292271663	-1.299973255	1.299973255	-1.313651319	1.313651319	-1.358798273	1.358798273	1.393925703	-1.393925703	-1.39573241	1.39573241	1.415602765	-1.415602765	-1.510383877	1.510383877	1.517536244	-1.517536244	1.544588914	-1.544588914	-1.644498415	1.644498415	-1.67379452	1.67379452	-1.675397888	1.675397888	1.708112689	-1.708112689	-1.709315785	1.709315785	1.726436136	-1.726436136	1.740924745	-1.740924745	1.770865581	-1.770865581	1.794849718	-1.794849718	1.84528629	-1.84528629	-1.859441035	1.859441035	1.873636744	-1.873636744	1.889626276	-1.889626276	1.943147609	-1.943147609	-1.956487165	1.956487165	2.019895298	-2.019895298	2.05569555	-2.05569555	2.066533748	-2.066533748	-2.078322908	2.078322908	-2.137110135	2.137110135	2.244236	-2.244236	-2.287328516	2.287328516	-2.298642868	2.298642868	2.303792879	-2.303792879	-2.361012751	2.361012751	-2.407161918	2.407161918	-2.465785734	2.465785734	-2.472060704	2.472060704	-2.505314953	2.505314953	
-0.89	-0.007052086575	0.007052086575	0.0378872352	-0.0378872352	-0.0801688237	0.0801688237	-0.1505179632	0.1505179632	-0.2408952524	0.2408952524	0.3204653975	-0.3204653975	-0.3281324597	0.3281324597	-0.3753094718	0.3753094718	0.3913933689	-0.3913933689	-0.3937251977	0.3937251977	-0.4621528121	0.4621528121	-0.5123977539	0.5123977539	-0.7978840092	0.7978840092	-0.8342042147	0.8342042147	-0.9484169416	0.9484169416	0.9525463362	-0.9525463362	-1.005419141	1.005419141	-1.02377998	1.02377998	-1.083125918	1.083125918	-1.112652303	1.112652303	-1.289050871	1.289050871	-1.292803677	1.292803677	-1.300169941	1.300169941	-1.313493021	1.313493021	-1.358726537	1.358726537	-1.393888312	1.393888312	-1.395740428	1.395740428	-1.412871519	1.412871519	-1.510039699	1.510039699	-1.517574073	1.517574073	-1.543335949	1.543335949	-1.644518396	1.644518396	-1.673732529	1.673732529	-1.675494111	1.675494111	-1.707081094	1.707081094	1.709233391	-1.709233391	-1.726278092	1.726278092	1.740958757	-1.740958757	-1.77110071	1.77110071	1.79376134	-1.79376134	1.845791463	-1.845791463	-1.859591697	1.859591697	-1.873406786	1.873406786	1.888631512	-1.888631512	-1.943011858	1.943011858	-1.956447152	1.956447152	-2.021435724	2.021435724	-2.055882975	2.055882975	-2.066434045	2.066434045	2.07836339	-2.07836339	-2.137066104	2.137066104	2.244488238	-2.244488238	-2.287205622	2.287205622	-2.298659915	2.298659915	-2.303859397	2.303859397	-2.361346162	2.361346162	-2.407061183	2.407061183	-2.465651178	2.465651178	-2.472166931	2.472166931	-2.505177591	2.505177591	
-0.88	-0.00570262418	0.00570262418	-0.04570156093	0.04570156093	-0.07578553559	0.07578553559	0.144907954	-0.144907954	-0.2373443867	0.2373443867	-0.3240162872	0.3240162872	0.3295442549	-0.3295442549	-0.3829832015	0.3829832015	0.3881011709	-0.3881011709	-0.3996019275	0.3996019275	0.4653356474	-0.4653356474	-0.5168209518	0.5168209518	0.7978054667	-0.7978054667	-0.8342181946	0.8342181946	-0.9480459107	0.9480459107	-0.9492532274	0.9492532274	1.004002701	-1.004002701	-1.0269468	1.0269468	-1.083145111	1.083145111	-1.112629547	1.112629547	-1.28814224	1.28814224	-1.293382324	1.293382324	-1.300385954	1.300385954	-1.313255949	1.313255949	-1.358647191	1.358647191	-1.393847303	1.393847303	-1.395748265	1.395748265	1.410066478	-1.410066478	-1.509663914	1.509663914	-1.517615331	1.517615331	1.541957662	-1.541957662	-1.644540091	1.644540091	-1.673626249	1.673626249	-1.67529317	1.67529317	-1.704772432	1.704772432	1.710597005	-1.710597005	-1.726111344	1.726111344	-1.741000856	1.741000856	-1.771357369	1.771357369	1.792727803	-1.792727803	-1.846332202	1.846332202	1.85975145	-1.85975145	-1.873135704	1.873135704	1.887574908	-1.887574908	-1.942863858	1.942863858	-1.956403357	1.956403357	2.022966127	-2.022966127	-2.056087474	2.056087474	2.066361994	-2.066361995	2.078407976	-2.078407976	-2.137017828	2.137017828	-2.244765805	2.244765805	2.287071684	-2.287071684	-2.298678585	2.298678585	-2.303931512	2.303931512	2.361707653	-2.361707653	2.406952571	-2.406952571	2.465506549	-2.465506549	-2.472280386	2.472280386	2.505028097	-2.505028097	
-0.87	-0.003718379356	0.003718379356	0.05360327179	-0.05360327179	-0.07126374337	0.07126374337	-0.1390656329	0.1390656329	-0.2337857634	0.2337857634	-0.3275743361	0.3275743361	-0.3313958168	0.3313958168	-0.3847937282	0.3847937282	-0.3906481747	0.3906481747	-0.4057543231	0.4057543231	-0.4685146956	0.4685146956	-0.5215189016	0.5215189016	-0.7977194531	0.7977194531	0.8342333298	-0.8342333298	-0.9459539495	0.9459539495	-0.9476436402	0.9476436402	-1.002456689	1.002456689	-1.030114827	1.030114827	-1.083165867	1.083165867	-1.112605015	1.112605015	1.287105695	-1.287105695	-1.294005882	1.294005882	-1.300620806	1.300620806	-1.31293797	1.31293797	-1.358560111	1.358560111	-1.393802673	1.393802673	-1.395754931	1.395754931	1.4071911	-1.4071911	-1.509256861	1.509256861	1.517659905	-1.517659905	-1.540455915	1.540455915	-1.644563459	1.644563459	-1.673418035	1.673418035	1.674886372	-1.674886372	1.702390276	-1.702390276	1.71216824	-1.71216824	-1.725935676	1.725935676	1.741050321	-1.741050321	-1.771633774	1.771633774	-1.791752928	1.791752928	1.846907722	-1.846907722	-1.859918213	1.859918213	-1.87281494	1.87281494	1.88646812	-1.88646812	1.942703878	-1.942703878	-1.95635579	1.95635579	2.024484695	-2.024484695	-2.056308775	2.056308775	2.066317636	-2.066317636	-2.078456616	2.078456616	-2.13696531	2.13696531	-2.245068343	2.245068343	2.286927106	-2.286927106	-2.298698862	2.298698862	-2.304008889	2.304008889	2.362096541	-2.362096541	2.406836235	-2.406836235	2.465352876	-2.465352876	2.472400065	-2.472400065	-2.504866739	2.504866739	
-0.86	0.001222064742	-0.001222064742	0.06059337979	-0.06059337979	0.06750935627	-0.06750935627	0.1330222888	-0.1330222888	0.2302211339	-0.2302211339	0.3311373957	-0.3311373957	0.3336718137	-0.3336718137	-0.381488747	0.381488747	0.3982782445	-0.3982782446	0.4121553048	-0.4121553048	0.4716894131	-0.4716894131	0.5264730127	-0.5264730127	-0.7976258819	0.7976258819	-0.8342496232	0.8342496232	0.9426490469	-0.9426490469	-0.9472104902	0.9472104902	1.000785237	-1.000785237	-1.033281419	1.033281419	-1.083188141	1.083188141	-1.112578754	1.112578754	1.28594443	-1.28594443	1.294672532	-1.294672532	1.300873935	-1.300873935	1.312537116	-1.312537116	1.358465153	-1.358465153	1.39375442	-1.39375442	1.395758007	-1.395758007	1.404250287	-1.404250287	-1.508818904	1.508818904	-1.517707647	1.517707647	1.538832733	-1.538832733	-1.64458845	1.64458845	1.672960672	-1.672960672	1.674457705	-1.674457705	1.699935124	-1.699935124	1.713908821	-1.713908821	1.725751062	-1.725751062	1.741106514	-1.741106514	1.771927931	-1.771927931	1.790840294	-1.790840294	1.847517111	-1.847517111	1.860089179	-1.860089179	1.872433287	-1.872433287	1.885326247	-1.885326247	-1.942532205	1.942532205	1.956304466	-1.956304466	2.025989744	-2.025989744	2.056546586	-2.056546586	2.066300951	-2.066300951	2.078509261	-2.078509261	-2.136908556	2.136908556	2.245395462	-2.245395462	2.286772311	-2.286772311	-2.29872073	2.29872073	-2.304091187	2.304091187	-2.3625121	2.3625121	-2.40671234	2.40671234	2.465191097	-2.465191097	-2.472525056	2.472525056	2.504693804	-2.504693804	
-0.85	0.0017186705	-0.0017186705	0.05964738343	-0.05964738343	-0.07151134504	0.07151134504	-0.1268052715	0.1268052715	-0.226651799	0.226651799	-0.3347037416	0.3347037416	-0.3363545043	0.3363545043	-0.3781771888	0.3781771888	-0.405874872	0.405874872	-0.418781326	0.418781326	-0.4748593775	0.4748593775	-0.5316652313	0.5316652313	-0.7975246596	0.7975246596	-0.8342670781	0.8342670781	-0.9393389387	0.9393389387	-0.9467468483	0.9467468483	-0.9989915858	0.9989915858	-1.036445053	1.036445053	-1.083211885	1.083211885	-1.112550819	1.112550819	-1.284661637	1.284661637	-1.295380375	1.295380375	-1.301144704	1.301144704	-1.312051647	1.312051647	-1.358362149	1.358362149	-1.393702542	1.393702542	-1.395749631	1.395749631	1.401254399	-1.401254399	-1.508350438	1.508350438	-1.517758345	1.517758345	-1.53709031	1.53709031	-1.64461501	1.64461501	-1.672114621	1.672114621	1.674181759	-1.674181759	-1.697407588	1.697407588	-1.715782325	1.715782325	-1.725557606	1.725557606	1.74116886	-1.74116886	-1.772237612	1.772237612	-1.789993253	1.789993253	-1.848159341	1.848159341	1.860260451	-1.860260451	1.871976505	-1.871976505	-1.884168585	1.884168585	1.942349143	-1.942349143	-1.956249397	1.956249397	2.027479715	-2.027479715	-2.056800597	2.056800597	-2.066311861	2.066311861	-2.078565863	2.078565863	2.136847572	-2.136847572	2.245746744	-2.245746744	-2.286607727	2.286607727	2.29874417	-2.29874417	-2.304178062	2.304178062	-2.362953562	2.362953562	2.40658106	-2.40658106	-2.465022063	2.465022063	-2.472654539	2.472654539	-2.504509595	2.504509595	
-0.84	-0.005058726608	0.005058726608	0.05463685968	-0.05463685968	0.07938695831	-0.07938695831	-0.1204385757	0.1204385757	-0.2230787471	0.2230787471	-0.3382730958	0.3382730958	0.3394231656	-0.3394231656	-0.3748606308	0.3748606308	0.4134313756	-0.4134313756	0.425610254	-0.425610254	-0.4780242511	0.4780242511	-0.537078168	0.537078168	0.7974156849	-0.7974156849	-0.8342856978	0.8342856978	-0.9360239576	0.9360239576	0.9462531286	-0.9462531286	-0.9970785984	0.9970785984	-1.03960475	1.03960475	-1.083237048	1.083237048	1.112521261	-1.112521261	1.283260462	-1.283260462	-1.296127444	1.296127444	-1.301432368	1.301432368	1.311480119	-1.311480119	1.358250894	-1.358250894	1.393647036	-1.393647036	-1.395683544	1.395683544	-1.398252215	1.398252215	-1.507851882	1.507851882	1.517811686	-1.517811686	-1.53523104	1.53523104	-1.644643082	1.644643082	1.670937302	-1.670937302	1.674031862	-1.674031862	-1.694808442	1.694808442	1.717756763	-1.717756763	-1.725355492	1.725355492	1.741236838	-1.741236838	1.772560339	-1.772560339	-1.789214971	1.789214971	-1.848833282	1.848833282	-1.860426379	1.860426379	-1.87142757	1.87142757	1.883019034	-1.883019034	1.942155012	-1.942155012	-1.956190598	1.956190598	2.028953165	-2.028953165	-2.057070482	2.057070482	-2.066350233	2.066350233	-2.078626372	2.078626372	2.136782365	-2.136782365	2.246121736	-2.246121736	-2.286433792	2.286433792	2.298769163	-2.298769163	2.304269169	-2.304269169	2.363420125	-2.363420125	-2.406442578	2.406442578	2.464846536	-2.464846536	-2.472787784	2.472787784	-2.504314431	2.504314431	
-0.83	-0.008762870145	0.008762870145	0.04910432774	-0.04910432774	-0.08759361804	0.08759361804	-0.1139434763	0.1139434763	-0.2195027451	0.2195027451	-0.3418486322	0.3418486322	-0.3428525751	0.3428525751	-0.3715394814	0.3715394814	-0.4209454794	0.4209454794	-0.4326201047	0.4326201047	-0.4811837579	0.4811837579	0.5426951882	-0.5426951882	-0.7972988491	0.7972988491	0.834305486	-0.834305486	-0.932704375	0.932704375	-0.9457297712	0.9457297712	-0.9950489759	0.9950489759	-1.042759827	1.042759827	-1.083263579	1.083263579	-1.112490139	1.112490139	-1.281743988	1.281743988	-1.296911715	1.296911715	-1.301735998	1.301735998	-1.310821485	1.310821485	-1.358131143	1.358131143	-1.393587899	1.393587899	1.394656181	-1.394656181	-1.396149853	1.396149853	-1.507323682	1.507323682	1.517867178	-1.517867178	-1.53325758	1.53325758	-1.644672601	1.644672601	-1.669524476	1.669524476	-1.673937881	1.673937881	-1.692138653	1.692138653	-1.719805394	1.719805394	-1.725144963	1.725144963	-1.741309979	1.741309979	1.772893369	-1.772893369	1.78850845	-1.78850845	-1.849537709	1.849537709	-1.860578374	1.860578374	-1.870768444	1.870768444	1.881905509	-1.881905509	1.941950148	-1.941950148	-1.956128086	1.956128086	-2.030408761	2.030408761	2.057355898	-2.057355898	-2.06641588	2.06641588	-2.078690738	2.078690738	-2.136712941	2.136712941	-2.246519956	2.246519956	2.286250948	-2.286250948	-2.298795687	2.298795687	-2.304364168	2.304364168	2.363910949	-2.363910949	-2.406297087	2.406297087	-2.464665197	2.464665197	-2.472924143	2.472924143	2.504108646	-2.504108646	
-0.82	-0.01280028557	0.01280028557	0.04331236713	-0.04331236713	-0.09587399594	0.09587399594	0.1073392473	-0.1073392473	-0.215924399	0.215924399	0.3454320673	-0.3454320673	0.3466183959	-0.3466183959	-0.3682139981	0.3682139981	0.4284185442	-0.4284185442	-0.4397883257	0.4397883257	0.4843376702	-0.4843376702	-0.5485004689	0.5485004689	-0.7971740359	0.7971740359	-0.8343264462	0.8343264462	0.9293804179	-0.9293804179	-0.9451772419	0.9451772419	-0.992905347	0.992905347	-1.045909775	1.045909775	-1.083291423	1.083291423	-1.112457512	1.112457512	-1.280115225	1.280115225	-1.297731126	1.297731126	-1.302054315	1.302054315	1.310075265	-1.310075265	-1.358002586	1.358002586	1.391664745	-1.391664745	-1.393525128	1.393525128	-1.395952716	1.395952716	-1.50676631	1.50676631	-1.517923984	1.517923984	-1.531173004	1.531173004	-1.644703495	1.644703495	1.667928793	-1.667928793	-1.6738679	1.6738679	-1.689399398	1.689399398	-1.721906505	1.721906505	-1.724926294	1.724926294	-1.741387854	1.741387854	1.773233691	-1.773233691	-1.78787656	1.78787656	-1.850271317	1.850271317	-1.860702644	1.860702644	-1.869984748	1.869984748	1.880857531	-1.880857531	-1.941734898	1.941734898	-1.956061876	1.956061876	-2.031845273	2.031845273	2.057656488	-2.057656488	2.066508559	-2.066508559	-2.078758911	2.078758911	-2.13663931	2.13663931	2.246940893	-2.246940893	-2.28605964	2.28605964	-2.298823721	2.298823721	-2.304462722	2.304462722	-2.364425165	2.364425165	-2.406144787	2.406144787	-2.464478654	2.464478654	-2.473063047	2.473063047	-2.503892587	2.503892587	
-0.81	-0.01714182244	0.01714182244	0.0373208354	-0.0373208354	0.1006440771	-0.1006440771	0.1041760245	-0.1041760245	0.2123441965	-0.2123441965	0.3490186281	-0.3490186281	0.3507026436	-0.3507026436	0.364884382	-0.364884382	-0.4358550391	0.4358550391	0.4470918084	-0.4470918084	-0.4874858015	0.4874858015	-0.5544790286	0.5544790286	-0.7970411211	0.7970411211	0.8343485826	-0.8343485826	-0.9260522806	0.9260522806	-0.9445960319	0.9445960319	0.9906503101	-0.9906503101	1.049054192	-1.049054192	-1.083320524	1.083320524	-1.112423441	1.112423441	1.278377103	-1.278377103	1.298583585	-1.298583585	-1.302385308	1.302385308	1.309241934	-1.309241934	-1.357864821	1.357864821	-1.388437878	1.388437878	1.393458721	-1.393458721	-1.395934855	1.395934855	-1.506180263	1.506180263	-1.517980528	1.517980528	1.528981182	-1.528981182	-1.644735687	1.644735687	-1.666179449	1.666179449	-1.673809226	1.673809226	1.68659206	-1.68659206	-1.724042745	1.724042745	-1.724699788	1.724699788	1.74147007	-1.74147007	1.773578042	-1.773578042	1.787322041	-1.787322041	1.851032735	-1.851032735	-1.860775732	1.860775732	-1.869074762	1.869074762	1.879901683	-1.879901683	-1.941509625	1.941509625	-1.955991986	1.955991986	-2.033261568	2.033261568	2.057971881	-2.057971881	2.066627977	-2.066627977	2.078830839	-2.078830839	2.136561479	-2.136561479	2.247384006	-2.247384006	-2.285860311	2.285860311	-2.298853239	2.298853239	2.304564503	-2.304564503	-2.364961877	2.364961877	2.405985888	-2.405985888	2.46428745	-2.46428745	-2.473203992	2.473203992	-2.503666613	2.503666613	
-0.8	0.02175796455	-0.02175796455	0.03115806171	-0.03115806171	0.09387647053	-0.09387647053	0.1124802894	-0.1124802894	-0.208762536	0.208762536	-0.3526051119	0.3526051119	-0.3550859975	0.3550859975	-0.361550802	0.361550802	0.4432615023	-0.4432615023	-0.4545075287	0.4545075287	0.4906280044	-0.4906280044	-0.5606167352	0.5606167352	-0.7968999729	0.7968999729	-0.834371899	0.834371899	-0.9227201327	0.9227201327	-0.943986657	0.943986657	-0.9882864514	0.9882864514	-1.052192744	1.052192744	-1.083350824	1.083350824	-1.11238799	1.11238799	-1.276532477	1.276532477	1.299466979	-1.299466979	-1.302725249	1.302725249	1.308323898	-1.308323898	-1.357717302	1.357717302	-1.385134286	1.385134286	-1.393388676	1.393388676	-1.395940394	1.395940394	-1.505566061	1.505566061	-1.518033398	1.518033398	-1.526687868	1.526687868	-1.644769085	1.644769085	1.664295076	-1.664295076	1.673756289	-1.673756289	1.683718227	-1.683718227	-1.724465759	1.724465759	1.726200343	-1.726200343	-1.741556269	1.741556269	1.773922964	-1.773922964	-1.78684749	1.78684749	1.851820533	-1.851820533	1.860755716	-1.860755716	-1.868063585	1.868063585	-1.87905625	1.87905625	-1.9412747	1.9412747	-1.955918434	1.955918434	2.034656608	-2.034656608	2.058301696	-2.058301696	2.066773792	-2.066773792	-2.07890647	2.07890647	-2.136479458	2.136479458	-2.247848724	2.247848724	-2.285653406	2.285653406	-2.298884219	2.298884219	-2.304669194	2.304669194	-2.365520162	2.365520162	2.405820606	-2.405820606	-2.46409207	2.46409207	-2.473346536	2.473346536	-2.503431094	2.503431094	
-0.79	0.02484327841	-0.02484327841	-0.02661606163	0.02661606163	-0.08705789995	0.08705789995	0.1207768435	-0.1207768435	-0.2051797485	0.2051797485	0.3561912769	-0.3561912769	0.3582134062	-0.3582134062	0.3597467131	-0.3597467131	0.4506452856	-0.4506452856	0.4620134634	-0.4620134634	-0.4937641763	0.4937641763	-0.5669002964	0.5669002964	0.7967504516	-0.7967504516	-0.8343963996	0.8343963996	-0.919384125	0.919384125	-0.9433496571	0.9433496571	0.9858163504	-0.9858163504	-1.055325146	1.055325146	1.083382263	-1.083382263	-1.112351221	1.112351221	-1.274584131	1.274584131	-1.300379188	1.300379188	-1.303065612	1.303065612	1.307328574	-1.307328574	-1.357559242	1.357559242	-1.381772476	1.381772476	1.393314989	-1.393314989	-1.395953887	1.395953887	-1.504924252	1.504924252	1.51807352	-1.51807352	-1.524304514	1.524304514	-1.644803582	1.644803582	1.662288743	-1.662288743	-1.673706361	1.673706361	-1.68077968	1.68077968	1.724224531	-1.724224531	1.728368388	-1.728368388	-1.741646119	1.741646119	1.774264896	-1.774264896	-1.786455289	1.786455289	1.852633237	-1.852633237	-1.860566929	1.860566929	-1.867021767	1.867021767	-1.878327857	1.878327857	1.941030505	-1.941030505	-1.955841241	1.955841241	-2.036029438	2.036029438	-2.058645537	2.058645537	2.066945615	-2.066945615	-2.078985749	2.078985749	-2.136393257	2.136393257	2.248334446	-2.248334446	-2.285439368	2.285439368	-2.298916632	2.298916632	2.304776486	-2.304776486	-2.366099079	2.366099079	-2.405649165	2.405649165	-2.463892947	2.463892947	-2.473490288	2.473490288	-2.503186409	2.503186409	
-0.78	0.01839193158	-0.01839193158	0.03167420962	-0.03167420962	-0.08021902117	0.08021902117	0.1290594896	-0.1290594896	0.2015961128	-0.2015961128	0.3548723272	-0.3548723272	0.3597774109	-0.3597774109	0.3646632857	-0.3646632857	0.4580134503	-0.4580134503	0.4695893957	-0.4695893957	0.496894274	-0.496894274	0.5733172374	-0.5733172374	-0.7965924095	0.7965924095	0.8344220887	-0.8344220887	-0.916044394	0.916044394	-0.9426855961	0.9426855961	-0.9832425812	0.9832425812	-1.058451144	1.058451144	1.083414783	-1.083414783	-1.112313203	1.112313203	-1.272534783	1.272534783	1.301318093	-1.301318093	1.30338034	-1.30338034	1.306281107	-1.306281107	1.357389433	-1.357389433	1.378359831	-1.378359831	1.393237657	-1.393237657	-1.395971442	1.395971442	-1.504255404	1.504255404	-1.51806674	1.51806674	-1.521867676	1.521867676	1.644839037	-1.644839037	1.660170152	-1.660170152	-1.673657989	1.673657989	-1.677778377	1.677778377	1.723976432	-1.723976432	-1.730538212	1.730538212	1.741739312	-1.741739312	-1.774600333	1.774600333	-1.786147482	1.786147482	-1.853469338	1.853469338	1.860086896	-1.860086896	1.866077657	-1.866077657	1.877712192	-1.877712192	-1.940777431	1.940777431	1.955760426	-1.955760426	-2.037379187	2.037379187	2.059003001	-2.059003001	-2.067143009	2.067143009	2.079068622	-2.079068622	-2.136302888	2.136302888	2.248840545	-2.248840545	-2.285218638	2.285218638	-2.298950451	2.298950451	2.304886083	-2.304886083	-2.366697667	2.366697667	2.405471794	-2.405471794	-2.463690473	2.463690473	-2.473634907	2.473634907	2.502932946	-2.502932946	
-0.77	0.01181743227	-0.01181743227	0.03686320452	-0.03686320452	-0.07341789725	0.07341789725	0.1373238232	-0.1373238232	-0.1980118675	0.1980118675	-0.3515276864	0.3515276864	-0.3633636578	0.3633636578	-0.3698152918	0.3698152918	-0.4653720261	0.4653720261	-0.4772173833	0.4772173833	-0.5000183467	0.5000183467	-0.5798558689	0.5798558689	-0.7964256909	0.7964256909	-0.8344489707	0.8344489707	-0.9127010647	0.9127010647	-0.9419950609	0.9419950609	0.9805677098	-0.9805677098	-1.061570506	1.061570506	-1.083448321	1.083448321	-1.112274001	1.112274001	1.270387095	-1.270387095	1.302281577	-1.302281577	-1.303550667	1.303550667	1.305299548	-1.305299548	1.357205843	-1.357205843	-1.374902094	1.374902094	-1.393156676	1.393156676	-1.395991627	1.395991627	-1.50356011	1.50356011	-1.517769103	1.517769103	1.519623727	-1.519623727	-1.644875252	1.644875252	-1.657946802	1.657946802	-1.673610347	1.673610347	1.674716435	-1.674716435	1.723721791	-1.723721791	1.732702903	-1.732702903	-1.741835564	1.741835564	1.774926054	-1.774926054	1.785925585	-1.785925585	1.854327301	-1.854327301	1.859181259	-1.859181259	-1.865378491	1.865378491	1.877197978	-1.877197978	-1.940515877	1.940515877	-1.95567601	1.95567601	2.038705058	-2.038705058	2.059373675	-2.059373675	-2.067365497	2.067365497	-2.079155033	2.079155033	2.136208362	-2.136208362	-2.249366363	2.249366363	2.284991657	-2.284991657	2.298985648	-2.298985648	-2.304997702	2.304997702	-2.367314949	2.367314949	-2.405288731	2.405288731	-2.463484998	2.463484998	2.473780089	-2.473780089	2.5026711	-2.5026711	
-0.76	0.005131919939	-0.005131919939	0.04201616945	-0.04201616945	0.06681059066	-0.06681059066	0.1455664072	-0.1455664072	-0.1944272201	0.1944272201	0.3481795967	-0.3481795967	-0.366950024	0.366950024	0.3751834919	-0.3751834919	0.4727256437	-0.4727256437	-0.4848818468	0.4848818468	-0.5031366111	0.5031366111	-0.5865052486	0.5865052486	-0.796250132	0.796250132	0.83447705	-0.83447705	-0.9093542536	0.9093542536	-0.9412786615	0.9412786615	-0.9777942903	0.9777942903	-1.064683016	1.064683016	-1.083482816	1.083482816	-1.112233684	1.112233684	1.268143676	-1.268143676	-1.303090809	1.303090809	-1.303267538	1.303267538	-1.304869143	1.304869143	1.357004669	-1.357004669	-1.37140601	1.37140601	-1.393072044	1.393072044	-1.396013791	1.396013791	-1.502838985	1.502838985	1.516009542	-1.516009542	-1.518746164	1.518746164	-1.644911897	1.644911897	1.655624735	-1.655624735	1.671596114	-1.671596114	-1.673562947	1.673562947	-1.723460933	1.723460933	1.734856915	-1.734856915	1.741934607	-1.741934607	-1.7752394	1.7752394	1.785790341	-1.785790341	-1.855205577	1.855205577	1.857808266	-1.857808266	-1.864981327	1.864981327	1.876771557	-1.876771557	1.940246246	-1.940246246	-1.955588017	1.955588017	2.040006329	-2.040006329	-2.059757137	2.059757137	-2.06761256	2.06761256	2.079244925	-2.079244925	-2.136109693	2.136109693	2.249911215	-2.249911215	-2.284758862	2.284758862	2.299022191	-2.299022191	-2.305111072	2.305111072	-2.367949939	2.367949939	2.405100215	-2.405100215	2.463276844	-2.463276844	-2.473925568	2.473925568	-2.502401272	2.502401272	
-0.75	0.001653232063	-0.001653232063	-0.04647175988	0.04647175988	-0.06104825755	0.06104825755	-0.1537843684	0.1537843684	-0.190842355	0.190842355	-0.3448281643	0.3448281643	-0.3705364459	0.3705364459	0.380749826	-0.380749826	-0.4800774233	0.4800774233	0.4925693174	-0.4925693174	0.5062496432	-0.5062496432	-0.593255139	0.593255139	-0.7960655612	0.7960655612	-0.8345063309	0.8345063309	-0.9060040701	0.9060040701	-0.9405370301	0.9405370301	0.9749248613	-0.9749248613	-1.067788467	1.067788467	-1.083518206	1.083518206	-1.112192321	1.112192321	1.265807093	-1.265807093	1.301926093	-1.301926093	1.304273884	-1.304273884	-1.305064203	1.305064203	-1.356777676	1.356777676	-1.367882457	1.367882457	-1.392983753	1.392983753	-1.396037597	1.396037597	-1.502092667	1.502092667	1.513353401	-1.513353401	-1.518672069	1.518672069	-1.644948306	1.644948306	-1.653209179	1.653209179	-1.668419797	1.668419797	1.673515493	-1.673515493	-1.723194184	1.723194184	-1.736995774	1.736995774	-1.742036189	1.742036189	-1.775538574	1.775538574	-1.785741445	1.785741445	-1.856044466	1.856044466	-1.85610261	1.85610261	-1.864824107	1.864824107	1.876420123	-1.876420123	-1.939968949	1.939968949	-1.955496469	1.955496469	-2.041282343	2.041282343	-2.060152958	2.060152958	-2.067883641	2.067883641	2.079338241	-2.079338241	2.136006895	-2.136006895	2.250474388	-2.250474388	2.284520693	-2.284520693	2.299060051	-2.299060051	-2.305225936	2.305225936	-2.368601639	2.368601639	-2.404906495	2.404906495	-2.4630663	2.4630663	-2.474071105	2.474071105	-2.502123868	2.502123868	
-0.74	0.008526713988	-0.008526713988	0.04710319779	-0.04710319779	-0.05924872605	0.05924872605	-0.1619751736	0.1619751736	-0.1872574438	0.1872574438	-0.3414734901	0.3414734901	-0.3741228296	0.3741228296	0.3864973963	-0.3864973963	-0.4874289421	0.4874289421	-0.500267684	0.500267684	0.509359017	-0.509359017	-0.6000959625	0.6000959625	-0.7958717985	0.7958717985	-0.8345368179	0.8345368179	-0.9026506182	0.9026506182	-0.9397708208	0.9397708208	-0.9719619414	0.9719619414	-1.070886662	1.070886662	-1.083554428	1.083554428	-1.11214998	1.11214998	1.263379878	-1.263379878	1.300505967	-1.300505967	1.305298537	-1.305298537	-1.305435076	1.305435076	1.356502896	-1.356502896	-1.364355933	1.364355933	-1.3928918	1.3928918	-1.396062852	1.396062852	-1.501321815	1.501321815	-1.510493409	1.510493409	-1.518711135	1.518711135	-1.644982686	1.644982686	-1.650705641	1.650705641	-1.665189977	1.665189977	-1.673467808	1.673467808	-1.722921863	1.722921863	-1.739115844	1.739115844	-1.742140073	1.742140073	1.775822901	-1.775822901	1.785777323	-1.785777323	1.853993147	-1.853993147	-1.857016845	1.857016845	-1.864815672	1.864815672	1.87613327	-1.87613327	-1.939684399	1.939684399	-1.95540139	1.95540139	-2.042532507	2.042532507	-2.060560705	2.060560705	-2.068178146	2.068178146	-2.079434922	2.079434922	2.135899983	-2.135899983	-2.251055138	2.251055138	-2.284277589	2.284277589	-2.299099192	2.299099192	2.305342051	-2.305342051	-2.369269045	2.369269045	-2.404707821	2.404707821	-2.462853633	2.462853633	-2.474216491	2.474216491	-2.501839298	2.501839298	
-0.73	0.01547506384	-0.01547506384	0.04222072215	-0.04222072215	0.06309620813	-0.06309620813	0.1701364708	-0.1701364708	-0.1836726809	0.1836726809	-0.3381156713	0.3381156713	-0.3777090701	0.3777090701	-0.392410441	0.392410441	-0.494780034	0.494780034	-0.507962485	0.507962485	0.5124710881	-0.5124710881	-0.6070187558	0.6070187558	0.795668656	-0.795668656	-0.8345685155	0.8345685155	0.8992939977	-0.8992939977	-0.9389807093	0.9389807093	-0.9689080261	0.9689080261	-1.073977404	1.073977404	1.083591419	-1.083591419	-1.112106732	1.112106732	-1.260864529	1.260864529	1.298951196	-1.298951196	1.305860951	-1.305860951	-1.306339425	1.306339425	1.356098966	-1.356098966	-1.360910292	1.360910292	1.392796178	-1.392796178	1.396089436	-1.396089436	-1.50052711	1.50052711	-1.507515001	1.507515001	1.518780339	-1.518780339	-1.645007233	1.645007233	-1.648125011	1.648125011	-1.661909237	1.661909237	-1.673419788	1.673419788	-1.722644286	1.722644286	1.741214154	-1.741214154	1.742246033	-1.742246033	1.776092974	-1.776092974	-1.785895004	1.785895004	1.851729485	-1.851729485	-1.857946733	1.857946733	1.864890254	-1.864890254	1.875903348	-1.875903348	-1.939393014	1.939393014	-1.955302807	1.955302807	-2.043756289	2.043756289	-2.060979935	2.060979935	-2.06849545	2.06849545	-2.079534908	2.079534908	-2.135788973	2.135788973	2.251652693	-2.251652693	-2.284029992	2.284029992	2.299139583	-2.299139583	2.305459185	-2.305459185	-2.369951151	2.369951151	-2.404504447	2.404504447	2.462639091	-2.462639091	-2.47436154	2.47436154	2.501547973	-2.501547973	
-0.72	0.02246721402	-0.02246721402	-0.03570875302	0.03570875302	0.06871954208	-0.06871954208	0.1782647661	-0.1782647661	0.180089529	-0.180089529	0.3347548019	-0.3347548019	0.3812950608	-0.3812950608	0.3984742959	-0.3984742959	-0.5021278336	0.5021278336	0.5153131298	-0.5153131298	-0.515921622	0.515921622	-0.6140151248	0.6140151248	0.7954559375	-0.7954559375	-0.834601428	0.834601428	0.895934305	-0.895934305	-0.9381673922	0.9381673922	0.9657655843	-0.9657655843	1.077060503	-1.077060503	-1.083629117	1.083629117	-1.112062645	1.112062645	-1.258263521	1.258263521	-1.297288509	1.297288509	1.306315195	-1.306315195	1.307394466	-1.307394466	-1.355110669	1.355110669	-1.358003264	1.358003264	1.392696878	-1.392696878	-1.396117271	1.396117271	-1.499709253	1.499709253	1.504437273	-1.504437273	1.518862976	-1.518862976	-1.644874406	1.644874406	1.645617444	-1.645617444	1.658580236	-1.658580236	-1.673371376	1.673371376	-1.722361764	1.722361764	1.742353853	-1.742353853	-1.743288259	1.743288259	1.77635064	-1.77635064	-1.786090172	1.786090172	-1.849300229	1.849300229	-1.858890742	1.858890742	1.865008035	-1.865008035	1.875725221	-1.875725221	1.939095212	-1.939095212	-1.955200747	1.955200747	2.044953211	-2.044953211	2.061410205	-2.061410205	2.068834894	-2.068834894	-2.079638141	2.079638141	-2.135673884	2.135673884	-2.252266251	2.252266251	2.283778349	-2.283778349	-2.299181187	2.299181187	2.305577121	-2.305577121	-2.370646949	2.370646949	2.404296633	-2.404296633	-2.462422901	2.462422901	-2.474506083	2.474506083	2.501250309	-2.501250309	
-0.71	0.02798680251	-0.02798680251	0.03032694306	-0.03032694306	0.07485877973	-0.07485877973	-0.1765031329	0.1765031329	-0.1863629598	0.1863629598	0.3313909738	-0.3313909738	-0.3848806965	0.3848806965	-0.4046753449	0.4046753449	-0.5094625778	0.5094625778	-0.5186440832	0.5186440832	0.5233887174	-0.5233887174	-0.6210772	0.6210772	-0.7952334392	0.7952334392	-0.8346355597	0.8346355597	-0.8925716341	0.8925716342	0.9373315869	-0.9373315869	0.9625370561	-0.9625370561	-1.080135767	1.080135767	-1.083667459	1.083667459	-1.11201779	1.11201779	-1.255579311	1.255579311	-1.295526863	1.295526863	1.306789085	-1.306789085	1.308461547	-1.308461547	-1.35247446	1.35247446	-1.356700979	1.356700979	-1.392593891	1.392593891	-1.396146303	1.396146303	-1.498868967	1.498868967	1.50126803	-1.50126803	1.518953619	-1.518953619	-1.642596378	1.642596378	-1.645173026	1.645173026	-1.655205701	1.655205701	1.673322549	-1.673322549	-1.722074602	1.722074602	-1.742463324	1.742463324	1.745336139	-1.745336139	-1.776598804	1.776598804	-1.786357372	1.786357372	1.846734421	-1.846734421	-1.859847358	1.859847358	1.865144893	-1.865144893	1.875595793	-1.875595793	-1.938791414	1.938791414	-1.955095236	1.955095236	-2.04612285	2.04612285	2.061851064	-2.061851064	2.069195792	-2.069195792	-2.079744562	2.079744562	2.135554735	-2.135554735	-2.252894978	2.252894978	-2.283523116	2.283523116	2.299223967	-2.299223967	-2.305695654	2.305695654	2.37135543	-2.37135543	2.40408464	-2.40408464	-2.462205276	2.462205276	2.474649971	-2.474649971	-2.50094672	2.50094672	
-0.7	0.02146754291	-0.02146754291	0.03688618111	-0.03688618111	0.08125375716	-0.08125375716	-0.172919424	0.172919424	-0.194423208	0.194423208	-0.328024277	0.328024277	-0.3884658756	0.3884658756	-0.4110009631	0.4110009631	-0.5167417024	0.5167417024	-0.5218138243	0.5218138243	-0.5310496717	0.5310496717	-0.6281975945	0.6281975945	-0.795000949	0.795000949	-0.8346709147	0.8346709147	-0.8892060773	0.8892060773	-0.9364740313	0.9364740313	-0.9592248506	0.9592248506	-1.083203003	1.083203003	-1.083706384	1.083706384	-1.111972236	1.111972236	1.252814341	-1.252814341	-1.293670459	1.293670459	-1.307278782	1.307278782	1.309538469	-1.309538469	1.348989413	-1.348989413	-1.356207083	1.356207083	-1.392487203	1.392487203	-1.396176493	1.396176493	-1.498006993	1.498006993	1.498011932	-1.498011932	-1.519049959	1.519049959	-1.639773954	1.639773954	-1.645192949	1.645192949	-1.651788412	1.651788412	-1.673273307	1.673273307	-1.7217831	1.7217831	-1.742574248	1.742574248	-1.747356112	1.747356112	-1.776841112	1.776841112	1.786690358	-1.786690358	1.844051018	-1.844051018	1.860815091	-1.860815091	1.865285302	-1.865285302	-1.875513487	1.875513487	1.938482041	-1.938482041	-1.954986306	1.954986306	-2.04726483	2.04726483	-2.062302059	2.062302059	2.06957743	-2.06957743	-2.079854112	2.079854112	-2.135431546	2.135431546	-2.253538007	2.253538007	2.283264755	-2.283264755	-2.299267887	2.299267887	2.305814592	-2.305814592	-2.37207559	2.37207559	2.403868731	-2.403868731	-2.461986417	2.461986417	2.474793072	-2.474793072	-2.500637623	2.500637623	
-0.69	-0.01430391336	0.01430391336	0.04406146141	-0.04406146141	0.08782047573	-0.08782047573	-0.1693361452	0.1693361452	0.202445873	-0.202445873	0.3246548008	-0.3246548008	-0.3920504997	0.3920504997	-0.4174394543	0.4174394543	-0.5234913906	0.5234913906	-0.5255008067	0.5255008067	0.5386934059	-0.5386934059	0.6353693626	-0.6353693626	-0.7947582474	0.7947582474	-0.834707497	0.834707497	-0.8858377252	0.8858377252	-0.9355954829	0.9355954829	-0.9558313448	0.9558313448	-1.08374583	1.08374583	1.086262018	-1.086262018	-1.111926051	1.111926051	1.249971042	-1.249971042	1.291721887	-1.291721887	-1.307782183	1.307782183	-1.310622857	1.310622857	1.345312073	-1.345312073	-1.355867988	1.355867988	-1.392376801	1.392376801	-1.396207812	1.396207812	-1.494672477	1.494672477	-1.497124094	1.497124094	-1.519150828	1.519150828	1.636856491	-1.636856491	-1.64522965	1.64522965	-1.648331197	1.648331197	-1.673223664	1.673223664	1.721487553	-1.721487553	1.742686432	-1.742686432	-1.749346774	1.749346774	1.777081569	-1.777081569	1.787082483	-1.787082483	1.841263155	-1.841263155	-1.861792481	1.861792481	-1.865418581	1.865418581	1.87547774	-1.87547774	1.938167512	-1.938167512	1.954873986	-1.954873986	2.048378824	-2.048378824	2.062762735	-2.062762735	-2.069979069	2.069979069	-2.079966734	2.079966734	-2.13530434	2.13530434	2.254194438	-2.254194438	-2.283003746	2.283003746	-2.299312908	2.299312908	2.305933752	-2.305933752	2.372806432	-2.372806432	2.403649173	-2.403649173	2.461766511	-2.461766511	-2.474935263	2.474935263	-2.500323432	2.500323432	
-0.68	-0.007069277292	0.007069277292	-0.05130450244	0.05130450244	0.09452029832	-0.09452029832	-0.1657534951	0.1657534951	0.2104288614	-0.2104288614	-0.3212826335	0.3212826335	-0.3956344737	0.3956344737	-0.4239799856	0.4239799856	-0.5274954094	0.5274954094	-0.531924416	0.531924416	-0.5463106108	0.5463106108	-0.6425859616	0.6425859616	-0.7945051073	0.7945051073	0.8347453104	-0.8347453104	-0.882466668	0.882466668	-0.934696719	0.934696719	-0.952358883	0.952358883	-1.083785736	1.083785736	-1.089312615	1.089312615	-1.111879303	1.111879303	1.247051841	-1.247051841	-1.289683116	1.289683116	-1.308297919	1.308297919	-1.311711966	1.311711966	-1.341562601	1.341562601	-1.355566936	1.355566936	-1.392262663	1.392262663	-1.396240237	1.396240237	1.491252645	-1.491252645	-1.496221051	1.496221051	-1.51925555	1.51925555	-1.633858103	1.633858103	1.644836925	-1.644836925	-1.645270666	1.645270666	-1.673173646	1.673173646	1.721188252	-1.721188252	-1.742799687	1.742799687	-1.751306942	1.751306942	-1.777324198	1.777324198	1.787527068	-1.787527068	1.838380471	-1.838380471	-1.862778101	1.862778101	1.865537031	-1.865537031	-1.87548853	1.87548853	-1.937848247	1.937848247	-1.954758309	1.954758309	2.049464549	-2.049464549	2.063232631	-2.063232631	2.070399947	-2.070399947	2.080082373	-2.080082373	2.13517314	-2.13517314	-2.25486333	2.25486333	-2.282740585	2.282740585	-2.299358988	2.299358988	-2.306052967	2.306052967	2.373546964	-2.373546964	-2.403426232	2.403426232	-2.461545738	2.461545738	-2.475076437	2.475076437	-2.500004559	2.500004559	
-0.67	-0.0002032964087	0.0002032964088	0.0585922764	-0.0585922764	0.101330534	-0.101330534	-0.16217159	0.16217159	-0.2183701485	0.2183701485	0.3179078637	-0.3179078637	-0.3992177052	0.3992177052	-0.4306125221	0.4306125221	0.5306553585	-0.5306553585	0.5391824505	-0.5391824505	-0.5538959677	0.5538959677	-0.6498412158	0.6498412158	0.7942412943	-0.7942412943	0.8347843583	-0.8347843583	-0.8790929955	0.8790929955	-0.9337785363	0.9337785363	-0.9488097764	0.9488097764	-1.083826042	1.083826042	1.092354595	-1.092354595	-1.111832061	1.111832061	-1.244059161	1.244059161	1.287555875	-1.287555875	-1.308824975	1.308824975	-1.312802263	1.312802263	-1.337773896	1.337773896	1.355275294	-1.355275294	-1.392144768	1.392144768	-1.396273749	1.396273749	-1.487755152	1.487755152	-1.495298664	1.495298664	1.519363689	-1.519363689	1.630782714	-1.630782714	-1.641308499	1.641308499	1.645313614	-1.645313614	-1.673123288	1.673123288	-1.72088548	1.72088548	1.742913833	-1.742913833	1.753235622	-1.753235622	1.777572753	-1.777572753	-1.788017687	1.788017687	-1.835410418	1.835410418	-1.863770556	1.863770556	-1.865635045	1.865635045	-1.875545957	1.875545957	1.937524663	-1.937524663	-1.954639309	1.954639309	-2.050521761	2.050521761	2.063711287	-2.063711287	2.07083928	-2.07083928	2.080200976	-2.080200976	-2.135037972	2.135037972	-2.255543704	2.255543704	-2.282475791	2.282475791	-2.299406088	2.299406088	2.306172078	-2.306172078	2.374296205	-2.374296205	-2.403200177	2.403200177	-2.461324267	2.461324267	2.475216496	-2.475216496	2.499681416	-2.499681416	
-0.66	-0.007500543139	0.007500543139	0.06591541301	-0.06591541301	0.1082354781	-0.1082354781	0.1585905328	-0.1585905328	0.226267699	-0.226267699	0.3145305797	-0.3145305797	0.4028001038	-0.4028001038	0.4373277626	-0.4373277626	-0.5337287622	0.5337287622	-0.5465160232	0.5465160232	0.5614451082	-0.5614451082	0.6571292818	-0.6571292818	0.7939665673	-0.7939665673	-0.834824644	0.834824644	0.8757167974	-0.8757167974	-0.9328417504	0.9328417504	0.9451863036	-0.9451863036	-1.083866689	1.083866689	1.095387754	-1.095387754	-1.111784392	1.111784392	-1.240995428	1.240995428	-1.285341812	1.285341812	-1.309362516	1.309362516	1.313888388	-1.313888388	1.333962273	-1.333962273	-1.354982928	1.354982928	-1.392023083	1.392023083	-1.396308331	1.396308331	-1.484182561	1.484182561	-1.494357753	1.494357753	1.519474937	-1.519474937	-1.627632604	1.627632604	-1.637748855	1.637748855	-1.645357684	1.645357684	-1.673072629	1.673072629	1.720579518	-1.720579518	-1.743028693	1.743028693	1.75513197	-1.75513197	1.777830551	-1.777830551	1.788548363	-1.788548363	-1.832359026	1.832359026	-1.864768492	1.864768492	-1.865708696	1.865708696	-1.8756499	1.8756499	-1.937197172	1.937197172	-1.954517022	1.954517022	2.051550257	-2.051550257	2.06419824	-2.06419824	-2.071296264	2.071296264	2.080322498	-2.080322498	2.134898863	-2.134898863	-2.256234532	2.256234532	-2.282209914	2.282209914	-2.299454165	2.299454165	-2.306290936	2.306290936	-2.375053182	2.375053182	-2.402971278	2.402971278	-2.461102262	2.461102262	-2.47535535	2.47535535	-2.49935441	2.49935441	
-0.65	0.0148147236	-0.0148147236	0.07326722104	-0.07326722104	0.1152230479	-0.1152230479	-0.1550104229	0.1550104229	0.2341194483	-0.2341194483	-0.3111508707	0.3111508707	-0.4063815808	0.4063815808	-0.4441170772	0.4441170772	0.5367731665	-0.5367731665	0.5538659294	-0.5538659294	-0.5689541111	0.5689541111	-0.6644446176	0.6644446176	-0.7936806787	0.7936806787	-0.8348661703	0.8348661703	-0.8723381641	0.8723381641	-0.9318871954	0.9318871954	-0.9414907119	0.9414907119	-1.083907619	1.083907619	-1.098411882	1.098411882	-1.11173636	1.11173636	1.237863071	-1.237863071	-1.283042573	1.283042573	-1.309909814	1.309909814	1.314960103	-1.314960103	-1.330143418	1.330143418	-1.354685297	1.354685297	1.391897571	-1.391897571	-1.396343969	1.396343969	1.480537343	-1.480537343	-1.493399154	1.493399154	-1.519589062	1.519589062	1.624409563	-1.624409563	-1.634160961	1.634160961	-1.645402499	1.645402499	-1.673021713	1.673021713	1.720270643	-1.720270643	1.743144097	-1.743144097	-1.756995263	1.756995263	1.778100379	-1.778100379	1.78911366	-1.78911366	1.829231372	-1.829231372	-1.865755516	1.865755516	-1.865770594	1.865770594	-1.87579976	1.87579976	-1.936866188	1.936866188	-1.954391486	1.954391486	-2.052549869	2.052549869	2.064693025	-2.064693025	2.071770073	-2.071770073	-2.080446895	2.080446895	-2.134755844	2.134755844	-2.256934735	2.256934735	2.281943538	-2.281943538	-2.299503176	2.299503176	2.306409404	-2.306409404	2.375816937	-2.375816937	-2.402739802	2.402739802	-2.460879881	2.460879881	-2.475492919	2.475492919	-2.499023946	2.499023946	
-0.64	-0.02214050507	0.02214050507	-0.08064198217	0.08064198217	0.1222833074	-0.1222833074	-0.1514313596	0.1514313596	-0.2419232929	0.2419232929	-0.3077688268	0.3077688268	-0.4099620482	0.4099620482	-0.4509724484	0.4509724484	-0.5398003317	0.5398003317	-0.5612185804	0.5612185804	-0.5764193399	0.5764193399	-0.6717819523	0.6717819523	-0.7933833752	0.7933833752	-0.8349089395	0.8349089395	-0.8689571866	0.8689571866	-0.9309157242	0.9309157242	-0.9377252181	0.9377252181	-1.083948774	1.083948774	-1.101426766	1.101426766	-1.111688031	1.111688031	-1.23466453	1.23466453	1.280659841	-1.280659841	-1.310466196	1.310466196	1.315990704	-1.315990704	-1.326347437	1.326347437	-1.354380001	1.354380001	-1.391768182	1.391768182	-1.39638065	1.39638065	-1.476821906	1.476821906	-1.492423723	1.492423723	-1.519705871	1.519705871	1.621115191	-1.621115191	1.630547813	-1.630547813	-1.645447844	1.645447844	-1.672970587	1.672970587	-1.719959126	1.719959126	-1.743259877	1.743259877	-1.758824885	1.758824885	1.77838447	-1.77838447	-1.789708714	1.789708714	-1.82603188	1.82603188	1.865774341	-1.865774341	1.866775586	-1.866775586	-1.875994328	1.875994328	-1.936532115	1.936532115	-1.954262739	1.954262739	-2.053520466	2.053520466	-2.065195176	2.065195176	-2.072259862	2.072259862	-2.080574137	2.080574137	2.134608946	-2.134608946	2.257643176	-2.257643176	2.281677297	-2.281677297	-2.299553076	2.299553076	2.306527352	-2.306527352	-2.376586524	2.376586524	-2.40250602	2.40250602	-2.460657274	2.460657274	-2.475629129	2.475629129	-2.498690424	2.498690424	
-0.63	0.02947382994	-0.02947382994	0.088034491	-0.088034491	0.1294077381	-0.1294077381	-0.1478534443	0.1478534443	0.2496770825	-0.2496770825	0.3043845392	-0.3043845392	-0.4135414184	0.4135414184	0.4578864151	-0.4578864151	0.5428140399	-0.5428140399	0.568568239	-0.568568239	-0.5838373689	0.5838373689	-0.6791362591	0.6791362591	-0.7930743984	0.7930743984	-0.8349529537	0.8349529537	-0.8655739572	0.8655739572	-0.9299282076	0.9299282076	-0.933892011	0.933892011	-1.083990099	1.083990099	-1.104432185	1.104432185	-1.111639469	1.111639469	-1.231402251	1.231402251	1.278195352	-1.278195352	-1.311031027	1.311031027	1.316869448	-1.316869448	1.322687618	-1.322687618	-1.354065598	1.354065598	-1.391634856	1.391634856	-1.396418359	1.396418359	-1.473038619	1.473038619	-1.491432333	1.491432333	1.519825199	-1.519825199	-1.617750997	1.617750997	-1.626912438	1.626912438	-1.645493575	1.645493575	-1.672919299	1.672919299	1.719645236	-1.719645236	1.743375873	-1.743375873	-1.760620296	1.760620296	1.778684533	-1.778684533	1.790329219	-1.790329219	1.82276452	-1.82276452	-1.865765132	1.865765132	1.867782236	-1.867782236	-1.876231754	1.876231754	-1.936195358	1.936195358	-1.954130824	1.954130824	2.054461947	-2.054461947	2.065704228	-2.065704228	-2.072764763	2.072764763	2.080704203	-2.080704203	-2.134458204	2.134458204	2.258358646	-2.258358646	-2.28141188	2.28141188	-2.299603821	2.299603821	2.30664466	-2.30664466	-2.377361014	2.377361014	2.402270198	-2.402270198	2.46043459	-2.46043459	-2.475763914	2.475763914	-2.498354239	2.498354239	
-0.62	-0.03681139698	0.03681139698	-0.09543988233	0.09543988233	0.1365888373	-0.1365888373	-0.1442767831	0.1442767831	0.257378613	-0.257378613	0.3009981007	-0.3009981007	0.4171196035	-0.4171196035	-0.4648520207	0.4648520207	-0.5458157795	0.5458157795	-0.5759113464	0.5759113464	-0.5912049424	0.5912049424	-0.6865027296	0.6865027296	-0.7927534858	0.7927534858	-0.8349982142	0.8349982142	-0.8621885695	0.8621885695	-0.9289255343	0.9289255343	-0.9299932532	0.9299932532	-1.084031539	1.084031539	1.107427912	-1.107427912	-1.111590735	1.111590735	-1.228078698	1.228078698	1.275650908	-1.275650908	-1.311603693	1.311603693	-1.316738714	1.316738714	1.320023743	-1.320023743	-1.353741128	1.353741128	-1.391497513	1.391497513	-1.396457085	1.396457085	-1.469189828	1.469189828	-1.490425876	1.490425876	1.519946897	-1.519946897	-1.61431845	1.61431845	-1.623257895	1.623257895	-1.645539583	1.645539583	-1.672867899	1.672867899	1.719329237	-1.719329237	-1.74349193	1.74349193	-1.762381022	1.762381022	-1.7790018	1.7790018	-1.790971379	1.790971379	-1.81943295	1.81943295	-1.86572877	1.86572877	-1.868789355	1.868789355	-1.876509633	1.876509633	1.935856315	-1.935856315	-1.953995784	1.953995784	2.055374241	-2.055374241	-2.066219713	2.066219713	-2.073283885	2.073283885	-2.08083709	2.08083709	-2.134303652	2.134303652	2.259079856	-2.259079856	-2.281148045	2.281148045	-2.299655363	2.299655363	-2.306761216	2.306761216	-2.378139492	2.378139492	2.402032606	-2.402032606	2.46021197	-2.46021197	-2.475897212	2.475897212	-2.498015783	2.498015783	
-0.61	0.04415038734	-0.04415038734	0.1028535476	-0.1028535476	-0.1407014906	0.1407014906	0.1438198784	-0.1438198784	0.2650256213	-0.2650256213	-0.2976096062	0.2976096062	-0.420696515	0.420696515	-0.4718627649	0.4718627649	-0.5488061751	0.5488061751	0.583245089	-0.583245089	0.598518953	-0.598518953	-0.6938767499	0.6938767499	-0.7924203718	0.7924203718	-0.8350447217	0.8350447217	-0.8588011191	0.8588011191	0.9260310841	-0.9260310841	-0.9279086107	0.9279086107	-1.08407304	1.08407304	-1.110413713	1.110413713	-1.111541891	1.111541891	-1.224696348	1.224696348	1.27302838	-1.27302838	-1.312183592	1.312183592	1.313880541	-1.313880541	-1.320075779	1.320075779	-1.353405896	1.353405896	-1.39135605	1.39135605	-1.396496815	1.396496815	1.465277869	-1.465277869	-1.489405258	1.489405258	-1.520070828	1.520070828	1.610818999	-1.610818999	1.619587278	-1.619587278	-1.645585779	1.645585779	-1.672816438	1.672816438	-1.719011391	1.719011391	-1.743607897	1.743607897	-1.76410663	1.76410663	1.779337089	-1.779337089	-1.791631849	1.791631849	1.816040612	-1.816040612	-1.865666824	1.865666824	1.869795797	-1.869795797	-1.876825137	1.876825137	-1.935515376	1.935515376	-1.953857666	1.953857666	-2.056257304	2.056257304	-2.066741165	2.066741165	-2.073816308	2.073816308	-2.080972815	2.080972815	-2.134145332	2.134145332	2.25980542	-2.25980542	2.280886642	-2.280886642	-2.299707655	2.299707655	-2.306876918	2.306876918	-2.378921061	2.378921061	2.401793507	-2.401793507	-2.459989555	2.459989555	-2.476028967	2.476028967	-2.49767544	2.49767544	
-0.6	-0.05148830315	0.05148830315	-0.1102710854	0.1102710854	-0.1371276952	0.1371276952	0.1510947538	-0.1510947538	0.2726157792	-0.2726157792	0.2942191527	-0.2942191527	-0.424272063	0.424272063	-0.4789125588	0.4789125588	-0.5517854623	0.5517854623	0.5905669072	-0.5905669072	-0.6057764328	0.6057764328	-0.7012538786	0.7012538786	-0.7920747893	0.7920747893	-0.8350924763	0.8350924763	-0.8554117038	0.8554117038	-0.9220076234	0.9220076234	-0.9268783605	0.9268783605	-1.084114551	1.084114551	-1.111492997	1.111492997	-1.113389344	1.113389344	-1.221257699	1.221257699	-1.270329712	1.270329712	-1.310168112	1.310168112	-1.31277013	1.31277013	-1.320972497	1.320972497	-1.353059366	1.353059366	-1.391210335	1.391210335	-1.396537535	1.396537535	1.461305081	-1.461305081	-1.488371405	1.488371405	-1.52019686	1.52019686	-1.607254096	1.607254096	1.615903718	-1.615903718	-1.645632088	1.645632088	-1.672764965	1.672764965	-1.718691956	1.718691956	1.743723629	-1.743723629	1.765796706	-1.765796706	1.779690863	-1.779690863	-1.792307685	1.792307685	-1.812590817	1.812590817	-1.865581321	1.865581321	-1.870800459	1.870800459	-1.87717518	1.87717518	1.935172931	-1.935172931	-1.953716519	1.953716519	2.057111118	-2.057111118	-2.06726812	2.06726812	2.074361078	-2.074361078	-2.08111143	2.08111143	-2.133983285	2.133983285	2.260533832	-2.260533832	-2.280628628	2.280628628	-2.29976065	2.29976065	2.306991667	-2.306991667	-2.379704841	2.379704841	2.401553167	-2.401553167	-2.459767481	2.459767481	-2.476159127	2.476159127	2.49733359	-2.49733359	
-0.59	-0.058822861	0.058822861	-0.1176882671	0.1176882671	-0.1335555489	0.1335555489	-0.1584078669	0.1584078669	-0.2801466891	0.2801466891	-0.2908268397	0.2908268397	-0.4278461557	0.4278461557	-0.4859956837	0.4859956837	-0.5547536782	0.5547536782	-0.5978742792	0.5978742792	-0.6129745576	0.6129745576	-0.7086298258	0.7086298258	0.7917164712	-0.7917164712	-0.8351414772	0.8351414772	0.8520204236	-0.8520204236	-0.9179249741	0.9179249741	-0.9258357248	0.9258357248	-1.08415602	1.08415602	-1.111444111	1.111444111	-1.116354555	1.116354555	1.217765269	-1.217765269	-1.267556922	1.267556922	-1.306319817	1.306319817	-1.313362714	1.313362714	1.321997471	-1.321997471	-1.352701104	1.352701104	-1.391060195	1.391060195	-1.396579232	1.396579232	-1.457273826	1.457273826	-1.487325257	1.487325257	1.520324863	-1.520324863	-1.603625197	1.603625197	-1.612210384	1.612210384	-1.645678442	1.645678442	-1.672713531	1.672713531	1.718371189	-1.718371189	-1.743838987	1.743838987	1.767450825	-1.767450825	1.780063293	-1.780063293	-1.792996278	1.792996278	-1.809086817	1.809086817	-1.86547454	1.86547454	1.871802281	-1.871802281	-1.877556578	1.877556578	1.934829359	-1.934829359	-1.953572395	1.953572395	2.05793569	-2.05793569	-2.067800115	2.067800115	-2.074917195	2.074917195	2.081253027	-2.081253027	-2.133817555	2.133817555	-2.261263445	2.261263445	-2.280375098	2.280375098	-2.299814298	2.299814298	2.307105375	-2.307105375	-2.38048997	2.38048997	-2.401311847	2.401311847	2.459545882	-2.459545882	-2.476287647	2.476287647	-2.496990605	2.496990605	
-0.58	-0.06615190898	0.06615190898	0.1251010101	-0.1251010101	-0.129985247	0.129985247	0.1657540516	-0.1657540516	-0.28743277	0.28743277	0.2876158787	-0.2876158787	-0.4314186993	0.4314186993	0.4931067536	-0.4931067537	-0.5577107471	0.5577107471	-0.6051645986	0.6051645986	-0.6201106626	0.6201106626	-0.7160004344	0.7160004344	-0.7913451526	0.7913451526	-0.8351917229	0.8351917229	-0.848627382	0.848627382	-0.913785227	0.913785227	-0.924781661	0.924781661	-1.084197398	1.084197398	-1.11139529	1.11139529	-1.119309085	1.119309085	1.214221601	-1.214221601	-1.2647121	1.2647121	1.302432756	-1.302432756	-1.313960753	1.313960753	-1.32305561	1.32305561	-1.35233075	1.35233075	-1.390905402	1.390905402	-1.39662189	1.39662189	-1.453186507	1.453186507	-1.486267773	1.486267773	-1.520454711	1.520454711	1.599933777	-1.599933777	-1.608510492	1.608510492	-1.645724778	1.645724778	1.672662186	-1.672662186	-1.718049342	1.718049342	-1.743953838	1.743953838	-1.769068495	1.769068495	1.780454306	-1.780454306	1.793695313	-1.793695313	1.805531887	-1.805531887	1.865348848	-1.865348848	1.872800248	-1.872800248	-1.877966178	1.877966178	1.934485035	-1.934485035	-1.953425348	1.953425348	2.058731043	-2.058731043	-2.068336688	2.068336688	-2.075483598	2.075483598	2.081397762	-2.081397762	-2.133648192	2.133648192	2.261992435	-2.261992435	-2.280127316	2.280127316	-2.299868548	2.299868548	-2.307217958	2.307217958	-2.381275608	2.381275608	-2.401069807	2.401069807	-2.459324891	2.459324891	-2.476414481	2.476414481	2.496646853	-2.496646853	
-0.57	-0.07347333999	0.07347334	-0.1264170703	0.1264170703	0.1325053564	-0.1325053564	0.1731285105	-0.1731285105	-0.2840370496	0.2840370496	0.2950207965	-0.2950207965	-0.434989597	0.434989597	0.5002406803	-0.5002406803	-0.5606565225	0.5606565225	0.6124350816	-0.6124350816	-0.6271822721	0.6271822721	-0.7233616613	0.7233616613	-0.7909605735	0.7909605735	-0.8352432109	0.8352432109	-0.8452326852	0.8452326852	0.9095904654	-0.9095904654	-0.9237171436	0.9237171436	1.084238638	-1.084238638	-1.111346588	1.111346588	-1.122252665	1.122252665	-1.210629266	1.210629266	1.261797408	-1.261797408	1.298532872	-1.298532872	-1.314563651	1.314563651	-1.324123033	1.324123033	-1.351948006	1.351948006	-1.390745651	1.390745651	-1.396665495	1.396665495	1.449045596	-1.449045596	-1.485199924	1.485199924	-1.520586279	1.520586279	-1.596181332	1.596181332	-1.604807305	1.604807305	-1.645771039	1.645771039	-1.672610979	1.672610979	1.717726669	-1.717726669	-1.744068055	1.744068055	1.770649068	-1.770649068	-1.780863635	1.780863635	-1.794402717	1.794402717	-1.80192944	1.80192944	-1.865206579	1.865206579	-1.873793386	1.873793386	-1.87840095	1.87840095	-1.934140328	1.934140328	-1.953275435	1.953275435	2.059497223	-2.059497223	-2.068877383	2.068877383	-2.076059137	2.076059137	-2.081545875	2.081545875	-2.133475245	2.133475245	-2.262718761	2.262718761	-2.279886761	2.279886761	-2.299923351	2.299923351	-2.30732934	2.30732934	2.382060932	-2.382060932	-2.400827303	2.400827303	2.459104636	-2.459104636	-2.476539591	2.476539591	-2.496302693	2.496302693	
-0.56	-0.08078495246	0.08078495246	0.1228514923	-0.1228514923	-0.1398974532	0.1398974532	0.1805267655	-0.1805267655	-0.2806397884	0.2806397884	0.3023588078	-0.3023588078	-0.4385587485	0.4385587485	-0.5073926414	0.5073926414	-0.5635908104	0.5635908104	0.6196826784	-0.6196826784	-0.6341871468	0.6341871468	-0.7307095601	0.7307095601	-0.7905624819	0.7905624819	-0.8352959375	0.8352959375	-0.8418364435	0.8418364435	-0.9053427705	0.9053427706	-0.9226431631	0.9226431631	-1.084279691	1.084279691	-1.111298061	1.111298061	-1.125185012	1.125185012	-1.206990863	1.206990863	-1.25881508	1.25881508	-1.294631503	1.294631503	-1.31517081	1.31517081	1.325190537	-1.325190537	-1.351552628	1.351552628	-1.390580529	1.390580529	-1.39671003	1.39671003	1.444853668	-1.444853668	-1.484122699	1.484122699	-1.520719441	1.520719441	-1.592369381	1.592369381	1.601104137	-1.601104137	-1.645817172	1.645817172	-1.672559957	1.672559957	-1.717403417	1.717403417	-1.744181517	1.744181517	-1.772191533	1.772191533	1.781290852	-1.781290852	-1.79511663	1.79511663	-1.798283253	1.798283253	-1.865049956	1.865049956	1.874780762	-1.874780762	-1.878858047	1.878858047	-1.933795599	1.933795599	-1.953122719	1.953122719	2.060234288	-2.060234288	-2.069421749	2.069421749	-2.076642541	2.076642541	-2.081697737	2.081697737	-2.133298772	2.133298772	-2.263440111	2.263440111	-2.279655177	2.279655177	-2.299978655	2.299978655	-2.307439449	2.307439449	-2.382845139	2.382845139	-2.400584591	2.400584591	-2.458885246	2.458885246	-2.47666294	2.47666294	-2.495958478	2.495958478	
-0.55	-0.0880840964	0.0880840964	-0.1192895089	0.1192895089	0.1472735361	-0.1472735361	0.1879446162	-0.1879446162	-0.2772411006	0.2772411006	-0.30962719	0.30962719	-0.4421260501	0.4421260501	-0.514558051	0.514558051	-0.566513381	0.566513381	0.626903973	-0.626903973	-0.6411233518	0.6411233518	-0.7380402649	0.7380402649	-0.7901506382	0.7901506382	-0.835349898	0.835349898	-0.8384387713	0.8384387713	-0.9010442273	0.9010442273	-0.921560726	0.921560726	-1.084320514	1.084320514	-1.11124976	1.11124976	-1.128105835	1.128105835	-1.203309024	1.203309024	-1.255767421	1.255767421	1.290735548	-1.290735548	-1.315781621	1.315781621	1.326253422	-1.326253422	-1.35114443	1.35114443	-1.390409468	1.390409468	-1.396755476	1.396755476	-1.440613461	1.440613461	-1.483037102	1.483037102	-1.52085407	1.52085407	-1.588499475	1.588499475	-1.597404361	1.597404361	-1.645863125	1.645863125	-1.672509168	1.672509168	-1.717079837	1.717079837	1.744294108	-1.744294108	1.773694024	-1.773694024	-1.781735407	1.781735407	1.794597966	-1.794597966	1.795835368	-1.795835368	1.864881042	-1.864881042	1.875761486	-1.875761486	-1.879334838	1.879334838	1.933451203	-1.933451203	-1.952967264	1.952967264	2.060942312	-2.060942312	-2.069969339	2.069969339	-2.077232349	2.077232349	-2.081853907	2.081853907	-2.13311883	2.13311883	-2.264153839	2.264153839	2.279434645	-2.279434645	-2.300034407	2.300034407	-2.30754822	2.30754822	-2.383627448	2.383627448	-2.400341919	2.400341919	-2.458666848	2.458666848	2.476784493	-2.476784493	-2.495614554	2.495614554	
-0.54	0.09536627708	-0.09536627708	-0.1157340156	0.1157340156	0.1546299139	-0.1546299139	0.1953781056	-0.1953781056	0.2738411054	-0.2738411054	-0.3168231285	0.3168231285	-0.4456913931	0.4456913931	-0.521732533	0.521732533	-0.5694239766	0.5694239766	0.6340950613	-0.6340950613	-0.6479893527	0.6479893527	-0.7453499732	0.7453499732	-0.7897248201	0.7897248201	-0.8350397876	0.8350397876	-0.8354050866	0.8354050866	0.8966969321	-0.8966969321	-0.9204708545	0.9204708545	-1.084361063	1.084361063	-1.111201737	1.111201737	-1.131014829	1.131014829	1.199586418	-1.199586418	-1.252656807	1.252656807	-1.286850233	1.286850233	-1.316395469	1.316395469	1.32730872	-1.32730872	-1.350723295	1.350723295	-1.39023167	1.39023167	-1.396801816	1.396801816	1.43632795	-1.43632795	-1.481944151	1.481944151	-1.520990037	1.520990037	-1.584573196	1.584573196	-1.593711409	1.593711409	-1.64590885	1.64590885	-1.672458657	1.672458657	-1.716756174	1.716756174	1.744405721	-1.744405721	1.775152361	-1.775152361	-1.782196649	1.782196649	1.790880558	-1.790880558	-1.7965574	1.7965574	-1.864701723	1.864701723	1.876734706	-1.876734706	-1.879828915	1.879828915	-1.933107486	1.933107486	-1.952809138	1.952809138	2.061621377	-2.061621377	-2.070519713	2.070519713	-2.077826816	2.077826816	-2.082015236	2.082015236	-2.132935483	2.132935483	-2.264856879	2.264856879	-2.27922766	2.27922766	2.300090554	-2.300090554	-2.307655592	2.307655592	-2.384407098	2.384407098	2.400099536	-2.400099536	-2.458449566	2.458449566	-2.476904219	2.476904219	2.495271259	-2.495271259	
-0.53	-0.1026144611	0.1026144611	-0.1122004857	0.1122004857	0.1619629546	-0.1619629546	0.20282349	-0.20282349	-0.2704399276	0.2704399276	0.3239437134	-0.3239437134	-0.4492546642	0.4492546642	0.5289118962	-0.5289118962	-0.5723223153	0.5723223153	-0.6412513941	0.6412513941	0.6547841479	-0.6547841479	-0.75263493	0.75263493	0.7892848296	-0.7892848296	-0.8316396167	0.8316396167	-0.8354614958	0.8354614958	-0.8923030012	0.8923030012	-0.919374586	0.919374586	-1.084401294	1.084401294	-1.111154039	1.111154039	-1.133911675	1.133911675	-1.195825748	1.195825748	1.249485682	-1.249485682	-1.282980075	1.282980075	-1.317011724	1.317011724	-1.328354222	1.328354222	-1.350289191	1.350289191	1.390045992	-1.390045992	1.396849028	-1.396849028	-1.432000476	1.432000476	-1.480844876	1.480844876	-1.521127213	1.521127213	1.580592157	-1.580592157	1.590028781	-1.590028781	-1.645954302	1.645954302	-1.67240847	1.67240847	-1.716432674	1.716432674	1.744516252	-1.744516252	1.776554367	-1.776554367	-1.782673851	1.782673851	1.787146038	-1.787146038	-1.797281325	1.797281325	1.8645137	-1.8645137	-1.877699612	1.877699612	-1.880338087	1.880338087	-1.93276479	1.93276479	-1.952648415	1.952648415	2.062271578	-2.062271578	2.07107244	-2.07107244	-2.078423749	2.078423749	2.082183029	-2.082183029	-2.132748798	2.132748798	2.265545652	-2.265545652	-2.279037232	2.279037232	2.300147042	-2.300147042	-2.307761509	2.307761509	-2.385183349	2.385183349	2.399857685	-2.399857685	2.458233525	-2.458233525	-2.477022089	2.477022089	-2.494928924	2.494928924	
-0.52	-0.1082753301	0.1082753301	0.1102407035	-0.1102407035	0.1692690723	-0.1692690723	0.2102772121	-0.2102772121	-0.2670376986	0.2670376986	0.3309859347	-0.3309859347	0.4528157441	-0.4528157441	-0.5360921111	0.5360921111	-0.5752080935	0.5752080935	-0.6483675761	0.6483675761	-0.6615074471	0.6615074471	-0.7598914097	0.7598914097	0.7888305015	-0.7888305015	-0.8282383888	0.8282383888	-0.835519117	0.835519117	0.8878645823	-0.8878645823	-0.9182729727	0.9182729727	-1.084441167	1.084441167	-1.111106716	1.111106716	-1.136796041	1.136796041	-1.192029762	1.192029762	-1.24625656	1.24625656	1.279129271	-1.279129271	-1.31762974	1.31762974	-1.329388059	1.329388059	1.349842196	-1.349842196	1.38985074	-1.38985074	-1.39689709	1.39689709	-1.427634959	1.427634959	-1.479740323	1.479740323	1.521265467	-1.521265467	1.576558013	-1.576558013	-1.586360045	1.586360045	-1.645999436	1.645999436	-1.672358649	1.672358649	1.716109583	-1.716109583	1.744625604	-1.744625604	1.777843451	-1.777843451	1.783166225	-1.783166225	1.783453866	-1.783453866	1.798005855	-1.798005855	1.864318499	-1.864318499	-1.878655428	1.878655428	-1.880860365	1.880860365	-1.932423445	1.932423445	-1.952485171	1.952485171	2.062893015	-2.062893015	-2.071627093	2.071627093	-2.079020227	2.079020227	2.082359322	-2.082359322	-2.132558847	2.132558847	-2.266215952	2.266215952	-2.278866999	2.278866999	-2.300203818	2.300203818	2.30786592	-2.30786592	-2.385955482	2.385955482	2.399616606	-2.399616606	-2.458018847	2.458018847	2.477138077	-2.477138077	2.494587873	-2.494587873	
-0.51	-0.1049864986	0.1049864986	-0.1172155351	0.1172155351	0.1765447154	-0.1765447154	0.2177358775	-0.2177358775	0.2636345579	-0.2636345579	0.3379466796	-0.3379466796	-0.4563745075	0.4563745075	-0.5432692888	0.5432692888	-0.5780809867	0.5780809867	0.6554371036	-0.6554371036	0.668159909	-0.668159909	-0.7671156962	0.7671156962	-0.788361715	0.788361715	-0.8248362403	0.8248362403	-0.83557794	0.83557794	-0.8833838691	0.8833838691	-0.9171670814	0.9171670814	-1.084480643	1.084480643	-1.111059813	1.111059813	-1.139667579	1.139667579	1.18820125	-1.18820125	1.242972022	-1.242972022	-1.275301892	1.275301892	-1.31824885	1.31824885	1.330408475	-1.330408475	-1.349382542	1.349382542	-1.389643319	1.389643319	-1.396945978	1.396945978	1.423236252	-1.423236252	-1.47863155	1.47863155	1.521404663	-1.521404663	-1.572472453	1.572472453	1.582708844	-1.582708844	-1.646044211	1.646044211	-1.672309237	1.672309237	-1.715787143	1.715787143	1.744733688	-1.744733688	1.778271497	-1.778271497	-1.780555076	1.780555076	1.78367294	-1.78367294	-1.798729801	1.798729801	-1.864117482	1.864117482	-1.879601419	1.879601419	1.881393948	-1.881393948	-1.932083779	1.932083779	-1.952319489	1.952319489	2.063485794	-2.063485794	2.072183256	-2.072183256	2.07961214	-2.07961214	-2.082547355	2.082547355	2.132365708	-2.132365708	-2.266862837	2.266862837	2.27872134	-2.27872134	-2.300260826	2.300260826	-2.307968777	2.307968777	-2.386722797	2.386722797	-2.399376533	2.399376533	-2.457805653	2.457805653	-2.477252156	2.477252156	2.494248422	-2.494248422	
-0.5	-0.1014510233	0.1014510233	-0.1244204091	0.1244204091	0.1837863549	-0.1837863549	0.2251962313	-0.2251962313	0.2602306564	-0.2602306564	0.3448227284	-0.3448227284	-0.4599308216	0.4599308216	-0.5504396608	0.5504396608	-0.5809406503	0.5809406503	0.6624520323	-0.6624520323	-0.6747434475	0.6747434475	0.7743040585	-0.7743040585	0.7878784091	-0.7878784091	-0.821433315	0.821433315	-0.8356379527	0.8356379527	0.8788631224	-0.8788631224	-0.9160579928	0.9160579928	-1.084519683	1.084519683	-1.111013375	1.111013375	-1.142525926	1.142525926	1.184343047	-1.184343047	1.23963472	-1.23963472	1.271501972	-1.271501972	-1.31886836	1.31886836	-1.331413674	1.331413674	-1.348910673	1.348910673	-1.389419577	1.389419577	-1.396995667	1.396995667	-1.418810817	1.418810817	1.477519626	-1.477519626	1.521544668	-1.521544668	1.568337209	-1.568337209	-1.579078899	1.579078899	-1.646088587	1.646088587	-1.672260274	1.672260274	-1.715465598	1.715465598	1.744840418	-1.744840418	1.775263095	-1.775263095	-1.781028047	1.781028047	1.784193136	-1.784193136	-1.79945206	1.79945206	1.86391186	-1.86391186	-1.880536883	1.880536883	1.881937199	-1.881937199	-1.931746107	1.931746107	-1.952151454	1.952151454	-2.064050026	2.064050026	-2.07274052	2.07274052	2.080193398	-2.080193398	-2.082752351	2.082752351	-2.132169463	2.132169463	-2.267480527	2.267480527	-2.27860547	2.27860547	-2.300318011	2.300318011	2.308070037	-2.308070037	2.387484619	-2.387484619	-2.399137698	2.399137698	2.457594066	-2.457594066	-2.477364305	2.477364305	-2.493910878	2.493910878	
-0.49	-0.09790548522	0.09790548522	-0.131617225	0.131617225	0.1909904738	-0.1909904738	0.23265513	-0.23265513	0.2568261667	-0.2568261667	0.3516107518	-0.3516107518	0.4634845459	-0.4634845459	0.5575995601	-0.5575995601	0.5837867192	-0.5837867192	-0.669402568	0.669402568	-0.6812616098	0.6812616098	-0.7814527148	0.7814527148	-0.7873806032	0.7873806032	-0.8180297649	0.8180297649	-0.8356991417	0.8356991417	-0.8743047029	0.8743047029	-0.914946801	0.914946801	-1.084558249	1.084558249	-1.110967445	1.110967445	-1.1453707	1.1453707	-1.180458042	1.180458042	1.236247371	-1.236247371	1.267733565	-1.267733565	-1.319487541	1.319487541	-1.332401677	1.332401677	-1.348427344	1.348427344	-1.389172492	1.389172492	-1.397046129	1.397046129	-1.414368049	1.414368049	-1.476405631	1.476405631	-1.521685341	1.521685341	-1.564154055	1.564154055	-1.575474012	1.575474012	-1.646132527	1.646132527	-1.672211798	1.672211798	-1.71514519	1.71514519	-1.744945716	1.744945716	-1.771479264	1.771479264	1.782214788	-1.782214788	-1.784725926	1.784725926	1.800171602	-1.800171602	-1.863702713	1.863702713	-1.881461153	1.881461153	-1.882488625	1.882488625	-1.931410741	1.931410741	-1.95198116	1.95198116	-2.064585826	2.064585826	-2.073298483	2.073298483	2.080754744	-2.080754744	-2.08298271	2.08298271	-2.131970199	2.131970199	-2.268062375	2.268062375	2.278525475	-2.278525475	-2.300375316	2.300375316	-2.30816966	2.30816966	2.38824029	-2.38824029	-2.398900328	2.398900328	-2.457384204	2.457384204	-2.477474502	2.477474502	-2.493575542	2.493575542	
-0.48	-0.09435921521	0.09435921521	-0.1387951195	0.1387951195	0.1981535573	-0.1981535573	0.2401094692	-0.2401094692	0.2534213396	-0.2534213396	0.3583073078	-0.3583073078	0.4670355308	-0.4670355308	-0.5647454032	0.5647454032	-0.5866188072	0.5866188072	0.6762766021	-0.6762766021	-0.6877200029	0.6877200029	0.7868684274	-0.7868684274	-0.7885577782	0.7885577782	-0.8146257511	0.8146257511	0.8357614915	-0.8357614915	-0.8697111247	0.8697111247	-0.913834613	0.913834613	-1.084596307	1.084596307	-1.110922066	1.110922066	-1.1482015	1.1482015	-1.176549172	1.176549172	-1.232812762	1.232812762	-1.264000775	1.264000775	-1.320105617	1.320105617	-1.33337014	1.33337014	1.347933766	-1.347933766	1.388889321	-1.388889321	-1.397097332	1.397097332	-1.40992314	1.40992314	-1.475290654	1.475290654	1.521826542	-1.521826542	1.559924812	-1.559924812	-1.571898072	1.571898072	-1.646175995	1.646175995	-1.672163848	1.672163848	1.714826162	-1.714826162	1.745049508	-1.745049508	1.767599968	-1.767599968	-1.783438425	1.783438425	1.785270412	-1.785270412	-1.800887468	1.800887468	1.863491001	-1.863491001	-1.882373596	1.882373596	-1.88304686	1.88304686	-1.931077982	1.931077982	-1.951808703	1.951808703	-2.065093315	2.065093315	2.073856748	-2.073856748	2.081282503	-2.081282503	-2.083251263	2.083251263	-2.131768012	2.131768012	2.268600974	-2.268600974	-2.27848821	2.27848821	-2.300432687	2.300432687	-2.308267612	2.308267612	2.388989174	-2.388989174	2.398664644	-2.398664644	2.457176186	-2.457176186	-2.477582727	2.477582727	-2.493242707	2.493242707	
-0.47	-0.09081439966	0.09081439966	-0.1459503523	0.1459503523	0.205272083	-0.205272083	0.2475546366	-0.2475546366	0.2500180369	-0.2500180369	0.3649088393	-0.3649088393	0.4705836172	-0.4705836172	0.5718736729	-0.5718736729	-0.5894365063	0.5894365063	0.6830592594	-0.6830592594	-0.6941266965	0.6941266965	-0.7863421633	0.7863421633	-0.7956151536	0.7956151536	-0.8112214468	0.8112214468	-0.8358249849	0.8358249849	-0.8650851567	0.8650851567	-0.9127225485	0.9127225485	-1.084633821	1.084633821	-1.110877277	1.110877277	-1.151017904	1.151017904	-1.172619433	1.172619433	1.229333747	-1.229333747	1.260307775	-1.260307775	-1.320721751	1.320721751	-1.334316093	1.334316093	-1.347431852	1.347431852	-1.388544753	1.388544753	-1.397149246	1.397149246	-1.405503953	1.405503953	-1.474175795	1.474175795	-1.521968128	1.521968128	-1.555651347	1.555651347	1.568355054	-1.568355054	-1.646218955	1.646218955	-1.67211646	1.67211646	1.714508754	-1.714508754	1.745151726	-1.745151726	1.763681326	-1.763681326	-1.784645996	1.784645996	-1.785825691	1.785825691	1.801598757	-1.801598757	1.863277583	-1.863277583	1.883273611	-1.883273611	1.883610649	-1.883610649	-1.930748124	1.930748124	-1.951634188	1.951634188	-2.065572613	2.065572613	-2.074414926	2.074414926	2.081759129	-2.081759129	-2.083574718	2.083574718	-2.131563002	2.131563002	-2.269088481	2.269088481	-2.278500968	2.278500968	-2.300490065	2.300490065	-2.308363858	2.308363858	-2.389730658	2.389730658	2.398430864	-2.398430864	-2.45697013	2.45697013	2.477688961	-2.477688961	-2.492912657	2.492912657	
-0.46	-0.08727191304	0.08727191304	-0.1530804658	0.1530804658	0.2123425117	-0.2123425117	-0.2466093784	0.2466093784	0.2549948521	-0.2549948521	-0.3714116719	0.3714116719	0.4741286347	-0.4741286347	-0.5789809008	0.5789809008	-0.5922393854	0.5922393854	-0.6897326179	0.6897326179	0.7004924346	-0.7004924346	-0.7858023067	0.7858023067	-0.8026203066	0.8026203066	-0.8078170615	0.8078170615	-0.8358896028	0.8358896028	-0.8604300338	0.8604300338	-0.9116117385	0.9116117385	-1.084670758	1.084670758	-1.110833118	1.110833118	-1.153819469	1.153819469	-1.168671879	1.168671879	-1.225813248	1.225813248	1.256658821	-1.256658821	-1.321335023	1.321335023	-1.335235524	1.335235524	-1.346924627	1.346924627	-1.388082417	1.388082417	-1.397201835	1.397201835	-1.40116954	1.40116954	-1.473062161	1.473062161	-1.522109952	1.522109952	1.551335578	-1.551335578	1.564849025	-1.564849025	-1.646261376	1.646261376	-1.672069668	1.672069668	1.714193208	-1.714193208	-1.745252307	1.745252307	1.759738128	-1.759738128	-1.785825942	1.785825942	-1.786390853	1.786390853	-1.802304623	1.802304623	1.863063226	-1.863063226	-1.884160628	1.884160628	-1.88417883	1.88417883	-1.930421456	1.930421456	-1.951457723	1.951457723	2.066023847	-2.066023847	-2.07497263	2.07497263	-2.082169237	2.082169237	2.08396764	-2.08396764	-2.131355276	2.131355276	-2.269517266	2.269517266	-2.278570834	2.278570834	-2.300547394	2.300547394	-2.30845837	2.30845837	-2.390464145	2.390464145	-2.3981992	2.3981992	-2.456766155	2.456766155	-2.477793189	2.477793189	2.49258567	-2.49258567	
-0.45	-0.08373224667	0.08373224667	-0.1601833485	0.1601833485	-0.2193612781	0.2193612781	-0.2432044261	0.2432044261	0.2624184722	-0.2624184722	-0.3778120123	0.3778120123	-0.4776704009	0.4776704009	-0.5860636503	0.5860636503	-0.5950269889	0.5950269889	-0.6962758783	0.6962758783	-0.706830367	0.706830367	-0.7852496604	0.7852496604	-0.804412588	0.804412588	-0.8095680081	0.8095680081	-0.8359553243	0.8359553243	-0.8557499702	0.8557499702	-0.9105033256	0.9105033256	-1.084707087	1.084707087	-1.110789627	1.110789627	-1.156605726	1.156605726	-1.164709624	1.164709624	1.222254255	-1.222254255	1.253058257	-1.253058257	-1.3219444	1.3219444	-1.336122659	1.336122659	-1.346416936	1.346416936	-1.387359865	1.387359865	-1.397065196	1.397065196	-1.397255061	1.397255061	-1.471950863	1.471950863	-1.522251864	1.522251864	1.546979475	-1.546979475	1.561384144	-1.561384144	-1.646303226	1.646303226	-1.672023505	1.672023505	-1.713879764	1.713879764	-1.745351192	1.745351192	-1.755777576	1.755777576	1.786964997	-1.786964997	-1.786974366	1.786974366	1.803004269	-1.803004269	-1.862848616	1.862848616	-1.884750322	1.884750322	1.885034105	-1.885034105	-1.930098255	1.930098255	-1.951279424	1.951279424	-2.066447147	2.066447147	-2.075529477	2.075529477	-2.082509647	2.082509647	-2.084432393	2.084432393	-2.131144948	2.131144948	2.269880865	-2.269880865	-2.278703736	2.278703736	-2.300604617	2.300604617	-2.30855112	2.30855112	-2.391189061	2.391189061	2.39796986	-2.39796986	2.456564375	-2.456564375	-2.477895392	2.477895392	2.492262015	-2.492262015	
-0.44	-0.08019575322	0.08019575322	-0.1672569828	0.1672569828	0.22632478	-0.22632478	-0.2397994679	0.2397994679	0.2698266987	-0.2698266987	0.3841059476	-0.3841059476	-0.4812087197	0.4812087197	-0.5931184987	0.5931184987	0.5977988349	-0.5977988349	0.7026663296	-0.7026663296	-0.7131549317	0.7131549317	-0.7846854817	0.7846854817	-0.8010085667	0.8010085667	-0.8164500666	0.8164500666	-0.8360221268	0.8360221268	-0.8510516716	0.8510516716	-0.9093984628	0.9093984628	-1.084742775	1.084742775	-1.11074684	1.11074684	-1.159376182	1.159376182	1.16073585	-1.16073585	1.218659825	-1.218659825	-1.249510523	1.249510523	-1.322548691	1.322548691	1.336968684	-1.336968684	1.34591672	-1.34591672	-1.386007838	1.386007838	1.393563246	-1.393563246	-1.397308885	1.397308885	-1.470843017	1.470843017	-1.52239371	1.52239371	1.542585066	-1.542585066	1.557964664	-1.557964664	-1.646344476	1.646344476	-1.671978004	1.671978004	1.713568662	-1.713568662	-1.745448329	1.745448329	-1.751804691	1.751804691	-1.787547223	1.787547223	-1.788089637	1.788089637	-1.803696943	1.803696943	-1.862634371	1.862634371	-1.885324114	1.885324114	-1.885893531	1.885893531	-1.929778793	1.929778793	-1.951099416	1.951099416	2.066842648	-2.066842648	-2.076085082	2.076085082	-2.082791488	2.082791488	-2.08495705	2.08495705	-2.130932141	2.130932141	2.27017507	-2.27017507	-2.278903351	2.278903351	-2.300661676	2.300661676	2.308642086	-2.308642086	-2.391904852	2.391904852	-2.397743045	2.397743045	2.456364906	-2.456364906	2.477995558	-2.477995558	-2.491941953	2.491941953	
-0.43	-0.07666273162	0.07666273162	-0.1742993522	0.1742993522	0.233229309	-0.233229309	0.2363950307	-0.2363950307	0.2772166171	-0.2772166171	-0.3902894444	0.3902894444	0.4847433799	-0.4847433799	-0.6001420187	0.6001420187	-0.6005544138	0.6005544138	0.7088813154	-0.7088813154	-0.7194796455	0.7194796455	-0.7841117223	0.7841117223	-0.7976050184	0.7976050184	-0.8232504452	0.8232504452	-0.8360899862	0.8360899862	-0.8463502966	0.8463502966	-0.9082983133	0.9082983133	-1.084777792	1.084777792	-1.110704792	1.110704792	-1.156753803	1.156753803	-1.162130313	1.162130313	1.215033082	-1.215033082	-1.246020153	1.246020153	-1.323146483	1.323146483	-1.337759415	1.337759415	-1.345437346	1.345437346	-1.383455919	1.383455919	1.391237467	-1.391237467	-1.397363262	1.397363262	-1.469739744	1.469739744	-1.522535333	1.522535333	-1.538154437	1.538154437	-1.554594933	1.554594933	-1.646385098	1.646385098	-1.671933194	1.671933194	-1.713260141	1.713260141	1.745543668	-1.745543668	1.747823706	-1.747823706	-1.788136646	1.788136646	-1.789170994	1.789170994	1.804381934	-1.804381934	1.862421047	-1.862421047	-1.885899256	1.885899256	1.886738422	-1.886738422	-1.929463334	1.929463334	-1.950917829	1.950917829	-2.067210488	2.067210488	-2.076639063	2.076639063	-2.08303124	2.08303124	-2.085524342	2.085524342	-2.130716986	2.130716986	-2.270398806	2.270398806	2.27917023	-2.27917023	-2.300718514	2.300718514	2.308731246	-2.308731246	-2.392610982	2.392610982	2.397518955	-2.397518955	2.456167863	-2.456167863	-2.478093673	2.478093673	-2.491625738	2.491625738	
-0.42	-0.0731334628	0.0731334628	-0.1813083977	0.1813083977	-0.2329910561	0.2329910561	0.2400715123	-0.2400715123	0.2845855428	-0.2845855428	0.3963583493	-0.3963583493	0.4882741534	-0.4882741534	-0.6032931856	0.6032931856	0.6071307582	-0.6071307582	0.7149009053	-0.7149009053	-0.7258140182	0.7258140182	-0.7835314397	0.7835314397	-0.7942022096	0.7942022096	-0.8299042878	0.8299042878	-0.8361588771	0.8361588771	-0.8417096798	0.8417096798	-0.9072040496	0.9072040496	-1.08481211	1.08481211	-1.110663519	1.110663519	-1.152766804	1.152766804	-1.164867566	1.164867566	-1.211377217	1.211377217	-1.242591781	1.242591781	-1.323736031	1.323736031	-1.338471147	1.338471147	-1.345001753	1.345001753	1.379772194	-1.379772194	-1.390023541	1.390023541	-1.397418145	1.397418145	-1.468642163	1.468642163	-1.522676568	1.522676568	1.53368974	-1.53368974	-1.551279395	1.551279395	-1.646425065	1.646425065	-1.671889105	1.671889105	-1.712954442	1.712954442	-1.743838547	1.743838547	-1.745637163	1.745637163	1.78873239	-1.78873239	-1.79021807	1.79021807	-1.805058569	1.805058569	1.862209145	-1.862209145	-1.886474848	1.886474848	-1.887568318	1.887568318	1.929152133	-1.929152133	1.9507348	-1.9507348	-2.067550811	2.067550811	-2.077191036	2.077191036	-2.083242803	2.083242803	-2.086119593	2.086119593	2.130499621	-2.130499621	-2.27055441	2.27055441	2.279501523	-2.279501523	-2.300775074	2.300775074	2.308818582	-2.308818582	-2.393306936	2.393306936	-2.397297779	2.397297779	-2.45597336	2.45597336	-2.478189723	2.478189723	-2.491313618	2.491313618	
-0.41	-0.06960822734	0.06960822734	0.1882819919	-0.1882819919	0.2295882683	-0.2295882683	0.2468471909	-0.2468471909	0.2919308396	-0.2919308396	-0.4023083906	0.4023083906	0.4918007934	-0.4918007934	-0.6060145777	0.6060145777	-0.6140812166	0.6140812166	-0.7207103273	0.7207103273	-0.7321603745	0.7321603745	0.7829495412	-0.7829495412	-0.7908004005	0.7908004005	-0.8350694365	0.8350694365	-0.8362287736	0.8362287736	-0.8384710873	0.8384710873	-0.9061168535	0.9061168535	-1.084845699	1.084845699	-1.110623054	1.110623054	1.148778243	-1.148778243	1.16758735	-1.16758735	-1.207695487	1.207695487	-1.239230133	1.239230133	-1.324315095	1.324315095	1.339064342	-1.339064342	-1.344648767	1.344648767	1.375530204	-1.375530204	-1.389352279	1.389352279	-1.397473485	1.397473485	-1.467551389	1.467551389	-1.52281724	1.52281724	-1.529193193	1.529193193	-1.548022592	1.548022592	-1.646464351	1.646464351	-1.671845763	1.671845763	-1.712651802	1.712651802	1.739853032	-1.739853032	1.745728774	-1.745728774	-1.789333593	1.789333593	-1.791230706	1.791230706	-1.805726211	1.805726211	-1.86199912	1.86199912	-1.887050034	1.887050034	-1.888382787	1.888382787	1.928845438	-1.928845438	-1.950550477	1.950550477	-2.067863764	2.067863764	2.07774061	-2.07774061	-2.083435615	2.083435615	2.086732603	-2.086732603	-2.130280196	2.130280196	-2.270647173	2.270647173	-2.279891431	2.279891431	-2.300831296	2.300831296	-2.308904077	2.308904077	-2.393992215	2.393992215	-2.397079706	2.397079706	-2.455781508	2.455781508	-2.478283698	2.478283698	-2.49100583	2.49100583	
-0.4	-0.06608731557	0.06608731557	-0.1952179202	0.1952179202	0.2261867279	-0.2261867279	0.2535527614	-0.2535527614	0.2992498908	-0.2992498908	0.40813518	-0.40813518	0.4953230315	-0.4953230315	-0.6087179823	0.6087179823	-0.6209898186	0.6209898186	0.7263010481	-0.7263010481	-0.7385113358	0.7385113358	0.7823742215	-0.7823742215	-0.7873998693	0.7873998693	0.8316355311	-0.8316355311	-0.8362996499	0.8362996499	-0.8437441171	0.8437441171	-0.9050379158	0.9050379158	-1.084878533	1.084878533	-1.110583428	1.110583428	1.14479159	-1.14479159	-1.170289039	1.170289039	1.203991212	-1.203991212	1.23594003	-1.23594003	-1.324880661	1.324880661	-1.339479327	1.339479327	-1.344437406	1.344437406	-1.371054622	1.371054622	-1.388904233	1.388904233	-1.397529226	1.397529226	1.466468535	-1.466468535	1.522957163	-1.522957163	1.52466709	-1.52466709	1.544829164	-1.544829164	-1.646502933	1.646502933	-1.671803195	1.671803195	1.712352459	-1.712352459	-1.73587096	1.73587096	-1.745818463	1.745818463	1.78993941	-1.78993941	1.792208851	-1.792208851	1.806384253	-1.806384253	-1.861791381	1.861791381	-1.887623995	1.887623995	-1.889181419	1.889181419	-1.928543489	1.928543489	-1.950365013	1.950365013	-2.068149502	2.068149502	-2.078287394	2.078287394	-2.083615601	2.083615601	2.087356698	-2.087356698	-2.130058868	2.130058868	-2.270684354	2.270684354	2.2803322	-2.2803322	-2.300887125	2.300887125	-2.308987718	2.308987718	2.394666342	-2.394666342	-2.396864916	2.396864916	-2.455592421	2.455592421	-2.478375586	2.478375586	-2.490702606	2.490702606	
-0.39	-0.0625710345	0.0625710345	0.2021138651	-0.2021138651	-0.2227867563	0.2227867563	0.2601843312	-0.2601843312	-0.3065400858	0.3065400858	-0.413834216	0.413834216	-0.4988405761	0.4988405761	0.6114027533	-0.6114027533	-0.6278528811	0.6278528811	-0.7316700856	0.7316700856	-0.7448475035	0.7448475035	-0.7818199668	0.7818199668	-0.7840009175	0.7840009175	-0.826943363	0.826943363	-0.8363714819	0.8363714819	0.8501873752	-0.8501873752	-0.9039684361	0.9039684361	-1.084910584	1.084910584	-1.110544674	1.110544674	1.140810392	-1.140810392	-1.172971962	1.172971962	-1.200267778	1.200267778	-1.23272638	1.23272638	-1.325428451	1.325428451	1.339651142	-1.339651142	1.344432031	-1.344432031	1.366473677	-1.366473677	-1.388557771	1.388557771	-1.397585312	1.397585312	-1.465394702	1.465394702	-1.520113805	1.520113805	1.523096126	-1.523096126	-1.541703858	1.541703858	-1.646540788	1.646540788	-1.671761426	1.671761426	-1.71205665	1.71205665	1.73189616	-1.73189616	-1.745906196	1.745906196	1.790549013	-1.790549013	1.793152532	-1.793152532	1.807032123	-1.807032123	1.861586302	-1.861586302	1.888195946	-1.888195946	-1.889963828	1.889963828	1.92824652	-1.92824652	-1.950178573	1.950178573	-2.068408183	2.068408183	2.07883099	-2.07883099	2.083786424	-2.083786424	-2.087987477	2.087987477	-2.129835808	2.129835808	-2.270674053	2.270674053	2.280815242	-2.280815242	-2.300942502	2.300942502	-2.309069494	2.309069494	-2.395328856	2.395328856	-2.396653586	2.396653586	2.455406207	-2.455406207	-2.478465377	2.478465377	-2.490404169	2.490404169	
-0.38	-0.05905971316	0.05905971316	-0.2089673918	0.2089673918	-0.2193886847	0.2193886847	0.2667379493	-0.2667379493	0.3137988094	-0.3137988094	0.4194008887	-0.4194008887	-0.5023531086	0.5023531086	0.6140682027	-0.6140682027	-0.634666573	0.634666573	-0.7368181297	0.7368181297	-0.7511324163	0.7511324163	0.7806038727	-0.7806038727	0.7813144777	-0.7813144777	-0.8221652197	0.8221652197	-0.8364442486	0.8364442486	-0.8566281716	0.8566281716	-0.9029096232	0.9029096232	-1.084941826	1.084941826	-1.110506821	1.110506821	-1.136838279	1.136838279	1.175635401	-1.175635401	-1.196528629	1.196528629	-1.229594175	1.229594175	-1.325952022	1.325952022	-1.339555293	1.339555293	-1.344656597	1.344656597	-1.361845294	1.361845294	-1.388263853	1.388263853	-1.397641678	1.397641678	1.464330977	-1.464330977	-1.515535797	1.515535797	-1.523233872	1.523233872	-1.538651539	1.538651539	-1.646577893	1.646577893	-1.671720478	1.671720478	1.711764611	-1.711764611	-1.727932519	1.727932519	-1.745991941	1.745991941	1.791161592	-1.791161592	1.794061816	-1.794061816	-1.807669275	1.807669275	-1.861384221	1.861384221	-1.888765128	1.888765128	-1.890729651	1.890729651	-1.927954754	1.927954754	-1.949991329	1.949991329	-2.068639969	2.068639969	2.079370993	-2.079370993	2.083950367	-2.083950367	-2.088621936	2.088621936	-2.129611194	2.129611194	-2.270624286	2.270624286	-2.28133206	2.28133206	-2.30099737	2.30099737	-2.309149395	2.309149395	2.395979314	-2.395979314	2.396445887	-2.396445887	-2.455222977	2.455222977	-2.478553062	2.478553062	-2.490110738	2.490110738	
-0.37	-0.05555370742	0.05555370742	-0.2157759334	0.2157759334	-0.2159928715	0.2159928715	0.2732095862	-0.2732095862	0.321023433	-0.321023433	-0.4248304852	0.4248304852	0.5058602807	-0.5058602807	0.6167135972	-0.6167135972	-0.641426862	0.641426862	0.7417474522	-0.7417474522	-0.7572967008	0.7572967008	-0.7772090922	0.7772090922	-0.7809166089	0.7809166089	-0.8173621846	0.8173621846	-0.8365179361	0.8365179361	0.8630052757	-0.8630052757	-0.9018626963	0.9018626963	-1.084972233	1.084972233	-1.1104699	1.1104699	-1.132878963	1.132878963	-1.178278581	1.178278581	-1.192777271	1.192777271	-1.226548484	1.226548484	-1.326440986	1.326440986	-1.339231772	1.339231772	-1.345070634	1.345070634	-1.357204852	1.357204852	-1.388000061	1.388000061	-1.397698259	1.397698259	-1.463278426	1.463278426	-1.510935626	1.510935626	-1.523370048	1.523370048	-1.535677241	1.535677241	-1.64661423	1.64661423	-1.671680373	1.671680373	-1.711476577	1.711476577	-1.723983997	1.723983997	-1.746075671	1.746075671	-1.791776355	1.791776355	1.794936808	-1.794936808	1.80829519	-1.80829519	-1.861185446	1.861185446	-1.889330807	1.889330807	-1.891478544	1.891478544	1.927668409	-1.927668409	-1.949803464	1.949803464	-2.068845027	2.068845027	-2.079906992	2.079906992	-2.084108874	2.084108874	-2.089257921	2.089257921	-2.129385218	2.129385218	-2.270542407	2.270542407	2.281874835	-2.281874835	-2.301051672	2.301051672	2.309227414	-2.309227414	-2.396241984	2.396241984	-2.396617292	2.396617292	2.455042838	-2.455042838	-2.478638633	2.478638633	2.48982252	-2.48982252	
-0.36	-0.05205340483	0.05205340483	-0.2125997076	0.2125997076	-0.2225367761	0.2225367761	0.2795951281	-0.2795951281	0.3282113061	-0.3282113061	0.4301181975	-0.4301181975	0.5093617099	-0.5093617099	0.6193381537	-0.6193381537	0.6481294443	-0.6481294443	-0.7464602596	0.7464602596	0.7631868925	-0.7631868925	-0.7738169668	0.7738169668	-0.7807691966	0.7807691966	-0.8125505597	0.8125505597	-0.8365925413	0.8365925413	-0.869302569	0.869302569	-0.9008288859	0.9008288859	-1.08500178	1.08500178	-1.110433939	1.110433939	-1.128936244	1.128936244	-1.180900661	1.180900661	-1.189017262	1.189017262	-1.223594448	1.223594448	-1.326877214	1.326877214	-1.338746773	1.338746773	-1.345607535	1.345607535	1.352584614	-1.352584614	-1.387754985	1.387754985	-1.39775498	1.39775498	-1.462238085	1.462238085	1.506315962	-1.506315962	-1.523504061	1.523504061	1.532786298	-1.532786298	-1.646649778	1.646649778	-1.671641133	1.671641133	1.711192782	-1.711192782	-1.720054642	1.720054642	-1.74615736	1.74615736	1.792392531	-1.792392531	1.795777633	-1.795777633	-1.808909375	1.808909375	-1.860990255	1.860990255	-1.889892267	1.889892267	1.892210184	-1.892210184	-1.927387693	1.927387693	-1.94961517	1.94961517	-2.069023528	2.069023528	-2.080438566	2.080438566	-2.084262869	2.084262869	-2.089893811	2.089893811	-2.129158085	2.129158085	2.270434833	-2.270434833	2.282436691	-2.282436691	-2.301105352	2.301105352	-2.309303546	2.309303546	2.396042038	-2.396042038	2.39724238	-2.39724238	-2.454865898	2.454865898	-2.478722081	2.478722081	2.489539718	-2.489539718	
-0.35	-0.0485592296	0.0485592296	-0.209209622	0.209209622	0.2292470433	-0.2292470433	0.2858903718	-0.2858903718	0.3353597479	-0.3353597479	0.435259131	-0.435259131	0.5128569758	-0.5128569758	-0.6219410346	0.6219410346	-0.6547696482	0.6547696482	0.7509575984	-0.7509575984	-0.7684038186	0.7684038186	-0.7704279255	0.7704279255	0.7812617676	-0.7812617676	0.8077391885	-0.8077391885	-0.8366680805	0.8366680805	0.8755118253	-0.8755118253	-0.899809437	0.899809437	-1.085030442	1.085030442	-1.110398967	1.110398967	-1.125014009	1.125014009	1.183500719	-1.183500719	1.185252216	-1.185252216	-1.220737276	1.220737276	1.327225954	-1.327225954	-1.338153822	1.338153822	1.346213433	-1.346213433	-1.348028525	1.348028525	-1.387522314	1.387522314	-1.397811765	1.397811765	-1.461210947	1.461210947	-1.5016796	1.5016796	1.523634547	-1.523634547	1.529984866	-1.529984866	-1.646684519	1.646684519	-1.671602775	1.671602775	-1.710913458	1.710913458	1.716148594	-1.716148594	-1.746236985	1.746236985	1.793009368	-1.793009368	-1.796584435	1.796584435	1.809511363	-1.809511363	1.860798902	-1.860798902	-1.89044881	1.89044881	1.892924269	-1.892924269	-1.927112809	1.927112809	1.94942665	-1.94942665	2.069175646	-2.069175646	-2.080965288	2.080965288	-2.084412945	2.084412945	2.090528334	-2.090528334	-2.128930012	2.128930012	-2.270306996	2.270306996	-2.283011748	2.283011748	-2.301158352	2.301158352	2.309377787	-2.309377787	2.395846203	-2.395846203	-2.397854187	2.397854187	-2.454692261	2.454692261	-2.478803399	2.478803399	-2.489262529	2.489262529	
-0.34	-0.04507164818	0.04507164818	-0.205823086	0.205823086	-0.2359036792	0.2359036792	0.2920910209	-0.2920910209	-0.3424660394	0.3424660394	0.4402483149	-0.4402483149	0.5163456141	-0.5163456141	0.6245213429	-0.6245213429	-0.6613422965	0.6613422965	0.7552385148	-0.7552385148	-0.7670424407	0.7670424407	0.7720449026	-0.7720449026	-0.7832890688	0.7832890688	-0.8029352493	0.8029352493	0.8367446014	-0.8367446014	0.8816270637	-0.8816270637	-0.8988056126	0.8988056126	-1.085058191	1.085058191	-1.110365012	1.110365012	1.121116236	-1.121116236	-1.181485793	1.181485793	1.186077727	-1.186077727	-1.217982254	1.217982254	-1.327412939	1.327412939	-1.337486777	1.337486777	-1.343617617	1.343617617	1.346854202	-1.346854202	-1.387298347	1.387298347	1.397868528	-1.397868528	-1.460197943	1.460197943	-1.497029488	1.497029488	1.523756419	-1.523756419	-1.527282865	1.527282865	-1.646718437	1.646718437	1.671565316	-1.671565316	1.710638836	-1.710638836	1.712270095	-1.712270095	-1.746314526	1.746314526	1.793626133	-1.793626133	1.797357377	-1.797357377	1.810100708	-1.810100708	-1.860611616	1.860611616	-1.890999755	1.890999755	1.893620515	-1.893620515	-1.926843948	1.926843948	-1.949238117	1.949238117	-2.069301559	2.069301559	2.081486721	-2.081486721	-2.084559477	2.084559477	2.091160444	-2.091160444	-2.128701231	2.128701231	-2.270163413	2.270163413	-2.283595053	2.283595053	-2.301210618	2.301210618	2.309450136	-2.309450136	2.395654629	-2.395654629	2.398452337	-2.398452337	2.454522033	-2.454522033	-2.478882581	2.478882581	-2.488991138	2.488991138	
-0.33	-0.04159117544	0.04159117544	0.2024406204	-0.2024406204	0.2425034307	-0.2425034307	0.2981926825	-0.2981926825	0.3495274151	-0.3495274151	0.4450807154	-0.4450807154	0.5198271115	-0.5198271115	-0.6270781155	0.6270781155	-0.667841507	0.667841507	-0.7592987445	0.7592987445	-0.7636610344	0.7636610344	-0.7735558571	0.7735558571	-0.7874006703	0.7874006703	-0.7981459068	0.7981459068	0.8368222046	-0.8368222046	0.8876431092	-0.8876431092	-0.8978186994	0.8978186994	-1.085085002	1.085085002	-1.110332101	1.110332101	-1.117246993	1.117246993	1.177721695	-1.177721695	-1.188630501	1.188630501	-1.215334763	1.215334763	-1.327262011	1.327262011	1.336765703	-1.336765703	-1.339533571	1.339533571	1.347509589	-1.347509589	-1.387080821	1.387080821	-1.397925178	1.397925178	-1.459199906	1.459199906	-1.492368762	1.492368762	-1.523805538	1.523805538	-1.524749291	1.524749291	-1.646751514	1.646751514	-1.671528772	1.671528772	1.708423489	-1.708423489	-1.710369144	1.710369144	-1.746389965	1.746389965	-1.794242115	1.794242115	-1.798096629	1.798096629	1.810676985	-1.810676985	-1.860428606	1.860428606	-1.891544429	1.891544429	-1.894298654	1.894298654	-1.926581298	1.926581298	1.949049796	-1.949049796	2.069401445	-2.069401445	2.082002417	-2.082002417	-2.084702698	2.084702698	-2.091789254	2.091789254	-2.128471987	2.128471987	2.270007805	-2.270007805	2.284182459	-2.284182459	-2.301262093	2.301262093	2.309520593	-2.309520593	2.395467459	-2.395467459	-2.399036471	2.399036471	-2.454355315	2.454355315	-2.478959619	2.478959619	2.48872573	-2.48872573	
-0.32	-0.03811838184	0.03811838184	0.1990628014	-0.1990628014	-0.2490428282	0.2490428282	0.3041908648	-0.3041908648	-0.3565410553	0.3565410553	-0.4497512491	0.4497512491	0.5233008981	-0.5233008981	0.6296103176	-0.6296103176	-0.6742603909	0.6742603909	-0.7602842852	0.7602842852	-0.7631267643	0.7631267643	-0.7737899649	0.7737899649	-0.7927455983	0.7927455983	-0.793379111	0.793379111	-0.8369010829	0.8369010829	0.893555108	-0.893555108	-0.8968500168	0.8968500168	-1.085110846	1.085110846	-1.11030026	1.11030026	-1.113410445	1.113410445	-1.173963664	1.173963664	-1.191157601	1.191157601	-1.212800357	1.212800357	-1.326361851	1.326361851	-1.336002635	1.336002635	-1.336192598	1.336192598	1.348167452	-1.348167452	1.386868315	-1.386868315	-1.397981617	1.397981617	-1.458217525	1.458217525	-1.487700808	1.487700808	-1.522080815	1.522080815	1.524090102	-1.524090102	-1.646783735	1.646783735	-1.671493156	1.671493156	1.704613228	-1.704613228	1.71010461	-1.71010461	-1.746463283	1.746463283	1.794856622	-1.794856622	-1.798802374	1.798802374	1.811239794	-1.811239794	1.860250059	-1.860250059	1.892082173	-1.892082173	-1.894958438	1.894958438	1.926325035	-1.926325035	-1.948861921	1.948861921	-2.069475485	2.069475485	2.082511918	-2.082511918	-2.08484274	2.08484274	-2.092413994	2.092413994	2.12824254	-2.12824254	2.269843234	-2.269843234	2.284770492	-2.284770492	2.301312723	-2.301312723	2.30958916	-2.30958916	-2.395284833	2.395284833	2.399606244	-2.399606244	-2.454192209	2.454192209	-2.479034509	2.479034509	2.488466477	-2.488466477	
-0.31	-0.03465390164	0.03465390164	0.1956902695	-0.1956902695	-0.2555181652	0.2555181652	0.3100809753	-0.3100809753	0.3635040783	-0.3635040783	0.4542548	-0.4542548	-0.5267663395	0.5267663395	-0.6321168344	0.6321168344	-0.6805905855	0.6805905855	-0.7569128375	0.7569128375	0.7666863847	-0.7666863847	-0.7735453936	0.7735453936	-0.7886442748	0.7886442748	-0.7985523577	0.7985523577	-0.8369815947	0.8369815947	-0.8959009292	0.8959009292	-0.8993583341	0.8993583341	-1.08513569	1.08513569	1.109610848	-1.109610848	-1.110269516	1.110269516	1.170215472	-1.170215472	-1.193657077	1.193657077	-1.210384989	1.210384989	1.324146127	-1.324146127	-1.334165629	1.334165629	-1.335205119	1.335205119	1.348820231	-1.348820231	-1.386659938	1.386659938	-1.398037735	1.398037735	-1.457251235	1.457251235	1.483029367	-1.483029367	1.519700362	-1.519700362	1.524192052	-1.524192052	-1.646815086	1.646815086	-1.671458477	1.671458477	1.700843875	-1.700843875	1.709845458	-1.709845458	-1.746534468	1.746534468	1.795468984	-1.795468984	1.799474806	-1.799474806	-1.811788749	1.811788749	-1.860076145	1.860076145	-1.892612334	1.892612334	1.895599634	-1.895599634	-1.926075329	1.926075329	-1.948674741	1.948674741	-2.069523862	2.069523862	-2.083014756	2.083014756	2.084979665	-2.084979665	2.093033972	-2.093033972	-2.12801317	2.12801317	-2.269672219	2.269672219	2.285356227	-2.285356227	-2.301362453	2.301362453	-2.309655841	2.309655841	-2.395106885	2.395106885	2.400161327	-2.400161327	-2.454032814	2.454032814	-2.479107244	2.479107244	-2.488213548	2.488213548	
-0.3	-0.0311984425	0.0311984425	0.1923237385	-0.1923237385	-0.2619254763	0.2619254763	0.3158583202	-0.3158583202	0.3704135324	-0.3704135324	0.4585862371	-0.4585862371	-0.5302227271	0.5302227271	0.6345964632	-0.6345964632	-0.6868214993	0.6868214993	-0.7535474116	0.7535474116	0.7697911062	-0.7697911062	-0.7733043711	0.7733043711	-0.7839531339	0.7839531339	-0.8045152449	0.8045152449	-0.8370644182	0.8370644182	-0.8949728647	0.8949728647	0.9050481026	-0.9050481026	-1.085159493	1.085159493	-1.105852565	1.105852565	-1.110239893	1.110239893	1.166480916	-1.166480916	-1.196125652	1.196125652	1.208095793	-1.208095793	-1.32068718	1.32068718	1.333384839	-1.333384839	1.334378176	-1.334378176	-1.349462987	1.349462987	-1.386455137	1.386455137	-1.398093416	1.398093416	-1.456301022	1.456301022	1.47835875	-1.47835875	1.517413541	-1.517413541	1.524310618	-1.524310618	-1.646845554	1.646845554	-1.671424741	1.671424741	-1.6971201	1.6971201	1.709591909	-1.709591909	-1.746603505	1.746603505	1.796078549	-1.796078549	1.800114124	-1.800114124	1.812323489	-1.812323489	-1.859907016	1.859907016	-1.893134268	1.893134268	-1.896222024	1.896222024	1.92583234	-1.92583234	-1.948488513	1.948488513	2.069546759	-2.069546759	2.083510452	-2.083510452	2.085113486	-2.085113486	-2.093648564	2.093648564	-2.127784169	2.127784169	-2.269496845	2.269496845	2.285937189	-2.285937189	-2.301411231	2.301411231	-2.309720641	2.309720641	-2.394933742	2.394933742	-2.400701405	2.400701405	-2.453877227	2.453877227	-2.479177821	2.479177821	-2.487967106	2.487967106	
-0.29	-0.02775279675	0.02775279675	0.188964007	-0.188964007	0.268260513	-0.268260513	0.3215181044	-0.3215181044	0.3772663878	-0.3772663878	-0.4627404352	0.4627404352	0.5336692673	-0.5336692673	-0.6370479043	0.6370479043	-0.6929390484	0.6929390484	-0.7501888177	0.7501888177	0.7712511661	-0.7712511661	-0.7743656857	0.7743656857	-0.7793210714	0.7793210714	-0.8105144393	0.8105144393	0.8371509049	-0.8371509049	0.8940673427	-0.8940673427	-0.9106197287	0.9106197287	-1.085182197	1.085182197	1.102140061	-1.102140061	-1.110211417	1.110211417	-1.16276381	1.16276381	-1.198555057	1.198555057	1.205944712	-1.205944712	-1.316578394	1.316578394	-1.333261408	1.333261408	1.333525381	-1.333525381	-1.350092325	1.350092325	-1.386253593	1.386253593	1.398148527	-1.398148527	1.455365975	-1.455365975	1.473694287	-1.473694287	-1.515240285	1.515240285	1.524430661	-1.524430661	-1.646875124	1.646875124	1.671391945	-1.671391945	1.693446689	-1.693446689	-1.709344183	1.709344183	-1.746670384	1.746670384	1.796684687	-1.796684687	-1.800720537	1.800720537	1.812843668	-1.812843668	1.859742808	-1.859742808	-1.893647337	1.893647337	-1.896825409	1.896825409	1.925596223	-1.925596223	-1.948303509	1.948303509	-2.069544359	2.069544359	-2.083998512	2.083998512	2.08524418	-2.08524418	2.094257194	-2.094257194	2.127555849	-2.127555849	-2.269318851	2.269318851	2.286511259	-2.286511259	2.301459003	-2.301459003	2.309783566	-2.309783566	-2.394765528	2.394765528	2.401226178	-2.401226178	2.453725544	-2.453725544	2.479246235	-2.479246235	-2.487727304	2.487727304	
-0.28	-0.02431785466	0.02431785466	-0.1856119715	0.1856119715	-0.2745187184	0.2745187184	0.3270554335	-0.3270554335	0.3840595292	-0.3840595292	0.4667122969	-0.4667122969	0.5371050678	-0.5371050678	-0.6394697501	0.6394697501	-0.6989234415	0.6989234415	-0.7468379733	0.7468379733	-0.7709070952	0.7709070952	0.7747693729	-0.7747693729	0.7769339892	-0.7769339892	0.8164921816	-0.8164921816	-0.8372440194	0.8372440194	0.893186015	-0.893186015	-0.9160685075	0.9160685075	-1.085203704	1.085203704	1.098477935	-1.098477935	-1.110184112	1.110184112	1.159067982	-1.159067982	-1.200897972	1.200897972	-1.203982522	1.203982522	-1.312196431	1.312196431	-1.332649481	1.332649481	-1.333423376	1.333423376	1.350705788	-1.350705788	-1.386055148	1.386055148	-1.398202923	1.398202923	-1.454443161	1.454443161	-1.469043466	1.469043466	-1.513187881	1.513187881	1.524549622	-1.524549622	-1.646903785	1.646903785	-1.671360077	1.671360077	1.689828543	-1.689828543	1.709102496	-1.709102496	-1.746735093	1.746735093	1.797286786	-1.797286786	-1.801294259	1.801294259	-1.813348958	1.813348958	-1.859583642	1.859583642	-1.894150908	1.894150908	-1.897409601	1.897409601	-1.925367121	1.925367121	-1.948120009	1.948120009	2.069516845	-2.069516845	2.084478432	-2.084478432	-2.085371699	2.085371699	-2.094859327	2.094859327	-2.12732854	2.12732854	-2.269139694	2.269139694	-2.287076612	2.287076612	-2.301505718	2.301505718	-2.309844625	2.309844625	2.394602361	-2.394602361	-2.401735359	2.401735359	2.45357786	-2.45357786	-2.479312481	2.479312481	-2.487494293	2.487494293	
-0.27	-0.02089462019	0.02089462019	0.1822686421	-0.1822686421	0.2806952005	-0.2806952005	0.3324653157	-0.3324653157	-0.3907897472	0.3907897472	0.4704967765	-0.4704967765	-0.5405291217	0.5405291217	0.6418604736	-0.6418604736	-0.7047451074	0.7047451074	-0.7434959295	0.7434959295	-0.7701933742	0.7701933742	-0.7703293255	0.7703293255	0.7795955814	-0.7795955814	-0.8224102149	0.8224102149	-0.8373514169	0.8373514169	0.8923307302	-0.8923307302	-0.9213897059	0.9213897059	-1.085223796	1.085223796	-1.094870991	1.094870991	-1.110158	1.110158	1.15539726	-1.15539726	1.201727027	-1.201727027	1.203639785	-1.203639785	1.307701983	-1.307701983	-1.331752756	1.331752756	-1.33371497	1.33371497	1.351301502	-1.351301502	1.385859762	-1.385859762	-1.398256441	1.398256441	-1.453524217	1.453524217	1.464419362	-1.464419362	-1.511261847	1.511261847	-1.524666617	1.524666617	-1.646931525	1.646931525	-1.671329094	1.671329094	-1.686270692	1.686270692	-1.708867061	1.708867061	-1.746797625	1.746797625	1.797884254	-1.797884254	1.80183551	-1.80183551	-1.813839048	1.813839048	-1.859429627	1.859429627	-1.894644353	1.894644353	1.897974429	-1.897974429	-1.92514517	1.92514517	1.947938308	-1.947938308	2.0694644	-2.0694644	2.084949694	-2.084949694	2.085495973	-2.085495973	-2.095454459	2.095454459	2.127102591	-2.127102591	-2.26896061	2.26896061	2.287631656	-2.287631656	2.301551325	-2.301551325	-2.309903826	2.309903826	2.394444353	-2.394444353	-2.402228674	2.402228674	2.453434265	-2.453434265	-2.479376555	2.479376555	-2.487268214	2.487268214	
-0.26	-0.01748422964	0.01748422964	0.1789351611	-0.1789351611	0.286784703	-0.286784703	0.3377426665	-0.3377426665	0.3974537307	-0.3974537307	-0.4740889064	0.4740889064	0.5439402893	-0.5439402893	-0.6442184157	0.6442184157	-0.7103567983	0.7103567983	0.7401639167	-0.7401639167	0.7660501192	-0.7660501192	0.7693760505	-0.7693760505	-0.7820946767	0.7820946767	0.8282216779	-0.8282216779	-0.837499588	0.837499588	-0.8915036332	0.8915036332	-0.9265785603	0.9265785603	-1.085241807	1.085241807	1.091324569	-1.091324569	-1.110133104	1.110133104	-1.15175547	1.15175547	-1.200124132	1.200124132	-1.20583748	1.20583748	1.303166655	-1.303166655	-1.330837245	1.330837245	-1.33406977	1.33406977	1.351877952	-1.351877952	-1.385667487	1.385667487	-1.398308892	1.398308892	-1.452581749	1.452581749	1.459854243	-1.459854243	1.50946715	-1.50946715	-1.524781201	1.524781201	-1.646958332	1.646958332	-1.671298897	1.671298897	1.68277832	-1.68277832	-1.708638086	1.708638086	-1.74685797	1.74685797	1.79847652	-1.79847652	-1.802344516	1.802344516	1.814313642	-1.814313642	1.859280857	-1.859280857	-1.895127045	1.895127045	-1.898519735	1.898519735	1.924930499	-1.924930499	-1.947758711	1.947758711	-2.069387207	2.069387207	-2.085411767	2.085411767	-2.085616921	2.085616921	2.096042117	-2.096042117	2.126878369	-2.126878369	2.268782654	-2.268782654	2.288174992	-2.288174992	-2.301595775	2.301595775	-2.30996118	2.30996118	2.394291614	-2.394291614	-2.402705863	2.402705863	-2.45329485	2.45329485	-2.479438456	2.479438456	-2.487049205	2.487049205	
-0.25	-0.01408797409	0.01408797409	0.1756128254	-0.1756128254	-0.292781575	0.292781575	0.3428823139	-0.3428823139	-0.4040480586	0.4040480586	-0.4774838241	0.4774838241	-0.547337275	0.547337275	-0.6465417701	0.6465417701	-0.7156774871	0.7156774871	-0.73684345	0.73684345	-0.7620148976	0.7620148976	0.7685062769	-0.7685062769	-0.7843854507	0.7843854507	-0.8337385677	0.8337385677	-0.837860671	0.837860671	-0.8907073278	0.8907073278	-0.9316302781	0.9316302781	-1.085253603	1.085253603	-1.087847556	1.087847556	-1.110109443	1.110109443	-1.148146428	1.148146428	-1.198536778	1.198536778	1.208130648	-1.208130648	-1.29862754	1.29862754	-1.329904887	1.329904887	-1.334456191	1.334456191	-1.352433849	1.352433849	-1.385478439	1.385478439	-1.398360057	1.398360057	-1.451484939	1.451484939	-1.455483998	1.455483998	-1.507808459	1.507808459	-1.524893081	1.524893081	-1.646984196	1.646984196	1.671269198	-1.671269198	-1.679356887	1.679356887	1.708415777	-1.708415777	-1.746916123	1.746916123	-1.799063029	1.799063029	-1.802821506	1.802821506	1.814772463	-1.814772463	-1.859137414	1.859137414	1.895598365	-1.895598365	-1.899045374	1.899045374	-1.924723224	1.924723224	-1.947581535	1.947581535	2.069285445	-2.069285445	-2.08573445	2.08573445	-2.085864104	2.085864104	-2.09662185	2.09662185	-2.126656262	2.126656262	-2.268606736	2.268606736	-2.288705378	2.288705378	-2.301639017	2.301639017	-2.310016698	2.310016698	-2.394144246	2.394144246	-2.403166679	2.403166679	-2.453159701	2.453159701	-2.479498178	2.479498178	-2.486837397	2.486837397	
-0.24	-0.01070732623	0.01070732623	0.1723031135	-0.1723031135	-0.2986797399	0.2986797399	0.3478790055	-0.3478790055	0.4105691919	-0.4105691919	0.4806768012	-0.4806768012	-0.550718601	0.550718601	0.6488285672	-0.6488285672	-0.7205584762	0.7205584762	-0.7335367085	0.7335367085	-0.7583743273	0.7583743273	-0.7676022797	0.7676022797	0.7864526089	-0.7864526089	-0.8368784981	0.8368784981	-0.8405029071	0.8405029071	-0.8899451511	0.8899451511	-0.9365400423	0.9365400423	-1.084384872	1.084384872	-1.085319092	1.085319092	-1.110087033	1.110087033	-1.144573934	1.144573934	-1.197082975	1.197082975	-1.210403414	1.210403414	-1.294107232	1.294107232	-1.328957628	1.328957628	-1.334857507	1.334857507	1.352968028	-1.352968028	-1.385292792	1.385292792	-1.398409675	1.398409675	1.449343385	-1.449343385	1.452204319	-1.452204319	1.506290203	-1.506290203	1.525002037	-1.525002037	-1.647009105	1.647009105	-1.671238912	1.671238912	-1.676012735	1.676012735	-1.708200333	1.708200333	-1.746972077	1.746972077	-1.799643246	1.799643246	-1.803266715	1.803266715	-1.815215245	1.815215245	1.858999371	-1.858999371	-1.896057694	1.896057694	-1.899551217	1.899551217	-1.924523456	1.924523456	-1.947407106	1.947407106	-2.069159295	2.069159295	-2.08584846	2.08584846	-2.086306147	2.086306147	-2.09719323	2.09719323	-2.126436678	2.126436678	-2.268433645	2.268433645	2.289221705	-2.289221705	-2.301681005	2.301681005	-2.310070392	2.310070392	2.394002346	-2.394002346	-2.403610888	2.403610888	-2.453028905	2.453028905	-2.479555721	2.479555721	-2.486632913	2.486632913	
-0.23	-0.007343972729	0.007343972729	-0.1690077175	0.1690077175	-0.3044726623	0.3044726623	0.3527274178	-0.3527274178	0.4170134655	-0.4170134655	0.4836632733	-0.4836632733	0.554082574	-0.554082574	-0.6510766564	0.6510766564	-0.7247145597	0.7247145597	-0.73024933	0.73024933	-0.7554127035	0.7554127035	-0.7666733935	0.7666733935	0.7882886319	-0.7882886319	-0.8373108389	0.8373108389	0.8457427616	-0.8457427616	-0.8892216566	0.8892216566	0.9413030171	-0.9413030171	-1.081071741	1.081071741	-1.08530795	1.08530795	-1.110065889	1.110065889	-1.141041768	1.141041768	1.195777749	-1.195777749	-1.212642433	1.212642433	1.289621727	-1.289621727	-1.32799749	1.32799749	-1.335264003	1.335264003	1.353479378	-1.353479378	-1.385110759	1.385110759	-1.398457423	1.398457423	1.445371924	-1.445371924	-1.450805918	1.450805918	1.50491658	-1.50491658	-1.525107879	1.525107879	-1.647033048	1.647033048	-1.671198007	1.671198007	1.672761225	-1.672761225	-1.707991952	1.707991952	1.747025828	-1.747025828	1.800216653	-1.800216653	-1.803680381	1.803680381	1.815641739	-1.815641739	-1.858866791	1.858866791	1.896504418	-1.896504418	-1.900037146	1.900037146	1.924331295	-1.924331295	-1.947235764	1.947235764	2.069008934	-2.069008934	-2.085958848	2.085958848	-2.086737323	2.086737323	2.097755846	-2.097755846	-2.126220046	2.126220046	-2.268264075	2.268264075	2.289722973	-2.289722973	-2.301721693	2.301721693	-2.310122274	2.310122274	2.393866008	-2.393866008	-2.404038265	2.404038265	-2.452902543	2.452902543	-2.47961108	2.47961108	-2.486435873	2.486435873	
-0.22	-0.003999853485	0.003999853485	0.1657285829	-0.1657285829	-0.310153315	0.310153315	0.3574221667	-0.3574221667	0.4233770799	-0.4233770799	0.4864388705	-0.4864388705	-0.5574272463	0.5574272463	-0.6532836859	0.6532836859	0.7268743758	-0.7268743758	0.7277570971	-0.7277570971	0.7536309815	-0.7536309815	-0.7657256743	0.7657256743	0.7898888702	-0.7898888702	-0.8374650569	0.8374650569	-0.8511349975	0.8511349975	-0.888543516	0.888543516	0.9459143555	-0.9459143555	1.07781302	-1.07781302	-1.085320278	1.085320278	-1.110046016	1.110046016	-1.137553689	1.137553689	1.194627526	-1.194627526	-1.214842457	1.214842457	1.285183853	-1.285183853	1.32702663	-1.32702663	-1.335669575	1.335669575	-1.353966788	1.353966788	-1.384932594	1.384932594	-1.398502892	1.398502892	-1.440961542	1.440961542	1.449903674	-1.449903674	1.503691542	-1.503691542	1.52521044	-1.52521044	-1.647056014	1.647056014	1.669540036	-1.669540036	-1.671214196	1.671214196	-1.707790825	1.707790825	-1.74707737	1.74707737	1.800782752	-1.800782752	1.804062744	-1.804062744	1.81605171	-1.81605171	-1.858739726	1.858739726	-1.896937927	1.896937927	1.900503055	-1.900503055	-1.924146832	1.924146832	-1.947067855	1.947067855	2.068834539	-2.068834539	-2.086065504	2.086065504	-2.087157042	2.087157042	2.098309307	-2.098309307	-2.126006812	2.126006812	2.268098637	-2.268098637	2.290208276	-2.290208276	2.301761035	-2.301761035	-2.310172358	2.310172358	2.393735321	-2.393735321	2.404448601	-2.404448601	2.452780695	-2.452780695	-2.479664254	2.479664254	2.486246391	-2.486246391	
-0.21	-0.0006772092684	0.0006772092684	-0.1624679554	0.1624679554	0.3157141463	-0.3157141463	-0.3619578206	0.3619578206	-0.4296560935	0.4296560935	-0.488999448	0.488999448	-0.5607503676	0.5607503676	-0.655447081	0.655447081	-0.723686319	0.723686319	-0.7288144162	0.7288144162	-0.7536324626	0.7536324626	-0.7647637725	0.7647637725	-0.7912500983	0.7912500983	-0.8375704132	0.8375704132	-0.8564307804	0.8564307804	-0.8879213143	0.8879213143	0.9503692065	-0.9503692065	-1.074636287	1.074636287	-1.085333511	1.085333511	-1.110027413	1.110027413	-1.134113434	1.134113434	-1.193636594	1.193636594	-1.216999823	1.216999823	-1.280804922	1.280804922	-1.326047389	1.326047389	-1.336070118	1.336070118	-1.354429087	1.354429087	-1.384758575	1.384758575	-1.398545535	1.398545535	-1.436497617	1.436497617	-1.449118464	1.449118464	-1.502618773	1.502618773	-1.525309565	1.525309565	-1.647077988	1.647077988	-1.666465096	1.666465096	-1.671176992	1.671176992	-1.707597137	1.707597137	-1.747126701	1.747126701	-1.80134106	1.80134106	-1.804414047	1.804414047	-1.816444935	1.816444935	1.858618222	-1.858618222	-1.897357614	1.897357614	1.900948852	-1.900948852	1.923970149	-1.923970149	-1.946903735	1.946903735	-2.068636283	2.068636283	-2.08616832	2.08616832	-2.087564703	2.087564703	-2.098853234	2.098853234	-2.125797446	2.125797446	2.267937875	-2.267937875	2.290676788	-2.290676788	-2.301798987	2.301798987	-2.310220656	2.310220656	-2.393610368	2.393610368	-2.404841695	2.404841695	-2.452663441	2.452663441	-2.47971524	2.47971524	2.486064573	-2.486064573	
-0.2	-0.002621360062	0.002621360062	0.1592284401	-0.1592284401	-0.3211470478	0.3211470478	0.366328915	-0.366328915	0.4358464145	-0.4358464145	-0.4913411169	0.4913411169	0.5640493266	-0.5640493266	-0.6575640204	0.6575640204	0.7204521621	-0.7204521621	-0.7279980438	0.7279980438	0.7555455326	-0.7555455326	-0.763791721	0.763791721	0.7923700037	-0.7923700037	-0.8376582907	0.8376582907	-0.8615712248	0.8615712248	-0.887373424	0.887373424	-0.9546627242	0.9546627242	1.071548017	-1.071548017	-1.08534622	1.08534622	-1.110010061	1.110010061	-1.130724725	1.130724725	1.192808306	-1.192808306	1.219111199	-1.219111199	-1.276495591	1.276495591	-1.325062333	1.325062333	-1.336462705	1.336462705	1.354864999	-1.354864999	1.384589007	-1.384589007	-1.398584584	1.398584584	-1.432046379	1.432046379	1.448390834	-1.448390834	-1.501701668	1.501701668	-1.52540511	1.52540511	-1.647098954	1.647098954	-1.663477142	1.663477142	-1.671151133	1.671151133	1.707411069	-1.707411069	-1.747173817	1.747173817	-1.801891111	1.801891111	-1.804734536	1.804734536	1.816821206	-1.816821206	-1.858502316	1.858502316	-1.897762878	1.897762878	-1.901374456	1.901374456	-1.923801319	1.923801319	1.946743769	-1.946743769	-2.068414339	2.068414339	-2.086267185	2.086267185	-2.087959691	2.087959691	2.099387267	-2.099387267	2.125592435	-2.125592435	-2.267782276	2.267782276	-2.291127754	2.291127754	2.301835508	-2.301835508	-2.310267181	2.310267181	2.393491228	-2.393491228	-2.405217359	2.405217359	-2.452550853	2.452550853	-2.479764037	2.479764037	-2.485890523	2.485890523	
-0.19	-0.00589282425	0.00589282425	0.1560130718	-0.1560130718	0.3264433247	-0.3264433247	0.3705299696	-0.3705299696	-0.4419437934	0.4419437934	0.4934602738	-0.4934602738	-0.5673210792	0.5673210792	-0.659631411	0.659631411	0.7172388556	-0.7172388556	0.7257996187	-0.7257996187	0.7588194287	-0.7588194287	0.7628133277	-0.7628133277	0.7932469876	-0.7932469876	-0.8377372841	0.8377372841	-0.8665029625	0.8665029625	-0.8869351808	0.8869351808	-0.9587900761	0.9587900761	1.068553633	-1.068553633	-1.085358057	1.085358057	-1.109993911	1.109993911	-1.127391284	1.127391284	-1.192145394	1.192145394	-1.221173214	1.221173214	1.272266342	-1.272266342	-1.324074292	1.324074292	-1.336845136	1.336845136	-1.35527308	1.35527308	-1.384424216	1.384424216	-1.398618898	1.398618898	-1.427630875	1.427630875	1.447705234	-1.447705234	-1.500943307	1.500943307	-1.525496936	1.525496936	-1.647118886	1.647118886	1.660590381	-1.660590381	-1.671127915	1.671127915	-1.707232797	1.707232797	-1.747218715	1.747218715	1.802432456	-1.802432456	-1.805024456	1.805024456	-1.817180326	1.817180326	1.858392039	-1.858392039	1.898153124	-1.898153124	-1.901779797	1.901779797	1.923640404	-1.923640404	-1.946588327	1.946588327	2.068168878	-2.068168878	-2.08636199	2.08636199	-2.088341379	2.088341379	2.099911057	-2.099911057	-2.125392285	2.125392285	-2.267632278	2.267632278	-2.29156048	2.29156048	-2.301870555	2.301870555	2.310311946	-2.310311946	-2.393377976	2.393377976	2.405575415	-2.405575415	-2.452443005	2.452443005	-2.479810644	2.479810644	-2.485724337	2.485724337	
-0.18	-0.009133634979	0.009133634979	0.1528254035	-0.1528254035	-0.3315936701	0.3315936701	-0.3745555074	0.3745555074	-0.4479438151	0.4479438151	0.4953536296	-0.4953536296	-0.5705620602	0.5705620602	-0.6616458607	0.6616458607	-0.7140522344	0.7140522344	-0.7228490946	0.7228490946	-0.7618323967	0.7618323967	-0.7628272103	0.7628272103	0.7938800838	-0.7938800838	-0.837810585	0.837810585	-0.8711366873	0.8711366873	-0.8866828407	0.8866828407	-0.9627464523	0.9627464523	-1.065658344	1.065658344	-1.085368895	1.085368895	-1.109978856	1.109978856	-1.124116863	1.124116863	1.191650083	-1.191650083	-1.223182305	1.223182305	-1.26812777	1.26812777	-1.323086397	1.323086397	-1.337215681	1.337215681	-1.355651648	1.355651648	-1.384264543	1.384264543	-1.398646645	1.398646645	-1.423265113	1.423265113	1.447056258	-1.447056258	-1.500346434	1.500346434	1.525584914	-1.525584914	-1.647137742	1.647137742	-1.65781134	1.65781134	-1.671106319	1.671106319	-1.707062488	1.707062488	-1.747261394	1.747261394	-1.802964663	1.802964663	-1.805284054	1.805284054	1.817522112	-1.817522112	-1.858287418	1.858287418	-1.898527762	1.898527762	-1.902164819	1.902164819	-1.92348746	1.92348746	-1.946437785	1.946437785	-2.067900068	2.067900068	-2.086452628	2.086452628	-2.088709128	2.088709128	-2.100424267	2.100424267	-2.125197518	2.125197518	-2.267488277	2.267488277	2.291974328	-2.291974328	2.301904091	-2.301904091	-2.310354962	2.310354962	-2.393270681	2.393270681	-2.405915696	2.405915696	2.452339966	-2.452339966	-2.479855058	2.479855058	-2.485566108	2.485566108	
-0.17	-0.01233961781	0.01233961781	0.149669614	-0.149669614	-0.3365881451	0.3365881451	0.3784000766	-0.3784000766	0.4538418923	-0.4538418923	0.497018236	-0.497018236	0.5737680747	-0.5737680747	-0.6636036508	0.6636036508	-0.7108969725	0.7108969725	-0.7195394562	0.7195394562	-0.7608528691	0.7608528691	-0.7671812143	0.7671812143	0.7942689255	-0.7942689255	-0.8378795695	0.8378795695	-0.8752782773	0.8752782773	-0.8867987941	0.8867987941	-0.9665270743	0.9665270743	-1.062867277	1.062867277	-1.085378672	1.085378672	-1.109964654	1.109964654	-1.120905332	1.120905332	1.19132412	-1.19132412	-1.225134639	1.225134639	1.264090754	-1.264090754	-1.322102111	1.322102111	-1.337572926	1.337572926	1.355998696	-1.355998696	1.384110342	-1.384110342	-1.398664617	1.398664617	1.418961688	-1.418961688	1.446441786	-1.446441786	-1.49991343	1.49991343	-1.525668918	1.525668918	-1.647155439	1.647155439	1.655145827	-1.655145827	-1.671086069	1.671086069	1.706900305	-1.706900305	-1.747301853	1.747301853	1.803487313	-1.803487313	1.805513577	-1.805513577	1.817846392	-1.817846392	-1.858188472	1.858188472	1.898886213	-1.898886213	-1.902529473	1.902529473	1.92334253	-1.92334253	-1.946292522	1.946292522	-2.067608074	2.067608074	2.086538992	-2.086538992	-2.089062291	2.089062291	-2.100926575	2.100926575	-2.125008674	2.125008674	-2.267350631	2.267350631	-2.29236871	2.29236871	-2.301936076	2.301936076	-2.310396239	2.310396239	-2.393169409	2.393169409	-2.406238046	2.406238046	-2.452241801	2.452241801	-2.479897278	2.479897278	2.48541592	-2.48541592	
-0.16	-0.01550583871	0.01550583871	-0.1465506413	0.1465506413	-0.3414161658	0.3414161658	0.3820582734	-0.3820582734	0.4596332588	-0.4596332588	-0.4984515094	0.4984515094	-0.5769341635	0.5769341635	-0.6655007084	0.6655007084	-0.7077781812	0.7077781812	-0.7160810044	0.7160810044	-0.7598789182	0.7598789182	-0.7716773168	0.7716773168	-0.7944137318	0.7944137318	-0.8379448616	0.8379448616	-0.8785019215	0.8785019215	-0.8876973293	0.8876973293	-0.9701272048	0.9701272048	-1.060185496	1.060185496	-1.085387349	1.085387349	-1.109950672	1.109950672	1.117760937	-1.117760937	-1.191168788	1.191168788	-1.227026057	1.227026057	-1.260166574	1.260166574	1.321125267	-1.321125267	-1.337915678	1.337915678	1.356311778	-1.356311778	-1.383961976	1.383961976	-1.398666515	1.398666515	-1.414735596	1.414735596	-1.445861003	1.445861003	-1.499646299	1.499646299	-1.525748829	1.525748829	-1.647171754	1.647171754	1.652599558	-1.652599558	-1.671067061	1.671067061	-1.706746404	1.706746404	-1.747340088	1.747340088	-1.804000004	1.804000004	1.805713273	-1.805713273	1.818153006	-1.818153006	-1.858095219	1.858095219	-1.899227907	1.899227907	-1.902873724	1.902873724	1.92320565	-1.92320565	-1.94615292	1.94615292	-2.06729306	2.06729306	-2.08662098	2.08662098	2.089400211	-2.089400211	2.101417668	-2.101417668	2.124826304	-2.124826304	-2.267219669	2.267219669	-2.292743086	2.292743086	-2.301966475	2.301966475	-2.310435787	2.310435787	-2.39307422	2.39307422	2.406542317	-2.406542317	-2.452148576	2.452148576	-2.479937304	2.479937304	-2.485273856	2.485273856	
-0.15	-0.01862643919	0.01862643919	0.1434743479	-0.1434743479	-0.3460665032	0.3460665032	0.3855247679	-0.3855247679	0.4653129634	-0.4653129634	-0.4996512526	0.4996512526	-0.5800544377	0.5800544377	-0.6673325795	0.6673325795	-0.7047018134	0.7047018134	-0.7125891666	0.7125891666	-0.7589150196	0.7589150196	0.7762068826	-0.7762068826	-0.7943153	0.7943153	-0.8380067275	0.8380067275	-0.8803221517	0.8803221517	-0.8898521841	0.8898521841	-0.973542157	0.973542157	-1.057617991	1.057617991	-1.085394898	1.085394898	-1.109934693	1.109934693	-1.114689509	1.114689509	-1.191184914	1.191184914	-1.228852038	1.228852038	1.256366972	-1.256366972	-1.320160093	1.320160093	-1.338242903	1.338242903	-1.356587852	1.356587852	-1.383819815	1.383819815	-1.398637921	1.398637921	-1.410610127	1.410610127	-1.445313681	1.445313681	-1.499546646	1.499546646	-1.525824534	1.525824534	-1.647185804	1.647185804	-1.650178781	1.650178781	-1.671049249	1.671049249	-1.706600933	1.706600933	-1.747376101	1.747376101	1.804502349	-1.804502349	-1.805883387	1.805883387	-1.818441805	1.818441805	1.858007671	-1.858007671	-1.899552286	1.899552286	-1.903197542	1.903197542	-1.923076847	1.923076847	-1.946019357	1.946019357	2.066955189	-2.066955189	-2.086698491	2.086698491	-2.089722229	2.089722229	-2.101897245	2.101897245	-2.124650972	2.124650972	-2.267095688	2.267095688	-2.293096956	2.293096956	-2.301995253	2.301995253	2.310473613	-2.310473613	-2.392985172	2.392985172	-2.406828374	2.406828374	-2.452060349	2.452060349	-2.479975134	2.479975134	2.485139991	-2.485139991	
-0.14	-0.02169443274	0.02169443274	-0.140447724	0.140447724	-0.3505272951	0.3505272951	0.3887943319	-0.3887943319	0.4708758647	-0.4708758647	0.5006156723	-0.5006156723	-0.583121873	0.583121873	-0.6690944062	0.6690944062	-0.7016749383	0.7016749383	-0.7091329679	0.7091329679	-0.7579660026	0.7579660026	0.7807082126	-0.7807082126	-0.7939749987	0.7939749987	-0.8380652453	0.8380652453	0.8809768032	-0.8809768032	-0.893013419	0.893013419	0.9767673058	-0.9767673058	-1.055169654	1.055169654	-1.085401282	1.085401282	-1.109900134	1.109900134	1.111711261	-1.111711261	1.19137287	-1.19137287	-1.230607666	1.230607666	1.25270418	-1.25270418	1.319211238	-1.319211238	-1.338553686	1.338553686	-1.356823078	1.356823078	1.383684232	-1.383684232	-1.398537497	1.398537497	-1.40663618	1.40663618	1.444799881	-1.444799881	-1.499615667	1.499615667	-1.525895927	1.525895927	-1.647185641	1.647185641	1.647900677	-1.647900677	-1.671032611	1.671032611	1.706464034	-1.706464034	1.74740989	-1.74740989	1.804993974	-1.804993974	-1.806024165	1.806024165	1.818712653	-1.818712653	-1.857925841	1.857925841	-1.899858807	1.899858807	1.90350091	-1.90350091	1.922956142	-1.922956142	-1.945892213	1.945892213	-2.066594619	2.066594619	-2.086771431	2.086771431	-2.090027683	2.090027683	-2.102365016	2.102365016	-2.124483246	2.124483246	-2.266978961	2.266978961	-2.293429862	2.293429862	-2.302022378	2.302022378	2.310509721	-2.310509721	-2.392902317	2.392902317	2.407096089	-2.407096089	-2.451977178	2.451977178	-2.480010768	2.480010768	-2.485014397	2.485014397	
-0.13	-0.0247014547	0.0247014547	-0.1374791376	0.1374791376	-0.3547860776	0.3547860776	0.3918618676	-0.3918618676	0.4763166275	-0.4763166275	-0.5013433927	0.5013433927	0.5861280589	-0.5861280589	-0.6707809084	0.6707809084	-0.6987060243	0.6987060243	-0.7057580828	0.7057580828	-0.757037087	0.757037087	-0.7851434299	0.7851434299	0.793394757	-0.793394757	-0.8381203882	0.8381203882	0.8810735868	-0.8810735868	-0.8965607914	0.8965607914	0.9797980988	-0.9797980988	1.052845248	-1.052845248	-1.085406447	1.085406447	-1.108683512	1.108683512	-1.10999334	1.10999334	-1.19173258	1.19173258	-1.232287614	1.232287614	-1.249190923	1.249190923	-1.318283794	1.318283794	1.338847208	-1.338847208	-1.357012522	1.357012522	-1.383555599	1.383555599	-1.398198885	1.398198885	-1.402990788	1.402990788	1.444319802	-1.444319802	-1.499854137	1.499854137	-1.525962906	1.525962906	1.645712737	-1.645712737	-1.647228865	1.647228865	-1.671017135	1.671017135	1.70633584	-1.70633584	-1.747441455	1.747441455	-1.805474519	1.805474519	1.80613585	-1.80613585	1.818965424	-1.818965424	-1.857849735	1.857849735	-1.900146942	1.900146942	-1.903783817	1.903783817	-1.922843544	1.922843544	-1.945771859	1.945771859	2.066211509	-2.066211509	-2.086839708	2.086839708	-2.090315915	2.090315915	-2.102820699	2.102820699	-2.124323701	2.124323701	-2.266869737	2.266869737	-2.293741383	2.293741383	-2.302047819	2.302047819	-2.310544113	2.310544113	-2.392825702	2.392825702	2.407345344	-2.407345344	-2.451899116	2.451899116	-2.480044205	2.480044205	-2.48489714	2.48489714	
-0.12	-0.0276374572	0.0276374572	-0.1345786398	0.1345786398	-0.358829837	0.358829837	-0.3947224384	0.3947224384	0.4816297193	-0.4816297193	0.5018334651	-0.5018334651	0.5890628911	-0.5890628911	-0.6723863755	0.6723863755	-0.6958052637	0.6958052637	-0.7024978475	0.7024978475	-0.7561339047	0.7561339047	0.7894874005	-0.7894874005	0.7925770508	-0.7925770508	-0.8381720687	0.8381720687	-0.8809465005	0.8809465005	-0.9001473576	0.9001473576	-0.9826300695	0.9826300695	-1.050649373	1.050649373	-1.085410299	1.085410299	1.105877456	-1.105877456	-1.109946848	1.109946848	-1.192263527	1.192263527	-1.233886129	1.233886129	-1.245840387	1.245840387	-1.317383299	1.317383299	-1.339122725	1.339122725	-1.357149766	1.357149766	-1.383434285	1.383434285	-1.396842449	1.396842449	1.400465845	-1.400465845	-1.443873718	1.443873718	-1.500262401	1.500262401	-1.526025376	1.526025376	1.643698662	-1.643698662	-1.647236693	1.647236693	-1.671002815	1.671002815	-1.706216476	1.706216476	-1.747470796	1.747470796	-1.805943638	1.805943638	1.806218683	-1.806218683	-1.8192	1.8192	-1.857779362	1.857779362	-1.900416183	1.900416183	1.90404626	-1.90404626	-1.922739059	1.922739059	1.94565866	-1.94565866	-2.065806015	2.065806015	-2.086903235	2.086903235	-2.090586271	2.090586271	-2.103264024	2.103264024	-2.12417291	2.12417291	-2.266768244	2.266768244	-2.294031137	2.294031137	-2.302071546	2.302071546	-2.310576788	2.310576788	-2.392755372	2.392755372	2.40757603	-2.40757603	-2.451826215	2.451826215	-2.480075444	2.480075444	2.484788281	-2.484788281	
-0.11	-0.03049034227	0.03049034227	0.1317583316	-0.1317583316	-0.3626450887	0.3626450887	0.3973713009	-0.3973713009	0.4868094091	-0.4868094091	-0.5020853729	0.5020853729	-0.5919142029	0.5919142029	-0.6739046705	0.6739046705	-0.6929849496	0.6929849496	-0.6993787377	0.6993787377	-0.7552625037	0.7552625037	-0.7915248833	0.7915248833	0.7937221736	-0.7937221736	-0.8382201642	0.8382201642	-0.8807306894	0.8807306894	-0.9036246756	0.9036246756	-0.985258853	0.985258853	-1.048586426	1.048586426	-1.085412674	1.085412674	-1.103122674	1.103122674	-1.109934913	1.109934913	1.192964767	-1.192964767	-1.235397039	1.235397039	-1.242666154	1.242666154	-1.316515737	1.316515737	-1.339379558	1.339379558	-1.35722636	1.35722636	-1.383320653	1.383320653	-1.393881868	1.393881868	-1.3996621	1.3996621	-1.443461931	1.443461931	-1.500840375	1.500840375	-1.526083248	1.526083248	-1.641824885	1.641824885	-1.647247412	1.647247412	-1.670989648	1.670989648	-1.706106062	1.706106062	1.747497913	-1.747497913	1.806272904	-1.806272904	-1.806400998	1.806400998	1.819416279	-1.819416279	1.857714728	-1.857714728	-1.900666043	1.900666043	-1.904288241	1.904288241	-1.922642686	1.922642686	-1.945552972	1.945552972	-2.06537829	2.06537829	-2.08696193	2.08696193	-2.090838111	2.090838111	-2.103694728	2.103694728	-2.124031441	2.124031441	-2.266674689	2.266674689	-2.294298773	2.294298773	-2.302093534	2.302093534	-2.310607742	2.310607742	-2.392691366	2.392691366	-2.40778805	2.40778805	2.45175852	-2.45175852	-2.480104484	2.480104484	2.484687877	-2.484687877	
-0.1	-0.03324553085	0.03324553085	0.1290327947	-0.1290327947	0.3662179849	-0.3662179849	0.3998039373	-0.3998039373	0.4918497676	-0.4918497676	0.5020990317	-0.5020990317	-0.5946673321	0.5946673321	-0.6753292529	0.6753292529	-0.6902599053	0.6902599053	-0.6964232118	0.6964232118	-0.7544293314	0.7544293314	-0.7902417616	0.7902417616	-0.79783404	0.79783404	-0.838264534	0.838264534	-0.8804836815	0.8804836815	-0.9069216764	0.9069216764	-0.987680203	0.987680203	-1.04666056	1.04666056	-1.085413264	1.085413264	-1.10045226	1.10045226	-1.109928467	1.109928467	1.193834938	-1.193834938	-1.236813777	1.236813777	-1.239682108	1.239682108	-1.315687507	1.315687507	-1.339617087	1.339617087	1.357231077	-1.357231077	-1.383215052	1.383215052	-1.39046495	1.39046495	-1.399449097	1.399449097	-1.443084749	1.443084749	-1.501587545	1.501587545	-1.526136441	1.526136441	-1.640099063	1.640099063	-1.647257854	1.647257854	-1.670977634	1.670977634	-1.706004706	1.706004706	-1.747522805	1.747522805	1.806298751	-1.806298751	1.806846279	-1.806846279	1.819614166	-1.819614166	1.85765584	-1.85765584	-1.900896059	1.900896059	-1.904509768	1.904509768	-1.922554419	1.922554419	-1.945455134	1.945455134	2.064928487	-2.064928487	-2.087015719	2.087015719	-2.091070809	2.091070809	-2.10411256	2.10411256	-2.123899851	2.123899851	-2.266589263	2.266589263	-2.294543979	2.294543979	-2.302113755	2.302113755	-2.310636966	2.310636966	-2.39263372	2.39263372	-2.407981311	2.407981311	2.451696077	-2.451696077	-2.480131326	2.480131326	2.48459598	-2.48459598	
-0.09	-0.03588547593	0.03588547593	0.1264195786	-0.1264195786	-0.3695344557	0.3695344557	-0.4020160879	0.4020160879	-0.4967446696	0.4967446696	-0.5018747854	0.5018747854	0.5973046323	-0.5973046323	-0.6766532252	0.6766532252	-0.6876479547	0.6876479547	0.6936512317	-0.6936512317	0.7536411916	-0.7536411916	-0.7887316687	0.7887316687	-0.801811898	0.801811898	-0.8383050297	0.8383050297	-0.8802329409	0.8802329409	-0.9099972579	0.9099972579	0.9898900132	-0.9898900132	-1.044875635	1.044875635	-1.085411492	1.085411492	-1.097873556	1.097873556	-1.109924516	1.109924516	1.194872277	-1.194872277	1.236902311	-1.236902311	-1.238129429	1.238129429	-1.314905382	1.314905382	-1.339834746	1.339834746	-1.357148959	1.357148959	1.38311782	-1.38311782	-1.387066791	1.387066791	-1.399372985	1.399372985	-1.442742474	1.442742474	-1.502502969	1.502502969	1.526184879	-1.526184879	1.638525897	-1.638525897	-1.647267543	1.647267543	-1.670966773	1.670966773	-1.705912509	1.705912509	-1.747545474	1.747545474	-1.806296457	1.806296457	-1.807279171	1.807279171	1.819793576	-1.819793576	-1.857602703	1.857602703	-1.901105795	1.901105795	-1.904710852	1.904710852	-1.922474245	1.922474245	-1.945365472	1.945365472	-2.064456757	2.064456757	-2.087064531	2.087064531	-2.091283763	2.091283763	-2.104517275	2.104517275	-2.123778679	2.123778679	-2.266512136	2.266512136	2.294766471	-2.294766471	-2.302132187	2.302132187	-2.310664449	2.310664449	-2.392582466	2.392582466	-2.408155732	2.408155732	2.451638924	-2.451638924	-2.48015597	2.48015597	-2.484512638	2.484512638	
-0.08	-0.03838914874	0.03838914874	0.1239397144	-0.1239397144	-0.3725803847	0.3725803847	0.4040037842	-0.4040037842	-0.5014133975	0.5014133975	0.5014877984	-0.5014877984	0.5998049594	-0.5998049594	-0.6778694093	0.6778694093	-0.6851704066	0.6851704066	0.6910810752	-0.6910810752	-0.7529051699	0.7529051699	0.7869990321	-0.7869990321	-0.8056463052	0.8056463052	0.838341503	-0.838341503	-0.8799930317	0.8799930317	0.9128233075	-0.9128233075	-0.9918843404	0.9918843404	-1.04323517	1.04323517	-1.08540619	1.08540619	1.095392429	-1.095392429	-1.109922197	1.109922197	1.196074631	-1.196074631	-1.234340828	1.234340828	-1.239336815	1.239336815	1.31417642	-1.31417642	-1.34003202	1.34003202	1.356960198	-1.356960198	-1.383029276	1.383029276	-1.383805514	1.383805514	-1.399341897	1.399341897	-1.44243539	1.44243539	-1.503585293	1.503585293	1.526228495	-1.526228495	-1.637109458	1.637109458	-1.647276336	1.647276336	-1.670957064	1.670957064	1.705829564	-1.705829564	1.747565919	-1.747565919	-1.806266256	1.806266256	1.807699379	-1.807699379	-1.819954436	1.819954436	1.857555325	-1.857555325	1.901294847	-1.901294847	-1.904891506	1.904891506	-1.922402154	1.922402154	-1.94528429	1.94528429	2.063963249	-2.063963249	-2.087108301	2.087108301	2.091476401	-2.091476401	-2.104908637	2.104908637	-2.123668442	2.123668442	-2.266443463	2.266443463	-2.294966	2.294966	-2.30214881	2.30214881	-2.310690175	2.310690175	-2.392537632	2.392537632	-2.40831124	2.40831124	-2.451587099	2.451587099	-2.480178414	2.480178414	2.484437892	-2.484437892	
-0.07	-0.04073156353	0.04073156353	0.1216181899	-0.1216181899	-0.3753418204	0.3753418204	0.4057633804	-0.4057633804	0.5007160393	-0.5007160393	0.5060726534	-0.5060726534	0.6021431981	-0.6021431981	-0.678970458	0.678970458	-0.6828524947	0.6828524947	-0.6887297417	0.6887297417	-0.7522285227	0.7522285227	0.7850486898	-0.7850486898	0.809328909	-0.809328909	-0.8383738119	0.8383738119	-0.8797723694	0.8797723694	0.9153781749	-0.9153781749	0.9936594323	-0.9936594323	-1.041742287	1.041742287	-1.085394776	1.085394776	1.09301577	-1.09301577	-1.109921111	1.109921111	1.197439475	-1.197439475	-1.232011533	1.232011533	1.240428603	-1.240428603	-1.313507856	1.313507856	-1.340208445	1.340208445	1.356639157	-1.356639157	-1.380739757	1.380739757	-1.382949719	1.382949719	1.399329433	-1.399329433	1.442163759	-1.442163759	-1.504832755	1.504832755	1.526267227	-1.526267227	1.635853409	-1.635853409	-1.647284174	1.647284174	-1.670948509	1.670948509	1.705755954	-1.705755954	-1.747584142	1.747584142	1.806208377	-1.806208377	-1.808106617	1.808106617	-1.820096682	1.820096682	-1.857513713	1.857513713	-1.901462841	1.901462841	-1.905051746	1.905051746	-1.922338128	1.922338128	-1.945211873	1.945211873	-2.063448112	2.063448112	2.087146973	-2.087146973	-2.091648184	2.091648184	-2.105286418	2.105286418	-2.123569629	2.123569629	-2.266383384	2.266383384	2.295142349	-2.295142349	-2.302163603	2.302163603	2.310714122	-2.310714122	-2.39249924	2.39249924	2.40844777	-2.40844777	2.451540635	-2.451540635	-2.48019866	2.48019866	-2.484371781	2.484371781	
-0.06	-0.04288346428	0.04288346428	0.1194842627	-0.1194842628	0.3778052198	-0.3778052198	0.4072915841	-0.4072915841	0.4997842743	-0.4997842743	0.5104925602	-0.5104925602	0.6042899564	-0.6042899564	-0.6799490057	0.6799490057	-0.680723659	0.680723659	-0.6866130986	0.6866130986	0.7516185255	-0.7516185255	0.7828858541	-0.7828858541	0.8128520958	-0.8128520958	-0.8384018243	0.8384018243	-0.879576161	0.879576161	-0.9176439866	0.9176439866	-0.9952117577	0.9952117577	-1.040399658	1.040399658	-1.085370565	1.085370565	1.090754524	-1.090754524	-1.109921003	1.109921003	-1.198963925	1.198963925	-1.229927873	1.229927873	-1.241397464	1.241397464	-1.312906943	1.312906943	-1.340363608	1.340363608	1.35615434	-1.35615434	-1.377917907	1.377917907	1.382879421	-1.382879421	-1.399325447	1.399325447	-1.441927817	1.441927817	-1.506243205	1.506243205	-1.526301025	1.526301025	1.634761021	-1.634761021	-1.647291029	1.647291029	-1.670941108	1.670941108	-1.705691752	1.705691752	1.747600143	-1.747600143	1.806123047	-1.806123047	1.808500611	-1.808500611	-1.820220262	1.820220262	1.857477875	-1.857477875	-1.901609441	1.901609441	-1.905191585	1.905191585	1.922282153	-1.922282153	-1.945148477	1.945148477	-2.062911492	2.062911492	2.087180494	-2.087180494	-2.091798616	2.091798616	2.1056504	-2.1056504	-2.123482691	2.123482691	-2.266332023	2.266332023	-2.29529533	2.29529533	-2.302176549	2.302176549	-2.310736268	2.310736268	2.392467311	-2.392467311	-2.408565266	2.408565266	2.45149956	-2.45149956	-2.480216707	2.480216707	-2.484314339	2.484314339	
-0.05	-0.04481137607	0.04481137607	0.1175714095	-0.1175714095	-0.37995772	0.37995772	0.408585485	-0.408585485	0.4986200407	-0.4986200407	0.5147406844	-0.5147406844	0.6062116315	-0.6062116315	-0.6788174722	0.6788174722	0.6807978585	-0.6807978585	-0.6847458544	0.6847458544	-0.7510822794	0.7510822794	-0.7805160751	0.7805160751	-0.8162087718	0.8162087718	-0.838425422	0.838425422	0.8794078068	-0.8794078068	-0.9196055224	0.9196055224	-0.9965380397	0.9965380397	-1.039209448	1.039209448	-1.085310787	1.085310787	1.088635775	-1.088635775	-1.109921669	1.109921669	-1.200644745	1.200644745	-1.2281026	1.2281026	-1.242236267	1.242236267	-1.312380758	1.312380758	-1.340497145	1.340497145	-1.355470913	1.355470913	-1.375386379	1.375386379	1.38281863	-1.38281863	-1.399325233	1.399325233	-1.44172777	1.44172777	1.507814122	-1.507814122	1.526329844	-1.526329844	-1.63383517	1.63383517	-1.647296885	1.647296885	-1.670934861	1.670934861	1.705637025	-1.705637025	1.747613922	-1.747613922	-1.806010491	1.806010491	1.808881098	-1.808881098	1.820325132	-1.820325132	-1.857447822	1.857447822	-1.901734349	1.901734349	-1.905311036	1.905311036	-1.922234214	1.922234214	-1.945094334	1.945094334	-2.062353537	2.062353537	-2.087208821	2.087208821	2.091927249	-2.091927249	-2.106000371	2.106000371	-2.123408037	2.123408037	2.266289488	-2.266289488	2.295424785	-2.295424785	-2.302187635	2.302187635	2.310756583	-2.310756583	-2.392441861	2.392441861	-2.408663679	2.408663679	-2.4514639	2.4514639	-2.480232554	2.480232554	2.484265594	-2.484265594	
-0.04	-0.04647830764	0.04647830764	0.1159166227	-0.1159166227	-0.3817874299	0.3817874299	0.4096425808	-0.4096425808	0.4972256312	-0.4972256312	0.5188100492	-0.5188100492	0.6078711378	-0.6078711378	-0.6771709219	0.6771709219	-0.6815102198	0.6815102198	0.6831414143	-0.6831414143	-0.7506264794	0.7506264794	-0.7779452064	0.7779452064	0.8193922272	-0.8193922272	-0.8384445026	0.8384445026	0.879269621	-0.879269621	-0.9212497854	0.9212497854	-0.9976352911	0.9976352911	1.038173253	-1.038173253	-1.085089912	1.085089912	-1.086789477	1.086789477	-1.109922934	1.109922934	-1.202478359	1.202478359	-1.226547498	1.226547498	-1.24293831	1.24293831	-1.311935976	1.311935976	-1.340608749	1.340608749	-1.354557807	1.354557807	-1.373185714	1.373185714	-1.38276756	1.38276756	-1.399326308	1.399326308	-1.441563794	1.441563794	-1.509542634	1.509542634	1.526353652	-1.526353652	-1.63307831	1.63307831	-1.647301732	1.647301732	-1.67092977	1.67092977	1.705591827	-1.705591827	1.74762548	-1.74762548	-1.805870932	1.805870932	1.809247824	-1.809247824	-1.82041126	1.82041126	1.857423565	-1.857423565	-1.901837306	1.901837306	1.905410109	-1.905410109	1.922194298	-1.922194298	-1.945049644	1.945049644	-2.061774393	2.061774393	-2.087231915	2.087231915	-2.09203369	2.09203369	-2.106336126	2.106336126	-2.123346027	2.123346027	2.266255874	-2.266255874	-2.295530585	2.295530585	-2.302196846	2.302196846	-2.310775036	2.310775036	-2.392422902	2.392422902	-2.408742969	2.408742969	2.451433678	-2.451433678	-2.480246204	2.480246204	-2.484225571	2.484225571	
-0.03	-0.04784543163	0.04784543163	0.1145587308	-0.1145587308	0.3832837275	-0.3832837275	-0.4104608006	0.4104608006	0.4956036728	-0.4956036728	-0.5226935568	0.5226935568	0.609229622	-0.609229622	-0.6758227152	0.6758227152	-0.6818116647	0.6818116647	-0.682079941	0.682079941	-0.7502571508	0.7502571508	-0.7751793746	0.7751793746	0.8223960545	-0.8223960545	-0.8384589823	0.8384589823	-0.8791632262	0.8791632262	-0.9225658941	0.9225658941	-0.9985008506	0.9985008506	-1.037292045	1.037292045	-1.084085047	1.084085047	-1.085843099	1.085843099	-1.109924639	1.109924639	1.204460851	-1.204460851	1.225273081	-1.225273081	-1.243497577	1.243497577	-1.311578615	1.311578615	-1.340698163	1.340698163	-1.353399518	1.353399518	1.371339931	-1.371339931	-1.382726393	1.382726393	-1.399327232	1.399327232	-1.441436031	1.441436031	-1.511425538	1.511425538	-1.526372432	1.526372432	1.632492458	-1.632492458	-1.647305566	1.647305566	-1.670925834	1.670925834	1.705556205	-1.705556205	1.747634819	-1.747634819	-1.805704593	1.805704593	-1.809600545	1.809600545	-1.820478624	1.820478624	-1.857405115	1.857405115	-1.901918097	1.901918097	1.905488809	-1.905488809	-1.922162395	1.922162395	-1.945014574	1.945014574	-2.061174205	2.061174205	-2.087249746	2.087249746	2.092117605	-2.092117605	-2.106657469	2.106657469	2.123296968	-2.123296968	-2.266231262	2.266231262	-2.295612632	2.295612632	2.302204172	-2.302204172	-2.310791591	2.310791591	2.392410441	-2.392410441	-2.408803105	2.408803105	-2.45140891	2.45140891	-2.480257654	2.480257654	2.484194291	-2.484194291	
-0.02	-0.04887497383	0.04887497383	0.1135355088	-0.1135355088	0.3844375517	-0.3844375517	0.4110385247	-0.4110385247	-0.4937571061	0.4937571061	0.5263840142	-0.5263840142	0.6102493918	-0.6102493918	-0.6748103718	0.6748103718	-0.6807667313	0.6807667313	0.6825017821	-0.6825017821	0.749979364	-0.749979364	0.7722249624	-0.7722249624	0.8252141038	-0.8252141038	-0.8384687966	0.8384687966	-0.8790897801	0.8790897801	-0.9235451234	0.9235451234	-0.9991324195	0.9991324195	1.036566117	-1.036566117	-1.082446123	1.082446123	-1.085651488	1.085651488	-1.109926642	1.109926642	-1.206587972	1.206587972	-1.224288317	1.224288317	-1.243908998	1.243908998	-1.311313776	1.311313776	-1.340765186	1.340765186	-1.352007515	1.352007515	-1.369845599	1.369845599	-1.382695276	1.382695276	-1.399327113	1.399327113	-1.441344591	1.441344591	-1.513459318	1.513459318	-1.526386182	1.526386182	1.632079173	-1.632079173	-1.647308381	1.647308381	-1.670923055	1.670923055	1.705530195	-1.705530195	1.747641939	-1.747641939	1.805511694	-1.805511694	-1.809939029	1.809939029	1.820527212	-1.820527212	-1.857392486	1.857392486	-1.901976554	1.901976554	-1.905547138	1.905547138	-1.922138498	1.922138498	-1.944989257	1.944989257	2.060553119	-2.060553119	-2.087262292	2.087262292	2.092178727	-2.092178727	2.106964209	-2.106964209	-2.123261106	2.123261106	-2.266215719	2.266215719	2.295670851	-2.295670851	-2.302209605	2.302209605	-2.31080621	2.31080621	-2.392404484	2.392404484	-2.408844063	2.408844063	2.451389612	-2.451389612	-2.480266907	2.480266907	-2.484171768	2.484171768	
-0.01	-0.04953421676	0.04953421676	0.1128796748	-0.1128796748	-0.3852416685	0.3852416685	0.4113745999	-0.4113745999	0.4916891635	-0.4916891635	0.5298741642	-0.5298741642	0.6108979488	-0.6108979488	-0.6741662049	0.6741662049	0.680014741	-0.680014741	-0.6827716585	0.6827716585	-0.7497969336	0.7497969336	0.7690886202	-0.7690886202	0.8278404647	-0.8278404647	-0.8384739021	0.8384739021	-0.8790501123	0.8790501123	-0.9241809972	0.9241809972	-0.9995280966	0.9995280966	-1.035995032	1.035995032	-1.080795115	1.080795115	-1.085597686	1.085597686	-1.10992882	1.10992882	-1.208855129	1.208855129	1.223600363	-1.223600363	-1.244168709	1.244168709	-1.311145399	1.311145399	-1.340809674	1.340809674	1.350422589	-1.350422589	-1.368669685	1.368669685	-1.382674317	1.382674317	-1.399325371	1.399325371	-1.441289549	1.441289549	-1.515640159	1.515640159	-1.526394938	1.526394938	1.631839543	-1.631839543	-1.647310178	1.647310178	-1.670921432	1.670921432	1.705513823	-1.705513823	-1.74764684	1.74764684	-1.805292454	1.805292454	1.81026305	-1.81026305	-1.820557024	1.820557024	1.857385693	-1.857385693	-1.902012553	1.902012553	-1.90558509	1.90558509	-1.922122606	1.922122606	-1.944973791	1.944973791	-2.059911282	2.059911282	-2.087269535	2.087269535	2.092216857	-2.092216857	-2.107256166	2.107256166	-2.123238622	2.123238622	2.266209299	-2.266209299	2.295705198	-2.295705198	-2.302213138	2.302213138	-2.310818852	2.310818852	-2.392405032	2.392405032	2.408865826	-2.408865826	2.451375794	-2.451375794	-2.480273962	2.480273962	-2.484158015	2.484158015	
1.289891889e-15	-0.04979997123	0.04979997123	0.1126144182	-0.1126144182	0.3856908968	-0.3856908968	0.4114683509	-0.4114683509	-0.4894033496	0.4894033496	0.5331567207	-0.5331567207	0.6111524604	-0.6111524604	-0.6739128557	0.6739128557	-0.6795616182	0.6795616182	-0.6828868505	0.6828868505	-0.7497120754	0.7497120754	-0.765777358	0.765777358	-0.8302694676	0.8302694676	-0.8384742766	0.8384742766	-0.8790448089	0.8790448089	0.9244693793	-0.9244693793	-0.9996864107	0.9996864107	1.035577586	-1.035577586	-1.079243043	1.079243043	-1.08557599	1.08557599	-1.109931074	1.109931074	-1.211257371	1.211257371	1.22321434	-1.22321434	-1.244274266	1.244274266	-1.311076057	1.311076057	-1.34083154	1.34083154	-1.348705196	1.348705196	1.367759314	-1.367759314	-1.382663585	1.382663585	-1.399321617	1.399321617	1.441270943	-1.441270943	1.517963934	-1.517963934	-1.526398811	1.526398811	1.631774172	-1.631774172	-1.647310956	1.647310956	-1.670920964	1.670920964	1.705507107	-1.705507107	-1.747649524	1.747649524	-1.805047096	1.805047096	-1.810572391	1.810572391	1.820568071	-1.820568071	1.857384751	-1.857384751	-1.902026018	1.902026018	1.905602653	-1.905602653	1.922114723	-1.922114723	-1.944968235	1.944968235	2.059248841	-2.059248841	-2.087271467	2.087271467	-2.092231869	2.092231869	-2.107533163	2.107533163	-2.123229633	2.123229633	-2.266212042	2.266212042	-2.295715651	2.295715651	-2.302214768	2.302214768	-2.310829476	2.310829476	-2.39241208	2.39241208	2.408868386	-2.408868386	-2.451367462	2.451367462	-2.480278819	2.480278819	-2.484153038	2.484153038	
0.01	-0.04966233096	0.04966233096	0.1127496455	-0.1127496455	-0.3857822764	0.3857822764	-0.4113195874	0.4113195874	-0.4869034204	0.4869034204	0.5362244091	-0.5362244091	0.6110034728	-0.6110034728	-0.6740595775	0.6740595775	-0.6794109346	0.6794109346	-0.6828461513	0.6828461513	-0.7497248711	0.7497248711	-0.7622988931	0.7622988931	0.8324956996	-0.8324956996	-0.8384699197	0.8384699197	-0.8790742663	0.8790742663	-0.9244085268	0.9244085268	-0.9996063487	0.9996063487	-1.035311775	1.035311775	1.077815753	-1.077815753	-1.085566209	1.085566209	-1.109933337	1.109933337	-1.213789371	1.213789371	-1.223133172	1.223133172	-1.244224813	1.244224813	-1.31110682	1.31110682	-1.340830757	1.340830757	-1.346920821	1.346920821	1.367056429	-1.367056429	-1.38266311	1.38266311	-1.399315583	1.399315583	-1.441288779	1.441288779	1.520426075	-1.520426075	-1.526398139	1.526398139	-1.631883176	1.631883176	-1.647310715	1.647310715	-1.670921653	1.670921653	-1.705510053	1.705510053	-1.747649992	1.747649992	-1.804775839	1.804775839	-1.810866843	1.810866843	1.820560375	-1.820560375	1.857389677	-1.857389677	-1.902016922	1.902016922	-1.905599808	1.905599808	-1.922114857	1.922114857	1.944972611	-1.944972611	-2.058565943	2.058565943	-2.087268088	2.087268088	-2.092223713	2.092223713	-2.107795033	2.107795033	2.123234185	-2.123234185	-2.266223977	2.266223977	2.295702216	-2.295702216	-2.302214491	2.302214491	-2.310838037	2.310838037	2.392425623	-2.392425623	-2.408851744	2.408851744	-2.451364619	2.451364619	-2.48028148	2.48028148	-2.48415684	2.48415684	
0.02	-0.0491264278	0.0491264278	0.1132802248	-0.1132802248	0.3855151671	-0.3855151671	0.4109286057	-0.4109286057	-0.4841933634	0.4841933634	0.5390700116	-0.5390700116	-0.6104565891	0.6104565891	-0.6746005484	0.6746005484	-0.679563825	0.679563825	-0.6826499344	0.6826499344	0.749831723	-0.749831723	0.7586630883	-0.7586630883	-0.8345140327	0.8345140327	-0.8384608525	0.8384608525	-0.8791387246	0.8791387246	-0.9239990875	0.9239990875	0.999287379	-0.999287379	-1.035194782	1.035194782	-1.076525534	1.076525534	-1.0855621	1.0855621	-1.109935571	1.109935571	1.216445365	-1.216445365	-1.223357479	1.223357479	-1.244021193	1.244021193	-1.311237186	1.311237186	-1.340807354	1.340807354	-1.345129091	1.345129091	-1.36650869	1.36650869	-1.38267288	1.38267288	-1.399307088	1.399307088	1.441343025	-1.441343025	-1.523020702	1.523020702	-1.526394389	1.526394389	1.632166177	-1.632166177	-1.647309457	1.647309457	-1.670923497	1.670923497	-1.705522659	1.705522659	1.747648244	-1.747648244	1.804478907	-1.804478907	1.811146205	-1.811146205	1.82053397	-1.82053397	-1.857400486	1.857400486	-1.901985286	1.901985286	-1.905576532	1.905576532	-1.922123022	1.922123022	-1.944986903	1.944986903	-2.057862737	2.057862737	-2.087259402	2.087259402	-2.092192413	2.092192413	2.108041612	-2.108041612	-2.123252254	2.123252254	-2.266245119	2.266245119	2.29566492	-2.29566492	-2.302212309	2.302212309	2.310844491	-2.310844491	-2.392445649	2.392445649	2.408815908	-2.408815908	-2.451367265	2.451367265	2.480281945	-2.480281945	-2.48416942	2.48416942	
0.03	-0.0482115111	0.0482115111	0.1141869061	-0.1141869061	0.3848912697	-0.3848912697	-0.4102961859	0.4102961859	0.4812773774	-0.4812773774	0.5416864179	-0.5416864179	0.609531464	-0.609531464	-0.6755158626	0.6755158626	-0.6800189792	0.6800189792	-0.6823001329	0.6823001329	-0.7500161998	0.7500161998	0.7548910905	-0.7548910905	-0.8363196607	0.8363196607	-0.8384471174	0.8384471174	-0.8792382892	0.8792382892	-0.9232440319	0.9232440319	-0.9987294685	0.9987294685	-1.035222986	1.035222986	-1.075381419	1.075381419	-1.085561087	1.085561087	-1.109937772	1.109937772	-1.219219067	1.219219067	1.223885559	-1.223885559	-1.24366601	1.24366601	-1.31146512	1.31146512	-1.340761423	1.340761423	1.343379268	-1.343379268	-1.366073965	1.366073965	-1.382692843	1.382692843	-1.399296013	1.399296013	-1.441433614	1.441433614	1.525717253	-1.525717253	-1.526413555	1.526413555	-1.63262231	1.63262231	-1.647307188	1.647307188	-1.670926495	1.670926495	-1.705544914	1.705544914	-1.747644281	1.747644281	1.804156526	-1.804156526	-1.811410283	1.811410283	1.820488905	-1.820488905	1.857417196	-1.857417196	-1.901931179	1.901931179	-1.905532792	1.905532792	-1.922139236	1.922139236	-1.945011057	1.945011057	-2.057139376	2.057139376	-2.087245423	2.087245423	-2.092138069	2.092138069	-2.108272748	2.108272748	-2.123283746	2.123283746	-2.26627547	2.26627547	2.295603814	-2.295603814	-2.302208225	2.302208225	2.310848795	-2.310848795	2.392472144	-2.392472144	-2.408760893	2.408760893	-2.451375393	2.451375393	-2.480280214	2.480280214	-2.48419077	2.48419077	
0.04	-0.04694771179	0.04694771179	0.115439558	-0.115439558	-0.3839145691	0.3839145691	0.4094235847	-0.4094235847	0.4781598522	-0.4781598522	0.5440666794	-0.5440666794	-0.6082585098	0.6082585098	-0.6767748134	0.6767748134	-0.680772706	0.680772706	-0.6818001327	0.6818001327	-0.7500091058	0.7500091058	0.7512553324	-0.7512553324	0.8379081431	-0.8379081431	-0.8384287768	0.8384287768	-0.8793729403	0.8793729403	-0.9221485227	0.9221485227	0.9979330926	-0.9979330926	1.035391991	-1.035391991	-1.074391574	1.074391574	-1.085561874	1.085561874	-1.10993997	1.10993997	1.222103451	-1.222103451	1.224713439	-1.224713439	-1.243163724	1.243163724	-1.311787163	1.311787163	-1.340693112	1.340693112	-1.341710164	1.341710164	1.365720398	-1.365720398	-1.382722907	1.382722907	-1.399282282	1.399282282	-1.441560444	1.441560444	-1.526345945	1.526345945	1.528620723	-1.528620723	1.633250227	-1.633250227	-1.647303912	1.647303912	-1.670930647	1.670930647	-1.705576793	1.705576793	-1.747638105	1.747638105	1.803808926	-1.803808926	-1.811658887	1.811658887	1.820425241	-1.820425241	-1.857439823	1.857439823	-1.90185472	1.90185472	-1.905468551	1.905468551	1.922163524	-1.922163524	-1.945044981	1.945044981	2.056396012	-2.056396012	-2.087226173	2.087226173	-2.092060854	2.092060854	2.10848829	-2.10848829	-2.123328501	2.123328501	-2.266315022	2.266315022	2.295518973	-2.295518973	-2.302202241	2.302202241	-2.310850906	2.310850906	-2.392505091	2.392505091	-2.408686722	2.408686722	-2.451388996	2.451388996	-2.480276288	2.480276288	-2.484220882	2.484220882	
0.05	-0.04537165457	0.04537165457	0.1170015549	-0.1170015549	0.3825912021	-0.3825912021	0.4083125227	-0.4083125227	0.474845347	-0.474845347	0.5462040687	-0.5462040687	0.6066744915	-0.6066744915	-0.678340297	0.678340297	-0.6811545931	0.6811545931	-0.6818190582	0.6818190582	0.7466919076	-0.7466919076	-0.7508762522	0.7508762522	-0.838405912	0.838405912	-0.8392754561	0.8392754561	-0.8795425351	0.8795425351	-0.9207197292	0.9207197292	-0.9968992381	0.9968992381	-1.035696681	1.035696681	1.073563998	-1.073563998	-1.085563704	1.085563704	-1.109942222	1.109942222	1.225090246	-1.225090246	1.225835001	-1.225835001	-1.242520968	1.242520968	-1.312198616	1.312198616	1.340151865	-1.340151865	-1.340602631	1.340602631	1.365424662	-1.365424662	1.382762942	-1.382762942	-1.399265858	1.399265858	1.441723374	-1.441723374	-1.526329985	1.526329985	-1.531587883	1.531587883	-1.634048111	1.634048111	-1.647299638	1.647299638	-1.670935952	1.670935952	-1.705618266	1.705618266	-1.747629716	1.747629716	1.803436342	-1.803436342	-1.811891834	1.811891834	1.820343055	-1.820343055	1.857468381	-1.857468381	-1.901756073	1.901756073	-1.905383767	1.905383767	-1.922195913	1.922195913	-1.945088549	1.945088549	2.055632801	-2.055632801	-2.08720168	2.08720168	2.091961013	-2.091961013	2.108688099	-2.108688099	-2.123386292	2.123386292	-2.266363752	2.266363752	-2.29541049	2.29541049	-2.302194367	2.302194367	-2.310850783	2.310850783	-2.392544467	2.392544467	2.408593428	-2.408593428	-2.451408061	2.451408061	-2.480270168	2.480270168	-2.484259739	2.484259739	
0.06	-0.04352220329	0.04352220329	0.1188340319	-0.1188340319	-0.3809292614	0.3809292614	0.4069651683	-0.4069651683	-0.4713385684	0.4713385684	0.5480921418	-0.5480921418	-0.6048182911	0.6048182911	-0.6801730817	0.6801730817	0.6803692164	-0.6803692164	-0.6831499842	0.6831499842	0.7425022322	-0.7425022322	-0.7513169931	0.7513169931	-0.8383786217	0.8383786217	-0.8404180469	0.8404180469	0.8797467979	-0.8797467979	-0.9189666049	0.9189666049	-0.9956293987	0.9956293987	-1.036131315	1.036131315	1.07290672	-1.07290672	-1.085566087	1.085566087	-1.109944613	1.109944613	-1.227242173	1.227242173	1.228168475	-1.228168475	-1.241747779	1.241747779	-1.31269378	1.31269378	1.338727744	-1.338727744	-1.340490247	1.340490247	-1.365169921	1.365169921	-1.382812778	1.382812778	-1.399246732	1.399246732	1.44192223	-1.44192223	-1.526304342	1.526304342	1.534675182	-1.534675182	1.635013686	-1.635013686	-1.647294382	1.647294382	-1.670942407	1.670942407	-1.705669292	1.705669292	-1.747619115	1.747619115	-1.803039016	1.803039016	1.812108942	-1.812108942	-1.820242437	1.820242437	1.857502886	-1.857502886	-1.901635446	1.901635446	1.905278392	-1.905278392	1.922236432	-1.922236432	-1.945141596	1.945141596	2.054849902	-2.054849902	-2.087171979	2.087171979	2.091838857	-2.091838857	-2.108872038	2.108872038	-2.123456832	2.123456832	-2.266421627	2.266421627	2.295278481	-2.295278481	2.30218461	-2.30218461	2.310848386	-2.310848386	-2.392590246	2.392590246	-2.408481051	2.408481051	2.451432572	-2.451432572	-2.480261854	2.480261854	2.484307322	-2.484307322	
0.07	-0.04143717948	0.04143717948	0.1208991661	-0.1208991661	-0.378938549	0.378938549	0.4053841176	-0.4053841176	0.4676443474	-0.4676443474	-0.5497248032	0.5497248032	0.6027276626	-0.6027276626	0.6794504918	-0.6794504918	-0.6822351713	0.6822351713	-0.6847554433	0.6847554433	0.738152642	-0.738152642	-0.7518648557	0.7518648557	-0.8383470196	0.8383470196	-0.8413328924	0.8413328924	0.8799852976	-0.8799852976	-0.9168996472	0.9168996472	-0.9941255638	0.9941255638	-1.036689658	1.036689658	-1.07242778	1.07242778	-1.085568675	1.085568675	-1.109947245	1.109947245	-1.22892517	1.22892517	1.231318996	-1.231318996	-1.240862789	1.240862789	-1.313266208	1.313266208	1.337456171	-1.337456171	-1.340356287	1.340356287	-1.364944096	1.364944096	-1.382872212	1.382872212	-1.399224917	1.399224917	1.4421568	-1.4421568	-1.526272719	1.526272719	1.537873976	-1.537873976	1.636144236	-1.636144236	-1.647288165	1.647288165	-1.670950012	1.670950012	-1.705729818	1.705729818	-1.747606304	1.747606304	1.802617195	-1.802617195	1.812310036	-1.812310036	1.820123499	-1.820123499	-1.85754335	1.85754335	1.901493093	-1.901493093	-1.905152377	1.905152377	-1.922285112	1.922285112	1.945203929	-1.945203929	2.054047478	-2.054047478	-2.087137114	2.087137114	2.091694759	-2.091694759	-2.10903998	2.10903998	-2.123539779	2.123539779	-2.266488602	2.266488602	2.29512308	-2.29512308	-2.302172982	2.302172982	2.31084368	-2.31084368	2.392642401	-2.392642401	2.408349638	-2.408349638	-2.451462508	2.451462508	-2.480251348	2.480251348	2.484363608	-2.484363608	
0.08	-0.0391513077	0.0391513077	0.1231622312	-0.1231622312	-0.3766302965	0.3766302965	0.40357237	-0.40357237	0.4637676157	-0.4637676157	0.5510963726	-0.5510963726	0.6004372153	-0.6004372153	-0.6784054371	0.6784054371	-0.6844921035	0.6844921035	-0.6866233893	0.6866233893	0.7336718274	-0.7336718274	-0.752490334	0.752490334	-0.8383112322	0.8383112322	0.8420175598	-0.8420175598	-0.8802574004	0.8802574004	-0.9145306669	0.9145306669	-0.9923901998	0.9923901998	1.037365153	-1.037365153	-1.072135077	1.072135077	-1.085571215	1.085571215	-1.109950234	1.109950234	1.230872763	-1.230872763	1.234482747	-1.234482747	-1.239924723	1.239924723	1.313908967	-1.313908967	1.336351791	-1.336351791	-1.340201135	1.340201135	-1.364738567	1.364738567	-1.382941006	1.382941006	-1.399200449	1.399200449	1.442426835	-1.442426835	-1.526235767	1.526235767	-1.541178633	1.541178633	-1.63743662	1.63743662	-1.647281026	1.647281026	-1.670958765	1.670958765	-1.705799786	1.705799786	-1.747591283	1.747591283	1.802171137	-1.802171137	1.812494936	-1.812494936	-1.81998637	1.81998637	1.857589784	-1.857589784	-1.901329308	1.901329308	1.905005669	-1.905005669	-1.922341986	1.922341986	-1.94527532	1.94527532	2.053225695	-2.053225695	-2.087097134	2.087097134	-2.091529146	2.091529146	2.109191802	-2.109191802	-2.123634736	2.123634736	-2.266564621	2.266564621	2.294944442	-2.294944442	-2.302159497	2.302159497	-2.310836631	2.310836631	-2.392700896	2.392700896	-2.408199245	2.408199245	-2.451497845	2.451497845	-2.48023865	2.48023865	2.484428568	-2.484428568	
0.09	-0.03669523299	0.03669523299	0.1255925805	-0.1255925805	0.3740168688	-0.3740168688	0.4015333022	-0.4015333022	-0.4597133813	0.4597133813	0.5522016529	-0.5522016529	-0.5979774601	0.5979774601	0.6772413578	-0.6772413578	-0.6869143964	0.6869143964	-0.6887395534	0.6887395534	0.7290700073	-0.7290700073	-0.7531819293	0.7531819293	-0.8382713959	0.8382713959	-0.8424702708	0.8424702708	0.8805621796	-0.8805621796	0.9118726021	-0.9118726021	-0.9904262264	0.9904262264	-1.038151139	1.038151139	-1.072036137	1.072036137	-1.085573525	1.085573525	-1.109953702	1.109953702	-1.233072571	1.233072571	-1.237124079	1.237124079	-1.239468819	1.239468819	-1.314614874	1.314614874	1.335426447	-1.335426447	-1.340025236	1.340025236	1.364547232	-1.364547232	1.383018893	-1.383018893	1.399173377	-1.399173377	1.442732052	-1.442732052	1.526193727	-1.526193727	-1.544583917	1.544583917	1.638887281	-1.638887281	-1.64727304	1.64727304	-1.670968664	1.670968664	1.705879124	-1.705879124	1.747574053	-1.747574053	-1.801701111	1.801701111	1.812663464	-1.812663464	1.819831203	-1.819831203	1.857642195	-1.857642195	-1.901144423	1.901144423	1.904838217	-1.904838217	-1.922407085	1.922407085	-1.945355517	1.945355517	2.052384726	-2.052384726	-2.087052096	2.087052096	2.0913425	-2.0913425	2.10932739	-2.10932739	-2.123741267	2.123741267	-2.266649614	2.266649614	2.294742739	-2.294742739	2.302144169	-2.302144169	-2.31082721	2.31082721	2.392765696	-2.392765696	2.408029937	-2.408029937	-2.451538557	2.451538557	-2.480223762	2.480223762	-2.48450217	2.48450217	
0.1	-0.03409529461	0.03409529461	0.1281638726	-0.1281638726	-0.3711114679	0.3711114679	-0.3992706389	0.3992706389	0.4554867054	-0.4554867054	-0.5530359962	0.5530359962	0.5953746024	-0.5953746024	0.6759656367	-0.6759656367	-0.6894782554	0.6894782554	-0.6910872176	0.6910872176	0.7243543069	-0.7243543069	-0.753930956	0.753930956	-0.8382276534	0.8382276534	0.8426899659	-0.8426899659	-0.8808982385	0.8808982385	0.9089394335	-0.9089394335	0.9882369875	-0.9882369875	-1.039041114	1.039041114	-1.072137811	1.072137811	-1.085575487	1.085575487	-1.109957771	1.109957771	-1.23551135	1.23551135	-1.23692253	1.23692253	1.24181485	-1.24181485	1.31537671	-1.31537671	-1.334689804	1.334689804	-1.339829091	1.339829091	-1.364365872	1.364365872	1.383105577	-1.383105577	-1.399143767	1.399143767	-1.443072131	1.443072131	-1.526146734	1.526146734	1.548084693	-1.548084693	-1.640492226	1.640492226	-1.647264361	1.647264361	-1.670979706	1.670979706	1.705967755	-1.705967755	1.747554617	-1.747554617	1.801207398	-1.801207398	1.812815436	-1.812815436	-1.819658176	1.819658176	1.857700589	-1.857700589	-1.900938808	1.900938808	-1.90464997	1.90464997	-1.922480437	1.922480437	-1.945444239	1.945444239	2.051524746	-2.051524746	-2.087002065	2.087002065	-2.091135342	2.091135342	-2.109446634	2.109446634	-2.123858894	2.123858894	-2.266743503	2.266743503	-2.294518163	2.294518163	-2.302127017	2.302127017	2.310815391	-2.310815391	-2.392836759	2.392836759	-2.407841786	2.407841786	-2.451584611	2.451584611	2.480206684	-2.480206684	-2.484584377	2.484584377	
0.11	-0.03137374827	0.03137374827	-0.1308538494	0.1308538494	-0.3679278493	0.3679278493	0.3967884217	-0.3967884217	-0.4510926786	0.4510926786	-0.5535953683	0.5535953683	0.5926507752	-0.5926507752	0.6745855628	-0.6745855628	-0.6921651338	0.6921651338	-0.6936476733	0.6936476733	0.7195308176	-0.7195308176	-0.7547296296	0.7547296296	-0.8381801495	0.8381801495	-0.8426763737	0.8426763737	-0.8812633356	0.8812633356	-0.9057463208	0.9057463208	-0.9858262181	0.9858262181	1.040029021	-1.040029021	-1.072445927	1.072445927	-1.085577048	1.085577048	-1.109962561	1.109962561	1.235683032	-1.235683032	-1.238175265	1.238175265	-1.24515674	1.24515674	-1.316187384	1.316187384	-1.334149789	1.334149789	-1.339613265	1.339613265	1.364191703	-1.364191703	-1.38320074	1.38320074	-1.399111695	1.399111695	-1.443446716	1.443446716	1.526094894	-1.526094894	-1.55167587	1.55167587	1.642246889	-1.642246889	-1.647255391	1.647255391	-1.670991891	1.670991891	-1.706065592	1.706065592	1.747532975	-1.747532975	1.800690293	-1.800690293	1.81295066	-1.81295066	1.819467498	-1.819467498	-1.857764967	1.857764967	-1.900712865	1.900712865	-1.904440877	1.904440877	-1.922562067	1.922562067	-1.945541183	1.945541183	2.050645939	-2.050645939	-2.086947111	2.086947111	-2.090908233	2.090908233	-2.109549433	2.109549433	2.123987109	-2.123987109	-2.266846196	2.266846196	-2.294270923	2.294270923	-2.30210806	2.30210806	2.310801151	-2.310801151	-2.392914042	2.392914042	-2.407634874	2.407634874	2.451635973	-2.451635973	-2.480187418	2.480187418	-2.484675146	2.484675146	
0.12	-0.02854920609	0.02854920609	-0.1336438962	0.1336438962	-0.3644800626	0.3644800626	0.3940909777	-0.3940909777	0.4465363992	-0.4465363992	0.55387641	-0.55387641	0.5898244829	-0.5898244829	-0.6731081984	0.6731081984	-0.6949596723	0.6949596723	-0.6964020553	0.6964020553	0.7146050791	-0.7146050791	-0.7555706917	0.7555706917	-0.838129026	0.838129026	-0.8424300822	0.8424300822	-0.8816535166	0.8816535166	0.9023102619	-0.9023102619	-0.9831980079	0.9831980079	-1.041109546	1.041109546	1.072964922	-1.072964922	-1.085578233	1.085578233	-1.109968182	1.109968182	-1.23424965	1.23424965	-1.241050143	1.241050143	-1.248648697	1.248648697	-1.317040068	1.317040068	-1.333812869	1.333812869	-1.339378383	1.339378383	1.364023089	-1.364023089	-1.38330404	1.38330404	-1.399077251	1.399077251	-1.443855414	1.443855414	-1.526038301	1.526038301	1.5553524	-1.5553524	-1.644145331	1.644145331	-1.647247611	1.647247611	-1.671005215	1.671005215	1.706172536	-1.706172536	-1.747509129	1.747509129	1.800150107	-1.800150107	1.813068928	-1.813068928	1.819259413	-1.819259413	-1.857835326	1.857835326	-1.900467028	1.900467028	-1.904210894	1.904210894	-1.922651997	1.922651997	-1.945646029	1.945646029	-2.049748493	2.049748493	-2.086887312	2.086887312	-2.090661765	2.090661765	-2.109635691	2.109635691	-2.124125379	2.124125379	-2.266957592	2.266957592	-2.294001248	2.294001248	-2.30208732	2.30208732	-2.310784473	2.310784473	2.392997494	-2.392997494	2.40740929	-2.40740929	-2.451692605	2.451692605	-2.480165964	2.480165964	-2.484774432	2.484774432	
0.13	-0.02563714747	0.02563714747	-0.1365185308	0.1365185308	0.3607822224	-0.3607822224	0.3911828861	-0.3911828861	0.4418229525	-0.4418229525	0.5538764925	-0.5538764925	0.5869111135	-0.5869111135	-0.6715402844	0.6715402844	-0.6978469885	0.6978469885	-0.6993337149	0.6993337149	0.7095822247	-0.7095822247	-0.7564473379	0.7564473379	-0.8380744149	0.8380744149	0.8419526174	-0.8419526174	-0.8820607998	0.8820607998	-0.8986522329	0.8986522329	-0.9803567633	0.9803567633	-1.042278388	1.042278388	1.073697489	-1.073697489	-1.085579174	1.085579174	-1.109974733	1.109974733	-1.232701204	1.232701204	1.244121693	-1.244121693	1.252209508	-1.252209508	1.317928293	-1.317928293	-1.333684234	1.333684234	-1.339125138	1.339125138	1.363859363	-1.363859363	1.383415119	-1.383415119	-1.399040527	1.399040527	-1.444297797	1.444297797	1.525977046	-1.525977046	1.559109271	-1.559109271	1.646169521	-1.646169521	-1.647254334	1.647254334	-1.671019677	1.671019677	-1.706288485	1.706288485	1.74748308	-1.74748308	-1.799587171	1.799587171	-1.813170016	1.813170016	1.819034208	-1.819034208	1.85791166	-1.85791166	-1.900201756	1.900201756	1.903959981	-1.903959981	1.92275024	-1.92275024	-1.945758436	1.945758436	-2.048832607	2.048832607	-2.08682275	2.08682275	2.090396552	-2.090396552	2.10970532	-2.10970532	-2.124273152	2.124273152	-2.267077579	2.267077579	2.293709384	-2.293709384	-2.30206482	2.30206482	-2.310765343	2.310765343	-2.393087064	2.393087064	-2.407165134	2.407165134	-2.451754464	2.451754464	-2.480142324	2.480142324	-2.484882182	2.484882182	
0.14	-0.0226504192	0.0226504192	0.1394649035	-0.1394649035	0.3568483137	-0.3568483137	0.388068946	-0.388068946	0.4369573926	-0.4369573926	-0.5535937663	0.5535937663	0.5839234376	-0.5839234376	-0.6698881786	0.6698881786	-0.7008116521	0.7008116521	-0.7024288678	0.7024288678	-0.7044670271	0.7044670271	-0.7573532106	0.7573532106	-0.8380164292	0.8380164292	-0.8412465326	0.8412465326	-0.882465632	0.882465632	0.8948045923	-0.8948045923	-0.9773071681	0.9773071681	-1.043532474	1.043532474	1.074644256	-1.074644256	-1.085580163	1.085580163	-1.109982303	1.109982303	-1.231059103	1.231059103	-1.247375689	1.247375689	-1.255814652	1.255814652	-1.318846002	1.318846002	-1.333767891	1.333767891	-1.338854301	1.338854301	1.363700727	-1.363700727	1.383533603	-1.383533603	-1.399001629	1.399001629	-1.444773402	1.444773402	-1.525911225	1.525911225	-1.562941525	1.562941525	-1.647185334	1.647185334	1.648404732	-1.648404732	-1.671035276	1.671035276	1.706413325	-1.706413325	1.74745483	-1.74745483	1.799001837	-1.799001837	1.813253666	-1.813253666	-1.818792225	1.818792225	-1.857993955	1.857993955	-1.899917537	1.899917537	-1.903688101	1.903688101	1.922856804	-1.922856804	-1.945878053	1.945878053	2.047898483	-2.047898483	2.086753515	-2.086753515	-2.09011323	2.09011323	-2.109758237	2.109758237	-2.124429863	2.124429863	-2.267206032	2.267206032	2.293395595	-2.293395595	2.302040587	-2.302040587	-2.310743749	2.310743749	-2.393182696	2.393182696	2.406902512	-2.406902512	2.451821505	-2.451821505	-2.4801165	2.4801165	2.484998343	-2.484998343	
0.15	-0.01959968607	0.01959968607	0.142472346	-0.142472346	0.3526920319	-0.3526920319	-0.3847541435	0.3847541435	-0.4319447255	0.4319447255	0.5530272024	-0.5530272024	-0.580872057	0.580872057	-0.6681578205	0.6681578205	-0.6992639111	0.6992639111	-0.7038390851	0.7038390851	-0.7056748057	0.7056748057	-0.7582824004	0.7582824004	-0.8379551497	0.8379551497	-0.8403155127	0.8403155127	-0.8828033555	0.8828033555	0.8908445097	-0.8908445097	0.974054144	-0.974054144	-1.044870076	1.044870076	-1.075803513	1.075803513	-1.08558178	1.08558178	-1.109990966	1.109990966	1.229334278	-1.229334278	1.250798113	-1.250798113	1.259449355	-1.259449355	1.31978759	-1.31978759	1.334066687	-1.334066687	-1.338566722	1.338566722	1.363548232	-1.363548232	-1.383659106	1.383659106	-1.398960664	1.398960664	-1.445281729	1.445281729	-1.525840935	1.525840935	1.566844254	-1.566844254	-1.647187805	1.647187805	-1.650698614	1.650698614	-1.671052013	1.671052013	1.706546935	-1.706546935	1.747424382	-1.747424382	-1.798394479	1.798394479	-1.813319582	1.813319582	-1.818533871	1.818533871	-1.858082196	1.858082196	-1.899614877	1.899614877	-1.903395228	1.903395228	-1.92297169	1.92297169	-1.946004515	1.946004515	-2.046946336	2.046946336	-2.086679704	2.086679704	-2.089812444	2.089812444	-2.109794368	2.109794368	-2.12459494	2.12459494	-2.267342817	2.267342817	2.293060164	-2.293060164	-2.302014649	2.302014649	-2.310719685	2.310719685	2.393284329	-2.393284329	-2.406621541	2.406621541	-2.45189368	2.45189368	-2.480088492	2.480088492	2.485122851	-2.485122851	
0.16	-0.01649381846	0.01649381846	0.1455319844	-0.1455319844	-0.3483266578	0.3483266579	0.3812436206	-0.3812436206	0.4267898953	-0.4267898953	0.5521766238	-0.5521766238	0.5777657905	-0.5777657905	0.6663547168	-0.6663547168	0.6939769537	-0.6939769537	-0.706917385	0.706917385	-0.7090576805	0.7090576805	-0.7592294386	0.7592294386	-0.8378906047	0.8378906047	-0.8391645045	0.8391645045	-0.882726228	0.882726228	-0.8871318795	0.8871318795	0.970602812	-0.970602812	-1.046290814	1.046290814	1.077170885	-1.077170885	-1.085585185	1.085585185	-1.110000784	1.110000784	-1.227534346	1.227534346	1.254375265	-1.254375265	1.263101448	-1.263101448	1.320747911	-1.320747911	1.334582257	-1.334582257	-1.338263355	1.338263355	-1.363403819	1.363403819	-1.383791236	1.383791236	-1.398917744	1.398917744	-1.445822242	1.445822242	-1.525766277	1.525766277	1.570812613	-1.570812613	-1.647175786	1.647175786	-1.6531318	1.6531318	-1.67106989	1.67106989	-1.706689186	1.706689186	-1.747391737	1.747391737	-1.797765502	1.797765502	1.813367404	-1.813367404	-1.818259639	1.818259639	1.858176357	-1.858176357	-1.899294303	1.899294303	1.903081341	-1.903081341	1.923094888	-1.923094888	-1.946137451	1.946137451	2.04597639	-2.04597639	-2.086601417	2.086601417	2.08949485	-2.08949485	-2.109813643	2.109813643	2.124767809	-2.124767809	-2.267487788	2.267487788	2.292703393	-2.292703393	-2.301987034	2.301987034	-2.310693149	2.310693149	-2.393391897	2.393391897	-2.406322348	2.406322348	-2.451970936	2.451970936	-2.480058303	2.480058303	2.485255643	-2.485255643	
0.17	-0.01334021676	0.01334021676	0.1486364147	-0.1486364147	-0.3437649636	0.3437649636	0.3775426443	-0.3775426443	0.4214977721	-0.4214977721	0.5510427268	-0.5510427268	0.5746119965	-0.5746119965	0.6644839422	-0.6644839422	0.6886098816	-0.6886098816	-0.7100377583	0.7100377583	0.7125616639	-0.7125616639	0.7601892788	-0.7601892788	0.8377998849	-0.8377998849	-0.8378227361	0.8378227361	0.8805470195	-0.8805470195	0.8853656973	-0.8853656973	-0.9669584541	0.9669584541	-1.047795538	1.047795538	1.07873864	-1.07873864	-1.085592926	1.085592926	-1.110011807	1.110011807	1.225665416	-1.225665416	1.25809383	-1.25809383	1.266759613	-1.266759613	1.321722275	-1.321722275	-1.335314886	1.335314886	1.337945272	-1.337945272	1.363270448	-1.363270448	1.383929591	-1.383929591	1.398872985	-1.398872985	-1.44639437	1.44639437	1.525687357	-1.525687357	-1.574841823	1.574841823	-1.647160691	1.647160691	-1.655687393	1.655687393	-1.671088916	1.671088916	1.706839943	-1.706839943	1.747356897	-1.747356897	-1.797115339	1.797115339	1.813396695	-1.813396695	1.817970128	-1.817970128	1.858276411	-1.858276411	1.898956361	-1.898956361	-1.902746429	1.902746429	-1.92322638	1.92322638	1.946276483	-1.946276483	2.044988878	-2.044988878	-2.086518761	2.086518761	2.089161106	-2.089161106	2.109816004	-2.109816004	2.124947899	-2.124947899	-2.26764079	2.26764079	2.292325603	-2.292325603	2.301957774	-2.301957774	2.310664139	-2.310664139	-2.393505334	2.393505334	-2.406005067	2.406005067	-2.452053217	2.452053217	-2.480025934	2.480025934	-2.485396648	2.485396648	
0.18	-0.01014507826	0.01014507826	0.1517794353	-0.1517794353	0.3390191468	-0.3390191468	-0.3736565781	0.3736565781	0.4160731421	-0.4160731421	0.5496270913	-0.5496270913	0.5714168378	-0.5714168378	0.6625501501	-0.6625501501	0.6831660692	-0.6831660692	-0.7131938134	0.7131938134	-0.7161692104	0.7161692104	-0.7611572663	0.7611572663	-0.8362296856	0.8362296856	-0.8377513409	0.8377513409	0.8763677409	-0.8763677409	-0.8854553548	0.8854553548	-0.9631264787	0.9631264787	1.049386099	-1.049386099	-1.080493165	1.080493165	-1.085611687	1.085611687	-1.110024072	1.110024072	-1.223732707	1.223732707	-1.26194091	1.26194091	-1.270412847	1.270412847	1.322706421	-1.322706421	-1.336263262	1.336263262	-1.337613697	1.337613697	-1.36315232	1.36315232	1.384073771	-1.384073771	-1.398826506	1.398826506	1.446997508	-1.446997508	1.525604286	-1.525604286	-1.578927172	1.578927172	-1.647143897	1.647143897	1.658358407	-1.658358407	-1.671109113	1.671109113	1.706999062	-1.706999062	-1.747319867	1.747319867	-1.796444461	1.796444461	1.8134069	-1.8134069	1.817666084	-1.817666084	1.85838232	-1.85838232	1.898601608	-1.898601608	-1.90239049	1.90239049	1.92336614	-1.92336614	-1.946421231	1.946421231	-2.043984045	2.043984045	-2.086431848	2.086431848	-2.088811871	2.088811871	-2.109801395	2.109801395	-2.125134644	2.125134644	-2.267801654	2.267801654	2.291927135	-2.291927135	-2.301926902	2.301926902	2.310632659	-2.310632659	2.393624565	-2.393624565	2.405669845	-2.405669845	-2.452140467	2.452140467	-2.479991387	2.479991387	2.48554579	-2.48554579	
0.19	-0.006913614812	0.006913614812	-0.1549558303	0.1549558303	0.334100788	-0.334100788	0.3695908548	-0.3695908548	-0.4105206999	0.4105206999	-0.5479321785	0.5479321785	-0.568185498	0.568185498	-0.6605575861	0.6605575861	0.6776485427	-0.6776485427	-0.7163806912	0.7163806912	-0.7198614167	0.7198614167	-0.7621290985	0.7621290985	0.8344639015	-0.8344639015	-0.8376759581	0.8376759581	-0.8716634535	0.8716634535	-0.8859369315	0.8859369315	-0.9591123858	0.9591123858	1.051065053	-1.051065053	-1.082401944	1.082401944	-1.085665625	1.085665625	-1.110037608	1.110037608	-1.221740811	1.221740811	-1.265904021	1.265904021	1.274050307	-1.274050307	-1.323696499	1.323696499	-1.337270053	1.337270053	1.337424069	-1.337424069	-1.36305524	1.36305524	-1.384223372	1.384223372	-1.398778427	1.398778427	-1.447631014	1.447631014	-1.525517179	1.525517179	1.583064022	-1.583064022	-1.647125789	1.647125789	-1.661138717	1.661138717	-1.671130532	1.671130532	1.707166392	-1.707166392	-1.747280649	1.747280649	-1.795753379	1.795753379	-1.813397302	1.813397302	-1.817348441	1.817348441	-1.858494041	1.858494041	-1.898230617	1.898230617	-1.902013529	1.902013529	1.923514131	-1.923514131	1.946571313	-1.946571313	2.04296215	-2.04296215	2.086340795	-2.086340795	-2.088447798	2.088447798	-2.10976977	2.10976977	-2.125327489	2.125327489	-2.2679702	2.2679702	-2.29150835	2.29150835	-2.301894453	2.301894453	-2.310598715	2.310598715	2.393749514	-2.393749514	-2.405316835	2.405316835	-2.452232622	2.452232622	-2.479954663	2.479954663	2.485702989	-2.485702989	
0.2	-0.003650229331	0.003650229331	-0.1581611921	0.1581611921	-0.3290208292	0.3290208292	-0.3653509512	0.3653509512	-0.404845043	0.404845043	-0.5459613177	0.5459613177	0.5649223571	-0.5649223571	-0.6585100954	0.6585100954	0.6720599983	-0.6720599983	-0.7195944758	0.7195944758	-0.7236179915	0.7236179915	-0.7631007733	0.7631007733	-0.8325149235	0.8325149235	-0.8375956356	0.8375956356	-0.8667211335	0.8667211335	-0.8865345733	0.8865345733	-0.9549217369	0.9549217369	-1.05283533	1.05283533	-1.084294248	1.084294248	-1.085916046	1.085916046	-1.110052436	1.110052436	-1.219693824	1.219693824	1.269971046	-1.269971046	-1.277661305	1.277661305	-1.324689037	1.324689037	-1.336916024	1.336916024	-1.338791354	1.338791354	1.362987205	-1.362987205	-1.384377994	1.384377994	-1.398728866	1.398728866	1.448294213	-1.448294213	-1.525426156	1.525426156	1.587247807	-1.587247807	-1.647106519	1.647106519	-1.664022253	1.664022253	-1.671153328	1.671153328	1.707341779	-1.707341779	-1.747239246	1.747239246	1.795042648	-1.795042648	1.813366964	-1.813366964	1.817018387	-1.817018387	1.858611523	-1.858611523	-1.897843969	1.897843969	-1.901615565	1.901615565	-1.923670305	1.923670305	1.94672635	-1.94672635	2.041923466	-2.041923466	-2.086245723	2.086245723	-2.088069536	2.088069536	-2.10972109	2.10972109	2.125525891	-2.125525891	-2.268146239	2.268146239	-2.291069631	2.291069631	-2.301860465	2.301860465	-2.310562313	2.310562313	-2.3938801	2.3938801	2.404946204	-2.404946204	-2.452329618	2.452329618	-2.479915764	2.479915764	2.48586816	-2.48586816	
0.21	-0.0003586586459	0.0003586586459	-0.1613917792	0.1613917792	0.3237895671	-0.3237895671	0.3609423649	-0.3609423649	0.399050667	-0.399050667	-0.5437186806	0.5437186806	0.5616311329	-0.5616311329	-0.6564110932	0.6564110932	0.6664028626	-0.6664028626	-0.7228318763	0.7228318763	-0.7274167841	0.7274167841	-0.7640685264	0.7640685264	0.8303981525	-0.8303981525	-0.8375083852	0.8375083852	-0.8616075982	0.8616075982	0.8871931434	-0.8871931434	0.9505601263	-0.9505601263	-1.054699906	1.054699906	-1.085204846	1.085204846	-1.087318049	1.087318049	-1.110068568	1.110068568	-1.217595427	1.217595427	1.274130138	-1.274130138	-1.281235363	1.281235363	1.325680916	-1.325680916	-1.33655366	1.33655366	1.34035554	-1.34035554	-1.362959329	1.362959329	-1.384537238	1.384537238	-1.398677944	1.398677944	1.448986395	-1.448986395	-1.52533134	1.52533134	-1.591474034	1.591474034	-1.647086162	1.647086162	1.667002498	-1.667002498	-1.671178119	1.671178119	1.70752506	-1.70752506	-1.747195664	1.747195664	1.794312881	-1.794312881	1.813314634	-1.813314634	1.816677454	-1.816677454	1.858734707	-1.858734707	-1.897442254	1.897442254	-1.901196623	1.901196623	-1.923834605	1.923834605	-1.946885965	1.946885965	2.040868277	-2.040868277	2.086146759	-2.086146759	-2.087677722	2.087677722	-2.109655324	2.109655324	-2.125729322	2.125729322	2.268329567	-2.268329567	-2.290611383	2.290611383	-2.301824974	2.301824974	2.310523465	-2.310523465	-2.394016237	2.394016237	-2.404558126	2.404558126	-2.452431388	2.452431388	-2.479874694	2.479874694	-2.486041211	2.486041211	
0.22	-0.002957910848	0.002957910848	-0.1646444001	0.1646444001	0.3184166599	-0.3184166599	-0.3563705938	0.3563705938	-0.3931419639	0.3931419639	-0.5412092437	0.5412092437	0.5583149961	-0.5583149961	-0.6542633464	0.6542633464	0.6606795485	-0.6606795485	-0.7260900604	0.7260900604	-0.7312329028	0.7312329028	-0.7650287518	0.7650287518	-0.8281328821	0.8281328821	-0.8374097071	0.8374097071	-0.8563542731	0.8563542731	-0.8878949889	0.8878949889	-0.946033156	0.946033156	-1.056661518	1.056661518	-1.085348201	1.085348201	-1.089646672	1.089646672	-1.110086011	1.110086011	-1.215448946	1.215448946	-1.278369565	1.278369565	-1.284762285	1.284762285	-1.326669347	1.326669347	-1.336185521	1.336185521	-1.34210188	1.34210188	-1.362987334	1.362987334	-1.384700714	1.384700714	-1.39862578	1.39862578	-1.449706815	1.449706815	-1.525232859	1.525232859	1.595738282	-1.595738282	-1.64706476	1.64706476	-1.670066083	1.670066083	1.671212365	-1.671212365	-1.707716065	1.707716065	1.747149905	-1.747149905	1.79356475	-1.79356475	-1.813238639	1.813238639	1.816327633	-1.816327633	-1.858863527	1.858863527	-1.897026072	1.897026072	-1.900756742	1.900756742	-1.924006965	1.924006965	-1.947049786	1.947049786	-2.039796889	2.039796889	-2.086044032	2.086044032	-2.087272986	2.087272986	2.109572449	-2.109572449	-2.125937269	2.125937269	-2.268519966	2.268519966	-2.290134033	2.290134033	2.301788022	-2.301788022	2.310482182	-2.310482182	-2.394157836	2.394157836	2.404152789	-2.404152789	-2.452537862	2.452537862	-2.479831453	2.479831453	-2.486222046	2.486222046	
0.23	-0.006296749449	0.006296749449	-0.1679163199	0.1679163199	-0.3129111431	0.3129111431	0.351641117	-0.351641117	-0.3871232201	0.3871232201	-0.5384387407	0.5384387407	-0.5549766634	0.5549766634	-0.6520668612	0.6520668612	-0.6548946075	0.6548946075	-0.7293665603	0.7293665603	-0.7350373791	0.7350373791	-0.7659778985	0.7659778985	-0.825743572	0.825743572	-0.837287614	0.837287614	0.8509897371	-0.8509897371	-0.8886324613	0.8886324613	0.9413464127	-0.9413464127	-1.058722423	1.058722423	-1.085382574	1.085382574	-1.092233077	1.092233077	-1.110104771	1.110104771	-1.213257393	1.213257393	-1.282677456	1.282677456	-1.288232219	1.288232219	-1.327651847	1.327651847	-1.335814918	1.335814918	-1.344008009	1.344008009	-1.36309397	1.36309397	-1.384868036	1.384868036	-1.398572491	1.398572491	-1.450454698	1.450454698	-1.525130846	1.525130846	1.600036202	-1.600036202	-1.647042343	1.647042343	-1.671216542	1.671216542	-1.673246596	1.673246596	-1.707914623	1.707914623	1.747101977	-1.747101977	1.792798999	-1.792798999	-1.813136741	1.813136741	1.815971517	-1.815971517	1.858997907	-1.858997907	-1.896596028	1.896596028	-1.900295969	1.900295969	-1.924187306	1.924187306	-1.947217448	1.947217448	-2.03870962	2.03870962	-2.085937677	2.085937677	-2.086855942	2.086855942	2.109472448	-2.109472448	-2.126149241	2.126149241	-2.268717207	2.268717207	-2.289638036	2.289638036	-2.301749649	2.301749649	2.310438477	-2.310438477	2.394304801	-2.394304801	-2.40373039	2.40373039	-2.452648965	2.452648965	-2.479786044	2.479786044	-2.486410565	2.486410565	
0.24	-0.009655507964	0.009655507964	0.1712051839	-0.1712051839	0.3072814524	-0.3072814524	-0.3467593783	0.3467593783	0.380998617	-0.380998617	-0.5354136049	0.5354136049	-0.5516184734	0.5516184734	-0.6490002014	0.6490002014	-0.6498734563	0.6498734563	-0.732659209	0.732659209	-0.7387952401	0.7387952401	-0.7669123282	0.7669123282	0.8232616919	-0.8232616919	-0.8370986705	0.8370986705	0.8455702897	-0.8455702897	-0.8894014447	0.8894014447	-0.9365054488	0.9365054488	1.060884225	-1.060884225	-1.085391545	1.085391545	-1.094983259	1.094983259	-1.110124852	1.110124852	1.211023505	-1.211023505	1.287041396	-1.287041396	-1.291635672	1.291635672	-1.328626215	1.328626215	-1.33544629	1.33544629	-1.34604008	1.34604008	-1.363312902	1.363312902	-1.385038831	1.385038831	-1.398518192	1.398518192	1.451229235	-1.451229235	-1.525025434	1.525025434	1.60436351	-1.60436351	-1.64701893	1.64701893	-1.671247674	1.671247674	-1.676481056	1.676481056	1.708120555	-1.708120555	1.747051884	-1.747051884	1.792016458	-1.792016458	1.813005991	-1.813005991	1.815612446	-1.815612446	-1.85913776	1.85913776	-1.896152731	1.896152731	-1.899814363	1.899814363	-1.924375544	1.924375544	-1.947388591	1.947388591	-2.03760681	2.03760681	-2.085827829	2.085827829	2.086427196	-2.086427196	2.109355315	-2.109355315	2.126364761	-2.126364761	-2.268921041	2.268921041	-2.289123869	2.289123869	-2.301709898	2.301709898	-2.310392365	2.310392365	2.394457035	-2.394457035	-2.403291137	2.403291137	-2.452764624	2.452764624	-2.47973847	2.47973847	-2.486606659	2.486606659	
0.25	-0.01303215561	0.01303215561	0.1745089556	-0.1745089556	-0.3015354513	0.3015354513	0.3417307721	-0.3417307721	0.3747722317	-0.3747722317	-0.5321409036	0.5321409036	-0.5482424476	0.5482424476	0.6431080117	-0.6431080117	0.6475749016	-0.6475749016	-0.7359660893	0.7359660893	0.7424627742	-0.7424627742	-0.7678281075	0.7678281075	0.8207283673	-0.8207283673	-0.836542667	0.836542667	-0.8404075273	0.8404075273	0.8901993123	-0.8901993123	0.9315157648	-0.9315157648	-1.063147738	1.063147738	-1.085391054	1.085391054	-1.0978712	1.0978712	-1.110146269	1.110146269	-1.20874977	1.20874977	-1.291447772	1.291447772	1.294963454	-1.294963454	-1.329590519	1.329590519	-1.335085832	1.335085832	-1.348147002	1.348147002	-1.363694575	1.363694575	-1.38521273	1.38521273	-1.398462999	1.398462999	1.452029586	-1.452029586	-1.524916761	1.524916761	-1.608715984	1.608715984	-1.646994538	1.646994538	-1.671276318	1.671276318	-1.679792923	1.679792923	1.708333677	-1.708333677	1.746999634	-1.746999634	-1.791218057	1.791218057	1.812842652	-1.812842652	-1.815254589	1.815254589	1.859282994	-1.859282994	-1.895696796	1.895696796	-1.899311992	1.899311992	1.92457158	-1.92457158	-1.947562868	1.947562868	2.036488819	-2.036488819	-2.085714631	2.085714631	-2.085987335	2.085987335	2.109221052	-2.109221052	-2.126583377	2.126583377	-2.269131203	2.269131203	2.288592043	-2.288592043	2.301668813	-2.301668813	2.310343862	-2.310343862	2.394614433	-2.394614433	2.40283525	-2.40283525	2.452884759	-2.452884759	-2.479688733	2.479688733	-2.486810216	2.486810216	
0.26	-0.01642492919	0.01642492919	0.1778258658	-0.1778258658	-0.2956804618	0.2956804618	0.3365606308	-0.3365606308	-0.3684480391	0.3684480391	0.5286282655	-0.5286282655	-0.5448503418	0.5448503418	0.6371309712	-0.6371309712	0.6452612357	-0.6452612357	-0.7392854841	0.7392854841	-0.7459837349	0.7459837349	-0.7687206876	0.7687206876	-0.8181980945	0.8181980945	-0.8332845606	0.8332845606	-0.8378475078	0.8378475078	-0.8910241436	0.8910241436	-0.9263827959	0.9263827959	1.06551288	-1.06551288	-1.085386436	1.085386436	1.10088198	-1.10088198	-1.110169065	1.110169065	-1.206438458	1.206438458	-1.295880647	1.295880647	1.298206528	-1.298206528	-1.330543064	1.330543064	-1.334742593	1.334742593	-1.350253462	1.350253462	-1.36431338	1.36431338	-1.385389379	1.385389379	-1.398407021	1.398407021	-1.452854879	1.452854879	-1.52480497	1.52480497	1.613089465	-1.613089465	-1.64696918	1.64696918	-1.671305373	1.671305373	1.683173275	-1.683173275	-1.708553805	1.708553805	-1.746945234	1.746945234	1.790404846	-1.790404846	1.812642322	-1.812642322	1.814902831	-1.814902831	1.859433503	-1.859433503	-1.895228843	1.895228843	-1.898788936	1.898788936	-1.924775309	1.924775309	-1.947739939	1.947739939	2.035356027	-2.035356027	-2.085536936	2.085536936	-2.085598225	2.085598225	2.109069666	-2.109069666	-2.126804653	2.126804653	2.269347408	-2.269347408	-2.288043098	2.288043098	-2.301626441	2.301626441	-2.310292985	2.310292985	-2.394776889	2.394776889	2.402362962	-2.402362962	-2.45300929	2.45300929	-2.479636837	2.479636837	-2.487021118	2.487021118	
0.27	-0.01983229137	0.01983229137	0.181154371	-0.181154371	-0.2897232966	0.2897232966	0.3312542144	-0.3312542144	0.3620299145	-0.3620299145	-0.5248838037	0.5248838037	-0.5414436869	0.5414436869	0.6310903988	-0.6310903988	-0.6429136838	0.6429136838	-0.7426158162	0.7426158162	-0.749284342	0.749284342	0.7695843741	-0.7695843741	0.8157436777	-0.8157436777	0.8278028651	-0.8278028651	-0.83742324	0.83742324	0.8918743815	-0.8918743815	-0.9211118994	0.9211118994	1.067978543	-1.067978543	-1.085380439	1.085380439	-1.104003871	1.104003871	-1.110193403	1.110193403	1.204091643	-1.204091643	-1.300319741	1.300319741	1.301355752	-1.301355752	-1.331482381	1.331482381	-1.334430454	1.334430454	1.352257289	-1.352257289	-1.365270599	1.365270599	1.385568434	-1.385568434	-1.398350368	1.398350368	-1.453704216	1.453704216	-1.524690204	1.524690204	-1.617479841	1.617479841	-1.64694287	1.64694287	-1.671335233	1.671335233	-1.686615649	1.686615649	1.708780747	-1.708780747	1.746888695	-1.746888695	1.789578017	-1.789578017	1.812400454	-1.812400454	1.814562242	-1.814562242	1.859589174	-1.859589174	-1.894749495	1.894749495	1.898245286	-1.898245286	-1.924986616	1.924986616	-1.947919473	1.947919473	-2.03420884	2.03420884	2.085076561	-2.085076561	-2.085478758	2.085478758	-2.108901179	2.108901179	2.127028175	-2.127028175	-2.269569346	2.269569346	2.28747761	-2.28747761	-2.301582827	2.301582827	-2.310239751	2.310239751	-2.394944289	2.394944289	2.401874516	-2.401874516	-2.453138133	2.453138133	-2.479582783	2.479582783	2.487239241	-2.487239241	
0.28	-0.02325289628	0.02325289628	0.1844931188	-0.1844931188	0.2836702921	-0.2836702921	-0.3258167025	0.3258167025	0.3555216371	-0.3555216371	-0.5209160358	0.5209160358	0.5380238233	-0.5380238233	-0.6249877328	0.6249877328	0.640532977	-0.640532977	-0.7459555441	0.7459555441	-0.7522674895	0.7522674895	-0.7704113976	0.7704113976	0.8134620116	-0.8134620116	0.8219946846	-0.8219946846	-0.8372507545	0.8372507545	0.8927486659	-0.8927486659	-0.915708346	0.915708346	-1.070542349	1.070542349	-1.085375352	1.085375352	1.107225855	-1.107225855	-1.110220219	1.110220219	1.20171122	-1.20171122	1.30440153	-1.30440153	-1.304736628	1.304736628	1.332407203	-1.332407203	-1.334171907	1.334171907	-1.354046051	1.354046051	-1.366678197	1.366678197	1.385749562	-1.385749562	-1.398293144	1.398293144	-1.45457667	1.45457667	-1.524572609	1.524572609	1.62188305	-1.62188305	-1.64691562	1.64691562	-1.671366004	1.671366004	-1.690113799	1.690113799	1.709014312	-1.709014312	-1.746830025	1.746830025	-1.78873894	1.78873894	1.812113384	-1.812113384	1.814237069	-1.814237069	1.859749879	-1.859749879	-1.894259378	1.894259378	1.897681142	-1.897681142	-1.925205378	1.925205378	1.948101152	-1.948101152	-2.033047688	2.033047688	-2.084606757	2.084606757	2.085356377	-2.085356377	2.108715616	-2.108715616	-2.127253549	2.127253549	2.269796675	-2.269796675	-2.286896199	2.286896199	-2.301538019	2.301538019	-2.310184179	2.310184179	2.395116517	-2.395116517	-2.40137017	2.40137017	2.453271204	-2.453271204	-2.479526577	2.479526577	-2.487464454	2.487464454	
0.29	-0.02668556098	0.02668556098	0.1878409198	-0.1878409198	-0.2775273415	0.2775273415	-0.3202531871	0.3202531871	-0.3489268938	0.3489268938	-0.516733803	0.516733803	0.5345919292	-0.5345919292	-0.6188233574	0.6188233574	-0.6381205781	0.6381205781	-0.7493028869	0.7493028869	-0.7548081826	0.7548081826	-0.7711901654	0.7711901654	0.8114788141	-0.8114788141	-0.816075768	0.816075768	-0.8371308947	0.8371308947	-0.8936457469	0.8936457469	0.9101773123	-0.9101773123	-1.07320002	1.07320002	-1.085374267	1.085374267	-1.110211544	1.110211544	1.110576734	-1.110576734	-1.19929893	1.19929893	-1.307333383	1.307333383	-1.309087152	1.309087152	-1.333316447	1.333316447	-1.3340056	1.3340056	-1.35554414	1.35554414	-1.368612209	1.368612209	-1.385932443	1.385932443	-1.398235453	1.398235453	-1.455471286	1.455471286	-1.524452334	1.524452334	-1.626295066	1.626295066	-1.646887442	1.646887442	-1.671397721	1.671397721	-1.693661446	1.693661446	-1.709254304	1.709254304	-1.746769236	1.746769236	1.787889198	-1.787889198	1.811779538	-1.811779538	-1.81392952	1.81392952	1.859915483	-1.859915483	-1.893759125	1.893759125	-1.897096617	1.897096617	-1.925431461	1.925431461	-1.948284668	1.948284668	-2.031873028	2.031873028	-2.08412806	2.08412806	-2.085231233	2.085231233	-2.108513017	2.108513017	-2.127480401	2.127480401	2.270029018	-2.270029018	2.286299532	-2.286299532	-2.301492068	2.301492068	-2.310126287	2.310126287	-2.395293451	2.395293451	-2.400850193	2.400850193	2.453408415	-2.453408415	-2.47946822	2.47946822	2.487696622	-2.487696622	
0.3	-0.0301292418	0.0301292418	-0.1911967232	0.1911967232	0.271299926	-0.271299926	-0.3145686678	0.3145686678	-0.3422492842	0.3422492842	-0.5123461904	0.5123461904	-0.5311490444	0.5311490444	-0.6125973522	0.6125973522	-0.6356779845	0.6356779845	-0.7526546419	0.7526546419	-0.7567558976	0.7567558976	-0.7719017123	0.7719017123	-0.8099473529	0.8099473529	-0.8101033513	0.8101033513	-0.8370300833	0.8370300833	0.8945644372	-0.8945644372	-0.9045238761	0.9045238761	-1.075943527	1.075943527	1.085383232	-1.085383232	-1.1102675	1.1102675	-1.1139479	1.1139479	-1.19685637	1.19685637	-1.310139527	1.310139527	-1.313295871	1.313295871	-1.334001864	1.334001864	-1.334209201	1.334209201	-1.356757617	1.356757617	-1.371068354	1.371068354	-1.38611677	1.38611677	-1.398177395	1.398177395	-1.456387085	1.456387085	1.524329528	-1.524329528	-1.630711892	1.630711892	-1.64685835	1.64685835	-1.671430391	1.671430391	-1.697252188	1.697252188	1.709500528	-1.709500528	1.746706343	-1.746706343	1.787030639	-1.787030639	1.811400112	-1.811400112	-1.813639092	1.813639092	-1.860085835	1.860085835	-1.893249369	1.893249369	-1.896491835	1.896491835	-1.925664724	1.925664724	-1.948469726	1.948469726	-2.030685347	2.030685347	-2.08364099	2.08364099	2.085103479	-2.085103479	-2.108293427	2.108293427	-2.127708377	2.127708377	-2.270265952	2.270265952	2.285688334	-2.285688334	2.301445022	-2.301445022	-2.310066094	2.310066094	-2.395474964	2.395474964	-2.400314868	2.400314868	-2.453549677	2.453549677	-2.479407717	2.479407717	-2.487935603	2.487935603	
0.31	-0.03358301451	0.03358301451	0.1945595978	-0.1945595978	0.2649931466	-0.2649931466	0.3087680482	-0.3087680482	-0.3354923251	0.3354923251	0.5077624502	-0.5077624502	-0.5276960896	0.5276960896	-0.6063096487	0.6063096487	0.6332066214	-0.6332066214	-0.7559946637	0.7559946637	-0.7579616733	0.7579616733	-0.7725118465	0.7725118465	-0.8041260447	0.8041260447	0.8090327863	-0.8090327863	-0.8369383296	0.8369383296	-0.8955035841	0.8955035841	-0.8987530128	0.8987530128	1.078754191	-1.078754191	-1.085418311	1.085418311	-1.110297465	1.110297465	-1.117422043	1.117422043	-1.194385011	1.194385011	-1.312806521	1.312806521	-1.317225311	1.317225311	-1.334293426	1.334293426	-1.335084709	1.335084709	1.357763282	-1.357763282	-1.373973344	1.373973344	-1.38630225	1.38630225	-1.398119067	1.398119067	-1.457323067	1.457323067	-1.524204344	1.524204344	-1.635129554	1.635129554	-1.646828354	1.646828354	-1.671464012	1.671464012	-1.70087942	1.70087942	-1.709752788	1.709752788	1.746641361	-1.746641361	1.786165449	-1.786165449	1.810978694	-1.810978694	-1.813362962	1.813362962	1.860260774	-1.860260774	-1.892730752	1.892730752	-1.895866929	1.895866929	1.925905018	-1.925905018	-1.948656041	1.948656041	-2.029485163	2.029485163	-2.083146056	2.083146056	2.084973267	-2.084973267	-2.108056905	2.108056905	-2.12793714	2.12793714	2.270506991	-2.270506991	2.285063406	-2.285063406	-2.301396934	2.301396934	-2.31000362	2.31000362	-2.395660925	2.395660925	-2.399764491	2.399764491	-2.453694898	2.453694898	-2.479345071	2.479345071	-2.488181249	2.488181249	
0.32	-0.03704605779	0.03704605779	0.197928715	-0.197928715	-0.2586117527	0.2586117527	0.3028561338	-0.3028561338	-0.3286594564	0.3286594564	0.5029919289	-0.5029919289	-0.524233883	0.524233883	-0.5999600984	0.5999600984	0.6307078211	-0.6307078211	-0.7581280821	0.7581280821	0.7594796802	-0.7594796802	0.7729520004	-0.7729520004	0.7982205503	-0.7982205503	0.8088762967	-0.8088762967	-0.836851691	0.836851691	-0.8928695949	0.8928695949	0.8964620532	-0.8964620532	1.081565871	-1.081565871	-1.085542525	1.085542525	-1.11032769	1.11032769	-1.120965475	1.120965475	-1.191886209	1.191886209	1.315319131	-1.315319131	-1.320631904	1.320631904	-1.335119445	1.335119445	1.335942362	-1.335942362	1.358660041	-1.358660041	1.377233684	-1.377233684	-1.386488598	1.386488598	1.398060566	-1.398060566	1.458278208	-1.458278208	1.524076934	-1.524076934	-1.639544083	1.639544083	-1.64679747	1.64679747	-1.671498577	1.671498577	1.704536244	-1.704536244	1.710010887	-1.710010887	-1.746574306	1.746574306	-1.785296239	1.785296239	1.810520132	-1.810520132	-1.813097114	1.813097114	1.860440124	-1.860440124	-1.89220392	1.89220392	1.895222047	-1.895222047	-1.926152186	1.926152186	-1.94884334	1.94884334	2.02827303	-2.02827303	-2.082643756	2.082643756	-2.084840753	2.084840753	2.107803517	-2.107803517	-2.128166373	2.128166373	2.270751568	-2.270751568	2.284425639	-2.284425639	-2.301347855	2.301347855	-2.309938885	2.309938885	2.395851198	-2.395851198	2.399199373	-2.399199373	-2.453843985	2.453843985	-2.479280287	2.479280287	-2.488433404	2.488433404	
0.33	-0.04051763918	0.04051763918	0.2013033348	-0.2013033348	0.2521601706	-0.2521601706	0.2968376307	-0.2968376307	0.3217540466	-0.3217540466	0.4980440009	-0.4980440009	0.5207631544	-0.5207631544	0.5935485169	-0.5935485169	0.6281828231	-0.6281828231	-0.7574901318	0.7574901318	-0.7628035627	0.7628035627	-0.7730683119	0.7730683119	0.7925465409	-0.7925465409	0.8095498438	-0.8095498438	-0.8367683351	0.8367683351	-0.8868783934	0.8868783934	-0.8974387189	0.8974387189	-1.083949271	1.083949271	-1.08618164	1.08618164	-1.11035881	1.11035881	1.124570556	-1.124570556	-1.189361218	1.189361218	1.317660539	-1.317660539	-1.323187182	1.323187182	-1.336781685	1.336781685	-1.336804284	1.336804284	1.359535701	-1.359535701	-1.380768687	1.380768687	-1.386675548	1.386675548	-1.398001987	1.398001987	-1.459251464	1.459251464	1.523947452	-1.523947452	1.64395151	-1.64395151	-1.646765711	1.646765711	1.671534073	-1.671534073	-1.708215344	1.708215344	1.710274632	-1.710274632	1.746505201	-1.746505201	-1.784426168	1.784426168	1.810029404	-1.810029404	-1.812837484	1.812837484	-1.860623695	1.860623695	-1.891669527	1.891669527	-1.894557344	1.894557344	1.926406061	-1.926406061	-1.949031363	1.949031363	-2.027049534	2.027049534	-2.082134575	2.082134575	-2.084706092	2.084706092	2.107533342	-2.107533342	-2.128395777	2.128395777	2.270999006	-2.270999006	2.283776051	-2.283776051	-2.301297838	2.301297838	-2.309871909	2.309871909	2.396045641	-2.396045641	-2.398619839	2.398619839	-2.453996843	2.453996843	-2.479213368	2.479213368	-2.488691907	2.488691907	
0.34	-0.04399710335	0.04399710335	-0.2046827941	0.2046827941	-0.2456425291	0.2456425291	0.2907171464	-0.2907171464	-0.3147793994	0.3147793994	-0.4929280087	0.4929280087	0.5172845566	-0.5172845566	0.5870747184	-0.5870747184	0.6256327786	-0.6256327786	-0.7558605292	0.7558605292	-0.7661762188	0.7661762188	-0.7724901929	0.7724901929	0.7874793328	-0.7874793328	-0.8110319417	0.8110319417	-0.8366873181	0.8366873181	0.880784082	-0.880784082	-0.8984324582	0.8984324582	1.084778239	-1.084778239	-1.088457952	1.088457952	-1.110390945	1.110390945	-1.128230557	1.128230557	-1.186811196	1.186811196	1.319813055	-1.319813055	-1.324723446	1.324723446	-1.337602333	1.337602333	-1.339511826	1.339511826	-1.36045882	1.36045882	1.384517933	-1.384517933	-1.386862842	1.386862842	-1.397943426	1.397943426	-1.460241775	1.460241775	-1.523816054	1.523816054	-1.646733091	1.646733091	-1.648347847	1.648347847	-1.671570487	1.671570487	1.710543834	-1.710543834	-1.711908821	1.711908821	-1.746434068	1.746434068	-1.783559113	1.783559113	-1.809510947	1.809510947	1.812580632	-1.812580632	-1.860811283	1.860811283	1.891128232	-1.891128232	-1.893872992	1.893872992	-1.92666647	1.92666647	-1.94921986	1.94921986	-2.025815303	2.025815303	2.081618989	-2.081618989	-2.084569441	2.084569441	2.107246468	-2.107246468	-2.128625069	2.128625069	-2.271248471	2.271248471	2.283115822	-2.283115822	-2.301246937	2.301246937	-2.309802712	2.309802712	-2.396244108	2.396244108	2.398026228	-2.398026228	-2.454153376	2.454153376	2.479144321	-2.479144321	-2.488956593	2.488956593	
0.35	-0.047483862	0.047483862	0.2080664969	-0.2080664969	-0.2390626844	0.2390626844	0.2844991908	-0.2844991908	-0.3077387603	0.3077387603	0.4876532101	-0.4876532101	0.5137986757	-0.5137986757	-0.5805385439	0.5805385439	-0.623058758	0.623058758	0.7533781976	-0.7533781976	0.769558087	-0.769558087	-0.7704772972	0.7704772972	-0.7837633973	0.7837633973	0.8132245815	-0.8132245815	-0.8366081213	0.8366081213	0.8745912475	-0.8745912475	-0.8994421477	0.8994421477	-1.084929619	1.084929619	-1.091490498	1.091490498	-1.110424131	1.110424131	1.131939199	-1.131939199	1.184237221	-1.184237221	1.321759408	-1.321759408	-1.325432463	1.325432463	-1.338404077	1.338404077	-1.343046741	1.343046741	1.361481012	-1.361481012	1.387050237	-1.387050237	1.388437676	-1.388437676	-1.397884995	1.397884995	-1.461248065	1.461248065	1.523682894	-1.523682894	-1.646699626	1.646699626	-1.652729076	1.652729076	-1.671607801	1.671607801	1.71081831	-1.71081831	1.715607959	-1.715607959	1.746360935	-1.746360935	-1.782699897	1.782699897	1.80896843	-1.80896843	1.812323981	-1.812323981	-1.861002666	1.861002666	-1.890580707	1.890580707	1.893169172	-1.893169172	-1.926933232	1.926933232	-1.949408594	1.949408594	-2.024571007	2.024571007	2.081097464	-2.081097464	-2.084430955	2.084430955	2.106942997	-2.106942997	-2.128853983	2.128853983	-2.271498909	2.271498909	2.282446372	-2.282446372	-2.301195206	2.301195206	-2.309731317	2.309731317	-2.39644645	2.39644645	-2.397418894	2.397418894	-2.454313485	2.454313485	-2.479073149	2.479073149	-2.489227285	2.489227285	
0.36	-0.05097738538	0.05097738538	0.2114539053	-0.2114539053	-0.2324242427	0.2324242427	0.2781881784	-0.2781881784	-0.3006353235	0.3006353235	0.4822287344	-0.4822287344	-0.5103060394	0.5103060394	0.5739398853	-0.5739398853	-0.620461757	0.620461757	0.7501812529	-0.7501812529	-0.7665205425	0.7665205425	-0.7729451728	0.7729451728	-0.7819115558	0.7819115558	0.8159951507	-0.8159951507	-0.8365304483	0.8365304483	0.8683044103	-0.8683044103	-0.9004666613	0.9004666613	-1.084966151	1.084966151	-1.094712214	1.094712214	-1.110458385	1.110458385	-1.135690554	1.135690554	-1.181640292	1.181640292	1.323484534	-1.323484534	-1.325630397	1.325630397	-1.339186783	1.339186783	-1.347089539	1.347089539	1.362640246	-1.362640246	-1.387237501	1.387237501	-1.392495726	1.392495726	-1.397826878	1.397826878	-1.462269242	1.462269242	-1.523548129	1.523548129	-1.646665331	1.646665331	1.657091126	-1.657091126	-1.671646	1.671646	-1.711097886	1.711097886	-1.719302905	1.719302905	1.746285834	-1.746285834	-1.781854614	1.781854614	1.80840479	-1.80840479	-1.812065791	1.812065791	-1.861197604	1.861197604	-1.890027634	1.890027634	-1.892446078	1.892446078	-1.927206159	1.927206159	-1.949597338	1.949597338	-2.02331736	2.02331736	-2.080570457	2.080570457	-2.084290792	2.084290792	-2.10662304	2.10662304	-2.129082268	2.129082268	2.271748935	-2.271748935	2.281769458	-2.281769458	-2.301142701	2.301142701	-2.309657743	2.309657743	-2.396652508	2.396652508	2.396798209	-2.396798209	-2.454477071	2.454477071	2.478999859	-2.478999859	-2.489503804	2.489503804	
0.37	-0.05447719493	0.05447719493	0.2148445326	-0.2148445326	-0.2257305814	0.2257305814	0.2717884312	-0.2717884312	0.2934722399	-0.2934722399	0.476663546	-0.476663546	-0.5068071239	0.5068071239	0.5672787043	-0.5672787043	-0.6178427032	0.6178427032	0.7464032439	-0.7464032439	0.7611805131	-0.7611805131	-0.7763361144	0.7763361144	0.7813666884	-0.7813666884	0.8192130386	-0.8192130386	-0.8364541267	0.8364541267	-0.8619280738	0.8619280738	0.9015048699	-0.9015048699	-1.084969376	1.084969376	-1.098037073	1.098037073	-1.110493737	1.110493737	-1.139479006	1.139479006	-1.179021339	1.179021339	-1.324977592	1.324977592	-1.325539052	1.325539052	-1.339950397	1.339950397	-1.351415306	1.351415306	-1.363962711	1.363962711	1.387424413	-1.387424413	1.396666169	-1.396666169	1.39777075	-1.39777075	-1.463304204	1.463304204	-1.523411913	1.523411913	-1.646630224	1.646630224	-1.66142986	1.66142986	-1.671685062	1.671685062	1.711382402	-1.711382402	1.722982202	-1.722982202	1.746208803	-1.746208803	-1.78103109	1.78103109	1.807822362	-1.807822362	1.811805037	-1.811805037	1.86139584	-1.86139584	-1.889469708	1.889469708	1.891703919	-1.891703919	-1.927485053	1.927485053	-1.949785876	1.949785876	-2.022055123	2.022055123	2.080038417	-2.080038417	-2.084149107	2.084149107	2.106286722	-2.106286722	-2.129309688	2.129309688	2.271996667	-2.271996667	2.281087348	-2.281087348	2.301089477	-2.301089477	2.309582013	-2.309582013	2.396164557	-2.396164557	-2.396862124	2.396862124	-2.454644033	2.454644033	-2.478924455	2.478924455	-2.489785961	2.489785961	
0.38	-0.057982857	0.057982857	-0.2182379371	0.2182379371	-0.2189848688	0.2189848688	-0.265304183	0.265304183	0.2862526246	-0.2862526246	0.4709664164	-0.4709664164	-0.503302361	0.503302361	0.5605550469	-0.5605550469	-0.6152024622	0.6152024622	0.7421569328	-0.7421569328	0.7551622685	-0.7551622685	0.7797301489	-0.7797301489	-0.7814269878	0.7814269878	-0.8227677162	0.8227677162	-0.8363790572	0.8363790572	-0.8554668629	0.8554668629	-0.9025556416	0.9025556416	-1.084958387	1.084958387	-1.101441331	1.101441331	-1.110530287	1.110530287	1.143299215	-1.143299215	-1.176381232	1.176381232	-1.325280163	1.325280163	1.326233693	-1.326233693	1.340694912	-1.340694912	-1.355899391	1.355899391	1.365463632	-1.365463632	-1.387610765	1.387610765	-1.397709735	1.397709735	1.400936899	-1.400936899	-1.46435184	1.46435184	-1.523274403	1.523274403	-1.646594323	1.646594323	-1.665741042	1.665741042	-1.671724967	1.671724967	-1.711671719	1.711671719	-1.726632142	1.726632142	1.746129884	-1.746129884	1.780239534	-1.780239534	-1.80722302	1.80722302	1.811541283	-1.811541283	-1.861597093	1.861597093	-1.888907639	1.888907639	-1.890942916	1.890942916	-1.92776971	1.92776971	-1.949974004	1.949974004	-2.020785109	2.020785109	2.079501787	-2.079501787	-2.084006058	2.084006058	2.105934179	-2.105934179	2.129536023	-2.129536023	-2.272239437	2.272239437	2.280403108	-2.280403108	-2.301035589	2.301035589	-2.309504149	2.309504149	-2.395518341	2.395518341	2.397075131	-2.397075131	-2.454814269	2.454814269	-2.478846944	2.478846944	-2.490073563	2.490073563	
0.39	-0.06149397741	0.06149397741	-0.2121900821	0.2121900821	0.221633716	-0.221633716	0.2587395837	-0.2587395837	-0.2789795661	0.2789795661	0.4651459038	-0.4651459038	-0.4997921426	0.4997921426	0.5537690545	-0.5537690545	0.612541843	-0.612541843	0.7375308857	-0.7375308857	-0.7488088297	0.7488088297	0.7817525129	-0.7817525129	-0.7831267302	0.7831267302	0.8265719719	-0.8265719719	-0.8363051842	0.8363051842	-0.8489260527	0.8489260527	0.9036178413	-0.9036178413	-1.084939805	1.084939805	1.104913356	-1.104913356	-1.110568434	1.110568434	-1.147146096	1.147146096	-1.17372078	1.17372078	-1.324918461	1.324918461	1.327254839	-1.327254839	-1.341420343	1.341420343	-1.360474327	1.360474327	-1.367147953	1.367147953	1.387796361	-1.387796361	-1.397652943	1.397652943	-1.405283482	1.405283482	-1.465411028	1.465411028	-1.523135753	1.523135753	-1.646557646	1.646557646	1.670020314	-1.670020314	-1.671765694	1.671765694	1.711965728	-1.711965728	-1.730235816	1.730235816	1.746049131	-1.746049131	1.77949348	-1.77949348	1.806608298	-1.806608298	-1.81127457	1.81127457	1.861801062	-1.861801062	1.888342158	-1.888342158	-1.890163303	1.890163303	1.92805992	-1.92805992	1.950161528	-1.950161528	2.019508185	-2.019508185	-2.078961002	2.078961002	-2.083861798	2.083861798	-2.10556556	2.10556556	-2.129761063	2.129761063	-2.272473305	2.272473305	-2.279721086	2.279721086	-2.300981096	2.300981096	-2.309424173	2.309424173	2.39485998	-2.39485998	-2.397291358	2.397291358	-2.454987676	2.454987676	2.478767332	-2.478767332	2.490366406	-2.490366406	
0.4	-0.06501019672	0.06501019672	-0.2053490246	0.2053490246	-0.2250315013	0.2250315013	-0.2520987051	0.2520987051	0.2716561349	-0.2716561349	0.4592103402	-0.4592103402	-0.4962768256	0.4962768256	0.5469209705	-0.5469209705	-0.6098616026	0.6098616026	-0.7325925033	0.7325925033	0.74226438	-0.74226438	-0.7822020138	0.7822020138	-0.7865254181	0.7865254181	0.8305555469	-0.8305555469	-0.8362324798	0.8362324798	-0.8423149904	0.8423149904	-0.9046903324	0.9046903324	-1.084916523	1.084916523	1.108442453	-1.108442453	-1.110611349	1.110611349	-1.151014797	1.151014797	-1.171040743	1.171040743	-1.32448977	1.32448977	1.328049744	-1.328049744	-1.342126721	1.342126721	1.365101712	-1.365101712	-1.369011529	1.369011529	-1.387981014	1.387981014	-1.397596347	1.397596347	-1.409697269	1.409697269	-1.466480642	1.466480642	-1.522996117	1.522996117	-1.646520214	1.646520214	-1.67180722	1.67180722	1.674263157	-1.674263157	1.712264367	-1.712264367	1.73377177	-1.73377177	1.745966604	-1.745966604	-1.778811131	1.778811131	1.805979485	-1.805979485	-1.811005341	1.811005341	-1.862007419	1.862007419	-1.887774013	1.887774013	-1.889365332	1.889365332	-1.928355464	1.928355464	-1.950348262	1.950348262	-2.018225279	2.018225279	-2.078416492	2.078416492	-2.083716482	2.083716482	-2.10518103	2.10518103	-2.129984613	2.129984613	-2.272692195	2.272692195	2.279047779	-2.279047779	-2.300926053	2.300926053	-2.309342111	2.309342111	-2.394189911	2.394189911	-2.397510629	2.397510629	-2.45516415	2.45516415	-2.478685626	2.478685626	-2.490664284	2.490664284	
0.41	-0.06853118602	0.06853118602	0.1984643409	-0.1984643409	-0.2284309536	0.2284309536	0.2453855478	-0.2453855478	-0.2642853936	0.2642853936	-0.4531678257	0.4531678257	0.4927567362	-0.4927567362	0.5400111448	-0.5400111448	-0.6071624508	0.6071624508	-0.7273927045	0.7273927045	-0.7355948793	0.7355948793	-0.7827123375	0.7827123375	-0.7899258354	0.7899258354	-0.8344684198	0.8344684198	-0.8358391512	0.8358391512	-0.8361609329	0.8361609329	-0.9057719772	0.9057719772	-1.084890012	1.084890012	-1.110629515	1.110629515	-1.112052042	1.112052042	1.15490068	-1.15490068	-1.168341833	1.168341833	-1.324015094	1.324015094	1.32863263	-1.32863263	-1.342814085	1.342814085	-1.369758114	1.369758114	-1.371042986	1.371042986	-1.388164548	1.388164548	-1.397540343	1.397540343	1.414167186	-1.414167186	-1.467559552	1.467559552	-1.522855649	1.522855649	-1.646482047	1.646482047	-1.671849518	1.671849518	1.678464842	-1.678464842	-1.712567643	1.712567643	1.737212108	-1.737212108	-1.745882377	1.745882377	1.778217251	-1.778217251	1.80533769	-1.80533769	-1.810734388	1.810734388	1.862215807	-1.862215807	-1.887203981	1.887203981	-1.888549267	1.888549267	-1.928656114	1.928656114	-1.950534032	1.950534032	2.016937379	-2.016937379	-2.077868683	2.077868683	-2.083570264	2.083570264	-2.104780764	2.104780764	-2.130206489	2.130206489	-2.272886355	2.272886355	-2.27839337	2.27839337	-2.300870518	2.300870518	-2.309257985	2.309257985	-2.393508587	2.393508587	2.397732765	-2.397732765	-2.455343584	2.455343584	-2.478601834	2.478601834	2.490966979	-2.490966979	
0.42	-0.07205664327	0.07205664327	-0.1915385319	0.1915385319	-0.2318317451	0.2318317451	0.2386040622	-0.2386040622	-0.2568704077	0.2568704077	0.4470262278	-0.4470262278	-0.4892321729	0.4892321729	-0.5330400337	0.5330400337	-0.6044450537	0.6044450537	-0.7219702113	0.7219702113	-0.7288343016	0.7288343016	-0.7832522049	0.7832522049	-0.7933276493	0.7933276493	-0.8288037568	0.8288037568	-0.8360905432	0.8360905432	-0.8389729095	0.8389729095	-0.9068616382	0.9068616382	-1.084861105	1.084861105	-1.110678103	1.110678103	-1.115681528	1.115681528	-1.158799303	1.158799303	-1.165624718	1.165624718	-1.323507476	1.323507476	-1.329021402	1.329021402	1.343482499	-1.343482499	-1.373225962	1.373225962	-1.374428194	1.374428194	-1.388346797	1.388346797	-1.397485113	1.397485113	-1.41868393	1.41868393	-1.468646625	1.468646625	-1.522714502	1.522714502	-1.646443167	1.646443167	-1.671892564	1.671892564	1.68262036	-1.68262036	-1.712875675	1.712875675	-1.740519957	1.740519957	-1.745796541	1.745796541	1.777745702	-1.777745702	1.804683894	-1.804683894	-1.810462821	1.810462821	-1.862425841	1.862425841	-1.886632867	1.886632867	1.88771539	-1.88771539	-1.928961638	1.928961638	-1.950718673	1.950718673	2.015645542	-2.015645542	-2.077317994	2.077317994	-2.083423295	2.083423295	2.104364953	-2.104364953	-2.130426519	2.130426519	-2.273039694	2.273039694	2.27777439	-2.27777439	-2.300814548	2.300814548	-2.309171821	2.309171821	-2.392816479	2.392816479	2.397957578	-2.397957578	-2.455525874	2.455525874	-2.478515963	2.478515963	-2.491274269	2.491274269	
0.43	0.07558628984	-0.07558628984	-0.184573968	0.184573968	0.2317579169	-0.2317579169	0.2352337942	-0.2352337942	0.2494142566	-0.2494142566	-0.440793188	0.440793188	0.4857034097	-0.4857034097	-0.5260081994	0.5260081994	0.6017100378	-0.6017100378	0.7163548946	-0.7163548946	0.7220021605	-0.7220021605	-0.7838046976	0.7838046976	0.7967305595	-0.7967305595	0.821986948	-0.821986948	0.8360213171	-0.8360213171	-0.8432671565	0.8432671565	0.9079581792	-0.9079581792	1.084830316	-1.084830316	1.110720043	-1.110720043	1.119362919	-1.119362919	-1.162706409	1.162706409	1.162890026	-1.162890026	-1.322975459	1.322975459	1.329235718	-1.329235718	1.344132062	-1.344132062	-1.375541312	1.375541312	1.37910123	-1.37910123	1.388527605	-1.388527605	1.397430848	-1.397430848	1.423239457	-1.423239457	1.469740728	-1.469740728	1.522572827	-1.522572827	-1.646403599	1.646403599	1.671936329	-1.671936329	1.686724321	-1.686724321	1.713188771	-1.713188771	1.743646444	-1.743646444	-1.745709203	1.745709203	-1.777442454	1.777442454	-1.804018986	1.804018986	1.810192055	-1.810192055	-1.862637099	1.862637099	1.886061509	-1.886061509	1.886863997	-1.886863997	1.929271795	-1.929271795	1.950902028	-1.950902028	2.014350893	-2.014350893	-2.076764844	2.076764844	2.083275724	-2.083275724	2.103933802	-2.103933802	-2.130644541	2.130644541	2.273125862	-2.273125862	2.277217643	-2.277217643	2.300758201	-2.300758201	2.309083645	-2.309083645	-2.392114078	2.392114078	-2.398184879	2.398184879	2.455710911	-2.455710911	-2.478428022	2.478428022	-2.491585923	2.491585923	
0.44	-0.07911986728	0.07911986728	0.1775729021	-0.1775729021	-0.2248513368	0.2248513368	-0.238636433	0.238636433	-0.2419200469	0.2419200469	-0.4344761318	0.4344761318	-0.4821706992	0.4821706992	0.518916306	-0.518916306	-0.5989579928	0.5989579928	0.7105702218	-0.7105702218	0.7151107669	-0.7151107669	-0.7843600098	0.7843600098	-0.8001342911	0.8001342911	-0.8150984885	0.8150984885	-0.8359532645	0.8359532645	0.8476239736	-0.8476239736	-0.9090604663	0.9090604663	-1.084797982	1.084797982	-1.110761902	1.110761902	1.123084835	-1.123084835	-1.16013835	1.16013835	-1.166617908	1.166617908	-1.322424913	1.322424913	1.329295368	-1.329295368	-1.344762917	1.344762917	-1.377968914	1.377968914	-1.38376928	1.38376928	-1.388706828	1.388706828	-1.397377798	1.397377798	-1.427826731	1.427826731	-1.47084073	1.47084073	-1.522430774	1.522430774	-1.646363365	1.646363365	-1.671980786	1.671980786	1.690770772	-1.690770772	-1.713507565	1.713507565	1.745620499	-1.745620499	-1.74652812	1.74652812	-1.777368165	1.777368165	1.803343785	-1.803343785	1.809923803	-1.809923803	-1.862849118	1.862849118	-1.885490786	1.885490786	1.885995403	-1.885995403	-1.929586335	1.929586335	-1.95108395	1.95108395	-2.013054636	2.013054636	-2.076209648	2.076209648	-2.0831277	2.0831277	-2.103487533	2.103487533	-2.130860403	2.130860403	-2.273105652	2.273105652	2.276762798	-2.276762798	-2.300701535	2.300701535	-2.308993486	2.308993486	-2.391401891	2.391401891	2.398414472	-2.398414472	2.455898589	-2.455898589	-2.478338019	2.478338019	-2.491901702	2.491901702	
0.45	-0.08265713397	0.08265713397	-0.1705374822	0.1705374822	0.2178878108	-0.2178878108	-0.2343909255	0.2343909255	0.2420397051	-0.2420397051	-0.4280822843	0.4280822843	-0.4786342741	0.4786342741	0.5117651146	-0.5117651146	0.5961894747	-0.5961894747	-0.7046350002	0.7046350002	-0.7081685347	0.7081685347	-0.7849121523	0.7849121523	-0.8035385684	0.8035385684	-0.8081495218	0.8081495218	-0.8358863977	0.8358863977	-0.8520193669	0.8520193669	0.9101673697	-0.9101673697	-1.084764341	1.084764341	-1.110804243	1.110804243	-1.126842074	1.126842074	-1.157370247	1.157370247	-1.17052987	1.17052987	-1.321860054	1.321860054	1.329219128	-1.329219128	-1.345375252	1.345375252	-1.380488918	1.380488918	-1.388426056	1.388426056	-1.388884426	1.388884426	-1.397326336	1.397326336	1.432439544	-1.432439544	-1.471945504	1.471945504	-1.52228849	1.52228849	-1.646322493	1.646322493	-1.672025902	1.672025902	-1.694752872	1.694752872	-1.713833312	1.713833312	1.745530596	-1.745530596	-1.749087414	1.749087414	-1.777597716	1.777597716	-1.802659061	1.802659061	1.80966009	-1.80966009	1.863061393	-1.863061393	-1.884921623	1.884921623	-1.885109942	1.885109942	1.929905002	-1.929905002	1.951264298	-1.951264298	-2.011758054	2.011758054	2.075652817	-2.075652817	-2.08297937	2.08297937	2.103026381	-2.103026381	2.131073963	-2.131073963	-2.272935617	2.272935617	-2.276453771	2.276453771	-2.300644607	2.300644607	-2.30890137	2.30890137	-2.390680446	2.390680446	-2.398646157	2.398646157	-2.456088799	2.456088799	-2.478245963	2.478245963	-2.492221362	2.492221362	
0.46	-0.08619786115	0.08619786115	-0.1634697633	0.1634697633	0.2108711377	-0.2108711377	-0.2268300952	0.2268300952	0.2454433268	-0.2454433268	0.4216186889	-0.4216186889	-0.47509435	0.47509435	0.5045554778	-0.5045554778	-0.5934050081	0.5934050081	-0.6985646092	0.6985646092	-0.7011816164	0.7011816164	-0.785457324	0.785457324	0.8011449448	-0.8011449448	-0.8069433213	0.8069433213	-0.8358207296	0.8358207296	-0.856438723	0.856438723	-0.9112777641	0.9112777641	-1.084729567	1.084729567	-1.110847183	1.110847183	-1.13063003	1.13063003	-1.154586247	1.154586247	-1.174438507	1.174438507	-1.321284029	1.321284029	-1.329024101	1.329024101	1.345969299	-1.345969299	-1.383082402	1.383082402	-1.389059926	1.389059926	-1.39306687	1.39306687	-1.397277087	1.397277087	-1.43707239	1.43707239	1.473053926	-1.473053926	-1.522146124	1.522146124	-1.646281008	1.646281008	-1.672071647	1.672071647	-1.698662179	1.698662179	-1.714168559	1.714168559	-1.745439707	1.745439707	1.751240786	-1.751240786	-1.778212058	1.778212058	-1.801965545	1.801965545	-1.80940326	1.80940326	-1.863273369	1.863273369	-1.884207963	1.884207963	-1.884354997	1.884354997	1.930227534	-1.930227534	-1.95144294	1.95144294	-2.010462517	2.010462517	-2.075094763	2.075094763	2.082830876	-2.082830876	-2.102550598	2.102550598	2.131285088	-2.131285088	-2.272595526	2.272595526	-2.276311277	2.276311277	2.300587475	-2.300587475	-2.30880733	2.30880733	-2.38995029	2.38995029	-2.39887973	2.39887973	-2.456281431	2.456281431	-2.478151866	2.478151866	-2.492544648	2.492544648	
0.47	-0.08974182747	0.08974182747	0.1563717214	-0.1563717214	-0.2038050382	0.2038050382	-0.2192408317	0.2192408317	0.2488470823	-0.2488470823	0.4150922306	-0.4150922306	-0.4715511269	0.4715511269	0.4972883321	-0.4972883321	-0.5906050891	0.5906050891	0.6923718737	-0.6923718737	-0.6941547743	0.6941547743	-0.7859930486	0.7859930486	-0.794089088	0.794089088	-0.8103480843	0.8103480843	-0.8357562733	0.8357562733	-0.860870857	0.860870857	-0.9123905302	0.9123905302	-1.084693794	1.084693794	-1.110890744	1.110890744	-1.134444327	1.134444327	-1.151786848	1.151786848	-1.178340169	1.178340169	-1.320699278	1.320699278	1.328725443	-1.328725443	-1.346545324	1.346545324	-1.385731446	1.385731446	-1.389233586	1.389233586	-1.397231236	1.397231236	-1.397687091	1.397687091	1.441720354	-1.441720354	-1.474164884	1.474164884	-1.522003818	1.522003818	-1.64623894	1.64623894	-1.672117987	1.672117987	-1.702486853	1.702486853	-1.714518887	1.714518887	1.745348106	-1.745348106	1.752918308	-1.752918308	-1.779278621	1.779278621	1.801263936	-1.801263936	-1.809155999	1.809155999	1.86348443	-1.86348443	-1.883289839	1.883289839	-1.88379195	1.88379195	-1.930553658	1.930553658	-1.951619752	1.951619752	-2.009169485	2.009169485	-2.074535895	2.074535895	-2.082682359	2.082682359	2.102060454	-2.102060454	-2.131493653	2.131493653	-2.272106381	2.272106381	-2.276314801	2.276314801	2.300530196	-2.300530196	-2.308711396	2.308711396	-2.389211988	2.389211988	-2.39911498	2.39911498	-2.456476377	2.456476377	-2.478055738	2.478055738	-2.492871299	2.492871299	
0.48	-0.09328880943	0.09328880943	0.1492452705	-0.1492452705	-0.196693215	0.196693215	-0.211626502	0.211626502	-0.2522507731	0.2522507731	0.4085096612	-0.4085096612	-0.4680047906	0.4680047906	0.4899646916	-0.4899646916	-0.5877901866	0.5877901866	0.6860676873	-0.6860676873	-0.6870918721	0.6870918721	-0.7865176895	0.7865176895	0.7869855956	-0.7869855956	-0.8137528006	0.8137528006	-0.8356930413	0.8356930413	-0.8653067086	0.8653067086	-0.913504556	0.913504556	-1.08465713	1.08465713	-1.110934915	1.110934915	-1.138280745	1.138280745	-1.148972522	1.148972522	-1.182231333	1.182231333	-1.320107755	1.320107755	1.328336339	-1.328336339	-1.347103622	1.347103622	-1.388418349	1.388418349	1.389405146	-1.389405146	-1.39719141	1.39719141	-1.402283171	1.402283171	1.446379028	-1.446379028	-1.475277272	1.475277272	1.521861718	-1.521861718	-1.646196319	1.646196319	-1.672164887	1.672164887	-1.706206063	1.706206063	1.714898445	-1.714898445	1.745256152	-1.745256152	-1.754089253	1.754089253	1.780825725	-1.780825725	1.80055491	-1.80055491	-1.808921359	1.808921359	1.863693898	-1.863693898	1.88235596	-1.88235596	-1.883233593	1.883233593	1.930883096	-1.930883096	-1.951794617	1.951794617	-2.007880513	2.007880513	2.073976623	-2.073976623	-2.082533959	2.082533959	-2.101556234	2.101556234	-2.131699541	2.131699541	-2.271510454	2.271510454	-2.276422571	2.276422571	2.300472829	-2.300472829	-2.308613603	2.308613603	-2.388466128	2.388466128	2.399351693	-2.399351693	2.456673527	-2.456673527	-2.47795759	2.47795759	-2.493201048	2.493201048	
0.49	-0.09683856073	0.09683856073	-0.1420922903	0.1420922903	0.1895393658	-0.1895393658	-0.2039905859	0.2039905859	0.2556542137	-0.2556542137	-0.4018776288	0.4018776288	-0.4644555145	0.4644555145	0.4825856399	-0.4825856399	-0.5849607448	0.5849607448	0.6796614625	-0.6796614625	0.6799961687	-0.6799961687	-0.7798381525	0.7798381525	-0.7870301626	0.7870301626	-0.8171572666	0.8171572666	-0.8356310453	0.8356310453	0.8697387253	-0.8697387253	-0.9146187372	0.9146187372	-1.084619666	1.084619666	-1.11097967	1.11097967	1.142135198	-1.142135198	-1.14614372	1.14614372	-1.186108594	1.186108594	-1.319511072	1.319511072	1.327868142	-1.327868142	-1.347644509	1.347644509	1.389574504	-1.389574504	-1.391122267	1.391122267	-1.39716498	1.39716498	-1.406851815	1.406851815	1.451044439	-1.451044439	-1.476390004	1.476390004	-1.521719962	1.521719962	-1.646153175	1.646153175	-1.67221231	1.67221231	-1.709766713	1.709766713	1.715353162	-1.715353162	-1.745164329	1.745164329	-1.75477598	1.75477598	1.782828679	-1.782828679	-1.799839119	1.799839119	1.808702779	-1.808702779	1.863901017	-1.863901017	1.881406739	-1.881406739	-1.882681126	1.882681126	1.931215562	-1.931215562	-1.951967422	1.951967422	-2.00659726	2.00659726	-2.073417356	2.073417356	-2.082385809	2.082385809	2.101038243	-2.101038243	-2.131902643	2.131902643	2.270845137	-2.270845137	-2.2765977	2.2765977	-2.300415429	2.300415429	2.308513985	-2.308513985	2.387713314	-2.387713314	-2.399589652	2.399589652	-2.456872769	2.456872769	-2.477857434	2.477857434	2.493533618	-2.493533618	
0.5	-0.1003907559	0.1003907559	-0.1349146898	0.1349146898	0.1823471968	-0.1823471968	-0.1963366998	0.1963366998	0.2590572299	-0.2590572299	0.3952027095	-0.3952027095	-0.4609034607	0.4609034607	-0.4751523236	0.4751523236	-0.5821171845	0.5821171845	-0.6728705014	0.6728705014	-0.6731614599	0.6731614599	-0.7726503715	0.7726503715	-0.7875297596	0.7875297596	-0.8205613058	0.8205613058	-0.8355702959	0.8355702959	-0.8741604788	0.8741604788	-0.9157319788	0.9157319788	-1.08458148	1.08458148	-1.111024977	1.111024977	-1.143300868	1.143300868	1.146003723	-1.146003723	-1.189968657	1.189968657	-1.318910596	1.318910596	-1.327330569	1.327330569	-1.348168317	1.348168317	1.389741559	-1.389741559	-1.393799963	1.393799963	-1.39718316	1.39718316	-1.411390027	1.411390027	1.455712988	-1.455712988	-1.477502016	1.477502016	-1.521578689	1.521578689	-1.646109542	1.646109542	-1.672260219	1.672260219	1.712942162	-1.712942162	-1.71610193	1.71610193	1.745073299	-1.745073299	1.755043507	-1.755043507	-1.785220212	1.785220212	1.799117192	-1.799117192	-1.808504108	1.808504108	-1.864104949	1.864104949	-1.880442612	1.880442612	-1.882135841	1.882135841	-1.931550763	1.931550763	-1.952138065	1.952138065	-2.005321491	2.005321491	2.072858504	-2.072858504	-2.082238042	2.082238042	-2.100506802	2.100506802	-2.132102855	2.132102855	2.270135575	-2.270135575	2.276815556	-2.276815556	-2.300358055	2.300358055	2.308412581	-2.308412581	2.386954174	-2.386954174	-2.399828632	2.399828632	2.457073993	-2.457073993	-2.477755284	2.477755284	-2.493868725	2.493868725	
0.51	-0.1039447835	0.1039447835	0.1277146201	-0.1277146201	0.1751204361	-0.1751204361	-0.1886686241	0.1886686241	0.2624596575	-0.2624596575	-0.3884914422	0.3884914422	-0.4573487814	0.4573487814	0.4676659448	-0.4676659448	-0.5792599045	0.5792599045	-0.6657174057	0.6657174057	0.6665750324	-0.6665750324	-0.7654258381	0.7654258381	-0.7880160341	0.7880160341	-0.8239647538	0.8239647538	-0.8355108027	0.8355108027	0.8785663999	-0.8785663999	-0.9168431954	0.9168431954	-1.084542641	1.084542641	-1.111070799	1.111070799	-1.140444371	1.140444371	1.149882471	-1.149882471	-1.19380833	1.19380833	-1.318307517	1.318307517	-1.326731926	1.326731926	-1.348675389	1.348675389	-1.389906218	1.389906218	-1.396127352	1.396127352	-1.397559288	1.397559288	-1.41589504	1.41589504	1.460381382	-1.460381382	-1.478612279	1.478612279	-1.521438036	1.521438036	-1.646065453	1.646065453	-1.672308572	1.672308572	-1.71485295	1.71485295	-1.718015767	1.718015767	-1.744983998	1.744983998	-1.754974256	1.754974256	1.787915714	-1.787915714	1.798389739	-1.798389739	1.808329627	-1.808329627	1.864304757	-1.864304757	-1.879464039	1.879464039	-1.881599146	1.881599146	-1.931888397	1.931888397	-1.952306445	1.952306445	-2.004055083	2.004055083	-2.072300476	2.072300476	-2.082090787	2.082090787	2.099962253	-2.099962253	-2.132300081	2.132300081	-2.269397358	2.269397358	-2.277061069	2.277061069	-2.300300763	2.300300763	-2.308309431	2.308309431	-2.386189355	2.386189355	2.400068408	-2.400068408	2.457277088	-2.457277088	-2.477651154	2.477651154	-2.494206076	2.494206076	
0.52	-0.1074985157	0.1074985157	-0.1204957116	0.1204957116	0.1678628485	-0.1678628485	-0.1809903342	0.1809903342	-0.2658613415	0.2658613415	-0.3817503668	0.3817503668	-0.4537916193	0.4537916193	0.4601277548	-0.4601277548	-0.5763892829	0.5763892829	-0.6585391969	0.6585391969	-0.6599088086	0.6599088086	-0.7581681312	0.7581681312	-0.7884887266	0.7884887266	-0.8273674556	0.8273674556	-0.8354525739	0.8354525739	-0.882951586	0.882951586	-0.9179513127	0.9179513127	-1.084503213	1.084503213	-1.111117095	1.111117095	1.137574614	-1.137574614	-1.153767705	1.153767705	-1.197624521	1.197624521	-1.317702888	1.317702888	-1.32607933	1.32607933	-1.349166075	1.349166075	-1.390068391	1.390068391	-1.396746637	1.396746637	1.399641513	-1.399641513	1.420364257	-1.420364257	1.465046564	-1.465046564	-1.479719841	1.479719841	-1.521298137	1.521298137	-1.646020944	1.646020944	-1.67235733	1.67235733	1.715588823	-1.715588823	1.720995617	-1.720995617	-1.744897797	1.744897797	-1.754646606	1.754646606	-1.790834674	1.790834674	-1.797657347	1.797657347	-1.808184051	1.808184051	-1.864499393	1.864499393	-1.878471503	1.878471503	1.881072576	-1.881072576	-1.932228156	1.932228156	-1.952472471	1.952472471	-2.002800031	2.002800031	2.071743685	-2.071743685	-2.081944166	2.081944166	-2.099404957	2.099404957	-2.132494232	2.132494232	-2.26864019	2.26864019	2.27732506	-2.27732506	-2.300243609	2.300243609	-2.308204577	2.308204577	2.385419524	-2.385419524	2.400308747	-2.400308747	-2.457481943	2.457481943	-2.477545059	2.477545059	-2.494545372	2.494545372	
0.53	-0.1110117208	0.1110117208	-0.1132996677	0.1132996677	0.1605782526	-0.1605782526	-0.1733060363	0.1733060363	0.2692621344	-0.2692621344	-0.3749860653	0.3749860653	-0.4502321091	0.4502321091	-0.452539048	0.452539048	-0.5735056783	0.5735056783	0.6513380274	-0.6513380274	-0.6531688333	0.6531688333	-0.750880838	0.750880838	0.7889477136	-0.7889477136	-0.8307692649	0.8307692649	-0.8353956165	0.8353956165	-0.8873116586	0.8873116586	-0.9190552674	0.9190552674	-1.084463255	1.084463255	-1.111163823	1.111163823	1.134691968	-1.134691968	-1.157655793	1.157655793	1.201414225	-1.201414225	-1.317097662	1.317097662	1.325378899	-1.325378899	1.349640728	-1.349640728	-1.390227997	1.390227997	-1.396788065	1.396788065	-1.402290862	1.402290862	1.424795217	-1.424795217	1.469705579	-1.469705579	-1.480823922	1.480823922	-1.521159123	1.521159123	-1.645976053	1.645976053	-1.672406448	1.672406448	1.716044517	-1.716044517	1.724136283	-1.724136283	-1.744816783	1.744816783	-1.754124995	1.754124995	1.793910572	-1.793910572	-1.796920575	1.796920575	-1.808072529	1.808072529	1.864687687	-1.864687687	-1.877465515	1.877465515	1.880557814	-1.880557814	-1.932569723	1.932569723	-1.952636054	1.952636054	-2.001558453	2.001558453	-2.071188543	2.071188543	-2.081798302	2.081798302	2.098835294	-2.098835294	-2.132685223	2.132685223	-2.267870359	2.267870359	-2.277601773	2.277601773	-2.300186649	2.300186649	-2.308098065	2.308098065	-2.384645371	2.384645371	2.400549415	-2.400549415	-2.457688444	2.457688444	-2.477437014	2.477437014	-2.494886306	2.494886306	
0.54	-0.1059660081	0.1059660081	-0.1146463248	0.1146463248	-0.1532705401	0.1532705401	-0.1656202096	0.1656202096	0.2726618961	-0.2726618961	0.3682052068	-0.3682052068	0.4449011571	-0.4449011571	0.4466703783	-0.4466703783	0.57060943	-0.57060943	0.6441159293	-0.6441159293	-0.6463606758	0.6463606758	-0.7435675677	0.7435675677	-0.789392971	0.789392971	-0.8341700426	0.8341700426	-0.8353399363	0.8353399363	-0.8916426541	0.8916426541	-0.9201540086	0.9201540086	-1.084422824	1.084422824	-1.111210939	1.111210939	-1.131796783	1.131796783	1.161543206	-1.161543206	1.205174527	-1.205174527	-1.316492716	1.316492716	1.324635929	-1.324635929	-1.350099703	1.350099703	-1.39038496	1.39038496	-1.396770198	1.396770198	-1.404980836	1.404980836	1.429185564	-1.429185564	-1.474355156	1.474355156	-1.4819243	1.4819243	-1.521021123	1.521021123	-1.645930819	1.645930819	-1.672455881	1.672455881	1.716429598	-1.716429598	-1.72721608	1.72721608	-1.744744294	1.744744294	1.753458636	-1.753458636	-1.796179961	1.796179961	1.797092151	-1.797092151	-1.808000614	1.808000614	-1.864868334	1.864868334	-1.876446614	1.876446614	-1.880056709	1.880056709	1.932912775	-1.932912775	-1.952797113	1.952797113	-2.000332595	2.000332595	2.070635466	-2.070635466	-2.081653309	2.081653309	2.098253666	-2.098253666	-2.132872976	2.132872976	2.267092159	-2.267092159	2.277887448	-2.277887448	-2.300129938	2.300129938	-2.307989945	2.307989945	-2.383867604	2.383867604	-2.400790173	2.400790173	-2.45789648	2.45789648	-2.477327038	2.477327038	-2.495228562	2.495228562	
0.55	-0.09869548811	0.09869548811	-0.1182029981	0.1182029981	-0.1459436977	0.1459436977	-0.1579376553	0.1579376553	-0.2760604921	0.2760604921	0.3614145967	-0.3614145967	0.4372154478	-0.4372154478	0.4431065477	-0.4431065477	0.5677008592	-0.5677008592	0.6368748473	-0.6368748473	0.6394895162	-0.6394895162	-0.7362319646	0.7362319646	-0.7898245495	0.7898245495	-0.8352855379	0.8352855379	-0.8375696568	0.8375696568	-0.8959409401	0.8959409401	-0.9212464981	0.9212464981	-1.084381975	1.084381975	-1.111258395	1.111258395	-1.128889395	1.128889395	1.165426514	-1.165426514	1.20890259	-1.20890259	-1.315888864	1.315888864	1.323855038	-1.323855038	-1.350543357	1.350543357	-1.390539206	1.390539206	-1.396737738	1.396737738	1.407659457	-1.407659457	-1.433533023	1.433533023	-1.478989306	1.478989306	-1.483023693	1.483023693	-1.520884263	1.520884263	-1.645885281	1.645885281	1.672505584	-1.672505584	-1.716788309	1.716788309	1.730175968	-1.730175968	-1.74468599	1.74468599	-1.752683925	1.752683925	-1.795436013	1.795436013	1.800340997	-1.800340997	1.807974202	-1.807974202	-1.865039877	1.865039877	1.875415369	-1.875415369	1.879571294	-1.879571294	1.933256981	-1.933256981	-1.952955568	1.952955568	1.999124833	-1.999124833	-2.07008487	2.07008487	-2.081509298	2.081509298	-2.097660498	2.097660498	2.133057417	-2.133057417	2.266308693	-2.266308693	-2.278179524	2.278179524	2.300073531	-2.300073531	2.307880267	-2.307880267	-2.383086955	2.383086955	-2.401030779	2.401030779	-2.458105939	2.458105939	-2.477215149	2.477215149	-2.495571819	2.495571819	
0.56	0.09140377771	-0.09140377771	-0.1217674781	0.1217674781	-0.1386018335	0.1386018335	-0.1502635567	0.1502635567	0.279457793	-0.279457793	0.354621231	-0.354621231	0.4294833158	-0.4294833158	-0.4395407322	0.4395407323	0.5647802683	-0.5647802683	0.6296166646	-0.6296166646	-0.6325602134	0.6325602134	-0.7288777206	0.7288777206	-0.7902425549	0.7902425549	-0.8352324248	0.8352324248	-0.8409679812	0.8409679812	-0.9002031496	0.9002031496	0.922331711	-0.922331711	-1.08434076	1.08434076	-1.111306144	1.111306144	-1.125970126	1.125970126	-1.169302379	1.169302379	1.212595658	-1.212595658	-1.315286875	1.315286875	-1.323040291	1.323040291	1.350972042	-1.350972042	-1.390690671	1.390690671	-1.396700021	1.396700021	-1.410310666	1.410310666	-1.437835386	1.437835386	-1.483515286	1.483515286	-1.48421177	1.48421177	1.520748666	-1.520748666	-1.645839482	1.645839482	-1.672555508	1.672555508	-1.71713439	1.71713439	-1.7329825	1.7329825	1.744652188	-1.744652188	-1.751827554	1.751827554	1.79468921	-1.79468921	1.80362841	-1.80362841	1.807999433	-1.807999433	-1.865200705	1.865200705	-1.874372381	1.874372381	-1.879103803	1.879103803	-1.933602004	1.933602004	-1.953111347	1.953111347	-1.99793768	1.99793768	2.069537174	-2.069537174	-2.081366373	2.081366373	2.097056236	-2.097056236	2.133238476	-2.133238476	-2.265522327	2.265522327	2.278476176	-2.278476176	-2.300017482	2.300017482	2.307769088	-2.307769088	2.382304174	-2.382304174	2.401270987	-2.401270987	-2.458316707	2.458316707	-2.477101367	2.477101367	2.495915745	-2.495915745	
0.57	0.08409700184	-0.08409700184	-0.1253350187	0.1253350187	0.1312492075	-0.1312492075	-0.1426035639	0.1426035639	0.282853673	-0.282853673	-0.347832356	0.347832356	0.4217061838	-0.4217061838	-0.4359730418	0.4359730418	0.561847941	-0.561847941	-0.6223432254	0.6223432254	-0.6255773616	0.6255773616	-0.7215085889	0.7215085889	-0.7906471349	0.7906471349	-0.8351805995	0.8351805995	0.8443648952	-0.8443648952	-0.9044261291	0.9044261291	-0.9234086364	0.9234086364	-1.084299233	1.084299233	-1.111354134	1.111354134	1.123039285	-1.123039285	-1.173167553	1.173167553	-1.216251044	1.216251044	-1.314687476	1.314687476	1.322195301	-1.322195301	-1.35138611	1.35138611	-1.39083929	1.39083929	-1.39666017	1.39666017	1.412925095	-1.412925095	1.442090492	-1.442090492	-1.485143698	1.485143698	-1.488275036	1.488275036	1.520614454	-1.520614454	-1.645793467	1.645793467	-1.672605602	1.672605602	-1.717473282	1.717473282	-1.735600216	1.735600216	1.744663404	-1.744663404	-1.750909205	1.750909205	-1.793940004	1.793940004	-1.806932699	1.806932699	-1.80808254	1.80808254	1.86534905	-1.86534905	-1.873318287	1.873318287	-1.878656682	1.878656682	-1.933947498	1.933947498	1.95326438	-1.95326438	-1.996773784	1.996773784	-2.068992802	2.068992802	-2.081224634	2.081224634	-2.09644135	2.09644135	2.133416089	-2.133416089	2.264734958	-2.264734958	-2.278776052	2.278776052	-2.299961845	2.299961845	2.307656467	-2.307656467	-2.381520032	2.381520032	-2.401510549	2.401510549	-2.45852867	2.45852867	-2.476985713	2.476985713	-2.496260002	2.496260002	
0.58	-0.07677744499	0.07677744499	0.1238902699	-0.1238902699	0.1289044824	-0.1289044824	-0.1349640825	0.1349640825	-0.2862480073	0.2862480073	0.3410555355	-0.3410555355	0.4138855001	-0.4138855001	-0.4324035815	0.4324035815	0.5589041413	-0.5589041413	-0.6150563549	0.6150563549	-0.6185453361	0.6185453361	-0.7141283978	0.7141283978	-0.7910384679	0.7910384679	-0.8351300634	0.8351300634	-0.8477602828	0.8477602828	-0.9086068967	0.9086068967	-0.9244762776	0.9244762776	-1.084257448	1.084257448	-1.111402314	1.111402314	-1.120097166	1.120097166	1.177018872	-1.177018872	1.219866131	-1.219866131	-1.314091368	1.314091368	-1.321323313	1.321323313	-1.351785908	1.351785908	-1.390985007	1.390985007	-1.396619523	1.396619523	-1.415495562	1.415495562	-1.44629622	1.44629622	-1.486222204	1.486222204	1.492863096	-1.492863096	1.520481745	-1.520481745	-1.645747279	1.645747279	-1.672655816	1.672655816	1.717807465	-1.717807465	-1.737972411	1.737972411	1.744764453	-1.744764453	-1.749943575	1.749943575	-1.79318882	1.79318882	1.808229641	-1.808229641	1.810237129	-1.810237129	-1.865482998	1.865482998	-1.87225376	1.87225376	-1.878232595	1.878232595	1.934293111	-1.934293111	-1.953414603	1.953414603	-1.995635935	1.995635935	2.068452176	-2.068452176	-2.081084174	2.081084174	-2.095816334	2.095816334	2.133590197	-2.133590197	-2.263948175	2.263948175	2.27907811	-2.27907811	2.299906672	-2.299906672	-2.307542468	2.307542468	-2.380735322	2.380735322	-2.401749212	2.401749212	2.458741714	-2.458741714	-2.476868211	2.476868211	2.496604247	-2.496604247	
0.59	-0.06944686434	0.06944686434	-0.1165297073	0.1165297073	-0.1273498444	0.1273498444	-0.1324775601	0.1324775601	-0.2896406682	0.2896406682	0.3342987274	-0.3342987274	0.4060227378	-0.4060227378	-0.4288324527	0.4288324527	-0.5559491108	0.5559491108	0.607757878	-0.607757878	0.6114683329	-0.6114683329	-0.7067410655	0.7067410655	-0.7914167555	0.7914167555	-0.835080817	0.835080817	-0.8511540327	0.8511540327	-0.9127426082	0.9127426082	-0.9255336527	0.9255336527	-1.084215455	1.084215455	-1.111450631	1.111450631	-1.117144054	1.117144054	1.180853251	-1.180853251	1.223438371	-1.223438371	-1.313499223	1.313499223	-1.320427276	1.320427276	-1.352171776	1.352171776	-1.391127766	1.391127766	-1.396578753	1.396578753	-1.418015899	1.418015899	-1.450450473	1.450450473	-1.487282215	1.487282215	-1.497441955	1.497441955	1.520350654	-1.520350654	-1.645700967	1.645700967	-1.672706095	1.672706095	1.718138159	-1.718138159	1.739985973	-1.739985973	-1.745058186	1.745058186	-1.748941825	1.748941825	1.792436059	-1.792436059	-1.80844646	1.80844646	1.813528458	-1.813528458	1.865600515	-1.865600515	1.871179515	-1.871179515	1.877834408	-1.877834408	1.934638484	-1.934638484	-1.953561953	1.953561953	1.994527057	-1.994527057	2.067915724	-2.067915724	2.080945076	-2.080945076	2.09518171	-2.09518171	-2.133760742	2.133760742	-2.263163358	2.263163358	-2.279381517	2.279381517	-2.299852017	2.299852017	-2.30742716	2.30742716	-2.379950857	2.379950857	-2.401986724	2.401986724	-2.458955726	2.458955726	-2.476748885	2.476748885	-2.496948126	2.496948126	
0.6	0.06210688751	-0.06210688751	-0.1091725027	0.1091725027	-0.1197718885	0.1197718885	-0.1360505171	0.1360505171	-0.2930315132	0.2930315132	-0.3275703756	0.3275703756	0.3981193966	-0.3981193966	-0.4252597531	0.4252597531	-0.5529830655	0.5529830655	-0.6004496391	0.6004496391	0.6043504025	-0.6043504025	-0.699350616	0.699350616	-0.7917822161	0.7917822161	-0.8350328601	0.8350328601	-0.8545460373	0.8545460373	-0.9168305294	0.9168305294	-0.9265797948	0.9265797948	-1.084173309	1.084173309	-1.111499029	1.111499029	-1.114180222	1.114180222	1.184667683	-1.184667683	1.226965278	-1.226965278	-1.312911695	1.312911695	1.3195099	-1.3195099	-1.35254405	1.35254405	-1.391267519	1.391267519	-1.396538239	1.396538239	1.420480539	-1.420480539	-1.454551177	1.454551177	-1.488329147	1.488329147	-1.502003746	1.502003746	-1.520221295	1.520221295	-1.645654579	1.645654579	-1.672756385	1.672756385	1.718465968	-1.718465968	1.741441076	-1.741441076	-1.74573547	1.74573547	-1.747912587	1.747912587	1.791682105	-1.791682105	1.808737998	-1.808737998	-1.816795897	1.816795897	-1.865699504	1.865699504	-1.870096314	1.870096314	-1.877465161	1.877465161	-1.934983253	1.934983253	-1.953706372	1.953706372	-1.993450214	1.993450214	2.067383876	-2.067383876	2.080807416	-2.080807416	2.094538024	-2.094538024	-2.133927671	2.133927671	2.262381741	-2.262381741	-2.279685585	2.279685585	-2.29979793	2.29979793	-2.307310615	2.307310615	2.379167468	-2.379167468	2.402222828	-2.402222828	-2.459170588	2.459170588	-2.476627762	2.476627762	-2.49729128	2.49729128	
0.61	-0.05475911137	0.05475911137	0.1018240128	-0.1018240128	-0.1122363796	0.1122363796	-0.1396254288	0.1396254288	0.2964203481	-0.2964203481	0.3208795383	-0.3208795383	0.3901770048	-0.3901770048	-0.4216855776	0.4216855776	0.5500061884	-0.5500061884	0.5931335236	-0.5931335236	0.5971954788	-0.5971954788	-0.6919611953	0.6919611953	0.7921350796	-0.7921350796	0.8349861915	-0.8349861915	-0.8579361922	0.8579361922	0.9208680135	-0.9208680135	0.9276137529	-0.9276137529	-1.084131064	1.084131064	-1.111205932	1.111205932	-1.111547453	1.111547453	1.188459228	-1.188459228	-1.230444427	1.230444427	-1.31232942	1.31232942	1.318573701	-1.318573701	1.352903059	-1.352903059	-1.391404219	1.391404219	-1.39649821	1.39649821	-1.42288433	1.42288433	-1.458596268	1.458596268	-1.4893632	1.4893632	1.50654594	-1.50654594	1.520093779	-1.520093779	-1.645608165	1.645608165	-1.67280663	1.67280663	1.718791172	-1.718791172	-1.742229092	1.742229092	1.746862661	-1.746862661	1.746897357	-1.746897357	1.790927332	-1.790927332	-1.809108152	1.809108152	-1.820030375	1.820030375	-1.865777892	1.865777892	1.869004969	-1.869004969	-1.877128009	1.877128009	-1.935327046	1.935327046	-1.953847807	1.953847807	1.9924086	-1.9924086	2.066857064	-2.066857064	-2.080671261	2.080671261	-2.093885853	2.093885853	2.134090937	-2.134090937	2.261604454	-2.261604454	2.279989728	-2.279989728	2.299744461	-2.299744461	2.307192914	-2.307192914	2.378386006	-2.378386006	2.402457264	-2.402457264	-2.459386186	2.459386186	-2.476504872	2.476504872	-2.497633343	2.497633343	
0.62	-0.04740514047	0.04740514047	0.09449007087	-0.09449007087	-0.1047531124	0.1047531124	-0.1432018293	0.1432018293	0.2998067351	-0.2998067351	-0.3142361799	0.3142361799	-0.3821971248	0.3821971248	-0.4181100188	0.4181100189	-0.5470186188	0.5470186188	-0.5858114842	0.5858114842	-0.5900074064	0.5900074064	-0.6845770899	0.6845770899	-0.7924755839	0.7924755839	-0.8349408095	0.8349408095	-0.8613243965	0.8613243965	-0.9248524813	0.9248524813	-0.9286345915	0.9286345915	-1.084088773	1.084088773	-1.108221438	1.108221438	-1.111595843	1.111595843	1.192225012	-1.192225012	-1.233873453	1.233873453	-1.311753018	1.311753018	-1.317621047	1.317621047	-1.353249127	1.353249127	1.391537822	-1.391537822	-1.396458814	1.396458814	-1.425222443	1.425222443	-1.462583687	1.462583687	-1.490383802	1.490383802	1.511066895	-1.511066895	1.519968212	-1.519968212	-1.645561777	1.645561777	-1.67285677	1.67285677	1.719113861	-1.719113861	-1.742555941	1.742555941	1.745797507	-1.745797507	-1.748331994	1.748331994	-1.790172111	1.790172111	-1.809559317	1.809559317	1.823224007	-1.823224007	-1.865833751	1.865833751	-1.867906351	1.867906351	-1.876826136	1.876826136	1.935669484	-1.935669484	-1.953986204	1.953986204	1.991405534	-1.991405534	-2.066335724	2.066335724	2.080536665	-2.080536665	-2.093225804	2.093225804	2.134250492	-2.134250492	-2.260832553	2.260832553	-2.280293433	2.280293433	-2.299691662	2.299691662	-2.307074139	2.307074139	2.377607342	-2.377607342	-2.402689774	2.402689774	-2.459602402	2.459602402	-2.476380246	2.476380246	-2.497973943	2.497973943	
0.63	-0.04004660966	0.04004660966	-0.08717712907	0.08717712907	-0.09733286802	0.09733286803	-0.1467795765	0.1467795765	-0.3031872586	0.3031872586	-0.3076540197	0.3076540197	0.3741813605	-0.3741813605	-0.4145331674	0.4145331674	0.544020431	-0.544020431	-0.5784855773	0.5784855773	-0.5827899642	0.5827899642	-0.6772027458	0.6772027458	-0.7928039717	0.7928039717	-0.8348967118	0.8348967118	-0.8647105515	0.8647105515	-0.9287814058	0.9287814058	-0.9296413916	0.9296413916	-1.084046493	1.084046493	-1.105226984	1.105226984	-1.111644141	1.111644141	-1.195962221	1.195962221	-1.237250051	1.237250051	-1.311183098	1.311183098	-1.316654184	1.316654184	-1.353582565	1.353582565	-1.391668288	1.391668288	-1.396420154	1.396420154	-1.427490317	1.427490317	-1.466511375	1.466511375	-1.491390182	1.491390182	1.515565267	-1.515565267	1.519844702	-1.519844702	-1.645515469	1.645515469	-1.672906747	1.672906747	1.719434011	-1.719434011	1.742662632	-1.742662632	-1.744721581	1.744721581	1.749794372	-1.749794372	-1.789416827	1.789416827	1.810092007	-1.810092007	1.826369695	-1.826369695	-1.865865468	1.865865468	1.866801395	-1.866801395	-1.876562642	1.876562642	-1.936010185	1.936010185	-1.954121515	1.954121515	1.99044445	-1.99044445	-2.065820294	2.065820294	-2.080403669	2.080403669	-2.092558517	2.092558517	-2.134406294	2.134406294	2.260067035	-2.260067035	2.280596241	-2.280596241	-2.29963958	2.29963958	2.306954382	-2.306954382	-2.376832364	2.376832364	-2.402920096	2.402920096	-2.459819117	2.459819117	-2.476253919	2.476253919	2.498312702	-2.498312702	
0.64	-0.03268520303	0.03268520303	0.07989245922	-0.07989245922	-0.08998800412	0.08998800412	0.1503585618	-0.1503585618	0.3011235925	-0.3011235925	-0.3065825907	0.3065825907	0.3661313687	-0.3661313687	-0.4109551127	0.4109551127	0.5410115956	-0.5410115956	-0.5711580169	0.5711580169	0.5755468882	-0.5755468882	0.6698427889	-0.6698427889	0.7931204878	-0.7931204878	-0.8348538954	0.8348538954	0.8680945611	-0.8680945611	-0.9306332506	0.9306332506	0.932652298	-0.932652298	-1.084004278	1.084004278	-1.102222807	1.102222807	-1.111692286	1.111692286	1.199668097	-1.199668097	1.24057197	-1.24057197	-1.310620257	1.310620257	1.315675269	-1.315675269	1.353903682	-1.353903682	1.391795581	-1.391795581	1.396382303	-1.396382303	-1.429683624	1.429683624	-1.470377267	1.470377267	1.492381507	-1.492381507	1.519723352	-1.519723352	1.520039869	-1.520039869	1.645469296	-1.645469296	1.672956498	-1.672956498	-1.719751521	1.719751521	1.742667865	-1.742667865	1.743638578	-1.743638578	-1.751163985	1.751163985	-1.78866189	1.78866189	1.810704548	-1.810704548	-1.829460809	1.829460809	1.865691113	-1.865691113	1.865871944	-1.865871944	1.876340408	-1.876340408	1.93634876	-1.93634876	-1.954253694	1.954253694	1.989528883	-1.989528883	-2.065311214	2.065311214	2.080272296	-2.080272296	-2.091884666	2.091884666	-2.134558302	2.134558302	-2.259308854	2.259308854	-2.280897731	2.280897731	-2.299588263	2.299588263	2.306833739	-2.306833739	2.376061976	-2.376061976	2.403147967	-2.403147967	-2.460036211	2.460036211	-2.476125926	2.476125926	-2.498649234	2.498649234	
0.65	0.02532267429	-0.02532267429	0.07264444664	-0.07264444664	0.08273288837	-0.08273288837	0.1539386864	-0.1539386864	0.294690045	-0.294690045	0.309959836	-0.309959836	-0.3580488758	0.3580488758	-0.4073759434	0.4073759434	-0.5379919019	0.5379919019	0.5638312697	-0.5638312697	0.5682818926	-0.5682818926	-0.6625020478	0.6625020478	-0.7934253773	0.7934253773	0.8348123568	-0.8348123568	0.8714763309	-0.8714763309	-0.9316092828	0.9316092828	-0.9364626957	0.9364626957	-1.083962185	1.083962185	-1.099209136	1.099209136	-1.111740214	1.111740214	1.203339931	-1.203339931	1.243837019	-1.243837019	-1.310065082	1.310065082	-1.314686391	1.314686391	-1.354212775	1.354212775	-1.391919665	1.391919665	-1.396345312	1.396345312	1.431798245	-1.431798245	-1.474179289	1.474179289	1.493356923	-1.493356923	1.519604263	-1.519604263	1.52448962	-1.52448962	-1.645423315	1.645423315	-1.673005962	1.673005962	1.72006624	-1.72006624	1.742551604	-1.742551604	1.742621342	-1.742621342	-1.752391685	1.752391685	-1.787907748	1.787907748	1.811392875	-1.811392875	-1.832490911	1.832490911	1.864576606	-1.864576606	-1.865852825	1.865852825	1.87616197	-1.87616197	-1.936684815	1.936684815	-1.954382697	1.954382697	1.988662451	-1.988662451	-2.064808927	2.064808927	-2.080142552	2.080142552	-2.091204968	2.091204968	-2.134706479	2.134706479	-2.258558929	2.258558929	-2.281197512	2.281197512	-2.29953776	2.29953776	2.306712315	-2.306712315	-2.3752971	2.3752971	2.403373125	-2.403373125	-2.460253564	2.460253564	-2.47599631	2.47599631	-2.49898315	2.49898315	
0.66	-0.01796087298	0.01796087298	0.06544303611	-0.06544303611	-0.07558447979	0.07558447979	0.1575198557	-0.1575198557	-0.2883482969	0.2883482969	0.3133375236	-0.3133375236	0.3499357009	-0.3499357009	-0.4037957478	0.4037957478	0.5349607878	-0.5349607878	-0.556508243	0.556508243	0.5609986908	-0.5609986908	-0.6551855774	0.6551855774	-0.7937188839	0.7937188839	-0.8347720923	0.8347720923	-0.8748557683	0.8748557683	-0.9325686194	0.9325686194	-0.9402101538	0.9402101538	1.083920273	-1.083920273	-1.096186192	1.096186192	-1.111787863	1.111787863	-1.206975062	1.206975062	-1.24704306	1.24704306	-1.309518152	1.309518152	1.313689591	-1.313689591	1.354510134	-1.354510134	-1.39204051	1.39204051	-1.396309222	1.396309222	-1.433830258	1.433830258	1.477915352	-1.477915352	-1.494315582	1.494315582	1.519487537	-1.519487537	1.528913513	-1.528913513	-1.645377583	1.645377583	-1.673055075	1.673055075	1.72037798	-1.72037798	1.741463298	-1.741463298	1.742545302	-1.742545302	-1.753458171	1.753458171	1.787154905	-1.787154905	1.812150488	-1.812150488	-1.835453487	1.835453487	-1.863459075	1.863459075	1.865808734	-1.865808734	-1.876029418	1.876029418	1.937017952	-1.937017952	1.954508482	-1.954508482	1.987848836	-1.987848836	2.064313878	-2.064313878	-2.080014415	2.080014415	-2.090520182	2.090520182	2.134850791	-2.134850791	2.257818151	-2.257818151	-2.281495214	2.281495214	-2.299488115	2.299488115	-2.30659022	2.30659022	-2.374538673	2.374538673	2.403595305	-2.403595305	2.460471051	-2.460471051	-2.475865113	2.475865113	2.499314053	-2.499314053	
0.67	-0.01060178445	0.01060178445	0.0583004364	-0.0583004364	-0.06856317339	0.06856317339	-0.1611019766	0.1611019766	-0.2821156124	0.2821156124	-0.3167132005	0.3167132005	0.3417937921	-0.3417937921	-0.4002146149	0.4002146149	0.5319169199	-0.5319169199	-0.5491927251	0.5491927251	0.5537010156	-0.5537010156	-0.6478986846	0.6478986846	0.7940012485	-0.7940012485	-0.8347330975	0.8347330975	-0.8782327817	0.8782327817	-0.9335104094	0.9335104094	-0.9438922354	0.9438922354	-1.083878599	1.083878599	-1.093154191	1.093154191	-1.111835169	1.111835169	1.210570867	-1.210570867	-1.250188013	1.250188013	-1.308980037	1.308980037	-1.312686877	1.312686877	-1.354796039	1.354796039	-1.392158085	1.392158085	-1.396274064	1.396274064	-1.43577593	1.43577593	-1.481583349	1.481583349	-1.495256639	1.495256639	-1.519373275	1.519373275	1.533310607	-1.533310607	-1.64533216	1.64533216	-1.673103771	1.673103771	-1.720686522	1.720686522	1.740375924	-1.740375924	1.742450766	-1.742450766	-1.754357623	1.754357623	1.786403931	-1.786403931	1.812968561	-1.812968561	1.83834165	-1.83834165	-1.862339843	1.862339843	-1.865741502	1.865741502	-1.875944368	1.875944368	-1.937347767	1.937347767	-1.954631011	1.954631011	-1.987091755	1.987091755	-2.063826513	2.063826513	-2.079887835	2.079887835	2.089831118	-2.089831118	-2.134991205	2.134991205	-2.257087385	2.257087385	-2.281790481	2.281790481	-2.299439374	2.299439374	-2.306467575	2.306467575	-2.373787646	2.373787646	-2.403814246	2.403814246	-2.460688547	2.460688547	-2.475732385	2.475732385	-2.499641546	2.499641546	
0.68	-0.003247604556	0.003247604556	0.05123228884	-0.05123228884	-0.06169409492	0.06169409492	-0.1646849564	0.1646849564	-0.2760087298	0.2760087298	-0.3200864582	0.3200864582	0.3336252921	-0.3336252921	-0.3966326346	0.3966326346	-0.528856963	0.528856963	-0.5418906374	0.5418906374	0.5463926397	-0.5463926397	-0.6406469564	0.6406469564	-0.7942727081	0.7942727081	-0.834695368	0.834695368	-0.8816072807	0.8816072807	-0.9344338194	0.9344338194	-0.9475065051	0.9475065051	-1.083837224	1.083837224	-1.090113343	1.090113343	1.111882064	-1.111882064	-1.214124759	1.214124759	1.253269856	-1.253269856	-1.308451302	1.308451302	1.31168024	-1.31168024	-1.355070761	1.355070761	-1.392272364	1.392272364	1.396239862	-1.396239862	1.437631706	-1.437631706	-1.485181151	1.485181151	1.496179264	-1.496179264	1.519261577	-1.519261577	1.537680016	-1.537680016	-1.645287108	1.645287108	-1.673151984	1.673151984	-1.720991627	1.720991627	-1.739291429	1.739291429	-1.742343712	1.742343712	1.755091245	-1.755091245	1.785655479	-1.785655479	1.813836205	-1.813836205	1.841147777	-1.841147777	-1.861220378	1.861220378	1.865654398	-1.865654398	-1.875908022	1.875908022	1.937673856	-1.937673856	1.954750246	-1.954750246	1.986394929	-1.986394929	2.063347282	-2.063347282	-2.079762722	2.079762722	-2.089138645	2.089138645	-2.135127689	2.135127689	-2.256367477	2.256367477	-2.28208297	2.28208297	-2.29939158	2.29939158	-2.306344506	2.306344506	-2.373044982	2.373044982	-2.404029685	2.404029685	-2.460905923	2.460905923	-2.475598178	2.475598178	-2.499965223	2.499965223	
0.69	-0.004099073698	0.004099073698	-0.04425973394	0.04425973394	-0.05500920225	0.05500920225	-0.168268701	0.168268701	-0.2700458972	0.2700458972	-0.3234563993	0.3234563993	-0.3254332786	0.3254332786	-0.3930498989	0.3930498989	-0.5257708829	0.5257708829	-0.5346147573	0.5346147573	-0.5390773959	0.5390773959	-0.6334362897	0.6334362897	-0.7945334953	0.7945334953	0.8346588989	-0.8346588989	-0.8849791751	0.8849791751	-0.9353380338	0.9353380338	-0.9510505227	0.9510505227	-1.083796208	1.083796208	1.087063853	-1.087063853	-1.111928484	1.111928484	-1.217634183	1.217634183	1.256286621	-1.256286621	-1.307932502	1.307932502	-1.31067166	1.31067166	1.355334563	-1.355334563	1.392383321	-1.392383321	1.396206636	-1.396206636	-1.439394212	1.439394212	-1.488706601	1.488706601	1.497082642	-1.497082642	-1.519152549	1.519152549	-1.542020894	1.542020894	-1.645242488	1.645242488	-1.673199647	1.673199647	-1.721293035	1.721293035	-1.738211498	1.738211498	-1.742227631	1.742227631	-1.755664331	1.755664331	-1.784910294	1.784910294	-1.814740849	1.814740849	-1.843863007	1.843863007	-1.860102316	1.860102316	-1.865552404	1.865552404	-1.875921341	1.875921341	-1.937995808	1.937995808	1.954866152	-1.954866152	-1.98576205	1.98576205	-2.062876632	2.062876632	-2.079638932	2.079638932	-2.088443704	2.088443704	-2.135260217	2.135260217	2.255659254	-2.255659254	-2.282372342	2.282372342	-2.299344778	2.299344778	-2.306221151	2.306221151	-2.372311658	2.372311658	-2.404241359	2.404241359	2.461123047	-2.461123047	2.47546255	-2.47546255	-2.500284677	2.500284677	
0.7	-0.01143456022	0.01143456022	0.03741350311	-0.03741350311	-0.04855091581	0.04855091581	0.1718531143	-0.1718531143	0.2642471875	-0.2642471875	0.3172176825	-0.3172176825	0.3268256661	-0.3268256661	0.3894665024	-0.3894665024	0.5226132993	-0.5226132993	0.5274133935	-0.5274133935	0.531759199	-0.531759199	0.6262729232	-0.6262729232	0.7947838368	-0.7947838368	0.8346236852	-0.8346236852	0.8883483751	-0.8883483751	-0.9362222558	0.9362222558	0.9545218384	-0.9545218384	-1.08375561	1.08375561	-1.084005921	1.084005921	-1.111974359	1.111974359	1.221096607	-1.221096607	-1.259236402	1.259236402	-1.307424187	1.307424187	1.309663125	-1.309663125	-1.355587699	1.355587699	1.392490934	-1.392490934	1.396174402	-1.396174402	1.441060251	-1.441060251	-1.492157511	1.492157511	-1.497965972	1.497965972	1.519046301	-1.519046301	1.546332438	-1.546332438	-1.645198365	1.645198365	-1.673246691	1.673246691	1.721590469	-1.721590469	1.737137584	-1.737137584	-1.742104679	1.742104679	1.756084661	-1.756084661	1.784169219	-1.784169219	-1.815668679	1.815668679	-1.846476502	1.846476502	-1.858987497	1.858987497	1.865442639	-1.865442639	1.875985322	-1.875985322	1.938313211	-1.938313211	1.954978695	-1.954978695	-1.985196741	1.985196741	2.062415014	-2.062415014	-2.079516255	2.079516255	2.087747323	-2.087747323	-2.135388762	2.135388762	-2.254963524	2.254963524	-2.282658266	2.282658266	-2.299299008	2.299299008	2.306097656	-2.306097656	-2.371588657	2.371588657	-2.404449009	2.404449009	2.461339782	-2.461339782	2.475325564	-2.475325564	-2.500599498	2.500599498	
0.71	-0.01874878275	0.01874878275	0.03074565851	-0.03074565851	-0.04237882157	0.04237882157	-0.1754380966	0.1754380966	-0.2586346399	0.2586346399	0.3089849918	-0.3089849918	0.330190864	-0.330190864	-0.3858825433	0.3858825433	0.5188560969	-0.5188560969	-0.5208178071	0.5208178071	-0.5244420679	0.5244420679	0.619163472	-0.619163472	-0.7950239538	0.7950239538	0.8345897218	-0.8345897218	-0.8917147907	0.8917147907	0.937085707	-0.937085707	0.9579179887	-0.9579179887	1.080939744	-1.080939744	1.083715494	-1.083715494	-1.112019622	1.112019622	1.224509521	-1.224509521	1.262117352	-1.262117352	-1.306926904	1.306926904	1.308656629	-1.308656629	-1.355830412	1.355830412	-1.392595182	1.392595182	1.396143172	-1.396143172	1.442626806	-1.442626806	-1.495531656	1.495531656	1.498828472	-1.498828472	-1.518942957	1.518942957	-1.550613875	1.550613875	-1.645154802	1.645154802	1.673293047	-1.673293047	-1.721883636	1.721883636	1.736070932	-1.736070932	1.741976248	-1.741976248	1.756361475	-1.756361475	-1.783433202	1.783433202	1.8166051	-1.8166051	-1.848974283	1.848974283	1.857878002	-1.857878002	1.865335118	-1.865335118	-1.876101367	1.876101367	1.938625651	-1.938625651	-1.955087843	1.955087843	-1.984702507	1.984702507	-2.061962878	2.061962878	-2.079394389	2.079394389	2.087050642	-2.087050642	2.135513299	-2.135513299	2.254281079	-2.254281079	-2.282940412	2.282940412	2.299254311	-2.299254311	-2.305974176	2.305974176	-2.370876973	2.370876973	2.404652377	-2.404652377	-2.461555988	2.461555988	-2.475187291	2.475187291	-2.500909272	2.500909272	
0.72	0.02412319298	-0.02412319298	-0.02624467099	0.02624467099	-0.03658289935	0.03658289935	-0.179023544	0.179023544	-0.2532322804	0.2532322804	-0.3007378117	0.3007378117	-0.3335532463	0.3335532463	-0.3822981249	0.3822981249	-0.5124273139	0.5124273139	-0.5169033616	0.5169033616	-0.5171301481	0.5171301481	-0.612114964	0.612114964	-0.7952540607	0.7952540607	-0.8345570032	0.8345570032	-0.8950783311	0.8950783311	-0.9379276283	0.9379276283	-0.9612364932	0.9612364932	-1.077865517	1.077865517	-1.083675921	1.083675921	-1.112064204	1.112064204	-1.227870431	1.227870431	-1.264927689	1.264927689	-1.306441191	1.306441191	-1.307654184	1.307654184	-1.356062937	1.356062937	-1.392696044	1.392696044	-1.396112956	1.396112956	-1.44409104	1.44409104	1.498826756	-1.498826756	-1.499669379	1.499669379	1.518842667	-1.518842667	1.554864455	-1.554864455	1.645111865	-1.645111865	-1.673338646	1.673338646	-1.722172227	1.722172227	1.7350126	-1.7350126	-1.741843254	1.741843254	-1.756504751	1.756504751	1.782703293	-1.782703293	-1.817535164	1.817535164	-1.851337338	1.851337338	-1.856776197	1.856776197	-1.865244194	1.865244194	-1.876271706	1.876271706	-1.938932713	1.938932713	-1.955193568	1.955193568	-1.984282693	1.984282693	2.061520673	-2.061520673	-2.079272903	2.079272903	-2.086354946	2.086354946	-2.135633806	2.135633806	-2.253612696	2.253612696	2.28321845	-2.28321845	-2.299210728	2.299210728	-2.30585088	2.30585088	-2.370177605	2.370177605	2.404851207	-2.404851207	-2.461771519	2.461771519	-2.475047807	2.475047807	-2.501213586	2.501213586	
0.73	0.01818927	-0.01818927	-0.03131112435	0.03131112435	0.03340429963	-0.03340429963	-0.1826093463	0.1826093463	0.2480659398	-0.2480659398	0.2924813508	-0.2924813508	-0.3369126472	0.3369126472	0.3787133565	-0.3787133565	-0.5052903428	0.5052903428	0.5098277375	-0.5098277375	-0.5137103641	0.5137103641	-0.6051348786	0.6051348786	-0.7954743654	0.7954743654	-0.834525524	0.834525524	-0.8984389044	0.8984389044	0.9387472796	-0.9387472796	-0.964474852	0.964474852	-1.07478343	1.07478343	-1.083636954	1.083636954	1.112108035	-1.112108035	1.23117685	-1.23117685	1.267665692	-1.267665692	1.305967587	-1.305967587	-1.306657823	1.306657823	-1.3562855	1.3562855	-1.392793504	1.392793504	-1.396083763	1.396083763	1.445450301	-1.445450301	1.500487947	-1.500487947	-1.502040453	1.502040453	-1.518745628	1.518745628	1.559083452	-1.559083452	-1.645069621	1.645069621	-1.673383417	1.673383417	1.722455918	-1.722455918	1.733963471	-1.733963471	1.741706306	-1.741706306	1.756524676	-1.756524676	-1.781980647	1.781980647	1.818443933	-1.818443933	1.853538493	-1.853538493	-1.855684785	1.855684785	1.865191218	-1.865191218	-1.876499856	1.876499856	1.93923398	-1.93923398	-1.955295839	1.955295839	-1.98394043	1.98394043	-2.061088846	2.061088846	-2.079151187	2.079151187	2.085661721	-2.085661721	-2.135750261	2.135750261	2.252959135	-2.252959135	2.283492048	-2.283492048	2.299168296	-2.299168296	-2.305727944	2.305727944	2.369491557	-2.369491557	-2.405045245	2.405045245	-2.461986223	2.461986223	2.4749072	-2.4749072	2.501512023	-2.501512023	
0.74	-0.01274032095	0.01274032095	0.02682756108	-0.02682756108	-0.04066972511	0.04066972511	-0.1861953855	0.1861953855	0.2431626975	-0.2431626975	0.2842226855	-0.2842226855	0.3402689483	-0.3402689483	-0.3751283553	0.3751283553	0.498106752	-0.498106752	0.5025393118	-0.5025393118	0.5105812953	-0.5105812953	0.5982311882	-0.5982311882	0.7956850686	-0.7956850686	0.8344952787	-0.8344952787	0.9017964173	-0.9017964173	-0.9395439411	0.9395439411	0.9676305444	-0.9676305444	-1.071693676	1.071693676	-1.083598656	1.083598656	-1.112151047	1.112151047	-1.234426297	1.234426297	1.27032971	-1.27032971	-1.305506625	1.305506625	1.305669603	-1.305669603	1.356498317	-1.356498317	1.392887545	-1.392887545	1.3960556	-1.3960556	1.446702127	-1.446702127	-1.50128345	1.50128345	1.505170254	-1.505170254	1.51865215	-1.51865215	1.563270154	-1.563270154	-1.645028138	1.645028138	-1.673427289	1.673427289	1.722734371	-1.722734371	1.732924261	-1.732924261	-1.741565791	1.741565791	1.756431275	-1.756431275	1.78126651	-1.78126651	1.819316762	-1.819316762	-1.85460686	1.85460686	-1.855537516	1.855537516	1.865208986	-1.865208986	1.876791048	-1.876791048	1.939529035	-1.939529035	1.955394629	-1.955394629	-1.983678584	1.983678584	2.060667845	-2.060667845	-2.079028372	2.079028372	2.084972727	-2.084972727	2.135862644	-2.135862644	2.25232114	-2.25232114	2.283760874	-2.283760874	2.299127054	-2.299127054	2.305605558	-2.305605558	-2.368819834	2.368819834	-2.405234242	2.405234242	2.46219994	-2.46219994	2.474765563	-2.474765563	-2.501804169	2.501804169	
0.75	0.008355827618	-0.008355827618	0.02361488127	-0.02361488127	0.04791566581	-0.04791566581	-0.1897815342	0.1897815342	0.2385496048	-0.2385496048	0.2759721481	-0.2759721481	0.3436220339	-0.3436220339	-0.3715432484	0.3715432484	-0.4909336117	0.4909336117	-0.4952695533	0.4952695533	0.5074635422	-0.5074635422	-0.5914124003	0.5914124003	0.7958863637	-0.7958863637	-0.8344662619	0.8344662619	-0.9051507737	0.9051507737	-0.9403169128	0.9403169128	0.9707010283	-0.9707010283	-1.068596444	1.068596444	-1.08356109	1.08356109	-1.112193168	1.112193168	-1.23761629	1.23761629	1.272918158	-1.272918158	1.304691608	-1.304691608	1.30505884	-1.30505884	-1.356701596	1.356701596	-1.392978151	1.392978151	-1.396028473	1.396028473	1.447844246	-1.447844246	-1.502055183	1.502055183	-1.508213373	1.508213373	1.518562806	-1.518562806	1.567423856	-1.567423856	-1.644987483	1.644987483	-1.673470192	1.673470192	1.723007229	-1.723007229	-1.731895527	1.731895527	-1.741421926	1.741421926	1.756234156	-1.756234156	1.780562211	-1.780562211	1.820139512	-1.820139512	-1.853545963	1.853545963	-1.857275439	1.857275439	1.865347105	-1.865347105	1.877152532	-1.877152532	-1.939817462	1.939817462	-1.955489913	1.955489913	-1.983499706	1.983499706	2.060258113	-2.060258113	2.078903208	-2.078903208	2.084290124	-2.084290124	-2.135970938	2.135970938	2.251699438	-2.251699438	2.284024589	-2.284024589	-2.299087036	2.299087036	-2.305483924	2.305483924	2.368163442	-2.368163442	-2.405417952	2.405417952	2.462412501	-2.462412501	-2.474623003	2.474623003	-2.502089609	2.502089609	
0.76	0.005748381256	-0.005748381256	0.02240782034	-0.02240782034	0.05513300907	-0.05513300907	-0.1933676527	0.1933676527	0.2342509518	-0.2342509518	0.2677459622	-0.2677459622	0.3469717826	-0.3469717826	0.3679581751	-0.3679581751	0.4837869551	-0.4837869551	0.4880233815	-0.4880233815	0.5043460071	-0.5043460071	0.5846876023	-0.5846876023	0.7960784366	-0.7960784366	-0.8344384679	0.8344384679	0.9085018749	-0.9085018749	-0.9410655155	0.9410655155	0.9736837396	-0.9736837396	1.065491929	-1.065491929	1.083524319	-1.083524319	-1.112234331	1.112234331	1.240744337	-1.240744337	1.275429522	-1.275429522	1.30372595	-1.30372595	-1.304624771	1.304624771	1.356895535	-1.356895535	1.393065309	-1.393065309	1.396002387	-1.396002387	1.448874586	-1.448874586	1.502802461	-1.502802461	1.511166203	-1.511166203	1.518478965	-1.518478965	1.571543859	-1.571543859	-1.644947726	1.644947726	-1.673512055	1.673512055	1.723274121	-1.723274121	-1.730877676	1.730877676	1.74127478	-1.74127478	-1.755942356	1.755942356	1.779869151	-1.779869151	1.820898678	-1.820898678	1.852506133	-1.852506133	-1.85867632	1.85867632	-1.86567025	1.86567025	1.877593546	-1.877593546	-1.940098847	1.940098847	1.955581666	-1.955581666	1.983405978	-1.983405978	2.05986009	-2.05986009	-2.078773869	2.078773869	-2.083616661	2.083616661	2.136075125	-2.136075125	2.25109474	-2.25109474	2.284282851	-2.284282851	2.299048278	-2.299048278	2.305363254	-2.305363254	-2.367523382	2.367523382	2.405596134	-2.405596134	-2.462623728	2.462623728	2.474479638	-2.474479638	-2.50236793	2.50236793	
0.77	-0.005391212052	0.005391212052	0.02370674089	-0.02370674089	0.06231519114	-0.06231519114	0.1969535863	-0.1969535863	0.2302823683	-0.2302823683	0.2595717955	-0.2595717955	0.3503180637	-0.3503180637	-0.3643732896	0.3643732896	0.4766759102	-0.4766759102	0.4808059857	-0.4808059857	0.5012250572	-0.5012250572	0.5780665061	-0.5780665061	-0.7962614659	0.7962614659	-0.8344118914	0.8344118914	-0.9118496179	0.9118496179	0.9417890908	-0.9417890908	-0.9765760935	0.9765760935	1.062380326	-1.062380326	1.083488407	-1.083488407	-1.112274464	1.112274464	-1.243807934	1.243807934	1.277862361	-1.277862361	1.30277477	-1.30277477	1.304204967	-1.304204967	1.357080322	-1.357080322	1.393149006	-1.393149006	-1.395977344	1.395977344	1.449791271	-1.449791271	1.503524619	-1.503524619	-1.51402176	1.51402176	1.518405353	-1.518405353	1.575629461	-1.575629461	-1.644908935	1.644908935	1.673552807	-1.673552807	1.72353466	-1.72353466	1.729870964	-1.729870964	1.741124282	-1.741124282	1.755564272	-1.755564272	1.779188787	-1.779188787	1.821581486	-1.821581486	1.851491939	-1.851491939	1.859677608	-1.859677608	-1.866228451	1.866228451	-1.878124658	1.878124658	-1.940372775	1.940372775	-1.955669864	1.955669864	-1.983399171	1.983399171	2.059474213	-2.059474213	-2.078637653	2.078637653	2.082955984	-2.082955984	-2.13617519	2.13617519	2.25050774	-2.25050774	-2.284535313	2.284535313	-2.299010814	2.299010814	2.305243777	-2.305243777	2.366900653	-2.366900653	-2.40576855	2.40576855	-2.46283343	2.46283343	2.474335599	-2.474335599	2.502638722	-2.502638722	
0.78	-0.006825293768	0.006825293768	0.02708115035	-0.02708115035	0.06945526592	-0.06945526592	-0.2005391611	0.2005391611	-0.2266373344	0.2266373344	0.2515015804	-0.2515015804	0.3536607321	-0.3536607321	0.3607887654	-0.3607887654	0.4696080928	-0.4696080928	0.4736228612	-0.4736228612	0.4980992299	-0.4980992299	0.571559494	-0.571559494	0.7964356223	-0.7964356223	0.8343865268	-0.8343865268	0.9151938948	-0.9151938948	-0.942487002	0.942487002	0.9793754854	-0.9793754854	-1.059261838	1.059261838	-1.083453417	1.083453417	-1.1123135	1.1123135	-1.246804555	1.246804555	-1.280215298	1.280215298	1.301840233	-1.301840233	-1.303799995	1.303799995	1.35725614	-1.35725614	1.39322923	-1.39322923	-1.395953349	1.395953349	-1.450592635	1.450592635	-1.504221016	1.504221016	-1.516741137	1.516741137	-1.518378597	1.518378597	1.579679951	-1.579679951	1.644871182	-1.644871182	-1.673592378	1.673592378	-1.723788437	1.723788437	-1.728875505	1.728875505	1.740970211	-1.740970211	1.755107653	-1.755107653	1.778522612	-1.778522612	-1.82217595	1.82217595	-1.850508491	1.850508491	-1.860287326	1.860287326	-1.867001596	1.867001596	1.87875608	-1.87875608	-1.940638838	1.940638838	1.955754485	-1.955754485	1.983480603	-1.983480603	2.059100911	-2.059100911	2.078490501	-2.078490501	2.082313106	-2.082313106	-2.136271117	2.136271117	2.249939111	-2.249939111	-2.284781618	2.284781618	-2.298974675	2.298974675	-2.30512573	2.30512573	2.366296244	-2.366296244	-2.40593497	2.40593497	2.463041403	-2.463041403	-2.474191035	2.474191035	-2.502901578	2.502901578	
0.79	-0.009144193475	0.009144193475	0.03165283811	-0.03165283811	0.07654521435	-0.07654521435	0.2041241798	-0.2041241798	-0.223253611	0.223253611	0.2436440337	-0.2436440337	0.3569996226	-0.3569996226	0.3572047997	-0.3572047997	0.4625910728	-0.4625910728	0.4664798483	-0.4664798483	0.4949678835	-0.4949678835	0.5651776619	-0.5651776619	0.796601069	-0.796601069	0.8343623689	-0.8343623689	0.9185345912	-0.9185345912	-0.9431586341	0.9431586341	-0.982079293	0.982079293	-1.056136677	1.056136677	-1.083419411	1.083419411	-1.112351369	1.112351369	-1.249731648	1.249731648	1.28248702	-1.28248702	1.300924531	-1.300924531	-1.303410453	1.303410453	1.357423158	-1.357423158	1.393305972	-1.393305972	1.395930403	-1.395930403	1.451277217	-1.451277217	-1.504891032	1.504891032	-1.51811467	1.51811467	-1.519606062	1.519606062	1.583694604	-1.583694604	-1.644834535	1.644834535	1.673630698	-1.673630698	-1.72403503	1.72403503	1.727891278	-1.727891278	1.740812174	-1.740812174	-1.754579637	1.754579637	-1.777872137	1.777872137	1.822670947	-1.822670947	1.849561389	-1.849561389	-1.860592761	1.860592761	1.867893573	-1.867893573	-1.879494827	1.879494827	1.940896629	-1.940896629	-1.955835507	1.955835507	1.983651102	-1.983651102	2.05874061	-2.05874061	-2.078326289	2.078326289	2.081695118	-2.081695118	-2.136362894	2.136362894	-2.249389511	2.249389511	2.285021408	-2.285021408	-2.298939894	2.298939894	-2.305009366	2.305009366	2.365711134	-2.365711134	2.406095168	-2.406095168	2.463247426	-2.463247426	-2.474046111	2.474046111	2.503156098	-2.503156098	
0.8	-0.01169506443	0.01169506443	0.03679501719	-0.03679501719	-0.08357548812	0.08357548812	-0.207708415	0.207708415	0.2199248754	-0.2199248754	0.2362515781	-0.2362515781	-0.3536216197	0.3536216197	0.3603345402	-0.3603345402	-0.4556329667	0.4556329667	0.4593831744	-0.4593831744	0.491830744	-0.491830744	0.5589328611	-0.5589328611	0.7967579615	-0.7967579615	-0.8343394123	0.8343394123	-0.9218715843	0.9218715843	0.9438033947	-0.9438033947	-0.9846848783	0.9846848783	1.053005068	-1.053005068	1.083386451	-1.083386451	1.112388005	-1.112388005	1.252586625	-1.252586625	-1.284676256	1.284676256	1.300029874	-1.300029874	-1.303036998	1.303036998	-1.35758154	1.35758154	-1.393379221	1.393379221	-1.395908508	1.395908508	1.451843768	-1.451843768	-1.505534069	1.505534069	1.518101434	-1.518101434	-1.522126366	1.522126366	1.587672671	-1.587672671	1.644799067	-1.644799067	1.673667697	-1.673667697	1.724273994	-1.724273994	1.726918127	-1.726918127	1.740649564	-1.740649564	1.753986839	-1.753986839	-1.777238875	1.777238875	1.823056337	-1.823056337	-1.848656602	1.848656602	1.860699475	-1.860699475	-1.868796664	1.868796664	1.880341311	-1.880341311	1.941145748	-1.941145748	-1.95591291	1.95591291	-1.983910986	1.983910986	-2.058393727	2.058393727	-2.078135946	2.078135946	-2.081112073	2.081112073	2.136450508	-2.136450508	-2.248859576	2.248859576	2.285254313	-2.285254313	2.2989065	-2.2989065	2.304894953	-2.304894953	-2.365146286	2.365146286	-2.406248924	2.406248924	2.46345126	-2.46345126	2.473901014	-2.473901014	-2.503401885	2.503401885	
0.81	-0.01412175926	0.01412175926	0.04217323702	-0.04217323702	-0.09053448848	0.09053448848	0.2112916013	-0.2112916013	0.2161116806	-0.2161116806	-0.2299076311	0.2299076311	0.3500394903	-0.3500394903	-0.3636652451	0.3636652451	-0.4487427873	0.4487427873	0.4523395	-0.4523395	-0.488687726	0.488687726	-0.5528377351	0.5528377351	-0.7969064476	0.7969064476	-0.834317652	0.834317652	0.9252047409	-0.9252047409	-0.9444207139	0.9444207139	0.9871895898	-0.9871895898	-1.049867255	1.049867255	1.083354598	-1.083354598	1.112423342	-1.112423342	1.255366853	-1.255366853	-1.286781746	1.286781746	-1.29915849	1.29915849	-1.302680387	1.302680387	1.357731441	-1.357731441	-1.393448969	1.393448969	-1.395887666	1.395887666	1.45229125	-1.45229125	1.506149554	-1.506149554	-1.518041645	1.518041645	1.524596975	-1.524596975	1.591613372	-1.591613372	-1.644764847	1.644764847	-1.673703308	1.673703308	-1.724504863	1.724504863	1.725955774	-1.725955774	-1.740481504	1.740481504	-1.75333546	1.75333546	1.776624323	-1.776624323	1.823323144	-1.823323144	-1.847800251	1.847800251	-1.860686562	1.860686562	1.869638727	-1.869638727	-1.881286905	1.881286905	1.941385799	-1.941385799	-1.955986674	1.955986674	-1.984260045	1.984260045	-2.058060671	2.058060671	-2.077906899	2.077906899	-2.080577531	2.080577531	-2.136533947	2.136533947	2.248349922	-2.248349922	-2.28547996	2.28547996	-2.298874521	2.298874521	-2.304782767	2.304782767	-2.36460265	2.36460265	-2.406396027	2.406396027	-2.463652643	2.463652643	-2.473755956	2.473755956	-2.503638551	2.503638551	
0.82	-0.01623408853	0.01623408853	-0.04761217872	0.04761217872	0.09740782266	-0.09740782266	-0.2109774352	0.2109774352	-0.2148734248	0.2148734248	0.2254888004	-0.2254888004	-0.3464587254	0.3464587254	-0.3669914281	0.3669914281	0.441930733	-0.441930733	0.4453559687	-0.4453559687	-0.4855388523	0.4855388523	-0.5469057491	0.5469057491	-0.7970466674	0.7970466674	-0.834297083	0.834297083	0.9285339144	-0.9285339144	-0.9450100455	0.9450100455	0.9895907635	-0.9895907635	-1.046723509	1.046723509	-1.083323912	1.083323912	-1.112457313	1.112457313	-1.258069649	1.258069649	1.288802167	-1.288802167	1.298312614	-1.298312614	-1.302341561	1.302341561	1.357873007	-1.357873007	1.393515208	-1.393515208	-1.395867877	1.395867877	-1.452618841	1.452618841	-1.506736937	1.506736937	-1.517977718	1.517977718	-1.526973158	1.526973158	1.595515889	-1.595515889	-1.644731949	1.644731949	-1.673737463	1.673737463	-1.724727153	1.724727153	1.725003829	-1.725003829	1.740306762	-1.740306762	1.752631433	-1.752631433	-1.776029939	1.776029939	-1.823463841	1.823463841	-1.846998282	1.846998282	-1.860603261	1.860603261	1.870386516	-1.870386516	1.882314002	-1.882314002	-1.941616394	1.941616394	-1.956056782	1.956056782	1.984697537	-1.984697537	2.057741842	-2.057741842	-2.077624393	2.077624393	-2.080107249	2.080107249	-2.136613201	2.136613201	-2.247861145	2.247861145	-2.285697965	2.285697965	-2.298843985	2.298843985	2.304673101	-2.304673101	2.364081154	-2.364081154	-2.406536271	2.406536271	-2.463851288	2.463851288	-2.473611176	2.473611176	2.503865715	-2.503865715	
0.83	-0.01792694359	0.01792694359	0.053012291	-0.053012291	-0.1041770998	0.1041770998	-0.2043628709	0.2043628709	-0.2184535087	0.2184535087	0.2231889894	-0.2231889894	-0.3428797014	0.3428797014	0.3703126644	-0.3703126644	0.4352084888	-0.4352084888	0.4384402606	-0.4384402606	-0.4823842162	0.4823842162	-0.541151209	0.541151209	0.7971787534	-0.7971787534	-0.8342777005	0.8342777005	-0.9318589405	0.9318589405	-0.9455708669	0.9455708669	-0.9918857228	0.9918857228	-1.043574142	1.043574142	-1.083294451	1.083294451	-1.112489856	1.112489856	1.26069227	-1.26069227	1.290735979	-1.290735979	1.297494487	-1.297494487	-1.302021806	1.302021806	-1.358006375	1.358006375	-1.393577929	1.393577929	-1.395849142	1.395849142	1.452825929	-1.452825929	-1.507295692	1.507295692	1.517914727	-1.517914727	1.529247526	-1.529247526	-1.599379346	1.599379346	-1.644700445	1.644700445	-1.673770097	1.673770097	-1.724061797	1.724061797	1.724940352	-1.724940352	1.740123627	-1.740123627	1.751880614	-1.751880614	1.775457133	-1.775457133	-1.823472708	1.823472708	1.84625604	-1.84625604	1.860478906	-1.860478906	1.871032972	-1.871032972	1.883398782	-1.883398782	1.941837156	-1.941837156	-1.956123215	1.956123215	1.985222195	-1.985222195	2.057437628	-2.057437628	2.077276657	-2.077276657	2.079713999	-2.079713999	-2.13668826	2.13668826	-2.247393817	2.247393817	-2.285907941	2.285907941	-2.298814918	2.298814918	-2.304566258	2.304566258	2.363582703	-2.363582703	-2.40666946	2.40666946	2.464046878	-2.464046878	-2.473466944	2.473466944	-2.504083006	2.504083006	
0.84	-0.0191432625	0.0191432625	0.05831058478	-0.05831058478	0.1108177475	-0.1108177475	0.1968865867	-0.1968865867	0.2220313941	-0.2220313941	0.2224186716	-0.2224186716	0.3393028773	-0.3393028773	0.3736283232	-0.3736283232	0.4285895893	-0.4285895893	0.4316006499	-0.4316006499	0.4792239641	-0.4792239641	-0.5355892678	0.5355892678	-0.7973028307	0.7973028307	-0.8342594998	0.8342594998	0.9351796322	-0.9351796322	0.9461026799	-0.9461026799	-0.9940717733	0.9940717733	-1.040419525	1.040419525	-1.083266274	1.083266274	-1.112520909	1.112520909	-1.263231902	1.263231902	-1.292581078	1.292581078	-1.296706341	1.296706341	-1.301723116	1.301723116	1.358131675	-1.358131675	-1.393637127	1.393637127	-1.395831461	1.395831461	-1.452912119	1.452912119	-1.50782532	1.50782532	-1.517854091	1.517854091	-1.531416361	1.531416361	1.603202807	-1.603202807	-1.64467041	1.64467041	-1.673801146	1.673801146	-1.723129098	1.723129098	-1.725143926	1.725143926	1.739929737	-1.739929737	-1.751089007	1.751089007	-1.774907251	1.774907251	1.823346229	-1.823346229	1.845577793	-1.845577793	-1.860331278	1.860331278	-1.871584898	1.871584898	1.884515179	-1.884515179	1.942047714	-1.942047714	-1.956185956	1.956185956	1.985832249	-1.985832249	2.057148408	-2.057148408	2.076862132	-2.076862132	2.079400352	-2.079400352	-2.136759116	2.136759116	2.246948487	-2.246948487	2.286109494	-2.286109494	-2.298787344	2.298787344	2.304462551	-2.304462551	2.363108175	-2.363108175	2.406795404	-2.406795404	-2.464239061	2.464239061	-2.47332357	2.47332357	-2.504290065	2.504290065	
0.85	-0.01985744492	0.01985744492	0.06346255623	-0.06346255623	0.1172945461	-0.1172945461	-0.1890350274	0.1890350274	-0.2227176356	0.2227176356	-0.2256065128	0.2256065128	-0.3357288209	0.3357288209	-0.3769373703	0.3769373703	-0.4220899225	0.4220899225	-0.4248460669	0.4248460669	0.4760582899	-0.4760582899	-0.530235912	0.530235912	-0.7974190166	0.7974190166	-0.8342424764	0.8342424764	-0.9384957721	0.9384957721	-0.9466050112	0.9466050112	-0.9961461906	0.9961461906	-1.037260117	1.037260117	-1.083239435	1.083239435	-1.112550412	1.112550412	-1.265685653	1.265685653	-1.294333907	1.294333907	1.295950395	-1.295950395	-1.301449088	1.301449088	1.358249028	-1.358249028	-1.393692795	1.393692795	-1.395814833	1.395814833	-1.452877223	1.452877223	-1.508325344	1.508325344	-1.51779638	1.51779638	1.533476815	-1.533476815	-1.60698525	1.60698525	-1.644641922	1.644641922	-1.673830546	1.673830546	-1.722205086	1.722205086	-1.725337313	1.725337313	-1.73972184	1.73972184	1.750263065	-1.750263065	1.774381562	-1.774381562	-1.823083443	1.823083443	-1.844966309	1.844966309	-1.860171596	1.860171596	-1.872054585	1.872054585	1.88563827	-1.88563827	-1.942247712	1.942247712	-1.95624499	1.95624499	-1.986525446	1.986525446	-2.056874545	2.056874545	-2.076391301	2.076391301	-2.079156835	2.079156835	-2.136825758	2.136825758	2.246525683	-2.246525683	-2.286302226	2.286302226	-2.298761287	2.298761287	2.304362306	-2.304362306	2.362658421	-2.362658421	-2.406913924	2.406913924	-2.464427446	2.464427446	-2.473181402	2.473181402	-2.504486542	2.504486542	
0.86	-0.02006718614	0.02006718614	0.06843349396	-0.06843349396	-0.1235511426	0.1235511426	0.1810590358	-0.1810590358	0.2238680716	-0.2238680716	0.2291781496	-0.2291781496	-0.3321582473	0.3321582473	-0.3802378701	0.3802378701	-0.4157285729	0.4157285729	0.4181861622	-0.4181861622	-0.4728874369	0.4728874369	-0.5251079262	0.5251079262	-0.7975274211	0.7975274211	-0.8342266261	0.8342266261	-0.9418071018	0.9418071018	-0.9470774126	0.9470774126	-0.9981061907	0.9981061907	1.034096517	-1.034096517	-1.083213988	1.083213988	-1.112578308	1.112578308	-1.268050542	1.268050542	-1.295228845	1.295228845	1.295986867	-1.295986867	1.301207528	-1.301207528	-1.358358548	1.358358548	1.393744928	-1.393744928	1.395799258	-1.395799258	1.45272126	-1.45272126	-1.508795317	1.508795317	-1.517741875	1.517741875	-1.535426358	1.535426358	1.61072555	-1.61072555	-1.644615064	1.644615064	-1.673858237	1.673858237	1.721289066	-1.721289066	-1.725519915	1.725519915	-1.739495456	1.739495456	-1.749410077	1.749410077	-1.773881251	1.773881251	1.822686141	-1.822686141	1.844422558	-1.844422558	1.86000726	-1.86000726	-1.872455125	1.872455125	1.886746222	-1.886746222	-1.942436804	1.942436804	-1.956300302	1.956300302	-1.987299095	1.987299095	-2.056616391	2.056616391	-2.075880687	2.075880687	2.078967936	-2.078967936	2.136888181	-2.136888181	2.246125905	-2.246125905	-2.286485737	2.286485737	-2.298736769	2.298736769	2.304265853	-2.304265853	-2.362234257	2.362234257	2.407024849	-2.407024849	-2.464611593	2.464611593	-2.473040841	2.473040841	2.504672102	-2.504672102	
0.87	-0.01978852678	0.01978852678	0.07319408222	-0.07319408222	0.1294810139	-0.1294810139	-0.1731382675	0.1731382675	-0.2257593538	0.2257593538	-0.2327453878	0.2327453878	-0.328592073	0.328592073	-0.3835254611	0.3835254611	-0.4095297353	0.4095297353	0.4116313745	-0.4116313745	0.4697117072	-0.4697117072	-0.5202228286	0.5202228286	-0.7976281468	0.7976281468	-0.8342119449	0.8342119449	-0.9451133068	0.9451133068	-0.947519462	0.947519462	-0.999948867	0.999948867	-1.030929552	1.030929552	-1.083189985	1.083189985	-1.112604541	1.112604541	-1.270323494	1.270323494	1.294543845	-1.294543845	1.297518822	-1.297518822	-1.301019952	1.301019952	-1.358460339	1.358460339	-1.393793521	1.393793521	-1.395784736	1.395784736	-1.452444453	1.452444453	1.509234814	-1.509234814	1.517690742	-1.517690742	1.537262616	-1.537262616	-1.614422453	1.614422453	-1.64458993	1.64458993	-1.67388416	1.67388416	-1.720380331	1.720380331	-1.7256911	1.7256911	1.739244429	-1.739244429	-1.748538663	1.748538663	1.773407412	-1.773407412	-1.822158831	1.822158831	1.843945666	-1.843945666	1.859843366	-1.859843366	1.872798261	-1.872798261	1.887820917	-1.887820917	-1.942614659	1.942614659	-1.956351877	1.956351877	-1.988150104	1.988150104	2.05637428	-2.05637428	2.075346038	-2.075346038	-2.078818917	2.078818917	-2.136946378	2.136946378	2.245749629	-2.245749629	-2.286659623	2.286659623	-2.29871381	2.29871381	-2.304173532	2.304173532	-2.361836464	2.361836464	-2.407128018	2.407128018	-2.464791012	2.464791012	-2.47290234	2.47290234	-2.504846425	2.504846425	
0.88	-0.01905200054	0.01905200054	-0.07771808835	0.07771808835	-0.1348289783	0.1348289783	-0.1655492164	0.1655492164	-0.2283195672	0.2283195672	-0.2363070281	0.2363070281	-0.3250314972	0.3250314972	0.3867869793	-0.3867869793	-0.4035295175	0.4035295175	0.4051929998	-0.4051929998	0.4665314798	-0.4665314798	-0.5155987728	0.5155987728	0.7977212889	-0.7977212889	-0.834198429	0.834198429	-0.9479307634	0.9479307634	-0.9484139938	0.9484139938	-1.00167105	1.00167105	-1.027760456	1.027760456	-1.083167475	1.083167475	-1.112629059	1.112629059	-1.272501328	1.272501328	-1.293897507	1.293897507	-1.298849478	1.298849478	-1.300967222	1.300967222	-1.358554501	1.358554501	1.393838568	-1.393838568	-1.395771266	1.395771266	1.45204722	-1.45204722	-1.509643441	1.509643441	-1.517643088	1.517643088	-1.538983327	1.538983327	1.618074541	-1.618074541	-1.644566628	1.644566628	-1.673908258	1.673908258	1.719478188	-1.719478188	1.725850183	-1.725850183	-1.738960351	1.738960351	-1.747659389	1.747659389	1.77296104	-1.77296104	1.821508438	-1.821508438	-1.843533114	1.843533114	-1.859683559	1.859683559	-1.873093715	1.873093715	1.888847792	-1.888847792	1.942780964	-1.942780964	-1.956399702	1.956399702	1.989075036	-1.989075036	-2.056148532	2.056148532	-2.074799509	2.074799509	-2.078698625	2.078698625	-2.137000341	2.137000341	2.245397304	-2.245397304	-2.286823484	2.286823484	-2.298692429	2.298692429	2.304085686	-2.304085686	2.361465784	-2.361465784	-2.407223281	2.407223281	-2.464965149	2.464965149	-2.472766418	2.472766418	2.505009205	-2.505009205	
0.89	-0.0178991472	0.0178991472	0.08198113007	-0.08198113007	0.138787106	-0.138787106	0.1590962635	-0.1590962635	0.2314902523	-0.2314902523	0.2398614669	-0.2398614669	0.321478123	-0.321478123	-0.3899515707	0.3899515707	-0.3978252814	0.3978252814	0.3988832604	-0.3988832604	-0.46334724	0.46334724	-0.5112544095	0.5112544095	-0.7978069354	0.7978069354	-0.8341860747	0.8341860747	-0.9483109476	0.9483109476	-0.9517086562	0.9517086562	-1.00326898	1.00326898	-1.024591243	1.024591243	-1.083146505	1.083146505	-1.112651812	1.112651812	-1.274580755	1.274580755	1.293291875	-1.293291875	-1.29967033	1.29967033	1.301358603	-1.301358603	1.358641122	-1.358641122	-1.393880065	1.393880065	-1.395758845	1.395758845	-1.45153017	1.45153017	-1.510020828	1.510020828	-1.517598987	1.517598987	-1.54058632	1.54058632	-1.621680183	1.621680183	-1.644545297	1.644545297	1.673930478	-1.673930478	-1.718582006	1.718582006	1.725996415	-1.725996415	-1.738631947	1.738631947	1.746785432	-1.746785432	-1.772543034	1.772543034	1.820743788	-1.820743788	-1.843181161	1.843181161	-1.859530538	1.859530538	-1.873349193	1.873349193	-1.889815313	1.889815313	1.942935419	-1.942935419	-1.956443764	1.956443764	1.990070159	-1.990070159	2.055939447	-2.055939447	-2.074249745	2.074249745	-2.07859941	2.07859941	-2.137050065	2.137050065	2.245069352	-2.245069352	2.286976924	-2.286976924	-2.298672645	2.298672645	2.304002656	-2.304002656	-2.361122917	2.361122917	2.407310497	-2.407310497	-2.465133382	2.465133382	2.472633664	-2.472633664	-2.505160153	2.505160153	
0.9	-0.01637927003	0.01637927003	0.0859600431	-0.0859600431	0.1389258342	-0.1389258342	-0.1561912378	0.1561912378	-0.2352177297	0.2352177297	-0.2434065056	0.2434065056	-0.3179341491	0.3179341491	-0.3911816383	0.3911816383	0.392715372	-0.392715372	-0.3942851399	0.3942851399	-0.4601596288	0.4601596288	-0.5072087053	0.5072087053	0.797885167	-0.797885167	-0.8341748787	0.8341748787	-0.9486596726	0.9486596726	0.9549966192	-0.9549966192	1.004737448	-1.004737448	-1.021425634	1.021425634	-1.083127118	1.083127118	-1.112672754	1.112672754	1.276558379	-1.276558379	-1.292728923	1.292728923	-1.299829731	1.299829731	1.302346703	-1.302346703	1.358720286	-1.358720286	1.393918009	-1.393918009	-1.395747474	1.395747474	1.450894093	-1.450894093	-1.510366635	1.510366635	1.517558496	-1.517558496	1.542069519	-1.542069519	-1.625237467	1.625237467	-1.644526136	1.644526136	-1.673950766	1.673950766	-1.717691265	1.717691265	1.726128956	-1.726128956	-1.738244618	1.738244618	1.745933082	-1.745933082	1.772154188	-1.772154188	1.81987499	-1.81987499	-1.842885372	1.842885372	1.859386351	-1.859386351	-1.873570675	1.873570675	1.890714406	-1.890714406	-1.943077745	1.943077745	-1.956484051	1.956484051	-1.9911315	1.9911315	-2.055747308	2.055747308	2.073702813	-2.073702813	-2.078516191	2.078516191	-2.137095546	2.137095546	-2.244766167	2.244766167	2.287119551	-2.287119551	-2.298654474	2.298654474	2.303924786	-2.303924786	2.360808518	-2.360808518	-2.407389536	2.407389536	-2.465295014	2.465295014	-2.472504745	2.472504745	-2.505299	2.505299	
0.91	-0.01454654061	0.01454654061	0.0896326074	-0.0896326074	0.1339694774	-0.1339694774	0.1580824147	-0.1580824147	0.2394505826	-0.2394505826	0.2469390421	-0.2469390421	0.3144026772	-0.3144026772	-0.3864772879	0.3864772879	0.386703604	-0.386703604	-0.3969438926	0.3969438926	0.4569695248	-0.4569695248	-0.5034807131	0.5034807131	-0.7979560573	0.7979560573	-0.8341648379	0.8341648379	-0.9489766241	0.9489766241	0.9582769511	-0.9582769511	1.006067134	-1.006067134	-1.018271821	1.018271821	-1.083109355	1.083109355	-1.112691842	1.112691842	1.278430693	-1.278430693	1.292210533	-1.292210533	-1.299759986	1.299759986	1.303500373	-1.303500373	-1.358792066	1.358792066	1.393952394	-1.393952394	-1.39573715	1.39573715	-1.450139957	1.450139957	-1.510680549	1.510680549	1.517521661	-1.517521661	1.543430945	-1.543430945	-1.628744076	1.628744076	-1.644509468	1.644509468	-1.673969073	1.673969073	-1.716805621	1.716805621	1.726246828	-1.726246828	-1.737780675	1.737780675	1.745121565	-1.745121565	1.7717952	-1.7717952	1.818912814	-1.818912814	1.842641148	-1.842641148	1.859252591	-1.859252591	-1.873762739	1.873762739	1.891537932	-1.891537932	1.943207682	-1.943207682	1.956520553	-1.956520553	1.992254903	-1.992254903	2.055572379	-2.055572379	2.073163058	-2.073163058	-2.078445591	2.078445591	-2.137136778	2.137136778	2.244488115	-2.244488115	-2.287250988	2.287250988	-2.298637931	2.298637931	-2.30385241	2.30385241	-2.360523192	2.360523192	2.407460282	-2.407460282	2.46544926	-2.46544926	-2.472380416	2.472380416	-2.505425493	2.505425493	
0.92	-0.0124575773	0.0124575773	0.09297750352	-0.09297750352	0.1267316748	-0.1267316748	-0.1619211343	0.1619211343	0.244139388	-0.244139388	-0.2504545528	0.2504545528	-0.3108882307	0.3108882307	0.3808633318	-0.3808633318	-0.3815421159	0.3815421159	-0.4001374519	0.4001374519	-0.4537781851	0.4537781851	-0.5000892961	0.5000892961	-0.7980196728	0.7980196728	-0.8341559495	0.8341559495	-0.9492615157	0.9492615157	-0.9615483087	0.9615483087	-1.007233645	1.007233645	-1.015153605	1.015153605	-1.083093255	1.083093255	-1.112709035	1.112709035	1.280194099	-1.280194099	1.291738485	-1.291738485	-1.299644037	1.299644037	-1.304638023	1.304638023	-1.358856532	1.358856532	-1.393983219	1.393983219	-1.395727872	1.395727872	-1.44926889	1.44926889	1.510962285	-1.510962285	-1.517488516	1.517488516	1.544668728	-1.544668728	1.632197054	-1.632197054	-1.644495913	1.644495913	-1.673985351	1.673985351	-1.715924983	1.715924983	1.726348842	-1.726348842	1.737221024	-1.737221024	1.744371458	-1.744371458	-1.771466663	1.771466663	-1.817868181	1.817868181	-1.842444155	1.842444155	1.859130515	-1.859130515	-1.873928873	1.873928873	1.892280259	-1.892280259	-1.94332499	1.94332499	-1.956553258	1.956553258	1.993436082	-1.993436082	2.0554149	-2.0554149	-2.072633707	2.072633707	-2.078385337	2.078385337	-2.137173758	2.137173758	2.244235531	-2.244235531	2.287370869	-2.287370869	-2.298623029	2.298623029	-2.303785855	2.303785855	2.360267496	-2.360267496	2.407522627	-2.407522627	-2.46559525	2.46559525	-2.472261524	2.472261524	-2.505539402	2.505539402	
0.93	-0.01016956142	0.01016956142	0.09597442514	-0.09597442514	0.1187779847	-0.1187779847	-0.1661003513	0.1661003513	0.2492371482	-0.2492371482	-0.2539461787	0.2539461787	0.3073976682	-0.3073976682	-0.3752110726	0.3752110726	-0.3769155344	0.3769155344	-0.4033703937	0.4033703937	0.4505875034	-0.4505875034	-0.4970528043	0.4970528043	-0.7980760729	0.7980760729	-0.8341482108	0.8341482108	-0.9495140898	0.9495140898	0.9648086591	-0.9648086591	-1.008123063	1.008123063	-1.012185129	1.012185129	-1.083078851	1.083078851	-1.112724297	1.112724297	1.281844921	-1.281844921	1.291314442	-1.291314442	-1.299523901	1.299523901	1.305719159	-1.305719159	-1.358913741	1.358913741	-1.394010479	1.394010479	-1.395719637	1.395719637	1.448282178	-1.448282178	-1.511211587	1.511211587	-1.517459091	1.517459091	1.545781118	-1.545781118	1.635592157	-1.635592157	-1.644486943	1.644486943	-1.673999556	1.673999556	1.715049614	-1.715049614	-1.726433465	1.726433465	-1.736548779	1.736548779	1.743701209	-1.743701209	-1.771169073	1.771169073	1.816751779	-1.816751779	1.84229062	-1.84229062	-1.859021127	1.859021127	-1.874071721	1.874071721	1.892936937	-1.892936937	1.943429452	-1.943429452	-1.956582159	1.956582159	1.994670668	-1.994670668	2.055275091	-2.055275091	-2.072117257	2.072117257	-2.078333863	2.078333863	-2.137206482	2.137206482	2.244008721	-2.244008721	-2.287478848	2.287478848	-2.298609782	2.298609782	-2.303725432	2.303725432	-2.360041931	2.360041931	2.407576477	-2.407576477	-2.465732018	2.465732018	-2.472149009	2.472149009	-2.505640516	2.505640516	
0.94	-0.007738874607	0.007738874607	0.0986043006	-0.0986043006	-0.1105488426	0.1105488426	0.1701326495	-0.1701326495	0.2546998014	-0.2546998014	-0.2574030257	0.2574030257	-0.3039418835	0.3039418835	-0.3697645001	0.3697645001	0.3726837043	-0.3726837043	0.4066042809	-0.4066042809	0.4474005085	-0.4474005085	-0.4943887138	0.4943887138	-0.7981253102	0.7981253102	-0.8341416196	0.8341416196	-0.9497341171	0.9497341171	-0.9680547384	0.9680547384	-1.007735056	1.007735056	-1.010368331	1.010368331	-1.083066175	1.083066175	-1.112737597	1.112737597	-1.28337944	1.28337944	1.290939936	-1.290939936	-1.299412344	1.299412344	1.30673269	-1.30673269	-1.358963748	1.358963748	-1.394034172	1.394034172	-1.395712442	1.395712442	-1.447181252	1.447181252	-1.51142823	1.51142823	1.51743341	-1.51743341	1.546766491	-1.546766491	-1.638921254	1.638921254	-1.644487379	1.644487379	-1.674011646	1.674011646	1.714180253	-1.714180253	-1.726498573	1.726498573	1.735753956	-1.735753956	-1.743122704	1.743122704	-1.77090283	1.77090283	-1.815573842	1.815573842	1.842177484	-1.842177484	-1.858925236	1.858925236	-1.874193279	1.874193279	-1.893504448	1.893504448	1.943520872	-1.943520872	1.956607247	-1.956607247	-1.995954259	1.995954259	-2.055153151	2.055153151	2.071615717	-2.071615717	-2.078290071	2.078290071	-2.137234946	2.137234946	2.243807958	-2.243807958	-2.287574604	2.287574604	-2.2985982	2.2985982	-2.303671436	2.303671436	-2.359846945	2.359846945	-2.407621749	2.407621749	-2.46585851	2.46585851	-2.472043904	2.472043904	-2.505728649	2.505728649	
0.95	-0.005220179599	0.005220179599	0.1008495884	-0.1008495884	-0.1021900929	0.1021900929	-0.1738209792	0.1738209792	-0.2604865846	0.2604865846	-0.2608067896	0.2608067896	-0.3005391803	0.3005391803	0.3645424295	-0.3645424295	-0.3689096942	0.3689096942	-0.4098256281	0.4098256281	-0.4442224161	0.4442224161	-0.4921132359	0.4921132359	-0.7981674303	0.7981674303	-0.8341361738	0.8341361738	-0.9499213979	0.9499213979	-0.9712809097	0.9712809097	-1.005122418	1.005122418	-1.010654557	1.010654557	-1.083055253	1.083055253	-1.112748905	1.112748905	1.284793937	-1.284793937	-1.290616354	1.290616354	-1.299314378	1.299314378	-1.30767538	1.30767538	-1.359006597	1.359006597	-1.394054293	1.394054293	-1.395706286	1.395706286	-1.445967675	1.445967675	-1.511612015	1.511612015	-1.517411491	1.517411491	-1.547623367	1.547623367	-1.642149543	1.642149543	-1.644528022	1.644528022	-1.674021578	1.674021578	-1.713318272	1.713318272	1.72654099	-1.72654099	1.7348368	-1.7348368	-1.742638413	1.742638413	1.770668235	-1.770668235	-1.814344036	1.814344036	-1.842102437	1.842102437	-1.858843489	1.858843489	1.874295045	-1.874295045	-1.893980021	1.893980021	1.943599078	-1.943599078	-1.956628514	1.956628514	-1.997282461	1.997282461	2.055049251	-2.055049251	-2.071130758	2.071130758	2.078253172	-2.078253172	-2.137259149	2.137259149	-2.243633487	2.243633487	2.287657841	-2.287657841	-2.298588292	2.298588292	-2.303624137	2.303624137	-2.359682927	2.359682927	-2.407658374	2.407658374	-2.465973592	2.465973592	2.471947323	-2.471947323	-2.505803634	2.505803634	
0.96	0.002665831335	-0.002665831335	-0.09376266119	0.09376266119	-0.1026946163	0.1026946163	0.1770508992	-0.1770508992	-0.2641245437	0.2641245437	0.2665602008	-0.2665602008	-0.2972224849	0.2972224849	0.3595647631	-0.3595647631	0.3656536723	-0.3656536723	-0.4130216376	0.4130216376	0.4410630929	-0.4410630929	-0.4902409144	0.4902409144	-0.7982024716	0.7982024716	-0.8341318716	0.8341318716	-0.9500757615	0.9500757615	-0.9744764782	0.9744764782	-1.002089525	1.002089525	-1.0112488	1.0112488	-1.08304611	1.08304611	-1.112758197	1.112758197	1.286084755	-1.286084755	1.290344927	-1.290344927	-1.29923231	1.29923231	-1.308546754	1.308546754	-1.359042326	1.359042326	-1.394070841	1.394070841	-1.395701164	1.395701164	1.444643137	-1.444643137	-1.511762776	1.511762776	-1.517393351	1.517393351	1.548350419	-1.548350419	-1.644258555	1.644258555	-1.645622469	1.645622469	-1.674029315	1.674029315	1.712465877	-1.712465877	-1.726555521	1.726555521	1.733808033	-1.733808033	-1.742242116	1.742242116	-1.770465497	1.770465497	-1.81307144	1.81307144	-1.842063881	1.842063881	-1.858776402	1.858776402	-1.874378127	1.874378127	1.894361498	-1.894361498	1.943663924	-1.943663924	-1.956645953	1.956645953	-1.998650926	1.998650926	-2.054963542	2.054963542	-2.070663813	2.070663813	-2.078222586	2.078222586	-2.137279087	2.137279087	2.243485519	-2.243485519	-2.287728297	2.287728297	-2.298580067	2.298580067	2.303583779	-2.303583779	2.359550206	-2.359550206	-2.407686295	2.407686295	-2.466076074	2.466076074	-2.471860442	2.471860442	-2.505865331	2.505865331	
0.97	-0.000125492951	0.0001254929511	0.08529731045	-0.08529731045	-0.1041259355	0.1041259355	-0.1797386151	0.1797386151	-0.2672920255	0.2672920255	0.2728868094	-0.2728868094	-0.294056059	0.294056059	0.3548523885	-0.3548523885	-0.3629740633	0.3629740633	0.4161698388	-0.4161698388	0.4379437119	-0.4379437119	-0.4887842297	0.4887842297	0.798230466	-0.798230466	-0.8341287115	0.8341287115	-0.9501970672	0.9501970672	-0.9776184019	0.9776184019	-0.9990281658	0.9990281658	-1.011781176	1.011781176	-1.083038764	1.083038764	-1.112765453	1.112765453	1.287248372	-1.287248372	1.29012672	-1.29012672	-1.29916728	1.29916728	-1.309347482	1.309347482	1.359070965	-1.359070965	-1.394083812	1.394083812	-1.395697074	1.395697074	-1.443209438	1.443209438	-1.511880375	1.511880375	1.517379002	-1.517379002	-1.548946481	1.548946481	-1.644373483	1.644373483	1.648639533	-1.648639533	-1.67403482	1.67403482	1.711626366	-1.711626366	1.726532838	-1.726532838	-1.732687484	1.732687484	-1.741922406	1.741922406	1.770294731	-1.770294731	1.811764574	-1.811764574	-1.842060831	1.842060831	-1.858724379	1.858724379	-1.874443324	1.874443324	1.894647234	-1.894647234	-1.943715287	1.943715287	1.95665956	-1.95665956	-2.00005538	2.00005538	2.054896148	-2.054896148	-2.070216132	2.070216132	-2.07819788	2.07819788	2.137294758	-2.137294758	2.243364231	-2.243364231	2.287785745	-2.287785745	-2.298573532	2.298573532	-2.303550574	2.303550574	2.359449051	-2.359449051	-2.407705466	2.407705466	2.466164738	-2.466164738	2.471784462	-2.471784462	-2.505913624	2.505913624	
0.98	0.002354170293	-0.002354170293	0.07681240668	-0.07681240668	0.1051326611	-0.1051326611	-0.1818169592	0.1818169592	-0.2701722543	0.2701722543	0.279435888	-0.279435888	0.2911768826	-0.2911768826	0.3504270158	-0.3504270158	-0.3609250581	0.3609250581	-0.4192152398	0.4192152398	-0.4349186043	0.4349186043	-0.4877532318	0.4877532318	-0.7982514384	0.7982514384	-0.8341266924	0.8341266924	-0.9502852039	0.9502852039	-0.9806472035	0.9806472035	-0.996046699	0.996046699	-1.012201857	1.012201857	1.083033233	-1.083033233	-1.112770658	1.112770658	-1.288281482	1.288281482	-1.289962618	1.289962618	-1.299119842	1.299119842	-1.310078724	1.310078724	-1.359092539	1.359092539	-1.394093204	1.394093204	-1.39569401	1.39569401	-1.441668481	1.441668481	-1.511964704	1.511964704	-1.517368451	1.517368451	-1.549410563	1.549410563	-1.644388138	1.644388138	1.651677977	-1.651677977	-1.67403806	1.67403806	-1.71080446	1.71080446	1.726454411	-1.726454411	-1.731505375	1.731505375	1.741666476	-1.741666476	-1.77015596	1.77015596	1.810431463	-1.810431463	-1.842092803	1.842092803	1.858687723	-1.858687723	-1.874491184	1.874491184	1.894836028	-1.894836028	1.943753071	-1.943753071	-1.95666933	1.95666933	-2.001491655	2.001491655	-2.054847166	2.054847166	2.06978883	-2.06978883	2.078178725	-2.078178725	-2.137306163	2.137306163	2.243269772	-2.243269772	-2.28783	2.28783	-2.298568692	2.298568692	-2.303524698	2.303524698	2.359379667	-2.359379667	-2.407715857	2.407715857	-2.466238389	2.466238389	2.471720566	-2.471720566	2.50594842	-2.50594842	
0.99	-0.004729849336	0.004729849336	0.06832095118	-0.06832095118	0.1057067713	-0.1057067713	0.1832328622	-0.1832328622	-0.2724573498	0.2724573498	0.2861800068	-0.2861800068	0.2888928349	-0.2888928349	0.3463109483	-0.3463109483	-0.3595527957	0.3595527957	0.4219765639	-0.4219765639	0.4321686747	-0.4321686747	0.4871552273	-0.4871552273	0.7982654069	-0.7982654069	0.8341258132	-0.8341258132	-0.9503400906	0.9503400906	-0.9833637294	0.9833637294	0.9933567601	-0.9933567601	1.012497619	-1.012497619	1.083029526	-1.083029526	-1.112773798	1.112773798	1.28918108	-1.28918108	1.289853319	-1.289853319	-1.299090216	1.299090216	1.310741792	-1.310741792	1.359107062	-1.359107062	-1.394099013	1.394099013	1.395691967	-1.395691967	1.440022261	-1.440022261	1.512015686	-1.512015686	-1.517361703	1.517361703	-1.549741857	1.549741857	-1.644392676	1.644392676	-1.654638366	1.654638366	-1.674039001	1.674039001	1.710006725	-1.710006725	-1.726279831	1.726279831	1.730312598	-1.730312598	1.741462543	-1.741462543	1.770049114	-1.770049114	-1.809079698	1.809079698	1.842159697	-1.842159697	-1.85866665	1.85866665	1.874522047	-1.874522047	-1.894927076	1.894927076	-1.943777204	1.943777204	1.956675259	-1.956675259	2.002955706	-2.002955706	2.05481667	-2.05481667	2.069382907	-2.069382907	2.078164865	-2.078164865	2.137313298	-2.137313298	-2.243202252	2.243202252	2.287860921	-2.287860921	2.298565551	-2.298565551	-2.303506288	2.303506288	-2.359342195	2.359342195	-2.407717448	2.407717448	-2.466295916	2.466295916	2.471669857	-2.471669857	2.505969654	-2.505969654	
1	-0.006962153352	0.006962153352	-0.05983402775	0.05983402775	0.1058433413	-0.1058433413	0.1839486973	-0.1839486973	-0.2735497629	0.2735497629	0.2878014638	-0.2878014638	-0.2930945545	0.2930945545	0.3425267758	-0.3425267758	-0.3588912399	0.3588912399	0.4236827044	-0.4236827044	0.4304648042	-0.4304648042	-0.4869945398	0.4869945398	-0.7982723829	0.7982723829	-0.8341260732	0.8341260732	-0.9503616766	0.9503616766	-0.9849411571	0.9849411571	0.9917894291	-0.9917894291	-1.012663674	1.012663674	1.083027651	-1.083027651	-1.112774868	1.112774868	1.289799332	-1.289799332	1.289944534	-1.289944534	-1.299078435	1.299078435	1.311337943	-1.311337943	-1.359114543	1.359114543	-1.394101237	1.394101237	-1.395690938	1.395690938	1.438272856	-1.438272856	1.512033275	-1.512033275	1.517358761	-1.517358761	1.549939744	-1.549939744	-1.644395455	1.644395455	-1.657500692	1.657500692	-1.674037618	1.674037618	-1.709242112	1.709242112	1.725919143	-1.725919143	1.729207431	-1.729207431	-1.741300821	1.741300821	-1.769974034	1.769974034	1.807716502	-1.807716502	1.842261681	-1.842261681	-1.858661291	1.858661291	-1.874536065	1.874536065	1.894919936	-1.894919936	-1.943787641	1.943787641	-1.956677346	1.956677346	-2.004443631	2.004443631	-2.054804705	2.054804705	2.068999268	-2.068999268	-2.078156097	2.078156097	-2.137316164	2.137316164	-2.243161752	2.243161752	-2.287878412	2.287878412	-2.298564112	2.298564112	-2.303495441	2.303495441	-2.359336715	2.359336715	2.407710234	-2.407710234	-2.466336359	2.466336359	-2.471633285	2.471633285	2.505977286	-2.505977286	
1.01	-0.009016594171	0.009016594171	0.05136311082	-0.05136311082	0.1055406916	-0.1055406916	0.1839444132	-0.1839444132	-0.2729276866	0.2729276866	0.2884245746	-0.2884245746	0.3001574414	-0.3001574414	0.3390969893	-0.3390969893	-0.3589587026	0.3589587026	-0.4227990078	0.4227990078	0.4313415005	-0.4313415005	-0.4872723652	0.4872723652	0.7982723707	-0.7982723707	-0.8341274722	0.8341274722	-0.9503499414	0.9503499414	0.9839362984	-0.9839362984	0.9927892375	-0.9927892375	1.012698363	-1.012698363	-1.083027612	1.083027612	-1.112773864	1.112773864	1.289800963	-1.289800963	-1.290569635	1.290569635	-1.299084451	1.299084451	1.311868219	-1.311868219	-1.359114984	1.359114984	1.394099874	-1.394099874	1.395690916	-1.395690916	-1.436422415	1.436422415	1.512017453	-1.512017453	1.517359621	-1.517359621	1.550003802	-1.550003802	-1.644398595	1.644398595	-1.660248152	1.660248152	-1.674033893	1.674033893	1.708522622	-1.708522622	1.725220988	-1.725220988	1.728347357	-1.728347357	1.741173585	-1.741173585	1.769930466	-1.769930466	-1.806348779	1.806348779	-1.842399095	1.842399095	1.858671696	-1.858671696	-1.874533217	1.874533217	-1.894814517	1.894814517	1.943784365	-1.943784365	-1.956675589	1.956675589	2.005951682	-2.005951682	-2.054811291	2.054811291	-2.068638732	2.068638732	-2.078152259	2.078152259	2.137314761	-2.137314761	-2.243148317	2.243148317	2.287882427	-2.287882427	2.298564375	-2.298564375	-2.303492209	2.303492209	2.359363239	-2.359363239	2.407694224	-2.407694224	-2.466358981	2.466358981	-2.471611584	2.471611584	2.505971299	-2.505971299	
1.02	-0.01086538836	0.01086538836	0.0429224474	-0.0429224474	0.1048004387	-0.1048004387	-0.183218792	0.183218792	-0.2709138178	0.2709138178	0.2904394678	-0.2904394678	-0.3073487962	0.3073487962	0.3360435189	-0.3360435189	0.3597558897	-0.3597558897	-0.4202646213	0.4202646213	-0.433859517	0.433859517	0.487986729	-0.487986729	0.7982653681	-0.7982653681	0.83413001	-0.83413001	-0.9503048945	0.9503048945	0.9813838388	-0.9813838388	-0.9953211401	0.9953211401	-1.012601946	1.012601946	-1.083029407	1.083029407	1.112770788	-1.112770788	-1.289858321	1.289858321	-1.291054613	1.291054613	-1.299108239	1.299108239	-1.312333336	1.312333336	-1.359108376	1.359108376	-1.39409492	1.39409492	-1.39569189	1.39569189	1.43447315	-1.43447315	1.511968236	-1.511968236	1.51736428	-1.51736428	-1.549933811	1.549933811	1.644402876	-1.644402876	1.662861468	-1.662861468	-1.674027831	1.674027831	-1.707864082	1.707864082	1.724109115	-1.724109115	-1.727812872	1.727812872	1.741074873	-1.741074873	1.769918062	-1.769918062	1.804983161	-1.804983161	-1.842572363	1.842572363	1.858697839	-1.858697839	1.874513313	-1.874513313	1.894611074	-1.894611074	-1.943767383	1.943767383	-1.956669988	1.956669988	2.007476277	-2.007476277	2.054836421	-2.054836421	-2.068302044	2.068302044	-2.078153218	2.078153218	2.137309088	-2.137309088	2.243161958	-2.243161958	2.287872969	-2.287872969	-2.298566341	2.298566341	2.303496598	-2.303496598	-2.359421715	2.359421715	2.407669436	-2.407669436	-2.46636333	2.46636333	2.471605203	-2.471605203	-2.505951707	2.505951707	
1.03	0.01249092569	-0.01249092569	-0.03453270412	0.03453270412	0.1036274444	-0.1036274444	0.1817889648	-0.1817889648	-0.2681631767	0.2681631767	0.2931911204	-0.2931911204	-0.3146506683	0.3146506683	-0.3333872045	0.3333872045	0.3612660077	-0.3612660077	-0.4172826981	0.4172826981	-0.4368156293	0.4368156293	0.4891325531	-0.4891325531	-0.7982513661	0.7982513661	-0.8341336867	0.8341336867	-0.9502265761	0.9502265761	-0.9784048202	0.9784048202	0.9982617205	-0.9982617205	1.012376919	-1.012376919	-1.083033032	1.083033032	-1.112765647	1.112765647	-1.289971314	1.289971314	-1.291398129	1.291398129	-1.299149888	1.299149888	1.312733595	-1.312733595	1.359094706	-1.359094706	1.394086373	-1.394086373	-1.395693847	1.395693847	1.43242733	-1.43242733	-1.511885666	1.511885666	-1.517372728	1.517372728	-1.549729756	1.549729756	-1.64440865	1.64440865	1.665317125	-1.665317125	-1.674019496	1.674019496	1.707286979	-1.707286979	-1.722687114	1.722687114	1.727503175	-1.727503175	1.741000103	-1.741000103	-1.76993638	1.76993638	1.803626024	-1.803626024	-1.842781929	1.842781929	-1.858739614	1.858739614	1.874475978	-1.874475978	1.894310222	-1.894310222	-1.943736729	1.943736729	1.956660544	-1.956660544	2.009014002	-2.009014002	2.054880062	-2.054880062	-2.067989874	2.067989874	-2.078158862	2.078158862	-2.137299145	2.137299145	2.243202654	-2.243202654	-2.287850092	2.287850092	-2.298570008	2.298570008	-2.303508572	2.303508572	2.359512028	-2.359512028	-2.407635906	2.407635906	-2.466349275	2.466349275	-2.471614272	2.471614272	2.505918546	-2.505918546	
1.04	0.01389296934	-0.01389296934	0.02622811413	-0.02622811413	0.10202967	-0.10202967	0.1796880459	-0.1796880459	-0.2650604653	0.2650604653	0.2962948261	-0.2962948261	-0.3220467409	0.3220467409	0.3311472197	-0.3311472197	-0.3634569274	0.3634569274	-0.4141561169	0.4141561169	-0.439906905	0.439906905	-0.4907018234	0.4907018234	-0.7982303486	0.7982303486	-0.8341385029	0.8341385029	-0.9501150563	0.9501150563	-0.9752834985	0.9752834985	-1.001319895	1.001319895	-1.012030447	1.012030447	-1.083038476	1.083038476	-1.11275845	1.11275845	-1.290139649	1.290139649	-1.291599274	1.291599274	-1.299209662	1.299209662	1.313068838	-1.313068838	-1.359073951	1.359073951	1.39407423	-1.39407423	1.395696771	-1.395696771	-1.430287273	1.430287273	-1.511769818	1.511769818	1.517384953	-1.517384953	1.549391827	-1.549391827	-1.644416089	1.644416089	1.667586335	-1.667586335	-1.674009111	1.674009111	1.706817153	-1.706817153	-1.72107488	1.72107488	-1.727300081	1.727300081	-1.740945731	1.740945731	1.769984877	-1.769984877	-1.802283514	1.802283514	-1.843028196	1.843028196	-1.85879683	1.85879683	-1.874420632	1.874420632	1.893912959	-1.893912959	1.943692464	-1.943692464	-1.956647259	1.956647259	2.010561618	-2.010561618	-2.054942152	2.054942152	-2.067702828	2.067702828	-2.078169099	2.078169099	-2.137284935	2.137284935	2.243270346	-2.243270346	2.287813899	-2.287813899	-2.298575373	2.298575373	-2.303528048	2.303528048	2.359633997	-2.359633997	-2.40759368	2.40759368	2.466317024	-2.466317024	-2.471638586	2.471638586	2.50587188	-2.50587188	

