# phi/π evs ...
-1.04	-0.04212456883	0.04212456883	0.05945875778	-0.05945875778	0.1164235116	-0.1164235116	-0.1169771652	0.1169771652	-0.119931092	0.119931092	0.1226116569	-0.1226116569	-0.1256991061	0.1256991061	0.1557411693	-0.1557411693	0.1797821617	-0.1797821617	-0.184329716	0.184329716	0.1876228884	-0.1876228884	-0.1971649679	0.1971649679	-0.2640682219	0.2640682219	0.2703934079	-0.2703934079	0.5200358637	-0.5200358637	0.5489414495	-0.5489414495	-0.8534435445	0.8534435445	0.8573308619	-0.8573308619	0.8642304228	-0.8642304228	-0.8915375317	0.8915375317	-0.90857786	0.90857786	-0.9192565052	0.9192565052	-0.9356657145	0.9356657145	-1.008572229	1.008572229	-1.023436756	1.023436756	-1.042006036	1.042006036	1.046954516	-1.046954516	-1.054587115	1.054587115	-1.072940729	1.072940729	1.105796397	-1.105796397	-1.107124184	1.107124184	-1.119293944	1.119293944	1.13522063	-1.13522063	-1.196484957	1.196484957	-1.197119817	1.197119817	1.200726718	-1.200726718	1.209958266	-1.209958266	1.221041331	-1.221041331	1.22147934	-1.22147934	-1.233385057	1.233385057	-1.262938851	1.262938851	-1.268024598	1.268024598	-1.279080674	1.279080674	-1.2863976	1.2863976	1.298112092	-1.298112092	1.314567417	-1.314567417	-1.335350321	1.335350321	-1.337816539	1.337816539	-1.351738671	1.351738671	-1.364475157	1.364475157	1.379420179	-1.379420179	-1.397088815	1.397088815	-1.417201133	1.417201133	-1.423338599	1.423338599	-1.433777764	1.433777764	-1.438697003	1.438697003	-1.443577058	1.443577058	-1.448258918	1.448258918	-1.452327185	1.452327185	-1.46386992	1.46386992	-1.477907147	1.477907147	-1.483245866	1.483245866	-1.539887466	1.539887466	-1.547181956	1.547181956	1.548159214	-1.548159214	-1.554551213	1.554551213	1.559101188	-1.559101188	-1.567896729	1.567896729	1.619182632	-1.619182632	1.642582236	-1.642582236	-1.653795135	1.653795135	-1.656654921	1.656654921	-1.65908596	1.65908596	-1.673872188	1.673872188	-1.699433282	1.699433282	-1.708671472	1.708671472	1.729659827	-1.729659827	-1.733257173	1.733257173	-1.738267463	1.738267463	1.770619228	-1.770619228	1.786912574	-1.786912574	1.830312616	-1.830312616	1.843061086	-1.843061086	-1.886753322	1.886753322	-1.890093996	1.890093996	1.898635433	-1.898635433	-1.909839113	1.909839113	1.917994772	-1.917994772	-1.931694228	1.931694228	1.933932093	-1.933932093	
-1.03	-0.04910445433	0.04910445433	0.06293392801	-0.06293392801	-0.1153574907	0.1153574907	-0.1207480777	0.1207480777	-0.1236995353	0.1236995353	0.1251103064	-0.1251103064	0.1266321176	-0.1266321176	0.159159374	-0.159159374	0.1765888157	-0.1765888157	-0.1817408261	0.1817408261	0.1842077304	-0.1842077304	-0.1906445495	0.1906445495	0.2603080696	-0.2603080696	-0.2663817992	0.2663817992	0.5232734155	-0.5232734155	0.5457340529	-0.5457340529	0.8534533867	-0.8534533867	-0.8573309563	0.8573309563	-0.867464412	0.867464412	0.8883389351	-0.8883389351	0.90900547	-0.90900547	-0.9192741649	0.9192741649	0.9356646748	-0.9356646748	-1.008645424	1.008645424	-1.024129665	1.024129665	-1.042198116	1.042198116	1.047162301	-1.047162301	1.054585721	-1.054585721	-1.072967843	1.072967843	-1.105854345	1.105854345	-1.10704251	1.10704251	-1.119393455	1.119393455	-1.135361635	1.135361635	1.196503798	-1.196503798	1.19713083	-1.19713083	1.200724108	-1.200724108	1.209985821	-1.209985821	-1.221355599	1.221355599	1.221788836	-1.221788836	-1.232844495	1.232844495	1.262952251	-1.262952251	1.268161914	-1.268161914	1.279079257	-1.279079257	-1.286693249	1.286693249	-1.297871341	1.297871341	-1.314518569	1.314518569	-1.335455769	1.335455769	1.337809433	-1.337809433	1.351807765	-1.351807765	1.364472128	-1.364472128	1.379360274	-1.379360274	-1.397084127	1.397084127	1.417151645	-1.417151645	1.423541362	-1.423541362	1.433953405	-1.433953405	-1.438878812	1.438878812	-1.443583993	1.443583993	1.448301548	-1.448301548	1.45221278	-1.45221278	-1.463573412	1.463573412	-1.478317699	1.478317699	-1.483249626	1.483249626	-1.539826476	1.539826476	-1.547129458	1.547129458	1.548163611	-1.548163611	1.554483651	-1.554483651	1.559064593	-1.559064593	1.56789417	-1.56789417	1.619158933	-1.619158933	1.642735361	-1.642735361	-1.653952274	1.653952274	-1.657009028	1.657009028	1.659041868	-1.659041868	1.673995884	-1.673995884	1.699430553	-1.699430553	-1.708675975	1.708675975	1.729660857	-1.729660857	-1.7333704	1.7333704	-1.738255335	1.738255335	-1.770581939	1.770581939	-1.786871825	1.786871825	1.830337351	-1.830337351	-1.842992187	1.842992187	-1.886916883	1.886916883	1.890098634	-1.890098634	1.899090025	-1.899090025	-1.909834875	1.909834875	1.917378938	-1.917378938	-1.931576101	1.931576101	-1.933923233	1.933923233	
-1.02	-0.05573530664	0.05573530664	0.0642040647	-0.0642040647	-0.1122468638	0.1122468638	0.1201338562	-0.1201338562	0.1272888439	-0.1272888439	0.1295468038	-0.1295468038	-0.1298424116	0.1298424116	0.1624354736	-0.1624354736	-0.1698878328	0.1698878328	0.1809309379	-0.1809309379	-0.1845733974	0.1845733974	-0.1851995195	0.1851995195	-0.2576911976	0.2576911976	-0.2634774339	0.2634774339	0.5264796928	-0.5264796928	0.5425485863	-0.5425485863	0.8534617516	-0.8534617516	0.8573310548	-0.8573310548	0.8706583891	-0.8706583891	0.885170933	-0.885170933	-0.9093552099	0.9093552099	-0.919287266	0.919287266	-0.9356639006	0.9356639006	-1.008700856	1.008700856	1.024757083	-1.024757083	1.042323648	-1.042323648	1.047303683	-1.047303683	-1.054584235	1.054584235	-1.072994659	1.072994659	1.105892688	-1.105892688	-1.106882942	1.106882942	-1.119461294	1.119461294	-1.135423125	1.135423125	1.196521089	-1.196521089	-1.197136994	1.197136994	-1.200720487	1.200720487	-1.210007052	1.210007052	1.221625176	-1.221625176	1.222023914	-1.222023914	1.232285467	-1.232285467	1.262961013	-1.262961013	-1.26829567	1.26829567	-1.279078141	1.279078141	-1.286975571	1.286975571	1.297610517	-1.297610517	-1.314480617	1.314480617	1.335552616	-1.335552616	-1.337801669	1.337801669	1.3518598	-1.3518598	1.364468595	-1.364468595	-1.379293794	1.379293794	1.397078747	-1.397078747	-1.417059936	1.417059936	1.423685726	-1.423685726	1.434094205	-1.434094205	1.438996481	-1.438996481	1.443590641	-1.443590641	-1.448329902	1.448329902	-1.452061551	1.452061551	1.463288063	-1.463288063	1.478739702	-1.478739702	1.48326371	-1.48326371	-1.539761766	1.539761766	1.547075911	-1.547075911	1.548168202	-1.548168202	1.554421697	-1.554421697	-1.559021883	1.559021883	1.567893107	-1.567893107	-1.619100148	1.619100148	1.642853802	-1.642853802	-1.654070586	1.654070586	-1.65733093	1.65733093	-1.659009217	1.659009217	1.674086258	-1.674086258	1.699427415	-1.699427415	-1.70868066	1.70868066	-1.729661084	1.729661084	1.733478636	-1.733478636	1.738245154	-1.738245154	-1.770569945	1.770569945	1.786841873	-1.786841873	1.830353642	-1.830353642	1.842916221	-1.842916221	-1.886848581	1.886848581	-1.890103163	1.890103163	1.89970938	-1.89970938	-1.909833679	1.909833679	-1.916805321	1.916805321	-1.93147773	1.93147773	1.933915565	-1.933915565	
-1.01	0.06181376146	-0.06181376146	0.06299447095	-0.06299447095	-0.107694786	0.107694786	0.1214664091	-0.1214664091	-0.1289392196	0.1289392196	-0.1312061803	0.1312061803	-0.1350759095	0.1350759095	0.1634694368	-0.1634694368	0.1654028099	-0.1654028099	0.1780118821	-0.1780118821	-0.1793260162	0.1793260162	-0.1904571086	0.1904571086	0.2563582596	-0.2563582596	-0.261828866	0.261828866	0.5296019689	-0.5296019689	-0.5394377815	0.5394377815	-0.8534686482	0.8534686482	0.8573311573	-0.8573311573	-0.8737306465	0.8737306465	0.8821152304	-0.8821152304	0.9096270662	-0.9096270662	-0.9192958253	0.9192958253	-0.935663392	0.935663392	1.008738593	-1.008738593	-1.025318886	1.025318886	-1.042382665	1.042382665	1.047378694	-1.047378694	-1.054582651	1.054582651	-1.073021225	1.073021225	-1.105906405	1.105906405	-1.106650564	1.106650564	1.119497625	-1.119497625	1.135404642	-1.135404642	-1.196536824	1.196536824	-1.197138527	1.197138527	-1.200715865	1.200715865	1.210022092	-1.210022092	-1.221850776	1.221850776	-1.222183675	1.222183675	-1.231708461	1.231708461	1.262965158	-1.262965158	1.268426222	-1.268426222	1.279077327	-1.279077327	-1.287244286	1.287244286	1.297328592	-1.297328592	-1.314453636	1.314453636	-1.33564111	1.33564111	-1.337793226	1.337793226	-1.351894762	1.351894762	-1.364464546	1.364464546	-1.379220742	1.379220742	1.397072686	-1.397072686	-1.416926461	1.416926461	-1.423771411	1.423771411	-1.434200222	1.434200222	-1.439050012	1.439050012	1.443597326	-1.443597326	1.44834407	-1.44834407	-1.451873346	1.451873346	-1.463013936	1.463013936	-1.479173108	1.479173108	-1.483287902	1.483287902	-1.539693107	1.539693107	-1.54702139	1.54702139	1.548172974	-1.548172974	-1.554365237	1.554365237	1.558972986	-1.558972986	1.567893537	-1.567893537	1.619006431	-1.619006431	1.64293746	-1.64293746	-1.65415004	1.65415004	-1.657620214	1.657620214	-1.658988074	1.658988074	-1.674143239	1.674143239	1.699423879	-1.699423879	-1.708685522	1.708685522	1.729660512	-1.729660512	-1.733581669	1.733581669	1.738236929	-1.738236929	-1.770583308	1.770583308	-1.786822746	1.786822746	1.830361464	-1.830361464	-1.842833483	1.842833483	-1.886571217	1.886571217	1.890107572	-1.890107572	1.900466739	-1.900466739	-1.909835542	1.909835542	1.916277973	-1.916277973	-1.931399174	1.931399174	-1.933909	1.933909	
-1	0.05963783575	-0.05963783575	-0.06701750599	0.06701750599	-0.1023488935	0.1023488935	0.12413301	-0.12413301	-0.1301481617	0.1301481617	0.1315130595	-0.1315130595	-0.1387969073	0.1387969073	0.1577738576	-0.1577738576	0.1671822783	-0.1671822783	-0.1756232285	0.1756232285	0.1762087152	-0.1762087152	0.1968752421	-0.1968752421	0.2563900069	-0.2563900069	-0.2615321755	0.2615321755	0.5322794714	-0.5322794714	0.5367624138	-0.5367624138	-0.8534740831	0.8534740831	0.8573312636	-0.8573312636	0.8760018572	-0.8760018572	0.8798511405	-0.8798511405	-0.9098210139	0.9098210139	-0.9192998537	0.9192998537	0.9356631492	-0.9356631492	-1.008758685	1.008758685	1.02581494	-1.02581494	-1.042375188	1.042375188	1.047387357	-1.047387357	1.054580965	-1.054580965	-1.073047585	1.073047585	-1.105875231	1.105875231	1.106365773	-1.106365773	-1.119502638	1.119502638	1.135305822	-1.135305822	1.19655099	-1.19655099	1.197135557	-1.197135557	1.200710254	-1.200710254	-1.210031046	1.210031046	1.222033027	-1.222033027	1.22226735	-1.22226735	1.231113804	-1.231113804	1.262964698	-1.262964698	1.268553906	-1.268553906	1.279076815	-1.279076815	-1.287499208	1.287499208	1.297024508	-1.297024508	1.314437682	-1.314437682	1.335721487	-1.335721487	-1.337784083	1.337784083	-1.351912634	1.351912634	-1.364459969	1.364459969	-1.379141107	1.379141107	-1.397065959	1.397065959	-1.416751721	1.416751721	1.423798115	-1.423798115	-1.434271455	1.434271455	-1.439039408	1.439039408	-1.443604423	1.443604423	-1.448344153	1.448344153	-1.451648247	1.451648247	-1.462751062	1.462751062	-1.479617861	1.479617861	-1.483321944	1.483321944	-1.53962026	1.53962026	1.546965971	-1.546965971	1.548177915	-1.548177915	1.554314152	-1.554314152	1.558917847	-1.558917847	1.567895455	-1.567895455	1.618878007	-1.618878007	-1.642986279	1.642986279	1.654190646	-1.654190646	1.657876513	-1.657876513	1.658978483	-1.658978483	-1.674166803	1.674166803	-1.699419956	1.699419956	-1.708690556	1.708690556	1.729659148	-1.729659148	1.733679306	-1.733679306	-1.738230674	1.738230674	1.770622032	-1.770622032	-1.786814462	1.786814462	-1.830360801	1.830360801	-1.842744157	1.842744157	1.886115142	-1.886115142	1.890111851	-1.890111851	1.901327576	-1.901327576	-1.909840471	1.909840471	1.915801266	-1.915801266	-1.931340474	1.931340474	1.933903463	-1.933903463	
-0.99	0.05478699463	-0.05478699463	-0.07080497977	0.07080497977	-0.09685429957	0.09685429957	0.1250525405	-0.1250525405	-0.1304472868	0.1304472868	0.1333863331	-0.1333863331	-0.1399528192	0.1399528192	0.1530152041	-0.1530152041	0.1665277214	-0.1665277214	-0.174493353	0.174493353	-0.1768651124	0.1768651124	-0.2040573401	0.2040573401	0.2577852688	-0.2577852688	-0.2626058588	0.2626058588	0.5318585416	-0.5318585416	-0.5371761429	0.5371761429	0.8534780604	-0.8534780604	0.8573313734	-0.8573313734	0.8746026356	-0.8746026356	-0.8812480228	0.8812480228	-0.9099370173	0.9099370173	-0.9192993564	0.9192993564	0.9356631721	-0.9356631721	1.00876117	-1.00876117	-1.026245102	1.026245102	1.042301225	-1.042301225	-1.047329685	1.047329685	-1.054579174	1.054579174	1.073073779	-1.073073779	1.105704521	-1.105704521	1.106123407	-1.106123407	-1.119476563	1.119476563	-1.135126391	1.135126391	1.196563575	-1.196563575	1.197128129	-1.197128129	1.200703668	-1.200703668	1.210033998	-1.210033998	1.222172464	-1.222172464	1.222274314	-1.222274314	1.230501637	-1.230501637	-1.262959641	1.262959641	-1.268679035	1.268679035	-1.279076604	1.279076604	-1.287740229	1.287740229	-1.296697187	1.296697187	-1.314432785	1.314432785	1.33579397	-1.33579397	1.337774219	-1.337774219	1.351913395	-1.351913395	-1.364454848	1.364454848	-1.379054871	1.379054871	-1.397058583	1.397058583	1.416536262	-1.416536262	1.42376552	-1.42376552	1.434307832	-1.434307832	-1.438964674	1.438964674	-1.443612374	1.443612374	1.448330265	-1.448330265	1.451386565	-1.451386565	-1.462499446	1.462499446	-1.480073891	1.480073891	1.483365541	-1.483365541	-1.539542974	1.539542974	1.546909741	-1.546909741	1.548183009	-1.548183009	1.554268313	-1.554268313	1.558856428	-1.558856428	1.567898853	-1.567898853	1.618715176	-1.618715176	-1.643000244	1.643000244	1.654192446	-1.654192446	1.658099508	-1.658099508	1.658980463	-1.658980463	1.674156964	-1.674156964	1.699415658	-1.699415658	1.708695754	-1.708695754	-1.729657004	1.729657004	1.733771381	-1.733771381	-1.7382264	1.7382264	-1.770686062	1.770686062	-1.786817033	1.786817033	-1.83035164	1.83035164	1.842648314	-1.842648314	-1.885510373	1.885510373	-1.890115988	1.890115988	-1.9022571	1.9022571	-1.909848463	1.909848463	1.915380263	-1.915380263	-1.931301651	1.931301651	-1.933898888	1.933898888	
-0.98	0.04904046624	-0.04904046624	-0.07230403791	0.07230403791	-0.09197373886	0.09197373886	0.123140354	-0.123140354	-0.1280731244	0.1280731244	-0.138061923	0.138061923	0.1392684264	-0.1392684264	-0.149612091	0.149612091	0.1640203589	-0.1640203589	-0.1764032395	0.1764032395	0.1793760679	-0.1793760679	-0.2117490038	0.2117490038	0.2604612749	-0.2604612749	0.2649855549	-0.2649855549	0.5290026601	-0.5290026601	-0.5400154869	0.5400154869	-0.8534805818	0.8534805818	-0.8573314866	0.8573314866	0.8716280661	-0.8716280661	0.8842107479	-0.8842107479	-0.9099750356	0.9099750356	0.9192943329	-0.9192943329	-0.935663461	0.935663461	-1.008746076	1.008746076	1.026609213	-1.026609213	-1.042160776	1.042160776	1.047205681	-1.047205681	-1.054577277	1.054577277	1.073099842	-1.073099842	-1.105299437	1.105299437	-1.106018561	1.106018561	-1.119419678	1.119419678	-1.134866156	1.134866156	1.196574564	-1.196574564	-1.197116209	1.197116209	-1.200696128	1.200696128	-1.210031025	1.210031025	1.222204131	-1.222204131	-1.222269527	1.222269527	1.22987188	-1.22987188	-1.262949989	1.262949989	-1.268801897	1.268801897	-1.279076695	1.279076695	-1.287967315	1.287967315	-1.296345527	1.296345527	-1.314438955	1.314438955	-1.335858767	1.335858767	1.337763614	-1.337763614	1.351897025	-1.351897025	-1.364449169	1.364449169	-1.378962002	1.378962002	-1.397050579	1.397050579	1.416280677	-1.416280677	-1.423673289	1.423673289	-1.434309212	1.434309212	-1.438825817	1.438825817	1.443621681	-1.443621681	-1.448302521	1.448302521	1.451088835	-1.451088835	-1.462259072	1.462259072	-1.480541113	1.480541113	-1.483418365	1.483418365	1.539460983	-1.539460983	-1.546852789	1.546852789	1.548188239	-1.548188239	-1.554227591	1.554227591	-1.558788706	1.558788706	-1.567903726	1.567903726	-1.618518306	1.618518306	-1.642979382	1.642979382	-1.654155519	1.654155519	-1.658288927	1.658288927	1.658994009	-1.658994009	-1.67411378	1.67411378	-1.699410995	1.699410995	1.708701113	-1.708701113	1.729654096	-1.729654096	-1.733857749	1.733857749	1.738224118	-1.738224118	-1.770775286	1.770775286	1.786830459	-1.786830459	1.830333977	-1.830333977	-1.842545917	1.842545917	-1.884782712	1.884782712	-1.890119973	1.890119973	1.903223586	-1.903223586	-1.909859503	1.909859503	-1.915021285	1.915021285	-1.931282702	1.931282702	1.93389522	-1.93389522	
-0.97	0.04283296588	-0.04283296588	-0.07067055638	0.07067055638	-0.08834618303	0.08834618303	-0.1196417577	0.1196417577	0.1245247189	-0.1245247189	-0.1338772626	0.1338772626	0.1462810845	-0.1462810845	0.1479772978	-0.1479772978	0.1608800375	-0.1608800375	-0.1806249828	0.1806249828	0.1825205482	-0.1825205482	-0.2197890392	0.2197890392	0.2642761269	-0.2642761269	-0.2685417752	0.2685417752	-0.5258488237	0.5258488237	0.5431434458	-0.5431434458	-0.8534816466	0.8534816466	0.8573316029	-0.8573316029	0.8684577188	-0.8684577188	0.8873596703	-0.8873596703	-0.9099350345	0.9099350345	-0.9192847766	0.9192847766	-0.9356640157	0.9356640157	1.008713421	-1.008713421	1.026907097	-1.026907097	-1.041953827	1.041953827	-1.047015337	1.047015337	1.054575277	-1.054575277	-1.073125807	1.073125807	1.104753942	-1.104753942	1.105957593	-1.105957593	-1.119332314	1.119332314	1.134524995	-1.134524995	1.196583937	-1.196583937	1.197099683	-1.197099683	1.200687656	-1.200687656	-1.210022191	1.210022191	-1.222056602	1.222056602	-1.222324558	1.222324558	-1.229224176	1.229224176	-1.262935737	1.262935737	-1.268922754	1.268922754	-1.279077087	1.279077087	-1.288180497	1.288180497	1.295968408	-1.295968408	1.314456178	-1.314456178	-1.335916076	1.335916076	-1.337752246	1.337752246	1.351863498	-1.351863498	1.364442914	-1.364442914	-1.378862463	1.378862463	1.397041968	-1.397041968	1.415985604	-1.415985604	-1.423521075	1.423521075	-1.434275395	1.434275395	1.438622849	-1.438622849	-1.443632876	1.443632876	-1.448261039	1.448261039	-1.450755824	1.450755824	-1.46202991	1.46202991	1.481019429	-1.481019429	-1.483480066	1.483480066	-1.539374011	1.539374011	1.546795209	-1.546795209	-1.54819359	1.54819359	-1.554191848	1.554191848	1.558714678	-1.558714678	1.567910062	-1.567910062	1.618287839	-1.618287839	1.642923759	-1.642923759	-1.654079981	1.654079981	-1.658444545	1.658444545	-1.659019092	1.659019092	-1.674037351	1.674037351	1.699405979	-1.699405979	-1.708706624	1.708706624	1.729650442	-1.729650442	1.733938292	-1.733938292	-1.73822384	1.73822384	-1.770889534	1.770889534	1.786854729	-1.786854729	1.830307814	-1.830307814	1.842436813	-1.842436813	1.88395295	-1.88395295	1.890123796	-1.890123796	-1.904198338	1.904198338	-1.909873566	1.909873566	-1.914732732	1.914732732	-1.931283603	1.931283603	1.933892413	-1.933892413	
-0.96	0.03647960438	-0.03647960438	0.06632861307	-0.06632861307	-0.08546624375	0.08546624375	-0.115055421	0.115055421	0.11997349	-0.11997349	-0.1283673433	0.1283673433	-0.1483663896	0.1483663896	0.1538816804	-0.1538816804	0.1575216645	-0.1575216645	0.185883494	-0.185883494	-0.186165954	0.186165954	0.2280739803	-0.2280739803	0.2690607593	-0.2690607593	0.2731104258	-0.2731104258	0.5226281605	-0.5226281605	-0.546328886	0.546328886	0.8534812517	-0.8534812517	0.857331722	-0.857331722	0.8652340881	-0.8652340881	-0.8905521643	0.8905521643	-0.9098170124	0.9098170124	0.9192706755	-0.9192706755	0.9356648364	-0.9356648364	1.008663215	-1.008663215	-1.02713856	1.02713856	1.041680354	-1.041680354	1.046758635	-1.046758635	-1.054573177	1.054573177	1.073151702	-1.073151702	1.104113188	-1.104113188	1.105895729	-1.105895729	-1.119214861	1.119214861	1.134102859	-1.134102859	1.196591675	-1.196591675	-1.197078355	1.197078355	-1.200678279	1.200678279	-1.210007558	1.210007558	-1.221831844	1.221831844	1.222337798	-1.222337798	1.228557841	-1.228557841	1.262916873	-1.262916873	-1.269041844	1.269041844	1.27907778	-1.27907778	1.288379864	-1.288379864	1.295564692	-1.295564692	-1.314484417	1.314484417	-1.335966085	1.335966085	1.337740095	-1.337740095	1.351812787	-1.351812787	-1.364436063	1.364436063	-1.378756203	1.378756203	-1.397032777	1.397032777	-1.415651721	1.415651721	-1.423308522	1.423308522	1.434206146	-1.434206146	-1.438355778	1.438355778	-1.443646474	1.443646474	-1.448205936	1.448205936	-1.45038855	1.45038855	1.461811919	-1.461811919	1.481508723	-1.481508723	-1.483550274	1.483550274	-1.539281767	1.539281767	-1.546737103	1.546737103	1.548199043	-1.548199043	-1.554160944	1.554160944	-1.558634358	1.558634358	1.567917854	-1.567917854	-1.618024287	1.618024287	1.642833485	-1.642833485	-1.653965978	1.653965978	1.658566193	-1.658566193	1.659055654	-1.659055654	1.673927819	-1.673927819	1.69940062	-1.69940062	-1.708712281	1.708712281	1.729646065	-1.729646065	-1.734012918	1.734012918	1.738225576	-1.738225576	1.771028582	-1.771028582	1.786889827	-1.786889827	-1.830273158	1.830273158	1.842320733	-1.842320733	1.883037522	-1.883037522	-1.890127446	1.890127446	1.905153978	-1.905153978	1.909890617	-1.909890617	1.914526158	-1.914526158	-1.931304302	1.931304302	-1.933890425	1.933890425	
-0.95	0.03024512384	-0.03024512384	-0.06063210222	0.06063210222	-0.08222305666	0.08222305666	-0.1096339471	0.1096339471	-0.114593823	0.114593823	-0.1221559025	0.1221559025	-0.1507200045	0.1507200045	0.1540709019	-0.1540709019	0.1618367358	-0.1618367358	0.1893404005	-0.1893404005	-0.1924086716	0.1924086716	-0.2365357193	0.2365357193	-0.2746464933	0.2746464933	-0.2785218466	0.2785218466	0.5193804407	-0.5193804407	0.5495320297	-0.5495320297	0.8534793914	-0.8534793914	0.8573318435	-0.8573318435	0.8619868155	-0.8619868155	0.8937583402	-0.8937583402	0.9096210618	-0.9096210618	-0.9192520114	0.9192520114	-0.9356659231	0.9356659231	1.008595462	-1.008595462	-1.02730339	1.02730339	1.041340324	-1.041340324	-1.046435548	1.046435548	-1.054570982	1.054570982	-1.073177553	1.073177553	-1.103387313	1.103387313	-1.105823271	1.105823271	-1.119067766	1.119067766	1.13359976	-1.13359976	-1.196597754	1.196597754	-1.197051939	1.197051939	1.200668027	-1.200668027	-1.209987182	1.209987182	1.221530357	-1.221530357	1.222309385	-1.222309385	-1.227871798	1.227871798	1.262893381	-1.262893381	-1.269159376	1.269159376	-1.279078771	1.279078771	-1.288565551	1.288565551	1.29513323	-1.29513323	1.314523612	-1.314523612	-1.336008968	1.336008968	1.33772714	-1.33772714	-1.351744863	1.351744863	-1.364428595	1.364428595	1.378643166	-1.378643166	1.397023034	-1.397023034	1.415279749	-1.415279749	1.42303527	-1.42303527	1.434101228	-1.434101228	-1.438024621	1.438024621	-1.443662878	1.443662878	-1.448137323	1.448137323	-1.449988325	1.449988325	-1.461605052	1.461605052	1.482008859	-1.482008859	-1.483628607	1.483628607	-1.53918395	1.53918395	-1.546678574	1.546678574	-1.54820458	1.54820458	-1.554134737	1.554134737	-1.558547779	1.558547779	1.567927089	-1.567927089	1.617728236	-1.617728236	1.642708707	-1.642708707	1.653813693	-1.653813693	-1.658653764	1.658653764	1.659103601	-1.659103601	-1.673785365	1.673785365	1.69939493	-1.69939493	1.708718078	-1.708718078	1.72964099	-1.72964099	-1.734081558	1.734081558	-1.738229336	1.738229336	-1.771192147	1.771192147	1.786935723	-1.786935723	-1.830230025	1.830230025	1.842197284	-1.842197284	1.882049508	-1.882049508	1.890130914	-1.890130914	-1.906062334	1.906062334	-1.909910609	1.909910609	-1.914417377	1.914417377	-1.931344719	1.931344719	-1.93388922	1.93388922	
-0.94	0.02440588482	-0.02440588482	0.05454717349	-0.05454717349	-0.07821568234	0.07821568234	-0.103561376	0.103561376	0.1085444835	-0.1085444835	-0.1155563284	0.1155563284	0.1505655315	-0.1505655315	0.1547143669	-0.1547143669	0.1700271664	-0.1700271664	0.1928451767	-0.1928451767	-0.1990397666	0.1990397666	0.2451280988	-0.2451280988	0.2808817472	-0.2808817472	0.284620055	-0.284620055	0.51611771	-0.51611771	0.5527408215	-0.5527408215	0.8534760578	-0.8534760578	0.8573319672	-0.8573319672	0.8587257326	-0.8587257326	0.8969678318	-0.8969678318	-0.9093475388	0.9093475388	-0.9192287605	0.9192287605	-0.9356672757	0.9356672757	-1.008510161	1.008510161	-1.027401353	1.027401353	1.04093369	-1.04093369	1.046046039	-1.046046039	-1.054568699	1.054568699	-1.073203384	1.073203384	1.102579581	-1.102579581	1.105737451	-1.105737451	1.118891544	-1.118891544	1.133015771	-1.133015771	1.19660215	-1.19660215	1.197020049	-1.197020049	-1.200656935	1.200656935	1.209961111	-1.209961111	-1.221153094	1.221153094	1.222239355	-1.222239355	-1.227164536	1.227164536	-1.262865238	1.262865238	1.269275535	-1.269275535	1.279080061	-1.279080061	-1.288737738	1.288737738	1.294672855	-1.294672855	1.314573682	-1.314573682	-1.336044892	1.336044892	1.337713357	-1.337713357	1.351659695	-1.351659695	-1.364420485	1.364420485	-1.378523283	1.378523283	1.397012768	-1.397012768	1.414870449	-1.414870449	1.422700955	-1.422700955	-1.433960439	1.433960439	1.437629395	-1.437629395	-1.443682257	1.443682257	1.448055307	-1.448055307	1.449556839	-1.449556839	-1.461409261	1.461409261	1.482519685	-1.482519685	-1.483714673	1.483714673	-1.539080244	1.539080244	-1.546619731	1.546619731	-1.548210181	1.548210181	-1.554113081	1.554113081	1.558454993	-1.558454993	-1.567937756	1.567937756	1.617400337	-1.617400337	1.642549616	-1.642549616	-1.653623343	1.653623344	-1.658707218	1.658707218	1.659162798	-1.659162798	1.67361021	-1.67361021	1.699388917	-1.699388917	-1.708724008	1.708724008	1.729635245	-1.729635245	1.734144173	-1.734144173	1.73823513	-1.73823513	-1.771379897	1.771379897	1.786992381	-1.786992381	1.830178432	-1.830178432	1.842065937	-1.842065937	-1.880999561	1.880999561	-1.890134188	1.890134188	-1.906893191	1.906893191	-1.909933486	1.909933486	1.914426808	-1.914426808	-1.931404741	1.931404741	-1.933888768	1.933888768	
-0.93	0.01930614825	-0.01930614825	0.04861997735	-0.04861997735	0.07363536386	-0.07363536386	-0.09698533325	0.09698533325	0.1019641636	-0.1019641636	0.1087275011	-0.1087275011	0.1470393529	-0.1470393529	0.1599188743	-0.1599188743	0.1783820826	-0.1783820826	0.1963773569	-0.1963773569	-0.2059002951	0.2059002951	-0.2538189111	0.2538189111	0.2876386874	-0.2876386874	-0.2912715392	0.2912715392	0.5128448555	-0.5128448555	0.5559503625	-0.5559503625	0.8534712403	-0.8534712403	0.8554550441	-0.8554550441	-0.8573320927	0.8573320927	0.9001750205	-0.9001750205	0.9089976584	-0.9089976584	-0.9192008929	0.9192008929	-0.9356688942	0.9356688942	-1.008407304	1.008407304	-1.027432198	1.027432198	1.040460397	-1.040460397	1.045590061	-1.045590061	1.054566336	-1.054566336	1.073229217	-1.073229217	1.101691502	-1.101691502	-1.105637309	1.105637309	-1.118686768	1.118686768	1.132351018	-1.132351018	1.196604836	-1.196604836	1.196982186	-1.196982186	-1.200645041	1.200645041	1.209929384	-1.209929384	1.220701506	-1.220701506	1.222127638	-1.222127638	-1.22643409	1.22643409	1.262832414	-1.262832414	-1.269390484	1.269390484	1.279081648	-1.279081648	1.288896638	-1.288896638	1.294182391	-1.294182391	1.314634523	-1.314634523	1.336074013	-1.336074013	-1.337698724	1.337698724	-1.351557251	1.351557251	1.364411708	-1.364411708	-1.378396479	1.378396479	1.397002011	-1.397002011	-1.414424617	1.414424617	-1.422305217	1.422305217	1.433783653	-1.433783653	1.437170121	-1.437170121	1.443704344	-1.443704344	1.447959988	-1.447959988	1.449096301	-1.449096301	-1.461224495	1.461224495	-1.48304103	1.48304103	-1.48380808	1.48380808	-1.538970322	1.538970322	1.546560687	-1.546560687	-1.548215828	1.548215828	1.554095827	-1.554095827	1.558356069	-1.558356069	1.567949842	-1.567949842	1.617041314	-1.617041314	1.642356439	-1.642356439	-1.653395179	1.653395179	-1.658726574	1.658726574	1.659233083	-1.659233083	-1.673402615	1.673402615	-1.699382591	1.699382591	1.708730063	-1.708730063	1.729628862	-1.729628862	1.734200745	-1.734200745	-1.738242967	1.738242967	-1.771591446	1.771591446	1.787059754	-1.787059754	1.830118403	-1.830118403	1.841926022	-1.841926022	1.87989661	-1.87989661	1.89013726	-1.89013726	1.907615854	-1.907615854	1.909959183	-1.909959183	1.914577207	-1.914577207	1.931484217	-1.931484217	1.933889041	-1.933889041	
-0.92	0.0153993744	-0.0153993744	-0.04321549347	0.04321549347	-0.06891437705	0.06891437705	-0.09002876407	0.09002876407	0.09497482881	-0.09497482881	-0.1017546916	0.1017546916	-0.1434949577	0.1434949577	-0.1659817609	0.1659817609	-0.1868560567	0.1868560567	-0.1999265673	0.1999265673	-0.2129049367	0.2129049367	-0.262585052	0.262585052	-0.2948134651	0.2948134651	-0.2983668077	0.2983668077	0.5095642525	-0.5095642525	0.5591582634	-0.5591582634	-0.8521768666	0.8521768666	0.8534649258	-0.8534649258	-0.8573322197	0.8573322197	0.9033723641	-0.9033723641	-0.9085766274	0.9085766274	-0.9191683731	0.9191683731	0.9356707786	-0.9356707786	-1.008286883	1.008286883	-1.02739565	1.02739565	-1.03992038	1.03992038	1.045067561	-1.045067561	-1.054563905	1.054563905	-1.073255069	1.073255069	-1.100724011	1.100724011	-1.105522514	1.105522514	-1.118454076	1.118454076	-1.131605682	1.131605682	-1.196605782	1.196605782	1.196937713	-1.196937713	1.200632385	-1.200632385	-1.209892026	1.209892026	-1.22017755	1.22017755	-1.221974065	1.221974065	-1.225678065	1.225678065	1.262794872	-1.262794872	-1.26950436	1.26950436	-1.279083531	1.279083531	1.289042491	-1.289042491	-1.293660648	1.293660648	-1.31470601	1.31470601	-1.336096479	1.336096479	-1.337683216	1.337683216	1.3514375	-1.3514375	1.364402234	-1.364402234	1.37826267	-1.37826267	-1.396990797	1.396990797	1.413943086	-1.413943086	-1.4218477	1.4218477	-1.433570859	1.433570859	-1.436646828	1.436646828	-1.443728118	1.443728118	-1.447851461	1.447851461	-1.448609714	1.448609714	1.461050705	-1.461050705	1.4835727	-1.4835727	-1.483908438	1.483908438	-1.538853848	1.538853848	-1.546501557	1.546501557	1.548221501	-1.548221501	-1.554082827	1.554082827	-1.558251097	1.558251097	1.567963333	-1.567963333	-1.616651956	1.616651956	1.642129447	-1.642129447	-1.653129485	1.653129485	1.658711882	-1.658711882	-1.659314282	1.659314282	-1.67316288	1.67316288	1.699375962	-1.699375962	1.708736236	-1.708736236	1.729621873	-1.729621873	-1.734251283	1.734251283	1.738252856	-1.738252856	-1.771826359	1.771826359	-1.787137785	1.787137785	-1.830049966	1.830049966	-1.841776708	1.841776708	-1.878748381	1.878748381	1.890140121	-1.890140121	-1.908205543	1.908205543	1.909987626	-1.909987626	-1.914886776	1.914886776	-1.931582945	1.931582945	1.933890014	-1.933890014	
-0.91	0.01321708188	-0.01321708188	0.03852143642	-0.03852143642	-0.06464091886	0.06464091886	-0.08280030497	0.08280030497	-0.08769437462	0.08769437462	-0.09468672145	0.09468672146	0.1399391723	-0.1399391723	-0.17263969	0.17263969	-0.1954184615	0.1954184615	0.2034870104	-0.2034870104	-0.220004842	0.220004842	-0.2714095164	0.2714095164	0.3023234141	-0.3023234141	-0.3058181967	0.3058181967	0.5062772114	-0.5062772114	0.5623631975	-0.5623631975	0.8488923973	-0.8488923973	-0.8534570986	0.8534570986	0.8573323476	-0.8573323476	0.9065023062	-0.9065023062	0.9081405682	-0.9081405682	-0.9191311592	0.9191311592	-0.9356729288	0.9356729288	1.008148881	-1.008148881	-1.027291419	1.027291419	1.039313561	-1.039313561	1.044478474	-1.044478474	-1.054561415	1.054561415	-1.073280958	1.073280958	-1.099677815	1.099677815	-1.105393012	1.105393012	-1.118194163	1.118194163	-1.13077999	1.13077999	-1.196604957	1.196604957	-1.196885835	1.196885835	-1.200619012	1.200619012	1.209849033	-1.209849033	1.219583663	-1.219583663	1.221778364	-1.221778364	-1.224893718	1.224893718	-1.262752571	1.262752571	-1.26961728	1.26961728	-1.279085706	1.279085706	-1.289175563	1.289175563	1.293106428	-1.293106428	1.314787996	-1.314787996	1.336112431	-1.336112431	1.337666807	-1.337666807	1.351300406	-1.351300406	1.36439203	-1.36439203	-1.378121762	1.378121762	-1.39697916	1.39697916	1.413426721	-1.413426721	1.421328055	-1.421328055	-1.433322195	1.433322195	1.436059554	-1.436059554	-1.443751255	1.443751255	1.447729817	-1.447729817	-1.448101378	1.448101378	-1.460887843	1.460887843	-1.484015363	1.484015363	-1.484114482	1.484114482	1.538730472	-1.538730472	1.54644246	-1.54644246	1.548227179	-1.548227179	1.554073929	-1.554073929	1.558140187	-1.558140187	1.567978216	-1.567978216	1.61623312	-1.61623312	1.641868946	-1.641868946	1.65282658	-1.65282658	1.658663233	-1.658663233	1.659406219	-1.659406219	-1.67289134	1.67289134	-1.699369039	1.699369039	1.70874252	-1.70874252	-1.729614315	1.729614315	-1.734295821	1.734295821	1.738264803	-1.738264803	-1.772084155	1.772084155	1.787226408	-1.787226408	-1.829973152	1.829973152	1.841616989	-1.841616989	-1.877561763	1.877561763	-1.890142762	1.890142762	-1.90865297	1.90865297	-1.910018732	1.910018732	-1.915359232	1.915359232	1.931700667	-1.931700667	1.933891666	-1.933891666	
-0.9	0.01316619416	-0.01316619416	0.03433198375	-0.03433198375	-0.06155586327	0.06155586327	-0.0754087328	0.0754087328	0.08027787395	-0.08027787395	-0.08755325132	0.08755325132	0.1363756036	-0.1363756036	-0.1797136157	0.1797136157	-0.204047816	0.204047816	0.2070551958	-0.2070551958	-0.2271703462	0.2271703462	0.2802794894	-0.2802794894	-0.3101033306	0.3101033306	-0.3135563341	0.3135563341	0.5029845277	-0.5029845277	0.5655643508	-0.5655643508	-0.8456023775	0.8456023775	-0.8534477405	0.8534477405	0.8573324762	-0.8573324762	-0.9073681176	0.9073681176	0.9098852163	-0.9098852163	-0.9190892034	0.9190892034	-0.9356753448	0.9356753448	1.007993283	-1.007993283	-1.027119191	1.027119191	1.038639858	-1.038639858	-1.043822729	1.043822729	1.054558877	-1.054558877	-1.073306897	1.073306897	-1.098553521	1.098553521	-1.105248895	1.105248895	-1.117907784	1.117907784	-1.129874218	1.129874218	1.196602327	-1.196602327	-1.196825551	1.196825551	1.200604969	-1.200604969	-1.20980036	1.20980036	-1.218922699	1.218922699	-1.221540165	1.221540165	-1.224078071	1.224078071	-1.262705459	1.262705459	-1.269729343	1.269729343	-1.279088174	1.279088174	1.289296133	-1.289296133	1.292518522	-1.292518522	1.314880312	-1.314880312	-1.336122001	1.336122001	1.33764947	-1.33764947	1.35114594	-1.35114594	-1.36438106	1.36438106	1.377973655	-1.377973655	-1.396967137	1.396967137	1.412876412	-1.412876412	-1.420745947	1.420745947	-1.433037967	1.433037967	1.435408348	-1.435408348	1.443769107	-1.443769107	-1.447577881	1.447577881	-1.447595146	1.447595146	-1.460735864	1.460735864	1.484128478	-1.484128478	1.484666142	-1.484666142	-1.538599839	1.538599839	1.546383515	-1.546383515	-1.548232845	1.548232845	1.554068983	-1.554068983	1.558023467	-1.558023467	1.567994476	-1.567994476	-1.615785727	1.615785727	1.641575285	-1.641575285	-1.652486817	1.652486817	-1.658580761	1.658580761	1.659508697	-1.659508697	1.672588368	-1.672588368	-1.699361829	1.699361829	-1.708748906	1.708748906	1.729606226	-1.729606226	-1.734334413	1.734334413	-1.738278817	1.738278817	-1.772364306	1.772364306	-1.787325547	1.787325547	1.829887996	-1.829887996	-1.841445664	1.841445664	-1.876343071	1.876343071	1.890145176	-1.890145176	-1.908969223	1.908969223	-1.910052412	1.910052412	1.915978683	-1.915978683	1.931837054	-1.931837054	-1.933893977	1.933893977	
-0.89	-0.01521524387	0.01521524387	0.02997440608	-0.02997440608	-0.06016158444	0.06016158444	0.06799024334	-0.06799024334	0.07311809019	-0.07311809019	-0.08037326878	0.08037326878	0.1328065112	-0.1328065112	-0.1870835235	0.1870835235	0.2106288954	-0.2106288954	0.2127285511	-0.2127285511	-0.2343824934	0.2343824934	0.2891851008	-0.2891851008	0.3181018864	-0.3181018864	0.3215265244	-0.3215265244	0.499686724	-0.499686724	0.5687611803	-0.5687611803	-0.8423073009	0.8423073009	0.8534368304	-0.8534368304	0.857332605	-0.857332605	0.9067370326	-0.9067370326	0.913042577	-0.913042577	-0.9190424519	0.9190424519	-0.9356780264	0.9356780264	1.007820069	-1.007820069	-1.026878638	1.026878638	1.037899175	-1.037899175	-1.043100248	1.043100248	1.054556302	-1.054556302	1.0733329	-1.0733329	-1.097351696	1.097351696	-1.105090341	1.105090341	-1.117595743	1.117595743	1.128888685	-1.128888685	1.196597857	-1.196597857	-1.196755618	1.196755618	1.200590306	-1.200590306	1.209745893	-1.209745893	1.218197862	-1.218197862	-1.221259003	1.221259003	1.223228067	-1.223228067	-1.262653483	1.262653483	1.269840628	-1.269840628	1.279090931	-1.279090931	-1.28940449	1.28940449	1.291895709	-1.291895709	-1.314982772	1.314982772	-1.336125316	1.336125316	-1.337631174	1.337631174	-1.350974069	1.350974069	1.364369283	-1.364369283	1.377818238	-1.377818238	1.396954764	-1.396954764	1.412293077	-1.412293077	1.420101056	-1.420101056	1.432718669	-1.432718669	1.434693271	-1.434693271	-1.4437727	1.4437727	-1.447050072	1.447050072	-1.447447538	1.447447538	-1.460594718	1.460594718	-1.48424742	1.48424742	1.485227422	-1.485227422	-1.538461584	1.538461584	-1.546324845	1.546324845	1.548238478	-1.548238478	1.554067837	-1.554067837	1.557901086	-1.557901086	1.568012096	-1.568012096	-1.615310759	1.615310759	1.64124885	-1.64124885	-1.652110585	1.652110585	1.658464654	-1.658464654	-1.659621496	1.659621496	-1.672254373	1.672254373	-1.699354341	1.699354341	1.708755388	-1.708755388	1.729597643	-1.729597643	-1.734367139	1.734367139	1.738294904	-1.738294904	1.772666244	-1.772666244	-1.787435119	1.787435119	-1.829794532	1.829794532	1.841261318	-1.841261318	1.875098237	-1.875098237	-1.890147356	1.890147356	1.909180102	-1.909180102	1.91008857	-1.91008857	1.916715126	-1.916715126	1.931991679	-1.931991679	1.933896931	-1.933896931	
-0.88	-0.01879171356	0.01879171356	0.0248440402	-0.0248440402	-0.0588118325	0.0588118325	-0.06077634744	0.06077634744	0.06820487387	-0.06820487387	-0.07315953543	0.07315953543	0.1292333993	-0.1292333993	0.1946683871	-0.1946683871	0.2142066182	-0.2142066182	0.22144906	-0.22144906	-0.2416286312	0.2416286312	-0.2981185941	0.2981185941	-0.3262785714	0.3262785714	0.3296855812	-0.3296855812	0.4963841662	-0.4963841662	0.5719532971	-0.5719532971	-0.8390075181	0.8390075181	0.8534243446	-0.8534243446	-0.8573327335	0.8573327335	-0.9059942649	0.9059942649	0.9162268082	-0.9162268082	-0.9189908445	0.9189908445	0.9356809735	-0.9356809735	-1.007629219	1.007629219	1.026569412	-1.026569412	1.037091409	-1.037091409	-1.042310945	1.042310945	1.054553701	-1.054553701	-1.073358978	1.073358978	-1.096072885	1.096072885	1.104917591	-1.104917591	-1.117258886	1.117258886	1.127823758	-1.127823758	1.196591509	-1.196591509	1.196674476	-1.196674476	-1.200575072	1.200575072	-1.209685401	1.209685401	-1.21741266	1.21741266	1.220934319	-1.220934319	-1.222340739	1.222340739	-1.262596577	1.262596577	1.269951199	-1.269951199	-1.279093975	1.279093975	1.289500931	-1.289500931	1.291236761	-1.291236761	-1.315095169	1.315095169	-1.336122495	1.336122495	1.337611886	-1.337611886	-1.350784765	1.350784765	-1.364356654	1.364356654	-1.377655395	1.377655395	1.396942078	-1.396942078	-1.411677653	1.411677653	1.419393081	-1.419393081	1.432364976	-1.432364976	1.433914405	-1.433914405	1.443744878	-1.443744878	1.446536909	-1.446536909	1.447287094	-1.447287094	-1.460464355	1.460464355	1.484371839	-1.484371839	-1.485798044	1.485798044	-1.538315335	1.538315335	-1.546266572	1.546266572	1.54824406	-1.54824406	-1.55407034	1.55407034	-1.557773212	1.557773212	1.568031061	-1.568031061	1.614809258	-1.614809258	1.640890065	-1.640890065	-1.651698307	1.651698307	-1.658315155	1.658315155	1.659744373	-1.659744373	-1.671889798	1.671889798	1.69934658	-1.69934658	1.708761957	-1.708761957	1.729588607	-1.729588607	-1.734394096	1.734394096	-1.738313068	1.738313068	1.772989359	-1.772989359	1.787555027	-1.787555027	-1.829692797	1.829692797	1.841062292	-1.841062292	-1.873832953	1.873832953	-1.890149294	1.890149294	1.909315158	-1.909315158	1.910127106	-1.910127106	1.917535284	-1.917535284	1.932163997	-1.932163997	1.93390051	-1.93390051	
-0.87	0.01885731943	-0.01885731943	-0.02285825803	0.02285825803	0.05329367917	-0.05329367917	-0.0543009354	0.0543009354	-0.06592117289	0.06592117289	0.06938673188	-0.06938673188	-0.1256573137	0.1256573137	-0.2024125316	0.2024125316	-0.2177873284	0.2177873284	-0.2302004714	0.2302004714	-0.2488999924	0.2488999924	-0.3070737583	0.3070737583	0.3346012401	-0.3346012401	-0.3379992468	0.3379992468	0.493077126	-0.493077126	0.5751404046	-0.5751404046	0.8357032913	-0.8357032913	0.8534102564	-0.8534102564	0.8573328612	-0.8573328612	-0.9051655183	0.9051655183	-0.9189343146	0.9189343146	0.9194116574	-0.9194116574	0.9356841859	-0.9356841859	1.007420711	-1.007420711	-1.026191149	1.026191149	-1.03621645	1.03621645	-1.041454728	1.041454728	-1.054551084	1.054551084	-1.073385139	1.073385139	-1.094717625	1.094717625	-1.10473093	1.10473093	-1.116898096	1.116898096	1.126679855	-1.126679855	-1.196580168	1.196580168	-1.196583242	1.196583242	1.200559322	-1.200559322	1.209618456	-1.209618456	1.216570924	-1.216570924	-1.220565468	1.220565468	-1.221413359	1.221413359	-1.262534673	1.262534673	1.270061105	-1.270061105	1.279097304	-1.279097304	-1.289585751	1.289585751	1.29054044	-1.29054044	-1.315217277	1.315217277	1.336113654	-1.336113654	-1.33759157	1.33759157	-1.350578	1.350578	-1.364343122	1.364343122	-1.377485	1.377485	-1.396929117	1.396929117	1.41103109	-1.41103109	-1.418621746	1.418621746	-1.431977746	1.431977746	1.433071858	-1.433071858	1.443654242	-1.443654242	1.446071514	-1.446071514	1.447113921	-1.447113921	1.460344719	-1.460344719	-1.484501402	1.484501402	-1.486377704	1.486377704	1.538160719	-1.538160719	1.546208818	-1.546208818	1.548249573	-1.548249573	-1.554076339	1.554076339	1.557640035	-1.557640035	1.568051354	-1.568051354	1.614282326	-1.614282326	-1.640499393	1.640499393	-1.651250442	1.651250442	-1.658132556	1.658132556	1.659877063	-1.659877063	1.671495117	-1.671495117	1.699338555	-1.699338555	1.708768605	-1.708768605	1.72957916	-1.72957916	-1.734415404	1.734415404	1.738333316	-1.738333316	-1.773333006	1.773333006	-1.787685168	1.787685168	-1.829582823	1.829582823	-1.840846661	1.840846661	-1.872552792	1.872552792	1.890150986	-1.890150986	1.909399959	-1.909399959	-1.910167915	1.910167915	1.918410261	-1.918410261	-1.932353297	1.932353297	1.933904701	-1.933904701	
-0.86	0.01222530299	-0.01222530299	-0.02556615944	0.02556615944	-0.04562864469	0.04562864469	-0.04999177749	0.04999177749	-0.05866613195	0.05866613195	-0.07405067764	0.07405067764	0.122079008	-0.122079008	-0.2102768626	0.2102768626	0.2213702887	-0.2213702887	-0.2389758523	0.2389758523	-0.256190301	0.256190301	-0.3160455328	0.3160455328	-0.3430442018	0.3430442018	-0.3464401655	0.3464401655	0.4897658149	-0.4897658149	0.5783222639	-0.5783222639	-0.8323948265	0.8323948265	0.8533945361	-0.8533945361	-0.8573329877	0.8573329877	-0.9042542055	0.9042542055	0.9188727895	-0.9188727895	0.9225932135	-0.9225932135	-0.9356876635	0.9356876635	-1.007194523	1.007194523	1.025743471	-1.025743471	1.035274179	-1.035274179	1.040531499	-1.040531499	-1.054548459	1.054548459	-1.07341139	1.07341139	-1.093286452	1.093286452	-1.104530682	1.104530682	-1.116514267	1.116514267	-1.12545745	1.12545745	-1.196470218	1.196470218	1.196573015	-1.196573015	-1.20054311	1.20054311	-1.209544274	1.209544274	1.215676949	-1.215676949	1.220151717	-1.220151717	-1.220443583	1.220443583	1.262467693	-1.262467693	-1.270170381	1.270170381	-1.279100916	1.279100916	-1.289659242	1.289659242	1.289805497	-1.289805497	-1.315348854	1.315348854	-1.336098903	1.336098903	-1.337570187	1.337570187	-1.350353752	1.350353752	-1.36432863	1.36432863	1.377306924	-1.377306924	-1.396915917	1.396915917	1.410354346	-1.410354346	-1.417786801	1.417786801	1.431558	-1.431558	1.432165764	-1.432165764	-1.443453354	1.443453354	-1.445702973	1.445702973	1.446928145	-1.446928145	-1.460235743	1.460235743	-1.484635789	1.484635789	-1.486966077	1.486966077	-1.537997359	1.537997359	1.546151704	-1.546151704	1.548254999	-1.548254999	1.554085682	-1.554085682	-1.557501764	1.557501764	1.568072958	-1.568072958	-1.613731116	1.613731116	-1.640077334	1.640077334	-1.650767484	1.650767484	1.657917198	-1.657917198	1.660019282	-1.660019282	1.671070839	-1.671070839	-1.699330271	1.699330271	1.708775324	-1.708775324	-1.729569342	1.729569342	-1.734431198	1.734431198	-1.73835565	1.73835565	-1.773696505	1.773696505	1.787825428	-1.787825428	-1.829464641	1.829464641	1.840612201	-1.840612201	1.871263294	-1.871263294	1.890152426	-1.890152426	1.909453669	-1.909453669	-1.910210889	1.910210889	-1.919317897	1.919317897	-1.932558639	1.932558639	1.93390949	-1.93390949	
-0.85	-0.005174646361	0.005174646361	-0.02428955727	0.02428955727	0.03744011988	-0.03744011988	-0.0501505089	0.0501505089	-0.05145591598	0.05145591598	0.08010734393	-0.08010734393	0.1184990425	-0.1184990425	0.2182332766	-0.2182332766	0.2249549918	-0.2249549918	0.2477696727	-0.2477696727	-0.2634949341	0.2634949341	0.325029725	-0.325029725	0.3515867578	-0.3515867578	-0.3549863224	0.3549863224	0.4864504048	-0.4864504048	0.5814986735	-0.5814986735	-0.829082292	0.829082292	-0.8533771511	0.8533771511	-0.8573331124	0.8573331124	-0.9032611329	0.9032611329	-0.9188061897	0.9188061897	0.9257702062	-0.9257702062	-0.935691406	0.935691406	1.006950634	-1.006950634	1.025225987	-1.025225987	1.034264471	-1.034264471	1.039541154	-1.039541154	1.054545836	-1.054545836	-1.073437738	1.073437738	-1.091779903	1.091779903	1.104317203	-1.104317203	-1.116108282	1.116108282	-1.124157102	1.124157102	-1.196341485	1.196341485	-1.196560782	1.196560782	-1.200526488	1.200526488	1.209461389	-1.209461389	-1.214735872	1.214735872	-1.219429565	1.219429565	-1.219692255	1.219692255	1.262395553	-1.262395553	-1.270279052	1.270279052	-1.279104806	1.279104806	1.289030676	-1.289030676	1.289721686	-1.289721686	1.315489638	-1.315489638	1.336078348	-1.336078348	1.337547691	-1.337547691	1.350112004	-1.350112004	-1.364313114	1.364313114	1.377121028	-1.377121028	-1.396902515	1.396902515	1.409648378	-1.409648378	-1.41688803	1.41688803	1.431106905	-1.431106905	1.431196297	-1.431196297	1.443101694	-1.443101694	1.44547339	-1.44547339	1.446729909	-1.446729909	-1.460137351	1.460137351	1.484774701	-1.484774701	1.487562812	-1.487562812	1.53782488	-1.53782488	-1.54609535	1.54609535	-1.548260321	1.548260321	1.554098217	-1.554098217	-1.557358628	1.557358628	1.568095855	-1.568095855	1.613156833	-1.613156833	1.639624425	-1.639624425	-1.650249963	1.650249963	1.657669469	-1.657669469	1.66017073	-1.66017073	-1.670617503	1.670617503	1.699321734	-1.699321734	1.708782106	-1.708782106	-1.729559197	1.729559197	-1.734441633	1.734441633	-1.738380074	1.738380074	-1.774079144	1.774079144	-1.787975683	1.787975683	1.829338275	-1.829338275	1.840356368	-1.840356368	1.869970051	-1.869970051	-1.890153609	1.890153609	1.909489653	-1.909489653	-1.910255917	1.910255917	1.920242111	-1.920242111	1.932778764	-1.932778764	1.933914865	-1.933914865	
-0.84	-0.002086305959	0.002086305959	0.01919293375	-0.01919293375	-0.02906978967	0.02906978967	-0.04409216386	0.04409216386	0.05471638935	-0.05471638935	0.08692923775	-0.08692923775	0.1149178456	-0.1149178456	-0.2262607396	0.2262607396	0.2285414672	-0.2285414672	0.2565774389	-0.2565774389	-0.2708103988	0.2708103988	-0.3340228075	0.3340228075	0.3602120866	-0.3602120866	-0.3636198515	0.3636198515	0.4831310408	-0.4831310408	0.5846694566	-0.5846694566	-0.8257658303	0.8257658303	-0.8533580656	0.8533580656	-0.8573332348	0.8573332348	-0.9021864643	0.9021864643	-0.9187344291	0.9187344291	0.9289420342	-0.9289420342	-0.9356954132	0.9356954132	-1.006689022	1.006689022	-1.024638294	1.024638294	-1.033187195	1.033187195	1.038483584	-1.038483584	-1.054543219	1.054543219	-1.073464186	1.073464186	-1.090198514	1.090198514	1.104090876	-1.104090876	-1.115680959	1.115680959	1.122779492	-1.122779492	-1.196189948	1.196189948	-1.196546496	1.196546496	-1.200509513	1.200509513	-1.209366909	1.209366909	-1.213754515	1.213754515	-1.218370064	1.218370064	-1.219186198	1.219186198	1.26231816	-1.26231816	1.270387131	-1.270387131	1.279108974	-1.279108974	1.28821471	-1.28821471	-1.289773353	1.289773353	-1.315639355	1.315639355	1.33605209	-1.33605209	-1.337524032	1.337524032	-1.349852742	1.349852742	-1.364296502	1.364296502	1.376927168	-1.376927168	-1.396888945	1.396888945	1.408914133	-1.408914133	1.415925251	-1.415925251	-1.43016368	1.43016368	1.430625754	-1.430625754	1.442603385	-1.442603385	-1.44538017	1.44538017	-1.446519384	1.446519384	-1.46004945	1.46004945	-1.484917855	1.484917855	1.488167533	-1.488167533	1.53764291	-1.53764291	-1.546039872	1.546039872	-1.548265524	1.548265524	1.55411379	-1.55411379	-1.557210878	1.557210878	1.568120027	-1.568120027	-1.612560732	1.612560732	1.639141238	-1.639141238	1.649698446	-1.649698446	-1.657389803	1.657389803	-1.660331091	1.660331091	-1.670135678	1.670135678	1.69931295	-1.69931295	1.708788942	-1.708788942	1.729548767	-1.729548767	-1.734446875	1.734446875	-1.73840659	1.73840659	-1.774480185	1.774480185	1.788135801	-1.788135801	-1.829203739	1.829203739	-1.840076271	1.840076271	-1.868678775	1.868678775	-1.890154532	1.890154532	-1.90951692	1.90951692	-1.910302886	1.910302886	1.921171422	-1.921171422	-1.933011939	1.933011939	-1.933920815	1.933920815	
-0.83	-0.008506206946	0.008506206946	0.0134054006	-0.0134054006	0.02067963542	-0.02067963542	-0.03680532554	0.03680532554	0.06124703255	-0.06124703255	0.09423303276	-0.09423303276	0.1113357557	-0.1113357557	0.232126129	-0.232126129	-0.2343470971	0.2343470971	0.265395435	-0.265395435	0.2781339951	-0.2781339951	0.3430217679	-0.3430217679	0.3689063966	-0.3689063966	-0.3723261265	0.3723261265	0.4798078492	-0.4798078492	0.5878344527	-0.5878344527	0.8224455657	-0.8224455657	-0.8533372402	0.8533372402	0.8573333543	-0.8573333543	-0.9010301464	0.9010301464	-0.918657415	0.918657415	0.9321083347	-0.9321083347	-0.9356996847	0.9356996847	1.006409667	-1.006409667	-1.023979979	1.023979979	1.032042212	-1.032042212	-1.037358677	1.037358677	1.054540613	-1.054540613	1.073490735	-1.073490735	1.088542825	-1.088542825	-1.103852114	1.103852114	-1.115232937	1.115232937	1.121325532	-1.121325532	-1.196010434	1.196010434	1.196530106	-1.196530106	-1.200492239	1.200492239	1.209254597	-1.209254597	1.212743472	-1.212743472	-1.217264565	1.217264565	-1.218632589	1.218632589	1.262235414	-1.262235414	1.270494623	-1.270494623	-1.279113415	1.279113415	1.287356326	-1.287356326	-1.289814494	1.289814494	-1.315797714	1.315797714	-1.33602023	1.33602023	-1.337499156	1.337499156	1.349575961	-1.349575961	1.364278712	-1.364278712	1.376725198	-1.376725198	1.396875242	-1.396875242	1.40815253	-1.40815253	-1.414898325	1.414898325	1.429068195	-1.429068195	-1.430115939	1.430115939	1.441996889	-1.441996889	-1.445386338	1.445386338	1.446296766	-1.446296766	-1.459971931	1.459971931	-1.485064985	1.485064985	-1.488779842	1.488779842	1.537451087	-1.537451087	1.545985385	-1.545985385	1.548270592	-1.548270592	1.554132247	-1.554132247	1.557058787	-1.557058787	1.568145457	-1.568145457	-1.611944108	1.611944108	1.638628382	-1.638628382	-1.649113535	1.649113535	-1.657078677	1.657078677	1.660500034	-1.660500034	1.669625962	-1.669625962	-1.699303922	1.699303922	1.708795825	-1.708795825	1.729538093	-1.729538093	1.734447107	-1.734447107	-1.738435199	1.738435199	1.774898862	-1.774898862	-1.78830564	1.78830564	-1.829061033	1.829061033	-1.839768653	1.839768653	-1.867395343	1.867395343	-1.890155192	1.890155192	1.909541455	-1.909541455	1.910351685	-1.910351685	-1.922097589	1.922097589	-1.933255714	1.933255714	1.933927329	-1.933927329	
-0.82	-0.004284148984	0.004284148984	-0.01264451625	0.01264451625	0.01808981311	-0.01808981311	-0.02950965859	0.02950965859	0.06867355336	-0.06867355337	0.1018609325	-0.1018609325	0.1077530741	-0.1077530741	0.2357141771	-0.2357141771	0.2424751237	-0.2424751237	-0.2742205372	0.2742205372	0.285463592	-0.285463592	0.3520239976	-0.3520239976	0.3776582796	-0.3776582796	-0.3810930679	0.3810930679	0.4764809426	-0.4764809426	-0.5909935127	0.5909935127	0.8191216097	-0.8191216097	0.8533146324	-0.8533146324	0.8573334704	-0.8573334704	0.8997920409	-0.8997920409	-0.9185750477	0.9185750477	0.9352688495	-0.9352688495	-0.9357042202	0.9357042202	-1.006112549	1.006112549	-1.023250625	1.023250625	-1.03082938	1.03082938	-1.036166317	1.036166317	-1.054538021	1.054538021	1.073517386	-1.073517386	-1.086813376	1.086813376	1.103601348	-1.103601348	-1.114764421	1.114764421	1.11979661	-1.11979661	-1.195796261	1.195796261	1.19651156	-1.19651156	1.200474718	-1.200474718	-1.209109105	1.209109105	-1.211723068	1.211723068	-1.216113448	1.216113448	1.218030408	-1.218030408	-1.262147208	1.262147208	1.270601524	-1.270601524	-1.279118125	1.279118125	1.286454239	-1.286454239	1.289845341	-1.289845341	-1.315964411	1.315964411	-1.335982863	1.335982863	1.337472999	-1.337472999	1.349281663	-1.349281663	1.364259652	-1.364259652	-1.376514968	1.376514968	1.396861438	-1.396861438	1.407364454	-1.407364454	-1.41380716	1.41380716	-1.427910197	1.427910197	-1.429578933	1.429578933	1.441318777	-1.441318777	-1.445456778	1.445456778	-1.446062286	1.446062286	1.459904664	-1.459904664	1.485215845	-1.485215845	-1.489399313	1.489399313	-1.537249057	1.537249057	-1.545931996	1.545931996	1.548275512	-1.548275512	1.554153429	-1.554153429	1.556902649	-1.556902649	-1.568172125	1.568172125	1.611308299	-1.611308299	-1.638086501	1.638086501	1.64849587	-1.64849587	1.656736608	-1.656736608	1.660677219	-1.660677219	1.669088981	-1.669088981	1.699294655	-1.699294655	1.708802745	-1.708802745	1.729527216	-1.729527216	-1.734442521	1.734442521	-1.738465901	1.738465901	1.775334388	-1.775334388	1.788485047	-1.788485047	-1.828910136	1.828910136	-1.839429898	1.839429898	-1.866125837	1.866125837	1.890155587	-1.890155587	1.9095672	-1.9095672	-1.910402201	1.910402201	-1.923014598	1.923014598	-1.933506508	1.933506508	1.933934397	-1.933934397	
-0.81	0.0008881539882	-0.0008881539882	0.008588800117	-0.008588800117	-0.02220013339	0.02220013339	-0.02574554312	0.02574554312	-0.07655381914	0.07655381915	0.1041697799	-0.1041697799	-0.1097166195	0.1097166195	-0.239302085	0.239302085	-0.2506389935	0.2506389935	0.2830500783	-0.2830500783	-0.2927974764	0.2927974764	0.3610272066	-0.3610272066	-0.3864582151	0.3864582151	-0.3899106111	0.3899106111	0.4731504242	-0.4731504242	-0.5941464949	0.5941464949	0.8157940639	-0.8157940639	0.8532901959	-0.8532901959	-0.8573335823	0.8573335823	0.8984719774	-0.8984719774	-0.9184872204	0.9184872204	-0.9357090192	0.9357090192	0.9384233727	-0.9384233727	1.005797649	-1.005797649	1.022449806	-1.022449806	-1.029548553	1.029548553	1.034906385	-1.034906385	-1.05453544	1.05453544	1.073544135	-1.073544135	-1.085010709	1.085010709	1.103339034	-1.103339034	-1.114274441	1.114274441	1.118195329	-1.118195329	1.195538781	-1.195538781	1.1964908	-1.1964908	1.200457002	-1.200457002	-1.208886071	1.208886071	-1.210743389	1.210743389	-1.21491832	1.21491832	-1.217378579	1.217378579	-1.262053426	1.262053426	-1.270707824	1.270707824	1.279123101	-1.279123101	-1.285507161	1.285507161	1.2898661	-1.2898661	-1.316139128	1.316139128	-1.335940084	1.335940084	-1.337445492	1.337445492	-1.348969857	1.348969857	1.364239215	-1.364239215	1.376296323	-1.376296323	-1.39684756	1.39684756	1.406550725	-1.406550725	-1.412651712	1.412651712	-1.426690139	1.426690139	-1.429016271	1.429016271	1.440592457	-1.440592457	1.445569519	-1.445569519	1.445816205	-1.445816205	1.4598475	-1.4598475	-1.485370204	1.485370204	1.490025493	-1.490025493	-1.537036483	1.537036483	-1.545879811	1.545879811	1.548280269	-1.548280269	-1.554177173	1.554177173	-1.556742784	1.556742784	1.568200012	-1.568200012	-1.610654676	1.610654676	1.637516271	-1.637516271	1.647846125	-1.647846125	-1.656364157	1.656364157	-1.660862291	1.660862291	1.668525386	-1.668525386	1.699285154	-1.699285154	1.708809695	-1.708809695	1.729516178	-1.729516178	-1.734433322	1.734433322	-1.738498695	1.738498695	-1.775785954	1.775785954	1.788673862	-1.788673862	-1.828750999	1.828750999	1.839056044	-1.839056044	-1.864876552	1.864876552	1.890155716	-1.890155716	1.909596733	-1.909596733	-1.910454322	1.910454322	-1.92391797	1.92391797	-1.933758893	1.933758893	-1.93394201	1.93394201	
-0.8	0.007267583134	-0.007267583134	-0.01459345753	0.01459345753	-0.01490014922	0.01490014922	0.03360100816	-0.03360100816	-0.08469900209	0.0846990021	0.1005864656	-0.1005864656	0.117737036	-0.117737036	-0.2428901518	0.2428901518	0.2588310112	-0.2588310112	0.2918817452	-0.2918817452	-0.3001342484	0.3001342484	-0.3700293594	0.3700293594	0.395298189	-0.395298189	-0.3987702979	0.3987702979	0.4698163899	-0.4698163899	0.5972932624	-0.5972932624	0.8124630229	-0.8124630229	0.8532638806	-0.8532638806	0.8573336896	-0.8573336896	-0.897069777	0.897069777	0.9183938194	-0.9183938194	-0.9357140814	0.9357140814	-0.941571727	0.941571727	1.00546495	-1.00546495	-1.021577101	1.021577101	1.028199581	-1.028199581	1.033578759	-1.033578759	-1.054532869	1.054532869	-1.073570977	1.073570977	1.083135366	-1.083135366	-1.103065646	1.103065646	-1.113758129	1.113758129	-1.116528215	1.116528215	-1.195226848	1.195226848	1.196467767	-1.196467767	-1.200439142	1.200439142	-1.208458271	1.208458271	1.20993798	-1.20993798	-1.213682711	1.213682711	1.216675972	-1.216675972	-1.261953943	1.261953943	1.270813505	-1.270813505	-1.279128336	1.279128336	1.284513796	-1.284513796	-1.289876948	1.289876948	1.316321539	-1.316321539	1.335891985	-1.335891985	-1.337416554	1.337416554	1.348640566	-1.348640566	-1.364217283	1.364217283	-1.376069112	1.376069112	1.396833634	-1.396833634	1.405712085	-1.405712085	1.411431994	-1.411431994	1.425408589	-1.425408589	1.428429531	-1.428429531	-1.439831745	1.439831745	1.445558824	-1.445558824	-1.445712167	1.445712167	1.459800266	-1.459800266	-1.485527849	1.485527849	-1.490657904	1.490657904	-1.536813048	1.536813048	-1.545828927	1.545828927	-1.548284852	1.548284852	1.554203307	-1.554203307	-1.556579537	1.556579537	1.5682291	-1.5682291	-1.609984641	1.609984641	1.636918401	-1.636918401	-1.647165012	1.647165012	-1.655961918	1.655961918	-1.661054889	1.661054889	-1.667935856	1.667935856	1.699275422	-1.699275422	-1.708816667	1.708816667	1.729505019	-1.729505019	-1.734419721	1.734419721	1.738533578	-1.738533578	-1.776252735	1.776252735	1.788871913	-1.788871913	-1.828583531	1.828583531	1.838642845	-1.838642845	-1.863653969	1.863653969	1.890155577	-1.890155577	-1.909631711	1.909631711	1.910507938	-1.910507938	1.924804293	-1.924804293	1.933950158	-1.933950158	-1.934004285	1.934004285	
-0.79	-0.007592297556	0.007592297556	-0.01568746616	0.01568746616	0.02275348397	-0.02275348397	-0.04155110302	0.04155110302	-0.09301434647	0.09301434647	0.09700303902	-0.09700303902	0.1258799719	-0.1258799719	0.2464782758	-0.2464782758	-0.2670453383	0.2670453383	-0.3007134991	0.3007134991	-0.3074727503	0.3074727503	-0.3790286239	0.3790286239	-0.4041713975	0.4041713975	0.4076649584	-0.4076649584	0.4664789302	-0.4664789302	0.6004336815	-0.6004336815	0.809128576	-0.809128576	0.8532356326	-0.8532356326	0.8573337916	-0.8573337916	0.895585267	-0.895585267	0.9182947237	-0.9182947237	0.9357194061	-0.9357194061	-0.9447137513	0.9447137513	-1.005114429	1.005114429	1.020632087	-1.020632087	1.02678231	-1.02678231	1.032183319	-1.032183319	-1.054530298	1.054530298	1.073597905	-1.073597905	-1.081187894	1.081187894	1.102781676	-1.102781676	1.113191652	-1.113191652	-1.114820781	1.114820781	-1.19484627	1.19484627	1.196442396	-1.196442396	1.200421184	-1.200421184	1.207682961	-1.207682961	1.209455163	-1.209455163	-1.212413964	1.212413964	-1.215921411	1.215921411	-1.261848624	1.261848624	-1.270918545	1.270918545	-1.279133822	1.279133822	1.283472848	-1.283472848	1.289878032	-1.289878032	1.316511305	-1.316511305	-1.33583866	1.33583866	1.337386096	-1.337386096	1.348293821	-1.348293821	-1.364193718	1.364193718	-1.375833184	1.375833184	1.396819678	-1.396819678	1.404849154	-1.404849154	-1.410148082	1.410148082	-1.424066267	1.424066267	1.427820319	-1.427820319	1.439045139	-1.439045139	-1.445290476	1.445290476	-1.445877638	1.445877638	-1.45976277	1.45976277	-1.485688585	1.485688585	1.491296039	-1.491296039	-1.536578461	1.536578461	-1.545779437	1.545779437	1.54828925	-1.54828925	-1.554231645	1.554231645	1.556413286	-1.556413286	-1.568259369	1.568259369	1.609299623	-1.609299623	-1.636293634	1.636293634	-1.646453277	1.646453277	-1.655530525	1.655530525	1.661254642	-1.661254642	1.667321093	-1.667321093	1.699265463	-1.699265463	1.708823651	-1.708823651	1.729493775	-1.729493775	-1.734401937	1.734401937	-1.738570546	1.738570546	-1.776733893	1.776733893	-1.789079022	1.789079022	1.828407586	-1.828407586	-1.838185865	1.838185865	-1.862464691	1.862464691	1.890155171	-1.890155171	1.909673173	-1.909673173	-1.910562941	1.910562941	1.925670909	-1.925670909	1.933958833	-1.933958833	-1.934228521	1.934228521	
-0.78	-0.0002848592711	0.0002848592714	0.02441487309	-0.02441487309	0.03128720678	-0.03128720678	0.04955897256	-0.04955897256	0.09341967566	-0.09341967566	0.1014459936	-0.1014459936	0.1341155735	-0.1341155735	0.2500663374	-0.2500663374	0.2752772522	-0.2752772522	0.3095435068	-0.3095435068	0.3148120239	-0.3148120239	0.3880233324	-0.3880233324	0.4130720156	-0.4130720156	0.4165884645	-0.4165884645	0.4631381322	-0.4631381322	0.6035676199	-0.6035676199	0.8057908084	-0.8057908084	0.8532053936	-0.8532053936	-0.8573338874	0.8573338874	0.8940182886	-0.8940182886	-0.9181898046	0.9181898046	-0.9357249927	0.9357249927	0.9478492946	-0.9478492946	1.004746064	-1.004746064	-1.019614355	1.019614355	1.025296586	-1.025296586	-1.030719941	1.030719941	1.054527717	-1.054527717	1.073624908	-1.073624908	-1.079168838	1.079168838	1.102487633	-1.102487633	1.112384309	-1.112384309	-1.113265423	1.113265423	1.194379428	-1.194379428	1.196414619	-1.196414619	1.200403171	-1.200403171	-1.206676919	1.206676919	1.20917628	-1.20917628	1.211130337	-1.211130337	1.215113681	-1.215113681	1.261737326	-1.261737326	1.271022916	-1.271022916	-1.27913954	1.27913954	-1.282383025	1.282383025	1.289869462	-1.289869462	-1.31670808	1.31670808	1.335780199	-1.335780199	-1.337354016	1.337354016	1.347929667	-1.347929667	-1.364168363	1.364168363	1.375588391	-1.375588391	1.396805703	-1.396805703	1.403962401	-1.403962401	1.408800116	-1.408800116	-1.422664084	1.422664084	1.427190259	-1.427190259	1.438238315	-1.438238315	-1.445011532	1.445011532	1.446061668	-1.446061668	1.459734796	-1.459734796	1.485852228	-1.485852228	-1.491939362	1.491939362	-1.536332459	1.536332459	-1.545731427	1.545731427	1.548293452	-1.548293452	-1.554261974	1.554261974	1.556244449	-1.556244449	-1.568290798	1.568290798	1.608601068	-1.608601068	1.635642743	-1.635642743	1.645711701	-1.645711701	-1.655070644	1.655070644	-1.661461172	1.661461172	1.666681824	-1.666681824	-1.69925528	1.69925528	-1.70883064	1.70883064	1.729482486	-1.729482486	-1.734380196	1.734380196	1.738609593	-1.738609593	1.777228576	-1.777228576	1.789294998	-1.789294998	1.828222939	-1.828222939	1.837680642	-1.837680642	1.861315319	-1.861315319	1.890154499	-1.890154499	1.909721733	-1.909721733	-1.910619223	1.910619223	-1.926515705	1.926515705	1.933968027	-1.933968027	-1.93440742	1.93440742	
-0.77	-0.007022991584	0.007022991584	0.03325248252	-0.03325248252	-0.03997114723	0.03997114724	0.05760806744	-0.05760806744	0.08983650428	-0.08983650428	-0.1099603991	0.1099603991	0.1424222569	-0.1424222569	0.2536542247	-0.2536542247	0.2835228641	-0.2835228641	0.3183700564	-0.3183700564	0.3221513087	-0.3221513087	0.39701195	-0.39701195	-0.4219950157	0.4219950157	-0.4255355345	0.4255355345	0.45979408	-0.45979408	-0.606694946	0.606694946	0.8024498024	-0.8024498024	0.853173101	-0.853173101	0.8573339766	-0.8573339766	0.892368704	-0.892368704	0.9180789264	-0.9180789264	-0.9357308407	0.9357308407	0.9509782114	-0.9509782114	1.004359819	-1.004359819	1.01852351	-1.01852351	1.023742254	-1.023742254	-1.029188505	1.029188505	-1.054525105	1.054525105	1.07365197	-1.07365197	1.077078749	-1.077078749	1.102184037	-1.102184037	-1.110804372	1.110804372	-1.112395571	1.112395571	1.1938054	-1.1938054	-1.196384361	1.196384361	1.200385141	-1.200385141	1.20558953	-1.20558953	1.208894002	-1.208894002	-1.209909483	1.209909483	-1.214251538	1.214251538	1.261619894	-1.261619894	1.271126584	-1.271126584	-1.279145435	1.279145435	-1.281243071	1.281243071	-1.289851311	1.289851311	1.316911507	-1.316911507	1.335716694	-1.335716694	-1.337320197	1.337320197	1.347548165	-1.347548165	-1.364141035	1.364141035	1.375334592	-1.375334592	-1.396791701	1.396791701	1.403052088	-1.403052088	1.407388313	-1.407388313	-1.421203193	1.421203193	1.426540986	-1.426540986	1.437415416	-1.437415416	1.444722398	-1.444722398	1.446261516	-1.446261516	-1.45971611	1.45971611	-1.486018615	1.486018615	-1.49258731	1.49258731	-1.536074818	1.536074818	1.545684974	-1.545684974	-1.548297451	1.548297451	-1.554294044	1.554294044	1.556073502	-1.556073502	1.568323368	-1.568323368	1.607890439	-1.607890439	-1.634966528	1.634966528	1.644941099	-1.644941099	-1.654582975	1.654582975	-1.661674098	1.661674098	-1.666018797	1.666018797	1.699244878	-1.699244878	-1.708837626	1.708837626	-1.729471186	1.729471186	-1.734354724	1.734354724	-1.738650713	1.738650713	1.777735922	-1.777735922	-1.789519643	1.789519643	-1.828029249	1.828029249	-1.837122912	1.837122912	-1.860212277	1.860212277	-1.890153561	1.890153561	1.909777714	-1.909777714	-1.910676681	1.910676681	-1.927336971	1.927336971	-1.933977732	1.933977732	-1.934499513	1.934499513	
-0.76	-0.01433016544	0.01433016544	-0.04214732685	0.04214732685	0.04873935783	-0.04873935783	-0.06568800127	0.06568800127	0.08625364301	-0.08625364301	-0.1185352003	0.1185352003	-0.1507839875	0.1507839875	-0.2572418351	0.2572418351	-0.2917789272	0.2917789272	-0.3271913337	0.3271913337	-0.3294902013	0.3294902013	-0.4059930493	0.4059930493	0.4309360229	-0.4309360229	-0.4345015802	0.4345015802	0.4564468565	-0.4564468565	0.609815528	-0.609815528	0.7991056378	-0.7991056378	-0.8531386878	0.8531386878	0.8573340582	-0.8573340582	-0.8906364006	0.8906364006	0.9179619453	-0.9179619453	-0.9357369491	0.9357369491	0.9541003593	-0.9541003593	1.003955646	-1.003955646	-1.017359185	1.017359185	-1.022119158	1.022119158	-1.027588892	1.027588892	-1.054522435	1.054522435	-1.07367907	1.07367907	-1.074918185	1.074918185	-1.101871425	1.101871425	-1.108879461	1.108879461	-1.111785311	1.111785311	-1.193101106	1.193101106	1.196351541	-1.196351541	-1.200367127	1.200367127	-1.204476997	1.204476997	-1.208150158	1.208150158	-1.209175288	1.209175288	-1.213333712	1.213333712	1.261496162	-1.261496162	-1.271229514	1.271229514	-1.279151166	1.279151166	-1.280052016	1.280052016	1.289823608	-1.289823608	1.317121226	-1.317121226	-1.335648236	1.335648236	1.337284509	-1.337284509	1.347149389	-1.347149389	-1.364111524	1.364111524	1.375071657	-1.375071657	1.39677764	-1.39677764	1.402118213	-1.402118213	-1.405912973	1.405912973	-1.419685067	1.419685067	-1.425874134	1.425874134	-1.436579715	1.436579715	1.444423513	-1.444423513	1.446475312	-1.446475312	-1.459706459	1.459706459	-1.486187591	1.486187591	1.493239283	-1.493239283	-1.535805357	1.535805357	-1.545640151	1.545640151	-1.548301237	1.548301237	-1.554327529	1.554327529	-1.555901004	1.555901004	-1.568357057	1.568357057	1.607169207	-1.607169207	1.634265822	-1.634265822	-1.64414232	1.64414232	-1.654068247	1.654068247	1.661893034	-1.661893034	1.665332783	-1.665332783	-1.699234257	1.699234257	1.708844599	-1.708844599	-1.72945991	1.72945991	-1.734325754	1.734325754	-1.738693895	1.738693895	-1.778255064	1.778255064	-1.78975275	1.78975275	1.82782601	-1.82782601	1.836508902	-1.836508902	-1.859161574	1.859161574	1.890152361	-1.890152361	1.909841237	-1.909841237	1.91073521	-1.91073521	-1.928133301	1.928133301	-1.93398794	1.93398794	-1.934439252	1.934439252	
-0.75	-0.02163593099	0.02163593099	-0.05107773274	0.05107773274	-0.0575622625	0.0575622625	-0.0737914327	0.0737914327	0.08267120894	-0.08267120894	0.1271546917	-0.1271546917	0.1591885726	-0.1591885726	0.2608290743	-0.2608290743	-0.3000426962	0.3000426962	0.3360031844	-0.3360031844	-0.3368308423	0.3368308423	0.4149652899	-0.4149652899	-0.4398911993	0.4398911993	0.4434825833	-0.4434825833	-0.4530965452	0.4530965452	0.612929233	-0.612929233	0.7957583929	-0.7957583929	-0.8531020817	0.8531020817	-0.8573341317	0.8573341317	-0.8888212957	0.8888212957	-0.9178387101	0.9178387101	0.9357433172	-0.9357433172	0.9572155973	-0.9572155973	-1.003533466	1.003533466	-1.016121055	1.016121055	-1.020427145	1.020427145	1.025920985	-1.025920985	-1.054519662	1.054519662	-1.072687718	1.072687718	-1.073706182	1.073706182	-1.101550341	1.101550341	-1.106839608	1.106839608	-1.111206313	1.111206313	-1.192243843	1.192243843	-1.196316071	1.196316071	1.200349151	-1.200349151	-1.20334947	1.20334947	-1.206945973	1.206945973	-1.208937952	1.208937952	-1.212358922	1.212358922	1.26136595	-1.26136595	-1.271331663	1.271331663	1.278804026	-1.278804026	-1.279161265	1.279161265	-1.289786336	1.289786336	1.317336871	-1.317336871	-1.335574916	1.335574916	-1.337246799	1.337246799	1.34673343	-1.34673343	-1.364079585	1.364079585	-1.374799465	1.374799465	1.396763427	-1.396763427	-1.401160438	1.401160438	1.404374485	-1.404374485	-1.418111583	1.418111583	1.425191334	-1.425191334	1.43573396	-1.43573396	-1.444115346	1.444115346	-1.446701695	1.446701695	-1.459705573	1.459705573	-1.486359019	1.486359019	-1.493894654	1.493894654	-1.535523944	1.535523944	-1.545597021	1.545597021	-1.548304804	1.548304804	-1.554361973	1.554361973	1.55572766	-1.55572766	1.568391846	-1.568391846	1.606438847	-1.606438847	1.633541481	-1.633541481	-1.643316245	1.643316245	-1.653527216	1.653527216	1.662117589	-1.662117589	-1.664624573	1.664624573	1.699223424	-1.699223424	1.708851553	-1.708851553	-1.729448689	1.729448689	-1.734293517	1.734293517	-1.73873913	1.73873913	1.778785127	-1.778785127	-1.789994104	1.789994104	-1.82761247	1.82761247	-1.8358357	1.8358357	-1.858168535	1.858168535	-1.890150899	1.890150899	1.909912281	-1.909912281	-1.910794709	1.910794709	-1.928903525	1.928903525	1.933998643	-1.933998643	-1.93414868	1.93414868	
-0.74	-0.02893964546	0.02893964546	-0.06003210578	0.06003210578	0.06642322194	-0.06642322194	0.07908933444	-0.07908933444	-0.08191283438	0.08191283438	-0.1358073779	0.1358073779	0.1676265456	-0.1676265456	0.2644158552	-0.2644158552	-0.3083118227	0.3083118227	0.3441503031	-0.3441503031	0.3448266875	-0.3448266875	-0.4239274013	0.4239274013	0.4488570416	-0.4488570416	0.4497433413	-0.4497433413	-0.4524749982	0.4524749982	0.6160359268	-0.6160359268	-0.7924081449	0.7924081449	-0.8530632057	0.8530632057	-0.857334196	0.857334196	-0.8869233392	0.8869233392	0.9177090616	-0.9177090616	-0.9357499439	0.9357499439	0.9603237844	-0.9603237844	1.003093151	-1.003093151	1.014808862	-1.014808862	1.018666062	-1.018666062	-1.024184674	1.024184674	-1.054516716	1.054516716	-1.070387944	1.070387944	-1.07373327	1.07373327	-1.101221341	1.101221341	1.104714801	-1.104714801	-1.110630285	1.110630285	1.191214972	-1.191214972	-1.19627785	1.19627785	-1.200331223	1.200331223	-1.202186909	1.202186909	-1.205725366	1.205725366	1.208791163	-1.208791163	-1.211325883	1.211325883	-1.261229063	1.261229063	1.271432986	-1.271432986	1.277507461	-1.277507461	-1.279166075	1.279166075	-1.289739429	1.289739429	-1.31755807	1.31755807	-1.33549683	1.33549683	1.337206897	-1.337206897	1.346300399	-1.346300399	1.364044931	-1.364044931	-1.374517911	1.374517911	1.39674883	-1.39674883	-1.40017805	1.40017805	1.402773349	-1.402773349	1.416485158	-1.416485158	1.42449421	-1.42449421	1.43488057	-1.43488057	-1.443798395	1.443798395	-1.446939621	1.446939621	-1.459713168	1.459713168	1.486532771	-1.486532771	-1.494552755	1.494552755	1.535230507	-1.535230507	-1.545555641	1.545555641	-1.548308146	1.548308146	1.554396665	-1.554396665	-1.555554439	1.555554439	-1.568427712	1.568427712	-1.605700829	1.605700829	-1.632794389	1.632794389	1.642463786	-1.642463786	-1.652960666	1.652960666	1.662347374	-1.662347374	-1.663894978	1.663894978	1.699212379	-1.699212379	-1.708858479	1.708858479	-1.729437554	1.729437554	1.734258245	-1.734258245	-1.738786403	1.738786403	-1.779325236	1.779325236	1.790243478	-1.790243478	-1.827387503	1.827387503	-1.83510167	1.83510167	-1.857237512	1.857237512	-1.89014918	1.89014918	1.909990726	-1.909990726	-1.910855078	1.910855078	-1.929646657	1.929646657	1.933587354	-1.933587354	-1.934009833	1.934009833	
-0.73	-0.03624069216	0.03624069216	-0.06900306669	0.06900306669	-0.07530973827	0.07530973827	0.07550994462	-0.07550994462	-0.09004787652	0.09004787652	-0.1444845555	0.1444845555	0.1760904174	-0.1760904174	0.2680020961	-0.2680020961	-0.3165842753	0.3165842753	-0.3514873959	0.3514873959	0.3536213129	-0.3536213129	0.4328781694	-0.4328781694	0.4463869522	-0.4463869522	0.4578309068	-0.4578309068	0.4614756715	-0.4614756715	0.6191354733	-0.6191354733	0.78905497	-0.78905497	0.8530219769	-0.8530219769	0.8573342506	-0.8573342506	0.8849425172	-0.8849425172	-0.9175728328	0.9175728328	-0.9357568282	0.9357568282	-0.9634247789	0.9634247789	-1.002634488	1.002634488	-1.013422454	1.013422454	1.01683576	-1.01683576	1.022379852	-1.022379852	-1.054513476	1.054513476	1.068019507	-1.068019507	1.073760284	-1.073760284	-1.100884986	1.100884986	1.102512347	-1.102512347	-1.110051612	1.110051612	1.19000343	-1.19000343	1.196236766	-1.196236766	-1.200313333	1.200313333	-1.200946053	1.200946053	1.204610752	-1.204610752	1.208665806	-1.208665806	1.210233327	-1.210233327	1.261085284	-1.261085284	1.271533435	-1.271533435	1.276153757	-1.276153757	1.279172885	-1.279172885	1.289682768	-1.289682768	-1.317784451	1.317784451	-1.33541407	1.33541407	1.337164603	-1.337164603	1.345850428	-1.345850428	-1.364007226	1.364007226	-1.374226905	1.374226905	-1.396733171	1.396733171	-1.399170087	1.399170087	-1.401110183	1.401110183	1.414808909	-1.414808909	1.423784378	-1.423784378	1.434021742	-1.434021742	-1.443473183	1.443473183	1.447188249	-1.447188249	1.45972895	-1.45972895	1.486708733	-1.486708733	1.495212885	-1.495212885	-1.534925039	1.534925039	-1.545516059	1.545516059	1.548311259	-1.548311259	-1.554430353	1.554430353	1.555382858	-1.555382858	1.568464633	-1.568464633	-1.604956614	1.604956614	1.632025454	-1.632025454	-1.641585884	1.641585884	-1.652369404	1.652369404	1.662581998	-1.662581998	-1.663144828	1.663144828	1.699201127	-1.699201127	1.70886537	-1.70886537	-1.729426533	1.729426533	1.734220167	-1.734220167	-1.738835701	1.738835701	1.779874514	-1.779874514	1.790500639	-1.790500639	-1.827149399	1.827149399	1.834306923	-1.834306923	1.85637164	-1.85637164	1.890147207	-1.890147207	1.910076384	-1.910076384	1.910916214	-1.910916214	1.930361863	-1.930361863	1.932788623	-1.932788623	-1.934021503	1.934021503	
-0.72	-0.04353838389	0.04353838389	0.071927911	-0.071927911	0.07798534284	-0.07798534284	0.08421963344	-0.08421963344	-0.09819307061	0.09819307061	-0.1531794443	0.1531794443	0.1845741595	-0.1845741595	-0.2715877198	0.2715877198	0.3248582781	-0.3248582781	0.3588167362	-0.3588167362	0.3624108324	-0.3624108324	0.4418164243	-0.4418164243	0.4430278672	-0.4430278672	0.4668096838	-0.4668096838	-0.4704817785	0.4704817785	0.6222277343	-0.6222277343	0.7856989443	-0.7856989443	-0.852978307	0.852978307	0.8573342944	-0.8573342944	0.8828788544	-0.8828788544	-0.9174298484	0.9174298484	0.9357639689	-0.9357639689	0.9665184377	-0.9665184377	1.002157114	-1.002157114	1.011961851	-1.011961851	-1.014936096	1.014936096	-1.020506421	1.020506421	1.054509711	-1.054509711	-1.065583162	1.065583162	1.073787158	-1.073787158	1.100235117	-1.100235117	-1.100541843	1.100541843	-1.109469104	1.109469104	1.188607289	-1.188607289	-1.196192687	1.196192687	-1.199582556	1.199582556	1.200295438	-1.200295438	1.203660725	-1.203660725	-1.208548592	1.208548592	1.209080024	-1.209080024	-1.260934372	1.260934372	-1.271632958	1.271632958	1.274743269	-1.274743269	-1.27918009	1.27918009	-1.289616173	1.289616173	-1.318015637	1.318015637	-1.335326733	1.335326733	-1.337119689	1.337119689	-1.345383667	1.345383667	-1.363966071	1.363966071	-1.373926376	1.373926376	-1.3967137	1.3967137	-1.398136741	1.398136741	-1.399385751	1.399385751	-1.413086882	1.413086882	1.423063442	-1.423063442	-1.433159509	1.433159509	1.443140254	-1.443140254	-1.447446873	1.447446873	-1.459752613	1.459752613	-1.4868868	1.4868868	-1.495874297	1.495874297	-1.534607607	1.534607607	-1.545478319	1.545478319	1.548314137	-1.548314137	1.554460545	-1.554460545	1.555215682	-1.555215682	1.568502588	-1.568502588	-1.60420765	1.60420765	1.631235606	-1.631235606	-1.64068351	1.64068351	-1.651754256	1.651754256	-1.662374968	1.662374968	1.66282107	-1.66282107	-1.699189671	1.699189671	1.708872216	-1.708872216	1.729415653	-1.729415653	1.734179511	-1.734179511	-1.738887007	1.738887007	-1.780432082	1.780432082	-1.790765345	1.790765345	1.826895511	-1.826895511	1.833453854	-1.833453854	1.855572653	-1.855572653	1.890144984	-1.890144984	-1.910169019	1.910169019	-1.910978015	1.910978015	1.931048435	-1.931048435	-1.931822244	1.931822244	-1.934033645	1.934033645	
-0.71	-0.05083157628	0.05083157628	0.06834949791	-0.06834949791	-0.0869748619	0.0869748619	-0.0931417049	0.0931417049	0.1063455438	-0.1063455438	-0.1618866302	0.1618866302	0.1930728416	-0.1930728416	0.2751726521	-0.2751726521	0.3331322624	-0.3331322624	-0.3661418049	0.3661418049	0.371190235	-0.371190235	0.4396660299	-0.4396660299	0.4507410302	-0.4507410302	0.4757910737	-0.4757910737	0.4794907694	-0.4794907694	0.6253125687	-0.6253125687	0.7823401435	-0.7823401435	-0.8529321013	0.8529321013	0.8573343267	-0.8573343267	0.8807324164	-0.8807324164	0.9172799256	-0.9172799256	0.9357713647	-0.9357713647	0.9696046154	-0.9696046154	1.001660397	-1.001660397	-1.010427371	1.010427371	-1.012966929	1.012966929	-1.018564293	1.018564293	-1.054504919	1.054504919	1.063079939	-1.063079939	-1.073813798	1.073813798	-1.097884683	1.097884683	1.100192485	-1.100192485	-1.108882872	1.108882872	1.187032584	-1.187032584	-1.196145451	1.196145451	1.198078501	-1.198078501	-1.200277434	1.200277434	-1.202890562	1.202890562	1.207864828	-1.207864828	1.208435224	-1.208435224	1.260776047	-1.260776047	1.271731497	-1.271731497	1.273274897	-1.273274897	-1.279187582	1.279187582	-1.289539403	1.289539403	1.318251254	-1.318251254	-1.335234917	1.335234917	-1.337071891	1.337071891	-1.344900293	1.344900293	-1.363920991	1.363920991	1.37361627	-1.37361627	-1.396659399	1.396659399	1.397105251	-1.397105251	1.397600992	-1.397600992	-1.411324347	1.411324347	-1.422332992	1.422332992	1.432295779	-1.432295779	1.442800171	-1.442800171	-1.447714877	1.447714877	-1.459783847	1.459783847	1.487066876	-1.487066876	-1.496536203	1.496536203	-1.534278365	1.534278365	-1.545442455	1.545442455	1.548316778	-1.548316778	1.554481592	-1.554481592	-1.555058836	1.555058836	1.568541554	-1.568541554	1.603455359	-1.603455359	1.630425797	-1.630425797	1.639757659	-1.639757659	1.651116072	-1.651116072	1.661586265	-1.661586265	1.663064203	-1.663064203	1.699178015	-1.699178015	-1.708879012	1.708879012	-1.729404939	1.729404939	-1.734136499	1.734136499	-1.738940301	1.738940301	-1.780997067	1.780997067	-1.791037346	1.791037346	-1.826621629	1.826621629	1.832547842	-1.832547842	1.854840824	-1.854840824	-1.890142515	1.890142515	1.91026836	-1.91026836	1.911040373	-1.911040373	1.930747485	-1.930747485	1.931705775	-1.931705775	-1.934046252	1.934046252	
-0.7	-0.05811460654	0.05811460654	0.06477815506	-0.06477815506	0.09596830631	-0.09596830631	-0.1020733194	0.1020733194	0.1145028872	-0.1145028872	0.1706016949	-0.1706016949	0.2015823713	-0.2015823713	0.2787568214	-0.2787568214	0.3414048292	-0.3414048292	0.3734625626	-0.3734625626	0.37995809	-0.37995809	0.4363015452	-0.4363015452	0.4596508768	-0.4596508768	0.4847728472	-0.4847728472	0.4885003266	-0.4885003266	0.6283898326	-0.6283898326	0.7789786436	-0.7789786436	-0.8528832589	0.8528832589	-0.8573343465	0.8573343465	-0.8785033114	0.8785033114	0.9171228731	-0.9171228731	-0.935779014	0.935779014	0.9726831643	-0.9726831643	1.001143191	-1.001143191	-1.00881987	1.00881987	1.010928128	-1.010928128	1.01655339	-1.01655339	-1.054497713	1.054497713	1.06051175	-1.06051175	1.073840063	-1.073840063	1.095462154	-1.095462154	1.099837485	-1.099837485	-1.1082935	1.1082935	-1.185290336	1.185290336	1.196094852	-1.196094852	-1.196443952	1.196443952	1.200259085	-1.200259085	1.202280135	-1.202280135	1.206586765	-1.206586765	1.208323892	-1.208323892	1.260609971	-1.260609971	1.27174753	-1.27174753	-1.271828992	1.271828992	-1.279195332	1.279195332	1.289452146	-1.289452146	-1.318490926	1.318490926	-1.335138723	1.335138723	-1.337020902	1.337020902	1.344400507	-1.344400507	1.363871412	-1.363871412	-1.373296544	1.373296544	-1.395757056	1.395757056	1.395907805	-1.395907805	-1.396732696	1.396732696	1.409528179	-1.409528179	-1.421594609	1.421594609	1.431432355	-1.431432355	1.442453511	-1.442453511	1.447991713	-1.447991713	1.459822337	-1.459822337	1.487248876	-1.487248876	-1.497197761	1.497197761	-1.533937558	1.533937558	1.545408497	-1.545408497	1.54831918	-1.54831918	1.554479831	-1.554479831	-1.55492626	1.55492626	1.568581506	-1.568581506	-1.602701138	1.602701138	1.629597	-1.629597	1.638809353	-1.638809353	-1.650455715	1.650455715	1.660779598	-1.660779598	-1.663311013	1.663311013	1.699166162	-1.699166162	-1.708885749	1.708885749	-1.729394411	1.729394411	1.73409135	-1.73409135	-1.738995563	1.738995563	1.781568596	-1.781568596	-1.791316383	1.791316383	-1.826320861	1.826320861	1.831598307	-1.831598307	1.85417502	-1.85417502	1.890139805	-1.890139805	1.910374117	-1.910374117	1.911103172	-1.911103172	1.929602558	-1.929602558	1.932333375	-1.932333375	1.934059315	-1.934059315	
-0.69	0.06116523994	-0.06116523994	-0.06543580621	0.06543580621	-0.1049628699	0.1049628699	0.1110107897	-0.1110107897	0.1226630492	-0.1226630492	0.1793209613	-0.1793209613	-0.2100993038	0.2100993038	0.2823401577	-0.2823401577	0.3496747191	-0.3496747191	-0.3807786773	0.3807786773	0.3887132955	-0.3887132955	0.4329345378	-0.4329345378	-0.4685448717	0.4685448717	0.493752963	-0.493752963	-0.497508328	0.497508328	0.631459379	-0.631459379	0.7756145211	-0.7756145211	0.8528316716	-0.8528316716	-0.8573343528	0.8573343528	-0.8761916923	0.8761916923	0.916958492	-0.916958492	-0.9357869153	0.9357869153	0.9757539336	-0.9757539336	-1.000603303	1.000603303	-1.007141283	1.007141283	1.008819569	-1.008819569	1.014473651	-1.014473651	-1.054482346	1.054482346	-1.057884875	1.057884875	1.073865741	-1.073865741	1.092968488	-1.092968488	1.099477415	-1.099477415	-1.107701764	1.107701764	1.18339343	-1.18339343	1.194698755	-1.194698755	1.196040604	-1.196040604	1.200239845	-1.200239845	1.201796798	-1.201796798	1.20524526	-1.20524526	-1.208213732	1.208213732	-1.260435703	1.260435703	-1.270160152	1.270160152	1.27192538	-1.27192538	1.279203328	-1.279203328	-1.289354017	1.289354017	1.318734279	-1.318734279	-1.335038251	1.335038251	-1.336966363	1.336966363	1.343884535	-1.343884535	-1.363816643	1.363816643	-1.372967157	1.372967157	-1.393855367	1.393855367	1.394766467	-1.394766467	-1.396704063	1.396704063	-1.407707327	1.407707327	1.420849857	-1.420849857	1.43057094	-1.43057094	-1.442100864	1.442100864	-1.448276875	1.448276875	-1.459867765	1.459867765	1.487432721	-1.487432721	-1.497858077	1.497858077	-1.53358554	1.53358554	-1.545376469	1.545376469	1.548321341	-1.548321341	1.554430106	-1.554430106	1.554843388	-1.554843388	-1.568622422	1.568622422	-1.601946349	1.601946349	1.628750205	-1.628750205	1.637839637	-1.637839637	-1.649774066	1.649774066	-1.659955861	1.659955861	1.663561116	-1.663561116	1.699154116	-1.699154116	-1.708892419	1.708892419	1.72938409	-1.72938409	1.734044276	-1.734044276	1.73905277	-1.73905277	1.782145803	-1.782145803	1.791602189	-1.791602189	1.825981625	-1.825981625	-1.830620562	1.830620562	-1.853572878	1.853572878	1.890136859	-1.890136859	1.910485981	-1.910485981	-1.911166286	1.911166286	-1.928410479	1.928410479	1.932930816	-1.932930816	1.934072828	-1.934072828	
-0.68	0.05760233083	-0.05760233083	-0.07270330067	0.07270330067	-0.1139561129	0.1139561129	0.1199510216	-0.1199510216	-0.1308242582	0.1308242582	-0.1880413135	0.1880413135	0.218620701	-0.218620701	0.285922592	-0.285922592	-0.3579407885	0.3579407885	-0.388089723	0.388089723	0.3974548384	-0.3974548384	0.4295651823	-0.4295651823	0.4774219335	-0.4774219335	0.5027295377	-0.5027295377	-0.5065128176	0.5065128176	0.6345210572	-0.6345210572	0.7722478529	-0.7722478529	0.8527772243	-0.8527772243	-0.8573343447	0.8573343447	-0.8737977574	0.8737977574	-0.9167865751	0.9167865751	-0.9357950667	0.9357950667	0.9788167694	-0.9788167694	-1.000036179	1.000036179	-1.005395935	1.005395935	1.006641138	-1.006641138	-1.012325037	1.012325037	-1.054377988	1.054377988	-1.055280681	1.055280681	-1.073890475	1.073890475	1.09040467	-1.09040467	-1.09911285	1.09911285	1.107108514	-1.107108514	1.181354407	-1.181354407	1.192860141	-1.192860141	1.195982266	-1.195982266	1.200218213	-1.200218213	-1.201410499	1.201410499	1.203840852	-1.203840852	1.208104307	-1.208104307	1.260252615	-1.260252615	1.268511955	-1.268511955	-1.272020592	1.272020592	-1.279211564	1.279211564	1.289244546	-1.289244546	1.318980941	-1.318980941	-1.334933605	1.334933605	-1.33690785	1.33690785	-1.343352632	1.343352632	-1.363755831	1.363755831	-1.372628043	1.372628043	1.391897701	-1.391897701	-1.393557053	1.393557053	-1.396687616	1.396687616	-1.405873334	1.405873334	1.420100286	-1.420100286	-1.42971315	1.42971315	1.441742825	-1.441742825	-1.448569892	1.448569892	1.459919814	-1.459919814	-1.487618339	1.487618339	1.498516191	-1.498516191	-1.53322278	1.53322278	-1.545346388	1.545346388	1.54832326	-1.54832326	1.554321827	-1.554321827	1.554821085	-1.554821085	-1.568664275	1.568664275	1.601192315	-1.601192315	1.627886416	-1.627886416	1.636849574	-1.636849574	1.649072017	-1.649072017	-1.659115963	1.659115963	1.663814138	-1.663814138	1.699141883	-1.699141883	-1.708899017	1.708899017	-1.729373995	1.729373995	-1.733995482	1.733995482	1.739111896	-1.739111896	1.782727827	-1.782727827	-1.79189449	1.79189449	-1.825584256	1.825584256	1.829638947	-1.829638947	-1.853031058	1.853031058	1.890133684	-1.890133684	1.910603638	-1.910603638	1.911229567	-1.911229567	1.927185377	-1.927185377	-1.933497754	1.933497754	-1.934086781	1.934086781	
-0.67	0.05402787396	-0.05402787396	-0.07997836393	0.07997836393	-0.1229458695	0.1229458695	-0.1288913562	0.1288913562	-0.1389849655	0.1389849655	-0.1967600675	0.1967600675	0.227144026	-0.227144026	0.2895040559	-0.2895040559	-0.3662019895	0.3662019895	-0.3953951385	0.3953951385	0.4061817377	-0.4061817377	0.4261937929	-0.4261937929	-0.4862809856	0.4862809856	0.5117008215	-0.5117008215	0.5155119798	-0.5155119798	0.6375747131	-0.6375747131	0.7688787172	-0.7688787172	0.8527197938	-0.8527197938	-0.8573343212	0.8573343212	0.8713217516	-0.8713217516	-0.9166069076	0.9166069076	-0.9358034663	0.9358034663	0.9818715138	-0.9818715138	0.9994311486	-0.9994311486	1.003594291	-1.003594291	-1.00439273	1.00439273	-1.010107539	1.010107539	1.052329294	-1.052329294	-1.054555057	1.054555057	1.073913631	-1.073913631	1.087771906	-1.087771906	1.098744357	-1.098744357	-1.106514619	1.106514619	-1.179184347	1.179184347	-1.19094001	1.19094001	-1.195919067	1.195919067	-1.200188436	1.200188436	-1.201097825	1.201097825	1.202378686	-1.202378686	1.207995402	-1.207995402	-1.260059658	1.260059658	1.266802567	-1.266802567	-1.272114553	1.272114553	-1.279220033	1.279220033	1.289123172	-1.289123172	-1.319230543	1.319230543	1.33482489	-1.33482489	1.336844866	-1.336844866	1.342805086	-1.342805086	1.363687916	-1.363687916	-1.372279067	1.372279067	1.389886317	-1.389886317	1.392276091	-1.392276091	1.39667368	-1.39667368	-1.404040812	1.404040812	-1.41934743	1.41934743	1.428860508	-1.428860508	1.441379995	-1.441379995	1.448870319	-1.448870319	1.45997817	-1.45997817	-1.487805666	1.487805666	-1.499171075	1.499171075	1.532849878	-1.532849878	1.54531827	-1.54531827	1.548324937	-1.548324937	1.554177364	-1.554177364	1.554837254	-1.554837254	1.568707042	-1.568707042	-1.600440313	1.600440313	1.627006657	-1.627006657	-1.635840251	1.635840251	-1.64835047	1.64835047	-1.658260825	1.658260825	1.664069707	-1.664069707	1.699129465	-1.699129465	1.708905534	-1.708905534	1.729364141	-1.729364141	1.733945167	-1.733945167	1.739172914	-1.739172914	-1.783313811	1.783313811	-1.792193005	1.792193005	1.825096701	-1.825096701	-1.828690854	1.828690854	-1.852545534	1.852545534	1.890130283	-1.890130283	-1.910726765	1.910726765	1.911292839	-1.911292839	1.925936398	-1.925936398	1.934033918	-1.934033918	-1.934101168	1.934101168	
-0.66	0.05045300431	-0.05045300431	-0.08724959588	0.08724959588	0.1319301849	-0.1319301849	-0.1378294643	0.1378294643	-0.1471438014	0.1471438014	0.2054748756	-0.2054748756	0.2356670617	-0.2356670617	0.2930844808	-0.2930844808	-0.3744573546	0.3744573546	-0.402693891	0.402693891	0.4148929659	-0.4148929659	0.422821229	-0.422821229	-0.4951209502	0.4951209502	-0.5206651778	0.5206651778	-0.5245041179	0.5245041179	0.6406201882	-0.6406201882	0.7655071928	-0.7655071928	0.8526592487	-0.8526592487	-0.8573342812	0.8573342812	-0.8687639672	0.8687639672	-0.916419267	0.916419267	-0.9358121119	0.9358121119	0.9849180052	-0.9849180052	0.9987584951	-0.9987584951	-1.001765866	1.001765866	1.002074253	-1.002074253	1.007821203	-1.007821203	-1.049518394	1.049518394	-1.054526427	1.054526427	-1.073933934	1.073933934	1.085072011	-1.085072011	-1.098372501	1.098372501	-1.105920938	1.105920938	-1.176892547	1.176892547	1.188945918	-1.188945918	1.195849366	-1.195849366	-1.200098568	1.200098568	1.200841437	-1.200841437	1.200910986	-1.200910986	-1.207886924	1.207886924	1.259854706	-1.259854706	1.265032723	-1.265032723	1.272207186	-1.272207186	-1.279228732	1.279228732	1.288989234	-1.288989234	-1.319482722	1.319482722	-1.334712212	1.334712212	1.336776815	-1.336776815	-1.342242212	1.342242212	-1.363611558	1.363611558	1.371919937	-1.371919937	1.387824145	-1.387824145	1.390908809	-1.390908809	-1.396660599	1.396660599	-1.402227625	1.402227625	-1.418592802	1.418592802	1.42801445	-1.42801445	1.441012979	-1.441012979	-1.449177726	1.449177726	-1.460042519	1.460042519	-1.487994642	1.487994642	1.499821618	-1.499821618	-1.532467577	1.532467577	-1.545292123	1.545292123	1.548326374	-1.548326374	1.554017392	-1.554017392	-1.55487148	1.55487148	-1.568750695	1.568750695	1.599691569	-1.599691569	-1.626111962	1.626111962	-1.634812768	1.634812768	-1.647610339	1.647610339	1.657391381	-1.657391381	1.664327458	-1.664327458	-1.69911687	1.69911687	1.708911963	-1.708911963	1.729354543	-1.729354543	-1.733893518	1.733893518	-1.739235795	1.739235795	1.783902908	-1.783902908	1.792497444	-1.792497444	-1.824474656	1.824474656	1.827826307	-1.827826307	1.852111875	-1.852111875	1.890126665	-1.890126665	1.910855038	-1.910855038	-1.911355876	1.911355876	1.924669869	-1.924669869	1.934115979	-1.934115979	-1.93453911	1.93453911	
-0.65	0.04687877927	-0.04687877927	-0.09451568687	0.09451568688	0.1409072706	-0.1409072706	-0.1467632726	0.1467632726	0.1552995419	-0.1552995419	0.2141836542	-0.2141836542	0.2441878486	-0.2441878486	0.2966637979	-0.2966637979	-0.3827059836	0.3827059836	-0.4099817921	0.4099817921	0.4194506006	-0.4194506006	0.4235884203	-0.4235884203	0.5039407435	-0.5039407435	0.5296210662	-0.5296210662	-0.5334876368	0.5334876368	0.64365732	-0.64365732	-0.7621333602	0.7621333602	0.8525954486	-0.8525954486	0.8573342235	-0.8573342235	-0.8661247439	0.8661247439	0.9162234235	-0.9162234235	-0.9358210011	0.9358210011	0.9879560769	-0.9879560769	-0.9979179179	0.9979179179	0.999685631	-0.999685631	-1.000010717	1.000010717	1.005466187	-1.005466187	-1.046624067	1.046624067	-1.054516579	1.054516579	1.073948354	-1.073948354	-1.082308538	1.082308538	-1.097997839	1.097997839	-1.105328306	1.105328306	1.17448661	-1.17448661	-1.186882507	1.186882507	-1.195768598	1.195768598	1.199121589	-1.199121589	1.200267999	-1.200267999	-1.200628603	1.200628603	1.207778853	-1.207778853	-1.259632012	1.259632012	1.263206816	-1.263206816	1.272298406	-1.272298406	-1.279237657	1.279237657	1.288841956	-1.288841956	-1.319737118	1.319737118	-1.334595678	1.334595678	-1.336702984	1.336702984	1.341664364	-1.341664364	1.363525024	-1.363525024	1.371550032	-1.371550032	-1.385715117	1.385715117	1.389436747	-1.389436747	1.396647523	-1.396647523	1.400454509	-1.400454509	1.417837894	-1.417837894	1.427176319	-1.427176319	-1.440642377	1.440642377	1.449491698	-1.449491698	-1.460112555	1.460112555	-1.488185212	1.488185212	1.500466619	-1.500466619	-1.53207678	1.53207678	1.545267954	-1.545267954	1.548327572	-1.548327572	1.553851296	-1.553851296	1.554914637	-1.554914637	1.568795208	-1.568795208	1.598947254	-1.598947254	-1.625203375	1.625203375	-1.633768241	1.633768241	-1.646852541	1.646852541	1.656508575	-1.656508575	1.664587033	-1.664587033	1.699104101	-1.699104101	-1.708918299	1.708918299	1.729345212	-1.729345212	-1.733840719	1.733840719	-1.739300507	1.739300507	-1.784494275	1.784494275	1.792807513	-1.792807513	-1.823678881	1.823678881	-1.827090396	1.827090396	1.851725504	-1.851725504	1.890122833	-1.890122833	1.910988134	-1.910988134	-1.911418377	1.911418377	1.923390491	-1.923390491	-1.934131206	1.934131206	1.935013193	-1.935013193	
-0.64	0.04330552335	-0.04330552335	-0.1017760713	0.1017760713	-0.1498754718	0.1498754718	0.1556909102	-0.1556909102	-0.1634510827	0.1634510827	-0.2228845297	0.2228845297	0.2527046362	-0.2527046362	0.3002419372	-0.3002419372	-0.3909470325	0.3909470325	-0.4159603413	0.4159603413	-0.417381828	0.417381828	0.432265514	-0.432265514	-0.5127392696	0.5127392696	-0.5385670273	0.5385670273	-0.5424610265	0.5424610265	0.6466859415	-0.6466859415	0.7587573013	-0.7587573013	-0.852528244	0.852528244	0.8573341471	-0.8573341471	-0.863404469	0.863404469	-0.91601914	0.91601914	-0.9358301313	0.9358301313	0.9909855544	-0.9909855544	-0.9966336126	0.9966336126	0.9972268051	-0.9972268051	-0.99860417	0.99860417	1.003042947	-1.003042947	1.043661797	-1.043661797	-1.054510608	1.054510608	-1.073947498	1.073947498	-1.079491394	1.079491394	-1.09762092	1.09762092	-1.104737519	1.104737519	-1.171972706	1.171972706	1.184752553	-1.184752553	1.195656426	-1.195656426	-1.197515767	1.197515767	1.200210497	-1.200210497	-1.200449921	1.200449921	-1.207671213	1.207671213	1.259366675	-1.259366675	1.261348432	-1.261348432	1.272388122	-1.272388122	-1.279246804	1.279246804	1.288680436	-1.288680436	-1.319993377	1.319993377	1.334475392	-1.334475392	-1.336622509	1.336622509	-1.34107193	1.34107193	-1.363426015	1.363426015	1.371168066	-1.371168066	-1.383564727	1.383564727	-1.387840244	1.387840244	1.396632637	-1.396632637	-1.398744324	1.398744324	-1.417084172	1.417084172	-1.426347368	1.426347368	-1.440268787	1.440268787	1.449811831	-1.449811831	-1.460187978	1.460187978	1.488377324	-1.488377324	-1.50110477	1.50110477	-1.531678563	1.531678563	-1.545245767	1.545245767	1.548328531	-1.548328531	1.553683118	-1.553683118	-1.554962926	1.554962926	1.568840552	-1.568840552	1.598208482	-1.598208482	-1.624281954	1.624281954	1.6327078	-1.6327078	-1.646078001	1.646078001	-1.655613359	1.655613359	1.664848084	-1.664848084	1.699091164	-1.699091164	-1.708924534	1.708924534	1.729336158	-1.729336158	-1.733786939	1.733786939	-1.739367016	1.739367016	1.785087077	-1.785087077	-1.793122908	1.793122908	-1.822705194	1.822705194	-1.826493095	1.826493095	-1.851381889	1.851381889	-1.890118796	1.890118796	-1.91112573	1.91112573	-1.911479911	1.911479911	1.922102051	-1.922102051	-1.934146839	1.934146839	-1.935456101	1.935456101	
-0.63	0.03973340265	-0.03973340265	-0.109030352	0.109030352	-0.1588332417	0.1588332417	-0.1646106679	0.1646106679	-0.1715974183	0.1715974183	-0.2315757951	0.2315757951	0.2612158444	-0.2612158444	0.3038188278	-0.3038188278	-0.3991797049	0.3991797049	0.4126653004	-0.4126653004	-0.4245777559	0.4245777559	0.4409244799	-0.4409244799	-0.521515416	0.521515416	-0.5475016699	0.5475016699	-0.5514228492	0.5514228492	0.6497058807	-0.6497058807	0.7553790999	-0.7553790999	-0.8524574749	0.8524574749	-0.8573340506	0.8573340506	-0.8606035771	0.8606035771	0.9158061728	-0.9158061728	0.9358394996	-0.9358394996	0.9940061231	-0.9940061231	-0.9946978692	0.9946978692	-0.9948002848	0.9948002848	-0.997649926	0.997649926	1.000553136	-1.000553136	-1.040634692	1.040634692	-1.054506005	1.054506005	-1.073882141	1.073882141	-1.076670323	1.076670323	1.097242285	-1.097242285	-1.104149331	1.104149331	-1.169355856	1.169355856	-1.182557645	1.182557645	1.195270704	-1.195270704	1.196074769	-1.196074769	-1.200185693	1.200185693	-1.200298367	1.200298367	1.207564054	-1.207564054	1.258797674	-1.258797674	-1.259717326	1.259717326	-1.272476235	1.272476235	1.279256169	-1.279256169	1.288503628	-1.288503628	-1.320251151	1.320251151	-1.334351455	1.334351455	1.336534335	-1.336534335	-1.340465337	1.340465337	-1.363311372	1.363311372	-1.370771387	1.370771387	-1.381381092	1.381381092	-1.38610155	1.38610155	-1.396594782	1.396594782	-1.397137338	1.397137338	-1.416333069	1.416333069	-1.425528753	1.425528753	1.4398928	-1.4398928	-1.450137727	1.450137727	1.460268492	-1.460268492	-1.488570931	1.488570931	-1.501734642	1.501734642	-1.531274196	1.531274196	-1.545225562	1.545225562	1.548329255	-1.548329255	1.553514834	-1.553514834	1.555014608	-1.555014608	1.568886699	-1.568886699	1.597476299	-1.597476299	1.62334876	-1.62334876	-1.631632585	1.631632585	-1.645287643	1.645287643	-1.654706696	1.654706696	1.665110266	-1.665110266	1.699078066	-1.699078066	-1.708930663	1.708930663	1.72932739	-1.72932739	-1.73373234	1.73373234	-1.739435286	1.739435286	-1.785680484	1.785680484	1.793443321	-1.793443321	1.821586529	-1.821586529	-1.826007059	1.826007059	-1.85107669	1.85107669	-1.890114559	1.890114559	-1.911267505	1.911267505	-1.911539825	1.911539825	1.920807886	-1.920807886	-1.934162871	1.934162871	-1.93586783	1.93586783	
-0.62	0.0361625332	-0.0361625332	-0.1162781906	0.1162781906	-0.1677791217	0.1677791217	-0.1735209678	0.1735209678	0.1797376259	-0.1797376259	-0.2402558775	0.2402558775	0.2697200328	-0.2697200328	0.3073943969	-0.3073943969	-0.4074032441	0.4074032441	-0.4092866889	0.4092866889	-0.431848378	0.431848378	-0.4495641468	0.4495641468	-0.5302680484	0.5302680484	0.5564236598	-0.5564236598	-0.5603717277	0.5603717277	-0.6527169608	0.6527169608	0.7519988417	-0.7519988417	-0.8523829711	0.8523829711	-0.857333933	0.857333933	-0.8577225497	0.8577225497	0.9155842721	-0.9155842721	-0.9358491029	0.9358491029	0.9920982981	-0.9920982981	-0.9926802455	0.9926802455	-0.9968730786	0.9968730786	0.9970181009	-0.9970181009	0.9980094837	-0.9980094837	-1.03754416	1.03754416	-1.054501979	1.054501979	1.07305483	-1.07305483	-1.0745433	1.0745433	1.09686246	-1.09686246	1.103564448	-1.103564448	1.166640192	-1.166640192	-1.180298612	1.180298612	1.193750035	-1.193750035	-1.195684852	1.195684852	-1.200167509	1.200167509	1.200168631	-1.200168631	-1.207457445	1.207457445	1.257099476	-1.257099476	-1.259137817	1.259137817	-1.272562635	1.272562635	-1.279265747	1.279265747	-1.288310324	1.288310324	-1.320510099	1.320510099	1.334223962	-1.334223962	1.33643716	-1.33643716	-1.339845057	1.339845057	1.363176553	-1.363176553	-1.370354418	1.370354418	-1.379177115	1.379177115	1.384208235	-1.384208235	-1.395543725	1.395543725	-1.396637535	1.396637535	-1.415585981	1.415585981	1.42472154	-1.42472154	1.439515	-1.439515	-1.450468995	1.450468995	-1.460353811	1.460353811	1.488765988	-1.488765988	-1.502354666	1.502354666	-1.530865161	1.530865161	-1.545207339	1.545207339	1.548329748	-1.548329748	-1.55334756	1.55334756	1.555068788	-1.555068788	1.568933619	-1.568933619	-1.59675169	1.59675169	1.622404865	-1.622404865	-1.630543744	1.630543744	1.644482396	-1.644482396	1.653789553	-1.653789553	1.665373247	-1.665373247	1.699064813	-1.699064813	-1.708936679	1.708936679	-1.729318914	1.729318914	1.733677074	-1.733677074	1.739505279	-1.739505279	1.78627367	-1.78627367	1.793768436	-1.793768436	-1.820364997	1.820364997	-1.825595478	1.825595478	1.850805851	-1.850805851	-1.890110129	1.890110129	-1.911413144	1.911413144	-1.911597047	1.911597047	1.919511302	-1.919511302	-1.934179291	1.934179291	1.936248441	-1.936248441	
-0.61	0.03259301213	-0.03259301213	-0.1235192755	0.1235192755	-0.1767117257	0.1767117257	-0.1824203386	0.1824203386	-0.1878708515	0.1878708515	0.2489233106	-0.2489233106	-0.2782158762	0.2782158762	-0.3109685698	0.3109685698	0.4059027898	-0.4059027898	-0.4156169269	0.4156169269	-0.4391152204	0.4391152204	0.4581835437	-0.4581835437	-0.5389960049	0.5389960049	0.56533171	-0.56533171	-0.5693063347	0.5693063347	0.6557189996	-0.6557189996	0.7486166148	-0.7486166148	0.8523045504	-0.8523045504	-0.8547619143	0.8547619143	-0.8573337928	0.8573337928	-0.9153531825	0.9153531825	0.9358589378	-0.9358589378	0.9894286494	-0.9894286494	-0.9904114073	0.9904114073	-0.9953065442	0.9953065442	0.9962413826	-0.9962413826	1.000020738	-1.000020738	-1.034391183	1.034391183	1.054498188	-1.054498188	-1.070333845	1.070333845	-1.074242579	1.074242579	1.09648196	-1.09648196	-1.102983525	1.102983525	1.163829162	-1.163829162	-1.177975789	1.177975789	-1.191882782	1.191882782	1.19556044	-1.19556044	1.200056646	-1.200056646	-1.200151986	1.200151986	1.207351462	-1.207351462	1.255036115	-1.255036115	-1.258844723	1.258844723	-1.272647203	1.272647203	1.279275537	-1.279275537	-1.288099129	1.288099129	1.320769885	-1.320769885	-1.334092997	1.334092997	-1.336329362	1.336329362	-1.339211608	1.339211608	-1.363014631	1.363014631	1.3699049	-1.3699049	1.376975358	-1.376975358	1.382155474	-1.382155474	-1.394112313	1.394112313	-1.396618172	1.396618172	1.414844261	-1.414844261	1.423926699	-1.423926699	-1.439135958	1.439135958	1.450805246	-1.450805246	-1.460443657	1.460443657	-1.488962451	1.488962451	-1.502963116	1.502963116	-1.530453172	1.530453172	-1.545191098	1.545191098	1.548330011	-1.548330011	1.55318201	-1.55318201	1.555124962	-1.555124962	-1.568981281	1.568981281	1.596035566	-1.596035566	1.621451343	-1.621451343	-1.629442432	1.629442432	-1.643663185	1.643663185	-1.652862907	1.652862907	1.665636702	-1.665636702	1.699051412	-1.699051412	1.708942576	-1.708942576	1.729310735	-1.729310735	-1.733621282	1.733621282	-1.739576953	1.739576953	-1.786865814	1.786865814	-1.794097935	1.794097935	-1.819073658	1.819073658	-1.825230259	1.825230259	-1.85056565	1.85056565	-1.890105512	1.890105512	-1.911562334	1.911562334	1.911649661	-1.911649661	1.918216145	-1.918216145	-1.934196089	1.934196089	-1.93659806	1.93659806	
-0.6	0.02902492917	-0.02902492917	-0.1307533099	0.1307533099	0.185629726	-0.185629726	0.191307397	-0.191307397	-0.1959963	0.1959963	-0.2575767137	0.2575767137	0.286702144	-0.286702144	0.3145412695	-0.3145412695	0.4025160916	-0.4025160916	0.423820058	-0.423820058	-0.4463755966	0.4463755966	-0.4667816988	0.4667816988	0.5476980913	-0.5476980913	0.5742245711	-0.5742245711	-0.5782253839	0.5782253839	0.6587118092	-0.6587118092	0.7452325099	-0.7452325099	-0.8517222434	0.8517222434	-0.8522220187	0.8522220187	0.8573336287	-0.8573336287	0.9151126436	-0.9151126436	-0.9358690006	0.9358690006	-0.9866887193	0.9866887193	-0.9880346082	0.9880346082	0.9926322461	-0.9926322461	-0.9955263816	0.9955263816	1.003014065	-1.003014065	-1.031176608	1.031176608	1.054494454	-1.054494454	-1.06727291	1.06727291	-1.074214983	1.074214983	1.096101284	-1.096101284	-1.102407159	1.102407159	-1.1609257	1.1609257	1.175589185	-1.175589185	-1.189911066	1.189911066	-1.195459463	1.195459463	-1.199959256	1.199959256	-1.200137959	1.200137959	-1.207246188	1.207246188	1.252868394	-1.252868394	1.258576156	-1.258576156	-1.272729806	1.272729806	1.279285532	-1.279285532	-1.287868437	1.287868437	1.321030183	-1.321030183	1.333958622	-1.333958622	1.336208892	-1.336208892	1.338565567	-1.338565567	-1.362814209	1.362814209	-1.369393986	1.369393986	-1.374820162	1.374820162	1.379946051	-1.379946051	-1.392771969	1.392771969	1.396606282	-1.396606282	-1.414109209	1.414109209	-1.423145107	1.423145107	1.438756235	-1.438756235	-1.451146095	1.451146095	1.460537758	-1.460537758	1.489160278	-1.489160278	-1.503558077	1.503558077	-1.530040199	1.530040199	-1.545176837	1.545176837	1.548330049	-1.548330049	1.553018685	-1.553018685	1.555182823	-1.555182823	1.569029654	-1.569029654	-1.595328771	1.595328771	1.620489269	-1.620489269	-1.628329808	1.628329808	1.642830932	-1.642830932	1.651927736	-1.651927736	1.665900316	-1.665900316	1.699037871	-1.699037871	1.70894835	-1.70894835	1.729302856	-1.729302856	1.733565094	-1.733565094	1.739650267	-1.739650267	1.787456093	-1.787456093	-1.794431489	1.794431489	1.817734807	-1.817734807	-1.824893723	1.824893723	1.850352714	-1.850352714	-1.890100714	1.890100714	-1.911693842	1.911693842	-1.911714765	1.911714765	1.916927947	-1.916927947	1.934213255	-1.934213255	1.936916876	-1.936916876	
-0.59	0.02545837166	-0.02545837166	-0.1379800062	0.1379800062	0.1945318429	-0.1945318429	0.2001808314	-0.2001808314	-0.2041132258	0.2041132258	-0.2662147736	0.2662147736	0.2951776843	-0.2951776843	0.3181124162	-0.3181124162	-0.3991272118	0.3991272118	-0.4320119651	0.4320119651	-0.4536286946	0.4536286946	0.4753576233	-0.4753576233	0.5563730746	-0.5563730746	-0.583101024	0.583101024	-0.587127622	0.587127622	0.6616951959	-0.6616951959	0.7418466206	-0.7418466206	0.8486041536	-0.8486041536	0.8521351688	-0.8521351688	0.8573334392	-0.8573334392	-0.9148623913	0.9148623913	-0.9358792873	0.9358792873	-0.9838785561	0.9838785561	-0.9855637636	0.9855637636	0.9898672981	-0.9898672981	-0.9948338553	0.9948338553	-1.005997875	1.005997875	1.027901249	-1.027901249	1.05449066	-1.05449066	1.064111885	-1.064111885	1.074221222	-1.074221222	1.095720915	-1.095720915	-1.101835895	1.101835895	-1.15793235	1.15793235	-1.173138596	1.173138596	1.187854792	-1.187854792	1.195361424	-1.195361424	-1.199873987	1.199873987	1.200124963	-1.200124963	1.207141709	-1.207141709	1.250620409	-1.250620409	-1.258307013	1.258307013	1.272810294	-1.272810294	1.27929573	-1.27929573	1.287616395	-1.287616395	-1.321290671	1.321290671	-1.333820865	1.333820865	-1.336073133	1.336073133	-1.33790758	1.33790758	1.362554719	-1.362554719	1.368750117	-1.368750117	-1.372808665	1.372808665	1.377588294	-1.377588294	1.391521292	-1.391521292	1.396596132	-1.396596132	1.413382067	-1.413382067	1.422377554	-1.422377554	-1.438376376	1.438376376	-1.451491159	1.451491159	-1.460635853	1.460635853	-1.489359428	1.489359428	-1.504137433	1.504137433	-1.529628493	1.529628493	-1.545164554	1.545164554	1.548329866	-1.548329866	1.552857965	-1.552857965	1.555242175	-1.555242175	1.569078703	-1.569078703	1.594632074	-1.594632074	-1.619519724	1.619519724	-1.627207035	1.627207035	1.641986558	-1.641986558	-1.650985025	1.650985025	1.666163782	-1.666163782	1.699024198	-1.699024198	-1.708953993	1.708953993	1.729295279	-1.729295279	-1.73350863	1.73350863	1.739725175	-1.739725175	1.78804368	-1.78804368	-1.79476877	1.79476877	1.816363266	-1.816363266	-1.824575329	1.824575329	-1.85016402	1.85016402	-1.890095743	1.890095743	-1.911720736	1.911720736	1.911870135	-1.911870135	1.915657109	-1.915657109	-1.934230778	1.934230778	-1.937205143	1.937205143	
-0.58	0.02189342722	-0.02189342722	-0.1451990826	0.1451990826	-0.2034168344	0.2034168344	-0.2090393898	0.2090393898	-0.2122209263	0.2122209263	-0.2748362301	0.2748362301	-0.3036414096	0.3036414096	0.3216819269	-0.3216819269	0.3957364285	-0.3957364285	0.4401919951	-0.4401919951	-0.4608740463	0.4608740463	0.4839103059	-0.4839103059	0.5650196772	-0.5650196772	0.5919598718	-0.5919598718	0.5960118209	-0.5960118209	0.6646689596	-0.6646689596	0.7384590436	-0.7384590436	-0.8454083039	0.8454083039	-0.8520437795	0.8520437795	-0.8573332229	0.8573332229	0.9146021583	-0.9146021583	-0.9358897935	0.9358897935	0.9809982298	-0.9809982298	-0.9830045992	0.9830045992	0.9870306906	-0.9870306906	-0.9941395896	0.9941395896	-1.008971966	1.008971966	1.024565924	-1.024565924	-1.054486722	1.054486722	1.060875275	-1.060875275	-1.074237379	1.074237379	-1.095341317	1.095341317	-1.101270216	1.101270216	-1.154851364	1.154851364	1.170623684	-1.170623684	-1.18571785	1.18571785	1.195261666	-1.195261666	-1.199798875	1.199798875	-1.200112776	1.200112776	1.207038109	-1.207038109	1.248297044	-1.248297044	-1.258031482	1.258031482	-1.272888492	1.272888492	-1.279306125	1.279306125	1.287340867	-1.287340867	-1.321551037	1.321551037	-1.333679688	1.333679688	1.335918696	-1.335918696	1.337238392	-1.337238392	-1.362195104	1.362195104	-1.367821417	1.367821417	-1.371139976	1.371139976	1.375093277	-1.375093277	1.390351242	-1.390351242	-1.396586839	1.396586839	-1.41266401	1.41266401	-1.421624738	1.421624738	-1.437996912	1.437996912	-1.451840057	1.451840057	-1.460737688	1.460737688	-1.48955986	1.48955986	1.504698829	-1.504698829	1.529220604	-1.529220604	-1.545154247	1.545154247	1.548329468	-1.548329468	1.552700148	-1.552700148	1.555302885	-1.555302885	1.569128396	-1.569128396	1.593946173	-1.593946173	1.618543784	-1.618543784	-1.626075274	1.626075274	-1.641130974	1.641130974	1.650035758	-1.650035758	1.666426806	-1.666426806	1.6990104	-1.6990104	1.708959502	-1.708959502	-1.729288004	1.729288004	1.733452	-1.733452	-1.739801629	1.739801629	-1.788627737	1.788627737	-1.79510944	1.79510944	1.814969285	-1.814969285	1.824268788	-1.824268788	-1.849996877	1.849996877	1.890090603	-1.890090603	1.911705172	-1.911705172	-1.912028144	1.912028144	1.914430223	-1.914430223	1.934248648	-1.934248648	-1.937463179	1.937463179	
-0.57	0.01833018522	-0.01833018522	-0.1524102618	0.1524102618	0.2122834876	-0.2122834876	0.2178818684	-0.2178818684	0.2203187362	-0.2203187362	-0.2834398632	0.2834398632	0.3120922859	-0.3120922859	0.3252497154	-0.3252497154	0.3923439211	-0.3923439211	-0.44835951	0.44835951	0.4681112875	-0.4681112875	0.4924387074	-0.4924387074	-0.5736365702	0.5736365702	0.6007999331	-0.6007999331	0.6048767707	-0.6048767707	0.6676328937	-0.6676328937	-0.7350698793	0.7350698793	-0.8421353946	0.8421353946	0.8519476149	-0.8519476149	0.8573329782	-0.8573329782	-0.9143316757	0.9143316757	-0.9359005144	0.9359005144	0.9780478395	-0.9780478395	0.9803598334	-0.9803598334	0.9841245635	-0.9841245635	0.9934393308	-0.9934393308	1.011936125	-1.011936125	1.021171478	-1.021171478	1.054482569	-1.054482569	1.057569588	-1.057569588	-1.074257565	1.074257565	1.094962932	-1.094962932	-1.100710544	1.100710544	-1.151684773	1.151684773	1.168044026	-1.168044026	1.183501187	-1.183501187	1.195158441	-1.195158441	1.199732346	-1.199732346	-1.200101277	1.200101277	1.206935474	-1.206935474	1.245899639	-1.245899639	1.257747387	-1.257747387	-1.272964203	1.272964203	-1.279316713	1.279316713	1.287039393	-1.287039393	-1.321810973	1.321810973	-1.333534936	1.333534936	1.335741136	-1.335741136	1.336558899	-1.336558899	1.361647528	-1.361647528	1.366513493	-1.366513493	1.370004002	-1.370004002	1.372472501	-1.372472501	1.389251695	-1.389251695	1.396578135	-1.396578135	1.41195614	-1.41195614	-1.420887277	1.420887277	1.437618356	-1.437618356	-1.452192408	1.452192408	1.46084302	-1.46084302	1.489761532	-1.489761532	1.505239653	-1.505239653	1.528819412	-1.528819412	-1.545145918	1.545145918	1.548328857	-1.548328857	1.55254548	-1.55254548	1.555364863	-1.555364863	1.569178697	-1.569178697	1.593271694	-1.593271694	1.617562524	-1.617562524	-1.624935687	1.624935687	-1.640265086	1.640265086	-1.649080923	1.649080923	-1.6666891	1.6666891	-1.698996487	1.698996487	-1.70896487	1.70896487	1.72928103	-1.72928103	1.7333953	-1.7333953	-1.739879579	1.739879579	-1.789207408	1.789207408	1.795453161	-1.795453161	1.813560355	-1.813560355	-1.823970296	1.823970296	-1.849848903	1.849848903	1.890085302	-1.890085302	-1.911556057	1.911556057	1.912188499	-1.912188499	1.91333971	-1.91333971	-1.934266851	1.934266851	-1.937691365	1.937691365	
-0.56	0.01476873792	-0.01476873792	-0.1596132693	0.1596132693	0.2211306105	-0.2211306105	0.2267071028	-0.2267071028	0.2284060236	-0.2284060236	-0.2920244828	0.2920244828	0.320529322	-0.320529322	0.3288156918	-0.3288156918	0.3889498338	-0.3889498338	0.4565138839	-0.4565138839	-0.4753400941	0.4753400941	0.5009417556	-0.5009417556	-0.582222366	0.582222366	0.609620035	-0.609620035	-0.6137212734	0.6137212734	0.6705867849	-0.6705867849	0.7316792319	-0.7316792319	0.8387861657	-0.8387861657	0.8518464228	-0.8518464228	-0.8573327033	0.8573327033	0.9140506743	-0.9140506743	-0.9359114449	0.9359114449	-0.9750275168	0.9750275168	0.9776309114	-0.9776309114	0.981149617	-0.981149617	-0.9927316439	0.9927316439	-1.014890134	1.014890134	-1.017718796	1.017718796	-1.054197651	1.054197651	1.054478132	-1.054478132	1.074279603	-1.074279603	1.094586181	-1.094586181	-1.100157239	1.100157239	1.148434447	-1.148434447	1.165399154	-1.165399154	1.181204933	-1.181204933	1.195050849	-1.195050849	-1.199673125	1.199673125	-1.200090395	1.200090395	-1.206833883	1.206833883	1.24342855	-1.24342855	1.257453627	-1.257453627	1.273037187	-1.273037187	1.279327489	-1.279327489	-1.286709132	1.286709132	1.322070177	-1.322070177	-1.333386197	1.333386197	1.335534535	-1.335534535	1.335870274	-1.335870274	1.360743017	-1.360743017	1.365117597	-1.365117597	-1.369288131	1.369288131	1.369736527	-1.369736527	1.388213271	-1.388213271	-1.396569908	1.396569908	1.411259477	-1.411259477	1.420165704	-1.420165704	-1.437241204	1.437241204	1.452547831	-1.452547831	-1.460951611	1.460951611	-1.489964402	1.489964402	1.505757012	-1.505757012	-1.528428137	1.528428137	1.545139566	-1.545139566	1.548328041	-1.548328041	-1.552394164	1.552394164	1.555428047	-1.555428047	-1.569229568	1.569229568	1.592609189	-1.592609189	1.616577017	-1.616577017	-1.623789431	1.623789431	-1.63938979	1.63938979	1.648121507	-1.648121507	1.666950391	-1.666950391	-1.698982468	1.698982468	-1.708970095	1.708970095	-1.729274353	1.729274353	1.733338618	-1.733338618	-1.739958972	1.739958972	-1.789781804	1.789781804	-1.795799588	1.795799588	-1.812142257	1.812142257	-1.823677516	1.823677516	-1.849717991	1.849717991	1.890079845	-1.890079845	1.911002579	-1.911002579	1.912350912	-1.912350912	-1.912657628	1.912657628	1.934285376	-1.934285376	1.937890147	-1.937890147	
-0.55	0.0112091812	-0.0112091812	-0.1668078329	0.1668078329	0.2299570239	-0.2299570239	0.2355139603	-0.2355139603	0.2364821871	-0.2364821871	0.3005889188	-0.3005889188	0.3289515591	-0.3289515591	0.3323797647	-0.3323797647	0.3855542975	-0.3855542975	0.4646544999	-0.4646544999	0.4825601603	-0.4825601603	0.5094183399	-0.5094183399	-0.5907756099	0.5907756099	0.6184190064	-0.6184190064	-0.6225441365	0.6225441365	0.6735304122	-0.6735304122	0.72828721	-0.72828721	0.8353613952	-0.8353613952	0.8517399345	-0.8517399345	0.8573323966	-0.8573323966	0.913758886	-0.913758886	-0.9359225794	0.9359225794	0.9719374293	-0.9719374293	0.9748186881	-0.9748186881	0.9781062439	-0.9781062439	0.9920161005	-0.9920161005	-1.014208818	1.014208818	1.01783377	-1.01783377	1.05076117	-1.05076117	-1.054473342	1.054473342	1.074302474	-1.074302474	1.094211456	-1.094211456	-1.099610594	1.099610594	1.145102138	-1.145102138	1.16268858	-1.16268858	-1.178828965	1.178828965	1.194938298	-1.194938298	-1.199620172	1.199620172	1.20008008	-1.20008008	1.206733418	-1.206733418	1.240883825	-1.240883825	-1.257149517	1.257149517	-1.273107158	1.273107158	1.279338448	-1.279338448	1.286346807	-1.286346807	1.322328351	-1.322328351	1.33323246	-1.33323246	1.335174315	-1.335174315	1.335290912	-1.335290912	1.359314942	-1.359314942	-1.364024252	1.364024252	1.366894418	-1.366894418	-1.368780784	1.368780784	1.387227999	-1.387227999	1.396562102	-1.396562102	1.410574956	-1.410574956	-1.419460483	1.419460483	-1.436865934	1.436865934	1.452905948	-1.452905948	1.461063234	-1.461063234	1.490168425	-1.490168425	-1.506247717	1.506247717	1.528050356	-1.528050356	1.545135195	-1.545135195	-1.548327024	1.548327024	-1.55224637	1.55224637	1.555492393	-1.555492393	1.569280973	-1.569280973	-1.591959142	1.591959142	1.615588329	-1.615588329	1.622637658	-1.622637658	-1.638505972	1.638505972	-1.647158495	1.647158495	1.66721041	-1.66721041	1.698968352	-1.698968352	-1.70897517	1.70897517	-1.729267972	1.729267972	1.73328203	-1.73328203	-1.740039754	1.740039754	1.790349981	-1.790349981	1.796148375	-1.796148375	1.810719689	-1.810719689	1.823389013	-1.823389013	1.849602287	-1.849602287	-1.890074238	1.890074238	1.909983836	-1.909983836	1.912446064	-1.912446064	1.912515099	-1.912515099	-1.93430421	1.93430421	1.938060032	-1.938060032	
-0.54	0.007651615323	-0.007651615323	-0.1739936816	0.1739936816	-0.2387615523	0.2387615523	-0.2443013324	0.2443013324	0.2445466552	-0.2445466552	0.3091320132	-0.3091320132	0.3359417901	-0.3359417901	0.3373581144	-0.3373581144	0.3821574385	-0.3821574385	0.472780747	-0.472780747	-0.4897711891	0.4897711891	0.517867306	-0.517867306	0.5992947712	-0.5992947712	0.6271956715	-0.6271956715	-0.6313441669	0.6313441669	0.6764635472	-0.6764635472	-0.724893927	0.724893927	-0.8318618978	0.8318618978	-0.851627863	0.851627863	-0.8573320562	0.8573320562	-0.9134560456	0.9134560456	-0.9359339119	0.9359339119	-0.9687777841	0.9687777841	-0.971923736	0.971923736	0.9749947486	-0.9749947486	-0.991292754	0.991292754	-1.010642549	1.010642549	1.020766797	-1.020766797	-1.047261449	1.047261449	1.054468125	-1.054468125	-1.074325603	1.074325603	-1.09383912	1.09383912	-1.099070832	1.099070832	-1.141689512	1.141689512	-1.159911819	1.159911819	-1.176373109	1.176373109	1.194820327	-1.194820327	-1.199572627	1.199572627	-1.200070301	1.200070301	1.206634152	-1.206634152	1.238265432	-1.238265432	1.256834558	-1.256834558	-1.273173762	1.273173762	-1.279349584	1.279349584	1.28594864	-1.28594864	-1.322585197	1.322585197	-1.333070962	1.333070962	1.334474576	-1.334474576	-1.334999386	1.334999386	-1.357432681	1.357432681	-1.363286452	1.363286452	-1.363953686	1.363953686	-1.36837548	1.36837548	1.386289416	-1.386289416	1.396554684	-1.396554684	1.409903417	-1.409903417	1.418772002	-1.418772002	1.436493004	-1.436493004	-1.453266377	1.453266377	-1.461177668	1.461177668	-1.490373557	1.490373557	-1.506708279	1.506708279	-1.527689997	1.527689997	-1.54513281	1.54513281	1.548325812	-1.548325812	-1.552102242	1.552102242	-1.555557875	1.555557875	-1.569332873	1.569332873	1.591321967	-1.591321967	1.61459752	-1.61459752	1.621481516	-1.621481516	-1.637614506	1.637614506	1.646192869	-1.646192869	-1.667468905	1.667468905	1.698954151	-1.698954151	-1.708980092	1.708980092	1.729261881	-1.729261881	-1.7332256	1.7332256	-1.740121866	1.740121866	1.790910908	-1.790910908	-1.79649917	1.79649917	-1.809296652	1.809296652	-1.823103922	1.823103922	-1.849500158	1.849500158	1.890068484	-1.890068484	-1.90879318	1.90879318	-1.912412795	1.912412795	1.912680783	-1.912680783	-1.934323339	1.934323339	-1.938201591	1.938201591	
-0.53	0.00409614558	-0.00409614558	-0.1811705453	0.1811705453	-0.2475430136	0.2475430136	0.2525988888	-0.2525988888	0.2530681296	-0.2530681296	-0.3176526123	0.3176526123	-0.3395017557	0.3395017557	0.3457479896	-0.3457479896	0.3787593837	-0.3787593837	-0.4808920177	0.4808920177	-0.4969728883	0.4969728883	-0.5262874493	0.5262874493	-0.6077782331	0.6077782331	0.6359488427	-0.6359488427	0.6401201643	-0.6401201643	0.6793859532	-0.6793859532	0.7214995017	-0.7214995017	-0.8282885231	0.8282885231	-0.8515099019	0.8515099019	0.8573316802	-0.8573316802	-0.9131418932	0.9131418932	-0.9359454357	0.9359454357	0.9655488324	-0.9655488324	0.968946499	-0.968946499	0.9718154089	-0.9718154089	-0.9905619226	0.9905619226	1.007021072	-1.007021072	1.023688975	-1.023688975	1.043699643	-1.043699643	-1.054462394	1.054462394	-1.074348614	1.074348614	-1.093469497	1.093469497	-1.098538104	1.098538104	-1.138198189	1.138198189	1.157068403	-1.157068403	-1.173837224	1.173837224	-1.194696526	1.194696526	-1.199529779	1.199529779	1.20006103	-1.20006103	1.206536157	-1.206536157	-1.235573354	1.235573354	-1.256508349	1.256508349	-1.273236549	1.273236549	-1.279360893	1.279360893	-1.285510282	1.285510282	1.322840414	-1.322840414	-1.332892022	1.332892022	-1.333781518	1.333781518	-1.334645017	1.334645017	-1.355310878	1.355310878	-1.360920482	1.360920482	-1.362752038	1.362752038	-1.368030467	1.368030467	1.385392407	-1.385392407	-1.396547633	1.396547633	-1.409245606	1.409245606	1.418100588	-1.418100588	-1.436122851	1.436122851	1.453628742	-1.453628742	-1.461294701	1.461294701	-1.49057975	1.49057975	-1.507134936	1.507134936	1.527351313	-1.527351313	-1.545132419	1.545132419	1.548324412	-1.548324412	1.551961901	-1.551961901	1.555624476	-1.555624476	1.569385226	-1.569385226	-1.590698012	1.590698012	-1.613605642	1.613605642	1.620322142	-1.620322142	-1.636716253	1.636716253	1.64522561	-1.64522561	1.667725628	-1.667725628	1.698939874	-1.698939874	1.708984857	-1.708984857	1.729256073	-1.729256073	-1.733169384	1.733169384	-1.740205249	1.740205249	1.79146341	-1.79146341	-1.796851622	1.796851622	1.807876733	-1.807876733	1.822821753	-1.822821753	-1.849410166	1.849410166	1.890062589	-1.890062589	-1.907555809	1.907555809	-1.912433705	1.912433705	1.912847692	-1.912847692	-1.93434275	1.93434275	1.938315455	-1.938315455	
-0.52	0.0005428829451	-0.0005428829453	-0.1883381544	0.1883381544	0.2563002032	-0.2563002032	0.2606383889	-0.2606383889	0.2618132749	-0.2618132749	0.3261495594	-0.3261495594	0.3430594812	-0.3430594812	0.3541203645	-0.3541203645	0.3753602628	-0.3753602628	0.4889877052	-0.4889877052	-0.5041649677	0.5041649677	0.5346775081	-0.5346775081	0.6162242804	-0.6162242804	-0.6446773135	0.6446773135	0.6488709154	-0.6488709154	0.682297385	-0.682297385	0.7181040585	-0.7181040585	0.8246421545	-0.8246421545	-0.8513857242	0.8513857242	-0.8573312664	0.8573312664	0.9128161758	-0.9128161758	-0.9359571439	0.9359571439	-0.9622508736	0.9622508736	-0.9658873792	0.9658873792	0.9685684956	-0.9685684956	-0.9898240737	0.9898240737	-1.003345578	1.003345578	1.02660005	-1.02660005	1.040076868	-1.040076868	-1.054456053	1.054456053	1.074371224	-1.074371224	-1.09310287	1.09310287	1.098012481	-1.098012481	-1.134629765	1.134629765	1.154157892	-1.154157892	1.171221255	-1.171221255	1.194566506	-1.194566506	1.199491031	-1.199491031	-1.200052248	1.200052248	1.206439502	-1.206439502	1.232807641	-1.232807641	1.256170553	-1.256170553	1.273294933	-1.273294933	-1.279372367	1.279372367	1.285026739	-1.285026739	-1.323093684	1.323093684	-1.332644109	1.332644109	-1.333147406	1.333147406	1.334207342	-1.334207342	1.353108648	-1.353108648	-1.35779987	1.35779987	1.362306396	-1.362306396	-1.367728396	1.367728396	1.384532972	-1.384532972	1.396540933	-1.396540933	1.408602169	-1.408602169	1.417446504	-1.417446504	-1.435755893	1.435755893	1.453992662	-1.453992662	-1.461414129	1.461414129	1.490786951	-1.490786951	-1.507523693	1.507523693	1.527038828	-1.527038828	1.545134032	-1.545134032	1.548322828	-1.548322828	1.55182545	-1.55182545	1.555692193	-1.555692193	1.569437991	-1.569437991	1.590087563	-1.590087563	1.612613735	-1.612613735	-1.619160665	1.619160665	1.635812061	-1.635812061	1.644257691	-1.644257691	1.667980347	-1.667980347	1.698925533	-1.698925533	1.708989461	-1.708989461	1.729250544	-1.729250544	1.733113424	-1.733113424	-1.740289839	1.740289839	-1.792006068	1.792006068	1.797205373	-1.797205373	-1.806463348	1.806463348	1.822542274	-1.822542274	-1.849331046	1.849331046	1.890056554	-1.890056554	1.906305931	-1.906305931	-1.912475624	1.912475624	1.913015559	-1.913015559	1.934362425	-1.934362425	1.938402313	-1.938402313	
-0.51	0.003008055235	-0.003008055235	-0.1954962392	0.1954962392	0.2650318673	-0.2650318673	0.268664716	-0.268664716	0.2705356996	-0.2705356996	-0.3346216884	0.3346216884	0.3466148638	-0.3466148638	0.3624743458	-0.3624743458	0.37196021	-0.37196021	-0.4970672008	0.4970672008	-0.5113471375	0.5113471375	-0.5430361558	0.5430361558	0.6246310868	-0.6246310868	0.6533798501	-0.6533798501	0.6575951863	-0.6575951863	0.6851975884	-0.6851975884	0.7147077285	-0.7147077285	-0.8209237078	0.8209237078	-0.8512549812	0.8512549812	0.8573308127	-0.8573308127	-0.9124786501	0.9124786501	0.9359690287	-0.9359690287	-0.9588842615	0.9588842615	0.9627467908	-0.9627467908	0.965254278	-0.965254278	-0.9890797317	0.9890797317	0.9996174118	-0.9996174118	-1.029499755	1.029499755	-1.036394269	1.036394269	1.054448981	-1.054448981	-1.07439319	1.07439319	1.092739462	-1.092739462	-1.097493948	1.097493948	1.130985843	-1.130985843	-1.151179888	1.151179888	-1.168525258	1.168525258	-1.194429878	1.194429878	1.199455881	-1.199455881	-1.200043935	1.200043935	1.20634425	-1.20634425	1.22996843	-1.22996843	1.255820872	-1.255820872	1.273348123	-1.273348123	-1.279384	1.279384	-1.28449232	1.28449232	-1.323344659	1.323344659	1.332145229	-1.332145229	1.332754862	-1.332754862	-1.333658854	1.333658854	-1.350924663	1.350924663	-1.354596135	1.354596135	1.361894349	-1.361894349	1.367461014	-1.367461014	1.383707986	-1.383707986	-1.396534571	1.396534571	-1.407973653	1.407973653	-1.41680996	1.41680996	-1.435392527	1.435392527	1.454357759	-1.454357759	-1.461535751	1.461535751	-1.490995108	1.490995108	-1.507870421	1.507870421	1.526757238	-1.526757238	-1.545137662	1.545137662	1.548321067	-1.548321067	-1.551692974	1.551692974	-1.555761026	1.555761026	-1.569491125	1.569491125	1.589490843	-1.589490843	1.611622833	-1.611622833	-1.617998202	1.617998202	-1.634902761	1.634902761	1.64329008	-1.64329008	1.668232835	-1.668232835	-1.698911139	1.698911139	1.7089939	-1.7089939	-1.729245285	1.729245285	1.733057753	-1.733057753	-1.74037557	1.74037557	1.792537035	-1.792537035	1.797560068	-1.797560068	1.805060021	-1.805060021	-1.822265429	1.822265429	-1.849261682	1.849261682	1.890050381	-1.890050381	-1.905055578	1.905055578	-1.912527524	1.912527524	-1.913184124	1.913184124	-1.934382351	1.934382351	1.938462912	-1.938462912	
-0.5	0.006556544516	-0.006556544517	0.2026445295	-0.2026445295	0.2737366466	-0.2737366466	0.27667754	-0.27667754	0.2792343378	-0.2792343378	0.3430678173	-0.3430678173	0.3501677793	-0.3501677793	0.3685593656	-0.3685593656	0.3708090608	-0.3708090608	0.5051298907	-0.5051298907	0.5185191073	-0.5185191073	-0.5513619922	0.5513619922	0.632996699	-0.632996699	0.6620551828	-0.6620551828	0.6662917156	-0.6662917156	0.6880862995	-0.6880862995	0.7113106498	-0.7113106498	0.8171341306	-0.8171341306	0.8511173006	-0.8511173006	0.8573303167	-0.8573303167	-0.9121290848	0.9121290848	-0.9359810818	0.9359810818	0.9554494104	-0.9554494104	0.959525197	-0.959525197	0.9618730244	-0.9618730244	0.9883293127	-0.9883293127	0.9958382174	-0.9958382174	1.032386963	-1.032386963	1.032653894	-1.032653894	1.054441038	-1.054441038	1.074414282	-1.074414282	1.092379416	-1.092379416	1.096982396	-1.096982396	1.127268077	-1.127268077	1.148134042	-1.148134042	1.165749431	-1.165749431	1.194286242	-1.194286242	-1.199423902	1.199423902	1.200036075	-1.200036075	1.20625046	-1.20625046	1.227055962	-1.227055962	1.255459042	-1.255459042	1.273395019	-1.273395019	-1.279395785	1.279395785	1.283900604	-1.283900604	-1.32359292	1.32359292	1.331462245	-1.331462245	1.332537411	-1.332537411	-1.332964361	1.332964361	1.348832873	-1.348832873	1.351313115	-1.351313115	-1.361490811	1.361490811	-1.367223599	1.367223599	1.382914998	-1.382914998	-1.396528538	1.396528538	1.407360506	-1.407360506	1.416191116	-1.416191116	1.43503313	-1.43503313	1.454723655	-1.454723655	1.461659378	-1.461659378	1.491204163	-1.491204163	1.508170992	-1.508170992	1.52651127	-1.52651127	1.545143325	-1.545143325	1.548319137	-1.548319137	-1.551564546	1.551564546	1.555830986	-1.555830986	-1.569544584	1.569544584	1.588908023	-1.588908023	1.610633952	-1.610633952	-1.61683586	1.61683586	-1.633989171	1.633989171	1.642323738	-1.642323738	1.668482879	-1.668482879	1.698896705	-1.698896705	-1.708998171	1.708998171	-1.729240288	1.729240288	1.733002393	-1.733002393	1.740462374	-1.740462374	-1.793053657	1.793053657	1.797915348	-1.797915348	1.803670831	-1.803670831	1.821991297	-1.821991297	-1.849201091	1.849201091	1.89004407	-1.89004407	-1.903810292	1.903810292	1.912584832	-1.912584832	1.91335313	-1.91335313	-1.93440251	1.93440251	1.938498054	-1.938498054	
-0.49	0.01010245257	-0.01010245258	-0.2097827544	0.2097827544	0.2824129331	-0.2824129331	-0.284676777	0.284676777	0.2879081226	-0.2879081226	-0.3514867414	0.3514867414	0.353718095	-0.353718095	0.3651578767	-0.3651578767	0.3791236393	-0.3791236393	0.5131751536	-0.5131751536	-0.5256805854	0.5256805854	0.5596535336	-0.5596535336	-0.6413190192	0.6413190192	-0.6707019959	0.6707019959	0.6749592059	-0.6749592059	0.6909632444	-0.6909632444	0.7079129686	-0.7079129686	-0.8132744015	0.8132744015	0.8509722853	-0.8509722853	0.8573297759	-0.8573297759	0.9117672635	-0.9117672635	0.9359932942	-0.9359932942	0.951946803	-0.951946803	0.9562231373	-0.9562231373	0.9584250006	-0.9584250006	0.9875724079	-0.9875724079	0.9920106507	-0.9920106507	-1.028854302	1.028854302	1.035264106	-1.035264106	-1.054432044	1.054432044	-1.074434269	1.074434269	1.092022762	-1.092022762	-1.096477605	1.096477605	-1.123478213	1.123478213	-1.145020058	1.145020058	-1.162894136	1.162894136	1.194135183	-1.194135183	-1.19939473	1.19939473	1.20002865	-1.20002865	-1.206158188	1.206158188	1.224070599	-1.224070599	-1.255084831	1.255084831	-1.273434022	1.273434022	-1.279407716	1.279407716	1.283244485	-1.283244485	-1.323837893	1.323837893	1.330737591	-1.330737591	-1.332083313	1.332083313	-1.332352474	1.332352474	1.346898977	-1.346898977	1.347954668	-1.347954668	-1.361084349	1.361084349	1.367012816	-1.367012816	1.382152068	-1.382152068	-1.396522823	1.396522823	1.406763075	-1.406763075	1.415590086	-1.415590086	-1.434678055	1.434678055	1.455089973	-1.455089973	-1.461784822	1.461784822	-1.491414054	1.491414054	1.508421472	-1.508421472	-1.526305477	1.526305477	-1.545151041	1.545151041	1.548317043	-1.548317043	-1.551440226	1.551440226	-1.555902088	1.555902088	1.569598322	-1.569598322	-1.588339219	1.588339219	-1.6096481	1.6096481	-1.61567473	1.61567473	1.633072088	-1.633072088	1.641359618	-1.641359618	-1.668730274	1.668730274	1.698882242	-1.698882242	1.709002272	-1.709002272	-1.729235545	1.729235545	-1.732947356	1.732947356	1.740550179	-1.740550179	-1.793551656	1.793551656	1.798270852	-1.798270852	1.802301283	-1.802301283	1.821720054	-1.821720054	-1.849148404	1.849148404	1.890037616	-1.890037616	1.902573234	-1.902573234	1.912645327	-1.912645327	1.913522329	-1.913522329	1.934422884	-1.934422884	-1.938508593	1.938508593	
-0.48	0.01364563834	-0.01364563834	-0.2169106422	0.2169106422	-0.2910583979	0.2910583979	-0.292663055	0.292663055	-0.2965559812	0.2965559812	-0.3572656689	0.3572656689	-0.3598772248	0.3598772248	0.3617559009	-0.3617559009	0.3874172095	-0.3874172095	-0.5212023566	0.5212023566	-0.532831278	0.532831278	-0.5679092012	0.5679092012	0.6495957838	-0.6495957838	-0.6793189155	0.6793189155	-0.683596314	0.683596314	0.6938281383	-0.6938281383	-0.7045148396	0.7045148396	-0.8093455302	0.8093455302	-0.8508195118	0.8508195118	0.8573291875	-0.8573291875	-0.9113929874	0.9113929874	-0.9360056558	0.9360056558	-0.948377	0.948377	0.9528412485	-0.9528412485	-0.9549104709	0.9549104709	-0.986797286	0.986797286	-0.9881488798	0.9881488798	1.024999697	-1.024999697	1.038128068	-1.038128068	-1.054421779	1.054421779	-1.074452897	1.074452897	1.091669351	-1.091669351	-1.095979232	1.095979232	1.119618183	-1.119618183	-1.141837705	1.141837705	-1.159959929	1.159959929	1.193976265	-1.193976265	-1.199368053	1.199368053	-1.200021643	1.200021643	-1.206067486	1.206067486	1.221012825	-1.221012825	1.254698038	-1.254698038	-1.273462703	1.273462703	-1.279419784	1.279419784	-1.282516374	1.282516374	1.324078625	-1.324078625	-1.329999368	1.329999368	-1.330978021	1.330978021	-1.332170494	1.332170494	-1.344525579	1.344525579	1.345180513	-1.345180513	-1.360670083	1.360670083	-1.366825873	1.366825873	1.381417636	-1.381417636	-1.396517419	1.396517419	1.406181616	-1.406181616	1.415006943	-1.415006943	1.434327638	-1.434327638	-1.455456337	1.455456337	-1.461911904	1.461911904	1.491624715	-1.491624715	-1.508618361	1.508618361	-1.526143999	1.526143999	-1.545160833	1.545160833	-1.548314791	1.548314791	-1.551320064	1.551320064	1.555974354	-1.555974354	-1.569652292	1.569652292	1.587784498	-1.587784498	1.608666267	-1.608666267	-1.614515892	1.614515892	-1.632152296	1.632152296	-1.640398661	1.640398661	-1.668974825	1.668974825	1.698867763	-1.698867763	-1.709006198	1.709006198	1.729231046	-1.729231046	-1.732892642	1.732892642	1.740638911	-1.740638911	-1.794023086	1.794023086	-1.798626222	1.798626222	-1.800960384	1.800960384	1.821451953	-1.821451953	-1.849102855	1.849102855	-1.890031011	1.890031011	-1.901346533	1.901346533	-1.91270779	1.91270779	1.913691475	-1.913691475	-1.934443455	1.934443455	-1.938495434	1.938495434	
-0.47	0.01718595107	-0.01718595107	-0.2240279197	0.2240279197	-0.2996677454	0.2996677454	0.3006399542	-0.3006399542	-0.3051768307	0.3051768307	0.358353594	-0.358353594	-0.360810349	0.360810349	-0.3682380067	0.3682380067	0.3956888931	-0.3956888931	-0.5292108518	0.5292108518	-0.5399708887	0.5399708887	0.5761273085	-0.5761273085	-0.6578245394	0.6578245394	0.6879044956	-0.6879044956	0.6922016398	-0.6922016398	-0.6966806855	0.6966806855	0.7011164274	-0.7011164274	-0.8053485589	0.8053485589	0.8506585288	-0.8506585288	-0.8573285487	0.8573285487	0.9110060772	-0.9110060772	-0.9360181555	0.9360181555	0.9447406516	-0.9447406516	-0.9493802793	0.9493802794	-0.9513297017	0.9513297017	-0.9841803999	0.9841803999	-0.9860790874	0.9860790874	1.021090591	-1.021090591	1.040979536	-1.040979536	-1.054409957	1.054409957	-1.074469886	1.074469886	-1.091318728	1.091318728	-1.095486787	1.095486787	1.115690241	-1.115690241	-1.138586819	1.138586819	-1.156947593	1.156947593	1.193809022	-1.193809022	-1.199343602	1.199343602	1.200015032	-1.200015032	1.205978399	-1.205978399	1.217883264	-1.217883264	1.254298492	-1.254298492	-1.273477177	1.273477177	1.279431982	-1.279431982	-1.281708716	1.281708716	1.324313055	-1.324313055	-1.329254538	1.329254538	1.329628388	-1.329628388	-1.331979202	1.331979202	-1.341034204	1.341034204	1.343716425	-1.343716425	1.36024651	-1.36024651	-1.366660215	1.366660215	1.380710426	-1.380710426	1.396512316	-1.396512316	1.405616292	-1.405616292	1.41444172	-1.41444172	1.433982192	-1.433982192	-1.455822372	1.455822372	-1.462040448	1.462040448	-1.491836075	1.491836075	-1.508758848	1.508758848	1.526030294	-1.526030294	-1.545172727	1.545172727	1.54831239	-1.54831239	1.551204104	-1.551204104	1.556047811	-1.556047811	1.569706446	-1.569706446	1.587243885	-1.587243885	1.607689429	-1.607689429	-1.613360409	1.613360409	-1.631230557	1.631230557	1.639441801	-1.639441801	1.669216346	-1.669216346	1.698853282	-1.698853282	-1.709009948	1.709009948	-1.729226781	1.729226781	-1.732838244	1.732838244	1.740728493	-1.740728493	1.794450524	-1.794450524	1.798981096	-1.798981096	-1.799666479	1.799666479	-1.821187305	1.821187305	1.849063763	-1.849063763	1.890024238	-1.890024238	-1.900131808	1.900131808	-1.912771494	1.912771494	1.913860332	-1.913860332	-1.934464201	1.934464201	-1.938459525	1.938459525	
-0.46	0.02072322927	-0.02072322927	-0.2311343122	0.2311343122	-0.3082112704	0.3082112704	0.3086354427	-0.3086354427	0.3137695739	-0.3137695739	0.354951141	-0.354951141	0.3643519727	-0.3643519727	-0.3765677651	0.3765677651	0.403937802	-0.403937802	-0.5371999718	0.5371999718	-0.5470991178	0.5470991178	0.5843060456	-0.5843060456	0.6660026134	-0.6660026134	-0.696457199	0.696457199	0.6977179053	-0.6977179053	0.6995205798	-0.6995205798	-0.700773714	0.700773714	-0.8012845635	0.8012845635	-0.8504888551	0.8504888551	-0.8573278563	0.8573278563	-0.9106063755	0.9106063755	-0.9360307801	0.9360307801	0.9410385121	-0.9410385121	0.9458410997	-0.9458410997	0.9476829733	-0.9476829733	-0.9802204396	0.9802204396	0.9853054335	-0.9853054335	1.017128653	-1.017128653	1.043818183	-1.043818183	-1.054396205	1.054396205	1.074484909	-1.074484909	-1.090969869	1.090969869	-1.094999599	1.094999599	-1.111697262	1.111697262	1.135267313	-1.135267313	1.153858182	-1.153858182	-1.193632961	1.193632961	-1.199321143	1.199321143	-1.200008788	1.200008788	-1.205890974	1.205890974	1.214682685	-1.214682685	1.25388606	-1.25388606	1.27347082	-1.27347082	1.2794443	-1.2794443	-1.280815226	1.280815226	-1.324534755	1.324534755	1.328048221	-1.328048221	-1.328506058	1.328506058	1.33175493	-1.33175493	1.337504098	-1.337504098	1.342515711	-1.342515711	-1.359813943	1.359813943	1.366513444	-1.366513444	1.380029372	-1.380029372	-1.396507508	1.396507508	-1.405067181	1.405067181	1.413894421	-1.413894421	-1.433642009	1.433642009	-1.456187704	1.456187704	-1.462170285	1.462170285	-1.492048058	1.492048058	-1.508841073	1.508841073	-1.525966877	1.525966877	-1.545186754	1.545186754	-1.548309846	1.548309846	-1.551092383	1.551092383	-1.556122489	1.556122489	-1.569760734	1.569760734	-1.586717363	1.586717363	1.606718545	-1.606718545	-1.61220933	1.61220933	-1.630307617	1.630307617	1.638489959	-1.638489959	1.669454662	-1.669454662	-1.698838812	1.698838812	-1.709013519	1.709013519	-1.72922274	1.72922274	-1.732784141	1.732784141	-1.740818844	1.740818844	1.794787546	-1.794787546	-1.798466805	1.798466805	1.799335114	-1.799335114	1.820926474	-1.820926474	-1.849030527	1.849030527	1.890017271	-1.890017271	1.898930402	-1.898930402	-1.912835967	1.912835967	-1.914028666	1.914028666	1.934485102	-1.934485102	-1.938401862	1.938401862	
-0.45	0.02425729953	-0.02425729953	-0.2382295435	0.2382295435	0.3164333824	-0.3164333824	0.3169033474	-0.3169033474	0.3223330947	-0.3223330947	0.3515487243	-0.3515487243	0.3678903649	-0.3678903649	-0.3848651416	0.3848651416	0.4121630339	-0.4121630339	-0.5451690238	0.5451690238	-0.554215662	0.554215662	0.5924434624	-0.5924434624	0.6741270797	-0.6741270797	0.6943194649	-0.6943194649	0.7023474841	-0.7023474841	0.7049753962	-0.7049753962	-0.709310973	0.709310973	-0.7971546585	0.7971546585	-0.8503099785	0.8503099785	-0.857327107	0.857327107	-0.910193747	0.9101937471	-0.9360435112	0.9360435112	0.9372714581	-0.9372714581	-0.9422247028	0.9422247028	0.9439706035	-0.9439706035	-0.976209118	0.976209118	-0.9845392891	0.9845392891	1.01311572	-1.01311572	1.046643673	-1.046643673	-1.054380029	1.054380029	-1.074497582	1.074497582	1.090620552	-1.090620552	1.094516777	-1.094516777	-1.107643407	1.107643407	-1.13187918	1.13187918	-1.150693081	1.150693081	1.193447553	-1.193447553	-1.199300472	1.199300472	-1.20000286	1.20000286	-1.205805248	1.205805248	-1.211412033	1.211412033	1.253460648	-1.253460648	1.273431504	-1.273431504	1.279456731	-1.279456731	-1.279833706	1.279833706	-1.324703922	1.324703922	-1.326315629	1.326315629	1.327755766	-1.327755766	-1.331361469	1.331361469	1.334072335	-1.334072335	-1.341556797	1.341556797	-1.359373676	1.359373676	-1.36638332	1.36638332	-1.37937356	1.37937356	1.396502987	-1.396502987	1.404534282	-1.404534282	1.413365016	-1.413365016	-1.433307363	1.433307363	-1.456551961	1.456551961	-1.462301248	1.462301248	1.492260582	-1.492260582	-1.508864317	1.508864317	-1.525955117	1.525955117	-1.545202947	1.545202947	1.548307165	-1.548307165	1.550984934	-1.550984934	1.556198425	-1.556198425	-1.569815104	1.569815104	-1.58620488	1.58620488	1.605754558	-1.605754558	-1.611063685	1.611063685	-1.629384201	1.629384201	1.637544042	-1.637544042	-1.669689605	1.669689605	1.698824368	-1.698824368	-1.709016908	1.709016908	-1.729218913	1.729218913	-1.732730304	1.732730304	1.740909881	-1.740909881	-1.794891217	1.794891217	-1.797505007	1.797505007	-1.799687917	1.799687917	-1.820669861	1.820669861	-1.849002616	1.849002616	1.890010059	-1.890010059	-1.897743508	1.897743508	-1.912900882	1.912900882	1.91419625	-1.91419625	-1.934506134	1.934506134	1.938323476	-1.938323476	
-0.44	0.02778797522	-0.02778797522	-0.2453133352	0.2453133352	-0.3243861336	0.3243861337	-0.3253898169	0.3253898169	-0.3308662537	0.3308662537	-0.3481465444	0.3481465444	0.3714253373	-0.3714253373	-0.3931287152	0.3931287152	0.4203636678	-0.4203636678	0.5531172828	-0.5531172828	-0.5613202136	0.5613202136	-0.6005374473	0.6005374473	-0.6821947158	0.6821947158	0.6909213049	-0.6909213049	0.7051610915	-0.7051610915	-0.7134572767	0.7134572767	-0.7178117487	0.7178117487	0.7929600035	-0.7929600035	-0.8501213536	0.8501213536	-0.8573262968	0.8573262968	0.909768076	-0.909768076	0.9334405122	-0.9334405122	-0.9360563004	0.9360563004	-0.9385322101	0.9385322101	-0.9401929946	0.9401929946	-0.9721558704	0.9721558704	0.9837745641	-0.9837745641	1.009053841	-1.009053841	1.049455657	-1.049455657	1.054360753	-1.054360753	-1.07450744	1.07450744	-1.090265636	1.090265636	-1.094037151	1.094037151	-1.103535902	1.103535902	-1.1284225	1.1284225	-1.147454081	1.147454081	-1.193252223	1.193252223	-1.199281411	1.199281411	1.199997136	-1.199997136	-1.205721259	1.205721259	-1.208072478	1.208072478	1.253022207	-1.253022207	-1.273335097	1.273335097	-1.278772739	1.278772739	-1.279469264	1.279469264	1.32407477	-1.32407477	-1.325233968	1.325233968	-1.327005091	1.327005091	-1.329507338	1.329507338	-1.332031575	1.332031575	-1.340799448	1.340799448	-1.358927509	1.358927509	-1.366267791	1.366267791	1.378742193	-1.378742193	-1.396498745	1.396498745	1.404017521	-1.404017521	1.41285345	-1.41285345	-1.432978507	1.432978507	-1.456914773	1.456914773	-1.462433175	1.462433175	1.49247356	-1.49247356	-1.508829122	1.508829122	-1.525995116	1.525995116	1.545221344	-1.545221344	1.548304354	-1.548304354	-1.550881789	1.550881789	-1.556275657	1.556275657	1.569869505	-1.569869505	-1.585706353	1.585706353	1.604798391	-1.604798391	-1.609924491	1.609924491	-1.628461014	1.628461014	-1.636604946	1.636604946	1.669921019	-1.669921019	1.698809962	-1.698809962	1.709020115	-1.709020115	-1.729215289	1.729215289	1.732676695	-1.732676695	-1.741001518	1.741001518	-1.794469667	1.794469667	-1.797073587	1.797073587	-1.800039146	1.800039146	-1.820417902	1.820417902	1.848979555	-1.848979555	1.890002517	-1.890002517	-1.89657224	1.89657224	-1.912966002	1.912966002	1.914362863	-1.914362863	-1.934527272	1.934527272	-1.938225438	1.938225438	
-0.43	0.031315055	-0.031315055	-0.2523854067	0.2523854067	-0.3322944307	0.3322944307	0.3338681008	-0.3338681008	0.3393678828	-0.3393678828	0.3447448215	-0.3447448215	0.3749566867	-0.3749566867	0.4013569978	-0.4013569978	0.4285387603	-0.4285387603	0.5610439832	-0.5610439832	-0.5684124598	0.5684124598	-0.6085857041	0.6085857041	0.687523613	-0.687523613	0.6902019838	-0.6902019838	0.7079610353	-0.7079610353	0.7219009032	-0.7219009032	0.7262742247	-0.7262742247	-0.7887018164	0.7887018164	-0.8499224004	0.8499224004	-0.8573254219	0.8573254219	0.9093292577	-0.9093292577	0.9295468738	-0.9295468738	-0.9347646602	0.9347646602	-0.9360682163	0.9360682163	0.9363517377	-0.9363517377	-0.9680642268	0.9680642268	0.9830113675	-0.9830113676	1.004945307	-1.004945307	1.052253766	-1.052253766	-1.054337431	1.054337431	-1.074513916	1.074513916	-1.089891134	1.089891134	-1.093559191	1.093559191	-1.099391055	1.099391055	1.124897453	-1.124897453	1.144143491	-1.144143491	-1.193046337	1.193046337	-1.199263802	1.199263802	-1.199991195	1.199991195	1.204665686	-1.204665686	1.20563904	-1.20563904	1.252570735	-1.252570735	-1.273129835	1.273129835	1.27766773	-1.27766773	-1.279481889	1.279481889	-1.322172059	1.322172059	1.325340394	-1.325340394	-1.325976747	1.325976747	-1.326255858	1.326255858	1.331598327	-1.331598327	-1.34019954	1.34019954	-1.358477469	1.358477469	-1.366165005	1.366165005	-1.378134554	1.378134554	1.396494775	-1.396494775	1.403516759	-1.403516759	-1.412359642	1.412359642	1.432655674	-1.432655674	-1.457275773	1.457275773	1.462565909	-1.462565909	-1.492686898	1.492686898	-1.508737274	1.508737274	-1.52608572	1.52608572	-1.545241985	1.545241985	-1.548301422	1.548301422	1.55078298	-1.55078298	1.55635423	-1.55635423	1.569923884	-1.569923884	1.58522167	-1.58522167	1.603850949	-1.603850949	1.608792744	-1.608792744	-1.627538743	1.627538743	-1.635673551	1.635673551	1.670148753	-1.670148753	1.69879561	-1.69879561	-1.709023137	1.709023137	-1.729211856	1.729211856	1.732623263	-1.732623263	-1.741093666	1.741093666	1.793541729	-1.793541729	1.79715427	-1.79715427	-1.800388445	1.800388445	1.820171061	-1.820171061	-1.848960926	1.848960926	1.889994483	-1.889994483	1.895417706	-1.895417706	1.913031145	-1.913031145	1.91452829	-1.91452829	-1.934548487	1.934548487	1.93810885	-1.93810885	
-0.42	0.03483832117	-0.03483832117	-0.2594454753	0.2594454753	-0.3401790134	0.3401790134	0.3413440527	-0.3413440527	-0.3423153065	0.3423153065	0.3478367808	-0.3478367808	0.3784841931	-0.3784841931	-0.4095484242	0.4095484242	0.4366873401	-0.4366873401	0.568948307	-0.568948307	0.5754920826	-0.5754920826	0.6165857229	-0.6165857229	0.6841266834	-0.6841266834	-0.6981448485	0.6981448485	0.7107469534	-0.7107469534	0.7303041021	-0.7303041021	-0.7346963905	0.7346963905	0.7843813997	-0.7843813997	0.849712503	-0.849712503	0.8573244775	-0.8573244775	-0.9088771768	0.9088771768	0.9255919604	-0.9255919604	-0.9309236808	0.9309236808	0.9324439359	-0.9324439359	-0.9360825065	0.9360825065	-0.9639373756	0.9639373756	0.9822504862	-0.9822504862	1.000792703	-1.000792703	-1.054308697	1.054308697	1.055037612	-1.055037612	-1.074516302	1.074516302	1.089445121	-1.089445121	-1.093080889	1.093080889	1.095263496	-1.095263496	1.121304319	-1.121304319	1.140764286	-1.140764286	-1.192829136	1.192829136	1.199247507	-1.199247507	1.199979885	-1.199979885	-1.201198313	1.201198313	1.20555862	-1.20555862	-1.252106286	1.252106286	1.27270454	-1.27270454	1.276613324	-1.276613324	-1.279494597	1.279494597	-1.320144708	1.320144708	1.322176714	-1.322176714	1.325507792	-1.325507792	-1.325542504	1.325542504	-1.331368364	1.331368364	1.339718314	-1.339718314	1.358025642	-1.358025642	-1.366073323	1.366073323	1.377549986	-1.377549986	1.396491069	-1.396491069	1.403031799	-1.403031799	1.411883493	-1.411883493	-1.432339081	1.432339081	-1.457634596	1.457634596	-1.462699295	1.462699295	-1.492900494	1.492900494	-1.508591683	1.508591683	1.526224632	-1.526224632	1.545264912	-1.545264912	1.548298374	-1.548298374	1.55068854	-1.55068854	1.556434189	-1.556434189	-1.569978185	1.569978185	-1.584750696	1.584750696	1.602913118	-1.602913118	-1.607669426	1.607669426	1.626618053	-1.626618053	1.634750723	-1.634750723	1.670372666	-1.670372666	1.698781327	-1.698781327	1.709025972	-1.709025972	-1.729208604	1.729208604	1.732569952	-1.732569952	1.741186231	-1.741186231	1.792412963	-1.792412963	1.797442002	-1.797442002	-1.80073546	1.80073546	1.819929825	-1.819929825	-1.848946357	1.848946357	1.889985623	-1.889985623	1.894281127	-1.894281127	1.913096161	-1.913096161	-1.914692319	1.914692319	1.93456975	-1.93456975	-1.937974843	1.937974843	
-0.41	0.03835753773	-0.03835753773	-0.2664932556	0.2664932556	0.3379435586	-0.3379435586	-0.3480437566	0.3480437566	0.3507265458	-0.3507265458	0.3562717069	-0.3562717069	0.3820076182	-0.3820076182	-0.4177013412	0.4177013412	-0.4448084037	0.4448084037	-0.5768293688	0.5768293688	-0.5825587573	0.5825587573	-0.6245347471	0.6245347471	0.6807307164	-0.6807307164	0.7060189025	-0.7060189025	0.7135184646	-0.7135184646	-0.7386644252	0.7386644252	-0.7430759445	0.7430759445	-0.7800002062	0.7800002062	-0.8494910075	0.8494910075	-0.8573234588	0.8573234588	-0.9084116542	0.9084116542	-0.9215774637	0.9215774637	-0.9270104143	0.9270104143	-0.9284744568	0.9284744568	-0.9360955205	0.9360955205	-0.9597787223	0.9597787223	-0.9814928789	0.9814928789	0.9965989556	-0.9965989556	-1.054272502	1.054272502	1.057806774	-1.057806774	-1.074513706	1.074513706	-1.0885844	1.0885844	1.091499774	-1.091499774	-1.092599597	1.092599597	-1.117643497	1.117643497	-1.137320326	1.137320326	1.192599457	-1.192599457	-1.197646202	1.197646202	-1.199232404	1.199232404	1.199989411	-1.199989411	-1.205480027	1.205480027	-1.251628974	1.251628974	-1.271877163	1.271877163	-1.275775756	1.275775756	-1.279507374	1.279507374	1.318125408	-1.318125408	-1.318272935	1.318272935	1.324763386	-1.324763386	-1.325754971	1.325754971	1.331176007	-1.331176007	-1.339325347	1.339325347	-1.357574081	1.357574081	-1.365991308	1.365991308	1.376987874	-1.376987874	-1.396487621	1.396487621	1.402562392	-1.402562392	-1.411424879	1.411424879	1.432028924	-1.432028924	-1.457990881	1.457990881	-1.462833179	1.462833179	-1.493114242	1.493114242	-1.508396164	1.508396164	-1.526408625	1.526408625	-1.545290173	1.545290173	1.548295218	-1.548295218	1.550598505	-1.550598505	1.556515585	-1.556515585	1.570032353	-1.570032353	-1.584293276	1.584293276	-1.601985764	1.601985764	-1.606555499	1.606555499	-1.62569959	1.62569959	1.633837313	-1.633837313	1.670592627	-1.670592627	-1.698767127	1.698767127	-1.709028619	1.709028619	-1.72920552	1.72920552	1.732516692	-1.732516692	-1.74127912	1.74127912	1.79122642	-1.79122642	-1.797794179	1.797794179	1.801079837	-1.801079837	-1.819694698	1.819694698	-1.848935517	1.848935517	1.889975149	-1.889975149	-1.893164127	1.893164127	-1.913160927	1.913160927	-1.914854748	1.914854748	-1.934591025	1.934591025	1.937824575	-1.937824575	
-0.4	0.04187244829	-0.04187244829	-0.2735284593	0.2735284593	0.3345446343	-0.3345446343	-0.3558881515	0.3558881515	-0.3590992967	0.3590992967	0.364671375	-0.364671375	0.3855267028	-0.3855267028	0.4258139955	-0.4258139955	-0.4529009088	0.4529009088	-0.5846861956	0.5846861956	0.5896121524	-0.5896121524	-0.6324297335	0.6324297335	0.677335994	-0.677335994	-0.7138190934	0.7138190934	0.7162751696	-0.7162751696	0.7469790662	-0.7469790662	-0.7514100245	0.7514100245	-0.7755600707	0.7755600707	-0.8492572208	0.8492572208	-0.8573223601	0.8573223601	0.907932308	-0.907932308	0.917505428	-0.917505428	-0.9230264351	0.9230264351	0.924443316	-0.924443316	-0.9361086075	0.9361086075	-0.9555920672	0.9555920672	0.9807395668	-0.9807395668	-0.9923674004	0.9923674004	-1.054225634	1.054225634	1.060560797	-1.060560797	1.074504981	-1.074504981	-1.085726109	1.085726109	1.089687219	-1.089687219	-1.092111786	1.092111786	-1.113915518	1.113915518	-1.133816672	1.133816672	-1.192352048	1.192352048	1.194052744	-1.194052744	-1.199218382	1.199218382	1.199982679	-1.199982679	-1.205403285	1.205403285	1.251138978	-1.251138978	-1.270532168	1.270532168	-1.275256525	1.275256525	1.279520211	-1.279520211	1.314291916	-1.314291916	-1.31616159	1.31616159	-1.324023378	1.324023378	-1.325968084	1.325968084	1.330996528	-1.330996528	-1.338998039	1.338998039	-1.357124747	1.357124747	-1.365917712	1.365917712	-1.376447636	1.376447636	-1.396484424	1.396484424	1.40210825	-1.40210825	1.410983662	-1.410983662	-1.431725383	1.431725383	-1.458344267	1.458344267	-1.462967412	1.462967412	-1.493328026	1.493328026	-1.508155172	1.508155172	1.526633807	-1.526633807	-1.545317815	1.545317815	1.548291961	-1.548291961	-1.550512917	1.550512917	1.55659847	-1.55659847	-1.570086331	1.570086331	1.58384924	-1.58384924	1.601069732	-1.601069732	1.605451907	-1.605451907	-1.624783978	1.624783978	-1.632934153	1.632934153	-1.67080851	1.67080851	1.698753027	-1.698753027	1.709031077	-1.709031077	1.729202594	-1.729202594	-1.732463408	1.732463408	1.741372232	-1.741372232	-1.790028437	1.790028437	-1.79816488	1.79816488	1.801421227	-1.801421227	1.819466199	-1.819466199	1.848928113	-1.848928113	1.889960674	-1.889960674	1.892069891	-1.892069891	1.913225336	-1.913225336	-1.915015377	1.915015377	-1.934612272	1.934612272	1.937659227	-1.937659227	
-0.39	0.0453827736	-0.0453827736	-0.2805507954	0.2805507954	0.3311471784	-0.3311471784	0.3637124967	-0.3637124967	0.3674315761	-0.3674315761	-0.3730344469	0.3730344469	0.3890411647	-0.3890411647	0.43388452	-0.43388452	-0.4609637692	0.4609637692	-0.5925176974	0.5925176974	0.596651928	-0.596651928	-0.6402673045	0.6402673045	0.6739428104	-0.6739428104	0.7190166502	-0.7190166502	-0.7215396586	0.7215396586	-0.7552447468	0.7552447468	0.7596935351	-0.7596935351	0.7710648406	-0.7710648406	-0.8490104097	0.8490104097	0.857321175	-0.857321175	-0.9074381404	0.9074381404	-0.9133783623	0.9133783623	-0.9189737277	0.9189737277	0.920352599	-0.920352599	0.9361217093	-0.9361217093	0.9513817316	-0.9513817316	0.9799915965	-0.9799915965	0.9881018613	-0.9881018613	-1.054162762	1.054162762	1.063299158	-1.063299158	-1.07448864	1.07448864	-1.081583561	1.081583561	1.089119035	-1.089119035	-1.091612694	1.091612694	-1.110121073	1.110121073	-1.130260052	1.130260052	1.190369518	-1.190369518	1.19211781	-1.19211781	1.199205344	-1.199205344	-1.199978417	1.199978417	1.205328414	-1.205328414	-1.250636552	1.250636552	1.268734158	-1.268734158	-1.27497987	1.27497987	-1.279533095	1.279533095	1.310242076	-1.310242076	-1.314284559	1.314284559	1.32328887	-1.32328887	1.326179201	-1.326179201	1.330822954	-1.330822954	-1.338719981	1.338719981	-1.356679483	1.356679483	1.365851462	-1.365851462	1.37592871	-1.37592871	1.39648147	-1.39648147	1.401669046	-1.401669046	1.410559687	-1.410559687	-1.431428622	1.431428622	-1.458694401	1.458694401	-1.463101847	1.463101847	-1.493541724	1.493541724	-1.507873529	1.507873529	-1.526895886	1.526895886	-1.545347888	1.545347888	1.548288611	-1.548288611	1.550431827	-1.550431827	1.556682901	-1.556682901	1.57014006	-1.57014006	-1.583418403	1.583418403	1.600165845	-1.600165845	-1.604359578	1.604359578	-1.623871821	1.623871821	-1.632042061	1.632042061	1.671020197	-1.671020197	1.698739041	-1.698739041	-1.709033346	1.709033346	-1.729199815	1.729199815	1.732410012	-1.732410012	-1.741465467	1.741465467	1.788836578	-1.788836578	-1.798536917	1.798536917	1.801759284	-1.801759284	-1.819244853	1.819244853	-1.848923887	1.848923887	1.889930582	-1.889930582	-1.891010797	1.891010797	-1.91328929	1.91328929	1.915174013	-1.915174013	1.934633445	-1.934633445	1.937479998	-1.937479998	
-0.38	0.04888820874	-0.04888820874	-0.2875599698	0.2875599698	0.3277515164	-0.3277515164	-0.3715164761	0.3715164761	0.3757215315	-0.3757215315	0.3813595242	-0.3813595242	0.3925506959	-0.3925506959	0.4419109177	-0.4419109177	0.4689958467	-0.4689958467	0.6003226266	-0.6003226266	-0.6036777351	0.6036777351	-0.6480436911	0.6480436911	0.6705514854	-0.6705514854	0.7217424675	-0.7217424675	-0.7291738966	0.7291738966	0.7634575545	-0.7634575545	-0.7664402065	0.7664402065	-0.7679992928	0.7679992928	-0.8487497997	0.8487497997	-0.8573198963	0.8573198963	0.9069259651	-0.9069259651	0.9091994049	-0.9091994049	-0.9148561078	0.9148561078	0.9162053048	-0.9162053048	0.9361347739	-0.9361347739	-0.9471526957	0.9471526957	0.9792500228	-0.9792500228	0.9838067492	-0.9838067492	-1.054074403	1.054074403	1.066021193	-1.066021193	-1.074462753	1.074462753	-1.077218333	1.077218333	1.088744215	-1.088744215	-1.09109579	1.09109579	-1.106261065	1.106261065	-1.126659561	1.126659561	1.186652936	-1.186652936	-1.19184349	1.19184349	1.199193203	-1.199193203	-1.199974863	1.199974863	-1.205255433	1.205255433	1.250122027	-1.250122027	-1.266587278	1.266587278	-1.274834304	1.274834304	-1.279546012	1.279546012	-1.306127585	1.306127585	-1.312515711	1.312515711	1.322560954	-1.322560954	1.326387256	-1.326387256	-1.330652613	1.330652613	1.33847932	-1.33847932	1.356239995	-1.356239995	-1.365791634	1.365791634	1.375430554	-1.375430554	-1.396478754	1.396478754	1.401244425	-1.401244425	-1.410152785	1.410152785	-1.431138787	1.431138787	1.459040931	-1.459040931	-1.463236338	1.463236338	-1.493755204	1.493755204	-1.507556181	1.507556181	-1.527190413	1.527190413	1.545380442	-1.545380442	1.548285173	-1.548285173	-1.550355292	1.550355292	1.556768936	-1.556768936	1.570193483	-1.570193483	1.583000571	-1.583000571	1.599274908	-1.599274908	-1.603279422	1.603279422	-1.622963705	1.622963705	-1.631161836	1.631161836	-1.671227579	1.671227579	1.698725185	-1.698725185	-1.709035423	1.709035423	1.729197171	-1.729197171	1.73235641	-1.73235641	-1.74155872	1.74155872	-1.787658985	1.787658985	-1.798902508	1.798902508	-1.802093664	1.802093664	-1.819031188	1.819031188	-1.848922607	1.848922607	1.88971403	-1.88971403	-1.890158416	1.890158416	1.913352701	-1.913352701	-1.915330468	1.915330468	-1.934654485	1.934654485	1.93728811	-1.93728811	
-0.37	0.05238841997	-0.05238841997	-0.2945556849	0.2945556849	0.3243579944	-0.3243579944	0.3792996913	-0.3792996913	-0.3839673072	0.3839673072	-0.3896451393	0.3896451393	0.3960549599	-0.3960549599	0.4498910444	-0.4498910444	0.4769959435	-0.4769959435	0.6080995178	-0.6080995178	-0.6106892142	0.6106892142	0.6557546637	-0.6557546637	0.6671623683	-0.6671623683	0.7244521603	-0.7244521603	0.7367136824	-0.7367136824	-0.7618853365	0.7618853365	0.7716127057	-0.7716127057	-0.7761265415	0.7761265416	0.8484745747	-0.8484745747	-0.8573185155	0.8573185155	-0.9049725748	0.9049725748	0.9063808209	-0.9063808209	-0.9106881822	0.9106881822	0.9120061615	-0.9120061615	-0.936147685	0.936147685	-0.9429108063	0.9429108063	0.978515899	-0.978515899	-0.9794871852	0.9794871852	-1.053942065	1.053942065	1.068725822	-1.068725822	-1.072790937	1.072790937	1.074424952	-1.074424952	-1.08842161	1.08842161	-1.090551981	1.090551981	-1.102336726	1.102336726	1.12302774	-1.12302774	-1.182874387	1.182874387	1.191559551	-1.191559551	-1.19918188	1.19918188	-1.19997176	1.19997176	-1.205184358	1.205184358	-1.249595819	1.249595819	1.264153413	-1.264153413	-1.274755	1.274755	-1.279558949	1.279558949	1.301951235	-1.301951235	-1.310868333	1.310868333	1.321840707	-1.321840707	1.326591706	-1.326591706	-1.330484283	1.330484283	-1.338267463	1.338267463	1.355807853	-1.355807853	-1.365737438	1.365737438	1.374952636	-1.374952636	-1.396476268	1.396476268	1.400834011	-1.400834011	1.409762776	-1.409762776	1.430856011	-1.430856011	-1.459383511	1.459383511	-1.463370742	1.463370742	-1.493968328	1.493968328	1.507207994	-1.507207994	1.527512976	-1.527512976	-1.545415525	1.545415525	1.548281656	-1.548281656	1.550283383	-1.550283383	-1.556856635	1.556856635	1.57024654	-1.57024654	1.582595542	-1.582595542	1.598397701	-1.598397701	-1.602212331	1.602212331	1.622060194	-1.622060194	1.630294257	-1.630294257	1.671430553	-1.671430553	1.698711475	-1.698711475	-1.709037309	1.709037309	1.729194651	-1.729194651	1.732302499	-1.732302499	-1.741651884	1.741651884	-1.786500121	1.786500121	-1.799257531	1.799257531	-1.80242403	1.80242403	-1.818825727	1.818825727	1.848924071	-1.848924071	1.888818358	-1.888818358	1.89000611	-1.89000611	-1.913415486	1.913415486	1.91548456	-1.91548456	1.934675321	-1.934675321	1.937084805	-1.937084805	
-0.36	0.05588304096	-0.05588304096	-0.3015376398	0.3015376398	0.3209669889	-0.3209669889	-0.3870617001	0.3870617001	-0.3921669864	0.3921669864	0.3978897317	-0.3978897317	0.399553602	-0.399553602	-0.4578225877	0.4578225877	0.4849627932	-0.4849627932	-0.6158465961	0.6158465961	-0.6176859937	0.6176859937	-0.6633954489	0.6633954489	0.6637758424	-0.6637758424	0.7271452437	-0.7271452437	0.7441472273	-0.7441472273	-0.7572304999	0.7572304999	-0.7797041879	0.7797041879	-0.7842450856	0.7842450856	-0.8481838767	0.8481838767	-0.8573170227	0.8573170227	0.900703167	-0.900703167	-0.9055543266	0.9055543266	-0.906708896	0.906708896	0.9077699813	-0.9077699813	-0.9361596891	0.9361596891	-0.9386635503	0.9386635503	0.9751491555	-0.9751491555	0.9777902687	-0.9777902687	-1.053725106	1.053725106	-1.068371473	1.068371473	1.071409739	-1.071409739	-1.074373784	1.074373784	-1.08812206	1.08812206	-1.089968392	1.089968392	-1.098349993	1.098349993	-1.119382234	1.119382234	-1.179041048	1.179041048	1.191260728	-1.191260728	-1.199171303	1.199171303	-1.199969026	1.199969026	-1.205115203	1.205115203	-1.249058434	1.249058434	-1.261465534	1.261465534	-1.274710549	1.274710549	-1.279571892	1.279571892	1.297715306	-1.297715306	1.309348785	-1.309348785	1.321129186	-1.321129186	1.326792221	-1.326792221	1.330317343	-1.330317343	-1.338078125	1.338078125	-1.355384487	1.355384487	-1.365688197	1.365688197	1.374494433	-1.374494433	-1.396474006	1.396474006	-1.400437412	1.400437412	1.409389465	-1.409389465	1.430580411	-1.430580411	1.459721799	-1.459721799	-1.463504917	1.463504917	1.494180948	-1.494180948	1.506833619	-1.506833619	1.527859342	-1.527859342	-1.545453184	1.545453184	1.548278066	-1.548278066	1.550216185	-1.550216185	1.556946062	-1.556946062	1.570299169	-1.570299169	-1.582203111	1.582203111	1.597534985	-1.597534985	1.601159179	-1.601159179	-1.621161834	1.621161834	-1.629440087	1.629440087	-1.671629021	1.671629021	-1.698697928	1.698697928	1.709039003	-1.709039003	1.729192243	-1.729192243	-1.732248168	1.732248168	-1.741744848	1.741744848	-1.785362792	1.785362792	-1.799599517	1.799599517	-1.802750046	1.802750046	1.818628982	-1.818628982	-1.848928099	1.848928099	1.88781811	-1.88781811	1.889980011	-1.889980011	-1.913477565	1.913477565	-1.915636113	1.915636113	-1.934695854	1.934695854	-1.936871349	1.936871349	
-0.35	0.05937166864	-0.05937166864	-0.3085055299	0.3085055299	0.317578913	-0.317578913	-0.3948020353	0.3948020353	0.400318557	-0.400318557	0.4030461312	-0.4030461312	-0.4060917511	0.4060917511	-0.4657030438	0.4657030438	0.4928950496	-0.4928950496	-0.6235616328	0.6235616328	-0.6246676875	0.6246676875	0.6603923315	-0.6603923315	-0.6709606274	0.6709606274	0.7298212069	-0.7298212069	0.7513359884	-0.7513359884	0.7526561301	-0.7526561301	-0.7877242022	0.7877242022	0.7922985846	-0.7922985846	-0.8478768071	0.8478768071	-0.8573154058	0.8573154058	-0.8963984058	0.8963984058	-0.9019260636	0.9019260636	0.9034442458	-0.9034442458	-0.9054979657	0.9054979657	-0.9344126277	0.9344126277	-0.9361770983	0.9361770983	0.9707997065	-0.9707997065	-0.9770741592	0.9770741592	-1.053319527	1.053319527	-1.064074126	1.064074126	1.073977084	-1.073977084	-1.074398275	1.074398275	1.08783348	-1.08783348	-1.089326572	1.089326572	1.094305147	-1.094305147	1.115748352	-1.115748352	-1.17515645	1.17515645	-1.190945614	1.190945614	-1.19916141	1.19916141	-1.199966623	1.199966623	-1.20504798	1.20504798	1.248510474	-1.248510474	1.258544898	-1.258544898	-1.27468536	1.27468536	-1.279584825	1.279584825	1.293421906	-1.293421906	-1.307957676	1.307957676	1.320427423	-1.320427423	-1.326988573	1.326988573	-1.330151457	1.330151457	-1.337906672	1.337906672	1.354971187	-1.354971187	-1.36564333	1.36564333	1.374055432	-1.374055432	-1.396471961	1.396471961	-1.400054224	1.400054224	-1.409032652	1.409032652	1.430312091	-1.430312091	1.460055457	-1.460055457	-1.463638722	1.463638722	-1.494392908	1.494392908	-1.506437399	1.506437399	-1.528225539	1.528225539	-1.545493464	1.545493464	1.548274411	-1.548274411	1.550153798	-1.550153798	-1.557037282	1.557037282	-1.57035131	1.57035131	1.581823069	-1.581823069	1.596687498	-1.596687498	-1.600120823	1.600120823	-1.62026915	1.62026915	-1.628600069	1.628600069	1.671822894	-1.671822894	1.698684559	-1.698684559	-1.709040506	1.709040506	-1.729189938	1.729189938	-1.732193298	1.732193298	-1.741837499	1.741837499	1.784248969	-1.784248969	-1.799926837	1.799926837	1.803071384	-1.803071384	1.818441444	-1.818441444	-1.848934533	1.848934533	1.886827685	-1.886827685	1.889966368	-1.889966368	-1.913538863	1.913538863	-1.915784954	1.915784954	1.934715948	-1.934715948	1.936649048	-1.936649048	
-0.34	0.06285385822	-0.06285385822	0.3141942208	-0.3141942208	-0.3154590466	0.3154590466	-0.4025202135	0.4025202135	0.4065322155	-0.4065322155	0.4084198872	-0.4084198872	0.4142493438	-0.4142493438	-0.4735296899	0.4735296899	0.5007912744	-0.5007912744	-0.6312417075	0.6312417075	-0.6316338932	0.6316338932	0.6570123108	-0.6570123108	0.6784440097	-0.6784440097	0.7324795109	-0.7324795109	0.7477258877	-0.7477258877	-0.7587088545	0.7587088545	0.7956622579	-0.7956622579	0.8002761227	-0.8002761227	0.8475524283	-0.8475524283	0.8573136498	-0.8573136498	0.8920685796	-0.8920685796	-0.8975578627	0.8975578627	-0.89912984	0.89912984	0.9049015198	-0.9049015198	-0.9301793406	0.9301793406	-0.9361882869	0.9361882869	0.9664471939	-0.9664471939	-0.9763685763	0.9763685763	-1.052421302	1.052421302	-1.060207782	1.060207782	-1.074154399	1.074154399	1.076761609	-1.076761609	-1.087531184	1.087531184	-1.088600007	1.088600007	-1.090224565	1.090224565	-1.112162915	1.112162915	1.171224085	-1.171224085	1.190613118	-1.190613118	1.19915214	-1.19915214	-1.199964527	1.199964527	-1.204982697	1.204982697	1.247952643	-1.247952643	-1.255408822	1.255408822	1.274671137	-1.274671137	-1.27959773	1.27959773	1.289073125	-1.289073125	1.306691162	-1.306691162	1.319736425	-1.319736425	-1.327180594	1.327180594	1.32998643	-1.32998643	1.337749655	-1.337749655	-1.35456911	1.35456911	-1.36560234	1.36560234	-1.373635128	1.373635128	-1.396470128	1.396470128	-1.399684039	1.399684039	-1.408692123	1.408692123	-1.430051141	1.430051141	1.460384154	-1.460384154	-1.463772016	1.463772016	-1.494604041	1.494604041	1.506023319	-1.506023319	1.528607909	-1.528607909	-1.545536399	1.545536399	1.548270698	-1.548270698	-1.550096342	1.550096342	1.557130364	-1.557130364	1.570402901	-1.570402901	-1.581455209	1.581455209	1.595855955	-1.595855955	-1.599098107	1.599098107	1.619382651	-1.619382651	-1.627774926	1.627774926	1.672012088	-1.672012088	-1.698671385	1.698671385	1.709041815	-1.709041815	-1.729187725	1.729187725	-1.732137762	1.732137762	1.741929723	-1.741929723	1.783160156	-1.783160156	-1.800238346	1.800238346	-1.803387717	1.803387717	-1.818263576	1.818263576	-1.848943234	1.848943234	-1.885856687	1.885856687	-1.889956204	1.889956204	-1.913599305	1.913599305	1.915930917	-1.915930917	-1.934735394	1.934735394	1.93641927	-1.93641927	
-0.33	0.06632911753	-0.06632911753	0.3108134136	-0.3108134136	-0.3223978775	0.3223978775	0.4100112958	-0.4100112958	-0.4102157397	0.4102157397	-0.4164687017	0.4164687017	-0.4223607191	0.4223607191	-0.4812995528	0.4812995528	0.5086499224	-0.5086499224	-0.6385841887	0.6385841887	-0.6388827759	0.6388827759	0.6536363495	-0.6536363495	-0.6858384839	0.6858384839	0.7351195861	-0.7351195861	-0.7429301654	0.7429301654	-0.7657655187	0.7657655187	-0.8035036358	0.8035036358	-0.8081632804	0.8081632804	0.8472097674	-0.8472097674	-0.8573117349	0.8573117349	-0.8877291356	0.8877291356	-0.8930873185	0.8930873185	0.8947873974	-0.8947873974	0.9043333862	-0.9043333862	0.9259679959	-0.9259679959	-0.9362008492	0.9362008492	-0.9621015992	0.9621015992	-0.9756744976	0.9756744976	-1.050326112	1.050326112	-1.057479668	1.057479668	1.074000008	-1.074000008	1.079389136	-1.079389136	-1.08588435	1.08588435	-1.087438892	1.087438892	-1.087751432	1.087751432	1.108679557	-1.108679557	1.167247729	-1.167247729	1.190262192	-1.190262192	-1.199143443	1.199143443	-1.199962723	1.199962723	1.204919363	-1.204919363	1.247385749	-1.247385749	-1.25207346	1.25207346	-1.274663141	1.274663141	-1.279610579	1.279610579	-1.284671132	1.284671132	-1.305542249	1.305542249	1.31905717	-1.31905717	1.327368147	-1.327368147	1.329822149	-1.329822149	-1.337604491	1.337604491	-1.354179286	1.354179286	-1.3655648	1.3655648	1.373233022	-1.373233022	-1.396468501	1.396468501	-1.399326448	1.399326448	-1.408367661	1.408367661	1.429797642	-1.429797642	-1.460707565	1.460707565	-1.463904662	1.463904662	1.494814173	-1.494814173	1.50559499	-1.50559499	-1.52900312	1.52900312	1.545582019	-1.545582019	1.548266933	-1.548266933	1.550043958	-1.550043958	-1.557225377	1.557225377	1.57045388	-1.57045388	1.581099323	-1.581099323	1.595041053	-1.595041053	-1.598091853	1.598091853	-1.618502825	1.618502825	1.626965362	-1.626965362	-1.672196525	1.672196525	1.698658421	-1.698658421	1.709042933	-1.709042933	1.729185592	-1.729185592	-1.73208143	1.73208143	1.742021399	-1.742021399	1.782097578	-1.782097578	-1.800533198	1.800533198	-1.803698728	1.803698728	-1.818095804	1.818095804	1.848954079	-1.848954079	1.884907734	-1.884907734	1.889947503	-1.889947503	-1.91365882	1.91365882	1.916073842	-1.916073842	-1.934753846	1.934753846	-1.936183512	1.936183512	
-0.32	0.06979690036	-0.06979690036	0.3074370463	-0.3074370463	-0.3293217057	0.3293217057	0.4134828243	-0.4134828243	-0.4178881092	0.4178881092	-0.4244625594	0.4244625594	-0.4304238871	0.4304238871	0.4890093721	-0.4890093721	-0.516469324	0.516469324	0.6455181281	-0.6455181281	0.6464782989	-0.6464782989	0.6502657749	-0.6502657749	-0.6931358282	0.6931358282	0.7377408292	-0.7377408292	-0.7380916696	0.7380916696	-0.7726718159	0.7726718159	0.8112266319	-0.8112266319	0.8159373112	-0.8159373112	0.846847824	-0.846847824	0.8573096333	-0.8573096333	0.8834048527	-0.8834048527	-0.8885373123	0.8885373123	0.8904397118	-0.8904397118	0.9037652725	-0.9037652725	-0.9217949084	0.9217949084	-0.9362134432	0.9362134432	-0.9577749376	0.9577749376	0.9749928678	-0.9749928678	-1.046746863	1.046746863	1.05617893	-1.05617893	-1.073766971	1.073766971	-1.081728841	1.081728841	1.081999619	-1.081999619	-1.08673303	1.08673303	1.087113166	-1.087113166	-1.105374307	1.105374307	1.163231548	-1.163231548	1.189891779	-1.189891779	1.199135268	-1.199135268	1.199961198	-1.199961198	-1.204857982	1.204857982	-1.246810708	1.246810708	1.248554556	-1.248554556	-1.274658494	1.274658494	1.279622975	-1.279622975	1.280218588	-1.280218588	-1.304502008	1.304502008	-1.318390599	1.318390599	-1.327551119	1.327551119	1.329658548	-1.329658548	1.337469237	-1.337469237	-1.35380262	1.35380262	-1.365530341	1.365530341	1.372848623	-1.372848623	-1.396467073	1.396467073	1.398981044	-1.398981044	1.40805904	-1.40805904	1.429551661	-1.429551661	-1.461025367	1.461025367	-1.464036523	1.464036523	-1.49502312	1.49502312	1.505155654	-1.505155654	-1.529408161	1.529408161	-1.545630338	1.545630338	1.548263123	-1.548263123	1.549996812	-1.549996812	-1.557322393	1.557322393	1.570504183	-1.570504183	1.580755207	-1.580755207	1.594243464	-1.594243464	-1.597102872	1.597102872	-1.617630147	1.617630147	1.62617206	-1.62617206	1.672376132	-1.672376132	1.698645685	-1.698645685	1.709043859	-1.709043859	-1.729183531	1.729183531	-1.732024162	1.732024162	-1.742112409	1.742112409	-1.781062281	1.781062281	-1.800810767	1.800810767	1.804004103	-1.804004103	-1.817938504	1.817938504	1.848966963	-1.848966963	1.883982104	-1.883982104	1.889939568	-1.889939568	-1.913717336	1.913717336	1.91621357	-1.91621357	1.934770671	-1.934770671	-1.935943545	1.935943545	
-0.31	0.07325659869	-0.07325659869	0.3040657355	-0.3040657355	-0.3362302098	0.3362302098	0.4169461855	-0.4169461855	-0.4255368092	0.4255368092	0.4323988278	-0.4323988278	-0.4384367105	0.4384367105	0.4966555567	-0.4966555567	-0.5242476638	0.5242476638	0.6468972981	-0.6468972981	-0.6524352368	0.6524352368	-0.6540232512	0.6540232512	-0.7003264792	0.7003264792	-0.7332239613	0.7332239613	0.7403426005	-0.7403426005	-0.7794017135	0.7794017135	0.8187972843	-0.8187972843	-0.8235583122	0.8235583122	-0.8464655854	0.8464655854	0.857307302	-0.857307302	0.8791389473	-0.8791389473	-0.8839127788	0.8839127788	0.8861128939	-0.8861128939	0.9031930204	-0.9031930204	0.9176796239	-0.9176796239	-0.9362259097	0.9362259097	0.9534817791	-0.9534817791	0.9743245928	-0.9743245928	-1.042369364	1.042369364	-1.055621369	1.055621369	-1.073414065	1.073414065	-1.077452027	1.077452027	1.084553724	-1.084553724	-1.085526232	1.085526232	-1.086861605	1.086861605	-1.102346327	1.102346327	1.159180175	-1.159180175	1.189500798	-1.189500798	1.199127574	-1.199127574	-1.19995994	1.19995994	1.204798557	-1.204798557	-1.244867446	1.244867446	-1.246228546	1.246228546	-1.274655357	1.274655357	-1.275716571	1.275716571	1.279636274	-1.279636274	1.303560574	-1.303560574	1.317737619	-1.317737619	-1.327729414	1.327729414	-1.329495583	1.329495583	1.337342432	-1.337342432	1.353439898	-1.353439898	-1.365498647	1.365498647	1.372481449	-1.372481449	1.396465839	-1.396465839	1.398647426	-1.398647426	-1.407766029	1.407766029	1.429313254	-1.429313254	-1.461337249	1.461337249	-1.464167461	1.464167461	-1.495230686	1.495230686	-1.504708206	1.504708206	1.529820324	-1.529820324	-1.545681356	1.545681356	-1.548259275	1.548259275	1.549955098	-1.549955098	1.557421487	-1.557421487	-1.570553747	1.570553747	1.580422663	-1.580422663	1.593463841	-1.593463841	1.596131957	-1.596131957	1.616765072	-1.616765072	-1.625395684	1.625395684	-1.67255084	1.67255084	-1.698633192	1.698633192	-1.709044593	1.709044593	1.729181532	-1.729181532	1.731965817	-1.731965817	-1.742202628	1.742202628	1.780055189	-1.780055189	1.801070592	-1.801070592	-1.804303533	1.804303533	1.817791993	-1.817791993	1.848981793	-1.848981793	-1.883080657	1.883080657	1.889932098	-1.889932098	1.913774783	-1.913774783	1.916349952	-1.916349952	1.934784541	-1.934784541	-1.935701818	1.935701818	
-0.3	0.07670753361	-0.07670753361	0.3007001681	-0.3007001681	-0.3431230638	0.3431230638	0.4204006911	-0.4204006911	-0.4331613188	0.4331613188	0.4402746552	-0.4402746552	-0.4463968775	0.4463968775	0.5042341352	-0.5042341352	-0.5319829551	0.5319829551	0.6435371709	-0.6435371709	0.6593350052	-0.6593350052	0.6614970987	-0.6614970987	-0.7073992476	0.7073992476	-0.7283429484	0.7283429484	0.7429242196	-0.7429242196	-0.785927308	0.785927308	-0.8261584659	0.8261584659	0.8309476549	-0.8309476549	0.8460620686	-0.8460620686	0.8573046646	-0.8573046646	0.8750153084	-0.8750153084	0.8792165481	-0.8792165481	-0.8818500117	0.8818500117	0.9026160708	-0.9026160708	-0.9136482654	0.9136482654	0.936238176	-0.936238176	-0.9492399195	0.9492399195	-0.973670534	0.973670534	-1.037659329	1.037659329	-1.055342591	1.055342591	1.072860738	-1.072860738	1.073114362	-1.073114362	1.083958898	-1.083958898	1.086625917	-1.086625917	1.087197295	-1.087197295	1.099702491	-1.099702491	1.15509878	-1.15509878	-1.189088146	1.189088146	-1.199120318	1.199120318	1.199958941	-1.199958941	1.204741088	-1.204741088	1.241026867	-1.241026867	1.245640399	-1.245640399	-1.271169314	1.271169314	1.274652504	-1.274652504	1.279648891	-1.279648891	1.30270791	-1.30270791	-1.317099092	1.317099092	-1.327902946	1.327902946	1.32933323	-1.32933323	1.33722298	-1.33722298	1.353091795	-1.353091795	-1.365469443	1.365469443	1.372131027	-1.372131027	-1.396464793	1.396464793	1.398325203	-1.398325203	1.407488393	-1.407488393	-1.42908247	1.42908247	1.461642902	-1.461642902	-1.464297342	1.464297342	-1.495436668	1.495436668	1.50425521	-1.50425521	-1.530237176	1.530237176	-1.545735055	1.545735055	1.548255397	-1.548255397	1.549919042	-1.549919042	1.557522735	-1.557522735	-1.570602511	1.570602511	-1.580101495	1.580101495	1.592702813	-1.592702813	-1.595179888	1.595179888	1.615908041	-1.615908041	-1.624636876	1.624636876	1.672720589	-1.672720589	1.698620959	-1.698620959	-1.709045135	1.709045135	1.729179584	-1.729179584	1.731906247	-1.731906247	1.742291932	-1.742291932	1.779077135	-1.779077135	1.801312361	-1.801312361	1.804596719	-1.804596719	-1.817656519	1.817656519	-1.848998487	1.848998487	1.882204081	-1.882204081	1.889924945	-1.889924945	-1.913831093	1.913831093	1.91648284	-1.91648284	-1.934792147	1.934792147	1.935462743	-1.935462743	
-0.29	0.0801489446	-0.0801489446	0.2973411128	-0.2973411128	-0.3499999366	0.3499999366	0.4238455697	-0.4238455697	-0.4407611092	0.4407611092	0.4480869388	-0.4480869388	-0.4543018747	0.4543018747	0.5117406962	-0.5117406962	0.5396730085	-0.5396730085	0.640183356	-0.640183356	-0.666216879	0.666216879	-0.6688749713	0.6688749713	0.7143409666	-0.7143409666	-0.7234766073	0.7234766073	0.7454849615	-0.7454849615	-0.7922136466	0.7922136466	-0.83320514	0.83320514	0.8379274371	-0.8379274371	-0.8456364791	0.8456364791	-0.8573015596	0.8573015596	-0.8712202639	0.8712202639	-0.8744515416	0.8744515416	0.8777324697	-0.8777324697	0.9020348829	-0.9020348829	0.9097376284	-0.9097376284	-0.9362501841	0.9362501841	0.9450712328	-0.9450712328	-0.9730315025	0.9730315025	-1.032780513	1.032780513	1.055179871	-1.055179871	1.068723932	-1.068723932	-1.071963369	1.071963369	-1.082285497	1.082285497	-1.086400801	1.086400801	1.089744016	-1.089744016	1.097518275	-1.097518275	-1.15099315	1.15099315	1.188652698	-1.188652698	-1.199113464	1.199113464	-1.199958192	1.199958192	-1.204685571	1.204685571	-1.237046784	1.237046784	-1.245047509	1.245047509	-1.266579115	1.266579115	1.27464909	-1.27464909	-1.279661427	1.279661427	-1.301934319	1.301934319	-1.316475842	1.316475842	-1.328071639	1.328071639	-1.329171471	1.329171471	-1.33711007	1.33711007	-1.352758881	1.352758881	1.36544249	-1.36544249	1.371796892	-1.371796892	-1.396463931	1.396463931	1.398013994	-1.398013994	1.407225893	-1.407225893	-1.428859347	1.428859347	1.461942026	-1.461942026	-1.464426031	1.464426031	-1.495640852	1.495640852	-1.503798941	1.503798941	1.530656535	-1.530656535	-1.545791387	1.545791387	1.548251494	-1.548251494	-1.549888905	1.549888905	1.557626217	-1.557626217	1.570650409	-1.570650409	-1.579791515	1.579791515	-1.591960991	1.591960991	-1.594247429	1.594247429	1.615059483	-1.615059483	1.623896259	-1.623896259	-1.672885319	1.672885319	-1.698609002	1.698609002	1.709045488	-1.709045488	-1.72917768	1.72917768	1.731845302	-1.731845302	1.742380195	-1.742380195	1.778128887	-1.778128887	1.801535893	-1.801535893	1.804883367	-1.804883367	1.817532251	-1.817532251	-1.849016975	1.849016975	-1.881352975	1.881352975	-1.889918028	1.889918028	-1.913886197	1.913886197	-1.916612091	1.916612091	-1.934783218	1.934783218	1.935237671	-1.935237671	
-0.28	0.08357997684	-0.08357997685	0.2939894318	-0.2939894318	-0.3568604918	0.3568604918	0.4272799537	-0.4272799537	-0.4483356433	0.4483356433	0.4558322879	-0.4558322879	-0.4621489556	0.4621489556	-0.5191703191	0.5191703191	0.5473153923	-0.5473153923	0.6368369969	-0.6368369969	-0.673080248	0.673080248	-0.6760984958	0.6760984958	-0.7186830901	0.7186830901	0.7211360624	-0.7211360624	0.7480240513	-0.7480240513	-0.7982149362	0.7982149362	-0.8397221293	0.8397221293	0.8440337401	-0.8440337401	0.8451893843	-0.8451893843	-0.8572975646	0.8572975646	0.8682315827	-0.8682315827	-0.8696215197	0.8696215197	-0.8739339323	0.8739339323	0.9014501941	-0.9014501941	-0.9060029641	0.9060029641	-0.9362618756	0.9362618756	0.9410027444	-0.9410027444	0.9724082515	-0.9724082515	-1.027793603	1.027793603	-1.055072908	1.055072908	-1.064285993	1.064285993	-1.07050629	1.07050629	-1.080636281	1.080636281	1.086184823	-1.086184823	1.092274953	-1.092274953	-1.095798014	1.095798014	1.14686978	-1.14686978	-1.188193318	1.188193318	-1.199106978	1.199106978	1.199957683	-1.199957683	-1.204631997	1.204631997	1.232940299	-1.232940299	1.244451212	-1.244451212	-1.261949221	1.261949221	-1.274644519	1.274644519	1.279673841	-1.279673841	-1.30123077	1.30123077	-1.315868644	1.315868644	-1.328235424	1.328235424	1.329010294	-1.329010294	-1.337003111	1.337003111	-1.352441628	1.352441628	-1.365417582	1.365417582	1.371478592	-1.371478592	1.396463246	-1.396463246	-1.397713431	1.397713431	-1.406978289	1.406978289	1.428643915	-1.428643915	-1.462234328	1.462234328	1.464553394	-1.464553394	-1.495843014	1.495843014	-1.503341403	1.503341403	-1.531076436	1.531076436	1.545850279	-1.545850279	1.548247574	-1.548247574	1.549864984	-1.549864984	1.557732016	-1.557732016	1.570697379	-1.570697379	1.579492542	-1.579492542	1.591238964	-1.591238964	-1.593335332	1.593335332	-1.61421981	1.61421981	1.623174434	-1.623174434	1.673044978	-1.673044978	1.698597337	-1.698597337	-1.709045651	1.709045651	-1.72917581	1.72917581	-1.731782832	1.731782832	-1.742467287	1.742467287	-1.777211159	1.777211159	-1.801741138	1.801741138	-1.805163188	1.805163188	1.817419269	-1.817419269	-1.849037199	1.849037199	-1.880527885	1.880527885	1.8899113	-1.8899113	-1.913940027	1.913940027	1.916737568	-1.916737568	-1.93472286	1.93472286	-1.935062552	1.935062552	
-0.27	0.08699966622	-0.08699966622	0.2906460968	-0.2906460968	-0.3637043874	0.3637043874	0.4307028643	-0.4307028643	-0.4558843752	0.4558843752	0.463506981	-0.463506981	-0.4699351036	0.4699351036	-0.5265174923	0.5265174923	0.5549073832	-0.5549073832	0.6334991189	-0.6334991189	-0.6799244289	0.6799244289	-0.6830230191	0.6830230191	-0.7141069026	0.7141069026	-0.7277660327	0.7277660327	0.7505406591	-0.7505406591	-0.8038686767	0.8038686767	-0.844658721	0.844658721	-0.845291578	0.8452915781	0.8480750224	-0.8480750224	0.8572912625	-0.8572912625	0.8647322682	-0.8647322682	-0.8672644831	0.8672644831	0.8708614799	-0.8708614799	0.9008614282	-0.9008614282	0.9025350588	-0.9025350588	-0.9362731862	0.9362731862	0.937067943	-0.937067943	0.9718014679	-0.9718014679	-1.022725269	1.022725269	-1.054992156	1.054992156	-1.059808681	1.059808681	-1.068291591	1.068291591	-1.079279436	1.079279436	1.085977405	-1.085977405	-1.094476229	1.094476229	1.094785264	-1.094785264	1.142735985	-1.142735985	1.187708868	-1.187708868	1.19910083	-1.19910083	-1.199957408	1.199957408	-1.204580348	1.204580348	1.228719663	-1.228719663	1.243852916	-1.243852916	1.257283236	-1.257283236	-1.274638358	1.274638358	1.279686111	-1.279686111	1.300589049	-1.300589049	1.315278225	-1.315278225	-1.328394238	1.328394238	-1.328849689	1.328849689	-1.336901683	1.336901683	1.352140415	-1.352140415	1.365394538	-1.365394538	1.371175683	-1.371175683	-1.396462735	1.396462735	1.397423162	-1.397423162	1.406745338	-1.406745338	1.428436197	-1.428436197	-1.462519521	1.462519521	-1.4646793	1.4646793	-1.496042919	1.496042919	-1.502884363	1.502884363	-1.531495112	1.531495112	-1.545911618	1.545911618	1.548243643	-1.548243643	1.549847619	-1.549847619	-1.557840215	1.557840215	1.570743359	-1.570743359	-1.579204402	1.579204402	1.5905373	-1.5905373	-1.592444333	1.592444333	-1.613389424	1.613389424	-1.62247198	1.62247198	1.673199516	-1.673199516	1.69858598	-1.69858598	-1.709045625	1.709045625	-1.729173967	1.729173967	-1.731718685	1.731718685	-1.74255308	1.74255308	-1.776324618	1.776324618	1.801928171	-1.801928171	-1.805435904	1.805435904	1.817317558	-1.817317558	-1.849059105	1.849059105	1.879729318	-1.879729318	1.889904735	-1.889904735	-1.913992517	1.913992517	-1.916859137	1.916859137	1.934564174	-1.934564174	-1.934985315	1.934985315	
-0.26	0.09040692139	-0.09040692139	0.2873122061	-0.2873122061	-0.3705312756	0.3705312756	0.4341131933	-0.4341131933	-0.4634067493	0.4634067493	0.4711069171	-0.4711069171	0.4776569878	-0.4776569878	-0.5337760167	0.5337760167	0.5624459021	-0.5624459021	0.6301708504	-0.6301708504	-0.6867486423	0.6867486423	-0.6891995055	0.6891995055	-0.7101968207	0.7101968207	0.7342088248	-0.7342088248	0.7530338929	-0.7530338929	-0.8090849466	0.8090849466	0.8442022914	-0.8442022914	0.8486249104	-0.8486249104	-0.8487378363	0.8487378363	-0.8572736434	0.8572736434	-0.8597997707	0.8597997707	-0.8693932143	0.8693932143	0.8697879407	-0.8697879407	-0.899471783	0.899471783	0.9002892587	-0.9002892587	-0.9333083102	0.9333083102	-0.9362840417	0.9362840417	-0.9712117594	0.9712117594	-1.017589182	1.017589182	-1.054779921	1.054779921	1.055441549	-1.055441549	1.065304107	-1.065304107	-1.078324408	1.078324408	1.085778251	-1.085778251	-1.093462757	1.093462757	-1.097270746	1.097270746	1.138600018	-1.138600018	1.187198219	-1.187198219	-1.199094989	1.199094989	-1.199957358	1.199957358	1.204530587	-1.204530587	-1.224396356	1.224396356	1.243254003	-1.243254003	1.252585276	-1.252585276	-1.274630295	1.274630295	-1.279698216	1.279698216	-1.300001826	1.300001826	-1.314705264	1.314705264	-1.328548024	1.328548024	1.328689646	-1.328689646	-1.336805506	1.336805506	-1.351855539	1.351855539	-1.365373201	1.365373201	1.370887736	-1.370887736	-1.396462392	1.396462392	1.397142848	-1.397142848	-1.406526798	1.406526798	-1.428236209	1.428236209	-1.462797327	1.462797327	-1.464803617	1.464803617	-1.496240325	1.496240325	-1.502429378	1.502429378	-1.531910964	1.531910964	-1.545975253	1.545975253	1.548239706	-1.548239706	-1.549837191	1.549837191	-1.557950905	1.557950905	-1.570788285	1.570788285	-1.578926926	1.578926926	-1.589856548	1.589856548	-1.591575157	1.591575157	-1.612568719	1.612568719	1.621789459	-1.621789459	1.673348886	-1.673348886	-1.698574947	1.698574947	-1.709045411	1.709045411	1.729172142	-1.729172142	-1.731652712	1.731652712	-1.742637442	1.742637442	-1.775469893	1.775469893	-1.802097194	1.802097194	1.805701242	-1.805701242	1.817227002	-1.817227002	-1.84908265	1.84908265	1.878957752	-1.878957752	1.889898316	-1.889898316	-1.914043601	1.914043601	1.916976668	-1.916976668	-1.934344364	1.934344364	1.934969758	-1.934969758	
-0.25	0.09380050238	-0.09380050238	0.2839890065	-0.2839890065	-0.3773408019	0.3773408019	-0.4375096806	0.4375096806	-0.4709021997	0.4709021997	0.4786275567	-0.4786275567	0.4853109112	-0.4853109112	0.5409388914	-0.5409388914	0.5699274286	-0.5699274286	0.6268534648	-0.6268534648	-0.6930686799	0.6930686799	-0.6935519787	0.6935519787	-0.7085117238	0.7085117238	0.740438118	-0.740438118	0.7555027912	-0.7555027912	0.8137248516	-0.8137248516	0.8436765988	-0.8436765988	0.8465619441	-0.8465619441	0.8490913196	-0.8490913196	0.8547808069	-0.8547808069	0.8573044525	-0.8573044525	0.8703552984	-0.8703552984	-0.8750048001	0.8750048001	-0.8971500603	0.8971500603	0.8996977345	-0.8996977345	0.9297749493	-0.9297749493	-0.9362943532	0.9362943532	-0.9706396348	0.9706396348	-1.012393343	1.012393343	-1.050681679	1.050681679	-1.054937217	1.054937217	1.061701083	-1.061701083	-1.077699637	1.077699637	1.085587188	-1.085587188	1.092670777	-1.092670777	1.0997324	-1.0997324	1.13447122	-1.13447122	1.186660272	-1.186660272	-1.199089429	1.199089429	1.199957527	-1.199957527	-1.204482633	1.204482633	1.219981234	-1.219981234	1.242655315	-1.242655315	1.247860542	-1.247860542	1.274620099	-1.274620099	-1.279710134	1.279710134	1.299462628	-1.299462628	-1.314150391	1.314150391	-1.328530155	1.328530155	-1.328696728	1.328696728	1.336714406	-1.336714406	1.35158722	-1.35158722	1.365353433	-1.365353433	1.370614334	-1.370614334	-1.396462213	1.396462213	-1.396872169	1.396872169	1.406322427	-1.406322427	-1.428043962	1.428043962	1.463067477	-1.463067477	-1.464926218	1.464926218	-1.496434978	1.496434978	-1.501977813	1.501977813	1.532322548	-1.532322548	-1.546040983	1.546040983	1.548235772	-1.548235772	-1.549834129	1.549834129	-1.55806418	1.55806418	1.570832095	-1.570832095	-1.578659953	1.578659953	1.589197236	-1.589197236	-1.590728516	1.590728516	-1.611758077	1.611758077	-1.621127408	1.621127408	-1.673493048	1.673493048	-1.698564253	1.698564253	-1.70904501	1.70904501	1.72917033	-1.72917033	1.731584765	-1.731584765	1.742720242	-1.742720242	-1.774647574	1.774647574	1.802248531	-1.802248531	-1.805958938	1.805958938	-1.81714738	1.81714738	1.849107796	-1.849107796	1.87821364	-1.87821364	-1.889892034	1.889892034	-1.914093214	1.914093214	1.917090036	-1.917090036	-1.934106247	1.934106247	1.934974038	-1.934974038	
-0.24	0.09717899487	-0.09717899487	0.2806779189	-0.2806779189	-0.3841326052	0.3841326052	0.4408908888	-0.4408908888	-0.4783701488	0.4783701488	-0.4860638551	0.4860638551	-0.4928927472	0.4928927472	0.5479981797	-0.5479981797	-0.5773478848	0.5773478848	0.6235484114	-0.6235484114	0.6923578571	-0.6923578571	-0.7003333482	0.7003333482	-0.7113237494	0.7113237494	0.7464225365	-0.7464225365	-0.7579463153	0.7579463153	0.8175552081	-0.8175552081	0.8431212817	-0.8431212817	-0.8436295207	0.8436295207	-0.8467822038	0.8467822038	-0.84980719	0.84980719	-0.8572884667	0.8572884667	-0.8727143838	0.8727143838	-0.8813356563	0.8813356563	-0.8961045674	0.8961045674	0.899115366	-0.899115366	-0.9265300291	0.9265300291	0.9363040113	-0.9363040113	-0.9700854706	0.9700854706	-1.007143041	1.007143041	-1.046099618	1.046099618	-1.054895095	1.054895095	-1.057661112	1.057661112	-1.077291169	1.077291169	1.085404104	-1.085404104	1.092037311	-1.092037311	1.102168365	-1.102168365	-1.130360188	1.130360188	1.186093967	-1.186093967	-1.199084125	1.199084125	-1.199957907	1.199957907	-1.204436275	1.204436275	1.215484785	-1.215484785	1.24204477	-1.24204477	1.243127762	-1.243127762	1.274607603	-1.274607603	-1.279721846	1.279721846	1.298965795	-1.298965795	-1.313614182	1.313614182	1.328371206	-1.328371206	-1.3288403	1.3288403	-1.336628295	1.336628295	-1.35133561	1.35133561	-1.365335113	1.365335113	1.370355072	-1.370355072	-1.396462193	1.396462193	1.39661082	-1.39661082	1.406131984	-1.406131984	-1.427859459	1.427859459	-1.463329707	1.463329707	-1.465046974	1.465046974	-1.496626615	1.496626615	-1.501530868	1.501530868	1.532728552	-1.532728552	-1.546108557	1.546108557	-1.548231845	1.548231845	-1.549838902	1.549838902	-1.558180136	1.558180136	1.570874729	-1.570874729	-1.57840333	1.57840333	1.588559874	-1.588559874	-1.589905109	1.589905109	-1.610957874	1.610957874	-1.620486345	1.620486345	-1.673631963	1.673631963	1.698553914	-1.698553914	1.709044425	-1.709044425	-1.729168521	1.729168521	-1.731514704	1.731514704	1.742801347	-1.742801347	1.77385822	-1.77385822	-1.802382624	1.802382624	-1.806208735	1.806208735	1.81707837	-1.81707837	-1.849134509	1.849134509	-1.877497413	1.877497413	-1.889885884	1.889885884	-1.914141291	1.914141291	1.917199119	-1.917199119	-1.933863786	1.933863786	1.934985131	-1.934985131	
-0.23	0.1005407792	-0.1005407792	0.2773805694	-0.2773805694	-0.3909063166	0.3909063166	0.444255171	-0.444255171	0.4858100059	-0.4858100059	0.493410182	-0.493410182	0.5003978652	-0.5003978652	0.5549448503	-0.5549448503	0.5847024663	-0.5847024663	0.6202573483	-0.6202573483	-0.6886645072	0.6886645072	-0.7070914046	0.7070914046	-0.7170347215	0.7170347215	0.7521248712	-0.7521248712	0.760363342	-0.760363342	-0.8201677682	0.8201677682	-0.8408779929	0.8408779929	0.8425350459	-0.8425350459	-0.8430260135	0.8430260135	-0.8449056867	0.8449056867	-0.8572821681	0.8572821681	-0.874454431	0.874454431	-0.888056712	0.888056712	0.8970951291	-0.8970951291	0.8985436623	-0.8985436623	-0.9236475763	0.9236475763	-0.9363128776	0.9363128776	0.969549447	-0.969549447	-1.001842227	1.001842227	-1.041486604	1.041486604	1.053312605	-1.053312605	1.054866292	-1.054866292	1.077015678	-1.077015678	-1.085228915	1.085228915	-1.091518251	1.091518251	1.104577394	-1.104577394	1.126278962	-1.126278962	1.185498318	-1.185498318	-1.199079053	1.199079053	-1.199958491	1.199958491	1.204390701	-1.204390701	1.210917763	-1.210917763	1.238331932	-1.238331932	-1.241484694	1.241484694	1.274592689	-1.274592689	-1.27973333	1.27973333	1.298506402	-1.298506402	-1.313097167	1.313097167	1.328212785	-1.328212785	-1.328978693	1.328978693	-1.336547151	1.336547151	1.351100804	-1.351100804	-1.365318136	1.365318136	1.370109561	-1.370109561	1.396358512	-1.396358512	-1.396462329	1.396462329	1.405955232	-1.405955232	-1.427682701	1.427682701	1.463583765	-1.463583765	-1.465165761	1.465165761	-1.496814964	1.496814964	-1.501089594	1.501089594	-1.533127786	1.533127786	-1.546177667	1.546177667	1.548227932	-1.548227932	-1.549852022	1.549852022	-1.558298879	1.558298879	-1.570916126	1.570916126	-1.578156907	1.578156907	1.58794495	-1.58794495	-1.589105625	1.589105625	-1.610168482	1.610168482	-1.619866768	1.619866768	-1.673765596	1.673765596	1.698543945	-1.698543945	1.709043655	-1.709043655	1.729166712	-1.729166712	1.731442394	-1.731442394	-1.742880626	1.742880626	1.773102355	-1.773102355	-1.80250003	1.80250003	-1.806450385	1.806450385	-1.817019548	1.817019548	-1.849162762	1.849162762	-1.876809482	1.876809482	-1.889879863	1.889879863	-1.914187771	1.914187771	1.917303797	-1.917303797	-1.933621921	1.933621921	-1.934999009	1.934999009	
-0.22	0.1038839926	-0.1038839926	0.2740988265	-0.2740988265	-0.3976615594	0.3976615594	0.4476006327	-0.4476006327	0.4932211654	-0.4932211654	-0.5006602293	0.5006602293	-0.5078210397	0.5078210397	-0.5617685918	0.5617685918	-0.5919853864	0.5919853864	0.6169821816	-0.6169821816	0.683980357	-0.683980357	-0.7138244248	0.7138244248	-0.7236520684	0.7236520684	-0.7575014629	0.7575014629	0.7627526673	-0.7627526673	-0.820970593	0.820970593	-0.8384460998	0.8384460998	-0.8390803089	0.8390803089	0.8401857247	-0.8401857247	0.8419228459	-0.8419228459	-0.8572764896	0.8572764896	-0.8746605606	0.8746605606	-0.8948928358	0.8948928358	0.89795441	-0.89795441	-0.9003861995	0.9003861995	0.9212134167	-0.9212134167	-0.936320771	0.936320771	-0.9690314148	0.9690314148	-0.9964943089	0.9964943089	-1.036855608	1.036855608	-1.048736723	1.048736723	1.054843753	-1.054843753	-1.07682275	1.07682275	1.085061558	-1.085061558	-1.091083801	1.091083801	1.106958166	-1.106958166	1.122241254	-1.122241254	-1.184872427	1.184872427	-1.199074187	1.199074187	1.199959271	-1.199959271	-1.204337453	1.204337453	-1.206298448	1.206298448	1.23355728	-1.23355728	-1.240898936	1.240898936	-1.274575277	1.274575277	-1.279744564	1.279744564	-1.298080178	1.298080178	1.312599823	-1.312599823	1.328054878	-1.328054878	-1.329111861	1.329111861	-1.336471002	1.336471002	1.350882842	-1.350882842	-1.365302407	1.365302407	-1.369877425	1.369877425	-1.396114975	1.396114975	-1.396462616	1.396462616	1.405791934	-1.405791934	-1.427513682	1.427513682	-1.463829404	1.463829404	1.465282456	-1.465282456	-1.496999745	1.496999745	-1.500654907	1.500654907	-1.533519173	1.533519173	-1.546247952	1.546247952	1.548224038	-1.548224038	-1.549874036	1.549874036	1.558420519	-1.558420519	-1.570956226	1.570956226	1.577920543	-1.577920543	1.587352934	-1.587352934	-1.588330739	1.588330739	-1.609390269	1.609390269	-1.619269152	1.619269152	1.673893914	-1.673893914	1.698534359	-1.698534359	1.709042704	-1.709042704	-1.729164894	1.729164894	-1.731367709	1.731367709	-1.742957946	1.742957946	-1.772380472	1.772380472	-1.802601407	1.802601407	-1.806683648	1.806683648	-1.816970397	1.816970397	-1.849192531	1.849192531	1.876150238	-1.876150238	1.889873972	-1.889873972	-1.91423259	1.91423259	1.917403957	-1.917403957	1.933383083	-1.933383083	-1.935014115	1.935014115	
-0.21	0.1072064837	-0.1072064837	0.2708348474	-0.2708348474	-0.4043979474	0.4043979474	0.450925085	-0.450925085	0.5006030046	-0.5006030046	0.5078069006	-0.5078069006	-0.5151563409	0.5151563409	-0.5684575944	0.5684575944	0.5991894492	-0.5991894492	0.6137251134	-0.6137251134	-0.6789241249	0.6789241249	-0.7205301107	0.7205301107	-0.7305561836	0.7305561836	0.7625019698	-0.7625019698	0.7651130958	-0.7651130958	-0.8196578318	0.8196578318	-0.8334260535	0.8334260535	0.8355789136	-0.8355789136	0.8385674648	-0.8385674648	-0.8412771962	0.8412771962	-0.8572704238	0.8572704238	-0.8737395755	0.8737395755	0.8973957202	-0.8973957202	-0.901710159	0.901710159	-0.9052737492	0.9052737492	0.9193274287	-0.9193274287	-0.936327446	0.936327446	-0.9685305834	0.9685305834	-0.9911028264	0.9911028264	-1.032216534	1.032216534	-1.043984181	1.043984181	1.054825342	-1.054825342	-1.076682789	1.076682789	-1.08490198	1.08490198	-1.090713802	1.090713802	1.109309232	-1.109309232	1.118262693	-1.118262693	1.184215525	-1.184215525	-1.199069465	1.199069465	1.199960238	-1.199960238	-1.201586951	1.201586951	1.204326352	-1.204326352	-1.228775192	1.228775192	-1.240325041	1.240325041	1.274555317	-1.274555317	-1.279755528	1.279755528	1.297683424	-1.297683424	1.31212258	-1.31212258	1.327897472	-1.327897472	1.329239761	-1.329239761	1.336399912	-1.336399912	-1.350681724	1.350681724	1.365287846	-1.365287846	1.369658306	-1.369658306	1.395879954	-1.395879954	-1.396463051	1.396463051	-1.405641862	1.405641862	-1.427352395	1.427352395	1.464066389	-1.464066389	-1.46539694	1.46539694	-1.49718067	1.49718067	-1.500227605	1.500227605	-1.533901741	1.533901741	-1.546318995	1.546318995	1.548220171	-1.548220171	1.549905516	-1.549905516	1.558545175	-1.558545175	1.570994971	-1.570994971	1.5776941	-1.5776941	1.586784275	-1.586784275	1.587581114	-1.587581114	1.608623603	-1.608623603	1.618693953	-1.618693953	1.674016887	-1.674016887	1.698525173	-1.698525173	-1.709041571	1.709041571	1.729163065	-1.729163065	-1.731290536	1.731290536	1.743033176	-1.743033176	1.771693029	-1.771693029	1.802687509	-1.802687509	1.806908295	-1.806908295	-1.816930315	1.816930315	-1.849223793	1.849223793	-1.875520057	1.875520057	1.88986821	-1.88986821	-1.914275688	1.914275688	-1.917499486	1.917499486	-1.93314884	1.93314884	-1.935029727	1.935029727	
-0.2	0.1105057568	-0.1105057568	0.2675911336	-0.2675911336	-0.4111150843	0.4111150843	0.4542259879	-0.4542259879	-0.5079548807	0.5079548807	0.5148421839	-0.5148421839	-0.5223970025	0.5223970025	0.5749982984	-0.5749982984	-0.6063052579	0.6063052579	0.6104887075	-0.6104887075	-0.6736865901	0.6736865901	0.7272052503	-0.7272052503	0.7375556709	-0.7375556709	-0.7670667356	0.7670667356	0.7674468699	-0.7674468699	-0.8167193493	0.8167193493	-0.828212458	0.828212458	0.8309763631	-0.8309763631	0.8388289282	-0.8388289282	0.8406005719	-0.8406005719	-0.8572637424	0.8572637424	0.8723703621	-0.8723703621	-0.8968434993	0.8968434993	0.9083706571	-0.9083706571	0.9110276798	-0.9110276798	0.9181391158	-0.9181391158	-0.9363325567	0.9363325567	0.9680446702	-0.9680446702	-0.9856725317	0.9856725317	-1.02758023	1.02758023	1.039087555	-1.039087555	1.054809945	-1.054809945	-1.076578018	1.076578018	-1.084750135	1.084750135	-1.090394417	1.090394417	1.111628913	-1.111628913	1.114361177	-1.114361177	1.183527002	-1.183527002	1.196869304	-1.196869304	-1.199065199	1.199065199	1.199961382	-1.199961382	-1.204281223	1.204281223	1.223995959	-1.223995959	1.239762615	-1.239762615	1.274532785	-1.274532785	-1.279766199	1.279766199	1.297312943	-1.297312943	-1.311665819	1.311665819	1.327740549	-1.327740549	1.329362352	-1.329362352	-1.336333973	1.336333973	-1.350497415	1.350497415	-1.365274381	1.365274381	-1.369451857	1.369451857	1.395653212	-1.395653212	-1.39646363	1.39646363	1.405504788	-1.405504788	-1.427198828	1.427198828	1.464294493	-1.464294493	-1.465509096	1.465509096	-1.497357441	1.497357441	-1.499808381	1.499808381	-1.534274616	1.534274616	1.546390332	-1.546390332	1.548216334	-1.548216334	-1.549947042	1.549947042	1.558672976	-1.558672976	1.571032304	-1.571032304	1.577477444	-1.577477444	-1.586239402	1.586239402	-1.586857404	1.586857404	-1.607868854	1.607868854	-1.618141606	1.618141606	-1.674134488	1.674134488	-1.6985164	1.6985164	-1.709040259	1.709040259	1.729161218	-1.729161218	1.731210774	-1.731210774	-1.743106186	1.743106186	-1.771040451	1.771040451	1.802759167	-1.802759167	-1.807124102	1.807124102	-1.816898629	1.816898629	1.84925653	-1.84925653	-1.874919296	1.874919296	-1.889862581	1.889862581	-1.914317007	1.914317007	1.917590275	-1.917590275	1.932920384	-1.932920384	-1.935045457	1.935045457	
-0.19	0.1137789027	-0.1137789027	0.2643705992	-0.2643705992	-0.4178125616	0.4178125616	0.4575003804	-0.4575003804	0.5152761266	-0.5152761266	0.5217570011	-0.5217570011	-0.5295352603	0.5295352603	0.581375104	-0.581375104	0.6072758827	-0.6072758827	0.6133196354	-0.6133196354	-0.6683450795	0.6683450795	-0.7338450994	0.7338450994	-0.7445738209	0.7445738209	0.7697375371	-0.7697375371	-0.7711512855	0.7711512855	-0.8128710817	0.8128710817	-0.8229021301	0.8229021301	0.8263587751	-0.8263587751	0.839131488	-0.839131488	-0.8398924247	0.8398924247	-0.857256428	0.857256428	0.8709931298	-0.8709931298	-0.8963028897	0.8963028897	-0.9141791868	0.9141791868	0.9171955021	-0.9171955021	0.9183517851	-0.9183517851	-0.9363355937	0.9363355937	0.9675669974	-0.9675669974	-0.9802124778	0.9802124778	1.022959373	-1.022959373	1.034068606	-1.034068606	-1.054796858	1.054796858	1.076497342	-1.076497342	-1.084605982	1.084605982	-1.090115946	1.090115946	1.110556356	-1.110556356	-1.11391606	1.11391606	-1.182806452	1.182806452	1.192115027	-1.192115027	1.1990608	-1.1990608	-1.199962686	1.199962686	-1.204243849	1.204243849	-1.219228955	1.219228955	1.239213285	-1.239213285	1.27450768	-1.27450768	-1.279776557	1.279776557	1.296965965	-1.296965965	-1.311229879	1.311229879	1.327584091	-1.327584091	-1.329479591	1.329479591	-1.336273288	1.336273288	-1.350329852	1.350329852	-1.365261949	1.365261949	-1.369257751	1.369257751	-1.395434526	1.395434526	-1.396464349	1.396464349	1.405380493	-1.405380493	-1.427052967	1.427052967	-1.464513496	1.464513496	1.465618812	-1.465618812	1.497529756	-1.497529756	-1.49939783	1.49939783	-1.534637023	1.534637023	-1.546461466	1.546461466	1.548212534	-1.548212534	-1.549999188	1.549999188	1.55880406	-1.55880406	1.57106817	-1.57106817	1.577270445	-1.577270445	1.585718722	-1.585718722	1.586160249	-1.586160249	1.607126395	-1.607126395	-1.617612525	1.617612525	1.674246693	-1.674246693	-1.698508053	1.698508053	1.709038771	-1.709038771	-1.729159349	1.729159349	1.731128339	-1.731128339	-1.743176848	1.743176848	1.770423131	-1.770423131	-1.802817279	1.802817279	1.807330858	-1.807330858	-1.816874603	1.816874603	-1.849290724	1.849290724	1.874348294	-1.874348294	1.889857087	-1.889857087	-1.914356489	1.914356489	1.91767622	-1.91767622	-1.932698721	1.932698721	-1.935061076	1.935061076	
-0.18	0.1170225153	-0.1170225153	0.2611766554	-0.2611766554	-0.4244899565	0.4244899565	0.4607447953	-0.4607447953	0.5225660454	-0.5225660454	0.5285410336	-0.5285410336	0.5365621567	-0.5365621567	-0.5875700465	0.5875700465	0.6040902136	-0.6040902136	0.6202112247	-0.6202112247	-0.6629448541	0.6629448541	-0.7404421809	0.7404421809	-0.7515703379	0.7515703379	0.7720010841	-0.7720010841	-0.7746797286	0.7746797286	0.8085580986	-0.8085580986	-0.8175339862	0.8175339862	0.8217407799	-0.8217407799	-0.8390447363	0.8390447363	-0.839152651	0.839152651	-0.8572486208	0.8572486208	0.8698554366	-0.8698554366	-0.8957762569	0.8957762569	-0.916207988	0.916207988	-0.9228703113	0.9228703113	0.9235451752	-0.9235451752	-0.9363357694	0.9363357694	-0.9670721117	0.9670721117	-0.9747505991	0.9747505991	1.018369077	-1.018369077	-1.028942472	1.028942472	-1.054785595	1.054785595	-1.07643355	1.07643355	-1.084469484	1.084469484	-1.089871429	1.089871429	1.10687221	-1.10687221	1.116167736	-1.116167736	1.182053725	-1.182053725	1.187340148	-1.187340148	1.19905661	-1.19905661	-1.199964121	1.199964121	-1.204209383	1.204209383	1.214484561	-1.214484561	-1.238678944	1.238678944	-1.274480017	1.274480017	1.27978658	-1.27978658	-1.296640095	1.296640095	-1.310815053	1.310815053	1.327428081	-1.327428081	1.329591438	-1.329591438	-1.336217969	1.336217969	-1.350178953	1.350178953	-1.365250494	1.365250494	-1.369075674	1.369075674	1.39522369	-1.39522369	-1.396465206	1.396465206	-1.405268762	1.405268762	-1.426914796	1.426914796	1.464723192	-1.464723192	-1.46572598	1.46572598	-1.497697307	1.497697307	-1.498996459	1.498996459	-1.534988282	1.534988282	1.546531874	-1.546531874	-1.548208776	1.548208776	-1.550062489	1.550062489	1.558938579	-1.558938579	1.571102514	-1.571102514	1.577072977	-1.577072977	1.585222618	-1.585222618	-1.585490277	1.585490277	-1.606396608	1.606396608	1.617107106	-1.617107106	1.674353479	-1.674353479	1.698500145	-1.698500145	-1.709037107	1.709037107	-1.729157455	1.729157455	-1.731043165	1.731043165	1.743245032	-1.743245032	-1.769841424	1.769841424	1.802862791	-1.802862791	-1.807528359	1.807528359	-1.816857459	1.816857459	-1.849326359	1.849326359	1.873807378	-1.873807378	-1.88985173	1.88985173	-1.914394077	1.914394077	1.917757217	-1.917757217	1.932484738	-1.932484738	-1.935076433	1.935076433	
-0.17	0.1202325871	-0.1202325871	0.2580133145	-0.2580133145	-0.4311468288	0.4311468288	0.4639551543	-0.4639551543	0.5298239001	-0.5298239001	0.5351825222	-0.5351825222	-0.5434673019	0.5434673019	0.5935624378	-0.5935624378	0.600935756	-0.600935756	-0.6269373023	0.6269373023	-0.6575354769	0.6575354769	-0.7469837404	0.7469837404	-0.7585166779	0.7585166779	0.7742278402	-0.7742278402	-0.7776097249	0.7776097249	0.8040044734	-0.8040044734	-0.8121340942	0.8121340942	0.8171444678	-0.8171444678	0.8383814992	-0.8383814992	0.8384059385	-0.8384059385	0.857240604	-0.857240604	-0.8691001356	0.8691001356	0.8952656769	-0.8952656769	0.9169752027	-0.9169752027	-0.9291094214	0.9291094214	0.9299515029	-0.9299515029	0.9363318346	-0.9363318346	-0.9663597986	0.9663597986	-0.9694900058	0.9694900058	-1.013827535	1.013827535	1.023720107	-1.023720107	1.054775802	-1.054775802	-1.076381768	1.076381768	-1.084340603	1.084340603	1.089655727	-1.089655727	1.103334232	-1.103334232	1.118382252	-1.118382252	1.181268982	-1.181268982	1.182557999	-1.182557999	-1.199052559	1.199052559	1.19996561	-1.19996561	-1.204177198	1.204177198	1.209774597	-1.209774597	1.238161531	-1.238161531	1.27444983	-1.27444983	-1.279796245	1.279796245	1.296333254	-1.296333254	-1.310421596	1.310421596	1.327272499	-1.327272499	1.329697854	-1.329697854	1.336168126	-1.336168126	-1.350044624	1.350044624	1.365239968	-1.365239968	1.368905332	-1.368905332	1.395020513	-1.395020513	1.396466198	-1.396466198	1.40516939	-1.40516939	1.426784296	-1.426784296	1.46492338	-1.46492338	-1.465830496	1.465830496	1.497859779	-1.497859779	1.498604698	-1.498604698	-1.535327812	1.535327812	1.546601036	-1.546601036	1.548205065	-1.548205065	-1.550137418	1.550137418	1.559076699	-1.559076699	-1.571135284	1.571135284	1.576884914	-1.576884914	1.58475145	-1.58475145	-1.584848103	1.584848103	-1.605679886	1.605679886	-1.616625721	1.616625721	1.674454826	-1.674454826	-1.69849269	1.69849269	-1.709035269	1.709035269	1.729155532	-1.729155532	-1.730955207	1.730955207	-1.743310617	1.743310617	1.769295649	-1.769295649	1.802896679	-1.802896679	-1.807716411	1.807716411	-1.816846389	1.816846389	1.849363417	-1.849363417	1.873296858	-1.873296858	1.889846514	-1.889846514	1.91442972	-1.91442972	-1.917833167	1.917833167	-1.932279244	1.932279244	-1.935091425	1.935091425	
-0.16	0.1234043806	-0.1234043806	0.2548853184	-0.2548853184	-0.437782715	0.437782715	-0.4671266387	0.4671266387	-0.5370488968	0.5370488968	0.5416680421	-0.5416680421	-0.5502385846	0.5502385846	0.5978173682	-0.5978173682	0.5993284902	-0.5993284902	0.6333712528	-0.6333712528	-0.6522411284	0.6522411284	-0.7534457364	0.7534457364	0.765384877	-0.765384877	0.7764157889	-0.7764157889	-0.7799075203	0.7799075203	-0.7993285542	0.7993285542	-0.8067339686	0.8067339686	0.812594926	-0.812594926	-0.8372066175	0.8372066175	0.8375796441	-0.8375796441	0.8572326922	-0.8572326922	-0.8688054304	0.8688054304	0.8947731338	-0.8947731338	0.9180207757	-0.9180207757	-0.9354189983	0.9354189983	-0.9362779455	0.9362779455	-0.9363828571	0.9363828571	-0.9630450125	0.9630450125	0.9668196722	-0.9668196722	-1.009356791	1.009356791	-1.018409754	1.018409754	1.054767211	-1.054767211	-1.076338582	1.076338582	-1.084219306	1.084219306	-1.089464876	1.089464876	-1.099971792	1.099971792	1.120556988	-1.120556988	-1.177782875	1.177782875	-1.18045277	1.18045277	1.199048629	-1.199048629	1.199966816	-1.199966816	-1.204147113	1.204147113	1.205112817	-1.205112817	1.237662975	-1.237662975	-1.274417166	1.274417166	-1.279805532	1.279805532	1.296043636	-1.296043636	1.310049722	-1.310049722	-1.327117326	1.327117326	1.329798797	-1.329798797	1.336123864	-1.336123864	1.349926764	-1.349926764	-1.365230329	1.365230329	1.368746443	-1.368746443	1.394824817	-1.394824817	1.396467321	-1.396467321	1.405082175	-1.405082175	-1.42666145	1.42666145	1.465113872	-1.465113872	-1.465932261	1.465932261	-1.498016854	1.498016854	-1.498222902	1.498222902	1.535655125	-1.535655125	-1.546668454	1.546668454	1.548201406	-1.548201406	1.550224353	-1.550224353	-1.559218601	1.559218601	1.57116643	-1.57116643	1.576706131	-1.576706131	-1.584234332	1.584234332	1.584305549	-1.584305549	-1.604976634	1.604976634	1.616168725	-1.616168725	1.674550713	-1.674550713	-1.6984857	1.6984857	1.709033261	-1.709033261	-1.729153578	1.729153578	-1.730864441	1.730864441	-1.743373478	1.743373478	-1.768786089	1.768786089	1.802919937	-1.802919937	-1.807894829	1.807894829	-1.81684057	1.81684057	1.849401882	-1.849401882	-1.872817026	1.872817026	-1.889841442	1.889841442	-1.914463364	1.914463364	1.917903974	-1.917903974	1.932082983	-1.932082983	-1.935105971	1.935105971	
-0.15	0.1265322688	-0.1265322688	0.2517982983	-0.2517982983	-0.4443971199	0.4443971199	0.4702535323	-0.4702535323	0.544240142	-0.544240142	0.5479822668	-0.5479822668	-0.5568618196	0.5568618196	0.5947408172	-0.5947408172	-0.6048409451	0.6048409451	0.638770914	-0.638770914	-0.6477952874	0.6477952874	-0.7597764496	0.7597764496	0.7721375993	-0.7721375993	0.7785622923	-0.7785622923	-0.781564291	0.781564291	-0.7946046623	0.7946046623	-0.8013899339	0.8013899339	-0.8081215953	0.8081215953	0.8355258172	-0.8355258172	-0.8367482945	0.8367482945	-0.8572250138	0.8572250138	0.8689980288	-0.8689980288	0.8943005469	-0.8943005469	0.9193820732	-0.9193820732	0.9362974727	-0.9362974727	-0.9416205054	0.9416205054	0.9426597309	-0.9426597309	-0.9576367902	0.9576367902	-0.9662370642	0.9662370642	1.004983674	-1.004983674	1.013017848	-1.013017848	-1.054759618	1.054759618	-1.076301543	1.076301543	1.084105561	-1.084105561	-1.089295525	1.089295525	1.096817688	-1.096817688	1.122688989	-1.122688989	-1.173030828	1.173030828	1.17960611	-1.17960611	1.199044807	-1.199044807	-1.199956592	1.199956592	1.200525739	-1.200525739	-1.204119055	1.204119055	1.23718516	-1.23718516	-1.274382084	1.274382084	-1.279814421	1.279814421	-1.295769672	1.295769672	-1.309699616	1.309699616	1.326962544	-1.326962544	-1.329894229	1.329894229	1.336085269	-1.336085269	-1.349825274	1.349825274	-1.365221542	1.365221542	1.368598745	-1.368598745	1.39463644	-1.39463644	1.396468573	-1.396468573	1.405006928	-1.405006928	-1.426546236	1.426546236	1.465294489	-1.465294489	1.466031183	-1.466031183	1.497851363	-1.497851363	-1.498168211	1.498168211	1.535969834	-1.535969834	-1.546733673	1.546733673	-1.548197804	1.548197804	1.550323544	-1.550323544	-1.559364487	1.559364487	1.571195904	-1.571195904	-1.576536508	1.576536508	-1.583649552	1.583649552	1.583885216	-1.583885216	1.604287278	-1.604287278	-1.615736452	1.615736452	1.674641125	-1.674641125	1.698479186	-1.698479186	-1.709031083	1.709031083	1.729151591	-1.729151591	1.730770868	-1.730770868	-1.743433499	1.743433499	-1.768312985	1.768312985	-1.80293356	1.80293356	1.80806344	-1.80806344	-1.816839181	1.816839181	1.849441737	-1.849441737	1.872368165	-1.872368165	1.889836517	-1.889836517	1.91449496	-1.91449496	1.917969544	-1.917969544	1.931896648	-1.931896648	1.935120012	-1.935120012	
-0.14	0.1296095384	-0.1296095384	0.2487589714	-0.2487589714	-0.4509895004	0.4509895004	0.4733290307	-0.4733290307	-0.5513965003	0.5513965003	0.5541077988	-0.5541077988	0.5633203236	-0.5633203236	0.5917129858	-0.5917129858	0.61006875	-0.61006875	-0.6385107083	0.6385107083	0.6488095417	-0.6488095417	-0.7658422929	0.7658422929	-0.7787015854	0.7787015854	0.7806643679	-0.7806643679	-0.7826061003	0.7826061003	0.7899066012	-0.7899066012	0.7962303055	-0.7962303055	-0.8037624956	0.8037624956	0.8334966955	-0.8334966955	-0.835889341	0.835889341	-0.8572173482	0.8572173482	-0.8696573493	0.8696573493	0.8938497687	-0.8938497687	-0.9209553079	0.9209553079	-0.9362509077	0.9362509077	-0.9476613262	0.9476613262	0.9488692071	-0.9488692071	-0.9520508339	0.9520508339	-0.9658406212	0.9658406212	-1.000740932	1.000740932	-1.007549607	1.007549607	-1.054752864	1.054752864	-1.076268878	1.076268878	1.083999335	-1.083999335	1.089143928	-1.089143928	-1.093908765	1.093908765	1.12477482	-1.12477482	-1.168320209	1.168320209	1.178730596	-1.178730596	1.195991368	-1.195991368	1.199041082	-1.199041082	1.199974561	-1.199974561	-1.204092985	1.204092985	1.236729907	-1.236729907	-1.274344656	1.274344656	-1.27982289	1.27982289	-1.295509996	1.295509996	-1.309371426	1.309371426	1.326808134	-1.326808134	-1.32998411	1.32998411	1.336052414	-1.336052414	-1.349740059	1.349740059	-1.365213575	1.365213575	1.368461992	-1.368461992	1.394455233	-1.394455233	-1.396469952	1.396469952	1.404943466	-1.404943466	1.426438633	-1.426438633	-1.46546506	1.46546506	1.466127177	-1.466127177	-1.497490308	1.497490308	-1.498313529	1.498313529	1.536271648	-1.536271648	-1.546796307	1.546796307	-1.548194264	1.548194264	1.550435086	-1.550435086	1.559514579	-1.559514579	1.571223659	-1.571223659	1.576375921	-1.576375921	-1.583094339	1.583094339	-1.58349072	1.58349072	-1.603612265	1.603612265	1.615329216	-1.615329216	1.674726046	-1.674726046	1.69847316	-1.69847316	-1.709028739	1.709028739	1.729149569	-1.729149569	-1.730674515	1.730674515	-1.743490563	1.743490563	1.767876542	-1.767876542	-1.802938527	1.802938527	1.808222077	-1.808222077	-1.816841412	1.816841412	1.849482963	-1.849482963	-1.871950539	1.871950539	1.889831744	-1.889831744	-1.914524461	1.914524461	1.918029788	-1.918029788	-1.931720883	1.931720883	-1.935133499	1.935133499	
-0.13	0.1326281461	-0.1326281461	0.2457753848	-0.2457753848	-0.4575592332	0.4575592332	0.4763450198	-0.4763450198	-0.5585157162	0.5585157162	-0.5600257026	0.5600257026	-0.5695944071	0.5695944071	0.588742123	-0.588742123	0.6149768497	-0.6149768497	0.633663607	-0.633663607	0.6541915724	-0.6541915724	0.7712020084	-0.7712020084	0.7827188492	-0.7827188492	-0.783154057	0.783154057	0.7840645144	-0.7840645144	-0.7862064979	0.7862064979	-0.7916125417	0.7916125417	0.7995734306	-0.7995734306	0.8312982008	-0.8312982008	0.8350055621	-0.8350055621	-0.8572091746	0.8572091746	0.8707197546	-0.8707197546	-0.8934225755	0.8934225755	-0.9226150206	0.9226150206	0.9361409458	-0.9361409458	-0.946457969	0.946457969	-0.9535085632	0.9535085632	-0.9549360154	0.9549360154	0.9654984838	-0.9654984838	-0.9966685918	0.9966685918	-1.002009421	1.002009421	-1.054746819	1.054746819	-1.07623937	1.07623937	-1.0839006	1.0839006	-1.089000763	1.089000763	1.091290411	-1.091290411	1.126810436	-1.126810436	1.16367225	-1.16367225	-1.17782853	1.17782853	1.191574684	-1.191574684	-1.199037442	1.199037442	-1.199975957	1.199975957	1.204068882	-1.204068882	1.236298951	-1.236298951	-1.274304964	1.274304964	1.279830919	-1.279830919	1.295263415	-1.295263415	1.309065275	-1.309065275	-1.326654077	1.326654077	-1.3300684	1.3300684	1.336025346	-1.336025346	-1.349671034	1.349671034	1.365206401	-1.365206401	1.368335955	-1.368335955	-1.394281058	1.394281058	1.396471456	-1.396471456	-1.404891614	1.404891614	1.426338622	-1.426338622	1.465625428	-1.465625428	-1.466220163	1.466220163	-1.49713991	1.49713991	-1.498452485	1.498452485	-1.536560374	1.536560374	-1.546856051	1.546856051	1.548190789	-1.548190789	1.550558897	-1.550558897	1.559669122	-1.559669122	1.571249652	-1.571249652	1.576224249	-1.576224249	-1.582569252	1.582569252	-1.583122289	1.583122289	-1.602952068	1.602952068	1.614947314	-1.614947314	1.674805461	-1.674805461	1.698467631	-1.698467631	-1.709026231	1.709026231	1.72914751	-1.72914751	1.730575436	-1.730575436	-1.74354456	1.74354456	-1.767476924	1.767476924	1.80293579	-1.80293579	-1.808370588	1.808370588	1.816846481	-1.816846481	1.849525539	-1.849525539	1.8715644	-1.8715644	-1.889827125	1.889827125	-1.914551822	1.914551822	1.918084618	-1.918084618	-1.931556288	1.931556288	1.935146392	-1.935146392	
-0.12	0.13557842	-0.13557842	0.2428572138	-0.2428572138	-0.4641055385	0.4641055385	0.4792918381	-0.4792918381	-0.5655473747	0.5655473747	-0.565762179	0.565762179	-0.575660775	0.575660775	0.5858381515	-0.5858381515	0.6195261916	-0.6195261916	-0.6281338499	0.6281338499	0.6600117667	-0.6600117667	-0.7742233684	0.7742233684	-0.7803234056	0.7803234056	-0.7836990679	0.7836990679	0.7847196972	-0.7847196972	0.7887059073	-0.7887059073	-0.7912992426	0.7912992426	-0.7956510403	0.7956510403	0.8291756457	-0.8291756457	0.8341009305	-0.8341009305	0.8571998568	-0.8571998568	0.8720858886	-0.8720858886	0.8930206571	-0.8930206571	-0.9242385744	0.9242385744	-0.9357630146	0.9357630146	-0.9410867826	0.9410867826	-0.959132863	0.959132863	0.9608212048	-0.9608212048	-0.9651924439	0.9651924439	0.9928156181	-0.9928156181	-0.9964011431	0.9964011431	-1.054741381	1.054741381	-1.076212381	1.076212381	1.083809327	-1.083809327	1.088675233	-1.088675233	1.089191355	-1.089191355	1.128791014	-1.128791014	1.159111709	-1.159111709	1.176903073	-1.176903073	-1.187281411	1.187281411	-1.199033879	1.199033879	1.199978214	-1.199978214	-1.20404673	1.20404673	1.235893933	-1.235893933	1.274263096	-1.274263096	1.27983849	-1.27983849	-1.295028891	1.295028891	-1.308781261	1.308781261	-1.326500357	1.326500357	1.330147062	-1.330147062	-1.336004087	1.336004087	-1.34961813	1.34961813	-1.3652	1.3652	1.368220422	-1.368220422	1.394113792	-1.394113792	1.396473081	-1.396473081	1.404851209	-1.404851209	-1.426246181	1.426246181	-1.465775442	1.465775442	-1.466310069	1.466310069	-1.496800287	1.496800287	-1.498584759	1.498584759	1.536835915	-1.536835915	-1.546912697	1.546912697	1.548187385	-1.548187385	-1.550694703	1.550694703	1.559828387	-1.559828387	1.571273841	-1.571273841	1.57608137	-1.57608137	1.582074836	-1.582074836	1.58278011	-1.58278011	-1.602307193	1.602307193	1.614591019	-1.614591019	1.674879357	-1.674879357	-1.69846261	1.69846261	-1.709023561	1.709023561	1.729145416	-1.729145416	1.730473712	-1.730473712	1.743595384	-1.743595384	1.767114254	-1.767114254	1.802926264	-1.802926264	1.808508826	-1.808508826	1.816853643	-1.816853643	1.849569443	-1.849569443	1.871209986	-1.871209986	-1.889822664	1.889822664	-1.914577002	1.914577002	1.918133952	-1.918133952	1.931403419	-1.931403419	1.935158657	-1.935158657	
-0.11	0.1384486989	-0.1384486989	0.2400161228	-0.2400161228	-0.4706272638	0.4706272638	-0.4821581144	0.4821581144	0.571119459	-0.571119459	-0.572661636	0.572661636	-0.5814918234	0.5814918234	0.5830130426	-0.5830130426	-0.6224233596	0.6224233596	0.6236740721	-0.6236740721	0.6657356715	-0.6657356715	-0.7727192137	0.7727192137	-0.7758213425	0.7758213425	-0.7835524411	0.7835524411	0.7866485458	-0.7866485458	-0.7902777941	0.7902777941	0.7922596849	-0.7922596849	-0.79660285	0.79660285	-0.8275023881	0.8275023881	-0.8331811041	0.8331811041	0.8571887745	-0.8571887745	-0.8736304366	0.8736304366	-0.8926456038	0.8926456038	-0.9257144968	0.9257144968	-0.9334758299	0.9334758299	-0.9375847791	0.9375847791	-0.9645040559	0.9645040559	0.9648900206	-0.9648900206	-0.9665144477	0.9665144477	-0.9892423873	0.9892423873	-0.9907283224	0.9907283224	-1.054736468	1.054736468	-1.07618801	1.07618801	-1.083725488	1.083725488	1.086955852	-1.086955852	-1.088861243	1.088861243	1.130710745	-1.130710745	1.1546676	-1.1546676	1.175958406	-1.175958406	1.183138576	-1.183138576	-1.199030385	1.199030385	-1.199980785	1.199980785	-1.204026518	1.204026518	-1.235516382	1.235516382	-1.274219154	1.274219154	-1.279845583	1.279845583	-1.294805516	1.294805516	1.308519458	-1.308519458	-1.326346958	1.326346958	-1.330220058	1.330220058	-1.335988629	1.335988629	1.349581292	-1.349581292	1.365194354	-1.365194354	1.368115197	-1.368115197	1.393953323	-1.393953323	1.396474827	-1.396474827	1.404822096	-1.404822096	1.42616129	-1.42616129	1.465914966	-1.465914966	-1.466396833	1.466396833	-1.496471508	1.496471508	-1.498710034	1.498710034	-1.537098264	1.537098264	-1.546966133	1.546966133	1.548184054	-1.548184054	1.550842035	-1.550842035	-1.559992672	1.559992672	1.571296187	-1.571296187	-1.575947159	1.575947159	-1.581611618	1.581611618	1.582464322	-1.582464322	-1.601678183	1.601678183	1.614260589	-1.614260589	1.674947722	-1.674947722	1.698458107	-1.698458107	-1.709020731	1.709020731	-1.729143284	1.729143284	-1.730369451	1.730369451	-1.743642934	1.743642934	1.766788614	-1.766788614	1.802910812	-1.802910812	-1.808636658	1.808636658	-1.816862196	1.816862196	1.849614651	-1.849614651	1.870887521	-1.870887521	1.889818365	-1.889818365	-1.91459996	1.91459996	1.918177712	-1.918177712	-1.93126279	1.93126279	1.935170269	-1.935170269	
-0.1	0.1412249026	-0.1412249026	0.2372661948	-0.2372661948	-0.477122047	0.477122047	-0.4849311508	0.4849311508	0.5762571703	-0.5762571703	0.579667526	-0.579667526	0.58028122	-0.58028122	-0.5870548658	0.5870548658	-0.6166232032	0.6166232032	0.6273749827	-0.6273749827	0.6712310388	-0.6712310388	-0.7684156076	0.7684156076	-0.7714281825	0.7714281825	-0.782064422	0.782064422	-0.7885208719	0.7885208719	-0.7892871614	0.7892871614	-0.7954943403	0.7954943403	-0.8007902317	0.8007902317	-0.8268696421	0.8268696421	0.8322543026	-0.8322543026	0.8571753271	-0.8571753271	0.8752122043	-0.8752122043	-0.8922988869	0.8922988869	0.9269456219	-0.9269456219	-0.9283351606	0.9283351606	-0.9369001927	0.9369001927	-0.9646459363	0.9646459363	0.9695893151	-0.9695893151	0.9719088228	-0.9719088228	0.9849945701	-0.9849945701	0.9860274483	-0.9860274483	1.054732012	-1.054732012	-1.076167351	1.076167351	-1.08364906	1.08364906	1.085411749	-1.085411749	-1.088767167	1.088767167	1.132562554	-1.132562554	-1.150373976	1.150373976	1.174999708	-1.174999708	1.179176665	-1.179176665	-1.199026953	1.199026953	1.199983568	-1.199983568	1.204008237	-1.204008237	1.235167711	-1.235167711	-1.274173242	1.274173242	1.279852182	-1.279852182	-1.294592503	1.294592503	-1.308279923	1.308279923	1.326193868	-1.326193868	-1.330287352	1.330287352	1.335978936	-1.335978936	1.349560486	-1.349560486	-1.365189449	1.365189449	1.368020103	-1.368020103	-1.393799548	1.393799548	-1.396476692	1.396476692	1.40480413	-1.40480413	-1.426083929	1.426083929	-1.466043871	1.466043871	-1.466480399	1.466480399	-1.496153598	1.496153598	1.498827996	-1.498827996	-1.537347505	1.537347505	1.547016342	-1.547016342	1.548180801	-1.548180801	1.551000233	-1.551000233	-1.560162306	1.560162306	-1.571316652	1.571316652	1.575821492	-1.575821492	-1.581180104	1.581180104	-1.58217501	1.58217501	1.601065622	-1.601065622	-1.613956261	1.613956261	-1.675010546	1.675010546	-1.698454129	1.698454129	1.709017745	-1.709017745	-1.729141117	1.729141117	-1.730262793	1.730262793	-1.743687115	1.743687115	1.76650005	-1.76650005	-1.802890245	1.802890245	-1.80875396	1.80875396	-1.816871494	1.816871494	-1.849661135	1.849661135	-1.870597217	1.870597217	1.889814229	-1.889814229	1.914620662	-1.914620662	-1.918215822	1.918215822	1.931134876	-1.931134876	-1.935181203	1.935181203	
-0.09	0.1438900409	-0.1438900409	0.2346244229	-0.2346244229	-0.4835806797	0.4835806797	0.4876020387	-0.4876020387	0.5776601395	-0.5776601395	-0.5810697995	0.5810697995	-0.5866351982	0.5866351982	-0.5923109786	0.5923109786	-0.6107626576	0.6107626576	0.6305821088	-0.6305821088	-0.6764172056	0.6764172056	-0.7631435883	0.7631435883	-0.7672146408	0.7672146408	0.7798374706	-0.7798374706	-0.7874920257	0.7874920257	0.7903234935	-0.7903234935	-0.801320168	0.801320168	-0.8032137588	0.8032137588	-0.8279919079	0.8279919079	0.8313331188	-0.8313331188	-0.8571588514	0.8571588514	0.8766831584	-0.8766831584	-0.8919818149	0.8919818149	-0.9226366707	0.9226366707	0.9278503906	-0.9278503906	0.9367403577	-0.9367403577	-0.9644158909	0.9644158909	-0.9743496565	0.9743496565	0.9769343699	-0.9769343699	-0.9792064727	0.9792064727	-0.9833166757	0.9833166757	-1.054727956	1.054727956	-1.076152573	1.076152573	-1.083580021	1.083580021	-1.084285049	1.084285049	-1.088698892	1.088698892	1.134337739	-1.134337739	1.146270713	-1.146270713	1.174029865	-1.174029865	1.175433821	-1.175433821	1.199023576	-1.199023576	1.19998653	-1.19998653	-1.203991879	1.203991879	-1.234849207	1.234849207	-1.274125474	1.274125474	1.279858268	-1.279858268	-1.294389164	1.294389164	1.308062697	-1.308062697	-1.326041074	1.326041074	-1.330348911	1.330348911	1.335974934	-1.335974934	-1.349555698	1.349555698	-1.365185276	1.365185276	1.36793498	-1.36793498	1.393652379	-1.393652379	-1.396478673	1.396478673	-1.404797176	1.404797176	1.42601408	-1.42601408	1.46616204	-1.46616204	1.466560722	-1.466560722	-1.495846533	1.495846533	1.49893834	-1.49893834	1.5375838	-1.5375838	1.54706339	-1.54706339	1.548177629	-1.548177629	1.551168462	-1.551168462	1.560337648	-1.560337648	1.571335204	-1.571335204	-1.575704237	1.575704237	-1.580780786	1.580780786	1.581912204	-1.581912204	1.600470144	-1.600470144	-1.613678254	1.613678254	1.675067819	-1.675067819	-1.698450685	1.698450685	-1.709014604	1.709014604	1.729138915	-1.729138915	1.7301539	-1.7301539	-1.743727837	1.743727837	1.766248565	-1.766248565	1.802865308	-1.802865308	-1.808860618	1.808860618	-1.816880945	1.816880945	-1.849708865	1.849708865	1.87033927	-1.87033927	-1.889810262	1.889810262	-1.914639072	1.914639072	1.918248214	-1.918248214	1.931020108	-1.931020108	1.935191444	-1.935191444	
-0.08	0.1464236812	-0.1464236812	0.2321112421	-0.2321112421	-0.489700731	0.489700731	-0.490451463	0.490451463	0.5751707321	-0.5751707321	-0.5855216005	0.5855216005	-0.5935608684	0.5935608684	0.5972114111	-0.5972114111	-0.6048582516	0.6048582516	-0.6332496003	0.6332496003	0.6812171287	-0.6812171287	-0.7574854729	0.7574854729	-0.7632389463	0.7632389463	-0.7771541204	0.7771541204	-0.7865270201	0.7865270201	0.7920407759	-0.7920407759	0.8037259264	-0.8037259264	-0.8073833354	0.8073833354	0.8304390924	-0.8304390924	-0.8311041097	0.8311041097	0.8571384972	-0.8571384972	-0.877896649	0.877896649	-0.8916954274	0.8916954274	-0.9168126247	0.9168126247	0.9283636504	-0.9283636504	-0.9366760025	0.9366760025	-0.9642089467	0.9642089467	-0.9733451496	0.9733451496	-0.9787682965	0.9787682965	0.9799963259	-0.9799963259	0.98272757	-0.98272757	-1.054724257	1.054724257	-1.076146238	1.076146238	1.083518351	-1.083518351	1.08360965	-1.08360965	-1.088648256	1.088648256	1.136025511	-1.136025511	-1.142404177	1.142404177	-1.171912325	1.171912325	-1.173093467	1.173093467	-1.199020248	1.199020248	-1.199989653	1.199989653	1.203977438	-1.203977438	-1.234562029	1.234562029	-1.274075968	1.274075968	-1.279863828	1.279863828	1.294194908	-1.294194908	-1.307867807	1.307867807	-1.325888569	1.325888569	1.330404704	-1.330404704	-1.33597652	1.33597652	1.349566938	-1.349566938	-1.36518183	1.36518183	1.367859683	-1.367859683	1.393511737	-1.393511737	-1.39648077	1.39648077	1.40480111	-1.40480111	-1.425951725	1.425951725	-1.466269367	1.466269367	-1.466637765	1.466637765	-1.495550253	1.495550253	1.499040769	-1.499040769	1.537807385	-1.537807385	-1.547107411	1.547107411	1.548174542	-1.548174542	1.551345727	-1.551345727	-1.560519093	1.560519093	-1.57135181	1.57135181	-1.575595255	1.575595255	-1.580414129	1.580414129	1.581675869	-1.581675869	-1.599892439	1.599892439	1.613426767	-1.613426767	1.675119531	-1.675119531	1.698447782	-1.698447782	1.709011313	-1.709011313	-1.729136679	1.729136679	-1.730042966	1.730042966	-1.743765017	1.743765017	1.766034129	-1.766034129	-1.802836679	1.802836679	-1.808956528	1.808956528	1.816890023	-1.816890023	-1.849757808	1.849757808	1.870113865	-1.870113865	-1.889806464	1.889806464	-1.91465516	1.91465516	1.918274822	-1.918274822	1.930918877	-1.930918877	-1.935200977	1.935200977	
-0.07	0.1488014344	-0.1488014344	0.2297510436	-0.2297510436	-0.4924111135	0.4924111135	-0.4965245656	0.4965245656	0.5728379624	-0.5728379624	0.5895720066	-0.5895720066	-0.5988612666	0.5988612666	-0.600441393	0.600441393	-0.601760251	0.601760251	0.635335643	-0.635335643	0.6855453272	-0.6855453272	0.7516278064	-0.7516278064	-0.7595645992	0.7595645992	0.7743819507	-0.7743819507	-0.7861529183	0.7861529183	0.793661578	-0.793661578	-0.8029442267	0.8029442267	-0.8134762038	0.8134762038	0.8296179218	-0.8296179218	-0.8356824996	0.8356824996	0.8571130613	-0.8571130613	-0.8787160138	0.8787160138	0.8914402126	-0.8914402126	-0.9109308698	0.9109308698	-0.9284373597	0.9284373597	-0.9366430061	0.9366430061	-0.9640254719	0.9640254719	-0.9674498187	0.9674498187	0.97874388	-0.97874388	0.9827674688	-0.9827674688	-0.9866354819	0.9866354819	-1.054720877	1.054720877	1.076149521	-1.076149521	1.083405924	-1.083405924	-1.083464035	1.083464035	-1.088613856	1.088613856	1.137612437	-1.137612437	1.13882756	-1.13882756	1.168712814	-1.168712814	-1.172142841	1.172142841	1.199016964	-1.199016964	-1.19999293	1.19999293	1.203964907	-1.203964907	-1.234307203	1.234307203	-1.274024848	1.274024848	1.279868846	-1.279868846	1.294009226	-1.294009226	-1.307695271	1.307695271	-1.325736345	1.325736345	1.330454702	-1.330454702	-1.335983555	1.335983555	1.349594237	-1.349594237	-1.365179107	1.365179107	1.367794087	-1.367794087	1.393377554	-1.393377554	1.396482982	-1.396482982	1.404815818	-1.404815818	-1.425896847	1.425896847	1.466365755	-1.466365755	-1.466711504	1.466711504	-1.495264656	1.495264656	-1.499134996	1.499134996	-1.538018564	1.538018564	1.547148595	-1.547148595	-1.548171543	1.548171543	-1.551530904	1.551530904	1.560707064	-1.560707064	-1.57136644	1.57136644	1.575494392	-1.575494392	-1.580080578	1.580080578	-1.581465908	1.581465908	1.599333257	-1.599333257	1.613201981	-1.613201981	1.675165674	-1.675165674	1.698445426	-1.698445426	-1.709007873	1.709007873	-1.729134412	1.729134412	-1.729930205	1.729930205	-1.743798579	1.743798579	1.765856672	-1.765856672	-1.802804965	1.802804965	1.809041599	-1.809041599	-1.816898265	1.816898265	-1.849807928	1.849807928	1.869921175	-1.869921175	1.889802839	-1.889802839	1.914668901	-1.914668901	1.918295588	-1.918295588	-1.930831532	1.930831532	1.935209797	-1.935209797	
-0.06	0.1509945695	-0.1509945695	0.2275725603	-0.2275725603	-0.4945996799	0.4945996799	-0.502902875	0.502902875	0.5706911719	-0.5706911719	-0.592894641	0.592894641	0.5931775374	-0.5931775374	-0.6057811506	0.6057811506	-0.6072723989	0.6072723989	0.6368063058	-0.6368063058	0.6893046107	-0.6893046107	-0.7456441559	0.7456441559	0.7562630997	-0.7562630997	0.7717603223	-0.7717603223	-0.7862478094	0.7862478094	0.7951702278	-0.7951702278	-0.8016167688	0.8016167688	-0.8194055285	0.8194055285	-0.8290150755	0.8290150755	-0.841077222	0.841077222	-0.857080737	0.857080737	-0.8790244093	0.8790244093	-0.8912152148	0.8912152148	-0.9050148116	0.9050148116	0.9280411469	-0.9280411469	-0.9366237804	0.9366237804	-0.9615037087	0.9615037087	0.9638655002	-0.9638655002	0.9776569568	-0.9776569568	0.9863234483	-0.9863234483	-0.9905693518	0.9905693518	-1.054717786	1.054717786	-1.076160504	1.076160504	-1.083417064	1.083417064	1.083685303	-1.083685303	-1.08859628	1.08859628	-1.135600583	1.135600583	1.139081798	-1.139081798	1.165841067	-1.165841067	1.171231151	-1.171231151	-1.199013721	1.199013721	-1.199996353	1.199996353	-1.203954281	1.203954281	-1.234085621	1.234085621	-1.27397224	1.27397224	1.279873309	-1.279873309	1.293831687	-1.293831687	-1.307545097	1.307545097	-1.325584402	1.325584402	-1.33049888	1.33049888	-1.335995867	1.335995867	1.349637647	-1.349637647	-1.36517711	1.36517711	1.367738083	-1.367738083	1.393249772	-1.393249772	-1.396485306	1.396485306	-1.404841197	1.404841197	1.425849432	-1.425849432	1.466451122	-1.466451122	-1.466781921	1.466781921	-1.494989601	1.494989601	1.499220747	-1.499220747	-1.538217693	1.538217693	-1.547187169	1.547187169	-1.548168634	1.548168634	-1.551722762	1.551722762	-1.560902021	1.560902021	-1.571379068	1.571379068	1.575401473	-1.575401473	-1.579780555	1.579780555	1.581282157	-1.581282157	-1.598793415	1.598793415	-1.61300406	1.61300406	1.67520624	-1.67520624	1.698443623	-1.698443623	1.709004287	-1.709004287	-1.729132116	1.729132116	1.729815857	-1.729815857	-1.743828453	1.743828453	1.765716094	-1.765716094	-1.802770697	1.802770697	-1.809115749	1.809115749	-1.816905278	1.816905278	1.849859185	-1.849859185	1.869761357	-1.869761357	1.88979939	-1.88979939	-1.91468027	1.91468027	1.91831046	-1.91831046	1.930758379	-1.930758379	1.935217899	-1.935217899	
-0.05	0.1529699504	-0.1529699504	0.2256089301	-0.2256089301	0.4965542277	-0.4965542277	-0.5092630699	0.5092630699	0.5687640796	-0.5687640796	-0.5868726645	0.5868726645	0.5962932518	-0.5962932518	-0.6093002725	0.6093002725	-0.6140462804	0.6140462804	0.6376404415	-0.6376404415	0.6923882496	-0.6923882496	-0.7395695942	0.7395695942	-0.7534127944	0.7534127944	-0.7694244068	0.7694244068	-0.7867819587	0.7867819587	0.7965473816	-0.7965473816	0.8002530525	-0.8002530525	-0.8242950798	0.8242950798	0.8294945213	-0.8294945213	-0.8468785535	0.8468785535	-0.8570386811	0.8570386811	0.8787351783	-0.8787351783	0.8910135251	-0.8910135251	-0.8990843597	0.8990843597	-0.927162586	0.927162586	-0.9366116511	0.9366116511	-0.9555142051	0.9555142051	-0.9637290084	0.9637290084	0.9771909565	-0.9771909565	-0.9893880151	0.9893880151	-0.9940573657	0.9940573657	-1.054714959	1.054714959	-1.076174766	1.076174766	1.083377434	-1.083377434	1.084447879	-1.084447879	1.08859889	-1.08859889	-1.132788143	1.132788143	1.140412968	-1.140412968	1.16334706	-1.16334706	1.170372664	-1.170372664	-1.199010514	1.199010514	-1.199999919	1.199999919	-1.203945555	1.203945555	1.233898046	-1.233898046	1.273918279	-1.273918279	-1.279877205	1.279877205	1.293661933	-1.293661933	-1.307417289	1.307417289	-1.32543274	1.32543274	-1.330537218	1.330537218	1.336013251	-1.336013251	-1.34969724	1.34969724	-1.365175845	1.365175845	-1.367691581	1.367691581	1.393128343	-1.393128343	-1.396487743	1.396487743	1.404877153	-1.404877153	1.425809466	-1.425809466	-1.466525391	1.466525391	1.466849013	-1.466849013	-1.494724916	1.494724916	-1.499297761	1.499297761	-1.538405176	1.538405176	-1.547223383	1.547223383	-1.548165817	1.548165817	-1.551919992	1.551919992	1.561104453	-1.561104453	1.571389669	-1.571389669	-1.575316292	1.575316292	-1.579514454	1.579514454	-1.581124388	1.581124388	-1.598273807	1.598273807	-1.612833147	1.612833147	-1.675241222	1.675241222	-1.698442378	1.698442378	-1.709000559	1.709000559	-1.729129795	1.729129795	-1.729700181	1.729700181	-1.743854578	1.743854578	-1.765612264	1.765612264	1.802734331	-1.802734331	-1.809178905	1.809178905	1.816910737	-1.816910737	-1.849911535	1.849911535	-1.869634557	1.869634557	1.889796118	-1.889796118	-1.914689246	1.914689246	1.918319391	-1.918319391	-1.930699684	1.930699684	1.935225286	-1.935225286	
-0.04	0.1546905782	-0.1546905782	0.2238971533	-0.2238971533	-0.498246041	0.498246041	-0.5155935938	0.5155935938	0.56709412	-0.56709412	-0.5808192371	0.5808192371	0.5988747161	-0.5988747161	-0.6122315989	0.6122315989	0.6207458259	-0.6207458259	0.6378383341	-0.6378383341	0.6946885234	-0.6946885234	-0.7334240784	0.7334240784	0.751093794	-0.751093794	0.7674606396	-0.7674606396	-0.7877562356	0.7877562356	0.7977695041	-0.7977695041	-0.7991682302	0.7991682302	0.8256652863	-0.8256652863	-0.8335375221	0.8335375221	-0.8528655389	0.8528655389	0.8569821973	-0.8569821973	0.8778004641	-0.8778004641	0.8907527989	-0.8907527989	-0.8932344098	0.8932344098	0.9258072583	-0.9258072583	0.936603552	-0.936603552	0.9494873776	-0.9494873776	-0.9636159097	0.9636159097	0.9773862312	-0.9773862312	0.9919163149	-0.9919163149	0.9970114254	-0.9970114254	-1.054712375	1.054712375	-1.076188033	1.076188033	-1.083345149	1.083345149	1.085672736	-1.085672736	-1.088634877	1.088634877	-1.130457467	1.130457467	1.141581034	-1.141581034	-1.16127506	1.16127506	1.169591122	-1.169591122	1.199007341	-1.199007341	1.200003624	-1.200003624	-1.203938724	1.203938724	1.233745108	-1.233745108	-1.273863097	1.273863097	-1.279880524	1.279880524	-1.293499673	1.293499673	1.307311846	-1.307311846	1.325281365	-1.325281365	-1.3305697	1.3305697	-1.336035471	1.336035471	1.349773108	-1.349773108	1.365175322	-1.365175322	1.367654507	-1.367654507	-1.39301323	1.39301323	1.396490292	-1.396490292	1.404923605	-1.404923605	-1.425776938	1.425776938	-1.466588502	1.466588502	-1.466912785	1.466912785	-1.49447039	1.49447039	-1.499365795	1.499365795	1.538581451	-1.538581451	1.547257494	-1.547257494	-1.548163096	1.548163096	-1.552121234	1.552121234	1.561314875	-1.561314875	-1.571398221	1.571398221	-1.575238597	1.575238597	1.579282643	-1.579282643	-1.580992315	1.580992315	-1.597775405	1.597775405	1.612689369	-1.612689369	1.675270614	-1.675270614	-1.698441695	1.698441695	1.708996692	-1.708996692	-1.729127451	1.729127451	-1.729583455	1.729583455	-1.7438769	1.7438769	1.765545021	-1.765545021	-1.802696243	1.802696243	1.809231008	-1.809231008	1.816914385	-1.816914385	-1.849964934	1.849964934	1.869540907	-1.869540907	-1.889793026	1.889793026	1.914695813	-1.914695813	1.91832234	-1.91832234	1.930655669	-1.930655669	-1.935231967	1.935231967	
-0.03	0.1561170846	-0.1561170846	0.2224765993	-0.2224765993	-0.4996373899	0.4996373899	-0.5218876295	0.5218876295	0.5657207027	-0.5657207027	-0.5747417147	0.5747417147	0.6008805606	-0.6008805606	0.6145087953	-0.6145087953	-0.627310232	0.627310232	-0.637456564	0.637456564	0.6961123265	-0.6961123265	-0.7272214544	0.7272214544	0.7493784309	-0.7493784309	0.7659315049	-0.7659315049	-0.7891729807	0.7891729807	0.7985659986	-0.7985659986	0.7988089123	-0.7988089123	0.8254058783	-0.8254058783	0.8392589013	-0.8392589013	-0.8569031039	0.8569031039	0.8589103651	-0.8589103651	-0.8762159092	0.8762159092	-0.8870135069	0.8870135069	-0.8909024239	0.8909024239	0.9239991883	-0.9239991883	-0.9365978826	0.9365978826	0.9434308094	-0.9434308094	-0.9635260594	0.9635260594	0.9782161863	-0.9782161863	-0.99386724	0.99386724	-0.9993798681	0.9993798681	-1.054710014	1.054710014	-1.076198053	1.076198053	-1.083320217	1.083320217	-1.087254086	1.087254086	-1.088790325	1.088790325	1.12867349	-1.12867349	1.142557087	-1.142557087	-1.159665748	1.159665748	-1.168914823	1.168914823	-1.1990042	1.1990042	-1.200007465	1.200007465	-1.203933784	1.203933784	-1.23362731	1.23362731	1.273806834	-1.273806834	1.279883258	-1.279883258	-1.293344682	1.293344682	-1.307228765	1.307228765	-1.325130289	1.325130289	1.330596311	-1.330596311	1.336062264	-1.336062264	1.349865359	-1.349865359	-1.365175554	1.365175554	-1.367626806	1.367626806	1.392904405	-1.392904405	1.396492951	-1.396492951	-1.40498048	1.40498048	1.425751839	-1.425751839	1.466640402	-1.466640402	-1.466973255	1.466973255	-1.494225783	1.494225783	-1.499424623	1.499424623	-1.538746986	1.538746986	1.547289762	-1.547289762	-1.548160473	1.548160473	-1.552325101	1.552325101	1.561533827	-1.561533827	1.571404705	-1.571404705	1.575168081	-1.575168081	-1.57908546	1.57908546	-1.580885595	1.580885595	1.597299269	-1.597299269	1.612572834	-1.612572834	-1.67529441	1.67529441	-1.698441578	1.698441578	-1.708992688	1.708992688	1.729125088	-1.729125088	1.729465971	-1.729465971	1.743895374	-1.743895374	-1.765514182	1.765514182	-1.802656735	1.802656735	1.809272007	-1.809272007	-1.816916036	1.816916036	1.85001933	-1.85001933	1.869480528	-1.869480528	1.889790115	-1.889790115	-1.914699957	1.914699957	1.918319276	-1.918319276	-1.930626511	1.930626511	1.935237956	-1.935237956	
-0.02	0.1572104624	-0.1572104624	0.2213862764	-0.2213862764	-0.5006901889	0.5006901889	-0.5281340626	0.5281340626	0.5646812439	-0.5646812439	-0.5686528578	0.5686528578	0.6022754515	-0.6022754515	-0.6160735062	0.6160735062	0.6331635878	-0.6331635878	-0.6370784387	0.6370784387	0.6966006891	-0.6966006891	-0.720973972	0.720973972	0.7483192014	-0.7483192014	-0.7648837946	0.7648837946	-0.791025057	0.791025057	-0.7985770188	0.7985770188	0.7996349019	-0.7996349019	-0.8249818096	0.8249818096	0.8451850443	-0.8451850443	-0.856786623	0.856786623	-0.8649211947	0.8649211947	-0.8740226082	0.8740226082	0.8811452322	-0.8811452322	-0.8907724471	0.8907724471	-0.9217831966	0.9217831966	-0.9365937266	0.9365937266	0.9373548752	-0.9373548752	-0.9634593058	0.9634593058	0.979603951	-0.979603951	-0.9952061855	0.9952061855	1.001139819	-1.001139819	-1.054707854	1.054707854	1.076204507	-1.076204507	1.083302649	-1.083302649	-1.088310948	1.088310948	-1.089916517	1.089916517	-1.12749265	1.12749265	-1.143309798	1.143309798	-1.158553664	1.158553664	1.168374699	-1.168374699	-1.199001089	1.199001089	-1.200011439	1.200011439	-1.203930731	1.203930731	1.233545033	-1.233545033	-1.27374963	1.27374963	1.279885398	-1.279885398	-1.293196802	1.293196802	-1.307168041	1.307168041	-1.324979525	1.324979525	-1.330617045	1.330617045	-1.336093338	1.336093338	1.349974111	-1.349974111	1.36517656	-1.36517656	1.36760844	-1.36760844	1.392801853	-1.392801853	-1.396495721	1.396495721	1.405047718	-1.405047718	-1.42573416	1.42573416	1.46668105	-1.46668105	1.467030451	-1.467030451	-1.493990823	1.493990823	-1.499474038	1.499474038	-1.538902263	1.538902263	-1.547320437	1.547320437	1.548157948	-1.548157948	1.552530205	-1.552530205	-1.561761866	1.561761866	1.571409104	-1.571409104	-1.575104357	1.575104357	-1.578923215	1.578923215	-1.580803846	1.580803846	-1.596846548	1.596846548	-1.612483631	1.612483631	1.675312604	-1.675312604	1.698442029	-1.698442029	-1.708988551	1.708988551	-1.729122712	1.729122712	-1.729348034	1.729348034	-1.743909961	1.743909961	-1.76551954	1.76551954	1.802616027	-1.802616027	1.809301864	-1.809301864	-1.816915573	1.816915573	1.85007467	-1.85007467	1.869453526	-1.869453526	1.889787388	-1.889787388	-1.91470167	1.91470167	1.918310173	-1.918310173	-1.930612345	1.930612345	1.935243274	-1.935243274	
-0.01	0.1579360271	-0.1579360271	0.2206608696	-0.2206608696	-0.5013709239	0.5013709239	-0.5343049426	0.5343049426	-0.5625588627	0.5625588627	0.5640316089	-0.5640316089	-0.603033104	0.603033104	-0.6168811924	0.6168811924	0.6337676061	-0.6337676061	-0.6412577343	0.6412577343	0.6961436834	-0.6961436834	-0.7146958419	0.7146958419	0.7479397389	-0.7479397389	0.7643504042	-0.7643504042	-0.7932928206	0.7932928206	0.7992708778	-0.7992708778	0.8002165722	-0.8002165722	0.8246344528	-0.8246344528	-0.850996445	0.850996445	-0.8566125261	0.8566125261	0.8708053982	-0.8708053982	0.871314802	-0.871314802	-0.8753477244	0.8753477244	0.8907289902	-0.8907289902	0.9192326644	-0.9192326644	0.9312749075	-0.9312749075	0.9365905249	-0.9365905249	-0.9634155411	0.9634155411	0.9814205073	-0.9814205073	-0.9959079192	0.9959079192	-1.002314071	1.002314071	-1.054705875	1.054705875	-1.076208067	1.076208067	1.083292457	-1.083292457	-1.088500119	1.088500119	1.092320249	-1.092320249	1.12695601	-1.12695601	1.14380887	-1.14380887	-1.157964363	1.157964363	1.168000799	-1.168000799	1.198998007	-1.198998007	1.200015545	-1.200015545	-1.203929562	1.203929562	1.233498531	-1.233498531	-1.273691627	1.273691627	1.27988694	-1.27988694	1.293055934	-1.293055934	1.30712967	-1.30712967	-1.324829097	1.324829097	1.330631898	-1.330631898	-1.336128381	1.336128381	-1.350099495	1.350099495	1.365178362	-1.365178362	1.367599391	-1.367599391	1.392705566	-1.392705566	1.396498601	-1.396498601	1.405125267	-1.405125267	-1.425723896	1.425723896	-1.466710418	1.466710418	1.467084412	-1.467084412	1.493765209	-1.493765209	-1.499513856	1.499513856	1.539047775	-1.539047775	-1.547349755	1.547349755	1.548155524	-1.548155524	-1.552735181	1.552735181	1.561999558	-1.561999558	-1.571411404	1.571411404	-1.575046946	1.575046946	-1.578796183	1.578796183	-1.580746656	1.580746656	1.596418481	-1.596418481	-1.612421831	1.612421831	1.675325191	-1.675325191	1.69844305	-1.69844305	1.708984284	-1.708984284	1.729120326	-1.729120326	-1.729229956	1.729229956	-1.743920632	1.743920632	-1.765560872	1.765560872	1.802574263	-1.802574263	1.809320549	-1.809320549	-1.816912946	1.816912946	1.850130899	-1.850130899	-1.869459993	1.869459993	1.889784845	-1.889784845	-1.914700944	1.914700944	-1.918295013	1.918295013	-1.93061326	1.93061326	-1.935247952	1.935247952	
1.289891889e-15	0.1582680551	-0.1582680551	0.2203261031	-0.2203261031	-0.5016555064	0.5016555064	-0.5402920805	0.5402920805	-0.5566141725	0.5566141725	0.5637500349	-0.5637500349	-0.6031388136	0.6031388136	-0.6169070523	0.6169070523	0.6316467523	-0.6316467523	-0.647486629	0.647486629	0.6947816573	-0.6947816573	-0.7084082778	0.7084082778	-0.7482343006	0.7482343006	0.7643500241	-0.7643500241	-0.7959444071	0.7959444071	0.8005275279	-0.8005275279	0.800660877	-0.800660877	-0.8244377192	0.8244377192	0.8555625698	-0.8555625698	0.8570203985	-0.8570203985	-0.8681995412	0.8681995412	-0.8700569863	0.8700569863	-0.8764293703	0.8764293703	-0.8907396288	0.8907396288	0.9164705208	-0.9164705208	-0.9252164347	0.9252164347	-0.9365879258	0.9365879258	-0.9633947137	0.9633947137	-0.9834679764	0.9834679764	0.9959589389	-0.9959589389	1.003003936	-1.003003936	1.054704054	-1.054704054	-1.076209665	1.076209665	-1.083289645	1.083289645	-1.088584173	1.088584173	1.095198967	-1.095198967	1.127083343	-1.127083343	1.144030253	-1.144030253	-1.157911992	1.157911992	-1.167817047	1.167817047	-1.198994954	1.198994954	-1.200019781	1.200019781	1.203930273	-1.203930273	1.233487941	-1.233487941	1.27363297	-1.27363297	-1.27988788	1.27988788	-1.29292205	1.29292205	-1.307113649	1.307113649	-1.324679032	1.324679032	1.330640869	-1.330640869	-1.33616706	1.33616706	1.350241643	-1.350241643	-1.36518099	1.36518099	-1.367599657	1.367599657	1.392615549	-1.392615549	1.396501591	-1.396501591	1.405213088	-1.405213088	1.425721043	-1.425721043	1.466728487	-1.466728487	-1.46713519	1.46713519	-1.493548611	1.493548611	1.499543914	-1.499543914	-1.539184019	1.539184019	-1.547377935	1.547377935	1.548153201	-1.548153201	-1.552938706	1.552938706	1.56224747	-1.56224747	1.571411594	-1.571411594	1.574995253	-1.574995253	-1.578704605	1.578704605	1.580713599	-1.580713599	-1.596016402	1.596016402	-1.61238749	1.61238749	1.675332166	-1.675332166	1.698444642	-1.698444642	-1.708979891	1.708979891	1.729112055	-1.729112055	1.729117937	-1.729117937	-1.743927368	1.743927368	1.765637937	-1.765637937	-1.802531508	1.802531508	1.809328047	-1.809328047	-1.816908173	1.816908173	1.850187957	-1.850187957	-1.86950001	1.86950001	1.889782489	-1.889782489	-1.914697777	1.914697777	1.918273783	-1.918273783	-1.930629298	1.930629298	1.935252028	-1.935252028	
0.01	0.1581939276	-0.1581939276	0.2203945957	-0.2203945957	-0.5015333114	0.5015333114	-0.5451212458	0.5451212458	-0.551755175	0.551755175	0.5638852682	-0.5638852682	-0.60259098	0.60259098	0.6161497641	-0.6161497641	0.6288177236	-0.6288177236	-0.6537523728	0.6537523728	0.6925919842	-0.6925919842	-0.7021505546	0.7021505546	0.7491750818	-0.7491750818	-0.7648867291	0.7648867291	-0.7989368546	0.7989368546	0.8005514726	-0.8005514726	0.802711747	-0.802711747	0.8244237725	-0.8244237725	-0.8549441528	0.8549441528	0.8597810815	-0.8597810815	-0.8640061903	0.8640061903	-0.8681703257	0.8681703257	-0.881543665	0.881543665	0.8908068649	-0.8908068649	0.9137152812	-0.9137152812	-0.9192363489	0.9192363489	-0.9365857131	0.9365857131	-0.9633968151	0.9633968151	-0.9854365292	0.9854365292	-0.9953588096	0.9953588096	1.003444675	-1.003444675	-1.054702369	1.054702369	1.076210158	-1.076210158	-1.083294212	1.083294212	-1.088657199	1.088657199	1.098417553	-1.098417553	-1.127869974	1.127869974	1.143961695	-1.143961695	-1.158397855	1.158397855	1.167835695	-1.167835695	-1.198991931	1.198991931	-1.200024145	1.200024145	1.203932861	-1.203932861	1.233513281	-1.233513281	-1.273573803	1.273573803	-1.279888215	1.279888215	1.292795187	-1.292795187	-1.307119975	1.307119975	-1.324529365	1.324529365	-1.330643963	1.330643963	-1.336209028	1.336209028	-1.350400689	1.350400689	-1.365184476	1.365184476	1.367609258	-1.367609258	1.392531816	-1.392531816	1.39650469	-1.39650469	-1.405311149	1.405311149	-1.4257256	1.4257256	-1.466735249	1.466735249	-1.467182845	1.467182845	-1.493340675	1.493340675	1.499564075	-1.499564075	1.539311485	-1.539311485	-1.547405178	1.547405178	-1.548150981	1.548150981	-1.553139521	1.553139521	1.562506157	-1.562506157	-1.571409666	1.571409666	1.574948553	-1.574948553	-1.578648687	1.578648687	-1.580704257	1.580704257	-1.595641732	1.595641732	-1.612380641	1.612380641	1.675333525	-1.675333525	1.698446804	-1.698446804	-1.708975375	1.708975375	1.728994653	-1.728994653	1.729115549	-1.729115549	-1.743930155	1.743930155	1.765750484	-1.765750484	-1.802487752	1.802487752	-1.80932435	1.80932435	-1.816901338	1.816901338	1.850245781	-1.850245781	1.869573643	-1.869573643	-1.889780319	1.889780319	1.914692171	-1.914692171	-1.918246479	1.918246479	-1.930660455	1.930660455	-1.93525555	1.93525555	
0.02	0.157716389	-0.157716389	0.2208636032	-0.2208636032	0.5010091289	-0.5010091289	-0.542659488	0.542659488	-0.5541171956	0.5541171956	0.5644303297	-0.5644303297	0.6014012679	-0.6014012679	-0.6146317204	0.6146317204	0.6254550839	-0.6254550839	-0.6598368038	0.6598368038	0.6896699165	-0.6896699165	0.6960119219	-0.6960119219	0.7507210262	-0.7507210262	-0.7659504165	0.7659504165	0.8002863492	-0.8002863492	-0.8022161723	0.8022161723	-0.8053522484	0.8053522484	-0.8246010062	0.8246010062	-0.8522444995	0.8522444995	0.8583319335	-0.8583319335	-0.8602240844	0.8602240844	-0.8717186004	0.8717186004	-0.8856247168	0.8856247168	0.8909454008	-0.8909454008	-0.9111939766	0.9111939766	-0.9136640827	0.9136640827	-0.93658377	0.93658377	0.963421862	-0.963421862	0.9868505323	-0.9868505323	0.994120168	-0.994120168	-1.004065119	1.004065119	-1.054700802	1.054700802	-1.076210249	1.076210249	-1.083306149	1.083306149	1.088733475	-1.088733475	-1.101921494	1.101921494	-1.129287472	1.129287472	1.14360606	-1.14360606	1.159410274	-1.159410274	-1.168053993	1.168053993	1.198988939	-1.198988939	1.200028637	-1.200028637	-1.203937324	1.203937324	1.233574452	-1.233574452	-1.273514276	1.273514276	1.279887946	-1.279887946	1.292675451	-1.292675451	1.307148647	-1.307148647	1.324380139	-1.324380139	1.330641186	-1.330641186	-1.336253927	1.336253927	-1.350576761	1.350576761	-1.365188863	1.365188863	1.367628229	-1.367628229	1.392454394	-1.392454394	-1.3965079	1.3965079	-1.405419431	1.405419431	-1.425737568	1.425737568	-1.46673071	1.46673071	-1.46722745	1.46722745	1.493141018	-1.493141018	-1.499574227	1.499574227	-1.539430658	1.539430658	1.54743166	-1.54743166	1.548148865	-1.548148865	1.553336448	-1.553336448	1.562776155	-1.562776155	1.571405616	-1.571405616	1.57490597	-1.57490597	-1.578628599	1.578628599	-1.58071824	1.58071824	-1.59529597	1.59529597	1.612401304	-1.612401304	1.675329264	-1.675329264	1.698449537	-1.698449537	-1.708970739	1.708970739	-1.728878067	1.728878067	1.729113169	-1.729113169	1.743928992	-1.743928992	-1.765898253	1.765898253	-1.80244291	1.80244291	1.809309462	-1.809309462	1.816892589	-1.816892589	1.850304306	-1.850304306	-1.869680944	1.869680944	-1.889778336	1.889778336	-1.91468413	1.91468413	1.918213104	-1.918213104	1.930706679	-1.930706679	1.93525858	-1.93525858	
0.03	0.1568530427	-0.1568530427	0.2217155216	-0.2217155216	-0.500102302	0.500102302	-0.5368201341	0.5368201341	-0.5597620573	0.5597620573	0.5653908396	-0.5653908396	-0.5995933691	0.5995933691	-0.6123956462	0.6123956462	0.6216286455	-0.6216286455	-0.6654583963	0.6654583963	0.6861128243	-0.6861128243	-0.6902495875	0.6902495875	-0.7528234072	0.7528234072	0.7675183871	-0.7675183871	0.7997450408	-0.7997450408	-0.8057135458	0.8057135458	0.8084894036	-0.8084894036	0.8249588531	-0.8249588531	-0.8475322894	0.8475322894	0.8543972956	-0.8543972956	0.8587767642	-0.8587767642	0.8770319083	-0.8770319083	-0.8877126303	0.8877126303	0.8911959264	-0.8911959264	0.9068581222	-0.9068581222	0.9115460051	-0.9115460051	-0.9365820637	0.9365820637	-0.963469885	0.963469885	-0.9871504192	0.9871504192	-0.9922673909	0.9922673909	-1.005405052	1.005405052	-1.054699344	1.054699344	-1.076210493	1.076210493	-1.083325447	1.083325447	-1.088816991	1.088816991	-1.105668626	1.105668626	1.131287952	-1.131287952	1.142980539	-1.142980539	1.160925802	-1.160925802	1.168454988	-1.168454988	-1.198985979	1.198985979	-1.200033254	1.200033254	1.203943661	-1.203943661	1.233671235	-1.233671235	1.273454537	-1.273454537	-1.279887072	1.279887072	-1.292563026	1.292563026	1.307199666	-1.307199666	1.324231404	-1.324231404	-1.330632549	1.330632549	1.336301393	-1.336301393	1.350769979	-1.350769979	1.365194197	-1.365194197	1.367656629	-1.367656629	-1.39238332	1.39238332	1.396511219	-1.396511219	1.405537923	-1.405537923	-1.425756949	1.425756949	1.466714884	-1.466714884	-1.467269088	1.467269088	-1.492949237	1.492949237	-1.499574283	1.499574283	-1.539542007	1.539542007	1.547457541	-1.547457541	-1.548146852	1.548146852	-1.55352841	1.55352841	1.563057969	-1.563057969	-1.571399445	1.571399445	1.574866473	-1.574866473	-1.578644472	1.578644472	1.580755208	-1.580755208	1.594980684	-1.594980684	-1.612449477	1.612449477	-1.67531938	1.67531938	-1.698452838	1.698452838	-1.708965987	1.708965987	-1.728762613	1.728762613	1.729110803	-1.729110803	-1.743923883	1.743923883	-1.766080977	1.766080977	-1.80239682	1.80239682	-1.809283398	1.809283398	-1.816882138	1.816882138	1.850363465	-1.850363465	-1.869821952	1.869821952	-1.889776541	1.889776541	-1.914673663	1.914673663	1.918173665	-1.918173665	-1.930767866	1.930767866	1.935261192	-1.935261192	
0.04	0.1556332879	-0.1556332879	0.2229209513	-0.2229209513	-0.4988434068	0.4988434068	0.5306364407	-0.5306364407	-0.5653195055	0.5653195055	0.5670732694	-0.5670732694	0.5972006561	-0.5972006561	-0.6094987129	0.6094987129	0.6173904583	-0.6173904583	-0.6696500873	0.6696500873	0.6820111452	-0.6820111452	0.6858218887	-0.6858218887	0.7554284642	-0.7554284642	-0.7695578985	0.7695578985	0.798951709	-0.798951709	-0.8093329768	0.8093329768	0.8120199407	-0.8120199407	0.8254716735	-0.8254716735	-0.8419010954	0.8419010954	0.8498732121	-0.8498732121	-0.8582707746	0.8582707746	-0.8824887142	0.8824887142	-0.8869827317	0.8869827317	0.8916955673	-0.8916955673	0.9012955058	-0.9012955058	-0.9131622024	0.9131622024	-0.936580645	0.936580645	-0.9635409231	0.9635409231	0.9860495349	-0.9860495349	-0.9898342305	0.9898342305	-1.007753222	1.007753222	-1.054697993	1.054697993	-1.07621134	1.07621134	-1.083352098	1.083352098	-1.088909239	1.088909239	1.109622115	-1.109622115	1.133810547	-1.133810547	1.142112223	-1.142112223	-1.162911471	1.162911471	-1.169011978	1.169011978	-1.198983055	1.198983055	-1.200037997	1.200037997	-1.203951869	1.203951869	-1.233803295	1.233803295	-1.273394737	1.273394737	-1.279885598	1.279885598	-1.292458175	1.292458175	-1.307273032	1.307273032	-1.324083222	1.324083222	-1.330618064	1.330618064	-1.336351059	1.336351059	-1.350980442	1.350980442	-1.365200534	1.365200534	1.367694534	-1.367694534	1.392318643	-1.392318643	-1.396514648	1.396514648	1.405666626	-1.405666626	-1.425783747	1.425783747	-1.466687799	1.466687799	-1.467307851	1.467307851	-1.492764904	1.492764904	1.499564183	-1.499564183	-1.539645987	1.539645987	-1.547482958	1.547482958	1.548144944	-1.548144944	-1.553714438	1.553714438	1.563352057	-1.563352057	1.571391157	-1.571391157	1.574828866	-1.574828866	-1.578696396	1.578696396	-1.580814891	1.580814891	1.594697492	-1.594697492	-1.612525141	1.612525141	-1.67530387	1.67530387	-1.698456706	1.698456706	-1.708961123	1.708961123	-1.7286486	1.7286486	1.729108459	-1.729108459	-1.743914844	1.743914844	1.766298386	-1.766298386	-1.802349251	1.802349251	1.809246185	-1.809246185	-1.816870257	1.816870257	-1.850423187	1.850423187	-1.869996691	1.869996691	-1.889774935	1.889774935	-1.914660782	1.914660782	1.918128176	-1.918128176	-1.930843858	1.930843858	1.935263478	-1.935263478	
0.05	0.1540938409	-0.1540938409	0.2244431753	-0.2244431753	-0.4972696954	0.4972696954	0.5243506628	-0.5243506628	0.5679220621	-0.5679220621	-0.5720655843	0.5720655843	-0.5942632355	0.5942632355	-0.6060058632	0.6060058632	0.6127853317	-0.6127853317	-0.6696701021	0.6696701021	0.6774446754	-0.6774446754	0.6854655223	-0.6854655223	-0.7584793352	0.7584793352	0.7720292421	-0.7720292421	0.7979364507	-0.7979364507	-0.8129148	0.8129148	0.8158360415	-0.8158360415	-0.8260973204	0.8260973204	0.835951347	-0.835951347	0.8452841918	-0.8452841918	-0.8580263804	0.8580263804	-0.8838367681	0.8838367681	0.8872098929	-0.8872098929	-0.8930590098	0.8930590098	0.8957928165	-0.8957928165	-0.9168749786	0.9168749786	-0.936579666	0.936579666	-0.9636350232	0.9636350232	-0.9836964564	0.9836964564	0.9868609081	-0.9868609081	1.010978117	-1.010978117	-1.054696755	1.054696755	-1.076213175	1.076213175	1.083386101	-1.083386101	-1.089010873	1.089010873	1.11374918	-1.11374918	-1.136788223	1.136788223	1.14103241	-1.14103241	-1.165327538	1.165327538	-1.169694315	1.169694315	-1.198980169	1.198980169	1.200042866	-1.200042866	-1.203961948	1.203961948	-1.233970176	1.233970176	-1.273335028	1.273335028	-1.279883529	1.279883529	-1.29236125	1.29236125	1.307368748	-1.307368748	1.323935664	-1.323935664	-1.330597746	1.330597746	-1.336402561	1.336402561	1.35120823	-1.35120823	-1.365207939	1.365207939	1.36774204	-1.36774204	-1.392260427	1.392260427	1.396518188	-1.396518188	-1.405805548	1.405805548	1.42581797	-1.42581797	-1.466649491	1.466649491	1.467343841	-1.467343841	-1.492587574	1.492587574	-1.499543897	1.499543897	1.539743035	-1.539743035	-1.54750803	1.54750803	1.548143139	-1.548143139	-1.553893693	1.553893693	-1.563658826	1.563658826	1.57138076	-1.57138076	1.574791794	-1.574791794	-1.578784422	1.578784422	-1.580897111	1.580897111	-1.59444803	1.59444803	-1.612628261	1.612628261	1.675282731	-1.675282731	1.698461137	-1.698461137	1.70895615	-1.70895615	-1.728536327	1.728536327	-1.729106142	1.729106142	1.743901898	-1.743901898	-1.766550209	1.766550209	1.8022999	-1.8022999	-1.809197859	1.809197859	-1.816857276	1.816857276	-1.850483402	1.850483402	-1.870205169	1.870205169	1.889773516	-1.889773516	-1.914645504	1.914645504	-1.918076658	1.918076658	1.930934445	-1.930934445	-1.935265551	1.935265551	
0.06	0.1522742295	-0.1522742295	0.2262426644	-0.2262426645	-0.4954206598	0.4954206598	-0.5180093521	0.5180093521	0.5698432319	-0.5698432319	-0.5780081762	0.5780081762	-0.5908249366	0.5908249366	-0.6019838543	0.6019838543	-0.607852912	0.607852912	-0.6653282006	0.6653282006	0.6724818394	-0.6724818394	0.6893662773	-0.6893662773	0.7619183658	-0.7619183658	0.7748888372	-0.7748888372	0.7967301358	-0.7967301358	-0.8161306423	0.8161306423	0.8198240311	-0.8198240311	-0.8266766151	0.8266766151	-0.8300014837	0.8300014837	0.841003931	-0.841003931	0.8578853049	-0.8578853049	-0.8792322707	0.8792322707	0.8896521819	-0.8896521819	-0.8904497773	0.8904497773	-0.8967577722	0.8967577722	-0.9216909323	0.9216909323	-0.9365794255	0.9365794255	-0.9637522398	0.9637522398	-0.9803908342	0.9803908342	-0.9833911794	0.9833911794	-1.014805597	1.014805597	-1.05469565	1.05469565	1.076216339	-1.076216339	-1.083427462	1.083427462	-1.089122221	1.089122221	-1.118020678	1.118020678	1.139771937	-1.139771937	1.140153508	-1.140153508	1.168129651	-1.168129651	1.170472834	-1.170472834	-1.198977327	1.198977327	-1.20004786	1.20004786	-1.203973898	1.203973898	-1.234171301	1.234171301	1.273275568	-1.273275568	-1.27988087	1.27988087	-1.292272701	1.292272701	1.307486813	-1.307486813	1.32378881	-1.32378881	-1.330571611	1.330571611	-1.336455542	1.336455542	-1.351453394	1.351453394	-1.365216488	1.365216488	-1.367799266	1.367799266	1.392208745	-1.392208745	1.39652184	-1.39652184	1.405954709	-1.405954709	-1.425859627	1.425859627	-1.466600012	1.466600012	-1.467377169	1.467377169	-1.492416778	1.492416778	-1.499513419	1.499513419	1.539833566	-1.539833566	-1.547532855	1.547532855	1.548141437	-1.548141437	1.554065464	-1.554065464	1.563978619	-1.563978619	1.571368267	-1.571368267	-1.574753763	1.574753763	-1.578908559	1.578908559	1.581001794	-1.581001794	1.59423393	-1.59423393	-1.612758781	1.612758781	1.675255961	-1.675255961	1.698466126	-1.698466126	1.708951072	-1.708951072	-1.728426082	1.728426082	-1.729103862	1.729103862	1.743885076	-1.743885076	-1.766836175	1.766836175	-1.802248397	1.802248397	1.809138467	-1.809138467	1.816843584	-1.816843584	-1.850544034	1.850544034	-1.870447382	1.870447382	1.889772286	-1.889772286	-1.914627847	1.914627847	1.918019133	-1.918019133	-1.931039351	1.931039351	1.935267548	-1.935267548	
0.07	0.1502132339	-0.1502132339	0.2282806375	-0.2282806375	-0.4933345935	0.4933345935	-0.5116279073	0.5116279073	0.5719401894	-0.5719401894	-0.5839900666	0.5839900666	0.5869306555	-0.5869306555	0.59749685	-0.59749685	0.6026282979	-0.6026282979	-0.6594286212	0.6594286212	0.6671803283	-0.6671803283	0.6947148255	-0.6947148255	-0.7656895478	0.7656895478	0.7780919397	-0.7780919397	0.7953610233	-0.7953610233	-0.81821163	0.81821163	-0.8233492169	0.8233492169	0.8238544692	-0.8238544692	0.8279640064	-0.8279640064	0.8378055644	-0.8378055644	-0.8577942994	0.8577942994	0.8738167467	-0.8738167467	0.8852887963	-0.8852887963	0.8905297984	-0.8905297984	-0.9020495849	0.9020495849	0.9270284131	-0.9270284131	-0.9365804691	0.9365804691	-0.9638926283	0.9638926283	0.9763741735	-0.9763741735	0.9794697665	-0.9794697665	1.019023037	-1.019023037	1.054694709	-1.054694709	-1.076221161	1.076221161	-1.083476196	1.083476196	-1.089243464	1.089243464	1.122410815	-1.122410815	1.138358448	-1.138358448	-1.14384248	1.14384248	1.171188835	-1.171188835	1.171405185	-1.171405185	-1.198974533	1.198974533	1.200052981	-1.200052981	-1.203987719	1.203987719	1.23440597	-1.23440597	1.273216513	-1.273216513	1.279877629	-1.279877629	-1.292193084	1.292193084	-1.307627225	1.307627225	1.323642757	-1.323642757	-1.330539676	1.330539676	-1.336509656	1.336509656	-1.351715948	1.351715948	1.365226268	-1.365226268	1.36786635	-1.36786635	1.392163688	-1.392163688	1.396525603	-1.396525603	1.406114137	-1.406114137	-1.425908727	1.425908727	1.466539419	-1.466539419	1.467407953	-1.467407953	-1.492252034	1.492252034	-1.499472774	1.499472774	1.539917977	-1.539917977	1.547557517	-1.547557517	1.548139838	-1.548139838	-1.554229181	1.554229181	1.56431171	-1.56431171	1.571353697	-1.571353697	1.574713165	-1.574713165	-1.579068774	1.579068774	1.581128985	-1.581128985	1.594056773	-1.594056773	-1.612916629	1.612916629	1.675223558	-1.675223558	1.69847167	-1.69847167	-1.708945893	1.708945893	-1.728318139	1.728318139	-1.729101625	1.729101625	-1.743864418	1.743864418	1.767156015	-1.767156015	-1.802194307	1.802194307	1.809068068	-1.809068068	-1.816829621	1.816829621	1.850605008	-1.850605008	1.870723306	-1.870723306	-1.889771243	1.889771243	1.914607834	-1.914607834	1.91795563	-1.91795563	-1.931158237	1.931158237	1.935269638	-1.935269638	
0.08	0.1479466103	-0.1479466103	0.2305213364	-0.2305213364	0.4910463669	-0.4910463669	-0.5052133598	0.5052133598	0.5742218316	-0.5742218316	-0.5826242857	0.5826242857	-0.589960288	0.589960288	-0.592603717	0.592603717	0.5971424078	-0.5971424078	-0.6530257912	0.6530257912	0.6615882825	-0.6615882825	0.7004500598	-0.7004500598	-0.7697405032	0.7697405032	0.781594743	-0.781594743	0.7938531082	-0.7938531082	-0.8169937894	0.8169937894	-0.8180938178	0.8180938178	-0.8277595345	0.8277595345	-0.8287407202	0.8287407202	0.8369881036	-0.8369881036	-0.8577310744	0.8577310744	-0.8679372323	0.8679372323	-0.8803708244	0.8803708244	-0.8910272213	0.8910272213	-0.9077354584	0.9077354584	0.9326144197	-0.9326144197	-0.9365838185	0.9365838185	-0.9640561948	0.9640561948	-0.971809485	0.971809485	-0.9751403798	0.9751403798	-1.023496364	1.023496364	-1.054693988	1.054693988	-1.07622797	1.07622797	-1.083532322	1.083532322	-1.089374727	1.089374727	1.12689684	-1.12689684	1.136815362	-1.136815362	1.147797047	-1.147797047	-1.172196186	1.172196186	1.174734212	-1.174734212	-1.198971794	1.198971794	-1.200058232	1.200058232	1.204003412	-1.204003412	1.234673358	-1.234673358	1.273158027	-1.273158027	-1.279873817	1.279873817	1.292123077	-1.292123077	-1.307789979	1.307789979	-1.323497613	1.323497613	-1.33050196	1.33050196	-1.336564569	1.336564569	1.351995868	-1.351995868	-1.365237382	1.365237382	-1.367943455	1.367943455	-1.392125359	1.392125359	-1.396529478	1.396529478	1.406283868	-1.406283868	-1.425965282	1.425965282	1.466467787	-1.466467787	-1.46743632	1.46743632	-1.492092841	1.492092841	-1.499422011	1.499422011	1.539996641	-1.539996641	-1.547582081	1.547582081	-1.548138341	1.548138341	-1.554384412	1.554384412	1.564658294	-1.564658294	1.571337071	-1.571337071	1.574668324	-1.574668324	1.579264996	-1.579264996	1.581278842	-1.581278842	1.593918055	-1.593918055	-1.613101711	1.613101711	-1.675185522	1.675185522	-1.698477763	1.698477763	1.708940617	-1.708940617	-1.728212759	1.728212759	-1.72909944	1.72909944	-1.743839972	1.743839972	-1.767509465	1.767509465	-1.802137133	1.802137133	-1.808986732	1.808986732	1.816815878	-1.816815878	-1.850666249	1.850666249	1.871032906	-1.871032906	-1.889770387	1.889770387	1.914585492	-1.914585492	-1.917886181	1.917886181	-1.931290687	1.931290687	1.93527203	-1.93527203	
0.09	0.1455059718	-0.1455059718	0.2329331466	-0.2329331466	-0.4885860661	0.4885860661	-0.4987701809	0.4987701809	0.5766655148	-0.5766655148	0.5779472902	-0.5779472902	-0.5873567233	0.5873567233	0.5914223415	-0.5914223415	-0.595906718	0.595906718	-0.6463988497	0.6463988497	0.6557456334	-0.6557456334	0.7062834092	-0.7062834092	0.774023702	-0.774023702	0.7853558159	-0.7853558159	0.792225504	-0.792225504	0.8108390703	-0.8108390703	-0.8149095763	0.8149095763	0.8296345281	-0.8296345281	0.8312889685	-0.8312889685	-0.8388925647	0.8388925647	0.8576848117	-0.8576848117	-0.861784211	0.861784211	-0.8758601163	0.8758601163	0.8914318993	-0.8914318993	-0.9135178756	0.9135178756	-0.9365915505	0.9365915505	0.9383188654	-0.9383188654	-0.9642420765	0.9642420765	0.9668083175	-0.9668083175	0.9704444081	-0.9704444081	1.028141925	-1.028141925	1.054693587	-1.054693587	-1.076237112	1.076237112	1.083595868	-1.083595868	1.08951611	-1.08951611	1.131458683	-1.131458683	1.135161938	-1.135161938	1.151965851	-1.151965851	1.173114158	-1.173114158	-1.178438054	1.178438054	1.198969119	-1.198969119	1.200063617	-1.200063617	-1.204020981	1.204020981	1.234972513	-1.234972513	1.273100277	-1.273100277	1.279869443	-1.279869443	-1.292063495	1.292063495	-1.307975062	1.307975062	1.323353501	-1.323353501	1.330458481	-1.330458481	1.336619965	-1.336619965	1.352293078	-1.352293078	-1.365249949	1.365249949	1.368030763	-1.368030763	-1.392093879	1.392093879	-1.396533468	1.396533468	1.40646395	-1.40646395	-1.426029308	1.426029308	1.466385196	-1.466385196	-1.467462404	1.467462404	-1.491938684	1.491938684	-1.499361209	1.499361209	-1.540069912	1.540069912	-1.5476066	1.5476066	1.548136945	-1.548136945	-1.554530862	1.554530862	1.565018483	-1.565018483	-1.571318416	1.571318416	1.574617551	-1.574617551	-1.579497107	1.579497107	-1.581451638	1.581451638	-1.593819136	1.593819136	-1.613313919	1.613313919	-1.675141852	1.675141852	1.698484397	-1.698484397	-1.708935248	1.708935248	-1.728110185	1.728110185	1.729097314	-1.729097314	-1.743811796	1.743811796	-1.767896262	1.767896262	-1.802076323	1.802076323	1.808894536	-1.808894536	-1.816802891	1.816802891	1.850727678	-1.850727678	-1.871376126	1.871376126	1.889769716	-1.889769716	-1.914560851	1.914560851	1.917810822	-1.917810822	1.931436202	-1.931436202	1.935274982	-1.935274982	
0.1	0.1429184956	-0.1429184956	0.2354888885	-0.2354888885	-0.4859771047	0.4859771047	-0.4923037191	0.4923037191	0.5729378531	-0.5729378531	0.5792473265	-0.5792473265	0.5818013323	-0.5818013323	-0.5854917631	0.5854917631	-0.6018241828	0.6018241828	-0.6396420908	0.6396420908	-0.6496854168	0.6496854168	-0.7121065781	0.7121065781	-0.7784969136	0.7784969136	-0.7893369061	0.7893369061	0.7904918002	-0.7904918002	-0.8045320718	0.8045320718	-0.8102220235	0.8102220235	0.8305600694	-0.8305600694	0.8340369453	-0.8340369453	-0.8424011574	0.8424011574	-0.8554752367	0.8554752367	-0.8576496888	0.8576496888	-0.8720926342	0.8720926342	0.8918161407	-0.8918161407	-0.9193140879	0.9193140879	-0.9366085355	0.9366085355	-0.9440741795	0.9440741795	0.9614427961	-0.9614427961	-0.9644571658	0.9644571658	0.9654203727	-0.9654203727	1.032904968	-1.032904968	1.054693692	-1.054693692	1.076248957	-1.076248957	-1.083666865	1.083666865	-1.089667715	1.089667715	1.133413166	-1.133413166	1.136079243	-1.136079243	1.156304288	-1.156304288	-1.174042749	1.174042749	1.18236431	-1.18236431	-1.198966519	1.198966519	-1.200069147	1.200069147	-1.20404043	1.20404043	-1.235302361	1.235302361	-1.273043437	1.273043437	-1.279864521	1.279864521	-1.292015307	1.292015307	-1.308182454	1.308182454	1.323210564	-1.323210564	-1.330409259	1.330409259	1.336675549	-1.336675549	-1.352607447	1.352607447	-1.365264107	1.365264107	1.368128481	-1.368128481	1.392069382	-1.392069382	-1.396537571	1.396537571	1.406654436	-1.406654436	-1.426100818	1.426100818	1.466291742	-1.466291742	-1.467486345	1.467486345	-1.491789036	1.491789036	1.499290472	-1.499290472	-1.540138122	1.540138122	-1.547631109	1.547631109	1.548135647	-1.548135647	-1.554668369	1.554668369	1.565392302	-1.565392302	-1.571297763	1.571297763	1.574559213	-1.574559213	-1.579764954	1.579764954	-1.58164774	1.58164774	1.593761197	-1.593761197	1.613553123	-1.613553123	1.675092549	-1.675092549	-1.698491566	1.698491566	-1.70892979	1.70892979	-1.728010645	1.728010645	-1.729095258	1.729095258	-1.743779953	1.743779953	-1.76831615	1.76831615	-1.802011271	1.802011271	1.808791573	-1.808791573	-1.816791239	1.816791239	-1.850789219	1.850789219	-1.871752897	1.871752897	1.88976923	-1.88976923	-1.914533944	1.914533944	1.91772959	-1.91772959	1.931594177	-1.931594177	-1.935278821	1.935278821	
0.11	0.1402071275	-0.1402071275	0.2381656141	-0.2381656141	-0.4832205809	0.4832205809	-0.4858367786	0.4858367786	-0.5676304896	0.5676304896	0.5759763749	-0.5759763749	0.5793712912	-0.5793712912	0.5819460476	-0.5819460476	-0.6077097016	0.6077097016	-0.6327953231	0.6327953231	0.6434349752	-0.6434349752	-0.7178579985	0.7178579985	0.7831230317	-0.7831230317	0.7886568222	-0.7886568222	0.7935026153	-0.7935026153	-0.798209382	0.798209382	-0.8048039384	0.8048039384	-0.8314954989	0.8314954989	0.8353828764	-0.8353828764	-0.8466464631	0.8466464631	-0.8491063157	0.8491063157	0.8576223731	-0.8576223731	-0.8696163111	0.8696163111	0.8922042686	-0.8922042686	-0.9250807355	0.9250807355	-0.936649314	0.936649314	-0.9498397517	0.9498397517	-0.9557826459	0.9557826459	-0.9601055697	0.9601055697	-0.9646911004	0.9646911004	-1.03774742	1.03774742	1.054694716	-1.054694716	-1.076263916	1.076263916	1.08374535	-1.08374535	-1.089829656	1.089829656	1.131582397	-1.131582397	1.14074211	-1.14074211	-1.16077399	1.16077399	-1.174971865	1.174971865	1.186477414	-1.186477414	-1.198964008	1.198964008	-1.200074846	1.200074846	-1.204061766	1.204061766	1.235661698	-1.235661698	-1.272987688	1.272987688	-1.279859065	1.279859065	-1.291979663	1.291979663	-1.308412126	1.308412126	1.323068962	-1.323068962	1.330354314	-1.330354314	-1.336731046	1.336731046	-1.352938784	1.352938784	-1.36528002	1.36528002	1.36823684	-1.36823684	1.392052023	-1.392052023	-1.39654179	1.39654179	-1.40685539	1.40685539	1.426179831	-1.426179831	1.46618753	-1.46618753	-1.467508286	1.467508286	-1.491643359	1.491643359	-1.499209928	1.499209928	-1.540201583	1.540201583	-1.547655634	1.547655634	-1.548134447	1.548134447	-1.554796894	1.554796894	-1.56577968	1.56577968	1.571275145	-1.571275145	1.574491808	-1.574491808	-1.580068339	1.580068339	-1.581867585	1.581867585	1.593745202	-1.593745202	-1.613819175	1.613819175	1.675037614	-1.675037614	1.698499262	-1.698499262	1.708924247	-1.708924247	-1.727914347	1.727914347	-1.729093279	1.729093279	-1.743744514	1.743744514	-1.768768877	1.768768877	-1.801941327	1.801941327	-1.808677942	1.808677942	-1.816781533	1.816781533	1.850850793	-1.850850793	-1.872163129	1.872163129	1.889768928	-1.889768928	-1.914504807	1.914504807	-1.917642525	1.917642525	-1.93176389	1.93176389	-1.935283959	1.935283959	
0.12	0.1373910301	-0.1373910301	0.2409441582	-0.2409441582	-0.4791333252	0.4791333252	-0.4805723448	0.4805723448	0.5620559832	-0.5620559832	-0.5699149847	0.5699149847	0.5730788758	-0.5730788758	0.5847434292	-0.5847434292	-0.6135610789	0.6135610789	-0.6258782933	0.6258782933	0.6370170451	-0.6370170451	-0.7234823833	0.7234823833	0.7866946242	-0.7866946242	-0.7878693747	0.7878693747	-0.7919192021	0.7919192021	0.7978271789	-0.7978271789	-0.7990526002	0.7990526002	0.8324285304	-0.8324285304	0.8346434497	-0.8346434497	-0.8428038031	0.8428038031	-0.8512513957	0.8512513957	0.8576011183	-0.8576011183	-0.869000937	0.869000937	0.8926059991	-0.8926059991	-0.9307345786	0.9307345786	-0.9367831993	0.9367831993	0.9498677906	-0.9498677906	0.9544202907	-0.9544202907	-0.9557031034	0.9557031034	-0.9649506935	0.9649506935	-1.042640874	1.042640874	-1.05469774	1.05469774	1.076282449	-1.076282449	1.083831361	-1.083831361	-1.090002068	1.090002068	1.129679023	-1.129679023	-1.145434214	1.145434214	1.165342075	-1.165342075	1.175893018	-1.175893018	1.190746374	-1.190746374	-1.198961606	1.198961606	1.200080782	-1.200080782	-1.204084999	1.204084999	1.236049205	-1.236049205	-1.272933219	1.272933219	1.279853088	-1.279853088	1.291957914	-1.291957914	1.308664034	-1.308664034	-1.322928878	1.322928878	-1.330293664	1.330293664	1.336786205	-1.336786205	-1.353286824	1.353286824	-1.365297876	1.365297876	1.368356096	-1.368356096	1.392041975	-1.392041975	1.396546125	-1.396546125	1.407066882	-1.407066882	-1.426266362	1.426266362	1.466072675	-1.466072675	-1.467528379	1.467528379	-1.491501105	1.491501105	1.49911973	-1.49911973	-1.540260587	1.540260587	-1.547680188	1.547680188	1.548133343	-1.548133343	-1.554916511	1.554916511	1.566180438	-1.566180438	1.571250601	-1.571250601	1.574414048	-1.574414048	-1.580407028	1.580407028	-1.582111653	1.582111653	1.593771861	-1.593771861	-1.614111909	1.614111909	1.674977048	-1.674977048	-1.698507476	1.698507476	1.708918623	-1.708918623	-1.727821484	1.727821484	1.729091388	-1.729091388	-1.743705557	1.743705557	1.769254196	-1.769254196	-1.8018658	1.8018658	-1.808553755	1.808553755	-1.816774418	1.816774418	1.850912323	-1.850912323	-1.872606717	1.872606717	-1.889768808	1.889768808	-1.914473479	1.914473479	1.917549671	-1.917549671	1.931944463	-1.931944463	-1.935290925	1.935290925	
0.13	0.1344861122	-0.1344861122	0.2438086092	-0.2438086092	0.4726645278	-0.4726645278	0.4775776416	-0.4775776416	0.5562415332	-0.5562415332	-0.5636450357	0.5636450358	0.5666301481	-0.5666301481	0.5876242952	-0.5876242952	0.6189020532	-0.6189020532	-0.61937598	0.61937598	0.6304510668	-0.6304510668	-0.7289072071	0.7289072071	0.7841829436	-0.7841829436	0.7861129705	-0.7861129705	-0.7927062928	0.7927062928	-0.7931786474	0.7931786474	0.802276129	-0.802276129	-0.8315192435	0.8315192435	-0.8333507402	0.8333507402	-0.8367741935	0.8367741935	0.8560463883	-0.8560463883	0.8575898365	-0.8575898365	0.8703485134	-0.8703485134	0.8930254329	-0.8930254329	-0.9353426912	0.9353426912	0.9379338687	-0.9379338687	0.9437372663	-0.9437372663	-0.9486819732	0.9486819732	-0.9613591197	0.9613591197	0.9652361855	-0.9652361855	1.047560601	-1.047560601	-1.054706848	1.054706848	1.076305079	-1.076305079	1.083924944	-1.083924944	-1.090185116	1.090185116	1.127711227	-1.127711227	-1.150143357	1.150143357	1.16998032	-1.16998032	1.1767996	-1.1767996	-1.195143632	1.195143632	1.198959342	-1.198959342	-1.200087272	1.200087272	-1.204110146	1.204110146	-1.236463442	1.236463442	1.272880233	-1.272880233	-1.279846608	1.279846608	-1.29195165	1.29195165	-1.308938119	1.308938119	1.32279052	-1.32279052	1.330227331	-1.330227331	-1.3368408	1.3368408	1.353651223	-1.353651223	1.365317901	-1.365317901	1.368486529	-1.368486529	1.39203943	-1.39203943	1.396550578	-1.396550578	1.407288992	-1.407288992	-1.426360432	1.426360432	-1.465947305	1.465947305	1.467546776	-1.467546776	1.491361718	-1.491361718	-1.499020055	1.499020055	1.540315409	-1.540315409	-1.547704773	1.547704773	1.548132331	-1.548132331	-1.555027397	1.555027397	1.566594273	-1.566594273	-1.57122417	1.57122417	1.574324943	-1.574324943	-1.580780747	1.580780747	1.582380431	-1.582380431	1.593841609	-1.593841609	1.614431138	-1.614431138	1.674910856	-1.674910856	1.698516199	-1.698516199	1.708912922	-1.708912922	-1.727732229	1.727732229	-1.729089592	1.729089592	-1.743663167	1.743663167	-1.769771862	1.769771862	-1.801783969	1.801783969	1.808419134	-1.808419134	-1.816770559	1.816770559	-1.850973731	1.850973731	1.873083534	-1.873083534	-1.889768867	1.889768867	-1.914440003	1.914440003	-1.917451071	1.917451071	-1.932134826	1.932134826	1.935300406	-1.935300406	
0.14	0.1315055515	-0.1315055515	0.2467457863	-0.2467457863	0.4661007392	-0.4661007392	-0.4745797284	0.4745797284	0.5502110239	-0.5502110239	-0.5571900902	0.5571900902	0.5600387369	-0.5600387369	0.5905759592	-0.5905759592	-0.6118734064	0.6118734064	-0.6237309261	0.6237309261	-0.6251746757	0.6251746757	-0.7340121726	0.7340121726	-0.7788040532	0.7788040532	0.7831216986	-0.7831216986	0.7873652676	-0.7873652676	0.7976038926	-0.7976038926	-0.8068286998	0.8068286998	0.8264075701	-0.8264075701	-0.8310901748	0.8310901748	0.8342560158	-0.8342560158	0.8575620056	-0.8575620056	-0.8609737723	0.8609737723	-0.8731997109	0.8731997109	0.8934641172	-0.8934641172	-0.9362026993	0.9362026993	0.9374293136	-0.9374293136	-0.9426534357	0.9426534357	-0.9427905519	0.9427905519	-0.9655495548	0.9655495548	0.9670587386	-0.9670587386	1.052451065	-1.052451065	1.054761459	-1.054761459	-1.076332406	1.076332406	-1.084026146	1.084026146	-1.090378999	1.090378999	1.12568561	-1.12568561	-1.154858784	1.154858784	1.174664354	-1.174664354	-1.177686573	1.177686573	-1.198957266	1.198957266	-1.19963258	1.19963258	1.200106994	-1.200106994	1.204137235	-1.204137235	1.236902863	-1.236902863	1.272828946	-1.272828946	1.27983964	-1.27983964	1.291962735	-1.291962735	-1.309234303	1.309234303	1.322654125	-1.322654125	1.330155334	-1.330155334	-1.336894629	1.336894629	1.354031549	-1.354031549	1.36534036	-1.36534036	1.368628447	-1.368628447	1.392044601	-1.392044601	-1.39655515	1.39655515	1.407521806	-1.407521806	-1.426462059	1.426462059	-1.465811558	1.465811558	-1.467563635	1.467563635	-1.491224636	1.491224636	-1.4989111	1.4989111	-1.540366304	1.540366304	-1.547729381	1.547729381	1.548131411	-1.548131411	-1.555129817	1.555129817	1.567020723	-1.567020723	1.571195898	-1.571195898	1.574223886	-1.574223886	-1.581189186	1.581189186	-1.582674379	1.582674379	-1.593954595	1.593954595	-1.614776657	1.614776657	1.674839041	-1.674839041	1.69852542	-1.69852542	-1.70890715	1.70890715	1.727646738	-1.727646738	-1.729087902	1.729087902	-1.743617435	1.743617435	1.770321636	-1.770321636	-1.801695087	1.801695087	1.808274211	-1.808274211	1.816770634	-1.816770634	-1.851034941	1.851034941	-1.873593437	1.873593437	1.889769105	-1.889769105	-1.914404424	1.914404424	1.917346772	-1.917346772	-1.932333659	1.932333659	1.935313304	-1.935313304	
0.15	0.1284602651	-0.1284602651	0.2497447689	-0.2497447689	-0.4595056414	0.4595056414	0.4715262385	-0.4715262385	0.5439853504	-0.5439853504	-0.5505700384	0.5505700384	-0.5533165482	0.5533165482	0.5935878709	-0.5935878709	-0.6047968831	0.6047968831	0.6169263353	-0.6169263353	-0.630899113	0.630899113	-0.7385690571	0.7385690571	0.7725785471	-0.7725785471	-0.7809182862	0.7809182862	0.7818923143	-0.7818923143	0.8025196939	-0.8025196939	0.8114637253	-0.8114637253	-0.8202426333	0.8202426333	0.8254020284	-0.8254020284	0.8351398584	-0.8351398584	0.857552031	-0.857552031	0.8659478541	-0.8659478541	-0.8769952441	0.8769952441	0.8939222791	-0.8939222791	-0.9309387965	0.9309387965	-0.9363337855	0.9363337855	0.9364317337	-0.9364317337	0.948360231	-0.948360231	-0.9658953821	0.9658953821	-0.9727187344	0.9727187344	-1.054615613	1.054615613	-1.057545316	1.057545316	1.076365131	-1.076365131	-1.084135021	1.084135021	-1.09058396	1.09058396	1.123607602	-1.123607602	1.1595709	-1.1595709	1.178550171	-1.178550171	1.179372897	-1.179372897	-1.198955465	1.198955465	1.200096206	-1.200096206	-1.204166312	1.204166312	1.204235999	-1.204235999	-1.237365822	1.237365822	1.272779589	-1.272779589	1.279832204	-1.279832204	1.291993354	-1.291993354	1.309552486	-1.309552486	1.32251996	-1.32251996	1.330077694	-1.330077694	-1.336947515	1.336947515	1.354427267	-1.354427267	-1.365365566	1.365365566	1.368782182	-1.368782182	1.392057727	-1.392057727	1.396559843	-1.396559843	1.407765417	-1.407765417	1.426571263	-1.426571263	1.465665584	-1.465665584	-1.467579115	1.467579115	1.491089292	-1.491089292	-1.498793082	1.498793082	-1.540413513	1.540413513	1.547753997	-1.547753997	1.548130578	-1.548130578	-1.555224111	1.555224111	1.56745911	-1.56745911	1.571165829	-1.571165829	1.57411075	-1.57411075	-1.581631996	1.581631996	-1.582993904	1.582993904	1.594110682	-1.594110682	-1.615148241	1.615148241	1.674761608	-1.674761608	1.698535128	-1.698535128	-1.708901309	1.708901309	-1.727565149	1.727565149	-1.729086328	1.729086328	-1.743568459	1.743568459	1.770903279	-1.770903279	-1.801598395	1.801598395	1.808119129	-1.808119129	1.816775331	-1.816775331	1.851095878	-1.851095878	1.874136261	-1.874136261	1.889769519	-1.889769519	1.91436679	-1.91436679	-1.917236822	1.917236822	1.932539311	-1.932539311	1.935330813	-1.935330813	
0.16	0.1253593152	-0.1253593152	0.2527964914	-0.2527964914	-0.4528852843	0.4528852843	0.468420566	-0.468420566	0.5375827591	-0.5375827591	-0.5438017097	0.5438017097	0.5464740088	-0.5464740088	0.5966512343	-0.5966512343	-0.5976757071	0.5976757071	0.6099979985	-0.6099979985	-0.6365981338	0.6365981338	0.742119704	-0.742119704	-0.7663133529	0.7663133529	0.7771050235	-0.7771050235	0.7788374175	-0.7788374175	0.8072888731	-0.8072888731	-0.8137571534	0.8137571534	0.8161624009	-0.8161624009	0.8195160304	-0.8195160304	-0.8359989775	0.8359989775	-0.8575423291	0.8575423291	0.8709470143	-0.8709470143	-0.8813453712	0.8813453712	0.8943993872	-0.8943993872	-0.9243400824	0.9243400824	0.9300385772	-0.9300385772	-0.9363666924	0.9363666924	0.9539526784	-0.9539526784	-0.9662861072	0.9662861072	-0.9783309564	0.9783309564	1.054654316	-1.054654316	-1.062447781	1.062447781	-1.076404074	1.076404074	-1.084251627	1.084251627	1.090800294	-1.090800294	1.121481727	-1.121481727	1.164271086	-1.164271086	-1.179387656	1.179387656	1.18408703	-1.18408703	1.198954133	-1.198954133	-1.20010331	1.20010331	-1.204197469	1.204197469	-1.208887153	1.208887153	-1.237850589	1.237850589	-1.272732416	1.272732416	1.279824318	-1.279824318	-1.292046065	1.292046065	-1.309892542	1.309892542	1.322388333	-1.322388333	1.329994431	-1.329994431	1.336999307	-1.336999307	-1.354837731	1.354837731	-1.365393896	1.365393896	1.368948097	-1.368948097	1.39207907	-1.39207907	1.396564657	-1.396564657	-1.408019926	1.408019926	-1.426688063	1.426688063	1.465509542	-1.465509542	1.467593378	-1.467593378	1.490955117	-1.490955117	-1.498666235	1.498666235	-1.540457259	1.540457259	-1.547778596	1.547778596	1.548129831	-1.548129831	-1.555310682	1.555310682	1.567908442	-1.567908442	1.571134012	-1.571134012	-1.573986003	1.573986003	-1.582108797	1.582108797	-1.583339331	1.583339331	1.594309463	-1.594309463	1.615545644	-1.615545644	-1.674678565	1.674678565	1.698545313	-1.698545313	1.708895406	-1.708895406	1.727487585	-1.727487585	1.72908488	-1.72908488	-1.74351634	1.74351634	1.771516552	-1.771516552	-1.801493131	1.801493131	1.80795404	-1.80795404	1.81678533	-1.81678533	1.85115647	-1.85115647	1.87471182	-1.87471182	-1.889770107	1.889770107	1.914327151	-1.914327151	1.91712127	-1.91712127	-1.932749692	1.932749692	-1.935354532	1.935354532	
0.17	0.1222102471	-0.1222102471	0.2558934046	-0.2558934046	0.4462415922	-0.4462415922	-0.4652687073	0.4652687073	-0.5310191775	0.5310191775	-0.5368993914	0.5368993914	-0.5395202772	0.5395202772	0.5905123059	-0.5905123059	0.5997584646	-0.5997584646	0.6029699779	-0.6029699779	-0.6422556234	0.6422556234	-0.7438385697	0.7438385697	-0.760044754	0.760044754	-0.7740371167	0.7740371167	0.7766543546	-0.7766543546	0.806478458	-0.806478458	0.8114026992	-0.8114026992	0.8146292406	-0.8146292406	-0.8209079913	0.8209079913	-0.8368310213	0.8368310213	0.8575340103	-0.8575340103	-0.8759283504	0.8759283504	-0.8860194398	0.8860194398	0.8948944278	-0.8948944278	-0.9176518161	0.9176518161	0.9234936407	-0.9234936407	-0.9363786709	0.9363786709	-0.9594611446	0.9594611446	-0.9667691371	0.9667691371	0.983889744	-0.983889744	-1.054662169	1.054662169	-1.067365065	1.067365065	-1.076450209	1.076450209	-1.084376031	1.084376031	-1.091028359	1.091028359	1.119311798	-1.119311798	1.168951515	-1.168951515	1.180197162	-1.180197162	1.188789337	-1.188789337	-1.198953796	1.198953796	-1.200109939	1.200109939	-1.204230902	1.204230902	1.213588363	-1.213588363	-1.238355359	1.238355359	-1.272687703	1.272687703	-1.279816	1.279816	1.292123869	-1.292123869	1.310254317	-1.310254317	-1.322259593	1.322259593	-1.329905567	1.329905567	-1.337049878	1.337049878	1.355262162	-1.355262162	-1.365425798	1.365425798	-1.369126583	1.369126583	-1.392108917	1.392108917	1.396569595	-1.396569595	1.40828544	-1.40828544	-1.426812479	1.426812479	-1.465343603	1.465343603	-1.467606586	1.467606586	-1.490821541	1.490821541	-1.498530812	1.498530812	-1.540497751	1.540497751	-1.547803146	1.547803146	1.548129167	-1.548129167	1.555389981	-1.555389981	-1.568367228	1.568367228	-1.571100498	1.571100498	-1.573850895	1.573850895	-1.582619172	1.582619172	-1.583710889	1.583710889	1.594550285	-1.594550285	1.615968601	-1.615968601	1.674589918	-1.674589918	1.698555961	-1.698555961	-1.708889444	1.708889444	-1.727414149	1.727414149	-1.729083567	1.729083567	-1.743461185	1.743461185	1.772161219	-1.772161219	-1.801378538	1.801378538	-1.807779106	1.807779106	-1.816801304	1.816801304	-1.851216643	1.851216643	1.875319908	-1.875319908	1.889770867	-1.889770867	1.91428556	-1.91428556	1.917000167	-1.917000167	-1.932962134	1.932962134	-1.935386596	1.935386596	
0.18	0.1190193674	-0.1190193674	0.2590291975	-0.2590291975	-0.4395755868	0.4395755868	0.4620763202	-0.4620763202	-0.5243085202	0.5243085202	-0.5298752636	0.5298752636	0.5324634244	-0.5324634244	0.5833085981	-0.5833085981	0.5958494878	-0.5958494878	0.6029046926	-0.6029046926	-0.6478691436	0.6478691436	-0.7428781861	0.7428781861	0.7537182349	-0.7537182349	0.7735055597	-0.7735055597	0.7744685589	-0.7744685589	-0.7997146719	0.7997146719	0.8062590834	-0.8062590834	0.8181564407	-0.8181564407	-0.8256852272	0.8256852272	-0.8376343923	0.8376343923	-0.8575270454	0.8575270454	-0.8808210769	0.8808210769	-0.8908782392	0.8908782392	0.895406024	-0.895406024	0.9109459943	-0.9109459943	0.9168199279	-0.9168199279	-0.9363815254	0.9363815254	0.9645055215	-0.9645055215	-0.967710021	0.967710021	-0.9893902479	0.9893902479	-1.054664981	1.054664981	-1.072263924	1.072263924	-1.076504702	1.076504702	-1.084508311	1.084508311	-1.091268588	1.091268588	1.117101062	-1.117101062	1.173604862	-1.173604862	-1.180977701	1.180977701	1.193461768	-1.193461768	-1.198956736	1.198956736	1.200116579	-1.200116579	-1.20426714	1.20426714	-1.218325082	1.218325082	-1.23887828	1.23887828	-1.272645755	1.272645755	-1.279807272	1.279807272	1.29223028	-1.29223028	-1.310637624	1.310637624	-1.322134142	1.322134142	1.329811125	-1.329811125	1.337099123	-1.337099123	1.355699633	-1.355699633	-1.365461816	1.365461816	1.369318057	-1.369318057	1.392147585	-1.392147585	-1.396574657	1.396574657	1.408562069	-1.408562069	-1.426944529	1.426944529	1.465167949	-1.465167949	-1.467618902	1.467618902	-1.490687994	1.490687994	-1.498387078	1.498387078	-1.540535186	1.540535186	1.547827609	-1.547827609	1.548128581	-1.548128581	-1.555462497	1.555462497	1.568833148	-1.568833148	-1.57106534	1.57106534	-1.573707769	1.573707769	-1.583162672	1.583162672	-1.584108703	1.584108703	1.594832283	-1.594832283	1.616416827	-1.616416827	1.674495679	-1.674495679	1.69856706	-1.69856706	1.708883428	-1.708883428	-1.727344932	1.727344932	1.7290824	-1.7290824	-1.743403106	1.743403106	1.772837037	-1.772837037	-1.801253876	1.801253876	-1.8075945	1.8075945	-1.816823897	1.816823897	-1.851276331	1.851276331	-1.875960295	1.875960295	1.889771796	-1.889771796	-1.914242074	1.914242074	-1.916873566	1.916873566	-1.933173239	1.933173239	-1.935429838	1.935429838	
0.19	0.1157919704	-0.1157919704	0.2621985716	-0.2621985716	-0.4328879854	0.4328879854	0.4588483528	-0.4588483528	-0.5174629626	0.5174629626	-0.5227397586	0.5227397586	0.5253105877	-0.5253105877	-0.5760661635	0.5760661635	0.5886453004	-0.5886453004	0.6060830284	-0.6060830284	-0.6534361433	0.6534361433	-0.7394022063	0.7394022063	-0.7472511213	0.7472511213	0.7721750938	-0.7721750938	-0.7755453818	0.7755453818	-0.7927508101	0.7927508101	0.799672211	-0.799672211	0.8230678946	-0.8230678946	0.8304795084	-0.8304795084	-0.8384081451	0.8384081451	-0.857521325	0.857521325	-0.8854198482	0.8854198482	-0.8958078684	0.8958078684	0.8959323291	-0.8959323291	-0.9044310376	0.9044310376	-0.9100667615	0.9100667615	-0.9363795384	0.9363795384	-0.9667982072	0.9667982072	-0.9713903374	0.9713903374	0.9948279257	-0.9948279257	-1.054666073	1.054666073	-1.076568968	1.076568968	1.077134656	-1.077134656	1.08464858	-1.08464858	-1.09152151	1.09152151	1.114852322	-1.114852322	1.178222934	-1.178222934	-1.1817303	1.1817303	1.198040667	-1.198040667	-1.199010314	1.199010314	-1.200123339	1.200123339	1.204308256	-1.204308256	-1.223084828	1.223084828	-1.23941748	1.23941748	-1.272606913	1.272606913	1.279798154	-1.279798154	-1.292369419	1.292369419	-1.31104224	1.31104224	-1.32201244	1.32201244	-1.329711126	1.329711126	-1.337146962	1.337146962	-1.356149044	1.356149044	-1.365502603	1.365502603	1.369522971	-1.369522971	1.392195421	-1.392195421	1.396579845	-1.396579845	1.408849934	-1.408849934	1.427084233	-1.427084233	-1.464982771	1.464982771	-1.46763049	1.46763049	-1.490553908	1.490553908	-1.498235312	1.498235312	1.540569747	-1.540569747	-1.547851942	1.547851942	-1.548128071	1.548128071	1.555528748	-1.555528748	1.569302397	-1.569302397	-1.571028591	1.571028591	1.573560689	-1.573560689	-1.583738815	1.583738815	1.584532791	-1.584532791	1.595154417	-1.595154417	-1.616890015	1.616890015	1.674395858	-1.674395858	1.698578597	-1.698578597	-1.708877362	1.708877362	-1.727280009	1.727280009	1.729081389	-1.729081389	1.743342218	-1.743342218	1.77354376	-1.77354376	-1.801118435	1.801118435	1.807400405	-1.807400405	-1.816853727	1.816853727	-1.851335466	1.851335466	-1.876632731	1.876632731	-1.889772892	1.889772892	-1.914196749	1.914196749	1.916741522	-1.916741522	1.933378747	-1.933378747	-1.935487911	1.935487911	
0.2	0.1125325207	-0.1125325207	0.2653970575	-0.2653970575	-0.4261793729	0.4261793729	-0.4555890554	0.4555890554	-0.5104931835	0.5104931835	-0.5155018582	0.5155018582	-0.5180681021	0.5180681021	-0.5687863477	0.5687863477	0.5813626181	-0.5813626181	0.6092899655	-0.6092899655	-0.6589534772	0.6589534772	-0.7343835923	0.7343835923	-0.7406027789	0.7406027789	0.7699015221	-0.7699015221	-0.7791054594	0.7791054594	0.7857162285	-0.7857162285	-0.7928563404	0.7928563404	-0.8280614835	0.8280614835	0.8352753025	-0.8352753025	-0.8391521989	0.8391521989	0.8575167569	-0.8575167569	0.8886551951	-0.8886551951	-0.8964700393	0.8964700393	-0.8991833893	0.8991833893	-0.9001744312	0.9001744312	-0.9038319637	0.9038319637	-0.9363746161	0.9363746161	-0.9674880705	0.9674880705	0.976657777	-0.976657777	1.000198239	-1.000198239	1.054666385	-1.054666385	1.076644736	-1.076644736	-1.081970561	1.081970561	1.0847972	-1.0847972	-1.091787768	1.091787768	1.112568019	-1.112568019	-1.182387884	1.182387884	-1.182866591	1.182866591	-1.198925928	1.198925928	-1.200130289	1.200130289	-1.202676897	1.202676897	1.204378394	-1.204378394	-1.227856558	1.227856558	1.239971138	-1.239971138	-1.272571556	1.272571556	-1.279788666	1.279788666	1.292546116	-1.292546116	-1.311467903	1.311467903	-1.321895023	1.321895023	1.329605596	-1.329605596	-1.337193333	1.337193333	-1.35660909	1.35660909	-1.365548959	1.365548959	1.369741803	-1.369741803	1.392252804	-1.392252804	-1.396585162	1.396585162	1.409149155	-1.409149155	-1.427231606	1.427231606	-1.464788273	1.464788273	-1.467641512	1.467641512	-1.490418719	1.490418719	1.498075805	-1.498075805	-1.540601606	1.540601606	1.547876096	-1.547876096	-1.548127634	1.548127634	-1.555589268	1.555589268	1.569768383	-1.569768383	1.570990309	-1.570990309	-1.573416706	1.573416706	-1.584347092	1.584347092	1.584983068	-1.584983068	1.59551551	-1.59551551	-1.617387838	1.617387838	1.674290469	-1.674290469	1.698590557	-1.698590557	-1.708871252	1.708871252	1.727219441	-1.727219441	1.729080545	-1.729080545	-1.743278641	1.743278641	-1.774281135	1.774281135	-1.800971544	1.800971544	1.807197012	-1.807197012	1.816891366	-1.816891366	1.851393986	-1.851393986	1.877336939	-1.877336939	1.889774152	-1.889774152	1.914149645	-1.914149645	-1.916604091	1.916604091	-1.933573559	1.933573559	-1.935565264	1.935565264	
0.21	0.1092448016	-0.1092448016	0.2686208671	-0.2686208671	-0.4194502647	0.4194502647	0.4523020652	-0.4523020652	-0.5034085757	0.5034085757	-0.5081693371	0.5081693371	0.5107416122	-0.5107416122	-0.5614703293	0.5614703293	0.5740067741	-0.5740067741	0.6125217369	-0.6125217369	-0.6644170018	0.6644170018	-0.7285808783	0.7285808783	-0.7337855341	0.7337855341	0.7675898245	-0.7675898245	-0.7786361533	0.7786361533	-0.7834800452	0.7834800452	0.7858909844	-0.7858909844	0.8330578002	-0.8330578002	0.8398318251	-0.8398318251	0.8400887696	-0.8400887696	0.8575132842	-0.8575132842	0.8865092434	-0.8865092434	-0.8956553884	0.8956553884	-0.8970261674	0.8970261674	-0.8992223992	0.8992223992	0.9064190661	-0.9064190661	-0.9363677401	0.9363677401	-0.9680174416	0.9680174416	0.9820675628	-0.9820675628	1.0054964	-1.0054964	-1.054666285	1.054666285	1.076734147	-1.076734147	1.084951699	-1.084951699	-1.086769061	1.086769061	-1.092068152	1.092068152	1.110250308	-1.110250308	-1.183124457	1.183124457	1.187356358	-1.187356358	-1.198932922	1.198932922	1.200137544	-1.200137544	1.204348716	-1.204348716	-1.20725663	1.20725663	1.232630197	-1.232630197	1.240537703	-1.240537703	1.272540109	-1.272540109	1.27977883	-1.27977883	1.292766031	-1.292766031	-1.311914309	1.311914309	1.321782513	-1.321782513	-1.329494559	1.329494559	1.337238197	-1.337238197	1.35707823	-1.35707823	-1.365601857	1.365601857	1.369975064	-1.369975064	1.392320146	-1.392320146	-1.396590608	1.396590608	-1.409459861	1.409459861	1.427386663	-1.427386663	1.464584667	-1.464584667	-1.46765213	1.46765213	-1.490281868	1.490281868	-1.497908855	1.497908855	-1.540630924	1.540630924	-1.54790002	1.54790002	1.548127264	-1.548127264	-1.555644599	1.555644599	1.570219016	-1.570219016	-1.57095055	1.57095055	1.573288525	-1.573288525	-1.584986959	1.584986959	-1.585459357	1.585459357	1.595914284	-1.595914284	-1.617909949	1.617909949	1.674179528	-1.674179528	1.698602926	-1.698602926	-1.708865103	1.708865103	-1.727163277	1.727163277	-1.729079878	1.729079878	1.743212496	-1.743212496	1.775048899	-1.775048899	1.80081258	-1.80081258	1.806984523	-1.806984523	-1.816937338	1.816937338	-1.851451832	1.851451832	-1.878072619	1.878072619	1.889775575	-1.889775575	1.914100824	-1.914100824	1.916461331	-1.916461331	-1.933752112	1.933752112	-1.93566678	1.93566678	
0.22	-0.105932034	0.105932034	0.2718667741	-0.2718667741	-0.4127011343	0.4127011343	-0.4489904973	0.4489904973	-0.4962174268	0.4962174268	0.5007489625	-0.5007489625	-0.5033361672	0.5033361672	-0.5541191647	0.5541191647	0.5665823892	-0.5665823892	-0.6157751818	0.6157751818	-0.6698209401	0.6698209401	0.7223709853	-0.7223709853	-0.7268325833	0.7268325833	-0.7652456007	0.7652456007	0.7715247844	-0.7715247844	-0.7788052363	0.7788052363	-0.7882592221	0.7882592221	-0.8380278358	0.8380278358	0.8405436338	-0.8405436338	0.8447937767	-0.8447937767	-0.8575109064	0.8575109064	0.8804123748	-0.8804123748	-0.8886395753	0.8886395753	0.8975911104	-0.8975911104	0.9031482403	-0.9031482403	-0.9114327953	0.9114327953	-0.9363594728	0.9363594728	-0.9685261128	0.9685261128	-0.9874778896	0.9874778896	-1.010717122	1.010717122	-1.05466595	1.05466595	1.076839886	-1.076839886	1.085116989	-1.085116989	1.091520977	-1.091520977	-1.092363636	1.092363636	1.107901114	-1.107901114	1.183784317	-1.183784317	1.191842935	-1.191842935	1.198933889	-1.198933889	-1.200145428	1.200145428	1.204405676	-1.204405676	-1.211677452	1.211677452	-1.237394822	1.237394822	1.241117527	-1.241117527	1.27251305	-1.27251305	1.279768666	-1.279768666	1.293035783	-1.293035783	-1.312381105	1.312381105	1.321675637	-1.321675637	1.329378044	-1.329378044	1.337281531	-1.337281531	1.357554636	-1.357554636	1.365662491	-1.365662491	-1.370223297	1.370223297	-1.392397898	1.392397898	1.396596185	-1.396596185	-1.409782182	1.409782182	1.427549417	-1.427549417	-1.464372176	1.464372176	1.467662505	-1.467662505	-1.490142804	1.490142804	-1.497734768	1.497734768	-1.540657852	1.540657852	-1.547923657	1.547923657	1.548126959	-1.548126959	-1.555695287	1.555695287	-1.570631405	1.570631405	1.570909374	-1.570909374	1.573199772	-1.573199772	1.585657848	-1.585657848	-1.585961394	1.585961394	-1.596349399	1.596349399	-1.618455978	1.618455978	1.674063051	-1.674063051	1.698615689	-1.698615689	1.708858918	-1.708858919	-1.727111552	1.727111552	-1.729079398	1.729079398	-1.743143907	1.743143907	1.775846778	-1.775846778	-1.800640982	1.800640982	-1.806763148	1.806763148	1.816992108	-1.816992108	-1.851508948	1.851508948	1.878839445	-1.878839445	1.889777157	-1.889777157	-1.914050351	1.914050351	1.916313305	-1.916313305	-1.933909251	1.933909251	-1.935796885	1.935796885	
0.23	0.102596973	-0.102596973	0.275132018	-0.275132018	-0.4059324273	0.4059324273	0.4456570267	-0.4456570267	-0.4889270757	0.4889270757	-0.4932466582	0.4932466582	-0.4958563012	0.4958563012	0.5467338184	-0.5467338184	0.5590935343	-0.5590935343	0.6190475991	-0.6190475991	-0.6751567453	0.6751567453	-0.7159229469	0.7159229469	0.7197782227	-0.7197782227	0.7628709352	-0.7628709352	-0.7643950815	0.7643950815	0.7716161924	-0.7716161924	-0.7932422881	0.7932422881	-0.8411967887	0.8411967887	0.8429436426	-0.8429436426	0.8494100372	-0.8494100372	0.8575098375	-0.8575098375	0.8735665254	-0.8735665254	0.8814730287	-0.8814730287	-0.8981625409	0.8981625409	-0.9078250107	0.9078250107	-0.9165355045	0.9165355045	0.9363501656	-0.9363501656	-0.9690396704	0.9690396704	-0.9928613528	0.9928613528	-1.015854318	1.015854318	-1.054665474	1.054665474	1.076965352	-1.076965352	1.085289964	-1.085289964	1.092675432	-1.092675432	-1.096225731	1.096225731	1.105522183	-1.105522183	-1.18441251	1.18441251	-1.196275407	1.196275407	-1.198933687	1.198933687	-1.200155695	1.200155695	-1.204452949	1.204452949	1.216017108	-1.216017108	-1.241634885	1.241634885	-1.242216469	1.242216469	-1.272490918	1.272490918	-1.279758198	1.279758198	-1.293363093	1.293363093	-1.312867889	1.312867889	-1.321575258	1.321575258	1.329256078	-1.329256078	-1.337323332	1.337323332	1.358036144	-1.358036144	-1.365732328	1.365732328	1.370487076	-1.370487076	1.392486548	-1.392486548	-1.396601896	1.396601896	1.410116251	-1.410116251	1.427719879	-1.427719879	1.464151035	-1.464151035	-1.467672794	1.467672794	-1.490000984	1.490000984	1.497553858	-1.497553858	-1.540682531	1.540682531	-1.547946949	1.547946949	1.548126715	-1.548126715	1.555741873	-1.555741873	1.57086684	-1.57086684	1.570964672	-1.570964672	-1.573192132	1.573192132	-1.586359161	1.586359161	-1.586488846	1.586488846	1.596819478	-1.596819478	1.619025534	-1.619025534	1.67394106	-1.67394106	-1.698628831	1.698628831	1.708852705	-1.708852705	-1.727064295	1.727064295	1.729079116	-1.729079116	-1.743073003	1.743073003	1.776674479	-1.776674479	1.800456255	-1.800456255	1.806533106	-1.806533106	1.817056077	-1.817056077	1.851565284	-1.851565284	-1.879637065	1.879637065	-1.889778896	1.889778896	1.91399829	-1.91399829	-1.916160075	1.916160075	-1.934041474	1.934041474	1.935958315	-1.935958315	
0.24	0.09924198664	-0.09924198664	0.278414225	-0.278414225	-0.3991445691	0.3991445691	0.442303959	-0.442303959	-0.4815440447	0.4815440447	-0.4856676393	0.4856676393	0.4883061026	-0.4883061026	-0.5393151837	0.5393151837	0.5515438221	-0.5515438221	0.6223366655	-0.6223366655	-0.6804108964	0.6804108964	0.7093104175	-0.7093104175	-0.7126546322	0.7126546322	-0.7572631307	0.7572631307	0.7604673918	-0.7604673918	-0.7643357941	0.7643357941	-0.7983255166	0.7983255166	0.8418201233	-0.8418201233	0.8477496221	-0.8477496221	0.8536063463	-0.8536063463	-0.8575126065	0.8575126065	0.8668449535	-0.8668449535	-0.8742778009	0.8742778009	-0.8987404455	0.8987404455	-0.9126734326	0.9126734326	0.9216480632	-0.9216480632	-0.9363400552	0.9363400552	0.969565829	-0.969565829	0.9982084966	-0.9982084966	1.020900737	-1.020900737	-1.054664918	1.054664918	-1.077114913	1.077114913	1.085471345	-1.085471345	-1.093005061	1.093005061	1.100879382	-1.100879382	1.103115126	-1.103115126	1.185010911	-1.185010911	1.198933159	-1.198933159	-1.200113238	1.200113238	-1.20070336	1.20070336	-1.204500033	1.204500033	-1.220250913	1.220250913	1.242276672	-1.242276672	1.246899296	-1.246899296	-1.272474321	1.272474321	1.279747447	-1.279747447	1.29375692	-1.29375692	-1.313374205	1.313374205	-1.321482403	1.321482403	-1.329128693	1.329128693	-1.337363613	1.337363613	-1.358520187	1.358520187	-1.365813167	1.365813167	1.370767006	-1.370767006	-1.392586624	1.392586624	1.39660774	-1.39660774	-1.410462205	1.410462205	-1.427898054	1.427898054	-1.463921486	1.463921486	1.467683156	-1.467683156	-1.489855874	1.489855874	-1.49736644	1.49736644	-1.540705096	1.540705096	1.547969836	-1.547969836	1.548126527	-1.548126527	1.555784887	-1.555784887	1.570823011	-1.570823011	1.571165344	-1.571165344	-1.573319929	1.573319929	-1.587041318	1.587041318	-1.587090272	1.587090272	-1.597323135	1.597323135	-1.619618203	1.619618203	1.673813576	-1.673813576	1.698642335	-1.698642335	-1.708846466	1.708846466	-1.72702152	1.72702152	1.729079043	-1.729079043	-1.74299991	1.74299991	1.777531691	-1.777531691	-1.800257982	1.800257982	1.806294628	-1.806294628	-1.817129578	1.817129578	-1.851620795	1.851620795	-1.880465101	1.880465101	1.889780793	-1.889780793	-1.913944708	1.913944708	-1.916001707	1.916001707	1.934147879	-1.934147879	1.936151168	-1.936151168	
0.25	0.09586911908	-0.09586911908	0.2817113447	-0.2817113447	-0.3923379692	0.3923379692	0.4389332888	-0.4389332888	-0.4740741534	0.4740741534	-0.4780165232	0.4780165232	0.4806892723	-0.4806892723	-0.5318640982	0.5318640982	-0.5439364797	0.5439364797	0.6256403733	-0.6256403733	-0.6855602586	0.6855602586	-0.7025595006	0.7025595006	-0.7054950282	0.7054950282	-0.750153543	0.750153543	0.7569731712	-0.7569731712	0.7580363293	-0.7580363293	0.8034506546	-0.8034506546	-0.8424148343	0.8424148343	-0.8522367143	0.8522367143	0.8549115909	-0.8549115909	-0.8575336583	0.8575336583	-0.8628277134	0.8628277134	-0.8672753524	0.8672753524	0.8993232148	-0.8993232148	0.9175661749	-0.9175661749	0.9267491739	-0.9267491739	-0.9363293148	0.9363293148	-0.9701074655	0.9701074655	-1.003514712	1.003514712	1.025847467	-1.025847467	-1.054664323	1.054664323	-1.077294238	1.077294238	-1.085661352	1.085661352	-1.093354447	1.093354447	-1.100681483	1.100681483	-1.105478883	1.105478883	-1.185580571	1.185580571	1.19893258	-1.19893258	-1.200158993	1.200158993	-1.20454826	1.20454826	1.204981551	-1.204981551	-1.224362064	1.224362064	1.242874482	-1.242874482	-1.251603363	1.251603363	1.272463937	-1.272463937	1.279736436	-1.279736436	-1.294227581	1.294227581	-1.313899535	1.313899535	1.321398311	-1.321398311	-1.328995922	1.328995922	-1.3374024	1.3374024	1.359003733	-1.359003733	-1.365907209	1.365907209	1.371063723	-1.371063723	1.392698698	-1.392698698	-1.396613722	1.396613722	1.410820181	-1.410820181	1.428083947	-1.428083947	-1.463683783	1.463683783	-1.467693745	1.467693745	1.489706953	-1.489706953	-1.497172835	1.497172835	1.540725671	-1.540725671	-1.547992257	1.547992257	1.548126392	-1.548126392	-1.555824846	1.555824846	-1.570777948	1.570777948	-1.571208669	1.571208669	1.573608778	-1.573608778	-1.587618364	1.587618364	1.58785053	-1.58785053	1.597858989	-1.597858989	-1.620233553	1.620233553	-1.673680627	1.673680627	1.698656185	-1.698656185	-1.708840208	1.708840208	-1.726983237	1.726983237	-1.729079188	1.729079188	-1.742924758	1.742924758	1.778418077	-1.778418077	-1.800045831	1.800045831	1.806047949	-1.806047949	1.817212868	-1.817212868	-1.851675441	1.851675441	-1.881323143	1.881323143	-1.889782845	1.889782845	-1.913889674	1.913889674	1.91583827	-1.91583827	-1.934230137	1.934230137	-1.936372925	1.936372925	
0.26	0.09248014304	-0.09248014304	0.2850215981	-0.2850215981	-0.3855130245	0.3855130245	0.4355467484	-0.4355467484	0.4665226149	-0.4665226149	0.4702974217	-0.4702974217	0.4730091738	-0.4730091738	-0.5243813547	0.5243813547	0.5362744067	-0.5362744067	0.6289569791	-0.6289569791	-0.6905612776	0.6905612776	-0.6956685852	0.6956685852	-0.6983367617	0.6983367617	-0.7431104694	0.7431104694	0.7495358714	-0.7495358714	0.7555789739	-0.7555789739	-0.8085810818	0.8085810818	-0.8429817234	0.8429817234	0.8495062394	-0.8495062394	-0.8546840714	0.8546840714	0.8575253557	-0.8575253557	0.8621910307	-0.8621910307	-0.8654243871	0.8654243871	-0.8999091583	0.8999091583	-0.922459691	0.922459691	-0.9318277842	0.9318277842	-0.9363180896	0.9363180896	0.9706656872	-0.9706656872	1.008777125	-1.008777125	-1.030683255	1.030683255	1.054663722	-1.054663722	-1.077510778	1.077510778	-1.085860202	1.085860202	-1.093726019	1.093726019	1.098222819	-1.098222819	-1.110021533	1.110021533	-1.186122476	1.186122476	1.198932073	-1.198932073	1.200168666	-1.200168666	1.204598019	-1.204598019	1.209230359	-1.209230359	-1.228333839	1.228333839	-1.243473031	1.243473031	-1.256276064	1.256276064	-1.272460527	1.272460527	-1.279725188	1.279725188	1.294786824	-1.294786824	1.314443301	-1.314443301	1.321324498	-1.321324498	-1.328857801	1.328857801	-1.337439739	1.337439739	1.35948321	-1.35948321	-1.366017117	1.366017117	1.371377895	-1.371377895	1.392823384	-1.392823384	1.396619841	-1.396619841	-1.411190317	1.411190317	1.428277555	-1.428277555	-1.463438189	1.463438189	1.467704712	-1.467704712	-1.489553713	1.489553713	-1.496973363	1.496973363	-1.540744374	1.540744374	-1.548014151	1.548014151	1.548126304	-1.548126304	-1.55586225	1.55586225	1.570731715	-1.570731715	-1.571124952	1.571124952	-1.574029223	1.574029223	-1.588219498	1.588219498	1.588639259	-1.588639259	1.598425686	-1.598425686	1.620871125	-1.620871125	-1.673542241	1.673542241	1.698670365	-1.698670365	-1.708833935	1.708833935	-1.726949444	1.726949444	1.729079564	-1.729079564	1.742847678	-1.742847678	1.779333269	-1.779333269	-1.799819559	1.799819559	-1.805793317	1.805793317	1.817306132	-1.817306132	1.851729188	-1.851729188	-1.882210753	1.882210753	-1.889785054	1.889785054	-1.913833259	1.913833259	-1.915669836	1.915669836	1.934291569	-1.934291569	-1.93661938	1.93661938	
0.27	0.08907660229	-0.08907660229	0.2883434348	-0.2883434348	-0.3786701208	0.3786701208	0.4321458488	-0.4321458488	-0.458894118	0.458894118	-0.4625140163	0.4625140163	-0.4652688764	0.4652688764	-0.516867709	0.516867709	0.5285602236	-0.5285602236	-0.6322849629	0.6322849629	-0.6886229271	0.6886229271	-0.6912175405	0.6912175405	-0.6953214772	0.6953214772	0.7362257361	-0.7362257361	-0.7420310167	0.7420310167	0.7530964469	-0.7530964469	0.8136877386	-0.8136877386	-0.8422886736	0.8422886736	0.8435310092	-0.8435310092	-0.8500299258	0.8500299258	0.8575268086	-0.8575268086	0.8640890138	-0.8640890138	-0.8697122794	0.8697122794	-0.9004966302	0.9004966302	-0.9273341119	0.9273341119	-0.9363065509	0.9363065509	-0.9368764904	0.9368764904	-0.9712408104	0.9712408104	1.013993581	-1.013993581	-1.035393562	1.035393562	1.054663148	-1.054663148	-1.077774402	1.077774402	1.086068146	-1.086068146	-1.09412242	1.09412242	1.095741327	-1.095741327	1.114504906	-1.114504906	1.186637634	-1.186637634	-1.19893171	1.19893171	-1.200176984	1.200176984	-1.204649466	1.204649466	1.213411374	-1.213411374	-1.23214874	1.23214874	1.244072058	-1.244072058	-1.260910085	1.260910085	-1.272464924	1.272464924	-1.279713731	1.279713731	1.295447804	-1.295447804	-1.31500485	1.31500485	-1.321262843	1.321262843	-1.328714369	1.328714369	-1.337475687	1.337475687	-1.359954471	1.359954471	-1.366146067	1.366146067	-1.371710217	1.371710217	1.392961343	-1.392961343	-1.396626099	1.396626099	1.411572749	-1.411572749	1.428478873	-1.428478873	-1.463184977	1.463184977	1.467716207	-1.467716207	-1.489395661	1.489395661	-1.496768344	1.496768344	-1.540761318	1.540761318	-1.548035457	1.548035457	1.54812626	-1.54812626	1.555897579	-1.555897579	1.570684376	-1.570684376	-1.570960731	1.570960731	1.574535551	-1.574535551	-1.588844201	1.588844201	-1.589455755	1.589455755	1.599021902	-1.599021902	1.62153044	-1.62153044	1.673398449	-1.673398449	1.698684856	-1.698684856	-1.708827654	1.708827654	1.726920137	-1.726920137	1.729080179	-1.729080179	-1.7427688	1.7427688	1.780276859	-1.780276859	1.799579023	-1.799579023	1.805530985	-1.805530985	-1.817409478	1.817409478	-1.851782008	1.851782008	1.88312746	-1.88312746	1.889787425	-1.889787425	1.913775535	-1.913775535	1.915496481	-1.915496481	-1.934336004	1.934336004	1.936885775	-1.936885775	
0.28	0.08565984679	-0.08565984679	0.2916754978	-0.2916754978	0.3718096345	-0.3718096345	0.4287319126	-0.4287319126	0.451192897	-0.451192897	-0.4546696224	0.4546696224	0.4574711918	-0.4574711918	-0.5093238868	0.5093238868	0.5207963119	-0.5207963119	0.6356229933	-0.6356229933	-0.6814149991	0.6814149991	0.6841604961	-0.6841604961	-0.6996126036	0.6996126036	-0.7297231388	0.7297231388	0.7344683405	-0.7344683405	-0.7505897806	0.7505897806	-0.8187251215	0.8187251215	0.834777412	-0.834777412	0.8428506926	-0.8428506926	-0.8440425736	0.8440425736	0.8575337146	-0.8575337146	0.8683945432	-0.8683945432	0.8742375258	-0.8742375258	0.901084057	-0.901084057	0.9321780447	-0.9321780447	-0.9362952193	0.9362952193	-0.9418897315	0.9418897315	-0.9718327393	0.9718327393	-1.019162236	1.019162236	-1.039959239	1.039959239	1.054662641	-1.054662641	-1.078098218	1.078098218	1.086285498	-1.086285498	1.093233824	-1.093233824	1.09455302	-1.09455302	-1.118926804	1.118926804	-1.18712709	1.18712709	-1.198931539	1.198931539	1.20018503	-1.20018503	1.204702675	-1.204702675	1.217520015	-1.217520015	-1.235788421	1.235788421	1.244670252	-1.244670252	1.265499294	-1.265499294	-1.272478038	1.272478038	-1.279702098	1.279702098	-1.296224917	1.296224917	1.315583446	-1.315583446	1.321215715	-1.321215715	1.328565668	-1.328565668	-1.337510318	1.337510318	1.360412793	-1.360412793	-1.366297737	1.366297737	1.372061413	-1.372061413	1.393113283	-1.393113283	-1.396632499	1.396632499	-1.411967614	1.411967614	1.42868789	-1.42868789	-1.46292443	1.46292443	-1.467728376	1.467728376	-1.489232317	1.489232317	1.496558099	-1.496558099	1.540776606	-1.540776606	1.548056116	-1.548056116	1.548126255	-1.548126255	1.555931288	-1.555931288	1.570635995	-1.570635995	1.570748324	-1.570748324	-1.575096217	1.575096217	-1.589491926	1.589491926	1.590299292	-1.590299292	1.599646355	-1.599646355	1.622210998	-1.622210998	-1.673249289	1.673249289	-1.698699641	1.698699641	1.708821369	-1.708821369	-1.726895302	1.726895302	1.729081044	-1.729081044	-1.742688256	1.742688256	-1.781248388	1.781248388	1.799324191	-1.799324191	-1.805261216	1.805261216	-1.817522942	1.817522942	1.851833883	-1.851833883	-1.884072757	1.884072757	1.889789967	-1.889789967	1.913716575	-1.913716575	-1.915318281	1.915318281	-1.934367004	1.934367004	-1.937167583	1.937167583	
0.29	0.08223106175	-0.08223106175	0.2950165947	-0.2950165947	-0.3649319338	0.3649319338	0.425306102	-0.425306102	-0.443422792	0.443422792	-0.4467672413	0.4467672413	-0.4496187059	0.4496187059	0.5017505877	-0.5017505877	0.5129848473	-0.5129848473	0.6389698995	-0.6389698995	-0.6740586737	0.6740586737	-0.6771628887	0.6771628887	-0.7027812553	0.7027812553	-0.7242200621	0.7242200621	0.7268882471	-0.7268882471	0.7480599297	-0.7480599297	-0.8232605287	0.8232605287	-0.8275734545	0.8275734545	0.8352694998	-0.8352694998	0.8445374568	-0.8445374568	0.8575452656	-0.8575452656	-0.87298581	0.87298581	0.8788070446	-0.8788070446	0.9016699519	-0.9016699519	-0.9362725531	0.9362725531	0.93699612	-0.93699612	0.9468630709	-0.9468630709	0.9724411352	-0.9724411352	1.024281344	-1.024281344	-1.044354739	1.044354739	1.054662255	-1.054662255	-1.078499425	1.078499425	-1.086512649	1.086512649	1.090711786	-1.090711786	1.09501482	-1.09501482	-1.123285233	1.123285233	1.187591913	-1.187591913	-1.198931598	1.198931598	-1.200193039	1.200193039	1.204757686	-1.204757686	-1.221552682	1.221552682	-1.239233994	1.239233994	1.245266193	-1.245266193	1.270037564	-1.270037564	-1.272500829	1.272500829	-1.279690349	1.279690349	-1.297133407	1.297133407	-1.316178259	1.316178259	1.32118616	-1.32118616	1.328411743	-1.328411743	-1.337543723	1.337543723	-1.360852982	1.360852982	1.366476205	-1.366476205	1.372432234	-1.372432234	1.393279956	-1.393279956	-1.396639042	1.396639042	1.412375043	-1.412375043	-1.428904588	1.428904588	1.462656839	-1.462656839	1.467741364	-1.467741364	-1.489063221	1.489063221	-1.496342946	1.496342946	-1.540790339	1.540790339	-1.54807607	1.54807607	1.548126284	-1.548126284	-1.55596381	1.55596381	1.570505856	-1.570505856	1.570586638	-1.570586638	1.575693817	-1.575693817	-1.590162105	1.590162105	-1.591169119	1.591169119	1.600297803	-1.600297803	1.622912273	-1.622912273	1.673094798	-1.673094798	1.698714703	-1.698714703	-1.708815085	1.708815085	1.726874922	-1.726874922	1.72908217	-1.72908217	-1.742606175	1.742606175	1.782247328	-1.782247328	-1.799055148	1.799055148	1.804984279	-1.804984279	-1.81764649	1.81764649	1.8518848	-1.8518848	-1.885046094	1.885046094	1.889792702	-1.889792702	-1.913656455	1.913656455	-1.91513532	1.91513532	-1.934387532	1.934387532	-1.937460837	1.937460837	
0.3	0.07879129173	-0.07879129173	0.2983656734	-0.2983656734	-0.3580373791	0.3580373791	0.4218694425	-0.4218694425	0.4355872996	-0.4355872996	-0.4388096053	0.4388096053	-0.4417138063	0.4417138063	0.4941484894	-0.4941484894	-0.5051278282	0.5051278282	0.642324648	-0.642324648	0.6665813728	-0.6665813728	-0.6702055814	0.6702055814	-0.7031729019	0.7031729019	-0.7189616494	0.7189616494	0.7217038316	-0.7217038316	0.7455077801	-0.7455077801	-0.8188008349	0.8188008349	-0.8275312045	0.8275312045	0.8292165972	-0.8292165972	0.8450145454	-0.8450145454	-0.857562849	0.857562849	0.8776190972	-0.8776190972	-0.883370321	0.883370321	-0.9022529276	0.9022529276	-0.9362674116	0.9362674116	-0.9417546097	0.9417546097	0.9517928349	-0.9517928349	-0.9730654989	0.9730654989	-1.029349119	1.029349119	-1.048545854	1.048545854	-1.054662082	1.054662082	1.078999343	-1.078999343	-1.086750112	1.086750112	1.08817453	-1.08817453	-1.095521503	1.095521503	-1.127578374	1.127578374	-1.188033184	1.188033184	-1.198931922	1.198931922	1.200201097	-1.200201097	1.204814521	-1.204814521	-1.225506044	1.225506044	-1.242466662	1.242466662	-1.245858507	1.245858507	-1.272534286	1.272534286	-1.274518222	1.274518222	-1.279678678	1.279678678	-1.298188687	1.298188687	-1.316788338	1.316788338	1.321178177	-1.321178177	-1.328252645	1.328252645	-1.337576009	1.337576009	1.361269629	-1.361269629	-1.366685699	1.366685699	-1.372823451	1.372823451	1.393462163	-1.393462163	1.396645729	-1.396645729	1.412795165	-1.412795165	1.429128943	-1.429128943	-1.462382506	1.462382506	-1.46775531	1.46775531	-1.488887932	1.488887932	-1.496123197	1.496123197	-1.540802609	1.540802609	-1.548095264	1.548095264	-1.548126343	1.548126343	-1.555995549	1.555995549	-1.570243371	1.570243371	1.57053637	-1.57053637	-1.576318965	1.576318965	-1.590854152	1.590854152	-1.592064459	1.592064459	1.60097505	-1.60097505	-1.623633718	1.623633718	1.672935022	-1.672935022	1.698730024	-1.698730024	-1.708808809	1.708808809	1.726858978	-1.726858978	1.729083566	-1.729083566	-1.742522688	1.742522688	1.783273059	-1.783273059	-1.798772124	1.798772124	1.804700453	-1.804700453	1.817780018	-1.817780018	-1.851934757	1.851934757	-1.886046859	1.886046859	1.889795682	-1.889795682	-1.913595253	1.913595253	-1.914947681	1.914947681	1.934399913	-1.934399913	-1.937762169	1.937762169	
0.31	0.07534146073	-0.07534146073	0.3017218019	-0.3017218019	-0.3511263239	0.3511263239	0.4184228416	-0.4184228416	-0.4276896167	0.4276896167	-0.4307992144	0.4307992144	0.4337587056	-0.4337587056	-0.4865182503	0.4865182503	0.4972270989	-0.4972270989	0.6456863226	-0.6456863226	0.6590092116	-0.6590092116	-0.6632688567	0.6632688567	-0.6996230859	0.6996230859	0.711306388	-0.711306388	0.7227242397	-0.7227242397	0.7429341565	-0.7429341565	0.811025392	-0.811025392	-0.8196933719	0.8196933719	-0.8340334828	0.8340334828	-0.8454818777	0.8454818777	0.8575896942	-0.8575896942	-0.8822378731	0.8822378731	-0.8879073805	0.8879073805	0.9028317112	-0.9028317112	-0.9362550205	0.9362550205	-0.9464745922	0.9464745922	0.9566759007	-0.9566759007	0.9737052168	-0.9737052168	-1.034363591	1.034363591	-1.052487359	1.052487359	-1.054662293	1.054662293	-1.079617917	1.079617917	1.085637083	-1.085637083	1.086998563	-1.086998563	-1.096083423	1.096083423	-1.131804565	1.131804565	1.188451987	-1.188451987	-1.198932544	1.198932544	1.200209241	-1.200209241	1.204873195	-1.204873195	-1.229376908	1.229376908	1.245468721	-1.245468721	1.246445916	-1.246445916	-1.272579364	1.272579364	-1.278929542	1.278929542	-1.27967145	1.27967145	1.299405346	-1.299405346	1.317412576	-1.317412576	1.321197146	-1.321197146	1.328088426	-1.328088426	-1.337607307	1.337607307	-1.361657553	1.361657553	-1.366930151	1.366930151	1.373235856	-1.373235856	-1.393660746	1.393660746	1.396652562	-1.396652562	1.413228103	-1.413228103	-1.429360922	1.429360922	-1.462101741	1.462101741	-1.467770353	1.467770353	-1.488706028	1.488706028	-1.495899164	1.495899164	-1.540813505	1.540813505	-1.548113646	1.548113646	1.548126428	-1.548126428	-1.556026886	1.556026886	1.569966751	-1.569966751	1.570485257	-1.570485257	1.576966371	-1.576966371	1.591567465	-1.591567465	-1.592984514	1.592984514	1.601676941	-1.601676941	-1.624374764	1.624374764	1.672770008	-1.672770008	1.698745584	-1.698745584	1.708802546	-1.708802546	-1.726847443	1.726847443	-1.729085243	1.729085243	-1.742437923	1.742437923	1.784324823	-1.784324823	-1.798475525	1.798475525	-1.804410022	1.804410022	-1.817923362	1.817923362	-1.85198376	1.85198376	-1.887074319	1.887074319	-1.889799045	1.889799045	-1.913533046	1.913533046	-1.914755454	1.914755454	1.934405926	-1.934405926	1.938068724	-1.938068724	
0.32	0.07188238903	-0.07188238903	0.3050841516	-0.3050841516	0.3441991154	-0.3441991154	0.4149671055	-0.4149671055	0.4197326781	-0.4197326781	0.4227383681	-0.4227383681	0.4257554625	-0.4257554625	-0.4788605122	0.4788605122	0.4892843703	-0.4892843703	0.6490541078	-0.6490541078	0.6513612183	-0.6513612183	-0.6563387884	0.6563387884	-0.6937520947	0.6937520947	-0.7035208855	0.7035208855	-0.7260653243	0.7260653243	0.7403398288	-0.7403398288	0.8030869493	-0.8030869493	0.8117776061	-0.8117776061	0.8388471731	-0.8388471731	-0.8459650396	0.8459650396	-0.8576326189	0.8576326189	-0.886821497	0.886821497	0.8924079529	-0.8924079529	0.9034051743	-0.9034051743	-0.9362421275	0.9362421275	-0.95114636	0.95114636	-0.9615095592	0.9615095592	-0.9743595871	0.9743595871	-1.039322372	1.039322372	-1.05466327	1.05466327	1.056121889	-1.056121889	1.080316033	-1.080316033	1.083180144	-1.083180144	-1.087258926	1.087258926	-1.096716455	1.096716455	-1.135962282	1.135962282	-1.188849396	1.188849396	1.1989335	-1.1989335	-1.200217492	1.200217492	1.204933715	-1.204933715	1.233162156	-1.233162156	-1.247027268	1.247027268	-1.248224885	1.248224885	-1.272636921	1.272636921	1.279652143	-1.279652143	-1.283279142	1.283279142	1.30079586	-1.30079586	1.31804967	-1.31804967	-1.321250485	1.321250485	1.327919144	-1.327919144	1.337637772	-1.337637772	-1.362012396	1.362012396	1.367212611	-1.367212611	1.373670255	-1.373670255	-1.393876591	1.393876591	-1.396659542	1.396659542	-1.413673971	1.413673971	-1.429600486	1.429600486	-1.461814864	1.461814864	-1.467786628	1.467786628	-1.488517108	1.488517108	-1.495671151	1.495671151	-1.540823111	1.540823111	-1.548126534	1.548126534	1.548131169	-1.548131169	-1.55605817	1.55605817	-1.569679697	1.569679697	1.570433364	-1.570433364	1.577632858	-1.577632858	-1.592301426	1.592301426	-1.593928461	1.593928461	-1.602402365	1.602402365	-1.625134817	1.625134817	1.672599808	-1.672599808	-1.698761365	1.698761365	-1.7087963	1.7087963	-1.726840291	1.726840291	1.729087209	-1.729087209	-1.742352008	1.742352008	1.785401663	-1.785401663	-1.798165999	1.798165999	1.804113278	-1.804113278	1.818076303	-1.818076303	-1.852031827	1.852031827	-1.88812734	1.88812734	1.889803297	-1.889803297	-1.913469918	1.913469918	1.914558731	-1.914558731	-1.934406914	1.934406914	-1.938378045	1.938378045	
0.33	0.06841480734	-0.06841480734	0.3084519834	-0.3084519834	-0.3372560947	0.3372560947	0.4115029521	-0.4115029521	0.411719189	-0.411719189	0.4146291929	-0.4146291929	-0.4177059995	0.4177059995	-0.4711759021	0.4711759021	0.4813012364	-0.4813012364	-0.643650119	0.643650119	-0.6494068347	0.6494068347	0.6524272743	-0.6524272743	-0.6869839022	0.6869839022	0.6956758704	-0.6956758704	-0.7302347805	0.7302347805	-0.7377255179	0.7377255179	0.7950692393	-0.7950692393	0.8037947162	-0.8037947162	0.8434045432	-0.8434045432	-0.8466219577	0.8466219577	-0.8577078692	0.8577078692	0.8913600782	-0.8913600782	0.8968655982	-0.8968655982	-0.903972439	0.903972439	0.93622901	-0.93622901	0.9557671711	-0.9557671711	0.9662914197	-0.9662914197	-0.9750278378	0.9750278378	1.044222032	-1.044222032	-1.054666089	1.054666089	1.059383075	-1.059383075	1.079931017	-1.079931017	1.082009997	-1.082009997	1.087532487	-1.087532487	-1.097443456	1.097443456	-1.140050129	1.140050129	1.189226467	-1.189226467	-1.198934825	1.198934825	1.200225861	-1.200225861	-1.204996085	1.204996085	1.236858688	-1.236858688	1.247601582	-1.247601582	1.250723773	-1.250723773	-1.272707605	1.272707605	-1.279640342	1.279640342	1.287535971	-1.287535971	1.302369168	-1.302369168	-1.318698072	1.318698072	-1.321348692	1.321348692	-1.327744863	1.327744863	-1.337667595	1.337667595	-1.362331245	1.362331245	-1.367534628	1.367534628	1.374127464	-1.374127464	1.39411062	-1.39411062	-1.396666671	1.396666671	1.414132876	-1.414132876	1.429847587	-1.429847587	1.461522201	-1.461522201	-1.467804267	1.467804267	-1.488320794	1.488320794	-1.49543946	1.49543946	1.540831506	-1.540831506	1.548126656	-1.548126656	-1.548147788	1.548147788	-1.556089724	1.556089724	1.5693847	-1.5693847	1.570380758	-1.570380758	1.578316387	-1.578316387	-1.593055407	1.593055407	-1.594895452	1.594895452	-1.603150247	1.603150247	-1.625913262	1.625913262	1.672424481	-1.672424481	-1.698777349	1.698777349	-1.708790079	1.708790079	1.726837493	-1.726837493	1.729089475	-1.729089475	-1.742265069	1.742265069	-1.786502286	1.786502286	-1.797844553	1.797844553	-1.803810519	1.803810519	-1.818238567	1.818238567	1.852078988	-1.852078988	-1.889201081	1.889201081	1.889812614	-1.889812614	1.913405955	-1.913405955	1.914357608	-1.914357608	1.934403895	-1.934403895	-1.93868797	1.93868797	
0.34	0.06493936874	-0.06493936874	0.3118246352	-0.3118246352	-0.3302975974	0.3302975974	-0.4036516526	0.4036516526	0.4064736547	-0.4064736547	-0.4080310329	0.4080310329	-0.4096121186	0.4096121186	-0.4634650339	0.4634650339	0.4732791895	-0.4732791895	0.635884421	-0.635884421	-0.642468005	0.642468005	0.6558051643	-0.6558051643	-0.6798352637	0.6798352637	-0.6877804768	0.6877804768	0.734708822	-0.734708822	0.7350919	-0.7350919	-0.7869900022	0.7869900022	-0.7957512985	0.7957512985	0.8460664643	-0.8460664643	-0.8490286945	0.8490286945	-0.8578640365	0.8578640365	0.8958479138	-0.8958479138	0.9012748488	-0.9012748488	0.9045336939	-0.9045336939	-0.936215755	0.936215755	0.9603348266	-0.9603348266	-0.9710193401	0.9710193401	0.9757091405	-0.9757091405	1.049054937	-1.049054937	-1.054675473	1.054675473	-1.062207122	1.062207122	1.07756304	-1.07756304	-1.083057623	1.083057623	1.087821105	-1.087821105	-1.098297166	1.098297166	-1.144066818	1.144066818	-1.189584234	1.189584234	-1.198936562	1.198936562	1.200234357	-1.200234357	1.205060308	-1.205060308	1.240463285	-1.240463285	1.248168174	-1.248168174	-1.252959318	1.252959318	1.272791735	-1.272791735	-1.279628	1.279628	-1.291692377	1.291692377	1.304129351	-1.304129351	-1.319356046	1.319356046	-1.321506928	1.321506928	-1.327565652	1.327565652	-1.33769701	1.33769701	1.362613061	-1.362613061	-1.367895833	1.367895833	1.374608301	-1.374608301	1.394363785	-1.394363785	-1.396673949	1.396673949	1.414604913	-1.414604913	1.430102164	-1.430102164	-1.46122409	1.46122409	1.467823399	-1.467823399	-1.488116731	1.488116731	-1.495204382	1.495204382	-1.540838764	1.540838764	1.548126791	-1.548126791	1.548163464	-1.548163464	1.556121843	-1.556121843	-1.569083544	1.569083544	1.570327503	-1.570327503	-1.579015554	1.579015554	1.593828766	-1.593828766	-1.595884619	1.595884619	1.603919551	-1.603919551	1.62670946	-1.62670946	1.672244088	-1.672244088	-1.698793516	1.698793516	-1.708783887	1.708783887	1.726839018	-1.726839018	1.729092049	-1.729092049	-1.742177231	1.742177231	1.787624834	-1.787624834	1.797512786	-1.797512786	-1.803502052	1.803502052	-1.81840984	1.81840984	-1.852125285	1.852125285	1.889794443	-1.889794443	1.890327394	-1.890327394	-1.913341244	1.913341244	1.914152185	-1.914152185	-1.934397646	1.934397646	1.938996548	-1.938996548	
0.35	0.0614566588	-0.0614566588	0.315201512	-0.315201512	-0.3233239539	0.3233239539	0.3955323946	-0.3955323946	-0.3982736142	0.3982736142	-0.4014755152	0.4014755152	0.4045519069	-0.4045519069	-0.4557285095	0.4557285095	-0.4652196327	0.4652196327	-0.6280700139	0.6280700139	-0.6355194286	0.6355194286	0.6591871639	-0.6591871639	-0.6724908728	0.6724908728	0.6798386458	-0.6798386458	0.7324396113	-0.7324396113	-0.7393006689	0.7393006689	-0.778856864	0.778856864	-0.7876520018	0.7876520018	0.8467209342	-0.8467209342	-0.8530816716	0.8530816716	-0.8583115843	0.8583115843	0.9002812522	-0.9002812522	-0.9050587151	0.9050587151	0.9056618331	-0.9056618331	-0.9362024119	0.9362024119	-0.9648474244	0.9648474244	-0.9756913737	0.9756913737	-0.9764026241	0.9764026241	1.053721313	-1.053721313	1.054787371	-1.054787371	-1.064552978	1.064552978	1.074970358	-1.074970358	-1.084560162	1.084560162	-1.088127551	1.088127551	-1.099323348	1.099323348	1.148011162	-1.148011162	-1.1899237	1.1899237	-1.198938754	1.198938754	-1.200242986	1.200242986	1.205126383	-1.205126383	-1.243972033	1.243972033	1.248727221	-1.248727221	1.254931778	-1.254931778	1.272889162	-1.272889162	-1.279615484	1.279615484	1.295725267	-1.295725267	-1.306074724	1.306074724	-1.320022237	1.320022237	1.32174723	-1.32174723	-1.327381584	1.327381584	-1.337726314	1.337726314	-1.362858742	1.362858742	1.368293886	-1.368293886	1.375113583	-1.375113583	1.394637062	-1.394637062	-1.396681378	1.396681378	1.415090164	-1.415090164	1.43036415	-1.43036415	-1.460920878	1.460920878	-1.467844151	1.467844151	-1.487904589	1.487904589	1.494966207	-1.494966207	1.540844956	-1.540844956	1.548126933	-1.548126933	-1.548178163	1.548178163	-1.556154792	1.556154792	-1.568777573	1.568777573	-1.570273666	1.570273666	-1.57972933	1.57972933	1.594620847	-1.594620847	-1.596895067	1.596895067	1.60470927	-1.60470927	1.627522751	-1.627522751	1.672058698	-1.672058698	-1.698809847	1.698809847	-1.708777731	1.708777731	-1.726844836	1.726844836	-1.72909494	1.72909494	-1.742088615	1.742088615	1.788766358	-1.788766358	-1.797173398	1.797173398	1.803188186	-1.803188186	-1.818589768	1.818589768	-1.852170773	1.852170773	1.889805418	-1.889805418	-1.891448904	1.891448904	-1.913275881	1.913275881	1.913942565	-1.913942565	-1.934388764	1.934388764	1.939301979	-1.939301979	
0.36	0.05796720416	-0.05796720416	-0.3163354895	0.3163354895	0.3185820776	-0.3185820776	-0.3873635838	0.3873635838	0.3900307877	-0.3900307877	0.39329779	-0.39329779	0.4010661054	-0.4010661054	0.4479669205	-0.4479669205	0.4571238906	-0.4571238906	-0.6202111688	0.6202111688	-0.6285594746	0.6285594746	-0.6625722058	0.6625722058	-0.6650284571	0.6650284571	0.6718530815	-0.6718530815	0.7297692511	-0.7297692511	-0.7439319607	0.7439319607	-0.7706743794	0.7706743794	-0.779500505	0.779500505	-0.8471306803	0.8471306803	-0.855950715	0.855950715	-0.8601154894	0.8601154894	0.9046573824	-0.9046573824	-0.9056193859	0.9056193859	0.9099513515	-0.9099513515	-0.9361890179	0.9361890179	0.9693032562	-0.9693032562	-0.9771074021	0.9771074021	-0.9803057269	0.9803057269	-1.054618901	1.054618901	-1.05859867	1.05859867	-1.066417169	1.066417169	1.072341937	-1.072341937	-1.086272415	1.086272415	1.088456139	-1.088456139	-1.100581833	1.100581833	1.151882063	-1.151882063	-1.190245835	1.190245835	-1.198941456	1.198941456	1.200251755	-1.200251755	-1.205194307	1.205194307	-1.247374815	1.247374815	-1.249285269	1.249285269	1.256648057	-1.256648057	-1.272999155	1.272999155	-1.279602874	1.279602874	1.299600132	-1.299600132	1.30819758	-1.30819758	-1.320697933	1.320697933	-1.322100916	1.322100916	1.327192742	-1.327192742	1.337755894	-1.337755894	-1.363070791	1.363070791	-1.36872482	1.36872482	-1.37564411	1.37564411	1.394931437	-1.394931437	1.39668896	-1.39668896	1.415588696	-1.415588696	1.430633465	-1.430633465	1.460612916	-1.460612916	-1.467866647	1.467866647	-1.487684064	1.487684064	-1.494725214	1.494725214	-1.540850149	1.540850149	-1.548127078	1.548127078	-1.548191857	1.548191857	-1.556188808	1.556188808	1.56846784	-1.56846784	-1.570219312	1.570219312	1.580456903	-1.580456903	1.595430982	-1.595430982	-1.59792588	1.59792588	1.605518427	-1.605518427	-1.628352448	1.628352448	-1.671868385	1.671868385	-1.698826323	1.698826323	1.708771615	-1.708771615	-1.726854915	1.726854915	-1.729098158	1.729098158	-1.741999342	1.741999342	-1.789921627	1.789921627	-1.796831384	1.796831384	1.802869238	-1.802869238	-1.818777964	1.818777964	-1.852215527	1.852215527	1.889810213	-1.889810213	-1.892600152	1.892600152	-1.913209968	1.913209968	-1.913728856	1.913728856	1.934377714	-1.934377714	1.939602572	-1.939602572	
0.37	0.05447147993	-0.05447147993	-0.309332525	0.309332525	0.3219658467	-0.3219658467	-0.3791472507	0.3791472507	-0.3817468061	0.3817468061	-0.3850804604	0.3850804604	0.3975740939	-0.3975740939	-0.4401808487	0.4401808487	0.4489932193	-0.4489932193	-0.6123111316	0.6123111316	-0.6215872432	0.6215872432	0.6574829336	-0.6574829336	0.6638260298	-0.6638260298	0.6659620662	-0.6659620662	0.7270813856	-0.7270813856	-0.7485642852	0.7485642852	0.7624457951	-0.7624457951	-0.7713002099	0.7713002099	-0.8474818852	0.8474818852	-0.8567960391	0.8567960391	-0.8639279199	0.8639279199	0.9061528225	-0.9061528225	0.9089742113	-0.9089742113	0.9142035418	-0.9142035418	-0.936175605	0.936175605	-0.9737006397	0.9737006397	-0.9778226995	0.9778226995	-0.9848607241	0.9848607241	-1.054635052	1.054635052	1.063213906	-1.063213906	-1.06777095	1.06777095	1.069779375	-1.069779375	-1.088054081	1.088054081	-1.088813921	1.088813921	-1.102140219	1.102140219	1.1556785	-1.1556785	1.190551571	-1.190551571	-1.198944727	1.198944727	-1.200260666	1.200260666	-1.205264076	1.205264076	-1.249760609	1.249760609	1.25074992	-1.25074992	-1.25812124	1.25812124	-1.273120326	1.273120326	-1.279590204	1.279590204	-1.303263329	1.303263329	1.31048467	-1.31048467	-1.321392135	1.321392135	-1.322610972	1.322610972	-1.326999216	1.326999216	-1.337786272	1.337786272	1.363252752	-1.363252752	-1.369183624	1.369183624	1.376200666	-1.376200666	1.395247899	-1.395247899	1.396696695	-1.396696695	1.416100557	-1.416100557	1.430910015	-1.430910015	-1.46030057	1.46030057	-1.46789101	1.46789101	-1.48745488	1.48745488	-1.494481676	1.494481676	-1.540854403	1.540854403	1.548127221	-1.548127221	1.548204521	-1.548204521	-1.5562241	1.5562241	-1.568155203	1.568155203	-1.570164505	1.570164505	-1.581197597	1.581197597	-1.59625849	1.59625849	-1.598976117	1.598976117	1.606346069	-1.606346069	-1.629197846	1.629197846	1.671673229	-1.671673229	1.698842924	-1.698842924	1.708765547	-1.708765547	1.726869222	-1.726869222	-1.729101708	1.729101708	-1.741909529	1.741909529	-1.791079889	1.791079889	-1.79649726	1.79649726	-1.802545531	1.802545531	-1.818974016	1.818974016	-1.852259635	1.852259635	1.889814243	-1.889814243	-1.893774898	1.893774898	-1.913143616	1.913143616	-1.913511167	1.913511167	-1.934364861	1.934364861	-1.939896712	1.939896712	
0.38	0.05096991593	-0.05096991593	-0.3023153766	0.3023153766	0.3253523788	-0.3253523788	-0.3708853033	0.3708853033	0.373423211	-0.373423211	-0.3768249693	0.3768249693	0.3940762961	-0.3940762961	-0.4323708674	0.4323708674	0.4408288143	-0.4408288143	0.6043724764	-0.6043724764	0.6146022741	-0.6146022741	-0.6498770437	0.6498770437	-0.6557595754	0.6557595754	0.6693534762	-0.6693534762	-0.72437655	0.72437655	-0.7531738233	0.7531738233	-0.7541736736	0.7541736736	0.7630567921	-0.7630567921	0.8478026333	-0.8478026333	-0.8570362445	0.8570362445	-0.8683012352	0.8683012352	-0.9066752883	0.9066752883	0.9132300465	-0.9132300465	-0.9183998529	0.9183998529	-0.936162203	0.936162203	0.9780327411	-0.9780327411	-0.9785530055	0.9785530055	-0.9893547769	0.9893547769	-1.054639089	1.054639089	1.066774263	-1.066774263	-1.067750432	1.067750432	-1.069206288	1.069206288	-1.089213146	1.089213146	-1.08976551	1.08976551	-1.104054776	1.104054776	1.15939952	-1.15939952	1.190841804	-1.190841804	-1.198948643	1.198948643	1.200269724	-1.200269724	1.205335686	-1.205335686	1.250314047	-1.250314047	1.253933275	-1.253933275	-1.259369421	1.259369421	-1.273250651	1.273250651	1.279577497	-1.279577497	-1.306632359	1.306632359	-1.312918256	1.312918256	-1.322120946	1.322120946	1.323342347	-1.323342347	-1.32680111	1.32680111	-1.337818176	1.337818176	1.363408612	-1.363408612	-1.369664866	1.369664866	1.376783997	-1.376783997	-1.395587416	1.395587416	1.396704584	-1.396704584	-1.416625776	1.416625776	1.431193697	-1.431193697	-1.459984208	1.459984208	-1.467917359	1.467917359	-1.487216785	1.487216785	-1.49423586	1.49423586	-1.54085778	1.54085778	1.54812736	-1.54812736	-1.548216139	1.548216139	-1.556260851	1.556260851	-1.567840376	1.567840376	1.570109309	-1.570109309	-1.581950808	1.581950808	-1.597102674	1.597102674	-1.600044816	1.600044816	1.607191268	-1.607191268	1.630058216	-1.630058216	1.671473315	-1.671473315	-1.698859631	1.698859631	1.708759531	-1.708759531	1.726887727	-1.726887727	-1.729105601	1.729105601	-1.741819291	1.741819291	1.792214578	-1.792214578	-1.796197345	1.796197345	-1.802217391	1.802217391	1.819177489	-1.819177489	-1.852303207	1.852303207	1.889818081	-1.889818081	-1.894971689	1.894971689	1.913076951	-1.913076951	-1.913289614	1.913289614	-1.934350496	1.934350496	-1.940182845	1.940182845	
0.39	0.04746290213	-0.04746290213	-0.2952843566	0.2952843566	0.3287412729	-0.3287412729	0.3625795408	-0.3625795408	0.3650614671	-0.3650614671	-0.3685326946	0.3685326946	0.3905730963	-0.3905730963	-0.4245375422	0.4245375422	-0.432631818	0.432631818	0.5963973218	-0.5963973218	-0.6076043764	0.6076043764	-0.6422211091	0.6422211091	-0.6476556908	0.6476556908	0.6727473026	-0.6727473026	0.7216552517	-0.7216552517	-0.7458601676	0.7458601676	-0.7547211534	0.7547211534	-0.7577995509	0.7577995509	0.8481014932	-0.8481014932	0.8571392455	-0.8571392455	-0.8727582229	0.8727582229	-0.9071871153	0.9071871153	0.9174234749	-0.9174234749	-0.9225380666	0.9225380666	0.9361488415	-0.9361488415	-0.9792771612	0.9792771612	-0.9823184697	0.9823184697	-0.9937863566	0.9937863566	1.054640461	-1.054640461	1.064137436	-1.064137436	-1.069994788	1.069994788	1.072174802	-1.072174802	1.089676729	-1.089676729	-1.091305957	1.091305957	1.106344031	-1.106344031	-1.163044225	1.163044225	1.19111739	-1.19111739	-1.198953293	1.198953293	1.200278932	-1.200278932	1.205409128	-1.205409128	1.250830693	-1.250830693	-1.257036655	1.257036655	1.260414095	-1.260414095	-1.273387592	1.273387592	-1.279564773	1.279564773	-1.309591886	1.309591886	1.315477447	-1.315477447	1.322882318	-1.322882318	1.324411171	-1.324411171	1.32659855	-1.32659855	1.337852676	-1.337852676	1.363542338	-1.363542338	-1.370163177	1.370163177	1.37739481	-1.37739481	1.395950925	-1.395950925	1.396712627	-1.396712627	-1.41716436	1.41716436	-1.431484392	1.431484392	1.459664211	-1.459664211	-1.467945811	1.467945811	1.48696956	-1.48696956	-1.493988024	1.493988024	-1.540860333	1.540860333	1.54812749	-1.54812749	1.548226697	-1.548226697	1.556299215	-1.556299215	-1.567523965	1.567523965	1.570053788	-1.570053788	-1.582715978	1.582715978	-1.597962823	1.597962823	-1.601130991	1.601130991	1.60805311	-1.60805311	-1.630932806	1.630932806	-1.671268738	1.671268738	1.698876424	-1.698876424	1.708753573	-1.708753573	-1.7269104	1.7269104	1.729109842	-1.729109842	-1.741728741	1.741728741	1.793244828	-1.793244828	-1.796012254	1.796012254	-1.80188515	1.80188515	-1.819387934	1.819387934	1.852346375	-1.852346375	1.889821879	-1.889821879	1.896189441	-1.896189441	1.913010115	-1.913010115	1.913064313	-1.913064313	1.934334854	-1.934334854	-1.940459457	1.940459457	
0.4	0.04395079332	-0.04395079332	-0.288239773	0.288239773	0.3321321624	-0.3321321624	0.3542316667	-0.3542316667	-0.3566629727	0.3566629727	-0.3602049561	0.3602049561	0.3870648444	-0.3870648444	0.4166814316	-0.4166814316	0.4244033264	-0.4244033264	-0.5883874663	0.5883874663	0.6005935283	-0.6005935283	-0.6345222662	0.6345222662	-0.6395163945	0.6395163945	0.6761431066	-0.6761431066	0.718917972	-0.718917972	0.7375071592	-0.7375071592	-0.7464099967	0.7464099967	-0.7623188019	0.7623188019	0.8483822897	-0.8483822897	0.8571949963	-0.8571949963	-0.8772044444	0.8772044444	-0.9076883493	0.9076883493	0.9215532904	-0.9215532904	-0.9266166377	0.9266166377	-0.9361355537	0.9361355537	-0.9800173763	0.9800173763	-0.9865334501	0.9865334501	-0.9981539669	0.9981539669	1.054640822	-1.054640822	1.061421251	-1.061421251	1.070653425	-1.070653425	-1.076437475	1.076437475	1.090251462	-1.090251462	-1.092637869	1.092637869	1.108976485	-1.108976485	1.166611759	-1.166611759	1.191379142	-1.191379142	1.198958792	-1.198958792	1.200288294	-1.200288294	1.205484394	-1.205484394	1.251332534	-1.251332534	1.260035112	-1.260035112	1.261278431	-1.261278431	-1.273528313	1.273528313	1.27955205	-1.27955205	1.312019694	-1.312019694	1.318139424	-1.318139424	1.323647581	-1.323647581	-1.325967262	1.325967262	-1.326391711	1.326391711	-1.337891418	1.337891418	1.363657586	-1.363657586	-1.370673576	1.370673576	1.378033755	-1.378033755	1.396339312	-1.396339312	1.396720827	-1.396720827	1.417716287	-1.417716287	1.431781968	-1.431781968	-1.459340966	1.459340966	-1.467976483	1.467976483	1.486713012	-1.486713012	-1.493738419	1.493738419	1.540862114	-1.540862114	1.548127606	-1.548127606	-1.548236189	1.548236189	1.556339321	-1.556339321	-1.567206498	1.567206498	1.569998005	-1.569998005	-1.583492567	1.583492567	-1.598838208	1.598838208	1.60223363	-1.60223363	1.608930701	-1.608930701	1.631820842	-1.631820842	1.671059596	-1.671059596	-1.698893283	1.698893283	1.708747681	-1.708747681	-1.726937209	1.726937209	-1.729114438	1.729114438	1.741637988	-1.741637988	-1.793926946	1.793926946	1.796185403	-1.796185403	1.801549144	-1.801549144	1.819604888	-1.819604888	1.852389296	-1.852389296	1.889825692	-1.889825692	1.897427099	-1.897427099	1.912835387	-1.912835387	1.912943284	-1.912943284	1.934318123	-1.934318123	1.94072507	-1.94072507	
0.41	0.04043391316	-0.04043391316	-0.2811819305	0.2811819305	0.3355247112	-0.3355247112	0.3458432988	-0.3458432988	0.3482290682	-0.3482290682	0.3518430231	-0.3518430231	-0.3835518596	0.3835518596	-0.4088030879	0.4088030879	0.4161443945	-0.4161443945	-0.5803444765	0.5803444765	-0.5935698157	0.5935698157	0.626784906	-0.626784906	-0.63134382	0.63134382	0.6795405467	-0.6795405467	0.716165168	-0.716165168	-0.72911634	0.72911634	-0.73803464	0.73803464	-0.7668166019	0.7668166019	-0.8486472164	0.8486472164	0.8572294141	-0.8572294141	0.881611058	-0.881611058	-0.9081792156	0.9081792156	-0.9256184477	0.9256184477	-0.9306342519	0.9306342519	-0.9361223911	0.9361223911	0.9807632919	-0.9807632919	-0.990685951	0.990685951	1.002456116	-1.002456116	-1.054640693	1.054640693	1.058677925	-1.058677925	-1.071183107	1.071183107	1.080432572	-1.080432572	-1.091041594	1.091041594	-1.093775358	1.093775358	-1.111885249	1.111885249	-1.170101287	1.170101287	-1.191627837	1.191627837	-1.198965289	1.198965289	-1.200297814	1.200297814	1.205561476	-1.205561476	-1.251821067	1.251821067	-1.261985709	1.261985709	1.262924344	-1.262924344	1.273669954	-1.273669954	-1.279539344	1.279539344	-1.313859292	1.313859292	1.320880107	-1.320880107	1.324402838	-1.324402838	1.326180949	-1.326180949	1.328080105	-1.328080105	-1.337937102	1.337937102	1.363757571	-1.363757571	1.371191631	-1.371191631	1.378701414	-1.378701414	1.396729184	-1.396729184	1.396753386	-1.396753386	1.418281509	-1.418281509	-1.432086277	1.432086277	1.45901487	-1.45901487	-1.468009489	1.468009489	-1.48644698	1.48644698	-1.493487288	1.493487288	-1.540863171	1.540863171	1.548127705	-1.548127705	-1.548244611	1.548244611	1.556381272	-1.556381272	-1.56688844	1.56688844	-1.569942021	1.569942021	-1.584280039	1.584280039	1.599728084	-1.599728084	-1.603351703	1.603351703	1.609823157	-1.609823157	1.632721531	-1.632721531	1.670845997	-1.670845997	1.698910189	-1.698910189	-1.708741858	1.708741858	1.726968128	-1.726968128	-1.729119395	1.729119395	-1.741547139	1.741547139	-1.794027183	1.794027183	1.796950243	-1.796950243	-1.801209713	1.801209713	-1.81982788	1.81982788	-1.852432152	1.852432152	1.889829544	-1.889829544	1.898683561	-1.898683561	-1.912602957	1.912602957	-1.912876671	1.912876671	1.93430046	-1.93430046	-1.940978239	1.940978239	
0.42	0.03691255767	-0.03691255767	-0.2741111298	0.2741111298	0.3374159752	-0.3374159752	0.3389186137	-0.3389186137	-0.3397610435	0.3397610435	0.3434481218	-0.3434481218	0.3800344338	-0.3800344338	0.4009030581	-0.4009030581	0.407856042	-0.407856042	0.5722697464	-0.5722697464	-0.586533394	0.586533394	0.6190116	-0.6190116	0.6231403521	-0.6231403521	0.6829393166	-0.6829393166	0.7133972735	-0.7133972735	-0.7206892617	0.7206892617	-0.7296181107	0.7296181107	-0.7712676162	0.7712676162	0.8488977682	-0.8488977682	-0.8572524895	0.8572524895	0.8859655845	-0.8859655845	-0.90866033	0.90866033	0.9296180316	-0.9296180316	-0.9345895054	0.9345895054	-0.9361096581	0.9361096581	0.9815141892	-0.9815141892	-0.9947746709	0.9947746709	1.006691287	-1.006691287	-1.054640291	1.054640291	1.055915272	-1.055915272	-1.071614986	1.071614986	1.083924229	-1.083924229	-1.092281647	1.092281647	1.094755892	-1.094755892	1.114994336	-1.114994336	1.173511974	-1.173511974	1.19186421	-1.19186421	-1.198972988	1.198972988	1.200307494	-1.200307494	-1.205640362	1.205640362	1.252296501	-1.252296501	1.262558106	-1.262558106	1.265701501	-1.265701501	1.2738099	-1.2738099	-1.279526674	1.279526674	-1.31517411	1.31517411	1.323672926	-1.323672926	-1.325151697	1.325151697	1.325967919	-1.325967919	1.330681926	-1.330681926	-1.337994514	1.337994514	1.36384505	-1.36384505	-1.371713522	1.371713522	1.379398292	-1.379398292	1.396737698	-1.396737698	1.39719386	-1.39719386	-1.418859941	1.418859941	1.432397156	-1.432397156	1.458686327	-1.458686327	1.468044942	-1.468044942	-1.486171332	1.486171332	-1.493234867	1.493234867	1.54086355	-1.54086355	1.548127785	-1.548127785	1.548251968	-1.548251968	-1.556425147	1.556425147	1.566570202	-1.566570202	1.569885898	-1.569885898	-1.58507785	1.58507785	-1.600631687	1.600631687	-1.604484153	1.604484153	-1.610729606	1.610729606	1.633634055	-1.633634055	1.670628056	-1.670628056	1.698927122	-1.698927122	-1.708736112	1.708736112	1.727003127	-1.727003127	1.72912472	-1.72912472	1.741456297	-1.741456297	1.793785007	-1.793785007	1.798066974	-1.798066974	1.800867201	-1.800867201	-1.820056436	1.820056436	1.852475158	-1.852475158	-1.889833447	1.889833447	1.89995763	-1.89995763	1.912367152	-1.912367152	-1.91281056	1.91281056	-1.93428199	1.93428199	-1.941217542	1.941217542	
0.43	0.0333869983	-0.0333869983	0.2670276688	-0.2670276688	-0.3289511826	0.3289511826	-0.3312601455	0.3312601455	0.3350214345	-0.3350214345	0.342313577	-0.342313577	0.3765128349	-0.3765128349	-0.3929818846	0.3929818846	0.3995392581	-0.3995392581	0.5641645378	-0.5641645378	-0.5794844642	0.5794844642	-0.6112034651	0.6112034651	-0.6149088287	0.6149088287	0.6863391363	-0.6863391363	0.710614675	-0.710614675	-0.7122273937	0.7122273937	0.7211631864	-0.7211631864	0.7756675831	-0.7756675831	0.8491350879	-0.8491350879	0.8572688504	-0.8572688504	-0.8902606392	0.8902606392	-0.9091330403	0.9091330403	0.9335512352	-0.9335512352	-0.9360958629	0.9360958629	-0.9384829192	0.9384829192	-0.9822690617	0.9822690617	-0.9987986619	0.9987986619	-1.0108579	1.0108579	1.053135917	-1.053135917	-1.054639725	1.054639725	-1.071974657	1.071974657	1.086534477	-1.086534477	1.094348345	-1.094348345	1.095618969	-1.095618969	-1.118236589	1.118236589	-1.176842939	1.176842939	1.192088958	-1.192088958	-1.198982178	1.198982178	-1.200317338	1.200317338	-1.205721042	1.205721042	1.252758829	-1.252758829	-1.263015889	1.263015889	1.268364136	-1.268364136	-1.273945992	1.273945992	1.279514059	-1.279514059	-1.316102974	1.316102974	-1.325729604	1.325729604	1.325898578	-1.325898578	1.326512889	-1.326512889	1.333628878	-1.333628878	-1.338073005	1.338073005	-1.363922353	1.363922353	-1.37223605	1.37223605	1.3801248	-1.3801248	-1.396746372	1.396746372	1.39766133	-1.39766133	1.419451468	-1.419451468	1.432714425	-1.432714425	-1.45835575	1.45835575	1.468082952	-1.468082952	-1.485885969	1.485885969	1.492981384	-1.492981384	-1.54086329	1.54086329	-1.54812784	1.54812784	-1.548258265	1.548258265	1.556471001	-1.556471001	1.566252157	-1.566252157	-1.569829696	1.569829696	1.585885441	-1.585885441	1.601548235	-1.601548235	-1.605629904	1.605629904	1.611649185	-1.611649185	-1.634557579	1.634557579	-1.670405896	1.670405896	1.698944063	-1.698944063	1.708730448	-1.708730448	1.727042181	-1.727042181	1.729130416	-1.729130416	1.741365562	-1.741365562	-1.793417959	1.793417959	1.799317691	-1.799317691	1.800521953	-1.800521953	1.820290079	-1.820290079	-1.852518566	1.852518566	1.889837404	-1.889837404	1.901247972	-1.901247972	-1.912128101	1.912128101	-1.912745342	1.912745342	-1.934262817	1.934262817	1.941441591	-1.941441591	
0.44	0.02985748462	-0.02985748462	-0.2599318418	0.2599318418	0.320450327	-0.320450327	-0.3227275839	0.3227275839	0.3265641222	-0.3265641222	0.3457093388	-0.3457093388	0.3729873089	-0.3729873089	0.3850401065	-0.3850401065	0.3911950055	-0.3911950055	0.5560300096	-0.5560300096	-0.5724232574	0.5724232574	-0.603360168	0.603360168	0.6066528692	-0.6066528692	0.6897397479	-0.6897397479	0.7037319619	-0.7037319619	0.7078178982	-0.7078178982	0.7126716449	-0.7126716449	-0.7800137615	0.7800137615	-0.849360116	0.849360116	0.8572809248	-0.8572809248	-0.8944897965	0.8944897965	0.9096002318	-0.9096002318	-0.9360832966	0.9360832966	0.9374173443	-0.9374173443	-0.9423113431	0.9423113431	-0.9830268621	0.9830268621	1.002757081	-1.002757081	1.014954272	-1.014954272	1.050341174	-1.050341174	1.054639054	-1.054639054	1.072281399	-1.072281399	1.088155048	-1.088155048	-1.096397265	1.096397265	-1.097348743	1.097348743	-1.121559462	1.121559462	-1.180093188	1.180093188	1.19230274	-1.19230274	1.198993302	-1.198993302	1.200327349	-1.200327349	-1.205803504	1.205803504	-1.253208016	1.253208016	1.263376993	-1.263376993	1.270910027	-1.270910027	-1.274076653	1.274076653	-1.279501528	1.279501528	-1.316780548	1.316780548	-1.325516989	1.325516989	-1.326645394	1.326645394	1.329311293	-1.329311293	1.336783901	-1.336783901	-1.338193363	1.338193363	1.36399146	-1.36399146	1.372756622	-1.372756622	1.380881247	-1.380881247	-1.396755206	1.396755206	1.398156251	-1.398156251	-1.420055929	1.420055929	1.433037889	-1.433037889	1.458023563	-1.458023563	1.468123631	-1.468123631	-1.485590824	1.485590824	-1.492727061	1.492727061	1.540862431	-1.540862431	-1.548127869	1.548127869	1.548263514	-1.548263514	-1.556518869	1.556518869	1.565934645	-1.565934645	1.569773474	-1.569773474	-1.586702231	1.586702231	1.602476927	-1.602476927	-1.606787854	1.606787854	1.612581037	-1.612581037	-1.635491245	1.635491245	1.670179646	-1.670179646	1.698960992	-1.698960992	1.708724872	-1.708724872	-1.727085264	1.727085264	1.729136488	-1.729136488	-1.741275033	1.741275033	-1.792997016	1.792997016	-1.80017432	1.80017432	1.800631007	-1.800631007	-1.820528332	1.820528332	-1.852562664	1.852562664	1.889841417	-1.889841417	1.902553028	-1.902553028	-1.911885935	1.911885935	-1.912681594	1.912681594	-1.934243029	1.934243029	-1.941649022	1.941649022	
0.45	0.02632424664	-0.02632424664	-0.2528239407	0.2528239407	0.3119147753	-0.3119147753	-0.3141645374	0.3141645374	-0.3180773087	0.3180773087	0.3491056489	-0.3491056489	0.3694580825	-0.3694580825	-0.377078263	0.377078263	0.3828242251	-0.3828242251	0.5478672389	-0.5478672389	-0.5653500248	0.5653500248	-0.5954795798	0.5954795798	0.5983774243	-0.5983774243	-0.6931409127	0.6931409127	0.6952044256	-0.6952044256	0.7041450109	-0.7041450109	0.7050071489	-0.7050071489	-0.7843040019	0.7843040019	-0.8495736631	0.8495736631	-0.8572901061	0.8572901061	-0.8986440284	0.8986440284	-0.9100686333	0.9100686333	-0.9360708067	0.9360708067	0.9412157255	-0.9412157255	0.946075171	-0.946075171	-0.9837865369	0.9837865369	-1.006649151	1.006649151	1.018978558	-1.018978558	1.047531889	-1.047531889	-1.054638316	1.054638316	-1.072549717	1.072549717	-1.089147531	1.089147531	-1.097115295	1.097115295	1.100920045	-1.100920045	1.12492402	-1.12492402	-1.183261467	1.183261467	1.192506179	-1.192506179	1.199007089	-1.199007089	1.200337531	-1.200337531	-1.20588774	1.20588774	-1.253644049	1.253644049	1.263656919	-1.263656919	-1.273337143	1.273337143	1.274200917	-1.274200917	-1.279489132	1.279489132	1.317303915	-1.317303915	-1.325290737	1.325290737	1.327392507	-1.327392507	1.332037456	-1.332037456	1.338410436	-1.338410436	-1.340049147	1.340049147	-1.364054074	1.364054074	1.373273239	-1.373273239	-1.381667833	1.381667833	1.396764203	-1.396764203	1.398678921	-1.398678921	1.420673122	-1.420673122	1.433367332	-1.433367332	-1.457690197	1.457690197	1.468167088	-1.468167088	-1.48528586	1.48528586	-1.492472111	1.492472111	1.540861008	-1.540861008	-1.548127868	1.548127868	-1.548267729	1.548267729	1.556568762	-1.556568762	-1.565617974	1.565617974	-1.56971729	1.56971729	-1.587527614	1.587527614	-1.603416939	1.603416939	1.607956883	-1.607956883	-1.613524308	1.613524308	-1.636434177	1.636434177	1.669949447	-1.669949447	-1.698977889	1.698977889	-1.70871939	1.70871939	1.727132353	-1.727132353	1.729142939	-1.729142939	-1.741184802	1.741184802	1.792545999	-1.792545999	1.799824653	-1.799824653	-1.801982637	1.801982637	-1.820770722	1.820770722	1.852607788	-1.852607788	-1.889845487	1.889845487	-1.90387087	1.90387087	1.911640789	-1.911640789	1.912620225	-1.912620225	-1.934222693	1.934222693	-1.941838505	1.941838505	
0.46	0.02278749692	-0.02278749692	-0.2457042544	0.2457042544	-0.3033458458	0.3033458458	-0.3055721592	0.3055721592	0.3095620993	-0.3095620993	0.3525022566	-0.3525022566	-0.3659253652	0.3659253652	-0.369096906	0.369096906	0.3744278394	-0.3744278394	0.5396772366	-0.5396772366	-0.558265031	0.558265031	-0.5875570023	0.5875570023	-0.5900896814	0.5900896814	0.6866459343	-0.6866459343	0.6955846849	-0.6955846849	0.6965424177	-0.6965424177	0.70218287	-0.70218287	-0.788536498	0.788536498	0.8497764486	-0.8497764486	-0.8572972491	0.8572972491	0.9027027282	-0.9027027282	-0.9105572404	0.9105572404	-0.9360585792	0.9360585792	0.9449458166	-0.9449458166	0.9497735539	-0.9497735539	-0.9845470382	0.9845470382	-1.010474151	1.010474151	-1.02292867	1.02292867	1.044708705	-1.044708705	-1.054637536	1.054637536	1.072790796	-1.072790796	1.089843247	-1.089843247	-1.097790771	1.097790771	-1.104729721	1.104729721	1.128301935	-1.128301935	-1.186345946	1.186345946	1.192699863	-1.192699863	-1.199024865	1.199024865	1.200347888	-1.200347888	1.205973745	-1.205973745	-1.254066947	1.254066947	1.263868836	-1.263868836	-1.274318396	1.274318396	1.275643611	-1.275643611	-1.279477008	1.279477008	1.31773572	-1.31773572	1.325060061	-1.325060061	-1.328139551	1.328139551	-1.334495557	1.334495557	-1.338897291	1.338897291	1.343361971	-1.343361971	1.364111711	-1.364111711	-1.37378449	1.37378449	1.382484639	-1.382484639	-1.396773367	1.396773367	1.399229459	-1.399229459	1.421302798	-1.421302798	-1.433702523	1.433702523	1.457356092	-1.457356092	-1.468213433	1.468213433	-1.484971075	1.484971075	-1.492216742	1.492216742	-1.54085905	1.54085905	1.548127836	-1.548127836	1.548270926	-1.548270926	-1.556620671	1.556620671	1.565302435	-1.565302435	1.569661201	-1.569661201	1.588360955	-1.588360955	-1.604367428	1.604367428	1.609135848	-1.609135848	1.614478152	-1.614478152	1.63738548	-1.63738548	1.669715447	-1.669715447	1.698994735	-1.698994735	1.708714008	-1.708714008	1.727183424	-1.727183424	1.729149772	-1.729149772	1.741094962	-1.741094962	-1.792074767	1.792074767	-1.799473305	1.799473305	1.803362209	-1.803362209	-1.82101678	1.82101678	1.852654325	-1.852654325	1.889849612	-1.889849612	1.90519887	-1.90519887	1.911392796	-1.911392796	-1.912562804	1.912562804	1.934201868	-1.934201868	-1.942008748	1.942008748	
0.47	0.01924743237	-0.01924743237	-0.2385730694	0.2385730694	-0.2947448168	0.2947448168	0.2969515818	-0.2969515818	-0.3010195821	0.3010195821	0.3558987371	-0.3558987371	-0.3610967736	0.3610967736	0.3623893504	-0.3623893504	0.366006757	-0.366006757	-0.5314609597	0.5314609597	-0.5511685496	0.5511685496	-0.579583929	0.579583929	0.5818003911	-0.5818003911	-0.67805768	0.67805768	-0.6869920241	0.6869920241	0.6993454014	-0.6993454014	0.6999440351	-0.6999440351	-0.792709672	0.792709672	-0.8499691224	0.8499691224	-0.8573029074	0.8573029074	-0.9065881598	0.9065881598	-0.9111425886	0.9111425886	-0.9360467116	0.9360467116	0.9486071197	-0.9486071197	0.9534058283	-0.9534058283	-0.98530733	0.98530733	1.014231408	-1.014231408	-1.026802152	1.026802152	1.041872204	-1.041872204	1.054636731	-1.054636731	-1.07301362	1.07301362	1.090400027	-1.090400027	-1.098436368	1.098436368	1.108618722	-1.108618722	1.131672586	-1.131672586	-1.189343353	1.189343353	1.192884346	-1.192884346	-1.199049401	1.199049401	-1.200358424	1.200358424	-1.206061522	1.206061522	1.254476772	-1.254476772	1.264023815	-1.264023815	-1.274429193	1.274429193	-1.277827196	1.277827196	1.279465945	-1.279465945	-1.318115501	1.318115501	1.324825661	-1.324825661	1.328885831	-1.328885831	-1.336213269	1.336213269	1.340113401	-1.340113401	1.346683142	-1.346683142	-1.364165793	1.364165793	-1.374289564	1.374289564	1.383331629	-1.383331629	-1.3967827	1.3967827	1.399807799	-1.399807799	1.421944654	-1.421944654	1.43404321	-1.43404321	-1.457021702	1.457021702	1.468262772	-1.468262772	-1.484646499	1.484646499	-1.491961154	1.491961154	-1.540856588	1.540856588	1.548127769	-1.548127769	-1.548273126	1.548273126	-1.556674568	1.556674568	1.564988294	-1.564988294	1.569605264	-1.569605264	1.589201588	-1.589201588	1.605327529	-1.605327529	-1.610323585	1.610323585	-1.615441721	1.615441721	1.638344241	-1.638344241	-1.669477802	1.669477802	-1.699011511	1.699011511	-1.708708732	1.708708732	-1.727238455	1.727238455	1.729156988	-1.729156988	-1.741005599	1.741005599	-1.791588226	1.791588226	1.799120632	-1.799120632	1.804764234	-1.804764234	1.821266045	-1.821266045	1.852702723	-1.852702723	1.889853792	-1.889853792	1.906532933	-1.906532933	-1.911142095	1.911142095	-1.912512328	1.912512328	1.934180596	-1.934180596	-1.942158494	1.942158494	
0.48	0.01570423586	-0.01570423586	-0.2314306702	0.2314306702	0.2861129321	-0.2861129321	0.2883039223	-0.2883039223	-0.292450833	0.292450833	-0.3530770569	0.3530770569	-0.3575618716	0.3575618716	0.3588502223	-0.3588502223	0.3592962233	-0.3592962233	0.5232193206	-0.5232193206	-0.5440608609	0.5440608609	0.5715468814	-0.5715468814	0.5735250911	-0.5735250911	0.6694408121	-0.6694408121	-0.678368291	0.678368291	0.6964950739	-0.6964950739	0.7033455929	-0.7033455929	0.7968221095	-0.7968221095	0.8501522788	-0.8501522788	0.8573074542	-0.8573074542	0.9097823025	-0.9097823025	0.9123417465	-0.9123417465	0.9360353296	-0.9360353296	0.9521991948	-0.9521991948	0.9569714098	-0.9569714098	-0.9860663928	0.9860663928	1.01792029	-1.01792029	1.030595837	-1.030595837	1.039023162	-1.039023162	1.054635919	-1.054635919	1.073225824	-1.073225824	-1.090886431	1.090886431	-1.099061194	1.099061194	1.112517252	-1.112517252	1.135020816	-1.135020816	1.192246114	-1.192246114	1.193060151	-1.193060151	-1.199087758	1.199087758	-1.200369142	1.200369142	1.206151098	-1.206151098	-1.254873618	1.254873618	1.264131117	-1.264131117	-1.274533801	1.274533801	1.279442546	-1.279442546	-1.2799002	1.2799002	-1.318468618	1.318468618	1.324587831	-1.324587831	-1.329630507	1.329630507	1.336979423	-1.336979423	-1.342258551	1.342258551	1.349987654	-1.349987654	-1.364217764	1.364217764	1.374788291	-1.374788291	-1.384208651	1.384208651	1.396792211	-1.396792211	1.400413675	-1.400413675	-1.42259833	1.42259833	1.434389124	-1.434389124	1.456687487	-1.456687487	1.468315215	-1.468315215	-1.484312196	1.484312196	1.491705543	-1.491705543	1.540853646	-1.540853646	1.548127666	-1.548127666	1.548274349	-1.548274349	-1.556730407	1.556730407	1.564675808	-1.564675808	-1.569549532	1.569549532	1.590048814	-1.590048814	1.606296356	-1.606296356	-1.611518912	1.611518912	1.616414172	-1.616414172	-1.639309528	1.639309528	-1.669236679	1.669236679	-1.699028197	1.699028197	1.708703568	-1.708703568	-1.727297425	1.727297425	1.729164588	-1.729164588	1.740916797	-1.740916797	1.791089228	-1.791089228	-1.798766988	1.798766988	-1.806185204	1.806185204	1.82151806	-1.82151806	-1.852753497	1.852753497	1.889858024	-1.889858024	1.907865354	-1.907865354	-1.910888822	1.910888822	-1.912475361	1.912475361	1.934158911	-1.934158911	-1.942286535	1.942286535	
0.49	0.01215807774	-0.01215807774	-0.224277339	0.224277339	0.2774514063	-0.2774514063	-0.2796302874	0.2796302874	-0.2838569212	0.2838569212	-0.345040404	0.345040404	0.3490940828	-0.3490940828	0.355308139	-0.355308139	0.3626924011	-0.3626924011	-0.5149531947	0.5149531947	-0.53694225	0.53694225	-0.5634287009	0.5634287009	0.5652828575	-0.5652828575	-0.6607964493	0.6607964493	-0.6697147327	0.6697147327	0.693632205	-0.693632205	-0.7067469055	0.7067469055	-0.8008725182	0.8008725182	-0.8503264649	0.8503264649	0.8573111503	-0.8573111503	-0.9110992118	0.9110992118	0.9153398346	-0.9153398346	-0.9360246329	0.9360246329	0.9557216549	-0.9557216549	-0.9604697788	0.9604697788	0.9868232277	-0.9868232277	-1.021540201	1.021540201	-1.034301096	1.034301096	1.036167139	-1.036167139	-1.054635112	1.054635112	-1.073434374	1.073434374	-1.091334394	1.091334394	-1.099671868	1.099671868	-1.116392128	1.116392128	1.138335331	-1.138335331	-1.193227771	1.193227771	-1.195028682	1.195028682	-1.199164928	1.199164928	-1.200380048	1.200380048	-1.206242543	1.206242543	1.255257614	-1.255257614	1.264198486	-1.264198486	-1.274633004	1.274633004	-1.279437356	1.279437356	1.28183141	-1.28183141	-1.318811804	1.318811804	1.324346792	-1.324346792	-1.33037268	1.33037268	1.337288364	-1.337288364	1.344827727	-1.344827727	1.353258999	-1.353258999	-1.364269256	1.364269256	-1.375281206	1.375281206	1.385115445	-1.385115445	-1.396801908	1.396801908	1.401046626	-1.401046626	-1.423263406	1.423263406	1.434739974	-1.434739974	-1.456353924	1.456353924	-1.468370868	1.468370868	1.483968263	-1.483968263	-1.491450098	1.491450098	-1.540850246	1.540850246	1.548127526	-1.548127526	-1.548274616	1.548274616	-1.556788125	1.556788125	-1.564365215	1.564365215	1.569494059	-1.569494059	-1.5909019	1.5909019	1.607273	-1.607273	-1.612720625	1.612720625	1.617394658	-1.617394658	-1.640280393	1.640280393	-1.668992254	1.668992254	1.699044775	-1.699044775	-1.708698521	1.708698521	1.727360314	-1.727360314	1.729172572	-1.729172572	-1.740828639	1.740828639	-1.790579658	1.790579658	-1.798412732	1.798412732	1.807622493	-1.807622493	-1.821772378	1.821772378	-1.852807241	1.852807241	-1.889862306	1.889862306	1.909177574	-1.909177574	1.910633116	-1.910633116	1.912469279	-1.912469279	1.934136837	-1.934136837	-1.942391707	1.942391707	
0.5	0.008609117067	-0.008609117067	-0.2171133566	0.2171133566	0.268761429	-0.268761429	0.2709317778	-0.2709317778	0.275238914	-0.275238914	-0.3369861258	0.3369861258	0.3406042714	-0.3406042714	0.3517632635	-0.3517632635	0.3660883016	-0.3660883016	0.5066634265	-0.5066634265	-0.529813006	0.529813006	0.5552159399	-0.5552159399	0.5570889445	-0.5570889445	0.6521256867	-0.6521256867	0.661032558	-0.661032558	0.6907571	-0.6907571	0.7101478041	-0.7101478041	-0.8048597002	0.8048597002	0.8504921876	-0.8504921876	0.8573141832	-0.8573141832	0.9116669245	-0.9116669245	-0.9190079856	0.9190079856	0.9360149803	-0.9360149803	0.9591741613	-0.9591741613	0.9639004729	-0.9639004729	0.9875768594	-0.9875768594	1.025090581	-1.025090581	1.033280708	-1.033280708	1.037937366	-1.037937366	1.054634327	-1.054634327	1.073646187	-1.073646187	1.091760179	-1.091760179	1.100273264	-1.100273264	1.120225819	-1.120225819	1.141607582	-1.141607582	1.193387671	-1.193387671	1.197525919	-1.197525919	-1.199445361	1.199445361	1.200391147	-1.200391147	1.206336052	-1.206336052	1.255628917	-1.255628917	1.264232431	-1.264232431	-1.274727788	1.274727788	1.279425928	-1.279425928	-1.283645113	1.283645113	-1.319156384	1.319156384	-1.324102748	1.324102748	1.331111435	-1.331111435	1.337440801	-1.337440801	1.347509652	-1.347509652	1.356485801	-1.356485801	1.364322357	-1.364322357	-1.375769657	1.375769657	1.386051666	-1.386051666	1.396811807	-1.396811807	1.401705992	-1.401705992	-1.423939396	1.423939396	1.435095453	-1.435095453	-1.456021498	1.456021498	-1.468429839	1.468429839	1.483614831	-1.483614831	-1.491195001	1.491195001	-1.540846408	1.540846408	1.548127347	-1.548127347	1.548273951	-1.548273951	1.556847641	-1.556847641	-1.564056748	1.564056748	-1.569438899	1.569438899	1.591760079	-1.591760079	-1.608256529	1.608256529	1.613927504	-1.613927504	1.618382337	-1.618382337	1.641255873	-1.641255873	1.668744711	-1.668744711	1.699061225	-1.699061225	1.708693598	-1.708693598	1.7274271	-1.7274271	-1.729180938	1.729180938	1.740741201	-1.740741201	-1.790060907	1.790060907	-1.79805822	1.79805822	1.809073877	-1.809073877	1.822028561	-1.822028561	1.852864641	-1.852864641	1.889866636	-1.889866636	1.910375112	-1.910375112	1.91040892	-1.91040892	-1.912553527	1.912553527	1.934114384	-1.934114384	1.942472908	-1.942472908	
0.51	0.005057502843	-0.005057502843	-0.2099390022	0.2099390022	-0.2600441702	0.2600441702	-0.2622094938	0.2622094938	-0.2665978828	0.2665978828	-0.3289149039	0.3289149039	-0.3320933275	0.3320933275	0.3482157399	-0.3482157399	-0.3694835922	0.3694835922	-0.4983508348	0.4983508348	-0.5226734224	0.5226734224	-0.5469088066	0.5469088066	-0.548944863	0.548944863	-0.6434296006	0.6434296006	-0.6523229494	0.6523229494	-0.6878700518	0.6878700518	0.7135481301	-0.7135481301	-0.8087825336	0.8087825336	-0.8506499176	0.8506499176	-0.857316691	0.857316691	0.9120976754	-0.9120976754	0.9227328727	-0.9227328727	-0.9360071105	0.9360071105	-0.9625564202	0.9625564202	0.9672630824	-0.9672630824	0.9883263396	-0.9883263396	-1.028570894	1.028570894	-1.030395855	1.030395855	-1.041467363	1.041467363	-1.054633582	1.054633582	-1.07386875	1.07386875	-1.092172717	1.092172717	-1.100869023	1.100869023	-1.124008107	1.124008107	-1.144831008	1.144831008	-1.193540288	1.193540288	1.198700297	-1.198700297	-1.200402444	1.200402444	-1.200965494	1.200965494	-1.206432207	1.206432207	-1.255987712	1.255987712	-1.26423847	1.26423847	-1.274819263	1.274819263	-1.279414175	1.279414175	1.285335828	-1.285335828	-1.319510121	1.319510121	-1.323855902	1.323855902	-1.331845863	1.331845863	1.337530618	-1.337530618	-1.350199101	1.350199101	1.359659827	-1.359659827	1.364380126	-1.364380126	-1.376255977	1.376255977	1.387016902	-1.387016902	-1.396821932	1.396821932	-1.402390923	1.402390923	-1.424625742	1.424625742	-1.435455229	1.435455229	1.455690711	-1.455690711	1.468492235	-1.468492235	-1.483252064	1.483252064	-1.490940432	1.490940432	-1.540842146	1.540842146	-1.548127129	1.548127129	-1.548272375	1.548272375	-1.556908858	1.556908858	-1.563750631	1.563750631	-1.569384101	1.569384101	1.592622548	-1.592622548	-1.609245992	1.609245992	-1.615138312	1.615138312	-1.619376362	1.619376362	1.642234991	-1.642234991	1.668494248	-1.668494248	1.699077529	-1.699077529	-1.708688804	1.708688804	-1.727497763	1.727497763	-1.729189684	1.729189684	-1.740654559	1.740654559	-1.789534091	1.789534091	-1.797703808	1.797703808	-1.810537292	1.810537292	1.822286181	-1.822286181	-1.852926489	1.852926489	1.889871013	-1.889871013	1.910114949	-1.910114949	-1.911332874	1.911332874	-1.91295335	1.91295335	-1.934091557	1.934091557	1.94252909	-1.94252909	
0.52	0.001503375081	-0.001503375081	-0.202754554	0.202754554	0.2513007841	-0.2513007841	-0.2534645402	0.2534645402	0.2579349093	-0.2579349093	0.3208272846	-0.3208272846	-0.323562145	0.323562145	0.3446657043	-0.3446657043	0.3728780819	-0.3728780819	0.4900162169	-0.4900162169	-0.5155237977	0.5155237977	0.5385210066	-0.5385210066	-0.5408385574	0.5408385574	0.6347092541	-0.6347092541	0.6435870695	-0.6435870695	0.6849713423	-0.6849713423	-0.7169477342	0.7169477342	0.8126399593	-0.8126399593	-0.8508000931	0.8508000931	0.8573187776	-0.8573187776	-0.9124803229	0.9124803229	0.9264235481	-0.9264235481	0.9360028557	-0.9360028557	0.9658681795	-0.9658681795	-0.9705572459	0.9705572459	-0.9890707492	0.9890707492	1.027497917	-1.027497917	-1.031980628	1.031980628	1.044898581	-1.044898581	-1.054632903	1.054632903	1.074110872	-1.074110872	1.092577206	-1.092577206	-1.101461908	1.101461908	-1.127732483	1.127732483	1.148000495	-1.148000495	1.193686035	-1.193686035	-1.198898642	1.198898642	-1.200413947	1.200413947	1.203375547	-1.203375547	1.206533434	-1.206533434	1.256334203	-1.256334203	-1.264221341	1.264221341	-1.274908608	1.274908608	-1.279402418	1.279402418	1.286904345	-1.286904345	1.319878277	-1.319878277	1.323606463	-1.323606463	-1.332575073	1.332575073	1.337590195	-1.337590195	-1.352850068	1.352850068	1.362774777	-1.362774777	1.364447682	-1.364447682	-1.376743738	1.376743738	1.388010721	-1.388010721	-1.39683232	1.39683232	1.403100393	-1.403100393	-1.425321811	1.425321811	1.435818955	-1.435818955	-1.455362081	1.455362081	-1.468558163	1.468558163	-1.482880163	1.482880163	-1.490686564	1.490686564	1.540837475	-1.540837475	1.548126871	-1.548126871	1.54826991	-1.54826991	1.556971664	-1.556971664	1.56344708	-1.56344708	1.569329716	-1.569329716	1.593488471	-1.593488471	-1.610240412	1.610240412	-1.616351794	1.616351794	-1.620375887	1.620375887	-1.643216753	1.643216753	-1.668241068	1.668241068	1.699093668	-1.699093668	1.708684144	-1.708684144	-1.727572281	1.727572281	1.729198806	-1.729198806	-1.740568783	1.740568783	1.789000171	-1.789000171	1.797349854	-1.797349854	1.812010705	-1.812010705	-1.822544818	1.822544818	-1.852993701	1.852993701	1.889875434	-1.889875434	-1.90985276	1.90985276	-1.911692525	1.911692525	1.913924337	-1.913924337	-1.934068347	1.934068347	-1.942559277	1.942559277	
0.53	0.002053134177	-0.002053134177	-0.1955602894	0.1955602894	-0.2425324136	0.2425324136	-0.2446980319	0.2446980319	0.2492510917	-0.2492510917	0.3127238028	-0.3127238028	-0.315011627	0.315011627	0.3411132848	-0.3411132848	0.3762715945	-0.3762715945	0.4816603525	-0.4816603525	-0.508364437	0.508364437	-0.5300699683	0.5300699683	0.532754194	-0.532754194	0.6259657016	-0.6259657016	0.6348260658	-0.6348260658	0.6820612426	-0.6820612426	-0.7203464748	0.7203464748	-0.8164309722	0.8164309722	0.8509431231	-0.8509431231	-0.8573205225	0.8573205225	-0.9128361772	0.9128361772	-0.9300523351	0.9300523351	-0.9360084036	0.9360084036	0.9691092253	-0.9691092253	-0.9737826467	0.9737826467	0.9898092011	-0.9898092011	1.024588326	-1.024588326	1.035319282	-1.035319282	-1.048219685	1.048219685	-1.054632328	1.054632328	-1.074383667	1.074383667	-1.092976789	1.092976789	-1.102054046	1.102054046	-1.131394464	1.131394464	1.151112011	-1.151112011	-1.193825303	1.193825303	-1.198969239	1.198969239	1.200425663	-1.200425663	-1.205797271	1.205797271	1.206669141	-1.206669141	-1.256668612	1.256668612	1.264185175	-1.264185175	1.274997032	-1.274997032	-1.279390738	1.279390738	1.28835244	-1.28835244	-1.32026424	1.32026424	1.323354647	-1.323354647	1.3332982	-1.3332982	-1.337633	1.337633	1.355429964	-1.355429964	1.364534888	-1.364534888	1.365825526	-1.365825526	-1.377238141	1.377238141	1.389032717	-1.389032717	-1.396843032	1.396843032	1.403833212	-1.403833212	1.42602689	-1.42602689	-1.436186261	1.436186261	-1.455036142	1.455036142	-1.468627727	1.468627727	-1.482499361	1.482499361	-1.490433569	1.490433569	-1.540832404	1.540832404	1.548126573	-1.548126573	-1.548266575	1.548266575	-1.557035931	1.557035931	-1.563146313	1.563146313	1.569275793	-1.569275793	-1.594356977	1.594356977	-1.611238794	1.611238794	1.617566684	-1.617566684	1.621380065	-1.621380065	-1.644200155	1.644200155	-1.667985389	1.667985389	1.699109624	-1.699109624	-1.708679625	1.708679625	-1.727650631	1.727650631	-1.729208299	1.729208299	-1.740483942	1.740483942	1.788460015	-1.788460015	-1.796996711	1.796996711	1.813492029	-1.813492029	1.822804064	-1.822804064	1.853067337	-1.853067337	1.889879898	-1.889879898	1.909588678	-1.909588678	-1.91176524	1.91176524	-1.915187748	1.915187748	1.934044734	-1.934044734	-1.942562565	1.942562565	
0.54	0.005611899896	-0.005611899896	0.1883564855	-0.1883564855	-0.2337401951	0.2337401951	-0.2359110998	0.2359110998	-0.2405475529	0.2405475529	-0.3046049943	0.3046049943	0.3064426916	-0.3064426916	0.3375586017	-0.3375586017	0.3796639542	-0.3796639542	-0.4732840072	0.4732840072	-0.5011956552	0.5011956552	0.5215699013	-0.5215699013	0.5246791141	-0.5246791141	0.6171999935	-0.6171999935	0.6260410762	-0.6260410762	-0.6791400139	0.6791400139	0.7237442182	-0.7237442182	-0.8201546144	0.8201546144	0.8510793894	-0.8510793894	-0.8573219876	0.8573219876	-0.9131728276	0.9131728276	0.9335702312	-0.9335702312	-0.9360650549	0.9360650549	-0.9722793798	0.9722793798	-0.9769390097	0.9769390097	0.9905408419	-0.9905408419	1.021667527	-1.021667527	-1.038586355	1.038586355	-1.051416296	1.051416296	1.054631924	-1.054631924	1.07470193	-1.07470193	1.093373412	-1.093373412	-1.102647106	1.102647106	1.134990738	-1.134990738	1.154162341	-1.154162341	-1.193958461	1.193958461	1.199013333	-1.199013333	-1.200437603	1.200437603	1.206687111	-1.206687111	-1.208281051	1.208281051	-1.256991179	1.256991179	1.26413364	-1.26413364	1.275085743	-1.275085743	1.279379166	-1.279379166	1.289682734	-1.289682734	-1.320669897	1.320669897	1.323100677	-1.323100677	1.334014407	-1.334014407	1.337665531	-1.337665531	1.357899391	-1.357899391	-1.364663934	1.364663934	1.368807598	-1.368807598	1.377746588	-1.377746588	1.39008257	-1.39008257	-1.396854176	1.396854176	1.404588046	-1.404588046	1.426740179	-1.426740179	1.436556758	-1.436556758	1.454713449	-1.454713449	1.468701034	-1.468701034	-1.482109927	1.482109927	1.490181612	-1.490181612	-1.540826939	1.540826939	1.548126237	-1.548126237	1.54826239	-1.54826239	-1.557101513	1.557101513	1.562848543	-1.562848543	-1.569222378	1.569222378	1.595227159	-1.595227159	1.612240119	-1.612240119	1.618781698	-1.618781698	1.622388047	-1.622388047	-1.645184181	1.645184181	-1.667727436	1.667727436	1.699125379	-1.699125379	1.708675252	-1.708675252	-1.727732791	1.727732791	1.729218157	-1.729218157	1.740400101	-1.740400101	1.787914437	-1.787914437	1.796644733	-1.796644733	1.814979063	-1.814979063	-1.823063521	1.823063521	1.853148623	-1.853148623	1.889884402	-1.889884402	-1.909322833	1.909322833	1.911756239	-1.911756239	1.916536935	-1.916536935	-1.934020688	1.934020688	1.942538128	-1.942538128	
0.55	0.009172803101	-0.009172803102	-0.1811434197	0.1811434197	0.2249252622	-0.2249252622	0.2271048979	-0.2271048979	0.2318254488	-0.2318254488	-0.2964713984	0.2964713984	0.2978562769	-0.2978562769	0.3340017686	-0.3340017686	0.3830549784	-0.3830549784	0.4648879353	-0.4648879353	-0.4940177815	0.4940177815	-0.5130306322	0.5130306322	0.5166050085	-0.5166050085	-0.6084131803	0.6084131803	0.6172332335	-0.6172332335	0.6762079078	-0.6762079078	0.727140837	-0.727140837	-0.8238099716	0.8238099716	0.8512092489	-0.8512092489	0.8573232217	-0.8573232217	0.9134937259	-0.9134937259	-0.9357511501	0.9357511501	-0.9373953872	0.9373953872	-0.9753784986	0.9753784986	0.9800260984	-0.9800260984	0.9912648539	-0.9912648539	1.018735836	-1.018735836	-1.041781305	1.041781305	1.054468269	-1.054468269	-1.054631815	1.054631815	1.075086076	-1.075086076	-1.093768279	1.093768279	-1.10324242	1.10324242	1.138518693	-1.138518693	-1.157148892	1.157148892	1.194085859	-1.194085859	1.199049289	-1.199049289	-1.200449779	1.200449779	-1.206802751	1.206802751	-1.210592486	1.210592486	1.257302151	-1.257302151	1.264070059	-1.264070059	-1.27517593	1.27517593	-1.279367723	1.279367723	1.290898676	-1.290898676	1.321095889	-1.321095889	-1.322844788	1.322844788	1.334722895	-1.334722895	1.337691286	-1.337691286	1.360182073	-1.360182073	1.364894489	-1.364894489	-1.371716794	1.371716794	-1.378279519	1.378279519	1.391160109	-1.391160109	1.39686595	-1.39686595	-1.40536344	1.40536344	1.427460785	-1.427460785	1.436930036	-1.436930036	1.454394582	-1.454394582	-1.468778185	1.468778185	-1.481712164	1.481712164	-1.489930859	1.489930859	1.540821086	-1.540821086	1.548125863	-1.548125863	-1.548257369	1.548257369	-1.55716825	1.55716825	-1.562553988	1.562553988	1.569169518	-1.569169518	1.59609808	-1.59609808	-1.613243349	1.613243349	-1.619995544	1.619995544	1.62339898	-1.62339898	1.646167805	-1.646167805	1.667467446	-1.667467446	1.699140915	-1.699140915	-1.70867103	1.70867103	-1.727818733	1.727818733	-1.729228372	1.729228372	1.740317322	-1.740317322	1.787364217	-1.787364217	-1.796294273	1.796294273	1.816469442	-1.816469442	1.823322802	-1.823322802	-1.853238984	1.853238984	-1.889888945	1.889888945	1.90905535	-1.90905535	1.911718848	-1.911718848	-1.917917084	1.917917084	1.933996162	-1.933996162	-1.942485229	1.942485229	
0.56	0.01273572991	-0.01273572991	-0.1739213701	0.1739213701	-0.2160887506	0.2160887506	-0.2182806103	0.2182806103	0.2230859783	-0.2230859783	-0.2883235605	0.2883235605	-0.289253348	0.289253348	0.3304428926	-0.3304428926	0.3864444679	-0.3864444679	0.4564728828	-0.4564728828	-0.4868311675	0.4868311675	-0.5044587003	0.5044587003	-0.5085268299	0.5085268299	-0.5996063172	0.5996063172	-0.6084036699	0.6084036699	-0.6732651668	0.6732651668	0.7305362102	-0.7305362102	-0.8273961694	0.8273961694	-0.8513330355	0.8513330355	-0.8573242638	0.8573242638	0.9138007411	-0.9138007411	-0.9358701826	0.9358701826	-0.9407224324	0.9407224324	0.9784064685	-0.9784064685	-0.9830437118	0.9830437118	-0.9919804566	0.9919804566	1.015793523	-1.015793523	-1.044903463	1.044903463	-1.054632275	1.054632275	-1.057347099	1.057347099	-1.07556468	1.07556468	-1.094162116	1.094162116	-1.103841081	1.103841081	-1.141976154	1.141976154	1.16006956	-1.16006956	-1.194207829	1.194207829	-1.199082961	1.199082961	-1.200462204	1.200462204	-1.206907708	1.206907708	-1.212833418	1.212833418	1.257601789	-1.257601789	-1.2639975	1.2639975	-1.275268752	1.275268752	-1.27935642	1.27935642	-1.292004514	1.292004514	-1.321541792	1.321541792	-1.322587221	1.322587221	-1.335422895	1.335422895	-1.337712311	1.337712311	1.362079493	-1.362079493	-1.365406277	1.365406277	-1.374548873	1.374548873	-1.37885155	1.37885155	1.39226533	-1.39226533	-1.396878758	1.396878758	1.40615783	-1.40615783	1.428187722	-1.428187722	-1.437305669	1.437305669	1.454080145	-1.454080145	1.468859282	-1.468859282	-1.481306412	1.481306412	-1.489681471	1.489681471	-1.540814844	1.540814844	-1.548125452	1.548125452	-1.548251527	1.548251527	-1.55723596	1.55723596	1.562262872	-1.562262872	1.569117258	-1.569117258	1.596968771	-1.596968771	1.614247427	-1.614247427	-1.621206919	1.621206919	-1.624412013	1.624412013	1.647149989	-1.647149989	1.667205668	-1.667205668	-1.699156215	1.699156215	-1.708666965	1.708666965	-1.72790843	1.72790843	1.729238936	-1.729238936	1.740235665	-1.740235665	-1.786810116	1.786810116	1.79594568	-1.79594568	1.817960589	-1.817960589	1.823581531	-1.823581531	1.853340075	-1.853340075	-1.889893526	1.889893526	1.90878635	-1.90878635	-1.911668999	1.911668999	1.919310709	-1.919310709	-1.933971092	1.933971092	1.942403222	-1.942403222	
0.57	0.0163005705	-0.0163005705	-0.1666906165	0.1666906165	0.207231803	-0.207231803	-0.2094394605	0.2094394605	0.2143303955	-0.2143303955	-0.2801620335	0.2801620335	0.2806349039	-0.2806349039	0.3268820755	-0.3268820755	0.3898321935	-0.3898321935	0.4480395903	-0.4480395903	-0.4796362008	0.4796362008	0.4958585518	-0.4958585518	0.5004416058	-0.5004416058	0.5907804688	-0.5907804688	0.5995535226	-0.5995535226	0.670312025	-0.670312025	0.733930222	-0.733930222	-0.830912372	0.830912372	-0.8514510618	0.8514510618	0.8573251452	-0.8573251452	0.914095033	-0.914095033	-0.9358824444	0.9358824444	-0.9440899479	0.9440899479	0.9813632054	-0.9813632054	-0.9859916816	0.9859916816	-0.9926869086	0.9926869086	1.012840838	-1.012840838	-1.047951699	1.047951699	-1.054634053	1.054634053	1.060013322	-1.060013322	1.076177078	-1.076177078	-1.094555329	1.094555329	-1.104444018	1.104444018	1.145361213	-1.145361213	1.162922626	-1.162922626	-1.194324692	1.194324692	-1.199116969	1.199116969	1.200474899	-1.200474899	-1.207011674	1.207011674	-1.214990841	1.214990841	1.257890355	-1.257890355	-1.263918853	1.263918853	1.275365334	-1.275365334	1.279345267	-1.279345267	-1.293005231	1.293005231	1.32200629	-1.32200629	1.32232823	-1.32232823	-1.336113677	1.336113677	1.337729886	-1.337729886	1.36323739	-1.36323739	-1.366530445	1.366530445	1.377299273	-1.377299273	1.379482842	-1.379482842	1.393398227	-1.393398227	1.39689356	-1.39689356	1.406969572	-1.406969572	1.428919898	-1.428919898	1.437683208	-1.437683208	1.453770773	-1.453770773	-1.468944422	1.468944422	1.480893047	-1.480893047	-1.489433609	1.489433609	-1.540808212	1.540808212	1.548125008	-1.548125008	-1.548244875	1.548244875	-1.557304442	1.557304442	-1.561975425	1.561975425	-1.569065642	1.569065642	1.597838231	-1.597838231	-1.615251275	1.615251275	-1.622414511	1.622414511	1.62542629	-1.62542629	-1.648129691	1.648129691	1.666942358	-1.666942358	1.69917126	-1.69917126	-1.708663061	1.708663061	1.72800185	-1.72800185	-1.729249837	1.729249837	1.740155184	-1.740155184	-1.786252889	1.786252889	-1.795599301	1.795599301	-1.819449665	1.819449665	1.823839343	-1.823839343	1.853453817	-1.853453817	-1.889898143	1.889898143	-1.908515948	1.908515948	-1.911612813	1.911612813	1.920710053	-1.920710053	1.933945398	-1.933945398	-1.942291562	1.942291562	
0.58	0.0198672179	-0.0198672179	-0.1594514413	0.1594514413	-0.1983555736	0.1983555736	-0.2005827211	0.2005827211	-0.2055600239	0.2055600239	-0.2719873801	0.2719873801	0.2720019866	-0.2720019866	0.3233194137	-0.3233194137	0.3932178699	-0.3932178699	0.4395887954	-0.4395887954	-0.4724333296	0.4724333296	0.4872333582	-0.4872333582	-0.4923476276	0.4923476276	-0.5819367134	0.5819367134	0.5906839378	-0.5906839378	-0.6673487084	0.6673487084	0.7373227617	-0.7373227617	-0.8343577806	0.8343577806	0.8515636204	-0.8515636204	0.8573258916	-0.8573258916	-0.9143774064	0.9143774064	-0.9358810393	0.9358810393	-0.9474040944	0.9474040944	0.9842486526	-0.9842486526	0.9888698672	-0.9888698672	-0.9933835111	0.9933835111	1.009878016	-1.009878016	-1.050922576	1.050922576	1.054640225	-1.054640225	1.062416062	-1.062416062	-1.076973832	1.076973832	1.094948096	-1.094948096	-1.105052051	1.105052051	-1.14867212	1.14867212	1.165706673	-1.165706673	-1.194436755	1.194436755	1.19915285	-1.19915285	-1.200487888	1.200487888	-1.207116038	1.207116038	-1.217061115	1.217061115	-1.258168119	1.258168119	-1.263836883	1.263836883	-1.275466764	1.275466764	-1.279334271	1.279334271	1.29390644	-1.29390644	1.322068076	-1.322068076	-1.322487336	1.322487336	1.336794549	-1.336794549	1.337744852	-1.337744852	-1.363729769	1.363729769	1.368164069	-1.368164069	-1.379962837	1.379962837	1.380200189	-1.380200189	1.394557588	-1.394557588	1.396913273	-1.396913273	1.407796955	-1.407796955	-1.429656111	1.429656111	1.43806219	-1.43806219	-1.453467138	1.453467138	-1.469033697	1.469033697	-1.480472482	1.480472482	-1.489187433	1.489187433	-1.540801186	1.540801186	1.548124533	-1.548124533	1.54823742	-1.54823742	1.557373467	-1.557373467	1.561691897	-1.561691897	-1.569014711	1.569014711	1.598705433	-1.598705433	1.6162538	-1.6162538	-1.623617002	1.623617002	1.626440955	-1.626440955	-1.649105861	1.649105861	1.666677786	-1.666677786	-1.699186035	1.699186035	1.708659325	-1.708659325	-1.728098957	1.728098957	-1.729261063	1.729261063	-1.740075933	1.740075933	-1.785693288	1.785693288	-1.79525548	1.79525548	1.820933521	-1.820933521	-1.824095893	1.824095893	1.853582445	-1.853582445	-1.889902794	1.889902794	-1.908244251	1.908244251	-1.911553116	1.911553116	1.922110566	-1.922110566	-1.933918972	1.933918972	-1.942149812	1.942149812	
0.59	0.02343556653	-0.02343556653	-0.1522041306	0.1522041306	0.1894612336	-0.1894612336	-0.1917117263	0.1917117263	-0.1967762736	0.1967762736	-0.2633556915	0.2633556915	-0.2638001743	0.2638001743	0.3197549992	-0.3197549992	-0.3966011088	0.3966011088	0.4311212364	-0.4311212364	-0.4652231099	0.4652231099	0.4785855147	-0.4785855147	-0.4842439584	0.4842439584	-0.5730761486	0.5730761486	-0.5817960769	0.5817960769	0.6643754356	-0.6643754356	0.7407137231	-0.7407137231	-0.8377316333	0.8377316333	-0.8516709855	0.8516709855	-0.8573265241	0.8573265241	-0.9146484714	0.9146484714	-0.9358754389	0.9358754389	-0.95065489	0.95065489	-0.9870627786	0.9870627786	-0.9916781395	0.9916781395	-0.9940696227	0.9940696227	-1.006905282	1.006905282	-1.053773062	1.053773062	-1.054693471	1.054693471	1.064499679	-1.064499679	-1.078010072	1.078010072	-1.095340433	1.095340433	-1.105665951	1.105665951	1.151907202	-1.151907202	1.168420531	-1.168420531	-1.194544318	1.194544318	-1.199191739	1.199191739	-1.200501202	1.200501202	1.207221172	-1.207221172	1.219042012	-1.219042012	-1.258435352	1.258435352	1.263754276	-1.263754276	-1.275574093	1.275574093	-1.27932344	1.27932344	1.294714248	-1.294714248	1.321807032	-1.321807032	-1.322982325	1.322982325	-1.337464856	1.337464856	-1.337757786	1.337757786	1.363946892	-1.363946892	-1.369882545	1.369882545	1.381036386	-1.381036386	1.382533544	-1.382533544	1.39573159	-1.39573159	1.396952406	-1.396952406	1.408638221	-1.408638221	-1.430395046	1.430395046	-1.43844213	1.43844213	-1.453169954	1.453169954	-1.46912719	1.46912719	-1.480045173	1.480045173	-1.488943103	1.488943103	-1.540793758	1.540793758	1.54812403	-1.54812403	1.548229166	-1.548229166	1.557442774	-1.557442774	-1.561412559	1.561412559	-1.568964508	1.568964508	-1.599569321	1.599569321	-1.617253889	1.617253889	-1.624813069	1.624813069	-1.62745515	1.62745515	-1.650077443	1.650077443	1.666412231	-1.666412231	1.699200522	-1.699200522	1.70865576	-1.70865576	-1.728199712	1.728199712	1.729272601	-1.729272601	-1.739997962	1.739997962	1.785132065	-1.785132065	-1.794914557	1.794914557	-1.822408622	1.822408622	1.824350866	-1.824350866	-1.853728555	1.853728555	-1.889907479	1.889907479	1.907971358	-1.907971358	-1.911491394	1.911491394	1.923508923	-1.923508923	-1.933891677	1.933891677	-1.941977653	1.941977653	
0.6	0.02700551023	-0.02700551023	-0.144948977	0.144948977	0.1805499774	-0.1805499774	0.1828278861	-0.1828278861	0.1879806632	-0.1879806632	0.2546971797	-0.2546971797	-0.2556010048	0.2556010048	0.3161889197	-0.3161889197	0.3999813185	-0.3999813185	-0.4226376562	0.4226376562	-0.4580063033	0.4580063033	0.4699169373	-0.4699169373	-0.4761301424	0.4761301424	-0.5641998963	0.5641998963	-0.5728911213	0.5728911213	0.6613924175	-0.6613924175	0.7441030041	-0.7441030041	-0.8410332043	0.8410332043	0.851773414	-0.851773414	0.8573270601	-0.8573270601	-0.9149087242	0.9149087242	-0.9358681061	0.9358681062	0.9538395028	-0.9538395028	0.9898055756	-0.9898055756	0.9944158321	-0.9944158321	0.9947452074	-0.9947452074	1.003922852	-1.003922852	-1.054593227	1.054593227	-1.056703386	1.056703386	1.066222302	-1.066222302	-1.079326962	1.079326962	1.095732238	-1.095732238	-1.106286487	1.106286487	-1.155064799	1.155064799	1.171063219	-1.171063219	-1.194647681	1.194647681	-1.199234649	1.199234649	-1.200514885	1.200514885	1.207327195	-1.207327195	-1.22093171	1.22093171	-1.258692325	1.258692325	1.263673665	-1.263673665	1.275688341	-1.275688341	-1.27931278	1.27931278	1.295435099	-1.295435099	-1.321545378	1.321545378	-1.323488264	1.323488264	-1.337769101	1.337769101	-1.338123981	1.338123981	-1.364064505	1.364064505	-1.371475083	1.371475083	1.382025368	-1.382025368	-1.385004279	1.385004279	-1.396701083	1.396701083	-1.397233986	1.397233986	1.40949158	-1.40949158	1.431135263	-1.431135263	-1.43882253	1.43882253	-1.452879984	1.452879984	-1.469224976	1.469224976	-1.479611614	1.479611614	-1.488700781	1.488700781	-1.540785917	1.540785917	1.548123503	-1.548123503	1.548220113	-1.548220113	1.557512059	-1.557512059	-1.561137716	1.561137716	1.568915072	-1.568915072	-1.600428815	1.600428815	1.618250417	-1.618250417	1.626001388	-1.626001388	1.628468013	-1.628468013	-1.651043379	1.651043379	-1.666145982	1.666145982	1.699214705	-1.699214705	-1.708652372	1.708652372	1.728304069	-1.728304069	1.729284435	-1.729284435	-1.739921319	1.739921319	1.784569981	-1.784569981	-1.794576868	1.794576868	-1.823870811	1.823870811	-1.824604166	1.824604166	-1.85389516	1.85389516	1.889912197	-1.889912197	1.90769736	-1.90769736	-1.911428511	1.911428511	1.924902273	-1.924902273	-1.93386334	1.93386334	-1.941774893	1.941774893	
0.61	0.03057693936	-0.03057693936	-0.1376862815	0.1376862815	-0.1716230282	0.1716230282	-0.1739327051	0.1739327051	-0.179174846	0.179174846	-0.2460276933	0.2460276933	-0.2473904767	0.2473904767	0.3126212595	-0.3126212595	0.4033574602	-0.4033574602	0.414138819	-0.414138819	-0.4507841078	0.4507841078	-0.4612292413	0.4612292413	-0.4680060328	0.4680060328	-0.5553091089	0.5553091089	0.563970279	-0.563970279	0.6583998587	-0.6583998587	0.7474905062	-0.7474905062	-0.8442618045	0.8442618045	-0.8518711466	0.8518711466	-0.8573275143	0.8573275143	-0.9151585894	0.9151585894	-0.9358599646	0.9358599646	-0.9569567345	0.9569567345	0.9924770575	-0.9924770575	0.9954074662	-0.9954074662	-0.9970851073	0.9970851073	1.000930933	-1.000930933	1.054608565	-1.054608565	-1.059444145	1.059444145	-1.067579436	1.067579436	-1.080928062	1.080928062	-1.096123314	1.096123314	1.106914477	-1.106914477	1.158143202	-1.158143202	1.173633908	-1.173633908	1.194747151	-1.194747151	-1.199282618	1.199282618	-1.200528992	1.200528992	-1.207434137	1.207434137	-1.222728515	1.222728515	-1.258939307	1.258939307	1.263597647	-1.263597647	1.275810494	-1.275810494	-1.279302297	1.279302297	1.296075614	-1.296075614	1.321283405	-1.321283405	1.324001943	-1.324001943	-1.337779096	1.337779096	1.338771345	-1.338771345	1.364139181	-1.364139181	1.372859925	-1.372859925	1.383191545	-1.383191545	1.387366726	-1.387366726	1.396869259	-1.396869259	1.398359986	-1.398359986	-1.410355223	1.410355223	-1.431875188	1.431875188	-1.439202874	1.439202874	1.45259805	-1.45259805	1.469327111	-1.469327111	1.479172348	-1.479172348	1.488460629	-1.488460629	1.540777651	-1.540777651	-1.548122957	1.548122957	1.54821026	-1.54821026	1.557580956	-1.557580956	-1.560867728	1.560867728	-1.568866441	1.568866441	1.601282814	-1.601282814	-1.619242246	1.619242246	-1.627180633	1.627180633	-1.629478684	1.629478684	-1.652002608	1.652002608	-1.665879341	1.665879341	1.699228568	-1.699228568	1.708649165	-1.708649165	1.728411977	-1.728411977	1.729296549	-1.729296549	-1.739846047	1.739846047	1.784007802	-1.784007802	-1.794242748	1.794242748	-1.824853229	1.824853229	-1.825317934	1.825317934	1.854085742	-1.854085742	1.889916946	-1.889916946	-1.907422336	1.907422336	-1.911365015	1.911365015	1.926287891	-1.926287891	1.933833739	-1.933833739	1.941541478	-1.941541478	
0.62	0.03414973637	-0.03414973637	0.1304163589	-0.1304163589	0.1626816461	-0.1626816461	-0.1650278048	0.1650278048	0.1703606441	-0.1703606441	0.2373485743	-0.2373485743	-0.2391692158	0.2391692158	0.3090520992	-0.3090520992	-0.4056246512	0.4056246512	0.4067282838	-0.4067282838	-0.4435587835	0.4435587835	0.4525238522	-0.4525238522	-0.4598716882	0.4598716882	0.5464049755	-0.5464049755	-0.5550347912	0.5550347912	-0.6553979568	0.6553979568	0.7508761342	-0.7508761342	0.8474167816	-0.8474167816	0.8519644092	-0.8519644092	-0.8573278988	0.8573278988	-0.915398444	0.915398444	-0.9358514395	0.9358514395	0.9600059516	-0.9600059516	0.9950772591	-0.9950772591	-0.9960584655	0.9960584655	0.997929724	-0.997929724	0.9996833278	-0.9996833278	-1.054611991	1.054611991	1.062122516	-1.062122516	1.068611064	-1.068611064	-1.082772203	1.082772203	-1.096513394	1.096513394	-1.107550848	1.107550848	-1.161140594	1.161140594	1.176131873	-1.176131873	-1.194843051	1.194843051	-1.199336803	1.199336803	1.200543602	-1.200543602	-1.207541995	1.207541995	-1.224430786	1.224430786	-1.259176567	1.259176567	-1.263528782	1.263528782	-1.275941508	1.275941508	-1.279291997	1.279291997	1.296642429	-1.296642429	-1.321021415	1.321021415	-1.324520086	1.324520086	1.337787999	-1.337787999	1.339406406	-1.339406406	-1.364191891	1.364191891	-1.374012845	1.374012845	-1.38453765	1.38453765	-1.389611529	1.389611529	1.396902186	-1.396902186	1.399670623	-1.399670623	1.411227328	-1.411227328	1.432613109	-1.432613109	-1.439582632	1.439582632	-1.452325041	1.452325041	1.469433633	-1.469433633	-1.478727969	1.478727969	-1.488222813	1.488222813	-1.540768944	1.540768944	-1.548122397	1.548122397	1.548199599	-1.548199599	1.557649012	-1.557649012	-1.560603033	1.560603033	1.568818655	-1.568818655	1.602130197	-1.602130197	1.620228226	-1.620228226	-1.628349482	1.628349482	1.630486298	-1.630486298	-1.652954069	1.652954069	1.665612616	-1.665612616	1.699242096	-1.699242096	-1.708646144	1.708646144	-1.728523378	1.728523378	-1.729308922	1.729308922	-1.73977219	1.73977219	-1.783446302	1.783446302	1.793912522	-1.793912522	-1.825101946	1.825101946	1.826740866	-1.826740866	-1.854304305	1.854304305	1.889921725	-1.889921725	1.907146353	-1.907146353	-1.911301272	1.911301272	1.92766296	-1.92766296	1.933802589	-1.933802589	-1.941277512	1.941277512	
0.63	0.03772376823	-0.03772376823	-0.1231395454	0.1231395454	-0.1537271352	0.1537271352	-0.1561149521	0.1561149521	-0.1615400922	0.1615400922	0.2286612878	-0.2286612878	-0.230937872	0.230937872	0.3054815168	-0.3054815168	-0.3970981155	0.3970981155	0.4100863183	-0.4100863183	-0.4363357926	0.4363357926	-0.4438020769	0.4438020769	-0.4517273078	0.4517273078	0.5374887296	-0.5374887296	-0.5460859393	0.5460859393	0.6523869035	-0.6523869035	0.754259796	-0.754259796	-0.8504975204	0.8504975204	0.8520534135	-0.8520534135	0.857328224	-0.857328224	-0.9156286318	0.9156286318	-0.9358427547	0.9358427547	-0.9629867709	0.9629867709	0.9949194192	-0.9949194192	0.9966966399	-0.9966966399	0.9976062336	-0.9976062336	-1.002211552	1.002211552	-1.05461305	1.05461305	-1.064728644	1.064728644	-1.069383246	1.069383246	1.084791837	-1.084791837	1.096902153	-1.096902153	-1.108196695	1.108196695	1.164054973	-1.164054973	1.178556444	-1.178556444	1.194935749	-1.194935749	-1.199398564	1.199398564	-1.200558826	1.200558826	-1.207650754	1.207650754	-1.226036915	1.226036915	-1.259404368	1.259404368	1.263469583	-1.263469583	1.276082307	-1.276082307	1.279281884	-1.279281884	1.297142056	-1.297142056	1.320759715	-1.320759715	-1.325039488	1.325039488	-1.337795982	1.337795982	1.340028662	-1.340028662	-1.364231858	1.364231858	-1.374946815	1.374946815	1.386041181	-1.386041181	1.391728919	-1.391728919	1.396921915	-1.396921915	1.401050631	-1.401050631	1.412106076	-1.412106076	-1.433347161	1.433347161	1.439961261	-1.439961261	-1.452061928	1.452061928	-1.469544546	1.469544546	-1.47827913	1.47827913	-1.487987502	1.487987502	-1.540759776	1.540759776	-1.548121829	1.548121829	-1.54818812	1.54818812	1.557715641	-1.557715641	-1.560344198	1.560344198	1.568771748	-1.568771748	-1.602969823	1.602969823	-1.621207196	1.621207196	-1.629506616	1.629506616	-1.631489987	1.631489987	-1.6538967	1.6538967	-1.665346129	1.665346129	1.699255274	-1.699255274	1.708643314	-1.708643314	1.728638208	-1.728638208	-1.729321536	1.729321536	-1.739699786	1.739699786	-1.782886269	1.782886269	1.793586515	-1.793586515	1.825347175	-1.825347175	-1.828136953	1.828136953	1.85455542	-1.85455542	-1.889926535	1.889926535	1.906869464	-1.906869464	-1.911237546	1.911237546	-1.929024364	1.929024364	-1.933769522	1.933769522	-1.940983278	1.940983278	
0.64	0.04129887255	-0.04129887255	-0.1158562129	0.1158562129	-0.1447608538	0.1447608538	0.1471960975	-0.1471960975	0.1527154938	-0.1527154938	0.2199674518	-0.2199674518	-0.2226971242	0.2226971242	0.3019095878	-0.3019095878	-0.3885579878	0.3885579878	0.4134143473	-0.4134143473	-0.4291345499	0.4291345499	0.4350651512	-0.4350651512	-0.4435731923	0.4435731923	-0.5285616572	0.5285616572	0.5371250536	-0.5371250536	0.6493668846	-0.6493668846	0.7576414021	-0.7576414021	0.852138358	-0.852138358	-0.853503443	0.853503443	0.8573284987	-0.8573284987	-0.9158494714	0.9158494714	-0.9358340399	0.9358340399	-0.96589894	0.96589894	0.9919002049	-0.9919002049	0.9973215793	-0.9973215793	1.000064052	-1.000064052	-1.004669745	1.004669745	-1.054613247	1.054613247	-1.067260717	1.067260717	-1.069963098	1.069963098	-1.086918	1.086918	1.097289223	-1.097289223	-1.108853362	1.108853362	-1.166884069	1.166884069	1.180906938	-1.180906938	1.195025688	-1.195025688	-1.199469562	1.199469562	1.200574818	-1.200574818	-1.207760398	1.207760398	-1.227545342	1.227545342	-1.25962297	1.25962297	-1.26342249	1.26342249	1.276233782	-1.276233782	-1.279271963	1.279271963	1.297580764	-1.297580764	-1.320498624	1.320498624	-1.325557115	1.325557115	1.337803181	-1.337803181	1.340637643	-1.340637643	-1.364263712	1.364263712	-1.375695827	1.375695827	1.387663363	-1.387663363	1.393709618	-1.393709618	-1.396939536	1.396939536	1.40249531	-1.40249531	1.41298965	-1.41298965	1.434075313	-1.434075313	-1.440338206	1.440338206	-1.451809776	1.451809776	1.469659809	-1.469659809	-1.477826559	1.477826559	-1.487754871	1.487754871	-1.540750128	1.540750128	-1.548121259	1.548121259	-1.54817581	1.54817581	1.557780043	-1.557780043	-1.560091991	1.560091991	1.568725758	-1.568725758	1.603800539	-1.603800539	1.62217799	-1.62217799	-1.630650724	1.630650724	1.632488885	-1.632488885	-1.654829445	1.654829445	-1.665080209	1.665080209	-1.699268086	1.699268086	-1.708640678	1.708640678	-1.728756392	1.728756392	-1.729334368	1.729334368	1.739628873	-1.739628873	-1.782328497	1.782328497	-1.793265045	1.793265045	-1.825589131	1.825589131	-1.829499609	1.829499609	-1.854844241	1.854844241	-1.889931374	1.889931374	1.906591706	-1.906591706	1.911174035	-1.911174035	1.930368443	-1.930368443	1.93373406	-1.93373406	1.940659262	-1.940659262	
0.65	0.04487483001	-0.04487483001	-0.1085667968	0.1085667968	-0.1357842241	0.1357842241	0.1382734237	-0.1382734237	0.1438894963	-0.1438894963	0.2112688743	-0.2112688743	-0.214447686	0.214447686	0.2983363852	-0.2983363852	-0.3800056545	0.3800056545	0.4165447083	-0.4165447083	-0.4221223318	0.4221223318	-0.4263142747	0.4263142747	0.4354097177	-0.4354097177	0.5196251063	-0.5196251063	0.5281535227	-0.5281535227	0.6463380804	-0.6463380804	0.7610208653	-0.7610208653	0.8522194291	-0.8522194291	0.8564340098	-0.8564340098	-0.8573287305	0.8573287305	0.9160612619	-0.9160612619	-0.9358253757	0.9358253757	-0.9687422823	0.9687422823	0.9888722619	-0.9888722619	0.9979328812	-0.9979328812	1.0024508	-1.0024508	1.007057928	-1.007057928	-1.054613039	1.054613039	1.069717977	-1.069717977	-1.070405109	1.070405109	-1.089093915	1.089093915	1.097674195	-1.097674195	-1.109522528	1.109522528	1.169625222	-1.169625222	1.183182544	-1.183182544	1.195113469	-1.195113469	1.199551866	-1.199551866	-1.20059181	1.20059181	1.207870923	-1.207870923	-1.228954613	1.228954613	1.259832626	-1.259832626	-1.263389823	1.263389823	-1.276396789	1.276396789	-1.27926224	1.27926224	1.297964492	-1.297964492	1.320238468	-1.320238468	1.326070189	-1.326070189	-1.337809703	1.337809703	1.341232919	-1.341232919	1.364290027	-1.364290027	-1.376299024	1.376299024	-1.389362467	1.389362467	-1.395542184	1.395542184	1.396964015	-1.396964015	1.404004341	-1.404004341	1.413876243	-1.413876243	1.434795359	-1.434795359	-1.440712899	1.440712899	-1.451569762	1.451569762	1.469779318	-1.469779318	-1.477371073	1.477371073	1.487525099	-1.487525099	-1.540739974	1.540739974	1.548120694	-1.548120694	-1.54816265	1.54816265	-1.55784107	1.55784107	-1.559847527	1.559847527	1.568680717	-1.568680717	1.60462118	-1.60462118	-1.623139438	1.623139438	-1.631780504	1.631780504	-1.633482121	1.633482121	-1.655751249	1.655751249	-1.664815194	1.664815194	1.69928052	-1.69928052	-1.70863824	1.70863824	1.728877847	-1.728877847	1.729347393	-1.729347393	1.739559484	-1.739559484	-1.781773793	1.781773793	1.792948424	-1.792948424	-1.825827572	1.825827572	1.83082214	-1.83082214	1.855176483	-1.855176483	-1.889936242	1.889936242	-1.9063131	1.9063131	-1.911110897	1.911110897	1.931690574	-1.931690574	1.93369557	-1.93369557	-1.940306204	1.940306204	
0.66	0.04845130302	-0.04845130302	-0.1012718585	0.1012718585	0.1267987456	-0.1267987456	0.1293494127	-0.1293494127	0.1350651916	-0.1350651916	0.2025676028	-0.2025676028	-0.2061903126	0.2061903126	0.2947619806	-0.2947619806	-0.3714419511	0.3714419511	-0.4141762993	0.4141762993	0.4175506358	-0.4175506358	0.4206004356	-0.4206004356	0.4272373198	-0.4272373198	-0.5106804978	0.5106804978	0.5191728042	-0.5191728042	0.6433006658	-0.6433006658	0.7643981008	-0.7643981008	-0.8522968017	0.8522968017	0.8573289256	-0.8573289256	-0.8592887191	0.8592887191	0.9162642862	-0.9162642862	-0.9358168151	0.9358168151	0.9715166678	-0.9715166678	0.9858357654	-0.9858357654	-0.998530184	0.998530184	1.00476658	-1.00476658	1.009376147	-1.009376147	1.054612611	-1.054612611	-1.070748946	1.070748946	-1.072099943	1.072099943	1.091277086	-1.091277086	1.09805663	-1.09805663	-1.110206317	1.110206317	-1.172275236	1.172275236	1.185382113	-1.185382113	1.195200002	-1.195200002	1.199648102	-1.199648102	-1.200610152	1.200610152	-1.207982341	1.207982341	-1.230263438	1.230263438	-1.260033583	1.260033583	1.263373729	-1.263373729	1.276572134	-1.276572134	1.279252719	-1.279252719	1.298298783	-1.298298783	1.31997958	-1.31997958	1.326576231	-1.326576231	-1.337815632	1.337815632	1.341814091	-1.341814091	1.364312344	-1.364312344	-1.376790989	1.376790989	1.39110246	-1.39110246	1.396877552	-1.396877552	-1.397345787	1.397345787	1.405573667	-1.405573667	1.414764056	-1.414764056	1.4355049	-1.4355049	-1.441084767	1.441084767	-1.451343191	1.451343191	1.469902871	-1.469902871	-1.476913612	1.476913612	-1.487298372	1.487298372	-1.540729287	1.540729287	1.548120142	-1.548120142	1.548148621	-1.548148621	-1.557896969	1.557896969	1.55961252	-1.55961252	-1.56863666	1.56863666	1.605430571	-1.605430571	1.624090366	-1.624090366	-1.632894665	1.632894665	1.634468821	-1.634468821	1.656661065	-1.656661065	1.664551434	-1.664551434	1.69929256	-1.69929256	1.708636005	-1.708636005	-1.729002483	1.729002483	1.729360586	-1.729360586	-1.739491651	1.739491651	-1.781222974	1.781222974	1.792636958	-1.792636958	1.82606223	-1.82606223	-1.832097397	1.832097397	1.855558346	-1.855558346	1.889941138	-1.889941138	-1.906033647	1.906033647	-1.911048261	1.911048261	1.932984436	-1.932984436	-1.933653209	1.933653209	1.939925153	-1.939925153	
0.67	0.05202767941	-0.05202767941	-0.0939722424	0.0939722424	0.1178060097	-0.1178060097	0.1204269377	-0.1204269377	0.1262462537	-0.1262462537	0.1938659873	-0.1938659873	-0.1979258096	0.1979258096	0.2911864439	-0.2911864439	-0.362867732	0.362867732	-0.4071046817	0.4071046817	-0.4087754336	0.4087754336	-0.4190564842	0.4190564842	0.4237735137	-0.4237735137	0.5017293377	-0.5017293377	0.5101844368	-0.5101844368	0.6402548107	-0.6402548107	0.7677730254	-0.7677730254	-0.8523706397	0.8523706397	-0.8573290897	0.8573290897	-0.8620671081	0.8620671081	-0.9164588131	0.9164588131	-0.9358083947	0.9358083947	0.9742219938	-0.9742219938	0.9827908855	-0.9827908855	0.9991131739	-0.9991131739	-1.007011505	1.007011505	-1.01162446	1.01162446	-1.054612054	1.054612054	-1.071022204	1.071022204	-1.074406228	1.074406228	-1.09343644	1.09343644	-1.098436065	1.098436065	-1.110907421	1.110907421	-1.17483017	1.17483017	-1.187503678	1.187503678	-1.195286893	1.195286893	-1.199761652	1.199761652	-1.200630398	1.200630398	-1.208094691	1.208094691	-1.231470781	1.231470781	1.260226084	-1.260226084	-1.263376108	1.263376108	1.276760569	-1.276760569	-1.279243405	1.279243405	1.298588751	-1.298588751	1.319722303	-1.319722303	-1.327073088	1.327073088	-1.337821036	1.337821036	-1.342380795	1.342380795	-1.364331648	1.364331648	-1.377198662	1.377198662	1.392855596	-1.392855596	-1.39694909	1.39694909	1.398858431	-1.398858431	-1.407193771	1.407193771	1.415651302	-1.415651302	-1.436201328	1.436201328	-1.441453226	1.441453226	-1.451131517	1.451131517	-1.470030123	1.470030123	-1.476455282	1.476455282	-1.487074884	1.487074884	1.540718039	-1.540718039	-1.548119612	1.548119612	-1.548133699	1.548133699	-1.557944897	1.557944897	-1.559389761	1.559389761	1.56859362	-1.56859362	1.606227533	-1.606227533	-1.625029601	1.625029601	1.633991931	-1.633991931	1.635448109	-1.635448109	1.657557853	-1.657557853	-1.664289284	1.664289284	-1.699304194	1.699304194	-1.708633975	1.708633975	1.729130194	-1.729130194	-1.729373919	1.729373919	-1.739425403	1.739425403	1.780676866	-1.780676866	1.792330949	-1.792330949	-1.826292844	1.826292844	1.833317917	-1.833317917	-1.855996342	1.855996342	-1.889946062	1.889946062	1.905753327	-1.905753327	-1.91098624	1.91098624	-1.933605832	1.933605832	-1.934240547	1.934240547	-1.939517556	1.939517556	
0.68	0.05560258846	-0.05560258846	-0.08666956075	0.08666956075	0.1088077175	-0.1088077175	0.1115093924	-0.1115093924	0.1174371316	-0.1174371316	0.1851667653	-0.1851667653	0.1896550432	-0.1896550432	0.2876098442	-0.2876098442	0.3542838846	-0.3542838846	-0.3998745727	0.3998745727	-0.3999898962	0.3999898962	0.4108677406	-0.4108677406	0.4270970733	-0.4270970733	-0.4927732318	0.4927732318	0.501190055	-0.501190055	0.6372006806	-0.6372006806	-0.7711455577	0.7711455577	-0.8524410972	0.8524410972	0.8573292276	-0.8573292276	-0.8647687524	0.8647687524	-0.916645099	0.916645099	0.9358001407	-0.9358001407	-0.9768581701	0.9768581701	0.9797377875	-0.9797377875	0.9996815901	-0.9996815901	1.009185702	-1.009185702	1.013802942	-1.013802942	1.054611415	-1.054611415	-1.071243873	1.071243873	-1.076636492	1.076636492	1.095548728	-1.095548728	1.098812015	-1.098812015	-1.111629234	1.111629234	1.17728506	-1.17728506	1.189543214	-1.189543214	1.195377523	-1.195377523	1.199896914	-1.199896914	1.200653472	-1.200653472	-1.208208057	1.208208057	-1.232575958	1.232575958	1.260410362	-1.260410362	1.263398534	-1.263398534	-1.276962777	1.276962777	1.279234302	-1.279234302	1.298839058	-1.298839058	1.319466984	-1.319466984	1.327558944	-1.327558944	-1.337825972	1.337825972	-1.3429327	1.3429327	-1.364348594	1.364348594	-1.377541855	1.377541855	1.394601661	-1.394601661	-1.396966325	1.396966325	-1.400304071	1.400304071	-1.408850546	1.408850546	1.416536207	-1.416536207	-1.436881817	1.436881817	-1.441817689	1.441817689	1.450936356	-1.450936356	1.470160506	-1.470160506	1.475997435	-1.475997435	-1.48685484	1.48685484	-1.540706195	1.540706195	1.548117857	-1.548117857	1.548119111	-1.548119111	-1.557980046	1.557980046	-1.559184008	1.559184008	1.568551626	-1.568551626	-1.607010882	1.607010882	-1.625955975	1.625955975	-1.635071045	1.635071045	1.636419108	-1.636419108	-1.658440581	1.658440581	-1.664029108	1.664029108	1.69931541	-1.69931541	1.708632154	-1.708632154	-1.729260869	1.729260869	-1.729387363	1.729387363	-1.739360769	1.739360769	1.780136306	-1.780136306	1.79203069	-1.79203069	1.826519154	-1.826519154	1.834476188	-1.834476188	1.856497025	-1.856497025	1.889951013	-1.889951013	-1.905472098	1.905472098	-1.910924932	1.910924932	-1.933551858	1.933551858	1.935443184	-1.935443184	1.939085398	-1.939085398	
0.69	0.05917185385	-0.05917185385	-0.07936824232	0.07936824232	0.09980570271	-0.09980570271	-0.1026008803	0.1026008803	-0.1086433238	0.1086433238	0.1764731763	-0.1764731763	-0.1813789542	0.1813789542	0.2840322497	-0.2840322497	-0.3456913378	0.3456913378	-0.3911952991	0.3911952991	-0.3926137657	0.3926137657	-0.40267166	0.40267166	0.4304435563	-0.4304435563	-0.4838139033	0.4838139033	0.4921914059	-0.4921914059	0.6341384362	-0.6341384362	0.7745156176	-0.7745156176	0.8525083186	-0.8525083186	0.8573293433	-0.8573293433	-0.8673932664	0.8673932664	-0.9168233885	0.9168233885	-0.9357920724	0.9357920724	0.976676632	-0.976676632	-0.9794251042	0.9794251042	1.000235233	-1.000235233	-1.011289308	1.011289308	-1.015911682	1.015911682	-1.054610725	1.054610725	-1.071427101	1.071427101	-1.078790412	1.078790412	1.09759565	-1.09759565	1.099183979	-1.099183979	-1.112375968	1.112375968	1.179633546	-1.179633546	-1.191490436	1.191490436	-1.195480879	1.195480879	-1.200059659	1.200059659	1.200681023	-1.200681023	1.20832258	-1.20832258	-1.233578743	1.233578743	1.260586643	-1.260586643	1.263442171	-1.263442171	-1.277179349	1.277179349	1.279225414	-1.279225414	1.299053917	-1.299053917	1.319213977	-1.319213977	-1.328032302	1.328032302	-1.337830483	1.337830483	1.343469504	-1.343469504	1.364363642	-1.364363642	1.377834832	-1.377834832	1.396326246	-1.396326246	-1.396978946	1.396978946	1.401647072	-1.401647072	1.410527608	-1.410527608	1.417417005	-1.417417005	1.437543304	-1.437543304	-1.442177563	1.442177563	1.450759509	-1.450759509	-1.470293103	1.470293103	-1.475541792	1.475541792	-1.486638452	1.486638452	1.540693722	-1.540693722	1.548101066	-1.548101066	1.54811865	-1.54811865	1.557994267	-1.557994267	-1.559003347	1.559003347	-1.568510709	1.568510709	1.607779438	-1.607779438	-1.626868324	1.626868324	-1.636130767	1.636130767	1.637380936	-1.637380936	-1.65930823	1.65930823	1.663771277	-1.663771277	1.699326196	-1.699326196	-1.708630545	1.708630545	-1.729394379	1.729394379	1.729400887	-1.729400887	-1.739297774	1.739297774	-1.779602139	1.779602139	1.791736469	-1.791736469	1.826740911	-1.826740911	1.835565028	-1.835565028	1.857066604	-1.857066604	1.889955992	-1.889955992	-1.905189895	1.905189895	-1.910864428	1.910864428	1.93348907	-1.93348907	1.936563581	-1.936563581	-1.938631402	1.938631402	
0.7	0.06271221939	-0.06271221939	-0.07209180818	0.07209180818	0.09080195935	-0.09080195935	-0.0937064966	0.0937064966	0.09987178287	-0.09987178287	0.1677891183	-0.1677891183	0.1730985744	-0.1730985744	0.2804537285	-0.2804537285	0.3370910714	-0.3370910714	0.3823929838	-0.3823929838	-0.3853392356	0.3853392356	0.3944688545	-0.3944688545	0.433796235	-0.433796235	-0.4748532119	0.4748532119	0.4831903686	-0.4831903686	-0.6310682341	0.6310682341	-0.7778831261	0.7778831261	-0.8525724395	0.8525724395	-0.8573294406	0.8573294406	0.8699403028	-0.8699403028	-0.9169939159	0.9169939159	-0.9357842045	0.9357842045	0.9736075754	-0.9736075754	0.9819226844	-0.9819226844	1.000773974	-1.000773974	-1.013322469	1.013322469	-1.017950778	1.017950778	-1.054610001	1.054610001	-1.071581132	1.071581132	1.080867677	-1.080867677	1.099551443	-1.099551443	-1.099561859	1.099561859	-1.113152721	1.113152721	1.181867399	-1.181867399	-1.193308285	1.193308285	-1.195631224	1.195631224	-1.200257477	1.200257477	-1.200716271	1.200716271	1.208438491	-1.208438491	-1.234479467	1.234479467	-1.260755147	1.260755147	-1.263507698	1.263507698	-1.277410772	1.277410772	1.279216746	-1.279216746	-1.299237103	1.299237103	1.318963644	-1.318963644	1.32849197	-1.32849197	1.337834604	-1.337834604	1.343990935	-1.343990935	-1.36437712	1.36437712	1.37808786	-1.37808786	1.396990019	-1.396990019	1.39801912	-1.39801912	1.402898412	-1.402898412	1.412208712	-1.412208712	1.418291937	-1.418291937	1.438182499	-1.438182499	1.442532255	-1.442532255	-1.450602959	1.450602959	-1.470426418	1.470426418	1.475090667	-1.475090667	-1.486425945	1.486425945	1.540680579	-1.540680579	1.548083295	-1.548083295	1.548118238	-1.548118238	1.557975304	-1.557975304	1.558859968	-1.558859968	-1.568470899	1.568470899	1.608532022	-1.608532022	-1.627765495	1.627765495	-1.63716988	1.63716988	-1.638332708	1.638332708	1.660159791	-1.660159791	1.663516169	-1.663516169	-1.69933654	1.69933654	-1.708629152	1.708629152	-1.729414459	1.729414459	1.729530587	-1.729530587	1.739236439	-1.739236439	-1.779075218	1.779075218	-1.791448568	1.791448568	-1.826957874	1.826957874	1.836578064	-1.836578064	-1.857710469	1.857710469	1.889960996	-1.889960996	-1.904906622	1.904906622	-1.910804815	1.910804815	-1.9334143	1.9334143	-1.937545593	1.937545593	1.938159343	-1.938159343	
0.71	-0.06432920749	0.06432920749	0.06673501533	-0.06673501533	-0.08179867904	0.08179867904	-0.08483276667	0.08483276667	0.09113152471	-0.09113152471	0.1591193677	-0.1591193677	0.1648150492	-0.1648150492	0.276874349	-0.276874349	-0.3284841255	0.3284841255	0.3735843782	-0.3735843782	-0.3780560227	0.3780560227	-0.3862599786	0.3862599786	0.4371503301	-0.4371503301	0.4658931785	-0.4658931785	-0.4741889775	0.4741889775	0.627990227	-0.627990227	-0.7812480053	0.7812480053	0.8526335874	-0.8526335874	-0.8573295225	0.8573295225	-0.8724095526	0.8724095526	-0.9171569046	0.9171569046	0.9357765483	-0.9357765483	0.9705307702	-0.9705307702	-0.9843507565	0.9843507565	-1.001297776	1.001297776	1.015285339	-1.015285339	1.019920339	-1.019920339	-1.054609255	1.054609255	-1.07171258	1.07171258	-1.082867984	1.082867984	1.099913883	-1.099913883	1.101433768	-1.101433768	-1.113965398	1.113965398	-1.183975954	1.183975954	-1.194774739	1.194774739	1.196043938	-1.196043938	1.200500296	-1.200500296	-1.200766352	1.200766352	1.20855615	-1.20855615	-1.235279106	1.235279106	-1.260916084	1.260916084	-1.263595241	1.263595241	-1.277657399	1.277657399	1.279208301	-1.279208301	1.299391973	-1.299391973	-1.318716347	1.318716347	-1.328937033	1.328937033	-1.337838363	1.337838363	1.344496749	-1.344496749	-1.364389272	1.364389272	-1.3783084	1.3783084	-1.397000266	1.397000266	-1.399672987	1.399672987	1.404069782	-1.404069782	1.413879373	-1.413879373	1.419159254	-1.419159254	1.438795888	-1.438795888	-1.442881171	1.442881171	1.450468868	-1.450468868	-1.470557983	1.470557983	-1.474647367	1.474647367	1.486217555	-1.486217555	1.540666726	-1.540666726	-1.54806451	1.54806451	1.548117886	-1.548117886	-1.557910994	1.557910994	-1.558765959	1.558765959	1.568432224	-1.568432224	-1.609267463	1.609267463	-1.628646347	1.628646347	-1.638187193	1.638187193	-1.639273537	1.639273537	-1.660994272	1.660994272	1.663264167	-1.663264167	-1.699346432	1.699346432	-1.708627976	1.708627976	1.729428044	-1.729428044	1.72966934	-1.72966934	-1.739176787	1.739176787	-1.778556402	1.778556402	1.791167259	-1.791167259	-1.827169809	1.827169809	1.837510235	-1.837510235	1.858432677	-1.858432677	-1.889966027	1.889966027	1.90462216	-1.90462216	-1.910746173	1.910746173	-1.933322966	1.933322966	1.937674518	-1.937674518	1.938286607	-1.938286607	
0.72	-0.05730292511	0.05730292511	0.07001805176	-0.07001805176	0.07279830125	-0.07279830125	-0.07598835413	0.07598835413	0.08243458415	-0.08243458415	0.1504698925	-0.1504698925	0.1565296663	-0.1565296663	0.2732941802	-0.2732941802	-0.3198716131	0.3198716131	-0.3647710201	0.3647710201	-0.3707663181	0.3707663181	-0.3780457327	0.3780457327	0.4405039274	-0.4405039274	0.4569360135	-0.4569360135	-0.4651894505	0.4651894505	-0.624904564	0.624904564	0.784610178	-0.784610178	-0.8526918815	0.8526918815	-0.8573295917	0.8573295917	-0.8748007444	0.8748007444	-0.9173125688	0.9173125688	-0.9357691129	0.9357691129	0.967446365	-0.967446365	-0.986709089	0.986709089	1.001806722	-1.001806722	-1.017178079	1.017178079	-1.021820483	1.021820483	1.054608495	-1.054608495	-1.071826269	1.071826269	-1.084791029	1.084791029	-1.100270767	1.100270767	-1.103199059	1.103199059	-1.114820368	1.114820368	-1.185945571	1.185945571	1.195342734	-1.195342734	-1.197247724	1.197247724	-1.200800861	1.200800861	-1.200850188	1.200850188	1.208676109	-1.208676109	-1.235979342	1.235979342	1.261069658	-1.261069658	-1.263704346	1.263704346	-1.277919432	1.277919432	1.279200085	-1.279200085	1.299521488	-1.299521488	-1.318472456	1.318472456	-1.329366823	1.329366823	-1.337841781	1.337841781	1.344986729	-1.344986729	-1.36440028	1.36440028	-1.378501955	1.378501955	1.397009937	-1.397009937	-1.401282601	1.401282601	-1.405171036	1.405171036	1.415527545	-1.415527545	1.420017212	-1.420017212	1.439379782	-1.439379782	1.443223721	-1.443223721	-1.450359536	1.450359536	-1.470683607	1.470683607	-1.474216931	1.474216931	-1.486013532	1.486013532	1.540652118	-1.540652118	1.548044677	-1.548044677	-1.548117604	1.548117604	-1.557800039	1.557800039	1.558722535	-1.558722535	-1.568394712	1.568394712	-1.609984601	1.609984601	-1.629509755	1.629509755	-1.639181541	1.639181541	-1.640202533	1.640202533	1.661810694	-1.661810694	1.663015659	-1.663015659	-1.699355861	1.699355861	-1.70862702	1.70862702	1.729441607	-1.729441607	1.729810472	-1.729810472	1.739118837	-1.739118837	-1.778046555	1.778046555	-1.790892808	1.790892808	-1.827376492	1.827376492	1.838358254	-1.838358254	-1.85923549	1.85923549	-1.889971084	1.889971084	1.904336357	-1.904336357	-1.910688583	1.910688583	1.933208405	-1.933208405	1.937184413	-1.937184413	-1.938667727	1.938667727	
0.73	-0.04999807295	0.04999807295	-0.06380358599	0.06380358599	-0.06718523603	0.06718523603	0.07357654842	-0.07357654842	0.0737975717	-0.0737975717	0.1418483098	-0.1418483098	-0.1482438937	0.1482438937	0.2697132928	-0.2697132928	-0.3112547348	0.3112547348	-0.355954585	0.355954585	-0.3634713593	0.3634713593	-0.3698268676	0.3698268676	0.4438560826	-0.4438560826	-0.4479841533	0.4479841533	0.4561942217	-0.4561942217	0.6218113907	-0.6218113907	0.7879695673	-0.7879695673	-0.852747434	0.852747434	0.8573296507	-0.8573296507	-0.8771136433	0.8771136433	-0.9174611126	0.9174611126	-0.9357619053	0.9357619053	0.9643545054	-0.9643545054	-0.9889973159	0.9889973159	-1.002301071	1.002301071	-1.019000857	1.019000857	1.023651335	-1.023651335	-1.054607727	1.054607727	-1.071925784	1.071925784	-1.08663651	1.08663651	1.100621561	-1.100621561	1.104846887	-1.104846887	-1.115723717	1.115723717	1.187759432	-1.187759432	-1.195511011	1.195511011	-1.198680444	1.198680444	-1.201031803	1.201031803	-1.20117483	1.20117483	1.208799218	-1.208799218	1.236582591	-1.236582591	-1.261216062	1.261216062	-1.26383397	1.26383397	-1.278196894	1.278196894	-1.2791921	1.2791921	1.299628244	-1.299628244	-1.318232343	1.318232343	-1.329780885	1.329780885	1.337844875	-1.337844875	-1.345460681	1.345460681	-1.364410286	1.364410286	-1.378672653	1.378672653	-1.397019138	1.397019138	-1.402844166	1.402844166	1.406209858	-1.406209858	-1.417143628	1.417143628	1.420864073	-1.420864073	-1.439930397	1.439930397	-1.443559318	1.443559318	-1.450277329	1.450277329	-1.470795981	1.470795981	-1.473807528	1.473807528	-1.485814138	1.485814138	1.540636708	-1.540636708	-1.548023759	1.548023759	-1.548117405	1.548117405	1.557654511	-1.557654511	-1.558717538	1.558717538	-1.568358388	1.568358388	1.61068229	-1.61068229	1.630354609	-1.630354609	-1.640151789	1.640151789	1.641118801	-1.641118801	-1.662608098	1.662608098	-1.662771038	1.662771038	1.699364819	-1.699364819	-1.708626287	1.708626287	-1.729455111	1.729455111	-1.729953806	1.729953806	-1.739062606	1.739062606	-1.777546546	1.777546546	-1.790625476	1.790625476	-1.827577706	1.827577706	-1.839120914	1.839120914	-1.860119063	1.860119063	-1.889976165	1.889976165	-1.904049034	1.904049034	-1.910632124	1.910632124	-1.933061042	1.933061042	-1.936699537	1.936699537	-1.938687688	1.938687688	
0.74	-0.04267279248	0.04267279248	-0.05481772695	0.05481772695	-0.05844087782	0.05844087782	0.06524433942	-0.06524433942	0.07715268462	-0.07715268462	0.1332645716	-0.1332645716	-0.1399594326	0.1399594326	0.2661317591	-0.2661317591	-0.3026347967	0.3026347967	0.3471369198	-0.3471369198	-0.3561720015	0.3561720015	0.3616041908	-0.3616041908	-0.4390402815	0.4390402815	0.4472059814	-0.4472059814	0.4472062732	-0.4472062732	0.6187108496	-0.6187108496	0.7913260966	-0.7913260966	0.85280035	-0.85280035	-0.8573297015	0.8573297015	-0.8793480506	0.8793480507	-0.9176027311	0.9176027311	0.9357549315	-0.9357549315	0.9612553334	-0.9612553334	0.9912148388	-0.9912148388	-1.00278135	1.00278135	1.020753844	-1.020753844	1.025413026	-1.025413026	1.054606954	-1.054606954	-1.072013834	1.072013834	-1.088404127	1.088404127	-1.100965729	1.100965729	1.106368739	-1.106368739	-1.116680021	1.116680021	-1.189398311	1.189398311	1.19560806	-1.19560806	-1.199780762	1.199780762	1.201544733	-1.201544733	1.201639831	-1.201639831	-1.208926789	1.208926789	1.23709198	-1.23709198	-1.261355485	1.261355485	1.263982527	-1.263982527	1.278489613	-1.278489613	-1.279184351	1.279184351	1.299714495	-1.299714495	1.317996381	-1.317996381	-1.330178951	1.330178951	1.337847656	-1.337847656	1.345918437	-1.345918437	-1.364419402	1.364419402	-1.378823643	1.378823643	-1.397027911	1.397027911	-1.404354917	1.404354917	1.407191983	-1.407191983	1.418720162	-1.418720162	1.421698105	-1.421698105	-1.440443992	1.440443992	-1.443887383	1.443887383	-1.450224538	1.450224538	-1.470882183	1.470882183	1.473432948	-1.473432948	-1.485619651	1.485619651	1.540620443	-1.540620443	-1.54800172	1.54800172	1.548117299	-1.548117299	1.557489156	-1.557489156	-1.558736123	1.558736123	-1.568323278	1.568323278	1.6113594	-1.6113594	1.631179826	-1.631179826	1.641096835	-1.641096835	-1.642021445	1.642021445	1.662530698	-1.662530698	1.663385542	-1.663385542	1.699373298	-1.699373298	1.708625778	-1.708625778	1.729468518	-1.729468518	-1.730099145	1.730099145	1.73900811	-1.73900811	-1.777057243	1.777057243	-1.790365512	1.790365512	-1.827773242	1.827773242	1.839799166	-1.839799166	1.861081356	-1.861081356	-1.88998127	1.88998127	-1.903759981	1.903759981	1.910576875	-1.910576875	1.932867754	-1.932867754	-1.936234065	1.936234065	-1.938474007	1.938474007	
0.75	-0.03533977484	0.03533977484	-0.04584454518	0.04584454518	0.04978218198	-0.04978218198	-0.05681082132	0.05681082132	-0.08073415723	0.08073415723	0.1247320223	-0.1247320223	-0.1316782892	0.1316782892	0.2625496548	-0.2625496548	-0.2940132328	0.2940132328	-0.3383200845	0.3383200845	-0.3488689334	0.3488689334	-0.3533785757	0.3533785757	-0.4301074309	0.4301074309	-0.4382277248	0.4382277248	0.4505541353	-0.4505541353	-0.6156030802	0.6156030802	0.7946796895	-0.7946796895	-0.8528507282	0.8528507282	0.8573297461	-0.8573297461	-0.8815038021	0.8815038021	0.9177376104	-0.9177376104	-0.9357481963	0.9357481963	0.9581489885	-0.9581489885	-0.9933606419	0.9933606419	1.003248535	-1.003248535	-1.022437215	1.022437215	1.027105693	-1.027105693	-1.054606179	1.054606179	1.0720925	-1.0720925	-1.090093575	1.090093575	1.101302737	-1.101302737	1.107759724	-1.107759724	-1.117690824	1.117690824	-1.190843254	1.190843254	-1.19568343	1.19568343	1.200262119	-1.200262119	1.202212492	-1.202212492	-1.202626736	1.202626736	1.209060894	-1.209060894	-1.23751129	1.23751129	1.261488104	-1.261488104	-1.26414796	1.26414796	-1.278797204	1.278797204	1.279176841	-1.279176841	-1.299782183	1.299782183	1.317764945	-1.317764945	-1.330560909	1.330560909	-1.33785013	1.33785013	-1.346359847	1.346359847	1.364427714	-1.364427714	1.378957368	-1.378957368	-1.397036272	1.397036272	1.405812841	-1.405812841	1.408121572	-1.408121572	1.42025142	-1.42025142	1.422517582	-1.422517582	1.440917073	-1.440917073	-1.444207346	1.444207346	1.450203189	-1.450203189	1.470920234	-1.470920234	-1.473116041	1.473116041	-1.485430363	1.485430363	1.54060327	-1.54060327	1.547978523	-1.547978523	1.548117297	-1.548117297	1.557314405	-1.557314405	1.558767756	-1.558767756	1.568289407	-1.568289407	1.612014822	-1.612014822	-1.631984341	1.631984341	-1.642015611	1.642015611	-1.642909567	1.642909567	1.662295037	-1.662295037	-1.664142106	1.664142106	1.69938129	-1.69938129	-1.708625494	1.708625494	1.729481789	-1.729481789	-1.730246282	1.730246282	1.738955363	-1.738955363	-1.776579515	1.776579515	-1.79011316	1.79011316	-1.8279629	1.8279629	-1.840395956	1.840395956	1.862118293	-1.862118293	1.889986398	-1.889986398	-1.903468958	1.903468958	1.910522916	-1.910522916	-1.932612422	1.932612422	-1.935805285	1.935805285	1.938142672	-1.938142672	
0.76	-0.0280022796	0.02800227961	0.03688886377	-0.03688886377	-0.04125373447	0.04125373447	0.0485544714	-0.0485544714	0.0843181192	-0.0843181192	0.1162690815	-0.1162690815	0.1234028779	-0.1234028779	0.2589670591	-0.2589670591	-0.285391633	0.285391633	-0.3295064053	0.3295064053	-0.3415627746	0.3415627746	-0.345150971	0.345150971	0.4211889796	-0.4211889796	-0.4292628109	0.4292628109	0.4538994366	-0.4538994366	0.6124882197	-0.6124882197	-0.7980302689	0.7980302689	-0.8528986611	0.8528986611	0.8573297859	-0.8573297859	0.8835807666	-0.8835807666	-0.9178659275	0.9178659276	-0.9357417037	0.9357417037	0.9550356079	-0.9550356079	-0.995432921	0.995432921	1.003704423	-1.003704423	-1.024051148	1.024051148	1.028729478	-1.028729478	-1.054605404	1.054605404	-1.072163407	1.072163407	-1.091704549	1.091704549	1.101632059	-1.101632059	1.109019755	-1.109019755	-1.118753286	1.118753286	1.192080629	-1.192080629	-1.195748721	1.195748721	1.200431395	-1.200431395	1.202902863	-1.202902863	-1.203960143	1.203960143	-1.209204884	1.209204884	-1.237844856	1.237844856	-1.261614092	1.261614092	1.264327858	-1.264327858	1.279119059	-1.279119059	-1.279169576	1.279169576	-1.299832965	1.299832965	-1.31753841	1.31753841	1.330926775	-1.330926775	-1.337852302	1.337852302	-1.346784784	1.346784784	1.364435294	-1.364435294	1.379075748	-1.379075748	1.39704422	-1.39704422	-1.407216473	1.407216473	1.409001569	-1.409001569	-1.421733028	1.421733028	-1.423320791	1.423320791	-1.441346664	1.441346664	1.444518647	-1.444518647	1.45021477	-1.45021477	1.470879044	-1.470879044	-1.472888768	1.472888768	-1.48524658	1.48524658	-1.54058513	1.54058513	-1.547954131	1.547954131	-1.548117413	1.548117413	-1.557136398	1.557136398	-1.558806184	1.558806184	-1.568256799	1.568256799	1.612647472	-1.612647472	-1.632767121	1.632767121	-1.642907084	1.642907084	-1.643782266	1.643782266	1.662064453	-1.662064453	-1.664876892	1.664876892	1.699388788	-1.699388788	-1.708625437	1.708625437	-1.729494883	1.729494883	-1.730394994	1.730394994	-1.738904378	1.738904378	-1.776114229	1.776114229	-1.789868655	1.789868655	-1.828146486	1.828146486	-1.840915854	1.840915854	-1.863224116	1.863224116	-1.889991548	1.889991548	-1.903175701	1.903175701	-1.910470327	1.910470327	-1.932279243	1.932279243	1.935430303	-1.935430303	1.937756935	-1.937756935	
0.77	-0.02066182774	0.02066182774	-0.02795735294	0.02795735294	0.03293600892	-0.03293600892	0.0405743141	-0.0405743141	0.08790351443	-0.08790351443	-0.1079020204	0.1079020204	-0.1151361706	0.1151361706	0.2553840565	-0.2553840565	0.276771778	-0.276771778	0.3206985415	-0.3206985415	-0.3342541261	0.3342541261	0.336922415	-0.336922415	0.4122887675	-0.4122887675	-0.4203150347	0.4203150347	0.4572419909	-0.4572419909	0.6093664029	-0.6093664029	0.8013777572	-0.8013777572	-0.8529442352	0.8529442352	-0.8573298224	0.8573298224	-0.8855788447	0.8855788447	0.9179878512	-0.9179878512	-0.9357354572	0.9357354572	-0.9519153264	0.9519153264	0.9974282613	-0.9974282613	-1.004152444	1.004152444	1.025595824	-1.025595824	-1.030284523	1.030284523	-1.054604628	1.054604628	-1.072227837	1.072227837	1.093236738	-1.093236738	1.101953177	-1.101953177	1.110153937	-1.110153937	-1.119859682	1.119859682	1.19310816	-1.19310816	1.195807967	-1.195807967	1.200510338	-1.200510338	-1.203707389	1.203707389	1.205320038	-1.205320038	-1.20936438	1.20936438	-1.23809744	1.23809744	-1.261733609	1.261733609	-1.264519579	1.264519579	1.279162558	-1.279162558	-1.279454345	1.279454345	1.299868235	-1.299868235	1.317317151	-1.317317151	-1.331276672	1.331276672	1.33785417	-1.33785417	-1.347193137	1.347193137	1.364442197	-1.364442197	-1.37918032	1.37918032	-1.397051745	1.397051745	-1.408564756	1.408564756	1.409834021	-1.409834021	1.423161643	-1.423161643	1.424106034	-1.424106034	-1.441730624	1.441730624	-1.444820743	1.444820743	-1.450259923	1.450259923	1.470732981	-1.470732981	1.472777634	-1.472777634	1.485068623	-1.485068623	-1.54056596	1.54056596	-1.54792851	1.54792851	-1.548117658	1.548117658	1.556958646	-1.556958646	-1.558847777	1.558847777	-1.568225475	1.568225475	1.613256291	-1.613256291	-1.633527159	1.633527159	1.643770262	-1.643770262	1.64463864	-1.64463864	1.661839344	-1.661839344	1.665589025	-1.665589025	1.699395786	-1.699395786	-1.708625609	1.708625609	-1.729507761	1.729507761	-1.730545045	1.730545045	-1.738855166	1.738855166	1.775662246	-1.775662246	-1.789632224	1.789632224	1.828323815	-1.828323815	-1.841364572	1.841364572	1.864391855	-1.864391855	-1.889996718	1.889996718	-1.902879926	1.902879926	1.91041919	-1.91041919	-1.931858695	1.931858695	1.935120071	-1.935120071	-1.937347951	1.937347951	
0.78	-0.01331947235	0.01331947235	0.01906085029	-0.01906085029	-0.0249900784	0.0249900784	0.03305793547	-0.03305793547	0.09148981959	-0.09148981959	-0.09966972624	0.09966972624	0.1068819234	-0.1068819234	0.251800738	-0.251800738	0.2681556842	-0.2681556842	-0.3118995738	0.3118995738	-0.3269436026	0.3269436026	-0.3286940511	0.3286940511	-0.4034111769	0.4034111769	0.4113887172	-0.4113887172	0.4605816465	-0.4605816465	0.6062377631	-0.6062377631	-0.8047220758	0.8047220758	-0.8529875318	0.8529875318	0.8573298568	-0.8573298568	0.8874979668	-0.8874979668	0.9181035413	-0.9181035413	-0.9357294595	0.9357294595	0.9487882773	-0.9487882773	0.9993396003	-0.9993396003	1.004599703	-1.004599703	1.02707142	-1.02707142	-1.031770975	1.031770975	-1.054603853	1.054603853	-1.072286818	1.072286818	-1.094689825	1.094689825	-1.10226559	1.10226559	1.111171787	-1.111171787	-1.120998106	1.120998106	1.193938254	-1.193938254	-1.195862949	1.195862949	-1.20055725	1.20055725	1.204603696	-1.204603696	-1.206647257	1.206647257	-1.209549159	1.209549159	1.238274084	-1.238274084	1.261846813	-1.261846813	-1.264720393	1.264720393	-1.279155791	1.279155791	-1.279802011	1.279802011	-1.299889145	1.299889145	-1.317101539	1.317101539	-1.331610808	1.331610808	-1.337855733	1.337855733	1.347584813	-1.347584813	-1.364448471	1.364448471	-1.379272322	1.379272322	1.397058833	-1.397058833	-1.409856943	1.409856943	-1.410620313	1.410620313	1.424534706	-1.424534706	1.424871632	-1.424871632	-1.442067942	1.442067942	1.445113103	-1.445113103	1.450338152	-1.450338152	-1.470485366	1.470485366	1.472780182	-1.472780182	-1.484896826	1.484896826	-1.540545696	1.540545696	-1.547901623	1.547901623	-1.548118044	1.548118044	-1.556783209	1.556783209	-1.558890345	1.558890345	1.568195457	-1.568195457	-1.613840251	1.613840251	-1.634263481	1.634263481	-1.64460419	1.64460419	-1.645477787	1.645477787	1.661620107	-1.661620107	1.666277656	-1.666277656	1.699402281	-1.699402281	-1.708626009	1.708626009	1.729520381	-1.729520381	-1.730696181	1.730696181	-1.738807738	1.738807738	-1.77522442	1.77522442	-1.789404086	1.789404086	1.828494711	-1.828494711	1.84174846	-1.84174846	1.865613814	-1.865613814	-1.890001906	1.890001906	1.902581337	-1.902581337	-1.910369589	1.910369589	1.931351968	-1.931351968	-1.934874975	1.934874975	-1.936931685	1.936931685	
0.79	-0.005976163314	0.005976163314	-0.01022275554	0.01022275554	-0.01777805192	0.01777805192	0.02640178286	-0.02640178286	-0.09163217204	0.09163217204	0.09507675842	-0.09507675842	0.0986450311	-0.0986450311	0.2482172032	-0.2482172032	-0.2595456611	0.2595456611	0.3031131198	-0.3031131198	-0.319631856	0.319631856	0.3204671486	-0.3204671486	0.3945612494	-0.3945612494	-0.4024888162	0.4024888162	0.4639182725	-0.4639182725	-0.6031024319	0.6031024319	0.8080631444	-0.8080631444	-0.853028627	0.853028627	-0.8573298902	0.8573298902	0.8893380909	-0.8893380909	-0.9182131498	0.9182131498	-0.9357237131	0.9357237131	0.9456545931	-0.9456545931	-1.001150457	1.001150457	1.005062741	-1.005062741	1.028478119	-1.028478119	1.033188981	-1.033188981	-1.054603078	1.054603078	1.072341182	-1.072341182	-1.096063482	1.096063482	-1.102568817	1.102568817	-1.112085535	1.112085535	-1.122154114	1.122154114	-1.194595725	1.194595725	1.195914586	-1.195914586	-1.200589612	1.200589612	-1.205549244	1.205549244	1.207924369	-1.207924369	1.209776774	-1.209776774	1.238379971	-1.238379971	1.261953849	-1.261953849	-1.264927605	1.264927605	1.279149279	-1.279149279	1.280160805	-1.280160805	-1.299896631	1.299896631	-1.316891944	1.316891944	-1.331929456	1.331929456	-1.337856983	1.337856983	-1.347959734	1.347959734	1.364454152	-1.364454152	1.379352767	-1.379352767	1.397065465	-1.397065465	1.411092517	-1.411092517	1.411361356	-1.411361356	-1.425615936	1.425615936	1.425850251	-1.425850251	-1.442358962	1.442358962	1.445395217	-1.445395217	1.450447601	-1.450447601	-1.470164579	1.470164579	1.472868885	-1.472868885	1.484731536	-1.484731536	-1.540524266	1.540524266	-1.547873438	1.547873438	-1.548118583	1.548118583	1.556611358	-1.556611358	1.55893248	-1.55893248	1.568166766	-1.568166766	1.614398356	-1.614398356	-1.634975147	1.634975147	1.645407959	-1.645407959	1.646298808	-1.646298808	1.661407135	-1.661407135	-1.666941963	1.666941963	-1.699408267	1.699408267	-1.708626639	1.708626639	-1.729532701	1.729532701	1.73084814	-1.73084814	-1.738762103	1.738762103	-1.774801596	1.774801596	1.78918445	-1.78918445	-1.828659002	1.828659002	1.842074062	-1.842074062	-1.866881983	1.866881983	1.89000711	-1.89000711	-1.902279642	1.902279642	-1.910321609	1.910321609	-1.930769433	1.930769433	-1.934686368	1.934686368	-1.936516941	1.936516941	
0.8	-0.001361435285	0.001361435285	0.001532489806	-0.001532489807	0.01219078834	-0.01219078834	0.02150648955	-0.02150648955	0.08388645837	-0.08388645838	0.09043211156	-0.09043211156	0.09866400932	-0.09866400932	0.2446335625	-0.2446335625	0.2509443874	-0.2509443874	0.2943434881	-0.2943434881	0.3122431283	-0.3122431283	0.3123195972	-0.3123195972	0.3857448305	-0.3857448305	0.3936210656	-0.3936210656	0.4672517503	-0.4672517503	0.5999605405	-0.5999605405	0.8114008808	-0.8114008808	0.8530675916	-0.8530675916	0.8573299236	-0.8573299236	0.8910992006	-0.8910992006	0.9183168204	-0.9183168204	-0.9357182201	0.9357182201	0.9425144053	-0.9425144053	1.00281643	-1.00281643	1.005586037	-1.005586037	1.029816096	-1.029816096	1.034538689	-1.034538689	1.054602302	-1.054602302	-1.07239161	1.07239161	-1.09735736	1.09735736	-1.102862416	1.102862416	1.112908201	-1.112908201	1.123312612	-1.123312612	-1.195111295	1.195111295	1.195963413	-1.195963413	1.200614107	-1.200614107	1.206481837	-1.206481837	1.209145177	-1.209145177	1.210078536	-1.210078536	-1.238420285	1.238420285	1.262054859	-1.262054859	1.265138676	-1.265138676	1.279143025	-1.279143025	1.280529294	-1.280529294	1.299891424	-1.299891424	1.31668873	-1.31668873	1.332232942	-1.332232942	1.337857913	-1.337857913	1.348317834	-1.348317834	-1.364459271	1.364459271	-1.379422491	1.379422491	1.39707162	-1.39707162	1.412057722	-1.412057722	1.412271136	-1.412271136	1.426337333	-1.426337333	1.42710676	-1.42710676	1.442605442	-1.442605442	-1.445666595	1.445666595	1.450585002	-1.450585002	1.46980002	-1.46980002	1.473015186	-1.473015186	1.48457311	-1.48457311	1.540501596	-1.540501596	-1.547843925	1.547843925	1.548119285	-1.548119285	1.556443912	-1.556443912	1.55897322	-1.55897322	1.568139422	-1.568139422	1.614929648	-1.614929648	1.635661252	-1.635661252	1.646180699	-1.646180699	1.647100805	-1.647100805	-1.661200818	1.661200818	-1.667581152	1.667581152	-1.699413742	1.699413742	-1.708627498	1.708627498	-1.72954468	1.72954468	1.731000643	-1.731000643	1.738718269	-1.738718269	-1.774394606	1.774394606	-1.788973519	1.788973519	1.828816528	-1.828816528	1.84234778	-1.84234778	1.86818835	-1.86818835	-1.890012329	1.890012329	-1.901974575	1.901974575	-1.910275336	1.910275336	-1.930125197	1.930125197	-1.934542028	1.934542028	1.936108947	-1.936108947	
0.81	-0.006203694917	0.006203694917	-0.008709501589	0.008709501589	0.01056843065	-0.01056843065	0.02004752389	-0.02004752389	0.07659696952	-0.07659696952	0.08225253227	-0.08225253227	0.1022514375	-0.1022514375	0.2410499404	-0.2410499404	0.2423550097	-0.2423550097	0.2855958891	-0.2855958891	-0.3040235943	0.3040235943	0.3050076196	-0.3050076196	0.3769687532	-0.3769687532	0.3847921507	-0.3847921507	0.4705819691	-0.4705819691	0.5968122198	-0.5968122198	0.8147351997	-0.8147351997	-0.8531044923	0.8531044923	0.8573299578	-0.8573299578	0.8927813029	-0.8927813029	-0.9184146889	0.9184146889	0.9357129823	-0.9357129823	0.9393678461	-0.9393678461	-1.00421379	1.00421379	1.006293413	-1.006293413	-1.031085529	1.031085529	1.035820246	-1.035820246	-1.054601523	1.054601523	-1.072438663	1.072438663	-1.098571074	1.098571074	-1.103145995	1.103145995	1.113652078	-1.113652078	-1.124459339	1.124459339	1.195515116	-1.195515116	1.196009767	-1.196009767	-1.200633773	1.200633773	-1.207321846	1.207321846	-1.210307365	1.210307365	1.210503772	-1.210503772	-1.238400095	1.238400095	1.262149975	-1.262149975	1.265351297	-1.265351297	-1.279137034	1.279137034	-1.280905895	1.280905895	1.299874074	-1.299874074	-1.316492257	1.316492257	1.33252163	-1.33252163	-1.337858513	1.337858513	-1.348659061	1.348659061	1.364463854	-1.364463854	1.379482189	-1.379482189	1.397077277	-1.397077277	1.41270975	-1.41270975	1.413392589	-1.413392589	1.427034261	-1.427034261	1.428303057	-1.428303057	-1.44281043	1.44281043	-1.445926769	1.445926769	-1.450745801	1.450745801	1.469411631	-1.469411631	-1.473199968	1.473199968	-1.484421913	1.484421913	-1.540477607	1.540477607	-1.547813056	1.547813056	-1.548120163	1.548120163	1.556281418	-1.556281418	1.55901186	-1.55901186	-1.568113443	1.568113443	-1.615433207	1.615433207	-1.636320931	1.636320931	-1.646921587	1.646921587	1.647882883	-1.647882883	1.66100154	-1.66100154	-1.668194457	1.668194457	1.699418705	-1.699418705	-1.708628587	1.708628587	-1.729556276	1.729556276	1.7311534	-1.7311534	-1.738676243	1.738676243	-1.774004264	1.774004264	1.788771486	-1.788771486	1.828967132	-1.828967132	1.842575639	-1.842575639	-1.869525083	1.869525083	1.890017559	-1.890017559	-1.901665927	1.901665927	-1.910230858	1.910230858	1.929432716	-1.929432716	-1.934430551	1.934430551	-1.935711017	1.935711017	
0.82	0.009534339107	-0.009534339108	-0.01604886283	0.01604886283	-0.01699538849	0.01699538849	0.02295581482	-0.02295581482	-0.0700532731	0.0700532731	-0.07412039296	0.07412039296	-0.1058388381	0.1058388381	-0.2337812766	0.2337812766	0.2374664798	-0.2374664798	-0.2768767241	0.2768767241	-0.2958103749	0.2958103749	-0.2976968262	0.2976968262	0.3682410705	-0.3682410705	-0.3760099311	0.3760099311	0.473908821	-0.473908821	-0.5936576014	0.5936576014	0.8180660123	-0.8180660123	-0.8531393909	0.8531393909	0.8573299934	-0.8573299934	0.894384425	-0.894384425	-0.9185068836	0.9185068836	-0.9357080011	0.9357080011	-0.9362150488	0.9362150488	1.005162904	-1.005162904	-1.007364604	1.007364604	-1.032286591	1.032286591	-1.037033795	1.037033795	-1.05460074	1.05460074	-1.07248281	1.07248281	-1.099704167	1.099704167	-1.103419259	1.103419259	-1.114327873	1.114327873	1.125581721	-1.125581721	-1.195833003	1.195833003	-1.196053878	1.196053878	-1.200650168	1.200650168	1.207993203	-1.207993203	-1.211102592	1.211102592	-1.211410247	1.211410247	1.238324264	-1.238324264	-1.262239322	1.262239322	-1.265563458	1.265563458	-1.279131308	1.279131308	1.281288914	-1.281288914	-1.299844959	1.299844959	-1.316302876	1.316302876	-1.332795909	1.332795909	-1.337858771	1.337858771	-1.348983372	1.348983372	-1.364467919	1.364467919	1.37953244	-1.37953244	-1.397082412	1.397082412	-1.413317617	1.413317617	-1.41445676	1.41445676	1.427705215	-1.427705215	-1.429438229	1.429438229	1.442977969	-1.442977969	1.446175299	-1.446175299	1.450924454	-1.450924454	-1.46901132	1.46901132	-1.473412123	1.473412123	-1.484278316	1.484278316	1.540452213	-1.540452213	-1.547780807	1.547780807	-1.548121226	1.548121226	-1.55612426	1.55612426	-1.559047858	1.559047858	-1.568088847	1.568088847	-1.615908154	1.615908154	-1.636953354	1.636953354	1.647629846	-1.647629846	-1.648644157	1.648644157	-1.66080968	1.66080968	1.668781146	-1.668781146	-1.699423154	1.699423154	-1.708629905	1.708629905	1.729567448	-1.729567448	1.73130611	-1.73130611	-1.738636034	1.738636034	-1.773631369	1.773631369	-1.788578534	1.788578534	-1.829110667	1.829110667	1.842763152	-1.842763152	1.870884607	-1.870884607	-1.890022796	1.890022796	1.901353598	-1.901353598	-1.910188265	1.910188265	-1.928703144	1.928703144	-1.934343014	1.934343014	-1.935325386	1.935325386	
0.83	0.01250623624	-0.01250623624	-0.02338232564	0.02338232564	0.02547276486	-0.02547276486	0.02876561089	-0.02876561089	0.06476359775	-0.06476359775	0.06605901314	-0.06605901314	0.1094260106	-0.1094260106	0.2252277208	-0.2252277208	0.2338833472	-0.2338833472	0.2681939932	-0.2681939932	0.2876055746	-0.2876055746	-0.2903882634	0.2903882634	0.3595713541	-0.3595713541	-0.3672837248	0.3672837248	0.4772321991	-0.4772321991	0.590496819	-0.590496819	0.8213932246	-0.8213932246	-0.8531723453	0.8531723453	0.8573300311	-0.8573300311	0.8959086124	-0.8959086124	0.9185935248	-0.9185935248	0.9330561495	-0.9330561495	-0.9357032779	0.9357032779	-1.005745579	1.005745579	-1.008717917	1.008717917	1.033419451	-1.033419451	1.038179481	-1.038179481	1.05459995	-1.05459995	1.072524444	-1.072524444	1.100756033	-1.100756033	1.103682083	-1.103682083	1.114944402	-1.114944402	-1.126669151	1.126669151	1.196085372	-1.196085372	-1.196095909	1.196095909	1.200664161	-1.200664161	-1.208472967	1.208472967	1.211877378	-1.211877378	-1.212453924	1.212453924	1.238197378	-1.238197378	-1.262323019	1.262323019	1.265773467	-1.265773467	1.279125851	-1.279125851	1.281676583	-1.281676583	1.299804304	-1.299804304	1.316120932	-1.316120932	-1.333056188	1.333056188	1.337858671	-1.337858671	1.349290736	-1.349290736	1.364471485	-1.364471485	-1.379573734	1.379573734	-1.397087004	1.397087004	1.413881396	-1.413881396	1.415463602	-1.415463602	1.428348767	-1.428348767	1.430511568	-1.430511568	1.443112708	-1.443112708	1.446411769	-1.446411769	1.451114823	-1.451114823	1.468606177	-1.468606177	1.47364534	-1.47364534	-1.484142692	1.484142692	1.540425327	-1.540425327	1.547747156	-1.547747156	1.548122485	-1.548122485	1.555972709	-1.555972709	1.559080771	-1.559080771	1.56806565	-1.56806565	-1.616353657	1.616353657	1.637557735	-1.637557735	-1.648304744	1.648304744	-1.649383745	1.649383745	-1.660625607	1.660625607	1.669340516	-1.669340516	1.699427089	-1.699427089	1.708631451	-1.708631451	-1.729578157	1.729578157	1.731458463	-1.731458463	1.738597646	-1.738597646	-1.773276697	1.773276697	-1.788394839	1.788394839	1.829246994	-1.829246994	1.842915269	-1.842915269	1.872259576	-1.872259576	-1.890028038	1.890028038	1.901037664	-1.901037664	1.910147648	-1.910147648	1.927945356	-1.927945356	-1.934272961	1.934272961	-1.934953629	1.934953629	
0.84	0.01469098531	-0.01469098531	-0.0307022761	0.0307022761	0.0340607876	-0.0340607876	-0.03586185491	0.03586185491	-0.05811510608	0.05811510608	-0.06151467929	0.06151467929	0.113012734	-0.113012734	-0.2166999114	0.2166999114	0.2303007405	-0.2303007405	0.2595578789	-0.2595578789	-0.279411641	0.279411641	-0.2830831658	0.2830831658	-0.3509710785	0.3509710785	-0.3586246742	0.3586246742	0.480551994	-0.480551994	0.5873300094	-0.5873300094	0.8247167364	-0.8247167364	-0.8532034093	0.8532034093	-0.8573300714	0.8573300714	-0.8973539256	0.8973539256	-0.9186747258	0.9186747258	0.9298912886	-0.9298912886	-0.9356988139	0.9356988139	-1.006163938	1.006163938	-1.010151344	1.010151344	-1.034484274	1.034484274	1.039257444	-1.039257444	-1.05459915	1.05459915	-1.072563899	1.072563899	-1.10172572	1.10172572	1.103934718	-1.103934718	-1.115508661	1.115508661	-1.127712921	1.127712921	-1.196135983	1.196135983	1.196287694	-1.196287694	1.200676265	-1.200676265	1.208801926	-1.208801926	-1.212771727	1.212771727	1.213438923	-1.213438923	1.238023701	-1.238023701	1.262401177	-1.262401177	-1.265979963	1.265979963	-1.279120666	1.279120666	-1.282067095	1.282067095	1.299752188	-1.299752188	-1.315946761	1.315946761	-1.333302885	1.333302885	-1.3378582	1.3378582	-1.349581126	1.349581126	-1.364474564	1.364474564	-1.379606485	1.379606485	1.397091029	-1.397091029	-1.414401093	1.414401093	1.416413111	-1.416413111	1.428963573	-1.428963573	-1.43152252	1.43152252	-1.443219511	1.443219511	1.446635793	-1.446635793	1.45131057	-1.45131057	1.468200605	-1.468200605	-1.473895961	1.473895961	-1.48401541	1.48401541	1.540396852	-1.540396852	1.547712088	-1.547712088	-1.548123948	1.548123948	-1.555826958	1.555826958	-1.559110229	1.559110229	1.568043867	-1.568043867	1.616768929	-1.616768929	1.638133328	-1.638133328	-1.648945596	1.648945596	-1.65010078	1.65010078	1.66044968	-1.66044968	-1.669871899	1.669871899	1.699430511	-1.699430511	-1.708633225	1.708633225	1.729588362	-1.729588362	-1.731610138	1.731610138	1.738561088	-1.738561088	-1.772940999	1.772940999	1.788220567	-1.788220567	1.829375978	-1.829375978	1.843036366	-1.843036366	-1.873642768	1.873642768	-1.89003328	1.89003328	1.900718478	-1.900718478	1.910109097	-1.910109097	1.927166503	-1.927166503	-1.934215855	1.934215855	-1.934596913	1.934596913	
0.85	0.01472910849	-0.01472910849	-0.03797043414	0.03797043414	-0.04261545508	0.04261545508	-0.04338449527	0.04338449527	-0.05047759959	0.05047759959	-0.06109338676	0.06109338676	0.1165987514	-0.1165987514	0.2082048102	-0.2082048102	0.2267188994	-0.2267188994	0.2509816006	-0.2509816006	0.2712314533	-0.2712314533	-0.2757830163	0.2757830163	-0.3424541205	0.3424541205	0.35004622	-0.35004622	-0.4838680912	0.4838680912	0.5841573148	-0.5841573148	0.8280364383	-0.8280364383	0.8532326328	-0.8532326328	-0.8573301148	0.8573301148	0.8987204372	-0.8987204372	0.9187505924	-0.9187505924	0.9267206134	-0.9267206134	-0.93569461	0.93569461	-1.006508207	1.006508207	1.011574782	-1.011574782	1.035481218	-1.035481218	1.040267818	-1.040267818	-1.054598337	1.054598337	1.072601458	-1.072601458	-1.102611359	1.102611359	1.104178361	-1.104178361	-1.116026054	1.116026054	-1.128705985	1.128705985	-1.196174193	1.196174193	-1.196451469	1.196451469	1.200686799	-1.200686799	-1.209034815	1.209034815	-1.213719258	1.213719258	1.214366019	-1.214366019	-1.237807151	1.237807151	-1.262473902	1.262473902	-1.266181902	1.266181902	1.279115756	-1.279115756	-1.282458647	1.282458647	1.299688563	-1.299688563	1.315780687	-1.315780687	-1.33353642	1.33353642	1.337857339	-1.337857339	1.349854524	-1.349854524	1.364477165	-1.364477165	-1.379631043	1.379631043	-1.397094467	1.397094467	1.414876682	-1.414876682	1.417305314	-1.417305314	-1.429548391	1.429548391	1.432470655	-1.432470655	-1.443303113	1.443303113	1.446847017	-1.446847017	-1.451505497	1.451505497	-1.467797505	1.467797505	-1.4741618	1.4741618	-1.483896831	1.483896831	1.540366688	-1.540366688	-1.54767559	1.54767559	1.548125624	-1.548125624	1.555687149	-1.555687149	-1.559135906	1.559135906	-1.568023513	1.568023513	1.617153234	-1.617153234	1.638679428	-1.638679428	1.649551765	-1.649551765	1.650794404	-1.650794404	1.66028225	-1.66028225	1.67037466	-1.67037466	1.699433423	-1.699433423	1.708635225	-1.708635225	1.729598026	-1.729598026	1.731760809	-1.731760809	1.738526364	-1.738526364	-1.772624999	1.772624999	1.788055876	-1.788055876	-1.829497495	1.829497495	1.843130273	-1.843130273	-1.875026897	1.875026897	-1.890038517	1.890038517	1.900396824	-1.900396824	1.910072704	-1.910072704	1.926372582	-1.926372582	-1.93416852	1.93416852	-1.934256129	1.934256129	
0.86	0.01235217281	-0.01235217281	-0.04200123567	0.04200123567	-0.04581113681	0.04581113681	-0.05109581244	0.05109581244	0.05162956723	-0.05162956723	-0.06357452708	0.06357452708	0.1201837533	-0.1201837533	0.1997512861	-0.1997512861	0.2231381203	-0.2231381203	0.2424826931	-0.2424826931	-0.2630684375	0.2630684375	-0.2684896283	0.2684896284	-0.3340374105	0.3340374105	-0.3415647181	0.3415647181	0.4871803679	-0.4871803679	0.5809788856	-0.5809788856	0.831352209	-0.831352209	0.8532600622	-0.8532600622	0.8573301616	-0.8573301616	0.9000082284	-0.9000082284	-0.9188212235	0.9188212235	0.923544282	-0.923544282	0.935690667	-0.935690667	-1.006809613	1.006809613	1.012957123	-1.012957123	-1.036410437	1.036410437	1.041210737	-1.041210737	-1.054597508	1.054597508	-1.072637364	1.072637364	1.103408062	-1.103408062	-1.104417265	1.104417265	-1.116500687	1.116500687	1.129642669	-1.129642669	-1.196210613	1.196210613	1.1965852	-1.1965852	-1.200695963	1.200695963	1.209209706	-1.209209706	1.214673239	-1.214673239	1.215236138	-1.215236138	1.237551289	-1.237551289	1.262541291	-1.262541291	-1.26637853	1.26637853	-1.279111125	1.279111125	-1.282849471	1.282849471	1.299613257	-1.299613257	-1.315623023	1.315623023	1.333757215	-1.333757215	1.337856071	-1.337856071	-1.350110918	1.350110918	1.364479297	-1.364479297	1.379647704	-1.379647704	-1.397097296	1.397097296	-1.415308125	1.415308125	1.418140246	-1.418140246	1.430102095	-1.430102095	-1.43335564	1.43335564	1.443367893	-1.443367893	1.447045119	-1.447045119	-1.451693787	1.451693787	1.467398894	-1.467398894	1.474441515	-1.474441515	-1.483787305	1.483787305	1.540334727	-1.540334727	-1.547637657	1.547637657	-1.54812752	1.54812752	-1.555553379	1.555553379	-1.559157514	1.559157514	-1.568004601	1.568004601	1.617505888	-1.617505888	1.639195376	-1.639195376	-1.650122661	1.650122661	-1.651463779	1.651463779	1.660123652	-1.660123652	-1.670848202	1.670848202	-1.699435827	1.699435827	-1.708637449	1.708637449	1.729607112	-1.729607112	1.731910145	-1.731910145	1.738493481	-1.738493481	1.772329388	-1.772329388	-1.787900915	1.787900915	1.829611426	-1.829611426	1.843200323	-1.843200323	-1.876404355	1.876404355	-1.890043745	1.890043745	-1.900074128	1.900074128	-1.910038559	1.910038559	-1.92556886	1.92556886	-1.93393198	1.93393198	-1.934128709	1.934128709	
0.87	0.008383244012	-0.008383244012	-0.03529763762	0.03529763762	-0.05280967228	0.05280967228	-0.05946142222	0.05946142222	-0.05947470409	0.05947470409	-0.06821007692	0.06821007692	-0.1237673549	0.1237673549	0.1913508736	-0.1913508736	-0.2195587776	0.2195587776	-0.2340849653	0.2340849653	-0.254926723	0.254926723	-0.261205263	0.261205263	-0.3257417863	0.3257417863	0.3332002469	-0.3332002469	-0.4904886882	0.4904886882	0.5777948841	-0.5777948841	-0.8346639108	0.8346639108	-0.8532857403	0.8532857403	-0.8573302122	0.8573302122	-0.9012173851	0.9012173851	-0.9188867108	0.9188867108	-0.9203624688	0.9203624688	-0.9356869858	0.9356869858	1.007080378	-1.007080378	-1.014286267	1.014286267	-1.037272078	1.037272078	1.042086326	-1.042086326	-1.054596657	1.054596657	-1.072671826	1.072671826	-1.104097433	1.104097433	-1.104669226	1.104669226	-1.116935629	1.116935629	-1.130518403	1.130518403	-1.196245303	1.196245303	-1.196695188	1.196695188	1.200703886	-1.200703886	-1.209348352	1.209348352	-1.215605446	1.215605446	-1.216050302	1.216050302	1.237259323	-1.237259323	-1.262603437	1.262603437	-1.266569348	1.266569348	1.279106775	-1.279106775	-1.283237864	1.283237864	1.299525988	-1.299525988	-1.31547407	1.31547407	-1.333965686	1.333965686	-1.337854377	1.337854377	-1.350350299	1.350350299	-1.364480965	1.364480965	-1.379656723	1.379656723	1.397099497	-1.397099497	-1.415695387	1.415695387	-1.418917946	1.418917946	-1.430623686	1.430623686	1.434177216	-1.434177216	-1.443417724	1.443417724	-1.447229811	1.447229811	-1.45187015	1.45187015	-1.46700625	1.46700625	1.474734264	-1.474734264	-1.483687163	1.483687163	-1.540300856	1.540300856	1.547598285	-1.547598285	1.548129642	-1.548129642	-1.555425712	1.555425712	1.55917479	-1.55917479	1.567987142	-1.567987142	1.617826262	-1.617826262	-1.639680552	1.639680552	-1.650657741	1.650657741	1.652108079	-1.652108079	-1.659974209	1.659974209	1.671291962	-1.671291962	-1.699437728	1.699437728	1.708639895	-1.708639895	1.729615586	-1.729615586	-1.732057809	1.732057809	1.738462445	-1.738462445	-1.772054828	1.772054828	1.787755822	-1.787755822	1.82971766	-1.82971766	1.843249398	-1.843249398	-1.877766841	1.877766841	1.890048957	-1.890048957	-1.899752767	1.899752767	-1.910006753	1.910006753	1.924760174	-1.924760174	-1.933625034	1.933625034	-1.934094814	1.934094814	
0.88	0.004151313179	-0.004151313179	0.02924466862	-0.02924466862	-0.06007995831	0.06007995831	0.06733441893	-0.06733441893	-0.06772447379	0.06772447379	-0.07412587248	0.07412587248	0.1273490632	-0.1273490632	0.1830189209	-0.1830189209	0.2159813554	-0.2159813554	0.2258215804	-0.2258215804	-0.2468113545	0.2468113545	-0.2539327965	0.2539327965	0.3175931159	-0.3175931159	-0.3249776662	0.3249776662	0.4937928973	-0.4937928973	-0.5746054905	0.5746054905	0.8379713827	-0.8379713827	-0.8533097067	0.8533097067	0.8573302668	-0.8573302668	-0.9023479912	0.9023479912	0.9171753755	-0.9171753755	-0.9189471394	0.9189471394	0.935683567	-0.935683567	-1.007326058	1.007326058	-1.015556771	1.015556771	1.038066281	-1.038066281	-1.042894706	1.042894706	-1.05459578	1.05459578	1.072705028	-1.072705028	1.104601703	-1.104601703	1.10501146	-1.10501146	-1.117333154	1.117333154	-1.131329493	1.131329493	-1.196278308	1.196278308	-1.196786139	1.196786139	1.200710653	-1.200710653	-1.209462796	1.209462796	-1.216498944	1.216498944	-1.216809592	1.216809592	1.236934122	-1.236934122	-1.262660424	1.262660424	1.26675408	-1.26675408	-1.279102708	1.279102708	1.283622213	-1.283622213	-1.299426374	1.299426374	1.315334114	-1.315334114	-1.334162238	1.334162238	-1.337852237	1.337852237	-1.350572661	1.350572661	1.364482173	-1.364482173	1.379658312	-1.379658312	1.397101052	-1.397101052	1.416038454	-1.416038454	1.41963844	-1.41963844	-1.431112301	1.431112301	-1.434935185	1.434935185	1.44345592	-1.44345592	1.44740084	-1.44740084	-1.452029886	1.452029886	-1.466620701	1.466620701	-1.475039509	1.475039509	1.483596708	-1.483596708	1.540264953	-1.540264953	1.54755748	-1.54755748	1.548131995	-1.548131995	-1.555304186	1.555304186	-1.559187495	1.559187495	1.567971147	-1.567971147	1.618113781	-1.618113781	1.640134384	-1.640134384	-1.651156511	1.651156511	-1.652726503	1.652726503	-1.65983423	1.65983423	-1.671705417	1.671705417	1.699439131	-1.699439131	-1.708642563	1.708642563	-1.729623415	1.729623415	-1.732203466	1.732203466	1.738433262	-1.738433262	-1.771801938	1.771801938	1.787620729	-1.787620729	1.829816093	-1.829816093	-1.843279983	1.843279983	-1.879104871	1.879104871	-1.890054148	1.890054148	1.899436522	-1.899436522	-1.909977374	1.909977374	1.923951122	-1.923951122	1.933335758	-1.933335758	-1.934065664	1.934065664	
0.89	0.001520485624	-0.001520485624	0.02548616145	-0.02548616145	0.06735599327	-0.06735599327	0.07511204022	-0.07511204022	0.07581163373	-0.07581163373	0.08070491344	-0.08070491344	0.1309282277	-0.1309282277	0.1747763765	-0.1747763765	0.2124064957	-0.2124064957	0.2177400159	-0.2177400159	0.2387285876	-0.2387285876	-0.2466759687	0.2466759687	0.3096237706	-0.3096237706	0.316928006	-0.316928006	0.4970928123	-0.4970928123	-0.5714109116	0.5714109116	0.8412744302	-0.8412744302	-0.8533319976	0.8533319976	0.8573303255	-0.8573303255	-0.9034001139	0.9034001139	0.9139832524	-0.9139832524	0.9190025876	-0.9190025876	-0.935680411	0.935680411	-1.007549501	1.007549501	1.016765898	-1.016765898	1.038793176	-1.038793176	1.043635992	-1.043635992	1.054594872	-1.054594872	-1.072737126	1.072737126	1.104883489	-1.104883489	1.105480835	-1.105480835	1.117694924	-1.117694924	-1.13207293	1.13207293	-1.196309668	1.196309668	1.196861598	-1.196861598	-1.200716315	1.200716315	-1.209559874	1.209559874	1.217343143	-1.217343143	1.217515121	-1.217515121	-1.236578234	1.236578234	1.262712332	-1.262712332	-1.26693263	1.26693263	1.279098929	-1.279098929	1.284001011	-1.284001011	1.29931394	-1.29931394	-1.315203428	1.315203428	-1.334347269	1.334347269	-1.33784963	1.33784963	-1.350778002	1.350778002	-1.364482921	1.364482921	1.379652655	-1.379652655	-1.397101946	1.397101946	1.416337334	-1.416337334	1.420301738	-1.420301738	1.431567225	-1.431567225	-1.435629396	1.435629396	1.443485231	-1.443485231	1.447557992	-1.447557992	1.452168894	-1.452168894	-1.466243135	1.466243135	-1.475356903	1.475356903	1.483516216	-1.483516216	-1.540226892	1.540226892	1.547515252	-1.547515252	1.548134583	-1.548134583	-1.555188817	1.555188817	-1.559195407	1.559195407	1.567956625	-1.567956625	1.618367933	-1.618367933	1.640556342	-1.640556342	-1.651618522	1.651618522	1.653318271	-1.653318271	1.659704006	-1.659704006	-1.67208808	1.67208808	1.699440041	-1.699440041	-1.708645448	1.708645448	-1.72963057	1.72963057	1.732346778	-1.732346778	1.73840594	-1.73840594	-1.771571301	1.771571301	1.787495757	-1.787495757	1.829906627	-1.829906627	1.843294218	-1.843294218	1.880407106	-1.880407106	-1.890059311	1.890059311	1.899131208	-1.899131208	1.909950507	-1.909950507	1.923146182	-1.923146182	1.933064543	-1.933064543	1.934040388	-1.934040388	
0.9	0.002597554893	-0.002597554893	0.02582546755	-0.02582546755	-0.07461726624	0.07461726624	-0.08272304975	0.08272304975	-0.08369332023	0.08369332023	-0.08755321742	0.08755321742	0.1345039635	-0.1345039635	-0.166652655	0.166652655	0.2088350705	-0.2088350705	-0.2099102325	0.2099102325	-0.2306863099	0.2306863099	-0.2394397592	0.2394397592	-0.3018745468	0.3018745468	-0.3090902773	0.3090902773	0.5003882081	-0.5003882081	0.5682113949	-0.5682113949	0.8445728088	-0.8445728088	0.8533526462	-0.8533526462	0.8573303887	-0.8573303887	0.9043737439	-0.9043737439	0.9107864727	-0.9107864727	-0.9190531273	0.9190531273	0.9356775185	-0.9356775185	1.007752309	-1.007752309	-1.017912144	1.017912144	-1.039452887	1.039452887	1.044310292	-1.044310292	1.054593928	-1.054593928	-1.07276826	1.07276826	1.105080496	-1.105080496	-1.105939182	1.105939182	-1.11802214	1.11802214	-1.132746251	1.132746251	-1.196339413	1.196339413	-1.196924259	1.196924259	1.200720908	-1.200720908	-1.209643625	1.209643625	-1.218131076	1.218131076	1.218168018	-1.218168018	1.236193907	-1.236193907	-1.262759235	1.262759235	-1.267105046	1.267105046	1.279095438	-1.279095438	1.284372874	-1.284372874	1.299188126	-1.299188126	1.315082267	-1.315082267	-1.334521163	1.334521163	-1.337846536	1.337846536	1.35096632	-1.35096632	-1.364483211	1.364483211	-1.379639903	1.379639903	1.397102164	-1.397102164	1.416592071	-1.416592071	-1.420907829	1.420907829	-1.431987889	1.431987889	1.436259734	-1.436259734	1.443507879	-1.443507879	-1.447701085	1.447701085	-1.452283649	1.452283649	-1.465874267	1.465874267	-1.475686222	1.475686222	1.483445925	-1.483445925	-1.540186535	1.540186535	1.547471616	-1.547471616	1.548137406	-1.548137406	1.5550796	-1.5550796	-1.55919832	1.55919832	-1.567943585	1.567943585	1.618588262	-1.618588262	-1.640945938	1.640945938	1.65204337	-1.65204337	1.653882629	-1.653882629	-1.659583809	1.659583809	-1.672439505	1.672439505	1.699440466	-1.699440466	-1.708648548	1.708648548	-1.729637021	1.729637021	1.732487411	-1.732487411	1.738380486	-1.738380486	-1.771363458	1.771363458	-1.787381017	1.787381017	1.829989174	-1.829989174	1.843293941	-1.843293941	1.881659442	-1.881659442	1.890064439	-1.890064439	1.898845556	-1.898845556	-1.909926235	1.909926235	-1.92234978	1.92234978	-1.932811721	1.932811721	1.934018335	-1.934018335	
0.91	0.007166600403	-0.007166600404	0.02985072999	-0.02985072999	-0.08185316059	0.0818531606	0.090099565	-0.090099565	-0.09131455058	0.09131455058	-0.09438697337	0.09438697337	0.1380750267	-0.1380750267	0.1586903908	-0.1586903908	0.2024382477	-0.2024382477	0.2052683342	-0.2052683342	0.2226946604	-0.2226946604	-0.2322309758	0.2322309758	-0.2943971336	0.2943971336	-0.3015138016	0.3015138016	0.5036787951	-0.5036787951	0.5650072507	-0.5650072507	0.8478661974	-0.8478661974	0.8533716828	-0.8533716828	-0.8573304563	0.8573304563	0.9052681361	-0.9052681361	0.9075862161	-0.9075862161	-0.9190988236	0.9190988236	-0.9356748898	0.9356748898	1.007935451	-1.007935451	-1.018994628	1.018994628	1.040045529	-1.040045529	1.044917707	-1.044917707	-1.05459294	1.05459294	1.07279855	-1.07279855	-1.105246049	1.105246049	1.106332763	-1.106332763	-1.118315664	1.118315664	-1.13334742	1.13334742	1.196367566	-1.196367566	-1.196976188	1.196976188	1.200724452	-1.200724452	-1.20971653	1.20971653	1.218769407	-1.218769407	1.218857932	-1.218857932	-1.235783117	1.235783117	-1.262801198	1.262801198	1.267271494	-1.267271494	1.279092239	-1.279092239	1.284736549	-1.284736549	-1.299048295	1.299048295	1.314970871	-1.314970871	1.334684289	-1.334684289	1.337842934	-1.337842934	-1.351137614	1.351137614	-1.364483041	1.364483041	-1.379620186	1.379620186	-1.397101695	1.397101695	-1.416802748	1.416802748	-1.421456671	1.421456671	-1.432373874	1.432373874	-1.436826114	1.436826114	-1.443525612	1.443525612	-1.447829978	1.447829978	1.452371164	-1.452371164	-1.465514683	1.465514683	1.476027322	-1.476027322	-1.483386029	1.483386029	-1.540143738	1.540143738	1.547426596	-1.547426596	1.548140466	-1.548140466	-1.554976512	1.554976512	-1.559196045	1.559196045	-1.567932032	1.567932032	-1.618774379	1.618774379	1.641302732	-1.641302732	-1.6524307	1.6524307	-1.654418854	1.654418854	1.659473893	-1.659473893	1.672759286	-1.672759286	1.699440412	-1.699440412	1.70865186	-1.70865186	-1.729642746	1.729642746	-1.732625037	1.732625037	1.738356907	-1.738356907	-1.7711789	1.7711789	1.787276612	-1.787276612	-1.830063651	1.830063651	1.843280726	-1.843280726	1.882843864	-1.882843864	-1.890069524	1.890069524	-1.898592353	1.898592353	1.909904637	-1.909904637	1.921566319	-1.921566319	1.932577572	-1.932577572	-1.933999003	1.933999003	
0.92	-0.01345786724	0.01345786724	0.03564861072	-0.03564861072	-0.08905243605	0.08905243605	-0.09716553196	0.09716553196	-0.09860572292	0.09860572292	-0.1009437856	0.1009437856	0.1416396003	-0.1416396003	-0.1509536047	0.1509536047	-0.1954885817	0.1954885817	0.2017080654	-0.2017080654	0.2147669893	-0.2147669893	-0.2250592051	0.2250592051	-0.2872571822	0.2872571822	-0.2942611249	0.2942611249	-0.5069641801	0.5069641801	0.5617988911	-0.5617988911	0.8511541516	-0.8511541516	0.8533891346	-0.8533891346	0.8573305284	-0.8573305284	0.9043759372	-0.9043759372	0.906090384	-0.906090384	-0.9191397357	0.9191397357	0.9356725252	-0.9356725252	-1.00809955	1.00809955	-1.020012806	1.020012806	-1.040571206	1.040571206	1.045458331	-1.045458331	1.054591903	-1.054591903	-1.072828106	1.072828106	1.105390857	-1.105390857	-1.106650509	1.106650509	-1.118576104	1.118576104	-1.133874747	1.133874747	1.196394148	-1.196394148	1.197018982	-1.197018982	-1.200726959	1.200726959	-1.209780167	1.209780167	1.219320396	-1.219320396	-1.219520236	1.219520236	-1.235347586	1.235347586	-1.262838283	1.262838283	-1.26743222	1.26743222	-1.279089332	1.279089332	1.285090916	-1.285090916	-1.298893741	1.298893741	1.314869459	-1.314869459	-1.334837004	1.334837004	-1.337838801	1.337838801	1.351291883	-1.351291883	-1.364482409	1.364482409	-1.379593609	1.379593609	1.397100529	-1.397100529	1.416969487	-1.416969487	-1.421948196	1.421948196	1.432724898	-1.432724898	-1.437328474	1.437328474	1.44353977	-1.44353977	1.447944563	-1.447944563	1.452428939	-1.452428939	1.465164859	-1.465164859	-1.47638011	1.47638011	-1.483336678	1.483336678	-1.540098349	1.540098349	-1.547380219	1.547380219	1.548143761	-1.548143761	-1.554879516	1.554879516	-1.559188405	1.559188405	-1.567921973	1.567921973	-1.618925955	1.618925955	1.641626324	-1.641626324	-1.652780198	1.652780198	-1.65492625	1.65492625	1.659374494	-1.659374494	-1.673047057	1.673047057	1.699439889	-1.699439889	1.708655381	-1.708655381	-1.729647721	1.729647721	-1.732759334	1.732759334	-1.738335212	1.738335212	-1.771018075	1.771018075	1.787182637	-1.787182637	-1.830129984	1.830129984	-1.843255918	1.843255918	-1.883937152	1.883937152	1.890074557	-1.890074557	-1.89838974	1.89838974	1.909885786	-1.909885786	1.920800185	-1.920800185	-1.932362338	1.932362338	-1.933982004	1.933982004	
0.93	-0.02043484231	0.02043484231	0.04204845351	-0.04204845351	0.09619980525	-0.09619980525	0.1038294713	-0.1038294713	-0.1054753803	0.1054753803	-0.1069169251	0.1069169251	-0.1435422734	0.1435422734	0.145194911	-0.145194911	0.1893182528	-0.1893182528	0.1981570307	-0.1981570307	-0.2069214828	0.2069214828	-0.2179384098	0.2179384098	0.2805378988	-0.2805378988	-0.2874114713	0.2874114713	0.5102437975	-0.5102437975	0.5585868989	-0.5585868989	-0.8534050261	0.8534050261	-0.8544360188	0.8544360188	-0.857330605	0.857330605	0.9011689383	-0.9011689383	-0.9068279307	0.9068279307	-0.9191759162	0.9191759162	-0.9356704252	0.9356704252	-1.008245024	1.008245024	-1.020966323	1.020966323	1.041030014	-1.041030014	1.045932249	-1.045932249	-1.054590809	1.054590809	1.072857022	-1.072857022	1.105517759	-1.105517759	1.106889277	-1.106889277	-1.118803887	1.118803887	-1.134326821	1.134326821	-1.19641917	1.19641917	-1.19705388	1.19705388	1.200728436	-1.200728436	-1.209835567	1.209835567	1.219822066	-1.219822066	1.22011538	-1.22011538	1.234888813	-1.234888813	1.262870544	-1.262870544	1.267587535	-1.267587535	-1.279086721	1.279086721	-1.285434991	1.285434991	1.298723695	-1.298723695	1.314778236	-1.314778236	-1.334979647	1.334979647	1.337834117	-1.337834117	-1.351429127	1.351429127	1.36448131	-1.36448131	-1.379560259	1.379560259	-1.397098661	1.397098661	-1.417092458	1.417092458	1.422382299	-1.422382299	1.433040808	-1.433040808	-1.437766768	1.437766768	-1.443551355	1.443551355	-1.448044771	1.448044771	1.452454913	-1.452454913	-1.464825187	1.464825187	1.476744523	-1.476744523	-1.483297969	1.483297969	1.540050204	-1.540050204	-1.547332523	1.547332523	-1.548147288	1.548147288	1.554788559	-1.554788559	1.55917524	-1.55917524	1.567913412	-1.567913412	1.61904273	-1.61904273	1.641916359	-1.641916359	1.653091596	-1.653091596	-1.655404158	1.655404158	1.659285822	-1.659285822	1.673302493	-1.673302493	1.699438904	-1.699438904	1.708659106	-1.708659106	-1.72965193	1.72965193	-1.73288999	1.73288999	-1.738315411	1.738315411	-1.770881379	1.770881379	-1.787099175	1.787099175	1.830188103	-1.830188103	-1.843220662	1.843220662	-1.884909919	1.884909919	-1.89007953	1.89007953	1.898262188	-1.898262188	-1.909869751	1.909869751	1.920055725	-1.920055725	-1.932166224	1.932166224	1.933967034	-1.933967034	
0.94	0.02766381631	-0.02766381631	0.04845395314	-0.04845395314	-0.1032720023	0.1032720023	-0.1099765024	0.1099765024	-0.1116024024	0.1116024024	-0.1121010283	0.1121010283	-0.1366195483	0.1366195483	0.1487364938	-0.1487364938	0.1843158796	-0.1843158796	-0.1946196622	0.1946196622	-0.1991844841	0.1991844841	-0.2108897347	0.2108897347	-0.2743437503	0.2743437503	0.2810644151	-0.2810644151	0.5135167746	-0.5135167746	0.5553721618	-0.5553721618	-0.8534193792	0.8534193792	-0.8573306862	0.8573306862	0.8577107712	-0.8577107712	0.8979580748	-0.8979580748	-0.9074890277	0.9074890277	-0.9192074118	0.9192074118	0.9356685899	-0.9356685899	-1.008372163	1.008372163	-1.021854931	1.021854931	-1.041422038	1.041422038	-1.046339539	1.046339539	-1.054589652	1.054589652	-1.072885382	1.072885382	-1.105627616	1.105627616	1.107047959	-1.107047959	-1.118999316	1.118999317	1.134702459	-1.134702459	1.196442643	-1.196442643	-1.197081848	1.197081848	-1.200728886	1.200728886	1.209883424	-1.209883424	-1.220275457	1.220275457	-1.220641328	1.220641328	-1.234408092	1.234408092	-1.262898032	1.262898032	-1.267737786	1.267737786	-1.279084407	1.279084407	-1.285767922	1.285767922	1.298537332	-1.298537332	-1.314697383	1.314697383	1.335112543	-1.335112543	-1.33782886	1.33782886	-1.351549342	1.351549342	-1.36447974	1.36447974	1.379520205	-1.379520205	-1.397096086	1.397096086	1.417171873	-1.417171873	-1.422758849	1.422758849	1.433321556	-1.433321556	1.438140965	-1.438140965	-1.443561099	1.443561099	1.448130565	-1.448130565	-1.452447426	1.452447426	1.464495984	-1.464495984	-1.477120519	1.477120519	-1.483269946	1.483269946	1.539999132	-1.539999132	1.547283547	-1.547283547	1.548151044	-1.548151044	-1.554703576	1.554703576	-1.559156402	1.559156402	1.56790635	-1.56790635	1.619124507	-1.619124507	1.642172527	-1.642172527	-1.653364667	1.653364667	-1.655851953	1.655851953	-1.659208069	1.659208069	1.673525313	-1.673525313	1.699437468	-1.699437468	-1.708663033	1.708663033	1.729655358	-1.729655358	1.733016703	-1.733016703	-1.738297512	1.738297512	-1.770769156	1.770769156	-1.787026302	1.787026302	1.830237949	-1.830237949	1.843175924	-1.843175924	-1.885727116	1.885727116	-1.890084434	1.890084434	-1.898240017	1.898240017	-1.909856592	1.909856592	1.919337226	-1.919337226	1.931989406	-1.931989406	1.93395385	-1.93395385	
0.95	0.03493775645	-0.03493775645	0.0544223091	-0.0544223091	-0.1102293807	0.1102293807	-0.1151513191	0.1151513191	-0.1154506877	0.1154506877	0.1176607418	-0.1176607418	-0.1304684433	0.1304684433	0.1522566666	-0.1522566666	0.1809981038	-0.1809981038	0.1911035766	-0.1911035766	-0.1916009605	0.1916009605	-0.2039466856	0.2039466856	0.2688032114	-0.2688032114	0.2753428792	-0.2753428792	0.5167816522	-0.5167816522	-0.5521561523	0.5521561523	-0.8534322131	0.8534322131	0.8573307719	-0.8573307719	0.8609766474	-0.8609766474	0.8947464845	-0.8947464845	-0.9080723618	0.9080723618	0.919234263	-0.919234263	-0.9356670196	0.9356670196	-1.008481178	1.008481178	-1.022678447	1.022678447	-1.041747354	1.041747354	-1.046680271	1.046680271	-1.054588423	1.054588423	-1.072913261	1.072913261	1.105720579	-1.105720579	-1.107126219	1.107126219	-1.119162611	1.119162611	1.135000669	-1.135000669	1.196464571	-1.196464571	-1.197103634	1.197103634	1.200728312	-1.200728312	1.209924212	-1.209924212	-1.220681563	1.220681563	-1.221096435	1.221096435	1.233906533	-1.233906533	1.262920788	-1.262920788	1.267883344	-1.267883344	-1.279082391	1.279082391	-1.286088988	1.286088988	1.298333774	-1.298333774	1.314627063	-1.314627063	1.335236001	-1.335236001	1.337823007	-1.337823007	1.351652525	-1.351652525	-1.364477691	1.364477691	1.3794735	-1.3794735	1.397092803	-1.397092803	1.417207996	-1.417207996	-1.423077678	1.423077678	-1.433567177	1.433567177	-1.438451044	1.438451044	1.443569535	-1.443569535	1.448201938	-1.448201938	1.452405176	-1.452405176	1.464177501	-1.464177501	1.477508065	-1.477508065	-1.483252601	1.483252601	1.539944951	-1.539944951	1.547233341	-1.547233341	-1.548155022	1.548155022	-1.554624491	1.554624491	1.559131758	-1.559131758	-1.567900789	1.567900789	-1.61917116	1.61917116	1.642394559	-1.642394559	1.653599225	-1.653599225	-1.656269051	1.656269051	-1.659141401	1.659141401	-1.673715275	1.673715275	1.69943559	-1.69943559	-1.708667156	1.708667156	-1.729657992	1.729657992	-1.733139187	1.733139187	1.738281526	-1.738281526	-1.770681694	1.770681694	-1.786964083	1.786964083	-1.830279469	1.830279469	1.843122512	-1.843122512	1.886351814	-1.886351814	1.890089259	-1.890089259	-1.898355629	1.898355629	-1.909846364	1.909846364	-1.918648886	1.918648886	-1.931832035	1.931832035	-1.933942256	1.933942256	
0.96	0.04212427324	-0.04212427324	-0.05945857591	0.05945857591	-0.1164235077	0.1164235077	-0.1169768928	0.1169768928	-0.119930939	0.119930939	-0.122611469	0.122611469	-0.125699255	0.125699255	-0.1557410254	0.1557410254	-0.1797821736	0.1797821736	-0.1843300014	0.1843300014	0.1876230321	-0.1876230321	-0.1971652456	0.1971652456	0.2640683998	-0.2640683998	-0.2703935955	0.2703935955	0.5200357286	-0.5200357286	0.5489415832	-0.5489415832	-0.8534435441	0.8534435441	0.8573308619	-0.8573308619	0.8642302877	-0.8642302877	0.8915376651	-0.8915376651	0.9085778406	-0.9085778406	0.9192565043	-0.9192565043	-0.9356657146	0.9356657146	1.008572226	-1.008572226	1.023436726	-1.023436726	-1.042006027	1.042006027	-1.046954506	1.046954506	-1.054587115	1.054587115	-1.072940728	1.072940728	-1.105796394	1.105796394	-1.107124185	1.107124185	-1.11929394	1.11929394	-1.135220623	1.135220623	-1.196484956	1.196484956	1.197119816	-1.197119816	-1.200726718	1.200726718	-1.209958265	1.209958265	1.221041317	-1.221041317	-1.221479326	1.221479326	1.233385079	-1.233385079	-1.262938851	1.262938851	-1.268024592	1.268024592	-1.279080674	1.279080674	-1.286397588	1.286397588	1.298112101	-1.298112101	-1.314567419	1.314567419	-1.335350316	1.335350316	1.337816539	-1.337816539	-1.351738668	1.351738668	-1.364475157	1.364475157	-1.379420181	1.379420181	1.397088815	-1.397088815	1.417201135	-1.417201135	-1.423338589	1.423338589	1.433777756	-1.433777756	-1.438696994	1.438696994	-1.443577058	1.443577058	-1.448258916	1.448258916	-1.452327189	1.452327189	-1.463869933	1.463869933	-1.47790713	1.47790713	-1.483245867	1.483245867	-1.539887468	1.539887468	-1.547181958	1.547181958	1.548159214	-1.548159214	-1.554551216	1.554551216	1.55910119	-1.55910119	1.56789673	-1.56789673	-1.619182632	1.619182632	-1.642582229	1.642582229	-1.653795128	1.653795128	-1.656654905	1.656654905	-1.659085962	1.659085962	-1.673872182	1.673872182	1.699433282	-1.699433282	-1.708671472	1.708671472	-1.729659827	1.729659827	-1.733257168	1.733257168	-1.738267464	1.738267464	1.77061923	-1.77061923	-1.786912576	1.786912576	-1.830312615	1.830312615	-1.843061089	1.843061089	-1.886753311	1.886753311	1.890093996	-1.890093996	-1.898635418	1.898635418	1.909839113	-1.909839113	1.917994798	-1.917994798	1.931694234	-1.931694234	-1.933932094	1.933932094	
0.97	-0.04910417003	0.04910417003	0.06293382546	-0.06293382546	-0.1153575811	0.1153575811	0.1207481138	-0.1207481138	-0.1236992953	0.1236992953	-0.1251102063	0.1251102063	0.1266319722	-0.1266319722	0.1591592339	-0.1591592339	-0.1765890898	0.1765890898	0.1817407372	-0.1817407372	0.1842078704	-0.1842078704	-0.1906448132	0.1906448132	-0.2603082034	0.2603082034	-0.2663819443	0.2663819443	0.5232732813	-0.5232732813	0.5457341861	-0.5457341861	-0.8534533864	0.8534533864	-0.8573309563	0.8573309563	-0.8674642781	0.8674642781	0.8883390677	-0.8883390677	-0.9090054539	0.9090054539	0.9192741643	-0.9192741643	-0.9356646748	0.9356646748	-1.008645421	1.008645421	1.024129637	-1.024129637	1.042198109	-1.042198109	-1.047162294	1.047162294	1.054585721	-1.054585721	-1.072967842	1.072967842	-1.105854343	1.105854343	1.107042516	-1.107042516	-1.119393451	1.119393451	-1.135361631	1.135361631	-1.196503797	1.196503797	-1.197130829	1.197130829	-1.200724108	1.200724108	-1.20998582	1.20998582	1.221355586	-1.221355586	1.221788825	-1.221788825	-1.232844518	1.232844518	1.262952251	-1.262952251	-1.268161908	1.268161908	1.279079257	-1.279079257	1.286693237	-1.286693237	-1.297871352	1.297871352	1.314518571	-1.314518571	1.335455765	-1.335455765	1.337809434	-1.337809434	-1.351807763	1.351807763	1.364472128	-1.364472128	-1.379360276	1.379360276	-1.397084127	1.397084127	1.417151648	-1.417151648	-1.423541355	1.423541355	1.433953398	-1.433953398	-1.438878806	1.438878806	1.443583993	-1.443583993	1.448301546	-1.448301546	-1.452212785	1.452212785	-1.463573424	1.463573424	-1.478317682	1.478317682	-1.483249626	1.483249626	-1.539826479	1.539826479	1.54712946	-1.54712946	1.548163611	-1.548163611	1.554483654	-1.554483654	1.559064595	-1.559064595	1.56789417	-1.56789417	1.619158935	-1.619158935	1.642735356	-1.642735356	-1.653952268	1.653952268	-1.657009013	1.657009013	1.65904187	-1.65904187	-1.67399588	1.67399588	1.699430553	-1.699430553	-1.708675975	1.708675975	1.729660857	-1.729660857	-1.733370395	1.733370395	1.738255336	-1.738255336	1.77058194	-1.77058194	1.786871827	-1.786871827	-1.83033735	1.83033735	-1.84299219	1.84299219	1.886916881	-1.886916881	1.890098634	-1.890098634	1.899090003	-1.899090003	-1.909834875	1.909834875	-1.917378963	1.917378963	-1.931576106	1.931576106	-1.933923233	1.933923233	
0.98	-0.05573504051	0.05573504051	0.06420406369	-0.06420406369	-0.1122470278	0.1122470278	0.1201338454	-0.1201338454	-0.1272887551	0.1272887551	0.1295467077	-0.1295467077	-0.1298421754	0.1298421754	0.1624353425	-0.1624353425	0.1698881074	-0.1698881074	0.1809310693	-0.1809310693	-0.1845736364	0.1845736364	0.1851993324	-0.1851993324	-0.2576912806	0.2576912806	0.2634775295	-0.2634775295	0.5264795605	-0.5264795605	-0.5425487179	0.5425487179	-0.8534617513	0.8534617513	-0.8573310548	0.8573310548	0.8706582576	-0.8706582576	0.8851710636	-0.8851710636	0.9093551969	-0.9093551969	-0.9192872656	0.9192872656	-0.9356639006	0.9356639006	1.008700854	-1.008700854	-1.024757058	1.024757058	1.042323644	-1.042323644	1.047303678	-1.047303678	-1.054584235	1.054584235	-1.072994658	1.072994658	1.105892687	-1.105892687	-1.10688295	1.10688295	-1.119461292	1.119461292	-1.135423124	1.135423124	1.196521089	-1.196521089	1.197136994	-1.197136994	-1.200720487	1.200720487	-1.210007051	1.210007051	1.221625166	-1.221625166	1.222023906	-1.222023906	-1.232285491	1.232285491	-1.262961013	1.262961013	-1.268295665	1.268295665	-1.279078141	1.279078141	-1.286975559	1.286975559	-1.297610529	1.297610529	1.314480618	-1.314480618	1.335552612	-1.335552612	-1.33780167	1.33780167	-1.351859799	1.351859799	1.364468595	-1.364468595	-1.379293797	1.379293797	1.397078747	-1.397078747	-1.417059941	1.417059941	-1.423685721	1.423685721	1.4340942	-1.4340942	-1.438996478	1.438996478	1.443590641	-1.443590641	1.448329901	-1.448329901	1.452061558	-1.452061558	-1.463288075	1.463288075	1.478739684	-1.478739684	-1.483263709	1.483263709	-1.539761769	1.539761769	-1.547075914	1.547075914	1.548168201	-1.548168201	1.5544217	-1.5544217	1.559021885	-1.559021885	1.567893107	-1.567893107	-1.619100151	1.619100151	-1.642853798	1.642853798	-1.654070581	1.654070581	-1.657330917	1.657330917	1.659009218	-1.659009218	1.674086254	-1.674086254	1.699427415	-1.699427415	1.70868066	-1.70868066	-1.729661084	1.729661084	-1.733478632	1.733478632	1.738245154	-1.738245154	-1.770569945	1.770569945	-1.786841874	1.786841874	-1.830353641	1.830353641	1.842916224	-1.842916224	1.886848588	-1.886848588	-1.890103163	1.890103163	1.899709351	-1.899709351	1.909833679	-1.909833679	-1.916805344	1.916805344	-1.931477733	1.931477733	1.933915565	-1.933915565	
0.99	0.06181352392	-0.06181352392	-0.06299457003	0.06299457003	-0.1076949963	0.1076949963	-0.1214663136	0.1214663136	-0.1289391685	0.1289391685	0.131206139	-0.131206139	0.1350757163	-0.1350757163	-0.1634696838	0.1634696838	0.1654027093	-0.1654027093	0.178011989	-0.178011989	-0.179326209	0.179326209	0.1904568624	-0.1904568624	-0.256358287	0.256358287	-0.2618289069	0.2618289069	0.5296018428	-0.5296018428	-0.5394379073	0.5394379073	0.853468648	-0.853468648	-0.8573311573	0.8573311573	0.8737305247	-0.8737305247	-0.8821153516	0.8821153516	0.9096270565	-0.9096270565	-0.919295825	0.919295825	0.935663392	-0.935663392	1.008738591	-1.008738591	-1.025318864	1.025318864	-1.042382664	1.042382664	1.047378692	-1.047378692	-1.054582651	1.054582651	-1.073021224	1.073021224	1.105906405	-1.105906405	-1.106650575	1.106650575	-1.119497624	1.119497624	1.135404644	-1.135404644	-1.196536823	1.196536823	-1.197138527	1.197138527	1.200715865	-1.200715865	1.210022092	-1.210022092	-1.221850768	1.221850768	-1.22218367	1.22218367	1.231708485	-1.231708485	1.262965158	-1.262965158	-1.268426217	1.268426217	-1.279077327	1.279077327	-1.287244275	1.287244275	1.297328604	-1.297328604	-1.314453637	1.314453637	-1.335641107	1.335641107	-1.337793227	1.337793227	-1.351894761	1.351894761	-1.364464546	1.364464546	1.379220745	-1.379220745	-1.397072686	1.397072686	1.416926468	-1.416926468	-1.423771408	1.423771408	-1.434200219	1.434200219	1.439050011	-1.439050011	-1.443597326	1.443597326	1.448344069	-1.448344069	-1.451873354	1.451873354	-1.463013947	1.463013947	1.47917309	-1.47917309	-1.483287901	1.483287901	-1.53969311	1.53969311	-1.547021392	1.547021392	1.548172974	-1.548172974	1.55436524	-1.55436524	-1.558972988	1.558972988	1.567893537	-1.567893537	1.619006435	-1.619006435	1.642937457	-1.642937457	1.654150038	-1.654150038	-1.657620203	1.657620203	1.658988075	-1.658988075	-1.674143238	1.674143238	-1.699423879	1.699423879	1.708685522	-1.708685522	1.729660512	-1.729660512	-1.733581665	1.733581665	1.73823693	-1.73823693	1.770583307	-1.770583307	-1.786822746	1.786822746	1.830361464	-1.830361464	1.842833487	-1.842833487	-1.886571233	1.886571233	1.890107572	-1.890107572	1.900466705	-1.900466705	-1.909835542	1.909835542	-1.916277994	1.916277994	-1.931399177	1.931399177	-1.933909001	1.933909001	
1	0.05963801118	-0.05963801118	-0.06701731413	0.06701731413	-0.1023491237	0.1023491237	0.1241329077	-0.1241329077	0.1301480928	-0.1301480928	-0.1315130755	0.1315130755	-0.1387967988	0.1387967988	-0.157774078	0.157774078	0.1671822479	-0.1671822479	-0.1756233361	0.1756233361	0.1762087456	-0.1762087456	0.196874957	-0.196874957	0.2563899769	-0.2563899769	-0.2615321592	0.2615321592	0.532279392	-0.532279392	-0.5367624933	0.5367624933	-0.8534740829	0.8534740829	-0.8573312636	0.8573312636	0.8760018219	-0.8760018219	0.8798511758	-0.8798511758	-0.9098210074	0.9098210074	0.9192998536	-0.9192998536	-0.9356631492	0.9356631492	1.008758684	-1.008758684	-1.025814921	1.025814921	-1.04237519	1.04237519	1.047387358	-1.047387358	1.054580965	-1.054580965	-1.073047584	1.073047584	-1.105875234	1.105875234	-1.106365785	1.106365785	-1.119502638	1.119502638	1.135305828	-1.135305828	-1.196550989	1.196550989	-1.197135557	1.197135557	1.200710254	-1.200710254	1.210031045	-1.210031045	1.22203302	-1.22203302	1.222267348	-1.222267348	-1.231113829	1.231113829	1.262964698	-1.262964698	-1.268553901	1.268553901	1.279076815	-1.279076815	-1.287499198	1.287499198	1.297024521	-1.297024521	-1.314437682	1.314437682	-1.335721484	1.335721484	1.337784083	-1.337784083	-1.351912633	1.351912633	1.364459969	-1.364459969	-1.379141111	1.379141111	1.397065959	-1.397065959	1.416751729	-1.416751729	1.423798115	-1.423798115	-1.434271453	1.434271453	-1.43903941	1.43903941	1.443604423	-1.443604423	1.448344154	-1.448344154	-1.451648257	1.451648257	1.462751073	-1.462751073	1.479617842	-1.479617842	-1.483321943	1.483321943	-1.539620263	1.539620263	-1.546965974	1.546965974	1.548177915	-1.548177915	1.554314154	-1.554314154	1.55891785	-1.55891785	1.567895455	-1.567895455	-1.618878013	1.618878013	1.642986277	-1.642986277	-1.654190645	1.654190645	-1.657876503	1.657876503	1.658978483	-1.658978483	-1.674166803	1.674166803	1.699419956	-1.699419956	1.708690555	-1.708690555	-1.729659148	1.729659148	1.733679302	-1.733679302	-1.738230675	1.738230675	-1.77062203	1.77062203	1.786814463	-1.786814463	1.830360801	-1.830360801	1.842744161	-1.842744161	-1.886115164	1.886115164	-1.890111851	1.890111851	-1.901327538	1.901327538	-1.909840471	1.909840471	-1.915801285	1.915801285	1.931340476	-1.931340476	1.933903463	-1.933903463	
1.01	0.05478721868	-0.05478721868	-0.07080486258	0.07080486258	0.09685452129	-0.09685452129	0.1250525722	-0.1250525722	0.1304473591	-0.1304473591	-0.1333861301	0.1333861301	0.1399528356	-0.1399528356	0.1530153769	-0.1530153769	0.1665277989	-0.1665277989	-0.1744933354	0.1744933354	0.1768650348	-0.1768650348	0.2040570293	-0.2040570293	0.2577851833	-0.2577851833	-0.2626057863	0.2626057863	0.5318586408	-0.5318586408	0.5371760442	-0.5371760442	-0.8534780603	0.8534780603	0.8573313734	-0.8573313734	0.8746027481	-0.8746027481	-0.8812479106	0.8812479106	-0.9099370141	0.9099370141	-0.9192993565	0.9192993565	-0.9356631721	0.9356631721	-1.00876117	1.00876117	1.026245086	-1.026245086	-1.04230123	1.04230123	1.047329689	-1.047329689	-1.054579174	1.054579174	-1.073073778	1.073073778	-1.105704533	1.105704533	-1.106123414	1.106123414	-1.119476565	1.119476565	-1.1351264	1.1351264	1.196563575	-1.196563575	1.19712813	-1.19712813	1.200703669	-1.200703669	-1.210033998	1.210033998	1.222172459	-1.222172459	1.222274315	-1.222274315	1.230501663	-1.230501663	1.262959642	-1.262959642	-1.26867903	1.26867903	1.279076604	-1.279076604	-1.287740219	1.287740219	1.296697201	-1.296697201	-1.314432785	1.314432785	-1.335793967	1.335793967	-1.337774219	1.337774219	-1.351913396	1.351913396	1.364454848	-1.364454848	1.379054874	-1.379054874	1.397058584	-1.397058584	1.416536272	-1.416536272	1.423765522	-1.423765522	-1.434307831	1.434307831	1.438964678	-1.438964678	1.443612374	-1.443612374	-1.448330266	1.448330266	-1.451386576	1.451386576	1.462499456	-1.462499456	1.480073871	-1.480073871	-1.483365539	1.483365539	-1.539542977	1.539542977	-1.546909743	1.546909743	1.548183008	-1.548183008	1.554268315	-1.554268315	1.55885643	-1.55885643	-1.567898853	1.567898853	-1.618715183	1.618715183	1.643000244	-1.643000244	-1.654192446	1.654192446	1.6580995	-1.6580995	1.658980463	-1.658980463	-1.674156965	1.674156965	1.699415658	-1.699415658	-1.708695754	1.708695754	-1.729657004	1.729657004	1.733771377	-1.733771377	-1.7382264	1.7382264	1.770686059	-1.770686059	-1.786817033	1.786817033	-1.83035164	1.83035164	-1.842648319	1.842648319	-1.885510401	1.885510401	1.890115988	-1.890115988	-1.902257061	1.902257061	-1.909848463	1.909848463	1.915380279	-1.915380279	1.931301652	-1.931301652	-1.933898888	1.933898888	
1.02	0.04904071743	-0.04904071743	0.07230403748	-0.07230403748	-0.09197391774	0.09197391774	-0.1231404718	0.1231404718	0.1280732487	-0.1280732487	-0.1380620543	0.1380620543	0.1392681546	-0.1392681546	-0.1496121985	0.1496121985	0.1640204812	-0.1640204812	-0.1764031042	0.1764031042	0.1793759454	-0.1793759454	-0.2117486756	0.2117486756	0.2604611388	-0.2604611388	0.2649854304	-0.2649854304	0.5290027884	-0.5290027884	0.5400153595	-0.5400153595	-0.8534805817	0.8534805817	0.8573314866	-0.8573314866	0.8716281958	-0.8716281958	0.8842106188	-0.8842106188	-0.9099750356	0.9099750356	-0.9192943332	0.9192943332	-0.935663461	0.935663461	-1.008746077	1.008746077	-1.026609199	1.026609199	1.042160783	-1.042160783	1.047205688	-1.047205688	-1.054577277	1.054577277	-1.073099841	1.073099841	1.105299458	-1.105299458	1.106018564	-1.106018564	-1.119419681	1.119419681	1.134866168	-1.134866168	1.196574563	-1.196574563	-1.19711621	1.19711621	1.200696128	-1.200696128	1.210031025	-1.210031025	-1.222204135	1.222204135	1.222269524	-1.222269524	-1.229871906	1.229871906	1.26294999	-1.26294999	1.268801892	-1.268801892	-1.279076695	1.279076695	1.287967306	-1.287967306	1.296345542	-1.296345542	-1.314438955	1.314438955	1.335858764	-1.335858764	1.337763614	-1.337763614	-1.351897026	1.351897026	-1.364449169	1.364449169	-1.378962006	1.378962006	-1.397050579	1.397050579	-1.416280689	1.416280689	1.423673294	-1.423673294	1.434309212	-1.434309212	-1.438825825	1.438825825	-1.44362168	1.44362168	1.448302522	-1.448302522	-1.451088848	1.451088848	-1.462259082	1.462259082	1.480541094	-1.480541094	1.483418363	-1.483418363	-1.539460986	1.539460986	-1.546852791	1.546852791	1.548188239	-1.548188239	1.554227592	-1.554227592	-1.558788709	1.558788709	1.567903725	-1.567903725	1.618518315	-1.618518315	1.642979383	-1.642979383	-1.654155522	1.654155522	-1.658288919	1.658288919	1.658994009	-1.658994009	-1.674113782	1.674113782	1.699410995	-1.699410995	1.708701112	-1.708701112	-1.729654096	1.729654096	-1.733857745	1.733857745	-1.738224118	1.738224118	-1.770775282	1.770775282	-1.786830458	1.786830458	-1.830333977	1.830333977	1.842545921	-1.842545921	1.884782744	-1.884782744	1.890119973	-1.890119973	1.903223546	-1.903223546	1.909859502	-1.909859502	-1.915021298	1.915021298	-1.931282703	1.931282703	-1.93389522	1.93389522	
1.03	0.04283322912	-0.04283322912	-0.07067068943	0.07067068943	-0.08834631007	0.08834631007	-0.1196419281	0.1196419281	0.1245248887	-0.1245248887	-0.1338774701	0.1338774701	0.1462807782	-0.1462807782	-0.1479773245	0.1479773245	0.160880174	-0.160880174	-0.180624774	0.180624774	0.1825204115	-0.1825204115	-0.219788699	0.219788699	0.2642759468	-0.2642759468	-0.268541605	0.268541605	-0.5258489568	0.5258489568	0.543143314	-0.543143314	-0.8534816466	0.8534816466	-0.8573316029	0.8573316029	0.8684578521	-0.8684578521	0.887359538	-0.887359538	0.9099350378	-0.9099350378	-0.9192847771	0.9192847771	-0.9356640157	0.9356640157	1.008713422	-1.008713422	-1.026907086	1.026907086	-1.041953837	1.041953837	-1.047015346	1.047015346	-1.054575277	1.054575277	-1.073125806	1.073125806	1.104753966	-1.104753966	1.105957596	-1.105957596	-1.119332319	1.119332319	1.134525011	-1.134525011	-1.196583937	1.196583937	1.197099684	-1.197099684	1.200687656	-1.200687656	-1.210022192	1.210022192	1.22205661	-1.22205661	-1.222324556	1.222324556	-1.229224204	1.229224204	1.262935737	-1.262935737	1.268922749	-1.268922749	-1.279077087	1.279077087	-1.288180489	1.288180489	-1.295968424	1.295968424	-1.314456177	1.314456177	-1.335916074	1.335916074	-1.337752247	1.337752247	-1.3518635	1.3518635	1.364442914	-1.364442914	-1.378862467	1.378862467	1.397041969	-1.397041969	-1.415985617	1.415985617	-1.423521082	1.423521082	-1.434275397	1.434275397	-1.438622858	1.438622858	1.443632876	-1.443632876	-1.448261041	1.448261041	1.450755839	-1.450755839	-1.462029919	1.462029919	1.481019409	-1.481019409	-1.483480063	1.483480063	-1.539374014	1.539374014	-1.546795212	1.546795212	-1.54819359	1.54819359	1.554191849	-1.554191849	1.558714681	-1.558714681	1.567910062	-1.567910062	-1.618287849	1.618287849	1.642923762	-1.642923762	1.654079985	-1.654079985	-1.658444539	1.658444539	-1.659019091	1.659019091	1.674037355	-1.674037355	1.699405979	-1.699405979	-1.708706623	1.708706623	-1.729650442	1.729650442	-1.733938289	1.733938289	-1.73822384	1.73822384	-1.770889529	1.770889529	-1.786854728	1.786854728	1.830307815	-1.830307815	1.842436817	-1.842436817	-1.883952987	1.883952987	1.890123796	-1.890123796	1.904198298	-1.904198298	-1.909873566	1.909873566	-1.914732742	1.914732742	1.931283602	-1.931283602	-1.933892413	1.933892413	
1.04	0.03647986806	-0.03647986806	0.06632883072	-0.06632883072	-0.0854663653	0.0854663653	0.1150556306	-0.1150556306	0.1199736978	-0.1199736978	-0.1283675901	0.1283675901	0.148366331	-0.148366331	0.1538813557	-0.1538813557	0.1575218067	-0.1575218067	0.1858833516	-0.1858833516	-0.1861657058	0.1861657058	-0.2280736315	0.2280736315	-0.2690605425	0.2690605425	-0.273110217	0.273110217	0.5226282952	-0.5226282952	0.546328753	-0.546328753	-0.8534812517	0.8534812517	-0.857331722	0.857331722	-0.8652342229	0.8652342229	0.8905520311	-0.8905520311	-0.909817019	0.909817019	0.9192706762	-0.9192706762	-0.9356648364	0.9356648364	-1.008663217	1.008663217	-1.027138552	1.027138552	-1.041680367	1.041680367	1.046758647	-1.046758647	-1.054573177	1.054573177	-1.073151701	1.073151701	-1.104113216	1.104113216	1.105895732	-1.105895732	-1.119214866	1.119214866	-1.134102879	1.134102879	1.196591675	-1.196591675	-1.197078356	1.197078356	-1.200678279	1.200678279	1.210007559	-1.210007559	1.221831855	-1.221831855	1.222337798	-1.222337798	1.228557869	-1.228557869	-1.262916874	1.262916874	-1.269041839	1.269041839	-1.27907778	1.27907778	1.288379856	-1.288379856	1.29556471	-1.29556471	1.314484415	-1.314484415	-1.335966083	1.335966083	-1.337740096	1.337740096	-1.351812789	1.351812789	-1.364436063	1.364436063	1.378756208	-1.378756208	-1.397032778	1.397032778	1.415651735	-1.415651735	-1.423308532	1.423308532	1.43420615	-1.43420615	1.438355791	-1.438355791	-1.443646473	1.443646473	-1.448205938	1.448205938	1.450388566	-1.450388566	-1.461811928	1.461811928	-1.481508702	1.481508702	-1.483550271	1.483550271	-1.539281771	1.539281771	1.546737105	-1.546737105	1.548199043	-1.548199043	-1.554160946	1.554160946	1.558634361	-1.558634361	-1.567917853	1.567917853	1.618024299	-1.618024299	-1.642833489	1.642833489	1.653965983	-1.653965983	1.658566188	-1.658566188	1.659055652	-1.659055652	-1.673927824	1.673927824	-1.699400621	1.699400621	-1.708712281	1.708712281	-1.729646065	1.729646065	1.734012915	-1.734012915	-1.738225576	1.738225576	-1.771028575	1.771028575	-1.786889825	1.786889825	1.83027316	-1.83027316	1.842320738	-1.842320738	-1.883037561	1.883037561	-1.890127446	1.890127446	1.905153939	-1.905153939	1.909890616	-1.909890616	1.914526164	-1.914526164	-1.9313043	1.9313043	1.933890425	-1.933890425	

