# phi/π evs ...
-1.04	0.08473562292	-0.08473562292	0.1046066095	-0.1046066095	0.1645002342	-0.1645002342	0.1821991534	-0.1821991535	-0.1927397543	0.1927397543	0.2167554561	-0.2167554561	0.2212995997	-0.2212995997	-0.2411316014	0.2411316014	0.2522505527	-0.2522505527	0.2559187961	-0.2559187961	-0.2739021655	0.2739021655	0.2786585935	-0.2786585935	-0.3584318155	0.3584318155	0.3677701688	-0.3677701688	-0.4337385021	0.4337385021	-0.4635369514	0.4635369514	0.7676859524	-0.7676859524	-0.771629972	0.771629972	0.8302041561	-0.8302041561	-0.8333928934	0.8333928934	-0.8498942448	0.8498942448	-0.9227919382	0.9227919382	0.9475971407	-0.9475971407	0.948888135	-0.948888135	-0.9496142492	0.9496142492	0.9653639551	-0.9653639551	-0.969474227	0.969474227	-0.9778149958	0.9778149958	0.9955962626	-0.9955962626	-1.020046994	1.020046994	1.043022744	-1.043022744	1.043199202	-1.043199202	-1.098136988	1.098136988	-1.113170977	1.113170977	-1.124225249	1.124225249	1.177747587	-1.177747587	-1.218668523	1.218668523	-1.222641609	1.222641609	-1.228492129	1.228492129	1.237344553	-1.237344553	1.251534646	-1.251534646	1.274233652	-1.274233652	-1.279893225	1.279893226	-1.281443148	1.281443148	1.285748884	-1.285748884	-1.298477626	1.298477626	1.311725866	-1.311725866	-1.348466534	1.348466534	-1.356984955	1.356984955	-1.364313406	1.364313406	1.387730664	-1.387730664	-1.4054212	1.4054212	-1.436093804	1.436093804	-1.456918297	1.456918297	1.457831026	-1.457831026	1.462087682	-1.462087682	1.472381865	-1.472381865	1.484783916	-1.484783916	-1.486193667	1.486193667	1.488636118	-1.488636118	-1.517929156	1.517929156	1.521346415	-1.521346415	1.523081915	-1.523081915	1.534833267	-1.534833267	-1.536192297	1.536192297	1.558104408	-1.558104408	1.578965025	-1.578965025	-1.579612672	1.579612672	-1.613888636	1.613888636	-1.628464512	1.628464512	1.635317874	-1.635317874	-1.639743327	1.639743327	-1.653316515	1.653316515	1.658842177	-1.658842177	1.674590751	-1.674590751	-1.742838634	1.742838634	1.744663151	-1.744663151	-1.793200903	1.793200903	1.807822272	-1.807822272	1.812391862	-1.812391862	1.825412916	-1.825412916	-1.842119386	1.842119386	-1.850780989	1.850780989	1.85216947	-1.85216947	-1.866616274	1.866616274	1.875213802	-1.875213802	1.878741448	-1.878741448	1.897436279	-1.897436279	1.939313493	-1.939313493	-1.943249822	1.943249822	
-1.03	-0.09223641674	0.09223641674	-0.1056128265	0.1056128265	0.1637158325	-0.1637158325	-0.1769863098	0.1769863098	-0.1994140853	0.1994140853	-0.2202807159	0.2202807159	-0.2251691215	0.2251691215	-0.244429256	0.244429256	-0.2451052378	0.2451052378	0.2611835954	-0.2611835954	-0.2704754462	0.2704754462	0.2720071295	-0.2720071295	-0.3549417101	0.3549417101	-0.3639040627	0.3639040627	0.4369783232	-0.4369783232	-0.4603268171	0.4603268171	-0.7676977378	0.7676977378	0.7716303057	-0.7716303057	-0.8306968468	0.8306968468	0.8334107424	-0.8334107424	0.8498931053	-0.8498931053	-0.9228657603	0.9228657603	-0.9477646154	0.9477646154	-0.9490844191	0.9490844191	0.9528511091	-0.9528511091	-0.9661084874	0.9661084874	-0.9696025176	0.9696025176	-0.9746151623	0.9746151623	-0.9956230729	0.9956230729	-1.020108256	1.020108256	-1.042576302	1.042576302	-1.043233462	1.043233462	-1.098115297	1.098115297	-1.113170407	1.113170407	1.124245442	-1.124245442	-1.177740956	1.177740956	-1.218750483	1.218750483	-1.222749403	1.222749403	-1.22844811	1.22844811	-1.237335486	1.237335486	-1.25153079	1.25153079	1.274080975	-1.274080975	1.279881143	-1.279881143	1.281466888	-1.281466888	1.285743306	-1.285743306	1.298883721	-1.298883721	1.312122457	-1.312122457	-1.348477383	1.348477383	-1.356940124	1.356940124	-1.364309088	1.364309088	1.387624245	-1.387624245	-1.405312604	1.405312604	1.436164317	-1.436164317	1.457016115	-1.457016115	1.457443984	-1.457443984	1.462174853	-1.462174853	1.47238252	-1.47238252	-1.484958459	1.484958459	-1.486251042	1.486251042	-1.48865785	1.48865785	-1.517988849	1.517988849	-1.521299942	1.521299942	1.523133098	-1.523133098	-1.534893693	1.534893693	-1.536213861	1.536213861	1.558376605	-1.558376605	1.578958385	-1.578958385	-1.579754609	1.579754609	-1.613887616	1.613887616	-1.628465118	1.628465118	-1.63555518	1.63555518	-1.639762107	1.639762107	-1.653305631	1.653305631	1.658868476	-1.658868476	-1.674762207	1.674762207	-1.742874596	1.742874596	1.744616361	-1.744616361	-1.793209485	1.793209485	-1.807838224	1.807838224	-1.812565985	1.812565985	-1.825421547	1.825421547	-1.842037973	1.842037973	-1.850789907	1.850789907	1.852033775	-1.852033775	1.866639502	-1.866639502	1.875186749	-1.875186749	-1.878720429	1.878720429	1.89711845	-1.89711845	-1.939334148	1.939334148	-1.94308353	1.94308353	
-1.02	0.09950119128	-0.09950119128	0.104045203	-0.104045203	0.1655274047	-0.1655274047	0.1707663227	-0.1707663227	-0.2057425198	0.2057425198	-0.2226337063	0.2226337063	-0.2278996321	0.2278996322	0.2376186938	-0.2376186938	-0.2478840051	0.2478840051	-0.2657062815	0.2657062815	-0.2671727764	0.2671727764	0.2677986743	-0.2677986743	-0.3526365141	0.3526365141	-0.3611692825	0.3611692825	-0.4401905283	0.4401905283	-0.457135035	0.457135035	0.767708042	-0.767708042	0.771630651	-0.771630651	0.8311115641	-0.8311115641	-0.8334240389	0.8334240389	-0.8498922427	0.8498922427	-0.9229221724	0.9229221724	-0.9478653698	0.9478653698	-0.9492138839	0.9492138839	-0.9560522948	0.9560522948	0.9667408828	-0.9667408828	-0.9697773666	0.9697773666	0.9714412628	-0.9714412628	-0.9956503475	0.9956503475	-1.020153584	1.020153584	-1.042046175	1.042046175	-1.043238622	1.043238622	-1.098007439	1.098007439	-1.113169885	1.113169885	-1.124260738	1.124260738	1.177738	-1.177738	1.21883266	-1.21883266	1.222852786	-1.222852786	-1.228415106	1.228415106	1.237325102	-1.237325102	1.251519088	-1.251519088	-1.273898796	1.273898796	-1.279866874	1.279866874	1.281489194	-1.281489194	1.28573693	-1.28573693	-1.299219203	1.299219203	-1.312482552	1.312482552	-1.348483606	1.348483606	-1.356905391	1.356905391	-1.364305588	1.364305588	-1.387536817	1.387536817	-1.405152577	1.405152577	-1.436218974	1.436218974	1.456991875	-1.456991875	-1.457109302	1.457109302	-1.462272701	1.462272701	-1.472378801	1.472378801	-1.485135188	1.485135188	-1.486309078	1.486309078	1.488680884	-1.488680884	-1.517996676	1.517996676	-1.521216613	1.521216613	1.523164948	-1.523164948	1.534918222	-1.534918222	-1.536219506	1.536219507	-1.558604476	1.558604476	1.578939673	-1.578939673	-1.579860291	1.579860291	1.613886087	-1.613886087	-1.628465692	1.628465692	1.635746537	-1.635746537	-1.639776299	1.639776299	-1.653296793	1.653296793	1.658857955	-1.658857955	1.674912049	-1.674912049	1.742902401	-1.742902401	1.744580784	-1.744580784	-1.793218908	1.793218908	1.807833459	-1.807833459	1.812761595	-1.812761595	1.825430125	-1.825430125	-1.841944358	1.841944358	-1.850773305	1.850773305	-1.851918143	1.851918143	-1.866651152	1.866651152	-1.875171183	1.875171183	1.878700196	-1.878700196	-1.896850528	1.896850528	-1.939354671	1.939354671	1.942884673	-1.942884673	
-1.01	0.1002864699	-0.1002864699	-0.1064187133	0.1064187133	-0.1639597505	0.1639597506	-0.1695518374	0.1695518374	0.2114464856	-0.2114464856	0.2236895531	-0.2236895531	0.2291987163	-0.2291987163	0.2306812769	-0.2306812769	-0.2508756513	0.2508756513	0.2600319577	-0.2600319577	-0.264182097	0.264182097	0.2751467587	-0.2751467587	0.351645269	-0.351645269	0.3597091973	-0.3597091973	-0.443332946	0.443332946	0.4540037679	-0.4540037679	0.7677168752	-0.7677168752	0.7716310075	-0.7716310075	0.8314482444	-0.8314482444	-0.8334328	0.8334328	-0.849891657	0.849891657	0.9229611817	-0.9229611817	0.9478994457	-0.9478994457	-0.9492766027	0.9492766027	-0.9591524317	0.9591524317	0.9672503581	-0.9672503581	-0.9683588048	0.9683588048	0.9700093632	-0.9700093632	-0.9956779733	0.9956779733	-1.020182884	1.020182884	-1.041433182	1.041433182	1.043214514	-1.043214514	-1.097813684	1.097813684	-1.113169409	1.113169409	-1.12427109	1.12427109	-1.177737769	1.177737769	-1.21891505	1.21891505	1.222951931	-1.222951931	1.228393217	-1.228393217	1.237313408	-1.237313408	1.251499927	-1.251499927	-1.273687402	1.273687402	1.279850696	-1.279850696	1.281510064	-1.281510064	1.285729757	-1.285729757	1.299483901	-1.299483901	1.312805327	-1.312805327	-1.348485231	1.348485231	-1.356880772	1.356880772	-1.364302923	1.364302923	1.387468504	-1.387468504	1.404941509	-1.404941509	-1.436257709	1.436257709	-1.456479019	1.456479019	-1.45719782	1.45719782	1.46237725	-1.46237725	1.472370398	-1.472370398	-1.485313137	1.485313137	1.486367685	-1.486367685	-1.488706287	1.488706287	-1.517952163	1.517952163	-1.521096408	1.521096408	1.523178784	-1.523178784	-1.534905016	1.534905016	-1.536209705	1.536209705	-1.558787607	1.558787607	1.578909259	-1.578909259	-1.57992956	1.57992956	1.613884057	-1.613884057	-1.628466232	1.628466232	1.635891809	-1.635891809	-1.639785874	1.639785874	-1.653290006	1.653290006	1.658809824	-1.658809824	1.675040574	-1.675040574	-1.742922029	1.742922029	-1.744556489	1.744556489	-1.793229158	1.793229158	1.807813725	-1.807813725	1.812972967	-1.812972967	-1.825438649	1.825438649	-1.841837906	1.841837906	-1.850731444	1.850731444	1.851822678	-1.851822678	-1.866650984	1.866650984	-1.875167119	1.875167119	1.878679857	-1.878679857	-1.896634451	1.896634451	-1.939375042	1.939375042	1.942653843	-1.942653843	
-1	-0.09498473179	0.09498473179	-0.1127997259	0.1127997259	-0.1568954748	0.1568954748	0.1751358264	-0.1751358264	-0.2159758994	0.2159758994	-0.2233956943	0.2233956943	0.2236880498	-0.2236880498	-0.2295512926	0.2295512926	-0.2529063398	0.2529063398	-0.2555332354	0.2555332354	0.2621548045	-0.2621548045	-0.2829710955	0.2829710955	0.3520295448	-0.3520295448	0.3596102026	-0.3596102026	0.44614837	-0.44614837	-0.4511902145	0.4511902145	0.7677242452	-0.7677242452	0.7716313747	-0.7716313747	-0.8317068044	0.8317068044	-0.8334370367	0.8334370367	0.8498913483	-0.8498913483	0.9229827922	-0.9229827922	0.9478668733	-0.9478668733	0.949272634	-0.949272634	-0.9616676908	0.9616676908	0.9658516936	-0.9658516936	0.967636207	-0.967636207	-0.9702990003	0.9702990003	-0.995705891	0.995705891	1.020196096	-1.020196096	-1.04073818	1.04073818	-1.043161056	1.043161056	-1.097534352	1.097534352	1.113168979	-1.113168979	-1.124276464	1.124276464	-1.177739242	1.177739242	-1.218997645	1.218997645	1.223046888	-1.223046888	-1.228382519	1.228382519	1.237300404	-1.237300404	1.251473671	-1.251473671	1.273447101	-1.273447101	1.279832855	-1.279832855	1.281529495	-1.281529495	1.285721794	-1.285721794	-1.299677662	1.299677662	-1.313090006	1.313090006	-1.348482281	1.348482281	1.356866277	-1.356866277	1.364301106	-1.364301106	-1.38741939	1.38741939	1.4046798	-1.4046798	1.436280451	-1.436280451	-1.45590903	1.45590903	-1.457281668	1.457281668	-1.462485227	1.462485227	1.472357045	-1.472357045	1.48549109	-1.48549109	1.486426771	-1.486426771	-1.488735259	1.488735259	-1.517854756	1.517854756	-1.520939554	1.520939554	-1.523175512	1.523175512	1.534852449	-1.534852449	1.536185114	-1.536185114	-1.55892568	1.55892568	1.578867497	-1.578867497	1.579962306	-1.579962306	-1.613881535	1.613881535	1.628466737	-1.628466737	1.635990917	-1.635990917	1.639790817	-1.639790817	1.653285278	-1.653285278	1.658723419	-1.658723419	1.675148073	-1.675148073	-1.742933466	1.742933466	-1.744543526	1.744543526	1.793240221	-1.793240221	1.807783724	-1.807783724	1.813195316	-1.813195316	1.82544712	-1.82544712	-1.84171776	1.84171776	-1.850664898	1.850664898	1.851747468	-1.851747468	-1.866638966	1.866638966	1.875174566	-1.875174566	1.878658963	-1.878658963	-1.896471469	1.896471469	-1.939395248	1.939395248	-1.942391655	1.942391655	
-0.99	0.08869853756	-0.08869853756	0.1182801957	-0.1182801957	-0.1499370381	0.1499370381	0.1817057334	-0.1817057334	0.2174738012	-0.2174738012	0.2183883394	-0.2183883394	0.2217955037	-0.2217955037	0.2282780327	-0.2282780327	0.2525935579	-0.2525935579	-0.2531521245	0.2531521245	-0.2624715903	0.2624715903	0.2911168352	-0.2911168353	0.3537661281	-0.3537661281	-0.3608786476	0.3608786476	-0.4463317767	0.4463317767	-0.4509993911	0.4509993911	0.7677301573	-0.7677301573	0.7716317521	-0.7716317521	0.8318871402	-0.8318871402	-0.8334367543	0.8334367543	-0.8498913166	0.8498913166	0.9229870054	-0.9229870054	0.9477676719	-0.9477676719	0.9492020222	-0.9492020222	0.9607978092	-0.9607978092	0.9667202367	-0.9667202367	0.9679133002	-0.9679133002	-0.9706311713	0.9706311713	-0.995734069	0.995734069	-1.020193188	1.020193188	-1.039962062	1.039962062	1.043078254	-1.043078254	-1.09716981	1.09716981	-1.113168596	1.113168596	-1.124276845	1.124276845	-1.177741334	1.177741334	-1.219080432	1.219080432	1.22313759	-1.22313759	-1.228383057	1.228383057	1.237286085	-1.237286085	1.251440665	-1.251440665	1.273178232	-1.273178232	-1.279813564	1.279813564	-1.281547479	1.281547479	-1.285713047	1.285713047	-1.299800349	1.299800349	1.313335848	-1.313335848	-1.348474772	1.348474772	-1.356861908	1.356861908	-1.364300145	1.364300145	1.387389517	-1.387389517	1.404367861	-1.404367861	1.43628713	-1.43628713	1.455284829	-1.455284829	1.457360879	-1.457360879	-1.462594045	1.462594045	1.472338515	-1.472338515	1.485667565	-1.485667565	-1.486486236	1.486486236	1.488769162	-1.488769162	-1.517703809	1.517703809	-1.520746534	1.520746534	1.52315562	-1.52315562	1.534759262	-1.534759262	-1.536146422	1.536146422	-1.559018479	1.559018479	1.578814727	-1.578814727	-1.579958465	1.579958465	1.61387853	-1.61387853	-1.628467203	1.628467203	1.636043838	-1.636043838	1.639791125	-1.639791125	-1.653282613	1.653282613	1.658598203	-1.658598203	1.675234832	-1.675234832	-1.742936699	1.742936699	-1.744541914	1.744541914	-1.793252075	1.793252075	1.807747082	-1.807747082	1.813424831	-1.813424831	1.825455538	-1.825455538	-1.841582838	1.841582838	-1.850574569	1.850574569	1.851692579	-1.851692579	-1.866615288	1.866615288	-1.875193523	1.875193523	1.878637552	-1.878637552	1.896362086	-1.896362086	-1.93941528	1.93941528	1.942098744	-1.942098744	
-0.98	0.08180594318	-0.08180594318	-0.1220407081	0.1220407081	-0.1437746139	0.1437746139	0.1888369992	-0.1888369992	0.211994259	-0.211994259	-0.2178154032	0.2178154032	0.2190436118	-0.2190436118	0.2257326199	-0.2257326199	-0.2502339491	0.2502339491	-0.2537570863	0.2537570863	-0.2648354477	0.2648354477	0.2994865569	-0.2994865569	0.3567537153	-0.3567537153	0.3634390185	-0.3634390185	-0.4435836121	0.4435836121	-0.4537308437	0.4537308437	-0.7677346145	0.7677346145	-0.7716321395	0.7716321395	0.8319891269	-0.8319891269	-0.8334319524	0.8334319524	-0.8498915618	0.8498915618	-0.9229738191	0.9229738191	0.9476018507	-0.9476018507	-0.949064799	0.949064799	-0.9578913732	0.9578913732	0.9681068111	-0.9681068111	-0.9696158732	0.9696158732	0.9709804436	-0.9709804436	-0.9957624913	0.9957624913	-1.02017416	1.02017416	1.039105749	-1.039105749	-1.042966202	1.042966202	-1.096720475	1.096720475	-1.113168259	1.113168259	-1.124272229	1.124272229	-1.177742898	1.177742898	-1.219163394	1.219163394	-1.223223861	1.223223861	-1.228394847	1.228394847	1.237270437	-1.237270437	1.251401227	-1.251401227	-1.272881183	1.272881183	-1.279792986	1.279792986	-1.281564006	1.281564006	-1.285703527	1.285703527	1.299851832	-1.299851832	-1.313542149	1.313542149	-1.348462713	1.348462713	-1.356867656	1.356867656	-1.364300046	1.364300046	-1.387378886	1.387378886	1.404006113	-1.404006113	1.436277675	-1.436277675	-1.454608744	1.454608744	1.457435515	-1.457435515	1.462701708	-1.462701708	-1.472314623	1.472314623	1.485840813	-1.485840813	-1.486545976	1.486545976	1.488809524	-1.488809524	-1.517498587	1.517498587	-1.520518085	1.520518085	1.523119169	-1.523119169	1.534624739	-1.534624739	-1.536094199	1.536094199	-1.559065886	1.559065886	1.578751264	-1.578751264	-1.57991802	1.57991802	-1.613875049	1.613875049	-1.628467629	1.628467629	1.636050608	-1.636050608	-1.639786808	1.639786808	-1.653282019	1.653282019	1.658433777	-1.658433777	1.675301125	-1.675301125	-1.742931721	1.742931721	1.74455165	-1.74455165	-1.7932647	1.7932647	-1.807706443	1.807706443	1.813658567	-1.813658567	-1.825463903	1.825463903	-1.841431841	1.841431841	-1.8504617	1.8504617	1.851658059	-1.851658059	-1.866580352	1.866580352	-1.875223981	1.875223981	-1.87861615	1.87861615	1.896306039	-1.896306039	-1.939435131	1.939435131	1.941775761	-1.941775761	
-0.97	-0.07454597436	0.07454597436	0.1223392267	-0.1223392267	-0.1398932164	0.1398932164	0.1961056912	-0.1961056912	0.2075866131	-0.2075866131	0.2145032334	-0.2145032334	0.2154877352	-0.2154877352	0.2220449823	-0.2220449823	-0.2471395203	0.2471395203	0.2571016492	-0.2571016492	-0.2679342508	0.2679342508	0.3080168356	-0.3080168356	-0.3608395459	0.3608395459	0.367154474	-0.3671544741	-0.4404443501	0.4404443501	-0.4568440901	0.4568440901	0.7677376171	-0.7677376171	0.7716325362	-0.7716325362	0.8320126189	-0.8320126189	-0.8334226248	0.8334226248	-0.8498920841	0.8498920841	0.9229432285	-0.9229432285	0.9473694083	-0.9473694083	0.948860983	-0.948860983	0.9547343176	-0.9547343176	0.9682417373	-0.9682417373	-0.9713215352	0.9713215352	-0.9727526804	0.9727526804	-0.9957911512	0.9957911512	-1.020139041	1.020139041	1.03817019	-1.03817019	1.042825084	-1.042825084	-1.096186804	1.096186804	-1.113167966	1.113167966	-1.124262629	1.124262629	1.177742731	-1.177742731	-1.219246509	1.219246509	1.223305418	-1.223305418	1.228417879	-1.228417879	1.237253441	-1.237253441	1.251355656	-1.251355656	-1.272556394	1.272556394	-1.279771236	1.279771236	-1.281579064	1.281579064	-1.285693247	1.285693247	-1.299831993	1.299831993	1.313708232	-1.313708232	-1.348446109	1.348446109	1.356883508	-1.356883508	-1.364300806	1.364300806	1.387387456	-1.387387456	1.403594984	-1.403594984	-1.436252013	1.436252013	1.453882642	-1.453882642	-1.457505664	1.457505664	1.462806677	-1.462806677	-1.472285227	1.472285227	1.486008842	-1.486008842	1.486605883	-1.486605883	-1.488858025	1.488858025	-1.517238282	1.517238282	1.520255184	-1.520255184	1.523065771	-1.523065771	1.534448823	-1.534448823	-1.536028802	1.536028802	-1.55906788	1.55906788	1.578677398	-1.578677398	1.579841005	-1.579841005	1.613871102	-1.613871102	-1.628468011	1.628468011	1.636011321	-1.636011321	-1.639777892	1.639777892	-1.653283501	1.653283501	1.658229878	-1.658229878	1.675347212	-1.675347212	1.742918526	-1.742918526	-1.744572703	1.744572703	-1.793278071	1.793278071	-1.807663607	1.807663607	1.813894312	-1.813894312	1.825472215	-1.825472215	-1.841263262	1.841263262	1.850327899	-1.850327899	-1.851643938	1.851643938	-1.866534764	1.866534764	-1.875265924	1.875265924	1.878595739	-1.878595739	-1.896302319	1.896302319	1.939454803	-1.939454803	-1.94142337	1.94142337	
-0.96	0.06707272987	-0.06707272987	0.1182459131	-0.1182459131	-0.1388662425	0.1388662425	0.2021497318	-0.2021497318	0.2046530712	-0.2046530712	0.2094694905	-0.2094694905	0.2125226452	-0.2125226452	0.2173925025	-0.2173925025	-0.2437984624	0.2437984624	0.2621668981	-0.2621668981	-0.2712797594	0.2712797594	0.3166649933	-0.3166649933	-0.3658516029	0.3658516029	0.371858105	-0.371858105	-0.4372278053	0.4372278053	0.4600253062	-0.4600253062	0.7677391632	-0.7677391632	-0.7716329419	0.7716329419	0.8319574496	-0.8319574496	-0.8334087595	0.8334087595	-0.8498928832	0.8498928833	0.9228952257	-0.9228952257	0.9470703332	-0.9470703332	0.9485905811	-0.9485905811	-0.9515154647	0.9515154647	0.9683371395	-0.9683371395	-0.9716350742	0.9716350742	0.9759418373	-0.9759418373	0.9958200488	-0.9958200488	-1.020087892	1.020087892	-1.037156353	1.037156353	1.042655171	-1.042655171	1.095569294	-1.095569294	-1.113167718	1.113167718	1.124248072	-1.124248072	1.177739577	-1.177739577	1.219329753	-1.219329753	1.223381883	-1.223381883	-1.228452113	1.228452113	1.237235071	-1.237235071	1.251304225	-1.251304225	-1.272204362	1.272204362	-1.279748374	1.279748374	1.281592637	-1.281592637	1.285682224	-1.285682224	1.299740721	-1.299740721	1.313833447	-1.313833447	-1.348424955	1.348424955	-1.356909437	1.356909437	-1.364302421	1.364302421	1.387415145	-1.387415145	-1.403134909	1.403134909	-1.436210071	1.436210071	-1.453108034	1.453108034	1.457571437	-1.457571437	1.462907768	-1.462907768	1.472250225	-1.472250225	-1.486169473	1.486169473	1.486665844	-1.486665844	1.488916447	-1.488916447	1.516922045	-1.516922045	-1.519959006	1.519959006	1.522994546	-1.522994546	1.534232177	-1.534232177	-1.535950359	1.535950359	1.559024537	-1.559024537	1.578593388	-1.578593388	1.579727498	-1.579727498	1.613866696	-1.613866696	-1.628468346	1.628468346	1.635926127	-1.635926127	-1.639764414	1.639764414	-1.653287066	1.653287066	1.657986383	-1.657986383	1.67537334	-1.67537334	1.742897114	-1.742897114	1.744605018	-1.744605018	1.793292162	-1.793292162	1.807619666	-1.807619666	1.814130437	-1.814130437	1.825480477	-1.825480477	1.841075414	-1.841075414	1.850175145	-1.850175145	1.851650226	-1.851650226	-1.866479315	1.866479315	1.875319329	-1.875319329	-1.878577683	1.878577683	-1.89634923	1.89634923	-1.939474298	1.939474298	1.941042247	-1.941042247	
-0.95	0.05949307473	-0.05949307473	0.1117372	-0.1117372	-0.138378145	0.138378145	0.201562984	-0.201562984	0.2035124071	-0.2035124071	0.2035266762	-0.2035266762	0.2119986643	-0.2119986643	0.2156313487	-0.2156313487	0.2403541845	-0.2403541845	0.2681557675	-0.2681557675	0.2747285422	-0.2747285422	0.3254013966	-0.3254013966	0.3716238052	-0.3716238052	0.3773809663	-0.3773809663	-0.4339817668	0.4339817668	-0.4632266924	0.4632266924	0.7677392486	-0.7677392486	-0.7716333561	0.7716333561	-0.831823432	0.831823432	-0.8333903388	0.8333903389	-0.8498939594	0.8498939594	-0.9228298	0.9228298	0.9467046038	-0.9467046038	0.9482535888	-0.9482535888	-0.9482705391	0.9482705391	0.9684058277	-0.9684058277	-0.9719079112	0.9719079112	-0.9791476111	0.9791476111	-0.99584919	0.99584919	-1.020020803	1.020020803	1.036065227	-1.036065227	1.042456826	-1.042456826	1.094868478	-1.094868478	-1.113167513	1.113167513	1.124228599	-1.124228599	1.177732133	-1.177732133	-1.219413096	1.219413096	-1.223452784	1.223452784	1.228497482	-1.228497482	1.237215295	-1.237215295	1.251247183	-1.251247183	1.271825644	-1.271825644	-1.279724401	1.279724401	1.281604707	-1.281604707	1.285670475	-1.285670475	1.299577921	-1.299577921	-1.313917164	1.313917164	-1.348399243	1.348399243	1.356945412	-1.356945412	-1.36430488	1.36430488	1.387461829	-1.387461829	1.402626333	-1.402626333	1.436151775	-1.436151775	1.452286169	-1.452286169	-1.457632966	1.457632966	1.463004058	-1.463004058	1.47220955	-1.47220955	-1.486320447	1.486320447	1.486725741	-1.486725741	1.488986567	-1.488986567	1.516549041	-1.516549041	-1.519630884	1.519630884	1.52290407	-1.52290407	-1.533976179	1.533976179	-1.535858833	1.535858833	-1.558936026	1.558936026	1.578499463	-1.578499463	-1.579577627	1.579577627	1.613861842	-1.613861842	-1.628468631	1.628468631	1.635795232	-1.635795232	-1.639746425	1.639746425	1.653292718	-1.653292718	1.657703308	-1.657703308	1.675379739	-1.675379739	1.742867487	-1.742867487	1.744648515	-1.744648515	-1.793306945	1.793306945	1.807575124	-1.807575124	1.81436578	-1.81436578	1.825488687	-1.825488687	1.840866463	-1.840866463	-1.850005791	1.850005791	1.851676912	-1.851676912	-1.86641495	1.86641495	1.875384162	-1.875384162	1.878563625	-1.878563625	-1.896444489	1.896444489	-1.939493624	1.939493624	-1.940633078	1.940633078	
-0.94	0.05189031335	-0.05189031335	0.1043805012	-0.1043805012	0.136741908	-0.136741908	0.1962359717	-0.1962359717	0.1970570642	-0.1970570642	0.2035819951	-0.2035819951	-0.2068094599	0.2068094599	0.2230125062	-0.2230125062	-0.2368583135	0.2368583135	0.2746433933	-0.2746433933	0.2782289648	-0.2782289648	0.3342048613	-0.3342048613	0.3780099106	-0.3780099106	0.3835697472	-0.3835697472	0.4307199001	-0.4307199001	-0.4664345711	0.4664345711	0.7677378663	-0.7677378663	0.7716337784	-0.7716337784	0.8316103598	-0.8316103598	-0.8333673392	0.8333673392	-0.8498953125	0.8498953125	0.9227469385	-0.9227469385	-0.9450108445	0.9450108445	0.9462721905	-0.9462721905	-0.9478499903	0.9478499903	0.9684560033	-0.9684560033	-0.9721314762	0.9721314762	-0.9823586753	0.9823586753	0.9958785893	-0.9958785893	-1.01993789	1.01993789	1.034897815	-1.034897815	1.042230495	-1.042230495	1.094084921	-1.094084921	-1.11316735	1.11316735	1.124204267	-1.124204267	1.177719049	-1.177719049	-1.219496504	1.219496504	1.223517566	-1.223517566	1.228553893	-1.228553893	1.237194074	-1.237194074	1.251184757	-1.251184757	1.271420852	-1.271420852	-1.279699255	1.279699255	1.281615254	-1.281615254	1.285658024	-1.285658024	1.299343515	-1.299343515	1.313958772	-1.313958772	-1.348368954	1.348368954	1.356991387	-1.356991387	1.36430817	-1.36430817	1.387527346	-1.387527346	1.402069708	-1.402069708	1.436077052	-1.436077052	1.451418103	-1.451418103	1.457690396	-1.457690396	1.463094817	-1.463094817	1.472163175	-1.472163175	1.486459593	-1.486459593	1.486785456	-1.486785456	1.489069991	-1.489069991	1.516118511	-1.516118511	1.519272249	-1.519272249	1.522792303	-1.522792303	1.533682927	-1.533682927	-1.535754097	1.535754097	-1.55880261	1.55880261	-1.578395817	1.578395817	1.579391566	-1.579391566	1.613856545	-1.613856545	-1.62846886	1.62846886	1.635618897	-1.635618897	-1.639723989	1.639723989	-1.653300464	1.653300464	1.657380809	-1.657380809	1.675366628	-1.675366628	1.742829651	-1.742829651	-1.744703089	1.744703089	1.793322387	-1.793322387	1.807529986	-1.807529986	1.814599541	-1.814599541	1.825496846	-1.825496846	1.840634489	-1.840634489	1.849822536	-1.849822536	1.851723969	-1.851723969	-1.866342736	1.866342736	1.875460383	-1.875460383	1.878555386	-1.878555386	1.896585344	-1.896585344	1.939512792	-1.939512792	1.940196557	-1.940196557	
-0.93	-0.04434011262	0.04434011262	0.09675243223	-0.09675243224	-0.133598337	0.133598337	0.1897312929	-0.1897312929	0.1903159473	-0.1903159473	0.1985495533	-0.1985495533	0.208060486	-0.208060486	-0.2311877149	0.2311877149	-0.2333333154	0.2333333154	0.2814170628	-0.2814170628	-0.2817585695	0.2817585695	0.3430598309	-0.3430598309	-0.3848881199	0.3848881199	-0.3902942794	0.3902942794	0.4274475739	-0.4274475739	-0.4696435603	0.4696435603	0.7677350072	-0.7677350072	0.7716342083	-0.7716342083	0.8313180083	-0.8313180083	-0.8333397311	0.8333397311	-0.8498969425	0.8498969425	-0.9226466257	0.9226466257	-0.9417410868	0.9417410868	-0.9457730498	0.9457730498	-0.9473797598	0.9473797598	0.968492855	-0.968492855	-0.972300181	0.972300181	-0.9855702836	0.9855702836	-0.9959082784	0.9959082784	-1.019839298	1.019839298	1.033655135	-1.033655135	1.041976713	-1.041976713	-1.093219216	1.093219216	-1.113167228	1.113167228	-1.124175145	1.124175145	1.177698936	-1.177698936	-1.219579941	1.219579941	-1.223575591	1.223575591	-1.228621224	1.228621224	1.237171363	-1.237171363	1.251117149	-1.251117149	1.27099066	-1.27099066	-1.27967281	1.27967281	1.281624252	-1.281624252	1.285644893	-1.285644893	-1.299037454	1.299037454	1.313957675	-1.313957675	-1.348334066	1.348334066	-1.357047311	1.357047311	-1.364312272	1.364312272	1.387611493	-1.387611493	1.401465499	-1.401465499	1.435985829	-1.435985829	1.450504746	-1.450504746	1.457743885	-1.457743885	1.463179464	-1.463179464	1.472111102	-1.472111102	-1.486585044	1.486585044	1.486844867	-1.486844867	-1.489167932	1.489167932	1.51562984	-1.51562984	1.518884561	-1.518884561	1.522656492	-1.522656492	1.533355253	-1.533355253	-1.535636011	1.535636011	-1.558624637	1.558624637	1.578282611	-1.578282611	1.579169538	-1.579169538	1.613850815	-1.613850815	-1.62846903	1.62846903	1.635397441	-1.635397441	-1.639697182	1.639697182	-1.653310308	1.653310308	1.657019177	-1.657019177	1.675334214	-1.675334214	-1.742783618	1.742783618	1.744768609	-1.744768609	1.793338457	-1.793338457	1.807483834	-1.807483834	1.814831207	-1.814831207	-1.825504954	1.825504954	1.840377566	-1.840377566	-1.849628383	1.849628383	1.851791348	-1.851791348	-1.866263819	1.866263819	-1.875547945	1.875547945	1.878554844	-1.878554844	-1.896768693	1.896768693	1.939531815	-1.939531815	-1.939733384	1.939733384	
-0.92	0.03692358145	-0.03692358145	0.08909573635	-0.08909573635	-0.1291565189	0.1291565189	0.182664436	-0.182664436	-0.1833991068	0.1833991068	0.1915645163	-0.1915645163	0.2123378942	-0.2123378942	-0.2297904515	0.2297904515	-0.2396148488	0.2396148488	-0.2853061419	0.2853061419	0.2883657372	-0.2883657372	0.3519545969	-0.3519545969	0.3921602095	-0.3921602095	0.3974483278	-0.3974483278	0.4241673446	-0.4241673446	0.4728510892	-0.4728510892	0.7677306593	-0.7677306593	0.7716346453	-0.7716346453	0.8309461358	-0.8309461358	-0.8333074792	0.8333074792	-0.8498988494	0.8498988494	0.9225288444	-0.9225288444	0.9384635883	-0.9384635883	0.945207134	-0.945207134	0.9468428611	-0.9468428611	0.9685196566	-0.9685196566	0.9724103209	-0.9724103209	0.98878001	-0.98878001	-0.9959383433	0.9959383433	1.019725193	-1.019725193	1.032338216	-1.032338216	-1.041696098	1.041696098	1.092271978	-1.092271978	-1.113167146	1.113167146	-1.124141316	1.124141316	-1.177670365	1.177670365	-1.219663365	1.219663365	1.223626147	-1.223626147	1.228699329	-1.228699329	1.237147109	-1.237147109	1.251044538	-1.251044538	-1.27053579	1.27053579	1.279644866	-1.279644866	1.281631677	-1.281631677	-1.285631109	1.285631109	-1.298659725	1.298659725	-1.313913291	1.313913291	-1.348294548	1.348294548	1.357113117	-1.357113117	-1.364317164	1.364317164	1.387714029	-1.387714029	-1.400814182	1.400814182	1.43587803	-1.43587803	-1.449546906	1.449546906	1.457793599	-1.457793599	1.463257525	-1.463257525	1.472053364	-1.472053364	1.486695454	-1.486695454	1.486903847	-1.486903847	1.48928099	-1.48928099	1.515082622	-1.515082622	-1.518469264	1.518469264	1.522493075	-1.522493075	1.532996783	-1.532996783	-1.535504468	1.535504468	1.558402541	-1.558402541	1.578159974	-1.578159974	1.57891181	-1.57891181	1.613844659	-1.613844659	-1.628469135	1.628469135	1.635131233	-1.635131233	1.639666092	-1.639666092	1.653322256	-1.653322256	1.656618832	-1.656618832	1.675282694	-1.675282694	1.742729402	-1.742729402	1.744844923	-1.744844923	1.79335512	-1.79335512	1.807435878	-1.807435878	-1.815060494	1.815060494	-1.825513013	1.825513013	-1.840093868	1.840093868	1.849426563	-1.849426563	-1.85187898	1.85187898	-1.866179381	1.866179381	1.87564679	-1.87564679	1.87856384	-1.87856384	1.896991214	-1.896991214	1.939244266	-1.939244266	-1.939550713	1.939550713	
-0.91	0.02974138491	-0.02974138491	0.08156488688	-0.08156488688	-0.1237646299	0.1237646299	0.1752207578	-0.1752207578	0.1763685443	-0.1763685443	0.1841332191	-0.1841332191	0.2178089093	-0.2178089093	-0.2262362119	0.2262362119	0.2481682352	-0.2481682352	-0.288865484	0.288865484	-0.2954276152	0.2954276152	-0.3608801433	0.3608801433	-0.3997482952	0.3997482952	0.4049470623	-0.4049470623	-0.4208806025	0.4208806025	-0.476055752	0.476055752	-0.7677248084	0.7677248084	-0.7716350889	0.7716350889	0.8304944852	-0.8304944852	-0.8332705423	0.8332705423	-0.8499010332	0.8499010332	-0.9223935763	0.9223935763	0.935179646	-0.935179646	0.9445743846	-0.9445743846	0.946239249	-0.946239249	-0.9685384357	0.9685384357	-0.9724594045	0.9724594045	-0.9919861841	0.9919861841	-0.9959691358	0.9959691358	-1.019595764	1.019595764	-1.030948106	1.030948106	-1.041389347	1.041389347	-1.091243845	1.091243845	-1.113167101	1.113167101	1.124102878	-1.124102878	1.17763187	-1.17763187	-1.21974673	1.21974673	1.223668452	-1.223668452	-1.228788036	1.228788036	1.237121253	-1.237121253	-1.250967079	1.250967079	1.270057016	-1.270057016	-1.279615143	1.279615143	-1.281637498	1.281637498	-1.285616702	1.285616702	1.298210372	-1.298210372	-1.313825047	1.313825047	-1.348250361	1.348250361	-1.35718873	1.35718873	-1.36432282	1.36432282	1.387834674	-1.387834674	1.40011625	-1.40011625	-1.435753584	1.435753584	1.448545317	-1.448545317	1.457839709	-1.457839709	1.463328606	-1.463328606	1.471990019	-1.471990019	-1.486790155	1.486790155	-1.486962271	1.486962271	1.489408976	-1.489408976	1.514476717	-1.514476717	-1.518027742	1.518027742	1.522297573	-1.522297573	1.532612018	-1.532612018	-1.535359425	1.535359425	-1.558136834	1.558136834	-1.578028004	1.578028004	1.578618698	-1.578618698	-1.613838084	1.613838084	-1.628469169	1.628469169	1.634820699	-1.634820699	-1.639630819	1.639630819	-1.653336312	1.653336312	1.656180325	-1.656180325	1.675212262	-1.675212262	-1.742667021	1.742667021	1.744931856	-1.744931856	-1.793372339	1.793372339	1.807384998	-1.807384998	-1.815287295	1.815287295	1.825521021	-1.825521021	1.839781788	-1.839781788	-1.849220425	1.849220425	1.851986779	-1.851986779	-1.866090595	1.866090595	-1.875756855	1.875756855	-1.878584097	1.878584097	1.897249472	-1.897249472	1.938729911	-1.938729911	-1.939569503	1.939569503	
-0.9	-0.0229327428	0.0229327428	0.07430952094	-0.07430952094	0.1177359744	-0.1177359744	0.1674969264	-0.1674969264	0.1692612981	-0.1692612981	0.1764016458	-0.1764016458	-0.2226660575	0.2226660575	0.2240735729	-0.2240735729	0.2567994788	-0.2567994788	0.2924328961	-0.2924328961	-0.3025660959	0.3025660959	-0.3698293791	0.3698293791	0.4075910442	-0.4075910442	0.4127234364	-0.4127234364	0.417588186	-0.417588186	0.4792566957	-0.4792566957	0.7677174375	-0.7677174375	0.7716355388	-0.7716355388	0.8299627861	-0.8299627861	-0.8332288729	0.8332288729	-0.8499034938	0.8499034938	0.922240802	-0.922240802	-0.9318900543	0.9318900543	0.9438747353	-0.9438747353	0.9455688691	-0.9455688691	0.9685503555	-0.9685503555	-0.972445771	0.972445771	-0.995182223	0.995182223	-0.9960064163	0.9960064163	1.019451205	-1.019451205	-1.029485872	1.029485872	-1.041057241	1.041057241	1.090135471	-1.090135471	-1.113167093	1.113167093	1.124059937	-1.124059937	1.177581953	-1.177581953	-1.219829987	1.219829987	-1.223701657	1.223701657	1.228887147	-1.228887147	1.237093728	-1.237093728	1.250884905	-1.250884905	1.26955516	-1.26955516	1.279583262	-1.279583262	1.281641684	-1.281641684	1.285601701	-1.285601701	1.297689516	-1.297689516	1.31369238	-1.31369238	-1.34820146	1.34820146	1.357274059	-1.357274059	1.364329211	-1.364329211	-1.387973112	1.387973112	1.399372216	-1.399372216	1.435612417	-1.435612417	1.447500659	-1.447500659	1.45788239	-1.45788239	1.463392376	-1.463392376	1.471921147	-1.471921147	1.486869203	-1.486869203	1.487020011	-1.487020011	1.489550846	-1.489550846	1.513812288	-1.513812288	-1.517561303	1.517561303	-1.522064498	1.522064498	1.532206414	-1.532206414	-1.53520091	1.53520091	-1.557828103	1.557828103	1.577886768	-1.577886768	1.578290561	-1.578290561	1.613831095	-1.613831095	-1.628469125	1.628469125	1.634466314	-1.634466314	-1.639591472	1.639591472	-1.653352479	1.653352479	1.655704326	-1.655704326	1.675123108	-1.675123108	1.742596501	-1.742596501	-1.74502921	1.74502921	1.793390076	-1.793390076	1.807329767	-1.807329767	1.815511651	-1.815511651	1.825528979	-1.825528979	1.839440086	-1.839440086	1.849013312	-1.849013312	1.852114636	-1.852114636	-1.865998583	1.865998583	1.875878065	-1.875878065	1.878617162	-1.878617163	1.897540018	-1.897540018	-1.938191032	1.938191032	-1.939588211	1.939588211	
-0.89	0.01670342484	-0.01670342484	0.06751944798	-0.06751944798	0.1113157356	-0.1113157356	-0.1595572813	0.1595572813	-0.1621003058	0.1621003058	-0.1684390792	0.1684390792	0.2191030257	-0.2191030257	0.230862497	-0.230862497	0.2654837487	-0.2654837487	0.2960060317	-0.2960060317	-0.3097582872	0.3097582872	0.3787966156	-0.3787966156	-0.4142905587	0.4142905587	-0.4156402684	0.4156402684	0.4207246037	-0.4207246037	0.4824533563	-0.4824533563	0.7677085268	-0.7677085268	0.7716359944	-0.7716359944	-0.8293507572	0.8293507572	-0.8331824177	0.8331824177	-0.8499062311	0.8499062311	0.9220705018	-0.9220705018	0.9285953377	-0.9285953377	-0.9431081122	0.9431081122	-0.9448316589	0.9448316589	-0.9685559023	0.9685559023	0.9723684015	-0.9723684015	-0.9960249318	0.9960249318	-0.9983928186	0.9983928186	1.019291705	-1.019291705	1.027952622	-1.027952622	1.040700632	-1.040700632	1.088947521	-1.088947521	-1.113167119	1.113167119	1.124012615	-1.124012615	-1.177519081	1.177519081	1.219913082	-1.219913082	-1.223724852	1.223724852	-1.228996442	1.228996442	-1.23706446	1.23706446	-1.250798123	1.250798123	1.269031084	-1.269031084	1.279548726	-1.279548726	1.2816442	-1.2816442	1.285586139	-1.285586139	-1.297097384	1.297097384	1.313514735	-1.313514735	-1.348147793	1.348147793	1.357369002	-1.357369002	1.364336306	-1.364336306	1.38812899	-1.38812899	1.398582613	-1.398582613	-1.435454457	1.435454457	1.44641358	-1.44641358	1.457921814	-1.457921814	-1.463448553	1.463448553	1.471846848	-1.471846848	1.486933299	-1.486933299	1.48707694	-1.48707694	1.489704744	-1.489704744	-1.513089834	1.513089834	-1.517071185	1.517071185	1.52178732	-1.52178732	1.531786422	-1.531786422	-1.535029021	1.535029021	-1.557477004	1.557477004	1.577736311	-1.577736311	1.577927805	-1.577927805	1.6138237	-1.6138237	-1.628468996	1.628468996	1.634068607	-1.634068607	-1.639548172	1.639548172	-1.653370762	1.653370762	1.65519162	-1.65519162	1.675015426	-1.675015426	1.74251787	-1.74251787	1.745136769	-1.745136769	1.793408294	-1.793408294	-1.807268478	1.807268478	-1.815733722	1.815733722	1.825536885	-1.825536885	-1.839068021	1.839068021	1.848808424	-1.848808424	-1.852262425	1.852262425	-1.865904384	1.865904384	-1.876010342	1.876010342	1.878664372	-1.878664372	1.897859463	-1.897859463	1.937628344	-1.937628344	1.939606859	-1.939606859	
-0.88	-0.01136401485	0.01136401485	0.06146166299	-0.06146166299	-0.1047024366	0.1047024366	-0.1514494176	0.1514494176	0.1549005325	-0.1549005325	-0.1602937326	0.1602937326	0.2155306725	-0.2155306725	0.2380312698	-0.2380312698	0.2742059645	-0.2742059645	0.299583328	-0.299583328	0.3169891843	-0.3169891843	0.3877772029	-0.3877772029	0.4109883161	-0.4109883161	-0.4238576284	0.4238576284	-0.4289088252	0.4289088252	0.4856453331	-0.4856453331	0.7676980541	-0.7676980541	0.7716364552	-0.7716364552	0.8286581083	-0.8286581083	-0.8331311169	0.8331311169	-0.8499092451	0.8499092451	0.9218826566	-0.9218826566	0.9252958656	-0.9252958657	0.9422744344	-0.9422744344	-0.944027548	0.944027548	0.9685549275	-0.9685549275	-0.9722268763	0.9722268763	-0.996057377	0.996057377	1.001584861	-1.001584861	-1.019117404	1.019117404	1.02634954	-1.02634954	1.040320452	-1.040320452	1.087680673	-1.087680673	-1.113167178	1.113167178	1.123961041	-1.123961041	1.177441692	-1.177441692	-1.219995956	1.219995956	1.223737069	-1.223737069	1.229115675	-1.229115675	1.237033368	-1.237033368	1.250706818	-1.250706818	1.268485688	-1.268485688	1.279510885	-1.279510885	-1.281645008	1.281645008	-1.285570051	1.285570051	1.296434351	-1.296434351	-1.313291563	1.313291563	-1.348089301	1.348089301	1.35747344	-1.35747344	-1.364344073	1.364344073	1.388301921	-1.388301921	1.397748002	-1.397748002	-1.435279627	1.435279627	1.445284709	-1.445284709	1.457958153	-1.457958153	1.46349689	-1.46349689	1.471767235	-1.471767235	1.486983611	-1.486983611	1.487132929	-1.487132929	1.489868131	-1.489868131	-1.512310217	1.512310217	1.516558571	-1.516558571	-1.521458516	1.521458516	1.531359439	-1.531359439	-1.534843927	1.534843927	1.557084254	-1.557084254	-1.57753088	1.57753088	1.577576652	-1.577576652	1.613815901	-1.613815901	-1.628468774	1.628468774	1.633628156	-1.633628156	-1.639501048	1.639501048	-1.653391162	1.653391162	1.654643101	-1.654643101	1.674889418	-1.674889418	1.742431161	-1.742431161	1.745254293	-1.745254293	1.79342695	-1.79342695	1.807199159	-1.807199159	1.815953762	-1.815953762	-1.82554474	1.82554474	1.838665485	-1.838665485	-1.848608683	1.848608683	1.852429997	-1.852429997	-1.865808921	1.865808921	-1.876153597	1.876153597	1.878726838	-1.878726838	1.898204533	-1.898204533	1.937042566	-1.937042566	1.939625477	-1.939625477	
-0.87	0.007362073049	-0.00736207305	0.05649642076	-0.05649642076	0.09808754539	-0.09808754539	0.1432108855	-0.1432108855	0.1476721782	-0.1476721782	-0.1520030485	0.1520030485	0.2119550203	-0.2119550203	0.2454673865	-0.2454673865	0.2829559559	-0.2829559559	0.3031637005	-0.3031637005	0.324248548	-0.324248548	0.3967672724	-0.3967672724	0.4076815563	-0.4076815563	0.4322130159	-0.4322130159	0.4372429676	-0.4372429677	0.4888323223	-0.4888323223	0.767685994	-0.767685994	0.7716369207	-0.7716369207	0.8278845436	-0.8278845436	0.8330749048	-0.8330749048	0.8499125357	-0.8499125357	0.9216772483	-0.9216772483	0.9219919127	-0.9219919127	0.9413736145	-0.9413736145	0.9431564591	-0.9431564591	0.9685465366	-0.9685465366	-0.9720214848	0.9720214848	-0.9960887863	0.9960887863	1.00477298	-1.00477298	-1.018928286	1.018928286	1.024677994	-1.024677994	1.039917702	-1.039917702	1.08633561	-1.08633561	1.113167266	-1.113167266	1.123905357	-1.123905357	1.177348194	-1.177348194	-1.220078547	1.220078547	1.223737285	-1.223737285	1.22924458	-1.22924458	1.237000363	-1.237000363	1.250611048	-1.250611048	1.267919906	-1.267919906	1.279468885	-1.279468885	1.281644067	-1.281644067	1.285553472	-1.285553472	-1.295701	1.295701	1.313022323	-1.313022323	1.348025914	-1.348025914	1.357587237	-1.357587237	1.364352475	-1.364352475	-1.388491482	1.388491482	1.396868974	-1.396868974	1.435087852	-1.435087852	1.444114666	-1.444114666	1.457991574	-1.457991574	1.46353717	-1.46353717	1.471682435	-1.471682435	-1.487021566	1.487021566	1.48718785	-1.48718785	1.49003792	-1.49003792	1.511474709	-1.511474709	-1.516024616	1.516024616	1.521069781	-1.521069781	1.53093361	-1.53093361	-1.534645854	1.534645854	1.556650633	-1.556650633	-1.57710028	1.57710028	1.577407794	-1.577407794	1.613807704	-1.613807704	-1.628468447	1.628468447	1.633145586	-1.633145586	1.639450238	-1.639450238	1.653413682	-1.653413682	1.654059765	-1.654059765	1.674745294	-1.674745294	1.742336413	-1.742336413	1.745381526	-1.745381526	1.793446006	-1.793446006	1.807119586	-1.807119586	1.816172104	-1.816172104	-1.825552542	1.825552542	1.838233102	-1.838233102	1.848416615	-1.848416615	1.852617186	-1.852617186	-1.86571299	1.86571299	1.876307732	-1.876307732	1.878805445	-1.878805445	1.898572112	-1.898572112	-1.936434414	1.936434414	1.939644091	-1.939644091	
-0.86	-0.00524039024	0.005240390241	0.05299471957	-0.05299471957	-0.0917138246	0.0917138246	-0.134873126	0.134873126	-0.1404224468	0.1404224468	-0.1435981239	0.1435981239	-0.2083770136	0.2083770136	0.253098166	-0.253098166	-0.2917263708	0.2917263708	0.3067463698	-0.3067463698	-0.3315291399	0.3315291399	-0.4043705627	0.4043705627	0.4057635504	-0.4057635504	-0.4406821199	0.4406821199	-0.4457005476	0.4457005476	-0.4920140803	0.4920140803	-0.7676723184	0.7676723184	-0.7716373905	0.7716373905	-0.8270297641	0.8270297641	-0.8330137089	0.8330137089	-0.8499161028	0.8499161028	-0.9186836932	0.9186836932	-0.9214542608	0.9214542608	-0.9404055597	0.9404055597	-0.9422183086	0.9422183086	0.9685287567	-0.9685287567	-0.9717535564	0.9717535564	-0.9961201813	0.9961201813	-1.007955859	1.007955859	1.018723828	-1.018723828	-1.022939887	1.022939887	-1.039493459	1.039493459	-1.084913021	1.084913021	-1.113167382	1.113167382	-1.123845712	1.123845712	-1.177236963	1.177236963	-1.220160788	1.220160788	-1.223724423	1.223724423	-1.229382869	1.229382869	1.236965346	-1.236965346	1.25051085	-1.25051085	1.267334698	-1.267334698	-1.279421598	1.279421598	-1.281641334	1.281641334	-1.285536437	1.285536437	-1.294898203	1.294898203	-1.31270648	1.31270648	-1.347957558	1.347957558	-1.357710241	1.357710241	-1.364361478	1.364361478	1.38869722	-1.38869722	-1.395946159	1.395946159	-1.434879044	1.434879044	1.442904086	-1.442904086	-1.458022237	1.458022237	-1.4635692	1.4635692	-1.471592586	1.471592586	-1.487048672	1.487048672	-1.487241579	1.487241579	1.490210553	-1.490210553	-1.510585064	1.510585064	-1.515470474	1.515470474	-1.520612415	1.520612415	1.530517441	-1.530517441	-1.534435087	1.534435087	-1.556176972	1.556176972	-1.576636541	1.576636541	-1.577229725	1.577229725	-1.613799111	1.613799111	-1.628468005	1.628468005	1.632621572	-1.632621572	-1.639395886	1.639395886	-1.653438322	1.653438322	1.653442703	-1.653442703	1.67458328	-1.67458328	-1.74223367	1.74223367	-1.745518195	1.745518195	-1.793465418	1.793465418	-1.8070273	1.8070273	1.81638914	-1.81638914	-1.825560291	1.825560291	-1.837772283	1.837772283	-1.848234276	1.848234276	1.852823804	-1.852823804	-1.86561724	1.86561724	-1.876472644	1.876472644	-1.878900869	1.878900869	-1.898959265	1.898959265	1.935804611	-1.935804611	-1.939662734	1.939662734	
-0.85	0.005417783219	-0.00541778322	0.05102874243	-0.05102874243	-0.08597695715	0.08597695715	0.126464478	-0.126464478	0.1331565833	-0.1331565833	0.1351071683	-0.1351071683	-0.2047972657	0.2047972657	-0.260873605	0.260873605	0.3005116262	-0.3005116262	-0.3103307589	0.3103307589	0.3388256778	-0.3388256778	0.4010555363	-0.4010555363	0.4147632218	-0.4147632218	0.4492453534	-0.4492453534	0.4542602281	-0.4542602281	0.4951904027	-0.4951904027	0.7676569962	-0.7676569962	0.7716378641	-0.7716378641	0.8260934711	-0.8260934711	-0.8329474504	0.8329474504	-0.8499199461	0.8499199461	0.9153713811	-0.9153713811	0.9212136807	-0.9212136807	0.9393701722	-0.9393701722	0.9412130068	-0.9412130068	-0.9684977923	0.9684977923	0.9714262043	-0.9714262043	0.9961517226	-0.9961517226	1.011133051	-1.011133051	-1.018501324	1.018501324	1.021139334	-1.021139334	1.039048882	-1.039048882	-1.083413596	1.083413596	-1.113167522	1.113167522	-1.123782264	1.123782264	1.17710635	-1.17710635	-1.220242606	1.220242606	-1.223697358	1.223697358	1.229530231	-1.229530231	1.236928211	-1.236928211	1.250406233	-1.250406233	1.266731047	-1.266731047	-1.279367507	1.279367507	-1.281636763	1.281636763	1.285518984	-1.285518984	-1.294027243	1.294027243	1.312343506	-1.312343506	-1.347884149	1.347884149	1.357842276	-1.357842276	-1.364371044	1.364371044	1.388918648	-1.388918648	1.394980224	-1.394980224	-1.434653104	1.434653104	1.441653625	-1.441653625	-1.458050294	1.458050294	1.463592807	-1.463592807	1.471497829	-1.471497829	-1.487066374	1.487066374	1.48729399	-1.48729399	1.490381989	-1.490381989	1.509643644	-1.509643644	1.514897321	-1.514897321	1.520077911	-1.520077911	-1.530119221	1.530119221	1.534211958	-1.534211958	1.555664151	-1.555664151	-1.576140242	1.576140242	1.577042421	-1.577042421	-1.613790122	1.613790122	1.628467436	-1.628467436	1.632056835	-1.632056835	-1.639338145	1.639338145	1.652793094	-1.652793094	-1.653465082	1.653465082	1.67440362	-1.67440362	1.742122983	-1.742122983	-1.74566401	1.74566401	-1.793485146	1.793485146	1.806919624	-1.806919624	1.816605306	-1.816605306	1.825567984	-1.825567984	1.83728524	-1.83728524	-1.84806321	1.84806321	1.853049643	-1.853049643	-1.865522179	1.865522179	-1.876648219	1.876648219	-1.879013588	1.879013588	1.899363248	-1.899363248	1.935153878	-1.935153878	1.939681437	-1.939681437	
-0.84	0.007887139539	-0.007887139539	-0.0499150185	0.04991501851	-0.08158626674	0.08158626675	-0.1180132416	0.1180132416	-0.1258785124	0.1258785124	-0.1265601703	0.1265601703	-0.2012162281	0.2012162281	-0.2687584528	0.2687584528	-0.3093073215	0.3093073215	-0.3139164283	0.3139164283	-0.3461341856	0.3461341856	-0.3977366696	0.3977366696	-0.4237638279	0.4237638279	-0.4578867626	0.4578867626	-0.4629046712	0.4629046712	-0.4983611105	0.4983611105	-0.7676399929	0.7676399929	-0.7716383409	0.7716383409	-0.8250753693	0.8250753693	-0.8328760441	0.8328760441	-0.8499240656	0.8499240656	-0.9120551233	0.9120551233	0.9209554983	-0.9209554983	-0.9382673503	0.9382673503	-0.9401404595	0.9401404595	0.9684464151	-0.9684464151	-0.9710459343	0.9710459343	-0.9961834585	0.9961834585	-1.014304196	1.014304196	-1.018238378	1.018238378	-1.019300168	1.019300168	-1.038585223	1.038585223	-1.081838028	1.081838028	-1.113167684	1.113167684	-1.123715178	1.123715178	-1.176954673	1.176954673	-1.220323923	1.220323923	-1.223654915	1.223654915	-1.229686337	1.229686337	1.236888843	-1.236888843	1.250297181	-1.250297181	-1.266109951	1.266109951	-1.279304534	1.279304534	1.281630303	-1.281630303	-1.285501149	1.285501149	1.29309	-1.29309	-1.311932883	1.311932883	-1.347805598	1.347805598	-1.357983147	1.357983147	-1.364381135	1.364381135	-1.389155247	1.389155247	-1.393971885	1.393971885	-1.434409892	1.434409892	-1.440363996	1.440363996	-1.458075889	1.458075889	-1.463607835	1.463607835	-1.471398309	1.471398309	1.487075974	-1.487075974	-1.487344964	1.487344964	-1.49054756	1.49054756	-1.508653622	1.508653622	-1.514306371	1.514306371	-1.51945864	1.51945864	-1.529746334	1.529746334	-1.533976846	1.533976846	-1.555113098	1.555113098	-1.575612002	1.575612002	1.57684585	-1.57684585	-1.613780737	1.613780737	-1.628466724	1.628466724	1.631452138	-1.631452138	-1.639277172	1.639277172	1.652112199	-1.652112199	-1.653493961	1.653493961	-1.674206576	1.674206576	-1.742004407	1.742004407	-1.745818667	1.745818667	-1.793505146	1.793505146	1.806793682	-1.806793682	-1.816821065	1.816821065	-1.825575619	1.825575619	1.836774945	-1.836774945	-1.847904452	1.847904452	-1.853294475	1.853294475	-1.865428177	1.865428177	-1.876834337	1.876834337	-1.879143911	1.879143911	1.899781518	-1.899781518	-1.934482939	1.934482939	-1.939700232	1.939700232	
-0.83	0.01220338458	-0.01220338458	-0.04819638421	0.04819638421	-0.07956924866	0.07956924866	0.1095518981	-0.1095518981	0.1179993154	-0.1179993154	-0.1185912454	0.1185912454	0.197634249	-0.197634249	-0.2767272775	0.2767272775	0.3175030356	-0.3175030356	0.3181098827	-0.3181098827	-0.3534515596	0.3534515596	-0.3944141838	0.3944141838	0.4327631896	-0.4327631896	-0.4665932348	0.4665932348	0.4716196638	-0.4716196639	0.5015260418	-0.5015260418	0.7676212711	-0.7676212711	-0.7716388204	0.7716388204	0.8239751702	-0.8239751702	-0.8327993978	0.8327993978	-0.8499284611	0.8499284611	-0.9087350472	0.9087350472	0.9206797089	-0.9206797089	0.937096989	-0.937096989	-0.9390005684	0.9390005684	0.9683605048	-0.9683605048	-0.9706261022	0.9706261022	-0.9962154075	0.9962154075	1.017230722	-1.017230722	-1.017468883	1.017468883	1.018128126	-1.018128126	-1.038103873	1.038103873	1.080187006	-1.080187006	-1.113167864	1.113167864	-1.123644625	1.123644625	1.176780225	-1.176780225	-1.220404657	1.220404657	1.223595872	-1.223595872	-1.229850837	1.229850837	1.236847118	-1.236847118	1.250183649	-1.250183649	1.265472413	-1.265472413	1.279229775	-1.279229775	1.281621902	-1.281621902	1.28548297	-1.28548297	-1.29208923	1.29208923	-1.3114741	1.3114741	1.347721804	-1.347721804	-1.35813263	1.35813263	1.364391717	-1.364391717	-1.389406469	1.389406469	-1.392921913	1.392921913	-1.434149187	1.434149187	-1.439036021	1.439036021	-1.458099154	1.458099154	1.463614139	-1.463614139	1.471294173	-1.471294173	1.487078588	-1.487078588	-1.487394382	1.487394382	1.490701685	-1.490701685	1.507619297	-1.507619297	-1.513698887	1.513698887	1.518748507	-1.518748507	1.529404611	-1.529404611	-1.533730172	1.533730172	1.55452478	-1.55452478	1.57505248	-1.57505248	1.576639979	-1.576639979	-1.613770952	1.613770952	-1.628465852	1.628465852	1.63080829	-1.63080829	-1.639213128	1.639213128	1.651401356	-1.651401356	1.653524957	-1.653524957	1.673992435	-1.673992435	1.741878003	-1.741878003	-1.745981846	1.745981846	1.793525378	-1.793525378	-1.806646431	1.806646431	1.817036894	-1.817036894	1.825583195	-1.825583195	-1.836245056	1.836245056	1.84775857	-1.84775857	-1.853558054	1.853558054	-1.865335476	1.865335476	1.877030871	-1.877030871	-1.879291997	1.879291997	-1.900211723	1.900211723	1.93379252	-1.93379252	-1.939719153	1.939719153	
-0.82	0.01777751604	-0.01777751604	-0.04468190844	0.04468190844	0.08050080843	-0.08050080844	0.1011246552	-0.1011246552	-0.1095144343	0.1095144343	0.1112971498	-0.1112971498	0.1940516042	-0.1940516042	0.2847613258	-0.2847613258	0.3210903073	-0.3210903073	0.3269163341	-0.3269163341	-0.3607752176	0.3607752176	0.3910884184	-0.3910884184	0.4417593476	-0.4417593476	-0.475353894	0.475353894	0.4803934506	-0.4803934506	0.5046850466	-0.5046850466	-0.7676007897	0.7676007897	0.7716393022	-0.7716393022	0.8227925956	-0.8227925956	-0.8327174125	0.8327174125	-0.8499331322	0.8499331322	-0.9054112665	0.9054112665	-0.9203863131	0.9203863131	0.9358589815	-0.9358589815	-0.9377932319	0.9377932319	0.9682123357	-0.9682123357	-0.9701936266	0.9701936266	-0.9962475772	0.9962475772	1.015274176	-1.015274176	-1.017828889	1.017828889	-1.020626529	1.020626529	1.037606449	-1.037606449	1.078461218	-1.078461218	-1.113168059	1.113168059	-1.123570782	1.123570782	1.176581267	-1.176581267	-1.220484717	1.220484717	1.223518964	-1.223518964	1.230023362	-1.230023362	1.2368029	-1.2368029	1.250065564	-1.250065564	1.26481943	-1.26481943	-1.27913906	1.27913906	1.281611503	-1.281611503	-1.285464483	1.285464483	1.291029017	-1.291029017	-1.310966663	1.310966663	-1.347632662	1.347632662	-1.35829047	1.35829047	-1.364402751	1.364402751	-1.389671734	1.389671734	-1.391831138	1.391831138	-1.433870549	1.433870549	1.437670777	-1.437670777	-1.45812021	1.45812021	-1.463611594	1.463611594	-1.47118556	1.47118556	1.487075127	-1.487075127	1.487442131	-1.487442131	1.490837392	-1.490837392	1.506546584	-1.506546584	-1.513076182	1.513076182	1.51794338	-1.51794338	-1.529097897	1.529097897	-1.533472398	1.533472398	-1.553900205	1.553900205	-1.574462376	1.574462376	1.576424771	-1.576424771	1.613760764	-1.613760764	-1.628464801	1.628464801	1.630126142	-1.630126142	-1.63914618	1.63914618	1.65066197	-1.65066197	-1.653558065	1.653558065	-1.673761508	1.673761508	-1.741743841	1.741743841	1.746153217	-1.746153217	-1.793545798	1.793545798	1.806474694	-1.806474694	1.817253261	-1.817253261	-1.825590709	1.825590709	1.835699806	-1.835699806	-1.847625726	1.847625726	1.853840111	-1.853840111	-1.865244206	1.865244206	-1.877237683	1.877237683	1.879457878	-1.879457878	1.900651702	-1.900651702	1.933083347	-1.933083347	-1.939738234	1.939738234	
-0.81	0.02409218427	-0.02409218427	0.0394153567	-0.0394153567	0.0835779167	-0.0835779167	0.09280390856	-0.09280390856	0.1014339119	-0.1014339119	-0.1039981382	0.1039981382	0.1904685181	-0.1904685181	0.2928464842	-0.2928464842	-0.324678021	0.324678021	0.335724143	-0.335724143	-0.3681025605	0.3681025605	-0.3877601945	0.3877601945	0.4507505166	-0.4507505166	0.4841596383	-0.4841596383	0.489216222	-0.489216222	0.5078379824	-0.5078379824	0.7675785042	-0.7675785042	0.7716397857	-0.7716397857	0.8215273812	-0.8215273812	-0.8326299823	0.8326299823	-0.8499380788	0.8499380788	0.9020838846	-0.9020838846	0.9200753186	-0.9200753186	0.9345532197	-0.9345532197	-0.9365183464	0.9365183464	0.9679533689	-0.9679533689	0.9697961945	-0.9697961945	-0.9962799696	0.9962799696	-1.013216539	1.013216539	1.017556191	-1.017556191	1.023776092	-1.023776092	-1.037095068	1.037095068	1.076661352	-1.076661352	-1.113168265	1.113168265	-1.123493831	1.123493831	1.176356033	-1.176356033	-1.220564006	1.220564006	1.223422875	-1.223422875	-1.230203523	1.230203523	1.236756046	-1.236756046	1.249942823	-1.249942823	1.264151979	-1.264151979	1.279026254	-1.279026254	1.281599047	-1.281599047	-1.285445722	1.285445722	1.289915497	-1.289915497	-1.31041009	1.31041009	-1.347538055	1.347538055	1.358456381	-1.358456381	1.364414202	-1.364414202	1.389950432	-1.389950432	1.390700463	-1.390700463	1.433572841	-1.433572841	-1.436270074	1.436270074	1.458139166	-1.458139166	1.46360008	-1.46360008	1.471072606	-1.471072606	-1.487066281	1.487066281	-1.487488102	1.487488102	-1.490945589	1.490945589	1.505443753	-1.505443753	-1.512439624	1.512439624	1.5170412	-1.5170412	1.528827941	-1.528827941	-1.533204027	1.533204027	-1.553240421	1.553240421	1.573842423	-1.573842423	1.576200191	-1.576200191	1.613750161	-1.613750161	-1.628463547	1.628463547	1.629406584	-1.629406584	1.639076495	-1.639076495	1.649895512	-1.649895512	1.653593281	-1.653593281	1.673514131	-1.673514131	1.741601994	-1.741601994	1.74633244	-1.74633244	1.793566365	-1.793566365	1.806275205	-1.806275205	-1.817470611	1.817470611	1.825598157	-1.825598157	1.835143877	-1.835143877	1.847505755	-1.847505755	-1.854140358	1.854140358	-1.865154399	1.865154399	1.87745463	-1.87745463	-1.879641478	1.879641478	1.901099471	-1.901099471	-1.932356153	1.932356153	-1.939757508	1.939757508	
-0.8	0.03070501826	-0.03070501826	0.03302599268	-0.03302599268	-0.08473268519	0.08473268519	0.08561319994	-0.08561319994	-0.09602740544	0.09602740544	0.09669581728	-0.09669581729	-0.1868851769	0.1868851769	0.3009719277	-0.3009719277	-0.3282659919	0.3282659919	0.3445311113	-0.3445311113	0.3754279402	-0.3754279402	-0.3844337267	0.3844337267	0.4597350488	-0.4597350488	0.493002782	-0.493002782	0.4980797205	-0.4980797205	-0.5109847118	0.5109847118	-0.7675543663	0.7675543663	-0.7716402704	0.7716402704	0.8201792799	-0.8201792799	-0.8325369942	0.8325369942	-0.8499433004	0.8499433004	-0.8987529975	0.8987529975	0.9197467411	-0.9197467411	0.933179596	-0.933179596	0.9351758068	-0.9351758068	-0.9675279725	0.9675279725	0.9694885399	-0.9694885399	0.9963125839	-0.9963125839	-1.011091485	1.011091485	-1.017277935	1.017277935	-1.02691518	1.02691518	1.036573223	-1.036573223	-1.074788089	1.074788089	-1.113168478	1.113168478	1.123413955	-1.123413955	1.176102728	-1.176102728	-1.220642421	1.220642421	-1.223306247	1.223306247	1.230390913	-1.230390913	1.2367064	-1.2367064	-1.249815289	1.249815289	1.263470999	-1.263470999	-1.278882072	1.278882072	1.281584471	-1.281584471	-1.28542672	1.28542672	-1.288758063	1.288758063	-1.30980392	1.30980392	-1.347437861	1.347437861	-1.358630028	1.358630028	-1.364426035	1.364426035	1.389530868	-1.389530868	1.390241923	-1.390241923	1.433251704	-1.433251704	1.434839	-1.434839	1.458156119	-1.458156119	1.463579496	-1.463579496	1.470955431	-1.470955431	-1.487052502	1.487052502	1.48753219	-1.48753219	1.491013983	-1.491013983	1.504322529	-1.504322529	1.511790623	-1.511790623	1.516041758	-1.516041758	1.528594613	-1.528594613	-1.532925603	1.532925603	-1.552546506	1.552546506	-1.573193396	1.573193396	1.575966209	-1.575966209	-1.613739131	1.613739131	-1.628462063	1.628462063	1.628650548	-1.628650548	-1.639004243	1.639004243	1.649103512	-1.649103512	-1.6536306	1.6536306	-1.673250667	1.673250667	-1.741452543	1.741452543	1.746519162	-1.746519162	1.793587039	-1.793587039	1.806044664	-1.806044664	1.817689344	-1.817689344	1.825605537	-1.825605537	1.834582264	-1.834582264	-1.847398244	1.847398244	1.854458489	-1.854458489	-1.86506601	1.86506601	-1.87768156	1.87768156	1.879842632	-1.879842632	1.901553213	-1.901553213	1.931611669	-1.931611669	1.93977701	-1.93977701	
-0.79	0.02599886138	-0.02599886138	0.03708662555	-0.03708662555	0.07725250023	-0.07725250023	0.08043502998	-0.08043502999	0.08939166069	-0.08939166069	-0.09880230618	0.09880230618	-0.1833017381	0.1833017381	0.309129206	-0.309129206	-0.3318540641	0.3318540641	0.3533352942	-0.3533352942	-0.3810120559	0.3810120559	-0.382847144	0.382847144	0.4687114046	-0.4687114046	0.5018767779	-0.5018767779	0.5069769341	-0.5069769341	-0.5141251006	0.5141251006	0.7675283239	-0.7675283239	0.7716407559	-0.7716407559	0.8187480658	-0.8187480658	-0.8324383281	0.8324383281	-0.8499487968	0.8499487968	-0.8954186954	0.8954186954	0.9194006052	-0.9194006052	0.9317380039	-0.9317380039	0.9337655086	-0.9337655086	0.9669187986	-0.9669187986	-0.9692870647	0.9692870647	-0.9963454168	0.9963454169	-1.008903845	1.008903845	-1.016990905	1.016990905	1.030035913	-1.030035913	1.036049916	-1.036049916	1.072842111	-1.072842111	-1.113168693	1.113168693	1.123331342	-1.123331342	1.175819526	-1.175819526	-1.220719846	1.220719846	-1.223167675	1.223167675	1.230585104	-1.230585104	1.236653796	-1.236653796	1.24968279	-1.24968279	1.262777363	-1.262777363	-1.27869213	1.27869213	1.281567707	-1.281567707	-1.285407508	1.285407508	-1.287571345	1.287571345	-1.309147716	1.309147716	1.347331948	-1.347331948	1.358811029	-1.358811029	-1.364438219	1.364438219	1.388323428	-1.388323428	-1.390545533	1.390545533	1.432864722	-1.432864722	1.433420758	-1.433420758	-1.45817115	1.45817115	-1.463549747	1.463549747	1.470834138	-1.470834138	-1.487033951	1.487033951	-1.4875743	1.4875743	1.491025577	-1.491025577	1.503199654	-1.503199654	1.511130632	-1.511130632	1.514946262	-1.514946262	1.528396331	-1.528396331	-1.532637718	1.532637718	-1.551819577	1.551819577	-1.572516099	1.572516099	-1.5757228	1.5757228	1.613727655	-1.613727655	-1.627859005	1.627859005	-1.628460317	1.628460317	-1.638929593	1.638929593	1.648287554	-1.648287554	-1.653670013	1.653670013	-1.672971508	1.672971508	1.741295575	-1.741295575	1.746713026	-1.746713026	1.793607779	-1.793607779	1.805779806	-1.805779806	1.817909798	-1.817909798	-1.825612844	1.825612844	1.834020139	-1.834020139	1.847302603	-1.847302603	1.854794175	-1.854794175	-1.864978934	1.864978934	-1.877918313	1.877918313	1.880061096	-1.880061096	1.902011264	-1.902011264	1.930850632	-1.930850632	-1.939796772	1.939796772	
-0.78	-0.01860364961	0.01860364961	0.04216638079	-0.04216638079	0.07131752914	-0.07131752914	-0.07230810655	0.07230810655	-0.08208748073	0.08208748073	-0.1051152837	0.1051152837	0.1797183376	-0.1797183376	-0.3173116123	0.3173116123	0.3354421048	-0.3354421048	0.3621349275	-0.3621349275	0.3777317654	-0.3777317654	0.3901226331	-0.3901226331	0.4776781291	-0.4776781291	0.5107760001	-0.5107760001	0.5159018577	-0.5159018577	0.5172590166	-0.5172590166	0.7675003209	-0.7675003209	0.7716412416	-0.7716412416	0.8172335375	-0.8172335375	-0.8323338564	0.8323338564	-0.8499545674	0.8499545674	0.8920810643	-0.8920810643	0.919036946	-0.919036946	0.9302283402	-0.9302283402	0.9322873484	-0.9322873484	-0.9661522911	0.9661522911	0.9691643291	-0.9691643291	-0.9963784634	0.9963784634	1.006655763	-1.006655763	1.016694616	-1.016694616	1.033084477	-1.033084477	-1.035580096	1.035580096	1.070824098	-1.070824098	-1.113168906	1.113168906	1.123246181	-1.123246181	1.175504576	-1.175504576	-1.220796158	1.220796158	1.223005706	-1.223005706	1.230785646	-1.230785646	1.236598054	-1.236598054	1.249545113	-1.249545113	-1.262071852	1.262071852	-1.278433855	1.278433855	1.281548686	-1.281548686	-1.285388114	1.285388114	1.286378337	-1.286378337	-1.30844107	1.30844107	1.347220177	-1.347220177	1.358998935	-1.358998935	1.36445072	-1.36445072	-1.387079327	1.387079327	1.390860551	-1.390860551	1.431774379	-1.431774379	1.432653719	-1.432653719	-1.458184328	1.458184328	1.463510754	-1.463510754	1.4707088	-1.4707088	1.487010378	-1.487010378	-1.487614339	1.487614339	1.490956824	-1.490956824	1.502098855	-1.502098855	-1.510461133	1.510461133	1.513756835	-1.513756835	1.528230558	-1.528230558	-1.532341016	1.532341016	-1.551060782	1.551060782	-1.571811375	1.571811375	1.575469948	-1.575469948	1.613715703	-1.613715703	-1.627032963	1.627032963	1.628458268	-1.628458268	1.638852712	-1.638852712	-1.647449272	1.647449272	1.653711511	-1.653711511	1.672677069	-1.672677069	1.741131185	-1.741131185	1.746913666	-1.746913666	1.793628545	-1.793628545	1.805477473	-1.805477473	1.818132227	-1.818132227	-1.825620075	1.825620075	1.833462719	-1.833462719	1.847218131	-1.847218131	-1.85514707	1.85514707	-1.864893018	1.864893018	-1.878164722	1.878164722	-1.880296566	1.880296566	1.902472107	-1.902472107	1.930073783	-1.930073783	1.939816828	-1.939816828	
-0.77	0.01098573629	-0.01098573629	0.0435847048	-0.0435847048	-0.06367714758	0.06367714758	0.06921079612	-0.06921079613	-0.07479008025	0.07479008025	0.1123110531	-0.1123110531	0.1761350948	-0.1761350948	0.3255137388	-0.3255137388	0.3390300014	-0.3390300014	0.3709280433	-0.3709280433	0.3743928678	-0.3743928678	0.3974539507	-0.3974539507	0.486633832	-0.486633832	0.5196955717	-0.5196955717	0.5203863283	-0.5203863283	0.5248493045	-0.5248493045	-0.7674702966	0.7674702966	0.7716417269	-0.7716417269	0.8156355213	-0.8156355213	0.832223444	-0.832223444	-0.8499606118	0.8499606118	0.888740187	-0.888740187	0.9186558093	-0.9186558093	0.9286505058	-0.9286505058	0.9307412257	-0.9307412257	-0.9652594057	0.9652594057	0.9690883293	-0.9690883293	0.9964117168	-0.9964117168	1.004348805	-1.004348805	1.016389216	-1.016389216	1.034667117	-1.034667117	1.03655865	-1.03655865	1.068734728	-1.068734728	-1.11316911	1.11316911	1.12315866	-1.12315866	1.175155995	-1.175155995	-1.22087122	1.22087122	-1.22281884	1.22281884	1.230992067	-1.230992067	1.236538984	-1.236538984	1.249402005	-1.249402005	1.2613551	-1.2613551	-1.27807235	1.27807235	1.281527332	-1.281527332	1.285214588	-1.285214588	1.285368559	-1.285368559	1.30768361	-1.30768361	-1.347102398	1.347102398	1.359193214	-1.359193214	1.364463508	-1.364463508	1.385799879	-1.385799879	1.391186227	-1.391186227	1.430255377	-1.430255377	1.432264122	-1.432264122	1.458195706	-1.458195706	1.463462448	-1.463462448	1.470579452	-1.470579452	1.486980836	-1.486980836	-1.487652225	1.487652225	1.490776146	-1.490776146	1.501052636	-1.501052636	1.509783632	-1.509783632	1.512476058	-1.512476058	1.528094236	-1.528094236	-1.532036207	1.532036207	1.550271305	-1.550271305	1.571080096	-1.571080096	1.575207647	-1.575207647	1.613703238	-1.613703238	1.626173476	-1.626173476	1.628455871	-1.628455871	1.638773764	-1.638773764	1.646590351	-1.646590351	1.653755084	-1.653755084	1.672367794	-1.672367794	1.740959474	-1.740959474	1.747120709	-1.747120709	-1.793649299	1.793649299	1.805134704	-1.805134704	1.818356782	-1.818356782	1.825627225	-1.825627225	1.83291514	-1.83291514	1.847144065	-1.847144065	1.855516806	-1.855516806	-1.864808081	1.864808081	1.878420614	-1.878420614	1.880548682	-1.880548682	1.902934351	-1.902934351	-1.929281866	1.929281866	1.939837209	-1.939837209	
-0.76	0.003229800725	-0.003229800725	0.03990589553	-0.03990589553	0.05489685897	-0.05489685897	-0.06744952951	0.06744952951	0.07237864088	-0.07237864088	0.119914649	-0.119914649	-0.1725521163	0.1725521163	0.3337311506	-0.3337311506	0.3426176678	-0.3426176678	0.371046492	-0.371046492	0.3797149525	-0.3797149525	-0.4047874864	0.4047874864	0.4955771717	-0.4955771717	0.5235069021	-0.5235069021	0.5286312319	-0.5286312319	0.5338147576	-0.5338147576	0.767438186	-0.767438186	0.7716422114	-0.7716422114	0.8139538751	-0.8139538751	0.8321069484	-0.8321069484	-0.8499669293	0.8499669293	0.8853961438	-0.8853961438	0.9182572533	-0.9182572533	0.9270044078	-0.9270044078	0.9291270451	-0.9291270451	0.9642592133	-0.9642592133	0.9690388915	-0.9690388915	0.9964451685	-0.9964451685	-1.001984372	1.001984372	1.01607507	-1.01607507	-1.034225538	1.034225538	1.039545004	-1.039545004	-1.066574683	1.066574683	-1.1131693	1.1131693	1.12306897	-1.12306897	1.174771874	-1.174771874	-1.220944881	1.220944881	-1.222605528	1.222605528	1.231203866	-1.231203866	1.236476381	-1.236476381	1.249253162	-1.249253162	1.260627542	-1.260627542	-1.277557617	1.277557617	1.281503566	-1.281503566	-1.284131045	1.284131045	1.285348861	-1.285348861	1.306875009	-1.306875009	1.346978456	-1.346978456	1.359393227	-1.359393227	1.364476556	-1.364476556	1.384486555	-1.384486555	-1.391521763	1.391521763	1.428682613	-1.428682613	1.431878105	-1.431878105	1.458205324	-1.458205324	1.463404772	-1.463404772	1.470446073	-1.470446073	1.486942964	-1.486942964	1.487687882	-1.487687882	1.490444951	-1.490444951	1.500101986	-1.500101986	-1.509099646	1.509099646	1.511106628	-1.511106628	1.527984105	-1.527984105	-1.531724086	1.531724086	1.549452359	-1.549452359	1.570323164	-1.570323164	1.574935899	-1.574935899	1.613690202	-1.613690202	1.625281636	-1.625281636	1.628453068	-1.628453068	-1.638692904	1.638692904	1.645712522	-1.645712522	1.65380072	-1.65380072	1.672044151	-1.672044151	1.740780549	-1.740780549	-1.747333782	1.747333782	1.793670003	-1.793670003	1.804748819	-1.804748819	-1.818583493	1.818583493	1.825634289	-1.825634289	-1.83238234	1.83238234	1.847079623	-1.847079623	-1.855902999	1.855902999	-1.86472392	1.86472392	1.878685805	-1.878685805	1.880817039	-1.880817039	1.903396729	-1.903396729	-1.928475632	1.928475632	-1.939857946	1.939857946	
-0.75	-0.004601552015	0.004601552015	0.03330439419	-0.03330439419	-0.04606062601	0.04606062601	-0.06015891193	0.06015891193	0.07854412251	-0.07854412251	-0.1277637252	0.1277637252	0.1689694987	-0.1689694987	-0.3419600807	0.3419600807	-0.3462051169	0.3462051169	0.3676971991	-0.3676971991	-0.3884919287	0.3884919287	-0.4121204244	0.4121204244	-0.5045068411	0.5045068411	0.5266206074	-0.5266206074	0.5375792202	-0.5375792202	0.5427942505	-0.5427942505	0.7674039193	-0.7674039193	0.7716426946	-0.7716426946	0.8121884908	-0.8121884908	-0.8319842193	0.8319842193	-0.8499735194	0.8499735194	0.8820490132	-0.8820490132	0.9178413481	-0.9178413481	-0.9252899611	0.9252899611	-0.9274447185	0.9274447185	-0.9631615407	0.9631615407	0.9690050288	-0.9690050288	-0.9964788078	0.9964788078	0.9995638353	-0.9995638353	1.015752637	-1.015752637	1.033666076	-1.033666076	1.04263394	-1.04263394	-1.064344648	1.064344648	-1.113169471	1.113169471	1.122977298	-1.122977298	1.174350278	-1.174350278	-1.221016973	1.221016973	-1.222364169	1.222364169	1.231420513	-1.231420513	1.236410026	-1.236410026	1.249098229	-1.249098229	-1.25988932	1.25988932	-1.276830952	1.276830952	-1.281477306	1.281477306	1.283187757	-1.283187757	1.285329029	-1.285329029	1.306014993	-1.306014993	-1.346848185	1.346848185	1.35959819	-1.35959819	1.364489836	-1.364489836	-1.383141025	1.383141025	-1.391866305	1.391866305	1.427073612	-1.427073612	1.431479296	-1.431479296	1.458213205	-1.458213205	-1.463337683	1.463337683	1.470308559	-1.470308559	-1.4868909	1.4868909	1.487721242	-1.487721242	-1.489925441	1.489925441	-1.499290686	1.499290686	-1.508410699	1.508410699	-1.509651139	1.509651139	1.527896897	-1.527896897	-1.531405568	1.531405568	1.548605194	-1.548605194	1.569541512	-1.569541512	-1.574654723	1.574654723	-1.613676515	1.613676515	1.624358587	-1.624358587	1.628449789	-1.628449789	-1.638610277	1.638610277	1.644817565	-1.644817565	-1.653848405	1.653848405	-1.671706632	1.671706632	1.740594526	-1.740594526	1.747552504	-1.747552504	1.793690623	-1.793690623	1.804317509	-1.804317509	-1.818812251	1.818812251	-1.825641262	1.825641262	1.831868956	-1.831868956	1.847024026	-1.847024026	1.856305242	-1.856305242	-1.864640328	1.864640328	1.878960106	-1.878960106	1.881101193	-1.881101193	1.903858081	-1.903858081	1.927655833	-1.927655833	-1.939879067	1.939879067	
-0.74	-0.01238905158	0.01238905158	0.02569702589	-0.02569702589	0.03721533454	-0.03721533454	0.05285840206	-0.05285840206	0.08593295061	-0.08593295062	0.1357773908	-0.1357773908	-0.1653873319	0.1653873319	0.3497874105	-0.3497874105	0.3502023085	-0.3502023085	-0.3643444251	0.3643444251	0.3972587991	-0.3972587991	0.41945167	-0.41945167	0.5134215547	-0.5134215547	-0.5297273091	0.5297273091	0.5465361956	-0.5465361956	0.5517842716	-0.5517842716	0.7673674218	-0.7673674218	0.771643176	-0.771643176	0.810339298	-0.810339298	0.8318550986	-0.8318550986	0.8499803812	-0.8499803812	-0.8786988723	0.8786988723	0.9174081748	-0.9174081748	0.9235070908	-0.9235070908	0.9256941698	-0.9256941698	0.9619711644	-0.9619711644	-0.9689807442	0.9689807442	-0.9965126219	0.9965126219	0.9970885867	-0.9970885867	1.015422426	-1.015422426	1.033084021	-1.033084021	-1.045731266	1.045731266	-1.062045317	1.062045317	-1.113169614	1.113169614	-1.122883832	1.122883832	1.173889247	-1.173889247	-1.221087305	1.221087305	1.22209311	-1.22209311	1.231641434	-1.231641434	1.236339686	-1.236339686	1.248936788	-1.248936788	1.259140162	-1.259140162	1.275848637	-1.275848637	1.281448463	-1.281448463	1.282430317	-1.282430317	-1.285309064	1.285309064	-1.305103354	1.305103354	-1.346711411	1.346711411	1.359807119	-1.359807119	-1.364503324	1.364503324	1.381765213	-1.381765213	-1.392218923	1.392218923	1.425432185	-1.425432185	1.431065175	-1.431065175	1.458219357	-1.458219357	1.463261152	-1.463261152	1.470166685	-1.470166685	1.486807932	-1.486807932	-1.487752246	1.487752246	1.489200777	-1.489200777	1.49865254	-1.49865254	-1.507718309	1.507718309	1.508111947	-1.508111947	1.527829397	-1.527829397	-1.531081737	1.531081737	-1.547731095	1.547731095	1.568736099	-1.568736099	1.574364148	-1.574364148	1.613662058	-1.613662058	1.623405535	-1.623405535	-1.628445945	1.628445945	1.638526002	-1.638526002	1.64390732	-1.64390732	1.653898124	-1.653898124	1.671355753	-1.671355753	1.740401526	-1.740401526	1.747776497	-1.747776497	-1.793711123	1.793711123	-1.803838922	1.803838922	1.819042797	-1.819042797	1.825648138	-1.825648138	1.831379233	-1.831379233	1.846976522	-1.846976522	1.856723112	-1.856723112	-1.864557097	1.864557097	-1.87924332	1.87924332	1.881400668	-1.881400668	1.904317351	-1.904317351	1.926823232	-1.926823232	-1.9399006	1.9399006	
-0.73	-0.01634200332	0.01634200332	-0.02156254525	0.02156254525	-0.02841341953	0.02841341953	-0.04555884476	0.04555884476	0.09384851482	-0.09384851482	0.1439076652	-0.1439076652	-0.1618057021	0.1618057021	-0.3533774428	0.3533774428	-0.3584422485	0.3584422485	-0.3609884994	0.3609884994	0.4060142433	-0.4060142433	-0.4267805001	0.4267805001	0.5223200384	-0.5223200384	0.5328268716	-0.5328268716	0.5554991609	-0.5554991609	0.5607816866	-0.5607816866	-0.7673286132	0.7673286132	-0.7716436551	0.7716436551	-0.8084062663	0.8084062663	-0.8317194203	0.8317194203	-0.8499875139	0.8499875139	-0.8753457976	0.8753457976	-0.9169578214	0.9169578214	-0.9216557341	0.9216557341	-0.9238753416	0.9238753416	0.9606902308	-0.9606902308	-0.9689626059	0.9689626059	-0.9945600676	0.9945600676	-0.9965465956	0.9965465956	-1.015084971	1.015084971	-1.032491021	1.032491021	-1.048826409	1.048826409	1.059677394	-1.059677394	-1.113169724	1.113169724	-1.122788756	1.122788756	1.173386796	-1.173386796	-1.221155662	1.221155662	-1.221790643	1.221790643	-1.231866008	1.231866008	1.236265111	-1.236265111	1.248768355	-1.248768355	-1.258379198	1.258379198	-1.274608113	1.274608113	-1.281416943	1.281416943	-1.281863892	1.281863892	-1.285288952	1.285288952	-1.304139962	1.304139962	-1.346567952	1.346567952	-1.36001875	1.36001875	-1.364516996	1.364516996	-1.380361381	1.380361381	1.392578593	-1.392578593	1.423760466	-1.423760466	-1.430635064	1.430635064	1.458223772	-1.458223772	-1.463175162	1.463175162	-1.470020042	1.470020042	-1.486632662	1.486632662	-1.487780844	1.487780844	-1.48832237	1.48832237	1.498197971	-1.498197971	-1.506491128	1.506491128	1.507023988	-1.507023988	1.527778403	-1.527778403	-1.530753943	1.530753943	1.546831381	-1.546831381	1.567907911	-1.567907911	1.574064221	-1.574064221	-1.61364665	1.61364665	1.622423766	-1.622423766	-1.628441427	1.628441427	-1.638440159	1.638440159	-1.642983703	1.642983703	-1.65394986	1.65394986	1.670992049	-1.670992049	-1.74020168	1.74020168	-1.748005379	1.748005379	-1.79373147	1.79373147	-1.803311729	1.803311729	1.819274702	-1.819274702	1.82565491	-1.82565491	1.830916957	-1.830916957	-1.846936399	1.846936399	-1.857156167	1.857156167	-1.864474025	1.864474025	-1.879535243	1.879535243	1.881714957	-1.881714957	1.904773569	-1.904773569	1.925978595	-1.925978595	-1.93992257	1.93992257	
-0.72	0.008810486114	-0.008810486116	0.01978927936	-0.01978927936	-0.02890897031	0.02890897031	-0.0382618678	0.0382618678	0.1020323564	-0.1020323564	0.1521232372	-0.1521232372	0.1582247198	-0.1582247198	-0.3569632556	0.3569632556	-0.3576295848	0.3576295848	0.3666895378	-0.3666895378	0.4147570555	-0.4147570555	-0.4341063354	0.4341063354	0.5312010187	-0.5312010187	0.5359191566	-0.5359191566	0.5644654049	-0.5644654049	0.5697836748	-0.5697836748	-0.7672874077	0.7672874077	0.7716441315	-0.7716441315	0.8063894082	-0.8063894082	-0.8315770107	0.8315770107	-0.8499949166	0.8499949166	0.8719898649	-0.8719898649	0.916490368	-0.916490368	0.9197358431	-0.9197358431	0.9219882134	-0.9219882134	-0.9593194692	0.9593194692	0.9689485288	-0.9689485288	0.9919797909	-0.9919797909	0.9965807104	-0.9965807104	1.014740824	-1.014740824	1.031891027	-1.031891027	-1.05191645	1.05191645	1.057241605	-1.057241605	-1.11316979	1.11316979	-1.122692252	1.122692252	1.172840923	-1.172840923	-1.221221795	1.221221795	1.221455004	-1.221455004	1.23209354	-1.23209354	1.236186034	-1.236186034	1.248592365	-1.248592365	1.257604693	-1.257604693	1.273145077	-1.273145077	-1.281382649	1.281382649	-1.281456411	1.281456411	1.285268662	-1.285268662	1.303124785	-1.303124785	-1.346417616	1.346417616	-1.360231406	1.360231406	1.364530832	-1.364530832	1.378932264	-1.378932264	-1.39294416	1.39294416	1.422060317	-1.422060317	1.430188775	-1.430188775	1.458226425	-1.458226425	-1.463079713	1.463079713	1.469867938	-1.469867938	-1.486118611	1.486118611	1.487552626	-1.487552626	-1.487806996	1.487806996	1.497911785	-1.497911785	1.504790458	-1.504790458	-1.506329228	1.506329228	1.527740562	-1.527740562	-1.530423965	1.530423965	-1.545907412	1.545907412	-1.567057955	1.567057955	-1.573755	1.573755	-1.613630005	1.613630005	-1.621414689	1.621414689	-1.628436092	1.628436092	-1.638352736	1.638352736	-1.642048757	1.642048757	-1.654003596	1.654003596	-1.670616074	1.670616074	1.739995123	-1.739995123	-1.748238769	1.748238769	1.793751632	-1.793751632	-1.802735177	1.802735177	1.819507365	-1.819507365	1.825661574	-1.825661574	1.830485405	-1.830485405	1.846902989	-1.846902989	1.857603944	-1.857603944	1.864390925	-1.864390925	-1.879835664	1.879835664	1.882043533	-1.882043533	1.905225855	-1.905225855	1.925122695	-1.925122695	-1.939944999	1.939944999	
-0.71	-0.001509556264	0.001509556264	-0.01211864269	0.01211864269	0.03096680855	-0.03096680855	0.03688819575	-0.03688819575	0.1103706545	-0.1103706545	0.1546442254	-0.1546442254	0.1604026865	-0.1604026865	0.3542677984	-0.3542677984	0.3605482816	-0.3605482816	0.3749387188	-0.3749387188	0.423486068	-0.423486068	-0.4414286744	0.4414286744	0.5390040235	-0.5390040235	0.5400632134	-0.5400632134	0.5734324535	-0.5734324535	-0.5787876775	0.5787876775	0.7672437137	-0.7672437137	0.7716446046	-0.7716446046	0.8042887811	-0.8042887811	0.8314276879	-0.8314276879	0.8500025882	-0.8500025882	0.8686311498	-0.8686311498	0.9160058362	-0.9160058362	0.9177473875	-0.9177473875	-0.920032856	0.920032856	-0.9578588019	0.9578588019	-0.9689371537	0.9689371537	0.9893493627	-0.9893493627	0.9966149442	-0.9966149442	1.014390548	-1.014390548	-1.031286227	1.031286227	1.054738625	-1.054738625	1.055000275	-1.055000275	-1.113169806	1.113169806	1.122594498	-1.122594498	-1.172249605	1.172249605	-1.221084368	1.221084368	-1.221285416	1.221285416	1.232323242	-1.232323242	-1.236102174	1.236102174	1.248408165	-1.248408165	-1.256813636	1.256813636	-1.27150799	1.27150799	-1.281164509	1.281164509	-1.281345476	1.281345476	1.28524814	-1.28524814	1.302057907	-1.302057907	-1.346260204	1.346260204	1.360442794	-1.360442794	-1.364544811	1.364544811	1.377481275	-1.377481275	1.393314284	-1.393314284	1.420333681	-1.420333681	-1.429726304	1.429726304	1.458227274	-1.458227274	-1.462974817	1.462974817	-1.46970922	1.46970922	-1.484985967	1.484985967	-1.48720276	1.48720276	1.487830669	-1.487830669	1.497763769	-1.497763769	-1.503011442	1.503011442	-1.50563551	1.50563551	-1.527712051	1.527712051	-1.530094306	1.530094306	-1.54496059	1.54496059	1.566187264	-1.566187264	1.573436565	-1.573436565	1.613611647	-1.613611647	1.620379919	-1.620379919	1.628429756	-1.628429756	1.638263501	-1.638263501	1.641104789	-1.641104789	1.654059309	-1.654059309	1.670228399	-1.670228399	1.739781998	-1.739781998	1.74847629	-1.74847629	1.79377158	-1.79377158	1.802109115	-1.802109115	-1.819740001	1.819740001	-1.82566812	1.82566812	-1.830087327	1.830087327	-1.846875673	1.846875673	1.858065965	-1.858065965	-1.864307623	1.864307623	1.880144363	-1.880144363	1.882385844	-1.882385844	-1.905673402	1.905673402	1.924256313	-1.924256313	-1.939967908	1.939967908	
-0.7	0.001436673287	-0.001436673287	0.0118006582	-0.0118006582	-0.02367683355	0.02367683355	0.04493979138	-0.04493979138	0.1188053052	-0.1188053052	0.1510646881	-0.1510646881	0.168729969	-0.168729969	0.3509032388	-0.3509032388	0.3641325245	-0.3641325245	0.3831880005	-0.3831880005	-0.4322001336	0.4322001336	0.4487470664	-0.4487470664	-0.5420813291	0.5420813291	0.5489053226	-0.5489053226	0.5823980289	-0.5823980289	0.5877913537	-0.5877913537	0.7671974331	-0.7671974331	0.771645074	-0.771645074	-0.8021044894	0.8021044894	0.8312712621	-0.8312712621	0.8500105275	-0.8500105275	0.865269728	-0.865269728	0.9155039383	-0.9155039383	0.9156903581	-0.9156903581	0.9180096851	-0.9180096851	0.956307666	-0.956307666	0.9689275052	-0.9689275052	0.9866705131	-0.9866705132	-0.9966492703	0.9966492703	1.014034714	-1.014034714	1.030678188	-1.030678188	1.052169456	-1.052169456	1.058077038	-1.058077038	-1.11316976	1.11316976	1.122495668	-1.122495668	1.171610807	-1.171610807	1.220676851	-1.220676851	1.221346181	-1.221346181	1.232554188	-1.232554188	1.236013232	-1.236013232	1.248214998	-1.248214998	1.256001119	-1.256001119	1.26974051	-1.26974051	1.280951757	-1.280951757	1.28130531	-1.28130531	1.285227298	-1.285227298	1.300939557	-1.300939557	-1.346095509	1.346095509	1.360649654	-1.360649654	1.364558916	-1.364558916	1.376012854	-1.376012854	1.39368736	-1.39368736	1.41858277	-1.41858277	1.429247744	-1.429247744	1.458226259	-1.458226259	1.462860504	-1.462860504	1.469541964	-1.469541964	1.483475238	-1.483475238	1.48706666	-1.48706666	1.487851842	-1.487851842	1.497721493	-1.497721493	-1.501155332	1.501155332	1.504944295	-1.504944295	1.527687984	-1.527687984	1.529768749	-1.529768749	-1.543992371	1.543992371	-1.565296887	1.565296887	1.57310901	-1.57310901	1.613590727	-1.613590727	1.619321458	-1.619321458	1.628422176	-1.628422176	1.638171523	-1.638171523	1.640154859	-1.640154859	-1.654116979	1.654116979	1.669829611	-1.669829611	1.739562457	-1.739562457	1.748717564	-1.748717564	1.793791285	-1.793791285	1.801433994	-1.801433994	1.819971641	-1.819971641	-1.825674543	1.825674543	1.829724947	-1.829724947	1.846853881	-1.846853881	1.858541732	-1.858541732	1.864223965	-1.864223965	1.880461116	-1.880461116	1.882741324	-1.882741324	1.906115476	-1.906115476	1.923380235	-1.923380235	1.939991314	-1.939991314	
-0.69	0.009027603697	-0.009027603699	-0.01639094516	0.01639094516	0.01920837607	-0.01920837607	0.05302236882	-0.05302236883	-0.1273030397	0.1273030398	-0.1474859365	0.1474859365	-0.1770936383	0.1770936383	-0.3475359957	0.3475359957	-0.3677159305	0.3677159305	0.3914358429	-0.3914358429	-0.4408981136	0.4408981136	-0.4560610985	0.4560610985	-0.5451509266	0.5451509266	-0.5577260189	0.5577260189	-0.591360015	0.591360015	0.5967925446	-0.5967925446	-0.7671484612	0.7671484612	-0.7716455393	0.7716455393	-0.7998366867	0.7998366867	-0.8311075356	0.8311075356	-0.8500187331	0.8500187332	-0.8619056757	0.8619056757	-0.9135647705	0.9135647705	-0.9149812325	0.9149812325	-0.9159223109	0.9159223109	-0.9546651938	0.9546651938	-0.9689187645	0.9689187645	-0.9839451524	0.9839451524	-0.9966836561	0.9966836561	-1.013673892	1.013673892	-1.030068183	1.030068183	-1.049534736	1.049534736	-1.06114654	1.06114654	-1.113169643	1.113169643	-1.122395932	1.122395932	1.170922484	-1.170922484	-1.220230505	1.220230505	-1.22140368	1.22140368	-1.232785246	1.232785246	1.235918901	-1.235918901	1.248011986	-1.248011986	1.255159369	-1.255159369	-1.267878567	1.267878567	-1.280792633	1.280792633	-1.281262034	1.281262034	-1.285205997	1.285205997	-1.299770144	1.299770144	-1.345923313	1.345923313	-1.36084716	1.36084716	-1.364573129	1.364573129	-1.374533073	1.374533073	-1.394061386	1.394061386	-1.416810237	1.416810237	-1.428753246	1.428753246	-1.458223299	1.458223299	-1.462736818	1.462736818	-1.469362869	1.469362869	-1.481770168	1.481770168	-1.486991433	1.486991433	-1.487870501	1.487870501	-1.497757425	1.497757425	-1.499223172	1.499223172	-1.504257042	1.504257042	-1.527661329	1.527661329	-1.529453391	1.529453391	-1.543004268	1.543004268	-1.564387895	1.564387895	-1.57277245	1.57277245	-1.613565583	1.613565583	-1.61824213	1.61824213	-1.628413023	1.628413023	-1.638072533	1.638072533	-1.639205441	1.639205441	-1.654176581	1.654176581	1.669420307	-1.669420307	-1.739336657	1.739336657	-1.748962219	1.748962219	-1.793810721	1.793810721	-1.800710845	1.800710845	-1.820201133	1.820201133	-1.825680834	1.825680834	-1.829399993	1.829399993	-1.846837094	1.846837094	-1.85903073	1.85903073	-1.864139818	1.864139818	-1.880785688	1.880785688	-1.883109392	1.883109392	1.906551406	-1.906551406	-1.922495257	1.922495257	-1.940015232	1.940015232	
-0.68	0.009107750407	-0.009107750407	0.017657348	-0.017657348	-0.02769116365	0.02769116366	-0.06112240586	0.06112240586	-0.1358430471	0.1358430471	-0.143908076	0.143908076	-0.1854846874	0.1854846874	-0.3441661545	0.3441661545	-0.3712984359	0.3712984359	-0.3996808725	0.3996808725	-0.4495788676	0.4495788676	-0.4633703878	0.4633703878	-0.5482126662	0.5482126662	-0.5665239385	0.5665239385	-0.6003164272	0.6003164272	0.6057892414	-0.6057892414	-0.7670966862	0.7670966862	-0.7716460001	0.7716460001	-0.7974855765	0.7974855765	-0.8309363028	0.8309363028	-0.8500272037	0.8500272037	-0.8585390693	0.8585390693	-0.9113706694	0.9113706694	-0.9137402364	0.9137402364	-0.9144684283	0.9144684283	-0.9529303232	0.9529303232	0.9689100402	-0.9689100402	-0.9811754996	0.9811754996	-0.9967180619	0.9967180619	-1.013308657	1.013308657	-1.029457285	1.029457285	-1.046835457	1.046835457	-1.064208418	1.064208418	-1.113169444	1.113169444	-1.122295453	1.122295453	-1.170182584	1.170182584	-1.219743319	1.219743319	-1.221457409	1.221457409	-1.233014965	1.233014965	1.23581888	-1.23581888	-1.247798112	1.247798112	-1.254276288	1.254276288	-1.265954108	1.265954108	-1.280670354	1.280670354	-1.281215519	1.281215519	-1.285184025	1.285184025	-1.298550309	1.298550309	-1.345743391	1.345743391	-1.361027835	1.361027835	-1.364587436	1.364587436	-1.373050721	1.373050721	-1.394433745	1.394433745	-1.415019411	1.415019411	-1.428243006	1.428243006	-1.458218291	1.458218291	-1.462603821	1.462603821	-1.469166033	1.469166033	-1.479937036	1.479937036	-1.486937656	1.486937656	1.487886641	-1.487886641	-1.497215825	1.497215825	1.497850599	-1.497850599	-1.503575227	1.503575227	1.527621052	-1.527621052	-1.529158448	1.529158448	-1.541997875	1.541997875	-1.563461373	1.563461373	-1.572427018	1.572427018	-1.613532497	1.613532497	-1.617146825	1.617146825	-1.62840184	1.62840184	-1.637918816	1.637918816	-1.638306565	1.638306565	-1.654238089	1.654238089	-1.669001094	1.669001094	-1.739104763	1.739104763	-1.749209885	1.749209885	-1.793829863	1.793829863	-1.799941223	1.799941223	-1.820427155	1.820427155	-1.825686986	1.825686986	1.829113739	-1.829113739	-1.846824836	1.846824836	-1.859532427	1.859532427	-1.864055066	1.864055066	-1.881117839	1.881117839	-1.883489454	1.883489454	-1.906980583	1.906980583	-1.921602183	1.921602183	-1.940039672	1.940039672	
-0.67	-0.001831037463	0.001831037464	-0.02648505907	0.02648505907	0.03639942657	-0.03639942657	0.06923325478	-0.06923325478	0.1403311799	-0.1403311799	0.1444113743	-0.1444113743	0.1938960648	-0.1938960648	-0.3407937986	0.3407937986	0.3748799748	-0.3748799748	-0.4079218469	0.4079218469	0.4582412437	-0.4582412437	0.470674578	-0.470674578	0.5512663944	-0.5512663944	0.575297671	-0.575297671	0.6092653861	-0.6092653861	0.6147795595	-0.6147795595	0.7670419887	-0.7670419888	0.7716464561	-0.7716464561	-0.7950514141	0.7950514141	-0.8307573504	0.8307573504	-0.8500359375	0.8500359375	0.8551699865	-0.8551699865	0.9091081341	-0.9091081341	0.9115182877	-0.9115182877	0.9139109605	-0.9139109605	0.9511018727	-0.9511018727	-0.9688999399	0.9688999399	0.9783644459	-0.9783644459	-0.9967524378	0.9967524378	-1.012939579	1.012939579	-1.028846373	1.028846373	1.044072675	-1.044072675	-1.067262425	1.067262425	1.113169148	-1.113169148	1.12219439	-1.12219439	1.169389056	-1.169389056	-1.219213212	1.219213212	1.221506736	-1.221506736	-1.233241372	1.233241372	1.235712916	-1.235712916	1.247572197	-1.247572197	1.253333335	-1.253333335	-1.264000279	1.264000279	1.280573996	-1.280573996	-1.281165626	1.281165626	1.285161048	-1.285161048	1.297280994	-1.297280994	-1.345555512	1.345555512	1.361179518	-1.361179518	1.364601823	-1.364601823	1.371579331	-1.371579331	1.394800832	-1.394800832	1.413214687	-1.413214687	1.427717261	-1.427717261	-1.458211103	1.458211103	-1.46246159	1.46246159	1.468940204	-1.468940204	1.478014338	-1.478014338	1.486893293	-1.486893293	-1.487900263	1.487900263	1.495134007	-1.495134007	1.497985704	-1.497985704	-1.502900398	1.502900398	1.527549938	-1.527549938	1.528900371	-1.528900371	1.540974888	-1.540974888	1.562518422	-1.562518422	1.572072867	-1.572072867	1.613481352	-1.613481352	1.616046838	-1.616046838	1.628387981	-1.628387981	1.637215458	-1.637215458	-1.63795563	1.63795563	1.654301477	-1.654301477	1.66857259	-1.66857259	1.738866947	-1.738866947	1.749460199	-1.749460199	1.793848687	-1.793848687	-1.799127146	1.799127146	1.820648233	-1.820648233	1.825692989	-1.825692989	1.82886706	-1.82886706	1.846816675	-1.846816675	-1.860046273	1.860046273	1.863969617	-1.863969617	1.881457322	-1.881457322	1.883880909	-1.883880909	1.907402455	-1.907402455	1.920701824	-1.920701824	1.940064643	-1.940064643	
-0.66	0.005440798178	-0.005440798179	0.03537863002	-0.03537863002	0.04519191704	-0.04519191704	-0.07735068497	0.07735068497	0.1367553188	-0.1367553188	0.1529981324	-0.1529981324	0.2023221187	-0.2023221187	-0.3374190106	0.3374190106	-0.3784604799	0.3784604799	-0.4161576296	0.4161576296	-0.4668840671	0.4668840671	-0.4779733373	0.4779733373	-0.554311954	0.554311954	0.5840457488	-0.5840457488	-0.6182050942	0.6182050942	-0.6237617141	0.6237617141	-0.7669842415	0.7669842415	0.771646907	-0.771646907	-0.7925345075	0.7925345075	-0.8305704574	0.8305704574	-0.8500449327	0.8500449327	-0.8517985057	0.8517985057	-0.9067772842	0.9067772842	-0.9092211664	0.9092211664	0.9133444414	-0.9133444414	0.9491786007	-0.9491786007	0.9688851974	-0.9688851974	-0.9755168802	0.9755168802	-0.9967867211	0.9967867211	-1.012567228	1.012567228	1.028236072	-1.028236072	-1.041247675	1.041247675	-1.070308341	1.070308341	-1.113168742	1.113168742	-1.122092897	1.122092897	-1.168539854	1.168539854	-1.218638039	1.218638039	-1.221550855	1.221550855	-1.233461598	1.233461598	1.235600917	-1.235600917	-1.247332869	1.247332869	1.252302952	-1.252302952	-1.262056454	1.262056454	-1.280496354	1.280496354	-1.281112203	1.281112203	-1.285136534	1.285136534	1.295963556	-1.295963556	-1.345359433	1.345359433	1.361281479	-1.361281479	-1.364616275	1.364616275	-1.370141075	1.370141075	-1.395157383	1.395157383	1.411402203	-1.411402203	-1.427176284	1.427176284	-1.458201565	1.458201565	1.462310219	-1.462310219	1.468662089	-1.468662089	-1.476040971	1.476040971	-1.486853637	1.486853637	-1.487911364	1.487911364	-1.492978329	1.492978329	1.498151525	-1.498151525	1.502234305	-1.502234305	1.527425938	-1.527425938	-1.528700427	1.528700427	1.539937154	-1.539937154	1.561560156	-1.561560156	1.571710173	-1.571710173	1.613374878	-1.613374878	1.614980622	-1.614980622	-1.628370495	1.628370495	1.636272576	-1.636272576	-1.637845282	1.637845282	-1.654366714	1.654366714	1.668135416	-1.668135416	-1.738623389	1.738623389	-1.749712804	1.749712804	-1.793867172	1.793867172	1.79827101	-1.79827101	1.820862775	-1.820862775	-1.825698835	1.825698835	1.828660488	-1.828660488	-1.846812221	1.846812221	-1.860571701	1.860571701	-1.863883395	1.863883395	-1.88180388	1.88180388	1.884283147	-1.884283147	1.907816518	-1.907816518	-1.919795001	1.919795001	1.940090148	-1.940090148	
-0.65	-0.01270716269	0.01270716269	0.04429779	-0.04429779	0.05402403829	-0.05402403829	0.08547163437	-0.08547163438	-0.133180564	0.133180564	0.1615959855	-0.1615959855	-0.2107582343	0.2107582343	-0.3340418733	0.3340418733	-0.3820398829	0.3820398829	-0.4243871715	0.4243871715	0.4755061275	-0.4755061275	-0.485266361	0.485266361	-0.5573491835	0.5573491835	0.5927666358	-0.5927666358	0.6271338137	-0.6271338138	0.6327339993	-0.6327339993	-0.7669233088	0.7669233088	0.7716473524	-0.7716473524	-0.7899352179	0.7899352179	-0.8303753956	0.8303753956	0.8484247067	-0.8484247067	-0.8500541874	0.8500541874	0.9043782875	-0.9043782875	0.9068547551	-0.9068547551	-0.912763361	0.912763361	0.9471592582	-0.9471592582	0.9688531904	-0.9688531904	0.9726471293	-0.9726471293	-0.9968208307	0.9968208307	1.012192165	-1.012192165	-1.027626558	1.027626558	1.038362188	-1.038362188	1.073345963	-1.073345963	-1.113168211	1.113168211	-1.121991119	1.121991119	-1.16763294	1.16763294	1.218015583	-1.218015583	-1.221588706	1.221588706	-1.23367112	1.23367112	1.235483242	-1.235483242	1.247078533	-1.247078533	1.251146866	-1.251146866	1.26017184	-1.26017184	1.280432567	-1.280432567	1.281055079	-1.281055079	-1.285109597	1.285109597	-1.294599964	1.294599964	-1.345154906	1.345154906	-1.361297168	1.361297168	-1.364630782	1.364630782	1.368774007	-1.368774007	-1.39549521	1.39549521	1.40959111	-1.40959111	1.426620385	-1.426620385	-1.458189447	1.458189447	-1.462149816	1.462149816	1.468278726	-1.468278726	1.474079988	-1.474079988	-1.486816484	1.486816484	-1.487919896	1.487919896	1.490749363	-1.490749363	1.49833934	-1.49833934	-1.501579232	1.501579232	1.527233998	-1.527233998	1.52857277	-1.52857277	-1.538886745	1.538886745	-1.560587698	1.560587698	1.571339131	-1.571339131	1.613033765	-1.613033765	1.614128669	-1.614128669	-1.628347937	1.628347937	-1.635319469	1.635319469	-1.637749446	1.637749446	-1.654433768	1.654433768	1.667690195	-1.667690195	-1.738374274	1.738374274	1.749967347	-1.749967347	-1.793885298	1.793885298	1.797375507	-1.797375507	1.821069124	-1.821069124	1.825704514	-1.825704514	1.828494247	-1.828494247	-1.84681112	1.84681112	1.86110813	-1.86110813	-1.863796347	1.863796347	1.882157252	-1.882157252	-1.884695558	1.884695558	1.908222321	-1.908222321	1.918882543	-1.918882543	-1.940116188	1.940116188	
-0.64	-0.01996770336	0.01996770337	0.05322582594	-0.05322582594	-0.06287603117	0.06287603117	-0.09359371866	0.09359371866	-0.1296069878	0.1296069878	-0.1701992793	0.1701992793	-0.2192005794	0.2192005794	-0.3306624703	0.3306624703	-0.3856181148	0.3856181148	-0.4326094945	0.4326094945	-0.484106161	0.484106161	-0.4925533784	0.4925533784	0.5603779173	-0.5603779173	0.6014587138	-0.6014587138	0.6360498456	-0.6360498456	-0.641694768	0.641694768	0.7668590456	-0.7668590456	-0.7716477924	0.7716477924	-0.7872539604	0.7872539604	-0.8301719297	0.8301719297	-0.8450486709	0.8450486709	-0.8500636992	0.8500636992	-0.9019113685	0.9019113685	0.9044197373	-0.9044197373	0.9121674723	-0.9121674723	-0.9450426427	0.9450426427	-0.968661925	0.968661925	0.9698989345	-0.9698989345	-0.9968546602	0.9968546602	-1.011814946	1.011814946	-1.027017002	1.027017002	-1.035418963	1.035418963	-1.076375092	1.076375092	-1.113167538	1.113167538	-1.121889197	1.121889198	-1.166666296	1.166666296	-1.21734356	1.21734356	-1.221618858	1.221618858	-1.233862101	1.233862101	1.235361493	-1.235361493	-1.246807331	1.246807331	1.249819252	-1.249819252	-1.258404136	1.258404136	-1.280379278	1.280379278	1.28099406	-1.28099406	-1.285078676	1.285078676	-1.29319317	1.29319317	-1.344941675	1.344941675	-1.361163119	1.361163119	-1.364645331	1.364645331	1.36754316	-1.36754316	-1.395800682	1.395800682	-1.4077961	1.4077961	1.426049911	-1.426049911	-1.458174412	1.458174412	-1.461980505	1.461980505	-1.467664086	1.467664086	-1.472264459	1.472264459	-1.486780645	1.486780645	-1.487924468	1.487924468	1.488448955	-1.488448955	-1.498540931	1.498540931	-1.500939048	1.500939048	1.526979108	-1.526979108	1.528511234	-1.528511234	-1.537826087	1.537826087	-1.559602182	1.559602182	1.570959961	-1.570959961	1.612171991	-1.612171991	-1.613778187	1.613778187	-1.628318007	1.628318007	1.634371449	-1.634371449	-1.637656855	1.637656855	-1.654502606	1.654502606	1.667237553	-1.667237553	-1.738119796	1.738119796	-1.750223484	1.750223484	1.793903047	-1.793903047	-1.796443538	1.796443538	-1.821265624	1.821265624	-1.825710017	1.825710017	1.828368281	-1.828368281	1.84681305	-1.84681305	1.861654959	-1.861654959	-1.863708434	1.863708434	1.882517165	-1.882517165	-1.885117524	1.885117524	-1.908619456	1.908619456	-1.91796529	1.91796529	-1.940142759	1.940142759	
-0.63	-0.02722209918	0.02722209918	0.06215409104	-0.06215409104	0.0717371169	-0.07173711691	0.1017149941	-0.1017149941	-0.1260346654	0.1260346654	0.17880351	-0.17880351	0.2276459215	-0.2276459215	0.3272808864	-0.3272808864	0.3891951048	-0.3891951048	0.4408236793	-0.4408236793	0.4926828219	-0.4926828219	0.4998341714	-0.4998341714	0.5633979856	-0.5633979856	0.6101202679	-0.610120268	0.6449515089	-0.6449515089	0.6506424128	-0.6506424128	0.7667912978	-0.7667912978	0.7716482267	-0.7716482267	-0.7844912049	0.7844912049	-0.829959818	0.829959818	-0.8416704813	0.8416704813	-0.8500734659	0.8500734659	0.8993768202	-0.8993768202	0.9019164141	-0.9019164141	0.9115569811	-0.9115569811	-0.9428276556	0.9428276556	0.9665618725	-0.9665618725	0.9690235716	-0.9690235716	-0.9968880654	0.9968880654	-1.01143612	1.01143612	-1.02640361	1.02640361	1.032423754	-1.032423754	-1.079395535	1.079395535	-1.113166702	1.113166702	-1.121787264	1.121787264	1.165637926	-1.165637926	-1.216619615	1.216619615	-1.221639309	1.221639309	-1.23401958	1.23401958	1.235240663	-1.235240663	1.246517091	-1.246517091	1.248280648	-1.248280648	1.256807998	-1.256807998	1.280334108	-1.280334108	1.280928915	-1.280928915	1.285040772	-1.285040772	-1.291747934	1.291747934	-1.344719479	1.344719479	1.360784448	-1.360784448	-1.364659912	1.364659912	1.366545045	-1.366545045	1.396049451	-1.396049451	-1.40604268	1.40604268	1.425465244	-1.425465244	-1.458155894	1.458155894	-1.461802422	1.461802422	-1.466580777	1.466580777	-1.470837098	1.470837098	-1.486071581	1.486071581	-1.486745399	1.486745399	1.487931017	-1.487931017	1.498743634	-1.498743634	-1.500323503	1.500323503	-1.526679366	1.526679366	1.528496006	-1.528496006	-1.536758204	1.536758204	-1.558604747	1.558604747	1.570572905	-1.570572905	1.611051362	-1.611051362	-1.613668551	1.613668551	-1.628276857	1.628276857	1.633435943	-1.633435943	-1.637565633	1.637565633	1.654573193	-1.654573193	1.666778115	-1.666778115	1.737860156	-1.737860156	1.750480878	-1.750480878	1.793920402	-1.793920402	1.795478139	-1.795478139	-1.821450707	1.821450707	1.825715334	-1.825715334	1.828282247	-1.828282247	-1.846817722	1.846817722	1.862211574	-1.862211574	-1.863619636	1.863619636	-1.88288334	1.88288334	-1.885548432	1.885548432	1.909007558	-1.909007558	-1.917044091	1.917044091	-1.940169855	1.940169855	
-0.62	-0.03447004085	0.03447004085	-0.07107734451	0.07107734451	-0.08060052803	0.08060052803	0.1098338251	-0.1098338251	-0.1224636756	0.1224636756	0.1874049855	-0.1874049855	0.2360914944	-0.2360914944	-0.3238972079	0.3238972079	-0.3927707807	0.3927707807	0.4490288537	-0.4490288537	-0.5012346279	0.5012346279	-0.5071086176	0.5071086176	-0.5664092137	0.5664092137	0.6187494699	-0.6187494699	0.6538371187	-0.6538371187	-0.6595753463	0.6595753463	0.7667199008	-0.7667199008	0.7716486555	-0.7716486555	0.7816474761	-0.7816474761	-0.8297388124	0.8297388124	0.8382902229	-0.8382902229	-0.8500834848	0.8500834848	-0.8967750171	0.8967750171	-0.8993450425	0.8993450425	0.9109322143	-0.9109322143	0.9405133664	-0.9405133664	0.963613059	-0.963613059	-0.9689627158	0.9689627158	0.9969208458	-0.9969208458	1.011056222	-1.011056222	1.025769623	-1.025769623	-1.029395354	1.029395354	-1.082407098	1.082407098	-1.113165683	1.113165683	-1.121685446	1.121685446	1.164545862	-1.164545862	1.215841326	-1.215841326	-1.22164715	1.22164715	-1.234113211	1.234113211	1.23513393	-1.23513393	1.246205277	-1.246205277	1.246522022	-1.246522022	1.255415091	-1.255415091	1.280295335	-1.280295335	-1.28085935	1.28085935	-1.284989426	1.284989426	1.290272929	-1.290272929	-1.344488047	1.344488047	-1.360073159	1.360073159	-1.364674512	1.364674512	1.365869349	-1.365869349	1.396195273	-1.396195273	1.404378353	-1.404378353	1.424866809	-1.424866809	1.458132722	-1.458132722	1.461615712	-1.461615712	-1.464884991	1.464884991	-1.469946375	1.469946375	-1.48362495	1.48362495	-1.486710256	1.486710256	1.487932222	-1.487932222	1.498902803	-1.498902803	-1.499775312	1.499775312	-1.526351655	1.526351655	1.528507472	-1.528507472	-1.535687187	1.535687187	-1.557596538	1.557596538	1.570178226	-1.570178226	-1.609857103	1.609857103	-1.613615713	1.613615713	-1.628217667	1.628217667	1.632521936	-1.632521936	1.637475273	-1.637475273	-1.654645489	1.654645489	1.666312501	-1.666312501	1.737595559	-1.737595559	1.750739201	-1.750739201	1.793937349	-1.793937349	1.794482407	-1.794482407	-1.821622996	1.821622996	-1.825720453	1.825720453	1.828235493	-1.828235493	1.846824874	-1.846824874	-1.862777343	1.862777343	1.863529949	-1.863529949	1.883255487	-1.883255487	-1.885987668	1.885987668	1.909386301	-1.909386301	1.916119808	-1.916119808	-1.940197463	1.940197463	
-0.61	-0.04171122432	0.04171122432	0.07999200226	-0.07999200226	0.08946156529	-0.08946156529	-0.117948803	0.117948803	0.1188941033	-0.1188941033	0.1960006007	-0.1960006007	-0.2445348979	0.2445348979	0.3205115232	-0.3205115232	0.3963450681	-0.3963450681	-0.4572241838	0.4572241838	0.5097598341	-0.5097598341	-0.5143768067	0.5143768067	-0.5694114224	0.5694114224	0.6273443574	-0.6273443574	0.6627049629	-0.6627049629	0.6684919805	-0.6684919805	0.7666446795	-0.7666446795	0.7716490791	-0.7716490791	-0.7787233547	0.7787233547	-0.8295086596	0.8295086596	-0.8349079833	0.8349079833	-0.8500937529	0.8500937529	0.894106434	-0.894106434	0.8967059095	-0.8967059095	0.9102935542	-0.9102935542	0.9380990827	-0.9380990827	0.96058918	-0.96058918	0.9689442774	-0.9689442774	-0.9969527112	0.9969527112	-1.010675781	1.010675781	-1.024972824	1.024972824	-1.026478132	1.026478132	-1.085409583	1.085409583	-1.113164456	1.113164456	-1.121583859	1.121583859	-1.163388174	1.163388174	-1.215006204	1.215006204	-1.221637973	1.221637973	1.234087391	-1.234087391	1.235064933	-1.235064933	1.244584942	-1.244584942	1.245868916	-1.245868916	1.254222315	-1.254222315	1.280261684	-1.280261684	1.280784953	-1.280784953	-1.284908188	1.284908188	-1.288787402	1.288787402	-1.344247106	1.344247106	1.359027073	-1.359027073	1.36468912	-1.36468912	1.365519997	-1.365519997	-1.396149087	1.396149087	-1.40289354	1.40289354	1.424255066	-1.424255066	-1.458101556	1.458101556	-1.461420521	1.461420521	-1.462743839	1.462743839	-1.469431162	1.469431162	1.481106145	-1.481106145	-1.486674844	1.486674844	-1.487931381	1.487931381	-1.498785041	1.498785041	1.499526628	-1.499526628	-1.526007124	1.526007124	1.528529728	-1.528529728	-1.534619177	1.534619177	1.556578705	-1.556578705	1.569776213	-1.569776213	1.608629062	-1.608629062	1.613580995	-1.613580995	-1.628127606	1.628127606	-1.631644011	1.631644011	-1.637385631	1.637385631	-1.654719455	1.654719455	1.665841328	-1.665841328	1.737326221	-1.737326221	1.750998132	-1.750998132	-1.793459444	1.793459444	1.793953874	-1.793953874	1.821781402	-1.821781402	1.825725365	-1.825725365	1.828227019	-1.828227019	1.846834268	-1.846834268	-1.863351621	1.863351621	-1.863439381	1.863439381	1.883633306	-1.883633306	1.886434622	-1.886434622	1.909755398	-1.909755398	1.915193314	-1.915193314	-1.940225568	1.940225568	
-0.6	-0.04894534543	0.04894534543	-0.08889537425	0.08889537425	0.09831670961	-0.09831670961	-0.1153260449	0.1153260449	-0.1260586913	0.1260586913	-0.2045876835	0.2045876835	-0.2529740217	0.2529740217	0.317123923	-0.317123923	0.3999178905	-0.3999178905	-0.4654088651	0.4654088651	-0.5182560573	0.5182560573	-0.521639403	0.521639403	0.5724044278	-0.5724044278	-0.6359028111	0.6359028111	0.6715532752	-0.6715532752	-0.6773907033	0.6773907033	-0.7665654476	0.7665654476	0.7716494979	-0.7716494979	0.7757194781	-0.7757194781	0.8292691014	-0.8292691014	0.8315238522	-0.8315238522	-0.8501042672	0.8501042672	0.8913716679	-0.8913716679	0.8939993628	-0.8939993628	0.9096414158	-0.9096414158	-0.9355844279	0.9355844279	-0.9575247977	0.9575247977	-0.9689351529	0.9689351529	-0.996983224	0.996983224	1.010295308	-1.010295308	-1.022774456	1.022774456	-1.024913191	1.024913191	-1.088402792	1.088402792	1.113162994	-1.113162994	1.121482615	-1.121482615	-1.162162974	1.162162974	-1.214111696	1.214111696	-1.221604732	1.221604732	1.233870411	-1.233870411	1.235041504	-1.235041504	-1.242570978	1.242570978	1.245504526	-1.245504526	-1.253200773	1.253200773	1.280232196	-1.280232196	1.280705055	-1.280705055	1.284744156	-1.284744156	1.28734785	-1.28734785	1.343996376	-1.343996376	-1.357730185	1.357730185	1.364703725	-1.364703725	-1.36541479	1.36541479	-1.39576292	1.39576292	-1.40173768	1.40173768	1.423630519	-1.423630519	-1.458045229	1.458045229	1.4603698	-1.4603698	-1.461216988	1.461216988	1.469098207	-1.469098207	1.478515695	-1.478515695	1.486638851	-1.486638851	-1.487928364	1.487928364	-1.49830427	1.49830427	-1.49966276	1.49966276	1.525652495	-1.525652495	-1.528547065	1.528547065	-1.533564565	1.533564565	-1.555552397	1.555552397	-1.569367177	1.569367177	-1.607378816	1.607378816	-1.613553986	1.613553986	-1.627981627	1.627981627	-1.630828789	1.630828789	1.637296689	-1.637296689	-1.654795048	1.654795048	1.665365204	-1.665365204	1.737052361	-1.737052361	-1.751257359	1.751257359	-1.792412308	1.792412308	1.793969965	-1.793969965	-1.821925214	1.821925214	1.825730058	-1.825730058	-1.828255443	1.828255443	1.846845689	-1.846845689	-1.863347954	1.863347954	-1.863933745	1.863933745	1.884016485	-1.884016485	-1.886888688	1.886888688	-1.910114598	1.910114598	-1.914265493	1.914265493	-1.940254152	1.940254152	
-0.59	-0.05617209215	0.05617209215	-0.09778529268	0.09778529268	0.1071631349	-0.1071631349	-0.1117596489	0.1117596489	-0.1341623877	0.1341623877	0.2131638854	-0.2131638854	0.261406988	-0.261406988	-0.3137345006	0.3137345006	0.4034891684	-0.4034891684	0.4735821155	-0.4735821155	0.5267187249	-0.5267187249	-0.5288991846	0.5288991846	-0.5753880416	0.5753880416	0.6444225258	-0.6444225258	0.6803802026	-0.6803802026	-0.6862698498	0.6862698498	0.7664820071	-0.7664820071	0.7716499129	-0.7716499129	-0.7726365435	0.7726365435	0.8281379224	-0.8281379224	-0.8290198761	0.8290198761	-0.850115024	0.850115024	-0.8885714681	0.8885714681	-0.8912258347	0.8912258347	-0.9089762331	0.9089762331	-0.9329694218	0.9329694218	-0.9544269039	0.9544269039	-0.9689296128	0.9689296128	0.9970116869	-0.9970116869	-1.009915306	1.009915306	-1.019645232	1.019645232	-1.024232484	1.024232484	-1.091386522	1.091386522	1.113161266	-1.113161266	-1.121381814	1.121381814	1.160868423	-1.160868423	-1.213155191	1.213155191	-1.221535475	1.221535475	1.233373065	-1.233373065	1.235023205	-1.235023205	-1.240659518	1.240659518	1.245108025	-1.245108025	1.25231418	-1.25231418	-1.280206135	1.280206135	-1.2806183	1.2806183	-1.284297291	1.284297291	-1.286159228	1.286159228	-1.343735576	1.343735576	-1.356274912	1.356274912	-1.364718314	1.364718314	-1.365463163	1.365463163	-1.394900286	1.394900286	1.401048822	-1.401048822	-1.422993715	1.422993715	-1.457497739	1.457497739	-1.458325528	1.458325528	-1.461005214	1.461005214	-1.468852517	1.468852517	-1.475854014	1.475854014	-1.486601992	1.486601992	1.487923208	-1.487923208	-1.497747589	1.497747589	1.499896181	-1.499896181	1.525291875	-1.525291875	1.528536819	-1.528536819	-1.532543319	1.532543319	1.554518765	-1.554518765	1.568951454	-1.568951454	-1.606111318	1.606111318	1.613530883	-1.613530883	-1.627733598	1.627733598	-1.630123869	1.630123869	-1.637208481	1.637208481	1.654872223	-1.654872223	1.66488473	-1.66488473	1.736774207	-1.736774207	-1.75151658	1.75151658	-1.791343983	1.791343983	-1.793985611	1.793985611	-1.822054153	1.822054153	1.82573452	-1.82573452	1.828318981	-1.828318981	-1.846858945	1.846858945	-1.8632557	1.8632557	1.864523039	-1.864523039	-1.884404701	1.884404701	-1.887349268	1.887349268	1.910463683	-1.910463683	-1.913337249	1.913337249	-1.940283189	1.940283189	
-0.58	-0.06339112806	0.06339112806	0.1066599141	-0.1066599141	0.1081948393	-0.1081948393	0.1159987485	-0.1159987485	0.1422588972	-0.1422588972	-0.221727103	0.221727103	-0.2698321054	0.2698321054	0.3103433524	-0.3103433524	-0.4070588194	0.4070588194	-0.4817431676	0.4817431676	0.5351293601	-0.5351293601	-0.5361727427	0.5361727427	0.5783620711	-0.5783620711	-0.6529009758	0.6529009758	0.6891837664	-0.6891837664	0.6951276655	-0.6951276655	-0.7663941476	0.7663941476	0.7694753119	-0.7694753119	-0.7716503256	0.7716503256	-0.82475029	0.82475029	-0.828760719	0.828760719	0.8501260197	-0.8501260197	0.8857067764	-0.8857067764	0.8883858665	-0.8883858665	0.9082984436	-0.9082984436	-0.9302545663	0.9302545663	-0.9512983182	0.9512983182	0.9689258599	-0.9689258599	-0.9970369115	0.9970369115	1.009536258	-1.009536258	1.016384941	-1.016384941	-1.023639468	1.023639468	-1.094360564	1.094360564	-1.113159237	1.113159237	-1.121281549	1.121281549	-1.159502738	1.159502738	-1.212134019	1.212134019	1.221408431	-1.221408431	1.232433845	-1.232433845	1.234954515	-1.234954515	-1.23912232	1.23912232	1.244674629	-1.244674629	1.251530882	-1.251530882	1.280182927	-1.280182927	-1.280520863	1.280520863	1.283236416	-1.283236416	-1.285560837	1.285560837	-1.343464418	1.343464418	1.354724177	-1.354724177	1.364732871	-1.364732871	1.365604084	-1.365604084	1.393590417	-1.393590417	-1.400799394	1.400799394	-1.422345242	1.422345242	1.455014353	-1.455014353	1.458097627	-1.458097627	-1.460785204	1.460785204	1.468653592	-1.468653592	1.473121611	-1.473121611	1.486563987	-1.486563987	-1.487915974	1.487915974	-1.497185934	1.497185934	-1.500155763	1.500155763	-1.524927906	1.524927906	1.52845517	-1.52845517	1.531598026	-1.531598026	1.553478955	-1.553478955	1.568529401	-1.568529401	1.604829399	-1.604829399	-1.613509998	1.613509998	-1.627323668	1.627323668	-1.629590484	1.629590484	-1.637121062	1.637121062	-1.654950932	1.654950932	1.664400496	-1.664400496	1.736491993	-1.736491993	-1.751775502	1.751775502	1.790257345	-1.790257345	1.794000805	-1.794000805	-1.822168388	1.822168388	1.82573874	-1.82573874	1.828415469	-1.828415469	-1.846873858	1.846873858	-1.863162663	1.863162663	1.865118811	-1.865118811	-1.884797614	1.884797614	-1.88781577	1.88781577	1.910802466	-1.910802466	1.912409499	-1.912409499	-1.940312655	1.940312655	
-0.57	0.07060204667	-0.07060204667	0.1046321465	-0.1046321465	0.1155176062	-0.1155176062	0.1248212538	-0.1248212538	-0.1503473105	0.1503473105	0.2302754187	-0.2302754187	-0.2782478335	0.2782478335	-0.3069505781	0.3069505781	0.4106267575	-0.4106267575	-0.4898912625	0.4898912625	0.5432035396	-0.5432035396	0.5437425074	-0.5437425074	0.5813263203	-0.5813263203	0.6613353728	-0.6613353729	0.6979618104	-0.6979618104	0.703962256	-0.703962256	-0.7662366181	0.7662366181	0.7663016469	-0.7663016469	-0.7716507381	0.7716507382	0.8213610544	-0.8213610544	0.828491364	-0.828491364	0.8501372502	-0.8501372502	0.8827787806	-0.8827787806	0.8854801398	-0.8854801398	0.9076084638	-0.9076084638	-0.927440933	0.927440933	0.9481405436	-0.9481405436	0.9689231435	-0.9689231435	-0.9970566853	0.9970566853	1.009158637	-1.009158637	1.013060096	-1.013060096	1.023072005	-1.023072005	1.097324704	-1.097324704	1.113156866	-1.113156866	1.121181902	-1.121181902	1.158064199	-1.158064199	-1.211045465	1.211045465	-1.221180736	1.221180736	1.230920457	-1.230920457	1.234813854	-1.234813854	1.238180977	-1.238180977	1.244198741	-1.244198741	1.250827179	-1.250827179	-1.28016212	1.28016212	1.280393339	-1.280393339	1.281789877	-1.281789877	1.285348889	-1.285348889	-1.343182617	1.343182617	-1.353115276	1.353115276	1.36474738	-1.36474738	1.365802194	-1.365802194	1.39198783	-1.39198783	1.400836633	-1.400836633	1.421685738	-1.421685738	1.452259087	-1.452259087	-1.458041629	1.458041629	-1.460556713	1.460556713	-1.468483059	1.468483059	1.470319269	-1.470319269	1.48652455	-1.48652455	1.487906734	-1.487906734	1.496632765	-1.496632765	1.50042803	-1.50042803	1.524562399	-1.524562399	1.528213334	-1.528213334	-1.530817056	1.530817056	1.552434112	-1.552434112	1.5681014	-1.5681014	1.603535049	-1.603535049	-1.61349047	1.61349047	1.626733528	-1.626733528	-1.629248258	1.629248258	-1.637034497	1.637034497	1.655031127	-1.655031127	1.663913079	-1.663913079	1.736205959	-1.736205959	1.752033841	-1.752033841	1.789155152	-1.789155152	1.794015537	-1.794015537	-1.822268498	1.822268498	1.825742706	-1.825742706	1.828542416	-1.828542416	1.846890268	-1.846890268	-1.863068894	1.863068894	1.865720353	-1.865720353	1.885194864	-1.885194864	1.888287611	-1.888287611	1.911130793	-1.911130793	1.911483181	-1.911483181	-1.940342516	1.940342516	
-0.56	0.07780420199	-0.07780420199	0.1010718689	-0.1010718689	0.1243568788	-0.1243568788	0.1336290626	-0.1336290626	-0.1584267886	0.1584267886	0.2388070562	-0.2388070562	-0.2866527542	0.2866527542	-0.3035562813	0.3035562813	-0.4141928929	0.4141928929	0.4980256424	-0.4980256424	0.5505337675	-0.5505337675	-0.5520138537	0.5520138537	-0.5842805914	0.5842805914	0.6697226123	-0.6697226123	0.7067119332	-0.7067119332	0.7127715084	-0.7127715084	0.7629213942	-0.7629213942	0.7662042707	-0.7662042707	0.7716511544	-0.7716511544	-0.8179703191	0.8179703191	-0.828211545	0.828211545	-0.850148711	0.850148711	0.87978899	-0.87978899	-0.8825095185	0.8825095185	0.9069066464	-0.9069066464	-0.9245302613	0.9245302613	0.9449544227	-0.9449544227	0.9689210898	-0.9689210898	-0.9970663599	0.9970663599	1.008782894	-1.008782894	1.009687887	-1.009687887	1.022519862	-1.022519862	-1.100278722	1.100278722	-1.113154106	1.113154106	-1.121082943	1.121082943	-1.156551157	1.156551157	1.209886772	-1.209886772	-1.220762156	1.220762156	-1.228986376	1.228986376	1.234625138	-1.234625138	1.23776603	-1.23776603	1.243673843	-1.243673843	1.250186394	-1.250186394	-1.27990079	1.27990079	-1.280143351	1.280143351	1.280567534	-1.280567534	1.285254576	-1.285254576	-1.342889885	1.342889885	-1.351470355	1.351470355	-1.36476182	1.36476182	-1.366037315	1.366037315	1.390222484	-1.390222484	-1.401032421	1.401032421	1.421015886	-1.421015886	-1.449403469	1.449403469	-1.457996143	1.457996143	-1.460318726	1.460318726	-1.467448574	1.467448574	1.468331821	-1.468331821	-1.486483379	1.486483379	1.487895566	-1.487895566	-1.496092432	1.496092432	1.500708738	-1.500708738	-1.524196672	1.524196672	1.527696684	-1.527696684	1.530315101	-1.530315101	-1.551385376	1.551385376	1.567667852	-1.567667852	1.602229858	-1.602229858	1.61347182	-1.61347182	-1.626013975	1.626013975	-1.629047636	1.629047636	-1.636948853	1.636948853	-1.655112754	1.655112754	1.663423044	-1.663423044	-1.735916351	1.735916351	1.752291324	-1.752291324	1.788040029	-1.788040029	1.794029802	-1.794029802	-1.822355399	1.822355399	-1.825746404	1.825746404	1.828697091	-1.828697091	-1.846908032	1.846908032	-1.862974454	1.862974454	-1.866326944	1.866326944	1.885596072	-1.885596072	1.888764219	-1.888764219	-1.910559259	1.910559259	1.911448536	-1.911448536	-1.940372739	1.940372739	
-0.55	0.08499567036	-0.08499567036	0.09751576873	-0.09751576873	-0.1331763395	0.1331763395	0.1424205728	-0.1424205728	0.1664965502	-0.1664965502	0.2473203455	-0.2473203455	-0.2950455483	0.2950455483	0.3001605695	-0.3001605695	0.4177571313	-0.4177571313	0.5061455435	-0.5061455435	0.5577668612	-0.5577668612	0.5603376913	-0.5603376913	-0.5872246881	0.5872246881	0.6780592049	-0.6780592049	0.7154313939	-0.7154313939	-0.7215529508	0.7215529508	0.7595307348	-0.7595307348	0.7661017752	-0.7661017752	-0.7716515804	0.7716515804	-0.8145781918	0.8145781918	-0.8279209974	0.8279209974	-0.8501603972	0.8501603972	0.8767393411	-0.8767393411	-0.8794751071	0.8794751071	-0.9061931949	0.9061931949	-0.9215250841	0.9215250841	0.9417403617	-0.9417403617	0.9689194888	-0.9689194888	0.9970542718	-0.9970542718	1.006285286	-1.006285286	-1.008409468	1.008409468	1.02198021	-1.02198021	-1.103222391	1.103222391	-1.113150902	1.113150902	-1.120984732	1.120984732	1.154962037	-1.154962037	1.208655149	-1.208655149	-1.219966502	1.219966502	1.227019187	-1.227019187	1.234419724	-1.234419724	-1.237657196	1.237657196	1.243092378	-1.243092378	1.249596966	-1.249596966	1.278382626	-1.278382626	-1.28012633	1.28012633	1.280314717	-1.280314717	1.28520036	-1.28520036	-1.342585938	1.342585938	1.349803324	-1.349803324	-1.364776165	1.364776165	-1.366297533	1.366297533	1.388367985	-1.388367985	1.401315071	-1.401315071	1.420336421	-1.420336421	-1.446463563	1.446463563	1.457950897	-1.457950897	1.460067006	-1.460067006	-1.464514373	1.464514373	1.46819503	-1.46819503	-1.486440145	1.486440145	1.48788255	-1.48788255	1.495566983	-1.495566983	1.500996037	-1.500996037	1.523831735	-1.523831735	-1.526903364	1.526903364	1.530094363	-1.530094363	1.550333878	-1.550333878	1.567229183	-1.567229183	1.600915209	-1.600915209	1.613453765	-1.613453765	-1.625226614	1.625226614	-1.628928193	1.628928193	-1.636864198	1.636864198	-1.655195758	1.655195758	-1.662930941	1.662930941	-1.735623422	1.735623422	1.752547685	-1.752547685	1.786914464	-1.786914464	-1.794043594	1.794043594	-1.822430245	1.822430245	1.825749824	-1.825749824	1.82887663	-1.82887663	-1.846927017	1.846927017	-1.862879408	1.862879408	1.866937845	-1.866937845	1.88600083	-1.88600083	1.889245029	-1.889245029	-1.909638725	1.909638725	1.911755596	-1.911755596	-1.940403285	1.940403285	
-0.54	0.09213578457	-0.09213578457	-0.09400434376	0.09400434376	0.1419746633	-0.1419746633	0.15119432	-0.15119432	0.1745558622	-0.1745558622	0.2558136949	-0.2558136949	-0.2967635551	0.2967635551	0.3034249772	-0.3034249772	0.4213193737	-0.4213193737	0.5142501881	-0.5142501881	0.5649799997	-0.5649799997	0.5686343841	-0.5686343841	-0.5901584229	0.5901584229	0.6863411866	-0.6863411866	-0.724116977	0.724116977	-0.7303034046	0.7303034046	0.7560661363	-0.7560661363	0.7659939118	-0.7659939118	-0.7716520268	0.7716520268	-0.811184785	0.811184785	-0.8276194603	0.8276194603	-0.8501723036	0.8501723036	0.8736323528	-0.8736323528	-0.8763783356	0.8763783356	-0.9054679769	0.9054679769	0.9184289429	-0.9184289429	0.9384984523	-0.9384984523	-0.9689182116	0.9689182116	-0.9969814367	0.9969814367	-1.002894899	1.002894899	1.008038776	-1.008038776	1.021452123	-1.021452123	-1.106155476	1.106155476	-1.113147192	1.113147192	-1.12088731	1.12088731	1.153295353	-1.153295353	1.207347789	-1.207347789	1.218515743	-1.218515743	1.225444528	-1.225444528	1.234211892	-1.234211892	1.237701493	-1.237701493	1.24244567	-1.24244567	-1.24905081	1.24905081	1.276716629	-1.276716629	-1.280110816	1.280110816	-1.280184483	1.280184483	-1.285163765	1.285163765	-1.342270495	1.342270495	1.348123584	-1.348123584	1.364790379	-1.364790379	1.36657546	-1.36657546	-1.386463402	1.386463402	1.4016475	-1.4016475	-1.419648132	1.419648132	1.443445408	-1.443445408	1.457903459	-1.457903459	1.459768535	-1.459768535	-1.461550345	1.461550345	1.468069967	-1.468069967	1.486394492	-1.486394492	-1.48786777	1.48786777	1.495057662	-1.495057662	1.501288953	-1.501288953	-1.523468401	1.523468401	-1.525944231	1.525944231	-1.530044504	1.530044504	1.549280742	-1.549280742	1.566785835	-1.566785835	1.599592361	-1.599592361	-1.613436126	1.613436126	1.624409864	-1.624409864	-1.628852622	1.628852622	-1.636780599	1.636780599	-1.655280082	1.655280082	1.662437305	-1.662437305	1.735327431	-1.735327431	-1.752802672	1.752802672	1.785780808	-1.785780808	-1.794056908	1.794056908	-1.822494325	1.822494325	1.825752951	-1.825752951	1.829078143	-1.829078143	1.846947104	-1.846947104	-1.86278383	1.86278383	1.867552305	-1.867552305	-1.886408696	1.886408696	1.889729492	-1.889729492	-1.908722609	1.908722609	1.912051901	-1.912051901	1.940434114	-1.940434114	
-0.53	-0.0903835649	0.0903835649	-0.09937840847	0.09937840848	0.1507505721	-0.1507505721	0.1599489323	-0.1599489323	0.1826040312	-0.1826040312	0.2642855688	-0.2642855688	-0.2933653556	0.2933653556	0.3117898667	-0.3117898667	0.4248795156	-0.4248795156	0.5223387745	-0.5223387745	-0.5721801531	0.5721801531	-0.576894276	0.576894276	0.5930816335	-0.5930816335	0.6945639951	-0.6945639951	-0.7327647887	0.7327647887	0.7390173256	-0.7390173256	0.7525309979	-0.7525309979	0.7658804428	-0.7658804428	0.7716525137	-0.7716525137	0.8077902166	-0.8077902166	0.8273066783	-0.8273066783	-0.8501844244	0.8501844244	0.8704713571	-0.8704713571	0.8732210846	-0.8732210846	0.9047300617	-0.9047300617	-0.9152468661	0.9152468661	0.9352285771	-0.9352285771	0.9689171735	-0.9689171735	-0.9966332039	0.9966332039	-0.9997346289	0.9997346289	1.007671221	-1.007671221	-1.020935321	1.020935321	1.109077736	-1.109077736	-1.113142899	1.113142899	1.120790704	-1.120790704	1.15154971	-1.15154971	1.205961874	-1.205961874	-1.216292485	1.216292485	-1.224458382	1.224458382	1.234004825	-1.234004825	1.237823678	-1.237823678	1.241723883	-1.241723883	1.248542129	-1.248542129	-1.275035322	1.275035322	1.280062206	-1.280062206	1.280096613	-1.280096613	-1.285136472	1.285136472	1.341943282	-1.341943282	1.346437983	-1.346437983	1.364804418	-1.364804418	1.366866282	-1.366866282	1.384530648	-1.384530648	-1.402009839	1.402009839	1.418951867	-1.418951867	1.440352363	-1.440352363	-1.457852903	1.457852903	-1.458269203	1.458269203	-1.459711314	1.459711314	1.467955053	-1.467955053	1.48634603	-1.48634603	-1.48785131	1.48785131	-1.494565371	1.494565371	1.501586906	-1.501586906	1.523107332	-1.523107332	1.524905254	-1.524905254	1.53008019	-1.53008019	1.548227085	-1.548227085	1.566338273	-1.566338273	1.598262489	-1.598262489	-1.613418787	1.613418787	1.623583982	-1.623583982	1.628801711	-1.628801711	-1.636698118	1.636698118	-1.655365664	1.655365664	1.661942654	-1.661942654	1.735028644	-1.735028644	1.753056039	-1.753056039	1.78464128	-1.78464128	1.794069743	-1.794069743	-1.822548969	1.822548969	1.825755772	-1.825755772	-1.829298807	1.829298807	1.846968183	-1.846968183	-1.862687796	1.862687796	-1.868169555	1.868169555	1.886819185	-1.886819185	-1.890217067	1.890217067	-1.907811985	1.907811985	-1.912337401	1.912337401	-1.94046518	1.94046518	
-0.52	0.08683605583	-0.08683605583	-0.106540759	0.106540759	0.1595028179	-0.1595028179	0.1686831063	-0.1686831063	-0.1906403973	0.1906403973	-0.272734468	0.272734468	-0.289966094	0.289966094	-0.3201390939	0.3201390939	-0.4284374469	0.4284374469	0.5304104663	-0.5304104663	0.5793686571	-0.5793686571	-0.5851130388	0.5851130388	0.5959942253	-0.5959942253	0.7027222847	-0.7027222847	0.7413699195	-0.7413699195	0.7476030433	-0.7476030433	0.7490141495	-0.7490141495	0.7657611909	-0.7657611909	0.7716530834	-0.7716530834	0.80439461	-0.80439461	-0.8269824042	0.8269824042	-0.8501967532	0.8501967532	0.867260857	-0.867260857	-0.8700058792	0.8700058792	0.9039763496	-0.9039763496	-0.9119867529	0.9119867529	0.9319305295	-0.9319305295	0.9689163157	-0.9689163157	0.9948178729	-0.9948178729	-0.9979995037	0.9979995037	1.007307185	-1.007307185	-1.020429777	1.020429777	-1.11198892	1.11198892	-1.113137933	1.113137933	1.120694915	-1.120694915	-1.149723821	1.149723821	-1.204494593	1.204494593	1.213486543	-1.213486543	-1.223911844	1.223911844	-1.233798241	1.233798241	1.237988071	-1.237988071	1.240916059	-1.240916059	-1.248066631	1.248066631	1.273363384	-1.273363384	1.279937667	-1.279937667	-1.280083557	1.280083557	-1.285114765	1.285114765	1.341604032	-1.341604032	1.344751853	-1.344751853	1.364818216	-1.364818216	1.367166698	-1.367166698	-1.382583175	1.382583175	-1.402390717	1.402390717	1.418248537	-1.418248537	1.437186657	-1.437186657	1.455187492	-1.455187492	1.457798772	-1.457798772	1.459379575	-1.459379575	1.467849359	-1.467849359	1.48629433	-1.48629433	1.487833256	-1.487833256	-1.49409084	1.49409084	1.501889533	-1.501889533	-1.522749045	1.522749045	1.523828009	-1.523828009	1.53016059	-1.53016059	1.547174008	-1.547174008	1.565886976	-1.565886976	1.596926711	-1.596926711	-1.613401674	1.613401674	1.622759849	-1.622759849	1.628765561	-1.628765561	-1.636616815	1.636616815	-1.655452443	1.655452443	1.661447489	-1.661447489	1.73472733	-1.73472733	1.753307553	-1.753307553	-1.783497964	1.783497964	1.794082095	-1.794082095	1.822595472	-1.822595472	1.825758275	-1.825758275	1.829535939	-1.829535939	1.846990154	-1.846990154	-1.862591388	1.862591388	-1.86878881	1.86878881	1.887231755	-1.887231755	1.890707228	-1.890707228	-1.906907988	1.906907988	-1.912612072	1.912612072	1.940496437	-1.940496437	
-0.51	-0.0832866659	0.0832866659	0.1136978337	-0.1136978337	0.1682301712	-0.1682301712	0.1773955887	-0.1773955887	0.1986643288	-0.1986643288	0.2811589138	-0.2811589138	-0.2865659001	0.2865659001	0.3284715765	-0.3284715765	0.4319930505	-0.4319930505	-0.5384643779	0.5384643779	0.5865454858	-0.5865454858	-0.5932872244	0.5932872244	0.5988963064	-0.5988963064	0.7108096001	-0.7108096001	0.7452126218	-0.7452126218	0.7499257621	-0.7499257621	-0.7563596724	0.7563596724	-0.7656362547	0.7656362547	-0.7716538442	0.7716538442	0.8009980955	-0.8009980955	-0.8266464016	0.8266464016	-0.8502092829	0.8502092829	0.8640071006	-0.8640071006	-0.8667361966	0.8667361966	-0.9031962491	0.9031962491	-0.9086647166	0.9086647166	0.9286041584	-0.9286041584	0.9689155952	-0.9689155952	0.9915584702	-0.9915584702	-0.9976701335	0.9976701335	-1.00694703	1.00694703	1.019935564	-1.019935564	-1.113132186	1.113132186	1.114888767	-1.114888767	-1.120599915	1.120599915	-1.147816518	1.147816518	1.202943158	-1.202943158	1.210323498	-1.210323498	1.223602044	-1.223602044	1.23359129	-1.23359129	1.23817671	-1.23817671	1.24001029	-1.24001029	1.247621015	-1.247621015	1.271717153	-1.271717153	-1.279808177	1.279808177	-1.280071509	1.280071509	-1.285096752	1.285096752	-1.341252492	1.341252492	-1.343069585	1.343069585	-1.36483168	1.36483168	-1.367474345	1.367474345	1.38063008	-1.38063008	1.402783147	-1.402783147	1.41753913	-1.41753913	1.43394995	-1.43394995	-1.451977475	1.451977475	1.457740803	-1.457740803	1.4591019	-1.4591019	1.467752337	-1.467752337	-1.486238927	1.486238927	-1.487813694	1.487813694	1.493634703	-1.493634703	1.5021966	-1.5021966	1.52239335	-1.52239335	-1.522732646	1.522732646	-1.530266971	1.530266971	1.546122606	-1.546122606	1.565432442	-1.565432442	1.595586099	-1.595586099	-1.613384735	1.613384735	-1.621943757	1.621943757	-1.628738793	1.628738793	-1.636536746	1.636536746	-1.655540351	1.655540351	1.660952292	-1.660952292	-1.734423767	1.734423767	1.753556988	-1.753556988	1.782352822	-1.782352822	-1.794093963	1.794093963	1.822635044	-1.822635044	1.825760445	-1.825760445	1.829787042	-1.829787042	-1.847012927	1.847012927	-1.862494692	1.862494692	1.869409268	-1.869409268	-1.88764579	1.88764579	-1.891199459	1.891199459	1.906011834	-1.906011834	1.912875911	-1.912875911	-1.940527837	1.940527837	
-0.5	-0.07973879688	0.07973879688	0.1208460846	-0.1208460846	0.1769314107	-0.1769314107	0.1860851617	-0.1860851617	-0.2066752177	0.2066752177	-0.2831649083	0.2831649083	0.2895574358	-0.2895574358	0.3367862623	-0.3367862623	-0.4355462024	0.4355462024	-0.5464995553	0.5464995553	0.5937094983	-0.5937094983	0.6014129507	-0.6014129507	-0.6017892055	0.6017892055	0.7188175478	-0.7188175478	-0.7414673941	0.7414673941	-0.7584213345	0.7584213345	0.7649411441	-0.7649411441	0.7655077984	-0.7655077984	0.7716551783	-0.7716551783	0.79760081	-0.79760081	-0.8262984479	0.8262984479	0.8502220051	-0.8502220051	0.8607190461	-0.8607190461	-0.8634169754	0.8634169754	0.902338637	-0.902338637	0.9053381687	-0.9053381687	0.9252495461	-0.9252495461	-0.9689149798	0.9689149798	-0.9880050978	0.9880050978	-0.9976005181	0.9976005181	-1.006591103	1.006591103	1.019452797	-1.019452797	-1.113125523	1.113125523	1.117777008	-1.117777008	-1.120505632	1.120505632	1.145826773	-1.145826773	1.201304822	-1.201304822	-1.206933501	1.206933501	1.223412471	-1.223412471	1.233383288	-1.233383288	-1.238379818	1.238379818	1.238994045	-1.238994045	1.247202632	-1.247202632	1.27011132	-1.27011132	-1.279672541	1.279672541	-1.280060353	1.280060353	-1.285081366	1.285081366	-1.340888421	1.340888421	-1.341394964	1.341394964	-1.364844664	1.364844664	-1.367787454	1.367787454	1.378678103	-1.378678103	1.403182511	-1.403182511	1.416824719	-1.416824719	-1.430643585	1.430643585	-1.448690865	1.448690865	1.457678833	-1.457678833	1.458827501	-1.458827501	-1.467663669	1.467663669	1.486179315	-1.486179315	1.48779271	-1.48779271	-1.493197537	1.493197537	1.502507957	-1.502507957	1.521624802	-1.521624802	-1.522045112	1.522045112	-1.530390015	1.530390015	1.545073956	-1.545073956	1.564975181	-1.564975181	1.594241685	-1.594241685	-1.613367937	1.613367937	1.621139659	-1.621139659	-1.628718302	1.628718302	-1.636457963	1.636457963	-1.655629319	1.655629319	-1.660457527	1.660457527	-1.734118235	1.734118235	1.75380413	-1.75380413	1.781207699	-1.781207699	1.794105347	-1.794105347	1.82266878	-1.82266878	1.825762271	-1.825762271	1.830049831	-1.830049831	-1.847036418	1.847036418	1.862397795	-1.862397795	-1.870030108	1.870030108	1.888060575	-1.888060575	-1.89169326	1.89169326	1.905124842	-1.905124842	-1.913128937	1.913128937	-1.940559327	1.940559327	
-0.49	0.07619314773	-0.07619314773	0.1279846735	-0.1279846735	0.185605315	-0.185605315	0.1947506321	-0.1947506321	-0.2146724762	0.2146724762	-0.2797632657	0.2797632657	0.2979285515	-0.2979285515	-0.3450821213	0.3450821213	-0.4390967705	0.4390967705	0.5545149517	-0.5545149517	0.6008544808	-0.6008544808	0.6046770439	-0.6046770439	0.6094882285	-0.6094882285	0.7267311788	-0.7267311788	0.737656843	-0.737656843	0.7653214488	-0.7653214488	0.766896349	-0.766896349	-0.7716601365	0.7716601365	0.7734655639	-0.7734655639	0.7942028986	-0.7942028986	-0.8259383378	0.8259383378	-0.850234909	0.850234909	0.8574100715	-0.8574100715	0.8600555018	-0.8600555018	-0.9009098034	0.9009098034	0.9025079664	-0.9025079664	0.9218672338	-0.9218672338	0.968914444	-0.968914444	-0.9843637974	0.9843637974	0.9975893328	-0.9975893328	1.006239728	-1.006239728	1.018981598	-1.018981598	-1.113117779	1.113117779	-1.120411935	1.120411935	1.120653365	-1.120653365	1.143753727	-1.143753727	1.199576897	-1.199576897	1.20338196	-1.20338196	1.223286545	-1.223286545	1.233173827	-1.233173827	1.237854696	-1.237854696	1.23859167	-1.23859167	1.246809274	-1.246809274	1.268559865	-1.268559865	1.279530007	-1.279530007	1.280049992	-1.280049992	-1.285067963	1.285067963	1.339731356	-1.339731356	-1.340511597	1.340511597	1.364856935	-1.364856935	1.368104649	-1.368104649	1.376732661	-1.376732661	1.403585516	-1.403585516	1.416106488	-1.416106488	1.427268734	-1.427268734	1.445333969	-1.445333969	1.457612768	-1.457612768	-1.458551088	1.458551088	1.467583179	-1.467583179	-1.486114955	1.486114955	1.487770387	-1.487770387	1.492779881	-1.492779881	1.502823514	-1.502823514	-1.520517266	1.520517266	1.521697792	-1.521697792	1.530524611	-1.530524611	1.544029125	-1.544029125	1.564515716	-1.564515716	1.592894467	-1.592894467	-1.613351259	1.613351259	1.620350234	-1.620350234	-1.628702194	1.628702194	-1.636380515	1.636380515	1.655719276	-1.655719276	1.659963639	-1.659963639	1.733811024	-1.733811024	1.754048773	-1.754048773	1.780064327	-1.780064327	1.794116248	-1.794116248	-1.822697647	1.822697647	1.825763737	-1.825763737	1.83032224	-1.83032224	1.84706055	-1.84706055	1.862300788	-1.862300788	-1.870650489	1.870650489	1.888475256	-1.888475256	1.892188141	-1.892188141	-1.904248474	1.904248474	1.913371187	-1.913371187	1.940590856	-1.940590856	
-0.48	-0.07265003683	0.07265003683	-0.1351131507	0.1351131507	0.1942506551	-0.1942506551	0.2033908207	-0.2033908207	-0.2226555329	0.2226555329	-0.276361123	0.276361123	0.3062707642	-0.3062707642	0.3533581375	-0.3533581375	-0.442644614	0.442644614	-0.562509392	0.562509392	0.6073916882	-0.6073916882	-0.6081497619	0.6081497619	-0.6175073211	0.6175073211	-0.7335085801	0.7335085801	-0.734817101	0.734817101	-0.7652060015	0.7652060015	-0.771643318	0.771643318	-0.7752306021	0.7752306021	0.7819119053	-0.7819119053	0.7908045157	-0.7908045157	-0.8255658866	0.8255658866	-0.850247976	0.850247976	0.854101208	-0.854101208	0.8566630362	-0.8566630362	0.8978447685	-0.8978447685	-0.901247271	0.901247271	-0.9184585198	0.9184585198	-0.9689139674	0.9689139674	-0.9806773653	0.9806773654	-0.9975992748	0.9975992748	-1.005893212	1.005893212	1.018522082	-1.018522082	-1.113108744	1.113108744	-1.120318596	1.120318596	-1.123517545	1.123517545	-1.141596733	1.141596733	-1.197756772	1.197756772	-1.199703241	1.199703241	-1.223196015	1.223196015	1.232962732	-1.232962732	1.236580231	-1.236580231	-1.238808686	1.238808686	-1.246439027	1.246439027	1.267075832	-1.267075832	-1.279379981	1.279379981	-1.280040339	1.280040339	1.28505613	-1.28505613	1.338081823	-1.338081823	-1.340121823	1.340121823	-1.364868083	1.364868083	-1.368424824	1.368424824	-1.374798469	1.374798469	1.403989594	-1.403989594	-1.415385765	1.415385765	-1.423826477	1.423826477	1.441909051	-1.441909051	1.45754256	-1.45754256	-1.458271515	1.458271515	-1.467510773	1.467510773	-1.486045284	1.486045284	-1.48774681	1.48774681	-1.492382236	1.492382236	1.503143223	-1.503143223	-1.519409886	1.519409886	-1.521355709	1.521355709	-1.530667696	1.530667696	-1.542989164	1.542989164	1.564054581	-1.564054581	1.591545413	-1.591545413	1.613334687	-1.613334687	1.619577415	-1.619577415	-1.628689255	1.628689255	-1.636304446	1.636304446	-1.655810146	1.655810146	1.659471053	-1.659471053	-1.733502425	1.733502425	1.754290722	-1.754290722	1.778924334	-1.778924334	-1.794126666	1.794126666	1.82272248	-1.82272248	1.825764831	-1.825764831	-1.830602416	1.830602416	-1.847085251	1.847085251	-1.862203764	1.862203764	-1.87126955	1.87126955	-1.888888791	1.888888791	-1.892683629	1.892683629	-1.903384393	1.903384393	1.913602719	-1.913602719	-1.940622369	1.940622369	
-0.47	0.06910968757	-0.06910968757	-0.14223117	0.14223117	-0.2028661875	0.2028661875	0.2120045548	-0.2120045548	-0.230623831	0.230623831	0.2729586426	-0.2729586426	0.314582544	-0.314582544	0.3616133023	-0.3616133023	-0.4461895822	0.4461895822	-0.5704815233	0.5704815233	0.6103566617	-0.6103566617	-0.6151705657	0.6151705657	0.6254663916	-0.6254663916	-0.7297654679	0.7297654679	0.7423212287	-0.7423212287	0.765053145	-0.765053145	-0.7716504134	0.7716504134	0.7834608877	-0.7834608877	0.7874058116	-0.7874058116	-0.7902494971	0.7902494971	-0.8251809344	0.8251809344	-0.8502611387	0.8502611387	0.8508277571	-0.8508277571	-0.8532580293	0.8532580293	-0.8943166678	0.8943166678	0.90039247	-0.90039247	0.9150258883	-0.9150258884	0.9689135329	-0.9689135329	0.9769635647	-0.9769635647	-0.9976190456	0.9976190456	1.005551843	-1.005551843	-1.018074349	1.018074349	1.113098146	-1.113098146	1.120225236	-1.120225236	1.126369248	-1.126369248	-1.139355439	1.139355439	-1.195841939	1.195841939	1.195917004	-1.195917004	-1.22312571	1.22312571	-1.232749998	1.232749998	1.235160081	-1.235160081	1.239028504	-1.239028504	-1.24609018	1.24609018	-1.265670693	1.265670693	-1.279221925	1.279221925	1.280031322	-1.280031322	1.285045586	-1.285045586	-1.3364492	1.3364492	-1.339718923	1.339718923	1.364877319	-1.364877319	1.368747056	-1.368747056	-1.372880033	1.372880033	-1.404392523	1.404392523	1.41466408	-1.41466408	1.42031786	-1.42031786	1.438417561	-1.438417561	1.457468204	-1.457468204	-1.457988582	1.457988583	1.467446404	-1.467446404	1.485969718	-1.485969718	1.487722059	-1.487722059	-1.492005071	1.492005071	1.503467068	-1.503467068	-1.518305862	1.518305862	-1.521018706	1.521018706	1.530817278	-1.530817278	-1.541955108	1.541955108	1.563592317	-1.563592317	1.590195458	-1.590195458	1.613318214	-1.613318214	1.61882267	-1.61882267	1.628678675	-1.628678675	-1.636229798	1.636229798	1.655901851	-1.655901851	1.658980173	-1.658980173	1.733192736	-1.733192736	1.75452979	-1.75452979	1.777789253	-1.777789253	1.794136603	-1.794136603	1.822743995	-1.822743995	1.825765538	-1.825765538	1.830888705	-1.830888705	1.847110458	-1.847110458	-1.862106814	1.862106814	1.871886404	-1.871886404	1.889299863	-1.889299863	-1.89317926	1.89317926	-1.902534546	1.902534546	-1.913823608	1.913823608	-1.940653811	1.940653811	
-0.46	0.0655722961	-0.0655722961	-0.1493384215	0.1493384215	-0.2114506478	0.2114506478	-0.22059066	0.22059066	0.2385768248	-0.2385768248	-0.2695559974	0.2695559974	0.3228623186	-0.3228623186	-0.3698466075	0.3698466075	0.4497315137	-0.4497315137	0.5784297409	-0.5784297409	-0.6132047799	0.6132047799	-0.6222834279	0.6222834279	0.6333603416	-0.6333603416	0.7257539109	-0.7257539109	0.7499017042	-0.7499017042	-0.7648902388	0.7648902388	0.7716518944	-0.7716518944	-0.7840069883	0.7840069883	0.7915467097	-0.7915467097	0.7984216695	-0.7984216695	-0.8247833499	0.8247833499	0.8476542051	-0.8476542051	-0.8498708291	0.8498708291	-0.8502762964	0.8502762964	-0.8906906794	0.8906906794	-0.8995897601	0.8995897601	0.9115737027	-0.9115737027	0.9689131261	-0.9689131261	0.9732346107	-0.9732346107	-0.9976441042	0.9976441042	-1.005215889	1.005215889	1.017638481	-1.017638481	-1.113085626	1.113085626	1.12013121	-1.12013121	-1.129208159	1.129208159	1.137029917	-1.137029917	1.192035516	-1.192035516	-1.193830011	1.193830011	-1.223066849	1.223066849	1.232535734	-1.232535734	1.233585958	-1.233585958	-1.239249484	1.239249484	1.245761165	-1.245761165	1.264353617	-1.264353617	-1.279055313	1.279055313	-1.280022878	1.280022878	-1.285036134	1.285036134	1.33483613	-1.33483613	-1.339302757	1.339302757	-1.3648829	1.3648829	1.369070558	-1.369070558	1.370982379	-1.370982379	1.404792111	-1.404792111	-1.413943262	1.413943262	-1.416743934	1.416743934	-1.4348608	1.4348608	1.457389734	-1.457389734	-1.457702402	1.457702402	1.467390048	-1.467390048	1.485887683	-1.485887683	1.487696213	-1.487696213	-1.491648805	1.491648805	1.503795058	-1.503795058	-1.517207338	1.517207338	-1.520687037	1.520687037	1.530971971	-1.530971971	-1.540927977	1.540927977	1.563129471	-1.563129471	1.588845511	-1.588845511	-1.613301839	1.613301839	1.618087156	-1.618087156	1.628669895	-1.628669895	-1.636156608	1.636156608	-1.655994309	1.655994309	1.658491387	-1.658491387	1.73288226	-1.73288226	-1.754765799	1.754765799	-1.776660525	1.776660525	1.794146062	-1.794146062	1.822762797	-1.822762797	-1.825765847	1.825765847	1.831179638	-1.831179638	1.847136109	-1.847136109	-1.862010035	1.862010035	1.872500136	-1.872500136	1.889706762	-1.889706762	-1.893674585	1.893674585	-1.901701291	1.901701291	1.914033947	-1.914033947	-1.940685129	1.94068513	
-0.45	-0.06203805392	0.06203805392	-0.1564346103	0.1564346103	0.2200027444	-0.2200027444	0.2291479535	-0.2291479535	-0.2465139774	0.2465139774	0.2661533733	-0.2661533733	0.3311084607	-0.3311084607	0.3780570394	-0.3780570394	0.4532702352	-0.4532702352	0.5863520764	-0.5863520764	-0.6160348346	0.6160348346	-0.6293888532	0.6293888532	-0.6411833352	0.6411833352	-0.7216744913	0.7216744913	0.7573366395	-0.7573366395	-0.7647180219	0.7647180219	-0.7716526693	0.7716526693	-0.780608209	0.780608209	0.7994053429	-0.7994053429	0.8063096104	-0.8063096104	-0.8243730337	0.8243730337	0.8447118807	-0.8447118808	0.8465680978	-0.8465680978	-0.8502885287	0.8502885287	-0.887021811	0.887021811	-0.8987981242	0.8987981242	0.9081095249	-0.9081095249	-0.9689127342	0.9689127342	0.9695018678	-0.9695018678	-0.9976722723	0.9976722723	-1.004885601	1.004885601	-1.017214541	1.017214541	-1.113070685	1.113070685	-1.120035375	1.120035375	-1.132033951	1.132033951	1.134620942	-1.134620942	-1.188067065	1.188067065	-1.191718744	1.191718744	-1.223013989	1.223013989	1.231852515	-1.231852515	1.232320121	-1.232320121	-1.239470445	1.239470445	1.245450514	-1.245450514	1.263130863	-1.263130863	-1.278879612	1.278879612	-1.280014952	1.280014952	-1.285027631	1.285027631	1.333245093	-1.333245093	-1.338873217	1.338873217	-1.364880063	1.364880063	-1.369113209	1.369113209	-1.36939464	1.36939464	1.405185862	-1.405185862	1.413105786	-1.413105786	-1.413225612	1.413225612	1.431240166	-1.431240166	-1.457307215	1.457307215	-1.457413213	1.457413213	-1.467341682	1.467341682	-1.485798631	1.485798631	-1.487669351	1.487669351	-1.491313792	1.491313792	1.504127218	-1.504127218	-1.516116034	1.516116034	-1.52036097	1.52036097	-1.531130752	1.531130752	-1.539908775	1.539908775	1.562666595	-1.562666595	-1.587496451	1.587496451	-1.613285562	1.613285562	1.617371807	-1.617371807	-1.628662518	1.628662518	-1.63608491	1.63608491	-1.656087436	1.656087436	1.658005059	-1.658005059	-1.732571303	1.732571303	-1.754998581	1.754998581	1.775539507	-1.775539507	-1.794155046	1.794155046	1.822779393	-1.822779393	1.825765742	-1.825765742	1.831473908	-1.831473908	-1.847162147	1.847162147	-1.861913522	1.861913522	1.873109796	-1.873109796	-1.89010718	1.89010718	-1.894169169	1.894169169	1.900887601	-1.900887601	-1.914233844	1.914233844	-1.940716268	1.940716268	
-0.44	0.05850715751	-0.05850715752	0.1635194476	-0.1635194476	0.228521152	-0.228521152	0.2376752375	-0.2376752375	-0.2544347477	0.2544347477	-0.2627509815	0.2627509815	0.3393192763	-0.3393192763	-0.3862435717	0.3862435717	0.45680556	-0.45680556	-0.594246021	0.594246021	0.6188502061	-0.6188502061	0.6364827092	-0.6364827092	0.6489286227	-0.6489286227	0.7175347406	-0.7175347406	0.7645362772	-0.7645362772	0.7645880364	-0.7645880364	0.7716532183	-0.7716532183	0.7772096776	-0.7772096776	0.8068809904	-0.8068809904	0.8136293699	-0.8136293699	-0.8239499197	0.8239499197	0.8423049619	-0.8423049619	-0.8434771009	0.8434771009	0.850302181	-0.850302181	0.8833406868	-0.8833406868	-0.8980041799	0.8980041799	0.9046473185	-0.9046473185	-0.9657776007	0.9657776007	0.968912346	-0.968912346	-0.9977023689	0.9977023689	1.004561212	-1.004561212	1.016802571	-1.016802571	1.113052609	-1.113052609	-1.119935564	1.119935564	-1.132130597	1.132130597	-1.134846282	1.134846282	-1.184017673	1.184017673	-1.189506057	1.189506057	-1.222963542	1.222963542	1.229957711	-1.229957711	1.232103383	-1.232103383	1.239690499	-1.239690499	1.24515684	-1.24515684	-1.262005453	1.262005453	1.278694269	-1.278694269	1.280007495	-1.280007495	-1.28501997	1.28501997	-1.331678418	1.331678418	1.338430238	-1.338430238	1.364849969	-1.364849969	1.367293997	-1.367293997	1.369718685	-1.369718685	1.405570464	-1.405570464	1.409404562	-1.409404562	1.412514231	-1.412514231	1.427557343	-1.427557343	1.457121317	-1.457121317	-1.457220748	1.457220748	-1.467301283	1.467301283	1.485702074	-1.485702074	1.487641544	-1.487641544	1.491000292	-1.491000292	1.504463585	-1.504463585	-1.515033413	1.515033413	1.520040761	-1.520040761	1.531292826	-1.531292826	-1.538898491	1.538898491	1.562204241	-1.562204241	1.586149132	-1.586149132	1.613269388	-1.613269388	1.616677396	-1.616677396	-1.628656253	1.628656253	1.636014735	-1.636014735	1.656181145	-1.656181145	1.657521535	-1.657521535	1.732260177	-1.732260177	1.755227977	-1.755227977	1.774427479	-1.774427479	1.794163557	-1.794163557	1.822794208	-1.822794208	1.825765212	-1.825765212	1.831770352	-1.831770352	1.84718852	-1.84718852	1.861817369	-1.861817369	1.8737144	-1.8737144	1.890497893	-1.890497893	-1.894662586	1.894662586	-1.900097391	1.900097391	1.914423422	-1.914423422	-1.940747173	1.940747173	
-0.43	-0.05497981354	0.05497981354	0.1705926469	-0.1705926469	-0.2370045049	0.2370045049	0.2461712926	-0.2461712926	-0.2593488294	0.2593488294	0.2623388191	-0.2623388191	-0.3474929906	0.3474929906	0.39440516	-0.39440516	-0.4603372867	0.4603372867	-0.6021082333	0.6021082333	0.6216513628	-0.6216513628	-0.6435637229	0.6435637229	0.656588333	-0.656588333	0.7133393518	-0.7133393518	0.764344588	-0.764344588	0.7716052848	-0.7716052848	-0.7716536707	0.7716536707	-0.7738116119	0.7738116119	0.8136191862	-0.8136191862	-0.8196499403	0.8196499403	-0.8235139668	0.8235139668	-0.8409139019	0.8409139019	0.8411984955	-0.8411984955	-0.8503160119	0.8503160119	-0.8796834618	0.8796834618	-0.8971880914	0.8971880914	0.901219272	-0.901219272	-0.9620759869	0.9620759869	-0.968911951	0.968911951	0.9977336921	-0.9977336921	-1.004242935	1.004242935	1.016402591	-1.016402592	-1.113030303	1.113030303	-1.119827199	1.119827199	-1.129563799	1.129563799	-1.137644795	1.137644795	1.179892019	-1.179892019	-1.187190058	1.187190058	-1.22291301	1.22291301	1.227902799	-1.227902799	1.231885756	-1.231885756	-1.239908962	1.239908962	1.244878814	-1.244878814	1.260977216	-1.260977216	-1.278498705	1.278498705	-1.280000466	1.280000466	-1.285013064	1.285013064	1.33013829	-1.33013829	-1.3379738	1.3379738	-1.364633083	1.364633083	-1.365686615	1.365686615	-1.370042132	1.370042132	-1.40564149	1.40564149	-1.405940846	1.405940846	-1.411813646	1.411813646	-1.423814621	1.423814621	1.456827046	-1.456827046	1.457130463	-1.457130463	-1.467268812	1.467268812	1.485597622	-1.485597622	-1.487612865	1.487612865	1.490708441	-1.490708441	1.504804207	-1.504804207	-1.51396076	1.51396076	-1.519726644	1.519726644	1.531457547	-1.531457547	1.537898097	-1.537898097	1.561742961	-1.561742961	1.584804378	-1.584804378	-1.613253322	1.613253322	1.616004569	-1.616004569	-1.628650884	1.628650884	-1.635946111	1.635946111	-1.656275344	1.656275344	1.657041141	-1.657041141	-1.731949199	1.731949199	-1.755453835	1.755453835	1.773325648	-1.773325648	-1.7941716	1.7941716	-1.822807594	1.822807594	-1.825764244	1.825764244	1.832067937	-1.832067937	-1.847215179	1.847215179	-1.861721674	1.861721674	1.874312911	-1.874312911	-1.890874234	1.890874234	-1.895154426	1.895154426	1.899336056	-1.899336056	1.914602819	-1.914602819	-1.940777791	1.940777791	
-0.42	-0.05145624232	0.05145624232	-0.1776539222	0.1776539222	-0.2454513901	0.2454513901	-0.2546348713	0.2546348713	-0.2559475835	0.2559475835	-0.2702252376	0.2702252376	-0.3556277343	0.3556277343	0.4025407347	-0.4025407347	-0.4638651975	0.4638651975	0.6099340369	-0.6099340369	-0.6244382245	0.6244382245	-0.650631109	0.650631109	-0.6641532137	0.6641532137	-0.709093683	0.709093683	0.7641424639	-0.7641424639	0.7704142221	-0.7704142221	-0.7716540783	0.7716540783	0.7783091377	-0.7783091377	0.8187715121	-0.8187715121	-0.8229761713	0.8229761713	-0.8230651132	0.8230651132	0.8396551284	-0.8396551284	-0.8428478769	0.8428478769	-0.8503299717	0.8503299717	-0.8761084935	0.8761084935	-0.8962254275	0.8962254275	-0.8979739261	0.8979739261	0.9584139805	-0.9584139805	0.9689115395	-0.9689115395	-0.9977657935	0.9977657935	1.003930968	-1.003930968	-1.016014606	1.016014606	-1.113001947	1.113001947	-1.119698891	1.119698891	1.126933035	-1.126933035	1.140429117	-1.140429117	1.175693983	-1.175693983	-1.184769056	1.184769056	-1.222860561	1.222860561	1.225691949	-1.225691949	-1.231667474	1.231667474	-1.240125291	1.240125291	1.244615156	-1.244615156	1.260043186	-1.260043186	-1.278292307	1.278292307	-1.279993827	1.279993827	-1.285006849	1.285006849	-1.328626752	1.328626752	-1.337503938	1.337503938	1.363388902	-1.363388902	-1.36513361	1.36513361	1.370364462	-1.370364462	1.401817903	-1.401817903	-1.40628811	1.40628811	-1.411131036	1.411131036	1.420015739	-1.420015739	-1.456530747	1.456530747	-1.457036516	1.457036516	-1.467244212	1.467244212	1.485485019	-1.485485019	1.487583382	-1.487583382	-1.490438219	1.490438219	1.505149134	-1.505149134	1.512899235	-1.512899235	-1.519418837	1.519418837	1.531624374	-1.531624374	-1.536908549	1.536908549	1.561283303	-1.561283303	1.583462989	-1.583462989	-1.613237374	1.613237374	-1.615353865	1.615353865	-1.628646246	1.628646246	-1.635879064	1.635879064	-1.65636994	1.65636994	1.656564184	-1.656564184	1.731638687	-1.731638687	1.755676012	-1.755676012	1.772235154	-1.772235154	1.794179179	-1.794179179	-1.822819848	1.822819848	-1.825762825	1.825762825	1.832365737	-1.832365737	1.847242077	-1.847242077	-1.86162653	1.86162653	-1.874904238	1.874904238	1.8912292	-1.8912292	-1.895644286	1.895644286	-1.898611372	1.898611372	1.914772186	-1.914772186	-1.940808071	1.940808071	
-0.41	0.04793668064	-0.04793668064	-0.1847029864	0.1847029864	-0.2525471487	0.2525471487	0.2538603426	-0.2538603426	0.2630646913	-0.2630646913	-0.2780938301	0.2780938301	0.3637215277	-0.3637215277	0.4106491941	-0.4106491941	-0.4673890565	0.4673890565	0.6177165023	-0.6177165023	0.6272105358	-0.6272105358	-0.6576841844	0.6576841844	0.6716123032	-0.6716123032	0.704805129	-0.704805129	0.7639293786	-0.7639293786	0.7670177787	-0.7670177787	0.7716544688	-0.7716544688	0.7845638272	-0.7845638272	0.8209562969	-0.8209562969	0.8226033981	-0.8226033981	0.8232380553	-0.8232380553	0.8409384922	-0.8409384922	0.8477360931	-0.8477360932	-0.8503440352	0.8503440352	-0.8727283366	0.8727283366	0.8940405196	-0.8940405196	0.8960309047	-0.8960309047	0.9548122387	-0.9548122387	0.9689111021	-0.9689111021	-0.9977983685	0.9977983685	-1.003625492	1.003625492	1.015638598	-1.015638598	1.112964116	-1.112964116	1.119513782	-1.119513782	1.124277851	-1.124277851	-1.143198857	1.143198857	-1.171426992	1.171426992	-1.182241581	1.182241581	-1.222804784	1.222804784	1.223331653	-1.223331653	1.231448745	-1.231448745	1.240339046	-1.240339046	1.244364631	-1.244364631	1.259198223	-1.259198223	1.27807443	-1.27807443	-1.279987544	1.279987544	-1.28500127	1.28500127	1.327145702	-1.327145702	-1.337020743	1.337020743	1.361683973	-1.361683973	1.36507015	-1.36507015	1.37068519	-1.37068519	-1.39793526	1.39793526	-1.406594317	1.406594317	1.410478145	-1.410478145	1.416169206	-1.416169206	-1.456232777	1.456232777	1.456939092	-1.456939092	-1.467227409	1.467227409	-1.485364179	1.485364179	1.487553159	-1.487553159	1.490189413	-1.490189413	1.505498419	-1.505498419	1.511849899	-1.511849899	-1.519117538	1.519117538	1.531792841	-1.531792841	1.535930789	-1.535930789	1.56082581	-1.56082581	1.582125737	-1.582125737	1.613221552	-1.613221552	-1.614725739	1.614725739	-1.628642212	1.628642212	-1.635813615	1.635813615	1.656090953	-1.656090953	-1.656464835	1.656464835	1.731328966	-1.731328966	-1.755894373	1.755894373	1.771157074	-1.771157074	1.794186299	-1.794186299	1.822831214	-1.822831214	1.825760944	-1.825760944	-1.832662925	1.832662925	1.847269169	-1.847269169	-1.861532033	1.861532033	-1.875487215	1.875487215	-1.891551983	1.891551983	1.896131777	-1.896131777	-1.897934976	1.897934976	1.914931686	-1.914931686	-1.940837963	1.940837963	
-0.4	0.04442138446	-0.04442138446	0.1917395509	-0.1917395509	0.2491478724	-0.2491478724	0.2622298247	-0.2622298247	0.2714594283	-0.2714594283	-0.2859440138	0.2859440138	0.371772263	-0.371772263	0.418729397	-0.418729397	0.470908607	-0.470908607	0.6254446523	-0.6254446523	0.6299679626	-0.6299679626	-0.6647222545	0.6647222545	0.6789525155	-0.6789525155	0.7004850278	-0.7004850278	-0.7636225388	0.7636225388	0.7637047876	-0.7637047876	0.771654861	-0.771654861	0.7901191983	-0.7901191983	0.820043874	-0.820043874	0.8220615436	-0.8220615436	-0.8221301058	0.8221301058	0.84457214	-0.84457214	-0.8503581724	0.8503581724	0.8544596748	-0.8544596748	0.8697925454	-0.8697925454	0.8909831627	-0.8909831627	0.8951260938	-0.8951260938	0.9512962223	-0.9512962223	0.9689106296	-0.9689106296	-0.9978311997	0.9978311997	1.003326671	-1.003326671	1.015274532	-1.015274532	1.112909068	-1.112909068	1.119090274	-1.119090274	1.121786789	-1.121786789	-1.145953606	1.145953606	1.167094272	-1.167094272	1.179606402	-1.179606402	1.220830025	-1.220830025	-1.222744545	1.222744545	1.231229746	-1.231229746	-1.240549862	1.240549862	1.244126041	-1.244126041	1.25843574	-1.25843574	1.277844389	-1.277844389	-1.27998159	1.27998159	1.284996281	-1.284996281	1.325696887	-1.325696887	-1.336524373	1.336524373	1.35995595	-1.35995595	-1.365059934	1.365059934	1.371003859	-1.371003859	1.39399517	-1.39399517	1.406816019	-1.406816019	1.40986246	-1.40986246	1.412313618	-1.412313618	-1.455933495	1.455933495	-1.456838395	1.456838395	-1.467218306	1.467218306	1.485235213	-1.485235213	1.487522257	-1.487522257	-1.489961603	1.489961603	1.505852112	-1.505852112	-1.510813733	1.510813733	1.518822926	-1.518822926	1.531962538	-1.531962538	-1.534965746	1.534965746	1.560371017	-1.560371017	1.580793369	-1.580793369	1.613205867	-1.613205867	1.614120574	-1.614120574	-1.628638681	1.628638681	1.635749785	-1.635749785	1.655621714	-1.655621714	1.656559928	-1.656559928	1.731020361	-1.731020361	1.756108791	-1.756108791	-1.770092426	1.770092426	-1.794192964	1.794192964	-1.822841897	1.822841897	-1.825758588	1.825758588	1.832958759	-1.832958759	-1.847296414	1.847296414	-1.861438278	1.861438278	1.876060585	-1.876060585	1.891825729	-1.891825729	1.89661652	-1.89661652	1.897324633	-1.897324633	1.915081498	-1.915081498	1.94086742	-1.94086742	
-0.39	-0.04091063162	0.04091063162	-0.1987633249	0.1987633249	-0.2457500396	0.2457500396	0.2705582407	-0.2705582407	0.2798177086	-0.2798177086	-0.2937752792	0.2937752792	-0.3797776848	0.3797776848	0.4267801538	-0.4267801538	-0.4744235697	0.4744235697	-0.6327101244	0.6327101244	-0.6330996474	0.6330996474	-0.6717445561	0.6717445561	0.6861581136	-0.6861581136	-0.6961525071	0.6961525071	-0.7602287927	0.7602287927	-0.7634681446	0.7634681446	-0.7716552707	0.7716552707	0.7945098709	-0.7945098709	0.8174266105	-0.8174266105	0.8209683014	-0.8209683014	-0.8216444241	0.8216444242	0.8484193688	-0.8484193688	-0.8503723164	0.8503723164	0.8619283728	-0.8619283728	-0.8678769556	0.8678769556	0.8881648497	-0.8881648497	0.8943352947	-0.8943352947	0.9478975332	-0.9478975332	-0.9689101132	0.9689101132	-0.9978641251	0.9978641251	-1.003034655	1.003034655	1.014922357	-1.014922357	-1.112813177	1.112813177	-1.117607659	1.117607659	-1.120303226	1.120303226	-1.148692929	1.148692929	-1.162699073	1.162699073	-1.176862536	1.176862536	-1.218196154	1.218196154	-1.222678891	1.222678891	1.231010605	-1.231010605	1.240757431	-1.240757431	1.243898219	-1.243898219	-1.257748381	1.257748381	1.277601458	-1.277601458	-1.279975936	1.279975936	1.284991843	-1.284991843	1.324281897	-1.324281897	-1.336015054	1.336015054	1.358246178	-1.358246178	-1.365062551	1.365062551	-1.37132003	1.37132003	-1.389999419	1.389999419	-1.406747456	1.406747456	1.408318447	-1.408318447	1.409623271	-1.409623271	-1.45563326	1.45563326	-1.45673465	1.45673465	-1.467216786	1.467216786	1.48509844	-1.48509844	1.487490736	-1.487490736	-1.489754141	1.489754141	1.506210258	-1.506210258	1.509791656	-1.509791656	-1.518535163	1.518535163	1.532133096	-1.532133096	-1.534014337	1.534014337	-1.559919451	1.559919451	-1.579466606	1.579466606	-1.613190331	1.613190331	-1.613538687	1.613538687	-1.628635575	1.628635575	-1.635687591	1.635687591	1.655156721	-1.655156721	-1.656655117	1.656655117	1.730713203	-1.730713203	-1.756319146	1.756319146	-1.769042174	1.769042174	1.79419918	-1.79419918	-1.822852071	1.822852071	-1.825755746	1.825755746	1.833252567	-1.833252567	-1.847323772	1.847323772	-1.861345358	1.861345358	1.876622975	-1.876622975	1.892024978	-1.892024978	-1.896806818	1.896806818	-1.897098142	1.897098142	1.915221809	-1.915221809	-1.940896395	1.940896395	
-0.38	0.03740472478	-0.03740472478	-0.2057740152	0.2057740152	-0.2423539648	0.2423539648	-0.2788439047	0.2788439047	-0.2881381001	0.2881381001	0.3015871221	-0.3015871221	0.3877353675	-0.3877353675	-0.4348002179	0.4348002179	0.4779336394	-0.4779336394	-0.6354366061	0.6354366061	-0.640645766	0.640645766	-0.6787502094	0.6787502094	-0.6918435107	0.6918435107	0.693210042	-0.693210042	-0.7568368558	0.7568368558	0.763218921	-0.763218921	0.7716557144	-0.7716557144	-0.7970356901	0.7970356901	-0.8140501926	0.8140501926	-0.8210569267	0.8210569267	-0.8211465431	0.8211465431	0.8502645227	-0.8502645227	-0.8503869629	0.8503869629	-0.8678138349	0.8678138349	-0.8697018845	0.8697018845	-0.8861296371	0.8861296371	0.8935730168	-0.8935730168	0.944655518	-0.944655518	0.9689095434	-0.9689095434	-0.997897019	0.997897019	1.002749578	-1.002749578	-1.014582004	1.014582004	-1.112552204	1.112552204	1.115137119	-1.115137119	-1.11987895	1.11987895	1.151416365	-1.151416365	1.158244911	-1.158244911	-1.174009265	1.174009265	1.215439573	-1.215439573	-1.22260699	1.22260699	-1.230791395	1.230791395	1.240961491	-1.240961491	-1.243680029	1.243680029	-1.257128577	1.257128577	1.277344871	-1.277344871	-1.279970559	1.279970559	-1.284987924	1.284987924	-1.322902155	1.322902155	-1.335493094	1.335493094	-1.356563041	1.356563041	-1.365070054	1.365070054	1.371633276	-1.371633276	-1.385950006	1.385950006	1.404007114	-1.404007114	-1.407026171	1.407026171	-1.409303062	1.409303062	-1.455332429	1.455332429	1.456628095	-1.456628095	1.467222713	-1.467222713	1.484954386	-1.484954386	1.487458649	-1.487458649	-1.48956617	1.48956617	1.506572891	-1.506572891	-1.508784527	1.508784527	-1.518254396	1.518254396	1.532304184	-1.532304184	-1.533077467	1.533077467	1.559471626	-1.559471626	1.578146146	-1.578146146	1.612980341	-1.612980341	1.613174955	-1.613174955	-1.628632829	1.628632829	-1.635627048	1.635627048	1.654696205	-1.654696205	-1.656750294	1.656750294	1.730407824	-1.730407824	1.756525325	-1.756525325	-1.768007233	1.768007233	1.794204951	-1.794204951	-1.82286188	1.82286188	-1.825752409	1.825752409	1.833543743	-1.833543743	1.847351204	-1.847351204	-1.861253366	1.861253366	1.877172858	-1.877172858	1.892115878	-1.892115878	1.896416535	-1.896416535	-1.897576283	1.897576283	1.915352819	-1.915352819	-1.940924849	1.940924849	
-0.37	-0.03390399472	0.03390399472	0.2127713258	-0.2127713258	-0.2389599884	0.2389599884	0.2870850404	-0.2870850404	0.296419104	-0.296419104	0.3093790394	-0.3093790394	0.3956426904	-0.3956426904	-0.442788274	0.442788274	0.4814384821	-0.4814384821	-0.6381469636	0.6381469636	-0.6480059597	0.6480059597	0.6857381595	-0.6857381595	-0.6876352377	0.6876352377	-0.7000850889	0.7000850889	0.7534470718	-0.7534470718	-0.7629566355	0.7629566355	0.7716562109	-0.7716562109	0.7972552774	-0.7972552774	0.8102973022	-0.8102973022	-0.8206370232	0.8206370232	0.8228920967	-0.8228920967	0.8493885839	-0.8493885839	-0.8504018999	0.8504018999	0.868912213	-0.868912213	0.8776053219	-0.8776053219	0.8859435966	-0.8859435966	0.8928262047	-0.8928262047	0.9416190889	-0.9416190889	0.9689089108	-0.9689089108	-0.9979297812	0.9979297812	1.00247156	-1.00247156	1.014253388	-1.014253388	-1.111182241	1.111182241	1.113434649	-1.113434649	-1.119700022	1.119700022	1.153735909	-1.153735909	-1.154123407	1.154123407	-1.171046152	1.171046152	-1.212569895	1.212569895	-1.222528086	1.222528086	1.230572122	-1.230572122	-1.241161814	1.241161814	1.24347036	-1.24347036	1.25656896	-1.25656896	1.277073816	-1.277073816	-1.279965439	1.279965439	-1.284984494	1.284984494	1.321558907	-1.321558907	-1.33495888	1.33495888	1.354908956	-1.354908956	-1.365079863	1.365079863	-1.371943156	1.371943156	1.3818492	-1.3818492	-1.400008391	1.400008391	1.406617266	-1.406617266	1.409311946	-1.409311946	1.455031355	-1.455031355	1.456518984	-1.456518984	1.467235934	-1.467235934	1.484803761	-1.484803761	1.487426048	-1.487426048	-1.489396638	1.489396638	1.506940033	-1.506940033	-1.507793155	1.507793155	-1.517980756	1.517980756	1.532156037	-1.532156037	1.532475497	-1.532475497	1.559028044	-1.559028044	1.576832662	-1.576832662	1.612445748	-1.612445748	-1.613159754	1.613159754	-1.628630392	1.628630392	-1.635568169	1.635568169	1.654240382	-1.654240382	1.65684535	-1.65684535	1.730104559	-1.730104559	1.756727222	-1.756727222	-1.766988467	1.766988467	-1.794210285	1.794210285	1.822871448	-1.822871448	1.825748567	-1.825748567	1.833831738	-1.833831738	-1.847378672	1.847378672	-1.861162394	1.861162394	-1.877708514	1.877708514	1.892066439	-1.892066439	1.896187112	-1.896187112	-1.898050585	1.898050585	1.915474739	-1.915474739	-1.94095274	1.94095274	
-0.36	-0.03040880404	0.03040880404	-0.2197549575	0.2197549575	0.2355684822	-0.2355684822	0.2952797663	-0.2952797663	0.3046591437	-0.3046591437	-0.3171505282	0.3171505282	-0.4034968076	0.4034968076	-0.4507429264	0.4507429264	-0.4849377313	0.4849377313	-0.6408407241	0.6408407241	-0.6549832753	0.6549832753	-0.6837247086	0.6837247086	-0.6927070913	0.6927070913	0.7067548473	-0.7067548473	-0.7500598169	0.7500598169	-0.7626809023	0.7626809023	0.7716567843	-0.7716567843	0.7955736516	-0.7955736516	-0.8063243121	0.8063243121	-0.8201163772	0.8201163772	-0.8260846824	0.8260846824	-0.846878128	0.846878128	-0.8504160697	0.8504160697	-0.8688189556	0.8688189556	-0.8855596157	0.8855596157	-0.8887522628	0.8887522628	-0.8920917063	0.8920917063	0.9388485703	-0.9388485703	-0.9689082057	0.9689082057	-0.9979623299	0.9979623299	-1.002200709	1.002200709	-1.013936408	1.013936408	-1.10832925	1.10832925	-1.113055739	1.113055739	-1.119582083	1.119582083	-1.149177323	1.149177323	-1.156813452	1.156813452	-1.167973099	1.167973099	1.20959659	-1.20959659	-1.222441469	1.222441469	1.230352717	-1.230352717	-1.241358203	1.241358203	1.24326812	-1.24326812	1.256062619	-1.256062619	-1.276787437	1.276787437	-1.279960556	1.279960556	1.284981528	-1.284981528	1.320253201	-1.320253201	-1.334412891	1.334412891	1.353284106	-1.353284106	-1.365090876	1.365090876	-1.372249088	1.372249088	1.377699705	-1.377699705	1.395907167	-1.395907167	-1.406096898	1.406096898	-1.409493556	1.409493556	-1.454730387	1.454730387	1.456407577	-1.456407577	-1.467256278	1.467256278	-1.484647419	1.484647419	1.487392981	-1.487392981	-1.489244345	1.489244345	-1.506818307	1.506818307	-1.507311683	1.507311683	-1.517714359	1.517714359	1.531250944	-1.531250944	-1.532646758	1.532646758	-1.55858919	1.55858919	1.575526804	-1.575526804	-1.611935076	1.611935076	-1.613144739	1.613144739	-1.628628219	1.628628219	-1.635510966	1.635510966	1.653789453	-1.653789453	-1.656940172	1.656940172	-1.729803746	1.729803746	-1.756924739	1.756924739	1.765986698	-1.765986698	-1.794215185	1.794215185	1.822880881	-1.822880881	1.825744211	-1.825744211	-1.83411605	1.83411605	1.847406141	-1.847406141	-1.861072532	1.861072532	-1.878227964	1.878227964	1.891868008	-1.891868008	1.896128783	-1.896128783	-1.8985207	1.8985207	-1.915587793	1.915587793	-1.940980035	1.940980035	
-0.35	0.02691955137	-0.02691955137	0.2267246079	-0.2267246079	0.2321798536	-0.2321798536	0.3034260822	-0.3034260822	0.3128565536	-0.3128565536	0.3249010849	-0.3249010849	0.4112946148	-0.4112946148	0.4586626835	-0.4586626835	-0.4884309836	0.4884309836	0.643517387	-0.643517387	0.6609658439	-0.6609658439	-0.6807237571	0.6807237571	0.699655295	-0.699655295	0.7131844644	-0.7131844644	0.7466755036	-0.7466755036	0.762391511	-0.762391511	0.7716574665	-0.7716574665	0.7927313784	-0.7927313784	0.8022035552	-0.8022035552	0.8195851761	-0.8195851761	0.8298590027	-0.8298590027	0.8436641018	-0.8436641018	0.8504304501	-0.8504304501	0.8671044181	-0.8671044181	0.8913687656	-0.8913687656	0.8935236804	-0.8935236804	0.8940197738	-0.8940197738	0.9364171162	-0.9364171162	0.9689074174	-0.9689074174	0.9979945972	-0.9979945972	1.001937118	-1.001937118	1.013630948	-1.013630948	1.105129579	-1.105129579	-1.112896494	1.112896494	-1.119487794	1.119487794	1.144576496	-1.144576496	1.159485367	-1.159485367	-1.164790771	1.164790771	1.206528897	-1.206528897	-1.222346449	1.222346449	1.23013303	-1.23013303	1.241550481	-1.241550481	1.243072236	-1.243072236	1.255603245	-1.255603245	1.276484834	-1.276484834	1.279955892	-1.279955892	-1.284979002	1.284979002	1.318985874	-1.318985874	-1.333855701	1.333855701	1.351687185	-1.351687185	1.365102519	-1.365102519	1.372546677	-1.372546677	1.373508381	-1.373508381	1.391753049	-1.391753049	1.405509306	-1.405509306	1.40975964	-1.40975964	1.454429867	-1.454429867	-1.456294141	1.456294141	-1.467283561	1.467283561	1.484486319	-1.484486319	1.487359494	-1.487359494	-1.489107988	1.489107988	1.505860704	-1.505860704	1.507687818	-1.507687818	1.517455307	-1.517455307	1.530363086	-1.530363086	1.532817712	-1.532817712	1.558155535	-1.558155535	1.574229199	-1.574229199	1.611448456	-1.611448456	1.613129927	-1.613129927	1.628626277	-1.628626277	-1.635455449	1.635455449	1.6533436	-1.6533436	1.657034645	-1.657034645	1.729505723	-1.729505723	1.757117782	-1.757117782	1.765002706	-1.765002706	1.794219659	-1.794219659	1.822890268	-1.822890268	1.825739334	-1.825739334	1.834396222	-1.834396222	1.847433574	-1.847433574	-1.860983871	1.860983871	1.878728892	-1.878728892	-1.891545701	1.891545701	1.896218339	-1.896218339	1.898986283	-1.898986283	1.915692214	-1.915692214	1.941006702	-1.941006702	
